team,sponsor,stage,counterfactual,baseline_roi,counterfactual_roi,roi_delta,roi_ci_low,roi_ci_high,method,reason
Brazil,Adidas,group_or_knockout,player_absent,4.541,3.9961,-0.5449,3.6761,4.3161,SCM_synthetic_control_compatible_stress_test,Core player absence lowers attention and performance confidence.
Brazil,Adidas,group_or_knockout,media_surge,4.541,5.1767,0.6357,4.9167,5.4367,SCM_synthetic_control_compatible_stress_test,Paid and earned media surge increases upside but adds volatility.
Brazil,Adidas,group_or_knockout,budget_cut,4.541,4.2231,-0.3179,3.9431,4.5031,SCM_synthetic_control_compatible_stress_test,Budget cut weakens activation reach and conversion quality.
Brazil,Adidas,group_or_knockout,budget_increase,4.541,4.9043,0.3633,4.6343,5.1743,SCM_synthetic_control_compatible_stress_test,Higher spend can lift ROI when brand fit and attention are strong.
Brazil,Adidas,group_or_knockout,negative_news_shock,4.541,3.7236,-0.8174,3.3436,4.1036,SCM_synthetic_control_compatible_stress_test,Negative sentiment compresses conversion despite exposure.
Germany,Coca-Cola,group_or_knockout,player_absent,4.541,3.9961,-0.5449,3.6761,4.3161,SCM_synthetic_control_compatible_stress_test,Core player absence lowers attention and performance confidence.
Germany,Coca-Cola,group_or_knockout,media_surge,4.541,5.1767,0.6357,4.9167,5.4367,SCM_synthetic_control_compatible_stress_test,Paid and earned media surge increases upside but adds volatility.
Germany,Coca-Cola,group_or_knockout,budget_cut,4.541,4.2231,-0.3179,3.9431,4.5031,SCM_synthetic_control_compatible_stress_test,Budget cut weakens activation reach and conversion quality.
Germany,Coca-Cola,group_or_knockout,budget_increase,4.541,4.9043,0.3633,4.6343,5.1743,SCM_synthetic_control_compatible_stress_test,Higher spend can lift ROI when brand fit and attention are strong.
Germany,Coca-Cola,group_or_knockout,negative_news_shock,4.541,3.7236,-0.8174,3.3436,4.1036,SCM_synthetic_control_compatible_stress_test,Negative sentiment compresses conversion despite exposure.
Brazil,Adidas,group_or_knockout,player_absent,4.518,3.9758,-0.5422,3.6558,4.2958,SCM_synthetic_control_compatible_stress_test,Core player absence lowers attention and performance confidence.
Brazil,Adidas,group_or_knockout,media_surge,4.518,5.1505,0.6325,4.8905,5.4105,SCM_synthetic_control_compatible_stress_test,Paid and earned media surge increases upside but adds volatility.
Brazil,Adidas,group_or_knockout,budget_cut,4.518,4.2017,-0.3163,3.9217,4.4817,SCM_synthetic_control_compatible_stress_test,Budget cut weakens activation reach and conversion quality.
Brazil,Adidas,group_or_knockout,budget_increase,4.518,4.8794,0.3614,4.6094,5.1494,SCM_synthetic_control_compatible_stress_test,Higher spend can lift ROI when brand fit and attention are strong.
Brazil,Adidas,group_or_knockout,negative_news_shock,4.518,3.7048,-0.8132,3.3248,4.0848,SCM_synthetic_control_compatible_stress_test,Negative sentiment compresses conversion despite exposure.
Chile,Hisense,group_or_knockout,player_absent,4.518,3.9758,-0.5422,3.6558,4.2958,SCM_synthetic_control_compatible_stress_test,Core player absence lowers attention and performance confidence.
Chile,Hisense,group_or_knockout,media_surge,4.518,5.1505,0.6325,4.8905,5.4105,SCM_synthetic_control_compatible_stress_test,Paid and earned media surge increases upside but adds volatility.
Chile,Hisense,group_or_knockout,budget_cut,4.518,4.2017,-0.3163,3.9217,4.4817,SCM_synthetic_control_compatible_stress_test,Budget cut weakens activation reach and conversion quality.
Chile,Hisense,group_or_knockout,budget_increase,4.518,4.8794,0.3614,4.6094,5.1494,SCM_synthetic_control_compatible_stress_test,Higher spend can lift ROI when brand fit and attention are strong.
Chile,Hisense,group_or_knockout,negative_news_shock,4.518,3.7048,-0.8132,3.3248,4.0848,SCM_synthetic_control_compatible_stress_test,Negative sentiment compresses conversion despite exposure.
Brazil,Adidas,group_or_knockout,player_absent,4.475,3.938,-0.537,3.618,4.258,SCM_synthetic_control_compatible_stress_test,Core player absence lowers attention and performance confidence.
Brazil,Adidas,group_or_knockout,media_surge,4.475,5.1015,0.6265,4.8415,5.3615,SCM_synthetic_control_compatible_stress_test,Paid and earned media surge increases upside but adds volatility.
Brazil,Adidas,group_or_knockout,budget_cut,4.475,4.1617,-0.3133,3.8817,4.4417,SCM_synthetic_control_compatible_stress_test,Budget cut weakens activation reach and conversion quality.
Brazil,Adidas,group_or_knockout,budget_increase,4.475,4.833,0.358,4.563,5.103,SCM_synthetic_control_compatible_stress_test,Higher spend can lift ROI when brand fit and attention are strong.
Brazil,Adidas,group_or_knockout,negative_news_shock,4.475,3.6695,-0.8055,3.2895,4.0495,SCM_synthetic_control_compatible_stress_test,Negative sentiment compresses conversion despite exposure.
North Korea,Adidas,group_or_knockout,player_absent,4.475,3.938,-0.537,3.618,4.258,SCM_synthetic_control_compatible_stress_test,Core player absence lowers attention and performance confidence.
North Korea,Adidas,group_or_knockout,media_surge,4.475,5.1015,0.6265,4.8415,5.3615,SCM_synthetic_control_compatible_stress_test,Paid and earned media surge increases upside but adds volatility.
North Korea,Adidas,group_or_knockout,budget_cut,4.475,4.1617,-0.3133,3.8817,4.4417,SCM_synthetic_control_compatible_stress_test,Budget cut weakens activation reach and conversion quality.
North Korea,Adidas,group_or_knockout,budget_increase,4.475,4.833,0.358,4.563,5.103,SCM_synthetic_control_compatible_stress_test,Higher spend can lift ROI when brand fit and attention are strong.
North Korea,Adidas,group_or_knockout,negative_news_shock,4.475,3.6695,-0.8055,3.2895,4.0495,SCM_synthetic_control_compatible_stress_test,Negative sentiment compresses conversion despite exposure.
Netherlands,Hisense,group_or_knockout,player_absent,4.469,3.9327,-0.5363,3.6127,4.2527,SCM_synthetic_control_compatible_stress_test,Core player absence lowers attention and performance confidence.
Netherlands,Hisense,group_or_knockout,media_surge,4.469,5.0947,0.6257,4.8347,5.3547,SCM_synthetic_control_compatible_stress_test,Paid and earned media surge increases upside but adds volatility.
Netherlands,Hisense,group_or_knockout,budget_cut,4.469,4.1562,-0.3128,3.8762,4.4362,SCM_synthetic_control_compatible_stress_test,Budget cut weakens activation reach and conversion quality.
Netherlands,Hisense,group_or_knockout,budget_increase,4.469,4.8265,0.3575,4.5565,5.0965,SCM_synthetic_control_compatible_stress_test,Higher spend can lift ROI when brand fit and attention are strong.
Netherlands,Hisense,group_or_knockout,negative_news_shock,4.469,3.6646,-0.8044,3.2846,4.0446,SCM_synthetic_control_compatible_stress_test,Negative sentiment compresses conversion despite exposure.
Brazil,Adidas,group_or_knockout,player_absent,4.469,3.9327,-0.5363,3.6127,4.2527,SCM_synthetic_control_compatible_stress_test,Core player absence lowers attention and performance confidence.
Brazil,Adidas,group_or_knockout,media_surge,4.469,5.0947,0.6257,4.8347,5.3547,SCM_synthetic_control_compatible_stress_test,Paid and earned media surge increases upside but adds volatility.
Brazil,Adidas,group_or_knockout,budget_cut,4.469,4.1562,-0.3128,3.8762,4.4362,SCM_synthetic_control_compatible_stress_test,Budget cut weakens activation reach and conversion quality.
Brazil,Adidas,group_or_knockout,budget_increase,4.469,4.8265,0.3575,4.5565,5.0965,SCM_synthetic_control_compatible_stress_test,Higher spend can lift ROI when brand fit and attention are strong.
Brazil,Adidas,group_or_knockout,negative_news_shock,4.469,3.6646,-0.8044,3.2846,4.0446,SCM_synthetic_control_compatible_stress_test,Negative sentiment compresses conversion despite exposure.
Scotland,Adidas,group_or_knockout,player_absent,4.454,3.9195,-0.5345,3.5995,4.2395,SCM_synthetic_control_compatible_stress_test,Core player absence lowers attention and performance confidence.
Scotland,Adidas,group_or_knockout,media_surge,4.454,5.0776,0.6236,4.8176,5.3376,SCM_synthetic_control_compatible_stress_test,Paid and earned media surge increases upside but adds volatility.
Scotland,Adidas,group_or_knockout,budget_cut,4.454,4.1422,-0.3118,3.8622,4.4222,SCM_synthetic_control_compatible_stress_test,Budget cut weakens activation reach and conversion quality.
Scotland,Adidas,group_or_knockout,budget_increase,4.454,4.8103,0.3563,4.5403,5.0803,SCM_synthetic_control_compatible_stress_test,Higher spend can lift ROI when brand fit and attention are strong.
Scotland,Adidas,group_or_knockout,negative_news_shock,4.454,3.6523,-0.8017,3.2723,4.0323,SCM_synthetic_control_compatible_stress_test,Negative sentiment compresses conversion despite exposure.
Brazil,Adidas,group_or_knockout,player_absent,4.454,3.9195,-0.5345,3.5995,4.2395,SCM_synthetic_control_compatible_stress_test,Core player absence lowers attention and performance confidence.
Brazil,Adidas,group_or_knockout,media_surge,4.454,5.0776,0.6236,4.8176,5.3376,SCM_synthetic_control_compatible_stress_test,Paid and earned media surge increases upside but adds volatility.
Brazil,Adidas,group_or_knockout,budget_cut,4.454,4.1422,-0.3118,3.8622,4.4222,SCM_synthetic_control_compatible_stress_test,Budget cut weakens activation reach and conversion quality.
Brazil,Adidas,group_or_knockout,budget_increase,4.454,4.8103,0.3563,4.5403,5.0803,SCM_synthetic_control_compatible_stress_test,Higher spend can lift ROI when brand fit and attention are strong.
Brazil,Adidas,group_or_knockout,negative_news_shock,4.454,3.6523,-0.8017,3.2723,4.0323,SCM_synthetic_control_compatible_stress_test,Negative sentiment compresses conversion despite exposure.
Brazil,Adidas,group_or_knockout,player_absent,4.45,3.916,-0.534,3.596,4.236,SCM_synthetic_control_compatible_stress_test,Core player absence lowers attention and performance confidence.
Brazil,Adidas,group_or_knockout,media_surge,4.45,5.073,0.623,4.813,5.333,SCM_synthetic_control_compatible_stress_test,Paid and earned media surge increases upside but adds volatility.
Brazil,Adidas,group_or_knockout,budget_cut,4.45,4.1385,-0.3115,3.8585,4.4185,SCM_synthetic_control_compatible_stress_test,Budget cut weakens activation reach and conversion quality.
Brazil,Adidas,group_or_knockout,budget_increase,4.45,4.806,0.356,4.536,5.076,SCM_synthetic_control_compatible_stress_test,Higher spend can lift ROI when brand fit and attention are strong.
Brazil,Adidas,group_or_knockout,negative_news_shock,4.45,3.649,-0.801,3.269,4.029,SCM_synthetic_control_compatible_stress_test,Negative sentiment compresses conversion despite exposure.
Cameroon,Hyundai,group_or_knockout,player_absent,4.45,3.916,-0.534,3.596,4.236,SCM_synthetic_control_compatible_stress_test,Core player absence lowers attention and performance confidence.
Cameroon,Hyundai,group_or_knockout,media_surge,4.45,5.073,0.623,4.813,5.333,SCM_synthetic_control_compatible_stress_test,Paid and earned media surge increases upside but adds volatility.
Cameroon,Hyundai,group_or_knockout,budget_cut,4.45,4.1385,-0.3115,3.8585,4.4185,SCM_synthetic_control_compatible_stress_test,Budget cut weakens activation reach and conversion quality.
Cameroon,Hyundai,group_or_knockout,budget_increase,4.45,4.806,0.356,4.536,5.076,SCM_synthetic_control_compatible_stress_test,Higher spend can lift ROI when brand fit and attention are strong.
Cameroon,Hyundai,group_or_knockout,negative_news_shock,4.45,3.649,-0.801,3.269,4.029,SCM_synthetic_control_compatible_stress_test,Negative sentiment compresses conversion despite exposure.
Ivory Coast,McDonald's,group_or_knockout,player_absent,4.445,3.9116,-0.5334,3.5916,4.2316,SCM_synthetic_control_compatible_stress_test,Core player absence lowers attention and performance confidence.
Ivory Coast,McDonald's,group_or_knockout,media_surge,4.445,5.0673,0.6223,4.8073,5.3273,SCM_synthetic_control_compatible_stress_test,Paid and earned media surge increases upside but adds volatility.
Ivory Coast,McDonald's,group_or_knockout,budget_cut,4.445,4.1339,-0.3111,3.8539,4.4139,SCM_synthetic_control_compatible_stress_test,Budget cut weakens activation reach and conversion quality.
Ivory Coast,McDonald's,group_or_knockout,budget_increase,4.445,4.8006,0.3556,4.5306,5.0706,SCM_synthetic_control_compatible_stress_test,Higher spend can lift ROI when brand fit and attention are strong.
Ivory Coast,McDonald's,group_or_knockout,negative_news_shock,4.445,3.6449,-0.8001,3.2649,4.0249,SCM_synthetic_control_compatible_stress_test,Negative sentiment compresses conversion despite exposure.
Brazil,Adidas,group_or_knockout,player_absent,4.445,3.9116,-0.5334,3.5916,4.2316,SCM_synthetic_control_compatible_stress_test,Core player absence lowers attention and performance confidence.
Brazil,Adidas,group_or_knockout,media_surge,4.445,5.0673,0.6223,4.8073,5.3273,SCM_synthetic_control_compatible_stress_test,Paid and earned media surge increases upside but adds volatility.
Brazil,Adidas,group_or_knockout,budget_cut,4.445,4.1339,-0.3111,3.8539,4.4139,SCM_synthetic_control_compatible_stress_test,Budget cut weakens activation reach and conversion quality.
Brazil,Adidas,group_or_knockout,budget_increase,4.445,4.8006,0.3556,4.5306,5.0706,SCM_synthetic_control_compatible_stress_test,Higher spend can lift ROI when brand fit and attention are strong.
Brazil,Adidas,group_or_knockout,negative_news_shock,4.445,3.6449,-0.8001,3.2649,4.0249,SCM_synthetic_control_compatible_stress_test,Negative sentiment compresses conversion despite exposure.
South Korea,Hisense,group_or_knockout,player_absent,4.437,3.9046,-0.5324,3.5846,4.2246,SCM_synthetic_control_compatible_stress_test,Core player absence lowers attention and performance confidence.
South Korea,Hisense,group_or_knockout,media_surge,4.437,5.0582,0.6212,4.7982,5.3182,SCM_synthetic_control_compatible_stress_test,Paid and earned media surge increases upside but adds volatility.
South Korea,Hisense,group_or_knockout,budget_cut,4.437,4.1264,-0.3106,3.8464,4.4064,SCM_synthetic_control_compatible_stress_test,Budget cut weakens activation reach and conversion quality.
South Korea,Hisense,group_or_knockout,budget_increase,4.437,4.792,0.355,4.522,5.062,SCM_synthetic_control_compatible_stress_test,Higher spend can lift ROI when brand fit and attention are strong.
South Korea,Hisense,group_or_knockout,negative_news_shock,4.437,3.6383,-0.7987,3.2583,4.0183,SCM_synthetic_control_compatible_stress_test,Negative sentiment compresses conversion despite exposure.
Brazil,Adidas,group_or_knockout,player_absent,4.437,3.9046,-0.5324,3.5846,4.2246,SCM_synthetic_control_compatible_stress_test,Core player absence lowers attention and performance confidence.
Brazil,Adidas,group_or_knockout,media_surge,4.437,5.0582,0.6212,4.7982,5.3182,SCM_synthetic_control_compatible_stress_test,Paid and earned media surge increases upside but adds volatility.
Brazil,Adidas,group_or_knockout,budget_cut,4.437,4.1264,-0.3106,3.8464,4.4064,SCM_synthetic_control_compatible_stress_test,Budget cut weakens activation reach and conversion quality.
Brazil,Adidas,group_or_knockout,budget_increase,4.437,4.792,0.355,4.522,5.062,SCM_synthetic_control_compatible_stress_test,Higher spend can lift ROI when brand fit and attention are strong.
Brazil,Adidas,group_or_knockout,negative_news_shock,4.437,3.6383,-0.7987,3.2583,4.0183,SCM_synthetic_control_compatible_stress_test,Negative sentiment compresses conversion despite exposure.
Colombia,Mengniu,group_or_knockout,player_absent,4.413,3.8834,-0.5296,3.5634,4.2034,SCM_synthetic_control_compatible_stress_test,Core player absence lowers attention and performance confidence.
Colombia,Mengniu,group_or_knockout,media_surge,4.413,5.0308,0.6178,4.7708,5.2908,SCM_synthetic_control_compatible_stress_test,Paid and earned media surge increases upside but adds volatility.
Colombia,Mengniu,group_or_knockout,budget_cut,4.413,4.1041,-0.3089,3.8241,4.3841,SCM_synthetic_control_compatible_stress_test,Budget cut weakens activation reach and conversion quality.
Colombia,Mengniu,group_or_knockout,budget_increase,4.413,4.766,0.353,4.496,5.036,SCM_synthetic_control_compatible_stress_test,Higher spend can lift ROI when brand fit and attention are strong.
Colombia,Mengniu,group_or_knockout,negative_news_shock,4.413,3.6187,-0.7943,3.2387,3.9987,SCM_synthetic_control_compatible_stress_test,Negative sentiment compresses conversion despite exposure.
Brazil,Adidas,group_or_knockout,player_absent,4.413,3.8834,-0.5296,3.5634,4.2034,SCM_synthetic_control_compatible_stress_test,Core player absence lowers attention and performance confidence.
Brazil,Adidas,group_or_knockout,media_surge,4.413,5.0308,0.6178,4.7708,5.2908,SCM_synthetic_control_compatible_stress_test,Paid and earned media surge increases upside but adds volatility.
Brazil,Adidas,group_or_knockout,budget_cut,4.413,4.1041,-0.3089,3.8241,4.3841,SCM_synthetic_control_compatible_stress_test,Budget cut weakens activation reach and conversion quality.
Brazil,Adidas,group_or_knockout,budget_increase,4.413,4.766,0.353,4.496,5.036,SCM_synthetic_control_compatible_stress_test,Higher spend can lift ROI when brand fit and attention are strong.
Brazil,Adidas,group_or_knockout,negative_news_shock,4.413,3.6187,-0.7943,3.2387,3.9987,SCM_synthetic_control_compatible_stress_test,Negative sentiment compresses conversion despite exposure.
Mexico,Vivo,group_or_knockout,player_absent,4.391,3.8641,-0.5269,3.5441,4.1841,SCM_synthetic_control_compatible_stress_test,Core player absence lowers attention and performance confidence.
Mexico,Vivo,group_or_knockout,media_surge,4.391,5.0057,0.6147,4.7457,5.2657,SCM_synthetic_control_compatible_stress_test,Paid and earned media surge increases upside but adds volatility.
Mexico,Vivo,group_or_knockout,budget_cut,4.391,4.0836,-0.3074,3.8036,4.3636,SCM_synthetic_control_compatible_stress_test,Budget cut weakens activation reach and conversion quality.
Mexico,Vivo,group_or_knockout,budget_increase,4.391,4.7423,0.3513,4.4723,5.0123,SCM_synthetic_control_compatible_stress_test,Higher spend can lift ROI when brand fit and attention are strong.
Mexico,Vivo,group_or_knockout,negative_news_shock,4.391,3.6006,-0.7904,3.2206,3.9806,SCM_synthetic_control_compatible_stress_test,Negative sentiment compresses conversion despite exposure.
Brazil,Adidas,group_or_knockout,player_absent,4.391,3.8641,-0.5269,3.5441,4.1841,SCM_synthetic_control_compatible_stress_test,Core player absence lowers attention and performance confidence.
Brazil,Adidas,group_or_knockout,media_surge,4.391,5.0057,0.6147,4.7457,5.2657,SCM_synthetic_control_compatible_stress_test,Paid and earned media surge increases upside but adds volatility.
Brazil,Adidas,group_or_knockout,budget_cut,4.391,4.0836,-0.3074,3.8036,4.3636,SCM_synthetic_control_compatible_stress_test,Budget cut weakens activation reach and conversion quality.
Brazil,Adidas,group_or_knockout,budget_increase,4.391,4.7423,0.3513,4.4723,5.0123,SCM_synthetic_control_compatible_stress_test,Higher spend can lift ROI when brand fit and attention are strong.
Brazil,Adidas,group_or_knockout,negative_news_shock,4.391,3.6006,-0.7904,3.2206,3.9806,SCM_synthetic_control_compatible_stress_test,Negative sentiment compresses conversion despite exposure.
Brazil,Adidas,group_or_knockout,player_absent,4.381,3.8553,-0.5257,3.5353,4.1753,SCM_synthetic_control_compatible_stress_test,Core player absence lowers attention and performance confidence.
Brazil,Adidas,group_or_knockout,media_surge,4.381,4.9943,0.6133,4.7343,5.2543,SCM_synthetic_control_compatible_stress_test,Paid and earned media surge increases upside but adds volatility.
Brazil,Adidas,group_or_knockout,budget_cut,4.381,4.0743,-0.3067,3.7943,4.3543,SCM_synthetic_control_compatible_stress_test,Budget cut weakens activation reach and conversion quality.
Brazil,Adidas,group_or_knockout,budget_increase,4.381,4.7315,0.3505,4.4615,5.0015,SCM_synthetic_control_compatible_stress_test,Higher spend can lift ROI when brand fit and attention are strong.
Brazil,Adidas,group_or_knockout,negative_news_shock,4.381,3.5924,-0.7886,3.2124,3.9724,SCM_synthetic_control_compatible_stress_test,Negative sentiment compresses conversion despite exposure.
Mexico,Vivo,group_or_knockout,player_absent,4.381,3.8553,-0.5257,3.5353,4.1753,SCM_synthetic_control_compatible_stress_test,Core player absence lowers attention and performance confidence.
Mexico,Vivo,group_or_knockout,media_surge,4.381,4.9943,0.6133,4.7343,5.2543,SCM_synthetic_control_compatible_stress_test,Paid and earned media surge increases upside but adds volatility.
Mexico,Vivo,group_or_knockout,budget_cut,4.381,4.0743,-0.3067,3.7943,4.3543,SCM_synthetic_control_compatible_stress_test,Budget cut weakens activation reach and conversion quality.
Mexico,Vivo,group_or_knockout,budget_increase,4.381,4.7315,0.3505,4.4615,5.0015,SCM_synthetic_control_compatible_stress_test,Higher spend can lift ROI when brand fit and attention are strong.
Mexico,Vivo,group_or_knockout,negative_news_shock,4.381,3.5924,-0.7886,3.2124,3.9724,SCM_synthetic_control_compatible_stress_test,Negative sentiment compresses conversion despite exposure.
Brazil,Adidas,group_or_knockout,player_absent,4.377,3.8518,-0.5252,3.5318,4.1718,SCM_synthetic_control_compatible_stress_test,Core player absence lowers attention and performance confidence.
Brazil,Adidas,group_or_knockout,media_surge,4.377,4.9898,0.6128,4.7298,5.2498,SCM_synthetic_control_compatible_stress_test,Paid and earned media surge increases upside but adds volatility.
Brazil,Adidas,group_or_knockout,budget_cut,4.377,4.0706,-0.3064,3.7906,4.3506,SCM_synthetic_control_compatible_stress_test,Budget cut weakens activation reach and conversion quality.
Brazil,Adidas,group_or_knockout,budget_increase,4.377,4.7272,0.3502,4.4572,4.9972,SCM_synthetic_control_compatible_stress_test,Higher spend can lift ROI when brand fit and attention are strong.
Brazil,Adidas,group_or_knockout,negative_news_shock,4.377,3.5891,-0.7879,3.2091,3.9691,SCM_synthetic_control_compatible_stress_test,Negative sentiment compresses conversion despite exposure.
Belgium,Visa,group_or_knockout,player_absent,4.377,3.8518,-0.5252,3.5318,4.1718,SCM_synthetic_control_compatible_stress_test,Core player absence lowers attention and performance confidence.
Belgium,Visa,group_or_knockout,media_surge,4.377,4.9898,0.6128,4.7298,5.2498,SCM_synthetic_control_compatible_stress_test,Paid and earned media surge increases upside but adds volatility.
Belgium,Visa,group_or_knockout,budget_cut,4.377,4.0706,-0.3064,3.7906,4.3506,SCM_synthetic_control_compatible_stress_test,Budget cut weakens activation reach and conversion quality.
Belgium,Visa,group_or_knockout,budget_increase,4.377,4.7272,0.3502,4.4572,4.9972,SCM_synthetic_control_compatible_stress_test,Higher spend can lift ROI when brand fit and attention are strong.
Belgium,Visa,group_or_knockout,negative_news_shock,4.377,3.5891,-0.7879,3.2091,3.9691,SCM_synthetic_control_compatible_stress_test,Negative sentiment compresses conversion despite exposure.
Switzerland,Visa,group_or_knockout,player_absent,4.367,3.843,-0.524,3.523,4.163,SCM_synthetic_control_compatible_stress_test,Core player absence lowers attention and performance confidence.
Switzerland,Visa,group_or_knockout,media_surge,4.367,4.9784,0.6114,4.7184,5.2384,SCM_synthetic_control_compatible_stress_test,Paid and earned media surge increases upside but adds volatility.
Switzerland,Visa,group_or_knockout,budget_cut,4.367,4.0613,-0.3057,3.7813,4.3413,SCM_synthetic_control_compatible_stress_test,Budget cut weakens activation reach and conversion quality.
Switzerland,Visa,group_or_knockout,budget_increase,4.367,4.7164,0.3494,4.4464,4.9864,SCM_synthetic_control_compatible_stress_test,Higher spend can lift ROI when brand fit and attention are strong.
Switzerland,Visa,group_or_knockout,negative_news_shock,4.367,3.5809,-0.7861,3.2009,3.9609,SCM_synthetic_control_compatible_stress_test,Negative sentiment compresses conversion despite exposure.
Brazil,Adidas,group_or_knockout,player_absent,4.367,3.843,-0.524,3.523,4.163,SCM_synthetic_control_compatible_stress_test,Core player absence lowers attention and performance confidence.
Brazil,Adidas,group_or_knockout,media_surge,4.367,4.9784,0.6114,4.7184,5.2384,SCM_synthetic_control_compatible_stress_test,Paid and earned media surge increases upside but adds volatility.
Brazil,Adidas,group_or_knockout,budget_cut,4.367,4.0613,-0.3057,3.7813,4.3413,SCM_synthetic_control_compatible_stress_test,Budget cut weakens activation reach and conversion quality.
Brazil,Adidas,group_or_knockout,budget_increase,4.367,4.7164,0.3494,4.4464,4.9864,SCM_synthetic_control_compatible_stress_test,Higher spend can lift ROI when brand fit and attention are strong.
Brazil,Adidas,group_or_knockout,negative_news_shock,4.367,3.5809,-0.7861,3.2009,3.9609,SCM_synthetic_control_compatible_stress_test,Negative sentiment compresses conversion despite exposure.
Brazil,Adidas,group_or_knockout,player_absent,4.361,3.8377,-0.5233,3.5177,4.1577,SCM_synthetic_control_compatible_stress_test,Core player absence lowers attention and performance confidence.
Brazil,Adidas,group_or_knockout,media_surge,4.361,4.9715,0.6105,4.7115,5.2315,SCM_synthetic_control_compatible_stress_test,Paid and earned media surge increases upside but adds volatility.
Brazil,Adidas,group_or_knockout,budget_cut,4.361,4.0557,-0.3053,3.7757,4.3357,SCM_synthetic_control_compatible_stress_test,Budget cut weakens activation reach and conversion quality.
Brazil,Adidas,group_or_knockout,budget_increase,4.361,4.7099,0.3489,4.4399,4.9799,SCM_synthetic_control_compatible_stress_test,Higher spend can lift ROI when brand fit and attention are strong.
Brazil,Adidas,group_or_knockout,negative_news_shock,4.361,3.576,-0.785,3.196,3.956,SCM_synthetic_control_compatible_stress_test,Negative sentiment compresses conversion despite exposure.
Chile,Hisense,group_or_knockout,player_absent,4.361,3.8377,-0.5233,3.5177,4.1577,SCM_synthetic_control_compatible_stress_test,Core player absence lowers attention and performance confidence.
Chile,Hisense,group_or_knockout,media_surge,4.361,4.9715,0.6105,4.7115,5.2315,SCM_synthetic_control_compatible_stress_test,Paid and earned media surge increases upside but adds volatility.
Chile,Hisense,group_or_knockout,budget_cut,4.361,4.0557,-0.3053,3.7757,4.3357,SCM_synthetic_control_compatible_stress_test,Budget cut weakens activation reach and conversion quality.
Chile,Hisense,group_or_knockout,budget_increase,4.361,4.7099,0.3489,4.4399,4.9799,SCM_synthetic_control_compatible_stress_test,Higher spend can lift ROI when brand fit and attention are strong.
Chile,Hisense,group_or_knockout,negative_news_shock,4.361,3.576,-0.785,3.196,3.956,SCM_synthetic_control_compatible_stress_test,Negative sentiment compresses conversion despite exposure.
Turkey,Hyundai,group_or_knockout,player_absent,4.358,3.835,-0.523,3.515,4.155,SCM_synthetic_control_compatible_stress_test,Core player absence lowers attention and performance confidence.
Turkey,Hyundai,group_or_knockout,media_surge,4.358,4.9681,0.6101,4.7081,5.2281,SCM_synthetic_control_compatible_stress_test,Paid and earned media surge increases upside but adds volatility.
Turkey,Hyundai,group_or_knockout,budget_cut,4.358,4.0529,-0.3051,3.7729,4.3329,SCM_synthetic_control_compatible_stress_test,Budget cut weakens activation reach and conversion quality.
Turkey,Hyundai,group_or_knockout,budget_increase,4.358,4.7066,0.3486,4.4366,4.9766,SCM_synthetic_control_compatible_stress_test,Higher spend can lift ROI when brand fit and attention are strong.
Turkey,Hyundai,group_or_knockout,negative_news_shock,4.358,3.5736,-0.7844,3.1936,3.9536,SCM_synthetic_control_compatible_stress_test,Negative sentiment compresses conversion despite exposure.
Brazil,Adidas,group_or_knockout,player_absent,4.358,3.835,-0.523,3.515,4.155,SCM_synthetic_control_compatible_stress_test,Core player absence lowers attention and performance confidence.
Brazil,Adidas,group_or_knockout,media_surge,4.358,4.9681,0.6101,4.7081,5.2281,SCM_synthetic_control_compatible_stress_test,Paid and earned media surge increases upside but adds volatility.
Brazil,Adidas,group_or_knockout,budget_cut,4.358,4.0529,-0.3051,3.7729,4.3329,SCM_synthetic_control_compatible_stress_test,Budget cut weakens activation reach and conversion quality.
Brazil,Adidas,group_or_knockout,budget_increase,4.358,4.7066,0.3486,4.4366,4.9766,SCM_synthetic_control_compatible_stress_test,Higher spend can lift ROI when brand fit and attention are strong.
Brazil,Adidas,group_or_knockout,negative_news_shock,4.358,3.5736,-0.7844,3.1936,3.9536,SCM_synthetic_control_compatible_stress_test,Negative sentiment compresses conversion despite exposure.
Brazil,Adidas,group_or_knockout,player_absent,4.355,3.8324,-0.5226,3.5124,4.1524,SCM_synthetic_control_compatible_stress_test,Core player absence lowers attention and performance confidence.
Brazil,Adidas,group_or_knockout,media_surge,4.355,4.9647,0.6097,4.7047,5.2247,SCM_synthetic_control_compatible_stress_test,Paid and earned media surge increases upside but adds volatility.
Brazil,Adidas,group_or_knockout,budget_cut,4.355,4.0502,-0.3049,3.7702,4.3302,SCM_synthetic_control_compatible_stress_test,Budget cut weakens activation reach and conversion quality.
Brazil,Adidas,group_or_knockout,budget_increase,4.355,4.7034,0.3484,4.4334,4.9734,SCM_synthetic_control_compatible_stress_test,Higher spend can lift ROI when brand fit and attention are strong.
Brazil,Adidas,group_or_knockout,negative_news_shock,4.355,3.5711,-0.7839,3.1911,3.9511,SCM_synthetic_control_compatible_stress_test,Negative sentiment compresses conversion despite exposure.
Morocco,Coca-Cola,group_or_knockout,player_absent,4.355,3.8324,-0.5226,3.5124,4.1524,SCM_synthetic_control_compatible_stress_test,Core player absence lowers attention and performance confidence.
Morocco,Coca-Cola,group_or_knockout,media_surge,4.355,4.9647,0.6097,4.7047,5.2247,SCM_synthetic_control_compatible_stress_test,Paid and earned media surge increases upside but adds volatility.
Morocco,Coca-Cola,group_or_knockout,budget_cut,4.355,4.0502,-0.3049,3.7702,4.3302,SCM_synthetic_control_compatible_stress_test,Budget cut weakens activation reach and conversion quality.
Morocco,Coca-Cola,group_or_knockout,budget_increase,4.355,4.7034,0.3484,4.4334,4.9734,SCM_synthetic_control_compatible_stress_test,Higher spend can lift ROI when brand fit and attention are strong.
Morocco,Coca-Cola,group_or_knockout,negative_news_shock,4.355,3.5711,-0.7839,3.1911,3.9511,SCM_synthetic_control_compatible_stress_test,Negative sentiment compresses conversion despite exposure.
Brazil,Adidas,group_or_knockout,player_absent,4.348,3.8262,-0.5218,3.5062,4.1462,SCM_synthetic_control_compatible_stress_test,Core player absence lowers attention and performance confidence.
Brazil,Adidas,group_or_knockout,media_surge,4.348,4.9567,0.6087,4.6967,5.2167,SCM_synthetic_control_compatible_stress_test,Paid and earned media surge increases upside but adds volatility.
Brazil,Adidas,group_or_knockout,budget_cut,4.348,4.0436,-0.3044,3.7636,4.3236,SCM_synthetic_control_compatible_stress_test,Budget cut weakens activation reach and conversion quality.
Brazil,Adidas,group_or_knockout,budget_increase,4.348,4.6958,0.3478,4.4258,4.9658,SCM_synthetic_control_compatible_stress_test,Higher spend can lift ROI when brand fit and attention are strong.
Brazil,Adidas,group_or_knockout,negative_news_shock,4.348,3.5654,-0.7826,3.1854,3.9454,SCM_synthetic_control_compatible_stress_test,Negative sentiment compresses conversion despite exposure.
China,Adidas,group_or_knockout,player_absent,4.348,3.8262,-0.5218,3.5062,4.1462,SCM_synthetic_control_compatible_stress_test,Core player absence lowers attention and performance confidence.
China,Adidas,group_or_knockout,media_surge,4.348,4.9567,0.6087,4.6967,5.2167,SCM_synthetic_control_compatible_stress_test,Paid and earned media surge increases upside but adds volatility.
China,Adidas,group_or_knockout,budget_cut,4.348,4.0436,-0.3044,3.7636,4.3236,SCM_synthetic_control_compatible_stress_test,Budget cut weakens activation reach and conversion quality.
China,Adidas,group_or_knockout,budget_increase,4.348,4.6958,0.3478,4.4258,4.9658,SCM_synthetic_control_compatible_stress_test,Higher spend can lift ROI when brand fit and attention are strong.
China,Adidas,group_or_knockout,negative_news_shock,4.348,3.5654,-0.7826,3.1854,3.9454,SCM_synthetic_control_compatible_stress_test,Negative sentiment compresses conversion despite exposure.
Costa Rica,Visa,group_or_knockout,player_absent,4.343,3.8218,-0.5212,3.5018,4.1418,SCM_synthetic_control_compatible_stress_test,Core player absence lowers attention and performance confidence.
Costa Rica,Visa,group_or_knockout,media_surge,4.343,4.951,0.608,4.691,5.211,SCM_synthetic_control_compatible_stress_test,Paid and earned media surge increases upside but adds volatility.
Costa Rica,Visa,group_or_knockout,budget_cut,4.343,4.039,-0.304,3.759,4.319,SCM_synthetic_control_compatible_stress_test,Budget cut weakens activation reach and conversion quality.
Costa Rica,Visa,group_or_knockout,budget_increase,4.343,4.6904,0.3474,4.4204,4.9604,SCM_synthetic_control_compatible_stress_test,Higher spend can lift ROI when brand fit and attention are strong.
Costa Rica,Visa,group_or_knockout,negative_news_shock,4.343,3.5613,-0.7817,3.1813,3.9413,SCM_synthetic_control_compatible_stress_test,Negative sentiment compresses conversion despite exposure.
Brazil,Adidas,group_or_knockout,player_absent,4.343,3.8218,-0.5212,3.5018,4.1418,SCM_synthetic_control_compatible_stress_test,Core player absence lowers attention and performance confidence.
Brazil,Adidas,group_or_knockout,media_surge,4.343,4.951,0.608,4.691,5.211,SCM_synthetic_control_compatible_stress_test,Paid and earned media surge increases upside but adds volatility.
Brazil,Adidas,group_or_knockout,budget_cut,4.343,4.039,-0.304,3.759,4.319,SCM_synthetic_control_compatible_stress_test,Budget cut weakens activation reach and conversion quality.
Brazil,Adidas,group_or_knockout,budget_increase,4.343,4.6904,0.3474,4.4204,4.9604,SCM_synthetic_control_compatible_stress_test,Higher spend can lift ROI when brand fit and attention are strong.
Brazil,Adidas,group_or_knockout,negative_news_shock,4.343,3.5613,-0.7817,3.1813,3.9413,SCM_synthetic_control_compatible_stress_test,Negative sentiment compresses conversion despite exposure.
Russia,Hyundai,group_or_knockout,player_absent,4.339,3.8183,-0.5207,3.4983,4.1383,SCM_synthetic_control_compatible_stress_test,Core player absence lowers attention and performance confidence.
Russia,Hyundai,group_or_knockout,media_surge,4.339,4.9465,0.6075,4.6865,5.2065,SCM_synthetic_control_compatible_stress_test,Paid and earned media surge increases upside but adds volatility.
Russia,Hyundai,group_or_knockout,budget_cut,4.339,4.0353,-0.3037,3.7553,4.3153,SCM_synthetic_control_compatible_stress_test,Budget cut weakens activation reach and conversion quality.
Russia,Hyundai,group_or_knockout,budget_increase,4.339,4.6861,0.3471,4.4161,4.9561,SCM_synthetic_control_compatible_stress_test,Higher spend can lift ROI when brand fit and attention are strong.
Russia,Hyundai,group_or_knockout,negative_news_shock,4.339,3.558,-0.781,3.178,3.938,SCM_synthetic_control_compatible_stress_test,Negative sentiment compresses conversion despite exposure.
Uruguay,Vivo,group_or_knockout,player_absent,4.339,3.8183,-0.5207,3.4983,4.1383,SCM_synthetic_control_compatible_stress_test,Core player absence lowers attention and performance confidence.
Uruguay,Vivo,group_or_knockout,media_surge,4.339,4.9465,0.6075,4.6865,5.2065,SCM_synthetic_control_compatible_stress_test,Paid and earned media surge increases upside but adds volatility.
Uruguay,Vivo,group_or_knockout,budget_cut,4.339,4.0353,-0.3037,3.7553,4.3153,SCM_synthetic_control_compatible_stress_test,Budget cut weakens activation reach and conversion quality.
Uruguay,Vivo,group_or_knockout,budget_increase,4.339,4.6861,0.3471,4.4161,4.9561,SCM_synthetic_control_compatible_stress_test,Higher spend can lift ROI when brand fit and attention are strong.
Uruguay,Vivo,group_or_knockout,negative_news_shock,4.339,3.558,-0.781,3.178,3.938,SCM_synthetic_control_compatible_stress_test,Negative sentiment compresses conversion despite exposure.
Norway,McDonald's,group_or_knockout,player_absent,4.335,3.8148,-0.5202,3.4948,4.1348,SCM_synthetic_control_compatible_stress_test,Core player absence lowers attention and performance confidence.
Norway,McDonald's,group_or_knockout,media_surge,4.335,4.9419,0.6069,4.6819,5.2019,SCM_synthetic_control_compatible_stress_test,Paid and earned media surge increases upside but adds volatility.
Norway,McDonald's,group_or_knockout,budget_cut,4.335,4.0316,-0.3034,3.7515,4.3116,SCM_synthetic_control_compatible_stress_test,Budget cut weakens activation reach and conversion quality.
Norway,McDonald's,group_or_knockout,budget_increase,4.335,4.6818,0.3468,4.4118,4.9518,SCM_synthetic_control_compatible_stress_test,Higher spend can lift ROI when brand fit and attention are strong.
Norway,McDonald's,group_or_knockout,negative_news_shock,4.335,3.5547,-0.7803,3.1747,3.9347,SCM_synthetic_control_compatible_stress_test,Negative sentiment compresses conversion despite exposure.
Brazil,Adidas,group_or_knockout,player_absent,4.335,3.8148,-0.5202,3.4948,4.1348,SCM_synthetic_control_compatible_stress_test,Core player absence lowers attention and performance confidence.
Brazil,Adidas,group_or_knockout,media_surge,4.335,4.9419,0.6069,4.6819,5.2019,SCM_synthetic_control_compatible_stress_test,Paid and earned media surge increases upside but adds volatility.
Brazil,Adidas,group_or_knockout,budget_cut,4.335,4.0316,-0.3034,3.7515,4.3116,SCM_synthetic_control_compatible_stress_test,Budget cut weakens activation reach and conversion quality.
Brazil,Adidas,group_or_knockout,budget_increase,4.335,4.6818,0.3468,4.4118,4.9518,SCM_synthetic_control_compatible_stress_test,Higher spend can lift ROI when brand fit and attention are strong.
Brazil,Adidas,group_or_knockout,negative_news_shock,4.335,3.5547,-0.7803,3.1747,3.9347,SCM_synthetic_control_compatible_stress_test,Negative sentiment compresses conversion despite exposure.
Sweden,Budweiser,group_or_knockout,player_absent,4.328,3.8086,-0.5194,3.4886,4.1286,SCM_synthetic_control_compatible_stress_test,Core player absence lowers attention and performance confidence.
Sweden,Budweiser,group_or_knockout,media_surge,4.328,4.9339,0.6059,4.6739,5.1939,SCM_synthetic_control_compatible_stress_test,Paid and earned media surge increases upside but adds volatility.
Sweden,Budweiser,group_or_knockout,budget_cut,4.328,4.025,-0.303,3.745,4.305,SCM_synthetic_control_compatible_stress_test,Budget cut weakens activation reach and conversion quality.
Sweden,Budweiser,group_or_knockout,budget_increase,4.328,4.6742,0.3462,4.4042,4.9442,SCM_synthetic_control_compatible_stress_test,Higher spend can lift ROI when brand fit and attention are strong.
Sweden,Budweiser,group_or_knockout,negative_news_shock,4.328,3.549,-0.779,3.169,3.929,SCM_synthetic_control_compatible_stress_test,Negative sentiment compresses conversion despite exposure.
Brazil,Adidas,group_or_knockout,player_absent,4.328,3.8086,-0.5194,3.4886,4.1286,SCM_synthetic_control_compatible_stress_test,Core player absence lowers attention and performance confidence.
Brazil,Adidas,group_or_knockout,media_surge,4.328,4.9339,0.6059,4.6739,5.1939,SCM_synthetic_control_compatible_stress_test,Paid and earned media surge increases upside but adds volatility.
Brazil,Adidas,group_or_knockout,budget_cut,4.328,4.025,-0.303,3.745,4.305,SCM_synthetic_control_compatible_stress_test,Budget cut weakens activation reach and conversion quality.
Brazil,Adidas,group_or_knockout,budget_increase,4.328,4.6742,0.3462,4.4042,4.9442,SCM_synthetic_control_compatible_stress_test,Higher spend can lift ROI when brand fit and attention are strong.
Brazil,Adidas,group_or_knockout,negative_news_shock,4.328,3.549,-0.779,3.169,3.929,SCM_synthetic_control_compatible_stress_test,Negative sentiment compresses conversion despite exposure.
Brazil,Adidas,group_or_knockout,player_absent,4.326,3.8069,-0.5191,3.4869,4.1269,SCM_synthetic_control_compatible_stress_test,Core player absence lowers attention and performance confidence.
Brazil,Adidas,group_or_knockout,media_surge,4.326,4.9316,0.6056,4.6716,5.1916,SCM_synthetic_control_compatible_stress_test,Paid and earned media surge increases upside but adds volatility.
Brazil,Adidas,group_or_knockout,budget_cut,4.326,4.0232,-0.3028,3.7432,4.3032,SCM_synthetic_control_compatible_stress_test,Budget cut weakens activation reach and conversion quality.
Brazil,Adidas,group_or_knockout,budget_increase,4.326,4.6721,0.3461,4.4021,4.9421,SCM_synthetic_control_compatible_stress_test,Higher spend can lift ROI when brand fit and attention are strong.
Brazil,Adidas,group_or_knockout,negative_news_shock,4.326,3.5473,-0.7787,3.1673,3.9273,SCM_synthetic_control_compatible_stress_test,Negative sentiment compresses conversion despite exposure.
Ghana,Vivo,group_or_knockout,player_absent,4.326,3.8069,-0.5191,3.4869,4.1269,SCM_synthetic_control_compatible_stress_test,Core player absence lowers attention and performance confidence.
Ghana,Vivo,group_or_knockout,media_surge,4.326,4.9316,0.6056,4.6716,5.1916,SCM_synthetic_control_compatible_stress_test,Paid and earned media surge increases upside but adds volatility.
Ghana,Vivo,group_or_knockout,budget_cut,4.326,4.0232,-0.3028,3.7432,4.3032,SCM_synthetic_control_compatible_stress_test,Budget cut weakens activation reach and conversion quality.
Ghana,Vivo,group_or_knockout,budget_increase,4.326,4.6721,0.3461,4.4021,4.9421,SCM_synthetic_control_compatible_stress_test,Higher spend can lift ROI when brand fit and attention are strong.
Ghana,Vivo,group_or_knockout,negative_news_shock,4.326,3.5473,-0.7787,3.1673,3.9273,SCM_synthetic_control_compatible_stress_test,Negative sentiment compresses conversion despite exposure.
Switzerland,Visa,group_or_knockout,player_absent,4.321,3.8025,-0.5185,3.4825,4.1225,SCM_synthetic_control_compatible_stress_test,Core player absence lowers attention and performance confidence.
Switzerland,Visa,group_or_knockout,media_surge,4.321,4.9259,0.6049,4.6659,5.1859,SCM_synthetic_control_compatible_stress_test,Paid and earned media surge increases upside but adds volatility.
Switzerland,Visa,group_or_knockout,budget_cut,4.321,4.0185,-0.3025,3.7385,4.2985,SCM_synthetic_control_compatible_stress_test,Budget cut weakens activation reach and conversion quality.
Switzerland,Visa,group_or_knockout,budget_increase,4.321,4.6667,0.3457,4.3967,4.9367,SCM_synthetic_control_compatible_stress_test,Higher spend can lift ROI when brand fit and attention are strong.
Switzerland,Visa,group_or_knockout,negative_news_shock,4.321,3.5432,-0.7778,3.1632,3.9232,SCM_synthetic_control_compatible_stress_test,Negative sentiment compresses conversion despite exposure.
Brazil,Adidas,group_or_knockout,player_absent,4.321,3.8025,-0.5185,3.4825,4.1225,SCM_synthetic_control_compatible_stress_test,Core player absence lowers attention and performance confidence.
Brazil,Adidas,group_or_knockout,media_surge,4.321,4.9259,0.6049,4.6659,5.1859,SCM_synthetic_control_compatible_stress_test,Paid and earned media surge increases upside but adds volatility.
Brazil,Adidas,group_or_knockout,budget_cut,4.321,4.0185,-0.3025,3.7385,4.2985,SCM_synthetic_control_compatible_stress_test,Budget cut weakens activation reach and conversion quality.
Brazil,Adidas,group_or_knockout,budget_increase,4.321,4.6667,0.3457,4.3967,4.9367,SCM_synthetic_control_compatible_stress_test,Higher spend can lift ROI when brand fit and attention are strong.
Brazil,Adidas,group_or_knockout,negative_news_shock,4.321,3.5432,-0.7778,3.1632,3.9232,SCM_synthetic_control_compatible_stress_test,Negative sentiment compresses conversion despite exposure.
Egypt,Hyundai,group_or_knockout,player_absent,4.318,3.7998,-0.5182,3.4798,4.1198,SCM_synthetic_control_compatible_stress_test,Core player absence lowers attention and performance confidence.
Egypt,Hyundai,group_or_knockout,media_surge,4.318,4.9225,0.6045,4.6625,5.1825,SCM_synthetic_control_compatible_stress_test,Paid and earned media surge increases upside but adds volatility.
Egypt,Hyundai,group_or_knockout,budget_cut,4.318,4.0157,-0.3023,3.7357,4.2957,SCM_synthetic_control_compatible_stress_test,Budget cut weakens activation reach and conversion quality.
Egypt,Hyundai,group_or_knockout,budget_increase,4.318,4.6634,0.3454,4.3934,4.9334,SCM_synthetic_control_compatible_stress_test,Higher spend can lift ROI when brand fit and attention are strong.
Egypt,Hyundai,group_or_knockout,negative_news_shock,4.318,3.5408,-0.7772,3.1608,3.9208,SCM_synthetic_control_compatible_stress_test,Negative sentiment compresses conversion despite exposure.
Russia,Hyundai,group_or_knockout,player_absent,4.318,3.7998,-0.5182,3.4798,4.1198,SCM_synthetic_control_compatible_stress_test,Core player absence lowers attention and performance confidence.
Russia,Hyundai,group_or_knockout,media_surge,4.318,4.9225,0.6045,4.6625,5.1825,SCM_synthetic_control_compatible_stress_test,Paid and earned media surge increases upside but adds volatility.
Russia,Hyundai,group_or_knockout,budget_cut,4.318,4.0157,-0.3023,3.7357,4.2957,SCM_synthetic_control_compatible_stress_test,Budget cut weakens activation reach and conversion quality.
Russia,Hyundai,group_or_knockout,budget_increase,4.318,4.6634,0.3454,4.3934,4.9334,SCM_synthetic_control_compatible_stress_test,Higher spend can lift ROI when brand fit and attention are strong.
Russia,Hyundai,group_or_knockout,negative_news_shock,4.318,3.5408,-0.7772,3.1608,3.9208,SCM_synthetic_control_compatible_stress_test,Negative sentiment compresses conversion despite exposure.
Brazil,Adidas,group_or_knockout,player_absent,4.311,3.7937,-0.5173,3.4737,4.1137,SCM_synthetic_control_compatible_stress_test,Core player absence lowers attention and performance confidence.
Brazil,Adidas,group_or_knockout,media_surge,4.311,4.9145,0.6035,4.6545,5.1745,SCM_synthetic_control_compatible_stress_test,Paid and earned media surge increases upside but adds volatility.
Brazil,Adidas,group_or_knockout,budget_cut,4.311,4.0092,-0.3018,3.7292,4.2892,SCM_synthetic_control_compatible_stress_test,Budget cut weakens activation reach and conversion quality.
Brazil,Adidas,group_or_knockout,budget_increase,4.311,4.6559,0.3449,4.3859,4.9259,SCM_synthetic_control_compatible_stress_test,Higher spend can lift ROI when brand fit and attention are strong.
Brazil,Adidas,group_or_knockout,negative_news_shock,4.311,3.535,-0.776,3.155,3.915,SCM_synthetic_control_compatible_stress_test,Negative sentiment compresses conversion despite exposure.
Australia,Mengniu,group_or_knockout,player_absent,4.311,3.7937,-0.5173,3.4737,4.1137,SCM_synthetic_control_compatible_stress_test,Core player absence lowers attention and performance confidence.
Australia,Mengniu,group_or_knockout,media_surge,4.311,4.9145,0.6035,4.6545,5.1745,SCM_synthetic_control_compatible_stress_test,Paid and earned media surge increases upside but adds volatility.
Australia,Mengniu,group_or_knockout,budget_cut,4.311,4.0092,-0.3018,3.7292,4.2892,SCM_synthetic_control_compatible_stress_test,Budget cut weakens activation reach and conversion quality.
Australia,Mengniu,group_or_knockout,budget_increase,4.311,4.6559,0.3449,4.3859,4.9259,SCM_synthetic_control_compatible_stress_test,Higher spend can lift ROI when brand fit and attention are strong.
Australia,Mengniu,group_or_knockout,negative_news_shock,4.311,3.535,-0.776,3.155,3.915,SCM_synthetic_control_compatible_stress_test,Negative sentiment compresses conversion despite exposure.
Brazil,Adidas,group_or_knockout,player_absent,4.306,3.7893,-0.5167,3.4693,4.1093,SCM_synthetic_control_compatible_stress_test,Core player absence lowers attention and performance confidence.
Brazil,Adidas,group_or_knockout,media_surge,4.306,4.9088,0.6028,4.6488,5.1688,SCM_synthetic_control_compatible_stress_test,Paid and earned media surge increases upside but adds volatility.
Brazil,Adidas,group_or_knockout,budget_cut,4.306,4.0046,-0.3014,3.7246,4.2846,SCM_synthetic_control_compatible_stress_test,Budget cut weakens activation reach and conversion quality.
Brazil,Adidas,group_or_knockout,budget_increase,4.306,4.6505,0.3445,4.3805,4.9205,SCM_synthetic_control_compatible_stress_test,Higher spend can lift ROI when brand fit and attention are strong.
Brazil,Adidas,group_or_knockout,negative_news_shock,4.306,3.5309,-0.7751,3.1509,3.9109,SCM_synthetic_control_compatible_stress_test,Negative sentiment compresses conversion despite exposure.
Morocco,Coca-Cola,group_or_knockout,player_absent,4.306,3.7893,-0.5167,3.4693,4.1093,SCM_synthetic_control_compatible_stress_test,Core player absence lowers attention and performance confidence.
Morocco,Coca-Cola,group_or_knockout,media_surge,4.306,4.9088,0.6028,4.6488,5.1688,SCM_synthetic_control_compatible_stress_test,Paid and earned media surge increases upside but adds volatility.
Morocco,Coca-Cola,group_or_knockout,budget_cut,4.306,4.0046,-0.3014,3.7246,4.2846,SCM_synthetic_control_compatible_stress_test,Budget cut weakens activation reach and conversion quality.
Morocco,Coca-Cola,group_or_knockout,budget_increase,4.306,4.6505,0.3445,4.3805,4.9205,SCM_synthetic_control_compatible_stress_test,Higher spend can lift ROI when brand fit and attention are strong.
Morocco,Coca-Cola,group_or_knockout,negative_news_shock,4.306,3.5309,-0.7751,3.1509,3.9109,SCM_synthetic_control_compatible_stress_test,Negative sentiment compresses conversion despite exposure.
Croatia,Hisense,group_or_knockout,player_absent,4.305,3.7884,-0.5166,3.4684,4.1084,SCM_synthetic_control_compatible_stress_test,Core player absence lowers attention and performance confidence.
Croatia,Hisense,group_or_knockout,media_surge,4.305,4.9077,0.6027,4.6477,5.1677,SCM_synthetic_control_compatible_stress_test,Paid and earned media surge increases upside but adds volatility.
Croatia,Hisense,group_or_knockout,budget_cut,4.305,4.0037,-0.3013,3.7237,4.2837,SCM_synthetic_control_compatible_stress_test,Budget cut weakens activation reach and conversion quality.
Croatia,Hisense,group_or_knockout,budget_increase,4.305,4.6494,0.3444,4.3794,4.9194,SCM_synthetic_control_compatible_stress_test,Higher spend can lift ROI when brand fit and attention are strong.
Croatia,Hisense,group_or_knockout,negative_news_shock,4.305,3.5301,-0.7749,3.1501,3.9101,SCM_synthetic_control_compatible_stress_test,Negative sentiment compresses conversion despite exposure.
Brazil,Adidas,group_or_knockout,player_absent,4.305,3.7884,-0.5166,3.4684,4.1084,SCM_synthetic_control_compatible_stress_test,Core player absence lowers attention and performance confidence.
Brazil,Adidas,group_or_knockout,media_surge,4.305,4.9077,0.6027,4.6477,5.1677,SCM_synthetic_control_compatible_stress_test,Paid and earned media surge increases upside but adds volatility.
Brazil,Adidas,group_or_knockout,budget_cut,4.305,4.0037,-0.3013,3.7237,4.2837,SCM_synthetic_control_compatible_stress_test,Budget cut weakens activation reach and conversion quality.
Brazil,Adidas,group_or_knockout,budget_increase,4.305,4.6494,0.3444,4.3794,4.9194,SCM_synthetic_control_compatible_stress_test,Higher spend can lift ROI when brand fit and attention are strong.
Brazil,Adidas,group_or_knockout,negative_news_shock,4.305,3.5301,-0.7749,3.1501,3.9101,SCM_synthetic_control_compatible_stress_test,Negative sentiment compresses conversion despite exposure.
Hungary,Adidas,tournament,player_absent,4.303,3.7866,-0.5164,3.4666,4.1066,SCM_synthetic_control_compatible_stress_test,Core player absence lowers attention and performance confidence.
Hungary,Adidas,tournament,media_surge,4.303,4.9054,0.6024,4.6454,5.1654,SCM_synthetic_control_compatible_stress_test,Paid and earned media surge increases upside but adds volatility.
Hungary,Adidas,tournament,budget_cut,4.303,4.0018,-0.3012,3.7218,4.2818,SCM_synthetic_control_compatible_stress_test,Budget cut weakens activation reach and conversion quality.
Hungary,Adidas,tournament,budget_increase,4.303,4.6472,0.3442,4.3772,4.9172,SCM_synthetic_control_compatible_stress_test,Higher spend can lift ROI when brand fit and attention are strong.
Hungary,Adidas,tournament,negative_news_shock,4.303,3.5285,-0.7745,3.1485,3.9085,SCM_synthetic_control_compatible_stress_test,Negative sentiment compresses conversion despite exposure.
El Salvador,Budweiser,tournament,player_absent,4.303,3.7866,-0.5164,3.4666,4.1066,SCM_synthetic_control_compatible_stress_test,Core player absence lowers attention and performance confidence.
El Salvador,Budweiser,tournament,media_surge,4.303,4.9054,0.6024,4.6454,5.1654,SCM_synthetic_control_compatible_stress_test,Paid and earned media surge increases upside but adds volatility.
El Salvador,Budweiser,tournament,budget_cut,4.303,4.0018,-0.3012,3.7218,4.2818,SCM_synthetic_control_compatible_stress_test,Budget cut weakens activation reach and conversion quality.
El Salvador,Budweiser,tournament,budget_increase,4.303,4.6472,0.3442,4.3772,4.9172,SCM_synthetic_control_compatible_stress_test,Higher spend can lift ROI when brand fit and attention are strong.
El Salvador,Budweiser,tournament,negative_news_shock,4.303,3.5285,-0.7745,3.1485,3.9085,SCM_synthetic_control_compatible_stress_test,Negative sentiment compresses conversion despite exposure.
Brazil,Adidas,group_or_knockout,player_absent,4.295,3.7796,-0.5154,3.4596,4.0996,SCM_synthetic_control_compatible_stress_test,Core player absence lowers attention and performance confidence.
Brazil,Adidas,group_or_knockout,media_surge,4.295,4.8963,0.6013,4.6363,5.1563,SCM_synthetic_control_compatible_stress_test,Paid and earned media surge increases upside but adds volatility.
Brazil,Adidas,group_or_knockout,budget_cut,4.295,3.9944,-0.3006,3.7144,4.2744,SCM_synthetic_control_compatible_stress_test,Budget cut weakens activation reach and conversion quality.
Brazil,Adidas,group_or_knockout,budget_increase,4.295,4.6386,0.3436,4.3686,4.9086,SCM_synthetic_control_compatible_stress_test,Higher spend can lift ROI when brand fit and attention are strong.
Brazil,Adidas,group_or_knockout,negative_news_shock,4.295,3.5219,-0.7731,3.1419,3.9019,SCM_synthetic_control_compatible_stress_test,Negative sentiment compresses conversion despite exposure.
Chile,Hisense,group_or_knockout,player_absent,4.295,3.7796,-0.5154,3.4596,4.0996,SCM_synthetic_control_compatible_stress_test,Core player absence lowers attention and performance confidence.
Chile,Hisense,group_or_knockout,media_surge,4.295,4.8963,0.6013,4.6363,5.1563,SCM_synthetic_control_compatible_stress_test,Paid and earned media surge increases upside but adds volatility.
Chile,Hisense,group_or_knockout,budget_cut,4.295,3.9944,-0.3006,3.7144,4.2744,SCM_synthetic_control_compatible_stress_test,Budget cut weakens activation reach and conversion quality.
Chile,Hisense,group_or_knockout,budget_increase,4.295,4.6386,0.3436,4.3686,4.9086,SCM_synthetic_control_compatible_stress_test,Higher spend can lift ROI when brand fit and attention are strong.
Chile,Hisense,group_or_knockout,negative_news_shock,4.295,3.5219,-0.7731,3.1419,3.9019,SCM_synthetic_control_compatible_stress_test,Negative sentiment compresses conversion despite exposure.
Cameroon,Hyundai,group_or_knockout,player_absent,4.29,3.7752,-0.5148,3.4552,4.0952,SCM_synthetic_control_compatible_stress_test,Core player absence lowers attention and performance confidence.
Cameroon,Hyundai,group_or_knockout,media_surge,4.29,4.8906,0.6006,4.6306,5.1506,SCM_synthetic_control_compatible_stress_test,Paid and earned media surge increases upside but adds volatility.
Cameroon,Hyundai,group_or_knockout,budget_cut,4.29,3.9897,-0.3003,3.7097,4.2697,SCM_synthetic_control_compatible_stress_test,Budget cut weakens activation reach and conversion quality.
Cameroon,Hyundai,group_or_knockout,budget_increase,4.29,4.6332,0.3432,4.3632,4.9032,SCM_synthetic_control_compatible_stress_test,Higher spend can lift ROI when brand fit and attention are strong.
Cameroon,Hyundai,group_or_knockout,negative_news_shock,4.29,3.5178,-0.7722,3.1378,3.8978,SCM_synthetic_control_compatible_stress_test,Negative sentiment compresses conversion despite exposure.
Brazil,Adidas,group_or_knockout,player_absent,4.29,3.7752,-0.5148,3.4552,4.0952,SCM_synthetic_control_compatible_stress_test,Core player absence lowers attention and performance confidence.
Brazil,Adidas,group_or_knockout,media_surge,4.29,4.8906,0.6006,4.6306,5.1506,SCM_synthetic_control_compatible_stress_test,Paid and earned media surge increases upside but adds volatility.
Brazil,Adidas,group_or_knockout,budget_cut,4.29,3.9897,-0.3003,3.7097,4.2697,SCM_synthetic_control_compatible_stress_test,Budget cut weakens activation reach and conversion quality.
Brazil,Adidas,group_or_knockout,budget_increase,4.29,4.6332,0.3432,4.3632,4.9032,SCM_synthetic_control_compatible_stress_test,Higher spend can lift ROI when brand fit and attention are strong.
Brazil,Adidas,group_or_knockout,negative_news_shock,4.29,3.5178,-0.7722,3.1378,3.8978,SCM_synthetic_control_compatible_stress_test,Negative sentiment compresses conversion despite exposure.
Brazil,Adidas,tournament,player_absent,4.288,3.7734,-0.5146,3.4534,4.0934,SCM_synthetic_control_compatible_stress_test,Core player absence lowers attention and performance confidence.
Brazil,Adidas,tournament,media_surge,4.288,4.8883,0.6003,4.6283,5.1483,SCM_synthetic_control_compatible_stress_test,Paid and earned media surge increases upside but adds volatility.
Brazil,Adidas,tournament,budget_cut,4.288,3.9878,-0.3002,3.7078,4.2678,SCM_synthetic_control_compatible_stress_test,Budget cut weakens activation reach and conversion quality.
Brazil,Adidas,tournament,budget_increase,4.288,4.631,0.343,4.361,4.901,SCM_synthetic_control_compatible_stress_test,Higher spend can lift ROI when brand fit and attention are strong.
Brazil,Adidas,tournament,negative_news_shock,4.288,3.5162,-0.7718,3.1362,3.8962,SCM_synthetic_control_compatible_stress_test,Negative sentiment compresses conversion despite exposure.
Romania,Qatar Airways,tournament,player_absent,4.288,3.7734,-0.5146,3.4534,4.0934,SCM_synthetic_control_compatible_stress_test,Core player absence lowers attention and performance confidence.
Romania,Qatar Airways,tournament,media_surge,4.288,4.8883,0.6003,4.6283,5.1483,SCM_synthetic_control_compatible_stress_test,Paid and earned media surge increases upside but adds volatility.
Romania,Qatar Airways,tournament,budget_cut,4.288,3.9878,-0.3002,3.7078,4.2678,SCM_synthetic_control_compatible_stress_test,Budget cut weakens activation reach and conversion quality.
Romania,Qatar Airways,tournament,budget_increase,4.288,4.631,0.343,4.361,4.901,SCM_synthetic_control_compatible_stress_test,Higher spend can lift ROI when brand fit and attention are strong.
Romania,Qatar Airways,tournament,negative_news_shock,4.288,3.5162,-0.7718,3.1362,3.8962,SCM_synthetic_control_compatible_stress_test,Negative sentiment compresses conversion despite exposure.
Poland,Coca-Cola,group_or_knockout,player_absent,4.284,3.7699,-0.5141,3.4499,4.0899,SCM_synthetic_control_compatible_stress_test,Core player absence lowers attention and performance confidence.
Poland,Coca-Cola,group_or_knockout,media_surge,4.284,4.8838,0.5998,4.6238,5.1438,SCM_synthetic_control_compatible_stress_test,Paid and earned media surge increases upside but adds volatility.
Poland,Coca-Cola,group_or_knockout,budget_cut,4.284,3.9841,-0.2999,3.7041,4.2641,SCM_synthetic_control_compatible_stress_test,Budget cut weakens activation reach and conversion quality.
Poland,Coca-Cola,group_or_knockout,budget_increase,4.284,4.6267,0.3427,4.3567,4.8967,SCM_synthetic_control_compatible_stress_test,Higher spend can lift ROI when brand fit and attention are strong.
Poland,Coca-Cola,group_or_knockout,negative_news_shock,4.284,3.5129,-0.7711,3.1329,3.8929,SCM_synthetic_control_compatible_stress_test,Negative sentiment compresses conversion despite exposure.
Brazil,Adidas,group_or_knockout,player_absent,4.284,3.7699,-0.5141,3.4499,4.0899,SCM_synthetic_control_compatible_stress_test,Core player absence lowers attention and performance confidence.
Brazil,Adidas,group_or_knockout,media_surge,4.284,4.8838,0.5998,4.6238,5.1438,SCM_synthetic_control_compatible_stress_test,Paid and earned media surge increases upside but adds volatility.
Brazil,Adidas,group_or_knockout,budget_cut,4.284,3.9841,-0.2999,3.7041,4.2641,SCM_synthetic_control_compatible_stress_test,Budget cut weakens activation reach and conversion quality.
Brazil,Adidas,group_or_knockout,budget_increase,4.284,4.6267,0.3427,4.3567,4.8967,SCM_synthetic_control_compatible_stress_test,Higher spend can lift ROI when brand fit and attention are strong.
Brazil,Adidas,group_or_knockout,negative_news_shock,4.284,3.5129,-0.7711,3.1329,3.8929,SCM_synthetic_control_compatible_stress_test,Negative sentiment compresses conversion despite exposure.
Brazil,Adidas,tournament,player_absent,4.28,3.7664,-0.5136,3.4464,4.0864,SCM_synthetic_control_compatible_stress_test,Core player absence lowers attention and performance confidence.
Brazil,Adidas,tournament,media_surge,4.28,4.8792,0.5992,4.6192,5.1392,SCM_synthetic_control_compatible_stress_test,Paid and earned media surge increases upside but adds volatility.
Brazil,Adidas,tournament,budget_cut,4.28,3.9804,-0.2996,3.7004,4.2604,SCM_synthetic_control_compatible_stress_test,Budget cut weakens activation reach and conversion quality.
Brazil,Adidas,tournament,budget_increase,4.28,4.6224,0.3424,4.3524,4.8924,SCM_synthetic_control_compatible_stress_test,Higher spend can lift ROI when brand fit and attention are strong.
Brazil,Adidas,tournament,negative_news_shock,4.28,3.5096,-0.7704,3.1296,3.8896,SCM_synthetic_control_compatible_stress_test,Negative sentiment compresses conversion despite exposure.
Serbia,Vivo,group_or_knockout,player_absent,4.28,3.7664,-0.5136,3.4464,4.0864,SCM_synthetic_control_compatible_stress_test,Core player absence lowers attention and performance confidence.
Serbia,Vivo,group_or_knockout,media_surge,4.28,4.8792,0.5992,4.6192,5.1392,SCM_synthetic_control_compatible_stress_test,Paid and earned media surge increases upside but adds volatility.
Serbia,Vivo,group_or_knockout,budget_cut,4.28,3.9804,-0.2996,3.7004,4.2604,SCM_synthetic_control_compatible_stress_test,Budget cut weakens activation reach and conversion quality.
Serbia,Vivo,group_or_knockout,budget_increase,4.28,4.6224,0.3424,4.3524,4.8924,SCM_synthetic_control_compatible_stress_test,Higher spend can lift ROI when brand fit and attention are strong.
Serbia,Vivo,group_or_knockout,negative_news_shock,4.28,3.5096,-0.7704,3.1296,3.8896,SCM_synthetic_control_compatible_stress_test,Negative sentiment compresses conversion despite exposure.
Brazil,Adidas,group_or_knockout,player_absent,4.28,3.7664,-0.5136,3.4464,4.0864,SCM_synthetic_control_compatible_stress_test,Core player absence lowers attention and performance confidence.
Brazil,Adidas,group_or_knockout,media_surge,4.28,4.8792,0.5992,4.6192,5.1392,SCM_synthetic_control_compatible_stress_test,Paid and earned media surge increases upside but adds volatility.
Brazil,Adidas,group_or_knockout,budget_cut,4.28,3.9804,-0.2996,3.7004,4.2604,SCM_synthetic_control_compatible_stress_test,Budget cut weakens activation reach and conversion quality.
Brazil,Adidas,group_or_knockout,budget_increase,4.28,4.6224,0.3424,4.3524,4.8924,SCM_synthetic_control_compatible_stress_test,Higher spend can lift ROI when brand fit and attention are strong.
Brazil,Adidas,group_or_knockout,negative_news_shock,4.28,3.5096,-0.7704,3.1296,3.8896,SCM_synthetic_control_compatible_stress_test,Negative sentiment compresses conversion despite exposure.
Sweden,Budweiser,tournament,player_absent,4.28,3.7664,-0.5136,3.4464,4.0864,SCM_synthetic_control_compatible_stress_test,Core player absence lowers attention and performance confidence.
Sweden,Budweiser,tournament,media_surge,4.28,4.8792,0.5992,4.6192,5.1392,SCM_synthetic_control_compatible_stress_test,Paid and earned media surge increases upside but adds volatility.
Sweden,Budweiser,tournament,budget_cut,4.28,3.9804,-0.2996,3.7004,4.2604,SCM_synthetic_control_compatible_stress_test,Budget cut weakens activation reach and conversion quality.
Sweden,Budweiser,tournament,budget_increase,4.28,4.6224,0.3424,4.3524,4.8924,SCM_synthetic_control_compatible_stress_test,Higher spend can lift ROI when brand fit and attention are strong.
Sweden,Budweiser,tournament,negative_news_shock,4.28,3.5096,-0.7704,3.1296,3.8896,SCM_synthetic_control_compatible_stress_test,Negative sentiment compresses conversion despite exposure.
Russia,Hyundai,group_or_knockout,player_absent,4.278,3.7646,-0.5134,3.4446,4.0846,SCM_synthetic_control_compatible_stress_test,Core player absence lowers attention and performance confidence.
Russia,Hyundai,group_or_knockout,media_surge,4.278,4.8769,0.5989,4.6169,5.1369,SCM_synthetic_control_compatible_stress_test,Paid and earned media surge increases upside but adds volatility.
Russia,Hyundai,group_or_knockout,budget_cut,4.278,3.9785,-0.2995,3.6985,4.2585,SCM_synthetic_control_compatible_stress_test,Budget cut weakens activation reach and conversion quality.
Russia,Hyundai,group_or_knockout,budget_increase,4.278,4.6202,0.3422,4.3502,4.8902,SCM_synthetic_control_compatible_stress_test,Higher spend can lift ROI when brand fit and attention are strong.
Russia,Hyundai,group_or_knockout,negative_news_shock,4.278,3.508,-0.77,3.128,3.888,SCM_synthetic_control_compatible_stress_test,Negative sentiment compresses conversion despite exposure.
Saudi Arabia,Qatar Airways,group_or_knockout,player_absent,4.278,3.7646,-0.5134,3.4446,4.0846,SCM_synthetic_control_compatible_stress_test,Core player absence lowers attention and performance confidence.
Saudi Arabia,Qatar Airways,group_or_knockout,media_surge,4.278,4.8769,0.5989,4.6169,5.1369,SCM_synthetic_control_compatible_stress_test,Paid and earned media surge increases upside but adds volatility.
Saudi Arabia,Qatar Airways,group_or_knockout,budget_cut,4.278,3.9785,-0.2995,3.6985,4.2585,SCM_synthetic_control_compatible_stress_test,Budget cut weakens activation reach and conversion quality.
Saudi Arabia,Qatar Airways,group_or_knockout,budget_increase,4.278,4.6202,0.3422,4.3502,4.8902,SCM_synthetic_control_compatible_stress_test,Higher spend can lift ROI when brand fit and attention are strong.
Saudi Arabia,Qatar Airways,group_or_knockout,negative_news_shock,4.278,3.508,-0.77,3.128,3.888,SCM_synthetic_control_compatible_stress_test,Negative sentiment compresses conversion despite exposure.
Scotland,Adidas,tournament,player_absent,4.278,3.7646,-0.5134,3.4446,4.0846,SCM_synthetic_control_compatible_stress_test,Core player absence lowers attention and performance confidence.
Scotland,Adidas,tournament,media_surge,4.278,4.8769,0.5989,4.6169,5.1369,SCM_synthetic_control_compatible_stress_test,Paid and earned media surge increases upside but adds volatility.
Scotland,Adidas,tournament,budget_cut,4.278,3.9785,-0.2995,3.6985,4.2585,SCM_synthetic_control_compatible_stress_test,Budget cut weakens activation reach and conversion quality.
Scotland,Adidas,tournament,budget_increase,4.278,4.6202,0.3422,4.3502,4.8902,SCM_synthetic_control_compatible_stress_test,Higher spend can lift ROI when brand fit and attention are strong.
Scotland,Adidas,tournament,negative_news_shock,4.278,3.508,-0.77,3.128,3.888,SCM_synthetic_control_compatible_stress_test,Negative sentiment compresses conversion despite exposure.
Brazil,Adidas,tournament,player_absent,4.278,3.7646,-0.5134,3.4446,4.0846,SCM_synthetic_control_compatible_stress_test,Core player absence lowers attention and performance confidence.
Brazil,Adidas,tournament,media_surge,4.278,4.8769,0.5989,4.6169,5.1369,SCM_synthetic_control_compatible_stress_test,Paid and earned media surge increases upside but adds volatility.
Brazil,Adidas,tournament,budget_cut,4.278,3.9785,-0.2995,3.6985,4.2585,SCM_synthetic_control_compatible_stress_test,Budget cut weakens activation reach and conversion quality.
Brazil,Adidas,tournament,budget_increase,4.278,4.6202,0.3422,4.3502,4.8902,SCM_synthetic_control_compatible_stress_test,Higher spend can lift ROI when brand fit and attention are strong.
Brazil,Adidas,tournament,negative_news_shock,4.278,3.508,-0.77,3.128,3.888,SCM_synthetic_control_compatible_stress_test,Negative sentiment compresses conversion despite exposure.
Russia,Hyundai,group_or_knockout,player_absent,4.276,3.7629,-0.5131,3.4429,4.0829,SCM_synthetic_control_compatible_stress_test,Core player absence lowers attention and performance confidence.
Russia,Hyundai,group_or_knockout,media_surge,4.276,4.8746,0.5986,4.6146,5.1346,SCM_synthetic_control_compatible_stress_test,Paid and earned media surge increases upside but adds volatility.
Russia,Hyundai,group_or_knockout,budget_cut,4.276,3.9767,-0.2993,3.6967,4.2567,SCM_synthetic_control_compatible_stress_test,Budget cut weakens activation reach and conversion quality.
Russia,Hyundai,group_or_knockout,budget_increase,4.276,4.6181,0.3421,4.3481,4.8881,SCM_synthetic_control_compatible_stress_test,Higher spend can lift ROI when brand fit and attention are strong.
Russia,Hyundai,group_or_knockout,negative_news_shock,4.276,3.5063,-0.7697,3.1263,3.8863,SCM_synthetic_control_compatible_stress_test,Negative sentiment compresses conversion despite exposure.
Brazil,Adidas,group_or_knockout,player_absent,4.276,3.7629,-0.5131,3.4429,4.0829,SCM_synthetic_control_compatible_stress_test,Core player absence lowers attention and performance confidence.
Brazil,Adidas,group_or_knockout,media_surge,4.276,4.8746,0.5986,4.6146,5.1346,SCM_synthetic_control_compatible_stress_test,Paid and earned media surge increases upside but adds volatility.
Brazil,Adidas,group_or_knockout,budget_cut,4.276,3.9767,-0.2993,3.6967,4.2567,SCM_synthetic_control_compatible_stress_test,Budget cut weakens activation reach and conversion quality.
Brazil,Adidas,group_or_knockout,budget_increase,4.276,4.6181,0.3421,4.3481,4.8881,SCM_synthetic_control_compatible_stress_test,Higher spend can lift ROI when brand fit and attention are strong.
Brazil,Adidas,group_or_knockout,negative_news_shock,4.276,3.5063,-0.7697,3.1263,3.8863,SCM_synthetic_control_compatible_stress_test,Negative sentiment compresses conversion despite exposure.
Brazil,Adidas,group_or_knockout,player_absent,4.274,3.7611,-0.5129,3.4411,4.0811,SCM_synthetic_control_compatible_stress_test,Core player absence lowers attention and performance confidence.
Brazil,Adidas,group_or_knockout,media_surge,4.274,4.8724,0.5984,4.6124,5.1324,SCM_synthetic_control_compatible_stress_test,Paid and earned media surge increases upside but adds volatility.
Brazil,Adidas,group_or_knockout,budget_cut,4.274,3.9748,-0.2992,3.6948,4.2548,SCM_synthetic_control_compatible_stress_test,Budget cut weakens activation reach and conversion quality.
Brazil,Adidas,group_or_knockout,budget_increase,4.274,4.6159,0.3419,4.3459,4.8859,SCM_synthetic_control_compatible_stress_test,Higher spend can lift ROI when brand fit and attention are strong.
Brazil,Adidas,group_or_knockout,negative_news_shock,4.274,3.5047,-0.7693,3.1247,3.8847,SCM_synthetic_control_compatible_stress_test,Negative sentiment compresses conversion despite exposure.
Sweden,Budweiser,group_or_knockout,player_absent,4.274,3.7611,-0.5129,3.4411,4.0811,SCM_synthetic_control_compatible_stress_test,Core player absence lowers attention and performance confidence.
Sweden,Budweiser,group_or_knockout,media_surge,4.274,4.8724,0.5984,4.6124,5.1324,SCM_synthetic_control_compatible_stress_test,Paid and earned media surge increases upside but adds volatility.
Sweden,Budweiser,group_or_knockout,budget_cut,4.274,3.9748,-0.2992,3.6948,4.2548,SCM_synthetic_control_compatible_stress_test,Budget cut weakens activation reach and conversion quality.
Sweden,Budweiser,group_or_knockout,budget_increase,4.274,4.6159,0.3419,4.3459,4.8859,SCM_synthetic_control_compatible_stress_test,Higher spend can lift ROI when brand fit and attention are strong.
Sweden,Budweiser,group_or_knockout,negative_news_shock,4.274,3.5047,-0.7693,3.1247,3.8847,SCM_synthetic_control_compatible_stress_test,Negative sentiment compresses conversion despite exposure.
Denmark,Adidas,group_or_knockout,player_absent,4.263,3.7514,-0.5116,3.4314,4.0714,SCM_synthetic_control_compatible_stress_test,Core player absence lowers attention and performance confidence.
Denmark,Adidas,group_or_knockout,media_surge,4.263,4.8598,0.5968,4.5998,5.1198,SCM_synthetic_control_compatible_stress_test,Paid and earned media surge increases upside but adds volatility.
Denmark,Adidas,group_or_knockout,budget_cut,4.263,3.9646,-0.2984,3.6846,4.2446,SCM_synthetic_control_compatible_stress_test,Budget cut weakens activation reach and conversion quality.
Denmark,Adidas,group_or_knockout,budget_increase,4.263,4.604,0.341,4.334,4.874,SCM_synthetic_control_compatible_stress_test,Higher spend can lift ROI when brand fit and attention are strong.
Denmark,Adidas,group_or_knockout,negative_news_shock,4.263,3.4957,-0.7673,3.1157,3.8757,SCM_synthetic_control_compatible_stress_test,Negative sentiment compresses conversion despite exposure.
Brazil,Adidas,group_or_knockout,player_absent,4.263,3.7514,-0.5116,3.4314,4.0714,SCM_synthetic_control_compatible_stress_test,Core player absence lowers attention and performance confidence.
Brazil,Adidas,group_or_knockout,media_surge,4.263,4.8598,0.5968,4.5998,5.1198,SCM_synthetic_control_compatible_stress_test,Paid and earned media surge increases upside but adds volatility.
Brazil,Adidas,group_or_knockout,budget_cut,4.263,3.9646,-0.2984,3.6846,4.2446,SCM_synthetic_control_compatible_stress_test,Budget cut weakens activation reach and conversion quality.
Brazil,Adidas,group_or_knockout,budget_increase,4.263,4.604,0.341,4.334,4.874,SCM_synthetic_control_compatible_stress_test,Higher spend can lift ROI when brand fit and attention are strong.
Brazil,Adidas,group_or_knockout,negative_news_shock,4.263,3.4957,-0.7673,3.1157,3.8757,SCM_synthetic_control_compatible_stress_test,Negative sentiment compresses conversion despite exposure.
Cameroon,Hyundai,group_or_knockout,player_absent,4.262,3.7506,-0.5114,3.4306,4.0706,SCM_synthetic_control_compatible_stress_test,Core player absence lowers attention and performance confidence.
Cameroon,Hyundai,group_or_knockout,media_surge,4.262,4.8587,0.5967,4.5987,5.1187,SCM_synthetic_control_compatible_stress_test,Paid and earned media surge increases upside but adds volatility.
Cameroon,Hyundai,group_or_knockout,budget_cut,4.262,3.9637,-0.2983,3.6837,4.2437,SCM_synthetic_control_compatible_stress_test,Budget cut weakens activation reach and conversion quality.
Cameroon,Hyundai,group_or_knockout,budget_increase,4.262,4.603,0.341,4.333,4.873,SCM_synthetic_control_compatible_stress_test,Higher spend can lift ROI when brand fit and attention are strong.
Cameroon,Hyundai,group_or_knockout,negative_news_shock,4.262,3.4948,-0.7672,3.1148,3.8748,SCM_synthetic_control_compatible_stress_test,Negative sentiment compresses conversion despite exposure.
Russia,Hyundai,group_or_knockout,player_absent,4.262,3.7506,-0.5114,3.4306,4.0706,SCM_synthetic_control_compatible_stress_test,Core player absence lowers attention and performance confidence.
Russia,Hyundai,group_or_knockout,media_surge,4.262,4.8587,0.5967,4.5987,5.1187,SCM_synthetic_control_compatible_stress_test,Paid and earned media surge increases upside but adds volatility.
Russia,Hyundai,group_or_knockout,budget_cut,4.262,3.9637,-0.2983,3.6837,4.2437,SCM_synthetic_control_compatible_stress_test,Budget cut weakens activation reach and conversion quality.
Russia,Hyundai,group_or_knockout,budget_increase,4.262,4.603,0.341,4.333,4.873,SCM_synthetic_control_compatible_stress_test,Higher spend can lift ROI when brand fit and attention are strong.
Russia,Hyundai,group_or_knockout,negative_news_shock,4.262,3.4948,-0.7672,3.1148,3.8748,SCM_synthetic_control_compatible_stress_test,Negative sentiment compresses conversion despite exposure.
Peru,Budweiser,tournament,player_absent,4.257,3.7462,-0.5108,3.4262,4.0662,SCM_synthetic_control_compatible_stress_test,Core player absence lowers attention and performance confidence.
Peru,Budweiser,tournament,media_surge,4.257,4.853,0.596,4.593,5.113,SCM_synthetic_control_compatible_stress_test,Paid and earned media surge increases upside but adds volatility.
Peru,Budweiser,tournament,budget_cut,4.257,3.959,-0.298,3.679,4.239,SCM_synthetic_control_compatible_stress_test,Budget cut weakens activation reach and conversion quality.
Peru,Budweiser,tournament,budget_increase,4.257,4.5976,0.3406,4.3276,4.8676,SCM_synthetic_control_compatible_stress_test,Higher spend can lift ROI when brand fit and attention are strong.
Peru,Budweiser,tournament,negative_news_shock,4.257,3.4907,-0.7663,3.1107,3.8707,SCM_synthetic_control_compatible_stress_test,Negative sentiment compresses conversion despite exposure.
Brazil,Adidas,tournament,player_absent,4.257,3.7462,-0.5108,3.4262,4.0662,SCM_synthetic_control_compatible_stress_test,Core player absence lowers attention and performance confidence.
Brazil,Adidas,tournament,media_surge,4.257,4.853,0.596,4.593,5.113,SCM_synthetic_control_compatible_stress_test,Paid and earned media surge increases upside but adds volatility.
Brazil,Adidas,tournament,budget_cut,4.257,3.959,-0.298,3.679,4.239,SCM_synthetic_control_compatible_stress_test,Budget cut weakens activation reach and conversion quality.
Brazil,Adidas,tournament,budget_increase,4.257,4.5976,0.3406,4.3276,4.8676,SCM_synthetic_control_compatible_stress_test,Higher spend can lift ROI when brand fit and attention are strong.
Brazil,Adidas,tournament,negative_news_shock,4.257,3.4907,-0.7663,3.1107,3.8707,SCM_synthetic_control_compatible_stress_test,Negative sentiment compresses conversion despite exposure.
Brazil,Adidas,tournament,player_absent,4.253,3.7426,-0.5104,3.4226,4.0626,SCM_synthetic_control_compatible_stress_test,Core player absence lowers attention and performance confidence.
Brazil,Adidas,tournament,media_surge,4.253,4.8484,0.5954,4.5884,5.1084,SCM_synthetic_control_compatible_stress_test,Paid and earned media surge increases upside but adds volatility.
Brazil,Adidas,tournament,budget_cut,4.253,3.9553,-0.2977,3.6753,4.2353,SCM_synthetic_control_compatible_stress_test,Budget cut weakens activation reach and conversion quality.
Brazil,Adidas,tournament,budget_increase,4.253,4.5932,0.3402,4.3232,4.8632,SCM_synthetic_control_compatible_stress_test,Higher spend can lift ROI when brand fit and attention are strong.
Brazil,Adidas,tournament,negative_news_shock,4.253,3.4875,-0.7655,3.1075,3.8675,SCM_synthetic_control_compatible_stress_test,Negative sentiment compresses conversion despite exposure.
New Zealand,McDonald's,tournament,player_absent,4.253,3.7426,-0.5104,3.4226,4.0626,SCM_synthetic_control_compatible_stress_test,Core player absence lowers attention and performance confidence.
New Zealand,McDonald's,tournament,media_surge,4.253,4.8484,0.5954,4.5884,5.1084,SCM_synthetic_control_compatible_stress_test,Paid and earned media surge increases upside but adds volatility.
New Zealand,McDonald's,tournament,budget_cut,4.253,3.9553,-0.2977,3.6753,4.2353,SCM_synthetic_control_compatible_stress_test,Budget cut weakens activation reach and conversion quality.
New Zealand,McDonald's,tournament,budget_increase,4.253,4.5932,0.3402,4.3232,4.8632,SCM_synthetic_control_compatible_stress_test,Higher spend can lift ROI when brand fit and attention are strong.
New Zealand,McDonald's,tournament,negative_news_shock,4.253,3.4875,-0.7655,3.1075,3.8675,SCM_synthetic_control_compatible_stress_test,Negative sentiment compresses conversion despite exposure.
Brazil,Adidas,group_or_knockout,player_absent,4.25,3.74,-0.51,3.42,4.06,SCM_synthetic_control_compatible_stress_test,Core player absence lowers attention and performance confidence.
Brazil,Adidas,group_or_knockout,media_surge,4.25,4.845,0.595,4.585,5.105,SCM_synthetic_control_compatible_stress_test,Paid and earned media surge increases upside but adds volatility.
Brazil,Adidas,group_or_knockout,budget_cut,4.25,3.9525,-0.2975,3.6725,4.2325,SCM_synthetic_control_compatible_stress_test,Budget cut weakens activation reach and conversion quality.
Brazil,Adidas,group_or_knockout,budget_increase,4.25,4.59,0.34,4.32,4.86,SCM_synthetic_control_compatible_stress_test,Higher spend can lift ROI when brand fit and attention are strong.
Brazil,Adidas,group_or_knockout,negative_news_shock,4.25,3.485,-0.765,3.105,3.865,SCM_synthetic_control_compatible_stress_test,Negative sentiment compresses conversion despite exposure.
Belgium,Visa,group_or_knockout,player_absent,4.25,3.74,-0.51,3.42,4.06,SCM_synthetic_control_compatible_stress_test,Core player absence lowers attention and performance confidence.
Belgium,Visa,group_or_knockout,media_surge,4.25,4.845,0.595,4.585,5.105,SCM_synthetic_control_compatible_stress_test,Paid and earned media surge increases upside but adds volatility.
Belgium,Visa,group_or_knockout,budget_cut,4.25,3.9525,-0.2975,3.6725,4.2325,SCM_synthetic_control_compatible_stress_test,Budget cut weakens activation reach and conversion quality.
Belgium,Visa,group_or_knockout,budget_increase,4.25,4.59,0.34,4.32,4.86,SCM_synthetic_control_compatible_stress_test,Higher spend can lift ROI when brand fit and attention are strong.
Belgium,Visa,group_or_knockout,negative_news_shock,4.25,3.485,-0.765,3.105,3.865,SCM_synthetic_control_compatible_stress_test,Negative sentiment compresses conversion despite exposure.
Brazil,Adidas,tournament,player_absent,4.248,3.7382,-0.5098,3.4182,4.0582,SCM_synthetic_control_compatible_stress_test,Core player absence lowers attention and performance confidence.
Brazil,Adidas,tournament,media_surge,4.248,4.8427,0.5947,4.5827,5.1027,SCM_synthetic_control_compatible_stress_test,Paid and earned media surge increases upside but adds volatility.
Brazil,Adidas,tournament,budget_cut,4.248,3.9506,-0.2974,3.6706,4.2306,SCM_synthetic_control_compatible_stress_test,Budget cut weakens activation reach and conversion quality.
Brazil,Adidas,tournament,budget_increase,4.248,4.5878,0.3398,4.3178,4.8578,SCM_synthetic_control_compatible_stress_test,Higher spend can lift ROI when brand fit and attention are strong.
Brazil,Adidas,tournament,negative_news_shock,4.248,3.4834,-0.7646,3.1034,3.8634,SCM_synthetic_control_compatible_stress_test,Negative sentiment compresses conversion despite exposure.
Poland,Coca-Cola,tournament,player_absent,4.248,3.7382,-0.5098,3.4182,4.0582,SCM_synthetic_control_compatible_stress_test,Core player absence lowers attention and performance confidence.
Poland,Coca-Cola,tournament,media_surge,4.248,4.8427,0.5947,4.5827,5.1027,SCM_synthetic_control_compatible_stress_test,Paid and earned media surge increases upside but adds volatility.
Poland,Coca-Cola,tournament,budget_cut,4.248,3.9506,-0.2974,3.6706,4.2306,SCM_synthetic_control_compatible_stress_test,Budget cut weakens activation reach and conversion quality.
Poland,Coca-Cola,tournament,budget_increase,4.248,4.5878,0.3398,4.3178,4.8578,SCM_synthetic_control_compatible_stress_test,Higher spend can lift ROI when brand fit and attention are strong.
Poland,Coca-Cola,tournament,negative_news_shock,4.248,3.4834,-0.7646,3.1034,3.8634,SCM_synthetic_control_compatible_stress_test,Negative sentiment compresses conversion despite exposure.
France,Qatar Airways,group_or_knockout,player_absent,4.245,3.7356,-0.5094,3.4156,4.0556,SCM_synthetic_control_compatible_stress_test,Core player absence lowers attention and performance confidence.
France,Qatar Airways,group_or_knockout,media_surge,4.245,4.8393,0.5943,4.5793,5.0993,SCM_synthetic_control_compatible_stress_test,Paid and earned media surge increases upside but adds volatility.
France,Qatar Airways,group_or_knockout,budget_cut,4.245,3.9479,-0.2971,3.6679,4.2279,SCM_synthetic_control_compatible_stress_test,Budget cut weakens activation reach and conversion quality.
France,Qatar Airways,group_or_knockout,budget_increase,4.245,4.5846,0.3396,4.3146,4.8546,SCM_synthetic_control_compatible_stress_test,Higher spend can lift ROI when brand fit and attention are strong.
France,Qatar Airways,group_or_knockout,negative_news_shock,4.245,3.4809,-0.7641,3.1009,3.8609,SCM_synthetic_control_compatible_stress_test,Negative sentiment compresses conversion despite exposure.
Croatia,Hisense,group_or_knockout,player_absent,4.245,3.7356,-0.5094,3.4156,4.0556,SCM_synthetic_control_compatible_stress_test,Core player absence lowers attention and performance confidence.
Croatia,Hisense,group_or_knockout,media_surge,4.245,4.8393,0.5943,4.5793,5.0993,SCM_synthetic_control_compatible_stress_test,Paid and earned media surge increases upside but adds volatility.
Croatia,Hisense,group_or_knockout,budget_cut,4.245,3.9479,-0.2971,3.6679,4.2279,SCM_synthetic_control_compatible_stress_test,Budget cut weakens activation reach and conversion quality.
Croatia,Hisense,group_or_knockout,budget_increase,4.245,4.5846,0.3396,4.3146,4.8546,SCM_synthetic_control_compatible_stress_test,Higher spend can lift ROI when brand fit and attention are strong.
Croatia,Hisense,group_or_knockout,negative_news_shock,4.245,3.4809,-0.7641,3.1009,3.8609,SCM_synthetic_control_compatible_stress_test,Negative sentiment compresses conversion despite exposure.
Netherlands,Hisense,group_or_knockout,player_absent,4.236,3.7277,-0.5083,3.4077,4.0477,SCM_synthetic_control_compatible_stress_test,Core player absence lowers attention and performance confidence.
Netherlands,Hisense,group_or_knockout,media_surge,4.236,4.829,0.593,4.569,5.089,SCM_synthetic_control_compatible_stress_test,Paid and earned media surge increases upside but adds volatility.
Netherlands,Hisense,group_or_knockout,budget_cut,4.236,3.9395,-0.2965,3.6595,4.2195,SCM_synthetic_control_compatible_stress_test,Budget cut weakens activation reach and conversion quality.
Netherlands,Hisense,group_or_knockout,budget_increase,4.236,4.5749,0.3389,4.3049,4.8449,SCM_synthetic_control_compatible_stress_test,Higher spend can lift ROI when brand fit and attention are strong.
Netherlands,Hisense,group_or_knockout,negative_news_shock,4.236,3.4735,-0.7625,3.0935,3.8535,SCM_synthetic_control_compatible_stress_test,Negative sentiment compresses conversion despite exposure.
Brazil,Adidas,group_or_knockout,player_absent,4.236,3.7277,-0.5083,3.4077,4.0477,SCM_synthetic_control_compatible_stress_test,Core player absence lowers attention and performance confidence.
Brazil,Adidas,group_or_knockout,media_surge,4.236,4.829,0.593,4.569,5.089,SCM_synthetic_control_compatible_stress_test,Paid and earned media surge increases upside but adds volatility.
Brazil,Adidas,group_or_knockout,budget_cut,4.236,3.9395,-0.2965,3.6595,4.2195,SCM_synthetic_control_compatible_stress_test,Budget cut weakens activation reach and conversion quality.
Brazil,Adidas,group_or_knockout,budget_increase,4.236,4.5749,0.3389,4.3049,4.8449,SCM_synthetic_control_compatible_stress_test,Higher spend can lift ROI when brand fit and attention are strong.
Brazil,Adidas,group_or_knockout,negative_news_shock,4.236,3.4735,-0.7625,3.0935,3.8535,SCM_synthetic_control_compatible_stress_test,Negative sentiment compresses conversion despite exposure.
Scotland,Adidas,group_or_knockout,player_absent,4.228,3.7206,-0.5074,3.4006,4.0406,SCM_synthetic_control_compatible_stress_test,Core player absence lowers attention and performance confidence.
Scotland,Adidas,group_or_knockout,media_surge,4.228,4.8199,0.5919,4.5599,5.0799,SCM_synthetic_control_compatible_stress_test,Paid and earned media surge increases upside but adds volatility.
Scotland,Adidas,group_or_knockout,budget_cut,4.228,3.932,-0.296,3.652,4.212,SCM_synthetic_control_compatible_stress_test,Budget cut weakens activation reach and conversion quality.
Scotland,Adidas,group_or_knockout,budget_increase,4.228,4.5662,0.3382,4.2962,4.8362,SCM_synthetic_control_compatible_stress_test,Higher spend can lift ROI when brand fit and attention are strong.
Scotland,Adidas,group_or_knockout,negative_news_shock,4.228,3.467,-0.761,3.087,3.847,SCM_synthetic_control_compatible_stress_test,Negative sentiment compresses conversion despite exposure.
Brazil,Adidas,group_or_knockout,player_absent,4.228,3.7206,-0.5074,3.4006,4.0406,SCM_synthetic_control_compatible_stress_test,Core player absence lowers attention and performance confidence.
Brazil,Adidas,group_or_knockout,media_surge,4.228,4.8199,0.5919,4.5599,5.0799,SCM_synthetic_control_compatible_stress_test,Paid and earned media surge increases upside but adds volatility.
Brazil,Adidas,group_or_knockout,budget_cut,4.228,3.932,-0.296,3.652,4.212,SCM_synthetic_control_compatible_stress_test,Budget cut weakens activation reach and conversion quality.
Brazil,Adidas,group_or_knockout,budget_increase,4.228,4.5662,0.3382,4.2962,4.8362,SCM_synthetic_control_compatible_stress_test,Higher spend can lift ROI when brand fit and attention are strong.
Brazil,Adidas,group_or_knockout,negative_news_shock,4.228,3.467,-0.761,3.087,3.847,SCM_synthetic_control_compatible_stress_test,Negative sentiment compresses conversion despite exposure.
France,Qatar Airways,group_or_knockout,player_absent,4.227,3.7198,-0.5072,3.3998,4.0398,SCM_synthetic_control_compatible_stress_test,Core player absence lowers attention and performance confidence.
France,Qatar Airways,group_or_knockout,media_surge,4.227,4.8188,0.5918,4.5588,5.0788,SCM_synthetic_control_compatible_stress_test,Paid and earned media surge increases upside but adds volatility.
France,Qatar Airways,group_or_knockout,budget_cut,4.227,3.9311,-0.2959,3.6511,4.2111,SCM_synthetic_control_compatible_stress_test,Budget cut weakens activation reach and conversion quality.
France,Qatar Airways,group_or_knockout,budget_increase,4.227,4.5652,0.3382,4.2952,4.8352,SCM_synthetic_control_compatible_stress_test,Higher spend can lift ROI when brand fit and attention are strong.
France,Qatar Airways,group_or_knockout,negative_news_shock,4.227,3.4661,-0.7609,3.0861,3.8461,SCM_synthetic_control_compatible_stress_test,Negative sentiment compresses conversion despite exposure.
Brazil,Adidas,group_or_knockout,player_absent,4.227,3.7198,-0.5072,3.3998,4.0398,SCM_synthetic_control_compatible_stress_test,Core player absence lowers attention and performance confidence.
Brazil,Adidas,group_or_knockout,media_surge,4.227,4.8188,0.5918,4.5588,5.0788,SCM_synthetic_control_compatible_stress_test,Paid and earned media surge increases upside but adds volatility.
Brazil,Adidas,group_or_knockout,budget_cut,4.227,3.9311,-0.2959,3.6511,4.2111,SCM_synthetic_control_compatible_stress_test,Budget cut weakens activation reach and conversion quality.
Brazil,Adidas,group_or_knockout,budget_increase,4.227,4.5652,0.3382,4.2952,4.8352,SCM_synthetic_control_compatible_stress_test,Higher spend can lift ROI when brand fit and attention are strong.
Brazil,Adidas,group_or_knockout,negative_news_shock,4.227,3.4661,-0.7609,3.0861,3.8461,SCM_synthetic_control_compatible_stress_test,Negative sentiment compresses conversion despite exposure.
Brazil,Adidas,group_or_knockout,player_absent,4.223,3.7162,-0.5068,3.3962,4.0362,SCM_synthetic_control_compatible_stress_test,Core player absence lowers attention and performance confidence.
Brazil,Adidas,group_or_knockout,media_surge,4.223,4.8142,0.5912,4.5542,5.0742,SCM_synthetic_control_compatible_stress_test,Paid and earned media surge increases upside but adds volatility.
Brazil,Adidas,group_or_knockout,budget_cut,4.223,3.9274,-0.2956,3.6474,4.2074,SCM_synthetic_control_compatible_stress_test,Budget cut weakens activation reach and conversion quality.
Brazil,Adidas,group_or_knockout,budget_increase,4.223,4.5608,0.3378,4.2908,4.8308,SCM_synthetic_control_compatible_stress_test,Higher spend can lift ROI when brand fit and attention are strong.
Brazil,Adidas,group_or_knockout,negative_news_shock,4.223,3.4629,-0.7601,3.0829,3.8429,SCM_synthetic_control_compatible_stress_test,Negative sentiment compresses conversion despite exposure.
Turkey,Hyundai,group_or_knockout,player_absent,4.223,3.7162,-0.5068,3.3962,4.0362,SCM_synthetic_control_compatible_stress_test,Core player absence lowers attention and performance confidence.
Turkey,Hyundai,group_or_knockout,media_surge,4.223,4.8142,0.5912,4.5542,5.0742,SCM_synthetic_control_compatible_stress_test,Paid and earned media surge increases upside but adds volatility.
Turkey,Hyundai,group_or_knockout,budget_cut,4.223,3.9274,-0.2956,3.6474,4.2074,SCM_synthetic_control_compatible_stress_test,Budget cut weakens activation reach and conversion quality.
Turkey,Hyundai,group_or_knockout,budget_increase,4.223,4.5608,0.3378,4.2908,4.8308,SCM_synthetic_control_compatible_stress_test,Higher spend can lift ROI when brand fit and attention are strong.
Turkey,Hyundai,group_or_knockout,negative_news_shock,4.223,3.4629,-0.7601,3.0829,3.8429,SCM_synthetic_control_compatible_stress_test,Negative sentiment compresses conversion despite exposure.
Brazil,Adidas,tournament,player_absent,4.223,3.7162,-0.5068,3.3962,4.0362,SCM_synthetic_control_compatible_stress_test,Core player absence lowers attention and performance confidence.
Brazil,Adidas,tournament,media_surge,4.223,4.8142,0.5912,4.5542,5.0742,SCM_synthetic_control_compatible_stress_test,Paid and earned media surge increases upside but adds volatility.
Brazil,Adidas,tournament,budget_cut,4.223,3.9274,-0.2956,3.6474,4.2074,SCM_synthetic_control_compatible_stress_test,Budget cut weakens activation reach and conversion quality.
Brazil,Adidas,tournament,budget_increase,4.223,4.5608,0.3378,4.2908,4.8308,SCM_synthetic_control_compatible_stress_test,Higher spend can lift ROI when brand fit and attention are strong.
Brazil,Adidas,tournament,negative_news_shock,4.223,3.4629,-0.7601,3.0829,3.8429,SCM_synthetic_control_compatible_stress_test,Negative sentiment compresses conversion despite exposure.
Brazil,Adidas,group_or_knockout,player_absent,4.223,3.7162,-0.5068,3.3962,4.0362,SCM_synthetic_control_compatible_stress_test,Core player absence lowers attention and performance confidence.
Brazil,Adidas,group_or_knockout,media_surge,4.223,4.8142,0.5912,4.5542,5.0742,SCM_synthetic_control_compatible_stress_test,Paid and earned media surge increases upside but adds volatility.
Brazil,Adidas,group_or_knockout,budget_cut,4.223,3.9274,-0.2956,3.6474,4.2074,SCM_synthetic_control_compatible_stress_test,Budget cut weakens activation reach and conversion quality.
Brazil,Adidas,group_or_knockout,budget_increase,4.223,4.5608,0.3378,4.2908,4.8308,SCM_synthetic_control_compatible_stress_test,Higher spend can lift ROI when brand fit and attention are strong.
Brazil,Adidas,group_or_knockout,negative_news_shock,4.223,3.4629,-0.7601,3.0829,3.8429,SCM_synthetic_control_compatible_stress_test,Negative sentiment compresses conversion despite exposure.
France,Qatar Airways,tournament,player_absent,4.223,3.7162,-0.5068,3.3962,4.0362,SCM_synthetic_control_compatible_stress_test,Core player absence lowers attention and performance confidence.
France,Qatar Airways,tournament,media_surge,4.223,4.8142,0.5912,4.5542,5.0742,SCM_synthetic_control_compatible_stress_test,Paid and earned media surge increases upside but adds volatility.
France,Qatar Airways,tournament,budget_cut,4.223,3.9274,-0.2956,3.6474,4.2074,SCM_synthetic_control_compatible_stress_test,Budget cut weakens activation reach and conversion quality.
France,Qatar Airways,tournament,budget_increase,4.223,4.5608,0.3378,4.2908,4.8308,SCM_synthetic_control_compatible_stress_test,Higher spend can lift ROI when brand fit and attention are strong.
France,Qatar Airways,tournament,negative_news_shock,4.223,3.4629,-0.7601,3.0829,3.8429,SCM_synthetic_control_compatible_stress_test,Negative sentiment compresses conversion despite exposure.
Algeria,Budweiser,group_or_knockout,player_absent,4.223,3.7162,-0.5068,3.3962,4.0362,SCM_synthetic_control_compatible_stress_test,Core player absence lowers attention and performance confidence.
Algeria,Budweiser,group_or_knockout,media_surge,4.223,4.8142,0.5912,4.5542,5.0742,SCM_synthetic_control_compatible_stress_test,Paid and earned media surge increases upside but adds volatility.
Algeria,Budweiser,group_or_knockout,budget_cut,4.223,3.9274,-0.2956,3.6474,4.2074,SCM_synthetic_control_compatible_stress_test,Budget cut weakens activation reach and conversion quality.
Algeria,Budweiser,group_or_knockout,budget_increase,4.223,4.5608,0.3378,4.2908,4.8308,SCM_synthetic_control_compatible_stress_test,Higher spend can lift ROI when brand fit and attention are strong.
Algeria,Budweiser,group_or_knockout,negative_news_shock,4.223,3.4629,-0.7601,3.0829,3.8429,SCM_synthetic_control_compatible_stress_test,Negative sentiment compresses conversion despite exposure.
Italy,Visa,group_or_knockout,player_absent,4.215,3.7092,-0.5058,3.3892,4.0292,SCM_synthetic_control_compatible_stress_test,Core player absence lowers attention and performance confidence.
Italy,Visa,group_or_knockout,media_surge,4.215,4.8051,0.5901,4.5451,5.0651,SCM_synthetic_control_compatible_stress_test,Paid and earned media surge increases upside but adds volatility.
Italy,Visa,group_or_knockout,budget_cut,4.215,3.92,-0.295,3.6399,4.2,SCM_synthetic_control_compatible_stress_test,Budget cut weakens activation reach and conversion quality.
Italy,Visa,group_or_knockout,budget_increase,4.215,4.5522,0.3372,4.2822,4.8222,SCM_synthetic_control_compatible_stress_test,Higher spend can lift ROI when brand fit and attention are strong.
Italy,Visa,group_or_knockout,negative_news_shock,4.215,3.4563,-0.7587,3.0763,3.8363,SCM_synthetic_control_compatible_stress_test,Negative sentiment compresses conversion despite exposure.
New Zealand,McDonald's,group_or_knockout,player_absent,4.215,3.7092,-0.5058,3.3892,4.0292,SCM_synthetic_control_compatible_stress_test,Core player absence lowers attention and performance confidence.
New Zealand,McDonald's,group_or_knockout,media_surge,4.215,4.8051,0.5901,4.5451,5.0651,SCM_synthetic_control_compatible_stress_test,Paid and earned media surge increases upside but adds volatility.
New Zealand,McDonald's,group_or_knockout,budget_cut,4.215,3.92,-0.295,3.6399,4.2,SCM_synthetic_control_compatible_stress_test,Budget cut weakens activation reach and conversion quality.
New Zealand,McDonald's,group_or_knockout,budget_increase,4.215,4.5522,0.3372,4.2822,4.8222,SCM_synthetic_control_compatible_stress_test,Higher spend can lift ROI when brand fit and attention are strong.
New Zealand,McDonald's,group_or_knockout,negative_news_shock,4.215,3.4563,-0.7587,3.0763,3.8363,SCM_synthetic_control_compatible_stress_test,Negative sentiment compresses conversion despite exposure.
Brazil,Adidas,group_or_knockout,player_absent,4.212,3.7066,-0.5054,3.3866,4.0266,SCM_synthetic_control_compatible_stress_test,Core player absence lowers attention and performance confidence.
Brazil,Adidas,group_or_knockout,media_surge,4.212,4.8017,0.5897,4.5417,5.0617,SCM_synthetic_control_compatible_stress_test,Paid and earned media surge increases upside but adds volatility.
Brazil,Adidas,group_or_knockout,budget_cut,4.212,3.9172,-0.2948,3.6372,4.1972,SCM_synthetic_control_compatible_stress_test,Budget cut weakens activation reach and conversion quality.
Brazil,Adidas,group_or_knockout,budget_increase,4.212,4.549,0.337,4.279,4.819,SCM_synthetic_control_compatible_stress_test,Higher spend can lift ROI when brand fit and attention are strong.
Brazil,Adidas,group_or_knockout,negative_news_shock,4.212,3.4538,-0.7582,3.0738,3.8338,SCM_synthetic_control_compatible_stress_test,Negative sentiment compresses conversion despite exposure.
Costa Rica,Visa,group_or_knockout,player_absent,4.212,3.7066,-0.5054,3.3866,4.0266,SCM_synthetic_control_compatible_stress_test,Core player absence lowers attention and performance confidence.
Costa Rica,Visa,group_or_knockout,media_surge,4.212,4.8017,0.5897,4.5417,5.0617,SCM_synthetic_control_compatible_stress_test,Paid and earned media surge increases upside but adds volatility.
Costa Rica,Visa,group_or_knockout,budget_cut,4.212,3.9172,-0.2948,3.6372,4.1972,SCM_synthetic_control_compatible_stress_test,Budget cut weakens activation reach and conversion quality.
Costa Rica,Visa,group_or_knockout,budget_increase,4.212,4.549,0.337,4.279,4.819,SCM_synthetic_control_compatible_stress_test,Higher spend can lift ROI when brand fit and attention are strong.
Costa Rica,Visa,group_or_knockout,negative_news_shock,4.212,3.4538,-0.7582,3.0738,3.8338,SCM_synthetic_control_compatible_stress_test,Negative sentiment compresses conversion despite exposure.
Brazil,Adidas,tournament,player_absent,4.205,3.7004,-0.5046,3.3804,4.0204,SCM_synthetic_control_compatible_stress_test,Core player absence lowers attention and performance confidence.
Brazil,Adidas,tournament,media_surge,4.205,4.7937,0.5887,4.5337,5.0537,SCM_synthetic_control_compatible_stress_test,Paid and earned media surge increases upside but adds volatility.
Brazil,Adidas,tournament,budget_cut,4.205,3.9107,-0.2943,3.6307,4.1907,SCM_synthetic_control_compatible_stress_test,Budget cut weakens activation reach and conversion quality.
Brazil,Adidas,tournament,budget_increase,4.205,4.5414,0.3364,4.2714,4.8114,SCM_synthetic_control_compatible_stress_test,Higher spend can lift ROI when brand fit and attention are strong.
Brazil,Adidas,tournament,negative_news_shock,4.205,3.4481,-0.7569,3.0681,3.8281,SCM_synthetic_control_compatible_stress_test,Negative sentiment compresses conversion despite exposure.
Italy,Visa,tournament,player_absent,4.205,3.7004,-0.5046,3.3804,4.0204,SCM_synthetic_control_compatible_stress_test,Core player absence lowers attention and performance confidence.
Italy,Visa,tournament,media_surge,4.205,4.7937,0.5887,4.5337,5.0537,SCM_synthetic_control_compatible_stress_test,Paid and earned media surge increases upside but adds volatility.
Italy,Visa,tournament,budget_cut,4.205,3.9107,-0.2943,3.6307,4.1907,SCM_synthetic_control_compatible_stress_test,Budget cut weakens activation reach and conversion quality.
Italy,Visa,tournament,budget_increase,4.205,4.5414,0.3364,4.2714,4.8114,SCM_synthetic_control_compatible_stress_test,Higher spend can lift ROI when brand fit and attention are strong.
Italy,Visa,tournament,negative_news_shock,4.205,3.4481,-0.7569,3.0681,3.8281,SCM_synthetic_control_compatible_stress_test,Negative sentiment compresses conversion despite exposure.
Spain,Budweiser,tournament,player_absent,4.2,3.696,-0.504,3.376,4.016,SCM_synthetic_control_compatible_stress_test,Core player absence lowers attention and performance confidence.
Spain,Budweiser,tournament,media_surge,4.2,4.788,0.588,4.528,5.048,SCM_synthetic_control_compatible_stress_test,Paid and earned media surge increases upside but adds volatility.
Spain,Budweiser,tournament,budget_cut,4.2,3.906,-0.294,3.626,4.186,SCM_synthetic_control_compatible_stress_test,Budget cut weakens activation reach and conversion quality.
Spain,Budweiser,tournament,budget_increase,4.2,4.536,0.336,4.266,4.806,SCM_synthetic_control_compatible_stress_test,Higher spend can lift ROI when brand fit and attention are strong.
Spain,Budweiser,tournament,negative_news_shock,4.2,3.444,-0.756,3.064,3.824,SCM_synthetic_control_compatible_stress_test,Negative sentiment compresses conversion despite exposure.
Brazil,Adidas,tournament,player_absent,4.2,3.696,-0.504,3.376,4.016,SCM_synthetic_control_compatible_stress_test,Core player absence lowers attention and performance confidence.
Brazil,Adidas,tournament,media_surge,4.2,4.788,0.588,4.528,5.048,SCM_synthetic_control_compatible_stress_test,Paid and earned media surge increases upside but adds volatility.
Brazil,Adidas,tournament,budget_cut,4.2,3.906,-0.294,3.626,4.186,SCM_synthetic_control_compatible_stress_test,Budget cut weakens activation reach and conversion quality.
Brazil,Adidas,tournament,budget_increase,4.2,4.536,0.336,4.266,4.806,SCM_synthetic_control_compatible_stress_test,Higher spend can lift ROI when brand fit and attention are strong.
Brazil,Adidas,tournament,negative_news_shock,4.2,3.444,-0.756,3.064,3.824,SCM_synthetic_control_compatible_stress_test,Negative sentiment compresses conversion despite exposure.
Russia,Hyundai,group_or_knockout,player_absent,4.186,3.6837,-0.5023,3.3637,4.0037,SCM_synthetic_control_compatible_stress_test,Core player absence lowers attention and performance confidence.
Russia,Hyundai,group_or_knockout,media_surge,4.186,4.772,0.586,4.512,5.032,SCM_synthetic_control_compatible_stress_test,Paid and earned media surge increases upside but adds volatility.
Russia,Hyundai,group_or_knockout,budget_cut,4.186,3.893,-0.293,3.613,4.173,SCM_synthetic_control_compatible_stress_test,Budget cut weakens activation reach and conversion quality.
Russia,Hyundai,group_or_knockout,budget_increase,4.186,4.5209,0.3349,4.2509,4.7909,SCM_synthetic_control_compatible_stress_test,Higher spend can lift ROI when brand fit and attention are strong.
Russia,Hyundai,group_or_knockout,negative_news_shock,4.186,3.4325,-0.7535,3.0525,3.8125,SCM_synthetic_control_compatible_stress_test,Negative sentiment compresses conversion despite exposure.
Spain,Budweiser,group_or_knockout,player_absent,4.186,3.6837,-0.5023,3.3637,4.0037,SCM_synthetic_control_compatible_stress_test,Core player absence lowers attention and performance confidence.
Spain,Budweiser,group_or_knockout,media_surge,4.186,4.772,0.586,4.512,5.032,SCM_synthetic_control_compatible_stress_test,Paid and earned media surge increases upside but adds volatility.
Spain,Budweiser,group_or_knockout,budget_cut,4.186,3.893,-0.293,3.613,4.173,SCM_synthetic_control_compatible_stress_test,Budget cut weakens activation reach and conversion quality.
Spain,Budweiser,group_or_knockout,budget_increase,4.186,4.5209,0.3349,4.2509,4.7909,SCM_synthetic_control_compatible_stress_test,Higher spend can lift ROI when brand fit and attention are strong.
Spain,Budweiser,group_or_knockout,negative_news_shock,4.186,3.4325,-0.7535,3.0525,3.8125,SCM_synthetic_control_compatible_stress_test,Negative sentiment compresses conversion despite exposure.
Italy,Visa,group_or_knockout,player_absent,4.183,3.681,-0.502,3.361,4.001,SCM_synthetic_control_compatible_stress_test,Core player absence lowers attention and performance confidence.
Italy,Visa,group_or_knockout,media_surge,4.183,4.7686,0.5856,4.5086,5.0286,SCM_synthetic_control_compatible_stress_test,Paid and earned media surge increases upside but adds volatility.
Italy,Visa,group_or_knockout,budget_cut,4.183,3.8902,-0.2928,3.6102,4.1702,SCM_synthetic_control_compatible_stress_test,Budget cut weakens activation reach and conversion quality.
Italy,Visa,group_or_knockout,budget_increase,4.183,4.5176,0.3346,4.2476,4.7876,SCM_synthetic_control_compatible_stress_test,Higher spend can lift ROI when brand fit and attention are strong.
Italy,Visa,group_or_knockout,negative_news_shock,4.183,3.4301,-0.7529,3.0501,3.8101,SCM_synthetic_control_compatible_stress_test,Negative sentiment compresses conversion despite exposure.
Croatia,Hisense,group_or_knockout,player_absent,4.183,3.681,-0.502,3.361,4.001,SCM_synthetic_control_compatible_stress_test,Core player absence lowers attention and performance confidence.
Croatia,Hisense,group_or_knockout,media_surge,4.183,4.7686,0.5856,4.5086,5.0286,SCM_synthetic_control_compatible_stress_test,Paid and earned media surge increases upside but adds volatility.
Croatia,Hisense,group_or_knockout,budget_cut,4.183,3.8902,-0.2928,3.6102,4.1702,SCM_synthetic_control_compatible_stress_test,Budget cut weakens activation reach and conversion quality.
Croatia,Hisense,group_or_knockout,budget_increase,4.183,4.5176,0.3346,4.2476,4.7876,SCM_synthetic_control_compatible_stress_test,Higher spend can lift ROI when brand fit and attention are strong.
Croatia,Hisense,group_or_knockout,negative_news_shock,4.183,3.4301,-0.7529,3.0501,3.8101,SCM_synthetic_control_compatible_stress_test,Negative sentiment compresses conversion despite exposure.
Brazil,Adidas,tournament,player_absent,4.174,3.6731,-0.5009,3.3531,3.9931,SCM_synthetic_control_compatible_stress_test,Core player absence lowers attention and performance confidence.
Brazil,Adidas,tournament,media_surge,4.174,4.7584,0.5844,4.4984,5.0184,SCM_synthetic_control_compatible_stress_test,Paid and earned media surge increases upside but adds volatility.
Brazil,Adidas,tournament,budget_cut,4.174,3.8818,-0.2922,3.6018,4.1618,SCM_synthetic_control_compatible_stress_test,Budget cut weakens activation reach and conversion quality.
Brazil,Adidas,tournament,budget_increase,4.174,4.5079,0.3339,4.2379,4.7779,SCM_synthetic_control_compatible_stress_test,Higher spend can lift ROI when brand fit and attention are strong.
Brazil,Adidas,tournament,negative_news_shock,4.174,3.4227,-0.7513,3.0427,3.8027,SCM_synthetic_control_compatible_stress_test,Negative sentiment compresses conversion despite exposure.
Brazil,Adidas,tournament,player_absent,4.174,3.6731,-0.5009,3.3531,3.9931,SCM_synthetic_control_compatible_stress_test,Core player absence lowers attention and performance confidence.
Brazil,Adidas,tournament,media_surge,4.174,4.7584,0.5844,4.4984,5.0184,SCM_synthetic_control_compatible_stress_test,Paid and earned media surge increases upside but adds volatility.
Brazil,Adidas,tournament,budget_cut,4.174,3.8818,-0.2922,3.6018,4.1618,SCM_synthetic_control_compatible_stress_test,Budget cut weakens activation reach and conversion quality.
Brazil,Adidas,tournament,budget_increase,4.174,4.5079,0.3339,4.2379,4.7779,SCM_synthetic_control_compatible_stress_test,Higher spend can lift ROI when brand fit and attention are strong.
Brazil,Adidas,tournament,negative_news_shock,4.174,3.4227,-0.7513,3.0427,3.8027,SCM_synthetic_control_compatible_stress_test,Negative sentiment compresses conversion despite exposure.
Sweden,Budweiser,tournament,player_absent,4.174,3.6731,-0.5009,3.3531,3.9931,SCM_synthetic_control_compatible_stress_test,Core player absence lowers attention and performance confidence.
Sweden,Budweiser,tournament,media_surge,4.174,4.7584,0.5844,4.4984,5.0184,SCM_synthetic_control_compatible_stress_test,Paid and earned media surge increases upside but adds volatility.
Sweden,Budweiser,tournament,budget_cut,4.174,3.8818,-0.2922,3.6018,4.1618,SCM_synthetic_control_compatible_stress_test,Budget cut weakens activation reach and conversion quality.
Sweden,Budweiser,tournament,budget_increase,4.174,4.5079,0.3339,4.2379,4.7779,SCM_synthetic_control_compatible_stress_test,Higher spend can lift ROI when brand fit and attention are strong.
Sweden,Budweiser,tournament,negative_news_shock,4.174,3.4227,-0.7513,3.0427,3.8027,SCM_synthetic_control_compatible_stress_test,Negative sentiment compresses conversion despite exposure.
Poland,Coca-Cola,tournament,player_absent,4.174,3.6731,-0.5009,3.3531,3.9931,SCM_synthetic_control_compatible_stress_test,Core player absence lowers attention and performance confidence.
Poland,Coca-Cola,tournament,media_surge,4.174,4.7584,0.5844,4.4984,5.0184,SCM_synthetic_control_compatible_stress_test,Paid and earned media surge increases upside but adds volatility.
Poland,Coca-Cola,tournament,budget_cut,4.174,3.8818,-0.2922,3.6018,4.1618,SCM_synthetic_control_compatible_stress_test,Budget cut weakens activation reach and conversion quality.
Poland,Coca-Cola,tournament,budget_increase,4.174,4.5079,0.3339,4.2379,4.7779,SCM_synthetic_control_compatible_stress_test,Higher spend can lift ROI when brand fit and attention are strong.
Poland,Coca-Cola,tournament,negative_news_shock,4.174,3.4227,-0.7513,3.0427,3.8027,SCM_synthetic_control_compatible_stress_test,Negative sentiment compresses conversion despite exposure.
Brazil,Adidas,group_or_knockout,player_absent,4.172,3.6714,-0.5006,3.3514,3.9914,SCM_synthetic_control_compatible_stress_test,Core player absence lowers attention and performance confidence.
Brazil,Adidas,group_or_knockout,media_surge,4.172,4.7561,0.5841,4.4961,5.0161,SCM_synthetic_control_compatible_stress_test,Paid and earned media surge increases upside but adds volatility.
Brazil,Adidas,group_or_knockout,budget_cut,4.172,3.88,-0.292,3.6,4.16,SCM_synthetic_control_compatible_stress_test,Budget cut weakens activation reach and conversion quality.
Brazil,Adidas,group_or_knockout,budget_increase,4.172,4.5058,0.3338,4.2358,4.7758,SCM_synthetic_control_compatible_stress_test,Higher spend can lift ROI when brand fit and attention are strong.
Brazil,Adidas,group_or_knockout,negative_news_shock,4.172,3.421,-0.751,3.041,3.801,SCM_synthetic_control_compatible_stress_test,Negative sentiment compresses conversion despite exposure.
Argentina,Hyundai,group_or_knockout,player_absent,4.172,3.6714,-0.5006,3.3514,3.9914,SCM_synthetic_control_compatible_stress_test,Core player absence lowers attention and performance confidence.
Argentina,Hyundai,group_or_knockout,media_surge,4.172,4.7561,0.5841,4.4961,5.0161,SCM_synthetic_control_compatible_stress_test,Paid and earned media surge increases upside but adds volatility.
Argentina,Hyundai,group_or_knockout,budget_cut,4.172,3.88,-0.292,3.6,4.16,SCM_synthetic_control_compatible_stress_test,Budget cut weakens activation reach and conversion quality.
Argentina,Hyundai,group_or_knockout,budget_increase,4.172,4.5058,0.3338,4.2358,4.7758,SCM_synthetic_control_compatible_stress_test,Higher spend can lift ROI when brand fit and attention are strong.
Argentina,Hyundai,group_or_knockout,negative_news_shock,4.172,3.421,-0.751,3.041,3.801,SCM_synthetic_control_compatible_stress_test,Negative sentiment compresses conversion despite exposure.
Spain,Budweiser,tournament,player_absent,4.171,3.6705,-0.5005,3.3505,3.9905,SCM_synthetic_control_compatible_stress_test,Core player absence lowers attention and performance confidence.
Spain,Budweiser,tournament,media_surge,4.171,4.7549,0.5839,4.4949,5.0149,SCM_synthetic_control_compatible_stress_test,Paid and earned media surge increases upside but adds volatility.
Spain,Budweiser,tournament,budget_cut,4.171,3.879,-0.292,3.599,4.159,SCM_synthetic_control_compatible_stress_test,Budget cut weakens activation reach and conversion quality.
Spain,Budweiser,tournament,budget_increase,4.171,4.5047,0.3337,4.2347,4.7747,SCM_synthetic_control_compatible_stress_test,Higher spend can lift ROI when brand fit and attention are strong.
Spain,Budweiser,tournament,negative_news_shock,4.171,3.4202,-0.7508,3.0402,3.8002,SCM_synthetic_control_compatible_stress_test,Negative sentiment compresses conversion despite exposure.
Brazil,Adidas,tournament,player_absent,4.171,3.6705,-0.5005,3.3505,3.9905,SCM_synthetic_control_compatible_stress_test,Core player absence lowers attention and performance confidence.
Brazil,Adidas,tournament,media_surge,4.171,4.7549,0.5839,4.4949,5.0149,SCM_synthetic_control_compatible_stress_test,Paid and earned media surge increases upside but adds volatility.
Brazil,Adidas,tournament,budget_cut,4.171,3.879,-0.292,3.599,4.159,SCM_synthetic_control_compatible_stress_test,Budget cut weakens activation reach and conversion quality.
Brazil,Adidas,tournament,budget_increase,4.171,4.5047,0.3337,4.2347,4.7747,SCM_synthetic_control_compatible_stress_test,Higher spend can lift ROI when brand fit and attention are strong.
Brazil,Adidas,tournament,negative_news_shock,4.171,3.4202,-0.7508,3.0402,3.8002,SCM_synthetic_control_compatible_stress_test,Negative sentiment compresses conversion despite exposure.
Brazil,Adidas,tournament,player_absent,4.165,3.6652,-0.4998,3.3452,3.9852,SCM_synthetic_control_compatible_stress_test,Core player absence lowers attention and performance confidence.
Brazil,Adidas,tournament,media_surge,4.165,4.7481,0.5831,4.4881,5.0081,SCM_synthetic_control_compatible_stress_test,Paid and earned media surge increases upside but adds volatility.
Brazil,Adidas,tournament,budget_cut,4.165,3.8735,-0.2915,3.5934,4.1535,SCM_synthetic_control_compatible_stress_test,Budget cut weakens activation reach and conversion quality.
Brazil,Adidas,tournament,budget_increase,4.165,4.4982,0.3332,4.2282,4.7682,SCM_synthetic_control_compatible_stress_test,Higher spend can lift ROI when brand fit and attention are strong.
Brazil,Adidas,tournament,negative_news_shock,4.165,3.4153,-0.7497,3.0353,3.7953,SCM_synthetic_control_compatible_stress_test,Negative sentiment compresses conversion despite exposure.
Bulgaria,Visa,tournament,player_absent,4.165,3.6652,-0.4998,3.3452,3.9852,SCM_synthetic_control_compatible_stress_test,Core player absence lowers attention and performance confidence.
Bulgaria,Visa,tournament,media_surge,4.165,4.7481,0.5831,4.4881,5.0081,SCM_synthetic_control_compatible_stress_test,Paid and earned media surge increases upside but adds volatility.
Bulgaria,Visa,tournament,budget_cut,4.165,3.8735,-0.2915,3.5934,4.1535,SCM_synthetic_control_compatible_stress_test,Budget cut weakens activation reach and conversion quality.
Bulgaria,Visa,tournament,budget_increase,4.165,4.4982,0.3332,4.2282,4.7682,SCM_synthetic_control_compatible_stress_test,Higher spend can lift ROI when brand fit and attention are strong.
Bulgaria,Visa,tournament,negative_news_shock,4.165,3.4153,-0.7497,3.0353,3.7953,SCM_synthetic_control_compatible_stress_test,Negative sentiment compresses conversion despite exposure.
Russia,Hyundai,tournament,player_absent,4.159,3.6599,-0.4991,3.3399,3.9799,SCM_synthetic_control_compatible_stress_test,Core player absence lowers attention and performance confidence.
Russia,Hyundai,tournament,media_surge,4.159,4.7413,0.5823,4.4813,5.0013,SCM_synthetic_control_compatible_stress_test,Paid and earned media surge increases upside but adds volatility.
Russia,Hyundai,tournament,budget_cut,4.159,3.8679,-0.2911,3.5879,4.1479,SCM_synthetic_control_compatible_stress_test,Budget cut weakens activation reach and conversion quality.
Russia,Hyundai,tournament,budget_increase,4.159,4.4917,0.3327,4.2217,4.7617,SCM_synthetic_control_compatible_stress_test,Higher spend can lift ROI when brand fit and attention are strong.
Russia,Hyundai,tournament,negative_news_shock,4.159,3.4104,-0.7486,3.0304,3.7904,SCM_synthetic_control_compatible_stress_test,Negative sentiment compresses conversion despite exposure.
New Zealand,McDonald's,tournament,player_absent,4.159,3.6599,-0.4991,3.3399,3.9799,SCM_synthetic_control_compatible_stress_test,Core player absence lowers attention and performance confidence.
New Zealand,McDonald's,tournament,media_surge,4.159,4.7413,0.5823,4.4813,5.0013,SCM_synthetic_control_compatible_stress_test,Paid and earned media surge increases upside but adds volatility.
New Zealand,McDonald's,tournament,budget_cut,4.159,3.8679,-0.2911,3.5879,4.1479,SCM_synthetic_control_compatible_stress_test,Budget cut weakens activation reach and conversion quality.
New Zealand,McDonald's,tournament,budget_increase,4.159,4.4917,0.3327,4.2217,4.7617,SCM_synthetic_control_compatible_stress_test,Higher spend can lift ROI when brand fit and attention are strong.
New Zealand,McDonald's,tournament,negative_news_shock,4.159,3.4104,-0.7486,3.0304,3.7904,SCM_synthetic_control_compatible_stress_test,Negative sentiment compresses conversion despite exposure.
Brazil,Adidas,tournament,player_absent,4.156,3.6573,-0.4987,3.3373,3.9773,SCM_synthetic_control_compatible_stress_test,Core player absence lowers attention and performance confidence.
Brazil,Adidas,tournament,media_surge,4.156,4.7378,0.5818,4.4778,4.9978,SCM_synthetic_control_compatible_stress_test,Paid and earned media surge increases upside but adds volatility.
Brazil,Adidas,tournament,budget_cut,4.156,3.8651,-0.2909,3.5851,4.1451,SCM_synthetic_control_compatible_stress_test,Budget cut weakens activation reach and conversion quality.
Brazil,Adidas,tournament,budget_increase,4.156,4.4885,0.3325,4.2185,4.7585,SCM_synthetic_control_compatible_stress_test,Higher spend can lift ROI when brand fit and attention are strong.
Brazil,Adidas,tournament,negative_news_shock,4.156,3.4079,-0.7481,3.0279,3.7879,SCM_synthetic_control_compatible_stress_test,Negative sentiment compresses conversion despite exposure.
Portugal,Mengniu,tournament,player_absent,4.156,3.6573,-0.4987,3.3373,3.9773,SCM_synthetic_control_compatible_stress_test,Core player absence lowers attention and performance confidence.
Portugal,Mengniu,tournament,media_surge,4.156,4.7378,0.5818,4.4778,4.9978,SCM_synthetic_control_compatible_stress_test,Paid and earned media surge increases upside but adds volatility.
Portugal,Mengniu,tournament,budget_cut,4.156,3.8651,-0.2909,3.5851,4.1451,SCM_synthetic_control_compatible_stress_test,Budget cut weakens activation reach and conversion quality.
Portugal,Mengniu,tournament,budget_increase,4.156,4.4885,0.3325,4.2185,4.7585,SCM_synthetic_control_compatible_stress_test,Higher spend can lift ROI when brand fit and attention are strong.
Portugal,Mengniu,tournament,negative_news_shock,4.156,3.4079,-0.7481,3.0279,3.7879,SCM_synthetic_control_compatible_stress_test,Negative sentiment compresses conversion despite exposure.
South Africa,Hyundai,group_or_knockout,player_absent,4.154,3.6555,-0.4985,3.3355,3.9755,SCM_synthetic_control_compatible_stress_test,Core player absence lowers attention and performance confidence.
South Africa,Hyundai,group_or_knockout,media_surge,4.154,4.7356,0.5816,4.4756,4.9956,SCM_synthetic_control_compatible_stress_test,Paid and earned media surge increases upside but adds volatility.
South Africa,Hyundai,group_or_knockout,budget_cut,4.154,3.8632,-0.2908,3.5832,4.1432,SCM_synthetic_control_compatible_stress_test,Budget cut weakens activation reach and conversion quality.
South Africa,Hyundai,group_or_knockout,budget_increase,4.154,4.4863,0.3323,4.2163,4.7563,SCM_synthetic_control_compatible_stress_test,Higher spend can lift ROI when brand fit and attention are strong.
South Africa,Hyundai,group_or_knockout,negative_news_shock,4.154,3.4063,-0.7477,3.0263,3.7863,SCM_synthetic_control_compatible_stress_test,Negative sentiment compresses conversion despite exposure.
France,Qatar Airways,group_or_knockout,player_absent,4.154,3.6555,-0.4985,3.3355,3.9755,SCM_synthetic_control_compatible_stress_test,Core player absence lowers attention and performance confidence.
France,Qatar Airways,group_or_knockout,media_surge,4.154,4.7356,0.5816,4.4756,4.9956,SCM_synthetic_control_compatible_stress_test,Paid and earned media surge increases upside but adds volatility.
France,Qatar Airways,group_or_knockout,budget_cut,4.154,3.8632,-0.2908,3.5832,4.1432,SCM_synthetic_control_compatible_stress_test,Budget cut weakens activation reach and conversion quality.
France,Qatar Airways,group_or_knockout,budget_increase,4.154,4.4863,0.3323,4.2163,4.7563,SCM_synthetic_control_compatible_stress_test,Higher spend can lift ROI when brand fit and attention are strong.
France,Qatar Airways,group_or_knockout,negative_news_shock,4.154,3.4063,-0.7477,3.0263,3.7863,SCM_synthetic_control_compatible_stress_test,Negative sentiment compresses conversion despite exposure.
Peru,Budweiser,tournament,player_absent,4.151,3.6529,-0.4981,3.3329,3.9729,SCM_synthetic_control_compatible_stress_test,Core player absence lowers attention and performance confidence.
Peru,Budweiser,tournament,media_surge,4.151,4.7321,0.5811,4.4721,4.9921,SCM_synthetic_control_compatible_stress_test,Paid and earned media surge increases upside but adds volatility.
Peru,Budweiser,tournament,budget_cut,4.151,3.8604,-0.2906,3.5804,4.1404,SCM_synthetic_control_compatible_stress_test,Budget cut weakens activation reach and conversion quality.
Peru,Budweiser,tournament,budget_increase,4.151,4.4831,0.3321,4.2131,4.7531,SCM_synthetic_control_compatible_stress_test,Higher spend can lift ROI when brand fit and attention are strong.
Peru,Budweiser,tournament,negative_news_shock,4.151,3.4038,-0.7472,3.0238,3.7838,SCM_synthetic_control_compatible_stress_test,Negative sentiment compresses conversion despite exposure.
Brazil,Adidas,tournament,player_absent,4.151,3.6529,-0.4981,3.3329,3.9729,SCM_synthetic_control_compatible_stress_test,Core player absence lowers attention and performance confidence.
Brazil,Adidas,tournament,media_surge,4.151,4.7321,0.5811,4.4721,4.9921,SCM_synthetic_control_compatible_stress_test,Paid and earned media surge increases upside but adds volatility.
Brazil,Adidas,tournament,budget_cut,4.151,3.8604,-0.2906,3.5804,4.1404,SCM_synthetic_control_compatible_stress_test,Budget cut weakens activation reach and conversion quality.
Brazil,Adidas,tournament,budget_increase,4.151,4.4831,0.3321,4.2131,4.7531,SCM_synthetic_control_compatible_stress_test,Higher spend can lift ROI when brand fit and attention are strong.
Brazil,Adidas,tournament,negative_news_shock,4.151,3.4038,-0.7472,3.0238,3.7838,SCM_synthetic_control_compatible_stress_test,Negative sentiment compresses conversion despite exposure.
Hungary,Adidas,tournament,player_absent,4.151,3.6529,-0.4981,3.3329,3.9729,SCM_synthetic_control_compatible_stress_test,Core player absence lowers attention and performance confidence.
Hungary,Adidas,tournament,media_surge,4.151,4.7321,0.5811,4.4721,4.9921,SCM_synthetic_control_compatible_stress_test,Paid and earned media surge increases upside but adds volatility.
Hungary,Adidas,tournament,budget_cut,4.151,3.8604,-0.2906,3.5804,4.1404,SCM_synthetic_control_compatible_stress_test,Budget cut weakens activation reach and conversion quality.
Hungary,Adidas,tournament,budget_increase,4.151,4.4831,0.3321,4.2131,4.7531,SCM_synthetic_control_compatible_stress_test,Higher spend can lift ROI when brand fit and attention are strong.
Hungary,Adidas,tournament,negative_news_shock,4.151,3.4038,-0.7472,3.0238,3.7838,SCM_synthetic_control_compatible_stress_test,Negative sentiment compresses conversion despite exposure.
Brazil,Adidas,group_or_knockout,player_absent,4.151,3.6529,-0.4981,3.3329,3.9729,SCM_synthetic_control_compatible_stress_test,Core player absence lowers attention and performance confidence.
Brazil,Adidas,group_or_knockout,media_surge,4.151,4.7321,0.5811,4.4721,4.9921,SCM_synthetic_control_compatible_stress_test,Paid and earned media surge increases upside but adds volatility.
Brazil,Adidas,group_or_knockout,budget_cut,4.151,3.8604,-0.2906,3.5804,4.1404,SCM_synthetic_control_compatible_stress_test,Budget cut weakens activation reach and conversion quality.
Brazil,Adidas,group_or_knockout,budget_increase,4.151,4.4831,0.3321,4.2131,4.7531,SCM_synthetic_control_compatible_stress_test,Higher spend can lift ROI when brand fit and attention are strong.
Brazil,Adidas,group_or_knockout,negative_news_shock,4.151,3.4038,-0.7472,3.0238,3.7838,SCM_synthetic_control_compatible_stress_test,Negative sentiment compresses conversion despite exposure.
Croatia,Hisense,group_or_knockout,player_absent,4.151,3.6529,-0.4981,3.3329,3.9729,SCM_synthetic_control_compatible_stress_test,Core player absence lowers attention and performance confidence.
Croatia,Hisense,group_or_knockout,media_surge,4.151,4.7321,0.5811,4.4721,4.9921,SCM_synthetic_control_compatible_stress_test,Paid and earned media surge increases upside but adds volatility.
Croatia,Hisense,group_or_knockout,budget_cut,4.151,3.8604,-0.2906,3.5804,4.1404,SCM_synthetic_control_compatible_stress_test,Budget cut weakens activation reach and conversion quality.
Croatia,Hisense,group_or_knockout,budget_increase,4.151,4.4831,0.3321,4.2131,4.7531,SCM_synthetic_control_compatible_stress_test,Higher spend can lift ROI when brand fit and attention are strong.
Croatia,Hisense,group_or_knockout,negative_news_shock,4.151,3.4038,-0.7472,3.0238,3.7838,SCM_synthetic_control_compatible_stress_test,Negative sentiment compresses conversion despite exposure.
Brazil,Adidas,tournament,player_absent,4.151,3.6529,-0.4981,3.3329,3.9729,SCM_synthetic_control_compatible_stress_test,Core player absence lowers attention and performance confidence.
Brazil,Adidas,tournament,media_surge,4.151,4.7321,0.5811,4.4721,4.9921,SCM_synthetic_control_compatible_stress_test,Paid and earned media surge increases upside but adds volatility.
Brazil,Adidas,tournament,budget_cut,4.151,3.8604,-0.2906,3.5804,4.1404,SCM_synthetic_control_compatible_stress_test,Budget cut weakens activation reach and conversion quality.
Brazil,Adidas,tournament,budget_increase,4.151,4.4831,0.3321,4.2131,4.7531,SCM_synthetic_control_compatible_stress_test,Higher spend can lift ROI when brand fit and attention are strong.
Brazil,Adidas,tournament,negative_news_shock,4.151,3.4038,-0.7472,3.0238,3.7838,SCM_synthetic_control_compatible_stress_test,Negative sentiment compresses conversion despite exposure.
Mexico,Vivo,tournament,player_absent,4.15,3.652,-0.498,3.332,3.972,SCM_synthetic_control_compatible_stress_test,Core player absence lowers attention and performance confidence.
Mexico,Vivo,tournament,media_surge,4.15,4.731,0.581,4.471,4.991,SCM_synthetic_control_compatible_stress_test,Paid and earned media surge increases upside but adds volatility.
Mexico,Vivo,tournament,budget_cut,4.15,3.8595,-0.2905,3.5795,4.1395,SCM_synthetic_control_compatible_stress_test,Budget cut weakens activation reach and conversion quality.
Mexico,Vivo,tournament,budget_increase,4.15,4.482,0.332,4.212,4.752,SCM_synthetic_control_compatible_stress_test,Higher spend can lift ROI when brand fit and attention are strong.
Mexico,Vivo,tournament,negative_news_shock,4.15,3.403,-0.747,3.023,3.783,SCM_synthetic_control_compatible_stress_test,Negative sentiment compresses conversion despite exposure.
Brazil,Adidas,tournament,player_absent,4.15,3.652,-0.498,3.332,3.972,SCM_synthetic_control_compatible_stress_test,Core player absence lowers attention and performance confidence.
Brazil,Adidas,tournament,media_surge,4.15,4.731,0.581,4.471,4.991,SCM_synthetic_control_compatible_stress_test,Paid and earned media surge increases upside but adds volatility.
Brazil,Adidas,tournament,budget_cut,4.15,3.8595,-0.2905,3.5795,4.1395,SCM_synthetic_control_compatible_stress_test,Budget cut weakens activation reach and conversion quality.
Brazil,Adidas,tournament,budget_increase,4.15,4.482,0.332,4.212,4.752,SCM_synthetic_control_compatible_stress_test,Higher spend can lift ROI when brand fit and attention are strong.
Brazil,Adidas,tournament,negative_news_shock,4.15,3.403,-0.747,3.023,3.783,SCM_synthetic_control_compatible_stress_test,Negative sentiment compresses conversion despite exposure.
Brazil,Adidas,tournament,player_absent,4.149,3.6511,-0.4979,3.3311,3.9711,SCM_synthetic_control_compatible_stress_test,Core player absence lowers attention and performance confidence.
Brazil,Adidas,tournament,media_surge,4.149,4.7299,0.5809,4.4699,4.9899,SCM_synthetic_control_compatible_stress_test,Paid and earned media surge increases upside but adds volatility.
Brazil,Adidas,tournament,budget_cut,4.149,3.8586,-0.2904,3.5786,4.1386,SCM_synthetic_control_compatible_stress_test,Budget cut weakens activation reach and conversion quality.
Brazil,Adidas,tournament,budget_increase,4.149,4.4809,0.3319,4.2109,4.7509,SCM_synthetic_control_compatible_stress_test,Higher spend can lift ROI when brand fit and attention are strong.
Brazil,Adidas,tournament,negative_news_shock,4.149,3.4022,-0.7468,3.0222,3.7822,SCM_synthetic_control_compatible_stress_test,Negative sentiment compresses conversion despite exposure.
Russia,Hyundai,tournament,player_absent,4.149,3.6511,-0.4979,3.3311,3.9711,SCM_synthetic_control_compatible_stress_test,Core player absence lowers attention and performance confidence.
Russia,Hyundai,tournament,media_surge,4.149,4.7299,0.5809,4.4699,4.9899,SCM_synthetic_control_compatible_stress_test,Paid and earned media surge increases upside but adds volatility.
Russia,Hyundai,tournament,budget_cut,4.149,3.8586,-0.2904,3.5786,4.1386,SCM_synthetic_control_compatible_stress_test,Budget cut weakens activation reach and conversion quality.
Russia,Hyundai,tournament,budget_increase,4.149,4.4809,0.3319,4.2109,4.7509,SCM_synthetic_control_compatible_stress_test,Higher spend can lift ROI when brand fit and attention are strong.
Russia,Hyundai,tournament,negative_news_shock,4.149,3.4022,-0.7468,3.0222,3.7822,SCM_synthetic_control_compatible_stress_test,Negative sentiment compresses conversion despite exposure.
Brazil,Adidas,tournament,player_absent,4.148,3.6502,-0.4978,3.3302,3.9702,SCM_synthetic_control_compatible_stress_test,Core player absence lowers attention and performance confidence.
Brazil,Adidas,tournament,media_surge,4.148,4.7287,0.5807,4.4687,4.9887,SCM_synthetic_control_compatible_stress_test,Paid and earned media surge increases upside but adds volatility.
Brazil,Adidas,tournament,budget_cut,4.148,3.8576,-0.2904,3.5776,4.1376,SCM_synthetic_control_compatible_stress_test,Budget cut weakens activation reach and conversion quality.
Brazil,Adidas,tournament,budget_increase,4.148,4.4798,0.3318,4.2098,4.7498,SCM_synthetic_control_compatible_stress_test,Higher spend can lift ROI when brand fit and attention are strong.
Brazil,Adidas,tournament,negative_news_shock,4.148,3.4014,-0.7466,3.0214,3.7814,SCM_synthetic_control_compatible_stress_test,Negative sentiment compresses conversion despite exposure.
Mexico,Vivo,tournament,player_absent,4.148,3.6502,-0.4978,3.3302,3.9702,SCM_synthetic_control_compatible_stress_test,Core player absence lowers attention and performance confidence.
Mexico,Vivo,tournament,media_surge,4.148,4.7287,0.5807,4.4687,4.9887,SCM_synthetic_control_compatible_stress_test,Paid and earned media surge increases upside but adds volatility.
Mexico,Vivo,tournament,budget_cut,4.148,3.8576,-0.2904,3.5776,4.1376,SCM_synthetic_control_compatible_stress_test,Budget cut weakens activation reach and conversion quality.
Mexico,Vivo,tournament,budget_increase,4.148,4.4798,0.3318,4.2098,4.7498,SCM_synthetic_control_compatible_stress_test,Higher spend can lift ROI when brand fit and attention are strong.
Mexico,Vivo,tournament,negative_news_shock,4.148,3.4014,-0.7466,3.0214,3.7814,SCM_synthetic_control_compatible_stress_test,Negative sentiment compresses conversion despite exposure.
Russia,Hyundai,group_or_knockout,player_absent,4.146,3.6485,-0.4975,3.3285,3.9685,SCM_synthetic_control_compatible_stress_test,Core player absence lowers attention and performance confidence.
Russia,Hyundai,group_or_knockout,media_surge,4.146,4.7264,0.5804,4.4664,4.9864,SCM_synthetic_control_compatible_stress_test,Paid and earned media surge increases upside but adds volatility.
Russia,Hyundai,group_or_knockout,budget_cut,4.146,3.8558,-0.2902,3.5758,4.1358,SCM_synthetic_control_compatible_stress_test,Budget cut weakens activation reach and conversion quality.
Russia,Hyundai,group_or_knockout,budget_increase,4.146,4.4777,0.3317,4.2077,4.7477,SCM_synthetic_control_compatible_stress_test,Higher spend can lift ROI when brand fit and attention are strong.
Russia,Hyundai,group_or_knockout,negative_news_shock,4.146,3.3997,-0.7463,3.0197,3.7797,SCM_synthetic_control_compatible_stress_test,Negative sentiment compresses conversion despite exposure.
Croatia,Hisense,group_or_knockout,player_absent,4.146,3.6485,-0.4975,3.3285,3.9685,SCM_synthetic_control_compatible_stress_test,Core player absence lowers attention and performance confidence.
Croatia,Hisense,group_or_knockout,media_surge,4.146,4.7264,0.5804,4.4664,4.9864,SCM_synthetic_control_compatible_stress_test,Paid and earned media surge increases upside but adds volatility.
Croatia,Hisense,group_or_knockout,budget_cut,4.146,3.8558,-0.2902,3.5758,4.1358,SCM_synthetic_control_compatible_stress_test,Budget cut weakens activation reach and conversion quality.
Croatia,Hisense,group_or_knockout,budget_increase,4.146,4.4777,0.3317,4.2077,4.7477,SCM_synthetic_control_compatible_stress_test,Higher spend can lift ROI when brand fit and attention are strong.
Croatia,Hisense,group_or_knockout,negative_news_shock,4.146,3.3997,-0.7463,3.0197,3.7797,SCM_synthetic_control_compatible_stress_test,Negative sentiment compresses conversion despite exposure.
Germany,Coca-Cola,group_or_knockout,player_absent,4.145,3.6476,-0.4974,3.3276,3.9676,SCM_synthetic_control_compatible_stress_test,Core player absence lowers attention and performance confidence.
Germany,Coca-Cola,group_or_knockout,media_surge,4.145,4.7253,0.5803,4.4653,4.9853,SCM_synthetic_control_compatible_stress_test,Paid and earned media surge increases upside but adds volatility.
Germany,Coca-Cola,group_or_knockout,budget_cut,4.145,3.8548,-0.2901,3.5748,4.1349,SCM_synthetic_control_compatible_stress_test,Budget cut weakens activation reach and conversion quality.
Germany,Coca-Cola,group_or_knockout,budget_increase,4.145,4.4766,0.3316,4.2066,4.7466,SCM_synthetic_control_compatible_stress_test,Higher spend can lift ROI when brand fit and attention are strong.
Germany,Coca-Cola,group_or_knockout,negative_news_shock,4.145,3.3989,-0.7461,3.0189,3.7789,SCM_synthetic_control_compatible_stress_test,Negative sentiment compresses conversion despite exposure.
United Arab Emirates,Adidas,group_or_knockout,player_absent,4.145,3.6476,-0.4974,3.3276,3.9676,SCM_synthetic_control_compatible_stress_test,Core player absence lowers attention and performance confidence.
United Arab Emirates,Adidas,group_or_knockout,media_surge,4.145,4.7253,0.5803,4.4653,4.9853,SCM_synthetic_control_compatible_stress_test,Paid and earned media surge increases upside but adds volatility.
United Arab Emirates,Adidas,group_or_knockout,budget_cut,4.145,3.8548,-0.2901,3.5748,4.1349,SCM_synthetic_control_compatible_stress_test,Budget cut weakens activation reach and conversion quality.
United Arab Emirates,Adidas,group_or_knockout,budget_increase,4.145,4.4766,0.3316,4.2066,4.7466,SCM_synthetic_control_compatible_stress_test,Higher spend can lift ROI when brand fit and attention are strong.
United Arab Emirates,Adidas,group_or_knockout,negative_news_shock,4.145,3.3989,-0.7461,3.0189,3.7789,SCM_synthetic_control_compatible_stress_test,Negative sentiment compresses conversion despite exposure.
Brazil,Adidas,tournament,player_absent,4.144,3.6467,-0.4973,3.3267,3.9667,SCM_synthetic_control_compatible_stress_test,Core player absence lowers attention and performance confidence.
Brazil,Adidas,tournament,media_surge,4.144,4.7242,0.5802,4.4642,4.9842,SCM_synthetic_control_compatible_stress_test,Paid and earned media surge increases upside but adds volatility.
Brazil,Adidas,tournament,budget_cut,4.144,3.8539,-0.2901,3.5739,4.1339,SCM_synthetic_control_compatible_stress_test,Budget cut weakens activation reach and conversion quality.
Brazil,Adidas,tournament,budget_increase,4.144,4.4755,0.3315,4.2055,4.7455,SCM_synthetic_control_compatible_stress_test,Higher spend can lift ROI when brand fit and attention are strong.
Brazil,Adidas,tournament,negative_news_shock,4.144,3.3981,-0.7459,3.0181,3.7781,SCM_synthetic_control_compatible_stress_test,Negative sentiment compresses conversion despite exposure.
Uruguay,Vivo,tournament,player_absent,4.144,3.6467,-0.4973,3.3267,3.9667,SCM_synthetic_control_compatible_stress_test,Core player absence lowers attention and performance confidence.
Uruguay,Vivo,tournament,media_surge,4.144,4.7242,0.5802,4.4642,4.9842,SCM_synthetic_control_compatible_stress_test,Paid and earned media surge increases upside but adds volatility.
Uruguay,Vivo,tournament,budget_cut,4.144,3.8539,-0.2901,3.5739,4.1339,SCM_synthetic_control_compatible_stress_test,Budget cut weakens activation reach and conversion quality.
Uruguay,Vivo,tournament,budget_increase,4.144,4.4755,0.3315,4.2055,4.7455,SCM_synthetic_control_compatible_stress_test,Higher spend can lift ROI when brand fit and attention are strong.
Uruguay,Vivo,tournament,negative_news_shock,4.144,3.3981,-0.7459,3.0181,3.7781,SCM_synthetic_control_compatible_stress_test,Negative sentiment compresses conversion despite exposure.
Mexico,Vivo,tournament,player_absent,4.141,3.6441,-0.4969,3.3241,3.9641,SCM_synthetic_control_compatible_stress_test,Core player absence lowers attention and performance confidence.
Mexico,Vivo,tournament,media_surge,4.141,4.7207,0.5797,4.4607,4.9807,SCM_synthetic_control_compatible_stress_test,Paid and earned media surge increases upside but adds volatility.
Mexico,Vivo,tournament,budget_cut,4.141,3.8511,-0.2899,3.5711,4.1311,SCM_synthetic_control_compatible_stress_test,Budget cut weakens activation reach and conversion quality.
Mexico,Vivo,tournament,budget_increase,4.141,4.4723,0.3313,4.2023,4.7423,SCM_synthetic_control_compatible_stress_test,Higher spend can lift ROI when brand fit and attention are strong.
Mexico,Vivo,tournament,negative_news_shock,4.141,3.3956,-0.7454,3.0156,3.7756,SCM_synthetic_control_compatible_stress_test,Negative sentiment compresses conversion despite exposure.
Brazil,Adidas,tournament,player_absent,4.141,3.6441,-0.4969,3.3241,3.9641,SCM_synthetic_control_compatible_stress_test,Core player absence lowers attention and performance confidence.
Brazil,Adidas,tournament,media_surge,4.141,4.7207,0.5797,4.4607,4.9807,SCM_synthetic_control_compatible_stress_test,Paid and earned media surge increases upside but adds volatility.
Brazil,Adidas,tournament,budget_cut,4.141,3.8511,-0.2899,3.5711,4.1311,SCM_synthetic_control_compatible_stress_test,Budget cut weakens activation reach and conversion quality.
Brazil,Adidas,tournament,budget_increase,4.141,4.4723,0.3313,4.2023,4.7423,SCM_synthetic_control_compatible_stress_test,Higher spend can lift ROI when brand fit and attention are strong.
Brazil,Adidas,tournament,negative_news_shock,4.141,3.3956,-0.7454,3.0156,3.7756,SCM_synthetic_control_compatible_stress_test,Negative sentiment compresses conversion despite exposure.
Czechoslovakia,Coca-Cola,tournament,player_absent,4.139,3.6423,-0.4967,3.3223,3.9623,SCM_synthetic_control_compatible_stress_test,Core player absence lowers attention and performance confidence.
Czechoslovakia,Coca-Cola,tournament,media_surge,4.139,4.7185,0.5795,4.4585,4.9785,SCM_synthetic_control_compatible_stress_test,Paid and earned media surge increases upside but adds volatility.
Czechoslovakia,Coca-Cola,tournament,budget_cut,4.139,3.8493,-0.2897,3.5693,4.1293,SCM_synthetic_control_compatible_stress_test,Budget cut weakens activation reach and conversion quality.
Czechoslovakia,Coca-Cola,tournament,budget_increase,4.139,4.4701,0.3311,4.2001,4.7401,SCM_synthetic_control_compatible_stress_test,Higher spend can lift ROI when brand fit and attention are strong.
Czechoslovakia,Coca-Cola,tournament,negative_news_shock,4.139,3.394,-0.745,3.014,3.774,SCM_synthetic_control_compatible_stress_test,Negative sentiment compresses conversion despite exposure.
Brazil,Adidas,tournament,player_absent,4.139,3.6423,-0.4967,3.3223,3.9623,SCM_synthetic_control_compatible_stress_test,Core player absence lowers attention and performance confidence.
Brazil,Adidas,tournament,media_surge,4.139,4.7185,0.5795,4.4585,4.9785,SCM_synthetic_control_compatible_stress_test,Paid and earned media surge increases upside but adds volatility.
Brazil,Adidas,tournament,budget_cut,4.139,3.8493,-0.2897,3.5693,4.1293,SCM_synthetic_control_compatible_stress_test,Budget cut weakens activation reach and conversion quality.
Brazil,Adidas,tournament,budget_increase,4.139,4.4701,0.3311,4.2001,4.7401,SCM_synthetic_control_compatible_stress_test,Higher spend can lift ROI when brand fit and attention are strong.
Brazil,Adidas,tournament,negative_news_shock,4.139,3.394,-0.745,3.014,3.774,SCM_synthetic_control_compatible_stress_test,Negative sentiment compresses conversion despite exposure.
Brazil,Adidas,tournament,player_absent,4.136,3.6397,-0.4963,3.3197,3.9597,SCM_synthetic_control_compatible_stress_test,Core player absence lowers attention and performance confidence.
Brazil,Adidas,tournament,media_surge,4.136,4.715,0.579,4.455,4.975,SCM_synthetic_control_compatible_stress_test,Paid and earned media surge increases upside but adds volatility.
Brazil,Adidas,tournament,budget_cut,4.136,3.8465,-0.2895,3.5665,4.1265,SCM_synthetic_control_compatible_stress_test,Budget cut weakens activation reach and conversion quality.
Brazil,Adidas,tournament,budget_increase,4.136,4.4669,0.3309,4.1969,4.7369,SCM_synthetic_control_compatible_stress_test,Higher spend can lift ROI when brand fit and attention are strong.
Brazil,Adidas,tournament,negative_news_shock,4.136,3.3915,-0.7445,3.0115,3.7715,SCM_synthetic_control_compatible_stress_test,Negative sentiment compresses conversion despite exposure.
Spain,Budweiser,tournament,player_absent,4.136,3.6397,-0.4963,3.3197,3.9597,SCM_synthetic_control_compatible_stress_test,Core player absence lowers attention and performance confidence.
Spain,Budweiser,tournament,media_surge,4.136,4.715,0.579,4.455,4.975,SCM_synthetic_control_compatible_stress_test,Paid and earned media surge increases upside but adds volatility.
Spain,Budweiser,tournament,budget_cut,4.136,3.8465,-0.2895,3.5665,4.1265,SCM_synthetic_control_compatible_stress_test,Budget cut weakens activation reach and conversion quality.
Spain,Budweiser,tournament,budget_increase,4.136,4.4669,0.3309,4.1969,4.7369,SCM_synthetic_control_compatible_stress_test,Higher spend can lift ROI when brand fit and attention are strong.
Spain,Budweiser,tournament,negative_news_shock,4.136,3.3915,-0.7445,3.0115,3.7715,SCM_synthetic_control_compatible_stress_test,Negative sentiment compresses conversion despite exposure.
Costa Rica,Visa,group_or_knockout,player_absent,4.136,3.6397,-0.4963,3.3197,3.9597,SCM_synthetic_control_compatible_stress_test,Core player absence lowers attention and performance confidence.
Costa Rica,Visa,group_or_knockout,media_surge,4.136,4.715,0.579,4.455,4.975,SCM_synthetic_control_compatible_stress_test,Paid and earned media surge increases upside but adds volatility.
Costa Rica,Visa,group_or_knockout,budget_cut,4.136,3.8465,-0.2895,3.5665,4.1265,SCM_synthetic_control_compatible_stress_test,Budget cut weakens activation reach and conversion quality.
Costa Rica,Visa,group_or_knockout,budget_increase,4.136,4.4669,0.3309,4.1969,4.7369,SCM_synthetic_control_compatible_stress_test,Higher spend can lift ROI when brand fit and attention are strong.
Costa Rica,Visa,group_or_knockout,negative_news_shock,4.136,3.3915,-0.7445,3.0115,3.7715,SCM_synthetic_control_compatible_stress_test,Negative sentiment compresses conversion despite exposure.
Spain,Budweiser,group_or_knockout,player_absent,4.136,3.6397,-0.4963,3.3197,3.9597,SCM_synthetic_control_compatible_stress_test,Core player absence lowers attention and performance confidence.
Spain,Budweiser,group_or_knockout,media_surge,4.136,4.715,0.579,4.455,4.975,SCM_synthetic_control_compatible_stress_test,Paid and earned media surge increases upside but adds volatility.
Spain,Budweiser,group_or_knockout,budget_cut,4.136,3.8465,-0.2895,3.5665,4.1265,SCM_synthetic_control_compatible_stress_test,Budget cut weakens activation reach and conversion quality.
Spain,Budweiser,group_or_knockout,budget_increase,4.136,4.4669,0.3309,4.1969,4.7369,SCM_synthetic_control_compatible_stress_test,Higher spend can lift ROI when brand fit and attention are strong.
Spain,Budweiser,group_or_knockout,negative_news_shock,4.136,3.3915,-0.7445,3.0115,3.7715,SCM_synthetic_control_compatible_stress_test,Negative sentiment compresses conversion despite exposure.
Netherlands,Hisense,group_or_knockout,player_absent,4.135,3.6388,-0.4962,3.3188,3.9588,SCM_synthetic_control_compatible_stress_test,Core player absence lowers attention and performance confidence.
Netherlands,Hisense,group_or_knockout,media_surge,4.135,4.7139,0.5789,4.4539,4.9739,SCM_synthetic_control_compatible_stress_test,Paid and earned media surge increases upside but adds volatility.
Netherlands,Hisense,group_or_knockout,budget_cut,4.135,3.8455,-0.2894,3.5655,4.1255,SCM_synthetic_control_compatible_stress_test,Budget cut weakens activation reach and conversion quality.
Netherlands,Hisense,group_or_knockout,budget_increase,4.135,4.4658,0.3308,4.1958,4.7358,SCM_synthetic_control_compatible_stress_test,Higher spend can lift ROI when brand fit and attention are strong.
Netherlands,Hisense,group_or_knockout,negative_news_shock,4.135,3.3907,-0.7443,3.0107,3.7707,SCM_synthetic_control_compatible_stress_test,Negative sentiment compresses conversion despite exposure.
Ecuador,McDonald's,group_or_knockout,player_absent,4.135,3.6388,-0.4962,3.3188,3.9588,SCM_synthetic_control_compatible_stress_test,Core player absence lowers attention and performance confidence.
Ecuador,McDonald's,group_or_knockout,media_surge,4.135,4.7139,0.5789,4.4539,4.9739,SCM_synthetic_control_compatible_stress_test,Paid and earned media surge increases upside but adds volatility.
Ecuador,McDonald's,group_or_knockout,budget_cut,4.135,3.8455,-0.2894,3.5655,4.1255,SCM_synthetic_control_compatible_stress_test,Budget cut weakens activation reach and conversion quality.
Ecuador,McDonald's,group_or_knockout,budget_increase,4.135,4.4658,0.3308,4.1958,4.7358,SCM_synthetic_control_compatible_stress_test,Higher spend can lift ROI when brand fit and attention are strong.
Ecuador,McDonald's,group_or_knockout,negative_news_shock,4.135,3.3907,-0.7443,3.0107,3.7707,SCM_synthetic_control_compatible_stress_test,Negative sentiment compresses conversion despite exposure.
France,Qatar Airways,group_or_knockout,player_absent,4.134,3.6379,-0.4961,3.3179,3.9579,SCM_synthetic_control_compatible_stress_test,Core player absence lowers attention and performance confidence.
France,Qatar Airways,group_or_knockout,media_surge,4.134,4.7128,0.5788,4.4528,4.9728,SCM_synthetic_control_compatible_stress_test,Paid and earned media surge increases upside but adds volatility.
France,Qatar Airways,group_or_knockout,budget_cut,4.134,3.8446,-0.2894,3.5646,4.1246,SCM_synthetic_control_compatible_stress_test,Budget cut weakens activation reach and conversion quality.
France,Qatar Airways,group_or_knockout,budget_increase,4.134,4.4647,0.3307,4.1947,4.7347,SCM_synthetic_control_compatible_stress_test,Higher spend can lift ROI when brand fit and attention are strong.
France,Qatar Airways,group_or_knockout,negative_news_shock,4.134,3.3899,-0.7441,3.0099,3.7699,SCM_synthetic_control_compatible_stress_test,Negative sentiment compresses conversion despite exposure.
Australia,Mengniu,group_or_knockout,player_absent,4.134,3.6379,-0.4961,3.3179,3.9579,SCM_synthetic_control_compatible_stress_test,Core player absence lowers attention and performance confidence.
Australia,Mengniu,group_or_knockout,media_surge,4.134,4.7128,0.5788,4.4528,4.9728,SCM_synthetic_control_compatible_stress_test,Paid and earned media surge increases upside but adds volatility.
Australia,Mengniu,group_or_knockout,budget_cut,4.134,3.8446,-0.2894,3.5646,4.1246,SCM_synthetic_control_compatible_stress_test,Budget cut weakens activation reach and conversion quality.
Australia,Mengniu,group_or_knockout,budget_increase,4.134,4.4647,0.3307,4.1947,4.7347,SCM_synthetic_control_compatible_stress_test,Higher spend can lift ROI when brand fit and attention are strong.
Australia,Mengniu,group_or_knockout,negative_news_shock,4.134,3.3899,-0.7441,3.0099,3.7699,SCM_synthetic_control_compatible_stress_test,Negative sentiment compresses conversion despite exposure.
Kuwait,Hisense,tournament,player_absent,4.134,3.6379,-0.4961,3.3179,3.9579,SCM_synthetic_control_compatible_stress_test,Core player absence lowers attention and performance confidence.
Kuwait,Hisense,tournament,media_surge,4.134,4.7128,0.5788,4.4528,4.9728,SCM_synthetic_control_compatible_stress_test,Paid and earned media surge increases upside but adds volatility.
Kuwait,Hisense,tournament,budget_cut,4.134,3.8446,-0.2894,3.5646,4.1246,SCM_synthetic_control_compatible_stress_test,Budget cut weakens activation reach and conversion quality.
Kuwait,Hisense,tournament,budget_increase,4.134,4.4647,0.3307,4.1947,4.7347,SCM_synthetic_control_compatible_stress_test,Higher spend can lift ROI when brand fit and attention are strong.
Kuwait,Hisense,tournament,negative_news_shock,4.134,3.3899,-0.7441,3.0099,3.7699,SCM_synthetic_control_compatible_stress_test,Negative sentiment compresses conversion despite exposure.
France,Qatar Airways,tournament,player_absent,4.134,3.6379,-0.4961,3.3179,3.9579,SCM_synthetic_control_compatible_stress_test,Core player absence lowers attention and performance confidence.
France,Qatar Airways,tournament,media_surge,4.134,4.7128,0.5788,4.4528,4.9728,SCM_synthetic_control_compatible_stress_test,Paid and earned media surge increases upside but adds volatility.
France,Qatar Airways,tournament,budget_cut,4.134,3.8446,-0.2894,3.5646,4.1246,SCM_synthetic_control_compatible_stress_test,Budget cut weakens activation reach and conversion quality.
France,Qatar Airways,tournament,budget_increase,4.134,4.4647,0.3307,4.1947,4.7347,SCM_synthetic_control_compatible_stress_test,Higher spend can lift ROI when brand fit and attention are strong.
France,Qatar Airways,tournament,negative_news_shock,4.134,3.3899,-0.7441,3.0099,3.7699,SCM_synthetic_control_compatible_stress_test,Negative sentiment compresses conversion despite exposure.
Czechoslovakia,Coca-Cola,tournament,player_absent,4.129,3.6335,-0.4955,3.3135,3.9535,SCM_synthetic_control_compatible_stress_test,Core player absence lowers attention and performance confidence.
Czechoslovakia,Coca-Cola,tournament,media_surge,4.129,4.7071,0.5781,4.4471,4.9671,SCM_synthetic_control_compatible_stress_test,Paid and earned media surge increases upside but adds volatility.
Czechoslovakia,Coca-Cola,tournament,budget_cut,4.129,3.84,-0.289,3.56,4.12,SCM_synthetic_control_compatible_stress_test,Budget cut weakens activation reach and conversion quality.
Czechoslovakia,Coca-Cola,tournament,budget_increase,4.129,4.4593,0.3303,4.1893,4.7293,SCM_synthetic_control_compatible_stress_test,Higher spend can lift ROI when brand fit and attention are strong.
Czechoslovakia,Coca-Cola,tournament,negative_news_shock,4.129,3.3858,-0.7432,3.0058,3.7658,SCM_synthetic_control_compatible_stress_test,Negative sentiment compresses conversion despite exposure.
Brazil,Adidas,tournament,player_absent,4.129,3.6335,-0.4955,3.3135,3.9535,SCM_synthetic_control_compatible_stress_test,Core player absence lowers attention and performance confidence.
Brazil,Adidas,tournament,media_surge,4.129,4.7071,0.5781,4.4471,4.9671,SCM_synthetic_control_compatible_stress_test,Paid and earned media surge increases upside but adds volatility.
Brazil,Adidas,tournament,budget_cut,4.129,3.84,-0.289,3.56,4.12,SCM_synthetic_control_compatible_stress_test,Budget cut weakens activation reach and conversion quality.
Brazil,Adidas,tournament,budget_increase,4.129,4.4593,0.3303,4.1893,4.7293,SCM_synthetic_control_compatible_stress_test,Higher spend can lift ROI when brand fit and attention are strong.
Brazil,Adidas,tournament,negative_news_shock,4.129,3.3858,-0.7432,3.0058,3.7658,SCM_synthetic_control_compatible_stress_test,Negative sentiment compresses conversion despite exposure.
Spain,Budweiser,group_or_knockout,player_absent,4.126,3.6309,-0.4951,3.3109,3.9509,SCM_synthetic_control_compatible_stress_test,Core player absence lowers attention and performance confidence.
Spain,Budweiser,group_or_knockout,media_surge,4.126,4.7036,0.5776,4.4436,4.9636,SCM_synthetic_control_compatible_stress_test,Paid and earned media surge increases upside but adds volatility.
Spain,Budweiser,group_or_knockout,budget_cut,4.126,3.8372,-0.2888,3.5572,4.1172,SCM_synthetic_control_compatible_stress_test,Budget cut weakens activation reach and conversion quality.
Spain,Budweiser,group_or_knockout,budget_increase,4.126,4.4561,0.3301,4.1861,4.7261,SCM_synthetic_control_compatible_stress_test,Higher spend can lift ROI when brand fit and attention are strong.
Spain,Budweiser,group_or_knockout,negative_news_shock,4.126,3.3833,-0.7427,3.0033,3.7633,SCM_synthetic_control_compatible_stress_test,Negative sentiment compresses conversion despite exposure.
Bulgaria,Visa,group_or_knockout,player_absent,4.126,3.6309,-0.4951,3.3109,3.9509,SCM_synthetic_control_compatible_stress_test,Core player absence lowers attention and performance confidence.
Bulgaria,Visa,group_or_knockout,media_surge,4.126,4.7036,0.5776,4.4436,4.9636,SCM_synthetic_control_compatible_stress_test,Paid and earned media surge increases upside but adds volatility.
Bulgaria,Visa,group_or_knockout,budget_cut,4.126,3.8372,-0.2888,3.5572,4.1172,SCM_synthetic_control_compatible_stress_test,Budget cut weakens activation reach and conversion quality.
Bulgaria,Visa,group_or_knockout,budget_increase,4.126,4.4561,0.3301,4.1861,4.7261,SCM_synthetic_control_compatible_stress_test,Higher spend can lift ROI when brand fit and attention are strong.
Bulgaria,Visa,group_or_knockout,negative_news_shock,4.126,3.3833,-0.7427,3.0033,3.7633,SCM_synthetic_control_compatible_stress_test,Negative sentiment compresses conversion despite exposure.
Uruguay,Vivo,tournament,player_absent,4.123,3.6282,-0.4948,3.3082,3.9482,SCM_synthetic_control_compatible_stress_test,Core player absence lowers attention and performance confidence.
Uruguay,Vivo,tournament,media_surge,4.123,4.7002,0.5772,4.4402,4.9602,SCM_synthetic_control_compatible_stress_test,Paid and earned media surge increases upside but adds volatility.
Uruguay,Vivo,tournament,budget_cut,4.123,3.8344,-0.2886,3.5544,4.1144,SCM_synthetic_control_compatible_stress_test,Budget cut weakens activation reach and conversion quality.
Uruguay,Vivo,tournament,budget_increase,4.123,4.4528,0.3298,4.1828,4.7228,SCM_synthetic_control_compatible_stress_test,Higher spend can lift ROI when brand fit and attention are strong.
Uruguay,Vivo,tournament,negative_news_shock,4.123,3.3809,-0.7421,3.0009,3.7609,SCM_synthetic_control_compatible_stress_test,Negative sentiment compresses conversion despite exposure.
Brazil,Adidas,tournament,player_absent,4.123,3.6282,-0.4948,3.3082,3.9482,SCM_synthetic_control_compatible_stress_test,Core player absence lowers attention and performance confidence.
Brazil,Adidas,tournament,media_surge,4.123,4.7002,0.5772,4.4402,4.9602,SCM_synthetic_control_compatible_stress_test,Paid and earned media surge increases upside but adds volatility.
Brazil,Adidas,tournament,budget_cut,4.123,3.8344,-0.2886,3.5544,4.1144,SCM_synthetic_control_compatible_stress_test,Budget cut weakens activation reach and conversion quality.
Brazil,Adidas,tournament,budget_increase,4.123,4.4528,0.3298,4.1828,4.7228,SCM_synthetic_control_compatible_stress_test,Higher spend can lift ROI when brand fit and attention are strong.
Brazil,Adidas,tournament,negative_news_shock,4.123,3.3809,-0.7421,3.0009,3.7609,SCM_synthetic_control_compatible_stress_test,Negative sentiment compresses conversion despite exposure.
Russia,Hyundai,group_or_knockout,player_absent,4.122,3.6274,-0.4946,3.3074,3.9474,SCM_synthetic_control_compatible_stress_test,Core player absence lowers attention and performance confidence.
Russia,Hyundai,group_or_knockout,media_surge,4.122,4.6991,0.5771,4.4391,4.9591,SCM_synthetic_control_compatible_stress_test,Paid and earned media surge increases upside but adds volatility.
Russia,Hyundai,group_or_knockout,budget_cut,4.122,3.8335,-0.2885,3.5535,4.1135,SCM_synthetic_control_compatible_stress_test,Budget cut weakens activation reach and conversion quality.
Russia,Hyundai,group_or_knockout,budget_increase,4.122,4.4518,0.3298,4.1818,4.7218,SCM_synthetic_control_compatible_stress_test,Higher spend can lift ROI when brand fit and attention are strong.
Russia,Hyundai,group_or_knockout,negative_news_shock,4.122,3.38,-0.742,3.0,3.76,SCM_synthetic_control_compatible_stress_test,Negative sentiment compresses conversion despite exposure.
Belgium,Visa,group_or_knockout,player_absent,4.122,3.6274,-0.4946,3.3074,3.9474,SCM_synthetic_control_compatible_stress_test,Core player absence lowers attention and performance confidence.
Belgium,Visa,group_or_knockout,media_surge,4.122,4.6991,0.5771,4.4391,4.9591,SCM_synthetic_control_compatible_stress_test,Paid and earned media surge increases upside but adds volatility.
Belgium,Visa,group_or_knockout,budget_cut,4.122,3.8335,-0.2885,3.5535,4.1135,SCM_synthetic_control_compatible_stress_test,Budget cut weakens activation reach and conversion quality.
Belgium,Visa,group_or_knockout,budget_increase,4.122,4.4518,0.3298,4.1818,4.7218,SCM_synthetic_control_compatible_stress_test,Higher spend can lift ROI when brand fit and attention are strong.
Belgium,Visa,group_or_knockout,negative_news_shock,4.122,3.38,-0.742,3.0,3.76,SCM_synthetic_control_compatible_stress_test,Negative sentiment compresses conversion despite exposure.
Argentina,Hyundai,group_or_knockout,player_absent,4.121,3.6265,-0.4945,3.3065,3.9465,SCM_synthetic_control_compatible_stress_test,Core player absence lowers attention and performance confidence.
Argentina,Hyundai,group_or_knockout,media_surge,4.121,4.6979,0.5769,4.4379,4.9579,SCM_synthetic_control_compatible_stress_test,Paid and earned media surge increases upside but adds volatility.
Argentina,Hyundai,group_or_knockout,budget_cut,4.121,3.8325,-0.2885,3.5525,4.1125,SCM_synthetic_control_compatible_stress_test,Budget cut weakens activation reach and conversion quality.
Argentina,Hyundai,group_or_knockout,budget_increase,4.121,4.4507,0.3297,4.1807,4.7207,SCM_synthetic_control_compatible_stress_test,Higher spend can lift ROI when brand fit and attention are strong.
Argentina,Hyundai,group_or_knockout,negative_news_shock,4.121,3.3792,-0.7418,2.9992,3.7592,SCM_synthetic_control_compatible_stress_test,Negative sentiment compresses conversion despite exposure.
Iceland,Visa,group_or_knockout,player_absent,4.121,3.6265,-0.4945,3.3065,3.9465,SCM_synthetic_control_compatible_stress_test,Core player absence lowers attention and performance confidence.
Iceland,Visa,group_or_knockout,media_surge,4.121,4.6979,0.5769,4.4379,4.9579,SCM_synthetic_control_compatible_stress_test,Paid and earned media surge increases upside but adds volatility.
Iceland,Visa,group_or_knockout,budget_cut,4.121,3.8325,-0.2885,3.5525,4.1125,SCM_synthetic_control_compatible_stress_test,Budget cut weakens activation reach and conversion quality.
Iceland,Visa,group_or_knockout,budget_increase,4.121,4.4507,0.3297,4.1807,4.7207,SCM_synthetic_control_compatible_stress_test,Higher spend can lift ROI when brand fit and attention are strong.
Iceland,Visa,group_or_knockout,negative_news_shock,4.121,3.3792,-0.7418,2.9992,3.7592,SCM_synthetic_control_compatible_stress_test,Negative sentiment compresses conversion despite exposure.
Brazil,Adidas,tournament,player_absent,4.12,3.6256,-0.4944,3.3056,3.9456,SCM_synthetic_control_compatible_stress_test,Core player absence lowers attention and performance confidence.
Brazil,Adidas,tournament,media_surge,4.12,4.6968,0.5768,4.4368,4.9568,SCM_synthetic_control_compatible_stress_test,Paid and earned media surge increases upside but adds volatility.
Brazil,Adidas,tournament,budget_cut,4.12,3.8316,-0.2884,3.5516,4.1116,SCM_synthetic_control_compatible_stress_test,Budget cut weakens activation reach and conversion quality.
Brazil,Adidas,tournament,budget_increase,4.12,4.4496,0.3296,4.1796,4.7196,SCM_synthetic_control_compatible_stress_test,Higher spend can lift ROI when brand fit and attention are strong.
Brazil,Adidas,tournament,negative_news_shock,4.12,3.3784,-0.7416,2.9984,3.7584,SCM_synthetic_control_compatible_stress_test,Negative sentiment compresses conversion despite exposure.
Poland,Coca-Cola,tournament,player_absent,4.12,3.6256,-0.4944,3.3056,3.9456,SCM_synthetic_control_compatible_stress_test,Core player absence lowers attention and performance confidence.
Poland,Coca-Cola,tournament,media_surge,4.12,4.6968,0.5768,4.4368,4.9568,SCM_synthetic_control_compatible_stress_test,Paid and earned media surge increases upside but adds volatility.
Poland,Coca-Cola,tournament,budget_cut,4.12,3.8316,-0.2884,3.5516,4.1116,SCM_synthetic_control_compatible_stress_test,Budget cut weakens activation reach and conversion quality.
Poland,Coca-Cola,tournament,budget_increase,4.12,4.4496,0.3296,4.1796,4.7196,SCM_synthetic_control_compatible_stress_test,Higher spend can lift ROI when brand fit and attention are strong.
Poland,Coca-Cola,tournament,negative_news_shock,4.12,3.3784,-0.7416,2.9984,3.7584,SCM_synthetic_control_compatible_stress_test,Negative sentiment compresses conversion despite exposure.
Russia,Hyundai,group_or_knockout,player_absent,4.119,3.6247,-0.4943,3.3047,3.9447,SCM_synthetic_control_compatible_stress_test,Core player absence lowers attention and performance confidence.
Russia,Hyundai,group_or_knockout,media_surge,4.119,4.6957,0.5767,4.4357,4.9557,SCM_synthetic_control_compatible_stress_test,Paid and earned media surge increases upside but adds volatility.
Russia,Hyundai,group_or_knockout,budget_cut,4.119,3.8307,-0.2883,3.5507,4.1107,SCM_synthetic_control_compatible_stress_test,Budget cut weakens activation reach and conversion quality.
Russia,Hyundai,group_or_knockout,budget_increase,4.119,4.4485,0.3295,4.1785,4.7185,SCM_synthetic_control_compatible_stress_test,Higher spend can lift ROI when brand fit and attention are strong.
Russia,Hyundai,group_or_knockout,negative_news_shock,4.119,3.3776,-0.7414,2.9976,3.7576,SCM_synthetic_control_compatible_stress_test,Negative sentiment compresses conversion despite exposure.
Canada,Qatar Airways,group_or_knockout,player_absent,4.119,3.6247,-0.4943,3.3047,3.9447,SCM_synthetic_control_compatible_stress_test,Core player absence lowers attention and performance confidence.
Canada,Qatar Airways,group_or_knockout,media_surge,4.119,4.6957,0.5767,4.4357,4.9557,SCM_synthetic_control_compatible_stress_test,Paid and earned media surge increases upside but adds volatility.
Canada,Qatar Airways,group_or_knockout,budget_cut,4.119,3.8307,-0.2883,3.5507,4.1107,SCM_synthetic_control_compatible_stress_test,Budget cut weakens activation reach and conversion quality.
Canada,Qatar Airways,group_or_knockout,budget_increase,4.119,4.4485,0.3295,4.1785,4.7185,SCM_synthetic_control_compatible_stress_test,Higher spend can lift ROI when brand fit and attention are strong.
Canada,Qatar Airways,group_or_knockout,negative_news_shock,4.119,3.3776,-0.7414,2.9976,3.7576,SCM_synthetic_control_compatible_stress_test,Negative sentiment compresses conversion despite exposure.
Switzerland,Visa,tournament,player_absent,4.118,3.6238,-0.4942,3.3038,3.9438,SCM_synthetic_control_compatible_stress_test,Core player absence lowers attention and performance confidence.
Switzerland,Visa,tournament,media_surge,4.118,4.6945,0.5765,4.4345,4.9545,SCM_synthetic_control_compatible_stress_test,Paid and earned media surge increases upside but adds volatility.
Switzerland,Visa,tournament,budget_cut,4.118,3.8297,-0.2883,3.5497,4.1097,SCM_synthetic_control_compatible_stress_test,Budget cut weakens activation reach and conversion quality.
Switzerland,Visa,tournament,budget_increase,4.118,4.4474,0.3294,4.1774,4.7174,SCM_synthetic_control_compatible_stress_test,Higher spend can lift ROI when brand fit and attention are strong.
Switzerland,Visa,tournament,negative_news_shock,4.118,3.3768,-0.7412,2.9968,3.7568,SCM_synthetic_control_compatible_stress_test,Negative sentiment compresses conversion despite exposure.
Brazil,Adidas,tournament,player_absent,4.118,3.6238,-0.4942,3.3038,3.9438,SCM_synthetic_control_compatible_stress_test,Core player absence lowers attention and performance confidence.
Brazil,Adidas,tournament,media_surge,4.118,4.6945,0.5765,4.4345,4.9545,SCM_synthetic_control_compatible_stress_test,Paid and earned media surge increases upside but adds volatility.
Brazil,Adidas,tournament,budget_cut,4.118,3.8297,-0.2883,3.5497,4.1097,SCM_synthetic_control_compatible_stress_test,Budget cut weakens activation reach and conversion quality.
Brazil,Adidas,tournament,budget_increase,4.118,4.4474,0.3294,4.1774,4.7174,SCM_synthetic_control_compatible_stress_test,Higher spend can lift ROI when brand fit and attention are strong.
Brazil,Adidas,tournament,negative_news_shock,4.118,3.3768,-0.7412,2.9968,3.7568,SCM_synthetic_control_compatible_stress_test,Negative sentiment compresses conversion despite exposure.
France,Qatar Airways,group_or_knockout,player_absent,4.116,3.6221,-0.4939,3.3021,3.9421,SCM_synthetic_control_compatible_stress_test,Core player absence lowers attention and performance confidence.
France,Qatar Airways,group_or_knockout,media_surge,4.116,4.6922,0.5762,4.4322,4.9522,SCM_synthetic_control_compatible_stress_test,Paid and earned media surge increases upside but adds volatility.
France,Qatar Airways,group_or_knockout,budget_cut,4.116,3.8279,-0.2881,3.5479,4.1079,SCM_synthetic_control_compatible_stress_test,Budget cut weakens activation reach and conversion quality.
France,Qatar Airways,group_or_knockout,budget_increase,4.116,4.4453,0.3293,4.1753,4.7153,SCM_synthetic_control_compatible_stress_test,Higher spend can lift ROI when brand fit and attention are strong.
France,Qatar Airways,group_or_knockout,negative_news_shock,4.116,3.3751,-0.7409,2.9951,3.7551,SCM_synthetic_control_compatible_stress_test,Negative sentiment compresses conversion despite exposure.
Denmark,Adidas,group_or_knockout,player_absent,4.116,3.6221,-0.4939,3.3021,3.9421,SCM_synthetic_control_compatible_stress_test,Core player absence lowers attention and performance confidence.
Denmark,Adidas,group_or_knockout,media_surge,4.116,4.6922,0.5762,4.4322,4.9522,SCM_synthetic_control_compatible_stress_test,Paid and earned media surge increases upside but adds volatility.
Denmark,Adidas,group_or_knockout,budget_cut,4.116,3.8279,-0.2881,3.5479,4.1079,SCM_synthetic_control_compatible_stress_test,Budget cut weakens activation reach and conversion quality.
Denmark,Adidas,group_or_knockout,budget_increase,4.116,4.4453,0.3293,4.1753,4.7153,SCM_synthetic_control_compatible_stress_test,Higher spend can lift ROI when brand fit and attention are strong.
Denmark,Adidas,group_or_knockout,negative_news_shock,4.116,3.3751,-0.7409,2.9951,3.7551,SCM_synthetic_control_compatible_stress_test,Negative sentiment compresses conversion despite exposure.
England,McDonald's,group_or_knockout,player_absent,4.115,3.6212,-0.4938,3.3012,3.9412,SCM_synthetic_control_compatible_stress_test,Core player absence lowers attention and performance confidence.
England,McDonald's,group_or_knockout,media_surge,4.115,4.6911,0.5761,4.4311,4.9511,SCM_synthetic_control_compatible_stress_test,Paid and earned media surge increases upside but adds volatility.
England,McDonald's,group_or_knockout,budget_cut,4.115,3.827,-0.288,3.547,4.107,SCM_synthetic_control_compatible_stress_test,Budget cut weakens activation reach and conversion quality.
England,McDonald's,group_or_knockout,budget_increase,4.115,4.4442,0.3292,4.1742,4.7142,SCM_synthetic_control_compatible_stress_test,Higher spend can lift ROI when brand fit and attention are strong.
England,McDonald's,group_or_knockout,negative_news_shock,4.115,3.3743,-0.7407,2.9943,3.7543,SCM_synthetic_control_compatible_stress_test,Negative sentiment compresses conversion despite exposure.
Argentina,Hyundai,group_or_knockout,player_absent,4.115,3.6212,-0.4938,3.3012,3.9412,SCM_synthetic_control_compatible_stress_test,Core player absence lowers attention and performance confidence.
Argentina,Hyundai,group_or_knockout,media_surge,4.115,4.6911,0.5761,4.4311,4.9511,SCM_synthetic_control_compatible_stress_test,Paid and earned media surge increases upside but adds volatility.
Argentina,Hyundai,group_or_knockout,budget_cut,4.115,3.827,-0.288,3.547,4.107,SCM_synthetic_control_compatible_stress_test,Budget cut weakens activation reach and conversion quality.
Argentina,Hyundai,group_or_knockout,budget_increase,4.115,4.4442,0.3292,4.1742,4.7142,SCM_synthetic_control_compatible_stress_test,Higher spend can lift ROI when brand fit and attention are strong.
Argentina,Hyundai,group_or_knockout,negative_news_shock,4.115,3.3743,-0.7407,2.9943,3.7543,SCM_synthetic_control_compatible_stress_test,Negative sentiment compresses conversion despite exposure.
Argentina,Hyundai,group_or_knockout,player_absent,4.109,3.6159,-0.4931,3.2959,3.9359,SCM_synthetic_control_compatible_stress_test,Core player absence lowers attention and performance confidence.
Argentina,Hyundai,group_or_knockout,media_surge,4.109,4.6843,0.5753,4.4243,4.9443,SCM_synthetic_control_compatible_stress_test,Paid and earned media surge increases upside but adds volatility.
Argentina,Hyundai,group_or_knockout,budget_cut,4.109,3.8214,-0.2876,3.5414,4.1014,SCM_synthetic_control_compatible_stress_test,Budget cut weakens activation reach and conversion quality.
Argentina,Hyundai,group_or_knockout,budget_increase,4.109,4.4377,0.3287,4.1677,4.7077,SCM_synthetic_control_compatible_stress_test,Higher spend can lift ROI when brand fit and attention are strong.
Argentina,Hyundai,group_or_knockout,negative_news_shock,4.109,3.3694,-0.7396,2.9894,3.7494,SCM_synthetic_control_compatible_stress_test,Negative sentiment compresses conversion despite exposure.
Croatia,Hisense,group_or_knockout,player_absent,4.109,3.6159,-0.4931,3.2959,3.9359,SCM_synthetic_control_compatible_stress_test,Core player absence lowers attention and performance confidence.
Croatia,Hisense,group_or_knockout,media_surge,4.109,4.6843,0.5753,4.4243,4.9443,SCM_synthetic_control_compatible_stress_test,Paid and earned media surge increases upside but adds volatility.
Croatia,Hisense,group_or_knockout,budget_cut,4.109,3.8214,-0.2876,3.5414,4.1014,SCM_synthetic_control_compatible_stress_test,Budget cut weakens activation reach and conversion quality.
Croatia,Hisense,group_or_knockout,budget_increase,4.109,4.4377,0.3287,4.1677,4.7077,SCM_synthetic_control_compatible_stress_test,Higher spend can lift ROI when brand fit and attention are strong.
Croatia,Hisense,group_or_knockout,negative_news_shock,4.109,3.3694,-0.7396,2.9894,3.7494,SCM_synthetic_control_compatible_stress_test,Negative sentiment compresses conversion despite exposure.
Brazil,Adidas,tournament,player_absent,4.108,3.615,-0.493,3.295,3.935,SCM_synthetic_control_compatible_stress_test,Core player absence lowers attention and performance confidence.
Brazil,Adidas,tournament,media_surge,4.108,4.6831,0.5751,4.4231,4.9431,SCM_synthetic_control_compatible_stress_test,Paid and earned media surge increases upside but adds volatility.
Brazil,Adidas,tournament,budget_cut,4.108,3.8204,-0.2876,3.5404,4.1004,SCM_synthetic_control_compatible_stress_test,Budget cut weakens activation reach and conversion quality.
Brazil,Adidas,tournament,budget_increase,4.108,4.4366,0.3286,4.1666,4.7066,SCM_synthetic_control_compatible_stress_test,Higher spend can lift ROI when brand fit and attention are strong.
Brazil,Adidas,tournament,negative_news_shock,4.108,3.3686,-0.7394,2.9886,3.7486,SCM_synthetic_control_compatible_stress_test,Negative sentiment compresses conversion despite exposure.
German DR,Visa,tournament,player_absent,4.108,3.615,-0.493,3.295,3.935,SCM_synthetic_control_compatible_stress_test,Core player absence lowers attention and performance confidence.
German DR,Visa,tournament,media_surge,4.108,4.6831,0.5751,4.4231,4.9431,SCM_synthetic_control_compatible_stress_test,Paid and earned media surge increases upside but adds volatility.
German DR,Visa,tournament,budget_cut,4.108,3.8204,-0.2876,3.5404,4.1004,SCM_synthetic_control_compatible_stress_test,Budget cut weakens activation reach and conversion quality.
German DR,Visa,tournament,budget_increase,4.108,4.4366,0.3286,4.1666,4.7066,SCM_synthetic_control_compatible_stress_test,Higher spend can lift ROI when brand fit and attention are strong.
German DR,Visa,tournament,negative_news_shock,4.108,3.3686,-0.7394,2.9886,3.7486,SCM_synthetic_control_compatible_stress_test,Negative sentiment compresses conversion despite exposure.
Brazil,Adidas,tournament,player_absent,4.107,3.6142,-0.4928,3.2942,3.9342,SCM_synthetic_control_compatible_stress_test,Core player absence lowers attention and performance confidence.
Brazil,Adidas,tournament,media_surge,4.107,4.682,0.575,4.422,4.942,SCM_synthetic_control_compatible_stress_test,Paid and earned media surge increases upside but adds volatility.
Brazil,Adidas,tournament,budget_cut,4.107,3.8195,-0.2875,3.5395,4.0995,SCM_synthetic_control_compatible_stress_test,Budget cut weakens activation reach and conversion quality.
Brazil,Adidas,tournament,budget_increase,4.107,4.4356,0.3286,4.1656,4.7056,SCM_synthetic_control_compatible_stress_test,Higher spend can lift ROI when brand fit and attention are strong.
Brazil,Adidas,tournament,negative_news_shock,4.107,3.3677,-0.7393,2.9877,3.7477,SCM_synthetic_control_compatible_stress_test,Negative sentiment compresses conversion despite exposure.
England,McDonald's,tournament,player_absent,4.107,3.6142,-0.4928,3.2942,3.9342,SCM_synthetic_control_compatible_stress_test,Core player absence lowers attention and performance confidence.
England,McDonald's,tournament,media_surge,4.107,4.682,0.575,4.422,4.942,SCM_synthetic_control_compatible_stress_test,Paid and earned media surge increases upside but adds volatility.
England,McDonald's,tournament,budget_cut,4.107,3.8195,-0.2875,3.5395,4.0995,SCM_synthetic_control_compatible_stress_test,Budget cut weakens activation reach and conversion quality.
England,McDonald's,tournament,budget_increase,4.107,4.4356,0.3286,4.1656,4.7056,SCM_synthetic_control_compatible_stress_test,Higher spend can lift ROI when brand fit and attention are strong.
England,McDonald's,tournament,negative_news_shock,4.107,3.3677,-0.7393,2.9877,3.7477,SCM_synthetic_control_compatible_stress_test,Negative sentiment compresses conversion despite exposure.
Italy,Visa,group_or_knockout,player_absent,4.105,3.6124,-0.4926,3.2924,3.9324,SCM_synthetic_control_compatible_stress_test,Core player absence lowers attention and performance confidence.
Italy,Visa,group_or_knockout,media_surge,4.105,4.6797,0.5747,4.4197,4.9397,SCM_synthetic_control_compatible_stress_test,Paid and earned media surge increases upside but adds volatility.
Italy,Visa,group_or_knockout,budget_cut,4.105,3.8177,-0.2873,3.5377,4.0977,SCM_synthetic_control_compatible_stress_test,Budget cut weakens activation reach and conversion quality.
Italy,Visa,group_or_knockout,budget_increase,4.105,4.4334,0.3284,4.1634,4.7034,SCM_synthetic_control_compatible_stress_test,Higher spend can lift ROI when brand fit and attention are strong.
Italy,Visa,group_or_knockout,negative_news_shock,4.105,3.3661,-0.7389,2.9861,3.7461,SCM_synthetic_control_compatible_stress_test,Negative sentiment compresses conversion despite exposure.
United States,Mengniu,group_or_knockout,player_absent,4.105,3.6124,-0.4926,3.2924,3.9324,SCM_synthetic_control_compatible_stress_test,Core player absence lowers attention and performance confidence.
United States,Mengniu,group_or_knockout,media_surge,4.105,4.6797,0.5747,4.4197,4.9397,SCM_synthetic_control_compatible_stress_test,Paid and earned media surge increases upside but adds volatility.
United States,Mengniu,group_or_knockout,budget_cut,4.105,3.8177,-0.2873,3.5377,4.0977,SCM_synthetic_control_compatible_stress_test,Budget cut weakens activation reach and conversion quality.
United States,Mengniu,group_or_knockout,budget_increase,4.105,4.4334,0.3284,4.1634,4.7034,SCM_synthetic_control_compatible_stress_test,Higher spend can lift ROI when brand fit and attention are strong.
United States,Mengniu,group_or_knockout,negative_news_shock,4.105,3.3661,-0.7389,2.9861,3.7461,SCM_synthetic_control_compatible_stress_test,Negative sentiment compresses conversion despite exposure.
France,Qatar Airways,group_or_knockout,player_absent,4.104,3.6115,-0.4925,3.2915,3.9315,SCM_synthetic_control_compatible_stress_test,Core player absence lowers attention and performance confidence.
France,Qatar Airways,group_or_knockout,media_surge,4.104,4.6786,0.5746,4.4186,4.9386,SCM_synthetic_control_compatible_stress_test,Paid and earned media surge increases upside but adds volatility.
France,Qatar Airways,group_or_knockout,budget_cut,4.104,3.8167,-0.2873,3.5367,4.0967,SCM_synthetic_control_compatible_stress_test,Budget cut weakens activation reach and conversion quality.
France,Qatar Airways,group_or_knockout,budget_increase,4.104,4.4323,0.3283,4.1623,4.7023,SCM_synthetic_control_compatible_stress_test,Higher spend can lift ROI when brand fit and attention are strong.
France,Qatar Airways,group_or_knockout,negative_news_shock,4.104,3.3653,-0.7387,2.9853,3.7453,SCM_synthetic_control_compatible_stress_test,Negative sentiment compresses conversion despite exposure.
Argentina,Hyundai,group_or_knockout,player_absent,4.104,3.6115,-0.4925,3.2915,3.9315,SCM_synthetic_control_compatible_stress_test,Core player absence lowers attention and performance confidence.
Argentina,Hyundai,group_or_knockout,media_surge,4.104,4.6786,0.5746,4.4186,4.9386,SCM_synthetic_control_compatible_stress_test,Paid and earned media surge increases upside but adds volatility.
Argentina,Hyundai,group_or_knockout,budget_cut,4.104,3.8167,-0.2873,3.5367,4.0967,SCM_synthetic_control_compatible_stress_test,Budget cut weakens activation reach and conversion quality.
Argentina,Hyundai,group_or_knockout,budget_increase,4.104,4.4323,0.3283,4.1623,4.7023,SCM_synthetic_control_compatible_stress_test,Higher spend can lift ROI when brand fit and attention are strong.
Argentina,Hyundai,group_or_knockout,negative_news_shock,4.104,3.3653,-0.7387,2.9853,3.7453,SCM_synthetic_control_compatible_stress_test,Negative sentiment compresses conversion despite exposure.
France,Qatar Airways,group_or_knockout,player_absent,4.099,3.6071,-0.4919,3.2871,3.9271,SCM_synthetic_control_compatible_stress_test,Core player absence lowers attention and performance confidence.
France,Qatar Airways,group_or_knockout,media_surge,4.099,4.6729,0.5739,4.4129,4.9329,SCM_synthetic_control_compatible_stress_test,Paid and earned media surge increases upside but adds volatility.
France,Qatar Airways,group_or_knockout,budget_cut,4.099,3.8121,-0.2869,3.5321,4.0921,SCM_synthetic_control_compatible_stress_test,Budget cut weakens activation reach and conversion quality.
France,Qatar Airways,group_or_knockout,budget_increase,4.099,4.4269,0.3279,4.1569,4.6969,SCM_synthetic_control_compatible_stress_test,Higher spend can lift ROI when brand fit and attention are strong.
France,Qatar Airways,group_or_knockout,negative_news_shock,4.099,3.3612,-0.7378,2.9812,3.7412,SCM_synthetic_control_compatible_stress_test,Negative sentiment compresses conversion despite exposure.
Honduras,Visa,group_or_knockout,player_absent,4.099,3.6071,-0.4919,3.2871,3.9271,SCM_synthetic_control_compatible_stress_test,Core player absence lowers attention and performance confidence.
Honduras,Visa,group_or_knockout,media_surge,4.099,4.6729,0.5739,4.4129,4.9329,SCM_synthetic_control_compatible_stress_test,Paid and earned media surge increases upside but adds volatility.
Honduras,Visa,group_or_knockout,budget_cut,4.099,3.8121,-0.2869,3.5321,4.0921,SCM_synthetic_control_compatible_stress_test,Budget cut weakens activation reach and conversion quality.
Honduras,Visa,group_or_knockout,budget_increase,4.099,4.4269,0.3279,4.1569,4.6969,SCM_synthetic_control_compatible_stress_test,Higher spend can lift ROI when brand fit and attention are strong.
Honduras,Visa,group_or_knockout,negative_news_shock,4.099,3.3612,-0.7378,2.9812,3.7412,SCM_synthetic_control_compatible_stress_test,Negative sentiment compresses conversion despite exposure.
Hungary,Adidas,tournament,player_absent,4.099,3.6071,-0.4919,3.2871,3.9271,SCM_synthetic_control_compatible_stress_test,Core player absence lowers attention and performance confidence.
Hungary,Adidas,tournament,media_surge,4.099,4.6729,0.5739,4.4129,4.9329,SCM_synthetic_control_compatible_stress_test,Paid and earned media surge increases upside but adds volatility.
Hungary,Adidas,tournament,budget_cut,4.099,3.8121,-0.2869,3.5321,4.0921,SCM_synthetic_control_compatible_stress_test,Budget cut weakens activation reach and conversion quality.
Hungary,Adidas,tournament,budget_increase,4.099,4.4269,0.3279,4.1569,4.6969,SCM_synthetic_control_compatible_stress_test,Higher spend can lift ROI when brand fit and attention are strong.
Hungary,Adidas,tournament,negative_news_shock,4.099,3.3612,-0.7378,2.9812,3.7412,SCM_synthetic_control_compatible_stress_test,Negative sentiment compresses conversion despite exposure.
Brazil,Adidas,tournament,player_absent,4.099,3.6071,-0.4919,3.2871,3.9271,SCM_synthetic_control_compatible_stress_test,Core player absence lowers attention and performance confidence.
Brazil,Adidas,tournament,media_surge,4.099,4.6729,0.5739,4.4129,4.9329,SCM_synthetic_control_compatible_stress_test,Paid and earned media surge increases upside but adds volatility.
Brazil,Adidas,tournament,budget_cut,4.099,3.8121,-0.2869,3.5321,4.0921,SCM_synthetic_control_compatible_stress_test,Budget cut weakens activation reach and conversion quality.
Brazil,Adidas,tournament,budget_increase,4.099,4.4269,0.3279,4.1569,4.6969,SCM_synthetic_control_compatible_stress_test,Higher spend can lift ROI when brand fit and attention are strong.
Brazil,Adidas,tournament,negative_news_shock,4.099,3.3612,-0.7378,2.9812,3.7412,SCM_synthetic_control_compatible_stress_test,Negative sentiment compresses conversion despite exposure.
Italy,Visa,tournament,player_absent,4.097,3.6054,-0.4916,3.2854,3.9254,SCM_synthetic_control_compatible_stress_test,Core player absence lowers attention and performance confidence.
Italy,Visa,tournament,media_surge,4.097,4.6706,0.5736,4.4106,4.9306,SCM_synthetic_control_compatible_stress_test,Paid and earned media surge increases upside but adds volatility.
Italy,Visa,tournament,budget_cut,4.097,3.8102,-0.2868,3.5302,4.0902,SCM_synthetic_control_compatible_stress_test,Budget cut weakens activation reach and conversion quality.
Italy,Visa,tournament,budget_increase,4.097,4.4248,0.3278,4.1548,4.6948,SCM_synthetic_control_compatible_stress_test,Higher spend can lift ROI when brand fit and attention are strong.
Italy,Visa,tournament,negative_news_shock,4.097,3.3595,-0.7375,2.9795,3.7395,SCM_synthetic_control_compatible_stress_test,Negative sentiment compresses conversion despite exposure.
Yugoslavia,Qatar Airways,tournament,player_absent,4.097,3.6054,-0.4916,3.2854,3.9254,SCM_synthetic_control_compatible_stress_test,Core player absence lowers attention and performance confidence.
Yugoslavia,Qatar Airways,tournament,media_surge,4.097,4.6706,0.5736,4.4106,4.9306,SCM_synthetic_control_compatible_stress_test,Paid and earned media surge increases upside but adds volatility.
Yugoslavia,Qatar Airways,tournament,budget_cut,4.097,3.8102,-0.2868,3.5302,4.0902,SCM_synthetic_control_compatible_stress_test,Budget cut weakens activation reach and conversion quality.
Yugoslavia,Qatar Airways,tournament,budget_increase,4.097,4.4248,0.3278,4.1548,4.6948,SCM_synthetic_control_compatible_stress_test,Higher spend can lift ROI when brand fit and attention are strong.
Yugoslavia,Qatar Airways,tournament,negative_news_shock,4.097,3.3595,-0.7375,2.9795,3.7395,SCM_synthetic_control_compatible_stress_test,Negative sentiment compresses conversion despite exposure.
Hungary,Adidas,tournament,player_absent,4.097,3.6054,-0.4916,3.2854,3.9254,SCM_synthetic_control_compatible_stress_test,Core player absence lowers attention and performance confidence.
Hungary,Adidas,tournament,media_surge,4.097,4.6706,0.5736,4.4106,4.9306,SCM_synthetic_control_compatible_stress_test,Paid and earned media surge increases upside but adds volatility.
Hungary,Adidas,tournament,budget_cut,4.097,3.8102,-0.2868,3.5302,4.0902,SCM_synthetic_control_compatible_stress_test,Budget cut weakens activation reach and conversion quality.
Hungary,Adidas,tournament,budget_increase,4.097,4.4248,0.3278,4.1548,4.6948,SCM_synthetic_control_compatible_stress_test,Higher spend can lift ROI when brand fit and attention are strong.
Hungary,Adidas,tournament,negative_news_shock,4.097,3.3595,-0.7375,2.9795,3.7395,SCM_synthetic_control_compatible_stress_test,Negative sentiment compresses conversion despite exposure.
Brazil,Adidas,tournament,player_absent,4.097,3.6054,-0.4916,3.2854,3.9254,SCM_synthetic_control_compatible_stress_test,Core player absence lowers attention and performance confidence.
Brazil,Adidas,tournament,media_surge,4.097,4.6706,0.5736,4.4106,4.9306,SCM_synthetic_control_compatible_stress_test,Paid and earned media surge increases upside but adds volatility.
Brazil,Adidas,tournament,budget_cut,4.097,3.8102,-0.2868,3.5302,4.0902,SCM_synthetic_control_compatible_stress_test,Budget cut weakens activation reach and conversion quality.
Brazil,Adidas,tournament,budget_increase,4.097,4.4248,0.3278,4.1548,4.6948,SCM_synthetic_control_compatible_stress_test,Higher spend can lift ROI when brand fit and attention are strong.
Brazil,Adidas,tournament,negative_news_shock,4.097,3.3595,-0.7375,2.9795,3.7395,SCM_synthetic_control_compatible_stress_test,Negative sentiment compresses conversion despite exposure.
Brazil,Adidas,group_or_knockout,player_absent,4.096,3.6045,-0.4915,3.2845,3.9245,SCM_synthetic_control_compatible_stress_test,Core player absence lowers attention and performance confidence.
Brazil,Adidas,group_or_knockout,media_surge,4.096,4.6694,0.5734,4.4094,4.9294,SCM_synthetic_control_compatible_stress_test,Paid and earned media surge increases upside but adds volatility.
Brazil,Adidas,group_or_knockout,budget_cut,4.096,3.8093,-0.2867,3.5293,4.0893,SCM_synthetic_control_compatible_stress_test,Budget cut weakens activation reach and conversion quality.
Brazil,Adidas,group_or_knockout,budget_increase,4.096,4.4237,0.3277,4.1537,4.6937,SCM_synthetic_control_compatible_stress_test,Higher spend can lift ROI when brand fit and attention are strong.
Brazil,Adidas,group_or_knockout,negative_news_shock,4.096,3.3587,-0.7373,2.9787,3.7387,SCM_synthetic_control_compatible_stress_test,Negative sentiment compresses conversion despite exposure.
France,Qatar Airways,group_or_knockout,player_absent,4.096,3.6045,-0.4915,3.2845,3.9245,SCM_synthetic_control_compatible_stress_test,Core player absence lowers attention and performance confidence.
France,Qatar Airways,group_or_knockout,media_surge,4.096,4.6694,0.5734,4.4094,4.9294,SCM_synthetic_control_compatible_stress_test,Paid and earned media surge increases upside but adds volatility.
France,Qatar Airways,group_or_knockout,budget_cut,4.096,3.8093,-0.2867,3.5293,4.0893,SCM_synthetic_control_compatible_stress_test,Budget cut weakens activation reach and conversion quality.
France,Qatar Airways,group_or_knockout,budget_increase,4.096,4.4237,0.3277,4.1537,4.6937,SCM_synthetic_control_compatible_stress_test,Higher spend can lift ROI when brand fit and attention are strong.
France,Qatar Airways,group_or_knockout,negative_news_shock,4.096,3.3587,-0.7373,2.9787,3.7387,SCM_synthetic_control_compatible_stress_test,Negative sentiment compresses conversion despite exposure.
Argentina,Hyundai,group_or_knockout,player_absent,4.093,3.6018,-0.4912,3.2818,3.9218,SCM_synthetic_control_compatible_stress_test,Core player absence lowers attention and performance confidence.
Argentina,Hyundai,group_or_knockout,media_surge,4.093,4.666,0.573,4.406,4.926,SCM_synthetic_control_compatible_stress_test,Paid and earned media surge increases upside but adds volatility.
Argentina,Hyundai,group_or_knockout,budget_cut,4.093,3.8065,-0.2865,3.5265,4.0865,SCM_synthetic_control_compatible_stress_test,Budget cut weakens activation reach and conversion quality.
Argentina,Hyundai,group_or_knockout,budget_increase,4.093,4.4204,0.3274,4.1504,4.6904,SCM_synthetic_control_compatible_stress_test,Higher spend can lift ROI when brand fit and attention are strong.
Argentina,Hyundai,group_or_knockout,negative_news_shock,4.093,3.3563,-0.7367,2.9763,3.7363,SCM_synthetic_control_compatible_stress_test,Negative sentiment compresses conversion despite exposure.
South Korea,Hisense,group_or_knockout,player_absent,4.093,3.6018,-0.4912,3.2818,3.9218,SCM_synthetic_control_compatible_stress_test,Core player absence lowers attention and performance confidence.
South Korea,Hisense,group_or_knockout,media_surge,4.093,4.666,0.573,4.406,4.926,SCM_synthetic_control_compatible_stress_test,Paid and earned media surge increases upside but adds volatility.
South Korea,Hisense,group_or_knockout,budget_cut,4.093,3.8065,-0.2865,3.5265,4.0865,SCM_synthetic_control_compatible_stress_test,Budget cut weakens activation reach and conversion quality.
South Korea,Hisense,group_or_knockout,budget_increase,4.093,4.4204,0.3274,4.1504,4.6904,SCM_synthetic_control_compatible_stress_test,Higher spend can lift ROI when brand fit and attention are strong.
South Korea,Hisense,group_or_knockout,negative_news_shock,4.093,3.3563,-0.7367,2.9763,3.7363,SCM_synthetic_control_compatible_stress_test,Negative sentiment compresses conversion despite exposure.
Hungary,Adidas,tournament,player_absent,4.09,3.5992,-0.4908,3.2792,3.9192,SCM_synthetic_control_compatible_stress_test,Core player absence lowers attention and performance confidence.
Hungary,Adidas,tournament,media_surge,4.09,4.6626,0.5726,4.4026,4.9226,SCM_synthetic_control_compatible_stress_test,Paid and earned media surge increases upside but adds volatility.
Hungary,Adidas,tournament,budget_cut,4.09,3.8037,-0.2863,3.5237,4.0837,SCM_synthetic_control_compatible_stress_test,Budget cut weakens activation reach and conversion quality.
Hungary,Adidas,tournament,budget_increase,4.09,4.4172,0.3272,4.1472,4.6872,SCM_synthetic_control_compatible_stress_test,Higher spend can lift ROI when brand fit and attention are strong.
Hungary,Adidas,tournament,negative_news_shock,4.09,3.3538,-0.7362,2.9738,3.7338,SCM_synthetic_control_compatible_stress_test,Negative sentiment compresses conversion despite exposure.
South Korea,Hisense,tournament,player_absent,4.09,3.5992,-0.4908,3.2792,3.9192,SCM_synthetic_control_compatible_stress_test,Core player absence lowers attention and performance confidence.
South Korea,Hisense,tournament,media_surge,4.09,4.6626,0.5726,4.4026,4.9226,SCM_synthetic_control_compatible_stress_test,Paid and earned media surge increases upside but adds volatility.
South Korea,Hisense,tournament,budget_cut,4.09,3.8037,-0.2863,3.5237,4.0837,SCM_synthetic_control_compatible_stress_test,Budget cut weakens activation reach and conversion quality.
South Korea,Hisense,tournament,budget_increase,4.09,4.4172,0.3272,4.1472,4.6872,SCM_synthetic_control_compatible_stress_test,Higher spend can lift ROI when brand fit and attention are strong.
South Korea,Hisense,tournament,negative_news_shock,4.09,3.3538,-0.7362,2.9738,3.7338,SCM_synthetic_control_compatible_stress_test,Negative sentiment compresses conversion despite exposure.
Brazil,Adidas,tournament,player_absent,4.088,3.5974,-0.4906,3.2774,3.9174,SCM_synthetic_control_compatible_stress_test,Core player absence lowers attention and performance confidence.
Brazil,Adidas,tournament,media_surge,4.088,4.6603,0.5723,4.4003,4.9203,SCM_synthetic_control_compatible_stress_test,Paid and earned media surge increases upside but adds volatility.
Brazil,Adidas,tournament,budget_cut,4.088,3.8018,-0.2862,3.5218,4.0818,SCM_synthetic_control_compatible_stress_test,Budget cut weakens activation reach and conversion quality.
Brazil,Adidas,tournament,budget_increase,4.088,4.415,0.327,4.145,4.685,SCM_synthetic_control_compatible_stress_test,Higher spend can lift ROI when brand fit and attention are strong.
Brazil,Adidas,tournament,negative_news_shock,4.088,3.3522,-0.7358,2.9722,3.7322,SCM_synthetic_control_compatible_stress_test,Negative sentiment compresses conversion despite exposure.
Wales,Coca-Cola,tournament,player_absent,4.088,3.5974,-0.4906,3.2774,3.9174,SCM_synthetic_control_compatible_stress_test,Core player absence lowers attention and performance confidence.
Wales,Coca-Cola,tournament,media_surge,4.088,4.6603,0.5723,4.4003,4.9203,SCM_synthetic_control_compatible_stress_test,Paid and earned media surge increases upside but adds volatility.
Wales,Coca-Cola,tournament,budget_cut,4.088,3.8018,-0.2862,3.5218,4.0818,SCM_synthetic_control_compatible_stress_test,Budget cut weakens activation reach and conversion quality.
Wales,Coca-Cola,tournament,budget_increase,4.088,4.415,0.327,4.145,4.685,SCM_synthetic_control_compatible_stress_test,Higher spend can lift ROI when brand fit and attention are strong.
Wales,Coca-Cola,tournament,negative_news_shock,4.088,3.3522,-0.7358,2.9722,3.7322,SCM_synthetic_control_compatible_stress_test,Negative sentiment compresses conversion despite exposure.
Netherlands,Hisense,group_or_knockout,player_absent,4.085,3.5948,-0.4902,3.2748,3.9148,SCM_synthetic_control_compatible_stress_test,Core player absence lowers attention and performance confidence.
Netherlands,Hisense,group_or_knockout,media_surge,4.085,4.6569,0.5719,4.3969,4.9169,SCM_synthetic_control_compatible_stress_test,Paid and earned media surge increases upside but adds volatility.
Netherlands,Hisense,group_or_knockout,budget_cut,4.085,3.7991,-0.2859,3.5191,4.0791,SCM_synthetic_control_compatible_stress_test,Budget cut weakens activation reach and conversion quality.
Netherlands,Hisense,group_or_knockout,budget_increase,4.085,4.4118,0.3268,4.1418,4.6818,SCM_synthetic_control_compatible_stress_test,Higher spend can lift ROI when brand fit and attention are strong.
Netherlands,Hisense,group_or_knockout,negative_news_shock,4.085,3.3497,-0.7353,2.9697,3.7297,SCM_synthetic_control_compatible_stress_test,Negative sentiment compresses conversion despite exposure.
Slovakia,McDonald's,group_or_knockout,player_absent,4.085,3.5948,-0.4902,3.2748,3.9148,SCM_synthetic_control_compatible_stress_test,Core player absence lowers attention and performance confidence.
Slovakia,McDonald's,group_or_knockout,media_surge,4.085,4.6569,0.5719,4.3969,4.9169,SCM_synthetic_control_compatible_stress_test,Paid and earned media surge increases upside but adds volatility.
Slovakia,McDonald's,group_or_knockout,budget_cut,4.085,3.7991,-0.2859,3.5191,4.0791,SCM_synthetic_control_compatible_stress_test,Budget cut weakens activation reach and conversion quality.
Slovakia,McDonald's,group_or_knockout,budget_increase,4.085,4.4118,0.3268,4.1418,4.6818,SCM_synthetic_control_compatible_stress_test,Higher spend can lift ROI when brand fit and attention are strong.
Slovakia,McDonald's,group_or_knockout,negative_news_shock,4.085,3.3497,-0.7353,2.9697,3.7297,SCM_synthetic_control_compatible_stress_test,Negative sentiment compresses conversion despite exposure.
Canada,Qatar Airways,group_or_knockout,player_absent,4.083,3.593,-0.49,3.273,3.913,SCM_synthetic_control_compatible_stress_test,Core player absence lowers attention and performance confidence.
Canada,Qatar Airways,group_or_knockout,media_surge,4.083,4.6546,0.5716,4.3946,4.9146,SCM_synthetic_control_compatible_stress_test,Paid and earned media surge increases upside but adds volatility.
Canada,Qatar Airways,group_or_knockout,budget_cut,4.083,3.7972,-0.2858,3.5172,4.0772,SCM_synthetic_control_compatible_stress_test,Budget cut weakens activation reach and conversion quality.
Canada,Qatar Airways,group_or_knockout,budget_increase,4.083,4.4096,0.3266,4.1396,4.6796,SCM_synthetic_control_compatible_stress_test,Higher spend can lift ROI when brand fit and attention are strong.
Canada,Qatar Airways,group_or_knockout,negative_news_shock,4.083,3.3481,-0.7349,2.9681,3.7281,SCM_synthetic_control_compatible_stress_test,Negative sentiment compresses conversion despite exposure.
Hungary,Adidas,group_or_knockout,player_absent,4.083,3.593,-0.49,3.273,3.913,SCM_synthetic_control_compatible_stress_test,Core player absence lowers attention and performance confidence.
Hungary,Adidas,group_or_knockout,media_surge,4.083,4.6546,0.5716,4.3946,4.9146,SCM_synthetic_control_compatible_stress_test,Paid and earned media surge increases upside but adds volatility.
Hungary,Adidas,group_or_knockout,budget_cut,4.083,3.7972,-0.2858,3.5172,4.0772,SCM_synthetic_control_compatible_stress_test,Budget cut weakens activation reach and conversion quality.
Hungary,Adidas,group_or_knockout,budget_increase,4.083,4.4096,0.3266,4.1396,4.6796,SCM_synthetic_control_compatible_stress_test,Higher spend can lift ROI when brand fit and attention are strong.
Hungary,Adidas,group_or_knockout,negative_news_shock,4.083,3.3481,-0.7349,2.9681,3.7281,SCM_synthetic_control_compatible_stress_test,Negative sentiment compresses conversion despite exposure.
United States,Mengniu,group_or_knockout,player_absent,4.083,3.593,-0.49,3.273,3.913,SCM_synthetic_control_compatible_stress_test,Core player absence lowers attention and performance confidence.
United States,Mengniu,group_or_knockout,media_surge,4.083,4.6546,0.5716,4.3946,4.9146,SCM_synthetic_control_compatible_stress_test,Paid and earned media surge increases upside but adds volatility.
United States,Mengniu,group_or_knockout,budget_cut,4.083,3.7972,-0.2858,3.5172,4.0772,SCM_synthetic_control_compatible_stress_test,Budget cut weakens activation reach and conversion quality.
United States,Mengniu,group_or_knockout,budget_increase,4.083,4.4096,0.3266,4.1396,4.6796,SCM_synthetic_control_compatible_stress_test,Higher spend can lift ROI when brand fit and attention are strong.
United States,Mengniu,group_or_knockout,negative_news_shock,4.083,3.3481,-0.7349,2.9681,3.7281,SCM_synthetic_control_compatible_stress_test,Negative sentiment compresses conversion despite exposure.
Netherlands,Hisense,group_or_knockout,player_absent,4.083,3.593,-0.49,3.273,3.913,SCM_synthetic_control_compatible_stress_test,Core player absence lowers attention and performance confidence.
Netherlands,Hisense,group_or_knockout,media_surge,4.083,4.6546,0.5716,4.3946,4.9146,SCM_synthetic_control_compatible_stress_test,Paid and earned media surge increases upside but adds volatility.
Netherlands,Hisense,group_or_knockout,budget_cut,4.083,3.7972,-0.2858,3.5172,4.0772,SCM_synthetic_control_compatible_stress_test,Budget cut weakens activation reach and conversion quality.
Netherlands,Hisense,group_or_knockout,budget_increase,4.083,4.4096,0.3266,4.1396,4.6796,SCM_synthetic_control_compatible_stress_test,Higher spend can lift ROI when brand fit and attention are strong.
Netherlands,Hisense,group_or_knockout,negative_news_shock,4.083,3.3481,-0.7349,2.9681,3.7281,SCM_synthetic_control_compatible_stress_test,Negative sentiment compresses conversion despite exposure.
Czechoslovakia,Coca-Cola,tournament,player_absent,4.082,3.5922,-0.4898,3.2722,3.9122,SCM_synthetic_control_compatible_stress_test,Core player absence lowers attention and performance confidence.
Czechoslovakia,Coca-Cola,tournament,media_surge,4.082,4.6535,0.5715,4.3935,4.9135,SCM_synthetic_control_compatible_stress_test,Paid and earned media surge increases upside but adds volatility.
Czechoslovakia,Coca-Cola,tournament,budget_cut,4.082,3.7963,-0.2857,3.5163,4.0763,SCM_synthetic_control_compatible_stress_test,Budget cut weakens activation reach and conversion quality.
Czechoslovakia,Coca-Cola,tournament,budget_increase,4.082,4.4086,0.3266,4.1386,4.6786,SCM_synthetic_control_compatible_stress_test,Higher spend can lift ROI when brand fit and attention are strong.
Czechoslovakia,Coca-Cola,tournament,negative_news_shock,4.082,3.3472,-0.7348,2.9672,3.7272,SCM_synthetic_control_compatible_stress_test,Negative sentiment compresses conversion despite exposure.
Brazil,Adidas,tournament,player_absent,4.082,3.5922,-0.4898,3.2722,3.9122,SCM_synthetic_control_compatible_stress_test,Core player absence lowers attention and performance confidence.
Brazil,Adidas,tournament,media_surge,4.082,4.6535,0.5715,4.3935,4.9135,SCM_synthetic_control_compatible_stress_test,Paid and earned media surge increases upside but adds volatility.
Brazil,Adidas,tournament,budget_cut,4.082,3.7963,-0.2857,3.5163,4.0763,SCM_synthetic_control_compatible_stress_test,Budget cut weakens activation reach and conversion quality.
Brazil,Adidas,tournament,budget_increase,4.082,4.4086,0.3266,4.1386,4.6786,SCM_synthetic_control_compatible_stress_test,Higher spend can lift ROI when brand fit and attention are strong.
Brazil,Adidas,tournament,negative_news_shock,4.082,3.3472,-0.7348,2.9672,3.7272,SCM_synthetic_control_compatible_stress_test,Negative sentiment compresses conversion despite exposure.
Saudi Arabia,Qatar Airways,group_or_knockout,player_absent,4.082,3.5922,-0.4898,3.2722,3.9122,SCM_synthetic_control_compatible_stress_test,Core player absence lowers attention and performance confidence.
Saudi Arabia,Qatar Airways,group_or_knockout,media_surge,4.082,4.6535,0.5715,4.3935,4.9135,SCM_synthetic_control_compatible_stress_test,Paid and earned media surge increases upside but adds volatility.
Saudi Arabia,Qatar Airways,group_or_knockout,budget_cut,4.082,3.7963,-0.2857,3.5163,4.0763,SCM_synthetic_control_compatible_stress_test,Budget cut weakens activation reach and conversion quality.
Saudi Arabia,Qatar Airways,group_or_knockout,budget_increase,4.082,4.4086,0.3266,4.1386,4.6786,SCM_synthetic_control_compatible_stress_test,Higher spend can lift ROI when brand fit and attention are strong.
Saudi Arabia,Qatar Airways,group_or_knockout,negative_news_shock,4.082,3.3472,-0.7348,2.9672,3.7272,SCM_synthetic_control_compatible_stress_test,Negative sentiment compresses conversion despite exposure.
France,Qatar Airways,group_or_knockout,player_absent,4.082,3.5922,-0.4898,3.2722,3.9122,SCM_synthetic_control_compatible_stress_test,Core player absence lowers attention and performance confidence.
France,Qatar Airways,group_or_knockout,media_surge,4.082,4.6535,0.5715,4.3935,4.9135,SCM_synthetic_control_compatible_stress_test,Paid and earned media surge increases upside but adds volatility.
France,Qatar Airways,group_or_knockout,budget_cut,4.082,3.7963,-0.2857,3.5163,4.0763,SCM_synthetic_control_compatible_stress_test,Budget cut weakens activation reach and conversion quality.
France,Qatar Airways,group_or_knockout,budget_increase,4.082,4.4086,0.3266,4.1386,4.6786,SCM_synthetic_control_compatible_stress_test,Higher spend can lift ROI when brand fit and attention are strong.
France,Qatar Airways,group_or_knockout,negative_news_shock,4.082,3.3472,-0.7348,2.9672,3.7272,SCM_synthetic_control_compatible_stress_test,Negative sentiment compresses conversion despite exposure.
France,Qatar Airways,group_or_knockout,player_absent,4.081,3.5913,-0.4897,3.2713,3.9113,SCM_synthetic_control_compatible_stress_test,Core player absence lowers attention and performance confidence.
France,Qatar Airways,group_or_knockout,media_surge,4.081,4.6523,0.5713,4.3923,4.9123,SCM_synthetic_control_compatible_stress_test,Paid and earned media surge increases upside but adds volatility.
France,Qatar Airways,group_or_knockout,budget_cut,4.081,3.7953,-0.2857,3.5153,4.0753,SCM_synthetic_control_compatible_stress_test,Budget cut weakens activation reach and conversion quality.
France,Qatar Airways,group_or_knockout,budget_increase,4.081,4.4075,0.3265,4.1375,4.6775,SCM_synthetic_control_compatible_stress_test,Higher spend can lift ROI when brand fit and attention are strong.
France,Qatar Airways,group_or_knockout,negative_news_shock,4.081,3.3464,-0.7346,2.9664,3.7264,SCM_synthetic_control_compatible_stress_test,Negative sentiment compresses conversion despite exposure.
Argentina,Hyundai,group_or_knockout,player_absent,4.081,3.5913,-0.4897,3.2713,3.9113,SCM_synthetic_control_compatible_stress_test,Core player absence lowers attention and performance confidence.
Argentina,Hyundai,group_or_knockout,media_surge,4.081,4.6523,0.5713,4.3923,4.9123,SCM_synthetic_control_compatible_stress_test,Paid and earned media surge increases upside but adds volatility.
Argentina,Hyundai,group_or_knockout,budget_cut,4.081,3.7953,-0.2857,3.5153,4.0753,SCM_synthetic_control_compatible_stress_test,Budget cut weakens activation reach and conversion quality.
Argentina,Hyundai,group_or_knockout,budget_increase,4.081,4.4075,0.3265,4.1375,4.6775,SCM_synthetic_control_compatible_stress_test,Higher spend can lift ROI when brand fit and attention are strong.
Argentina,Hyundai,group_or_knockout,negative_news_shock,4.081,3.3464,-0.7346,2.9664,3.7264,SCM_synthetic_control_compatible_stress_test,Negative sentiment compresses conversion despite exposure.
Argentina,Hyundai,group_or_knockout,player_absent,4.08,3.5904,-0.4896,3.2704,3.9104,SCM_synthetic_control_compatible_stress_test,Core player absence lowers attention and performance confidence.
Argentina,Hyundai,group_or_knockout,media_surge,4.08,4.6512,0.5712,4.3912,4.9112,SCM_synthetic_control_compatible_stress_test,Paid and earned media surge increases upside but adds volatility.
Argentina,Hyundai,group_or_knockout,budget_cut,4.08,3.7944,-0.2856,3.5144,4.0744,SCM_synthetic_control_compatible_stress_test,Budget cut weakens activation reach and conversion quality.
Argentina,Hyundai,group_or_knockout,budget_increase,4.08,4.4064,0.3264,4.1364,4.6764,SCM_synthetic_control_compatible_stress_test,Higher spend can lift ROI when brand fit and attention are strong.
Argentina,Hyundai,group_or_knockout,negative_news_shock,4.08,3.3456,-0.7344,2.9656,3.7256,SCM_synthetic_control_compatible_stress_test,Negative sentiment compresses conversion despite exposure.
Australia,Mengniu,group_or_knockout,player_absent,4.08,3.5904,-0.4896,3.2704,3.9104,SCM_synthetic_control_compatible_stress_test,Core player absence lowers attention and performance confidence.
Australia,Mengniu,group_or_knockout,media_surge,4.08,4.6512,0.5712,4.3912,4.9112,SCM_synthetic_control_compatible_stress_test,Paid and earned media surge increases upside but adds volatility.
Australia,Mengniu,group_or_knockout,budget_cut,4.08,3.7944,-0.2856,3.5144,4.0744,SCM_synthetic_control_compatible_stress_test,Budget cut weakens activation reach and conversion quality.
Australia,Mengniu,group_or_knockout,budget_increase,4.08,4.4064,0.3264,4.1364,4.6764,SCM_synthetic_control_compatible_stress_test,Higher spend can lift ROI when brand fit and attention are strong.
Australia,Mengniu,group_or_knockout,negative_news_shock,4.08,3.3456,-0.7344,2.9656,3.7256,SCM_synthetic_control_compatible_stress_test,Negative sentiment compresses conversion despite exposure.
Brazil,Adidas,group_or_knockout,player_absent,4.079,3.5895,-0.4895,3.2695,3.9095,SCM_synthetic_control_compatible_stress_test,Core player absence lowers attention and performance confidence.
Brazil,Adidas,group_or_knockout,media_surge,4.079,4.6501,0.5711,4.3901,4.9101,SCM_synthetic_control_compatible_stress_test,Paid and earned media surge increases upside but adds volatility.
Brazil,Adidas,group_or_knockout,budget_cut,4.079,3.7935,-0.2855,3.5135,4.0735,SCM_synthetic_control_compatible_stress_test,Budget cut weakens activation reach and conversion quality.
Brazil,Adidas,group_or_knockout,budget_increase,4.079,4.4053,0.3263,4.1353,4.6753,SCM_synthetic_control_compatible_stress_test,Higher spend can lift ROI when brand fit and attention are strong.
Brazil,Adidas,group_or_knockout,negative_news_shock,4.079,3.3448,-0.7342,2.9648,3.7248,SCM_synthetic_control_compatible_stress_test,Negative sentiment compresses conversion despite exposure.
Italy,Visa,group_or_knockout,player_absent,4.079,3.5895,-0.4895,3.2695,3.9095,SCM_synthetic_control_compatible_stress_test,Core player absence lowers attention and performance confidence.
Italy,Visa,group_or_knockout,media_surge,4.079,4.6501,0.5711,4.3901,4.9101,SCM_synthetic_control_compatible_stress_test,Paid and earned media surge increases upside but adds volatility.
Italy,Visa,group_or_knockout,budget_cut,4.079,3.7935,-0.2855,3.5135,4.0735,SCM_synthetic_control_compatible_stress_test,Budget cut weakens activation reach and conversion quality.
Italy,Visa,group_or_knockout,budget_increase,4.079,4.4053,0.3263,4.1353,4.6753,SCM_synthetic_control_compatible_stress_test,Higher spend can lift ROI when brand fit and attention are strong.
Italy,Visa,group_or_knockout,negative_news_shock,4.079,3.3448,-0.7342,2.9648,3.7248,SCM_synthetic_control_compatible_stress_test,Negative sentiment compresses conversion despite exposure.
Poland,Coca-Cola,group_or_knockout,player_absent,4.079,3.5895,-0.4895,3.2695,3.9095,SCM_synthetic_control_compatible_stress_test,Core player absence lowers attention and performance confidence.
Poland,Coca-Cola,group_or_knockout,media_surge,4.079,4.6501,0.5711,4.3901,4.9101,SCM_synthetic_control_compatible_stress_test,Paid and earned media surge increases upside but adds volatility.
Poland,Coca-Cola,group_or_knockout,budget_cut,4.079,3.7935,-0.2855,3.5135,4.0735,SCM_synthetic_control_compatible_stress_test,Budget cut weakens activation reach and conversion quality.
Poland,Coca-Cola,group_or_knockout,budget_increase,4.079,4.4053,0.3263,4.1353,4.6753,SCM_synthetic_control_compatible_stress_test,Higher spend can lift ROI when brand fit and attention are strong.
Poland,Coca-Cola,group_or_knockout,negative_news_shock,4.079,3.3448,-0.7342,2.9648,3.7248,SCM_synthetic_control_compatible_stress_test,Negative sentiment compresses conversion despite exposure.
France,Qatar Airways,group_or_knockout,player_absent,4.079,3.5895,-0.4895,3.2695,3.9095,SCM_synthetic_control_compatible_stress_test,Core player absence lowers attention and performance confidence.
France,Qatar Airways,group_or_knockout,media_surge,4.079,4.6501,0.5711,4.3901,4.9101,SCM_synthetic_control_compatible_stress_test,Paid and earned media surge increases upside but adds volatility.
France,Qatar Airways,group_or_knockout,budget_cut,4.079,3.7935,-0.2855,3.5135,4.0735,SCM_synthetic_control_compatible_stress_test,Budget cut weakens activation reach and conversion quality.
France,Qatar Airways,group_or_knockout,budget_increase,4.079,4.4053,0.3263,4.1353,4.6753,SCM_synthetic_control_compatible_stress_test,Higher spend can lift ROI when brand fit and attention are strong.
France,Qatar Airways,group_or_knockout,negative_news_shock,4.079,3.3448,-0.7342,2.9648,3.7248,SCM_synthetic_control_compatible_stress_test,Negative sentiment compresses conversion despite exposure.
South Korea,Hisense,group_or_knockout,player_absent,4.077,3.5878,-0.4892,3.2678,3.9078,SCM_synthetic_control_compatible_stress_test,Core player absence lowers attention and performance confidence.
South Korea,Hisense,group_or_knockout,media_surge,4.077,4.6478,0.5708,4.3878,4.9078,SCM_synthetic_control_compatible_stress_test,Paid and earned media surge increases upside but adds volatility.
South Korea,Hisense,group_or_knockout,budget_cut,4.077,3.7916,-0.2854,3.5116,4.0716,SCM_synthetic_control_compatible_stress_test,Budget cut weakens activation reach and conversion quality.
South Korea,Hisense,group_or_knockout,budget_increase,4.077,4.4032,0.3262,4.1332,4.6732,SCM_synthetic_control_compatible_stress_test,Higher spend can lift ROI when brand fit and attention are strong.
South Korea,Hisense,group_or_knockout,negative_news_shock,4.077,3.3431,-0.7339,2.9631,3.7231,SCM_synthetic_control_compatible_stress_test,Negative sentiment compresses conversion despite exposure.
Russia,Hyundai,group_or_knockout,player_absent,4.077,3.5878,-0.4892,3.2678,3.9078,SCM_synthetic_control_compatible_stress_test,Core player absence lowers attention and performance confidence.
Russia,Hyundai,group_or_knockout,media_surge,4.077,4.6478,0.5708,4.3878,4.9078,SCM_synthetic_control_compatible_stress_test,Paid and earned media surge increases upside but adds volatility.
Russia,Hyundai,group_or_knockout,budget_cut,4.077,3.7916,-0.2854,3.5116,4.0716,SCM_synthetic_control_compatible_stress_test,Budget cut weakens activation reach and conversion quality.
Russia,Hyundai,group_or_knockout,budget_increase,4.077,4.4032,0.3262,4.1332,4.6732,SCM_synthetic_control_compatible_stress_test,Higher spend can lift ROI when brand fit and attention are strong.
Russia,Hyundai,group_or_knockout,negative_news_shock,4.077,3.3431,-0.7339,2.9631,3.7231,SCM_synthetic_control_compatible_stress_test,Negative sentiment compresses conversion despite exposure.
Yugoslavia,Qatar Airways,tournament,player_absent,4.076,3.5869,-0.4891,3.2669,3.9069,SCM_synthetic_control_compatible_stress_test,Core player absence lowers attention and performance confidence.
Yugoslavia,Qatar Airways,tournament,media_surge,4.076,4.6466,0.5706,4.3866,4.9066,SCM_synthetic_control_compatible_stress_test,Paid and earned media surge increases upside but adds volatility.
Yugoslavia,Qatar Airways,tournament,budget_cut,4.076,3.7907,-0.2853,3.5107,4.0707,SCM_synthetic_control_compatible_stress_test,Budget cut weakens activation reach and conversion quality.
Yugoslavia,Qatar Airways,tournament,budget_increase,4.076,4.4021,0.3261,4.1321,4.6721,SCM_synthetic_control_compatible_stress_test,Higher spend can lift ROI when brand fit and attention are strong.
Yugoslavia,Qatar Airways,tournament,negative_news_shock,4.076,3.3423,-0.7337,2.9623,3.7223,SCM_synthetic_control_compatible_stress_test,Negative sentiment compresses conversion despite exposure.
Brazil,Adidas,tournament,player_absent,4.076,3.5869,-0.4891,3.2669,3.9069,SCM_synthetic_control_compatible_stress_test,Core player absence lowers attention and performance confidence.
Brazil,Adidas,tournament,media_surge,4.076,4.6466,0.5706,4.3866,4.9066,SCM_synthetic_control_compatible_stress_test,Paid and earned media surge increases upside but adds volatility.
Brazil,Adidas,tournament,budget_cut,4.076,3.7907,-0.2853,3.5107,4.0707,SCM_synthetic_control_compatible_stress_test,Budget cut weakens activation reach and conversion quality.
Brazil,Adidas,tournament,budget_increase,4.076,4.4021,0.3261,4.1321,4.6721,SCM_synthetic_control_compatible_stress_test,Higher spend can lift ROI when brand fit and attention are strong.
Brazil,Adidas,tournament,negative_news_shock,4.076,3.3423,-0.7337,2.9623,3.7223,SCM_synthetic_control_compatible_stress_test,Negative sentiment compresses conversion despite exposure.
Germany,Coca-Cola,group_or_knockout,player_absent,4.075,3.586,-0.489,3.266,3.906,SCM_synthetic_control_compatible_stress_test,Core player absence lowers attention and performance confidence.
Germany,Coca-Cola,group_or_knockout,media_surge,4.075,4.6455,0.5705,4.3855,4.9055,SCM_synthetic_control_compatible_stress_test,Paid and earned media surge increases upside but adds volatility.
Germany,Coca-Cola,group_or_knockout,budget_cut,4.075,3.7898,-0.2853,3.5098,4.0697,SCM_synthetic_control_compatible_stress_test,Budget cut weakens activation reach and conversion quality.
Germany,Coca-Cola,group_or_knockout,budget_increase,4.075,4.401,0.326,4.131,4.671,SCM_synthetic_control_compatible_stress_test,Higher spend can lift ROI when brand fit and attention are strong.
Germany,Coca-Cola,group_or_knockout,negative_news_shock,4.075,3.3415,-0.7335,2.9615,3.7215,SCM_synthetic_control_compatible_stress_test,Negative sentiment compresses conversion despite exposure.
England,McDonald's,group_or_knockout,player_absent,4.075,3.586,-0.489,3.266,3.906,SCM_synthetic_control_compatible_stress_test,Core player absence lowers attention and performance confidence.
England,McDonald's,group_or_knockout,media_surge,4.075,4.6455,0.5705,4.3855,4.9055,SCM_synthetic_control_compatible_stress_test,Paid and earned media surge increases upside but adds volatility.
England,McDonald's,group_or_knockout,budget_cut,4.075,3.7898,-0.2853,3.5098,4.0697,SCM_synthetic_control_compatible_stress_test,Budget cut weakens activation reach and conversion quality.
England,McDonald's,group_or_knockout,budget_increase,4.075,4.401,0.326,4.131,4.671,SCM_synthetic_control_compatible_stress_test,Higher spend can lift ROI when brand fit and attention are strong.
England,McDonald's,group_or_knockout,negative_news_shock,4.075,3.3415,-0.7335,2.9615,3.7215,SCM_synthetic_control_compatible_stress_test,Negative sentiment compresses conversion despite exposure.
Argentina,Hyundai,group_or_knockout,player_absent,4.074,3.5851,-0.4889,3.2651,3.9051,SCM_synthetic_control_compatible_stress_test,Core player absence lowers attention and performance confidence.
Argentina,Hyundai,group_or_knockout,media_surge,4.074,4.6444,0.5704,4.3844,4.9044,SCM_synthetic_control_compatible_stress_test,Paid and earned media surge increases upside but adds volatility.
Argentina,Hyundai,group_or_knockout,budget_cut,4.074,3.7888,-0.2852,3.5088,4.0688,SCM_synthetic_control_compatible_stress_test,Budget cut weakens activation reach and conversion quality.
Argentina,Hyundai,group_or_knockout,budget_increase,4.074,4.3999,0.3259,4.1299,4.6699,SCM_synthetic_control_compatible_stress_test,Higher spend can lift ROI when brand fit and attention are strong.
Argentina,Hyundai,group_or_knockout,negative_news_shock,4.074,3.3407,-0.7333,2.9607,3.7207,SCM_synthetic_control_compatible_stress_test,Negative sentiment compresses conversion despite exposure.
Nigeria,Coca-Cola,group_or_knockout,player_absent,4.074,3.5851,-0.4889,3.2651,3.9051,SCM_synthetic_control_compatible_stress_test,Core player absence lowers attention and performance confidence.
Nigeria,Coca-Cola,group_or_knockout,media_surge,4.074,4.6444,0.5704,4.3844,4.9044,SCM_synthetic_control_compatible_stress_test,Paid and earned media surge increases upside but adds volatility.
Nigeria,Coca-Cola,group_or_knockout,budget_cut,4.074,3.7888,-0.2852,3.5088,4.0688,SCM_synthetic_control_compatible_stress_test,Budget cut weakens activation reach and conversion quality.
Nigeria,Coca-Cola,group_or_knockout,budget_increase,4.074,4.3999,0.3259,4.1299,4.6699,SCM_synthetic_control_compatible_stress_test,Higher spend can lift ROI when brand fit and attention are strong.
Nigeria,Coca-Cola,group_or_knockout,negative_news_shock,4.074,3.3407,-0.7333,2.9607,3.7207,SCM_synthetic_control_compatible_stress_test,Negative sentiment compresses conversion despite exposure.
Brazil,Adidas,tournament,player_absent,4.07,3.5816,-0.4884,3.2616,3.9016,SCM_synthetic_control_compatible_stress_test,Core player absence lowers attention and performance confidence.
Brazil,Adidas,tournament,media_surge,4.07,4.6398,0.5698,4.3798,4.8998,SCM_synthetic_control_compatible_stress_test,Paid and earned media surge increases upside but adds volatility.
Brazil,Adidas,tournament,budget_cut,4.07,3.7851,-0.2849,3.5051,4.0651,SCM_synthetic_control_compatible_stress_test,Budget cut weakens activation reach and conversion quality.
Brazil,Adidas,tournament,budget_increase,4.07,4.3956,0.3256,4.1256,4.6656,SCM_synthetic_control_compatible_stress_test,Higher spend can lift ROI when brand fit and attention are strong.
Brazil,Adidas,tournament,negative_news_shock,4.07,3.3374,-0.7326,2.9574,3.7174,SCM_synthetic_control_compatible_stress_test,Negative sentiment compresses conversion despite exposure.
France,Qatar Airways,group_or_knockout,player_absent,4.07,3.5816,-0.4884,3.2616,3.9016,SCM_synthetic_control_compatible_stress_test,Core player absence lowers attention and performance confidence.
France,Qatar Airways,group_or_knockout,media_surge,4.07,4.6398,0.5698,4.3798,4.8998,SCM_synthetic_control_compatible_stress_test,Paid and earned media surge increases upside but adds volatility.
France,Qatar Airways,group_or_knockout,budget_cut,4.07,3.7851,-0.2849,3.5051,4.0651,SCM_synthetic_control_compatible_stress_test,Budget cut weakens activation reach and conversion quality.
France,Qatar Airways,group_or_knockout,budget_increase,4.07,4.3956,0.3256,4.1256,4.6656,SCM_synthetic_control_compatible_stress_test,Higher spend can lift ROI when brand fit and attention are strong.
France,Qatar Airways,group_or_knockout,negative_news_shock,4.07,3.3374,-0.7326,2.9574,3.7174,SCM_synthetic_control_compatible_stress_test,Negative sentiment compresses conversion despite exposure.
Italy,Visa,tournament,player_absent,4.07,3.5816,-0.4884,3.2616,3.9016,SCM_synthetic_control_compatible_stress_test,Core player absence lowers attention and performance confidence.
Italy,Visa,tournament,media_surge,4.07,4.6398,0.5698,4.3798,4.8998,SCM_synthetic_control_compatible_stress_test,Paid and earned media surge increases upside but adds volatility.
Italy,Visa,tournament,budget_cut,4.07,3.7851,-0.2849,3.5051,4.0651,SCM_synthetic_control_compatible_stress_test,Budget cut weakens activation reach and conversion quality.
Italy,Visa,tournament,budget_increase,4.07,4.3956,0.3256,4.1256,4.6656,SCM_synthetic_control_compatible_stress_test,Higher spend can lift ROI when brand fit and attention are strong.
Italy,Visa,tournament,negative_news_shock,4.07,3.3374,-0.7326,2.9574,3.7174,SCM_synthetic_control_compatible_stress_test,Negative sentiment compresses conversion despite exposure.
Denmark,Adidas,group_or_knockout,player_absent,4.07,3.5816,-0.4884,3.2616,3.9016,SCM_synthetic_control_compatible_stress_test,Core player absence lowers attention and performance confidence.
Denmark,Adidas,group_or_knockout,media_surge,4.07,4.6398,0.5698,4.3798,4.8998,SCM_synthetic_control_compatible_stress_test,Paid and earned media surge increases upside but adds volatility.
Denmark,Adidas,group_or_knockout,budget_cut,4.07,3.7851,-0.2849,3.5051,4.0651,SCM_synthetic_control_compatible_stress_test,Budget cut weakens activation reach and conversion quality.
Denmark,Adidas,group_or_knockout,budget_increase,4.07,4.3956,0.3256,4.1256,4.6656,SCM_synthetic_control_compatible_stress_test,Higher spend can lift ROI when brand fit and attention are strong.
Denmark,Adidas,group_or_knockout,negative_news_shock,4.07,3.3374,-0.7326,2.9574,3.7174,SCM_synthetic_control_compatible_stress_test,Negative sentiment compresses conversion despite exposure.
Switzerland,Visa,group_or_knockout,player_absent,4.069,3.5807,-0.4883,3.2607,3.9007,SCM_synthetic_control_compatible_stress_test,Core player absence lowers attention and performance confidence.
Switzerland,Visa,group_or_knockout,media_surge,4.069,4.6387,0.5697,4.3787,4.8987,SCM_synthetic_control_compatible_stress_test,Paid and earned media surge increases upside but adds volatility.
Switzerland,Visa,group_or_knockout,budget_cut,4.069,3.7842,-0.2848,3.5042,4.0642,SCM_synthetic_control_compatible_stress_test,Budget cut weakens activation reach and conversion quality.
Switzerland,Visa,group_or_knockout,budget_increase,4.069,4.3945,0.3255,4.1245,4.6645,SCM_synthetic_control_compatible_stress_test,Higher spend can lift ROI when brand fit and attention are strong.
Switzerland,Visa,group_or_knockout,negative_news_shock,4.069,3.3366,-0.7324,2.9566,3.7166,SCM_synthetic_control_compatible_stress_test,Negative sentiment compresses conversion despite exposure.
Argentina,Hyundai,tournament,player_absent,4.069,3.5807,-0.4883,3.2607,3.9007,SCM_synthetic_control_compatible_stress_test,Core player absence lowers attention and performance confidence.
Argentina,Hyundai,tournament,media_surge,4.069,4.6387,0.5697,4.3787,4.8987,SCM_synthetic_control_compatible_stress_test,Paid and earned media surge increases upside but adds volatility.
Argentina,Hyundai,tournament,budget_cut,4.069,3.7842,-0.2848,3.5042,4.0642,SCM_synthetic_control_compatible_stress_test,Budget cut weakens activation reach and conversion quality.
Argentina,Hyundai,tournament,budget_increase,4.069,4.3945,0.3255,4.1245,4.6645,SCM_synthetic_control_compatible_stress_test,Higher spend can lift ROI when brand fit and attention are strong.
Argentina,Hyundai,tournament,negative_news_shock,4.069,3.3366,-0.7324,2.9566,3.7166,SCM_synthetic_control_compatible_stress_test,Negative sentiment compresses conversion despite exposure.
Argentina,Hyundai,group_or_knockout,player_absent,4.069,3.5807,-0.4883,3.2607,3.9007,SCM_synthetic_control_compatible_stress_test,Core player absence lowers attention and performance confidence.
Argentina,Hyundai,group_or_knockout,media_surge,4.069,4.6387,0.5697,4.3787,4.8987,SCM_synthetic_control_compatible_stress_test,Paid and earned media surge increases upside but adds volatility.
Argentina,Hyundai,group_or_knockout,budget_cut,4.069,3.7842,-0.2848,3.5042,4.0642,SCM_synthetic_control_compatible_stress_test,Budget cut weakens activation reach and conversion quality.
Argentina,Hyundai,group_or_knockout,budget_increase,4.069,4.3945,0.3255,4.1245,4.6645,SCM_synthetic_control_compatible_stress_test,Higher spend can lift ROI when brand fit and attention are strong.
Argentina,Hyundai,group_or_knockout,negative_news_shock,4.069,3.3366,-0.7324,2.9566,3.7166,SCM_synthetic_control_compatible_stress_test,Negative sentiment compresses conversion despite exposure.
Haiti,Mengniu,tournament,player_absent,4.069,3.5807,-0.4883,3.2607,3.9007,SCM_synthetic_control_compatible_stress_test,Core player absence lowers attention and performance confidence.
Haiti,Mengniu,tournament,media_surge,4.069,4.6387,0.5697,4.3787,4.8987,SCM_synthetic_control_compatible_stress_test,Paid and earned media surge increases upside but adds volatility.
Haiti,Mengniu,tournament,budget_cut,4.069,3.7842,-0.2848,3.5042,4.0642,SCM_synthetic_control_compatible_stress_test,Budget cut weakens activation reach and conversion quality.
Haiti,Mengniu,tournament,budget_increase,4.069,4.3945,0.3255,4.1245,4.6645,SCM_synthetic_control_compatible_stress_test,Higher spend can lift ROI when brand fit and attention are strong.
Haiti,Mengniu,tournament,negative_news_shock,4.069,3.3366,-0.7324,2.9566,3.7166,SCM_synthetic_control_compatible_stress_test,Negative sentiment compresses conversion despite exposure.
Yugoslavia,Qatar Airways,tournament,player_absent,4.068,3.5798,-0.4882,3.2598,3.8998,SCM_synthetic_control_compatible_stress_test,Core player absence lowers attention and performance confidence.
Yugoslavia,Qatar Airways,tournament,media_surge,4.068,4.6375,0.5695,4.3775,4.8975,SCM_synthetic_control_compatible_stress_test,Paid and earned media surge increases upside but adds volatility.
Yugoslavia,Qatar Airways,tournament,budget_cut,4.068,3.7832,-0.2848,3.5032,4.0632,SCM_synthetic_control_compatible_stress_test,Budget cut weakens activation reach and conversion quality.
Yugoslavia,Qatar Airways,tournament,budget_increase,4.068,4.3934,0.3254,4.1234,4.6634,SCM_synthetic_control_compatible_stress_test,Higher spend can lift ROI when brand fit and attention are strong.
Yugoslavia,Qatar Airways,tournament,negative_news_shock,4.068,3.3358,-0.7322,2.9558,3.7158,SCM_synthetic_control_compatible_stress_test,Negative sentiment compresses conversion despite exposure.
Brazil,Adidas,tournament,player_absent,4.068,3.5798,-0.4882,3.2598,3.8998,SCM_synthetic_control_compatible_stress_test,Core player absence lowers attention and performance confidence.
Brazil,Adidas,tournament,media_surge,4.068,4.6375,0.5695,4.3775,4.8975,SCM_synthetic_control_compatible_stress_test,Paid and earned media surge increases upside but adds volatility.
Brazil,Adidas,tournament,budget_cut,4.068,3.7832,-0.2848,3.5032,4.0632,SCM_synthetic_control_compatible_stress_test,Budget cut weakens activation reach and conversion quality.
Brazil,Adidas,tournament,budget_increase,4.068,4.3934,0.3254,4.1234,4.6634,SCM_synthetic_control_compatible_stress_test,Higher spend can lift ROI when brand fit and attention are strong.
Brazil,Adidas,tournament,negative_news_shock,4.068,3.3358,-0.7322,2.9558,3.7158,SCM_synthetic_control_compatible_stress_test,Negative sentiment compresses conversion despite exposure.
Yugoslavia,Qatar Airways,tournament,player_absent,4.067,3.579,-0.488,3.259,3.899,SCM_synthetic_control_compatible_stress_test,Core player absence lowers attention and performance confidence.
Yugoslavia,Qatar Airways,tournament,media_surge,4.067,4.6364,0.5694,4.3764,4.8964,SCM_synthetic_control_compatible_stress_test,Paid and earned media surge increases upside but adds volatility.
Yugoslavia,Qatar Airways,tournament,budget_cut,4.067,3.7823,-0.2847,3.5023,4.0623,SCM_synthetic_control_compatible_stress_test,Budget cut weakens activation reach and conversion quality.
Yugoslavia,Qatar Airways,tournament,budget_increase,4.067,4.3924,0.3254,4.1224,4.6624,SCM_synthetic_control_compatible_stress_test,Higher spend can lift ROI when brand fit and attention are strong.
Yugoslavia,Qatar Airways,tournament,negative_news_shock,4.067,3.3349,-0.7321,2.9549,3.7149,SCM_synthetic_control_compatible_stress_test,Negative sentiment compresses conversion despite exposure.
DR Congo,Hyundai,tournament,player_absent,4.067,3.579,-0.488,3.259,3.899,SCM_synthetic_control_compatible_stress_test,Core player absence lowers attention and performance confidence.
DR Congo,Hyundai,tournament,media_surge,4.067,4.6364,0.5694,4.3764,4.8964,SCM_synthetic_control_compatible_stress_test,Paid and earned media surge increases upside but adds volatility.
DR Congo,Hyundai,tournament,budget_cut,4.067,3.7823,-0.2847,3.5023,4.0623,SCM_synthetic_control_compatible_stress_test,Budget cut weakens activation reach and conversion quality.
DR Congo,Hyundai,tournament,budget_increase,4.067,4.3924,0.3254,4.1224,4.6624,SCM_synthetic_control_compatible_stress_test,Higher spend can lift ROI when brand fit and attention are strong.
DR Congo,Hyundai,tournament,negative_news_shock,4.067,3.3349,-0.7321,2.9549,3.7149,SCM_synthetic_control_compatible_stress_test,Negative sentiment compresses conversion despite exposure.
Costa Rica,Visa,group_or_knockout,player_absent,4.064,3.5763,-0.4877,3.2563,3.8963,SCM_synthetic_control_compatible_stress_test,Core player absence lowers attention and performance confidence.
Costa Rica,Visa,group_or_knockout,media_surge,4.064,4.633,0.569,4.373,4.893,SCM_synthetic_control_compatible_stress_test,Paid and earned media surge increases upside but adds volatility.
Costa Rica,Visa,group_or_knockout,budget_cut,4.064,3.7795,-0.2845,3.4995,4.0595,SCM_synthetic_control_compatible_stress_test,Budget cut weakens activation reach and conversion quality.
Costa Rica,Visa,group_or_knockout,budget_increase,4.064,4.3891,0.3251,4.1191,4.6591,SCM_synthetic_control_compatible_stress_test,Higher spend can lift ROI when brand fit and attention are strong.
Costa Rica,Visa,group_or_knockout,negative_news_shock,4.064,3.3325,-0.7315,2.9525,3.7125,SCM_synthetic_control_compatible_stress_test,Negative sentiment compresses conversion despite exposure.
Germany,Coca-Cola,group_or_knockout,player_absent,4.064,3.5763,-0.4877,3.2563,3.8963,SCM_synthetic_control_compatible_stress_test,Core player absence lowers attention and performance confidence.
Germany,Coca-Cola,group_or_knockout,media_surge,4.064,4.633,0.569,4.373,4.893,SCM_synthetic_control_compatible_stress_test,Paid and earned media surge increases upside but adds volatility.
Germany,Coca-Cola,group_or_knockout,budget_cut,4.064,3.7795,-0.2845,3.4995,4.0595,SCM_synthetic_control_compatible_stress_test,Budget cut weakens activation reach and conversion quality.
Germany,Coca-Cola,group_or_knockout,budget_increase,4.064,4.3891,0.3251,4.1191,4.6591,SCM_synthetic_control_compatible_stress_test,Higher spend can lift ROI when brand fit and attention are strong.
Germany,Coca-Cola,group_or_knockout,negative_news_shock,4.064,3.3325,-0.7315,2.9525,3.7125,SCM_synthetic_control_compatible_stress_test,Negative sentiment compresses conversion despite exposure.
Sweden,Budweiser,tournament,player_absent,4.063,3.5754,-0.4876,3.2554,3.8954,SCM_synthetic_control_compatible_stress_test,Core player absence lowers attention and performance confidence.
Sweden,Budweiser,tournament,media_surge,4.063,4.6318,0.5688,4.3718,4.8918,SCM_synthetic_control_compatible_stress_test,Paid and earned media surge increases upside but adds volatility.
Sweden,Budweiser,tournament,budget_cut,4.063,3.7786,-0.2844,3.4986,4.0586,SCM_synthetic_control_compatible_stress_test,Budget cut weakens activation reach and conversion quality.
Sweden,Budweiser,tournament,budget_increase,4.063,4.388,0.325,4.118,4.658,SCM_synthetic_control_compatible_stress_test,Higher spend can lift ROI when brand fit and attention are strong.
Sweden,Budweiser,tournament,negative_news_shock,4.063,3.3317,-0.7313,2.9517,3.7117,SCM_synthetic_control_compatible_stress_test,Negative sentiment compresses conversion despite exposure.
Yugoslavia,Qatar Airways,group_or_knockout,player_absent,4.063,3.5754,-0.4876,3.2554,3.8954,SCM_synthetic_control_compatible_stress_test,Core player absence lowers attention and performance confidence.
Yugoslavia,Qatar Airways,group_or_knockout,media_surge,4.063,4.6318,0.5688,4.3718,4.8918,SCM_synthetic_control_compatible_stress_test,Paid and earned media surge increases upside but adds volatility.
Yugoslavia,Qatar Airways,group_or_knockout,budget_cut,4.063,3.7786,-0.2844,3.4986,4.0586,SCM_synthetic_control_compatible_stress_test,Budget cut weakens activation reach and conversion quality.
Yugoslavia,Qatar Airways,group_or_knockout,budget_increase,4.063,4.388,0.325,4.118,4.658,SCM_synthetic_control_compatible_stress_test,Higher spend can lift ROI when brand fit and attention are strong.
Yugoslavia,Qatar Airways,group_or_knockout,negative_news_shock,4.063,3.3317,-0.7313,2.9517,3.7117,SCM_synthetic_control_compatible_stress_test,Negative sentiment compresses conversion despite exposure.
