node,node_type,gcn_score,graphsage_score,combined_graph_score,embedding_degree,embedding_pagerank,embedding_betweenness,embedding_closeness
sponsor:Coca-Cola,sponsor,0.302217,0.591623,0.461391,0.656058,0.667406,0.0592,0.934913
sponsor:Adidas,sponsor,0.298936,0.592834,0.46058,0.668131,0.66931,0.03058,0.931937
sponsor:Visa,sponsor,0.296199,0.567602,0.445471,0.628015,0.637437,0.046372,0.928129
sponsor:Hyundai,sponsor,0.285392,0.534516,0.42241,0.588913,0.591775,0.038269,0.917957
match_41,match,0.561099,0.306393,0.421011,0.291066,0.294628,0.024271,0.861232
match_129,match,0.559294,0.305863,0.419907,0.288563,0.291917,0.032531,0.861827
match_107,match,0.55897,0.304983,0.419277,0.289543,0.293019,0.022555,0.861393
match_383,match,0.557249,0.305955,0.419038,0.284337,0.287758,0.052419,0.862011
match_128,match,0.55792,0.304042,0.418288,0.288975,0.292446,0.019352,0.861329
match_430,match,0.556131,0.304279,0.417612,0.284244,0.287807,0.042795,0.860935
match_271,match,0.556724,0.299599,0.415306,0.279422,0.285464,0.062484,0.811384
match_143,match,0.548569,0.30601,0.415162,0.276084,0.28139,0.088994,0.859836
match_552,match,0.55266,0.302426,0.415031,0.284394,0.287927,0.030377,0.861247
match_207,match,0.556724,0.298711,0.414817,0.279634,0.285687,0.056054,0.811181
match_45,match,0.551953,0.30242,0.41471,0.283548,0.286861,0.034288,0.86181
match_558,match,0.55148,0.30216,0.414354,0.28118,0.284568,0.043636,0.861566
match_269,match,0.551087,0.302292,0.41425,0.282693,0.285957,0.037467,0.861901
match_101,match,0.55143,0.301644,0.414048,0.281115,0.284485,0.040602,0.861787
match_909,match,0.550612,0.30165,0.413683,0.280043,0.283395,0.04561,0.861821
match_289,match,0.555046,0.297717,0.413515,0.278972,0.285023,0.052898,0.811197
match_266,match,0.55664,0.296405,0.413511,0.279396,0.285431,0.04265,0.811381
match_49,match,0.550921,0.300852,0.413383,0.282898,0.286201,0.027522,0.861786
match_21,match,0.547009,0.303816,0.413253,0.275406,0.280736,0.078446,0.859722
match_681,match,0.550453,0.300534,0.412997,0.284391,0.288076,0.019087,0.859993
match_32,match,0.553552,0.297567,0.41276,0.277643,0.283695,0.058111,0.811186
team:Germany,team,0.458724,0.374946,0.412646,0.255996,0.261608,0.572951,0.922651
match_251,match,0.549157,0.300924,0.412629,0.27879,0.284213,0.04472,0.859455
match_533,match,0.548811,0.30081,0.41241,0.281714,0.284937,0.032976,0.861629
match_285,match,0.553618,0.296703,0.412315,0.285653,0.287189,0.025466,0.808148
match_146,match,0.548964,0.300026,0.412048,0.281676,0.284957,0.028081,0.861742
match_626,match,0.548563,0.300242,0.411986,0.282787,0.286252,0.024301,0.86121
match_305,match,0.548746,0.299994,0.411932,0.281134,0.284372,0.03039,0.861855
match_644,match,0.548533,0.299607,0.411624,0.277276,0.280512,0.045592,0.862224
match_604,match,0.552817,0.295927,0.411528,0.284575,0.286072,0.02585,0.807863
match_37,match,0.548018,0.29973,0.41146,0.280729,0.283959,0.030639,0.86184
match_443,match,0.553339,0.295309,0.411423,0.28424,0.285606,0.02314,0.808869
match_243,match,0.55238,0.295893,0.411312,0.282783,0.284232,0.033372,0.808885
match_395,match,0.547467,0.299788,0.411244,0.278548,0.28191,0.041064,0.861509
match_881,match,0.547349,0.299613,0.411094,0.281074,0.28451,0.02826,0.861346
match_168,match,0.547397,0.299356,0.410974,0.280685,0.283946,0.028531,0.861706
match_970,match,0.547165,0.299446,0.41092,0.280666,0.283875,0.029357,0.861578
match_400,match,0.547128,0.299352,0.410851,0.280158,0.283369,0.030957,0.861823
match_659,match,0.552764,0.294725,0.410842,0.276586,0.282561,0.0453,0.811302
match_89,match,0.54722,0.299042,0.410722,0.278136,0.281449,0.038272,0.861704
match_187,match,0.546293,0.299765,0.410703,0.280482,0.28355,0.034237,0.858714
match_402,match,0.552722,0.294322,0.410602,0.27613,0.282175,0.044912,0.811071
match_50,match,0.54502,0.300615,0.410597,0.278574,0.28144,0.048131,0.859663
match_298,match,0.54735,0.298618,0.410548,0.275012,0.280295,0.047797,0.859827
match_206,match,0.546796,0.299069,0.410546,0.280262,0.28352,0.028709,0.861693
match_311,match,0.544647,0.300683,0.410467,0.276049,0.281367,0.056082,0.859447
match_833,match,0.546251,0.299219,0.410383,0.276361,0.279431,0.047694,0.862215
match_35,match,0.544543,0.300407,0.410268,0.276678,0.282016,0.051476,0.859343
match_839,match,0.546383,0.298789,0.410206,0.280866,0.284388,0.0243,0.860735
match_365,match,0.55112,0.294842,0.410167,0.278495,0.28463,0.037317,0.810673
match_322,match,0.551215,0.294351,0.40994,0.282785,0.28415,0.023905,0.808828
match_282,match,0.55031,0.294677,0.409712,0.27835,0.284476,0.036929,0.810741
match_163,match,0.54524,0.298376,0.409464,0.27985,0.283322,0.026211,0.861208
match_919,match,0.54555,0.297886,0.409335,0.280451,0.284119,0.02065,0.860216
match_360,match,0.544909,0.297628,0.408904,0.273039,0.278256,0.050856,0.85981
match_257,match,0.543939,0.298311,0.408844,0.279948,0.282888,0.02749,0.859283
match_460,match,0.549742,0.293278,0.408687,0.275115,0.281083,0.043196,0.811098
match_786,match,0.544053,0.297771,0.408598,0.279824,0.283316,0.022848,0.860676
match_517,match,0.549213,0.293517,0.40858,0.281521,0.282875,0.024585,0.808786
match_36,match,0.542175,0.299097,0.408482,0.274223,0.279506,0.0547,0.859406
match_501,match,0.544048,0.29725,0.408309,0.273458,0.278685,0.046625,0.859674
match_230,match,0.544071,0.29721,0.408298,0.272253,0.27746,0.051906,0.859804
match_113,match,0.54928,0.292897,0.408269,0.274542,0.280536,0.043432,0.811086
match_53,match,0.542093,0.298113,0.407904,0.277653,0.280593,0.036915,0.8592
match_371,match,0.547946,0.293277,0.407878,0.2822,0.283716,0.02013,0.808036
match_705,match,0.542818,0.296817,0.407517,0.271404,0.27656,0.053466,0.859794
match_470,match,0.541463,0.297541,0.407306,0.275256,0.280581,0.040402,0.85897
match_96,match,0.547024,0.292644,0.407115,0.280452,0.28179,0.024181,0.808659
match_907,match,0.541881,0.296843,0.40711,0.2791,0.282517,0.020445,0.860805
match_170,match,0.540577,0.297632,0.406957,0.277454,0.280286,0.034881,0.859418
match_420,match,0.54056,0.297328,0.406783,0.278104,0.281188,0.029901,0.858836
match_516,match,0.541279,0.296399,0.406595,0.275766,0.27858,0.034876,0.859636
match_177,match,0.546473,0.292113,0.406575,0.280117,0.28146,0.022412,0.808648
match_720,match,0.546198,0.292301,0.406555,0.280454,0.281886,0.022332,0.80791
match_593,match,0.54025,0.297025,0.406476,0.277011,0.279982,0.033142,0.859019
match_633,match,0.539617,0.297348,0.406369,0.275795,0.278573,0.040824,0.859498
match_232,match,0.540815,0.296175,0.406263,0.275385,0.278197,0.035248,0.859632
match_346,match,0.539531,0.296523,0.405876,0.273062,0.278405,0.044012,0.85919
match_221,match,0.539848,0.296199,0.405841,0.274924,0.280343,0.033454,0.858851
team:Indonesia,team,0.54534,0.291395,0.40567,0.274371,0.280462,0.022429,0.830656
match_307,match,0.539619,0.295748,0.40549,0.274611,0.277383,0.036237,0.859623
match_255,match,0.540221,0.294997,0.405348,0.272171,0.277512,0.038501,0.85935
match_44,match,0.539909,0.295234,0.405338,0.272527,0.277786,0.038473,0.859362
match_927,match,0.539668,0.29514,0.405178,0.274004,0.279325,0.031232,0.858903
match_568,match,0.539217,0.295322,0.405075,0.276852,0.280308,0.021406,0.86059
match_750,match,0.543818,0.291118,0.404833,0.280144,0.281617,0.016318,0.807886
match_214,match,0.538372,0.295309,0.404687,0.269854,0.275142,0.051184,0.859465
match_151,match,0.538708,0.294771,0.404543,0.271741,0.276966,0.039289,0.859339
match_358,match,0.538969,0.294482,0.404501,0.271325,0.276642,0.039254,0.859323
match_688,match,0.542752,0.290864,0.404214,0.276967,0.278351,0.029111,0.808627
match_333,match,0.53739,0.295148,0.404157,0.275157,0.278122,0.030037,0.858955
match_573,match,0.542702,0.290772,0.40414,0.277992,0.279335,0.024022,0.808386
match_645,match,0.53732,0.295065,0.40408,0.270797,0.275981,0.045606,0.859273
match_431,match,0.537086,0.2952,0.404049,0.275574,0.27839,0.028524,0.859225
match_441,match,0.537866,0.294477,0.404002,0.272042,0.277274,0.03615,0.859176
match_890,match,0.537763,0.294502,0.40397,0.275235,0.278196,0.025652,0.858951
match_59,match,0.536673,0.29492,0.403709,0.275092,0.277918,0.028976,0.859242
match_508,match,0.536442,0.29509,0.403698,0.270442,0.275748,0.047377,0.858965
match_281,match,0.537119,0.294465,0.403659,0.274239,0.277126,0.030068,0.859092
match_171,match,0.537312,0.29412,0.403556,0.270671,0.275887,0.040199,0.859311
match_511,match,0.536994,0.293602,0.403128,0.268882,0.274157,0.045052,0.859438
match_894,match,0.536026,0.294258,0.403054,0.273292,0.276024,0.033206,0.859446
match_477,match,0.536023,0.294068,0.402948,0.272873,0.278243,0.029785,0.858726
match_48,match,0.535606,0.294333,0.402906,0.275573,0.278514,0.023164,0.858792
match_539,match,0.536005,0.29323,0.402478,0.272869,0.278231,0.024579,0.858725
match_355,match,0.535311,0.293568,0.402352,0.27094,0.273719,0.039594,0.859593
match_612,match,0.534546,0.293195,0.401803,0.270519,0.275851,0.035205,0.85885
match_860,match,0.533749,0.293201,0.401448,0.273512,0.276284,0.025698,0.859145
match_181,match,0.529833,0.29573,0.401076,0.266121,0.269868,0.076536,0.855062
match_28,match,0.533274,0.292606,0.400907,0.270848,0.276174,0.030053,0.858792
match_861,match,0.533466,0.292446,0.400905,0.272372,0.2779,0.022492,0.857446
match_189,match,0.532554,0.292167,0.400341,0.272631,0.275675,0.023088,0.858738
match_863,match,0.532606,0.292048,0.400299,0.269868,0.275108,0.031244,0.858788
match_592,match,0.532438,0.292114,0.40026,0.273761,0.277043,0.018204,0.856998
match_942,match,0.532448,0.2917,0.400037,0.266537,0.271741,0.044309,0.859163
match_925,match,0.530578,0.291706,0.399199,0.272605,0.275572,0.020615,0.858491
match_677,match,0.530258,0.291284,0.398822,0.269071,0.274345,0.030167,0.858678
match_930,match,0.530026,0.291466,0.398818,0.270822,0.273578,0.027345,0.859114
team:Italy,team,0.459173,0.349168,0.398671,0.245431,0.250692,0.467368,0.91297
match_149,match,0.530241,0.290657,0.39847,0.271223,0.274247,0.020236,0.858669
match_234,match,0.529783,0.290995,0.39845,0.272826,0.274596,0.023565,0.848385
match_81,match,0.528084,0.292329,0.398419,0.266746,0.270583,0.052521,0.854587
match_847,match,0.529416,0.291231,0.398414,0.27047,0.273215,0.027529,0.859102
match_450,match,0.528598,0.290409,0.397594,0.268524,0.273783,0.027344,0.858538
match_88,match,0.531502,0.287694,0.397408,0.265166,0.270312,0.059306,0.805416
match_102,match,0.528145,0.289679,0.396989,0.264721,0.26845,0.04522,0.855058
match_624,match,0.527871,0.289853,0.396961,0.272971,0.274681,0.016036,0.848099
match_92,match,0.52748,0.28941,0.396542,0.266153,0.269997,0.037024,0.854572
match_464,match,0.526076,0.288815,0.395583,0.263062,0.266744,0.04758,0.855054
match_621,match,0.525666,0.288835,0.395409,0.267094,0.269938,0.02807,0.858981
match_412,match,0.525183,0.288493,0.395004,0.262412,0.266072,0.048614,0.855052
match_335,match,0.524387,0.28897,0.394908,0.269346,0.270845,0.02684,0.849403
match_197,match,0.524122,0.289028,0.39482,0.26365,0.267391,0.046318,0.854688
match_325,match,0.524328,0.288801,0.394788,0.266232,0.270138,0.032868,0.854368
match_527,match,0.523941,0.28907,0.394762,0.267691,0.269112,0.035082,0.849676
match_701,match,0.524536,0.288265,0.394587,0.261958,0.265585,0.049347,0.855051
match_361,match,0.528295,0.285063,0.394518,0.263839,0.269042,0.049004,0.80525
match_836,match,0.524393,0.288123,0.394445,0.261721,0.26537,0.049517,0.855051
match_295,match,0.523619,0.288746,0.394439,0.264693,0.268405,0.039821,0.854623
match_116,match,0.523729,0.288555,0.394384,0.268984,0.270539,0.025912,0.849255
match_767,match,0.524265,0.288048,0.394346,0.261588,0.265243,0.049653,0.85505
match_630,match,0.523224,0.288636,0.394201,0.26321,0.266964,0.045959,0.854565
match_797,match,0.527958,0.284714,0.394174,0.264732,0.269882,0.042879,0.805097
match_613,match,0.523134,0.288449,0.394057,0.262148,0.265942,0.049523,0.85474
match_160,match,0.527994,0.284223,0.39392,0.264787,0.269938,0.039513,0.805155
match_24,match,0.52366,0.287682,0.393872,0.268967,0.270631,0.020518,0.848982
match_635,match,0.523082,0.287863,0.393712,0.26937,0.270926,0.019919,0.849069
match_153,match,0.522747,0.288019,0.393647,0.267047,0.268491,0.031465,0.849655
match_120,match,0.522538,0.287866,0.393469,0.267256,0.268621,0.029568,0.849837
match_451,match,0.52242,0.287177,0.393036,0.265737,0.26703,0.032227,0.850134
match_589,match,0.521817,0.287645,0.393022,0.267469,0.268855,0.027291,0.849635
match_299,match,0.521839,0.28731,0.392848,0.26481,0.266169,0.037228,0.850136
match_12,match,0.519286,0.288945,0.392598,0.264238,0.267688,0.047852,0.847867
match_482,match,0.52127,0.287307,0.39259,0.266767,0.268095,0.028388,0.849862
match_513,match,0.527127,0.282316,0.392481,0.262972,0.268158,0.035888,0.805226
match_93,match,0.526733,0.282385,0.392341,0.263841,0.268981,0.032441,0.805128
match_83,match,0.52658,0.282335,0.392245,0.263758,0.26889,0.03253,0.805125
match_718,match,0.520923,0.286856,0.392186,0.267529,0.269042,0.022076,0.849284
match_642,match,0.52058,0.286512,0.391842,0.266833,0.268204,0.023201,0.849591
match_272,match,0.520911,0.286221,0.391832,0.265901,0.267319,0.025594,0.849621
match_485,match,0.520303,0.28664,0.391788,0.263208,0.266907,0.033763,0.854276
match_799,match,0.520319,0.286567,0.391755,0.265665,0.267091,0.029007,0.84934
match_250,match,0.520244,0.285795,0.391297,0.264871,0.266531,0.027796,0.848787
match_118,match,0.519408,0.286269,0.391181,0.262225,0.265947,0.035859,0.854431
match_806,match,0.519575,0.286123,0.391176,0.265819,0.26711,0.025455,0.849827
match_763,match,0.519547,0.286127,0.391166,0.266622,0.268142,0.021804,0.849121
match_261,match,0.519922,0.285701,0.3911,0.26336,0.264709,0.033898,0.85013
match_585,match,0.519527,0.285968,0.39107,0.262705,0.266388,0.031937,0.854254
match_608,match,0.519348,0.286064,0.391042,0.266117,0.267626,0.023692,0.84925
team:Scotland,team,0.498065,0.303456,0.39103,0.254223,0.256511,0.152048,0.90363
match_711,match,0.519323,0.285928,0.390956,0.262644,0.266313,0.031995,0.854248
match_310,match,0.519148,0.285658,0.390728,0.265068,0.266397,0.025979,0.849782
match_351,match,0.519325,0.285457,0.390698,0.262943,0.264288,0.034309,0.850128
match_238,match,0.519235,0.285267,0.390553,0.2608,0.264568,0.036035,0.854544
match_172,match,0.518976,0.28515,0.390372,0.265802,0.267469,0.019608,0.848521
match_354,match,0.518187,0.285652,0.390293,0.262028,0.265861,0.032872,0.854184
match_195,match,0.518397,0.285424,0.390262,0.265926,0.267364,0.020675,0.849277
match_473,match,0.518378,0.285424,0.390253,0.264704,0.266007,0.02626,0.849769
match_338,match,0.517032,0.286458,0.390216,0.261522,0.264904,0.044854,0.848078
match_321,match,0.518072,0.2849,0.389828,0.263865,0.26528,0.026794,0.84957
match_287,match,0.516299,0.286233,0.389762,0.259374,0.262671,0.053373,0.84833
match_756,match,0.522734,0.280965,0.389761,0.264162,0.269399,0.022745,0.803791
match_309,match,0.515796,0.286117,0.389473,0.260113,0.263401,0.049348,0.848178
match_596,match,0.516975,0.285134,0.389463,0.262856,0.266607,0.026079,0.85398
match_137,match,0.515779,0.285615,0.389189,0.261157,0.264503,0.041333,0.848087
match_68,match,0.515473,0.285853,0.389182,0.260787,0.264165,0.044581,0.847914
match_265,match,0.516616,0.284639,0.389028,0.262068,0.265496,0.031034,0.847831
match_538,match,0.516487,0.28408,0.388663,0.265387,0.267001,0.01531,0.847922
match_937,match,0.516258,0.284023,0.388528,0.258825,0.262548,0.037505,0.85449
match_184,match,0.514166,0.284946,0.388095,0.259556,0.262907,0.044606,0.847989
match_461,match,0.514972,0.283249,0.387524,0.258323,0.261587,0.039649,0.848325
match_946,match,0.514695,0.283068,0.3873,0.261206,0.262654,0.027451,0.849782
team:Wales,team,0.51105,0.285931,0.387234,0.254314,0.260279,0.052478,0.876718
match_536,match,0.514513,0.283097,0.387234,0.259814,0.26316,0.031842,0.848028
match_245,match,0.514444,0.28299,0.387144,0.257854,0.261122,0.040189,0.848323
match_409,match,0.514406,0.282999,0.387133,0.259076,0.262345,0.034696,0.848161
match_816,match,0.51417,0.283042,0.38705,0.258305,0.262042,0.033998,0.854105
match_374,match,0.514148,0.282814,0.386914,0.257551,0.260821,0.04049,0.848321
match_348,match,0.514112,0.282842,0.386913,0.257583,0.260843,0.040536,0.848321
team:Brazil,team,0.452069,0.333528,0.386871,0.267599,0.268875,0.269859,0.919695
match_875,match,0.513541,0.282865,0.386669,0.258035,0.261745,0.034197,0.854086
match_554,match,0.512752,0.282991,0.386383,0.259988,0.263795,0.026102,0.853576
match_387,match,0.512928,0.282348,0.386109,0.259283,0.262578,0.029703,0.848038
match_732,match,0.512671,0.282535,0.386096,0.262485,0.26402,0.018623,0.848868
match_366,match,0.512537,0.282498,0.386016,0.262159,0.263581,0.019943,0.849116
match_831,match,0.512755,0.282312,0.386011,0.257887,0.261131,0.035954,0.848142
match_350,match,0.511243,0.282799,0.385599,0.258424,0.261779,0.036556,0.847774
match_499,match,0.512124,0.282,0.385556,0.258732,0.262028,0.030084,0.848025
team:United Arab Emirates,team,0.512954,0.279954,0.384804,0.259097,0.261104,0.017423,0.84873
match_842,match,0.510588,0.281868,0.384792,0.258558,0.262004,0.03049,0.846921
match_815,match,0.516006,0.277233,0.384681,0.259445,0.264695,0.021488,0.80336
match_880,match,0.514909,0.277335,0.384243,0.258943,0.264034,0.02405,0.804434
match_185,match,0.509194,0.281667,0.384054,0.25701,0.260314,0.036019,0.84791
team:China,team,0.512774,0.278693,0.38403,0.259223,0.261133,0.014049,0.840851
match_391,match,0.510018,0.280818,0.383958,0.257957,0.261324,0.026407,0.847614
match_717,match,0.509782,0.280957,0.383929,0.256808,0.260114,0.032595,0.847787
team:Belgium,team,0.46241,0.31957,0.383848,0.236919,0.241874,0.326184,0.906723
match_209,match,0.509628,0.280601,0.383663,0.257294,0.26064,0.028082,0.847737
match_522,match,0.508717,0.280891,0.383413,0.258199,0.261605,0.02575,0.847507
match_398,match,0.50695,0.279787,0.38201,0.255952,0.259196,0.029415,0.84768
match_607,match,0.506085,0.279286,0.381346,0.257248,0.260725,0.020242,0.847105
match_802,match,0.506158,0.2791,0.381276,0.254944,0.258249,0.029688,0.847659
match_625,match,0.505471,0.278826,0.380816,0.25451,0.257803,0.030011,0.847643
sponsor:Hisense,sponsor,0.264911,0.474329,0.380091,0.5072,0.51698,0.037991,0.901841
match_913,match,0.503835,0.278562,0.379935,0.255308,0.258654,0.024681,0.847483
match_827,match,0.503815,0.278303,0.379783,0.253516,0.256728,0.031381,0.847813
match_575,match,0.500607,0.279614,0.379061,0.248543,0.253919,0.060927,0.844381
match_122,match,0.499854,0.278016,0.377843,0.249084,0.254528,0.048492,0.844104
match_465,match,0.500501,0.277317,0.37775,0.249447,0.254972,0.042433,0.843904
team:Poland,team,0.472681,0.299161,0.377245,0.240107,0.245998,0.181985,0.907147
match_595,match,0.499194,0.277339,0.377174,0.24835,0.253763,0.0477,0.844126
match_155,match,0.498637,0.277661,0.3771,0.246653,0.252095,0.05744,0.84424
match_236,match,0.500232,0.276209,0.377019,0.248674,0.254062,0.03911,0.844241
match_673,match,0.498279,0.276949,0.376547,0.253059,0.256186,0.029304,0.841208
match_656,match,0.496945,0.277112,0.376037,0.25122,0.254131,0.038831,0.841811
team:Angola,team,0.500427,0.273807,0.375786,0.246907,0.252838,0.027885,0.849741
match_178,match,0.496205,0.275446,0.374788,0.251534,0.254799,0.027229,0.840405
match_13,match,0.496388,0.274536,0.37437,0.249391,0.252597,0.030781,0.841645
match_542,match,0.496124,0.274189,0.374059,0.25174,0.254847,0.018225,0.841151
match_773,match,0.495686,0.274489,0.374028,0.250538,0.253416,0.025669,0.841783
match_328,match,0.49591,0.274307,0.374028,0.245298,0.250597,0.043024,0.844188
match_104,match,0.494853,0.274322,0.373561,0.248616,0.25414,0.027753,0.843591
match_319,match,0.494874,0.273916,0.373347,0.248906,0.254554,0.024072,0.842926
team:German DR,team,0.491696,0.276287,0.373221,0.243808,0.248986,0.037813,0.883694
match_911,match,0.493602,0.274153,0.372905,0.247142,0.25264,0.033653,0.843438
match_492,match,0.493391,0.27318,0.372275,0.244374,0.24964,0.040417,0.844018
team:Japan,team,0.477038,0.286442,0.37221,0.242905,0.245042,0.098801,0.902854
team:Argentina,team,0.43043,0.324357,0.37209,0.236253,0.23843,0.363729,0.907239
match_641,match,0.492019,0.273754,0.371973,0.242555,0.247899,0.052289,0.844008
match_821,match,0.492395,0.273041,0.371751,0.248237,0.251098,0.027385,0.841631
match_413,match,0.496304,0.269803,0.371728,0.247969,0.250122,0.037723,0.796675
match_126,match,0.492937,0.272557,0.371728,0.247437,0.252949,0.022237,0.843521
match_565,match,0.491337,0.272495,0.370974,0.247381,0.250253,0.027916,0.841622
match_963,match,0.491661,0.271969,0.37083,0.24597,0.251438,0.025523,0.843367
match_953,match,0.491217,0.272107,0.370707,0.248713,0.251768,0.01939,0.841021
match_844,match,0.490149,0.272166,0.370259,0.245337,0.250783,0.029723,0.843367
match_270,match,0.489999,0.272153,0.370184,0.242591,0.247836,0.04238,0.843868
match_457,match,0.489263,0.272748,0.37018,0.244537,0.249547,0.041226,0.83792
match_761,match,0.489866,0.272036,0.370059,0.246634,0.24946,0.028596,0.841595
match_165,match,0.489321,0.271638,0.369595,0.244676,0.247684,0.034811,0.841653
match_877,match,0.489505,0.270991,0.369322,0.240742,0.246035,0.043517,0.843968
match_82,match,0.488607,0.271516,0.369207,0.247644,0.250638,0.020818,0.8409
match_301,match,0.489019,0.27111,0.369169,0.241841,0.247075,0.039352,0.843857
match_29,match,0.485238,0.273877,0.36899,0.240386,0.245158,0.068539,0.83689
team:Hungary,team,0.471265,0.285264,0.368965,0.242105,0.244155,0.094457,0.904194
match_957,match,0.488943,0.270591,0.36885,0.244495,0.247473,0.029086,0.841776
match_293,match,0.487903,0.271328,0.368787,0.246755,0.249817,0.023717,0.840776
match_424,match,0.492844,0.267269,0.368777,0.245467,0.247603,0.033522,0.796615
match_468,match,0.488717,0.27048,0.368686,0.243966,0.248991,0.029667,0.83791
match_121,match,0.485075,0.273063,0.368468,0.244214,0.246581,0.051574,0.834299
match_452,match,0.487988,0.270615,0.368433,0.241011,0.246236,0.040119,0.843845
team:Morocco,team,0.471236,0.284302,0.368422,0.234443,0.240228,0.122347,0.896187
match_594,match,0.487468,0.271011,0.368417,0.243163,0.248549,0.032606,0.843451
team:Bulgaria,team,0.467351,0.286831,0.368065,0.233889,0.239039,0.138477,0.901551
team:North Korea,team,0.485165,0.272228,0.36805,0.243025,0.245206,0.028242,0.872598
match_954,match,0.486826,0.270583,0.367892,0.245172,0.247975,0.026426,0.841429
match_888,match,0.48708,0.270222,0.367808,0.245951,0.249055,0.020452,0.840773
match_147,match,0.485934,0.271122,0.367788,0.240669,0.245692,0.048893,0.837979
match_39,match,0.485859,0.270101,0.367192,0.242461,0.247856,0.030219,0.843342
match_587,match,0.490329,0.266199,0.367058,0.246757,0.249041,0.021641,0.794972
team:Iran,team,0.475882,0.277713,0.366889,0.240382,0.242704,0.061367,0.89362
match_241,match,0.485434,0.269837,0.366856,0.24325,0.248436,0.029045,0.837324
match_605,match,0.484571,0.270409,0.366782,0.240526,0.245391,0.045334,0.838046
match_853,match,0.490099,0.265851,0.366763,0.246418,0.248714,0.020694,0.795485
match_394,match,0.485254,0.269204,0.366427,0.242707,0.245776,0.028754,0.841408
match_577,match,0.484748,0.269464,0.366342,0.243831,0.246668,0.025633,0.841334
match_174,match,0.485671,0.268589,0.366276,0.240442,0.245472,0.034102,0.837976
match_734,match,0.484433,0.269582,0.366265,0.244816,0.247837,0.021895,0.840686
match_125,match,0.484389,0.269366,0.366126,0.242805,0.247672,0.029511,0.83606
match_316,match,0.483964,0.269636,0.366084,0.23995,0.244722,0.044058,0.836874
match_743,match,0.484245,0.269284,0.366016,0.242028,0.247384,0.02737,0.843038
match_219,match,0.483372,0.269215,0.365585,0.239347,0.244085,0.044255,0.836903
match_520,match,0.484186,0.268479,0.365547,0.240111,0.245022,0.035168,0.837948
match_267,match,0.483802,0.26869,0.36549,0.242577,0.245491,0.026467,0.841325
match_835,match,0.482802,0.268805,0.365104,0.242816,0.245597,0.026319,0.841311
match_438,match,0.487225,0.264295,0.364614,0.243403,0.245621,0.024633,0.796144
match_277,match,0.482356,0.268056,0.364491,0.243065,0.24619,0.020467,0.840388
team:Czechoslovakia,team,0.462849,0.28382,0.364383,0.231894,0.237587,0.126467,0.903896
match_496,match,0.486783,0.264065,0.364288,0.243596,0.245765,0.022396,0.796131
match_332,match,0.482507,0.267528,0.364269,0.242238,0.247445,0.019854,0.836377
match_943,match,0.481421,0.268209,0.364154,0.238938,0.243896,0.03894,0.837766
match_135,match,0.48155,0.268061,0.364131,0.235968,0.240519,0.054228,0.83494
match_378,match,0.481148,0.267831,0.363824,0.24413,0.246507,0.019328,0.834173
match_131,match,0.480378,0.267911,0.363521,0.237452,0.242093,0.046491,0.834586
match_765,match,0.480903,0.267353,0.363451,0.240667,0.243549,0.027019,0.841292
match_297,match,0.480355,0.267587,0.363333,0.24213,0.244438,0.026922,0.834566
match_115,match,0.479937,0.267888,0.36331,0.230956,0.237593,0.072985,0.834442
match_134,match,0.481164,0.266768,0.363246,0.237103,0.241811,0.039418,0.836869
match_826,match,0.480846,0.266963,0.363211,0.237807,0.24253,0.037393,0.836809
match_830,match,0.481041,0.266798,0.363207,0.235551,0.240094,0.048278,0.83494
match_422,match,0.479792,0.26772,0.363152,0.238972,0.243882,0.035947,0.837538
match_376,match,0.479926,0.267554,0.363122,0.242118,0.244423,0.026811,0.834516
match_410,match,0.480839,0.266729,0.363079,0.235408,0.239932,0.04854,0.83494
match_719,match,0.480096,0.267254,0.363033,0.242504,0.24549,0.018244,0.840457
match_498,match,0.47992,0.266982,0.362804,0.238733,0.244077,0.028347,0.842881
match_730,match,0.479079,0.267526,0.362725,0.229394,0.235784,0.077829,0.835329
match_212,match,0.47944,0.267191,0.362703,0.239526,0.244428,0.031004,0.836084
match_510,match,0.479453,0.266857,0.362525,0.239908,0.242737,0.027535,0.841275
match_3,match,0.479056,0.267087,0.362473,0.241078,0.243317,0.028784,0.834566
match_54,match,0.478858,0.267227,0.362461,0.232762,0.236709,0.06598,0.833205
match_52,match,0.479056,0.26683,0.362332,0.240644,0.242933,0.029115,0.834544
match_164,match,0.479875,0.266092,0.362294,0.237058,0.241691,0.03696,0.834581
match_557,match,0.479515,0.266231,0.362209,0.238777,0.243676,0.027572,0.837532
match_388,match,0.478864,0.266606,0.362122,0.236346,0.241277,0.040968,0.837742
match_525,match,0.478183,0.26711,0.362093,0.238337,0.243221,0.035157,0.83748
match_97,match,0.479537,0.265951,0.362065,0.236813,0.24144,0.037231,0.834577
match_703,match,0.478515,0.266766,0.362053,0.238927,0.241104,0.036654,0.834856
match_192,match,0.478667,0.266636,0.36205,0.235677,0.240315,0.045332,0.836828
match_225,match,0.479048,0.266315,0.362045,0.241378,0.24366,0.022515,0.834541
match_231,match,0.47817,0.267017,0.362036,0.227898,0.234253,0.081636,0.835315
match_876,match,0.479056,0.266285,0.362032,0.239487,0.244758,0.024821,0.836177
match_357,match,0.479288,0.266069,0.362017,0.234089,0.238578,0.050574,0.834943
match_302,match,0.478791,0.266234,0.361885,0.238833,0.243677,0.028136,0.836391
match_263,match,0.478922,0.266097,0.361868,0.235764,0.240364,0.041608,0.836859
match_51,match,0.478451,0.266471,0.361862,0.24148,0.243892,0.02312,0.834009
match_723,match,0.478552,0.266369,0.361851,0.238854,0.24397,0.028505,0.836235
match_433,match,0.478352,0.266511,0.36184,0.240786,0.243255,0.026557,0.833894
match_22,match,0.478251,0.266581,0.361833,0.240174,0.24246,0.029757,0.834513
match_64,match,0.478799,0.266101,0.361815,0.240996,0.243218,0.023038,0.834561
match_108,match,0.478147,0.266525,0.361755,0.240803,0.243267,0.026587,0.833872
match_375,match,0.478171,0.26632,0.361653,0.238654,0.243655,0.02859,0.837418
match_223,match,0.478109,0.266311,0.36162,0.236513,0.241143,0.042157,0.832503
match_694,match,0.478576,0.265916,0.361613,0.235448,0.240051,0.041938,0.836858
sponsor:Budweiser,sponsor,0.259197,0.445331,0.361571,0.471607,0.478553,0.031701,0.893251
match_636,match,0.47881,0.265608,0.361549,0.236377,0.241286,0.034627,0.837742
match_406,match,0.477309,0.266739,0.361495,0.22533,0.231714,0.091611,0.835491
match_545,match,0.478318,0.265772,0.361418,0.228912,0.235291,0.069126,0.835308
match_280,match,0.478271,0.26569,0.361351,0.227068,0.233361,0.077176,0.835491
match_260,match,0.477262,0.266247,0.361203,0.237362,0.242114,0.035186,0.836384
match_258,match,0.478106,0.265374,0.361103,0.235798,0.240394,0.03838,0.834562
match_405,match,0.477664,0.265727,0.361099,0.238439,0.240576,0.032493,0.83485
match_138,match,0.477683,0.265609,0.361043,0.231913,0.235831,0.059856,0.833194
match_133,match,0.477571,0.265681,0.361032,0.238361,0.2405,0.032564,0.834851
match_306,match,0.477184,0.265787,0.360916,0.23643,0.241264,0.035686,0.83766
sponsor:Qatar Airways,sponsor,0.260075,0.443421,0.360915,0.468016,0.474622,0.03825,0.891192
match_569,match,0.477552,0.265425,0.360882,0.226564,0.232827,0.077911,0.835486
match_85,match,0.477422,0.265462,0.360844,0.240024,0.242245,0.023551,0.834545
match_23,match,0.477202,0.265632,0.360839,0.238034,0.242802,0.029576,0.834198
match_276,match,0.477386,0.265481,0.360838,0.239586,0.241841,0.025642,0.83453
match_962,match,0.476807,0.265951,0.360836,0.236529,0.241119,0.038915,0.834081
match_818,match,0.477621,0.265074,0.36072,0.237039,0.24197,0.028349,0.837484
match_77,match,0.477183,0.26538,0.360691,0.231543,0.235459,0.06014,0.833191
match_139,match,0.477102,0.265389,0.36066,0.23756,0.242532,0.027804,0.837537
match_40,match,0.473701,0.268155,0.360651,0.235064,0.239302,0.061233,0.832239
match_476,match,0.477234,0.265161,0.360594,0.234585,0.239177,0.041248,0.836827
match_846,match,0.476927,0.26518,0.360467,0.226099,0.232344,0.078565,0.835482
match_770,match,0.477034,0.265093,0.360466,0.234452,0.239049,0.041429,0.836826
match_865,match,0.476922,0.265165,0.360456,0.234101,0.238675,0.04353,0.836849
team:Denmark,team,0.466064,0.273898,0.360372,0.237462,0.239652,0.048949,0.897307
match_123,match,0.476282,0.265449,0.360324,0.232095,0.236161,0.058114,0.832614
match_385,match,0.476317,0.265373,0.360298,0.238895,0.241163,0.02832,0.83425
match_74,match,0.47622,0.265439,0.36029,0.231503,0.235448,0.060743,0.833034
match_252,match,0.477049,0.264727,0.360272,0.240159,0.242608,0.018369,0.83385
match_418,match,0.47683,0.264792,0.360209,0.234798,0.239382,0.039394,0.834547
match_563,match,0.476101,0.265348,0.360187,0.233694,0.238096,0.050332,0.831291
match_442,match,0.47623,0.265222,0.360176,0.240985,0.243496,0.018189,0.832804
match_396,match,0.475475,0.265827,0.360169,0.230871,0.235094,0.066082,0.832275
match_194,match,0.476642,0.264871,0.360168,0.226755,0.233077,0.073574,0.8353
match_70,match,0.476222,0.265049,0.360077,0.238892,0.241118,0.026208,0.83452
match_292,match,0.476176,0.265014,0.360037,0.240502,0.243045,0.018597,0.833549
team:Tunisia,team,0.46509,0.274066,0.360027,0.230155,0.235846,0.076059,0.899881
match_352,match,0.476341,0.264775,0.35998,0.233887,0.238465,0.042089,0.836825
match_233,match,0.476101,0.264884,0.359931,0.239142,0.241356,0.024035,0.834528
match_580,match,0.476188,0.264783,0.359916,0.236898,0.239088,0.033622,0.83486
match_312,match,0.475584,0.264841,0.359675,0.241208,0.243703,0.014525,0.833249
match_825,match,0.47512,0.265157,0.35964,0.235807,0.240379,0.037326,0.834075
match_493,match,0.475573,0.264747,0.359618,0.238414,0.24064,0.026534,0.834516
match_154,match,0.475573,0.26464,0.35956,0.238407,0.240652,0.025874,0.834502
match_800,match,0.475633,0.264559,0.359542,0.227358,0.233721,0.069216,0.834587
match_47,match,0.472633,0.266805,0.359428,0.233123,0.237318,0.061726,0.832434
match_217,match,0.474971,0.264885,0.359423,0.238725,0.240917,0.025976,0.834583
match_72,match,0.475258,0.264557,0.359373,0.23827,0.240501,0.026019,0.834499
match_278,match,0.475291,0.264469,0.359339,0.239565,0.242076,0.019452,0.833751
match_794,match,0.47498,0.264564,0.359251,0.240106,0.242542,0.017715,0.833688
match_334,match,0.475643,0.264017,0.359249,0.236743,0.241577,0.024016,0.836308
match_417,match,0.47494,0.26451,0.359203,0.238032,0.240247,0.026843,0.83451
match_324,match,0.474538,0.26473,0.359144,0.237219,0.241705,0.029551,0.832038
match_117,match,0.47529,0.264051,0.359108,0.239136,0.241566,0.018847,0.833942
match_284,match,0.474846,0.26434,0.359067,0.237933,0.240162,0.026222,0.834498
match_486,match,0.475108,0.264111,0.35906,0.236014,0.240885,0.027223,0.837415
match_914,match,0.474253,0.264803,0.359055,0.231273,0.235201,0.057896,0.832983
match_262,match,0.475112,0.264049,0.359027,0.237177,0.242257,0.021376,0.83696
match_15,match,0.472581,0.266033,0.35898,0.235297,0.238758,0.04859,0.831697
match_26,match,0.474346,0.264545,0.358956,0.236774,0.241666,0.026412,0.837369
match_666,match,0.47417,0.264447,0.358822,0.227643,0.234297,0.06732,0.833574
match_788,match,0.474201,0.264254,0.35873,0.229691,0.233525,0.061831,0.833157
match_87,match,0.474864,0.263701,0.358725,0.230561,0.234758,0.054277,0.832267
match_340,match,0.47422,0.264108,0.358658,0.234912,0.239476,0.03478,0.834303
match_229,match,0.47422,0.26403,0.358616,0.230126,0.234039,0.058378,0.833011
match_288,match,0.474282,0.263951,0.3586,0.237446,0.239706,0.026166,0.834216
match_951,match,0.474082,0.264094,0.358589,0.234136,0.238672,0.038287,0.83437
match_136,match,0.474448,0.263669,0.35852,0.236774,0.239107,0.027186,0.834529
match_926,match,0.473975,0.263746,0.358349,0.23202,0.236558,0.044364,0.83682
match_205,match,0.474324,0.263401,0.358316,0.237085,0.241565,0.021881,0.832025
match_614,match,0.473545,0.263882,0.35823,0.237011,0.239338,0.027777,0.833978
match_944,match,0.473982,0.263425,0.358175,0.236107,0.241002,0.024832,0.833615
match_159,match,0.473166,0.264068,0.358162,0.226907,0.233331,0.067916,0.834911
match_30,match,0.471238,0.26553,0.358099,0.233637,0.237936,0.051091,0.832602
match_746,match,0.473006,0.263766,0.357924,0.224251,0.230688,0.078543,0.834514
match_553,match,0.473237,0.263568,0.357919,0.23723,0.239497,0.024911,0.83397
match_699,match,0.472693,0.263977,0.357899,0.230585,0.234512,0.056309,0.832351
match_889,match,0.472972,0.263687,0.357865,0.228779,0.232604,0.062528,0.833147
team:Nigeria,team,0.461402,0.273125,0.35785,0.228658,0.234003,0.079384,0.8972
match_514,match,0.473397,0.263166,0.35777,0.235983,0.23831,0.027715,0.834523
match_582,match,0.472883,0.263487,0.357715,0.232759,0.23729,0.04097,0.834215
match_738,match,0.473305,0.263088,0.357686,0.235057,0.239992,0.025128,0.837439
match_564,match,0.472951,0.263275,0.357629,0.236084,0.24081,0.024118,0.833907
match_690,match,0.472417,0.263484,0.357504,0.235626,0.240487,0.025177,0.837316
match_78,match,0.472013,0.263712,0.357447,0.226695,0.233137,0.066738,0.834758
match_290,match,0.471849,0.263756,0.357398,0.224969,0.231396,0.074936,0.834897
sponsor:Vivo,sponsor,0.255326,0.440621,0.357238,0.432313,0.446634,0.17561,0.886019
match_603,match,0.472045,0.263164,0.357161,0.234948,0.239637,0.027459,0.835966
match_264,match,0.472066,0.263103,0.357136,0.234216,0.238906,0.031686,0.834004
match_561,match,0.470754,0.263883,0.356975,0.234022,0.237421,0.041118,0.831763
match_874,match,0.472006,0.262785,0.356935,0.236058,0.23836,0.025399,0.833941
match_363,match,0.471982,0.2626,0.356822,0.235245,0.237546,0.027659,0.834494
match_529,match,0.471763,0.262756,0.356809,0.2301,0.234364,0.050621,0.831892
match_99,match,0.471569,0.262898,0.3568,0.229662,0.233697,0.053623,0.832384
match_924,match,0.471661,0.2628,0.356787,0.236057,0.238327,0.025553,0.833932
match_372,match,0.4722,0.26232,0.356766,0.222509,0.228836,0.077296,0.835246
match_323,match,0.470957,0.263181,0.35668,0.233639,0.237955,0.03636,0.832616
match_141,match,0.471356,0.262685,0.356587,0.233821,0.238529,0.029478,0.836227
match_832,match,0.471081,0.262881,0.356571,0.235317,0.240151,0.023005,0.837126
match_208,match,0.470213,0.263546,0.356546,0.232569,0.236853,0.043645,0.832621
team:Honduras,team,0.469514,0.263977,0.356468,0.231556,0.236741,0.036688,0.853033
match_31,match,0.471258,0.262038,0.356187,0.233709,0.238001,0.028942,0.832604
match_500,match,0.47113,0.261965,0.356089,0.234862,0.239659,0.021688,0.833537
match_871,match,0.47071,0.262291,0.35608,0.233999,0.238629,0.026515,0.83593
match_675,match,0.470418,0.262498,0.356062,0.234057,0.238702,0.02743,0.836068
match_813,match,0.470906,0.262099,0.356062,0.237724,0.24042,0.013709,0.832352
match_487,match,0.470487,0.262215,0.355937,0.234626,0.23933,0.024618,0.833358
match_941,match,0.470002,0.262582,0.355921,0.235685,0.238069,0.025829,0.833748
match_274,match,0.470105,0.262448,0.355894,0.22482,0.231255,0.067594,0.834646
match_359,match,0.470748,0.261894,0.355878,0.231253,0.235805,0.037879,0.834313
match_210,match,0.470577,0.261716,0.355704,0.234147,0.238833,0.023345,0.834003
match_843,match,0.47032,0.26192,0.3557,0.237022,0.239512,0.015469,0.833519
match_883,match,0.470576,0.261617,0.355649,0.234701,0.23966,0.02053,0.832652
match_401,match,0.470366,0.261707,0.355604,0.231116,0.235283,0.039195,0.832432
match_801,match,0.470078,0.261912,0.355587,0.235127,0.240049,0.019116,0.834806
match_211,match,0.467785,0.263713,0.355545,0.223505,0.229503,0.085363,0.829817
match_166,match,0.470057,0.261789,0.35551,0.233504,0.238171,0.026851,0.833932
match_574,match,0.469954,0.261677,0.355402,0.230983,0.235111,0.039694,0.832433
match_692,match,0.46977,0.261642,0.3553,0.234766,0.239621,0.02084,0.832221
match_254,match,0.469351,0.261693,0.355139,0.233019,0.237921,0.026045,0.837198
match_940,match,0.469411,0.261538,0.355081,0.231002,0.235636,0.036845,0.834038
match_867,match,0.469218,0.261687,0.355076,0.236844,0.239324,0.015036,0.833228
match_56,match,0.469565,0.261332,0.355037,0.232118,0.236393,0.031914,0.832616
match_273,match,0.469448,0.261417,0.355031,0.230501,0.234633,0.040291,0.832432
match_224,match,0.467213,0.262932,0.354858,0.222618,0.228703,0.084497,0.829709
match_912,match,0.46846,0.261736,0.354762,0.233088,0.237422,0.0303,0.831894
match_403,match,0.468705,0.26149,0.354736,0.235358,0.237745,0.020598,0.833604
match_239,match,0.46797,0.261724,0.354534,0.232953,0.237314,0.030541,0.832309
match_955,match,0.468098,0.261364,0.354394,0.231556,0.236239,0.03198,0.835842
match_771,match,0.46852,0.260775,0.35426,0.21977,0.225992,0.08051,0.835211
match_526,match,0.467711,0.26129,0.35418,0.232477,0.237053,0.027419,0.835885
match_856,match,0.467953,0.261073,0.354169,0.234325,0.236777,0.022768,0.833434
match_599,match,0.467842,0.260998,0.354077,0.236399,0.23886,0.012881,0.833124
match_110,match,0.467315,0.26137,0.354045,0.232525,0.235965,0.032443,0.831472
match_849,match,0.467133,0.26125,0.353897,0.232487,0.236896,0.030531,0.830905
match_897,match,0.467692,0.260704,0.353849,0.230564,0.234689,0.035703,0.83219
match_651,match,0.467541,0.260743,0.353803,0.225584,0.229708,0.059112,0.831983
match_411,match,0.467588,0.260642,0.353768,0.230461,0.234587,0.035794,0.832189
match_495,match,0.46705,0.261061,0.353756,0.222222,0.228128,0.074789,0.829968
match_523,match,0.467427,0.26067,0.353711,0.235404,0.2378,0.015444,0.833291
match_787,match,0.467049,0.260942,0.35369,0.232279,0.236638,0.028813,0.832249
match_708,match,0.467331,0.260538,0.353595,0.228788,0.23287,0.042808,0.832433
match_782,match,0.466751,0.260994,0.353584,0.231934,0.236179,0.03174,0.830958
match_859,match,0.467153,0.260387,0.353432,0.23155,0.234897,0.030818,0.831723
match_906,match,0.467321,0.260235,0.353423,0.222138,0.22846,0.066264,0.834801
match_702,match,0.465976,0.260954,0.353213,0.230821,0.235142,0.036656,0.830711
match_435,match,0.466579,0.260265,0.353106,0.233585,0.237342,0.020821,0.830285
match_408,match,0.46555,0.261107,0.353106,0.23047,0.23472,0.038336,0.832358
match_961,match,0.466117,0.259986,0.352745,0.23088,0.234208,0.031448,0.831711
match_382,match,0.465982,0.259993,0.352688,0.226241,0.230279,0.051524,0.832005
match_921,match,0.465859,0.259828,0.352542,0.231081,0.235732,0.026064,0.833556
team:Switzerland,team,0.442356,0.27883,0.352417,0.227405,0.232674,0.118565,0.901049
match_728,match,0.465816,0.2595,0.352342,0.231948,0.236675,0.020022,0.833309
team:Iceland,team,0.467078,0.258413,0.352312,0.228079,0.233069,0.018083,0.853443
match_654,match,0.464906,0.260185,0.35231,0.222753,0.228744,0.067246,0.829111
match_509,match,0.465317,0.25944,0.352085,0.229156,0.233348,0.033954,0.832582
match_879,match,0.465518,0.259103,0.35199,0.223924,0.22794,0.056144,0.832915
match_852,match,0.464869,0.259509,0.351921,0.230865,0.235605,0.023629,0.835614
match_454,match,0.464929,0.259216,0.351787,0.221583,0.227494,0.066314,0.829787
match_202,match,0.464617,0.259377,0.351735,0.231158,0.235576,0.024154,0.832181
match_317,match,0.46436,0.259574,0.351728,0.231675,0.235987,0.023747,0.831276
match_550,match,0.464057,0.259728,0.351676,0.230686,0.23422,0.030707,0.83118
match_162,match,0.464019,0.259489,0.351527,0.230389,0.233913,0.030547,0.831265
match_791,match,0.463953,0.25952,0.351515,0.231163,0.234656,0.027246,0.831218
match_896,match,0.463505,0.259645,0.351382,0.23124,0.23461,0.027845,0.831286
team:Costa Rica,team,0.450763,0.26918,0.350892,0.223579,0.228472,0.079029,0.897172
match_657,match,0.462966,0.259109,0.350845,0.228823,0.232973,0.033826,0.832057
match_541,match,0.46364,0.258472,0.350797,0.220709,0.226623,0.065773,0.829675
match_497,match,0.462611,0.25889,0.350564,0.229591,0.233811,0.029122,0.831511
match_515,match,0.463208,0.2584,0.350563,0.22997,0.23426,0.023743,0.832221
match_434,match,0.46192,0.25923,0.350441,0.220328,0.226262,0.072356,0.829491
match_90,match,0.462488,0.258655,0.35038,0.230731,0.234306,0.023982,0.830758
match_445,match,0.462949,0.258201,0.350337,0.228514,0.232738,0.029279,0.832327
match_364,match,0.462193,0.258697,0.35027,0.228874,0.232179,0.032862,0.831466
match_190,match,0.463057,0.257889,0.350214,0.22971,0.23323,0.023708,0.831245
match_584,match,0.462338,0.258196,0.35006,0.223149,0.227247,0.05456,0.83189
match_811,match,0.462429,0.258103,0.35005,0.219695,0.225561,0.06819,0.829758
match_661,match,0.462435,0.258006,0.349999,0.229741,0.234412,0.021053,0.83322
match_368,match,0.46274,0.257719,0.349979,0.219557,0.225515,0.066338,0.829649
match_507,match,0.461557,0.258676,0.349973,0.219981,0.22601,0.070298,0.829541
match_583,match,0.462305,0.25799,0.349932,0.230147,0.233782,0.022325,0.830916
match_423,match,0.461381,0.258065,0.349557,0.230785,0.234311,0.020292,0.830499
match_227,match,0.462084,0.257482,0.349553,0.217643,0.223528,0.073664,0.829922
match_726,match,0.461536,0.25785,0.349509,0.228319,0.231633,0.03013,0.831458
match_488,match,0.461359,0.257926,0.349471,0.229464,0.23382,0.023441,0.831522
match_740,match,0.461373,0.257755,0.349383,0.229754,0.234048,0.021431,0.831059
match_58,match,0.46102,0.257899,0.349303,0.229017,0.233245,0.025413,0.831759
match_5,match,0.457138,0.261032,0.34928,0.225431,0.228159,0.068838,0.824351
match_397,match,0.461306,0.257023,0.348951,0.219898,0.225912,0.060379,0.829538
match_683,match,0.460181,0.257648,0.348788,0.227587,0.230928,0.032234,0.831407
match_347,match,0.458816,0.258677,0.34874,0.218095,0.224633,0.079238,0.827785
match_698,match,0.460347,0.257364,0.348706,0.229496,0.233838,0.02044,0.830504
match_180,match,0.460164,0.257457,0.348676,0.228035,0.232283,0.026866,0.832235
match_337,match,0.45979,0.257761,0.348674,0.225239,0.229474,0.045307,0.826494
match_623,match,0.460784,0.25682,0.348604,0.216498,0.222376,0.074843,0.82991
match_444,match,0.459657,0.25746,0.348448,0.228282,0.232516,0.025905,0.832009
match_259,match,0.460161,0.257041,0.348445,0.227593,0.230939,0.028404,0.831408
match_246,match,0.459749,0.257169,0.34833,0.219513,0.225536,0.063173,0.829357
match_341,match,0.459765,0.256972,0.348229,0.228346,0.232714,0.023291,0.83046
match_308,match,0.459271,0.256775,0.347898,0.22714,0.230443,0.028917,0.831402
match_845,match,0.45905,0.256896,0.347865,0.221296,0.227344,0.053321,0.829122
match_69,match,0.458869,0.256962,0.347821,0.218451,0.224441,0.066695,0.829599
match_823,match,0.459085,0.256661,0.347752,0.22865,0.232979,0.019464,0.831331
match_789,match,0.45841,0.256818,0.347534,0.228204,0.231558,0.024398,0.831044
match_112,match,0.457443,0.25726,0.347342,0.222059,0.226204,0.056785,0.826897
team:Cameroon,team,0.438913,0.272404,0.347333,0.219305,0.222035,0.124935,0.893647
match_314,match,0.457791,0.256848,0.347272,0.224561,0.2291,0.042951,0.825294
match_576,match,0.458409,0.256272,0.347234,0.226365,0.229682,0.029335,0.831393
match_834,match,0.458275,0.256265,0.347169,0.226342,0.229644,0.029423,0.831392
match_556,match,0.457877,0.256398,0.347063,0.226877,0.231029,0.025816,0.832161
team:DR Congo,team,0.460334,0.253763,0.34672,0.226494,0.228986,0.018214,0.825456
match_534,match,0.45688,0.256124,0.346464,0.223901,0.228408,0.041301,0.825666
match_798,match,0.457193,0.255816,0.346436,0.224739,0.22882,0.032316,0.831959
match_643,match,0.457418,0.25563,0.346434,0.227892,0.231411,0.018422,0.830566
match_725,match,0.45731,0.255685,0.346416,0.226285,0.230482,0.024005,0.832181
match_462,match,0.457384,0.255424,0.346306,0.216888,0.223381,0.064562,0.82779
match_213,match,0.457062,0.255548,0.346229,0.22178,0.225912,0.047403,0.826897
match_336,match,0.455871,0.255506,0.34567,0.226451,0.229303,0.028291,0.82607
match_502,match,0.456066,0.255248,0.345616,0.225641,0.229802,0.024332,0.832158
match_958,match,0.455972,0.255295,0.3456,0.224784,0.228048,0.030647,0.831373
match_161,match,0.455723,0.255021,0.345337,0.220879,0.22498,0.048327,0.826893
match_891,match,0.455375,0.255031,0.345186,0.225116,0.229298,0.0254,0.832109
match_678,match,0.454696,0.255014,0.34487,0.217367,0.223896,0.060159,0.827085
match_478,match,0.454532,0.25467,0.344608,0.225328,0.229503,0.022466,0.831641
match_549,match,0.454288,0.254827,0.344585,0.221903,0.226096,0.042494,0.826461
match_19,match,0.453108,0.255736,0.344553,0.223717,0.226491,0.042225,0.826523
match_910,match,0.454038,0.254683,0.344393,0.224929,0.229051,0.024304,0.831925
match_200,match,0.454804,0.253755,0.344227,0.213931,0.22045,0.067755,0.827797
team:Egypt,team,0.451031,0.256726,0.344163,0.22164,0.224348,0.035666,0.862473
match_760,match,0.453975,0.25411,0.344049,0.21424,0.220603,0.068814,0.827802
match_749,match,0.453745,0.254229,0.344011,0.224929,0.228363,0.023317,0.830889
match_377,match,0.452794,0.254402,0.343678,0.216522,0.22318,0.060142,0.826886
match_226,match,0.453919,0.253366,0.343615,0.213178,0.219666,0.068858,0.8278
match_343,match,0.453538,0.253677,0.343614,0.216517,0.223029,0.055643,0.827282
match_10,match,0.451235,0.254645,0.34311,0.214413,0.218833,0.077803,0.822928
match_303,match,0.452026,0.253865,0.343037,0.223623,0.226384,0.031017,0.826477
match_313,match,0.451793,0.253831,0.342914,0.224848,0.227771,0.025128,0.82605
team:Russia,team,0.423436,0.276892,0.342837,0.217582,0.220335,0.159395,0.896066
match_279,match,0.452309,0.253011,0.342695,0.22178,0.224396,0.035774,0.824373
team:Turkey,team,0.445413,0.258427,0.342571,0.218894,0.221484,0.047157,0.881753
match_222,match,0.451528,0.253358,0.342535,0.216168,0.222754,0.055184,0.827204
match_76,match,0.451491,0.253334,0.342505,0.219855,0.224291,0.042762,0.825577
match_780,match,0.451495,0.253146,0.342403,0.214904,0.220808,0.059763,0.829022
match_42,match,0.45036,0.253417,0.342041,0.216776,0.22308,0.056506,0.82196
match_781,match,0.450519,0.253271,0.342032,0.223093,0.225971,0.030076,0.825644
match_34,match,0.450597,0.252871,0.341848,0.213436,0.22,0.064802,0.827223
match_518,match,0.450758,0.25261,0.341777,0.217798,0.224596,0.04321,0.826225
match_521,match,0.450005,0.253202,0.341764,0.223023,0.225735,0.032005,0.822849
match_386,match,0.450506,0.252737,0.341733,0.224561,0.227335,0.02132,0.823733
match_735,match,0.449807,0.252877,0.341495,0.219328,0.223434,0.042604,0.826078
match_617,match,0.449331,0.252791,0.341234,0.214831,0.221401,0.058065,0.826858
match_132,match,0.449181,0.252835,0.341191,0.222375,0.225201,0.03043,0.826173
match_676,match,0.450615,0.251603,0.341159,0.214924,0.221206,0.049967,0.828058
match_389,match,0.449512,0.252236,0.341011,0.213886,0.220444,0.058785,0.82719
match_437,match,0.449109,0.252362,0.340898,0.221635,0.224314,0.032452,0.824092
match_567,match,0.449019,0.252424,0.340892,0.221723,0.224388,0.032618,0.823839
match_969,match,0.449962,0.251489,0.340802,0.214718,0.220909,0.050332,0.828115
match_142,match,0.449275,0.251704,0.340611,0.216708,0.221022,0.046943,0.82621
match_629,match,0.448659,0.252089,0.340545,0.217477,0.221708,0.046096,0.825958
match_945,match,0.44907,0.251615,0.34047,0.214416,0.22036,0.052352,0.829067
match_373,match,0.448527,0.251994,0.340434,0.220904,0.223564,0.03363,0.823989
match_530,match,0.448599,0.251695,0.340301,0.214141,0.220743,0.054292,0.826949
match_33,match,0.446933,0.252879,0.340203,0.214765,0.221,0.062655,0.82182
match_935,match,0.448667,0.251441,0.340193,0.213778,0.220506,0.054623,0.826215
match_862,match,0.448819,0.251242,0.340152,0.214297,0.22024,0.050576,0.829057
match_885,match,0.448535,0.25146,0.340144,0.218852,0.221412,0.039712,0.824391
match_475,match,0.448234,0.251695,0.340137,0.221431,0.224128,0.029322,0.823894
match_754,match,0.44853,0.251349,0.34008,0.219543,0.224075,0.032448,0.824262
match_173,match,0.447879,0.251856,0.340066,0.220231,0.222906,0.034275,0.826515
match_63,match,0.447931,0.251801,0.340059,0.221853,0.224696,0.02646,0.826
match_544,match,0.44823,0.251452,0.340002,0.214444,0.21911,0.058049,0.821696
match_218,match,0.448525,0.251062,0.339921,0.222145,0.225172,0.020454,0.82555
match_106,match,0.448084,0.251116,0.339752,0.220986,0.223657,0.027855,0.823822
match_27,match,0.447654,0.251445,0.339739,0.217408,0.221771,0.042284,0.825766
match_964,match,0.447931,0.25116,0.339707,0.218312,0.220864,0.040343,0.824394
match_458,match,0.447433,0.251512,0.339677,0.220119,0.222803,0.034196,0.824013
match_304,match,0.448278,0.250731,0.339627,0.211769,0.218271,0.059264,0.827189
match_566,match,0.448125,0.250781,0.339586,0.215183,0.221467,0.047499,0.821867
match_480,match,0.448021,0.250782,0.339539,0.21518,0.221466,0.047517,0.821859
match_646,match,0.447388,0.251039,0.339396,0.215273,0.221905,0.045262,0.826383
match_620,match,0.447562,0.250829,0.339358,0.219402,0.222139,0.031585,0.826509
match_399,match,0.447539,0.250734,0.339296,0.212494,0.216891,0.062385,0.822754
match_922,match,0.447301,0.25073,0.339187,0.211542,0.215875,0.066781,0.822911
match_637,match,0.447564,0.250508,0.339183,0.21354,0.217675,0.053978,0.826944
match_98,match,0.447529,0.250429,0.339124,0.211254,0.217734,0.059804,0.827178
match_736,match,0.446747,0.251022,0.339098,0.214408,0.220696,0.052895,0.821362
match_693,match,0.447019,0.250669,0.339026,0.211414,0.21574,0.067,0.82291
match_144,match,0.446566,0.251017,0.339014,0.221443,0.224144,0.025152,0.823687
match_665,match,0.446367,0.251091,0.338965,0.212915,0.217304,0.062755,0.822642
match_759,match,0.446503,0.250467,0.338683,0.21106,0.215372,0.067401,0.822907
match_606,match,0.446286,0.250348,0.33852,0.215268,0.220035,0.048306,0.819865
match_327,match,0.446475,0.249934,0.338378,0.212392,0.218921,0.05141,0.827102
match_415,match,0.445717,0.250476,0.338335,0.221138,0.22385,0.023149,0.823708
match_228,match,0.445531,0.250508,0.338268,0.21276,0.217219,0.059848,0.822413
team:Paraguay,team,0.426779,0.265726,0.3382,0.213195,0.216038,0.113216,0.890516
match_201,match,0.445082,0.250612,0.338124,0.210989,0.21551,0.068509,0.822528
match_471,match,0.445347,0.250281,0.338061,0.219975,0.222801,0.025669,0.826013
match_18,match,0.445136,0.250436,0.338051,0.209865,0.214341,0.072562,0.822732
match_103,match,0.445536,0.249753,0.337855,0.214352,0.21856,0.045705,0.826412
match_850,match,0.445584,0.249621,0.337804,0.212175,0.218727,0.050554,0.826879
match_426,match,0.445199,0.249843,0.337753,0.22068,0.223478,0.021244,0.823577
match_156,match,0.445273,0.249707,0.337711,0.212637,0.217079,0.055443,0.822409
match_744,match,0.4453,0.249621,0.337677,0.219121,0.221899,0.02775,0.822538
match_484,match,0.444918,0.249586,0.337485,0.219509,0.222306,0.023476,0.826102
match_244,match,0.444677,0.249782,0.337485,0.221468,0.224405,0.017977,0.821973
match_503,match,0.444993,0.249485,0.337464,0.218476,0.221159,0.029101,0.824055
match_664,match,0.444795,0.249637,0.337458,0.219973,0.222764,0.021765,0.825932
match_157,match,0.443507,0.250648,0.337435,0.211678,0.217939,0.062923,0.821855
match_779,match,0.444635,0.249557,0.337342,0.216464,0.220874,0.035273,0.824951
match_640,match,0.444349,0.24973,0.337309,0.221569,0.224499,0.015162,0.825231
match_463,match,0.444328,0.249623,0.33724,0.21081,0.216849,0.060682,0.822234
match_905,match,0.443905,0.249772,0.337132,0.218628,0.221275,0.03048,0.823694
match_291,match,0.444663,0.249063,0.337083,0.213845,0.218032,0.043789,0.826393
match_903,match,0.444012,0.249456,0.337007,0.213709,0.217971,0.047208,0.825652
match_870,match,0.444076,0.249384,0.336995,0.221191,0.224069,0.016539,0.822507
match_741,match,0.444501,0.248954,0.33695,0.217976,0.22076,0.028053,0.823838
match_379,match,0.443735,0.249417,0.33686,0.210546,0.215058,0.063234,0.82232
match_709,match,0.443781,0.249372,0.336856,0.21141,0.215959,0.05963,0.821139
match_775,match,0.443337,0.249713,0.336844,0.20997,0.214491,0.067714,0.822355
match_84,match,0.444107,0.249068,0.336835,0.212841,0.21945,0.044086,0.82661
match_455,match,0.442697,0.25006,0.336747,0.209899,0.216085,0.06756,0.821926
match_540,match,0.443428,0.24913,0.336564,0.219255,0.221998,0.021986,0.825953
match_124,match,0.443182,0.24908,0.336426,0.21933,0.222083,0.02288,0.823446
match_768,match,0.442937,0.248993,0.336268,0.218609,0.221398,0.024045,0.825943
match_598,match,0.442977,0.248833,0.336198,0.219654,0.222448,0.01991,0.823207
match_591,match,0.442514,0.248894,0.336023,0.211674,0.217819,0.052395,0.82151
match_80,match,0.443029,0.248371,0.335967,0.210748,0.216867,0.053183,0.82195
match_384,match,0.442826,0.24852,0.335958,0.21109,0.217685,0.052369,0.820875
match_242,match,0.441991,0.24884,0.335758,0.20963,0.216144,0.061417,0.82063
match_887,match,0.441938,0.248837,0.335733,0.218238,0.220901,0.02491,0.826096
match_838,match,0.441822,0.248407,0.335444,0.210355,0.215013,0.058135,0.821382
match_91,match,0.441196,0.248625,0.335282,0.211122,0.217264,0.053002,0.821946
match_602,match,0.441546,0.248307,0.335264,0.218042,0.220766,0.022511,0.825917
match_440,match,0.44089,0.24881,0.335246,0.208694,0.21522,0.065604,0.820521
match_429,match,0.441738,0.247679,0.335005,0.211413,0.217976,0.042138,0.826533
match_414,match,0.441183,0.247727,0.334782,0.210876,0.216967,0.048751,0.821726
match_531,match,0.440586,0.247975,0.33465,0.208054,0.214543,0.063385,0.820564
match_619,match,0.44068,0.247887,0.334644,0.217622,0.220487,0.022355,0.824684
match_817,match,0.440632,0.247709,0.334524,0.217561,0.220437,0.020792,0.825823
match_899,match,0.44084,0.247437,0.334468,0.209128,0.215199,0.054928,0.821936
match_186,match,0.439659,0.248307,0.334416,0.212398,0.216495,0.050433,0.819161
match_707,match,0.439758,0.247819,0.334192,0.207666,0.214101,0.064218,0.820691
match_929,match,0.439932,0.247629,0.334165,0.21077,0.21528,0.051257,0.821953
match_555,match,0.44017,0.24736,0.334124,0.218667,0.221524,0.015981,0.821889
match_965,match,0.440077,0.247164,0.333975,0.209,0.213524,0.057184,0.820875
match_884,match,0.440188,0.246704,0.333772,0.208017,0.214148,0.055399,0.821912
match_778,match,0.44012,0.2467,0.333739,0.206361,0.212421,0.062957,0.822229
match_638,match,0.439344,0.246879,0.333488,0.207214,0.213668,0.060489,0.820551
match_724,match,0.438893,0.247044,0.333376,0.209188,0.213714,0.055608,0.820801
match_551,match,0.439026,0.246759,0.333279,0.20931,0.215364,0.050033,0.821688
match_715,match,0.438982,0.246732,0.333245,0.207425,0.213874,0.058582,0.820589
match_784,match,0.438994,0.246674,0.333218,0.20692,0.213363,0.0605,0.820687
match_837,match,0.438298,0.247069,0.333122,0.217201,0.219833,0.020509,0.823219
match_869,match,0.438141,0.246934,0.332977,0.208522,0.212806,0.057514,0.822262
match_971,match,0.438209,0.246489,0.332763,0.211102,0.215803,0.044822,0.817861
team:South Africa,team,0.435567,0.248562,0.332715,0.212958,0.21568,0.033197,0.848997
match_176,match,0.437375,0.246859,0.332591,0.21223,0.216452,0.04236,0.81849
match_300,match,0.438362,0.245666,0.332379,0.207775,0.213954,0.050106,0.821648
match_671,match,0.437021,0.246399,0.332179,0.211156,0.215206,0.044408,0.819038
match_809,match,0.436521,0.246226,0.331859,0.207858,0.213976,0.05335,0.821622
match_237,match,0.435885,0.246637,0.331798,0.207717,0.214086,0.058285,0.818176
match_1,match,0.432872,0.248373,0.331397,0.206403,0.212693,0.07556,0.817836
match_416,match,0.436478,0.245342,0.331353,0.211306,0.215886,0.037576,0.816808
match_381,match,0.435813,0.245754,0.33128,0.20751,0.214133,0.052069,0.820109
match_829,match,0.435303,0.245669,0.331004,0.210207,0.214227,0.044366,0.818911
match_796,match,0.435654,0.245198,0.330903,0.209886,0.216253,0.038427,0.819509
match_618,match,0.436043,0.244859,0.330892,0.207877,0.212581,0.048007,0.820319
match_820,match,0.435795,0.244618,0.330648,0.203491,0.20998,0.06354,0.820518
match_752,match,0.434547,0.244208,0.32986,0.205118,0.211482,0.054049,0.819915
match_247,match,0.434251,0.24373,0.329465,0.205909,0.212821,0.046541,0.819756
match_783,match,0.433232,0.244168,0.329247,0.208353,0.214458,0.038568,0.82106
sponsor:McDonald's,sponsor,0.246798,0.396602,0.32919,0.385819,0.400854,0.119955,0.876931
match_392,match,0.433061,0.244071,0.329117,0.206356,0.212966,0.04722,0.81962
match_650,match,0.43348,0.243685,0.329093,0.206464,0.213339,0.044561,0.818468
match_857,match,0.432892,0.244159,0.329089,0.209937,0.214181,0.036319,0.81806
match_196,match,0.433229,0.243748,0.329014,0.209347,0.213783,0.036636,0.817274
match_670,match,0.433106,0.243841,0.32901,0.208999,0.213348,0.038574,0.817928
match_481,match,0.436546,0.240656,0.328807,0.212553,0.218094,0.022188,0.782655
match_662,match,0.43254,0.243517,0.328577,0.20735,0.213598,0.039116,0.820703
match_854,match,0.432717,0.243321,0.328549,0.206104,0.212707,0.043718,0.819607
match_628,match,0.432129,0.243607,0.328442,0.205102,0.211646,0.050061,0.819891
match_611,match,0.432391,0.24315,0.328308,0.205346,0.21191,0.045956,0.82003
match_904,match,0.431487,0.243197,0.327928,0.205627,0.212335,0.045442,0.818845
match_546,match,0.431506,0.243152,0.327911,0.207614,0.211976,0.040755,0.817752
match_25,match,0.43039,0.244055,0.327906,0.203957,0.210098,0.059998,0.818079
match_872,match,0.431435,0.242899,0.32774,0.208244,0.212553,0.036273,0.817875
match_506,match,0.431328,0.242885,0.327684,0.205325,0.20947,0.049262,0.819013
match_936,match,0.431028,0.242713,0.327455,0.207732,0.212034,0.037579,0.817743
match_95,match,0.43062,0.242923,0.327387,0.206402,0.212417,0.039823,0.8213
match_868,match,0.430662,0.2428,0.327338,0.204891,0.211427,0.046078,0.819779
match_11,match,0.427184,0.245642,0.327336,0.207106,0.21156,0.059736,0.815791
match_812,match,0.430256,0.242749,0.327127,0.208147,0.21238,0.035923,0.817877
match_851,match,0.430159,0.242539,0.326968,0.207331,0.211644,0.038254,0.817856
match_923,match,0.430265,0.242451,0.326967,0.205213,0.211812,0.042378,0.819649
match_547,match,0.43013,0.242492,0.326929,0.205254,0.211854,0.04251,0.819542
match_959,match,0.430022,0.242189,0.326714,0.204543,0.211091,0.044015,0.819517
match_755,match,0.429722,0.242106,0.326533,0.204759,0.208838,0.047065,0.819121
match_739,match,0.429606,0.242108,0.326482,0.207443,0.211838,0.035389,0.817072
match_427,match,0.42939,0.242182,0.326426,0.203277,0.209393,0.051486,0.818068
match_145,match,0.42871,0.241549,0.325771,0.20295,0.207542,0.052531,0.816749
match_697,match,0.427542,0.242087,0.325542,0.202376,0.208461,0.055104,0.818081
match_653,match,0.428312,0.241451,0.325539,0.205955,0.210277,0.037768,0.817914
match_751,match,0.427687,0.241867,0.325486,0.206076,0.210902,0.040425,0.815517
match_579,match,0.431489,0.2387,0.325455,0.209,0.214282,0.026565,0.783103
match_446,match,0.427211,0.241999,0.325344,0.203349,0.208211,0.053726,0.815628
match_370,match,0.427883,0.241314,0.32527,0.206321,0.211299,0.035619,0.815437
match_193,match,0.426785,0.24216,0.325241,0.200775,0.205409,0.06633,0.816765
match_407,match,0.427739,0.241191,0.325138,0.202274,0.20684,0.053464,0.816756
match_505,match,0.43133,0.237934,0.324962,0.209407,0.214759,0.019899,0.782901
match_326,match,0.426761,0.241435,0.324832,0.205627,0.210385,0.039872,0.815594
match_578,match,0.424991,0.242669,0.324714,0.206369,0.210659,0.044855,0.815782
match_235,match,0.426645,0.240831,0.324447,0.204046,0.210427,0.039543,0.817231
match_601,match,0.426179,0.240575,0.324097,0.201133,0.205651,0.054969,0.816767
match_182,match,0.42552,0.241102,0.32409,0.2023,0.20854,0.049227,0.817765
match_669,match,0.42563,0.240632,0.323881,0.200633,0.206651,0.054228,0.818025
match_647,match,0.425151,0.240813,0.323765,0.202883,0.207506,0.048681,0.815959
match_419,match,0.425667,0.240274,0.323701,0.20127,0.20775,0.047165,0.81973
match_686,match,0.42537,0.240158,0.323503,0.199899,0.2063,0.055051,0.816327
match_130,match,0.423974,0.240878,0.323271,0.206311,0.210677,0.033906,0.815599
match_6,match,0.422485,0.241885,0.323155,0.196938,0.203146,0.08231,0.812425
match_939,match,0.425153,0.239623,0.323112,0.20432,0.208613,0.034019,0.817816
match_571,match,0.424593,0.240021,0.323078,0.200072,0.204541,0.056492,0.816778
match_459,match,0.423923,0.240354,0.32296,0.201056,0.205735,0.053994,0.81623
match_808,match,0.428308,0.23672,0.322935,0.206615,0.211859,0.02533,0.783043
match_127,match,0.423658,0.240212,0.322763,0.200285,0.205001,0.056522,0.81637
match_828,match,0.423518,0.239433,0.322271,0.200248,0.206325,0.048625,0.817683
team:Croatia,team,0.396705,0.260933,0.32203,0.192273,0.19741,0.180503,0.883326
match_331,match,0.422538,0.239514,0.321875,0.205721,0.210223,0.028486,0.81462
match_928,match,0.421935,0.239216,0.321439,0.206011,0.210538,0.024822,0.815289
match_543,match,0.426073,0.235776,0.32141,0.205824,0.211028,0.023235,0.782919
match_105,match,0.422375,0.238133,0.321041,0.199412,0.204101,0.047619,0.816357
match_447,match,0.425959,0.235058,0.320964,0.205359,0.210712,0.020733,0.782766
match_7,match,0.420993,0.238147,0.320427,0.204907,0.209472,0.023308,0.815081
match_489,match,0.420373,0.238416,0.320296,0.200186,0.206266,0.042558,0.817663
match_61,match,0.420074,0.238593,0.32026,0.20346,0.207902,0.03219,0.816381
match_404,match,0.420351,0.237703,0.319895,0.198568,0.203234,0.049019,0.816135
match_167,match,0.419696,0.238201,0.319874,0.203762,0.208174,0.028981,0.815447
team:Chile,team,0.389193,0.263017,0.319796,0.188732,0.193904,0.209565,0.883773
match_572,match,0.41951,0.23821,0.319795,0.204561,0.208933,0.025421,0.815438
match_353,match,0.419725,0.237634,0.319575,0.203507,0.2078,0.02678,0.815523
match_672,match,0.418664,0.238308,0.319468,0.202528,0.206728,0.035609,0.815643
match_648,match,0.419972,0.237203,0.319449,0.198306,0.202966,0.047122,0.816129
match_590,match,0.418703,0.238184,0.319418,0.194468,0.200574,0.070838,0.812337
match_900,match,0.419147,0.237581,0.319286,0.202261,0.20644,0.032267,0.815754
match_286,match,0.418826,0.237669,0.31919,0.204522,0.208935,0.021656,0.816225
match_344,match,0.418525,0.237438,0.318927,0.203997,0.208378,0.022727,0.816177
match_631,match,0.418233,0.237489,0.318824,0.203746,0.208136,0.024208,0.816141
match_339,match,0.417895,0.237076,0.318445,0.20298,0.207493,0.02501,0.816058
match_519,match,0.417941,0.237008,0.318428,0.199479,0.20416,0.040738,0.815642
match_367,match,0.41814,0.236677,0.318335,0.204264,0.208845,0.016595,0.815836
match_111,match,0.4181,0.236643,0.318298,0.198595,0.203309,0.042367,0.815833
match_483,match,0.417211,0.236963,0.318074,0.193893,0.200077,0.065887,0.812084
match_807,match,0.417697,0.235977,0.317751,0.19372,0.199817,0.060528,0.812324
match_253,match,0.416605,0.236724,0.31767,0.197637,0.202425,0.049782,0.811664
match_453,match,0.41696,0.236184,0.317533,0.202697,0.207206,0.021308,0.815163
match_248,match,0.416098,0.236581,0.317364,0.20213,0.206449,0.026046,0.816286
match_320,match,0.4165,0.236235,0.317354,0.203222,0.207582,0.019437,0.815195
team:France,team,0.357003,0.284858,0.317323,0.185144,0.188984,0.365062,0.883662
match_792,match,0.416353,0.236039,0.31718,0.20161,0.205904,0.025065,0.816347
match_848,match,0.415702,0.236227,0.316991,0.201641,0.20597,0.026137,0.816185
match_469,match,0.415858,0.235792,0.316821,0.196274,0.202324,0.044333,0.817616
match_466,match,0.415447,0.235531,0.316493,0.201541,0.205838,0.022267,0.816247
match_658,match,0.415193,0.235467,0.316344,0.195223,0.2016,0.050734,0.810992
match_65,match,0.415237,0.235231,0.316234,0.193051,0.19936,0.059022,0.811629
match_639,match,0.414533,0.235767,0.316212,0.200401,0.204754,0.028924,0.816236
match_528,match,0.414687,0.235449,0.316106,0.194124,0.200598,0.055805,0.810554
match_753,match,0.414974,0.234919,0.315944,0.19994,0.204302,0.025682,0.816333
match_737,match,0.415099,0.234797,0.315933,0.197799,0.20273,0.03527,0.814021
match_491,match,0.414786,0.234899,0.315848,0.200536,0.20511,0.022802,0.815736
match_16,match,0.412904,0.235899,0.315551,0.194703,0.199312,0.058492,0.811695
match_615,match,0.413831,0.234964,0.315454,0.201974,0.206374,0.017463,0.814771
match_956,match,0.413783,0.23488,0.315386,0.195277,0.201275,0.04329,0.817692
match_380,match,0.414276,0.234437,0.315364,0.200311,0.204754,0.020955,0.816098
match_8,match,0.412405,0.235335,0.315016,0.195776,0.200526,0.050044,0.811237
match_713,match,0.413273,0.234611,0.315009,0.200867,0.205258,0.02023,0.815036
match_679,match,0.413157,0.234531,0.314912,0.197233,0.202172,0.038361,0.810574
match_448,match,0.412339,0.234661,0.314616,0.191473,0.197517,0.062933,0.812092
match_436,match,0.412719,0.234005,0.314426,0.19928,0.203591,0.023182,0.81621
match_864,match,0.412114,0.23397,0.314135,0.190717,0.196693,0.06216,0.812205
match_559,match,0.411813,0.233858,0.313938,0.191419,0.197326,0.058244,0.812349
match_524,match,0.411992,0.233484,0.313813,0.190646,0.19663,0.05944,0.812202
match_772,match,0.411415,0.233843,0.313751,0.199075,0.203304,0.023217,0.816286
match_570,match,0.41125,0.233907,0.313712,0.19304,0.199029,0.051096,0.812053
match_803,match,0.411037,0.233709,0.313507,0.199726,0.204134,0.019351,0.815814
match_2,match,0.408313,0.235696,0.313374,0.188619,0.193984,0.087147,0.806719
match_824,match,0.410947,0.233346,0.313267,0.190837,0.196715,0.057795,0.812337
team:Bolivia,team,0.406677,0.236059,0.312837,0.193065,0.198475,0.037467,0.85681
match_474,match,0.409647,0.233174,0.312587,0.199131,0.203356,0.019548,0.815067
match_776,match,0.408426,0.232528,0.311682,0.197246,0.201416,0.023581,0.816254
match_915,match,0.409022,0.231981,0.311649,0.189255,0.195248,0.056572,0.812025
match_950,match,0.408138,0.232665,0.311628,0.192157,0.196658,0.050258,0.811672
match_757,match,0.408849,0.231843,0.311496,0.189054,0.195053,0.056632,0.81202
match_9,match,0.406569,0.233164,0.311196,0.188707,0.194321,0.070184,0.807197
match_449,match,0.407069,0.232046,0.310807,0.19303,0.197726,0.042437,0.810997
match_199,match,0.406886,0.23207,0.310737,0.191729,0.196425,0.048346,0.811406
team:Republic of Ireland,team,0.397255,0.239762,0.310633,0.188953,0.194327,0.070116,0.87213
match_902,match,0.406793,0.231751,0.31052,0.19754,0.201854,0.017478,0.815667
match_858,match,0.406047,0.231898,0.310265,0.195642,0.199286,0.031812,0.810124
match_4,match,0.406126,0.231434,0.310045,0.197125,0.200928,0.021938,0.809868
match_175,match,0.406697,0.230913,0.310016,0.187409,0.192729,0.062931,0.80672
match_931,match,0.406179,0.23116,0.309919,0.189797,0.19582,0.049594,0.81089
match_240,match,0.405988,0.230672,0.309564,0.187442,0.193367,0.056819,0.812147
match_86,match,0.405899,0.230586,0.309477,0.186818,0.192118,0.063658,0.80672
match_216,match,0.405473,0.230891,0.309453,0.187864,0.193489,0.060189,0.806662
match_109,match,0.40427,0.231461,0.309225,0.186829,0.192242,0.068437,0.807425
match_179,match,0.403608,0.231198,0.308783,0.185876,0.191174,0.07192,0.806595
match_652,match,0.404704,0.229756,0.308483,0.187887,0.193898,0.049038,0.811905
match_215,match,0.408532,0.226606,0.308472,0.195592,0.199902,0.019863,0.774829
match_79,match,0.40673,0.227972,0.308413,0.193745,0.197655,0.038141,0.774031
match_204,match,0.404143,0.229448,0.30806,0.186665,0.19243,0.056675,0.806334
match_581,match,0.402783,0.230386,0.307965,0.194183,0.197827,0.029319,0.809792
match_967,match,0.403428,0.229726,0.307892,0.196174,0.20023,0.016057,0.808529
match_769,match,0.403213,0.229337,0.307582,0.185726,0.191597,0.056542,0.812098
match_362,match,0.406232,0.226778,0.307532,0.192546,0.196576,0.036085,0.773916
match_727,match,0.40257,0.229276,0.307259,0.184433,0.189624,0.06669,0.806721
match_600,match,0.402581,0.22913,0.307183,0.185177,0.19044,0.062288,0.806591
match_220,match,0.401672,0.229497,0.306976,0.185479,0.190895,0.06248,0.807293
match_934,match,0.402265,0.228747,0.30683,0.186663,0.192865,0.048805,0.810712
team:Northern Ireland,team,0.393126,0.236074,0.306747,0.186672,0.1918,0.056527,0.874562
sponsor:Mengniu,sponsor,0.233177,0.366939,0.306746,0.346182,0.361199,0.124635,0.866179
match_268,match,0.401436,0.229099,0.306651,0.193343,0.19701,0.025026,0.809942
match_700,match,0.401588,0.22895,0.306637,0.191633,0.195161,0.031998,0.810336
team:Kuwait,team,0.402448,0.227811,0.306397,0.190005,0.195337,0.019975,0.825182
match_512,match,0.401089,0.22881,0.306335,0.19334,0.197031,0.023184,0.809952
match_14,match,0.400407,0.229183,0.306234,0.184751,0.190199,0.064445,0.806305
match_152,match,0.400526,0.22904,0.306209,0.183583,0.188991,0.068286,0.807485
match_714,match,0.40102,0.228609,0.306194,0.187387,0.193101,0.048678,0.805546
match_972,match,0.401005,0.228617,0.306192,0.189221,0.193996,0.038783,0.810514
match_75,match,0.403953,0.226004,0.306081,0.192454,0.196463,0.030626,0.775657
match_150,match,0.400854,0.228524,0.306072,0.188552,0.193163,0.041233,0.811067
match_71,match,0.400203,0.228727,0.305891,0.184743,0.190087,0.061151,0.807362
match_256,match,0.400743,0.228083,0.30578,0.184976,0.190362,0.056029,0.807282
match_55,match,0.398786,0.229532,0.305696,0.184787,0.191131,0.064362,0.807148
match_73,match,0.400463,0.227961,0.305587,0.18479,0.190169,0.056143,0.807279
match_114,match,0.404218,0.224852,0.305567,0.191962,0.195833,0.026966,0.774017
team:Israel,team,0.401258,0.226918,0.305371,0.190999,0.195416,0.022903,0.806779
match_968,match,0.399659,0.22776,0.305114,0.187511,0.192131,0.041368,0.810896
match_329,match,0.399249,0.228045,0.305087,0.192249,0.195827,0.023623,0.809994
match_660,match,0.398498,0.227766,0.304596,0.192619,0.196354,0.020851,0.808465
match_342,match,0.398375,0.227501,0.304394,0.185364,0.191891,0.049327,0.806117
match_588,match,0.398191,0.227425,0.30427,0.185385,0.190852,0.050722,0.805941
match_294,match,0.402306,0.22402,0.304248,0.191352,0.195344,0.023351,0.775651
match_60,match,0.398,0.227259,0.304093,0.182442,0.187793,0.063229,0.806371
match_17,match,0.397431,0.227248,0.30383,0.182728,0.188106,0.061856,0.806263
match_504,match,0.397253,0.227094,0.303665,0.191257,0.19492,0.022371,0.809586
match_494,match,0.397308,0.226996,0.303636,0.186436,0.193034,0.041031,0.806211
match_393,match,0.401172,0.223779,0.303606,0.191125,0.195225,0.022854,0.775417
match_710,match,0.397849,0.22645,0.303579,0.180832,0.186112,0.065621,0.806566
match_537,match,0.400796,0.223837,0.303469,0.190303,0.194153,0.028527,0.773704
team:Sweden,team,0.361901,0.254775,0.302982,0.181856,0.186077,0.193624,0.880398
match_878,match,0.396748,0.226062,0.302871,0.180991,0.186319,0.061874,0.807371
match_421,match,0.396144,0.226526,0.302854,0.183557,0.189919,0.051413,0.806862
match_689,match,0.396115,0.226375,0.302758,0.190394,0.194032,0.021863,0.809666
match_456,match,0.395941,0.226463,0.302728,0.190245,0.193769,0.023121,0.80996
match_691,match,0.396713,0.22574,0.302678,0.180792,0.186452,0.061687,0.804989
match_893,match,0.396455,0.225878,0.302638,0.17986,0.185095,0.066622,0.80656
match_632,match,0.399608,0.223226,0.302598,0.190914,0.194992,0.02062,0.775085
team:South Korea,team,0.372657,0.245107,0.302505,0.182878,0.187946,0.126281,0.881533
match_425,match,0.395915,0.225488,0.30218,0.181179,0.186536,0.057396,0.807326
match_188,match,0.398926,0.221927,0.301577,0.173121,0.180463,0.091889,0.770599
match_622,match,0.393883,0.225978,0.301535,0.183796,0.190227,0.047209,0.806147
match_148,match,0.394893,0.224942,0.30142,0.181021,0.186358,0.055439,0.806219
match_938,match,0.393728,0.225212,0.301044,0.181054,0.186297,0.057286,0.805978
match_616,match,0.393185,0.22507,0.300722,0.181775,0.187137,0.052424,0.806666
match_898,match,0.392019,0.224661,0.299972,0.180487,0.186617,0.054221,0.807089
match_318,match,0.391439,0.223901,0.299293,0.18209,0.188361,0.042119,0.806599
team:Netherlands,team,0.362479,0.246805,0.298859,0.187232,0.192216,0.114711,0.885042
match_674,match,0.394486,0.220496,0.298791,0.188876,0.192949,0.015138,0.771646
match_742,match,0.394373,0.220013,0.298475,0.170112,0.177327,0.094099,0.770542
match_855,match,0.390271,0.223266,0.298419,0.178969,0.184264,0.054789,0.805802
team:Spain,team,0.350346,0.255442,0.298149,0.183979,0.187876,0.186775,0.883218
match_535,match,0.389807,0.222826,0.297967,0.181031,0.187279,0.040356,0.806563
match_917,match,0.389601,0.222665,0.297786,0.180557,0.186285,0.04341,0.805036
match_762,match,0.388876,0.223209,0.297759,0.182554,0.188893,0.036221,0.80549
match_766,match,0.392733,0.219233,0.297308,0.171385,0.178731,0.083795,0.769446
match_432,match,0.388768,0.222468,0.297303,0.178762,0.184887,0.048446,0.807172
match_716,match,0.392664,0.21913,0.29722,0.172774,0.180241,0.07678,0.769021
match_667,match,0.387604,0.222599,0.296851,0.18151,0.187674,0.037069,0.806245
match_349,match,0.387407,0.221996,0.296431,0.180469,0.18677,0.037866,0.806266
team:El Salvador,team,0.385055,0.223592,0.29625,0.181168,0.185297,0.026159,0.841856
match_918,match,0.386081,0.221894,0.295779,0.180612,0.186708,0.03692,0.806273
team:Peru,team,0.371285,0.2333,0.295393,0.175499,0.17955,0.092944,0.874252
team:Mexico,team,0.331927,0.265275,0.295269,0.155425,0.161595,0.381118,0.875542
match_947,match,0.389582,0.217789,0.295096,0.169439,0.17673,0.083969,0.769272
match_390,match,0.383184,0.220554,0.293738,0.169344,0.176981,0.083281,0.797757
match_191,match,0.381957,0.221309,0.293601,0.173414,0.178927,0.070727,0.80123
team:Canada,team,0.377031,0.223684,0.29269,0.176423,0.180501,0.036762,0.861071
match_67,match,0.380697,0.220271,0.292462,0.174028,0.179643,0.060662,0.802116
match_356,match,0.381135,0.2188,0.291851,0.175219,0.180731,0.046149,0.802107
match_183,match,0.379473,0.219902,0.291709,0.165182,0.172454,0.098555,0.79862
match_296,match,0.380799,0.218734,0.291663,0.175908,0.181975,0.038802,0.806554
match_249,match,0.379673,0.219108,0.291363,0.174394,0.180774,0.050979,0.801133
match_315,match,0.380774,0.218106,0.291307,0.172338,0.177835,0.055701,0.801246
match_203,match,0.379481,0.218857,0.291138,0.173916,0.179519,0.05312,0.800906
match_66,match,0.379472,0.218635,0.291012,0.174274,0.18057,0.048726,0.801132
team:Yugoslavia,team,0.359278,0.23512,0.290991,0.17367,0.177686,0.113156,0.873751
match_729,match,0.379023,0.218208,0.290575,0.17392,0.179597,0.048419,0.801704
match_895,match,0.379063,0.217881,0.290413,0.173484,0.178984,0.048496,0.802037
match_680,match,0.378924,0.217795,0.290303,0.173348,0.178843,0.048597,0.802037
match_169,match,0.3778,0.218583,0.290231,0.164764,0.172032,0.092323,0.798511
match_685,match,0.377789,0.217944,0.289874,0.174302,0.180565,0.044427,0.800987
match_960,match,0.378383,0.217245,0.289757,0.170609,0.176017,0.058447,0.80128
match_586,match,0.377633,0.217034,0.289304,0.17185,0.177386,0.050694,0.802042
match_20,match,0.376927,0.217501,0.289243,0.172079,0.177623,0.053383,0.800695
match_548,match,0.377422,0.216995,0.289187,0.173115,0.178614,0.045382,0.800897
match_866,match,0.376934,0.217179,0.289069,0.172828,0.178552,0.048336,0.799496
match_774,match,0.376129,0.216361,0.288256,0.172882,0.179105,0.041111,0.801077
match_472,match,0.376123,0.216227,0.288181,0.164275,0.171721,0.079971,0.797836
match_330,match,0.37551,0.216428,0.288015,0.173709,0.17942,0.038548,0.801165
match_814,match,0.375497,0.216235,0.287903,0.171151,0.176687,0.050039,0.800269
match_627,match,0.374757,0.216491,0.287711,0.172346,0.178521,0.044466,0.801116
match_966,match,0.3748,0.216109,0.28752,0.173257,0.179729,0.038533,0.799215
match_610,match,0.374666,0.216175,0.287496,0.172126,0.178289,0.043595,0.801008
match_94,match,0.375328,0.215606,0.287481,0.163087,0.170277,0.081617,0.798502
team:Romania,team,0.360194,0.227321,0.287114,0.170404,0.1745,0.080183,0.872463
match_345,match,0.374729,0.215364,0.287078,0.170613,0.176094,0.046926,0.800672
match_283,match,0.374318,0.2157,0.287078,0.171863,0.177457,0.042535,0.801488
match_952,match,0.373588,0.215405,0.286587,0.170798,0.176388,0.045653,0.801447
match_948,match,0.37337,0.2151,0.286321,0.17138,0.177528,0.040301,0.801091
match_810,match,0.372329,0.214746,0.285659,0.172671,0.178357,0.033949,0.799457
match_696,match,0.372089,0.214812,0.285586,0.170357,0.17648,0.043119,0.801341
match_795,match,0.372542,0.214345,0.285534,0.161045,0.168149,0.083334,0.798493
match_275,match,0.37225,0.214558,0.285519,0.170551,0.176072,0.041537,0.801583
match_747,match,0.372298,0.214367,0.285436,0.162286,0.169683,0.078342,0.796692
match_949,match,0.371607,0.214889,0.285412,0.170876,0.176882,0.041494,0.801202
team:Algeria,team,0.362431,0.222003,0.285196,0.169199,0.17345,0.053672,0.870185
match_100,match,0.371609,0.2143,0.285089,0.162637,0.169883,0.075758,0.797983
match_609,match,0.371537,0.214278,0.285045,0.162438,0.169662,0.076842,0.797568
team:Bosnia and Herzegovina,team,0.370181,0.214705,0.284669,0.172011,0.176041,0.015079,0.838758
match_43,match,0.370558,0.213811,0.284347,0.170134,0.176067,0.043053,0.793618
match_682,match,0.370355,0.213709,0.2842,0.163945,0.171353,0.066388,0.796936
match_46,match,0.368612,0.213365,0.283226,0.16837,0.174369,0.047587,0.794775
team:Uruguay,team,0.324358,0.248061,0.282395,0.152478,0.158866,0.288906,0.87214
match_933,match,0.367406,0.212248,0.282069,0.169614,0.175278,0.031995,0.800284
team:Panama,team,0.368269,0.211455,0.282021,0.169797,0.17396,0.016966,0.81925
match_901,match,0.367258,0.211957,0.281843,0.162131,0.169713,0.064363,0.795594
match_38,match,0.366993,0.211206,0.28131,0.168271,0.174251,0.035614,0.793125
team:Greece,team,0.360576,0.216064,0.281095,0.167518,0.171533,0.028292,0.864503
match_790,match,0.365849,0.211469,0.28094,0.166651,0.172711,0.039618,0.801119
match_57,match,0.364798,0.211834,0.280668,0.166473,0.172008,0.046962,0.795805
team:England,team,0.306951,0.258352,0.280221,0.149073,0.155905,0.368326,0.871931
match_908,match,0.364118,0.211348,0.280095,0.165417,0.170818,0.049925,0.794393
match_841,match,0.363455,0.21064,0.279407,0.165088,0.170469,0.047062,0.794387
match_706,match,0.363015,0.21096,0.279385,0.163298,0.168754,0.05713,0.794514
match_428,match,0.362348,0.210449,0.278804,0.165835,0.171343,0.042406,0.794041
match_764,match,0.361855,0.210182,0.278435,0.164939,0.170376,0.043865,0.795872
team:Ukraine,team,0.362206,0.209852,0.278411,0.167358,0.171406,0.018178,0.819652
match_649,match,0.362279,0.209142,0.278053,0.164103,0.170037,0.041201,0.794519
match_532,match,0.360972,0.209308,0.277556,0.165219,0.17075,0.03813,0.79396
match_490,match,0.360584,0.209039,0.277234,0.163825,0.169393,0.042778,0.794053
match_634,match,0.360085,0.208663,0.276803,0.154577,0.161786,0.082503,0.790574
team:Saudi Arabia,team,0.349796,0.21663,0.276555,0.164742,0.168695,0.044085,0.865611
match_560,match,0.359112,0.208658,0.276362,0.155901,0.163242,0.076401,0.790117
match_748,match,0.358939,0.20838,0.276131,0.163424,0.169061,0.039685,0.795179
match_873,match,0.358987,0.208171,0.276038,0.163388,0.169046,0.038443,0.795289
match_882,match,0.358436,0.208394,0.275913,0.16453,0.170115,0.034881,0.794974
match_158,match,0.358992,0.207801,0.275837,0.163216,0.168744,0.037976,0.793969
match_684,match,0.358372,0.207857,0.275589,0.153896,0.161026,0.080702,0.790655
match_140,match,0.357936,0.207893,0.275413,0.154603,0.161819,0.077691,0.790361
match_840,match,0.356774,0.207191,0.274503,0.161112,0.166516,0.042939,0.795849
match_819,match,0.356603,0.206981,0.274311,0.155188,0.162475,0.06973,0.78945
match_932,match,0.356858,0.20676,0.274304,0.153627,0.160772,0.075126,0.790549
match_886,match,0.356441,0.206989,0.274243,0.153174,0.160323,0.078653,0.790545
match_467,match,0.356002,0.206644,0.273855,0.161932,0.167421,0.036829,0.793847
match_745,match,0.356212,0.206461,0.273849,0.154717,0.162035,0.06826,0.789999
match_668,match,0.356069,0.206495,0.273803,0.155515,0.163117,0.065944,0.787344
match_822,match,0.355931,0.206275,0.27362,0.153372,0.160529,0.073405,0.790314
match_777,match,0.35536,0.206661,0.273576,0.162118,0.167662,0.036206,0.793488
match_733,match,0.355474,0.206166,0.273355,0.154627,0.161942,0.06728,0.789291
match_758,match,0.355282,0.206147,0.273257,0.154093,0.161357,0.069704,0.789315
match_805,match,0.354602,0.206093,0.272922,0.159852,0.165271,0.041973,0.795697
match_916,match,0.354461,0.205816,0.272706,0.154161,0.161392,0.067373,0.789329
team:Senegal,team,0.346907,0.21124,0.27229,0.16076,0.164914,0.028186,0.866041
match_687,match,0.353989,0.20536,0.272243,0.153254,0.160504,0.068739,0.78924
match_785,match,0.353845,0.205259,0.272123,0.153117,0.16037,0.068741,0.789233
match_731,match,0.352076,0.204411,0.27086,0.152077,0.159441,0.068632,0.788308
team:Serbia,team,0.337229,0.213163,0.268992,0.144389,0.150588,0.115974,0.860237
match_695,match,0.352749,0.200458,0.268989,0.151411,0.159089,0.063044,0.76177
match_119,match,0.352283,0.200108,0.268587,0.150816,0.158456,0.063406,0.762195
match_722,match,0.351015,0.199381,0.267617,0.152938,0.161127,0.050286,0.758685
team:Jamaica,team,0.344176,0.201287,0.265587,0.144985,0.150999,0.068082,0.814207
match_663,match,0.343486,0.200609,0.264903,0.147749,0.155504,0.066704,0.784303
match_62,match,0.342204,0.201129,0.264613,0.146257,0.153746,0.0767,0.785304
match_369,match,0.341042,0.200352,0.263662,0.145667,0.153103,0.074607,0.78539
match_198,match,0.340802,0.198868,0.262739,0.145624,0.153031,0.065585,0.78539
team:Togo,team,0.340594,0.19871,0.262558,0.142873,0.149219,0.063953,0.809752
match_704,match,0.339267,0.198148,0.261652,0.144493,0.151862,0.066381,0.785392
match_562,match,0.337616,0.197982,0.260818,0.143931,0.151286,0.068116,0.785155
match_920,match,0.337649,0.197563,0.260601,0.143374,0.150678,0.068076,0.785292
match_712,match,0.337628,0.19756,0.26059,0.143363,0.150673,0.068096,0.785292
match_892,match,0.33694,0.197185,0.260075,0.143488,0.150815,0.065236,0.785148
match_721,match,0.335847,0.197011,0.259487,0.144729,0.152258,0.058629,0.784231
match_793,match,0.334389,0.196292,0.258435,0.144648,0.152142,0.054734,0.783966
match_439,match,0.333336,0.195805,0.257694,0.142734,0.150099,0.060291,0.784731
team:Slovenia,team,0.330915,0.197334,0.257446,0.138395,0.144627,0.074059,0.813273
team:Norway,team,0.325027,0.198559,0.25547,0.13722,0.143843,0.069346,0.840659
team:Iraq,team,0.329557,0.19442,0.255232,0.138599,0.145547,0.057828,0.806591
team:Qatar,team,0.327839,0.195217,0.254897,0.136205,0.142516,0.067947,0.817869
team:Ghana,team,0.31863,0.200473,0.253644,0.133651,0.140132,0.099881,0.837763
team:New Zealand,team,0.322253,0.194194,0.25182,0.135471,0.142042,0.068813,0.81095
team:Austria,team,0.298829,0.204044,0.246697,0.129665,0.135901,0.127395,0.859625
match_655,match,0.320635,0.185425,0.246269,0.133715,0.141588,0.056943,0.751603
match_479,match,0.320631,0.185385,0.246246,0.133192,0.140801,0.05846,0.753394
match_597,match,0.319197,0.184737,0.245244,0.13188,0.139413,0.060482,0.753593
match_804,match,0.318725,0.18458,0.244946,0.131662,0.139175,0.060552,0.753586
team:Ecuador,team,0.306354,0.194299,0.244723,0.128946,0.135509,0.080293,0.841944
team:Ivory Coast,team,0.304505,0.190132,0.2416,0.126816,0.13304,0.067736,0.83708
team:Haiti,team,0.30736,0.187637,0.241512,0.125467,0.132032,0.065351,0.824965
team:Portugal,team,0.285682,0.202989,0.2402,0.123861,0.130395,0.150264,0.854595
team:United States,team,0.278874,0.205938,0.238759,0.12116,0.127831,0.181739,0.853339
team:Cuba,team,0.305215,0.181637,0.237247,0.124466,0.131534,0.06228,0.775883
team:Australia,team,0.286002,0.192026,0.234315,0.119713,0.125792,0.103822,0.851244
team:Slovakia,team,0.30012,0.179344,0.233693,0.122993,0.129407,0.040966,0.799786
team:Trinidad and Tobago,team,0.295897,0.176997,0.230502,0.119084,0.125868,0.049372,0.790755
team:Colombia,team,0.279822,0.189552,0.230174,0.116579,0.1227,0.104375,0.848699
team:Czech Republic,team,0.278126,0.169536,0.218401,0.109372,0.115923,0.049962,0.787724
Brazil,Brazil,0.016077,0.019919,0.01819,0.016409,0.032811,0.000972,0.030278
Switzerland,Switzerland,0.015314,0.01979,0.017776,0.017615,0.031586,0.000834,0.027097
Germany,Germany,0.015405,0.019271,0.017531,0.015088,0.032649,0.000982,0.030312
Netherlands,Netherlands,0.015031,0.019513,0.017496,0.016451,0.032478,0.00085,0.027158
Brazil team_attack_unit,player,0.020249,0.015031,0.017379,0.012096,0.024099,0.000423,0.02652
Brazil team_midfield_unit,player,0.020249,0.014891,0.017302,0.011943,0.023848,0.000423,0.02652
Sweden,Sweden,0.01496,0.018971,0.017166,0.015821,0.031594,0.000841,0.027122
Germany team_defense_unit,player,0.019659,0.01501,0.017102,0.011597,0.024832,0.000428,0.026537
Switzerland team_defense_unit,player,0.019901,0.01467,0.017024,0.012712,0.022824,0.000362,0.023742
Russia,Russia,0.014852,0.018621,0.016925,0.014953,0.031749,0.000853,0.027168
Czechoslovakia,Czechoslovakia,0.014591,0.018685,0.016843,0.014479,0.03158,0.00097,0.030271
Denmark,Denmark,0.014637,0.018484,0.016753,0.014097,0.031481,0.000975,0.030287
Switzerland team_midfield_unit,player,0.019901,0.014,0.016655,0.01195,0.021681,0.000362,0.023742
Netherlands team_defense_unit,player,0.01974,0.014053,0.016612,0.01144,0.022692,0.00037,0.023773
England,England,0.014467,0.018354,0.016605,0.014129,0.032145,0.000855,0.027176
Saudi Arabia,Saudi Arabia,0.01432,0.018425,0.016578,0.015101,0.030825,0.000844,0.027132
Sweden team_attack_unit,player,0.019235,0.014347,0.016547,0.011701,0.023326,0.000365,0.023755
Senegal,Senegal,0.014468,0.01822,0.016531,0.014218,0.031516,0.000855,0.027178
Colombia,Colombia,0.014584,0.018116,0.016527,0.013903,0.031676,0.000849,0.027155
Russia team_defense_unit,player,0.018976,0.014376,0.016446,0.011361,0.023974,0.000371,0.023778
Hungary,Hungary,0.014465,0.017901,0.016355,0.012955,0.031266,0.000979,0.030301
Spain,Spain,0.014148,0.018146,0.016347,0.014272,0.031171,0.000852,0.027163
Mexico,Mexico,0.014225,0.017922,0.016258,0.013421,0.031758,0.000857,0.027186
Denmark team_defense_unit,player,0.018855,0.014034,0.016204,0.01044,0.023256,0.000425,0.026524
Netherlands team_attack_unit,player,0.01974,0.013259,0.016175,0.010579,0.021271,0.00037,0.023773
Netherlands team_midfield_unit,player,0.01974,0.013234,0.016162,0.01055,0.021229,0.00037,0.023773
Colombia team_midfield_unit,player,0.01855,0.014128,0.016118,0.010696,0.024182,0.000369,0.023771
Sweden team_defense_unit,player,0.019235,0.013483,0.016071,0.010772,0.021765,0.000365,0.023755
Germany team_attack_unit,player,0.019659,0.01313,0.016068,0.009655,0.021307,0.000428,0.026537
England team_defense_unit,player,0.01876,0.013864,0.016067,0.01044,0.023658,0.000372,0.023782
Uruguay,Uruguay,0.014072,0.01763,0.016029,0.012856,0.031637,0.000861,0.027198
United States,United States,0.014017,0.017672,0.016027,0.013234,0.031186,0.000851,0.02716
Adidas,Adidas,0.016603,0.015526,0.01601,0.007865,0.025804,0.004357,0.039856
Argentina,Argentina,0.013944,0.017614,0.015962,0.013232,0.030967,0.000858,0.027188
Austria,Austria,0.013947,0.017576,0.015943,0.012726,0.031659,0.000861,0.0272
Coca-Cola,Coca-Cola,0.016299,0.015624,0.015928,0.007672,0.026462,0.004362,0.039872
Saudi Arabia team_attack_unit,player,0.018671,0.013511,0.015833,0.0107,0.02198,0.000366,0.02376
Switzerland team_attack_unit,player,0.019901,0.012483,0.015821,0.01023,0.019089,0.000362,0.023742
Portugal,Portugal,0.01396,0.017315,0.015805,0.01232,0.031385,0.000866,0.027218
Yugoslavia,Yugoslavia,0.013706,0.017509,0.015798,0.013373,0.030378,0.000851,0.027159
Senegal team_defense_unit,player,0.018598,0.013493,0.015791,0.010213,0.022706,0.000372,0.023783
Mexico team_defense_unit,player,0.018368,0.013679,0.015789,0.010043,0.023645,0.000373,0.023787
Paraguay,Paraguay,0.013742,0.017448,0.01578,0.013154,0.030525,0.000848,0.027148
Czechoslovakia team_defense_unit,player,0.019009,0.013135,0.015779,0.009648,0.02135,0.000422,0.026516
Czechoslovakia team_attack_unit,player,0.019009,0.013098,0.015758,0.009609,0.02128,0.000422,0.026516
Russia team_midfield_unit,player,0.018976,0.013036,0.015709,0.009967,0.02148,0.000371,0.023778
Hungary team_attack_unit,player,0.018372,0.013527,0.015707,0.009511,0.022967,0.000427,0.026531
Senegal team_attack_unit,player,0.018598,0.013237,0.01565,0.009953,0.022218,0.000372,0.023783
Czechoslovakia team_midfield_unit,player,0.019009,0.012885,0.015641,0.009393,0.020876,0.000422,0.026516
Uruguay team_defense_unit,player,0.018116,0.013525,0.015591,0.00968,0.023691,0.000375,0.023793
Spain team_defense_unit,player,0.018468,0.013142,0.015538,0.009945,0.021894,0.00037,0.023776
Portugal team_defense_unit,player,0.017838,0.013487,0.015445,0.009452,0.023921,0.000377,0.023803
Germany team_midfield_unit,player,0.019659,0.011954,0.015421,0.008439,0.019106,0.000428,0.026537
Hungary team_defense_unit,player,0.018372,0.012984,0.015409,0.008984,0.021894,0.000427,0.026531
Brazil team_defense_unit,player,0.020249,0.011413,0.015389,0.008207,0.017563,0.000423,0.02652
South Korea,South Korea,0.013666,0.016732,0.015352,0.011209,0.031111,0.000874,0.027248
Japan,Japan,0.014175,0.016312,0.01535,0.009667,0.030928,0.001016,0.030427
Austria team_attack_unit,player,0.018061,0.013116,0.015341,0.009228,0.022969,0.000375,0.023794
Argentina team_midfield_unit,player,0.018024,0.013055,0.015291,0.009495,0.022316,0.000374,0.023788
Denmark team_midfield_unit,player,0.018855,0.01237,0.015288,0.008747,0.020093,0.000425,0.026524
Australia,Australia,0.013503,0.016735,0.015281,0.011442,0.030764,0.000862,0.027203
Colombia team_defense_unit,player,0.01855,0.012592,0.015273,0.009156,0.021228,0.000369,0.023771
Saudi Arabia team_defense_unit,player,0.018671,0.012471,0.015261,0.009593,0.020085,0.000366,0.02376
Saudi Arabia team_midfield_unit,player,0.018671,0.012464,0.015257,0.009586,0.020071,0.000366,0.02376
United States team_defense_unit,player,0.018095,0.0129,0.015238,0.009306,0.02208,0.00037,0.023774
Japan team_attack_unit,player,0.017101,0.013712,0.015237,0.008185,0.025773,0.000445,0.026594
Denmark team_attack_unit,player,0.018855,0.012246,0.01522,0.008622,0.019856,0.000425,0.026524
Budweiser,Budweiser,0.016314,0.014316,0.015215,0.007647,0.02392,0.003429,0.035523
United States team_attack_unit,player,0.018095,0.012834,0.015202,0.00924,0.021954,0.00037,0.023774
Poland,Poland,0.01348,0.016594,0.015193,0.010431,0.030687,0.001013,0.030415
England team_attack_unit,player,0.01876,0.012258,0.015184,0.008823,0.020579,0.000372,0.023782
Qatar Airways,Qatar Airways,0.016253,0.014198,0.015123,0.007711,0.023399,0.003426,0.035513
Spain team_attack_unit,player,0.018468,0.01237,0.015114,0.009149,0.020445,0.00037,0.023776
Spain team_midfield_unit,player,0.018468,0.012332,0.015093,0.00911,0.020375,0.00037,0.023776
England team_midfield_unit,player,0.01876,0.012062,0.015076,0.008626,0.020203,0.000372,0.023782
Hyundai,Hyundai,0.016109,0.014181,0.015049,0.007463,0.023742,0.003428,0.035521
Sweden team_midfield_unit,player,0.019235,0.011616,0.015044,0.008764,0.018393,0.000365,0.023755
South Korea team_attack_unit,player,0.017337,0.013142,0.01503,0.008692,0.023933,0.000381,0.023818
Mengniu,Mengniu,0.016068,0.014178,0.015029,0.007204,0.024152,0.00343,0.035527
Hisense,Hisense,0.015821,0.01435,0.015012,0.007111,0.024911,0.003434,0.035544
Bulgaria,Bulgaria,0.013467,0.016242,0.014993,0.010655,0.030287,0.000865,0.027213
Italy,Italy,0.013143,0.016476,0.014976,0.011109,0.030346,0.000882,0.027281
Visa,Visa,0.016057,0.01409,0.014975,0.007365,0.02358,0.003427,0.035515
McDonald's,McDonald's,0.015736,0.014342,0.014969,0.006899,0.025227,0.003436,0.035551
Paraguay team_midfield_unit,player,0.01783,0.012625,0.014968,0.009123,0.021405,0.000368,0.023768
Argentina team_defense_unit,player,0.018024,0.012455,0.014961,0.008904,0.021146,0.000374,0.023788
Yugoslavia team_defense_unit,player,0.017859,0.012548,0.014938,0.009156,0.02107,0.00037,0.023773
Iran,Iran,0.013274,0.016239,0.014905,0.010074,0.03004,0.000993,0.030348
Ukraine,Ukraine,0.013355,0.016146,0.01489,0.010519,0.030146,0.000877,0.027262
Paraguay team_defense_unit,player,0.01783,0.012453,0.014873,0.008951,0.02107,0.000368,0.023768
Vivo,Vivo,0.015687,0.014197,0.014867,0.006862,0.024773,0.003434,0.035543
Australia team_defense_unit,player,0.017282,0.012848,0.014843,0.008592,0.023057,0.000375,0.023795
Mexico team_attack_unit,player,0.018368,0.011945,0.014836,0.008336,0.020259,0.000373,0.023787
Tunisia,Tunisia,0.013114,0.016244,0.014836,0.009983,0.030185,0.001006,0.030393
Romania,Romania,0.013029,0.016292,0.014824,0.010943,0.029969,0.000878,0.027265
Bulgaria team_midfield_unit,player,0.016862,0.013105,0.014796,0.008542,0.024054,0.000377,0.023801
Austria team_defense_unit,player,0.018061,0.012112,0.014789,0.008268,0.020963,0.000375,0.023794
Yugoslavia team_midfield_unit,player,0.017859,0.012175,0.014733,0.008778,0.020359,0.00037,0.023773
Russia team_attack_unit,player,0.018976,0.011251,0.014727,0.008104,0.018163,0.000371,0.023778
Mexico team_midfield_unit,player,0.018368,0.011687,0.014693,0.00808,0.019757,0.000373,0.023787
Uruguay team_attack_unit,player,0.018116,0.011766,0.014624,0.007985,0.020194,0.000375,0.023793
Greece,Greece,0.012972,0.015924,0.014596,0.010328,0.029686,0.000866,0.02722
Yugoslavia team_attack_unit,player,0.017859,0.011885,0.014573,0.008487,0.019802,0.00037,0.023773
Poland team_defense_unit,player,0.017206,0.012328,0.014523,0.007446,0.022046,0.000444,0.026588
Senegal team_midfield_unit,player,0.018598,0.011157,0.014505,0.007831,0.018275,0.000372,0.023783
Ukraine team_attack_unit,player,0.016761,0.012601,0.014473,0.008057,0.023039,0.000383,0.023825
Uruguay team_midfield_unit,player,0.018116,0.011422,0.014435,0.007652,0.019511,0.000375,0.023793
Austria team_midfield_unit,player,0.018061,0.011402,0.014398,0.007589,0.019542,0.000375,0.023794
Nigeria,Nigeria,0.013106,0.015452,0.014396,0.008346,0.029978,0.001043,0.030519
Portugal team_midfield_unit,player,0.017838,0.011542,0.014375,0.007616,0.019992,0.000377,0.023803
Colombia team_attack_unit,player,0.01855,0.010951,0.014371,0.007506,0.018079,0.000369,0.023771
France,France,0.012624,0.015685,0.014308,0.009847,0.029564,0.000897,0.027338
Paraguay team_attack_unit,player,0.01783,0.01141,0.014299,0.007913,0.01905,0.000368,0.023768
Iran team_attack_unit,player,0.016848,0.012197,0.01429,0.007286,0.021861,0.000434,0.026555
Argentina team_attack_unit,player,0.018024,0.011215,0.014279,0.007674,0.018735,0.000374,0.023788
Hungary team_midfield_unit,player,0.018372,0.010922,0.014274,0.006977,0.017825,0.000427,0.026531
United States team_midfield_unit,player,0.018095,0.011133,0.014266,0.007561,0.018638,0.00037,0.023774
Cameroon,Cameroon,0.012793,0.015438,0.014248,0.009286,0.029643,0.000877,0.02726
Italy team_midfield_unit,player,0.017006,0.011982,0.014243,0.007734,0.021354,0.000386,0.023835
Greece team_midfield_unit,player,0.0165,0.012347,0.014216,0.007832,0.022513,0.000378,0.023804
Poland team_midfield_unit,player,0.017206,0.011764,0.014213,0.006957,0.020833,0.000444,0.026588
Northern Ireland,Northern Ireland,0.012808,0.015357,0.01421,0.008889,0.029991,0.000885,0.027292
Peru,Peru,0.01253,0.01556,0.014197,0.009562,0.029611,0.000885,0.02729
Serbia,Serbia,0.01265,0.015403,0.014164,0.008985,0.029996,0.000884,0.027289
Portugal team_attack_unit,player,0.017838,0.011012,0.014084,0.007118,0.018919,0.000377,0.023803
Australia team_midfield_unit,player,0.017282,0.011426,0.014061,0.007291,0.020116,0.000375,0.023795
Romania team_attack_unit,player,0.016814,0.011747,0.014027,0.007512,0.020882,0.000384,0.023827
Ivory Coast,Ivory Coast,0.012563,0.015221,0.014025,0.008617,0.029951,0.000885,0.027293
Italy team_defense_unit,player,0.017006,0.011581,0.014022,0.007371,0.020518,0.000386,0.023835
Nigeria team_midfield_unit,player,0.016225,0.012183,0.014002,0.006449,0.023139,0.000459,0.02664
Ecuador,Ecuador,0.012564,0.015176,0.014001,0.008466,0.030012,0.000898,0.027343
Iran team_midfield_unit,player,0.016848,0.011642,0.013984,0.006807,0.020663,0.000434,0.026555
Romania team_midfield_unit,player,0.016814,0.01166,0.013979,0.007435,0.020701,0.000384,0.023827
Belgium,Belgium,0.012397,0.015269,0.013976,0.009106,0.02931,0.00089,0.02731
Tunisia team_attack_unit,player,0.016846,0.0116,0.013961,0.006713,0.020657,0.00044,0.026577
South Korea team_midfield_unit,player,0.017337,0.011152,0.013935,0.006901,0.019766,0.000381,0.023818
Tunisia team_midfield_unit,player,0.016846,0.011523,0.013919,0.006647,0.02049,0.00044,0.026577
Cameroon team_attack_unit,player,0.016106,0.012128,0.013918,0.00716,0.022824,0.000383,0.023824
Northern Ireland team_attack_unit,player,0.016081,0.012015,0.013844,0.006821,0.022967,0.000387,0.02384
Chile,Chile,0.012452,0.014961,0.013832,0.00822,0.02963,0.000908,0.02738
Ukraine team_defense_unit,player,0.016761,0.011386,0.013805,0.006985,0.020461,0.000383,0.023825
Czech Republic,Czech Republic,0.012236,0.014945,0.013726,0.008397,0.029325,0.000886,0.027295
Ghana,Ghana,0.012389,0.014756,0.013691,0.007812,0.029568,0.000909,0.027383
Australia team_attack_unit,player,0.017282,0.010671,0.013646,0.006599,0.018556,0.000375,0.023795
Tunisia team_defense_unit,player,0.016846,0.011028,0.013646,0.006223,0.019417,0.00044,0.026577
Serbia team_attack_unit,player,0.016097,0.011637,0.013644,0.006568,0.022036,0.000387,0.023838
Poland team_attack_unit,player,0.017206,0.010683,0.013618,0.006017,0.01852,0.000444,0.026588
Italy team_attack_unit,player,0.017006,0.010822,0.013605,0.006679,0.018943,0.000386,0.023835
South Korea team_defense_unit,player,0.017337,0.010542,0.0136,0.006355,0.018484,0.000381,0.023818
Ecuador team_attack_unit,player,0.015914,0.011696,0.013594,0.00636,0.022576,0.000394,0.023865
Costa Rica,Costa Rica,0.012107,0.01477,0.013572,0.008284,0.028873,0.000894,0.027324
Scotland,Scotland,0.012327,0.014586,0.013569,0.007199,0.028748,0.001057,0.030564
South Africa,South Africa,0.012138,0.014704,0.013549,0.008131,0.028897,0.000889,0.027306
France team_midfield_unit,player,0.016264,0.011224,0.013492,0.006662,0.020394,0.000393,0.023863
Morocco,Morocco,0.012126,0.014577,0.013474,0.007213,0.028721,0.001039,0.030504
Slovenia,Slovenia,0.012011,0.014652,0.013464,0.007873,0.029143,0.000885,0.02729
France team_attack_unit,player,0.016264,0.011127,0.013438,0.006578,0.020185,0.000393,0.023863
Chile team_attack_unit,player,0.015701,0.01158,0.013434,0.006203,0.022409,0.000399,0.023884
Romania team_defense_unit,player,0.016814,0.010636,0.013416,0.006505,0.018569,0.000384,0.023827
Ivory Coast team_midfield_unit,player,0.015942,0.011346,0.013414,0.006175,0.021641,0.000387,0.02384
Peru team_defense_unit,player,0.016158,0.011149,0.013403,0.006477,0.020441,0.000387,0.023839
Bosnia and Herzegovina,Bosnia and Herzegovina,0.012085,0.014458,0.01339,0.007641,0.028804,0.000897,0.027339
Japan team_defense_unit,player,0.017101,0.010291,0.013355,0.005378,0.018165,0.000445,0.026594
Slovakia,Slovakia,0.011979,0.014457,0.013342,0.007416,0.029159,0.000904,0.027363
Bulgaria team_attack_unit,player,0.016862,0.01041,0.013314,0.006162,0.018341,0.000377,0.023801
Belgium team_midfield_unit,player,0.015897,0.01119,0.013308,0.006361,0.020773,0.000389,0.023849
Ghana team_attack_unit,player,0.015533,0.011486,0.013307,0.005936,0.022512,0.000399,0.023885
Bulgaria team_defense_unit,player,0.016862,0.01037,0.013291,0.006124,0.018257,0.000377,0.023801
Greece team_attack_unit,player,0.0165,0.010597,0.013253,0.006292,0.018792,0.000378,0.023804
Iran team_defense_unit,player,0.016848,0.010304,0.013249,0.005654,0.017778,0.000434,0.026555
Turkey,Turkey,0.011924,0.014326,0.013245,0.007479,0.028557,0.00092,0.027425
Peru team_attack_unit,player,0.016158,0.010848,0.013238,0.006223,0.019786,0.000387,0.023839
Ivory Coast team_defense_unit,player,0.015942,0.010968,0.013206,0.005879,0.020777,0.000387,0.02384
Serbia team_midfield_unit,player,0.016097,0.010821,0.013195,0.005913,0.020196,0.000387,0.023838
Japan team_midfield_unit,player,0.017101,0.009966,0.013177,0.005113,0.01744,0.000445,0.026594
Nigeria team_attack_unit,player,0.016225,0.010637,0.013152,0.005269,0.019558,0.000459,0.02664
Norway,Norway,0.012296,0.013852,0.013152,0.006174,0.028958,0.000945,0.027523
Greece team_defense_unit,player,0.0165,0.010387,0.013138,0.006107,0.018346,0.000378,0.023804
Scotland team_attack_unit,player,0.015349,0.011263,0.013102,0.005361,0.021629,0.000466,0.026663
Peru team_midfield_unit,player,0.016158,0.010582,0.013092,0.006001,0.019201,0.000387,0.023839
Belgium team_attack_unit,player,0.015897,0.010745,0.013064,0.005997,0.019784,0.000389,0.023849
Algeria,Algeria,0.011692,0.014174,0.013057,0.007292,0.028346,0.000907,0.027376
Northern Ireland team_midfield_unit,player,0.016081,0.010573,0.013052,0.005673,0.019707,0.000387,0.02384
France team_defense_unit,player,0.016264,0.010414,0.013046,0.005969,0.018638,0.000393,0.023863
Czech Republic team_attack_unit,player,0.015629,0.010887,0.013021,0.005803,0.020615,0.000387,0.023841
El Salvador,El Salvador,0.011903,0.013891,0.012996,0.006675,0.028332,0.000916,0.02741
Cameroon team_midfield_unit,player,0.016106,0.010443,0.012991,0.005771,0.019089,0.000383,0.023824
Costa Rica team_defense_unit,player,0.015441,0.010951,0.012971,0.005863,0.020735,0.000391,0.023856
Czech Republic team_defense_unit,player,0.015629,0.010741,0.012941,0.005688,0.02028,0.000387,0.023841
South Africa team_midfield_unit,player,0.015395,0.010865,0.012904,0.005721,0.020668,0.000389,0.023847
German DR,German DR,0.011891,0.013672,0.01287,0.006345,0.028048,0.000938,0.027495
Norway team_midfield_unit,player,0.014769,0.011303,0.012862,0.00498,0.023392,0.000417,0.023955
Ukraine team_midfield_unit,player,0.016761,0.009658,0.012854,0.005467,0.016783,0.000383,0.023825
Bolivia,Bolivia,0.011713,0.013741,0.012828,0.006358,0.028298,0.000925,0.027444
Slovenia team_midfield_unit,player,0.015366,0.010663,0.012779,0.005424,0.020434,0.000387,0.023839
South Africa team_defense_unit,player,0.015395,0.010619,0.012768,0.005533,0.020097,0.000389,0.023847
Turkey team_midfield_unit,player,0.015046,0.010874,0.012751,0.005457,0.021102,0.000404,0.023906
Republic of Ireland,Republic of Ireland,0.011684,0.01358,0.012727,0.006095,0.028136,0.000936,0.027486
Morocco team_defense_unit,player,0.015317,0.010582,0.012713,0.004898,0.019973,0.000457,0.026633
Bosnia and Herzegovina team_defense_unit,player,0.015187,0.01068,0.012708,0.005358,0.020591,0.000393,0.023863
Slovakia team_defense_unit,player,0.015213,0.010621,0.012688,0.005172,0.020683,0.000396,0.023875
Bosnia and Herzegovina team_attack_unit,player,0.015187,0.010628,0.012679,0.005321,0.020466,0.000393,0.023863
Belgium team_defense_unit,player,0.015897,0.010042,0.012677,0.005418,0.018223,0.000389,0.023849
North Korea,North Korea,0.011566,0.013582,0.012675,0.00579,0.027414,0.001091,0.030679
Ecuador team_midfield_unit,player,0.015914,0.010021,0.012673,0.005067,0.018716,0.000394,0.023865
El Salvador team_attack_unit,player,0.014685,0.01101,0.012664,0.005159,0.02208,0.000402,0.023899
Ecuador team_defense_unit,player,0.015914,0.009986,0.012654,0.005042,0.018632,0.000394,0.023865
Honduras,Honduras,0.011526,0.013557,0.012643,0.006273,0.027816,0.000908,0.027379
Costa Rica team_attack_unit,player,0.015441,0.010325,0.012627,0.005375,0.0193,0.000391,0.023856
Serbia team_defense_unit,player,0.016097,0.00977,0.012617,0.005072,0.017827,0.000387,0.023838
Slovenia team_defense_unit,player,0.015366,0.010342,0.012603,0.005185,0.019682,0.000387,0.023839
Cameroon team_defense_unit,player,0.016106,0.009722,0.012595,0.005178,0.017487,0.000383,0.023824
Morocco team_midfield_unit,player,0.015317,0.010349,0.012585,0.004732,0.019415,0.000457,0.026633
German DR team_attack_unit,player,0.014492,0.011017,0.012581,0.005012,0.022325,0.000413,0.023941
Nigeria team_defense_unit,player,0.016225,0.009514,0.012534,0.004412,0.016952,0.000459,0.02664
Ghana team_defense_unit,player,0.015533,0.010058,0.012522,0.004884,0.01914,0.000399,0.023885
Chile team_defense_unit,player,0.015701,0.009902,0.012512,0.004923,0.018521,0.000399,0.023884
Slovakia team_attack_unit,player,0.015213,0.010273,0.012496,0.004923,0.019847,0.000396,0.023875
Wales,Wales,0.011473,0.013271,0.012462,0.005263,0.027128,0.001115,0.03076
Northern Ireland team_defense_unit,player,0.016081,0.009496,0.012459,0.004815,0.017268,0.000387,0.02384
Chile team_midfield_unit,player,0.015701,0.009747,0.012426,0.004806,0.018159,0.000399,0.023884
Ivory Coast team_attack_unit,player,0.015942,0.00954,0.012421,0.00476,0.017517,0.000387,0.02384
Bolivia team_attack_unit,player,0.014551,0.010619,0.012389,0.004742,0.021361,0.000407,0.023916
Czech Republic team_midfield_unit,player,0.015629,0.00972,0.012379,0.004892,0.017939,0.000387,0.023841
Qatar,Qatar,0.01137,0.013177,0.012364,0.005499,0.027664,0.000943,0.027512
Republic of Ireland team_midfield_unit,player,0.014408,0.010624,0.012327,0.004618,0.021572,0.000412,0.023937
Scotland team_midfield_unit,player,0.015349,0.009837,0.012318,0.004348,0.018201,0.000466,0.026663
Slovenia team_attack_unit,player,0.015366,0.009792,0.0123,0.00477,0.0184,0.000387,0.023839
Morocco team_attack_unit,player,0.015317,0.009821,0.012294,0.004355,0.018147,0.000457,0.026633
Costa Rica team_midfield_unit,player,0.015441,0.009703,0.012285,0.004888,0.017879,0.000391,0.023856
Algeria team_defense_unit,player,0.014878,0.010134,0.012269,0.00486,0.019451,0.000398,0.023882
Jamaica,Jamaica,0.011268,0.013054,0.012251,0.005343,0.027472,0.000947,0.027529
Honduras team_defense_unit,player,0.014343,0.010537,0.01225,0.004705,0.021145,0.000398,0.023884
Algeria team_attack_unit,player,0.014878,0.010069,0.012233,0.004813,0.019298,0.000398,0.023882
Scotland team_defense_unit,player,0.015349,0.009553,0.012162,0.004147,0.017518,0.000466,0.026663
Iceland,Iceland,0.011118,0.012968,0.012136,0.005479,0.026945,0.000945,0.02752
China,China,0.011529,0.012596,0.012116,0.004296,0.026231,0.001156,0.030901
Angola,Angola,0.011252,0.012777,0.012091,0.004602,0.026403,0.00114,0.030845
Ghana team_midfield_unit,player,0.015533,0.009266,0.012086,0.004299,0.017273,0.000399,0.023885
South Africa team_attack_unit,player,0.015395,0.009363,0.012077,0.004566,0.017198,0.000389,0.023847
Turkey team_defense_unit,player,0.015046,0.009614,0.012058,0.004533,0.01812,0.000404,0.023906
Slovakia team_midfield_unit,player,0.015213,0.009409,0.012021,0.004301,0.017785,0.000396,0.023875
Egypt,Egypt,0.010947,0.012868,0.012003,0.005391,0.026717,0.000952,0.027548
Cuba,Cuba,0.010944,0.012866,0.012001,0.00525,0.02694,0.000953,0.027552
Turkey team_attack_unit,player,0.015046,0.009472,0.01198,0.004428,0.017785,0.000404,0.023906
North Korea team_attack_unit,player,0.014358,0.010023,0.011974,0.003974,0.019449,0.000482,0.02672
Canada,Canada,0.010858,0.012857,0.011958,0.005448,0.026622,0.000934,0.027479
Algeria team_midfield_unit,player,0.014878,0.009548,0.011946,0.004434,0.018058,0.000398,0.023882
Kuwait,Kuwait,0.01089,0.012778,0.011929,0.005069,0.026965,0.000932,0.027473
Croatia,Croatia,0.010904,0.012755,0.011922,0.005121,0.026705,0.000978,0.027649
Qatar team_midfield_unit,player,0.014018,0.010087,0.011856,0.004017,0.020633,0.000416,0.02395
Jamaica team_attack_unit,player,0.013892,0.010082,0.011797,0.003949,0.020726,0.000418,0.023958
Bosnia and Herzegovina team_midfield_unit,player,0.015187,0.008989,0.011778,0.004109,0.016606,0.000393,0.023863
Wales team_midfield_unit,player,0.01408,0.009877,0.011768,0.003641,0.019451,0.000494,0.026761
Bolivia team_defense_unit,player,0.014551,0.009426,0.011733,0.003956,0.018393,0.000407,0.023916
Norway team_defense_unit,player,0.014769,0.009219,0.011716,0.003665,0.018111,0.000417,0.023955
El Salvador team_defense_unit,player,0.014685,0.009268,0.011706,0.003977,0.017802,0.000402,0.023899
Trinidad and Tobago,Trinidad and Tobago,0.0108,0.012352,0.011653,0.004537,0.026225,0.000979,0.02765
Iceland team_defense_unit,player,0.013753,0.009897,0.011632,0.003965,0.020039,0.000417,0.023954
China team_midfield_unit,player,0.013468,0.010117,0.011625,0.003281,0.020865,0.000515,0.026831
North Korea team_defense_unit,player,0.014358,0.009381,0.01162,0.003571,0.017818,0.000482,0.02672
United Arab Emirates,United Arab Emirates,0.010861,0.012114,0.01155,0.003915,0.025082,0.001186,0.031002
DR Congo,DR Congo,0.010722,0.012196,0.011533,0.004483,0.025735,0.00099,0.027696
Honduras team_attack_unit,player,0.014343,0.009233,0.011532,0.003845,0.017899,0.000398,0.023884
North Korea team_midfield_unit,player,0.014358,0.009211,0.011527,0.003464,0.017386,0.000482,0.02672
Togo,Togo,0.010695,0.012207,0.011527,0.004339,0.026001,0.000996,0.027719
Republic of Ireland team_defense_unit,player,0.014408,0.009148,0.011515,0.003674,0.017851,0.000412,0.023937
Haiti,Haiti,0.010815,0.012029,0.011482,0.004016,0.025919,0.000983,0.027667
New Zealand,New Zealand,0.010609,0.012131,0.011446,0.00422,0.025921,0.000997,0.027723
El Salvador team_midfield_unit,player,0.014685,0.008781,0.011438,0.003646,0.016604,0.000402,0.023899
Angola team_defense_unit,player,0.013599,0.009609,0.011405,0.0032,0.0192,0.000507,0.026803
Wales team_defense_unit,player,0.01408,0.009208,0.0114,0.003248,0.017709,0.000494,0.026761
Qatar team_defense_unit,player,0.014018,0.00924,0.01139,0.003509,0.018445,0.000416,0.02395
German DR team_defense_unit,player,0.014492,0.008796,0.011359,0.003551,0.016793,0.000413,0.023941
Bolivia team_midfield_unit,player,0.014551,0.008722,0.011345,0.003493,0.016637,0.000407,0.023916
German DR team_midfield_unit,player,0.014492,0.008702,0.011307,0.00349,0.016556,0.000413,0.023941
Egypt team_defense_unit,player,0.01363,0.009387,0.011296,0.003632,0.018756,0.00042,0.023968
Iraq,Iraq,0.010484,0.011956,0.011294,0.00396,0.025748,0.000984,0.027672
Cuba team_attack_unit,player,0.013649,0.009361,0.011291,0.003526,0.01884,0.000421,0.02397
Panama,Panama,0.010594,0.011838,0.011278,0.004109,0.025035,0.001009,0.027768
Indonesia,Indonesia,0.010721,0.011729,0.011275,0.003417,0.024472,0.001216,0.031103
Honduras team_midfield_unit,player,0.014343,0.008718,0.011249,0.003507,0.016617,0.000398,0.023884
Kuwait team_midfield_unit,player,0.013587,0.009334,0.011248,0.003426,0.018926,0.000411,0.023931
Republic of Ireland team_attack_unit,player,0.014408,0.008617,0.011223,0.003335,0.016514,0.000412,0.023937
Wales team_attack_unit,player,0.01408,0.008829,0.011192,0.003027,0.01672,0.000494,0.026761
Norway team_attack_unit,player,0.014769,0.008246,0.011181,0.00305,0.015644,0.000417,0.023955
Canada team_attack_unit,player,0.013603,0.009146,0.011151,0.003528,0.018084,0.000411,0.023934
Egypt team_midfield_unit,player,0.01363,0.00904,0.011106,0.003422,0.017865,0.00042,0.023968
Jamaica team_defense_unit,player,0.013892,0.00877,0.011075,0.003174,0.017312,0.000418,0.023958
Canada team_midfield_unit,player,0.013603,0.009005,0.011074,0.003442,0.017722,0.000411,0.023934
Iceland team_attack_unit,player,0.013753,0.008856,0.01106,0.003331,0.017363,0.000417,0.023954
Kuwait team_defense_unit,player,0.013587,0.008979,0.011053,0.003223,0.017993,0.000411,0.023931
Cuba team_midfield_unit,player,0.013649,0.008928,0.011052,0.003269,0.017712,0.000421,0.02397
Trinidad and Tobago team_defense_unit,player,0.013161,0.009308,0.011042,0.003175,0.019199,0.000434,0.024019
Haiti team_attack_unit,player,0.012883,0.009509,0.011027,0.002996,0.020208,0.000436,0.024027
Canada team_defense_unit,player,0.013603,0.008917,0.011026,0.003387,0.017499,0.000411,0.023934
Croatia team_midfield_unit,player,0.013537,0.008928,0.011002,0.003228,0.017758,0.000434,0.024018
Croatia team_defense_unit,player,0.013537,0.008923,0.010999,0.003225,0.017744,0.000434,0.024018
Angola team_midfield_unit,player,0.013599,0.008854,0.010989,0.002796,0.017166,0.000507,0.026803
Croatia team_attack_unit,player,0.013537,0.008827,0.010947,0.003169,0.017493,0.000434,0.024018
Cuba team_defense_unit,player,0.013649,0.008702,0.010928,0.003136,0.017126,0.000421,0.02397
Jamaica team_midfield_unit,player,0.013892,0.008498,0.010925,0.003014,0.016601,0.000418,0.023958
Qatar team_attack_unit,player,0.014018,0.00827,0.010856,0.002926,0.015937,0.000416,0.02395
Egypt team_attack_unit,player,0.01363,0.008571,0.010847,0.00314,0.016652,0.00042,0.023968
Kuwait team_attack_unit,player,0.013587,0.008602,0.010846,0.003006,0.017003,0.000411,0.023931
Iceland team_midfield_unit,player,0.013753,0.00845,0.010836,0.003085,0.016318,0.000417,0.023954
Togo team_attack_unit,player,0.013021,0.00904,0.010831,0.002952,0.018593,0.000443,0.024054
DR Congo team_defense_unit,player,0.012981,0.008977,0.010779,0.003007,0.018283,0.00044,0.024042
United Arab Emirates team_defense_unit,player,0.012898,0.009,0.010754,0.002605,0.017959,0.00053,0.026882
Angola team_attack_unit,player,0.013599,0.008393,0.010736,0.002549,0.015926,0.000507,0.026803
DR Congo team_midfield_unit,player,0.012981,0.008832,0.010699,0.00293,0.017893,0.00044,0.024042
Panama team_attack_unit,player,0.012609,0.009089,0.010673,0.002904,0.018834,0.000449,0.024078
Trinidad and Tobago team_attack_unit,player,0.013161,0.008615,0.010661,0.002807,0.017332,0.000434,0.024019
China team_defense_unit,player,0.013468,0.008339,0.010647,0.002385,0.015988,0.000515,0.026831
New Zealand team_defense_unit,player,0.012942,0.008746,0.010634,0.002744,0.017884,0.000443,0.024056
Israel,Israel,0.010064,0.010997,0.010577,0.003213,0.023382,0.001071,0.028005
Iraq team_attack_unit,player,0.012779,0.008725,0.01055,0.002616,0.018033,0.000437,0.02403
Togo team_midfield_unit,player,0.013021,0.008517,0.010544,0.00268,0.017172,0.000443,0.024054
New Zealand team_attack_unit,player,0.012942,0.008553,0.010528,0.002646,0.017355,0.000443,0.024056
United Arab Emirates team_midfield_unit,player,0.012898,0.008384,0.010415,0.002309,0.016245,0.00053,0.026882
China team_attack_unit,player,0.013468,0.007902,0.010407,0.002163,0.01479,0.000515,0.026831
Indonesia team_defense_unit,player,0.012519,0.008601,0.010364,0.002187,0.017197,0.000545,0.026932
Iraq team_midfield_unit,player,0.012779,0.008378,0.010359,0.002446,0.017071,0.000437,0.02403
Trinidad and Tobago team_midfield_unit,player,0.013161,0.007928,0.010283,0.00244,0.015479,0.000434,0.024019
New Zealand team_midfield_unit,player,0.012942,0.00808,0.010268,0.002407,0.016059,0.000443,0.024056
Togo team_defense_unit,player,0.013021,0.007969,0.010242,0.002396,0.015681,0.000443,0.024054
United Arab Emirates team_attack_unit,player,0.012898,0.008044,0.010228,0.002147,0.015298,0.00053,0.026882
Haiti team_midfield_unit,player,0.012883,0.008008,0.010202,0.00227,0.016041,0.000436,0.024027
Indonesia team_midfield_unit,player,0.012519,0.00828,0.010188,0.002048,0.016277,0.000545,0.026932
Iraq team_defense_unit,player,0.012779,0.007992,0.010146,0.00226,0.015998,0.000437,0.02403
Panama team_defense_unit,player,0.012609,0.008096,0.010127,0.002407,0.016103,0.000449,0.024078
DR Congo team_attack_unit,player,0.012981,0.007691,0.010071,0.002323,0.014813,0.00044,0.024042
Haiti team_defense_unit,player,0.012883,0.007641,0.01,0.002091,0.015024,0.000436,0.024027
Indonesia team_attack_unit,player,0.012519,0.007706,0.009872,0.0018,0.014633,0.000545,0.026932
Panama team_midfield_unit,player,0.012609,0.007518,0.009809,0.002117,0.014515,0.000449,0.024078
Israel team_defense_unit,player,0.011701,0.008032,0.009683,0.002005,0.016477,0.00048,0.024196
Israel team_attack_unit,player,0.011701,0.007487,0.009383,0.001778,0.014902,0.00048,0.024196
Israel team_midfield_unit,player,0.011701,0.007338,0.009301,0.001717,0.01447,0.00048,0.024196
