match_id,day_offset,team_a,team_b,attention_index,engagement_rate,sentiment_score
1,-7,Belgium,United States,19.64,0.2075,0.163
1,-6,Belgium,United States,15.19,0.2238,0.038
1,-5,Belgium,United States,20.23,0.1861,0.117
1,-4,Belgium,United States,18.79,0.2037,0.148
1,-3,Belgium,United States,19.39,0.2017,0.222
1,-2,Belgium,United States,20.49,0.1919,0.184
1,-1,Belgium,United States,28.24,0.2039,0.196
1,0,Belgium,United States,39.88,0.1959,0.079
1,1,Belgium,United States,26.75,0.2182,0.005
1,2,Belgium,United States,20.9,0.1857,0.222
1,3,Belgium,United States,20.58,0.1982,0.011
2,-7,France,Mexico,17.93,0.2075,0.225
2,-6,France,Mexico,19.85,0.1783,0.184
2,-5,France,Mexico,22.33,0.1852,0.253
2,-4,France,Mexico,26.78,0.1908,0.258
2,-3,France,Mexico,25.52,0.2109,0.349
2,-2,France,Mexico,24.74,0.2063,0.298
2,-1,France,Mexico,28.46,0.1902,0.166
2,0,France,Mexico,48.14,0.1928,0.193
2,1,France,Mexico,34.79,0.1744,0.139
2,2,France,Mexico,30.92,0.2037,0.133
2,3,France,Mexico,27.86,0.213,0.204
3,-7,Brazil,Yugoslavia,13.02,0.3592,0.345
3,-6,Brazil,Yugoslavia,14.65,0.3492,0.3
3,-5,Brazil,Yugoslavia,19.56,0.3277,0.255
3,-4,Brazil,Yugoslavia,17.36,0.3335,0.103
3,-3,Brazil,Yugoslavia,26.9,0.3387,0.247
3,-2,Brazil,Yugoslavia,27.11,0.3506,0.245
3,-1,Brazil,Yugoslavia,29.3,0.3504,0.171
3,0,Brazil,Yugoslavia,39.69,0.3474,0.215
3,1,Brazil,Yugoslavia,29.47,0.3619,0.248
3,2,Brazil,Yugoslavia,22.24,0.3225,0.17
3,3,Brazil,Yugoslavia,18.03,0.3399,0.241
4,-7,Peru,Romania,17.99,0.42,0.066
4,-6,Peru,Romania,25.67,0.42,0.108
4,-5,Peru,Romania,19.23,0.42,0.001
4,-4,Peru,Romania,22.2,0.42,-0.038
4,-3,Peru,Romania,25.78,0.42,-0.075
4,-2,Peru,Romania,22.9,0.42,-0.037
4,-1,Peru,Romania,29.11,0.42,0.072
4,0,Peru,Romania,43.32,0.42,-0.008
4,1,Peru,Romania,32.21,0.42,0.057
4,2,Peru,Romania,31.03,0.42,-0.002
4,3,Peru,Romania,29.52,0.42,0.103
5,-7,Argentina,France,16.72,0.1916,-0.004
5,-6,Argentina,France,11.01,0.1939,0.126
5,-5,Argentina,France,23.73,0.2122,0.124
5,-4,Argentina,France,23.09,0.2178,0.062
5,-3,Argentina,France,18.71,0.2218,0.125
5,-2,Argentina,France,23.2,0.2204,0.06
5,-1,Argentina,France,18.5,0.2261,-0.026
5,0,Argentina,France,38.89,0.2244,-0.016
5,1,Argentina,France,21.94,0.2408,0.058
5,2,Argentina,France,17.32,0.2249,0.01
5,3,Argentina,France,12.85,0.2215,-0.0
6,-7,Chile,Mexico,17.67,0.1244,0.361
6,-6,Chile,Mexico,18.4,0.1031,0.338
6,-5,Chile,Mexico,18.14,0.1512,0.339
6,-4,Chile,Mexico,23.44,0.1257,0.256
6,-3,Chile,Mexico,22.64,0.1299,0.405
6,-2,Chile,Mexico,24.54,0.1195,0.253
6,-1,Chile,Mexico,31.34,0.1322,0.296
6,0,Chile,Mexico,46.37,0.1232,0.155
6,1,Chile,Mexico,24.98,0.1371,0.294
6,2,Chile,Mexico,19.62,0.1464,0.322
6,3,Chile,Mexico,24.1,0.1392,0.22
7,-7,Bolivia,Yugoslavia,18.76,0.285,0.265
7,-6,Bolivia,Yugoslavia,21.51,0.2803,0.063
7,-5,Bolivia,Yugoslavia,20.43,0.2626,0.275
7,-4,Bolivia,Yugoslavia,26.19,0.2627,0.182
7,-3,Bolivia,Yugoslavia,25.19,0.2849,0.068
7,-2,Bolivia,Yugoslavia,19.09,0.2746,0.008
7,-1,Bolivia,Yugoslavia,30.47,0.2812,0.272
7,0,Bolivia,Yugoslavia,43.45,0.276,0.231
7,1,Bolivia,Yugoslavia,25.8,0.2851,0.204
7,2,Bolivia,Yugoslavia,24.71,0.2758,0.175
7,3,Bolivia,Yugoslavia,27.05,0.2698,0.201
8,-7,Paraguay,United States,14.37,0.1505,0.11
8,-6,Paraguay,United States,14.61,0.1714,0.139
8,-5,Paraguay,United States,16.47,0.1644,0.044
8,-4,Paraguay,United States,15.17,0.1546,0.094
8,-3,Paraguay,United States,24.56,0.1636,0.162
8,-2,Paraguay,United States,21.65,0.1573,0.213
8,-1,Paraguay,United States,21.21,0.1564,0.023
8,0,Paraguay,United States,41.98,0.1566,0.14
8,1,Paraguay,United States,28.86,0.1461,0.057
8,2,Paraguay,United States,25.08,0.1707,0.268
8,3,Paraguay,United States,25.19,0.1497,0.091
9,-7,Uruguay,Peru,14.87,0.3121,0.177
9,-6,Uruguay,Peru,7.33,0.3249,0.111
9,-5,Uruguay,Peru,16.1,0.3359,0.056
9,-4,Uruguay,Peru,18.85,0.3278,0.156
9,-3,Uruguay,Peru,13.92,0.3345,0.129
9,-2,Uruguay,Peru,19.74,0.3146,0.117
9,-1,Uruguay,Peru,19.91,0.3203,0.102
9,0,Uruguay,Peru,39.07,0.3245,0.258
9,1,Uruguay,Peru,23.33,0.3087,0.041
9,2,Uruguay,Peru,29.26,0.3262,0.096
9,3,Uruguay,Peru,25.49,0.3346,0.049
10,-7,Argentina,Mexico,20.82,0.1492,0.19
10,-6,Argentina,Mexico,24.83,0.1593,0.169
10,-5,Argentina,Mexico,28.18,0.1648,0.293
10,-4,Argentina,Mexico,29.21,0.1428,0.323
10,-3,Argentina,Mexico,28.11,0.1537,0.267
10,-2,Argentina,Mexico,39.5,0.1438,0.23
10,-1,Argentina,Mexico,35.3,0.156,0.235
10,0,Argentina,Mexico,57.46,0.1416,0.303
10,1,Argentina,Mexico,35.79,0.1386,0.328
10,2,Argentina,Mexico,34.97,0.1623,0.24
10,3,Argentina,Mexico,32.23,0.1527,0.362
11,-7,Chile,France,18.81,0.2582,0.206
11,-6,Chile,France,11.83,0.2535,0.346
11,-5,Chile,France,20.55,0.2446,0.301
11,-4,Chile,France,20.5,0.2462,0.263
11,-3,Chile,France,19.91,0.2349,0.202
11,-2,Chile,France,19.13,0.2252,0.26
11,-1,Chile,France,23.93,0.2535,0.338
11,0,Chile,France,41.36,0.2614,0.197
11,1,Chile,France,19.06,0.2556,0.347
11,2,Chile,France,27.03,0.2502,0.11
11,3,Chile,France,20.85,0.2511,0.338
12,-7,Belgium,Paraguay,19.24,0.2603,-0.031
12,-6,Belgium,Paraguay,11.68,0.2558,-0.045
12,-5,Belgium,Paraguay,21.65,0.2289,0.05
12,-4,Belgium,Paraguay,19.01,0.2469,-0.055
12,-3,Belgium,Paraguay,12.35,0.243,-0.026
12,-2,Belgium,Paraguay,25.48,0.24,0.042
12,-1,Belgium,Paraguay,19.55,0.2552,-0.147
12,0,Belgium,Paraguay,44.05,0.2477,-0.186
12,1,Belgium,Paraguay,21.56,0.2389,-0.036
12,2,Belgium,Paraguay,20.31,0.2414,-0.047
12,3,Belgium,Paraguay,15.51,0.2593,0.094
13,-7,Bolivia,Brazil,16.81,0.42,0.241
13,-6,Bolivia,Brazil,19.24,0.42,0.305
13,-5,Bolivia,Brazil,21.87,0.42,0.246
13,-4,Bolivia,Brazil,26.41,0.42,0.437
13,-3,Bolivia,Brazil,25.79,0.42,0.402
13,-2,Bolivia,Brazil,27.62,0.42,0.271
13,-1,Bolivia,Brazil,31.78,0.42,0.279
13,0,Bolivia,Brazil,48.55,0.42,0.379
13,1,Bolivia,Brazil,26.5,0.42,0.355
13,2,Bolivia,Brazil,31.02,0.42,0.314
13,3,Bolivia,Brazil,23.74,0.42,0.3
14,-7,Uruguay,Romania,20.32,0.3273,0.123
14,-6,Uruguay,Romania,14.69,0.3368,0.302
14,-5,Uruguay,Romania,21.92,0.3457,0.28
14,-4,Uruguay,Romania,19.52,0.339,0.265
14,-3,Uruguay,Romania,22.3,0.3376,0.259
14,-2,Uruguay,Romania,24.71,0.3298,0.352
14,-1,Uruguay,Romania,34.74,0.3342,0.257
14,0,Uruguay,Romania,40.61,0.3525,0.326
14,1,Uruguay,Romania,32.54,0.3046,0.256
14,2,Uruguay,Romania,26.38,0.3401,0.221
14,3,Uruguay,Romania,23.51,0.3393,0.199
15,-7,Argentina,Chile,15.69,0.2009,0.235
15,-6,Argentina,Chile,21.82,0.2115,0.145
15,-5,Argentina,Chile,25.72,0.1777,0.283
15,-4,Argentina,Chile,29.77,0.2041,0.199
15,-3,Argentina,Chile,24.18,0.1961,0.098
15,-2,Argentina,Chile,26.65,0.2053,0.17
15,-1,Argentina,Chile,36.86,0.1998,0.037
15,0,Argentina,Chile,51.39,0.1839,0.102
15,1,Argentina,Chile,30.86,0.2036,0.04
15,2,Argentina,Chile,24.21,0.1808,0.185
15,3,Argentina,Chile,28.46,0.1839,0.211
16,-7,Argentina,United States,24.41,0.42,-0.102
16,-6,Argentina,United States,18.95,0.42,0.145
16,-5,Argentina,United States,24.07,0.42,0.047
16,-4,Argentina,United States,22.05,0.42,-0.031
16,-3,Argentina,United States,26.15,0.42,0.16
16,-2,Argentina,United States,39.76,0.42,-0.005
16,-1,Argentina,United States,37.56,0.42,-0.114
16,0,Argentina,United States,54.85,0.42,-0.098
16,1,Argentina,United States,31.07,0.42,0.041
16,2,Argentina,United States,35.59,0.42,0.103
16,3,Argentina,United States,29.16,0.42,0.024
17,-7,Uruguay,Yugoslavia,23.59,0.182,0.252
17,-6,Uruguay,Yugoslavia,19.44,0.1736,0.295
17,-5,Uruguay,Yugoslavia,28.8,0.1615,0.215
17,-4,Uruguay,Yugoslavia,29.23,0.1647,0.231
17,-3,Uruguay,Yugoslavia,33.45,0.1531,0.406
17,-2,Uruguay,Yugoslavia,29.92,0.18,0.254
17,-1,Uruguay,Yugoslavia,36.7,0.1664,0.322
17,0,Uruguay,Yugoslavia,53.32,0.1627,0.389
17,1,Uruguay,Yugoslavia,35.86,0.1615,0.158
17,2,Uruguay,Yugoslavia,38.59,0.163,0.406
17,3,Uruguay,Yugoslavia,30.46,0.1713,0.274
18,-7,Uruguay,Argentina,27.76,0.0106,0.219
18,-6,Uruguay,Argentina,20.53,0.0343,0.214
18,-5,Uruguay,Argentina,22.22,0.0392,0.202
18,-4,Uruguay,Argentina,20.53,0.0415,0.254
18,-3,Uruguay,Argentina,25.58,0.0593,0.297
18,-2,Uruguay,Argentina,33.27,0.0469,0.206
18,-1,Uruguay,Argentina,37.8,0.0557,0.261
18,0,Uruguay,Argentina,49.57,0.0364,0.244
18,1,Uruguay,Argentina,36.74,0.036,0.164
18,2,Uruguay,Argentina,35.86,0.024,0.138
18,3,Uruguay,Argentina,22.84,0.0256,0.291
19,-7,Argentina,Sweden,24.1,0.1481,0.045
19,-6,Argentina,Sweden,21.01,0.1347,0.165
19,-5,Argentina,Sweden,27.51,0.1533,-0.05
19,-4,Argentina,Sweden,23.86,0.1407,0.017
19,-3,Argentina,Sweden,28.03,0.1449,-0.092
19,-2,Argentina,Sweden,37.19,0.1519,0.042
19,-1,Argentina,Sweden,31.67,0.1303,0.004
19,0,Argentina,Sweden,49.44,0.1575,0.073
19,1,Argentina,Sweden,35.83,0.1609,0.136
19,2,Argentina,Sweden,31.09,0.1622,0.045
19,3,Argentina,Sweden,20.3,0.1471,-0.051
20,-7,Austria,France,20.42,0.316,0.175
20,-6,Austria,France,24.48,0.3399,0.246
20,-5,Austria,France,16.84,0.3111,0.338
20,-4,Austria,France,28.18,0.3282,0.135
20,-3,Austria,France,26.75,0.3023,0.079
20,-2,Austria,France,29.34,0.3169,0.092
20,-1,Austria,France,42.11,0.3225,0.152
20,0,Austria,France,51.42,0.3326,0.1
20,1,Austria,France,37.51,0.3308,0.043
20,2,Austria,France,29.35,0.3234,0.118
20,3,Austria,France,28.73,0.3331,0.169
21,-7,Belgium,Germany,23.1,0.253,0.318
21,-6,Belgium,Germany,26.24,0.2579,0.4
21,-5,Belgium,Germany,26.35,0.2598,0.551
21,-4,Belgium,Germany,29.33,0.2559,0.535
21,-3,Belgium,Germany,29.04,0.2569,0.426
21,-2,Belgium,Germany,37.11,0.2327,0.526
21,-1,Belgium,Germany,37.11,0.2636,0.414
21,0,Belgium,Germany,56.83,0.2527,0.499
21,1,Belgium,Germany,33.38,0.2596,0.34
21,2,Belgium,Germany,30.88,0.2332,0.527
21,3,Belgium,Germany,31.52,0.2575,0.572
22,-7,Brazil,Spain,17.35,0.3164,0.163
22,-6,Brazil,Spain,19.51,0.3248,0.304
22,-5,Brazil,Spain,19.86,0.3191,0.18
22,-4,Brazil,Spain,24.36,0.3121,0.135
22,-3,Brazil,Spain,12.82,0.3275,0.109
22,-2,Brazil,Spain,27.14,0.3065,0.103
22,-1,Brazil,Spain,32.04,0.3086,0.108
22,0,Brazil,Spain,48.12,0.3087,0.223
22,1,Brazil,Spain,26.51,0.2994,0.209
22,2,Brazil,Spain,25.75,0.2983,0.117
22,3,Brazil,Spain,25.01,0.3079,0.143
23,-7,Czechoslovakia,Romania,13.71,0.1201,0.175
23,-6,Czechoslovakia,Romania,11.89,0.0922,0.152
23,-5,Czechoslovakia,Romania,25.53,0.0852,0.139
23,-4,Czechoslovakia,Romania,27.48,0.1005,0.193
23,-3,Czechoslovakia,Romania,23.16,0.1146,0.032
23,-2,Czechoslovakia,Romania,29.74,0.1208,0.203
23,-1,Czechoslovakia,Romania,34.3,0.1107,0.3
23,0,Czechoslovakia,Romania,49.36,0.1173,0.012
23,1,Czechoslovakia,Romania,23.9,0.0935,0.017
23,2,Czechoslovakia,Romania,31.06,0.1166,0.039
23,3,Czechoslovakia,Romania,23.31,0.1077,0.138
24,-7,Egypt,Hungary,17.69,0.2196,0.076
24,-6,Egypt,Hungary,19.31,0.2345,0.034
24,-5,Egypt,Hungary,20.56,0.2256,0.059
24,-4,Egypt,Hungary,27.52,0.2012,0.112
24,-3,Egypt,Hungary,36.14,0.2002,0.08
24,-2,Egypt,Hungary,28.73,0.2477,0.142
24,-1,Egypt,Hungary,36.08,0.2007,-0.014
24,0,Egypt,Hungary,56.15,0.1991,-0.038
24,1,Egypt,Hungary,35.13,0.217,0.082
24,2,Egypt,Hungary,29.94,0.2264,-0.005
24,3,Egypt,Hungary,30.73,0.218,0.097
25,-7,Italy,United States,27.21,0.1709,0.287
25,-6,Italy,United States,18.84,0.1522,0.321
25,-5,Italy,United States,26.33,0.1634,0.272
25,-4,Italy,United States,34.32,0.1869,0.245
25,-3,Italy,United States,30.15,0.1813,0.289
25,-2,Italy,United States,32.14,0.1723,0.409
25,-1,Italy,United States,43.13,0.1676,0.365
25,0,Italy,United States,59.46,0.1643,0.312
25,1,Italy,United States,34.57,0.1904,0.442
25,2,Italy,United States,33.53,0.1686,0.407
25,3,Italy,United States,35.95,0.163,0.323
26,-7,Netherlands,Switzerland,19.41,0.3792,0.268
26,-6,Netherlands,Switzerland,18.6,0.3819,0.234
26,-5,Netherlands,Switzerland,17.49,0.3637,0.305
26,-4,Netherlands,Switzerland,22.05,0.414,0.379
26,-3,Netherlands,Switzerland,25.18,0.4165,0.307
26,-2,Netherlands,Switzerland,27.47,0.3574,0.289
26,-1,Netherlands,Switzerland,33.26,0.3936,0.225
26,0,Netherlands,Switzerland,46.57,0.3833,0.29
26,1,Netherlands,Switzerland,31.91,0.3841,0.135
26,2,Netherlands,Switzerland,30.05,0.3751,0.305
26,3,Netherlands,Switzerland,24.38,0.3849,0.392
27,-7,Austria,Hungary,16.24,0.2214,0.338
27,-6,Austria,Hungary,12.32,0.2417,0.367
27,-5,Austria,Hungary,21.87,0.1862,0.279
27,-4,Austria,Hungary,17.29,0.2402,0.371
27,-3,Austria,Hungary,25.14,0.2123,0.402
27,-2,Austria,Hungary,25.32,0.2484,0.316
27,-1,Austria,Hungary,31.03,0.2212,0.395
27,0,Austria,Hungary,46.76,0.244,0.309
27,1,Austria,Hungary,29.09,0.2338,0.398
27,2,Austria,Hungary,29.8,0.2284,0.167
27,3,Austria,Hungary,26.62,0.2094,0.299
28,-7,Czechoslovakia,Switzerland,19.21,0.3123,0.207
28,-6,Czechoslovakia,Switzerland,28.59,0.3255,0.235
28,-5,Czechoslovakia,Switzerland,30.95,0.3397,0.136
28,-4,Czechoslovakia,Switzerland,25.47,0.3351,0.281
28,-3,Czechoslovakia,Switzerland,31.2,0.2961,0.121
28,-2,Czechoslovakia,Switzerland,29.49,0.3171,-0.078
28,-1,Czechoslovakia,Switzerland,30.61,0.3293,0.144
28,0,Czechoslovakia,Switzerland,47.08,0.3298,0.205
28,1,Czechoslovakia,Switzerland,31.51,0.3458,0.185
28,2,Czechoslovakia,Switzerland,26.68,0.3158,0.166
28,3,Czechoslovakia,Switzerland,30.85,0.3194,0.223
29,-7,Germany,Sweden,17.64,0.3004,0.309
29,-6,Germany,Sweden,16.13,0.2853,0.336
29,-5,Germany,Sweden,18.65,0.2625,0.32
29,-4,Germany,Sweden,21.97,0.2583,0.3
29,-3,Germany,Sweden,21.55,0.2583,0.257
29,-2,Germany,Sweden,30.73,0.291,0.348
29,-1,Germany,Sweden,30.2,0.2836,0.289
29,0,Germany,Sweden,40.76,0.2656,0.239
29,1,Germany,Sweden,34.16,0.2894,0.206
29,2,Germany,Sweden,26.42,0.2717,0.271
29,3,Germany,Sweden,21.91,0.2934,0.281
30,-7,Italy,Spain,16.91,0.2383,-0.001
30,-6,Italy,Spain,17.72,0.2483,0.174
30,-5,Italy,Spain,14.69,0.2174,0.075
30,-4,Italy,Spain,24.18,0.2399,0.119
30,-3,Italy,Spain,17.44,0.2287,-0.083
30,-2,Italy,Spain,23.99,0.2096,0.164
30,-1,Italy,Spain,32.75,0.2373,-0.035
30,0,Italy,Spain,42.98,0.2579,0.104
30,1,Italy,Spain,31.46,0.2298,0.01
30,2,Italy,Spain,24.24,0.2125,0.229
30,3,Italy,Spain,22.69,0.246,0.039
31,-7,Italy,Spain,9.6,0.2255,0.093
31,-6,Italy,Spain,17.32,0.2137,0.177
31,-5,Italy,Spain,14.62,0.2066,0.105
31,-4,Italy,Spain,21.69,0.2153,0.171
31,-3,Italy,Spain,18.63,0.2337,0.081
31,-2,Italy,Spain,17.34,0.2074,0.154
31,-1,Italy,Spain,29.2,0.2162,0.174
31,0,Italy,Spain,40.44,0.2142,0.319
31,1,Italy,Spain,26.25,0.2002,0.186
31,2,Italy,Spain,13.58,0.208,0.249
31,3,Italy,Spain,22.73,0.212,0.217
32,-7,Czechoslovakia,Germany,22.32,0.1865,0.216
32,-6,Czechoslovakia,Germany,18.7,0.1416,0.253
32,-5,Czechoslovakia,Germany,23.17,0.1712,0.137
32,-4,Czechoslovakia,Germany,26.58,0.1663,0.183
32,-3,Czechoslovakia,Germany,25.17,0.1748,0.105
32,-2,Czechoslovakia,Germany,29.95,0.1607,0.137
32,-1,Czechoslovakia,Germany,34.3,0.1575,0.247
32,0,Czechoslovakia,Germany,47.96,0.1496,0.281
32,1,Czechoslovakia,Germany,32.29,0.1741,0.256
32,2,Czechoslovakia,Germany,33.23,0.1718,0.228
32,3,Czechoslovakia,Germany,26.67,0.1653,0.074
33,-7,Italy,Austria,15.76,0.1693,0.335
33,-6,Italy,Austria,12.37,0.166,0.272
33,-5,Italy,Austria,10.05,0.165,0.228
33,-4,Italy,Austria,25.09,0.1666,0.278
33,-3,Italy,Austria,22.23,0.1819,0.364
33,-2,Italy,Austria,23.58,0.1875,0.302
33,-1,Italy,Austria,27.4,0.1416,0.177
33,0,Italy,Austria,37.68,0.1533,0.317
33,1,Italy,Austria,20.39,0.1607,0.236
33,2,Italy,Austria,24.88,0.164,0.266
33,3,Italy,Austria,17.25,0.1713,0.355
34,-7,Austria,Germany,20.14,0.42,0.194
34,-6,Austria,Germany,18.87,0.4002,0.18
34,-5,Austria,Germany,25.4,0.42,0.19
34,-4,Austria,Germany,28.89,0.4096,0.133
34,-3,Austria,Germany,22.38,0.4061,0.099
34,-2,Austria,Germany,36.76,0.4175,0.181
34,-1,Austria,Germany,39.18,0.3966,0.178
34,0,Austria,Germany,57.57,0.4105,0.359
34,1,Austria,Germany,35.9,0.42,0.281
34,2,Austria,Germany,29.74,0.4063,0.18
34,3,Austria,Germany,23.5,0.4114,0.188
35,-7,Italy,Czechoslovakia,23.22,0.2035,0.259
35,-6,Italy,Czechoslovakia,11.01,0.1818,0.069
35,-5,Italy,Czechoslovakia,25.26,0.1951,-0.009
35,-4,Italy,Czechoslovakia,20.89,0.182,-0.004
35,-3,Italy,Czechoslovakia,30.78,0.1922,0.106
35,-2,Italy,Czechoslovakia,25.91,0.1934,0.035
35,-1,Italy,Czechoslovakia,28.17,0.2004,0.193
35,0,Italy,Czechoslovakia,47.95,0.1818,0.163
35,1,Italy,Czechoslovakia,30.92,0.1889,0.107
35,2,Italy,Czechoslovakia,28.24,0.197,0.128
35,3,Italy,Czechoslovakia,20.76,0.2203,-0.041
36,-7,Germany,Switzerland,18.94,0.1215,0.208
36,-6,Germany,Switzerland,15.68,0.1311,0.155
36,-5,Germany,Switzerland,15.44,0.104,0.172
36,-4,Germany,Switzerland,15.68,0.1387,0.236
36,-3,Germany,Switzerland,29.65,0.1378,0.138
36,-2,Germany,Switzerland,22.61,0.085,0.135
36,-1,Germany,Switzerland,34.78,0.1072,0.148
36,0,Germany,Switzerland,41.69,0.1216,0.253
36,1,Germany,Switzerland,23.21,0.1009,0.267
36,2,Germany,Switzerland,28.22,0.114,0.282
36,3,Germany,Switzerland,18.47,0.1283,0.158
37,-7,Brazil,Poland,29.41,0.0971,-0.029
37,-6,Brazil,Poland,31.86,0.1249,0.077
37,-5,Brazil,Poland,35.86,0.1142,0.047
37,-4,Brazil,Poland,30.82,0.1263,0.035
37,-3,Brazil,Poland,34.57,0.1351,-0.046
37,-2,Brazil,Poland,39.33,0.1342,-0.07
37,-1,Brazil,Poland,43.02,0.1382,-0.003
37,0,Brazil,Poland,65.27,0.136,-0.039
37,1,Brazil,Poland,41.21,0.0956,0.052
37,2,Brazil,Poland,38.36,0.1108,0.034
37,3,Brazil,Poland,40.32,0.1163,0.053
38,-7,Cuba,Romania,28.72,0.3035,0.007
38,-6,Cuba,Romania,24.2,0.282,-0.08
38,-5,Cuba,Romania,26.46,0.2722,-0.13
38,-4,Cuba,Romania,22.06,0.2901,-0.07
38,-3,Cuba,Romania,27.3,0.2971,-0.149
38,-2,Cuba,Romania,30.22,0.2967,-0.011
38,-1,Cuba,Romania,33.6,0.2901,-0.131
38,0,Cuba,Romania,54.82,0.289,-0.037
38,1,Cuba,Romania,37.5,0.2906,-0.151
38,2,Cuba,Romania,33.99,0.2939,-0.028
38,3,Cuba,Romania,27.06,0.2983,-0.168
39,-7,Czechoslovakia,Netherlands,16.57,0.2906,0.151
39,-6,Czechoslovakia,Netherlands,18.38,0.2966,0.111
39,-5,Czechoslovakia,Netherlands,19.54,0.2729,0.382
39,-4,Czechoslovakia,Netherlands,23.45,0.2954,0.255
39,-3,Czechoslovakia,Netherlands,26.95,0.3056,0.13
39,-2,Czechoslovakia,Netherlands,31.98,0.3088,0.234
39,-1,Czechoslovakia,Netherlands,30.13,0.2567,0.152
39,0,Czechoslovakia,Netherlands,48.42,0.3083,0.29
39,1,Czechoslovakia,Netherlands,30.28,0.317,0.309
39,2,Czechoslovakia,Netherlands,26.02,0.3201,0.162
39,3,Czechoslovakia,Netherlands,19.68,0.2888,0.186
40,-7,France,Belgium,17.95,0.177,0.117
40,-6,France,Belgium,20.6,0.1681,-0.043
40,-5,France,Belgium,16.95,0.1628,0.06
40,-4,France,Belgium,23.35,0.1842,0.114
40,-3,France,Belgium,21.79,0.1579,0.239
40,-2,France,Belgium,34.51,0.1746,0.01
40,-1,France,Belgium,33.57,0.172,0.121
40,0,France,Belgium,47.58,0.163,0.074
40,1,France,Belgium,28.49,0.1838,0.181
40,2,France,Belgium,28.15,0.1716,0.146
40,3,France,Belgium,34.62,0.1779,0.177
41,-7,Hungary,Indonesia,21.66,0.2158,0.227
41,-6,Hungary,Indonesia,25.38,0.211,0.162
41,-5,Hungary,Indonesia,27.85,0.1959,0.065
41,-4,Hungary,Indonesia,28.32,0.1979,0.006
41,-3,Hungary,Indonesia,28.64,0.2269,0.168
41,-2,Hungary,Indonesia,38.17,0.222,0.104
41,-1,Hungary,Indonesia,31.81,0.2164,0.18
41,0,Hungary,Indonesia,58.15,0.2242,0.168
41,1,Hungary,Indonesia,40.86,0.2219,0.226
41,2,Hungary,Indonesia,30.09,0.2201,0.096
41,3,Hungary,Indonesia,32.36,0.2088,0.107
42,-7,Italy,Norway,11.56,0.4053,0.326
42,-6,Italy,Norway,22.58,0.408,0.298
42,-5,Italy,Norway,23.37,0.4056,0.287
42,-4,Italy,Norway,20.42,0.3958,0.244
42,-3,Italy,Norway,23.66,0.3794,0.153
42,-2,Italy,Norway,28.2,0.4091,0.24
42,-1,Italy,Norway,40.23,0.3872,0.27
42,0,Italy,Norway,51.12,0.411,0.285
42,1,Italy,Norway,34.29,0.3989,0.355
42,2,Italy,Norway,31.89,0.388,0.262
42,3,Italy,Norway,19.42,0.4165,0.255
43,-7,Cuba,Romania,22.79,0.2208,0.166
43,-6,Cuba,Romania,28.62,0.2237,0.226
43,-5,Cuba,Romania,24.93,0.2465,0.282
43,-4,Cuba,Romania,22.36,0.225,0.218
43,-3,Cuba,Romania,22.42,0.2435,0.287
43,-2,Cuba,Romania,24.47,0.2167,0.371
43,-1,Cuba,Romania,23.63,0.2252,0.468
43,0,Cuba,Romania,53.71,0.229,0.388
43,1,Cuba,Romania,35.12,0.2206,0.361
43,2,Cuba,Romania,33.66,0.2069,0.336
43,3,Cuba,Romania,26.1,0.2233,0.297
44,-7,Germany,Switzerland,22.34,0.259,0.288
44,-6,Germany,Switzerland,24.77,0.2531,0.151
44,-5,Germany,Switzerland,23.27,0.2583,0.161
44,-4,Germany,Switzerland,30.36,0.2604,0.29
44,-3,Germany,Switzerland,27.35,0.2452,0.29
44,-2,Germany,Switzerland,33.09,0.2528,0.259
44,-1,Germany,Switzerland,38.7,0.2401,0.307
44,0,Germany,Switzerland,54.08,0.2756,0.117
44,1,Germany,Switzerland,37.5,0.253,0.072
44,2,Germany,Switzerland,34.94,0.2321,0.19
44,3,Germany,Switzerland,33.45,0.2488,0.147
45,-7,Brazil,Czechoslovakia,19.72,0.1409,0.321
45,-6,Brazil,Czechoslovakia,22.62,0.1299,0.317
45,-5,Brazil,Czechoslovakia,22.62,0.1291,0.473
45,-4,Brazil,Czechoslovakia,20.5,0.1544,0.41
45,-3,Brazil,Czechoslovakia,22.72,0.1382,0.346
45,-2,Brazil,Czechoslovakia,28.15,0.1321,0.265
45,-1,Brazil,Czechoslovakia,33.8,0.1351,0.374
45,0,Brazil,Czechoslovakia,42.92,0.142,0.449
45,1,Brazil,Czechoslovakia,28.3,0.1396,0.33
45,2,Brazil,Czechoslovakia,23.89,0.1359,0.314
45,3,Brazil,Czechoslovakia,29.07,0.1524,0.325
46,-7,Cuba,Sweden,27.27,0.2853,0.302
46,-6,Cuba,Sweden,30.11,0.3311,0.277
46,-5,Cuba,Sweden,29.12,0.3198,0.162
46,-4,Cuba,Sweden,28.56,0.3035,0.302
46,-3,Cuba,Sweden,29.75,0.2928,0.223
46,-2,Cuba,Sweden,38.64,0.2959,0.253
46,-1,Cuba,Sweden,45.07,0.3187,0.231
46,0,Cuba,Sweden,61.13,0.3251,0.207
46,1,Cuba,Sweden,43.57,0.3278,0.264
46,2,Cuba,Sweden,32.64,0.2894,0.185
46,3,Cuba,Sweden,35.23,0.3096,0.36
47,-7,France,Italy,20.75,0.2956,0.107
47,-6,France,Italy,24.76,0.2994,0.081
47,-5,France,Italy,22.33,0.2876,0.156
47,-4,France,Italy,24.18,0.2886,0.152
47,-3,France,Italy,23.81,0.2909,0.115
47,-2,France,Italy,27.45,0.2888,0.227
47,-1,France,Italy,33.2,0.3138,0.318
47,0,France,Italy,51.94,0.3049,0.238
47,1,France,Italy,34.13,0.3001,0.184
47,2,France,Italy,25.57,0.3096,0.184
47,3,France,Italy,31.49,0.3105,0.142
48,-7,Hungary,Switzerland,21.28,0.3652,0.315
48,-6,Hungary,Switzerland,13.47,0.4018,0.21
48,-5,Hungary,Switzerland,23.52,0.392,0.03
48,-4,Hungary,Switzerland,20.12,0.3933,0.037
48,-3,Hungary,Switzerland,23.41,0.383,0.225
48,-2,Hungary,Switzerland,24.79,0.4194,0.162
48,-1,Hungary,Switzerland,30.11,0.3933,0.066
48,0,Hungary,Switzerland,42.92,0.4049,0.222
48,1,Hungary,Switzerland,27.58,0.3784,0.225
48,2,Hungary,Switzerland,27.12,0.406,0.161
48,3,Hungary,Switzerland,17.36,0.4023,0.179
49,-7,Brazil,Czechoslovakia,22.94,0.2174,0.025
49,-6,Brazil,Czechoslovakia,20.85,0.2099,-0.017
49,-5,Brazil,Czechoslovakia,20.58,0.2061,0.012
49,-4,Brazil,Czechoslovakia,29.5,0.2296,0.05
49,-3,Brazil,Czechoslovakia,30.27,0.2072,0.202
49,-2,Brazil,Czechoslovakia,25.79,0.2411,0.168
49,-1,Brazil,Czechoslovakia,24.41,0.2347,0.008
49,0,Brazil,Czechoslovakia,44.61,0.2234,-0.043
49,1,Brazil,Czechoslovakia,32.31,0.2058,0.04
49,2,Brazil,Czechoslovakia,32.07,0.2217,0.003
49,3,Brazil,Czechoslovakia,26.73,0.2002,-0.031
50,-7,Brazil,Italy,16.57,0.3123,0.28
50,-6,Brazil,Italy,21.27,0.3026,0.197
50,-5,Brazil,Italy,26.13,0.2945,0.281
50,-4,Brazil,Italy,22.32,0.3097,0.21
50,-3,Brazil,Italy,28.52,0.3194,0.321
50,-2,Brazil,Italy,27.95,0.2977,0.45
50,-1,Brazil,Italy,27.08,0.3135,0.275
50,0,Brazil,Italy,46.38,0.3051,0.216
50,1,Brazil,Italy,32.04,0.3067,0.439
50,2,Brazil,Italy,31.14,0.3091,0.292
50,3,Brazil,Italy,31.27,0.2913,0.239
51,-7,Hungary,Sweden,14.85,0.3826,-0.029
51,-6,Hungary,Sweden,19.62,0.3931,-0.138
51,-5,Hungary,Sweden,23.72,0.3773,0.024
51,-4,Hungary,Sweden,24.05,0.3794,-0.034
51,-3,Hungary,Sweden,31.57,0.3832,-0.035
51,-2,Hungary,Sweden,30.69,0.3962,-0.096
51,-1,Hungary,Sweden,35.54,0.3921,-0.132
51,0,Hungary,Sweden,56.63,0.3672,0.088
51,1,Hungary,Sweden,44.47,0.3746,-0.052
51,2,Hungary,Sweden,32.65,0.3717,-0.08
51,3,Hungary,Sweden,29.44,0.3577,-0.07
52,-7,Brazil,Sweden,21.38,0.1509,0.093
52,-6,Brazil,Sweden,21.84,0.1577,0.135
52,-5,Brazil,Sweden,29.81,0.1531,0.084
52,-4,Brazil,Sweden,29.21,0.1234,0.245
52,-3,Brazil,Sweden,30.54,0.1734,0.037
52,-2,Brazil,Sweden,28.72,0.1516,0.123
52,-1,Brazil,Sweden,37.57,0.1494,0.054
52,0,Brazil,Sweden,50.31,0.1506,0.008
52,1,Brazil,Sweden,31.57,0.1426,0.128
52,2,Brazil,Sweden,39.59,0.159,0.198
52,3,Brazil,Sweden,31.87,0.1516,0.273
53,-7,Hungary,Italy,16.9,0.42,0.135
53,-6,Hungary,Italy,26.23,0.42,0.211
53,-5,Hungary,Italy,26.95,0.42,0.214
53,-4,Hungary,Italy,32.44,0.42,0.195
53,-3,Hungary,Italy,27.0,0.42,0.282
53,-2,Hungary,Italy,29.79,0.42,0.195
53,-1,Hungary,Italy,40.5,0.42,0.22
53,0,Hungary,Italy,55.31,0.42,0.14
53,1,Hungary,Italy,40.02,0.42,0.149
53,2,Hungary,Italy,28.65,0.42,0.211
53,3,Hungary,Italy,25.11,0.42,0.346
54,-7,Brazil,Mexico,23.12,0.2511,0.003
54,-6,Brazil,Mexico,18.79,0.2517,0.057
54,-5,Brazil,Mexico,29.01,0.2439,0.326
54,-4,Brazil,Mexico,25.38,0.2469,0.021
54,-3,Brazil,Mexico,33.52,0.2487,0.017
54,-2,Brazil,Mexico,31.85,0.2599,0.172
54,-1,Brazil,Mexico,31.76,0.2378,0.211
54,0,Brazil,Mexico,55.24,0.2456,0.156
54,1,Brazil,Mexico,32.05,0.2321,0.061
54,2,Brazil,Mexico,37.18,0.2556,0.134
54,3,Brazil,Mexico,29.42,0.257,0.073
55,-7,Chile,England,21.58,0.42,0.237
55,-6,Chile,England,20.77,0.42,0.209
55,-5,Chile,England,27.39,0.42,0.041
55,-4,Chile,England,28.75,0.4192,-0.0
55,-3,Chile,England,25.81,0.42,0.037
55,-2,Chile,England,29.9,0.42,0.077
55,-1,Chile,England,39.59,0.42,0.19
55,0,Chile,England,44.43,0.42,0.143
55,1,Chile,England,38.96,0.42,0.121
55,2,Chile,England,24.8,0.42,0.125
55,3,Chile,England,24.67,0.42,0.018
56,-7,Italy,Sweden,16.06,0.1219,0.382
56,-6,Italy,Sweden,26.39,0.1053,0.41
56,-5,Italy,Sweden,28.71,0.1163,0.329
56,-4,Italy,Sweden,26.21,0.1185,0.453
56,-3,Italy,Sweden,35.13,0.1131,0.378
56,-2,Italy,Sweden,30.5,0.125,0.282
56,-1,Italy,Sweden,40.73,0.1518,0.3
56,0,Italy,Sweden,68.67,0.1221,0.288
56,1,Italy,Sweden,35.53,0.1446,0.375
56,2,Italy,Sweden,32.38,0.1138,0.37
56,3,Italy,Sweden,31.11,0.1204,0.464
57,-7,Spain,United States,17.57,0.3206,0.262
57,-6,Spain,United States,21.34,0.3258,0.165
57,-5,Spain,United States,16.62,0.3156,0.257
57,-4,Spain,United States,22.3,0.2924,0.402
57,-3,Spain,United States,31.18,0.3131,0.421
57,-2,Spain,United States,36.19,0.3341,0.184
57,-1,Spain,United States,32.1,0.3203,0.296
57,0,Spain,United States,59.85,0.2933,0.316
57,1,Spain,United States,39.83,0.3241,0.239
57,2,Spain,United States,34.43,0.3036,0.246
57,3,Spain,United States,25.91,0.3038,0.25
58,-7,Switzerland,Yugoslavia,18.64,0.3385,-0.003
58,-6,Switzerland,Yugoslavia,28.71,0.3416,0.111
58,-5,Switzerland,Yugoslavia,17.41,0.3639,0.1
58,-4,Switzerland,Yugoslavia,24.03,0.3424,0.149
58,-3,Switzerland,Yugoslavia,17.64,0.3377,0.08
58,-2,Switzerland,Yugoslavia,30.41,0.3777,0.064
58,-1,Switzerland,Yugoslavia,37.88,0.3693,0.135
58,0,Switzerland,Yugoslavia,50.14,0.3322,0.14
58,1,Switzerland,Yugoslavia,40.17,0.3542,0.174
58,2,Switzerland,Yugoslavia,39.94,0.3576,0.011
58,3,Switzerland,Yugoslavia,28.16,0.364,0.071
59,-7,Brazil,Switzerland,26.78,0.2106,0.132
59,-6,Brazil,Switzerland,21.86,0.2133,0.124
59,-5,Brazil,Switzerland,19.27,0.2061,0.023
59,-4,Brazil,Switzerland,25.61,0.2019,0.18
59,-3,Brazil,Switzerland,33.14,0.2181,0.02
59,-2,Brazil,Switzerland,32.27,0.1952,0.099
59,-1,Brazil,Switzerland,38.63,0.2233,0.142
59,0,Brazil,Switzerland,59.88,0.2145,0.093
59,1,Brazil,Switzerland,39.42,0.2223,0.072
59,2,Brazil,Switzerland,33.94,0.2079,-0.032
59,3,Brazil,Switzerland,31.1,0.1959,0.132
60,-7,Mexico,Yugoslavia,17.29,0.1059,-0.001
60,-6,Mexico,Yugoslavia,28.53,0.1081,-0.046
60,-5,Mexico,Yugoslavia,27.51,0.1119,0.084
60,-4,Mexico,Yugoslavia,24.94,0.117,0.202
60,-3,Mexico,Yugoslavia,30.31,0.1167,-0.087
60,-2,Mexico,Yugoslavia,31.37,0.12,0.006
60,-1,Mexico,Yugoslavia,40.46,0.1196,-0.063
60,0,Mexico,Yugoslavia,62.0,0.0996,-0.025
60,1,Mexico,Yugoslavia,39.11,0.1333,-0.041
60,2,Mexico,Yugoslavia,34.87,0.1164,0.075
60,3,Mexico,Yugoslavia,35.29,0.1097,0.1
61,-7,Chile,Spain,23.87,0.1337,0.262
61,-6,Chile,Spain,21.16,0.1066,0.125
61,-5,Chile,Spain,21.26,0.1136,0.219
61,-4,Chile,Spain,26.23,0.0948,0.214
61,-3,Chile,Spain,33.38,0.1242,0.27
61,-2,Chile,Spain,30.49,0.1079,0.104
61,-1,Chile,Spain,34.07,0.0829,0.204
61,0,Chile,Spain,49.52,0.1069,0.379
61,1,Chile,Spain,38.85,0.1247,0.162
61,2,Chile,Spain,35.84,0.1197,0.161
61,3,Chile,Spain,26.51,0.1238,0.185
62,-7,England,United States,18.55,0.1723,0.054
62,-6,England,United States,18.43,0.1562,0.192
62,-5,England,United States,17.72,0.172,0.034
62,-4,England,United States,18.72,0.1543,0.111
62,-3,England,United States,25.44,0.1729,0.007
62,-2,England,United States,26.78,0.1595,0.168
62,-1,England,United States,29.59,0.1675,0.079
62,0,England,United States,52.6,0.1531,0.103
62,1,England,United States,30.9,0.1655,0.078
62,2,England,United States,21.03,0.1602,0.064
62,3,England,United States,30.69,0.1957,0.127
63,-7,Paraguay,Sweden,16.6,0.2979,-0.109
63,-6,Paraguay,Sweden,21.16,0.2815,-0.075
63,-5,Paraguay,Sweden,23.66,0.2732,-0.089
63,-4,Paraguay,Sweden,30.6,0.2886,-0.031
63,-3,Paraguay,Sweden,21.75,0.3004,-0.088
63,-2,Paraguay,Sweden,36.55,0.2909,-0.079
63,-1,Paraguay,Sweden,30.49,0.3151,0.016
63,0,Paraguay,Sweden,58.49,0.3108,-0.024
63,1,Paraguay,Sweden,41.1,0.2833,0.012
63,2,Paraguay,Sweden,30.41,0.283,-0.033
63,3,Paraguay,Sweden,25.13,0.293,-0.062
64,-7,Brazil,Yugoslavia,12.25,0.42,0.142
64,-6,Brazil,Yugoslavia,23.6,0.42,0.267
64,-5,Brazil,Yugoslavia,24.06,0.42,0.162
64,-4,Brazil,Yugoslavia,22.92,0.42,0.17
64,-3,Brazil,Yugoslavia,24.2,0.42,0.198
64,-2,Brazil,Yugoslavia,25.6,0.42,0.055
64,-1,Brazil,Yugoslavia,36.34,0.42,0.28
64,0,Brazil,Yugoslavia,45.62,0.42,0.232
64,1,Brazil,Yugoslavia,31.83,0.42,0.09
64,2,Brazil,Yugoslavia,24.41,0.42,0.078
64,3,Brazil,Yugoslavia,31.98,0.42,0.176
65,-7,Bolivia,Uruguay,27.65,0.165,0.231
65,-6,Bolivia,Uruguay,31.34,0.1553,0.206
65,-5,Bolivia,Uruguay,29.21,0.1763,0.347
65,-4,Bolivia,Uruguay,28.64,0.1363,0.24
65,-3,Bolivia,Uruguay,39.64,0.1842,0.252
65,-2,Bolivia,Uruguay,44.48,0.1806,0.303
65,-1,Bolivia,Uruguay,47.23,0.1453,0.199
65,0,Bolivia,Uruguay,68.4,0.1595,0.197
65,1,Bolivia,Uruguay,49.64,0.1516,0.256
65,2,Bolivia,Uruguay,40.7,0.1504,0.125
65,3,Bolivia,Uruguay,29.94,0.1665,0.196
66,-7,Chile,United States,22.08,0.0528,0.283
66,-6,Chile,United States,26.18,0.0667,0.186
66,-5,Chile,United States,28.07,0.0809,0.23
66,-4,Chile,United States,27.22,0.0746,0.326
66,-3,Chile,United States,34.45,0.0761,0.23
66,-2,Chile,United States,34.74,0.0642,0.137
66,-1,Chile,United States,46.34,0.0808,0.259
66,0,Chile,United States,65.42,0.0794,0.202
66,1,Chile,United States,41.07,0.0696,0.429
66,2,Chile,United States,41.42,0.0773,0.349
66,3,Chile,United States,38.65,0.0587,0.237
67,-7,England,Spain,18.0,0.2266,0.133
67,-6,England,Spain,19.03,0.2138,0.222
67,-5,England,Spain,15.85,0.2142,0.02
67,-4,England,Spain,19.09,0.2231,0.173
67,-3,England,Spain,23.72,0.2328,0.244
67,-2,England,Spain,27.13,0.2223,0.117
67,-1,England,Spain,32.72,0.205,0.275
67,0,England,Spain,50.55,0.2049,0.094
67,1,England,Spain,32.0,0.2152,0.187
67,2,England,Spain,26.12,0.2376,0.15
67,3,England,Spain,33.28,0.2265,0.055
68,-7,Italy,Paraguay,26.51,0.1921,0.146
68,-6,Italy,Paraguay,22.88,0.1646,-0.007
68,-5,Italy,Paraguay,22.09,0.1954,0.147
68,-4,Italy,Paraguay,30.12,0.1948,0.12
68,-3,Italy,Paraguay,30.54,0.1972,0.113
68,-2,Italy,Paraguay,28.37,0.1806,-0.05
68,-1,Italy,Paraguay,33.45,0.1875,0.129
68,0,Italy,Paraguay,50.74,0.1784,-0.021
68,1,Italy,Paraguay,38.29,0.1745,0.076
68,2,Italy,Paraguay,33.87,0.1906,0.138
68,3,Italy,Paraguay,29.09,0.165,0.113
69,-7,Mexico,Switzerland,24.89,0.1268,0.285
69,-6,Mexico,Switzerland,22.12,0.1361,0.4
69,-5,Mexico,Switzerland,18.75,0.1043,0.419
69,-4,Mexico,Switzerland,21.8,0.1276,0.202
69,-3,Mexico,Switzerland,31.56,0.1391,0.377
69,-2,Mexico,Switzerland,31.93,0.1102,0.286
69,-1,Mexico,Switzerland,32.83,0.1259,0.336
69,0,Mexico,Switzerland,53.36,0.147,0.251
69,1,Mexico,Switzerland,34.39,0.1434,0.29
69,2,Mexico,Switzerland,30.19,0.1405,0.356
69,3,Mexico,Switzerland,30.34,0.136,0.333
70,-7,Brazil,Sweden,22.02,0.1386,0.164
70,-6,Brazil,Sweden,24.55,0.1426,0.246
70,-5,Brazil,Sweden,27.93,0.1269,0.104
70,-4,Brazil,Sweden,26.95,0.1597,0.126
70,-3,Brazil,Sweden,32.89,0.1221,0.13
70,-2,Brazil,Sweden,37.16,0.1529,0.07
70,-1,Brazil,Sweden,38.77,0.1422,0.149
70,0,Brazil,Sweden,66.57,0.1423,0.167
70,1,Brazil,Sweden,43.99,0.1187,0.04
70,2,Brazil,Sweden,37.14,0.1226,0.176
70,3,Brazil,Sweden,29.6,0.1302,0.145
71,-7,Spain,Uruguay,21.37,0.4187,0.205
71,-6,Spain,Uruguay,20.75,0.42,0.206
71,-5,Spain,Uruguay,29.87,0.41,0.227
71,-4,Spain,Uruguay,26.55,0.4167,0.199
71,-3,Spain,Uruguay,29.9,0.42,0.301
71,-2,Spain,Uruguay,36.31,0.3978,0.145
71,-1,Spain,Uruguay,37.12,0.42,0.192
71,0,Spain,Uruguay,53.03,0.42,0.276
71,1,Spain,Uruguay,40.07,0.4086,0.192
71,2,Spain,Uruguay,35.93,0.4107,0.185
71,3,Spain,Uruguay,26.36,0.4078,0.289
72,-7,Brazil,Spain,19.68,0.1503,0.052
72,-6,Brazil,Spain,26.06,0.141,0.087
72,-5,Brazil,Spain,27.9,0.1375,0.062
72,-4,Brazil,Spain,35.99,0.1431,0.093
72,-3,Brazil,Spain,32.05,0.1379,0.057
72,-2,Brazil,Spain,40.53,0.1338,-0.055
72,-1,Brazil,Spain,42.41,0.1394,0.061
72,0,Brazil,Spain,67.57,0.11,0.212
72,1,Brazil,Spain,45.89,0.1353,0.07
72,2,Brazil,Spain,39.61,0.1492,0.058
72,3,Brazil,Spain,28.65,0.1682,0.169
73,-7,Sweden,Uruguay,23.21,0.3604,0.268
73,-6,Sweden,Uruguay,26.91,0.3333,0.2
73,-5,Sweden,Uruguay,24.64,0.3564,0.279
73,-4,Sweden,Uruguay,22.21,0.3421,0.177
73,-3,Sweden,Uruguay,31.68,0.3683,0.339
73,-2,Sweden,Uruguay,33.35,0.3683,0.275
73,-1,Sweden,Uruguay,40.21,0.358,0.197
73,0,Sweden,Uruguay,54.71,0.3447,0.249
73,1,Sweden,Uruguay,38.12,0.3533,0.272
73,2,Sweden,Uruguay,33.66,0.3473,0.206
73,3,Sweden,Uruguay,34.02,0.346,0.24
74,-7,Brazil,Uruguay,20.17,0.2141,-0.01
74,-6,Brazil,Uruguay,16.35,0.2245,-0.085
74,-5,Brazil,Uruguay,27.32,0.2221,-0.029
74,-4,Brazil,Uruguay,29.65,0.2108,-0.041
74,-3,Brazil,Uruguay,21.58,0.2389,0.142
74,-2,Brazil,Uruguay,25.01,0.2134,0.016
74,-1,Brazil,Uruguay,32.61,0.2228,0.003
74,0,Brazil,Uruguay,53.93,0.2117,0.024
74,1,Brazil,Uruguay,30.51,0.2183,-0.111
74,2,Brazil,Uruguay,29.45,0.2163,0.077
74,3,Brazil,Uruguay,27.77,0.2247,0.009
75,-7,Spain,Sweden,14.06,0.2965,0.088
75,-6,Spain,Sweden,24.06,0.3177,0.05
75,-5,Spain,Sweden,24.06,0.3166,0.165
75,-4,Spain,Sweden,29.56,0.3139,0.107
75,-3,Spain,Sweden,30.53,0.3256,0.226
75,-2,Spain,Sweden,32.51,0.3345,0.029
75,-1,Spain,Sweden,34.13,0.2949,0.121
75,0,Spain,Sweden,57.74,0.2898,0.123
75,1,Spain,Sweden,38.48,0.3271,0.026
75,2,Spain,Sweden,35.32,0.3206,0.151
75,3,Spain,Sweden,29.12,0.3251,0.188
76,-7,Austria,Scotland,18.11,0.2063,0.122
76,-6,Austria,Scotland,19.73,0.1894,0.082
76,-5,Austria,Scotland,26.81,0.2184,0.085
76,-4,Austria,Scotland,15.45,0.1953,-0.006
76,-3,Austria,Scotland,26.02,0.2232,-0.041
76,-2,Austria,Scotland,36.38,0.1983,-0.019
76,-1,Austria,Scotland,34.77,0.214,0.08
76,0,Austria,Scotland,45.84,0.2089,-0.037
76,1,Austria,Scotland,29.02,0.2018,-0.022
76,2,Austria,Scotland,32.22,0.196,0.02
76,3,Austria,Scotland,22.78,0.2154,-0.012
77,-7,Brazil,Mexico,27.43,0.42,0.065
77,-6,Brazil,Mexico,25.24,0.42,0.134
77,-5,Brazil,Mexico,26.44,0.42,0.099
77,-4,Brazil,Mexico,23.9,0.42,0.141
77,-3,Brazil,Mexico,32.68,0.42,0.07
77,-2,Brazil,Mexico,33.91,0.416,0.068
77,-1,Brazil,Mexico,46.48,0.42,0.055
77,0,Brazil,Mexico,56.89,0.4102,0.038
77,1,Brazil,Mexico,42.26,0.42,0.029
77,2,Brazil,Mexico,32.55,0.42,0.09
77,3,Brazil,Mexico,30.0,0.42,0.25
78,-7,Czechoslovakia,Uruguay,24.24,0.2367,0.158
78,-6,Czechoslovakia,Uruguay,20.9,0.2114,0.319
78,-5,Czechoslovakia,Uruguay,26.83,0.223,0.22
78,-4,Czechoslovakia,Uruguay,22.79,0.2265,0.331
78,-3,Czechoslovakia,Uruguay,27.94,0.2207,0.285
78,-2,Czechoslovakia,Uruguay,31.22,0.2277,0.325
78,-1,Czechoslovakia,Uruguay,33.84,0.2185,0.275
78,0,Czechoslovakia,Uruguay,48.77,0.2096,0.319
78,1,Czechoslovakia,Uruguay,31.27,0.2289,0.277
78,2,Czechoslovakia,Uruguay,33.15,0.2267,0.34
78,3,Czechoslovakia,Uruguay,25.78,0.224,0.333
79,-7,France,Yugoslavia,13.39,0.2948,0.254
79,-6,France,Yugoslavia,23.51,0.2841,0.136
79,-5,France,Yugoslavia,20.66,0.2731,0.163
79,-4,France,Yugoslavia,20.25,0.2617,0.067
79,-3,France,Yugoslavia,28.16,0.264,0.079
79,-2,France,Yugoslavia,28.16,0.2623,-0.076
79,-1,France,Yugoslavia,28.22,0.2775,0.129
79,0,France,Yugoslavia,50.26,0.2817,0.051
79,1,France,Yugoslavia,28.87,0.2789,0.08
79,2,France,Yugoslavia,31.71,0.279,0.185
79,3,France,Yugoslavia,24.23,0.2872,0.237
80,-7,Belgium,England,27.07,0.2614,0.163
80,-6,Belgium,England,31.98,0.2689,0.193
80,-5,Belgium,England,33.17,0.2588,0.255
80,-4,Belgium,England,36.62,0.2616,0.218
80,-3,Belgium,England,39.86,0.2687,0.189
80,-2,Belgium,England,40.75,0.2342,0.269
80,-1,Belgium,England,49.72,0.2523,0.237
80,0,Belgium,England,68.55,0.2508,0.244
80,1,Belgium,England,42.7,0.2526,0.165
80,2,Belgium,England,42.82,0.2583,0.198
80,3,Belgium,England,37.07,0.2528,0.308
81,-7,Germany,Turkey,21.89,0.1702,0.259
81,-6,Germany,Turkey,27.99,0.175,0.384
81,-5,Germany,Turkey,32.27,0.1661,0.395
81,-4,Germany,Turkey,35.13,0.1491,0.266
81,-3,Germany,Turkey,26.96,0.1753,0.202
81,-2,Germany,Turkey,29.29,0.1494,0.186
81,-1,Germany,Turkey,40.55,0.1496,0.19
81,0,Germany,Turkey,60.27,0.1628,0.177
81,1,Germany,Turkey,37.1,0.1617,0.283
81,2,Germany,Turkey,34.36,0.1768,0.458
81,3,Germany,Turkey,31.1,0.1467,0.292
82,-7,Hungary,South Korea,28.72,0.1855,0.196
82,-6,Hungary,South Korea,37.83,0.1655,0.118
82,-5,Hungary,South Korea,37.85,0.1798,0.208
82,-4,Hungary,South Korea,37.44,0.2009,0.287
82,-3,Hungary,South Korea,39.69,0.1652,0.104
82,-2,Hungary,South Korea,50.15,0.1691,0.188
82,-1,Hungary,South Korea,38.59,0.1699,0.215
82,0,Hungary,South Korea,72.42,0.1816,0.096
82,1,Hungary,South Korea,40.4,0.1944,0.133
82,2,Hungary,South Korea,37.17,0.1865,0.194
82,3,Hungary,South Korea,37.82,0.1875,0.156
83,-7,Switzerland,Italy,18.65,0.2808,0.307
83,-6,Switzerland,Italy,26.29,0.2896,0.209
83,-5,Switzerland,Italy,26.68,0.2857,0.206
83,-4,Switzerland,Italy,24.92,0.2883,0.352
83,-3,Switzerland,Italy,22.69,0.2998,0.337
83,-2,Switzerland,Italy,32.72,0.2772,0.283
83,-1,Switzerland,Italy,33.47,0.278,0.153
83,0,Switzerland,Italy,48.38,0.3081,0.26
83,1,Switzerland,Italy,36.42,0.2797,0.198
83,2,Switzerland,Italy,30.95,0.2812,0.242
83,3,Switzerland,Italy,26.4,0.2859,0.269
84,-7,Austria,Czechoslovakia,24.8,0.42,0.197
84,-6,Austria,Czechoslovakia,24.55,0.42,0.143
84,-5,Austria,Czechoslovakia,20.56,0.42,0.165
84,-4,Austria,Czechoslovakia,25.67,0.42,0.199
84,-3,Austria,Czechoslovakia,27.77,0.42,0.096
84,-2,Austria,Czechoslovakia,35.21,0.42,0.228
84,-1,Austria,Czechoslovakia,37.36,0.42,0.208
84,0,Austria,Czechoslovakia,65.14,0.42,0.097
84,1,Austria,Czechoslovakia,40.43,0.42,0.082
84,2,Austria,Czechoslovakia,31.82,0.42,0.318
84,3,Austria,Czechoslovakia,34.67,0.42,0.242
85,-7,Brazil,Yugoslavia,12.84,0.213,0.196
85,-6,Brazil,Yugoslavia,22.01,0.2133,0.165
85,-5,Brazil,Yugoslavia,24.3,0.2197,0.228
85,-4,Brazil,Yugoslavia,26.21,0.2259,0.288
85,-3,Brazil,Yugoslavia,30.34,0.2407,0.121
85,-2,Brazil,Yugoslavia,24.7,0.2181,0.152
85,-1,Brazil,Yugoslavia,38.87,0.2062,0.162
85,0,Brazil,Yugoslavia,52.92,0.221,0.156
85,1,Brazil,Yugoslavia,35.02,0.2327,0.276
85,2,Brazil,Yugoslavia,30.39,0.21,0.275
85,3,Brazil,Yugoslavia,23.67,0.2413,0.262
86,-7,France,Mexico,28.64,0.1989,0.083
86,-6,France,Mexico,21.5,0.1944,0.184
86,-5,France,Mexico,26.02,0.1981,0.219
86,-4,France,Mexico,25.17,0.2013,0.267
86,-3,France,Mexico,31.32,0.1992,0.238
86,-2,France,Mexico,40.18,0.1925,0.324
86,-1,France,Mexico,33.04,0.1962,0.203
86,0,France,Mexico,57.41,0.2046,0.293
86,1,France,Mexico,32.58,0.1993,0.273
86,2,France,Mexico,32.99,0.1807,0.12
86,3,France,Mexico,31.01,0.1886,0.287
87,-7,Scotland,Uruguay,26.68,0.2716,0.357
87,-6,Scotland,Uruguay,26.72,0.2731,0.229
87,-5,Scotland,Uruguay,31.97,0.2897,0.379
87,-4,Scotland,Uruguay,29.79,0.2864,0.244
87,-3,Scotland,Uruguay,31.91,0.2847,0.358
87,-2,Scotland,Uruguay,33.31,0.2716,0.314
87,-1,Scotland,Uruguay,46.85,0.2745,0.35
87,0,Scotland,Uruguay,67.21,0.2813,0.359
87,1,Scotland,Uruguay,38.79,0.2764,0.44
87,2,Scotland,Uruguay,44.27,0.2944,0.417
87,3,Scotland,Uruguay,28.97,0.2729,0.318
88,-7,Belgium,Italy,31.88,0.1643,0.144
88,-6,Belgium,Italy,26.46,0.1724,0.09
88,-5,Belgium,Italy,22.92,0.1357,0.182
88,-4,Belgium,Italy,27.28,0.1457,0.123
88,-3,Belgium,Italy,33.66,0.1773,0.17
88,-2,Belgium,Italy,32.3,0.1576,0.07
88,-1,Belgium,Italy,42.48,0.1429,0.101
88,0,Belgium,Italy,63.67,0.1788,0.142
88,1,Belgium,Italy,43.32,0.1351,0.205
88,2,Belgium,Italy,36.67,0.1841,0.01
88,3,Belgium,Italy,26.06,0.1895,0.027
89,-7,Germany,Hungary,29.25,0.2787,0.114
89,-6,Germany,Hungary,36.33,0.2751,-0.014
89,-5,Germany,Hungary,37.59,0.2811,-0.067
89,-4,Germany,Hungary,43.09,0.2426,0.132
89,-3,Germany,Hungary,39.47,0.2809,0.096
89,-2,Germany,Hungary,45.86,0.2778,0.054
89,-1,Germany,Hungary,53.78,0.2986,-0.034
89,0,Germany,Hungary,67.07,0.2674,0.026
89,1,Germany,Hungary,49.96,0.2613,0.121
89,2,Germany,Hungary,41.16,0.2778,0.105
89,3,Germany,Hungary,42.8,0.2782,0.126
90,-7,South Korea,Turkey,25.92,0.2434,0.088
90,-6,South Korea,Turkey,29.71,0.2583,-0.066
90,-5,South Korea,Turkey,29.15,0.2348,0.093
90,-4,South Korea,Turkey,34.88,0.2443,0.003
90,-3,South Korea,Turkey,37.45,0.246,0.154
90,-2,South Korea,Turkey,45.21,0.2596,0.07
90,-1,South Korea,Turkey,49.89,0.2505,0.02
90,0,South Korea,Turkey,63.99,0.2392,0.054
90,1,South Korea,Turkey,45.12,0.2306,0.023
90,2,South Korea,Turkey,39.75,0.2553,0.052
90,3,South Korea,Turkey,36.22,0.2327,-0.01
91,-7,Switzerland,England,19.76,0.3444,0.272
91,-6,Switzerland,England,18.46,0.3355,0.362
91,-5,Switzerland,England,25.03,0.3363,0.184
91,-4,Switzerland,England,22.6,0.3384,0.275
91,-3,Switzerland,England,29.43,0.343,0.23
91,-2,Switzerland,England,28.49,0.3629,0.217
91,-1,Switzerland,England,29.24,0.3186,0.231
91,0,Switzerland,England,54.79,0.3314,0.359
91,1,Switzerland,England,33.74,0.3516,0.203
91,2,Switzerland,England,27.68,0.3394,0.29
91,3,Switzerland,England,26.82,0.3418,0.297
92,-7,Germany,Turkey,23.06,0.1683,0.233
92,-6,Germany,Turkey,28.44,0.1773,0.234
92,-5,Germany,Turkey,25.44,0.1696,0.194
92,-4,Germany,Turkey,36.97,0.1821,0.117
92,-3,Germany,Turkey,35.82,0.1766,0.17
92,-2,Germany,Turkey,45.24,0.185,0.258
92,-1,Germany,Turkey,44.68,0.1447,0.326
92,0,Germany,Turkey,79.3,0.1939,0.255
92,1,Germany,Turkey,43.57,0.1825,0.26
92,2,Germany,Turkey,44.17,0.176,0.276
92,3,Germany,Turkey,42.12,0.1852,0.232
93,-7,Switzerland,Italy,20.2,0.1897,0.079
93,-6,Switzerland,Italy,21.31,0.2247,0.079
93,-5,Switzerland,Italy,26.33,0.2294,0.131
93,-4,Switzerland,Italy,29.03,0.2399,0.155
93,-3,Switzerland,Italy,30.74,0.2152,0.158
93,-2,Switzerland,Italy,36.23,0.2062,0.166
93,-1,Switzerland,Italy,44.0,0.2339,0.211
93,0,Switzerland,Italy,67.65,0.2405,0.127
93,1,Switzerland,Italy,38.87,0.1977,0.104
93,2,Switzerland,Italy,37.33,0.2202,-0.029
93,3,Switzerland,Italy,31.19,0.2274,0.031
94,-7,England,Uruguay,25.16,0.4169,0.021
94,-6,England,Uruguay,32.37,0.4072,-0.044
94,-5,England,Uruguay,29.21,0.4195,-0.019
94,-4,England,Uruguay,35.88,0.3837,-0.028
94,-3,England,Uruguay,35.48,0.4089,-0.215
94,-2,England,Uruguay,37.05,0.4032,0.06
94,-1,England,Uruguay,42.86,0.4022,-0.201
94,0,England,Uruguay,65.45,0.42,-0.072
94,1,England,Uruguay,43.66,0.4075,0.018
94,2,England,Uruguay,40.74,0.392,-0.155
94,3,England,Uruguay,40.89,0.42,-0.145
95,-7,Switzerland,Austria,26.0,0.42,0.009
95,-6,Switzerland,Austria,32.68,0.42,0.083
95,-5,Switzerland,Austria,40.4,0.42,0.055
95,-4,Switzerland,Austria,35.62,0.42,0.203
95,-3,Switzerland,Austria,41.86,0.42,0.03
95,-2,Switzerland,Austria,47.81,0.4157,0.09
95,-1,Switzerland,Austria,52.82,0.42,0.213
95,0,Switzerland,Austria,79.84,0.4056,0.075
95,1,Switzerland,Austria,54.28,0.42,0.078
95,2,Switzerland,Austria,52.95,0.42,0.082
95,3,Switzerland,Austria,40.55,0.4086,0.112
96,-7,Brazil,Hungary,25.44,0.1397,0.208
96,-6,Brazil,Hungary,25.87,0.1449,0.155
96,-5,Brazil,Hungary,29.87,0.1497,0.17
96,-4,Brazil,Hungary,27.87,0.1508,0.276
96,-3,Brazil,Hungary,34.5,0.1496,0.233
96,-2,Brazil,Hungary,42.04,0.1583,0.229
96,-1,Brazil,Hungary,43.78,0.1505,0.224
96,0,Brazil,Hungary,61.67,0.1338,0.235
96,1,Brazil,Hungary,42.76,0.1489,0.284
96,2,Brazil,Hungary,34.74,0.1311,0.162
96,3,Brazil,Hungary,28.38,0.1565,0.158
97,-7,Germany,Yugoslavia,23.42,0.2935,0.085
97,-6,Germany,Yugoslavia,18.6,0.2883,0.219
97,-5,Germany,Yugoslavia,16.08,0.2853,-0.004
97,-4,Germany,Yugoslavia,23.18,0.295,0.361
97,-3,Germany,Yugoslavia,26.61,0.2669,0.114
97,-2,Germany,Yugoslavia,30.51,0.2739,0.085
97,-1,Germany,Yugoslavia,32.27,0.2866,0.138
97,0,Germany,Yugoslavia,48.42,0.2739,0.121
97,1,Germany,Yugoslavia,30.26,0.2734,0.195
97,2,Germany,Yugoslavia,29.47,0.2609,0.222
97,3,Germany,Yugoslavia,28.9,0.2653,0.124
98,-7,Austria,Germany,22.96,0.42,0.148
98,-6,Austria,Germany,27.36,0.42,0.07
98,-5,Austria,Germany,34.71,0.42,0.122
98,-4,Austria,Germany,33.01,0.42,0.178
98,-3,Austria,Germany,40.81,0.42,0.165
98,-2,Austria,Germany,36.97,0.42,0.019
98,-1,Austria,Germany,47.86,0.42,0.235
98,0,Austria,Germany,70.12,0.42,0.109
98,1,Austria,Germany,49.6,0.42,0.128
98,2,Austria,Germany,35.35,0.42,0.28
98,3,Austria,Germany,37.76,0.42,0.285
99,-7,Hungary,Uruguay,29.47,0.42,0.298
99,-6,Hungary,Uruguay,25.51,0.42,0.076
99,-5,Hungary,Uruguay,31.61,0.4135,0.136
99,-4,Hungary,Uruguay,39.25,0.42,0.137
99,-3,Hungary,Uruguay,31.07,0.4188,0.033
99,-2,Hungary,Uruguay,40.37,0.42,0.091
99,-1,Hungary,Uruguay,47.37,0.42,0.114
99,0,Hungary,Uruguay,65.36,0.4094,0.085
99,1,Hungary,Uruguay,37.78,0.4108,0.097
99,2,Hungary,Uruguay,31.45,0.42,0.176
99,3,Hungary,Uruguay,33.75,0.3841,0.086
100,-7,Austria,Uruguay,17.4,0.2907,0.36
100,-6,Austria,Uruguay,15.38,0.2882,0.316
100,-5,Austria,Uruguay,23.33,0.2887,0.4
100,-4,Austria,Uruguay,29.32,0.3092,0.293
100,-3,Austria,Uruguay,31.18,0.3132,0.391
100,-2,Austria,Uruguay,27.88,0.2976,0.255
100,-1,Austria,Uruguay,36.15,0.3098,0.276
100,0,Austria,Uruguay,64.18,0.3112,0.354
100,1,Austria,Uruguay,33.46,0.2883,0.207
100,2,Austria,Uruguay,38.4,0.2864,0.192
100,3,Austria,Uruguay,26.69,0.331,0.248
101,-7,Germany,Hungary,25.28,0.2243,0.258
101,-6,Germany,Hungary,18.93,0.2263,0.14
101,-5,Germany,Hungary,27.89,0.2285,0.298
101,-4,Germany,Hungary,31.2,0.2297,0.261
101,-3,Germany,Hungary,30.82,0.2309,0.254
101,-2,Germany,Hungary,26.93,0.2468,0.141
101,-1,Germany,Hungary,37.1,0.2615,0.154
101,0,Germany,Hungary,63.76,0.2414,0.218
101,1,Germany,Hungary,38.72,0.2344,0.298
101,2,Germany,Hungary,38.77,0.232,0.118
101,3,Germany,Hungary,30.15,0.2498,0.274
102,-7,Argentina,Germany,24.98,0.2318,0.268
102,-6,Argentina,Germany,29.29,0.2533,0.354
102,-5,Argentina,Germany,22.05,0.2594,0.144
102,-4,Argentina,Germany,32.66,0.2586,0.341
102,-3,Argentina,Germany,33.41,0.2464,0.181
102,-2,Argentina,Germany,34.05,0.2451,0.309
102,-1,Argentina,Germany,43.41,0.2332,0.218
102,0,Argentina,Germany,59.63,0.2418,0.246
102,1,Argentina,Germany,44.06,0.2619,0.309
102,2,Argentina,Germany,32.41,0.2516,0.161
102,3,Argentina,Germany,32.5,0.2552,0.282
103,-7,Austria,Brazil,26.49,0.086,0.112
103,-6,Austria,Brazil,18.76,0.0839,0.277
103,-5,Austria,Brazil,25.25,0.0594,0.318
103,-4,Austria,Brazil,29.22,0.0798,0.09
103,-3,Austria,Brazil,30.14,0.0859,0.207
103,-2,Austria,Brazil,30.8,0.077,0.129
103,-1,Austria,Brazil,42.82,0.0884,0.135
103,0,Austria,Brazil,52.35,0.081,0.138
103,1,Austria,Brazil,35.54,0.0641,0.101
103,2,Austria,Brazil,33.75,0.0745,0.347
103,3,Austria,Brazil,32.16,0.0639,0.065
104,-7,Czechoslovakia,Northern Ireland,20.98,0.1419,0.302
104,-6,Czechoslovakia,Northern Ireland,22.0,0.1229,0.138
104,-5,Czechoslovakia,Northern Ireland,20.31,0.152,0.135
104,-4,Czechoslovakia,Northern Ireland,25.15,0.1307,0.209
104,-3,Czechoslovakia,Northern Ireland,28.21,0.1642,0.226
104,-2,Czechoslovakia,Northern Ireland,26.83,0.1646,0.196
104,-1,Czechoslovakia,Northern Ireland,35.81,0.1393,0.215
104,0,Czechoslovakia,Northern Ireland,47.7,0.1506,0.265
104,1,Czechoslovakia,Northern Ireland,31.37,0.1401,0.234
104,2,Czechoslovakia,Northern Ireland,26.8,0.1285,0.234
104,3,Czechoslovakia,Northern Ireland,26.54,0.1452,0.245
105,-7,England,Russia,25.35,0.3337,0.123
105,-6,England,Russia,22.49,0.3426,0.212
105,-5,England,Russia,24.75,0.3262,0.245
105,-4,England,Russia,28.18,0.3446,0.264
105,-3,England,Russia,30.57,0.347,0.212
105,-2,England,Russia,35.87,0.3093,0.134
105,-1,England,Russia,35.74,0.3318,0.21
105,0,England,Russia,59.96,0.339,0.154
105,1,England,Russia,41.37,0.3573,0.177
105,2,England,Russia,32.61,0.3274,0.208
105,3,England,Russia,29.82,0.3148,0.1
106,-7,France,Paraguay,33.52,0.2056,0.175
106,-6,France,Paraguay,32.93,0.1783,0.032
106,-5,France,Paraguay,29.45,0.1718,0.081
106,-4,France,Paraguay,39.52,0.2137,0.057
106,-3,France,Paraguay,36.41,0.1887,0.043
106,-2,France,Paraguay,43.69,0.1943,-0.022
106,-1,France,Paraguay,51.09,0.198,0.162
106,0,France,Paraguay,78.32,0.2027,0.032
106,1,France,Paraguay,49.56,0.2064,-0.033
106,2,France,Paraguay,43.99,0.2037,0.048
106,3,France,Paraguay,40.16,0.187,0.071
107,-7,Hungary,Wales,24.54,0.2179,0.195
107,-6,Hungary,Wales,26.08,0.2109,0.254
107,-5,Hungary,Wales,20.41,0.2277,0.209
107,-4,Hungary,Wales,16.44,0.2267,0.194
107,-3,Hungary,Wales,27.11,0.1995,0.225
107,-2,Hungary,Wales,28.33,0.1999,0.155
107,-1,Hungary,Wales,34.03,0.2006,0.254
107,0,Hungary,Wales,54.42,0.2115,0.237
107,1,Hungary,Wales,34.73,0.1946,0.32
107,2,Hungary,Wales,34.68,0.2262,0.266
107,3,Hungary,Wales,26.89,0.1786,0.108
108,-7,Scotland,Yugoslavia,22.97,0.1693,0.206
108,-6,Scotland,Yugoslavia,13.52,0.1703,0.159
108,-5,Scotland,Yugoslavia,21.47,0.1807,0.163
108,-4,Scotland,Yugoslavia,22.79,0.1727,0.296
108,-3,Scotland,Yugoslavia,27.09,0.1881,0.145
108,-2,Scotland,Yugoslavia,26.35,0.152,0.119
108,-1,Scotland,Yugoslavia,36.23,0.1588,0.136
108,0,Scotland,Yugoslavia,54.8,0.1804,0.309
108,1,Scotland,Yugoslavia,38.12,0.1595,0.254
108,2,Scotland,Yugoslavia,33.18,0.1648,0.247
108,3,Scotland,Yugoslavia,24.12,0.163,0.261
109,-7,Sweden,Mexico,27.17,0.1428,0.318
109,-6,Sweden,Mexico,23.77,0.1281,0.171
109,-5,Sweden,Mexico,22.42,0.1194,0.312
109,-4,Sweden,Mexico,30.81,0.1378,0.355
109,-3,Sweden,Mexico,30.33,0.1172,0.269
109,-2,Sweden,Mexico,30.65,0.1369,0.247
109,-1,Sweden,Mexico,36.66,0.1373,0.22
109,0,Sweden,Mexico,59.82,0.1128,0.293
109,1,Sweden,Mexico,36.68,0.1389,0.176
109,2,Sweden,Mexico,27.82,0.138,0.245
109,3,Sweden,Mexico,29.76,0.1211,0.336
110,-7,Argentina,Northern Ireland,24.09,0.1431,0.116
110,-6,Argentina,Northern Ireland,26.48,0.1283,0.152
110,-5,Argentina,Northern Ireland,21.89,0.1383,0.273
110,-4,Argentina,Northern Ireland,29.75,0.1349,0.206
110,-3,Argentina,Northern Ireland,32.02,0.141,0.21
110,-2,Argentina,Northern Ireland,31.29,0.1415,0.075
110,-1,Argentina,Northern Ireland,40.96,0.127,0.28
110,0,Argentina,Northern Ireland,50.86,0.1603,0.083
110,1,Argentina,Northern Ireland,34.75,0.1438,0.241
110,2,Argentina,Northern Ireland,33.94,0.1509,0.142
110,3,Argentina,Northern Ireland,30.26,0.1366,0.16
111,-7,Austria,Russia,13.97,0.2519,0.052
111,-6,Austria,Russia,26.03,0.2368,0.015
111,-5,Austria,Russia,28.22,0.2557,0.098
111,-4,Austria,Russia,27.65,0.2577,0.187
111,-3,Austria,Russia,28.82,0.2401,0.105
111,-2,Austria,Russia,29.45,0.2509,0.086
111,-1,Austria,Russia,32.18,0.2461,0.093
111,0,Austria,Russia,51.55,0.2639,-0.009
111,1,Austria,Russia,31.59,0.2751,-0.047
111,2,Austria,Russia,31.34,0.2744,0.058
111,3,Austria,Russia,33.21,0.26,0.059
112,-7,Brazil,England,17.98,0.2537,0.053
112,-6,Brazil,England,20.59,0.2819,0.248
112,-5,Brazil,England,22.32,0.2867,0.157
112,-4,Brazil,England,25.06,0.2781,0.069
112,-3,Brazil,England,24.1,0.2844,0.063
112,-2,Brazil,England,30.13,0.267,0.085
112,-1,Brazil,England,36.59,0.2764,0.204
112,0,Brazil,England,48.11,0.2784,0.083
112,1,Brazil,England,30.07,0.2553,0.137
112,2,Brazil,England,35.62,0.2849,0.113
112,3,Brazil,England,24.69,0.293,0.072
113,-7,Czechoslovakia,Germany,23.98,0.1118,0.076
113,-6,Czechoslovakia,Germany,26.01,0.1415,0.178
113,-5,Czechoslovakia,Germany,21.15,0.1129,0.154
113,-4,Czechoslovakia,Germany,26.34,0.1413,-0.001
113,-3,Czechoslovakia,Germany,31.32,0.1302,0.147
113,-2,Czechoslovakia,Germany,31.32,0.107,0.125
113,-1,Czechoslovakia,Germany,40.79,0.1427,0.088
113,0,Czechoslovakia,Germany,62.13,0.1364,0.206
113,1,Czechoslovakia,Germany,38.75,0.1098,0.108
113,2,Czechoslovakia,Germany,35.24,0.1368,0.006
113,3,Czechoslovakia,Germany,30.57,0.141,0.106
114,-7,France,Yugoslavia,23.12,0.2119,0.1
114,-6,France,Yugoslavia,30.28,0.2013,0.159
114,-5,France,Yugoslavia,27.89,0.1886,0.188
114,-4,France,Yugoslavia,28.32,0.1839,0.15
114,-3,France,Yugoslavia,32.11,0.1853,0.018
114,-2,France,Yugoslavia,37.02,0.1827,0.044
114,-1,France,Yugoslavia,39.67,0.1844,0.264
114,0,France,Yugoslavia,60.5,0.197,0.272
114,1,France,Yugoslavia,38.7,0.1884,0.296
114,2,France,Yugoslavia,37.48,0.1935,0.146
114,3,France,Yugoslavia,35.65,0.1885,0.047
115,-7,Mexico,Wales,19.49,0.1741,0.152
115,-6,Mexico,Wales,19.04,0.194,0.147
115,-5,Mexico,Wales,19.64,0.1824,0.187
115,-4,Mexico,Wales,30.08,0.1775,0.067
115,-3,Mexico,Wales,35.32,0.1882,0.15
115,-2,Mexico,Wales,28.85,0.1909,0.264
115,-1,Mexico,Wales,35.94,0.2011,0.146
115,0,Mexico,Wales,49.88,0.1801,0.066
115,1,Mexico,Wales,35.82,0.203,0.155
115,2,Mexico,Wales,30.36,0.1788,0.169
115,3,Mexico,Wales,24.16,0.1747,0.207
116,-7,Paraguay,Scotland,23.22,0.1585,0.032
116,-6,Paraguay,Scotland,28.5,0.1641,-0.008
116,-5,Paraguay,Scotland,25.53,0.1598,0.065
116,-4,Paraguay,Scotland,30.28,0.1606,0.047
116,-3,Paraguay,Scotland,33.12,0.1527,0.121
116,-2,Paraguay,Scotland,34.99,0.1637,-0.1
116,-1,Paraguay,Scotland,40.14,0.1489,-0.025
116,0,Paraguay,Scotland,70.86,0.1651,0.13
116,1,Paraguay,Scotland,43.89,0.1739,0.03
116,2,Paraguay,Scotland,42.3,0.1723,0.047
116,3,Paraguay,Scotland,34.17,0.1605,0.048
117,-7,Sweden,Hungary,21.74,0.2262,0.165
117,-6,Sweden,Hungary,19.27,0.2353,0.017
117,-5,Sweden,Hungary,29.78,0.2176,0.072
117,-4,Sweden,Hungary,26.95,0.2008,0.165
117,-3,Sweden,Hungary,26.78,0.2226,-0.031
117,-2,Sweden,Hungary,28.5,0.2191,0.001
117,-1,Sweden,Hungary,32.91,0.2212,-0.061
117,0,Sweden,Hungary,56.88,0.2201,-0.131
117,1,Sweden,Hungary,35.17,0.2272,-0.031
117,2,Sweden,Hungary,34.97,0.2268,-0.028
117,3,Sweden,Hungary,30.04,0.2315,-0.018
118,-7,Argentina,Czechoslovakia,25.78,0.3536,-0.114
118,-6,Argentina,Czechoslovakia,30.04,0.3268,-0.065
118,-5,Argentina,Czechoslovakia,32.24,0.3109,-0.091
118,-4,Argentina,Czechoslovakia,34.8,0.3425,-0.091
118,-3,Argentina,Czechoslovakia,32.54,0.3473,-0.077
118,-2,Argentina,Czechoslovakia,42.08,0.3444,-0.085
118,-1,Argentina,Czechoslovakia,48.54,0.3327,0.029
118,0,Argentina,Czechoslovakia,72.95,0.3524,-0.067
118,1,Argentina,Czechoslovakia,53.7,0.3416,-0.037
118,2,Argentina,Czechoslovakia,40.09,0.3262,0.037
118,3,Argentina,Czechoslovakia,34.41,0.3508,0.027
119,-7,Austria,England,25.15,0.263,-0.18
119,-6,Austria,England,15.35,0.2699,-0.1
119,-5,Austria,England,25.84,0.2642,-0.177
119,-4,Austria,England,33.21,0.2706,-0.026
119,-3,Austria,England,29.66,0.2739,-0.186
119,-2,Austria,England,42.19,0.2735,-0.007
119,-1,Austria,England,37.48,0.2896,-0.148
119,0,Austria,England,62.34,0.2567,-0.132
119,1,Austria,England,35.2,0.2744,-0.262
119,2,Austria,England,34.6,0.2844,-0.118
119,3,Austria,England,27.34,0.2485,-0.121
120,-7,Brazil,Russia,26.27,0.1983,0.29
120,-6,Brazil,Russia,22.23,0.1864,0.034
120,-5,Brazil,Russia,26.7,0.2115,0.247
120,-4,Brazil,Russia,21.87,0.2113,0.143
120,-3,Brazil,Russia,28.0,0.2053,0.118
120,-2,Brazil,Russia,32.05,0.2135,0.161
120,-1,Brazil,Russia,39.27,0.1955,0.016
120,0,Brazil,Russia,57.03,0.1986,0.116
120,1,Brazil,Russia,32.91,0.2023,0.041
120,2,Brazil,Russia,29.44,0.2177,0.143
120,3,Brazil,Russia,30.26,0.2039,0.206
121,-7,France,Scotland,20.11,0.2214,0.41
121,-6,France,Scotland,26.17,0.24,0.472
121,-5,France,Scotland,22.36,0.2547,0.51
121,-4,France,Scotland,27.64,0.244,0.381
121,-3,France,Scotland,35.78,0.2515,0.538
121,-2,France,Scotland,34.16,0.2389,0.347
121,-1,France,Scotland,37.22,0.2222,0.355
121,0,France,Scotland,54.86,0.2496,0.524
121,1,France,Scotland,37.19,0.2236,0.324
121,2,France,Scotland,34.1,0.2478,0.502
121,3,France,Scotland,33.44,0.2579,0.373
122,-7,Germany,Northern Ireland,26.89,0.3649,0.404
122,-6,Germany,Northern Ireland,23.74,0.3583,0.378
122,-5,Germany,Northern Ireland,31.56,0.3708,0.445
122,-4,Germany,Northern Ireland,23.16,0.3613,0.326
122,-3,Germany,Northern Ireland,30.36,0.3677,0.345
122,-2,Germany,Northern Ireland,33.08,0.3714,0.355
122,-1,Germany,Northern Ireland,36.61,0.3744,0.291
122,0,Germany,Northern Ireland,55.19,0.3849,0.456
122,1,Germany,Northern Ireland,42.67,0.3797,0.291
122,2,Germany,Northern Ireland,33.92,0.3884,0.176
122,3,Germany,Northern Ireland,30.39,0.3845,0.256
123,-7,Hungary,Mexico,24.52,0.2584,-0.044
123,-6,Hungary,Mexico,25.03,0.2465,0.087
123,-5,Hungary,Mexico,29.02,0.2587,0.063
123,-4,Hungary,Mexico,29.96,0.2398,0.056
123,-3,Hungary,Mexico,28.87,0.2663,0.106
123,-2,Hungary,Mexico,37.31,0.2745,0.035
123,-1,Hungary,Mexico,37.03,0.2497,-0.054
123,0,Hungary,Mexico,54.08,0.2614,-0.04
123,1,Hungary,Mexico,35.18,0.2527,0.029
123,2,Hungary,Mexico,38.03,0.2546,0.002
123,3,Hungary,Mexico,35.06,0.2626,-0.041
124,-7,Paraguay,Yugoslavia,26.23,0.2689,0.119
124,-6,Paraguay,Yugoslavia,33.74,0.279,0.156
124,-5,Paraguay,Yugoslavia,29.64,0.288,0.122
124,-4,Paraguay,Yugoslavia,29.99,0.2854,0.065
124,-3,Paraguay,Yugoslavia,38.3,0.2582,0.154
124,-2,Paraguay,Yugoslavia,32.82,0.2648,0.262
124,-1,Paraguay,Yugoslavia,46.5,0.2913,0.07
124,0,Paraguay,Yugoslavia,61.67,0.2816,0.221
124,1,Paraguay,Yugoslavia,40.04,0.2706,0.092
124,2,Paraguay,Yugoslavia,44.22,0.2718,0.173
124,3,Paraguay,Yugoslavia,35.12,0.2908,0.104
125,-7,Sweden,Wales,22.52,0.1687,0.092
125,-6,Sweden,Wales,13.78,0.1827,0.124
125,-5,Sweden,Wales,23.78,0.1891,-0.063
125,-4,Sweden,Wales,20.59,0.2001,0.043
125,-3,Sweden,Wales,28.45,0.1849,-0.01
125,-2,Sweden,Wales,30.63,0.1871,-0.002
125,-1,Sweden,Wales,26.21,0.1954,0.041
125,0,Sweden,Wales,45.41,0.1982,0.027
125,1,Sweden,Wales,32.08,0.1946,0.057
125,2,Sweden,Wales,28.97,0.1817,0.149
125,3,Sweden,Wales,22.76,0.193,0.004
126,-7,Czechoslovakia,Northern Ireland,23.48,0.1337,0.003
126,-6,Czechoslovakia,Northern Ireland,25.6,0.1221,-0.02
126,-5,Czechoslovakia,Northern Ireland,29.74,0.1274,-0.005
126,-4,Czechoslovakia,Northern Ireland,31.37,0.1089,0.023
126,-3,Czechoslovakia,Northern Ireland,28.58,0.1279,-0.009
126,-2,Czechoslovakia,Northern Ireland,35.84,0.126,-0.001
126,-1,Czechoslovakia,Northern Ireland,43.4,0.11,-0.074
126,0,Czechoslovakia,Northern Ireland,59.44,0.0931,0.129
126,1,Czechoslovakia,Northern Ireland,37.36,0.1018,-0.041
126,2,Czechoslovakia,Northern Ireland,27.46,0.1235,-0.068
126,3,Czechoslovakia,Northern Ireland,31.84,0.1152,-0.008
127,-7,England,Russia,21.37,0.0748,0.116
127,-6,England,Russia,18.8,0.0669,-0.008
127,-5,England,Russia,23.24,0.058,0.006
127,-4,England,Russia,23.15,0.0708,0.036
127,-3,England,Russia,28.69,0.066,-0.005
127,-2,England,Russia,30.36,0.0563,0.076
127,-1,England,Russia,32.11,0.0698,0.051
127,0,England,Russia,56.11,0.0719,0.041
127,1,England,Russia,30.68,0.0769,0.017
127,2,England,Russia,24.35,0.065,0.049
127,3,England,Russia,24.05,0.0659,0.031
128,-7,Hungary,Wales,21.69,0.1983,0.042
128,-6,Hungary,Wales,30.61,0.1831,0.175
128,-5,Hungary,Wales,25.79,0.1628,0.06
128,-4,Hungary,Wales,25.67,0.1954,0.037
128,-3,Hungary,Wales,27.08,0.1855,0.167
128,-2,Hungary,Wales,34.73,0.1717,0.022
128,-1,Hungary,Wales,38.89,0.2007,0.11
128,0,Hungary,Wales,52.44,0.1783,0.162
128,1,Hungary,Wales,36.18,0.2004,0.199
128,2,Hungary,Wales,33.83,0.16,0.086
128,3,Hungary,Wales,28.16,0.1745,0.147
129,-7,Brazil,Wales,20.33,0.2228,0.194
129,-6,Brazil,Wales,21.07,0.2472,0.19
129,-5,Brazil,Wales,19.99,0.258,0.128
129,-4,Brazil,Wales,29.91,0.2322,0.239
129,-3,Brazil,Wales,23.75,0.2735,0.071
129,-2,Brazil,Wales,33.39,0.2386,0.188
129,-1,Brazil,Wales,32.96,0.2298,-0.058
129,0,Brazil,Wales,59.28,0.2438,-0.068
129,1,Brazil,Wales,34.17,0.2512,0.088
129,2,Brazil,Wales,27.21,0.2427,0.222
129,3,Brazil,Wales,27.26,0.2605,0.217
130,-7,France,Northern Ireland,22.24,0.2182,0.165
130,-6,France,Northern Ireland,26.57,0.2377,0.225
130,-5,France,Northern Ireland,29.69,0.2434,0.162
130,-4,France,Northern Ireland,30.77,0.2638,0.077
130,-3,France,Northern Ireland,33.37,0.259,0.099
130,-2,France,Northern Ireland,38.43,0.2506,0.078
130,-1,France,Northern Ireland,41.44,0.2337,0.177
130,0,France,Northern Ireland,58.28,0.2528,0.173
130,1,France,Northern Ireland,37.33,0.2316,0.157
130,2,France,Northern Ireland,31.15,0.2313,0.189
130,3,France,Northern Ireland,33.08,0.2514,0.198
131,-7,Germany,Yugoslavia,17.93,0.0952,0.244
131,-6,Germany,Yugoslavia,20.61,0.1063,0.241
131,-5,Germany,Yugoslavia,24.49,0.1105,0.211
131,-4,Germany,Yugoslavia,21.81,0.0999,0.282
131,-3,Germany,Yugoslavia,25.43,0.0911,0.304
131,-2,Germany,Yugoslavia,26.39,0.1077,0.257
131,-1,Germany,Yugoslavia,33.12,0.0776,0.25
131,0,Germany,Yugoslavia,55.15,0.1167,0.074
131,1,Germany,Yugoslavia,40.55,0.0914,0.148
131,2,Germany,Yugoslavia,32.43,0.1127,0.229
131,3,Germany,Yugoslavia,24.92,0.1233,0.22
132,-7,Sweden,Russia,15.26,0.16,0.138
132,-6,Sweden,Russia,26.16,0.1521,0.29
132,-5,Sweden,Russia,22.92,0.1454,0.173
132,-4,Sweden,Russia,25.0,0.1548,-0.083
132,-3,Sweden,Russia,28.24,0.144,0.113
132,-2,Sweden,Russia,28.37,0.1561,0.088
132,-1,Sweden,Russia,35.75,0.1448,0.158
132,0,Sweden,Russia,58.48,0.1475,0.182
132,1,Sweden,Russia,35.56,0.1391,0.113
132,2,Sweden,Russia,30.44,0.152,0.13
132,3,Sweden,Russia,25.72,0.1425,0.016
133,-7,Brazil,France,25.85,0.291,0.287
133,-6,Brazil,France,33.15,0.2786,0.174
133,-5,Brazil,France,31.44,0.2882,0.148
133,-4,Brazil,France,32.06,0.3135,0.131
133,-3,Brazil,France,37.6,0.2607,0.218
133,-2,Brazil,France,44.31,0.2784,0.124
133,-1,Brazil,France,46.37,0.2912,0.193
133,0,Brazil,France,67.32,0.3134,0.113
133,1,Brazil,France,54.21,0.3059,0.218
133,2,Brazil,France,36.52,0.3019,0.202
133,3,Brazil,France,28.99,0.2741,0.185
134,-7,Sweden,Germany,22.58,0.2205,0.123
134,-6,Sweden,Germany,21.63,0.2212,0.002
134,-5,Sweden,Germany,28.46,0.2061,0.012
134,-4,Sweden,Germany,22.92,0.2229,0.098
134,-3,Sweden,Germany,34.26,0.218,0.084
134,-2,Sweden,Germany,34.28,0.243,0.038
134,-1,Sweden,Germany,28.54,0.2374,0.015
134,0,Sweden,Germany,58.45,0.2307,-0.053
134,1,Sweden,Germany,39.21,0.2331,0.072
134,2,Sweden,Germany,32.83,0.2386,-0.023
134,3,Sweden,Germany,29.47,0.2251,0.068
135,-7,France,Germany,27.67,0.3043,0.043
135,-6,France,Germany,31.17,0.2927,0.073
135,-5,France,Germany,34.18,0.2679,0.098
135,-4,France,Germany,36.61,0.2978,-0.006
135,-3,France,Germany,33.18,0.2623,-0.044
135,-2,France,Germany,45.47,0.3052,0.043
135,-1,France,Germany,45.0,0.2802,0.117
135,0,France,Germany,69.68,0.3148,0.153
135,1,France,Germany,56.15,0.2942,-0.002
135,2,France,Germany,44.91,0.3005,-0.024
135,3,France,Germany,35.72,0.2862,-0.032
136,-7,Sweden,Brazil,30.84,0.42,0.013
136,-6,Sweden,Brazil,31.87,0.42,0.021
136,-5,Sweden,Brazil,32.02,0.42,0.078
136,-4,Sweden,Brazil,37.72,0.42,0.129
136,-3,Sweden,Brazil,33.96,0.42,0.011
136,-2,Sweden,Brazil,39.96,0.42,-0.063
136,-1,Sweden,Brazil,46.62,0.42,-0.086
136,0,Sweden,Brazil,64.7,0.42,-0.031
136,1,Sweden,Brazil,46.49,0.42,0.074
136,2,Sweden,Brazil,39.75,0.42,0.007
136,3,Sweden,Brazil,41.29,0.42,0.122
137,-7,Argentina,Bulgaria,23.71,0.2332,0.304
137,-6,Argentina,Bulgaria,20.71,0.2369,0.183
137,-5,Argentina,Bulgaria,26.94,0.225,0.217
137,-4,Argentina,Bulgaria,27.95,0.2461,0.164
137,-3,Argentina,Bulgaria,30.6,0.2217,0.07
137,-2,Argentina,Bulgaria,28.23,0.2435,0.22
137,-1,Argentina,Bulgaria,32.53,0.2342,0.223
137,0,Argentina,Bulgaria,54.65,0.2142,0.214
137,1,Argentina,Bulgaria,34.83,0.2171,0.124
137,2,Argentina,Bulgaria,29.57,0.2336,0.222
137,3,Argentina,Bulgaria,26.02,0.2263,0.193
138,-7,Brazil,Mexico,22.55,0.2097,-0.033
138,-6,Brazil,Mexico,25.25,0.1935,0.159
138,-5,Brazil,Mexico,29.04,0.1857,0.188
138,-4,Brazil,Mexico,22.63,0.1963,0.105
138,-3,Brazil,Mexico,29.71,0.1829,0.153
138,-2,Brazil,Mexico,38.15,0.1831,0.135
138,-1,Brazil,Mexico,39.34,0.1912,0.217
138,0,Brazil,Mexico,53.94,0.1934,0.052
138,1,Brazil,Mexico,36.79,0.1948,0.167
138,2,Brazil,Mexico,30.37,0.1866,0.154
138,3,Brazil,Mexico,34.44,0.2023,0.251
139,-7,Chile,Switzerland,25.75,0.2378,0.017
139,-6,Chile,Switzerland,30.75,0.2465,-0.107
139,-5,Chile,Switzerland,30.36,0.2348,-0.045
139,-4,Chile,Switzerland,23.71,0.2131,-0.057
139,-3,Chile,Switzerland,27.59,0.2275,0.019
139,-2,Chile,Switzerland,34.05,0.2326,-0.106
139,-1,Chile,Switzerland,41.28,0.2377,-0.131
139,0,Chile,Switzerland,58.75,0.2164,0.005
139,1,Chile,Switzerland,40.81,0.231,-0.04
139,2,Chile,Switzerland,37.22,0.2357,-0.066
139,3,Chile,Switzerland,30.49,0.2309,-0.044
140,-7,Colombia,Uruguay,29.87,0.2342,0.17
140,-6,Colombia,Uruguay,25.94,0.2556,0.093
140,-5,Colombia,Uruguay,30.91,0.237,0.325
140,-4,Colombia,Uruguay,29.74,0.2241,0.136
140,-3,Colombia,Uruguay,35.81,0.2398,0.146
140,-2,Colombia,Uruguay,36.86,0.2347,0.135
140,-1,Colombia,Uruguay,34.99,0.2595,0.064
140,0,Colombia,Uruguay,59.01,0.2446,0.149
140,1,Colombia,Uruguay,33.9,0.2268,0.187
140,2,Colombia,Uruguay,31.61,0.2139,0.177
140,3,Colombia,Uruguay,28.08,0.2464,0.136
141,-7,Czechoslovakia,Spain,19.48,0.2725,-0.049
141,-6,Czechoslovakia,Spain,18.95,0.2688,-0.049
141,-5,Czechoslovakia,Spain,26.06,0.2682,-0.07
141,-4,Czechoslovakia,Spain,23.62,0.2731,-0.0
141,-3,Czechoslovakia,Spain,29.36,0.2788,0.199
141,-2,Czechoslovakia,Spain,34.88,0.2523,0.006
141,-1,Czechoslovakia,Spain,33.46,0.2788,-0.034
141,0,Czechoslovakia,Spain,50.62,0.257,-0.011
141,1,Czechoslovakia,Spain,32.42,0.2681,-0.052
141,2,Czechoslovakia,Spain,34.29,0.2776,-0.07
141,3,Czechoslovakia,Spain,28.05,0.2531,0.125
142,-7,England,Hungary,28.3,0.2316,0.262
142,-6,England,Hungary,21.98,0.2269,0.315
142,-5,England,Hungary,31.02,0.2438,0.39
142,-4,England,Hungary,29.06,0.2185,0.268
142,-3,England,Hungary,31.34,0.2179,0.343
142,-2,England,Hungary,37.16,0.2388,0.357
142,-1,England,Hungary,31.76,0.2483,0.212
142,0,England,Hungary,57.88,0.2397,0.347
142,1,England,Hungary,33.82,0.2191,0.342
142,2,England,Hungary,36.13,0.219,0.349
142,3,England,Hungary,25.83,0.2398,0.26
143,-7,Germany,Italy,19.48,0.42,0.179
143,-6,Germany,Italy,21.45,0.42,0.123
143,-5,Germany,Italy,29.72,0.42,0.094
143,-4,Germany,Italy,21.21,0.42,0.146
143,-3,Germany,Italy,23.28,0.42,0.199
143,-2,Germany,Italy,29.63,0.42,0.25
143,-1,Germany,Italy,38.62,0.42,0.187
143,0,Germany,Italy,48.57,0.42,0.068
143,1,Germany,Italy,27.71,0.42,-0.0
143,2,Germany,Italy,30.14,0.42,0.134
143,3,Germany,Italy,26.07,0.42,0.108
144,-7,Russia,Yugoslavia,23.18,0.2123,0.219
144,-6,Russia,Yugoslavia,18.45,0.2365,0.261
144,-5,Russia,Yugoslavia,25.62,0.2048,0.154
144,-4,Russia,Yugoslavia,30.03,0.2104,0.267
144,-3,Russia,Yugoslavia,24.81,0.2309,0.287
144,-2,Russia,Yugoslavia,32.31,0.2179,0.276
144,-1,Russia,Yugoslavia,31.67,0.2324,0.258
144,0,Russia,Yugoslavia,52.98,0.1991,0.293
144,1,Russia,Yugoslavia,37.08,0.2181,0.226
144,2,Russia,Yugoslavia,29.09,0.2184,0.21
144,3,Russia,Yugoslavia,29.47,0.2408,0.285
145,-7,Argentina,England,27.05,0.42,0.292
145,-6,Argentina,England,25.96,0.42,0.233
145,-5,Argentina,England,20.39,0.42,0.176
145,-4,Argentina,England,33.07,0.42,0.274
145,-3,Argentina,England,32.56,0.42,0.35
145,-2,Argentina,England,35.99,0.42,0.33
145,-1,Argentina,England,36.83,0.42,0.3
145,0,Argentina,England,65.65,0.42,0.293
145,1,Argentina,England,38.78,0.42,0.342
145,2,Argentina,England,35.17,0.42,0.163
145,3,Argentina,England,35.95,0.42,0.291
146,-7,Brazil,Czechoslovakia,21.92,0.2331,0.049
146,-6,Brazil,Czechoslovakia,24.1,0.2294,-0.003
146,-5,Brazil,Czechoslovakia,21.4,0.2544,0.174
146,-4,Brazil,Czechoslovakia,23.78,0.2306,0.135
146,-3,Brazil,Czechoslovakia,20.54,0.2421,0.058
146,-2,Brazil,Czechoslovakia,33.63,0.2558,-0.005
146,-1,Brazil,Czechoslovakia,33.04,0.2323,0.04
146,0,Brazil,Czechoslovakia,51.67,0.2351,0.075
146,1,Brazil,Czechoslovakia,35.8,0.2573,0.081
146,2,Brazil,Czechoslovakia,29.52,0.2258,0.172
146,3,Brazil,Czechoslovakia,28.12,0.2407,0.067
147,-7,Chile,Italy,22.76,0.157,0.227
147,-6,Chile,Italy,28.71,0.1506,0.287
147,-5,Chile,Italy,28.59,0.147,0.047
147,-4,Chile,Italy,27.32,0.1664,0.11
147,-3,Chile,Italy,29.84,0.1497,0.23
147,-2,Chile,Italy,31.24,0.1373,0.204
147,-1,Chile,Italy,33.74,0.1257,0.293
147,0,Chile,Italy,58.69,0.1703,0.225
147,1,Chile,Italy,38.73,0.1521,0.151
147,2,Chile,Italy,34.39,0.1411,0.089
147,3,Chile,Italy,28.38,0.1632,0.078
148,-7,Uruguay,Yugoslavia,19.55,0.1536,0.183
148,-6,Uruguay,Yugoslavia,27.24,0.1584,0.244
148,-5,Uruguay,Yugoslavia,25.34,0.1619,0.264
148,-4,Uruguay,Yugoslavia,30.01,0.1462,0.238
148,-3,Uruguay,Yugoslavia,31.62,0.1269,0.265
148,-2,Uruguay,Yugoslavia,38.5,0.1189,0.248
148,-1,Uruguay,Yugoslavia,46.39,0.133,0.207
148,0,Uruguay,Yugoslavia,60.75,0.1664,0.29
148,1,Uruguay,Yugoslavia,37.16,0.1506,0.373
148,2,Uruguay,Yugoslavia,33.9,0.1464,0.248
148,3,Uruguay,Yugoslavia,30.58,0.1677,0.179
149,-7,Bulgaria,Hungary,22.4,0.274,0.214
149,-6,Bulgaria,Hungary,26.46,0.2839,0.207
149,-5,Bulgaria,Hungary,27.33,0.2735,0.192
149,-4,Bulgaria,Hungary,36.72,0.2738,0.179
149,-3,Bulgaria,Hungary,36.47,0.289,0.204
149,-2,Bulgaria,Hungary,40.02,0.286,0.139
149,-1,Bulgaria,Hungary,47.68,0.286,0.334
149,0,Bulgaria,Hungary,69.12,0.2786,0.123
149,1,Bulgaria,Hungary,42.46,0.2748,0.215
149,2,Bulgaria,Hungary,43.91,0.2838,0.147
149,3,Bulgaria,Hungary,35.73,0.2693,0.129
150,-7,Colombia,Russia,23.88,0.1906,0.321
150,-6,Colombia,Russia,23.71,0.1778,0.211
150,-5,Colombia,Russia,33.62,0.1672,0.264
150,-4,Colombia,Russia,37.14,0.1867,0.14
150,-3,Colombia,Russia,34.2,0.1795,0.125
150,-2,Colombia,Russia,46.76,0.1488,0.159
150,-1,Colombia,Russia,45.87,0.1703,0.21
150,0,Colombia,Russia,74.65,0.182,0.245
150,1,Colombia,Russia,47.43,0.1996,0.289
150,2,Colombia,Russia,41.98,0.1727,0.169
150,3,Colombia,Russia,40.31,0.1626,0.137
151,-7,Germany,Switzerland,15.07,0.3272,0.098
151,-6,Germany,Switzerland,23.78,0.3308,0.042
151,-5,Germany,Switzerland,22.72,0.3323,0.085
151,-4,Germany,Switzerland,29.54,0.3437,0.111
151,-3,Germany,Switzerland,33.45,0.3234,-0.001
151,-2,Germany,Switzerland,41.1,0.3358,0.036
151,-1,Germany,Switzerland,35.28,0.3309,0.073
151,0,Germany,Switzerland,58.47,0.3258,0.003
151,1,Germany,Switzerland,42.46,0.34,0.06
151,2,Germany,Switzerland,35.88,0.3178,0.042
151,3,Germany,Switzerland,34.87,0.3289,0.091
152,-7,Mexico,Spain,22.26,0.1575,0.216
152,-6,Mexico,Spain,24.94,0.13,0.214
152,-5,Mexico,Spain,26.05,0.1512,0.289
152,-4,Mexico,Spain,25.02,0.141,0.097
152,-3,Mexico,Spain,27.01,0.1538,0.265
152,-2,Mexico,Spain,25.95,0.1617,0.144
152,-1,Mexico,Spain,33.97,0.1408,0.241
152,0,Mexico,Spain,52.8,0.1557,0.341
152,1,Mexico,Spain,35.79,0.1407,0.244
152,2,Mexico,Spain,37.66,0.1555,0.278
152,3,Mexico,Spain,22.39,0.1522,0.193
153,-7,Argentina,Hungary,16.82,0.1096,0.116
153,-6,Argentina,Hungary,18.42,0.1122,0.096
153,-5,Argentina,Hungary,24.68,0.1126,0.134
153,-4,Argentina,Hungary,27.55,0.1166,0.108
153,-3,Argentina,Hungary,19.08,0.1161,0.044
153,-2,Argentina,Hungary,28.8,0.1144,0.201
153,-1,Argentina,Hungary,38.9,0.0988,0.016
153,0,Argentina,Hungary,50.64,0.1128,0.024
153,1,Argentina,Hungary,32.39,0.1171,0.022
153,2,Argentina,Hungary,25.62,0.1022,0.093
153,3,Argentina,Hungary,28.81,0.106,0.112
154,-7,Brazil,Spain,30.52,0.1152,0.145
154,-6,Brazil,Spain,26.68,0.1386,0.22
154,-5,Brazil,Spain,32.56,0.1305,0.053
154,-4,Brazil,Spain,28.81,0.1198,0.288
154,-3,Brazil,Spain,34.51,0.1076,0.286
154,-2,Brazil,Spain,37.63,0.1228,0.186
154,-1,Brazil,Spain,43.16,0.103,0.222
154,0,Brazil,Spain,62.24,0.1256,0.236
154,1,Brazil,Spain,38.65,0.1173,0.134
154,2,Brazil,Spain,36.83,0.1191,0.084
154,3,Brazil,Spain,31.56,0.1205,0.107
155,-7,Chile,Germany,21.75,0.3717,0.249
155,-6,Chile,Germany,19.34,0.3683,0.32
155,-5,Chile,Germany,32.64,0.3798,0.178
155,-4,Chile,Germany,30.02,0.3656,0.167
155,-3,Chile,Germany,30.54,0.3855,0.332
155,-2,Chile,Germany,29.05,0.3627,0.282
155,-1,Chile,Germany,30.29,0.3422,0.259
155,0,Chile,Germany,56.03,0.3404,0.275
155,1,Chile,Germany,40.15,0.3599,0.252
155,2,Chile,Germany,34.6,0.3678,0.131
155,3,Chile,Germany,26.38,0.3577,0.188
156,-7,Russia,Uruguay,27.79,0.127,0.145
156,-6,Russia,Uruguay,23.56,0.133,0.178
156,-5,Russia,Uruguay,29.2,0.136,0.308
156,-4,Russia,Uruguay,29.1,0.1344,0.186
156,-3,Russia,Uruguay,39.83,0.1223,0.303
156,-2,Russia,Uruguay,33.07,0.1254,0.261
156,-1,Russia,Uruguay,35.04,0.1079,0.209
156,0,Russia,Uruguay,62.28,0.0974,0.198
156,1,Russia,Uruguay,42.88,0.1046,0.311
156,2,Russia,Uruguay,30.39,0.1084,0.213
156,3,Russia,Uruguay,37.69,0.1117,0.102
157,-7,Bulgaria,England,14.29,0.3385,0.096
157,-6,Bulgaria,England,24.76,0.3281,0.189
157,-5,Bulgaria,England,23.26,0.3177,0.201
157,-4,Bulgaria,England,19.95,0.3435,0.119
157,-3,Bulgaria,England,27.92,0.3149,0.154
157,-2,Bulgaria,England,27.79,0.3631,0.19
157,-1,Bulgaria,England,29.58,0.322,0.086
157,0,Bulgaria,England,48.93,0.3495,0.215
157,1,Bulgaria,England,35.61,0.3164,0.177
157,2,Bulgaria,England,29.82,0.3186,0.219
157,3,Bulgaria,England,28.54,0.3338,0.18
158,-7,Colombia,Yugoslavia,28.78,0.2799,0.196
158,-6,Colombia,Yugoslavia,31.83,0.2697,0.101
158,-5,Colombia,Yugoslavia,25.85,0.2876,0.31
158,-4,Colombia,Yugoslavia,29.05,0.3048,0.222
158,-3,Colombia,Yugoslavia,33.89,0.2728,0.357
158,-2,Colombia,Yugoslavia,37.31,0.267,0.392
158,-1,Colombia,Yugoslavia,43.56,0.2926,0.338
158,0,Colombia,Yugoslavia,66.51,0.2947,0.224
158,1,Colombia,Yugoslavia,44.75,0.2826,0.219
158,2,Colombia,Yugoslavia,38.25,0.2782,0.255
158,3,Colombia,Yugoslavia,36.05,0.2928,0.265
159,-7,Czechoslovakia,Mexico,30.81,0.3699,0.21
159,-6,Czechoslovakia,Mexico,27.13,0.3743,0.159
159,-5,Czechoslovakia,Mexico,34.61,0.348,0.288
159,-4,Czechoslovakia,Mexico,29.94,0.3567,0.134
159,-3,Czechoslovakia,Mexico,35.89,0.3418,0.124
159,-2,Czechoslovakia,Mexico,40.15,0.3788,0.178
159,-1,Czechoslovakia,Mexico,43.75,0.3669,0.219
159,0,Czechoslovakia,Mexico,66.06,0.3553,0.261
159,1,Czechoslovakia,Mexico,35.85,0.3428,0.307
159,2,Czechoslovakia,Mexico,38.02,0.3556,0.359
159,3,Czechoslovakia,Mexico,39.35,0.3626,0.123
160,-7,Italy,Switzerland,22.26,0.3613,0.312
160,-6,Italy,Switzerland,21.03,0.3569,0.148
160,-5,Italy,Switzerland,26.81,0.3437,0.284
160,-4,Italy,Switzerland,30.9,0.3626,0.23
160,-3,Italy,Switzerland,30.89,0.3614,0.319
160,-2,Italy,Switzerland,30.73,0.37,0.282
160,-1,Italy,Switzerland,38.25,0.3909,0.32
160,0,Italy,Switzerland,60.18,0.3638,0.322
160,1,Italy,Switzerland,37.33,0.3717,0.351
160,2,Italy,Switzerland,32.59,0.3665,0.272
160,3,Italy,Switzerland,29.36,0.3734,0.281
161,-7,Brazil,England,29.05,0.2163,0.113
161,-6,Brazil,England,26.57,0.1967,0.134
161,-5,Brazil,England,24.08,0.2051,0.201
161,-4,Brazil,England,31.03,0.2016,0.207
161,-3,Brazil,England,32.54,0.1725,0.118
161,-2,Brazil,England,40.3,0.1924,0.14
161,-1,Brazil,England,46.42,0.1823,0.222
161,0,Brazil,England,62.15,0.2074,0.206
161,1,Brazil,England,40.4,0.1821,0.152
161,2,Brazil,England,33.55,0.1678,0.175
161,3,Brazil,England,30.84,0.1778,0.147
162,-7,Chile,Russia,22.84,0.2761,0.295
162,-6,Chile,Russia,26.63,0.3013,0.142
162,-5,Chile,Russia,28.97,0.2714,0.134
162,-4,Chile,Russia,35.98,0.2668,0.017
162,-3,Chile,Russia,28.65,0.2519,0.106
162,-2,Chile,Russia,31.34,0.2764,0.03
162,-1,Chile,Russia,42.48,0.2535,0.164
162,0,Chile,Russia,57.28,0.2859,0.198
162,1,Chile,Russia,42.45,0.2717,0.14
162,2,Chile,Russia,35.79,0.2884,0.231
162,3,Chile,Russia,32.26,0.2788,0.17
163,-7,Czechoslovakia,Hungary,21.79,0.3194,0.232
163,-6,Czechoslovakia,Hungary,20.56,0.2897,0.276
163,-5,Czechoslovakia,Hungary,16.13,0.2934,0.311
163,-4,Czechoslovakia,Hungary,23.73,0.2972,0.397
163,-3,Czechoslovakia,Hungary,29.12,0.2681,0.15
163,-2,Czechoslovakia,Hungary,29.97,0.2854,0.256
163,-1,Czechoslovakia,Hungary,33.37,0.309,0.173
163,0,Czechoslovakia,Hungary,51.75,0.2976,0.273
163,1,Czechoslovakia,Hungary,34.91,0.2661,0.255
163,2,Czechoslovakia,Hungary,30.32,0.3054,0.3
163,3,Czechoslovakia,Hungary,28.81,0.2988,0.344
164,-7,Germany,Yugoslavia,24.38,0.3828,0.257
164,-6,Germany,Yugoslavia,19.64,0.3653,0.106
164,-5,Germany,Yugoslavia,22.25,0.3499,0.061
164,-4,Germany,Yugoslavia,26.77,0.3788,0.053
164,-3,Germany,Yugoslavia,28.11,0.381,0.157
164,-2,Germany,Yugoslavia,28.6,0.39,0.031
164,-1,Germany,Yugoslavia,32.64,0.3999,0.035
164,0,Germany,Yugoslavia,50.17,0.3645,0.049
164,1,Germany,Yugoslavia,34.88,0.388,0.106
164,2,Germany,Yugoslavia,29.71,0.3646,0.056
164,3,Germany,Yugoslavia,22.55,0.3883,0.163
165,-7,Chile,Brazil,25.97,0.0958,0.084
165,-6,Chile,Brazil,28.37,0.1072,-0.049
165,-5,Chile,Brazil,29.0,0.0849,0.068
165,-4,Chile,Brazil,27.79,0.1079,0.062
165,-3,Chile,Brazil,42.0,0.09,-0.016
165,-2,Chile,Brazil,41.88,0.1029,-0.027
165,-1,Chile,Brazil,37.14,0.0686,0.041
165,0,Chile,Brazil,72.72,0.0749,0.004
165,1,Chile,Brazil,42.91,0.1135,0.181
165,2,Chile,Brazil,41.06,0.1013,0.084
165,3,Chile,Brazil,31.4,0.0989,-0.048
166,-7,Czechoslovakia,Yugoslavia,23.21,0.1518,0.212
166,-6,Czechoslovakia,Yugoslavia,29.4,0.1537,0.083
166,-5,Czechoslovakia,Yugoslavia,19.94,0.152,0.29
166,-4,Czechoslovakia,Yugoslavia,30.81,0.1428,0.269
166,-3,Czechoslovakia,Yugoslavia,35.77,0.1344,0.273
166,-2,Czechoslovakia,Yugoslavia,34.87,0.141,0.22
166,-1,Czechoslovakia,Yugoslavia,37.23,0.1292,0.362
166,0,Czechoslovakia,Yugoslavia,58.26,0.1425,0.247
166,1,Czechoslovakia,Yugoslavia,40.05,0.1462,0.229
166,2,Czechoslovakia,Yugoslavia,33.04,0.1445,0.168
166,3,Czechoslovakia,Yugoslavia,38.8,0.1432,0.157
167,-7,Chile,Yugoslavia,21.55,0.1675,0.154
167,-6,Chile,Yugoslavia,21.05,0.1687,0.077
167,-5,Chile,Yugoslavia,32.08,0.1797,0.106
167,-4,Chile,Yugoslavia,23.46,0.1843,0.091
167,-3,Chile,Yugoslavia,24.13,0.1782,0.133
167,-2,Chile,Yugoslavia,29.39,0.1679,0.109
167,-1,Chile,Yugoslavia,32.75,0.1713,0.155
167,0,Chile,Yugoslavia,60.27,0.1946,0.272
167,1,Chile,Yugoslavia,32.41,0.1987,0.152
167,2,Chile,Yugoslavia,34.3,0.1841,0.112
167,3,Chile,Yugoslavia,30.48,0.1844,0.012
168,-7,Brazil,Czechoslovakia,23.37,0.2357,0.054
168,-6,Brazil,Czechoslovakia,27.19,0.2162,0.053
168,-5,Brazil,Czechoslovakia,27.22,0.2228,-0.013
168,-4,Brazil,Czechoslovakia,33.12,0.2293,0.052
168,-3,Brazil,Czechoslovakia,39.89,0.2309,0.119
168,-2,Brazil,Czechoslovakia,37.04,0.221,-0.039
168,-1,Brazil,Czechoslovakia,41.08,0.1932,0.054
168,0,Brazil,Czechoslovakia,62.49,0.2226,0.029
168,1,Brazil,Czechoslovakia,35.86,0.2418,0.011
168,2,Brazil,Czechoslovakia,32.68,0.2317,0.043
168,3,Brazil,Czechoslovakia,31.46,0.2196,0.035
169,-7,England,Uruguay,24.67,0.42,0.204
169,-6,England,Uruguay,24.4,0.42,0.234
169,-5,England,Uruguay,23.63,0.42,0.175
169,-4,England,Uruguay,21.09,0.42,0.311
169,-3,England,Uruguay,23.6,0.42,0.175
169,-2,England,Uruguay,33.35,0.42,0.439
169,-1,England,Uruguay,32.68,0.42,0.32
169,0,England,Uruguay,53.33,0.42,0.213
169,1,England,Uruguay,33.77,0.42,0.145
169,2,England,Uruguay,29.69,0.42,0.085
169,3,England,Uruguay,30.43,0.42,0.162
170,-7,Brazil,Bulgaria,25.87,0.2795,0.301
170,-6,Brazil,Bulgaria,23.45,0.2996,0.305
170,-5,Brazil,Bulgaria,25.5,0.2938,0.291
170,-4,Brazil,Bulgaria,32.74,0.2916,0.457
170,-3,Brazil,Bulgaria,28.37,0.3014,0.339
170,-2,Brazil,Bulgaria,32.72,0.3151,0.337
170,-1,Brazil,Bulgaria,36.91,0.315,0.228
170,0,Brazil,Bulgaria,55.42,0.3053,0.355
170,1,Brazil,Bulgaria,38.76,0.297,0.281
170,2,Brazil,Bulgaria,37.71,0.3014,0.238
170,3,Brazil,Bulgaria,27.34,0.3167,0.249
171,-7,Germany,Switzerland,26.67,0.2276,0.031
171,-6,Germany,Switzerland,24.94,0.1992,0.124
171,-5,Germany,Switzerland,26.13,0.2048,0.019
171,-4,Germany,Switzerland,31.55,0.2183,-0.11
171,-3,Germany,Switzerland,34.6,0.2195,0.041
171,-2,Germany,Switzerland,36.98,0.1991,0.008
171,-1,Germany,Switzerland,38.88,0.2268,0.004
171,0,Germany,Switzerland,63.87,0.1987,-0.051
171,1,Germany,Switzerland,38.0,0.2173,-0.063
171,2,Germany,Switzerland,40.38,0.2179,0.061
171,3,Germany,Switzerland,36.22,0.2249,0.09
172,-7,North Korea,Russia,24.32,0.2788,0.219
172,-6,North Korea,Russia,21.67,0.2904,0.3
172,-5,North Korea,Russia,29.51,0.2679,0.372
172,-4,North Korea,Russia,28.62,0.2654,0.218
172,-3,North Korea,Russia,37.67,0.2617,0.205
172,-2,North Korea,Russia,45.64,0.2863,0.207
172,-1,North Korea,Russia,35.79,0.2549,0.265
172,0,North Korea,Russia,62.92,0.2932,0.125
172,1,North Korea,Russia,34.94,0.2736,0.453
172,2,North Korea,Russia,38.59,0.2795,0.172
172,3,North Korea,Russia,24.75,0.2755,0.251
173,-7,Argentina,Spain,22.48,0.2876,-0.15
173,-6,Argentina,Spain,21.7,0.3089,-0.16
173,-5,Argentina,Spain,26.14,0.2917,-0.049
173,-4,Argentina,Spain,26.44,0.3039,-0.139
173,-3,Argentina,Spain,31.61,0.3119,-0.166
173,-2,Argentina,Spain,38.02,0.3043,-0.076
173,-1,Argentina,Spain,39.16,0.3177,-0.099
173,0,Argentina,Spain,61.09,0.2882,-0.087
173,1,Argentina,Spain,42.95,0.2889,-0.246
173,2,Argentina,Spain,37.29,0.2793,-0.046
173,3,Argentina,Spain,32.17,0.3035,-0.164
174,-7,Chile,Italy,20.39,0.2453,0.012
174,-6,Chile,Italy,27.78,0.2299,0.193
174,-5,Chile,Italy,27.26,0.247,0.14
174,-4,Chile,Italy,29.09,0.2446,0.137
174,-3,Chile,Italy,33.15,0.2381,0.14
174,-2,Chile,Italy,24.55,0.2262,0.156
174,-1,Chile,Italy,36.17,0.2392,0.112
174,0,Chile,Italy,56.02,0.2375,0.001
174,1,Chile,Italy,30.74,0.2583,0.086
174,2,Chile,Italy,37.14,0.2442,0.141
174,3,Chile,Italy,30.15,0.2499,0.123
175,-7,France,Mexico,20.7,0.31,0.394
175,-6,France,Mexico,29.47,0.3447,0.301
175,-5,France,Mexico,23.2,0.3181,0.328
175,-4,France,Mexico,27.79,0.3128,0.236
175,-3,France,Mexico,30.76,0.2824,0.333
175,-2,France,Mexico,30.44,0.3342,0.413
175,-1,France,Mexico,41.38,0.3206,0.261
175,0,France,Mexico,54.55,0.3283,0.225
175,1,France,Mexico,42.51,0.3208,0.375
175,2,France,Mexico,27.51,0.3137,0.207
175,3,France,Mexico,34.16,0.3229,0.38
176,-7,Hungary,Portugal,24.79,0.1931,0.099
176,-6,Hungary,Portugal,25.65,0.1864,0.151
176,-5,Hungary,Portugal,29.95,0.2212,0.241
176,-4,Hungary,Portugal,24.64,0.1858,0.095
176,-3,Hungary,Portugal,38.24,0.1837,0.156
176,-2,Hungary,Portugal,29.06,0.1693,0.269
176,-1,Hungary,Portugal,41.7,0.1755,0.14
176,0,Hungary,Portugal,59.66,0.1841,0.021
176,1,Hungary,Portugal,38.76,0.1825,0.201
176,2,Hungary,Portugal,38.86,0.1952,0.121
176,3,Hungary,Portugal,36.64,0.177,0.072
177,-7,Brazil,Hungary,25.99,0.3418,0.164
177,-6,Brazil,Hungary,25.79,0.3601,0.256
177,-5,Brazil,Hungary,26.24,0.324,0.115
177,-4,Brazil,Hungary,27.73,0.3551,0.229
177,-3,Brazil,Hungary,30.15,0.336,0.061
177,-2,Brazil,Hungary,37.71,0.3446,0.22
177,-1,Brazil,Hungary,43.26,0.3524,0.057
177,0,Brazil,Hungary,61.15,0.3565,0.127
177,1,Brazil,Hungary,35.83,0.3548,0.125
177,2,Brazil,Hungary,40.96,0.3449,0.146
177,3,Brazil,Hungary,38.53,0.3295,0.265
178,-7,Chile,North Korea,20.02,0.1067,0.244
178,-6,Chile,North Korea,22.39,0.0957,0.206
178,-5,Chile,North Korea,22.22,0.1283,0.198
178,-4,Chile,North Korea,32.03,0.1171,0.257
178,-3,Chile,North Korea,30.12,0.1071,0.272
178,-2,Chile,North Korea,34.1,0.086,0.105
178,-1,Chile,North Korea,42.91,0.0732,0.246
178,0,Chile,North Korea,56.58,0.1067,0.152
178,1,Chile,North Korea,38.86,0.1073,0.425
178,2,Chile,North Korea,34.2,0.121,0.127
178,3,Chile,North Korea,34.16,0.1075,0.251
179,-7,France,Uruguay,24.41,0.2108,0.003
179,-6,France,Uruguay,22.38,0.1829,0.042
179,-5,France,Uruguay,28.67,0.1719,0.021
179,-4,France,Uruguay,25.63,0.1956,-0.071
179,-3,France,Uruguay,31.19,0.1838,0.091
179,-2,France,Uruguay,36.9,0.2054,0.188
179,-1,France,Uruguay,39.74,0.2083,-0.064
179,0,France,Uruguay,64.76,0.1806,-0.016
179,1,France,Uruguay,41.45,0.1986,-0.104
179,2,France,Uruguay,32.46,0.1976,-0.041
179,3,France,Uruguay,27.28,0.1894,-0.023
180,-7,Spain,Switzerland,24.03,0.42,0.196
180,-6,Spain,Switzerland,22.43,0.42,0.228
180,-5,Spain,Switzerland,25.2,0.42,0.058
180,-4,Spain,Switzerland,29.32,0.42,0.025
180,-3,Spain,Switzerland,28.43,0.42,0.218
180,-2,Spain,Switzerland,28.8,0.42,0.213
180,-1,Spain,Switzerland,40.23,0.42,0.187
180,0,Spain,Switzerland,64.0,0.42,0.006
180,1,Spain,Switzerland,43.59,0.42,0.161
180,2,Spain,Switzerland,28.56,0.42,0.102
180,3,Spain,Switzerland,27.92,0.42,0.125
181,-7,Argentina,Germany,18.31,0.3708,0.181
181,-6,Argentina,Germany,19.68,0.3544,0.131
181,-5,Argentina,Germany,22.24,0.3689,0.09
181,-4,Argentina,Germany,30.18,0.3689,-0.029
181,-3,Argentina,Germany,27.72,0.3744,0.19
181,-2,Argentina,Germany,28.81,0.3612,0.175
181,-1,Argentina,Germany,36.43,0.3449,0.121
181,0,Argentina,Germany,57.2,0.3623,0.27
181,1,Argentina,Germany,44.18,0.356,0.079
181,2,Argentina,Germany,29.32,0.3751,0.25
181,3,Argentina,Germany,35.38,0.3615,0.197
182,-7,Bulgaria,Portugal,20.92,0.3148,0.339
182,-6,Bulgaria,Portugal,21.09,0.3526,0.21
182,-5,Bulgaria,Portugal,24.52,0.3481,0.368
182,-4,Bulgaria,Portugal,29.26,0.3673,0.452
182,-3,Bulgaria,Portugal,29.78,0.3642,0.465
182,-2,Bulgaria,Portugal,35.06,0.3454,0.338
182,-1,Bulgaria,Portugal,37.32,0.3384,0.434
182,0,Bulgaria,Portugal,61.9,0.3382,0.277
182,1,Bulgaria,Portugal,36.92,0.3429,0.406
182,2,Bulgaria,Portugal,32.48,0.3557,0.356
182,3,Bulgaria,Portugal,32.67,0.3572,0.401
183,-7,England,Mexico,17.35,0.2888,0.017
183,-6,England,Mexico,25.13,0.3182,0.038
183,-5,England,Mexico,31.73,0.2933,-0.005
183,-4,England,Mexico,26.9,0.292,0.114
183,-3,England,Mexico,20.9,0.2958,0.113
183,-2,England,Mexico,32.65,0.3147,0.187
183,-1,England,Mexico,37.91,0.3158,0.202
183,0,England,Mexico,58.81,0.3012,0.096
183,1,England,Mexico,41.77,0.3013,-0.001
183,2,England,Mexico,39.76,0.2986,0.117
183,3,England,Mexico,31.51,0.3237,-0.026
184,-7,Italy,Russia,18.14,0.3547,0.039
184,-6,Italy,Russia,23.07,0.363,-0.007
184,-5,Italy,Russia,25.85,0.3589,0.116
184,-4,Italy,Russia,23.29,0.3412,0.059
184,-3,Italy,Russia,29.26,0.3411,0.082
184,-2,Italy,Russia,33.64,0.3633,0.141
184,-1,Italy,Russia,40.39,0.3633,0.077
184,0,Italy,Russia,55.41,0.3393,0.014
184,1,Italy,Russia,36.94,0.3318,0.152
184,2,Italy,Russia,26.56,0.3465,0.008
184,3,Italy,Russia,31.37,0.3397,0.084
185,-7,Argentina,Switzerland,26.2,0.3822,0.071
185,-6,Argentina,Switzerland,23.19,0.3922,0.136
185,-5,Argentina,Switzerland,28.69,0.3805,0.148
185,-4,Argentina,Switzerland,24.77,0.3772,0.054
185,-3,Argentina,Switzerland,34.25,0.3721,0.125
185,-2,Argentina,Switzerland,33.55,0.3809,0.14
185,-1,Argentina,Switzerland,34.82,0.4135,0.051
185,0,Argentina,Switzerland,57.93,0.4046,0.075
185,1,Argentina,Switzerland,41.79,0.3627,0.032
185,2,Argentina,Switzerland,35.13,0.3991,0.117
185,3,Argentina,Switzerland,32.96,0.3988,0.096
186,-7,Brazil,Portugal,17.06,0.2494,-0.006
186,-6,Brazil,Portugal,27.46,0.2343,0.056
186,-5,Brazil,Portugal,24.57,0.2088,-0.017
186,-4,Brazil,Portugal,33.76,0.2147,-0.009
186,-3,Brazil,Portugal,35.22,0.2198,0.015
186,-2,Brazil,Portugal,37.52,0.2355,-0.02
186,-1,Brazil,Portugal,42.02,0.2369,-0.036
186,0,Brazil,Portugal,64.09,0.2235,0.062
186,1,Brazil,Portugal,44.05,0.23,0.117
186,2,Brazil,Portugal,40.01,0.243,0.081
186,3,Brazil,Portugal,37.61,0.2367,-0.064
187,-7,Italy,North Korea,18.34,0.1766,0.263
187,-6,Italy,North Korea,23.91,0.1694,0.41
187,-5,Italy,North Korea,24.08,0.179,0.222
187,-4,Italy,North Korea,23.02,0.1776,0.271
187,-3,Italy,North Korea,28.71,0.199,0.26
187,-2,Italy,North Korea,31.71,0.1889,0.257
187,-1,Italy,North Korea,37.58,0.1638,0.18
187,0,Italy,North Korea,54.87,0.1763,0.212
187,1,Italy,North Korea,36.12,0.1816,0.219
187,2,Italy,North Korea,30.19,0.1817,0.198
187,3,Italy,North Korea,26.9,0.1855,0.267
188,-7,Mexico,Uruguay,18.29,0.1607,0.088
188,-6,Mexico,Uruguay,20.95,0.1958,0.199
188,-5,Mexico,Uruguay,18.44,0.18,0.106
188,-4,Mexico,Uruguay,25.06,0.1644,0.301
188,-3,Mexico,Uruguay,23.46,0.1753,0.111
188,-2,Mexico,Uruguay,32.84,0.175,0.247
188,-1,Mexico,Uruguay,36.25,0.1632,0.363
188,0,Mexico,Uruguay,53.41,0.1649,0.173
188,1,Mexico,Uruguay,35.94,0.1786,0.194
188,2,Mexico,Uruguay,33.64,0.1819,0.1
188,3,Mexico,Uruguay,34.8,0.1951,0.215
189,-7,Bulgaria,Hungary,24.7,0.3334,0.078
189,-6,Bulgaria,Hungary,25.68,0.3065,0.208
189,-5,Bulgaria,Hungary,32.56,0.3126,0.163
189,-4,Bulgaria,Hungary,30.84,0.3303,0.135
189,-3,Bulgaria,Hungary,27.66,0.3326,0.107
189,-2,Bulgaria,Hungary,37.52,0.3163,0.132
189,-1,Bulgaria,Hungary,45.23,0.3376,0.085
189,0,Bulgaria,Hungary,72.75,0.3216,0.155
189,1,Bulgaria,Hungary,42.37,0.3568,0.128
189,2,Bulgaria,Hungary,39.34,0.3388,0.027
189,3,Bulgaria,Hungary,30.71,0.3294,0.168
190,-7,Chile,Russia,24.23,0.1062,0.2
190,-6,Chile,Russia,18.19,0.0932,-0.071
190,-5,Chile,Russia,31.33,0.1075,0.172
190,-4,Chile,Russia,29.04,0.121,0.095
190,-3,Chile,Russia,33.61,0.1119,0.128
190,-2,Chile,Russia,41.39,0.0892,0.099
190,-1,Chile,Russia,40.27,0.1093,0.076
190,0,Chile,Russia,58.5,0.1271,0.099
190,1,Chile,Russia,48.11,0.115,0.084
190,2,Chile,Russia,37.43,0.11,0.198
190,3,Chile,Russia,28.09,0.0871,0.129
191,-7,England,France,25.19,0.3082,0.147
191,-6,England,France,25.73,0.287,0.12
191,-5,England,France,30.38,0.3069,0.008
191,-4,England,France,26.81,0.3115,0.226
191,-3,England,France,23.74,0.3091,0.035
191,-2,England,France,35.52,0.3119,0.084
191,-1,England,France,39.84,0.3185,0.088
191,0,England,France,52.72,0.3219,0.158
191,1,England,France,39.6,0.2965,0.169
191,2,England,France,40.89,0.3033,0.107
191,3,England,France,26.86,0.2962,0.025
192,-7,Germany,Spain,23.87,0.3754,0.135
192,-6,Germany,Spain,22.0,0.3775,0.042
192,-5,Germany,Spain,27.76,0.3599,0.12
192,-4,Germany,Spain,28.45,0.3817,-0.007
192,-3,Germany,Spain,34.46,0.3759,0.124
192,-2,Germany,Spain,28.95,0.3646,0.082
192,-1,Germany,Spain,44.39,0.3858,0.118
192,0,Germany,Spain,57.14,0.3662,0.128
192,1,Germany,Spain,42.03,0.382,0.229
192,2,Germany,Spain,33.1,0.3817,-0.01
192,3,Germany,Spain,32.91,0.3971,0.036
193,-7,England,Argentina,24.06,0.1855,-0.018
193,-6,England,Argentina,24.29,0.1872,0.046
193,-5,England,Argentina,27.2,0.1469,0.072
193,-4,England,Argentina,28.34,0.1523,-0.038
193,-3,England,Argentina,31.13,0.1646,0.108
193,-2,England,Argentina,33.1,0.1689,0.018
193,-1,England,Argentina,36.71,0.1778,0.067
193,0,England,Argentina,52.96,0.1831,0.076
193,1,England,Argentina,37.04,0.1693,0.065
193,2,England,Argentina,25.6,0.1711,0.145
193,3,England,Argentina,29.78,0.1692,-0.012
194,-7,Germany,Uruguay,26.29,0.1756,0.222
194,-6,Germany,Uruguay,23.34,0.1725,0.088
194,-5,Germany,Uruguay,34.86,0.1756,0.092
194,-4,Germany,Uruguay,23.55,0.167,0.167
194,-3,Germany,Uruguay,35.59,0.1701,0.088
194,-2,Germany,Uruguay,43.75,0.2103,0.21
194,-1,Germany,Uruguay,46.98,0.1992,0.285
194,0,Germany,Uruguay,62.29,0.1674,0.258
194,1,Germany,Uruguay,38.15,0.1656,0.06
194,2,Germany,Uruguay,36.78,0.1541,0.03
194,3,Germany,Uruguay,31.58,0.1635,0.204
195,-7,Hungary,Russia,23.44,0.3029,0.153
195,-6,Hungary,Russia,24.4,0.3079,0.152
195,-5,Hungary,Russia,25.99,0.2758,0.156
195,-4,Hungary,Russia,25.01,0.3006,0.126
195,-3,Hungary,Russia,27.41,0.2991,0.133
195,-2,Hungary,Russia,36.17,0.2978,0.074
195,-1,Hungary,Russia,41.65,0.2877,0.045
195,0,Hungary,Russia,62.73,0.3072,0.162
195,1,Hungary,Russia,38.85,0.2727,0.224
195,2,Hungary,Russia,28.65,0.303,0.268
195,3,Hungary,Russia,32.7,0.2995,0.147
196,-7,North Korea,Portugal,29.87,0.1612,0.021
196,-6,North Korea,Portugal,27.91,0.1291,0.202
196,-5,North Korea,Portugal,31.75,0.1382,0.155
196,-4,North Korea,Portugal,39.38,0.1452,0.179
196,-3,North Korea,Portugal,41.17,0.1275,0.09
196,-2,North Korea,Portugal,43.04,0.1633,0.043
196,-1,North Korea,Portugal,51.0,0.115,0.089
196,0,North Korea,Portugal,74.22,0.1411,0.129
196,1,North Korea,Portugal,54.27,0.1491,0.075
196,2,North Korea,Portugal,40.92,0.1231,0.101
196,3,North Korea,Portugal,40.64,0.1361,0.043
197,-7,Germany,Russia,28.44,0.2392,0.131
197,-6,Germany,Russia,21.35,0.2544,0.259
197,-5,Germany,Russia,26.1,0.2581,0.218
197,-4,Germany,Russia,28.25,0.2615,0.19
197,-3,Germany,Russia,28.21,0.2513,0.197
197,-2,Germany,Russia,39.98,0.2723,0.319
197,-1,Germany,Russia,41.27,0.2519,0.168
197,0,Germany,Russia,59.97,0.252,0.199
197,1,Germany,Russia,41.08,0.2428,0.248
197,2,Germany,Russia,29.06,0.2542,0.252
197,3,Germany,Russia,34.3,0.2526,0.31
198,-7,England,Portugal,21.87,0.2703,0.212
198,-6,England,Portugal,18.9,0.2843,0.224
198,-5,England,Portugal,25.49,0.3013,0.099
198,-4,England,Portugal,32.43,0.274,0.272
198,-3,England,Portugal,30.51,0.3127,0.121
198,-2,England,Portugal,42.23,0.2828,0.054
198,-1,England,Portugal,39.73,0.3091,0.235
198,0,England,Portugal,64.44,0.304,0.123
198,1,England,Portugal,42.26,0.2954,0.13
198,2,England,Portugal,36.12,0.2936,0.279
198,3,England,Portugal,30.37,0.2876,0.131
199,-7,Portugal,Russia,30.05,0.22,0.192
199,-6,Portugal,Russia,21.51,0.2338,0.119
199,-5,Portugal,Russia,31.42,0.2408,0.107
199,-4,Portugal,Russia,27.54,0.2472,0.056
199,-3,Portugal,Russia,24.24,0.2054,-0.012
199,-2,Portugal,Russia,37.58,0.2543,-0.042
199,-1,Portugal,Russia,36.84,0.2288,0.209
199,0,Portugal,Russia,57.61,0.2348,0.083
199,1,Portugal,Russia,48.7,0.2294,0.126
199,2,Portugal,Russia,35.79,0.2227,0.167
199,3,Portugal,Russia,28.12,0.2037,0.09
200,-7,England,Germany,29.72,0.3029,0.155
200,-6,England,Germany,24.56,0.3227,0.188
200,-5,England,Germany,31.17,0.3119,0.044
200,-4,England,Germany,29.04,0.3084,0.178
200,-3,England,Germany,38.9,0.3055,0.194
200,-2,England,Germany,45.7,0.3088,0.164
200,-1,England,Germany,44.69,0.3084,0.154
200,0,England,Germany,75.24,0.3209,0.2
200,1,England,Germany,43.83,0.2991,0.169
200,2,England,Germany,45.08,0.3306,-0.03
200,3,England,Germany,45.48,0.3149,0.206
201,-7,Mexico,Russia,14.63,0.3664,0.43
201,-6,Mexico,Russia,18.12,0.3345,0.395
201,-5,Mexico,Russia,23.81,0.3865,0.361
201,-4,Mexico,Russia,25.74,0.3776,0.444
201,-3,Mexico,Russia,25.99,0.3805,0.335
201,-2,Mexico,Russia,31.47,0.3772,0.431
201,-1,Mexico,Russia,36.14,0.3562,0.241
201,0,Mexico,Russia,52.78,0.3809,0.403
201,1,Mexico,Russia,35.87,0.3691,0.394
201,2,Mexico,Russia,27.93,0.3786,0.431
201,3,Mexico,Russia,27.23,0.3744,0.252
202,-7,Bulgaria,Peru,27.11,0.1478,0.456
202,-6,Bulgaria,Peru,27.72,0.1598,0.341
202,-5,Bulgaria,Peru,22.65,0.1467,0.382
202,-4,Bulgaria,Peru,33.8,0.1514,0.333
202,-3,Bulgaria,Peru,35.26,0.1359,0.228
202,-2,Bulgaria,Peru,39.77,0.1405,0.444
202,-1,Bulgaria,Peru,37.12,0.1529,0.517
202,0,Bulgaria,Peru,67.64,0.1494,0.398
202,1,Bulgaria,Peru,46.53,0.1445,0.297
202,2,Bulgaria,Peru,42.43,0.1265,0.426
202,3,Bulgaria,Peru,35.02,0.1494,0.331
203,-7,England,Romania,26.88,0.3232,0.028
203,-6,England,Romania,22.25,0.3184,0.219
203,-5,England,Romania,20.71,0.3332,0.091
203,-4,England,Romania,32.88,0.3277,0.051
203,-3,England,Romania,33.63,0.323,0.104
203,-2,England,Romania,38.16,0.3213,0.021
203,-1,England,Romania,34.72,0.3256,-0.01
203,0,England,Romania,55.18,0.3086,0.087
203,1,England,Romania,34.34,0.3048,-0.027
203,2,England,Romania,31.16,0.3144,0.069
203,3,England,Romania,29.49,0.3246,0.083
204,-7,Israel,Uruguay,25.62,0.1824,-0.014
204,-6,Israel,Uruguay,26.65,0.2078,0.133
204,-5,Israel,Uruguay,21.25,0.1996,0.044
204,-4,Israel,Uruguay,29.52,0.2057,0.098
204,-3,Israel,Uruguay,31.24,0.2218,0.183
204,-2,Israel,Uruguay,30.99,0.2058,0.121
204,-1,Israel,Uruguay,40.97,0.2004,0.083
204,0,Israel,Uruguay,53.83,0.2051,-0.037
204,1,Israel,Uruguay,40.7,0.1919,0.076
204,2,Israel,Uruguay,36.02,0.2062,0.021
204,3,Israel,Uruguay,30.9,0.2195,0.035
205,-7,Belgium,El Salvador,24.25,0.2654,0.121
205,-6,Belgium,El Salvador,26.22,0.2629,0.05
205,-5,Belgium,El Salvador,27.14,0.2888,0.047
205,-4,Belgium,El Salvador,25.54,0.2781,0.175
205,-3,Belgium,El Salvador,37.41,0.2589,0.031
205,-2,Belgium,El Salvador,36.54,0.2719,0.077
205,-1,Belgium,El Salvador,39.66,0.2611,0.117
205,0,Belgium,El Salvador,58.41,0.2625,-0.029
205,1,Belgium,El Salvador,43.01,0.2734,0.112
205,2,Belgium,El Salvador,33.9,0.2571,0.019
205,3,Belgium,El Salvador,32.58,0.2746,-0.068
206,-7,Brazil,Czechoslovakia,28.16,0.1396,0.217
206,-6,Brazil,Czechoslovakia,32.52,0.1241,0.285
206,-5,Brazil,Czechoslovakia,31.77,0.1405,0.231
206,-4,Brazil,Czechoslovakia,37.55,0.1739,0.337
206,-3,Brazil,Czechoslovakia,42.99,0.142,0.151
206,-2,Brazil,Czechoslovakia,39.96,0.16,0.132
206,-1,Brazil,Czechoslovakia,41.52,0.1405,0.287
206,0,Brazil,Czechoslovakia,69.08,0.141,0.275
206,1,Brazil,Czechoslovakia,40.75,0.1452,0.173
206,2,Brazil,Czechoslovakia,39.62,0.1407,0.31
206,3,Brazil,Czechoslovakia,36.3,0.1476,0.386
207,-7,Germany,Morocco,25.52,0.2572,0.075
207,-6,Germany,Morocco,21.81,0.2608,0.138
207,-5,Germany,Morocco,21.29,0.2452,0.08
207,-4,Germany,Morocco,26.54,0.2621,0.129
207,-3,Germany,Morocco,32.79,0.2682,0.075
207,-2,Germany,Morocco,36.49,0.2496,0.136
207,-1,Germany,Morocco,41.13,0.2472,0.105
207,0,Germany,Morocco,62.21,0.265,0.138
207,1,Germany,Morocco,38.34,0.2708,0.153
207,2,Germany,Morocco,34.11,0.2479,0.071
207,3,Germany,Morocco,28.07,0.2641,0.199
208,-7,Italy,Sweden,26.85,0.1827,0.235
208,-6,Italy,Sweden,23.77,0.167,0.157
208,-5,Italy,Sweden,23.77,0.2103,0.119
208,-4,Italy,Sweden,29.46,0.1945,0.079
208,-3,Italy,Sweden,28.12,0.2142,0.168
208,-2,Italy,Sweden,36.33,0.206,0.149
208,-1,Italy,Sweden,32.48,0.182,0.282
208,0,Italy,Sweden,56.93,0.175,0.238
208,1,Italy,Sweden,30.72,0.1859,0.186
208,2,Italy,Sweden,41.98,0.2056,0.146
208,3,Italy,Sweden,30.16,0.2068,0.28
209,-7,Belgium,Russia,25.61,0.2653,0.298
209,-6,Belgium,Russia,30.74,0.2802,0.22
209,-5,Belgium,Russia,29.27,0.2533,0.367
209,-4,Belgium,Russia,28.94,0.2521,0.435
209,-3,Belgium,Russia,35.81,0.2672,0.386
209,-2,Belgium,Russia,43.54,0.2629,0.328
209,-1,Belgium,Russia,43.39,0.2809,0.351
209,0,Belgium,Russia,67.26,0.2726,0.484
209,1,Belgium,Russia,45.02,0.2647,0.492
209,2,Belgium,Russia,44.8,0.2821,0.321
209,3,Belgium,Russia,34.29,0.2459,0.424
210,-7,Czechoslovakia,Romania,24.45,0.1981,0.239
210,-6,Czechoslovakia,Romania,24.76,0.2171,0.049
210,-5,Czechoslovakia,Romania,29.71,0.2257,0.152
210,-4,Czechoslovakia,Romania,28.92,0.2512,0.071
210,-3,Czechoslovakia,Romania,30.7,0.2282,0.084
210,-2,Czechoslovakia,Romania,32.84,0.2333,0.197
210,-1,Czechoslovakia,Romania,42.56,0.2219,0.107
210,0,Czechoslovakia,Romania,61.46,0.2188,0.214
210,1,Czechoslovakia,Romania,42.36,0.2086,0.21
210,2,Czechoslovakia,Romania,30.78,0.2159,0.075
210,3,Czechoslovakia,Romania,30.22,0.2428,0.052
211,-7,Italy,Uruguay,17.86,0.2654,0.194
211,-6,Italy,Uruguay,22.78,0.2765,0.273
211,-5,Italy,Uruguay,22.35,0.2577,0.264
211,-4,Italy,Uruguay,28.26,0.2595,0.252
211,-3,Italy,Uruguay,29.74,0.2582,0.185
211,-2,Italy,Uruguay,34.01,0.2628,0.081
211,-1,Italy,Uruguay,32.14,0.2535,0.213
211,0,Italy,Uruguay,57.65,0.2977,0.055
211,1,Italy,Uruguay,36.09,0.2601,0.214
211,2,Italy,Uruguay,33.31,0.2611,0.202
211,3,Italy,Uruguay,28.58,0.266,0.259
212,-7,Morocco,Peru,24.84,0.3328,0.405
212,-6,Morocco,Peru,27.2,0.3489,0.172
212,-5,Morocco,Peru,28.65,0.342,0.074
212,-4,Morocco,Peru,27.87,0.331,0.166
212,-3,Morocco,Peru,29.48,0.3403,0.306
212,-2,Morocco,Peru,37.11,0.3256,0.136
212,-1,Morocco,Peru,39.55,0.3228,0.229
212,0,Morocco,Peru,67.08,0.3329,0.213
212,1,Morocco,Peru,39.37,0.3322,0.221
212,2,Morocco,Peru,34.33,0.3301,0.095
212,3,Morocco,Peru,33.45,0.3526,0.258
213,-7,Brazil,England,27.1,0.3556,0.157
213,-6,Brazil,England,19.61,0.3722,0.212
213,-5,Brazil,England,27.07,0.3836,0.055
213,-4,Brazil,England,27.02,0.3527,0.099
213,-3,Brazil,England,31.0,0.364,0.064
213,-2,Brazil,England,31.44,0.3678,0.086
213,-1,Brazil,England,32.94,0.3409,0.055
213,0,Brazil,England,51.57,0.3537,0.067
213,1,Brazil,England,36.46,0.3557,0.25
213,2,Brazil,England,28.74,0.3782,0.086
213,3,Brazil,England,27.76,0.3708,0.065
214,-7,Bulgaria,Germany,25.96,0.341,0.108
214,-6,Bulgaria,Germany,30.03,0.3218,0.361
214,-5,Bulgaria,Germany,31.93,0.3514,0.315
214,-4,Bulgaria,Germany,27.89,0.3021,0.279
214,-3,Bulgaria,Germany,35.55,0.3261,0.23
214,-2,Bulgaria,Germany,39.45,0.3079,0.322
214,-1,Bulgaria,Germany,41.57,0.332,0.337
214,0,Bulgaria,Germany,73.06,0.3026,0.301
214,1,Bulgaria,Germany,46.95,0.3013,0.396
214,2,Bulgaria,Germany,40.54,0.3018,0.282
214,3,Bulgaria,Germany,39.32,0.3373,0.235
215,-7,Israel,Sweden,21.73,0.2411,0.085
215,-6,Israel,Sweden,25.51,0.2404,0.083
215,-5,Israel,Sweden,25.2,0.2471,0.046
215,-4,Israel,Sweden,31.75,0.2538,0.024
215,-3,Israel,Sweden,40.06,0.2285,0.022
215,-2,Israel,Sweden,36.79,0.2424,0.076
215,-1,Israel,Sweden,41.78,0.2401,0.216
215,0,Israel,Sweden,59.19,0.2268,0.032
215,1,Israel,Sweden,40.57,0.2429,0.085
215,2,Israel,Sweden,31.93,0.2504,0.207
215,3,Israel,Sweden,31.74,0.2588,0.132
216,-7,Mexico,El Salvador,33.1,0.2323,0.3
216,-6,Mexico,El Salvador,30.13,0.2214,0.318
216,-5,Mexico,El Salvador,33.98,0.2364,0.288
216,-4,Mexico,El Salvador,32.53,0.2357,0.341
216,-3,Mexico,El Salvador,37.43,0.2307,0.232
216,-2,Mexico,El Salvador,36.07,0.2321,0.348
216,-1,Mexico,El Salvador,45.27,0.2185,0.279
216,0,Mexico,El Salvador,61.2,0.2099,0.296
216,1,Mexico,El Salvador,47.57,0.2278,0.424
216,2,Mexico,El Salvador,37.82,0.227,0.221
216,3,Mexico,El Salvador,33.59,0.2123,0.182
217,-7,Brazil,Romania,22.38,0.0905,0.045
217,-6,Brazil,Romania,26.67,0.0944,-0.011
217,-5,Brazil,Romania,30.94,0.0997,0.162
217,-4,Brazil,Romania,35.08,0.0889,0.053
217,-3,Brazil,Romania,36.1,0.1093,0.116
217,-2,Brazil,Romania,39.77,0.0963,0.1
217,-1,Brazil,Romania,45.55,0.0865,0.068
217,0,Brazil,Romania,71.77,0.0661,0.131
217,1,Brazil,Romania,43.09,0.0666,0.029
217,2,Brazil,Romania,40.02,0.0907,0.149
217,3,Brazil,Romania,39.22,0.0709,0.123
218,-7,El Salvador,Russia,25.58,0.2069,0.143
218,-6,El Salvador,Russia,17.94,0.1924,0.204
218,-5,El Salvador,Russia,25.68,0.231,0.019
218,-4,El Salvador,Russia,34.41,0.197,0.168
218,-3,El Salvador,Russia,30.61,0.2057,0.15
218,-2,El Salvador,Russia,32.76,0.2139,0.089
218,-1,El Salvador,Russia,39.54,0.1726,0.084
218,0,El Salvador,Russia,63.8,0.2126,0.17
218,1,El Salvador,Russia,39.11,0.2244,0.128
218,2,El Salvador,Russia,32.59,0.2146,0.173
218,3,El Salvador,Russia,33.84,0.1995,0.128
219,-7,Germany,Peru,30.21,0.357,-0.056
219,-6,Germany,Peru,24.98,0.3432,-0.006
219,-5,Germany,Peru,21.93,0.374,-0.014
219,-4,Germany,Peru,29.02,0.328,0.108
219,-3,Germany,Peru,34.49,0.3471,0.026
219,-2,Germany,Peru,40.45,0.3455,-0.092
219,-1,Germany,Peru,38.29,0.3352,0.066
219,0,Germany,Peru,68.57,0.3689,-0.067
219,1,Germany,Peru,44.99,0.3439,0.252
219,2,Germany,Peru,43.24,0.3717,0.103
219,3,Germany,Peru,36.14,0.3465,0.005
220,-7,Sweden,Uruguay,19.07,0.3964,0.173
220,-6,Sweden,Uruguay,22.22,0.3803,-0.04
220,-5,Sweden,Uruguay,26.18,0.4038,0.154
220,-4,Sweden,Uruguay,32.31,0.394,0.07
220,-3,Sweden,Uruguay,34.55,0.3757,0.033
220,-2,Sweden,Uruguay,39.15,0.3761,0.062
220,-1,Sweden,Uruguay,39.18,0.39,0.144
220,0,Sweden,Uruguay,61.74,0.3948,0.161
220,1,Sweden,Uruguay,33.72,0.3871,0.232
220,2,Sweden,Uruguay,39.96,0.3737,0.063
220,3,Sweden,Uruguay,30.53,0.394,0.153
221,-7,Bulgaria,Morocco,29.46,0.3317,0.193
221,-6,Bulgaria,Morocco,26.98,0.331,-0.005
221,-5,Bulgaria,Morocco,30.22,0.3386,0.141
221,-4,Bulgaria,Morocco,25.5,0.3548,0.125
221,-3,Bulgaria,Morocco,27.65,0.3157,0.161
221,-2,Bulgaria,Morocco,37.38,0.3257,0.146
221,-1,Bulgaria,Morocco,41.26,0.333,0.065
221,0,Bulgaria,Morocco,62.74,0.3414,0.154
221,1,Bulgaria,Morocco,36.0,0.3153,0.119
221,2,Bulgaria,Morocco,38.16,0.3438,0.155
221,3,Bulgaria,Morocco,30.06,0.3216,0.113
222,-7,Czechoslovakia,England,21.85,0.1214,-0.121
222,-6,Czechoslovakia,England,22.08,0.1328,0.022
222,-5,Czechoslovakia,England,22.23,0.1257,-0.166
222,-4,Czechoslovakia,England,25.97,0.1043,-0.092
222,-3,Czechoslovakia,England,32.23,0.1094,-0.044
222,-2,Czechoslovakia,England,31.75,0.1126,-0.081
222,-1,Czechoslovakia,England,32.11,0.1139,-0.08
222,0,Czechoslovakia,England,53.9,0.103,-0.115
222,1,Czechoslovakia,England,36.12,0.1292,0.059
222,2,Czechoslovakia,England,23.62,0.114,-0.02
222,3,Czechoslovakia,England,29.3,0.1192,0.029
223,-7,Israel,Italy,15.92,0.1351,0.27
223,-6,Israel,Italy,17.9,0.1321,0.102
223,-5,Israel,Italy,27.67,0.1478,0.144
223,-4,Israel,Italy,26.15,0.1129,0.233
223,-3,Israel,Italy,27.24,0.1318,0.201
223,-2,Israel,Italy,32.1,0.1455,0.175
223,-1,Israel,Italy,35.74,0.1372,0.054
223,0,Israel,Italy,52.91,0.1465,0.07
223,1,Israel,Italy,32.52,0.1229,0.144
223,2,Israel,Italy,36.32,0.1401,-0.019
223,3,Israel,Italy,30.75,0.1282,0.169
224,-7,Mexico,Belgium,21.35,0.1847,0.1
224,-6,Mexico,Belgium,21.93,0.1987,0.043
224,-5,Mexico,Belgium,21.38,0.2038,0.183
224,-4,Mexico,Belgium,29.52,0.1872,0.053
224,-3,Mexico,Belgium,27.67,0.2057,0.047
224,-2,Mexico,Belgium,36.25,0.2026,0.192
224,-1,Mexico,Belgium,40.69,0.2015,0.002
224,0,Mexico,Belgium,58.54,0.1964,0.079
224,1,Mexico,Belgium,41.74,0.1932,0.068
224,2,Mexico,Belgium,37.09,0.1901,0.064
224,3,Mexico,Belgium,26.11,0.1852,0.054
225,-7,Brazil,Peru,29.81,0.42,0.105
225,-6,Brazil,Peru,30.71,0.42,0.234
225,-5,Brazil,Peru,36.48,0.42,0.341
225,-4,Brazil,Peru,34.49,0.42,0.197
225,-3,Brazil,Peru,38.35,0.42,0.178
225,-2,Brazil,Peru,41.1,0.42,0.246
225,-1,Brazil,Peru,45.65,0.42,0.143
225,0,Brazil,Peru,73.71,0.42,0.339
225,1,Brazil,Peru,53.37,0.42,0.21
225,2,Brazil,Peru,43.6,0.42,0.113
225,3,Brazil,Peru,40.84,0.42,0.132
226,-7,England,Germany,24.7,0.1056,0.2
226,-6,England,Germany,28.5,0.1245,0.109
226,-5,England,Germany,30.12,0.0976,0.287
226,-4,England,Germany,31.31,0.104,0.272
226,-3,England,Germany,41.03,0.1258,0.084
226,-2,England,Germany,41.83,0.1113,0.195
226,-1,England,Germany,44.99,0.1235,0.272
226,0,England,Germany,71.42,0.1106,0.358
226,1,England,Germany,43.36,0.0887,0.18
226,2,England,Germany,40.34,0.1237,0.163
226,3,England,Germany,38.11,0.0904,0.275
227,-7,Mexico,Italy,26.72,0.3031,0.234
227,-6,Mexico,Italy,32.16,0.294,0.077
227,-5,Mexico,Italy,40.23,0.3302,0.15
227,-4,Mexico,Italy,26.81,0.3225,0.041
227,-3,Mexico,Italy,41.02,0.2978,0.119
227,-2,Mexico,Italy,37.9,0.3021,0.129
227,-1,Mexico,Italy,40.14,0.335,0.013
227,0,Mexico,Italy,64.49,0.314,0.175
227,1,Mexico,Italy,43.63,0.2936,0.02
227,2,Mexico,Italy,36.54,0.3102,0.08
227,3,Mexico,Italy,37.88,0.3109,0.143
228,-7,Russia,Uruguay,20.44,0.2208,0.121
228,-6,Russia,Uruguay,23.28,0.2327,0.06
228,-5,Russia,Uruguay,27.57,0.2156,0.079
228,-4,Russia,Uruguay,31.44,0.2161,0.184
228,-3,Russia,Uruguay,25.13,0.2107,0.005
228,-2,Russia,Uruguay,33.57,0.2385,0.2
228,-1,Russia,Uruguay,41.22,0.2401,0.052
228,0,Russia,Uruguay,53.46,0.2392,0.209
228,1,Russia,Uruguay,33.36,0.2452,-0.024
228,2,Russia,Uruguay,34.52,0.2285,0.096
228,3,Russia,Uruguay,30.17,0.2195,0.141
229,-7,Brazil,Uruguay,25.54,0.2596,0.244
229,-6,Brazil,Uruguay,27.62,0.2386,0.053
229,-5,Brazil,Uruguay,35.27,0.2672,0.195
229,-4,Brazil,Uruguay,32.04,0.2582,0.224
229,-3,Brazil,Uruguay,32.64,0.2488,0.056
229,-2,Brazil,Uruguay,37.95,0.2669,0.208
229,-1,Brazil,Uruguay,43.29,0.2161,0.087
229,0,Brazil,Uruguay,65.67,0.2458,0.135
229,1,Brazil,Uruguay,43.66,0.242,0.132
229,2,Brazil,Uruguay,37.87,0.24,0.262
229,3,Brazil,Uruguay,33.14,0.2213,0.258
230,-7,Germany,Italy,25.82,0.2908,0.257
230,-6,Germany,Italy,32.88,0.2794,0.375
230,-5,Germany,Italy,32.57,0.2721,0.323
230,-4,Germany,Italy,34.83,0.2568,0.263
230,-3,Germany,Italy,49.59,0.2581,0.322
230,-2,Germany,Italy,42.78,0.302,0.227
230,-1,Germany,Italy,49.01,0.2882,0.292
230,0,Germany,Italy,71.54,0.2797,0.283
230,1,Germany,Italy,47.56,0.2912,0.333
230,2,Germany,Italy,45.57,0.284,0.372
230,3,Germany,Italy,44.12,0.2766,0.362
231,-7,Germany,Uruguay,17.34,0.1087,0.202
231,-6,Germany,Uruguay,22.31,0.1387,-0.012
231,-5,Germany,Uruguay,20.87,0.1271,0.119
231,-4,Germany,Uruguay,25.68,0.1317,0.022
231,-3,Germany,Uruguay,34.14,0.1461,0.04
231,-2,Germany,Uruguay,35.55,0.1328,0.05
231,-1,Germany,Uruguay,36.8,0.1434,0.012
231,0,Germany,Uruguay,58.16,0.1657,0.087
231,1,Germany,Uruguay,37.1,0.1347,0.107
231,2,Germany,Uruguay,27.52,0.1561,0.143
231,3,Germany,Uruguay,27.8,0.1361,0.035
232,-7,Brazil,Italy,27.53,0.1699,0.1
232,-6,Brazil,Italy,24.82,0.1634,0.164
232,-5,Brazil,Italy,28.79,0.1375,0.073
232,-4,Brazil,Italy,41.72,0.1794,0.043
232,-3,Brazil,Italy,36.21,0.1774,-0.039
232,-2,Brazil,Italy,37.15,0.174,0.196
232,-1,Brazil,Italy,43.22,0.188,0.031
232,0,Brazil,Italy,56.43,0.1781,0.122
232,1,Brazil,Italy,47.34,0.1776,0.097
232,2,Brazil,Italy,39.24,0.1666,0.052
232,3,Brazil,Italy,34.99,0.1475,-0.001
233,-7,Brazil,Yugoslavia,20.91,0.2462,-0.098
233,-6,Brazil,Yugoslavia,21.89,0.2716,0.021
233,-5,Brazil,Yugoslavia,16.54,0.2917,-0.058
233,-4,Brazil,Yugoslavia,24.14,0.258,0.134
233,-3,Brazil,Yugoslavia,31.0,0.2674,0.005
233,-2,Brazil,Yugoslavia,33.2,0.2581,0.07
233,-1,Brazil,Yugoslavia,34.4,0.2793,0.077
233,0,Brazil,Yugoslavia,53.33,0.2485,0.026
233,1,Brazil,Yugoslavia,31.25,0.274,0.025
233,2,Brazil,Yugoslavia,30.51,0.2576,0.126
233,3,Brazil,Yugoslavia,27.94,0.3013,0.045
234,-7,DR Congo,Scotland,25.02,0.2339,0.032
234,-6,DR Congo,Scotland,29.35,0.2467,-0.116
234,-5,DR Congo,Scotland,30.53,0.2394,0.011
234,-4,DR Congo,Scotland,35.89,0.2544,0.071
234,-3,DR Congo,Scotland,30.79,0.2191,0.061
234,-2,DR Congo,Scotland,40.82,0.2091,0.084
234,-1,DR Congo,Scotland,39.32,0.2117,0.041
234,0,DR Congo,Scotland,64.53,0.2292,-0.066
234,1,DR Congo,Scotland,46.2,0.2254,0.089
234,2,DR Congo,Scotland,30.77,0.2384,0.035
234,3,DR Congo,Scotland,35.75,0.2513,-0.049
235,-7,German DR,Australia,25.61,0.3109,0.091
235,-6,German DR,Australia,23.5,0.3322,0.304
235,-5,German DR,Australia,34.05,0.323,0.208
235,-4,German DR,Australia,33.2,0.3365,0.175
235,-3,German DR,Australia,32.96,0.326,0.172
235,-2,German DR,Australia,34.87,0.3259,0.159
235,-1,German DR,Australia,36.24,0.3377,0.223
235,0,German DR,Australia,67.91,0.3317,0.158
235,1,German DR,Australia,38.02,0.3279,0.226
235,2,German DR,Australia,35.21,0.3097,0.135
235,3,German DR,Australia,32.75,0.3362,0.083
236,-7,Germany,Chile,23.57,0.2103,0.144
236,-6,Germany,Chile,22.24,0.1988,0.186
236,-5,Germany,Chile,30.15,0.222,0.097
236,-4,Germany,Chile,27.79,0.1813,0.184
236,-3,Germany,Chile,33.2,0.2265,0.051
236,-2,Germany,Chile,30.51,0.2093,0.063
236,-1,Germany,Chile,38.87,0.2151,0.086
236,0,Germany,Chile,58.84,0.1931,0.272
236,1,Germany,Chile,38.99,0.1999,0.089
236,2,Germany,Chile,35.68,0.2239,0.122
236,3,Germany,Chile,29.57,0.1986,0.285
237,-7,Italy,Haiti,19.41,0.42,0.258
237,-6,Italy,Haiti,27.75,0.42,0.301
237,-5,Italy,Haiti,27.65,0.42,0.361
237,-4,Italy,Haiti,29.35,0.42,0.259
237,-3,Italy,Haiti,36.04,0.42,0.237
237,-2,Italy,Haiti,42.8,0.42,0.27
237,-1,Italy,Haiti,45.39,0.42,0.203
237,0,Italy,Haiti,65.16,0.42,0.265
237,1,Italy,Haiti,48.81,0.42,0.184
237,2,Italy,Haiti,38.6,0.42,0.336
237,3,Italy,Haiti,33.58,0.42,0.28
238,-7,Poland,Argentina,29.24,0.2336,0.198
238,-6,Poland,Argentina,35.38,0.2296,0.274
238,-5,Poland,Argentina,29.22,0.2441,0.3
238,-4,Poland,Argentina,35.34,0.217,0.337
238,-3,Poland,Argentina,40.09,0.243,0.263
238,-2,Poland,Argentina,41.04,0.2286,0.42
238,-1,Poland,Argentina,44.15,0.2166,0.234
238,0,Poland,Argentina,68.39,0.2459,0.165
238,1,Poland,Argentina,44.09,0.2331,0.349
238,2,Poland,Argentina,43.8,0.2502,0.284
238,3,Poland,Argentina,36.73,0.2411,0.164
239,-7,Sweden,Bulgaria,15.5,0.3288,0.411
239,-6,Sweden,Bulgaria,26.43,0.3069,0.486
239,-5,Sweden,Bulgaria,27.22,0.3167,0.411
239,-4,Sweden,Bulgaria,28.21,0.3068,0.369
239,-3,Sweden,Bulgaria,30.68,0.312,0.293
239,-2,Sweden,Bulgaria,33.6,0.3271,0.471
239,-1,Sweden,Bulgaria,38.18,0.3269,0.465
239,0,Sweden,Bulgaria,55.68,0.2917,0.477
239,1,Sweden,Bulgaria,33.19,0.3035,0.319
239,2,Sweden,Bulgaria,41.27,0.3224,0.323
239,3,Sweden,Bulgaria,27.13,0.3171,0.434
240,-7,Uruguay,Netherlands,24.77,0.1431,0.171
240,-6,Uruguay,Netherlands,23.39,0.1668,0.153
240,-5,Uruguay,Netherlands,24.88,0.1625,0.176
240,-4,Uruguay,Netherlands,28.23,0.163,0.193
240,-3,Uruguay,Netherlands,36.9,0.1627,0.134
240,-2,Uruguay,Netherlands,30.15,0.1564,0.173
240,-1,Uruguay,Netherlands,40.39,0.1181,0.197
240,0,Uruguay,Netherlands,58.15,0.1624,0.268
240,1,Uruguay,Netherlands,39.33,0.1595,0.151
240,2,Uruguay,Netherlands,37.9,0.1554,0.113
240,3,Uruguay,Netherlands,29.52,0.1733,0.18
241,-7,Chile,German DR,26.7,0.1854,0.198
241,-6,Chile,German DR,22.39,0.1816,0.165
241,-5,Chile,German DR,32.06,0.2127,0.159
241,-4,Chile,German DR,27.58,0.1663,0.067
241,-3,Chile,German DR,29.98,0.1458,0.083
241,-2,Chile,German DR,38.57,0.1815,0.112
241,-1,Chile,German DR,34.54,0.1932,0.166
241,0,Chile,German DR,61.3,0.1542,0.096
241,1,Chile,German DR,41.73,0.1803,0.143
241,2,Chile,German DR,38.46,0.1825,0.175
241,3,Chile,German DR,29.74,0.1659,0.163
242,-7,Germany,Australia,27.33,0.3241,0.035
242,-6,Germany,Australia,25.63,0.3204,0.053
242,-5,Germany,Australia,30.41,0.3492,-0.038
242,-4,Germany,Australia,42.63,0.3028,0.053
242,-3,Germany,Australia,30.09,0.3216,0.095
242,-2,Germany,Australia,37.92,0.3296,-0.004
242,-1,Germany,Australia,34.98,0.3254,0.028
242,0,Germany,Australia,62.64,0.313,0.054
242,1,Germany,Australia,39.31,0.3224,0.109
242,2,Germany,Australia,45.02,0.3348,0.037
242,3,Germany,Australia,35.18,0.3131,-0.007
243,-7,Scotland,Brazil,24.54,0.222,0.252
243,-6,Scotland,Brazil,19.69,0.2421,0.203
243,-5,Scotland,Brazil,28.68,0.2173,0.173
243,-4,Scotland,Brazil,31.65,0.2182,0.116
243,-3,Scotland,Brazil,25.89,0.236,0.279
243,-2,Scotland,Brazil,29.9,0.2181,0.273
243,-1,Scotland,Brazil,40.92,0.2249,0.265
243,0,Scotland,Brazil,58.46,0.2515,0.145
243,1,Scotland,Brazil,33.98,0.2196,0.284
243,2,Scotland,Brazil,31.69,0.2294,0.235
243,3,Scotland,Brazil,29.53,0.227,0.298
244,-7,Yugoslavia,DR Congo,28.46,0.2551,0.083
244,-6,Yugoslavia,DR Congo,34.97,0.2546,0.243
244,-5,Yugoslavia,DR Congo,36.86,0.2516,0.151
244,-4,Yugoslavia,DR Congo,46.06,0.2381,0.124
244,-3,Yugoslavia,DR Congo,43.9,0.2493,0.202
244,-2,Yugoslavia,DR Congo,48.09,0.26,0.176
244,-1,Yugoslavia,DR Congo,53.48,0.2414,0.18
244,0,Yugoslavia,DR Congo,75.96,0.2488,0.202
244,1,Yugoslavia,DR Congo,58.0,0.2851,0.138
244,2,Yugoslavia,DR Congo,45.26,0.2632,0.299
244,3,Yugoslavia,DR Congo,49.13,0.2445,0.158
245,-7,Argentina,Italy,26.77,0.42,0.262
245,-6,Argentina,Italy,23.96,0.42,0.286
245,-5,Argentina,Italy,24.28,0.42,0.29
245,-4,Argentina,Italy,27.3,0.42,0.278
245,-3,Argentina,Italy,35.67,0.42,0.22
245,-2,Argentina,Italy,37.22,0.42,0.299
245,-1,Argentina,Italy,43.78,0.42,0.155
245,0,Argentina,Italy,64.71,0.42,0.175
245,1,Argentina,Italy,43.91,0.42,0.102
245,2,Argentina,Italy,38.11,0.42,0.104
245,3,Argentina,Italy,33.97,0.42,0.319
246,-7,Bulgaria,Uruguay,24.43,0.2821,0.078
246,-6,Bulgaria,Uruguay,29.1,0.2622,0.056
246,-5,Bulgaria,Uruguay,27.05,0.2806,0.06
246,-4,Bulgaria,Uruguay,27.75,0.2687,0.157
246,-3,Bulgaria,Uruguay,26.76,0.2813,0.129
246,-2,Bulgaria,Uruguay,38.09,0.2965,0.108
246,-1,Bulgaria,Uruguay,41.56,0.2672,0.07
246,0,Bulgaria,Uruguay,63.73,0.2728,-0.01
246,1,Bulgaria,Uruguay,36.0,0.275,-0.062
246,2,Bulgaria,Uruguay,34.41,0.2436,0.1
246,3,Bulgaria,Uruguay,36.73,0.2737,0.17
247,-7,Haiti,Poland,34.27,0.2268,0.183
247,-6,Haiti,Poland,30.48,0.2277,0.181
247,-5,Haiti,Poland,36.12,0.2285,0.175
247,-4,Haiti,Poland,40.97,0.2183,0.192
247,-3,Haiti,Poland,37.18,0.2178,0.342
247,-2,Haiti,Poland,41.64,0.2263,0.159
247,-1,Haiti,Poland,42.2,0.2277,0.152
247,0,Haiti,Poland,77.31,0.2329,0.207
247,1,Haiti,Poland,51.1,0.2106,0.24
247,2,Haiti,Poland,44.13,0.197,0.249
247,3,Haiti,Poland,44.57,0.2388,0.343
248,-7,Netherlands,Sweden,24.19,0.3644,0.253
248,-6,Netherlands,Sweden,19.95,0.3381,0.144
248,-5,Netherlands,Sweden,29.34,0.3503,0.21
248,-4,Netherlands,Sweden,29.01,0.3611,0.088
248,-3,Netherlands,Sweden,30.72,0.3531,0.296
248,-2,Netherlands,Sweden,36.55,0.3536,0.301
248,-1,Netherlands,Sweden,37.52,0.3381,0.172
248,0,Netherlands,Sweden,61.13,0.3484,0.172
248,1,Netherlands,Sweden,31.56,0.3438,0.119
248,2,Netherlands,Sweden,28.28,0.3508,0.299
248,3,Netherlands,Sweden,29.4,0.3676,0.253
249,-7,Australia,Chile,17.61,0.2754,0.224
249,-6,Australia,Chile,20.84,0.2938,0.287
249,-5,Australia,Chile,19.78,0.2811,0.156
249,-4,Australia,Chile,25.16,0.2781,0.136
249,-3,Australia,Chile,29.47,0.2874,0.237
249,-2,Australia,Chile,32.48,0.2988,0.129
249,-1,Australia,Chile,32.11,0.2817,0.202
249,0,Australia,Chile,58.42,0.3029,0.19
249,1,Australia,Chile,38.95,0.3018,0.115
249,2,Australia,Chile,31.84,0.3187,0.23
249,3,Australia,Chile,31.31,0.2961,0.077
250,-7,DR Congo,Brazil,22.68,0.3025,0.117
250,-6,DR Congo,Brazil,25.47,0.3157,0.066
250,-5,DR Congo,Brazil,23.18,0.3252,-0.035
250,-4,DR Congo,Brazil,28.8,0.2988,0.026
250,-3,DR Congo,Brazil,34.98,0.3294,-0.021
250,-2,DR Congo,Brazil,35.86,0.2936,0.046
250,-1,DR Congo,Brazil,42.41,0.3238,-0.06
250,0,DR Congo,Brazil,66.24,0.3029,0.003
250,1,DR Congo,Brazil,42.4,0.3221,0.081
250,2,DR Congo,Brazil,33.98,0.3134,0.037
250,3,DR Congo,Brazil,36.39,0.3275,0.159
251,-7,Germany,German DR,22.57,0.2219,0.204
251,-6,Germany,German DR,30.53,0.1961,0.133
251,-5,Germany,German DR,30.99,0.1999,0.283
251,-4,Germany,German DR,24.84,0.2368,0.403
251,-3,Germany,German DR,36.52,0.2095,0.344
251,-2,Germany,German DR,34.13,0.2219,0.246
251,-1,Germany,German DR,43.81,0.2029,0.251
251,0,Germany,German DR,56.74,0.2107,0.248
251,1,Germany,German DR,39.97,0.2026,0.33
251,2,Germany,German DR,39.63,0.2093,0.43
251,3,Germany,German DR,35.05,0.2341,0.271
252,-7,Scotland,Yugoslavia,17.98,0.1869,0.319
252,-6,Scotland,Yugoslavia,22.19,0.169,0.433
252,-5,Scotland,Yugoslavia,21.03,0.2065,0.514
252,-4,Scotland,Yugoslavia,27.17,0.2001,0.333
252,-3,Scotland,Yugoslavia,35.59,0.1811,0.352
252,-2,Scotland,Yugoslavia,39.99,0.1948,0.247
252,-1,Scotland,Yugoslavia,44.56,0.1798,0.367
252,0,Scotland,Yugoslavia,63.38,0.1968,0.539
252,1,Scotland,Yugoslavia,42.78,0.193,0.403
252,2,Scotland,Yugoslavia,36.8,0.1959,0.378
252,3,Scotland,Yugoslavia,31.17,0.198,0.326
253,-7,Argentina,Haiti,20.61,0.1385,0.005
253,-6,Argentina,Haiti,29.73,0.1157,-0.006
253,-5,Argentina,Haiti,27.9,0.1362,0.128
253,-4,Argentina,Haiti,34.33,0.1184,-0.074
253,-3,Argentina,Haiti,40.22,0.1167,-0.033
253,-2,Argentina,Haiti,41.4,0.1208,-0.061
253,-1,Argentina,Haiti,41.22,0.1288,-0.001
253,0,Argentina,Haiti,72.04,0.1266,0.118
253,1,Argentina,Haiti,43.14,0.1276,0.09
253,2,Argentina,Haiti,39.11,0.1383,-0.072
253,3,Argentina,Haiti,34.52,0.1044,-0.007
254,-7,Bulgaria,Netherlands,26.71,0.1868,0.217
254,-6,Bulgaria,Netherlands,27.15,0.1582,0.143
254,-5,Bulgaria,Netherlands,32.63,0.1874,0.199
254,-4,Bulgaria,Netherlands,38.48,0.1654,0.201
254,-3,Bulgaria,Netherlands,36.37,0.1952,0.237
254,-2,Bulgaria,Netherlands,35.01,0.1882,0.357
254,-1,Bulgaria,Netherlands,45.18,0.166,0.288
254,0,Bulgaria,Netherlands,77.13,0.187,0.114
254,1,Bulgaria,Netherlands,48.69,0.1817,0.161
254,2,Bulgaria,Netherlands,45.81,0.1821,0.32
254,3,Bulgaria,Netherlands,33.72,0.1816,0.165
255,-7,Poland,Italy,25.81,0.287,-0.232
255,-6,Poland,Italy,21.97,0.2808,-0.133
255,-5,Poland,Italy,32.97,0.2596,-0.128
255,-4,Poland,Italy,33.75,0.2718,-0.257
255,-3,Poland,Italy,44.15,0.2718,-0.226
255,-2,Poland,Italy,38.91,0.2744,-0.062
255,-1,Poland,Italy,45.4,0.2667,-0.253
255,0,Poland,Italy,65.93,0.2496,-0.047
255,1,Poland,Italy,39.59,0.2769,-0.178
255,2,Poland,Italy,36.09,0.2597,-0.082
255,3,Poland,Italy,32.1,0.2785,-0.174
256,-7,Sweden,Uruguay,24.13,0.3307,0.234
256,-6,Sweden,Uruguay,23.53,0.3387,0.204
256,-5,Sweden,Uruguay,30.78,0.3301,0.264
256,-4,Sweden,Uruguay,29.9,0.3208,0.253
256,-3,Sweden,Uruguay,32.55,0.3478,0.228
256,-2,Sweden,Uruguay,33.0,0.3233,0.153
256,-1,Sweden,Uruguay,45.91,0.3396,0.219
256,0,Sweden,Uruguay,65.33,0.3292,0.283
256,1,Sweden,Uruguay,43.98,0.3387,0.21
256,2,Sweden,Uruguay,35.6,0.3383,0.332
256,3,Sweden,Uruguay,38.14,0.3493,0.234
257,-7,Brazil,German DR,19.24,0.3032,0.066
257,-6,Brazil,German DR,17.78,0.3319,-0.086
257,-5,Brazil,German DR,32.94,0.313,0.02
257,-4,Brazil,German DR,36.8,0.3098,-0.055
257,-3,Brazil,German DR,28.68,0.3018,-0.054
257,-2,Brazil,German DR,32.38,0.2988,-0.046
257,-1,Brazil,German DR,39.84,0.303,-0.042
257,0,Brazil,German DR,63.3,0.2968,0.104
257,1,Brazil,German DR,35.91,0.3162,0.059
257,2,Brazil,German DR,39.86,0.3194,-0.08
257,3,Brazil,German DR,28.37,0.3069,0.101
258,-7,Germany,Yugoslavia,22.45,0.2551,0.031
258,-6,Germany,Yugoslavia,21.48,0.2515,0.081
258,-5,Germany,Yugoslavia,26.66,0.2335,0.099
258,-4,Germany,Yugoslavia,35.32,0.241,0.167
258,-3,Germany,Yugoslavia,20.57,0.2416,-0.03
258,-2,Germany,Yugoslavia,40.39,0.2617,0.032
258,-1,Germany,Yugoslavia,41.22,0.2656,0.199
258,0,Germany,Yugoslavia,59.92,0.2247,0.041
258,1,Germany,Yugoslavia,42.89,0.2764,0.1
258,2,Germany,Yugoslavia,33.94,0.28,0.132
258,3,Germany,Yugoslavia,28.39,0.2498,0.174
259,-7,Netherlands,Argentina,25.85,0.3955,-0.087
259,-6,Netherlands,Argentina,22.98,0.3772,0.005
259,-5,Netherlands,Argentina,31.37,0.3936,0.198
259,-4,Netherlands,Argentina,30.2,0.3822,-0.025
259,-3,Netherlands,Argentina,39.63,0.3996,-0.006
259,-2,Netherlands,Argentina,46.79,0.3775,0.097
259,-1,Netherlands,Argentina,49.2,0.3697,0.065
259,0,Netherlands,Argentina,57.75,0.3959,-0.052
259,1,Netherlands,Argentina,46.09,0.3951,0.103
259,2,Netherlands,Argentina,42.67,0.3867,-0.002
259,3,Netherlands,Argentina,35.6,0.3726,0.01
260,-7,Sweden,Poland,21.62,0.42,0.013
260,-6,Sweden,Poland,19.82,0.42,0.113
260,-5,Sweden,Poland,27.47,0.42,0.152
260,-4,Sweden,Poland,28.02,0.42,0.105
260,-3,Sweden,Poland,34.79,0.42,0.141
260,-2,Sweden,Poland,35.53,0.42,0.206
260,-1,Sweden,Poland,39.68,0.42,0.3
260,0,Sweden,Poland,61.92,0.42,0.108
260,1,Sweden,Poland,46.9,0.42,0.14
260,2,Sweden,Poland,38.63,0.42,0.191
260,3,Sweden,Poland,33.69,0.42,0.08
261,-7,Argentina,Brazil,26.46,0.2979,0.206
261,-6,Argentina,Brazil,31.95,0.2981,0.359
261,-5,Argentina,Brazil,29.77,0.3008,0.113
261,-4,Argentina,Brazil,38.76,0.3026,0.081
261,-3,Argentina,Brazil,37.73,0.3021,0.175
261,-2,Argentina,Brazil,41.07,0.2721,0.19
261,-1,Argentina,Brazil,41.11,0.3129,0.397
261,0,Argentina,Brazil,63.46,0.3082,0.432
261,1,Argentina,Brazil,42.18,0.3083,0.153
261,2,Argentina,Brazil,44.67,0.2941,0.259
261,3,Argentina,Brazil,35.11,0.3037,0.21
262,-7,German DR,Netherlands,24.64,0.1429,0.13
262,-6,German DR,Netherlands,24.92,0.1164,-0.087
262,-5,German DR,Netherlands,36.94,0.1233,0.048
262,-4,German DR,Netherlands,32.33,0.1483,-0.047
262,-3,German DR,Netherlands,28.82,0.1441,0.033
262,-2,German DR,Netherlands,37.66,0.1402,0.006
262,-1,German DR,Netherlands,45.71,0.1248,0.033
262,0,German DR,Netherlands,63.19,0.1179,-0.044
262,1,German DR,Netherlands,38.84,0.125,-0.062
262,2,German DR,Netherlands,37.59,0.1266,-0.016
262,3,German DR,Netherlands,33.47,0.115,-0.05
263,-7,Germany,Sweden,22.55,0.1789,0.051
263,-6,Germany,Sweden,30.82,0.1717,-0.024
263,-5,Germany,Sweden,40.76,0.1775,0.221
263,-4,Germany,Sweden,33.84,0.2007,0.039
263,-3,Germany,Sweden,39.64,0.1672,0.302
263,-2,Germany,Sweden,42.18,0.1902,0.152
263,-1,Germany,Sweden,47.91,0.1865,0.215
263,0,Germany,Sweden,75.56,0.1822,0.156
263,1,Germany,Sweden,54.7,0.1753,-0.01
263,2,Germany,Sweden,39.21,0.168,0.058
263,3,Germany,Sweden,36.06,0.18,0.137
264,-7,Poland,Yugoslavia,25.77,0.2606,0.175
264,-6,Poland,Yugoslavia,28.63,0.2884,0.164
264,-5,Poland,Yugoslavia,27.65,0.2851,0.124
264,-4,Poland,Yugoslavia,34.14,0.278,0.096
264,-3,Poland,Yugoslavia,34.63,0.2678,0.045
264,-2,Poland,Yugoslavia,30.3,0.2611,0.119
264,-1,Poland,Yugoslavia,45.96,0.279,0.085
264,0,Poland,Yugoslavia,61.93,0.2672,0.037
264,1,Poland,Yugoslavia,34.76,0.2509,0.201
264,2,Poland,Yugoslavia,44.31,0.2784,0.101
264,3,Poland,Yugoslavia,29.4,0.2675,0.148
265,-7,Argentina,German DR,26.7,0.255,0.399
265,-6,Argentina,German DR,32.33,0.2418,0.51
265,-5,Argentina,German DR,20.47,0.2374,0.328
265,-4,Argentina,German DR,31.82,0.2445,0.279
265,-3,Argentina,German DR,40.4,0.2402,0.243
265,-2,Argentina,German DR,41.98,0.2569,0.391
265,-1,Argentina,German DR,40.9,0.2302,0.32
265,0,Argentina,German DR,56.05,0.2496,0.36
265,1,Argentina,German DR,43.98,0.2456,0.366
265,2,Argentina,German DR,32.9,0.2583,0.361
265,3,Argentina,German DR,29.89,0.2531,0.39
266,-7,Germany,Poland,22.91,0.0913,0.211
266,-6,Germany,Poland,26.23,0.0912,0.128
266,-5,Germany,Poland,28.03,0.1111,0.349
266,-4,Germany,Poland,30.78,0.0867,0.342
266,-3,Germany,Poland,34.8,0.0771,0.127
266,-2,Germany,Poland,32.6,0.1113,0.032
266,-1,Germany,Poland,37.85,0.1106,0.001
266,0,Germany,Poland,60.99,0.1116,0.14
266,1,Germany,Poland,34.23,0.0909,0.012
266,2,Germany,Poland,33.18,0.1038,0.114
266,3,Germany,Poland,34.51,0.1024,0.217
267,-7,Netherlands,Brazil,22.38,0.42,0.128
267,-6,Netherlands,Brazil,24.1,0.42,0.092
267,-5,Netherlands,Brazil,29.0,0.42,-0.013
267,-4,Netherlands,Brazil,28.42,0.4056,0.089
267,-3,Netherlands,Brazil,31.74,0.4066,0.154
267,-2,Netherlands,Brazil,42.4,0.411,-0.058
267,-1,Netherlands,Brazil,46.73,0.42,0.067
267,0,Netherlands,Brazil,61.71,0.4053,0.009
267,1,Netherlands,Brazil,42.58,0.4095,0.068
267,2,Netherlands,Brazil,36.11,0.4022,0.151
267,3,Netherlands,Brazil,34.77,0.4189,0.077
268,-7,Sweden,Yugoslavia,18.67,0.2856,0.002
268,-6,Sweden,Yugoslavia,27.2,0.2954,0.119
268,-5,Sweden,Yugoslavia,33.0,0.2735,0.053
268,-4,Sweden,Yugoslavia,32.79,0.2947,0.017
268,-3,Sweden,Yugoslavia,38.46,0.31,0.139
268,-2,Sweden,Yugoslavia,32.53,0.2934,0.133
268,-1,Sweden,Yugoslavia,41.21,0.3077,0.101
268,0,Sweden,Yugoslavia,71.68,0.3009,0.128
268,1,Sweden,Yugoslavia,45.38,0.3099,0.172
268,2,Sweden,Yugoslavia,37.54,0.2836,0.03
268,3,Sweden,Yugoslavia,25.73,0.2936,0.082
269,-7,Brazil,Poland,21.47,0.2225,0.304
269,-6,Brazil,Poland,30.92,0.2033,0.244
269,-5,Brazil,Poland,21.8,0.2189,0.393
269,-4,Brazil,Poland,26.37,0.1974,0.419
269,-3,Brazil,Poland,26.03,0.2223,0.272
269,-2,Brazil,Poland,35.71,0.2231,0.345
269,-1,Brazil,Poland,37.23,0.227,0.332
269,0,Brazil,Poland,71.26,0.1897,0.192
269,1,Brazil,Poland,41.75,0.2098,0.367
269,2,Brazil,Poland,30.47,0.2108,0.344
269,3,Brazil,Poland,29.2,0.213,0.217
270,-7,Germany,Netherlands,26.32,0.2748,0.141
270,-6,Germany,Netherlands,22.22,0.2718,0.136
270,-5,Germany,Netherlands,31.81,0.2582,0.199
270,-4,Germany,Netherlands,36.47,0.2686,0.248
270,-3,Germany,Netherlands,26.74,0.266,0.153
270,-2,Germany,Netherlands,37.03,0.2576,0.361
270,-1,Germany,Netherlands,41.27,0.2404,0.331
270,0,Germany,Netherlands,66.85,0.2667,0.332
270,1,Germany,Netherlands,48.19,0.2468,0.131
270,2,Germany,Netherlands,40.76,0.2544,0.216
270,3,Germany,Netherlands,30.35,0.2645,0.256
271,-7,Germany,Poland,21.71,0.2183,0.149
271,-6,Germany,Poland,24.77,0.2484,-0.083
271,-5,Germany,Poland,25.96,0.2264,0.067
271,-4,Germany,Poland,31.26,0.2394,0.065
271,-3,Germany,Poland,30.62,0.2163,0.001
271,-2,Germany,Poland,37.65,0.2289,0.144
271,-1,Germany,Poland,40.5,0.2456,0.087
271,0,Germany,Poland,55.85,0.2332,0.109
271,1,Germany,Poland,30.17,0.2499,0.029
271,2,Germany,Poland,33.43,0.2341,0.061
271,3,Germany,Poland,25.98,0.2368,0.106
272,-7,Argentina,Hungary,18.55,0.2231,0.192
272,-6,Argentina,Hungary,30.07,0.2423,0.081
272,-5,Argentina,Hungary,32.26,0.2243,0.119
272,-4,Argentina,Hungary,27.73,0.2368,0.057
272,-3,Argentina,Hungary,37.97,0.2439,0.089
272,-2,Argentina,Hungary,42.78,0.2272,0.127
272,-1,Argentina,Hungary,41.3,0.2476,0.174
272,0,Argentina,Hungary,70.84,0.2397,-0.078
272,1,Argentina,Hungary,41.94,0.2575,0.106
272,2,Argentina,Hungary,32.26,0.2441,0.166
272,3,Argentina,Hungary,32.78,0.2357,0.07
273,-7,France,Italy,27.54,0.1248,0.051
273,-6,France,Italy,27.55,0.1153,0.235
273,-5,France,Italy,32.89,0.1226,0.139
273,-4,France,Italy,35.85,0.122,0.186
273,-3,France,Italy,40.49,0.1182,0.248
273,-2,France,Italy,43.71,0.1271,0.102
273,-1,France,Italy,44.28,0.1212,0.078
273,0,France,Italy,68.15,0.1118,0.109
273,1,France,Italy,42.31,0.1077,0.179
273,2,France,Italy,38.17,0.1397,0.116
273,3,France,Italy,33.9,0.1132,0.136
274,-7,Mexico,Tunisia,27.02,0.2798,0.107
274,-6,Mexico,Tunisia,36.15,0.2764,0.033
274,-5,Mexico,Tunisia,27.34,0.2773,0.031
274,-4,Mexico,Tunisia,35.83,0.2816,0.166
274,-3,Mexico,Tunisia,33.86,0.282,0.125
274,-2,Mexico,Tunisia,38.59,0.269,0.135
274,-1,Mexico,Tunisia,43.04,0.2745,0.203
274,0,Mexico,Tunisia,72.63,0.2719,0.118
274,1,Mexico,Tunisia,43.52,0.2648,-0.006
274,2,Mexico,Tunisia,41.59,0.2791,0.097
274,3,Mexico,Tunisia,33.84,0.2717,0.196
275,-7,Austria,Spain,28.85,0.2079,0.128
275,-6,Austria,Spain,37.03,0.2025,-0.032
275,-5,Austria,Spain,32.18,0.1973,0.044
275,-4,Austria,Spain,32.66,0.2128,-0.055
275,-3,Austria,Spain,32.57,0.1845,0.089
275,-2,Austria,Spain,42.26,0.2164,0.009
275,-1,Austria,Spain,35.39,0.1993,-0.033
275,0,Austria,Spain,62.5,0.188,-0.083
275,1,Austria,Spain,43.62,0.2089,0.049
275,2,Austria,Spain,46.19,0.2165,-0.027
275,3,Austria,Spain,41.62,0.1893,-0.161
276,-7,Brazil,Sweden,21.45,0.3137,0.1
276,-6,Brazil,Sweden,22.4,0.2953,0.001
276,-5,Brazil,Sweden,24.08,0.3226,0.078
276,-4,Brazil,Sweden,37.05,0.2933,0.122
276,-3,Brazil,Sweden,34.54,0.3146,0.106
276,-2,Brazil,Sweden,40.67,0.3107,0.012
276,-1,Brazil,Sweden,44.07,0.3028,0.034
276,0,Brazil,Sweden,65.74,0.3151,0.054
276,1,Brazil,Sweden,40.28,0.2874,-0.038
276,2,Brazil,Sweden,36.37,0.3135,0.048
276,3,Brazil,Sweden,38.74,0.3015,0.074
277,-7,Iran,Netherlands,24.69,0.2124,0.228
277,-6,Iran,Netherlands,27.13,0.194,0.256
277,-5,Iran,Netherlands,29.88,0.1992,0.369
277,-4,Iran,Netherlands,32.26,0.2073,0.307
277,-3,Iran,Netherlands,40.24,0.197,0.274
277,-2,Iran,Netherlands,41.58,0.1968,0.33
277,-1,Iran,Netherlands,51.63,0.1889,0.402
277,0,Iran,Netherlands,64.56,0.2167,0.343
277,1,Iran,Netherlands,45.55,0.1988,0.277
277,2,Iran,Netherlands,36.44,0.2007,0.282
277,3,Iran,Netherlands,35.99,0.1837,0.297
278,-7,Peru,Scotland,31.28,0.1677,0.12
278,-6,Peru,Scotland,37.79,0.1495,0.112
278,-5,Peru,Scotland,26.01,0.1516,0.243
278,-4,Peru,Scotland,32.47,0.1381,0.179
278,-3,Peru,Scotland,38.27,0.1664,0.097
278,-2,Peru,Scotland,37.19,0.1542,0.157
278,-1,Peru,Scotland,45.15,0.1611,0.08
278,0,Peru,Scotland,70.74,0.1564,0.069
278,1,Peru,Scotland,45.89,0.1518,0.161
278,2,Peru,Scotland,43.77,0.1624,0.004
278,3,Peru,Scotland,33.53,0.1488,0.062
279,-7,Argentina,France,23.81,0.2176,0.195
279,-6,Argentina,France,26.1,0.2136,0.169
279,-5,Argentina,France,29.64,0.2203,0.1
279,-4,Argentina,France,32.49,0.1939,0.076
279,-3,Argentina,France,30.56,0.1947,0.152
279,-2,Argentina,France,37.91,0.2033,0.125
279,-1,Argentina,France,49.66,0.1929,0.059
279,0,Argentina,France,63.33,0.2056,0.182
279,1,Argentina,France,45.62,0.2178,0.138
279,2,Argentina,France,37.58,0.2261,-0.049
279,3,Argentina,France,35.54,0.2117,0.277
280,-7,Germany,Mexico,23.35,0.4093,0.075
280,-6,Germany,Mexico,25.0,0.4118,0.228
280,-5,Germany,Mexico,37.98,0.4079,0.217
280,-4,Germany,Mexico,35.95,0.42,0.251
280,-3,Germany,Mexico,39.39,0.42,0.085
280,-2,Germany,Mexico,46.5,0.42,0.235
280,-1,Germany,Mexico,45.14,0.4118,0.191
280,0,Germany,Mexico,76.75,0.4157,0.27
280,1,Germany,Mexico,44.76,0.4114,0.052
280,2,Germany,Mexico,46.38,0.42,0.404
280,3,Germany,Mexico,43.66,0.4183,0.188
281,-7,Hungary,Italy,25.75,0.3414,0.397
281,-6,Hungary,Italy,21.94,0.3422,0.385
281,-5,Hungary,Italy,37.23,0.3382,0.324
281,-4,Hungary,Italy,34.69,0.3407,0.369
281,-3,Hungary,Italy,32.43,0.3379,0.337
281,-2,Hungary,Italy,39.96,0.3486,0.331
281,-1,Hungary,Italy,44.62,0.3463,0.359
281,0,Hungary,Italy,78.39,0.3428,0.291
281,1,Hungary,Italy,42.46,0.3285,0.32
281,2,Hungary,Italy,42.59,0.3265,0.355
281,3,Hungary,Italy,40.91,0.3336,0.425
282,-7,Poland,Tunisia,17.51,0.3117,0.095
282,-6,Poland,Tunisia,26.16,0.3037,0.302
282,-5,Poland,Tunisia,21.35,0.3297,0.218
282,-4,Poland,Tunisia,30.49,0.3168,0.287
282,-3,Poland,Tunisia,40.81,0.3136,0.168
282,-2,Poland,Tunisia,33.54,0.3021,0.189
282,-1,Poland,Tunisia,40.43,0.2968,0.189
282,0,Poland,Tunisia,61.34,0.3089,0.11
282,1,Poland,Tunisia,41.04,0.3354,0.185
282,2,Poland,Tunisia,38.21,0.3061,0.128
282,3,Poland,Tunisia,34.29,0.2998,0.172
283,-7,Austria,Sweden,25.13,0.3234,0.288
283,-6,Austria,Sweden,25.31,0.3164,0.184
283,-5,Austria,Sweden,26.77,0.3396,0.338
283,-4,Austria,Sweden,28.2,0.3195,0.235
283,-3,Austria,Sweden,30.62,0.3274,0.34
283,-2,Austria,Sweden,43.4,0.3139,0.312
283,-1,Austria,Sweden,41.46,0.3199,0.194
283,0,Austria,Sweden,61.31,0.3493,0.285
283,1,Austria,Sweden,36.8,0.322,0.186
283,2,Austria,Sweden,35.54,0.3321,0.218
283,3,Austria,Sweden,20.76,0.3272,0.231
284,-7,Brazil,Spain,19.62,0.1668,0.124
284,-6,Brazil,Spain,22.45,0.1871,0.163
284,-5,Brazil,Spain,24.81,0.1696,0.105
284,-4,Brazil,Spain,27.45,0.1549,0.23
284,-3,Brazil,Spain,33.08,0.1703,-0.038
284,-2,Brazil,Spain,33.1,0.1688,0.092
284,-1,Brazil,Spain,30.04,0.1702,0.067
284,0,Brazil,Spain,56.7,0.1731,0.1
284,1,Brazil,Spain,42.93,0.1697,0.032
284,2,Brazil,Spain,27.68,0.1698,-0.002
284,3,Brazil,Spain,33.94,0.1747,0.162
285,-7,Iran,Scotland,29.68,0.2616,0.106
285,-6,Iran,Scotland,31.01,0.2743,0.167
285,-5,Iran,Scotland,32.04,0.2828,0.159
285,-4,Iran,Scotland,35.74,0.2712,0.166
285,-3,Iran,Scotland,33.12,0.2842,0.081
285,-2,Iran,Scotland,31.33,0.2799,0.059
285,-1,Iran,Scotland,37.59,0.2872,0.198
285,0,Iran,Scotland,62.12,0.2355,0.167
285,1,Iran,Scotland,43.82,0.2782,0.163
285,2,Iran,Scotland,36.59,0.2671,0.053
285,3,Iran,Scotland,31.3,0.2759,0.154
286,-7,Netherlands,Peru,25.02,0.3234,0.041
286,-6,Netherlands,Peru,22.55,0.3281,0.17
286,-5,Netherlands,Peru,21.17,0.3545,0.099
286,-4,Netherlands,Peru,33.53,0.3466,0.083
286,-3,Netherlands,Peru,37.91,0.3435,0.169
286,-2,Netherlands,Peru,33.5,0.3459,0.194
286,-1,Netherlands,Peru,34.58,0.3377,0.165
286,0,Netherlands,Peru,59.41,0.3475,0.169
286,1,Netherlands,Peru,35.68,0.3331,0.074
286,2,Netherlands,Peru,35.8,0.3329,0.144
286,3,Netherlands,Peru,31.41,0.3403,0.157
287,-7,Argentina,Italy,20.24,0.1085,0.057
287,-6,Argentina,Italy,24.81,0.1192,0.114
287,-5,Argentina,Italy,25.09,0.1035,0.191
287,-4,Argentina,Italy,28.33,0.1058,0.125
287,-3,Argentina,Italy,32.91,0.1008,0.027
287,-2,Argentina,Italy,35.44,0.1132,0.171
287,-1,Argentina,Italy,34.43,0.1265,0.059
287,0,Argentina,Italy,63.58,0.0964,-0.034
287,1,Argentina,Italy,34.96,0.1013,0.116
287,2,Argentina,Italy,35.59,0.1023,0.157
287,3,Argentina,Italy,32.17,0.1087,0.297
288,-7,France,Hungary,26.83,0.42,0.17
288,-6,France,Hungary,31.39,0.42,0.147
288,-5,France,Hungary,36.28,0.42,0.128
288,-4,France,Hungary,31.5,0.42,0.091
288,-3,France,Hungary,40.0,0.42,0.323
288,-2,France,Hungary,45.87,0.42,0.1
288,-1,France,Hungary,38.7,0.42,0.144
288,0,France,Hungary,65.08,0.42,0.217
288,1,France,Hungary,44.45,0.42,0.24
288,2,France,Hungary,46.72,0.42,0.062
288,3,France,Hungary,35.85,0.42,0.1
289,-7,Germany,Tunisia,23.83,0.2561,0.147
289,-6,Germany,Tunisia,22.32,0.2161,0.186
289,-5,Germany,Tunisia,24.73,0.224,0.281
289,-4,Germany,Tunisia,28.49,0.2363,0.224
289,-3,Germany,Tunisia,29.82,0.2285,0.228
289,-2,Germany,Tunisia,35.2,0.2096,0.265
289,-1,Germany,Tunisia,34.57,0.2286,0.136
289,0,Germany,Tunisia,56.12,0.236,0.277
289,1,Germany,Tunisia,33.46,0.2376,0.325
289,2,Germany,Tunisia,32.0,0.2327,0.1
289,3,Germany,Tunisia,27.44,0.2359,0.312
290,-7,Mexico,Poland,24.76,0.1601,0.098
290,-6,Mexico,Poland,24.36,0.1435,-0.012
290,-5,Mexico,Poland,32.24,0.1169,-0.019
290,-4,Mexico,Poland,37.12,0.125,0.197
290,-3,Mexico,Poland,33.34,0.1094,0.042
290,-2,Mexico,Poland,50.83,0.1381,0.115
290,-1,Mexico,Poland,47.45,0.1223,0.267
290,0,Mexico,Poland,70.86,0.1325,0.145
290,1,Mexico,Poland,40.94,0.1175,0.059
290,2,Mexico,Poland,44.18,0.1125,0.071
290,3,Mexico,Poland,36.18,0.1092,0.04
291,-7,Austria,Brazil,25.3,0.0429,0.255
291,-6,Austria,Brazil,26.75,0.0649,0.157
291,-5,Austria,Brazil,23.27,0.0529,0.181
291,-4,Austria,Brazil,27.13,0.063,0.093
291,-3,Austria,Brazil,33.74,0.067,0.042
291,-2,Austria,Brazil,35.71,0.0424,0.026
291,-1,Austria,Brazil,37.48,0.0943,0.21
291,0,Austria,Brazil,65.22,0.068,0.17
291,1,Austria,Brazil,42.69,0.053,0.189
291,2,Austria,Brazil,39.6,0.0691,0.243
291,3,Austria,Brazil,32.8,0.081,0.141
292,-7,Iran,Peru,35.42,0.1702,0.2
292,-6,Iran,Peru,25.93,0.1536,0.16
292,-5,Iran,Peru,32.11,0.148,0.317
292,-4,Iran,Peru,35.58,0.1641,0.145
292,-3,Iran,Peru,35.8,0.1367,0.34
292,-2,Iran,Peru,37.5,0.1472,0.326
292,-1,Iran,Peru,48.7,0.1647,0.251
292,0,Iran,Peru,75.56,0.1645,0.119
292,1,Iran,Peru,49.91,0.1684,0.309
292,2,Iran,Peru,38.09,0.1545,0.254
292,3,Iran,Peru,35.18,0.1351,0.241
293,-7,Netherlands,Scotland,31.14,0.2503,0.112
293,-6,Netherlands,Scotland,31.47,0.2519,0.084
293,-5,Netherlands,Scotland,37.15,0.2402,0.128
293,-4,Netherlands,Scotland,31.06,0.2423,0.158
293,-3,Netherlands,Scotland,34.25,0.2489,0.239
293,-2,Netherlands,Scotland,46.05,0.243,0.034
293,-1,Netherlands,Scotland,46.75,0.2675,0.004
293,0,Netherlands,Scotland,68.51,0.2604,-0.044
293,1,Netherlands,Scotland,44.16,0.2508,0.072
293,2,Netherlands,Scotland,37.68,0.256,0.113
293,3,Netherlands,Scotland,36.17,0.2717,0.098
294,-7,Spain,Sweden,19.89,0.2573,0.229
294,-6,Spain,Sweden,25.74,0.2321,0.31
294,-5,Spain,Sweden,25.41,0.2328,0.255
294,-4,Spain,Sweden,27.65,0.2508,0.178
294,-3,Spain,Sweden,32.03,0.239,0.257
294,-2,Spain,Sweden,38.87,0.2199,0.306
294,-1,Spain,Sweden,35.2,0.2318,0.172
294,0,Spain,Sweden,59.18,0.231,0.381
294,1,Spain,Sweden,40.4,0.2432,0.188
294,2,Spain,Sweden,38.07,0.2576,0.327
294,3,Spain,Sweden,27.57,0.2323,0.274
295,-7,Argentina,Poland,22.53,0.42,0.129
295,-6,Argentina,Poland,26.2,0.42,0.179
295,-5,Argentina,Poland,33.26,0.42,0.148
295,-4,Argentina,Poland,27.1,0.42,0.153
295,-3,Argentina,Poland,33.09,0.42,0.154
295,-2,Argentina,Poland,35.82,0.42,0.232
295,-1,Argentina,Poland,39.63,0.42,0.262
295,0,Argentina,Poland,60.8,0.42,0.276
295,1,Argentina,Poland,39.55,0.42,0.012
295,2,Argentina,Poland,38.55,0.42,0.192
295,3,Argentina,Poland,31.75,0.42,0.124
296,-7,Austria,Netherlands,24.61,0.3865,0.088
296,-6,Austria,Netherlands,31.24,0.3945,0.065
296,-5,Austria,Netherlands,37.61,0.3913,0.245
296,-4,Austria,Netherlands,37.49,0.394,0.106
296,-3,Austria,Netherlands,42.22,0.3936,0.2
296,-2,Austria,Netherlands,49.82,0.3845,0.183
296,-1,Austria,Netherlands,51.34,0.3987,0.11
296,0,Austria,Netherlands,73.75,0.3862,0.098
296,1,Austria,Netherlands,46.35,0.3919,0.087
296,2,Austria,Netherlands,45.73,0.3939,0.152
296,3,Austria,Netherlands,39.11,0.394,0.123
297,-7,Brazil,Peru,28.44,0.2404,-0.019
297,-6,Brazil,Peru,23.01,0.2542,-0.084
297,-5,Brazil,Peru,26.56,0.232,-0.13
297,-4,Brazil,Peru,30.62,0.2637,-0.09
297,-3,Brazil,Peru,27.59,0.2501,-0.123
297,-2,Brazil,Peru,41.82,0.2406,-0.064
297,-1,Brazil,Peru,47.64,0.2531,-0.132
297,0,Brazil,Peru,62.44,0.2243,0.137
297,1,Brazil,Peru,40.43,0.2597,-0.082
297,2,Brazil,Peru,35.19,0.246,-0.068
297,3,Brazil,Peru,38.13,0.2555,-0.086
298,-7,Germany,Italy,17.21,0.1821,-0.041
298,-6,Germany,Italy,22.92,0.1964,0.039
298,-5,Germany,Italy,21.33,0.1963,0.075
298,-4,Germany,Italy,27.22,0.1921,0.136
298,-3,Germany,Italy,28.6,0.1906,-0.013
298,-2,Germany,Italy,33.55,0.1976,0.107
298,-1,Germany,Italy,44.3,0.1985,0.108
298,0,Germany,Italy,59.12,0.2219,0.137
298,1,Germany,Italy,29.83,0.2017,0.057
298,2,Germany,Italy,27.0,0.2169,0.223
298,3,Germany,Italy,27.41,0.1857,0.13
299,-7,Argentina,Brazil,19.15,0.1134,0.143
299,-6,Argentina,Brazil,22.47,0.0981,0.251
299,-5,Argentina,Brazil,29.97,0.1138,0.19
299,-4,Argentina,Brazil,30.16,0.115,0.314
299,-3,Argentina,Brazil,25.97,0.1253,0.185
299,-2,Argentina,Brazil,29.81,0.142,0.36
299,-1,Argentina,Brazil,36.88,0.1203,0.16
299,0,Argentina,Brazil,56.29,0.1014,0.103
299,1,Argentina,Brazil,44.07,0.1145,0.197
299,2,Argentina,Brazil,30.89,0.1173,0.088
299,3,Argentina,Brazil,27.87,0.1006,0.284
300,-7,Austria,Italy,17.62,0.2775,0.188
300,-6,Austria,Italy,22.0,0.2862,0.399
300,-5,Austria,Italy,26.31,0.2868,0.352
300,-4,Austria,Italy,27.86,0.3206,0.29
300,-3,Austria,Italy,33.61,0.3016,0.288
300,-2,Austria,Italy,36.05,0.2857,0.35
300,-1,Austria,Italy,39.91,0.29,0.25
300,0,Austria,Italy,66.87,0.2987,0.22
300,1,Austria,Italy,38.09,0.2729,0.384
300,2,Austria,Italy,35.4,0.2917,0.272
300,3,Austria,Italy,31.05,0.3011,0.405
301,-7,Germany,Netherlands,29.82,0.2141,0.2
301,-6,Germany,Netherlands,29.71,0.2239,0.097
301,-5,Germany,Netherlands,26.59,0.2507,0.13
301,-4,Germany,Netherlands,33.92,0.2308,0.202
301,-3,Germany,Netherlands,35.79,0.2422,0.215
301,-2,Germany,Netherlands,38.52,0.2333,0.124
301,-1,Germany,Netherlands,47.06,0.2245,0.169
301,0,Germany,Netherlands,71.05,0.2278,0.188
301,1,Germany,Netherlands,49.48,0.221,0.248
301,2,Germany,Netherlands,44.04,0.2467,0.365
301,3,Germany,Netherlands,34.66,0.2223,0.27
302,-7,Peru,Poland,26.69,0.2561,0.303
302,-6,Peru,Poland,34.65,0.2669,0.334
302,-5,Peru,Poland,32.61,0.2956,0.286
302,-4,Peru,Poland,33.79,0.2561,0.271
302,-3,Peru,Poland,30.6,0.243,0.157
302,-2,Peru,Poland,36.98,0.271,0.196
302,-1,Peru,Poland,45.01,0.2523,0.287
302,0,Peru,Poland,58.89,0.2669,0.332
302,1,Peru,Poland,42.21,0.2741,0.31
302,2,Peru,Poland,31.02,0.2792,0.195
302,3,Peru,Poland,31.79,0.2614,0.294
303,-7,Argentina,Peru,27.47,0.3799,0.148
303,-6,Argentina,Peru,26.76,0.3818,-0.043
303,-5,Argentina,Peru,36.12,0.3731,0.038
303,-4,Argentina,Peru,32.01,0.3973,0.04
303,-3,Argentina,Peru,40.55,0.3917,-0.053
303,-2,Argentina,Peru,42.05,0.3838,-0.088
303,-1,Argentina,Peru,43.5,0.3719,-0.045
303,0,Argentina,Peru,73.99,0.3881,0.087
303,1,Argentina,Peru,55.62,0.3815,0.046
303,2,Argentina,Peru,44.12,0.3856,0.063
303,3,Argentina,Peru,43.3,0.3928,0.071
304,-7,Austria,Germany,33.3,0.1602,0.101
304,-6,Austria,Germany,28.49,0.1586,0.068
304,-5,Austria,Germany,30.28,0.1462,0.168
304,-4,Austria,Germany,36.44,0.1387,0.098
304,-3,Austria,Germany,44.88,0.1675,0.176
304,-2,Austria,Germany,40.14,0.1633,0.143
304,-1,Austria,Germany,44.56,0.154,0.111
304,0,Austria,Germany,67.01,0.144,0.13
304,1,Austria,Germany,44.38,0.1563,0.032
304,2,Austria,Germany,45.26,0.1849,0.216
304,3,Austria,Germany,42.45,0.1674,0.163
305,-7,Brazil,Poland,27.16,0.1917,0.326
305,-6,Brazil,Poland,31.03,0.1971,0.315
305,-5,Brazil,Poland,28.66,0.1951,0.332
305,-4,Brazil,Poland,35.26,0.1999,0.254
305,-3,Brazil,Poland,37.52,0.1807,0.225
305,-2,Brazil,Poland,36.29,0.2028,0.354
305,-1,Brazil,Poland,47.07,0.1966,0.229
305,0,Brazil,Poland,66.62,0.2267,0.283
305,1,Brazil,Poland,46.1,0.1774,0.195
305,2,Brazil,Poland,40.56,0.1967,0.287
305,3,Brazil,Poland,37.33,0.2099,0.147
306,-7,Italy,Netherlands,21.84,0.0754,0.022
306,-6,Italy,Netherlands,26.5,0.0779,0.015
306,-5,Italy,Netherlands,30.43,0.0831,0.072
306,-4,Italy,Netherlands,34.83,0.0505,0.026
306,-3,Italy,Netherlands,38.45,0.0662,-0.003
306,-2,Italy,Netherlands,38.53,0.0764,0.03
306,-1,Italy,Netherlands,49.9,0.08,0.004
306,0,Italy,Netherlands,61.25,0.0815,0.002
306,1,Italy,Netherlands,50.99,0.0817,0.106
306,2,Italy,Netherlands,39.84,0.0901,-0.101
306,3,Italy,Netherlands,31.11,0.089,0.172
307,-7,Brazil,Italy,21.38,0.2566,0.265
307,-6,Brazil,Italy,29.28,0.2802,0.249
307,-5,Brazil,Italy,23.28,0.2739,0.237
307,-4,Brazil,Italy,30.38,0.2554,0.294
307,-3,Brazil,Italy,38.35,0.2689,0.24
307,-2,Brazil,Italy,37.23,0.2726,0.288
307,-1,Brazil,Italy,45.26,0.2913,0.327
307,0,Brazil,Italy,65.68,0.3125,0.361
307,1,Brazil,Italy,41.15,0.2799,0.114
307,2,Brazil,Italy,39.06,0.2985,0.448
307,3,Brazil,Italy,34.9,0.2824,0.295
308,-7,Argentina,Netherlands,33.79,0.2468,0.416
308,-6,Argentina,Netherlands,27.71,0.2446,0.208
308,-5,Argentina,Netherlands,28.26,0.2636,0.114
308,-4,Argentina,Netherlands,34.25,0.2666,0.334
308,-3,Argentina,Netherlands,39.29,0.2757,0.188
308,-2,Argentina,Netherlands,42.09,0.2318,0.222
308,-1,Argentina,Netherlands,46.75,0.2643,0.12
308,0,Argentina,Netherlands,67.89,0.2556,0.2
308,1,Argentina,Netherlands,47.94,0.256,0.237
308,2,Argentina,Netherlands,39.0,0.2714,0.31
308,3,Argentina,Netherlands,35.83,0.2928,0.176
309,-7,Argentina,Belgium,27.69,0.2748,0.238
309,-6,Argentina,Belgium,28.37,0.2741,0.175
309,-5,Argentina,Belgium,34.51,0.2764,0.212
309,-4,Argentina,Belgium,31.54,0.2857,0.063
309,-3,Argentina,Belgium,36.11,0.2863,0.261
309,-2,Argentina,Belgium,37.45,0.287,0.21
309,-1,Argentina,Belgium,37.39,0.3049,0.158
309,0,Argentina,Belgium,61.05,0.3017,0.201
309,1,Argentina,Belgium,40.02,0.2912,0.228
309,2,Argentina,Belgium,36.22,0.2973,0.095
309,3,Argentina,Belgium,34.12,0.2958,0.228
310,-7,Brazil,Russia,18.63,0.42,0.038
310,-6,Brazil,Russia,32.9,0.42,0.205
310,-5,Brazil,Russia,26.38,0.42,0.124
310,-4,Brazil,Russia,42.94,0.42,0.201
310,-3,Brazil,Russia,43.47,0.42,0.116
310,-2,Brazil,Russia,39.38,0.42,-0.071
310,-1,Brazil,Russia,44.75,0.42,0.112
310,0,Brazil,Russia,62.9,0.42,0.016
310,1,Brazil,Russia,50.95,0.42,-0.021
310,2,Brazil,Russia,39.4,0.42,0.135
310,3,Brazil,Russia,33.18,0.417,0.103
311,-7,Italy,Poland,21.48,0.1778,0.053
311,-6,Italy,Poland,20.03,0.2043,0.133
311,-5,Italy,Poland,23.13,0.1843,0.028
311,-4,Italy,Poland,28.81,0.196,0.09
311,-3,Italy,Poland,33.16,0.2115,0.062
311,-2,Italy,Poland,30.33,0.1736,0.173
311,-1,Italy,Poland,40.69,0.1954,0.089
311,0,Italy,Poland,59.91,0.1981,0.032
311,1,Italy,Poland,42.6,0.1866,-0.005
311,2,Italy,Poland,28.97,0.19,0.147
311,3,Italy,Poland,30.03,0.1764,0.078
312,-7,Hungary,El Salvador,33.41,0.3557,0.409
312,-6,Hungary,El Salvador,33.84,0.335,0.281
312,-5,Hungary,El Salvador,37.25,0.3364,0.391
312,-4,Hungary,El Salvador,44.56,0.3309,0.18
312,-3,Hungary,El Salvador,46.71,0.3437,0.24
312,-2,Hungary,El Salvador,58.58,0.3301,0.348
312,-1,Hungary,El Salvador,58.92,0.323,0.365
312,0,Hungary,El Salvador,89.92,0.3271,0.168
312,1,Hungary,El Salvador,64.88,0.3372,0.411
312,2,Hungary,El Salvador,56.27,0.3504,0.295
312,3,Hungary,El Salvador,44.23,0.3463,0.343
313,-7,Peru,Cameroon,21.38,0.1807,0.241
313,-6,Peru,Cameroon,26.93,0.1595,0.287
313,-5,Peru,Cameroon,26.63,0.1848,0.287
313,-4,Peru,Cameroon,31.32,0.1705,0.269
313,-3,Peru,Cameroon,35.51,0.1791,0.233
313,-2,Peru,Cameroon,37.38,0.1655,0.325
313,-1,Peru,Cameroon,33.02,0.1722,0.191
313,0,Peru,Cameroon,57.1,0.1755,0.14
313,1,Peru,Cameroon,46.43,0.1556,0.152
313,2,Peru,Cameroon,31.23,0.1742,0.29
313,3,Peru,Cameroon,33.47,0.1895,0.161
314,-7,Scotland,New Zealand,33.38,0.2902,0.206
314,-6,Scotland,New Zealand,37.23,0.2735,0.329
314,-5,Scotland,New Zealand,35.47,0.2745,0.142
314,-4,Scotland,New Zealand,39.41,0.2855,0.047
314,-3,Scotland,New Zealand,43.04,0.2851,0.236
314,-2,Scotland,New Zealand,43.37,0.3209,0.226
314,-1,Scotland,New Zealand,53.22,0.3013,0.062
314,0,Scotland,New Zealand,78.4,0.3152,0.168
314,1,Scotland,New Zealand,52.31,0.2882,0.293
314,2,Scotland,New Zealand,46.25,0.2788,0.371
314,3,Scotland,New Zealand,37.89,0.2926,0.131
315,-7,England,France,25.17,0.0792,0.077
315,-6,England,France,33.08,0.0691,0.203
315,-5,England,France,35.79,0.098,0.124
315,-4,England,France,35.68,0.109,-0.007
315,-3,England,France,40.5,0.0829,0.173
315,-2,England,France,39.73,0.1004,0.007
315,-1,England,France,40.77,0.0905,0.215
315,0,England,France,73.1,0.0982,0.175
315,1,England,France,45.3,0.0992,0.074
315,2,England,France,40.77,0.0896,0.077
315,3,England,France,37.73,0.0888,0.065
316,-7,Germany,Algeria,25.98,0.3887,0.083
316,-6,Germany,Algeria,29.87,0.3809,0.174
316,-5,Germany,Algeria,28.31,0.3994,0.227
316,-4,Germany,Algeria,29.59,0.3931,0.261
316,-3,Germany,Algeria,33.06,0.3764,0.211
316,-2,Germany,Algeria,35.55,0.3775,0.089
316,-1,Germany,Algeria,47.36,0.3785,0.14
316,0,Germany,Algeria,65.64,0.4006,0.1
316,1,Germany,Algeria,39.82,0.3694,0.209
316,2,Germany,Algeria,42.81,0.4018,0.072
316,3,Germany,Algeria,35.56,0.4159,0.139
317,-7,Spain,Honduras,23.35,0.42,0.21
317,-6,Spain,Honduras,28.96,0.42,0.132
317,-5,Spain,Honduras,28.27,0.42,0.087
317,-4,Spain,Honduras,38.14,0.42,0.148
317,-3,Spain,Honduras,33.67,0.42,0.203
317,-2,Spain,Honduras,36.75,0.42,0.215
317,-1,Spain,Honduras,42.13,0.42,0.249
317,0,Spain,Honduras,64.72,0.42,0.244
317,1,Spain,Honduras,40.25,0.42,-0.003
317,2,Spain,Honduras,37.09,0.42,0.173
317,3,Spain,Honduras,36.88,0.42,0.197
318,-7,Chile,Austria,24.18,0.2069,0.339
318,-6,Chile,Austria,30.5,0.2135,0.252
318,-5,Chile,Austria,24.79,0.1983,0.089
318,-4,Chile,Austria,25.92,0.1934,0.194
318,-3,Chile,Austria,28.92,0.2035,0.185
318,-2,Chile,Austria,32.67,0.2223,0.103
318,-1,Chile,Austria,44.76,0.1769,0.186
318,0,Chile,Austria,58.12,0.1961,0.323
318,1,Chile,Austria,39.64,0.1907,0.23
318,2,Chile,Austria,35.39,0.2058,0.132
318,3,Chile,Austria,30.18,0.1945,0.252
319,-7,Czechoslovakia,Kuwait,24.53,0.2049,0.241
319,-6,Czechoslovakia,Kuwait,27.45,0.2244,0.196
319,-5,Czechoslovakia,Kuwait,29.04,0.2226,0.159
319,-4,Czechoslovakia,Kuwait,34.92,0.2177,0.153
319,-3,Czechoslovakia,Kuwait,30.91,0.2163,0.191
319,-2,Czechoslovakia,Kuwait,41.02,0.2141,0.251
319,-1,Czechoslovakia,Kuwait,39.83,0.2172,0.322
319,0,Czechoslovakia,Kuwait,64.77,0.2109,0.17
319,1,Czechoslovakia,Kuwait,42.73,0.2344,0.135
319,2,Czechoslovakia,Kuwait,38.21,0.1969,0.201
319,3,Czechoslovakia,Kuwait,35.71,0.1985,0.199
320,-7,Yugoslavia,Northern Ireland,24.03,0.1355,0.102
320,-6,Yugoslavia,Northern Ireland,21.29,0.1374,0.036
320,-5,Yugoslavia,Northern Ireland,29.14,0.1062,0.058
320,-4,Yugoslavia,Northern Ireland,29.27,0.1501,0.084
320,-3,Yugoslavia,Northern Ireland,32.28,0.1384,0.166
320,-2,Yugoslavia,Northern Ireland,33.55,0.1171,-0.034
320,-1,Yugoslavia,Northern Ireland,41.23,0.1366,0.06
320,0,Yugoslavia,Northern Ireland,57.29,0.1361,0.093
320,1,Yugoslavia,Northern Ireland,40.58,0.1206,-0.046
320,2,Yugoslavia,Northern Ireland,31.69,0.1177,-0.02
320,3,Yugoslavia,Northern Ireland,37.12,0.1067,0.111
321,-7,Argentina,Hungary,31.95,0.3337,0.029
321,-6,Argentina,Hungary,35.5,0.3433,-0.011
321,-5,Argentina,Hungary,34.88,0.3372,-0.05
321,-4,Argentina,Hungary,35.3,0.3144,0.042
321,-3,Argentina,Hungary,32.9,0.3391,0.047
321,-2,Argentina,Hungary,45.68,0.2935,-0.063
321,-1,Argentina,Hungary,53.85,0.3198,-0.111
321,0,Argentina,Hungary,74.97,0.33,0.047
321,1,Argentina,Hungary,48.11,0.3355,-0.039
321,2,Argentina,Hungary,45.51,0.3235,0.001
321,3,Argentina,Hungary,38.21,0.3178,0.012
322,-7,Brazil,Scotland,27.75,0.2944,0.127
322,-6,Brazil,Scotland,36.37,0.2786,0.229
322,-5,Brazil,Scotland,36.68,0.2876,0.17
322,-4,Brazil,Scotland,33.61,0.2794,0.18
322,-3,Brazil,Scotland,39.38,0.2998,0.133
322,-2,Brazil,Scotland,42.24,0.2656,0.21
322,-1,Brazil,Scotland,50.57,0.2973,0.237
322,0,Brazil,Scotland,76.96,0.2956,0.208
322,1,Brazil,Scotland,51.31,0.2635,0.088
322,2,Brazil,Scotland,39.2,0.3008,0.11
322,3,Brazil,Scotland,37.36,0.2857,0.078
323,-7,Italy,Peru,26.65,0.2039,-0.101
323,-6,Italy,Peru,27.86,0.2146,0.072
323,-5,Italy,Peru,29.47,0.2431,0.006
323,-4,Italy,Peru,31.77,0.2175,0.046
323,-3,Italy,Peru,36.34,0.2545,0.039
323,-2,Italy,Peru,36.99,0.233,0.011
323,-1,Italy,Peru,46.87,0.2454,-0.03
323,0,Italy,Peru,61.03,0.2073,-0.099
323,1,Italy,Peru,40.73,0.2476,0.087
323,2,Italy,Peru,41.74,0.2443,-0.069
323,3,Italy,Peru,29.49,0.2174,-0.161
324,-7,Belgium,El Salvador,20.27,0.3407,0.136
324,-6,Belgium,El Salvador,26.41,0.3385,0.164
324,-5,Belgium,El Salvador,25.63,0.3469,0.046
324,-4,Belgium,El Salvador,34.18,0.3471,0.172
324,-3,Belgium,El Salvador,28.95,0.3489,0.164
324,-2,Belgium,El Salvador,29.48,0.3608,0.037
324,-1,Belgium,El Salvador,41.59,0.3683,0.191
324,0,Belgium,El Salvador,57.1,0.3447,0.21
324,1,Belgium,El Salvador,37.99,0.3425,0.097
324,2,Belgium,El Salvador,38.63,0.3284,0.168
324,3,Belgium,El Salvador,31.03,0.3467,0.108
325,-7,Poland,Cameroon,25.11,0.2883,0.206
325,-6,Poland,Cameroon,28.16,0.2791,0.201
325,-5,Poland,Cameroon,27.76,0.2906,0.164
325,-4,Poland,Cameroon,25.28,0.272,0.107
325,-3,Poland,Cameroon,29.5,0.3135,0.051
325,-2,Poland,Cameroon,35.03,0.2909,0.191
325,-1,Poland,Cameroon,35.42,0.2693,0.203
325,0,Poland,Cameroon,59.63,0.2983,0.165
325,1,Poland,Cameroon,42.51,0.2841,0.06
325,2,Poland,Cameroon,27.9,0.2767,0.109
325,3,Poland,Cameroon,29.17,0.2749,0.109
326,-7,Russia,New Zealand,31.17,0.3109,0.126
326,-6,Russia,New Zealand,32.86,0.3023,0.309
326,-5,Russia,New Zealand,29.72,0.3128,0.314
326,-4,Russia,New Zealand,28.53,0.299,0.182
326,-3,Russia,New Zealand,35.88,0.3433,0.143
326,-2,Russia,New Zealand,35.56,0.3004,0.221
326,-1,Russia,New Zealand,46.47,0.3031,0.206
326,0,Russia,New Zealand,75.06,0.312,0.227
326,1,Russia,New Zealand,51.35,0.3032,0.152
326,2,Russia,New Zealand,38.48,0.3053,0.078
326,3,Russia,New Zealand,36.86,0.3142,0.192
327,-7,England,Czechoslovakia,26.19,0.2368,0.262
327,-6,England,Czechoslovakia,28.18,0.2404,0.242
327,-5,England,Czechoslovakia,34.43,0.2189,0.274
327,-4,England,Czechoslovakia,32.52,0.2401,0.408
327,-3,England,Czechoslovakia,36.75,0.2275,0.362
327,-2,England,Czechoslovakia,37.27,0.2358,0.359
327,-1,England,Czechoslovakia,41.03,0.2295,0.224
327,0,England,Czechoslovakia,68.19,0.2373,0.193
327,1,England,Czechoslovakia,45.57,0.2331,0.288
327,2,England,Czechoslovakia,34.79,0.2254,0.289
327,3,England,Czechoslovakia,32.0,0.2541,0.38
328,-7,Germany,Chile,35.9,0.42,0.003
328,-6,Germany,Chile,27.79,0.42,-0.044
328,-5,Germany,Chile,35.48,0.42,-0.013
328,-4,Germany,Chile,37.26,0.42,-0.066
328,-3,Germany,Chile,37.2,0.42,-0.059
328,-2,Germany,Chile,44.77,0.42,0.036
328,-1,Germany,Chile,41.68,0.42,-0.126
328,0,Germany,Chile,75.56,0.42,-0.141
328,1,Germany,Chile,49.82,0.42,-0.054
328,2,Germany,Chile,43.25,0.42,0.044
328,3,Germany,Chile,38.44,0.42,-0.041
329,-7,Spain,Yugoslavia,31.01,0.1113,0.337
329,-6,Spain,Yugoslavia,24.56,0.1137,0.328
329,-5,Spain,Yugoslavia,35.56,0.1036,0.336
329,-4,Spain,Yugoslavia,35.3,0.1283,0.435
329,-3,Spain,Yugoslavia,40.08,0.1131,0.379
329,-2,Spain,Yugoslavia,47.17,0.1344,0.434
329,-1,Spain,Yugoslavia,48.62,0.1244,0.3
329,0,Spain,Yugoslavia,68.12,0.1321,0.434
329,1,Spain,Yugoslavia,44.52,0.1322,0.41
329,2,Spain,Yugoslavia,42.77,0.1186,0.422
329,3,Spain,Yugoslavia,38.52,0.1297,0.484
330,-7,Algeria,Austria,23.74,0.2676,0.222
330,-6,Algeria,Austria,26.71,0.2476,0.069
330,-5,Algeria,Austria,26.37,0.2578,0.081
330,-4,Algeria,Austria,35.42,0.26,0.221
330,-3,Algeria,Austria,30.84,0.2591,0.14
330,-2,Algeria,Austria,41.22,0.277,0.095
330,-1,Algeria,Austria,46.27,0.2431,0.194
330,0,Algeria,Austria,60.59,0.2687,0.212
330,1,Algeria,Austria,45.9,0.2436,0.102
330,2,Algeria,Austria,40.89,0.2716,0.152
330,3,Algeria,Austria,27.09,0.2777,0.229
331,-7,France,Kuwait,29.35,0.3229,0.226
331,-6,France,Kuwait,35.99,0.3232,0.178
331,-5,France,Kuwait,34.64,0.3201,0.191
331,-4,France,Kuwait,29.98,0.3265,0.273
331,-3,France,Kuwait,43.11,0.3316,0.187
331,-2,France,Kuwait,44.13,0.3345,0.252
331,-1,France,Kuwait,53.84,0.3121,0.143
331,0,France,Kuwait,73.03,0.3089,0.098
331,1,France,Kuwait,50.28,0.325,0.208
331,2,France,Kuwait,44.86,0.3026,0.157
331,3,France,Kuwait,38.51,0.3208,0.089
332,-7,Honduras,Northern Ireland,22.07,0.3596,0.089
332,-6,Honduras,Northern Ireland,28.09,0.3771,0.006
332,-5,Honduras,Northern Ireland,29.31,0.3708,0.003
332,-4,Honduras,Northern Ireland,29.63,0.3469,-0.027
332,-3,Honduras,Northern Ireland,37.72,0.3799,-0.039
332,-2,Honduras,Northern Ireland,32.31,0.3759,0.02
332,-1,Honduras,Northern Ireland,38.08,0.3275,-0.052
332,0,Honduras,Northern Ireland,63.67,0.351,0.063
332,1,Honduras,Northern Ireland,39.95,0.3649,0.181
332,2,Honduras,Northern Ireland,38.79,0.3634,0.008
332,3,Honduras,Northern Ireland,37.13,0.3713,-0.055
333,-7,Belgium,Hungary,23.88,0.2029,0.236
333,-6,Belgium,Hungary,33.56,0.2183,0.25
333,-5,Belgium,Hungary,33.66,0.2132,0.141
333,-4,Belgium,Hungary,37.64,0.209,0.098
333,-3,Belgium,Hungary,29.19,0.2244,0.145
333,-2,Belgium,Hungary,43.1,0.2119,0.306
333,-1,Belgium,Hungary,41.9,0.2172,0.278
333,0,Belgium,Hungary,65.15,0.1981,0.281
333,1,Belgium,Hungary,36.44,0.2221,0.27
333,2,Belgium,Hungary,40.01,0.1795,0.177
333,3,Belgium,Hungary,33.02,0.219,0.19
334,-7,Poland,Peru,38.84,0.2845,0.089
334,-6,Poland,Peru,31.46,0.2763,0.077
334,-5,Poland,Peru,38.18,0.2939,0.196
334,-4,Poland,Peru,42.07,0.2935,0.085
334,-3,Poland,Peru,43.6,0.2742,0.127
334,-2,Poland,Peru,45.21,0.2859,0.035
334,-1,Poland,Peru,47.2,0.2874,0.117
334,0,Poland,Peru,81.11,0.3033,0.082
334,1,Poland,Peru,50.79,0.3067,0.151
334,2,Poland,Peru,43.94,0.298,0.141
334,3,Poland,Peru,45.57,0.2806,0.127
335,-7,Russia,Scotland,30.39,0.1789,0.158
335,-6,Russia,Scotland,22.96,0.1735,0.21
335,-5,Russia,Scotland,29.23,0.1861,0.169
335,-4,Russia,Scotland,34.01,0.194,0.126
335,-3,Russia,Scotland,37.01,0.1752,0.156
335,-2,Russia,Scotland,44.56,0.16,0.211
335,-1,Russia,Scotland,46.93,0.1843,0.317
335,0,Russia,Scotland,69.44,0.163,0.164
335,1,Russia,Scotland,47.92,0.1882,0.112
335,2,Russia,Scotland,38.97,0.1593,0.054
335,3,Russia,Scotland,36.5,0.1763,0.295
336,-7,Argentina,El Salvador,19.4,0.3524,-0.089
336,-6,Argentina,El Salvador,27.95,0.3418,0.034
336,-5,Argentina,El Salvador,32.91,0.347,0.063
336,-4,Argentina,El Salvador,34.48,0.3651,-0.041
336,-3,Argentina,El Salvador,38.12,0.3392,-0.099
336,-2,Argentina,El Salvador,46.01,0.3354,-0.069
336,-1,Argentina,El Salvador,36.15,0.3382,-0.108
336,0,Argentina,El Salvador,62.94,0.352,-0.0
336,1,Argentina,El Salvador,39.27,0.3389,0.038
336,2,Argentina,El Salvador,44.35,0.3635,-0.153
336,3,Argentina,El Salvador,38.95,0.3706,-0.157
337,-7,Brazil,New Zealand,31.41,0.2281,0.141
337,-6,Brazil,New Zealand,30.01,0.2307,0.245
337,-5,Brazil,New Zealand,35.85,0.2073,0.119
337,-4,Brazil,New Zealand,35.04,0.2443,-0.027
337,-3,Brazil,New Zealand,35.82,0.2071,0.068
337,-2,Brazil,New Zealand,45.32,0.219,0.001
337,-1,Brazil,New Zealand,46.14,0.2498,0.038
337,0,Brazil,New Zealand,73.09,0.2442,0.161
337,1,Brazil,New Zealand,53.44,0.2175,0.265
337,2,Brazil,New Zealand,46.11,0.225,0.06
337,3,Brazil,New Zealand,34.45,0.1973,0.206
338,-7,Italy,Cameroon,26.98,0.2709,0.232
338,-6,Italy,Cameroon,31.92,0.2735,0.202
338,-5,Italy,Cameroon,29.82,0.2945,0.285
338,-4,Italy,Cameroon,30.45,0.2694,0.273
338,-3,Italy,Cameroon,33.32,0.2638,0.24
338,-2,Italy,Cameroon,43.7,0.2794,0.212
338,-1,Italy,Cameroon,45.84,0.27,0.265
338,0,Italy,Cameroon,66.17,0.2446,0.028
338,1,Italy,Cameroon,43.59,0.2597,0.126
338,2,Italy,Cameroon,35.5,0.281,0.266
338,3,Italy,Cameroon,37.49,0.2753,0.177
339,-7,Algeria,Chile,31.49,0.219,0.125
339,-6,Algeria,Chile,31.08,0.2215,0.081
339,-5,Algeria,Chile,37.12,0.2188,0.133
339,-4,Algeria,Chile,41.52,0.1965,0.101
339,-3,Algeria,Chile,37.15,0.2163,0.216
339,-2,Algeria,Chile,40.18,0.2517,0.087
339,-1,Algeria,Chile,49.9,0.212,0.136
339,0,Algeria,Chile,71.42,0.2248,0.073
339,1,Algeria,Chile,42.45,0.1985,0.234
339,2,Algeria,Chile,48.0,0.1879,0.19
339,3,Algeria,Chile,32.6,0.2117,0.048
340,-7,France,Czechoslovakia,28.44,0.2361,0.343
340,-6,France,Czechoslovakia,26.14,0.2271,0.169
340,-5,France,Czechoslovakia,25.7,0.2408,0.3
340,-4,France,Czechoslovakia,32.18,0.2445,0.183
340,-3,France,Czechoslovakia,37.31,0.2153,0.377
340,-2,France,Czechoslovakia,40.29,0.241,0.225
340,-1,France,Czechoslovakia,50.43,0.2534,0.304
340,0,France,Czechoslovakia,69.4,0.2258,0.185
340,1,France,Czechoslovakia,45.58,0.2184,0.366
340,2,France,Czechoslovakia,42.05,0.2322,0.287
340,3,France,Czechoslovakia,38.25,0.2327,0.246
341,-7,Honduras,Yugoslavia,18.87,0.3368,0.295
341,-6,Honduras,Yugoslavia,35.58,0.3241,0.29
341,-5,Honduras,Yugoslavia,29.12,0.3331,0.201
341,-4,Honduras,Yugoslavia,30.1,0.3352,0.246
341,-3,Honduras,Yugoslavia,35.97,0.3265,0.297
341,-2,Honduras,Yugoslavia,40.66,0.3226,0.167
341,-1,Honduras,Yugoslavia,39.92,0.3154,0.12
341,0,Honduras,Yugoslavia,61.94,0.3277,0.34
341,1,Honduras,Yugoslavia,36.86,0.3264,0.348
341,2,Honduras,Yugoslavia,34.62,0.3317,0.381
341,3,Honduras,Yugoslavia,26.69,0.3286,0.35
342,-7,England,Kuwait,22.94,0.42,0.136
342,-6,England,Kuwait,32.13,0.42,0.222
342,-5,England,Kuwait,29.03,0.42,0.048
342,-4,England,Kuwait,33.93,0.42,0.07
342,-3,England,Kuwait,39.52,0.42,0.124
342,-2,England,Kuwait,38.15,0.42,0.084
342,-1,England,Kuwait,49.18,0.42,0.136
342,0,England,Kuwait,58.28,0.42,-0.007
342,1,England,Kuwait,44.14,0.42,0.181
342,2,England,Kuwait,34.78,0.42,0.121
342,3,England,Kuwait,27.55,0.42,0.116
343,-7,Germany,Austria,28.16,0.3539,0.259
343,-6,Germany,Austria,28.24,0.3823,0.275
343,-5,Germany,Austria,23.65,0.3616,0.245
343,-4,Germany,Austria,31.76,0.3524,0.384
343,-3,Germany,Austria,33.95,0.3774,0.146
343,-2,Germany,Austria,30.48,0.3809,0.266
343,-1,Germany,Austria,35.72,0.363,0.333
343,0,Germany,Austria,61.76,0.371,0.339
343,1,Germany,Austria,41.83,0.3816,0.315
343,2,Germany,Austria,36.48,0.375,0.355
343,3,Germany,Austria,30.05,0.3643,0.347
344,-7,Spain,Northern Ireland,22.11,0.239,0.064
344,-6,Spain,Northern Ireland,15.84,0.241,0.17
344,-5,Spain,Northern Ireland,24.14,0.262,0.088
344,-4,Spain,Northern Ireland,33.56,0.2505,0.313
344,-3,Spain,Northern Ireland,35.1,0.2281,0.235
344,-2,Spain,Northern Ireland,42.58,0.2242,0.206
344,-1,Spain,Northern Ireland,43.86,0.2429,-0.009
344,0,Spain,Northern Ireland,61.28,0.2385,0.268
344,1,Spain,Northern Ireland,40.54,0.2406,0.12
344,2,Spain,Northern Ireland,37.78,0.2462,0.106
344,3,Spain,Northern Ireland,34.13,0.2388,-0.02
345,-7,Austria,France,26.51,0.2552,0.175
345,-6,Austria,France,24.38,0.2474,0.218
345,-5,Austria,France,25.76,0.2586,0.058
345,-4,Austria,France,30.96,0.2486,0.231
345,-3,Austria,France,29.99,0.2386,0.063
345,-2,Austria,France,34.65,0.2514,0.035
345,-1,Austria,France,39.3,0.2556,0.154
345,0,Austria,France,62.58,0.2302,0.154
345,1,Austria,France,40.95,0.2463,0.172
345,2,Austria,France,35.55,0.2428,0.088
345,3,Austria,France,36.62,0.2336,0.172
346,-7,Poland,Belgium,32.82,0.1524,0.202
346,-6,Poland,Belgium,29.28,0.1377,0.103
346,-5,Poland,Belgium,29.75,0.1461,0.193
346,-4,Poland,Belgium,36.02,0.1538,0.155
346,-3,Poland,Belgium,37.05,0.1164,0.324
346,-2,Poland,Belgium,38.68,0.147,0.137
346,-1,Poland,Belgium,43.21,0.1364,0.079
346,0,Poland,Belgium,59.58,0.1531,0.204
346,1,Poland,Belgium,41.54,0.1446,0.224
346,2,Poland,Belgium,37.7,0.1441,0.236
346,3,Poland,Belgium,31.34,0.1456,0.192
347,-7,Germany,England,29.6,0.138,0.134
347,-6,Germany,England,23.66,0.1556,0.138
347,-5,Germany,England,28.69,0.1284,0.239
347,-4,Germany,England,32.88,0.131,0.135
347,-3,Germany,England,30.12,0.1106,0.17
347,-2,Germany,England,35.17,0.1215,0.035
347,-1,Germany,England,39.62,0.1353,0.191
347,0,Germany,England,55.88,0.1361,0.15
347,1,Germany,England,41.93,0.1196,0.244
347,2,Germany,England,40.17,0.1327,0.191
347,3,Germany,England,34.37,0.119,0.129
348,-7,Italy,Argentina,27.12,0.2317,-0.191
348,-6,Italy,Argentina,34.14,0.2051,-0.109
348,-5,Italy,Argentina,34.91,0.2317,-0.077
348,-4,Italy,Argentina,37.34,0.1964,-0.144
348,-3,Italy,Argentina,31.64,0.2012,-0.067
348,-2,Italy,Argentina,40.87,0.2281,0.037
348,-1,Italy,Argentina,44.27,0.1992,-0.026
348,0,Italy,Argentina,72.68,0.2127,-0.058
348,1,Italy,Argentina,46.67,0.1955,-0.192
348,2,Italy,Argentina,39.95,0.205,-0.088
348,3,Italy,Argentina,35.91,0.187,-0.255
349,-7,Austria,Northern Ireland,30.2,0.3466,0.122
349,-6,Austria,Northern Ireland,27.69,0.3436,0.072
349,-5,Austria,Northern Ireland,35.55,0.3517,0.182
349,-4,Austria,Northern Ireland,37.4,0.3584,0.194
349,-3,Austria,Northern Ireland,38.01,0.371,0.196
349,-2,Austria,Northern Ireland,45.22,0.3433,0.156
349,-1,Austria,Northern Ireland,40.27,0.3714,0.094
349,0,Austria,Northern Ireland,69.53,0.3382,0.135
349,1,Austria,Northern Ireland,45.75,0.3765,0.198
349,2,Austria,Northern Ireland,40.07,0.3346,-0.022
349,3,Austria,Northern Ireland,34.36,0.3386,0.162
350,-7,Belgium,Russia,23.66,0.168,-0.046
350,-6,Belgium,Russia,26.46,0.1508,0.014
350,-5,Belgium,Russia,30.88,0.1634,0.051
350,-4,Belgium,Russia,23.45,0.1431,0.043
350,-3,Belgium,Russia,36.87,0.1649,0.17
350,-2,Belgium,Russia,31.58,0.1596,0.03
350,-1,Belgium,Russia,42.47,0.1608,-0.054
350,0,Belgium,Russia,64.49,0.1694,-0.004
350,1,Belgium,Russia,42.6,0.1662,0.01
350,2,Belgium,Russia,36.02,0.1579,-0.045
350,3,Belgium,Russia,31.37,0.1682,-0.111
351,-7,Argentina,Brazil,30.93,0.2172,0.244
351,-6,Argentina,Brazil,35.3,0.2175,0.226
351,-5,Argentina,Brazil,37.48,0.2333,0.255
351,-4,Argentina,Brazil,33.58,0.2115,0.187
351,-3,Argentina,Brazil,39.09,0.2271,0.365
351,-2,Argentina,Brazil,41.99,0.2283,0.24
351,-1,Argentina,Brazil,53.05,0.2077,0.273
351,0,Argentina,Brazil,69.21,0.2092,0.306
351,1,Argentina,Brazil,45.88,0.2186,0.262
351,2,Argentina,Brazil,42.46,0.2039,0.37
351,3,Argentina,Brazil,40.48,0.2169,0.274
352,-7,Spain,Germany,27.56,0.2721,0.317
352,-6,Spain,Germany,27.87,0.3144,0.229
352,-5,Spain,Germany,21.31,0.2751,0.195
352,-4,Spain,Germany,30.72,0.2672,0.252
352,-3,Spain,Germany,32.65,0.2944,0.312
352,-2,Spain,Germany,43.89,0.2833,0.38
352,-1,Spain,Germany,43.69,0.3019,0.348
352,0,Spain,Germany,65.53,0.2902,0.317
352,1,Spain,Germany,44.03,0.284,0.368
352,2,Spain,Germany,32.72,0.2786,0.363
352,3,Spain,Germany,37.24,0.2693,0.149
353,-7,France,Northern Ireland,34.73,0.3269,0.347
353,-6,France,Northern Ireland,33.66,0.3196,0.066
353,-5,France,Northern Ireland,31.69,0.3287,0.273
353,-4,France,Northern Ireland,32.27,0.3312,0.253
353,-3,France,Northern Ireland,42.99,0.3254,0.272
353,-2,France,Northern Ireland,44.63,0.3396,0.184
353,-1,France,Northern Ireland,37.89,0.3263,0.225
353,0,France,Northern Ireland,70.14,0.311,0.201
353,1,France,Northern Ireland,48.24,0.3302,0.081
353,2,France,Northern Ireland,37.48,0.3427,0.228
353,3,France,Northern Ireland,39.53,0.3131,0.241
354,-7,Poland,Russia,21.7,0.3212,0.03
354,-6,Poland,Russia,21.66,0.3523,0.108
354,-5,Poland,Russia,29.41,0.3262,0.11
354,-4,Poland,Russia,26.7,0.3447,0.158
354,-3,Poland,Russia,28.86,0.3239,0.207
354,-2,Poland,Russia,24.95,0.3323,0.17
354,-1,Poland,Russia,36.28,0.3305,0.167
354,0,Poland,Russia,55.04,0.3387,0.153
354,1,Poland,Russia,38.37,0.3299,0.182
354,2,Poland,Russia,43.0,0.3359,0.189
354,3,Poland,Russia,32.3,0.3514,0.029
355,-7,Italy,Brazil,22.69,0.189,0.101
355,-6,Italy,Brazil,21.87,0.1872,0.042
355,-5,Italy,Brazil,35.91,0.1923,-0.072
355,-4,Italy,Brazil,32.38,0.1775,0.107
355,-3,Italy,Brazil,40.85,0.1798,0.065
355,-2,Italy,Brazil,39.92,0.2118,0.095
355,-1,Italy,Brazil,51.39,0.2037,0.126
355,0,Italy,Brazil,74.31,0.185,0.145
355,1,Italy,Brazil,48.73,0.1782,0.193
355,2,Italy,Brazil,40.34,0.1664,0.124
355,3,Italy,Brazil,36.98,0.1924,0.182
356,-7,Spain,England,18.2,0.2629,0.194
356,-6,Spain,England,27.08,0.2612,0.257
356,-5,Spain,England,26.31,0.2682,0.205
356,-4,Spain,England,32.35,0.2793,0.027
356,-3,Spain,England,35.92,0.2654,0.038
356,-2,Spain,England,35.67,0.2657,0.221
356,-1,Spain,England,40.24,0.254,0.019
356,0,Spain,England,59.18,0.2472,0.04
356,1,Spain,England,38.05,0.2583,0.141
356,2,Spain,England,32.31,0.2338,-0.028
356,3,Spain,England,31.56,0.2564,0.003
357,-7,Germany,France,36.78,0.2007,0.346
357,-6,Germany,France,32.93,0.1876,0.262
357,-5,Germany,France,38.25,0.201,0.212
357,-4,Germany,France,38.4,0.1948,0.327
357,-3,Germany,France,48.46,0.2147,0.324
357,-2,Germany,France,44.59,0.1867,0.307
357,-1,Germany,France,47.36,0.1969,0.487
357,0,Germany,France,82.59,0.2003,0.182
357,1,Germany,France,44.06,0.2036,0.463
357,2,Germany,France,47.3,0.1871,0.445
357,3,Germany,France,43.76,0.2044,0.22
358,-7,Poland,Italy,26.52,0.2425,0.124
358,-6,Poland,Italy,30.49,0.2216,0.094
358,-5,Poland,Italy,34.22,0.2132,0.033
358,-4,Poland,Italy,30.14,0.2215,-0.026
358,-3,Poland,Italy,37.35,0.2192,0.147
358,-2,Poland,Italy,30.96,0.2315,0.181
358,-1,Poland,Italy,44.33,0.2216,0.148
358,0,Poland,Italy,69.74,0.2275,0.129
358,1,Poland,Italy,48.6,0.2303,0.031
358,2,Poland,Italy,42.81,0.2197,0.089
358,3,Poland,Italy,35.17,0.2328,0.209
359,-7,Poland,France,28.86,0.2145,-0.067
359,-6,Poland,France,35.78,0.1961,-0.113
359,-5,Poland,France,40.04,0.1866,-0.125
359,-4,Poland,France,31.76,0.2089,0.026
359,-3,Poland,France,40.85,0.1819,-0.079
359,-2,Poland,France,42.56,0.1813,-0.113
359,-1,Poland,France,50.41,0.1864,-0.059
359,0,Poland,France,67.98,0.2139,-0.106
359,1,Poland,France,51.68,0.196,-0.051
359,2,Poland,France,39.66,0.1846,-0.131
359,3,Poland,France,39.63,0.2096,-0.049
360,-7,Italy,Germany,24.47,0.2652,0.253
360,-6,Italy,Germany,28.41,0.264,0.312
360,-5,Italy,Germany,29.46,0.26,0.328
360,-4,Italy,Germany,36.35,0.2795,0.36
360,-3,Italy,Germany,33.19,0.2677,0.223
360,-2,Italy,Germany,37.68,0.2547,0.238
360,-1,Italy,Germany,45.66,0.2569,0.258
360,0,Italy,Germany,79.79,0.2435,0.339
360,1,Italy,Germany,46.63,0.2589,0.118
360,2,Italy,Germany,44.54,0.2469,0.317
360,3,Italy,Germany,44.05,0.2488,0.341
361,-7,Bulgaria,Italy,26.17,0.2576,0.222
361,-6,Bulgaria,Italy,28.61,0.2875,0.195
361,-5,Bulgaria,Italy,30.3,0.2926,0.376
361,-4,Bulgaria,Italy,31.33,0.288,0.381
361,-3,Bulgaria,Italy,38.83,0.2934,0.314
361,-2,Bulgaria,Italy,39.21,0.286,0.253
361,-1,Bulgaria,Italy,47.98,0.2643,0.271
361,0,Bulgaria,Italy,67.13,0.2883,0.352
361,1,Bulgaria,Italy,49.3,0.2836,0.256
361,2,Bulgaria,Italy,39.03,0.2789,0.342
361,3,Bulgaria,Italy,32.11,0.2806,0.42
362,-7,Canada,France,25.56,0.281,0.298
362,-6,Canada,France,18.94,0.2929,0.437
362,-5,Canada,France,24.71,0.2761,0.276
362,-4,Canada,France,34.55,0.3141,0.353
362,-3,Canada,France,29.76,0.2933,0.447
362,-2,Canada,France,36.71,0.2953,0.339
362,-1,Canada,France,36.73,0.3056,0.382
362,0,Canada,France,57.31,0.2776,0.254
362,1,Canada,France,44.76,0.2846,0.35
362,2,Canada,France,37.16,0.2945,0.357
362,3,Canada,France,35.21,0.2934,0.345
363,-7,Spain,Brazil,25.69,0.1736,0.23
363,-6,Spain,Brazil,33.33,0.1708,0.356
363,-5,Spain,Brazil,26.46,0.1858,0.385
363,-4,Spain,Brazil,30.15,0.1681,0.23
363,-3,Spain,Brazil,34.19,0.18,0.257
363,-2,Spain,Brazil,36.32,0.1996,0.246
363,-1,Spain,Brazil,39.97,0.1861,0.319
363,0,Spain,Brazil,69.23,0.1992,0.284
363,1,Spain,Brazil,41.13,0.1533,0.194
363,2,Spain,Brazil,38.52,0.1619,0.149
363,3,Spain,Brazil,34.49,0.1854,0.243
364,-7,Argentina,South Korea,31.53,0.2453,0.356
364,-6,Argentina,South Korea,38.07,0.2693,0.327
364,-5,Argentina,South Korea,31.25,0.2386,0.386
364,-4,Argentina,South Korea,32.54,0.2553,0.264
364,-3,Argentina,South Korea,39.8,0.2282,0.183
364,-2,Argentina,South Korea,42.06,0.2535,0.227
364,-1,Argentina,South Korea,53.63,0.231,0.201
364,0,Argentina,South Korea,74.08,0.246,0.289
364,1,Argentina,South Korea,48.51,0.2571,0.283
364,2,Argentina,South Korea,41.39,0.2243,0.365
364,3,Argentina,South Korea,37.52,0.234,0.35
365,-7,Morocco,Poland,30.97,0.2038,0.151
365,-6,Morocco,Poland,25.5,0.1953,0.136
365,-5,Morocco,Poland,26.3,0.2117,0.155
365,-4,Morocco,Poland,34.64,0.1994,0.135
365,-3,Morocco,Poland,37.15,0.2011,0.152
365,-2,Morocco,Poland,36.17,0.2184,0.182
365,-1,Morocco,Poland,44.57,0.198,0.237
365,0,Morocco,Poland,62.15,0.2114,0.229
365,1,Morocco,Poland,36.9,0.2017,0.228
365,2,Morocco,Poland,39.96,0.2158,0.168
365,3,Morocco,Poland,38.07,0.1929,0.056
366,-7,Russia,Hungary,29.72,0.1597,-0.127
366,-6,Russia,Hungary,27.79,0.1247,0.001
366,-5,Russia,Hungary,30.46,0.1519,-0.074
366,-4,Russia,Hungary,35.87,0.1333,-0.037
366,-3,Russia,Hungary,39.53,0.1452,-0.023
366,-2,Russia,Hungary,48.67,0.1565,-0.039
366,-1,Russia,Hungary,48.2,0.1509,-0.005
366,0,Russia,Hungary,78.5,0.1418,0.122
366,1,Russia,Hungary,47.35,0.1512,0.022
366,2,Russia,Hungary,45.33,0.1433,-0.079
366,3,Russia,Hungary,42.17,0.1561,-0.065
367,-7,Algeria,Northern Ireland,36.97,0.1648,0.255
367,-6,Algeria,Northern Ireland,29.89,0.1715,0.262
367,-5,Algeria,Northern Ireland,24.59,0.1753,0.109
367,-4,Algeria,Northern Ireland,31.25,0.1644,0.092
367,-3,Algeria,Northern Ireland,30.06,0.1749,0.154
367,-2,Algeria,Northern Ireland,38.49,0.1793,0.191
367,-1,Algeria,Northern Ireland,43.15,0.2068,0.23
367,0,Algeria,Northern Ireland,75.81,0.1652,0.176
367,1,Algeria,Northern Ireland,39.75,0.1662,0.118
367,2,Algeria,Northern Ireland,50.02,0.1619,0.143
367,3,Algeria,Northern Ireland,30.75,0.1766,0.096
368,-7,Mexico,Belgium,30.45,0.2597,0.209
368,-6,Mexico,Belgium,22.76,0.2753,0.198
368,-5,Mexico,Belgium,29.43,0.2752,0.286
368,-4,Mexico,Belgium,41.83,0.2853,0.158
368,-3,Mexico,Belgium,37.65,0.2769,0.28
368,-2,Mexico,Belgium,42.29,0.2623,0.295
368,-1,Mexico,Belgium,49.42,0.2991,0.182
368,0,Mexico,Belgium,71.28,0.267,0.214
368,1,Mexico,Belgium,47.42,0.2736,0.242
368,2,Mexico,Belgium,41.87,0.2758,0.316
368,3,Mexico,Belgium,36.6,0.2828,0.115
369,-7,Portugal,England,26.75,0.3724,0.21
369,-6,Portugal,England,22.16,0.3833,-0.01
369,-5,Portugal,England,31.02,0.376,0.171
369,-4,Portugal,England,29.23,0.3667,0.113
369,-3,Portugal,England,34.93,0.385,0.164
369,-2,Portugal,England,34.51,0.4002,0.166
369,-1,Portugal,England,39.96,0.3832,0.161
369,0,Portugal,England,63.67,0.3746,0.212
369,1,Portugal,England,48.19,0.3537,0.229
369,2,Portugal,England,37.86,0.3809,0.238
369,3,Portugal,England,24.97,0.3879,0.233
370,-7,Paraguay,Iraq,22.52,0.1302,0.253
370,-6,Paraguay,Iraq,20.61,0.1519,0.21
370,-5,Paraguay,Iraq,30.25,0.1537,0.119
370,-4,Paraguay,Iraq,32.95,0.1384,0.097
370,-3,Paraguay,Iraq,34.38,0.1284,0.178
370,-2,Paraguay,Iraq,29.11,0.1513,0.17
370,-1,Paraguay,Iraq,39.36,0.1321,0.109
370,0,Paraguay,Iraq,66.53,0.151,0.06
370,1,Paraguay,Iraq,42.51,0.15,0.153
370,2,Paraguay,Iraq,34.34,0.1488,0.202
370,3,Paraguay,Iraq,36.14,0.1518,0.253
371,-7,Scotland,Denmark,25.52,0.1963,0.001
371,-6,Scotland,Denmark,27.37,0.1891,0.038
371,-5,Scotland,Denmark,30.49,0.2205,-0.048
371,-4,Scotland,Denmark,31.68,0.2056,0.063
371,-3,Scotland,Denmark,34.75,0.206,0.157
371,-2,Scotland,Denmark,42.15,0.2321,0.059
371,-1,Scotland,Denmark,40.7,0.1948,0.024
371,0,Scotland,Denmark,66.79,0.2168,0.107
371,1,Scotland,Denmark,39.82,0.1985,0.197
371,2,Scotland,Denmark,34.88,0.2234,0.088
371,3,Scotland,Denmark,31.69,0.1922,0.012
372,-7,Uruguay,Germany,27.55,0.376,0.165
372,-6,Uruguay,Germany,27.26,0.3953,0.099
372,-5,Uruguay,Germany,35.87,0.3816,0.063
372,-4,Uruguay,Germany,27.87,0.3881,0.136
372,-3,Uruguay,Germany,36.61,0.4147,0.092
372,-2,Uruguay,Germany,37.65,0.3924,-0.046
372,-1,Uruguay,Germany,41.29,0.3723,0.057
372,0,Uruguay,Germany,67.05,0.4014,0.049
372,1,Uruguay,Germany,40.58,0.4056,-0.15
372,2,Uruguay,Germany,39.67,0.3895,0.055
372,3,Uruguay,Germany,37.59,0.3882,0.091
373,-7,France,Russia,23.98,0.1226,0.337
373,-6,France,Russia,24.4,0.1314,0.421
373,-5,France,Russia,35.65,0.1538,0.407
373,-4,France,Russia,32.99,0.1523,0.365
373,-3,France,Russia,42.66,0.1291,0.387
373,-2,France,Russia,35.11,0.1482,0.22
373,-1,France,Russia,39.84,0.1247,0.358
373,0,France,Russia,68.5,0.1695,0.334
373,1,France,Russia,46.79,0.142,0.388
373,2,France,Russia,40.04,0.1533,0.266
373,3,France,Russia,27.28,0.1451,0.214
374,-7,Italy,Argentina,30.67,0.1709,0.271
374,-6,Italy,Argentina,37.44,0.1773,0.329
374,-5,Italy,Argentina,32.81,0.1873,0.424
374,-4,Italy,Argentina,28.11,0.1839,0.323
374,-3,Italy,Argentina,32.62,0.1781,0.217
374,-2,Italy,Argentina,42.77,0.174,0.311
374,-1,Italy,Argentina,43.61,0.1755,0.424
374,0,Italy,Argentina,63.42,0.1729,0.329
374,1,Italy,Argentina,40.36,0.1794,0.293
374,2,Italy,Argentina,34.62,0.1838,0.452
374,3,Italy,Argentina,36.01,0.1763,0.335
375,-7,South Korea,Bulgaria,24.28,0.2792,0.163
375,-6,South Korea,Bulgaria,20.36,0.2796,0.223
375,-5,South Korea,Bulgaria,32.3,0.2321,0.156
375,-4,South Korea,Bulgaria,35.9,0.2698,0.17
375,-3,South Korea,Bulgaria,38.98,0.2669,0.24
375,-2,South Korea,Bulgaria,40.11,0.2662,0.218
375,-1,South Korea,Bulgaria,42.69,0.252,0.156
375,0,South Korea,Bulgaria,69.32,0.2763,0.221
375,1,South Korea,Bulgaria,43.85,0.2631,0.115
375,2,South Korea,Bulgaria,40.41,0.2455,0.158
375,3,South Korea,Bulgaria,45.82,0.2472,0.167
376,-7,Brazil,Algeria,26.25,0.2683,0.116
376,-6,Brazil,Algeria,28.56,0.2558,0.084
376,-5,Brazil,Algeria,32.19,0.2702,0.116
376,-4,Brazil,Algeria,29.43,0.2552,0.069
376,-3,Brazil,Algeria,36.93,0.2718,0.161
376,-2,Brazil,Algeria,37.7,0.2636,0.201
376,-1,Brazil,Algeria,37.43,0.2681,0.102
376,0,Brazil,Algeria,66.67,0.2494,0.093
376,1,Brazil,Algeria,42.04,0.2616,0.191
376,2,Brazil,Algeria,34.67,0.2646,0.205
376,3,Brazil,Algeria,38.34,0.2644,0.142
377,-7,England,Morocco,19.07,0.42,0.081
377,-6,England,Morocco,28.29,0.42,0.076
377,-5,England,Morocco,26.92,0.42,0.119
377,-4,England,Morocco,21.95,0.42,0.076
377,-3,England,Morocco,30.82,0.42,0.06
377,-2,England,Morocco,34.28,0.42,0.008
377,-1,England,Morocco,36.55,0.42,0.062
377,0,England,Morocco,69.2,0.42,0.099
377,1,England,Morocco,36.48,0.42,0.063
377,2,England,Morocco,33.82,0.42,0.087
377,3,England,Morocco,34.22,0.42,0.078
378,-7,Hungary,Canada,28.02,0.2186,0.172
378,-6,Hungary,Canada,29.53,0.1948,0.22
378,-5,Hungary,Canada,35.91,0.1945,0.278
378,-4,Hungary,Canada,34.68,0.2084,0.256
378,-3,Hungary,Canada,39.35,0.2116,0.17
378,-2,Hungary,Canada,39.63,0.2374,0.182
378,-1,Hungary,Canada,43.94,0.2177,0.222
378,0,Hungary,Canada,70.92,0.227,0.195
378,1,Hungary,Canada,43.97,0.2161,0.15
378,2,Hungary,Canada,43.75,0.2454,0.095
378,3,Hungary,Canada,37.88,0.236,0.135
379,-7,Mexico,Paraguay,24.43,0.2312,0.465
379,-6,Mexico,Paraguay,33.77,0.227,0.23
379,-5,Mexico,Paraguay,32.9,0.2446,0.419
379,-4,Mexico,Paraguay,29.07,0.2468,0.281
379,-3,Mexico,Paraguay,38.02,0.2377,0.465
379,-2,Mexico,Paraguay,41.11,0.2343,0.342
379,-1,Mexico,Paraguay,43.74,0.2242,0.467
379,0,Mexico,Paraguay,72.85,0.236,0.381
379,1,Mexico,Paraguay,51.27,0.2529,0.31
379,2,Mexico,Paraguay,39.23,0.2175,0.386
379,3,Mexico,Paraguay,40.19,0.2531,0.381
380,-7,Northern Ireland,Spain,28.47,0.2362,0.025
380,-6,Northern Ireland,Spain,27.01,0.2545,-0.05
380,-5,Northern Ireland,Spain,33.34,0.2641,0.029
380,-4,Northern Ireland,Spain,35.37,0.2592,0.127
380,-3,Northern Ireland,Spain,37.05,0.2545,0.109
380,-2,Northern Ireland,Spain,43.63,0.2242,-0.047
380,-1,Northern Ireland,Spain,48.66,0.2434,0.104
380,0,Northern Ireland,Spain,76.73,0.2411,-0.069
380,1,Northern Ireland,Spain,44.77,0.2432,0.111
380,2,Northern Ireland,Spain,37.66,0.2571,0.1
380,3,Northern Ireland,Spain,40.29,0.2534,-0.008
381,-7,Poland,Portugal,31.4,0.2538,0.269
381,-6,Poland,Portugal,26.2,0.2346,0.184
381,-5,Poland,Portugal,28.31,0.255,0.157
381,-4,Poland,Portugal,33.52,0.2655,0.182
381,-3,Poland,Portugal,33.16,0.2441,0.221
381,-2,Poland,Portugal,42.62,0.2732,0.161
381,-1,Poland,Portugal,49.11,0.2524,0.132
381,0,Poland,Portugal,59.52,0.2438,0.226
381,1,Poland,Portugal,41.24,0.2491,0.144
381,2,Poland,Portugal,33.99,0.246,0.274
381,3,Poland,Portugal,40.57,0.2791,0.251
382,-7,Denmark,Uruguay,30.12,0.0752,0.263
382,-6,Denmark,Uruguay,33.31,0.0881,0.345
382,-5,Denmark,Uruguay,37.62,0.1105,0.131
382,-4,Denmark,Uruguay,41.58,0.087,0.141
382,-3,Denmark,Uruguay,46.56,0.1016,0.364
382,-2,Denmark,Uruguay,49.71,0.0604,0.243
382,-1,Denmark,Uruguay,56.42,0.0804,0.225
382,0,Denmark,Uruguay,80.42,0.0816,0.281
382,1,Denmark,Uruguay,58.68,0.068,0.174
382,2,Denmark,Uruguay,42.71,0.1053,0.271
382,3,Denmark,Uruguay,36.75,0.0824,0.19
383,-7,Germany,Scotland,24.59,0.2623,0.28
383,-6,Germany,Scotland,30.17,0.2422,0.165
383,-5,Germany,Scotland,31.68,0.2444,0.209
383,-4,Germany,Scotland,36.18,0.2315,0.156
383,-3,Germany,Scotland,37.31,0.2687,0.268
383,-2,Germany,Scotland,41.27,0.2547,0.202
383,-1,Germany,Scotland,49.81,0.2551,0.299
383,0,Germany,Scotland,65.48,0.2402,0.228
383,1,Germany,Scotland,47.76,0.2787,0.082
383,2,Germany,Scotland,41.17,0.249,0.226
383,3,Germany,Scotland,43.49,0.2604,0.097
384,-7,Iraq,Belgium,32.6,0.2517,0.338
384,-6,Iraq,Belgium,23.56,0.2318,0.353
384,-5,Iraq,Belgium,35.02,0.2124,0.266
384,-4,Iraq,Belgium,38.07,0.2516,0.35
384,-3,Iraq,Belgium,41.44,0.2391,0.387
384,-2,Iraq,Belgium,41.79,0.2394,0.234
384,-1,Iraq,Belgium,48.56,0.2186,0.37
384,0,Iraq,Belgium,68.69,0.238,0.253
384,1,Iraq,Belgium,44.27,0.238,0.373
384,2,Iraq,Belgium,45.11,0.2198,0.215
384,3,Iraq,Belgium,34.01,0.2208,0.43
385,-7,Hungary,France,31.93,0.3859,0.48
385,-6,Hungary,France,33.71,0.3783,0.288
385,-5,Hungary,France,25.72,0.3969,0.361
385,-4,Hungary,France,34.28,0.3736,0.26
385,-3,Hungary,France,38.34,0.4054,0.219
385,-2,Hungary,France,36.8,0.4102,0.274
385,-1,Hungary,France,45.98,0.3821,0.418
385,0,Hungary,France,63.17,0.3942,0.426
385,1,Hungary,France,48.17,0.3923,0.311
385,2,Hungary,France,40.47,0.3824,0.353
385,3,Hungary,France,37.13,0.3929,0.43
386,-7,Russia,Canada,22.34,0.1604,0.096
386,-6,Russia,Canada,28.42,0.1796,0.122
386,-5,Russia,Canada,26.25,0.1691,0.099
386,-4,Russia,Canada,30.79,0.1941,0.151
386,-3,Russia,Canada,33.98,0.194,0.164
386,-2,Russia,Canada,34.79,0.142,0.04
386,-1,Russia,Canada,46.17,0.1916,0.017
386,0,Russia,Canada,69.56,0.1883,0.231
386,1,Russia,Canada,47.41,0.1971,0.167
386,2,Russia,Canada,41.13,0.1769,0.19
386,3,Russia,Canada,31.18,0.1792,0.171
387,-7,Argentina,Bulgaria,31.01,0.1884,0.292
387,-6,Argentina,Bulgaria,27.3,0.2059,0.168
387,-5,Argentina,Bulgaria,32.73,0.193,0.141
387,-4,Argentina,Bulgaria,32.24,0.21,0.153
387,-3,Argentina,Bulgaria,30.65,0.1989,0.107
387,-2,Argentina,Bulgaria,45.01,0.2126,0.297
387,-1,Argentina,Bulgaria,44.05,0.2141,0.318
387,0,Argentina,Bulgaria,65.39,0.2114,0.16
387,1,Argentina,Bulgaria,43.4,0.1726,0.234
387,2,Argentina,Bulgaria,38.51,0.1887,0.212
387,3,Argentina,Bulgaria,33.81,0.1946,0.314
388,-7,South Korea,Italy,25.82,0.3858,0.18
388,-6,South Korea,Italy,33.01,0.375,0.115
388,-5,South Korea,Italy,35.75,0.3816,0.109
388,-4,South Korea,Italy,32.43,0.3764,0.218
388,-3,South Korea,Italy,44.11,0.3898,0.191
388,-2,South Korea,Italy,43.86,0.3754,0.078
388,-1,South Korea,Italy,47.54,0.3748,0.146
388,0,South Korea,Italy,76.49,0.3589,0.084
388,1,South Korea,Italy,52.64,0.3654,0.118
388,2,South Korea,Italy,45.11,0.3642,0.242
388,3,South Korea,Italy,36.19,0.3754,0.113
389,-7,England,Poland,27.78,0.113,0.091
389,-6,England,Poland,33.5,0.1108,0.044
389,-5,England,Poland,30.42,0.1367,0.087
389,-4,England,Poland,38.54,0.1169,0.176
389,-3,England,Poland,38.85,0.1257,-0.008
389,-2,England,Poland,35.74,0.1318,0.167
389,-1,England,Poland,54.51,0.1012,0.127
389,0,England,Poland,66.64,0.1101,0.058
389,1,England,Poland,47.37,0.111,0.095
389,2,England,Poland,44.2,0.1325,0.141
389,3,England,Poland,39.01,0.1173,0.053
390,-7,Mexico,Iraq,26.82,0.2245,0.191
390,-6,Mexico,Iraq,22.99,0.2366,0.109
390,-5,Mexico,Iraq,27.46,0.229,0.127
390,-4,Mexico,Iraq,31.02,0.208,0.057
390,-3,Mexico,Iraq,37.07,0.2389,0.132
390,-2,Mexico,Iraq,41.2,0.2294,0.142
390,-1,Mexico,Iraq,39.4,0.26,0.199
390,0,Mexico,Iraq,64.97,0.2427,0.053
390,1,Mexico,Iraq,40.06,0.2426,0.183
390,2,Mexico,Iraq,45.51,0.2307,0.249
390,3,Mexico,Iraq,37.08,0.2388,0.206
391,-7,Paraguay,Belgium,27.37,0.1222,0.247
391,-6,Paraguay,Belgium,31.96,0.1529,0.227
391,-5,Paraguay,Belgium,36.26,0.1355,0.326
391,-4,Paraguay,Belgium,32.21,0.1446,0.271
391,-3,Paraguay,Belgium,37.2,0.1549,0.199
391,-2,Paraguay,Belgium,43.45,0.1437,0.183
391,-1,Paraguay,Belgium,55.86,0.1358,0.063
391,0,Paraguay,Belgium,70.38,0.1475,0.197
391,1,Paraguay,Belgium,51.55,0.1577,0.201
391,2,Paraguay,Belgium,37.14,0.1305,0.221
391,3,Paraguay,Belgium,33.53,0.1415,0.322
392,-7,Portugal,Morocco,29.59,0.0404,0.105
392,-6,Portugal,Morocco,31.1,0.0368,0.195
392,-5,Portugal,Morocco,35.41,0.0507,0.187
392,-4,Portugal,Morocco,37.46,0.0338,0.257
392,-3,Portugal,Morocco,35.9,0.0374,0.265
392,-2,Portugal,Morocco,41.35,0.0238,0.149
392,-1,Portugal,Morocco,52.85,0.0127,0.185
392,0,Portugal,Morocco,70.98,0.0379,0.154
392,1,Portugal,Morocco,51.34,0.0405,0.249
392,2,Portugal,Morocco,47.53,0.0403,0.153
392,3,Portugal,Morocco,40.33,0.0467,0.097
393,-7,Algeria,Spain,28.06,0.3124,0.039
393,-6,Algeria,Spain,26.81,0.3079,0.156
393,-5,Algeria,Spain,30.25,0.3291,0.077
393,-4,Algeria,Spain,30.26,0.3177,-0.015
393,-3,Algeria,Spain,39.55,0.3129,0.128
393,-2,Algeria,Spain,46.3,0.2946,0.036
393,-1,Algeria,Spain,41.8,0.3413,0.037
393,0,Algeria,Spain,65.62,0.3423,0.017
393,1,Algeria,Spain,40.36,0.3015,0.078
393,2,Algeria,Spain,41.45,0.3054,0.034
393,3,Algeria,Spain,37.61,0.3313,0.091
394,-7,Northern Ireland,Brazil,25.26,0.2074,0.164
394,-6,Northern Ireland,Brazil,35.1,0.1968,0.188
394,-5,Northern Ireland,Brazil,30.43,0.1906,-0.018
394,-4,Northern Ireland,Brazil,38.89,0.2275,0.07
394,-3,Northern Ireland,Brazil,36.68,0.1887,0.163
394,-2,Northern Ireland,Brazil,41.19,0.1915,0.124
394,-1,Northern Ireland,Brazil,41.17,0.2168,0.034
394,0,Northern Ireland,Brazil,71.41,0.2023,-0.056
394,1,Northern Ireland,Brazil,49.52,0.2227,0.073
394,2,Northern Ireland,Brazil,42.25,0.2154,0.143
394,3,Northern Ireland,Brazil,43.46,0.2151,0.085
395,-7,Denmark,Germany,27.58,0.42,0.036
395,-6,Denmark,Germany,32.26,0.42,-0.019
395,-5,Denmark,Germany,27.8,0.42,0.002
395,-4,Denmark,Germany,30.14,0.42,0.088
395,-3,Denmark,Germany,39.63,0.42,0.047
395,-2,Denmark,Germany,40.47,0.42,0.143
395,-1,Denmark,Germany,52.37,0.42,0.237
395,0,Denmark,Germany,67.32,0.42,0.156
395,1,Denmark,Germany,43.7,0.42,0.145
395,2,Denmark,Germany,33.21,0.42,0.162
395,3,Denmark,Germany,39.31,0.42,0.13
396,-7,Scotland,Uruguay,25.19,0.3389,-0.028
396,-6,Scotland,Uruguay,23.73,0.3265,0.086
396,-5,Scotland,Uruguay,20.14,0.3123,0.071
396,-4,Scotland,Uruguay,33.43,0.3224,0.025
396,-3,Scotland,Uruguay,34.53,0.3235,0.134
396,-2,Scotland,Uruguay,35.27,0.314,0.171
396,-1,Scotland,Uruguay,44.53,0.3159,0.1
396,0,Scotland,Uruguay,60.17,0.3348,0.011
396,1,Scotland,Uruguay,43.25,0.3417,0.006
396,2,Scotland,Uruguay,36.28,0.342,0.002
396,3,Scotland,Uruguay,30.34,0.3353,0.061
397,-7,Mexico,Bulgaria,20.57,0.2483,0.31
397,-6,Mexico,Bulgaria,35.21,0.2445,0.124
397,-5,Mexico,Bulgaria,28.59,0.2737,0.247
397,-4,Mexico,Bulgaria,37.9,0.2641,0.096
397,-3,Mexico,Bulgaria,32.52,0.2437,0.151
397,-2,Mexico,Bulgaria,37.17,0.2454,0.233
397,-1,Mexico,Bulgaria,44.56,0.2667,0.206
397,0,Mexico,Bulgaria,64.89,0.2544,0.082
397,1,Mexico,Bulgaria,36.0,0.2598,0.259
397,2,Mexico,Bulgaria,39.79,0.2474,0.094
397,3,Mexico,Bulgaria,39.93,0.258,0.208
398,-7,Russia,Belgium,31.83,0.2011,0.12
398,-6,Russia,Belgium,35.05,0.2002,0.168
398,-5,Russia,Belgium,42.87,0.2061,0.026
398,-4,Russia,Belgium,38.14,0.1947,0.188
398,-3,Russia,Belgium,38.77,0.2119,0.177
398,-2,Russia,Belgium,46.6,0.2085,0.193
398,-1,Russia,Belgium,53.35,0.204,0.197
398,0,Russia,Belgium,83.31,0.2093,0.277
398,1,Russia,Belgium,51.91,0.2096,0.369
398,2,Russia,Belgium,48.13,0.2067,0.11
398,3,Russia,Belgium,41.26,0.2054,0.235
399,-7,Argentina,Uruguay,27.2,0.1964,0.31
399,-6,Argentina,Uruguay,23.26,0.1984,0.255
399,-5,Argentina,Uruguay,29.3,0.1882,0.187
399,-4,Argentina,Uruguay,27.08,0.1963,0.289
399,-3,Argentina,Uruguay,33.81,0.1923,0.204
399,-2,Argentina,Uruguay,39.55,0.1932,0.228
399,-1,Argentina,Uruguay,45.17,0.2002,0.146
399,0,Argentina,Uruguay,64.46,0.181,0.264
399,1,Argentina,Uruguay,31.11,0.1949,0.304
399,2,Argentina,Uruguay,37.41,0.1785,0.391
399,3,Argentina,Uruguay,38.3,0.1861,0.236
400,-7,Brazil,Poland,21.45,0.1509,-0.026
400,-6,Brazil,Poland,32.79,0.1575,0.065
400,-5,Brazil,Poland,29.14,0.1602,0.07
400,-4,Brazil,Poland,36.0,0.134,0.084
400,-3,Brazil,Poland,38.3,0.1293,0.164
400,-2,Brazil,Poland,49.19,0.1574,0.131
400,-1,Brazil,Poland,54.16,0.1326,-0.004
400,0,Brazil,Poland,71.75,0.1488,0.05
400,1,Brazil,Poland,44.41,0.1453,0.063
400,2,Brazil,Poland,45.98,0.1457,-0.063
400,3,Brazil,Poland,40.36,0.1642,0.072
401,-7,Italy,France,29.54,0.3307,0.138
401,-6,Italy,France,25.38,0.3338,0.081
401,-5,Italy,France,31.86,0.3269,-0.005
401,-4,Italy,France,34.42,0.342,0.106
401,-3,Italy,France,39.11,0.3344,0.118
401,-2,Italy,France,38.31,0.3337,0.122
401,-1,Italy,France,52.02,0.3457,0.136
401,0,Italy,France,69.96,0.3086,0.12
401,1,Italy,France,47.28,0.3378,0.095
401,2,Italy,France,36.25,0.3316,0.04
401,3,Italy,France,39.34,0.3548,0.233
402,-7,Morocco,Germany,21.96,0.1781,0.26
402,-6,Morocco,Germany,23.19,0.1741,0.276
402,-5,Morocco,Germany,31.92,0.1775,0.386
402,-4,Morocco,Germany,36.12,0.1895,0.398
402,-3,Morocco,Germany,29.49,0.1794,0.325
402,-2,Morocco,Germany,38.57,0.2033,0.242
402,-1,Morocco,Germany,40.26,0.1851,0.276
402,0,Morocco,Germany,60.64,0.1804,0.295
402,1,Morocco,Germany,47.21,0.1739,0.369
402,2,Morocco,Germany,42.25,0.1799,0.33
402,3,Morocco,Germany,36.27,0.191,0.318
403,-7,Denmark,Spain,28.32,0.2681,0.114
403,-6,Denmark,Spain,33.03,0.2623,0.2
403,-5,Denmark,Spain,42.28,0.2513,0.144
403,-4,Denmark,Spain,33.37,0.278,0.143
403,-3,Denmark,Spain,41.12,0.2608,0.147
403,-2,Denmark,Spain,43.96,0.2745,0.185
403,-1,Denmark,Spain,54.62,0.252,0.089
403,0,Denmark,Spain,78.74,0.2698,0.175
403,1,Denmark,Spain,49.15,0.2682,0.072
403,2,Denmark,Spain,44.21,0.2621,0.058
403,3,Denmark,Spain,38.8,0.2788,0.236
404,-7,England,Paraguay,35.25,0.1902,0.204
404,-6,England,Paraguay,28.68,0.1806,0.22
404,-5,England,Paraguay,36.29,0.1942,0.1
404,-4,England,Paraguay,35.59,0.1756,0.136
404,-3,England,Paraguay,43.15,0.1704,0.311
404,-2,England,Paraguay,43.21,0.1792,0.164
404,-1,England,Paraguay,43.64,0.1782,0.164
404,0,England,Paraguay,69.08,0.1736,0.144
404,1,England,Paraguay,41.43,0.1695,0.069
404,2,England,Paraguay,47.14,0.1897,0.201
404,3,England,Paraguay,37.46,0.1909,0.241
405,-7,Brazil,France,27.51,0.1308,0.136
405,-6,Brazil,France,30.08,0.1195,0.074
405,-5,Brazil,France,30.34,0.089,0.13
405,-4,Brazil,France,31.8,0.107,0.11
405,-3,Brazil,France,37.63,0.1005,0.269
405,-2,Brazil,France,41.53,0.1015,0.184
405,-1,Brazil,France,47.57,0.1155,0.069
405,0,Brazil,France,75.09,0.1188,0.052
405,1,Brazil,France,44.82,0.1085,0.139
405,2,Brazil,France,35.36,0.1118,0.081
405,3,Brazil,France,34.62,0.1157,0.106
406,-7,Mexico,Germany,22.76,0.2757,0.208
406,-6,Mexico,Germany,23.25,0.2508,0.212
406,-5,Mexico,Germany,27.98,0.2736,0.214
406,-4,Mexico,Germany,32.02,0.2672,0.173
406,-3,Mexico,Germany,33.29,0.2802,0.138
406,-2,Mexico,Germany,43.07,0.2586,0.155
406,-1,Mexico,Germany,40.68,0.2759,0.25
406,0,Mexico,Germany,62.41,0.2913,0.284
406,1,Mexico,Germany,50.63,0.2811,0.274
406,2,Mexico,Germany,37.07,0.2621,0.287
406,3,Mexico,Germany,34.64,0.2611,0.173
407,-7,Argentina,England,31.86,0.2131,0.174
407,-6,Argentina,England,29.82,0.2137,0.338
407,-5,Argentina,England,29.1,0.2132,0.274
407,-4,Argentina,England,35.58,0.1904,-0.025
407,-3,Argentina,England,34.7,0.2078,0.259
407,-2,Argentina,England,43.56,0.2147,0.25
407,-1,Argentina,England,44.53,0.1752,0.165
407,0,Argentina,England,65.54,0.2081,0.251
407,1,Argentina,England,44.17,0.1936,0.218
407,2,Argentina,England,44.52,0.2025,0.342
407,3,Argentina,England,29.75,0.2078,0.239
408,-7,Spain,Belgium,25.1,0.2485,0.241
408,-6,Spain,Belgium,29.71,0.2201,0.271
408,-5,Spain,Belgium,24.62,0.2316,0.295
408,-4,Spain,Belgium,36.65,0.2225,0.231
408,-3,Spain,Belgium,33.59,0.2293,0.201
408,-2,Spain,Belgium,31.99,0.2198,0.265
408,-1,Spain,Belgium,43.57,0.2389,0.327
408,0,Spain,Belgium,65.68,0.2133,0.296
408,1,Spain,Belgium,44.05,0.2292,0.353
408,2,Spain,Belgium,41.12,0.2338,0.279
408,3,Spain,Belgium,38.82,0.224,0.206
409,-7,Argentina,Belgium,25.26,0.263,0.156
409,-6,Argentina,Belgium,28.33,0.2763,0.134
409,-5,Argentina,Belgium,35.98,0.2884,0.152
409,-4,Argentina,Belgium,33.1,0.2936,0.118
409,-3,Argentina,Belgium,32.46,0.2798,0.188
409,-2,Argentina,Belgium,41.25,0.287,0.108
409,-1,Argentina,Belgium,39.16,0.2701,0.2
409,0,Argentina,Belgium,64.03,0.2539,0.169
409,1,Argentina,Belgium,42.1,0.2564,0.164
409,2,Argentina,Belgium,38.19,0.2972,0.165
409,3,Argentina,Belgium,37.89,0.2769,0.117
410,-7,France,Germany,24.38,0.289,0.121
410,-6,France,Germany,22.78,0.261,-0.015
410,-5,France,Germany,33.9,0.2552,0.124
410,-4,France,Germany,34.17,0.2778,0.036
410,-3,France,Germany,40.0,0.2774,-0.032
410,-2,France,Germany,35.3,0.2563,0.153
410,-1,France,Germany,49.07,0.289,0.059
410,0,France,Germany,62.26,0.2634,-0.0
410,1,France,Germany,43.93,0.2926,0.166
410,2,France,Germany,37.83,0.2492,-0.013
410,3,France,Germany,40.0,0.2788,0.044
411,-7,France,Belgium,29.2,0.0819,0.265
411,-6,France,Belgium,40.18,0.1115,0.291
411,-5,France,Belgium,29.39,0.0929,0.339
411,-4,France,Belgium,40.76,0.1012,0.267
411,-3,France,Belgium,46.65,0.0867,0.392
411,-2,France,Belgium,45.61,0.102,0.184
411,-1,France,Belgium,54.46,0.0809,0.354
411,0,France,Belgium,83.49,0.0813,0.282
411,1,France,Belgium,50.57,0.0857,0.275
411,2,France,Belgium,46.9,0.0928,0.381
411,3,France,Belgium,39.3,0.0796,0.341
412,-7,Argentina,Germany,28.68,0.1218,0.192
412,-6,Argentina,Germany,32.85,0.1132,0.233
412,-5,Argentina,Germany,33.12,0.1241,0.325
412,-4,Argentina,Germany,32.52,0.0958,0.2
412,-3,Argentina,Germany,36.56,0.0884,0.364
412,-2,Argentina,Germany,46.74,0.1325,0.222
412,-1,Argentina,Germany,51.4,0.1194,0.299
412,0,Argentina,Germany,76.83,0.1241,0.245
412,1,Argentina,Germany,55.06,0.1265,0.17
412,2,Argentina,Germany,45.95,0.1304,0.232
412,3,Argentina,Germany,40.41,0.1117,0.249
413,-7,Argentina,Cameroon,21.45,0.1709,0.064
413,-6,Argentina,Cameroon,31.01,0.1925,0.031
413,-5,Argentina,Cameroon,29.73,0.1702,0.144
413,-4,Argentina,Cameroon,32.63,0.1693,0.118
413,-3,Argentina,Cameroon,34.56,0.193,0.055
413,-2,Argentina,Cameroon,39.85,0.18,0.142
413,-1,Argentina,Cameroon,42.39,0.1903,-0.035
413,0,Argentina,Cameroon,62.43,0.1819,0.049
413,1,Argentina,Cameroon,40.15,0.1683,0.056
413,2,Argentina,Cameroon,41.18,0.1848,0.117
413,3,Argentina,Cameroon,39.0,0.1573,0.116
414,-7,Italy,Austria,30.41,0.1025,0.4
414,-6,Italy,Austria,25.51,0.1018,0.269
414,-5,Italy,Austria,31.83,0.1065,0.243
414,-4,Italy,Austria,25.79,0.113,0.333
414,-3,Italy,Austria,34.93,0.0889,0.152
414,-2,Italy,Austria,39.68,0.0844,0.303
414,-1,Italy,Austria,43.54,0.0503,0.333
414,0,Italy,Austria,66.92,0.0947,0.286
414,1,Italy,Austria,43.6,0.0929,0.318
414,2,Italy,Austria,40.62,0.0942,0.428
414,3,Italy,Austria,32.77,0.0863,0.418
415,-7,Russia,Romania,26.31,0.2479,0.112
415,-6,Russia,Romania,28.01,0.2485,0.139
415,-5,Russia,Romania,25.71,0.2388,0.033
415,-4,Russia,Romania,38.19,0.2577,0.234
415,-3,Russia,Romania,38.14,0.2312,0.126
415,-2,Russia,Romania,37.41,0.2648,0.187
415,-1,Russia,Romania,46.45,0.2487,0.069
415,0,Russia,Romania,65.35,0.2101,0.109
415,1,Russia,Romania,44.65,0.2429,0.104
415,2,Russia,Romania,42.36,0.2464,0.001
415,3,Russia,Romania,39.93,0.2318,0.139
416,-7,United Arab Emirates,Colombia,30.43,0.3568,0.306
416,-6,United Arab Emirates,Colombia,29.43,0.3552,0.192
416,-5,United Arab Emirates,Colombia,27.75,0.3411,0.204
416,-4,United Arab Emirates,Colombia,32.79,0.3406,0.303
416,-3,United Arab Emirates,Colombia,36.69,0.3573,0.337
416,-2,United Arab Emirates,Colombia,40.45,0.3405,0.294
416,-1,United Arab Emirates,Colombia,45.28,0.3747,0.195
416,0,United Arab Emirates,Colombia,65.99,0.3316,0.316
416,1,United Arab Emirates,Colombia,46.18,0.3376,0.36
416,2,United Arab Emirates,Colombia,41.99,0.3558,0.381
416,3,United Arab Emirates,Colombia,29.43,0.3527,0.207
417,-7,Brazil,Sweden,28.87,0.0958,0.302
417,-6,Brazil,Sweden,25.83,0.1091,0.214
417,-5,Brazil,Sweden,35.04,0.0795,0.303
417,-4,Brazil,Sweden,41.5,0.125,0.191
417,-3,Brazil,Sweden,36.01,0.0904,0.462
417,-2,Brazil,Sweden,42.21,0.1096,0.325
417,-1,Brazil,Sweden,43.13,0.0744,0.261
417,0,Brazil,Sweden,80.31,0.0998,0.378
417,1,Brazil,Sweden,42.36,0.0928,0.359
417,2,Brazil,Sweden,38.63,0.0959,0.242
417,3,Brazil,Sweden,41.37,0.1015,0.352
418,-7,Germany,Yugoslavia,33.35,0.42,0.134
418,-6,Germany,Yugoslavia,30.45,0.42,-0.074
418,-5,Germany,Yugoslavia,32.47,0.42,0.107
418,-4,Germany,Yugoslavia,40.22,0.42,-0.013
418,-3,Germany,Yugoslavia,40.72,0.42,0.198
418,-2,Germany,Yugoslavia,49.5,0.42,0.069
418,-1,Germany,Yugoslavia,53.87,0.42,-0.07
418,0,Germany,Yugoslavia,80.74,0.42,-0.028
418,1,Germany,Yugoslavia,43.89,0.42,0.027
418,2,Germany,Yugoslavia,47.34,0.42,0.062
418,3,Germany,Yugoslavia,39.57,0.42,0.104
419,-7,United States,Czechoslovakia,30.49,0.1216,0.257
419,-6,United States,Czechoslovakia,36.11,0.112,0.212
419,-5,United States,Czechoslovakia,34.58,0.1258,0.314
419,-4,United States,Czechoslovakia,40.78,0.1516,0.229
419,-3,United States,Czechoslovakia,42.64,0.1254,0.224
419,-2,United States,Czechoslovakia,48.81,0.1137,0.198
419,-1,United States,Czechoslovakia,50.63,0.138,0.079
419,0,United States,Czechoslovakia,81.66,0.1074,0.244
419,1,United States,Czechoslovakia,51.77,0.1038,0.28
419,2,United States,Czechoslovakia,38.88,0.1252,0.262
419,3,United States,Czechoslovakia,48.04,0.1063,0.178
420,-7,Costa Rica,Scotland,29.49,0.3001,0.324
420,-6,Costa Rica,Scotland,36.54,0.2802,0.26
420,-5,Costa Rica,Scotland,28.53,0.2626,0.228
420,-4,Costa Rica,Scotland,25.31,0.2801,0.131
420,-3,Costa Rica,Scotland,36.85,0.277,0.109
420,-2,Costa Rica,Scotland,41.98,0.2791,0.204
420,-1,Costa Rica,Scotland,40.01,0.3001,0.253
420,0,Costa Rica,Scotland,64.11,0.2633,0.41
420,1,Costa Rica,Scotland,50.36,0.3036,0.185
420,2,Costa Rica,Scotland,37.2,0.2911,0.171
420,3,Costa Rica,Scotland,31.85,0.3038,0.23
421,-7,England,Republic of Ireland,22.93,0.205,0.378
421,-6,England,Republic of Ireland,21.88,0.18,0.382
421,-5,England,Republic of Ireland,31.85,0.1957,0.504
421,-4,England,Republic of Ireland,32.91,0.188,0.505
421,-3,England,Republic of Ireland,40.32,0.191,0.438
421,-2,England,Republic of Ireland,39.03,0.1797,0.572
421,-1,England,Republic of Ireland,43.48,0.1971,0.312
421,0,England,Republic of Ireland,71.81,0.1791,0.535
421,1,England,Republic of Ireland,51.67,0.2004,0.426
421,2,England,Republic of Ireland,40.04,0.193,0.447
421,3,England,Republic of Ireland,37.21,0.2054,0.354
422,-7,Belgium,South Korea,32.2,0.2395,0.03
422,-6,Belgium,South Korea,30.08,0.2497,-0.04
422,-5,Belgium,South Korea,29.39,0.2185,0.035
422,-4,Belgium,South Korea,31.52,0.2482,0.027
422,-3,Belgium,South Korea,34.96,0.2602,0.226
422,-2,Belgium,South Korea,37.48,0.2568,0.109
422,-1,Belgium,South Korea,39.29,0.2351,-0.13
422,0,Belgium,South Korea,70.36,0.2317,0.091
422,1,Belgium,South Korea,54.38,0.2637,0.028
422,2,Belgium,South Korea,37.17,0.2601,0.012
422,3,Belgium,South Korea,40.36,0.2774,0.129
423,-7,Netherlands,Egypt,30.99,0.1949,0.26
423,-6,Netherlands,Egypt,29.82,0.1706,0.389
423,-5,Netherlands,Egypt,27.28,0.1905,0.378
423,-4,Netherlands,Egypt,32.02,0.1734,0.287
423,-3,Netherlands,Egypt,33.77,0.184,0.235
423,-2,Netherlands,Egypt,37.74,0.1887,0.342
423,-1,Netherlands,Egypt,44.35,0.1623,0.381
423,0,Netherlands,Egypt,67.66,0.2068,0.29
423,1,Netherlands,Egypt,45.86,0.1769,0.316
423,2,Netherlands,Egypt,52.87,0.1779,0.388
423,3,Netherlands,Egypt,37.21,0.1962,0.164
424,-7,Argentina,Russia,33.66,0.1904,0.139
424,-6,Argentina,Russia,31.97,0.188,0.078
424,-5,Argentina,Russia,22.6,0.2082,0.142
424,-4,Argentina,Russia,31.59,0.1799,0.261
424,-3,Argentina,Russia,35.18,0.194,0.135
424,-2,Argentina,Russia,36.31,0.1971,0.235
424,-1,Argentina,Russia,43.0,0.1858,0.165
424,0,Argentina,Russia,70.79,0.21,0.135
424,1,Argentina,Russia,44.23,0.1842,0.092
424,2,Argentina,Russia,34.67,0.1879,0.195
424,3,Argentina,Russia,36.9,0.1855,0.095
425,-7,Uruguay,Spain,25.43,0.167,0.065
425,-6,Uruguay,Spain,27.47,0.1697,0.124
425,-5,Uruguay,Spain,30.41,0.1708,-0.09
425,-4,Uruguay,Spain,34.53,0.1614,0.038
425,-3,Uruguay,Spain,29.27,0.1901,-0.141
425,-2,Uruguay,Spain,42.41,0.1701,-0.101
425,-1,Uruguay,Spain,48.61,0.1712,-0.133
425,0,Uruguay,Spain,61.81,0.1714,0.152
425,1,Uruguay,Spain,40.05,0.1332,0.134
425,2,Uruguay,Spain,38.95,0.1382,0.056
425,3,Uruguay,Spain,35.3,0.1611,-0.026
426,-7,Cameroon,Romania,25.87,0.2362,0.169
426,-6,Cameroon,Romania,32.8,0.2143,0.162
426,-5,Cameroon,Romania,34.12,0.2421,0.116
426,-4,Cameroon,Romania,40.15,0.2562,0.118
426,-3,Cameroon,Romania,38.18,0.2494,0.234
426,-2,Cameroon,Romania,39.59,0.2275,0.163
426,-1,Cameroon,Romania,43.39,0.2168,0.087
426,0,Cameroon,Romania,73.66,0.2587,0.094
426,1,Cameroon,Romania,46.89,0.242,0.099
426,2,Cameroon,Romania,39.9,0.2441,0.06
426,3,Cameroon,Romania,35.79,0.2377,0.167
427,-7,Italy,United States,20.39,0.1617,0.066
427,-6,Italy,United States,25.18,0.1728,0.151
427,-5,Italy,United States,35.59,0.1624,0.224
427,-4,Italy,United States,35.07,0.1631,0.064
427,-3,Italy,United States,34.94,0.1569,0.116
427,-2,Italy,United States,39.5,0.1459,0.095
427,-1,Italy,United States,39.89,0.1602,0.102
427,0,Italy,United States,63.8,0.1649,0.125
427,1,Italy,United States,43.45,0.1499,0.098
427,2,Italy,United States,46.1,0.1549,0.009
427,3,Italy,United States,36.51,0.1548,0.173
428,-7,Yugoslavia,Colombia,25.38,0.307,0.043
428,-6,Yugoslavia,Colombia,26.78,0.3142,-0.105
428,-5,Yugoslavia,Colombia,25.11,0.2905,-0.068
428,-4,Yugoslavia,Colombia,30.61,0.2935,0.118
428,-3,Yugoslavia,Colombia,35.0,0.2978,0.023
428,-2,Yugoslavia,Colombia,35.27,0.3111,0.135
428,-1,Yugoslavia,Colombia,39.19,0.3198,0.003
428,0,Yugoslavia,Colombia,63.62,0.3061,0.089
428,1,Yugoslavia,Colombia,43.18,0.2962,0.132
428,2,Yugoslavia,Colombia,36.77,0.2996,0.169
428,3,Yugoslavia,Colombia,30.63,0.2949,0.122
429,-7,Austria,Czechoslovakia,27.54,0.2612,0.094
429,-6,Austria,Czechoslovakia,28.7,0.2471,0.346
429,-5,Austria,Czechoslovakia,32.58,0.2502,0.207
429,-4,Austria,Czechoslovakia,32.48,0.2589,0.127
429,-3,Austria,Czechoslovakia,40.09,0.2346,0.201
429,-2,Austria,Czechoslovakia,36.07,0.251,0.256
429,-1,Austria,Czechoslovakia,37.44,0.2485,0.086
429,0,Austria,Czechoslovakia,65.28,0.2332,0.198
429,1,Austria,Czechoslovakia,41.94,0.2595,0.273
429,2,Austria,Czechoslovakia,38.99,0.2612,0.284
429,3,Austria,Czechoslovakia,32.08,0.2677,0.184
430,-7,Germany,United Arab Emirates,28.03,0.2734,0.247
430,-6,Germany,United Arab Emirates,28.83,0.2566,0.367
430,-5,Germany,United Arab Emirates,37.39,0.2876,0.223
430,-4,Germany,United Arab Emirates,36.72,0.2496,0.32
430,-3,Germany,United Arab Emirates,44.66,0.2649,0.197
430,-2,Germany,United Arab Emirates,51.63,0.2677,0.24
430,-1,Germany,United Arab Emirates,51.07,0.2649,0.291
430,0,Germany,United Arab Emirates,76.15,0.2708,0.319
430,1,Germany,United Arab Emirates,52.87,0.2825,0.346
430,2,Germany,United Arab Emirates,50.85,0.2634,0.25
430,3,Germany,United Arab Emirates,44.43,0.2642,0.217
431,-7,Brazil,Costa Rica,23.72,0.4147,0.161
431,-6,Brazil,Costa Rica,31.31,0.3738,0.299
431,-5,Brazil,Costa Rica,28.42,0.3848,0.052
431,-4,Brazil,Costa Rica,36.2,0.4002,0.097
431,-3,Brazil,Costa Rica,39.42,0.3682,0.224
431,-2,Brazil,Costa Rica,37.94,0.4002,0.197
431,-1,Brazil,Costa Rica,46.69,0.3991,0.16
431,0,Brazil,Costa Rica,66.16,0.3709,0.159
431,1,Brazil,Costa Rica,50.18,0.3933,0.107
431,2,Brazil,Costa Rica,44.66,0.3889,0.238
431,3,Brazil,Costa Rica,37.03,0.3892,0.04
432,-7,England,Netherlands,28.42,0.348,0.173
432,-6,England,Netherlands,26.69,0.3851,0.113
432,-5,England,Netherlands,32.07,0.3753,0.122
432,-4,England,Netherlands,32.26,0.3976,0.144
432,-3,England,Netherlands,29.12,0.3683,0.144
432,-2,England,Netherlands,41.62,0.3664,0.259
432,-1,England,Netherlands,42.1,0.3801,0.014
432,0,England,Netherlands,67.19,0.3698,0.05
432,1,England,Netherlands,40.38,0.3917,0.135
432,2,England,Netherlands,34.09,0.3687,0.201
432,3,England,Netherlands,32.9,0.3818,0.158
433,-7,Sweden,Scotland,16.03,0.1594,0.081
433,-6,Sweden,Scotland,28.78,0.1627,0.242
433,-5,Sweden,Scotland,34.14,0.1529,0.209
433,-4,Sweden,Scotland,40.19,0.1629,0.149
433,-3,Sweden,Scotland,35.89,0.1411,0.15
433,-2,Sweden,Scotland,42.26,0.1321,0.172
433,-1,Sweden,Scotland,41.84,0.1452,0.151
433,0,Sweden,Scotland,72.6,0.1544,0.191
433,1,Sweden,Scotland,55.11,0.138,0.161
433,2,Sweden,Scotland,43.2,0.1462,0.052
433,3,Sweden,Scotland,34.33,0.1443,0.031
434,-7,Belgium,Uruguay,27.98,0.2201,0.135
434,-6,Belgium,Uruguay,35.24,0.215,0.217
434,-5,Belgium,Uruguay,31.75,0.2225,0.189
434,-4,Belgium,Uruguay,35.67,0.2172,0.13
434,-3,Belgium,Uruguay,33.84,0.2325,-0.061
434,-2,Belgium,Uruguay,47.3,0.2353,0.268
434,-1,Belgium,Uruguay,56.91,0.2391,0.112
434,0,Belgium,Uruguay,82.77,0.2136,0.023
434,1,Belgium,Uruguay,55.76,0.2351,0.025
434,2,Belgium,Uruguay,39.45,0.2345,0.095
434,3,Belgium,Uruguay,37.52,0.2515,0.306
435,-7,Republic of Ireland,Egypt,25.06,0.0854,0.241
435,-6,Republic of Ireland,Egypt,24.37,0.0604,-0.015
435,-5,Republic of Ireland,Egypt,28.15,0.0978,0.179
435,-4,Republic of Ireland,Egypt,33.68,0.0981,0.275
435,-3,Republic of Ireland,Egypt,34.38,0.0905,0.175
435,-2,Republic of Ireland,Egypt,36.3,0.0683,0.26
435,-1,Republic of Ireland,Egypt,40.14,0.0819,0.14
435,0,Republic of Ireland,Egypt,58.6,0.0862,0.214
435,1,Republic of Ireland,Egypt,39.02,0.0997,0.152
435,2,Republic of Ireland,Egypt,31.84,0.1037,0.192
435,3,Republic of Ireland,Egypt,36.75,0.0978,0.112
436,-7,South Korea,Spain,27.33,0.42,0.395
436,-6,South Korea,Spain,31.5,0.42,0.385
436,-5,South Korea,Spain,31.55,0.42,0.237
436,-4,South Korea,Spain,37.57,0.42,0.241
436,-3,South Korea,Spain,37.86,0.42,0.278
436,-2,South Korea,Spain,47.27,0.42,0.252
436,-1,South Korea,Spain,51.46,0.42,0.166
436,0,South Korea,Spain,76.28,0.42,0.331
436,1,South Korea,Spain,55.79,0.42,0.221
436,2,South Korea,Spain,45.11,0.42,0.333
436,3,South Korea,Spain,40.33,0.42,0.196
437,-7,Argentina,Romania,22.69,0.1751,0.143
437,-6,Argentina,Romania,30.15,0.1821,0.137
437,-5,Argentina,Romania,27.55,0.1756,0.144
437,-4,Argentina,Romania,31.12,0.1921,0.279
437,-3,Argentina,Romania,32.78,0.1974,0.232
437,-2,Argentina,Romania,41.33,0.2023,0.171
437,-1,Argentina,Romania,46.79,0.1855,0.186
437,0,Argentina,Romania,70.83,0.1846,0.216
437,1,Argentina,Romania,43.04,0.1763,0.136
437,2,Argentina,Romania,39.42,0.1962,0.151
437,3,Argentina,Romania,39.18,0.1872,0.152
438,-7,Cameroon,Russia,33.73,0.42,0.016
438,-6,Cameroon,Russia,31.0,0.42,-0.091
438,-5,Cameroon,Russia,30.86,0.42,-0.095
438,-4,Cameroon,Russia,34.01,0.42,0.219
438,-3,Cameroon,Russia,42.42,0.42,-0.04
438,-2,Cameroon,Russia,45.46,0.42,-0.007
438,-1,Cameroon,Russia,51.04,0.42,0.044
438,0,Cameroon,Russia,76.83,0.42,-0.042
438,1,Cameroon,Russia,46.77,0.42,-0.006
438,2,Cameroon,Russia,45.97,0.42,0.128
438,3,Cameroon,Russia,45.64,0.42,-0.008
439,-7,Austria,United States,26.13,0.2682,0.134
439,-6,Austria,United States,29.34,0.2597,0.125
439,-5,Austria,United States,32.65,0.2575,0.108
439,-4,Austria,United States,33.07,0.2554,0.1
439,-3,Austria,United States,36.46,0.2556,0.173
439,-2,Austria,United States,41.07,0.2865,0.144
439,-1,Austria,United States,44.45,0.2783,0.05
439,0,Austria,United States,79.1,0.2671,0.138
439,1,Austria,United States,47.44,0.2676,0.084
439,2,Austria,United States,39.2,0.2685,0.172
439,3,Austria,United States,34.31,0.2829,0.142
440,-7,Germany,Colombia,25.32,0.366,0.303
440,-6,Germany,Colombia,32.09,0.3852,0.155
440,-5,Germany,Colombia,33.02,0.3757,0.161
440,-4,Germany,Colombia,34.12,0.3848,0.285
440,-3,Germany,Colombia,36.01,0.3557,0.288
440,-2,Germany,Colombia,46.49,0.3763,0.298
440,-1,Germany,Colombia,46.53,0.3606,0.081
440,0,Germany,Colombia,64.6,0.3716,0.14
440,1,Germany,Colombia,43.35,0.3702,0.233
440,2,Germany,Colombia,38.78,0.3629,0.139
440,3,Germany,Colombia,40.12,0.3707,0.193
441,-7,Italy,Czechoslovakia,32.28,0.2799,0.314
441,-6,Italy,Czechoslovakia,30.7,0.2316,0.295
441,-5,Italy,Czechoslovakia,31.3,0.2565,0.242
441,-4,Italy,Czechoslovakia,34.44,0.2531,0.402
441,-3,Italy,Czechoslovakia,42.37,0.261,0.32
441,-2,Italy,Czechoslovakia,39.19,0.2545,0.215
441,-1,Italy,Czechoslovakia,44.66,0.2671,0.307
441,0,Italy,Czechoslovakia,70.02,0.2501,0.262
441,1,Italy,Czechoslovakia,37.84,0.2306,0.312
441,2,Italy,Czechoslovakia,37.48,0.2445,0.183
441,3,Italy,Czechoslovakia,34.38,0.2457,0.334
442,-7,Yugoslavia,United Arab Emirates,34.24,0.1323,0.307
442,-6,Yugoslavia,United Arab Emirates,27.53,0.1418,0.353
442,-5,Yugoslavia,United Arab Emirates,34.84,0.1569,0.345
442,-4,Yugoslavia,United Arab Emirates,38.92,0.1381,0.249
442,-3,Yugoslavia,United Arab Emirates,36.54,0.1256,0.356
442,-2,Yugoslavia,United Arab Emirates,51.23,0.1281,0.291
442,-1,Yugoslavia,United Arab Emirates,45.71,0.1294,0.304
442,0,Yugoslavia,United Arab Emirates,76.32,0.1181,0.406
442,1,Yugoslavia,United Arab Emirates,51.05,0.1278,0.295
442,2,Yugoslavia,United Arab Emirates,45.65,0.1462,0.262
442,3,Yugoslavia,United Arab Emirates,42.74,0.1524,0.194
443,-7,Brazil,Scotland,23.27,0.2753,0.295
443,-6,Brazil,Scotland,27.29,0.2596,0.305
443,-5,Brazil,Scotland,28.02,0.2501,0.366
443,-4,Brazil,Scotland,36.01,0.2631,0.4
443,-3,Brazil,Scotland,33.59,0.2586,0.363
443,-2,Brazil,Scotland,40.45,0.2638,0.381
443,-1,Brazil,Scotland,38.93,0.2616,0.402
443,0,Brazil,Scotland,69.63,0.2752,0.405
443,1,Brazil,Scotland,42.13,0.2447,0.316
443,2,Brazil,Scotland,41.18,0.2748,0.297
443,3,Brazil,Scotland,31.92,0.2548,0.296
444,-7,Sweden,Costa Rica,21.36,0.3155,0.172
444,-6,Sweden,Costa Rica,29.7,0.3178,0.121
444,-5,Sweden,Costa Rica,30.41,0.3151,0.218
444,-4,Sweden,Costa Rica,35.18,0.3598,0.146
444,-3,Sweden,Costa Rica,40.01,0.3181,0.146
444,-2,Sweden,Costa Rica,47.91,0.3338,0.046
444,-1,Sweden,Costa Rica,43.75,0.3202,0.133
444,0,Sweden,Costa Rica,66.92,0.3232,0.038
444,1,Sweden,Costa Rica,47.77,0.3306,0.23
444,2,Sweden,Costa Rica,41.94,0.3399,0.192
444,3,Sweden,Costa Rica,41.44,0.313,0.276
445,-7,Belgium,Spain,27.99,0.2206,0.328
445,-6,Belgium,Spain,30.95,0.2066,0.22
445,-5,Belgium,Spain,29.54,0.2088,0.271
445,-4,Belgium,Spain,29.52,0.2007,0.294
445,-3,Belgium,Spain,43.6,0.2104,0.127
445,-2,Belgium,Spain,38.75,0.1975,0.331
445,-1,Belgium,Spain,45.2,0.2144,0.189
445,0,Belgium,Spain,74.06,0.1904,0.219
445,1,Belgium,Spain,43.37,0.219,0.184
445,2,Belgium,Spain,37.03,0.1822,0.227
445,3,Belgium,Spain,36.87,0.2095,0.217
446,-7,England,Egypt,29.78,0.42,0.083
446,-6,England,Egypt,24.24,0.42,-0.047
446,-5,England,Egypt,25.79,0.42,0.04
446,-4,England,Egypt,31.36,0.42,0.048
446,-3,England,Egypt,29.41,0.42,-0.073
446,-2,England,Egypt,36.93,0.42,0.057
446,-1,England,Egypt,37.52,0.42,-0.068
446,0,England,Egypt,65.81,0.42,0.068
446,1,England,Egypt,43.07,0.42,0.038
446,2,England,Egypt,35.64,0.42,0.117
446,3,England,Egypt,39.61,0.42,0.078
447,-7,Republic of Ireland,Netherlands,28.48,0.3317,0.202
447,-6,Republic of Ireland,Netherlands,34.75,0.3221,0.216
447,-5,Republic of Ireland,Netherlands,25.1,0.3105,0.326
447,-4,Republic of Ireland,Netherlands,35.9,0.3251,0.204
447,-3,Republic of Ireland,Netherlands,32.14,0.3226,0.097
447,-2,Republic of Ireland,Netherlands,39.66,0.3359,0.231
447,-1,Republic of Ireland,Netherlands,50.94,0.3312,0.026
447,0,Republic of Ireland,Netherlands,76.06,0.3176,0.21
447,1,Republic of Ireland,Netherlands,45.74,0.3306,0.202
447,2,Republic of Ireland,Netherlands,40.93,0.3118,0.38
447,3,Republic of Ireland,Netherlands,39.17,0.3283,0.328
448,-7,South Korea,Uruguay,21.94,0.3651,0.01
448,-6,South Korea,Uruguay,28.98,0.3598,-0.115
448,-5,South Korea,Uruguay,24.73,0.3737,0.031
448,-4,South Korea,Uruguay,39.3,0.3704,0.034
448,-3,South Korea,Uruguay,34.23,0.3745,0.196
448,-2,South Korea,Uruguay,37.95,0.3732,0.121
448,-1,South Korea,Uruguay,47.64,0.3559,0.002
448,0,South Korea,Uruguay,62.57,0.339,0.183
448,1,South Korea,Uruguay,43.47,0.341,0.119
448,2,South Korea,Uruguay,37.28,0.3469,0.194
448,3,South Korea,Uruguay,30.65,0.3575,0.008
449,-7,Cameroon,Colombia,25.37,0.3882,0.154
449,-6,Cameroon,Colombia,26.99,0.4129,0.147
449,-5,Cameroon,Colombia,31.32,0.3954,0.25
449,-4,Cameroon,Colombia,37.76,0.3976,0.055
449,-3,Cameroon,Colombia,31.87,0.4194,0.214
449,-2,Cameroon,Colombia,46.11,0.4044,0.206
449,-1,Cameroon,Colombia,50.92,0.405,0.125
449,0,Cameroon,Colombia,68.78,0.4109,0.189
449,1,Cameroon,Colombia,45.9,0.4023,0.135
449,2,Cameroon,Colombia,45.21,0.3893,0.073
449,3,Cameroon,Colombia,34.67,0.404,0.172
450,-7,Czechoslovakia,Costa Rica,26.56,0.418,0.561
450,-6,Czechoslovakia,Costa Rica,33.97,0.42,0.395
450,-5,Czechoslovakia,Costa Rica,31.96,0.4133,0.456
450,-4,Czechoslovakia,Costa Rica,34.95,0.42,0.48
450,-3,Czechoslovakia,Costa Rica,44.1,0.399,0.577
450,-2,Czechoslovakia,Costa Rica,45.39,0.4193,0.418
450,-1,Czechoslovakia,Costa Rica,51.81,0.4138,0.599
450,0,Czechoslovakia,Costa Rica,76.6,0.4095,0.5
450,1,Czechoslovakia,Costa Rica,46.27,0.381,0.389
450,2,Czechoslovakia,Costa Rica,49.32,0.42,0.394
450,3,Czechoslovakia,Costa Rica,37.38,0.42,0.419
451,-7,Brazil,Argentina,24.4,0.1454,0.278
451,-6,Brazil,Argentina,30.84,0.1074,0.099
451,-5,Brazil,Argentina,33.67,0.1317,0.133
451,-4,Brazil,Argentina,31.08,0.1412,0.294
451,-3,Brazil,Argentina,35.29,0.1197,0.168
451,-2,Brazil,Argentina,43.65,0.1438,0.201
451,-1,Brazil,Argentina,41.58,0.1409,0.301
451,0,Brazil,Argentina,61.17,0.1251,0.268
451,1,Brazil,Argentina,43.69,0.122,0.2
451,2,Brazil,Argentina,40.25,0.1144,0.193
451,3,Brazil,Argentina,36.6,0.122,0.132
452,-7,Germany,Netherlands,26.12,0.1513,0.13
452,-6,Germany,Netherlands,26.6,0.1653,0.044
452,-5,Germany,Netherlands,29.94,0.1795,0.061
452,-4,Germany,Netherlands,32.84,0.1538,0.094
452,-3,Germany,Netherlands,41.37,0.1782,0.058
452,-2,Germany,Netherlands,41.65,0.1646,0.082
452,-1,Germany,Netherlands,44.63,0.1805,0.072
452,0,Germany,Netherlands,74.07,0.1681,0.098
452,1,Germany,Netherlands,43.81,0.1629,0.23
452,2,Germany,Netherlands,48.0,0.1649,0.044
452,3,Germany,Netherlands,30.71,0.157,0.065
453,-7,Republic of Ireland,Romania,23.43,0.3121,0.241
453,-6,Republic of Ireland,Romania,22.84,0.3184,0.189
453,-5,Republic of Ireland,Romania,25.32,0.3352,0.249
453,-4,Republic of Ireland,Romania,28.09,0.3213,0.1
453,-3,Republic of Ireland,Romania,31.4,0.331,0.222
453,-2,Republic of Ireland,Romania,38.16,0.3269,0.24
453,-1,Republic of Ireland,Romania,40.56,0.3263,0.079
453,0,Republic of Ireland,Romania,60.95,0.3139,0.235
453,1,Republic of Ireland,Romania,40.35,0.2937,0.062
453,2,Republic of Ireland,Romania,36.97,0.3094,0.133
453,3,Republic of Ireland,Romania,29.96,0.3167,0.288
454,-7,Italy,Uruguay,27.32,0.2539,0.078
454,-6,Italy,Uruguay,30.36,0.2543,0.093
454,-5,Italy,Uruguay,31.17,0.2336,0.145
454,-4,Italy,Uruguay,36.89,0.2423,0.088
454,-3,Italy,Uruguay,31.64,0.2375,0.091
454,-2,Italy,Uruguay,41.52,0.2395,0.214
454,-1,Italy,Uruguay,42.94,0.2192,0.024
454,0,Italy,Uruguay,67.01,0.2511,0.013
454,1,Italy,Uruguay,41.31,0.2431,0.163
454,2,Italy,Uruguay,35.28,0.2168,0.049
454,3,Italy,Uruguay,39.19,0.2398,0.052
455,-7,England,Belgium,28.28,0.1359,0.052
455,-6,England,Belgium,21.92,0.1252,0.197
455,-5,England,Belgium,28.57,0.1229,0.033
455,-4,England,Belgium,32.71,0.145,0.103
455,-3,England,Belgium,32.94,0.1497,0.117
455,-2,England,Belgium,37.39,0.1329,0.102
455,-1,England,Belgium,47.2,0.1162,0.065
455,0,England,Belgium,66.15,0.1276,0.02
455,1,England,Belgium,47.12,0.1408,0.207
455,2,England,Belgium,36.96,0.136,0.082
455,3,England,Belgium,38.45,0.1507,0.067
456,-7,Spain,Yugoslavia,24.17,0.2986,0.377
456,-6,Spain,Yugoslavia,33.97,0.2897,0.285
456,-5,Spain,Yugoslavia,35.06,0.2916,0.288
456,-4,Spain,Yugoslavia,39.16,0.3044,0.346
456,-3,Spain,Yugoslavia,43.26,0.2943,0.279
456,-2,Spain,Yugoslavia,48.15,0.3099,0.415
456,-1,Spain,Yugoslavia,46.24,0.3058,0.318
456,0,Spain,Yugoslavia,73.31,0.3171,0.381
456,1,Spain,Yugoslavia,51.04,0.315,0.294
456,2,Spain,Yugoslavia,41.94,0.3017,0.42
456,3,Spain,Yugoslavia,40.09,0.3086,0.438
457,-7,Italy,Republic of Ireland,19.17,0.1656,0.227
457,-6,Italy,Republic of Ireland,28.45,0.1794,0.263
457,-5,Italy,Republic of Ireland,25.14,0.1777,0.272
457,-4,Italy,Republic of Ireland,27.15,0.1693,0.289
457,-3,Italy,Republic of Ireland,41.1,0.1597,0.318
457,-2,Italy,Republic of Ireland,35.18,0.1576,0.178
457,-1,Italy,Republic of Ireland,45.55,0.1744,0.241
457,0,Italy,Republic of Ireland,67.86,0.1733,0.271
457,1,Italy,Republic of Ireland,42.37,0.1605,0.381
457,2,Italy,Republic of Ireland,43.85,0.1919,0.225
457,3,Italy,Republic of Ireland,32.92,0.1678,0.338
458,-7,Yugoslavia,Argentina,24.54,0.21,0.216
458,-6,Yugoslavia,Argentina,23.76,0.2002,0.2
458,-5,Yugoslavia,Argentina,26.61,0.2163,0.003
458,-4,Yugoslavia,Argentina,27.72,0.216,0.085
458,-3,Yugoslavia,Argentina,28.54,0.217,0.24
458,-2,Yugoslavia,Argentina,34.09,0.2134,0.174
458,-1,Yugoslavia,Argentina,36.02,0.2307,0.178
458,0,Yugoslavia,Argentina,62.69,0.221,0.082
458,1,Yugoslavia,Argentina,44.71,0.2291,0.201
458,2,Yugoslavia,Argentina,38.82,0.2126,0.251
458,3,Yugoslavia,Argentina,30.85,0.2161,0.193
459,-7,Cameroon,England,30.17,0.1633,0.27
459,-6,Cameroon,England,32.13,0.1561,0.061
459,-5,Cameroon,England,38.69,0.1443,0.337
459,-4,Cameroon,England,32.23,0.1763,0.186
459,-3,Cameroon,England,37.71,0.1783,0.052
459,-2,Cameroon,England,44.84,0.1349,0.107
459,-1,Cameroon,England,51.04,0.1605,0.288
459,0,Cameroon,England,76.34,0.1175,0.162
459,1,Cameroon,England,49.3,0.1723,0.115
459,2,Cameroon,England,43.28,0.1383,0.161
459,3,Cameroon,England,40.68,0.1681,0.102
460,-7,Germany,Czechoslovakia,30.65,0.2268,0.003
460,-6,Germany,Czechoslovakia,30.48,0.2378,0.107
460,-5,Germany,Czechoslovakia,26.2,0.2304,0.169
460,-4,Germany,Czechoslovakia,32.22,0.2307,0.18
460,-3,Germany,Czechoslovakia,39.42,0.2421,0.195
460,-2,Germany,Czechoslovakia,35.45,0.2503,0.136
460,-1,Germany,Czechoslovakia,40.66,0.268,0.141
460,0,Germany,Czechoslovakia,64.19,0.2436,0.064
460,1,Germany,Czechoslovakia,39.38,0.238,0.098
460,2,Germany,Czechoslovakia,36.14,0.2584,0.071
460,3,Germany,Czechoslovakia,32.05,0.2292,0.035
461,-7,Italy,Argentina,30.44,0.3951,0.358
461,-6,Italy,Argentina,32.37,0.388,0.413
461,-5,Italy,Argentina,28.88,0.3789,0.336
461,-4,Italy,Argentina,34.24,0.3937,0.381
461,-3,Italy,Argentina,37.26,0.3958,0.405
461,-2,Italy,Argentina,41.63,0.3979,0.211
461,-1,Italy,Argentina,58.4,0.3729,0.272
461,0,Italy,Argentina,67.23,0.4173,0.268
461,1,Italy,Argentina,46.93,0.3852,0.237
461,2,Italy,Argentina,42.69,0.3834,0.325
461,3,Italy,Argentina,39.09,0.4149,0.222
462,-7,Germany,England,26.31,0.1368,0.187
462,-6,Germany,England,37.8,0.136,0.011
462,-5,Germany,England,30.38,0.1367,0.17
462,-4,Germany,England,31.22,0.1222,0.338
462,-3,Germany,England,38.01,0.1358,0.336
462,-2,Germany,England,37.66,0.1453,0.1
462,-1,Germany,England,48.01,0.1245,0.22
462,0,Germany,England,76.06,0.1392,0.034
462,1,Germany,England,45.51,0.1439,0.25
462,2,Germany,England,45.86,0.1564,0.178
462,3,Germany,England,34.58,0.1247,0.149
463,-7,Italy,England,29.67,0.2768,-0.217
463,-6,Italy,England,32.01,0.2852,-0.126
463,-5,Italy,England,29.56,0.2965,-0.206
463,-4,Italy,England,28.53,0.3045,-0.201
463,-3,Italy,England,37.6,0.2847,-0.114
463,-2,Italy,England,43.61,0.2995,-0.19
463,-1,Italy,England,47.15,0.298,-0.044
463,0,Italy,England,73.27,0.281,-0.133
463,1,Italy,England,46.75,0.269,-0.281
463,2,Italy,England,42.21,0.2932,-0.173
463,3,Italy,England,41.57,0.2818,-0.249
464,-7,Germany,Argentina,22.81,0.1758,0.394
464,-6,Germany,Argentina,24.78,0.1574,0.218
464,-5,Germany,Argentina,30.18,0.1696,0.258
464,-4,Germany,Argentina,34.48,0.2016,0.391
464,-3,Germany,Argentina,36.25,0.1864,0.236
464,-2,Germany,Argentina,42.06,0.198,0.527
464,-1,Germany,Argentina,41.9,0.1695,0.493
464,0,Germany,Argentina,68.0,0.1936,0.353
464,1,Germany,Argentina,44.38,0.1705,0.398
464,2,Germany,Argentina,37.73,0.2112,0.436
464,3,Germany,Argentina,27.78,0.1831,0.424
465,-7,Germany,Bolivia,24.8,0.42,0.221
465,-6,Germany,Bolivia,25.02,0.42,0.102
465,-5,Germany,Bolivia,28.76,0.42,0.209
465,-4,Germany,Bolivia,33.35,0.42,0.181
465,-3,Germany,Bolivia,33.58,0.42,0.215
465,-2,Germany,Bolivia,45.46,0.42,0.193
465,-1,Germany,Bolivia,40.49,0.42,0.209
465,0,Germany,Bolivia,70.88,0.42,0.286
465,1,Germany,Bolivia,40.82,0.42,0.185
465,2,Germany,Bolivia,36.87,0.42,0.26
465,3,Germany,Bolivia,32.82,0.42,0.061
466,-7,Spain,South Korea,30.13,0.3036,0.276
466,-6,Spain,South Korea,35.75,0.2885,0.269
466,-5,Spain,South Korea,36.13,0.2841,0.218
466,-4,Spain,South Korea,40.69,0.2735,0.117
466,-3,Spain,South Korea,40.6,0.2747,0.104
466,-2,Spain,South Korea,43.87,0.3013,0.259
466,-1,Spain,South Korea,51.68,0.2916,0.337
466,0,Spain,South Korea,75.24,0.2923,0.15
466,1,Spain,South Korea,46.05,0.3036,0.17
466,2,Spain,South Korea,47.77,0.2864,0.278
466,3,Spain,South Korea,37.61,0.3034,0.254
467,-7,Colombia,Romania,23.63,0.42,0.336
467,-6,Colombia,Romania,37.83,0.42,0.237
467,-5,Colombia,Romania,31.24,0.42,0.235
467,-4,Colombia,Romania,36.24,0.42,0.327
467,-3,Colombia,Romania,47.42,0.42,0.266
467,-2,Colombia,Romania,42.19,0.42,0.382
467,-1,Colombia,Romania,54.07,0.42,0.231
467,0,Colombia,Romania,78.33,0.42,0.281
467,1,Colombia,Romania,50.2,0.42,0.446
467,2,Colombia,Romania,42.22,0.42,0.276
467,3,Colombia,Romania,40.39,0.42,0.339
468,-7,Italy,Republic of Ireland,22.21,0.2983,0.142
468,-6,Italy,Republic of Ireland,31.13,0.3125,0.177
468,-5,Italy,Republic of Ireland,31.38,0.2939,0.151
468,-4,Italy,Republic of Ireland,28.69,0.3091,0.213
468,-3,Italy,Republic of Ireland,32.91,0.3125,0.277
468,-2,Italy,Republic of Ireland,36.5,0.3035,0.239
468,-1,Italy,Republic of Ireland,44.69,0.2909,0.172
468,0,Italy,Republic of Ireland,66.56,0.3054,0.194
468,1,Italy,Republic of Ireland,50.2,0.3049,0.083
468,2,Italy,Republic of Ireland,40.42,0.3284,0.191
468,3,Italy,Republic of Ireland,34.82,0.3037,0.244
469,-7,United States,Switzerland,26.52,0.1201,0.184
469,-6,United States,Switzerland,29.4,0.1447,0.19
469,-5,United States,Switzerland,30.92,0.1388,0.177
469,-4,United States,Switzerland,34.37,0.1439,0.148
469,-3,United States,Switzerland,39.01,0.1252,0.156
469,-2,United States,Switzerland,39.53,0.1547,0.111
469,-1,United States,Switzerland,45.04,0.138,0.313
469,0,United States,Switzerland,78.0,0.1332,0.269
469,1,United States,Switzerland,46.33,0.1371,0.25
469,2,United States,Switzerland,36.3,0.1377,0.263
469,3,United States,Switzerland,34.93,0.1438,0.11
470,-7,Belgium,Morocco,26.78,0.1868,0.099
470,-6,Belgium,Morocco,24.96,0.1536,0.141
470,-5,Belgium,Morocco,33.87,0.17,0.082
470,-4,Belgium,Morocco,26.49,0.1722,0.066
470,-3,Belgium,Morocco,34.14,0.1901,-0.012
470,-2,Belgium,Morocco,34.27,0.1735,0.087
470,-1,Belgium,Morocco,42.9,0.174,0.132
470,0,Belgium,Morocco,64.81,0.1636,0.117
470,1,Belgium,Morocco,45.3,0.1765,0.073
470,2,Belgium,Morocco,41.32,0.1821,0.117
470,3,Belgium,Morocco,35.99,0.1679,0.071
471,-7,Cameroon,Sweden,26.63,0.2407,0.065
471,-6,Cameroon,Sweden,28.98,0.2434,0.02
471,-5,Cameroon,Sweden,40.85,0.253,0.082
471,-4,Cameroon,Sweden,40.81,0.2378,0.129
471,-3,Cameroon,Sweden,41.66,0.2438,-0.052
471,-2,Cameroon,Sweden,43.94,0.2231,0.016
471,-1,Cameroon,Sweden,48.54,0.2395,-0.064
471,0,Cameroon,Sweden,79.59,0.2514,0.151
471,1,Cameroon,Sweden,56.37,0.2462,0.105
471,2,Cameroon,Sweden,46.26,0.2392,0.014
471,3,Cameroon,Sweden,43.34,0.2934,0.115
472,-7,Norway,Mexico,27.32,0.384,0.217
472,-6,Norway,Mexico,28.07,0.3873,0.173
472,-5,Norway,Mexico,27.08,0.384,0.227
472,-4,Norway,Mexico,32.73,0.3819,0.251
472,-3,Norway,Mexico,36.17,0.3728,0.134
472,-2,Norway,Mexico,39.21,0.3966,0.17
472,-1,Norway,Mexico,45.97,0.3743,0.155
472,0,Norway,Mexico,65.14,0.3794,0.148
472,1,Norway,Mexico,49.17,0.3769,0.181
472,2,Norway,Mexico,39.47,0.3827,0.288
472,3,Norway,Mexico,32.71,0.3815,0.074
473,-7,Brazil,Russia,31.89,0.42,0.194
473,-6,Brazil,Russia,25.16,0.42,0.182
473,-5,Brazil,Russia,32.93,0.42,0.285
473,-4,Brazil,Russia,32.33,0.42,0.265
473,-3,Brazil,Russia,39.94,0.42,0.328
473,-2,Brazil,Russia,41.0,0.42,0.328
473,-1,Brazil,Russia,44.77,0.42,0.366
473,0,Brazil,Russia,68.34,0.42,0.301
473,1,Brazil,Russia,45.04,0.42,0.395
473,2,Brazil,Russia,44.04,0.42,0.413
473,3,Brazil,Russia,32.08,0.42,0.266
474,-7,Netherlands,Saudi Arabia,33.73,0.1808,-0.029
474,-6,Netherlands,Saudi Arabia,29.33,0.1536,0.088
474,-5,Netherlands,Saudi Arabia,36.45,0.1812,0.11
474,-4,Netherlands,Saudi Arabia,34.65,0.1684,0.139
474,-3,Netherlands,Saudi Arabia,47.73,0.1553,0.202
474,-2,Netherlands,Saudi Arabia,44.45,0.1793,0.104
474,-1,Netherlands,Saudi Arabia,53.53,0.1735,0.046
474,0,Netherlands,Saudi Arabia,75.73,0.183,0.091
474,1,Netherlands,Saudi Arabia,41.35,0.1681,0.098
474,2,Netherlands,Saudi Arabia,43.44,0.1636,0.184
474,3,Netherlands,Saudi Arabia,31.21,0.1706,0.099
475,-7,Argentina,Greece,37.24,0.42,0.114
475,-6,Argentina,Greece,32.53,0.42,0.206
475,-5,Argentina,Greece,30.73,0.42,0.136
475,-4,Argentina,Greece,38.48,0.42,0.078
475,-3,Argentina,Greece,44.3,0.42,0.033
475,-2,Argentina,Greece,46.17,0.42,0.116
475,-1,Argentina,Greece,49.43,0.42,0.13
475,0,Argentina,Greece,79.05,0.42,-0.009
475,1,Argentina,Greece,50.31,0.42,0.055
475,2,Argentina,Greece,39.95,0.42,0.102
475,3,Argentina,Greece,39.35,0.42,0.183
476,-7,Germany,Spain,35.92,0.1856,0.173
476,-6,Germany,Spain,31.01,0.1613,0.183
476,-5,Germany,Spain,33.41,0.1697,0.257
476,-4,Germany,Spain,29.5,0.187,0.357
476,-3,Germany,Spain,35.79,0.1861,0.221
476,-2,Germany,Spain,39.24,0.1763,0.333
476,-1,Germany,Spain,41.72,0.1823,0.307
476,0,Germany,Spain,74.37,0.1916,0.273
476,1,Germany,Spain,44.67,0.1974,0.217
476,2,Germany,Spain,38.87,0.2025,0.303
476,3,Germany,Spain,39.32,0.1935,0.271
477,-7,Nigeria,Bulgaria,23.73,0.2887,0.109
477,-6,Nigeria,Bulgaria,27.85,0.2726,0.107
477,-5,Nigeria,Bulgaria,28.54,0.284,0.092
477,-4,Nigeria,Bulgaria,35.72,0.2905,0.154
477,-3,Nigeria,Bulgaria,37.03,0.2961,0.095
477,-2,Nigeria,Bulgaria,49.73,0.2787,-0.003
477,-1,Nigeria,Bulgaria,51.53,0.2908,0.194
477,0,Nigeria,Bulgaria,75.24,0.3138,0.097
477,1,Nigeria,Bulgaria,52.27,0.2794,0.144
477,2,Nigeria,Bulgaria,45.97,0.2957,0.164
477,3,Nigeria,Bulgaria,28.19,0.2849,0.07
478,-7,Romania,Switzerland,29.74,0.2631,0.183
478,-6,Romania,Switzerland,34.04,0.2604,0.012
478,-5,Romania,Switzerland,41.32,0.2587,0.106
478,-4,Romania,Switzerland,46.52,0.2591,0.096
478,-3,Romania,Switzerland,43.5,0.2472,-0.006
478,-2,Romania,Switzerland,45.4,0.2611,0.124
478,-1,Romania,Switzerland,49.08,0.2717,-0.036
478,0,Romania,Switzerland,79.85,0.2708,0.138
478,1,Romania,Switzerland,51.93,0.2586,0.102
478,2,Romania,Switzerland,51.41,0.2593,0.183
478,3,Romania,Switzerland,46.66,0.2457,0.106
479,-7,United States,Colombia,25.34,0.1985,0.174
479,-6,United States,Colombia,32.52,0.2197,0.043
479,-5,United States,Colombia,34.03,0.2008,0.124
479,-4,United States,Colombia,33.82,0.2291,0.094
479,-3,United States,Colombia,40.33,0.2193,0.114
479,-2,United States,Colombia,43.96,0.2201,0.056
479,-1,United States,Colombia,50.02,0.2269,0.147
479,0,United States,Colombia,72.92,0.2186,0.094
479,1,United States,Colombia,48.2,0.2022,0.216
479,2,United States,Colombia,50.37,0.2081,0.174
479,3,United States,Colombia,44.62,0.205,-0.032
480,-7,Italy,Norway,31.76,0.1647,0.114
480,-6,Italy,Norway,28.55,0.1604,0.357
480,-5,Italy,Norway,28.77,0.1687,0.24
480,-4,Italy,Norway,37.75,0.178,0.12
480,-3,Italy,Norway,35.82,0.1387,0.145
480,-2,Italy,Norway,40.22,0.1737,0.276
480,-1,Italy,Norway,47.21,0.1776,0.149
480,0,Italy,Norway,72.71,0.1649,0.23
480,1,Italy,Norway,47.53,0.1695,0.042
480,2,Italy,Norway,43.93,0.1693,0.199
480,3,Italy,Norway,37.45,0.1706,0.241
481,-7,South Korea,Bolivia,23.64,0.2568,-0.055
481,-6,South Korea,Bolivia,29.17,0.2542,-0.045
481,-5,South Korea,Bolivia,29.62,0.2444,-0.027
481,-4,South Korea,Bolivia,33.04,0.2544,-0.135
481,-3,South Korea,Bolivia,36.07,0.2476,-0.03
481,-2,South Korea,Bolivia,34.41,0.2507,-0.038
481,-1,South Korea,Bolivia,47.23,0.2302,-0.068
481,0,South Korea,Bolivia,61.63,0.2543,0.081
481,1,South Korea,Bolivia,44.53,0.2381,-0.031
481,2,South Korea,Bolivia,35.53,0.2573,-0.032
481,3,South Korea,Bolivia,29.82,0.2582,0.087
482,-7,Brazil,Cameroon,28.13,0.2073,-0.003
482,-6,Brazil,Cameroon,23.65,0.1837,0.099
482,-5,Brazil,Cameroon,32.21,0.2125,0.088
482,-4,Brazil,Cameroon,39.6,0.2164,0.079
482,-3,Brazil,Cameroon,36.01,0.1829,0.202
482,-2,Brazil,Cameroon,40.3,0.1879,0.111
482,-1,Brazil,Cameroon,43.4,0.2074,0.078
482,0,Brazil,Cameroon,77.39,0.2159,0.179
482,1,Brazil,Cameroon,49.33,0.1956,0.029
482,2,Brazil,Cameroon,41.74,0.2298,0.085
482,3,Brazil,Cameroon,40.08,0.2241,0.12
483,-7,Mexico,Republic of Ireland,26.14,0.42,0.149
483,-6,Mexico,Republic of Ireland,31.87,0.42,0.144
483,-5,Mexico,Republic of Ireland,33.94,0.42,0.135
483,-4,Mexico,Republic of Ireland,40.75,0.4164,0.305
483,-3,Mexico,Republic of Ireland,36.52,0.4188,0.285
483,-2,Mexico,Republic of Ireland,49.03,0.42,0.103
483,-1,Mexico,Republic of Ireland,48.9,0.42,0.119
483,0,Mexico,Republic of Ireland,76.59,0.4142,0.089
483,1,Mexico,Republic of Ireland,42.94,0.42,0.143
483,2,Mexico,Republic of Ireland,41.88,0.4111,0.275
483,3,Mexico,Republic of Ireland,34.69,0.4091,0.156
484,-7,Sweden,Russia,29.84,0.2576,0.132
484,-6,Sweden,Russia,37.5,0.2417,0.108
484,-5,Sweden,Russia,30.76,0.2404,0.097
484,-4,Sweden,Russia,40.21,0.2377,0.17
484,-3,Sweden,Russia,37.5,0.2356,0.256
484,-2,Sweden,Russia,50.95,0.2649,0.076
484,-1,Sweden,Russia,45.89,0.2734,0.161
484,0,Sweden,Russia,72.31,0.2627,0.184
484,1,Sweden,Russia,52.55,0.2228,0.156
484,2,Sweden,Russia,48.66,0.242,0.265
484,3,Sweden,Russia,36.49,0.2483,0.294
485,-7,Argentina,Nigeria,24.73,0.3127,0.313
485,-6,Argentina,Nigeria,31.18,0.3064,0.211
485,-5,Argentina,Nigeria,33.98,0.3082,0.171
485,-4,Argentina,Nigeria,39.99,0.2985,0.173
485,-3,Argentina,Nigeria,37.43,0.2987,0.254
485,-2,Argentina,Nigeria,39.25,0.3148,0.369
485,-1,Argentina,Nigeria,48.98,0.2921,0.208
485,0,Argentina,Nigeria,74.93,0.2858,0.186
485,1,Argentina,Nigeria,42.84,0.3108,0.423
485,2,Argentina,Nigeria,39.18,0.3192,0.233
485,3,Argentina,Nigeria,34.9,0.3282,0.423
486,-7,Belgium,Netherlands,27.9,0.2507,0.344
486,-6,Belgium,Netherlands,27.87,0.2504,0.387
486,-5,Belgium,Netherlands,36.45,0.24,0.349
486,-4,Belgium,Netherlands,32.93,0.2586,0.508
486,-3,Belgium,Netherlands,40.06,0.2559,0.404
486,-2,Belgium,Netherlands,44.54,0.2753,0.222
486,-1,Belgium,Netherlands,46.82,0.2153,0.407
486,0,Belgium,Netherlands,70.14,0.2397,0.153
486,1,Belgium,Netherlands,44.67,0.249,0.336
486,2,Belgium,Netherlands,37.93,0.2355,0.336
486,3,Belgium,Netherlands,33.55,0.256,0.334
487,-7,Saudi Arabia,Morocco,22.72,0.2002,0.336
487,-6,Saudi Arabia,Morocco,36.52,0.2092,0.244
487,-5,Saudi Arabia,Morocco,38.28,0.1815,0.309
487,-4,Saudi Arabia,Morocco,38.78,0.2156,0.439
487,-3,Saudi Arabia,Morocco,43.98,0.1965,0.348
487,-2,Saudi Arabia,Morocco,44.38,0.1896,0.299
487,-1,Saudi Arabia,Morocco,54.9,0.2059,0.451
487,0,Saudi Arabia,Morocco,70.37,0.1935,0.336
487,1,Saudi Arabia,Morocco,51.21,0.1967,0.363
487,2,Saudi Arabia,Morocco,46.37,0.1814,0.36
487,3,Saudi Arabia,Morocco,43.27,0.2017,0.178
488,-7,Bulgaria,Greece,28.94,0.2696,0.187
488,-6,Bulgaria,Greece,35.31,0.2731,0.257
488,-5,Bulgaria,Greece,34.69,0.2666,0.248
488,-4,Bulgaria,Greece,33.09,0.2591,0.253
488,-3,Bulgaria,Greece,46.07,0.2726,0.351
488,-2,Bulgaria,Greece,40.42,0.26,0.393
488,-1,Bulgaria,Greece,47.96,0.2551,0.229
488,0,Bulgaria,Greece,84.19,0.2562,0.287
488,1,Bulgaria,Greece,51.93,0.2412,0.247
488,2,Bulgaria,Greece,43.41,0.2724,0.37
488,3,Bulgaria,Greece,39.89,0.2602,0.424
489,-7,Switzerland,Colombia,25.12,0.1398,0.237
489,-6,Switzerland,Colombia,29.45,0.1593,0.297
489,-5,Switzerland,Colombia,27.05,0.1536,0.054
489,-4,Switzerland,Colombia,35.86,0.1493,0.059
489,-3,Switzerland,Colombia,40.5,0.156,0.053
489,-2,Switzerland,Colombia,37.68,0.1584,0.024
489,-1,Switzerland,Colombia,47.46,0.172,0.188
489,0,Switzerland,Colombia,69.0,0.1592,0.053
489,1,Switzerland,Colombia,47.14,0.152,0.068
489,2,Switzerland,Colombia,44.03,0.1322,0.058
489,3,Switzerland,Colombia,34.21,0.1498,0.232
490,-7,United States,Romania,29.1,0.2589,0.098
490,-6,United States,Romania,28.35,0.2741,-0.033
490,-5,United States,Romania,33.32,0.2515,0.129
490,-4,United States,Romania,35.02,0.2664,0.205
490,-3,United States,Romania,31.55,0.2697,0.09
490,-2,United States,Romania,38.49,0.282,0.143
490,-1,United States,Romania,43.26,0.2691,0.091
490,0,United States,Romania,66.7,0.2503,0.115
490,1,United States,Romania,42.57,0.2595,0.156
490,2,United States,Romania,40.49,0.2813,0.095
490,3,United States,Romania,41.07,0.2693,0.201
491,-7,Bolivia,Spain,36.81,0.2157,0.177
491,-6,Bolivia,Spain,31.7,0.2381,0.13
491,-5,Bolivia,Spain,32.72,0.2236,0.165
491,-4,Bolivia,Spain,40.85,0.2309,0.135
491,-3,Bolivia,Spain,38.66,0.2249,0.141
491,-2,Bolivia,Spain,46.54,0.2519,0.075
491,-1,Bolivia,Spain,50.45,0.2509,0.075
491,0,Bolivia,Spain,81.56,0.2315,0.208
491,1,Bolivia,Spain,49.79,0.2423,0.271
491,2,Bolivia,Spain,44.92,0.2488,0.177
491,3,Bolivia,Spain,38.35,0.2351,0.143
492,-7,Germany,South Korea,26.12,0.2303,0.261
492,-6,Germany,South Korea,36.17,0.242,0.282
492,-5,Germany,South Korea,33.85,0.2201,0.274
492,-4,Germany,South Korea,40.4,0.2246,0.154
492,-3,Germany,South Korea,40.83,0.2318,0.078
492,-2,Germany,South Korea,38.9,0.2331,0.178
492,-1,Germany,South Korea,54.14,0.2437,0.144
492,0,Germany,South Korea,74.25,0.2215,0.167
492,1,Germany,South Korea,52.42,0.2313,0.238
492,2,Germany,South Korea,47.25,0.2375,0.262
492,3,Germany,South Korea,42.05,0.2324,0.107
493,-7,Brazil,Sweden,31.33,0.2018,0.154
493,-6,Brazil,Sweden,28.17,0.214,0.184
493,-5,Brazil,Sweden,33.39,0.212,0.24
493,-4,Brazil,Sweden,31.66,0.2007,0.139
493,-3,Brazil,Sweden,36.22,0.1882,0.235
493,-2,Brazil,Sweden,37.41,0.2025,0.317
493,-1,Brazil,Sweden,50.85,0.1866,0.191
493,0,Brazil,Sweden,74.17,0.2099,0.195
493,1,Brazil,Sweden,44.96,0.2025,0.11
493,2,Brazil,Sweden,43.69,0.2145,0.211
493,3,Brazil,Sweden,32.97,0.2185,0.253
494,-7,Republic of Ireland,Norway,27.79,0.2541,0.127
494,-6,Republic of Ireland,Norway,28.6,0.2823,0.14
494,-5,Republic of Ireland,Norway,28.93,0.251,0.17
494,-4,Republic of Ireland,Norway,30.9,0.2759,0.072
494,-3,Republic of Ireland,Norway,39.39,0.268,0.31
494,-2,Republic of Ireland,Norway,40.8,0.2802,0.36
494,-1,Republic of Ireland,Norway,40.03,0.2716,0.15
494,0,Republic of Ireland,Norway,64.89,0.2786,0.298
494,1,Republic of Ireland,Norway,41.43,0.2555,0.224
494,2,Republic of Ireland,Norway,35.37,0.2631,0.266
494,3,Republic of Ireland,Norway,36.47,0.28,0.195
495,-7,Italy,Mexico,31.14,0.2584,0.124
495,-6,Italy,Mexico,25.78,0.2331,0.035
495,-5,Italy,Mexico,32.71,0.2473,0.029
495,-4,Italy,Mexico,33.22,0.2616,0.173
495,-3,Italy,Mexico,37.83,0.2575,0.106
495,-2,Italy,Mexico,44.07,0.2561,0.139
495,-1,Italy,Mexico,50.3,0.2677,0.131
495,0,Italy,Mexico,70.04,0.2542,0.003
495,1,Italy,Mexico,50.5,0.25,0.204
495,2,Italy,Mexico,41.99,0.2749,0.181
495,3,Italy,Mexico,41.13,0.2511,0.054
496,-7,Russia,Cameroon,33.88,0.3134,0.202
496,-6,Russia,Cameroon,31.64,0.3263,0.277
496,-5,Russia,Cameroon,40.48,0.3345,0.257
496,-4,Russia,Cameroon,40.04,0.3655,0.256
496,-3,Russia,Cameroon,43.78,0.3469,0.322
496,-2,Russia,Cameroon,47.87,0.3194,0.15
496,-1,Russia,Cameroon,54.05,0.3357,0.121
496,0,Russia,Cameroon,84.57,0.3339,0.258
496,1,Russia,Cameroon,58.54,0.3412,0.36
496,2,Russia,Cameroon,54.41,0.3391,0.167
496,3,Russia,Cameroon,43.48,0.3193,0.246
497,-7,Belgium,Saudi Arabia,27.62,0.1449,0.301
497,-6,Belgium,Saudi Arabia,32.08,0.1471,0.21
497,-5,Belgium,Saudi Arabia,28.81,0.1341,0.233
497,-4,Belgium,Saudi Arabia,32.39,0.1378,0.273
497,-3,Belgium,Saudi Arabia,36.35,0.1229,0.317
497,-2,Belgium,Saudi Arabia,41.62,0.125,0.191
497,-1,Belgium,Saudi Arabia,49.02,0.1552,0.298
497,0,Belgium,Saudi Arabia,66.95,0.1468,0.315
497,1,Belgium,Saudi Arabia,43.98,0.1458,0.225
497,2,Belgium,Saudi Arabia,37.69,0.1386,0.29
497,3,Belgium,Saudi Arabia,38.58,0.1485,0.173
498,-7,Morocco,Netherlands,28.9,0.1225,0.202
498,-6,Morocco,Netherlands,28.36,0.0728,0.251
498,-5,Morocco,Netherlands,35.32,0.1066,0.171
498,-4,Morocco,Netherlands,36.11,0.1024,0.248
498,-3,Morocco,Netherlands,35.69,0.1006,0.187
498,-2,Morocco,Netherlands,37.04,0.1079,0.254
498,-1,Morocco,Netherlands,50.68,0.0933,0.288
498,0,Morocco,Netherlands,77.73,0.1207,0.301
498,1,Morocco,Netherlands,49.96,0.0831,0.237
498,2,Morocco,Netherlands,38.62,0.0899,0.381
498,3,Morocco,Netherlands,35.94,0.0716,0.301
499,-7,Argentina,Bulgaria,25.25,0.3162,0.071
499,-6,Argentina,Bulgaria,28.13,0.3214,0.06
499,-5,Argentina,Bulgaria,31.37,0.3105,0.103
499,-4,Argentina,Bulgaria,35.54,0.3072,0.19
499,-3,Argentina,Bulgaria,44.38,0.3391,0.185
499,-2,Argentina,Bulgaria,41.46,0.3123,0.137
499,-1,Argentina,Bulgaria,41.11,0.3064,0.229
499,0,Argentina,Bulgaria,66.06,0.2952,0.112
499,1,Argentina,Bulgaria,47.97,0.3355,0.096
499,2,Argentina,Bulgaria,42.17,0.3071,0.132
499,3,Argentina,Bulgaria,37.77,0.3014,0.345
500,-7,Greece,Nigeria,30.23,0.1557,0.156
500,-6,Greece,Nigeria,30.52,0.1619,0.06
500,-5,Greece,Nigeria,31.08,0.1466,-0.044
500,-4,Greece,Nigeria,35.99,0.1589,0.134
500,-3,Greece,Nigeria,34.82,0.148,0.127
500,-2,Greece,Nigeria,40.82,0.1715,0.075
500,-1,Greece,Nigeria,53.24,0.1703,0.102
500,0,Greece,Nigeria,73.99,0.1579,-0.042
500,1,Greece,Nigeria,47.93,0.1845,-0.087
500,2,Greece,Nigeria,43.49,0.1428,0.071
500,3,Greece,Nigeria,38.21,0.1702,0.088
501,-7,Germany,Belgium,35.87,0.42,0.056
501,-6,Germany,Belgium,37.16,0.42,0.036
501,-5,Germany,Belgium,31.74,0.42,0.049
501,-4,Germany,Belgium,30.56,0.42,0.04
501,-3,Germany,Belgium,41.64,0.42,0.046
501,-2,Germany,Belgium,56.63,0.42,0.119
501,-1,Germany,Belgium,53.35,0.42,0.087
501,0,Germany,Belgium,82.95,0.42,0.079
501,1,Germany,Belgium,55.8,0.42,0.074
501,2,Germany,Belgium,43.66,0.4177,-0.107
501,3,Germany,Belgium,44.28,0.42,0.146
502,-7,Spain,Switzerland,24.9,0.1054,0.088
502,-6,Spain,Switzerland,33.44,0.0923,0.064
502,-5,Spain,Switzerland,27.85,0.0915,0.088
502,-4,Spain,Switzerland,36.75,0.0799,0.052
502,-3,Spain,Switzerland,40.08,0.117,0.029
502,-2,Spain,Switzerland,45.31,0.0934,0.057
502,-1,Spain,Switzerland,45.54,0.0876,0.055
502,0,Spain,Switzerland,77.82,0.091,0.024
502,1,Spain,Switzerland,49.34,0.1002,0.083
502,2,Spain,Switzerland,44.48,0.088,0.025
502,3,Spain,Switzerland,42.97,0.0983,0.13
503,-7,Romania,Argentina,35.35,0.2898,0.086
503,-6,Romania,Argentina,32.92,0.2922,0.219
503,-5,Romania,Argentina,36.6,0.26,0.139
503,-4,Romania,Argentina,39.28,0.2626,0.238
503,-3,Romania,Argentina,42.27,0.2559,0.142
503,-2,Romania,Argentina,46.09,0.2781,0.281
503,-1,Romania,Argentina,54.53,0.2633,0.078
503,0,Romania,Argentina,79.16,0.2812,0.251
503,1,Romania,Argentina,58.56,0.3011,0.151
503,2,Romania,Argentina,50.36,0.2848,0.106
503,3,Romania,Argentina,36.08,0.2814,0.077
504,-7,Saudi Arabia,Sweden,26.93,0.2501,0.223
504,-6,Saudi Arabia,Sweden,36.58,0.2585,0.17
504,-5,Saudi Arabia,Sweden,27.38,0.2638,0.21
504,-4,Saudi Arabia,Sweden,35.66,0.2723,0.125
504,-3,Saudi Arabia,Sweden,38.7,0.2554,0.169
504,-2,Saudi Arabia,Sweden,47.27,0.2639,0.282
504,-1,Saudi Arabia,Sweden,52.32,0.2569,0.184
504,0,Saudi Arabia,Sweden,78.72,0.256,0.211
504,1,Saudi Arabia,Sweden,52.34,0.26,0.23
504,2,Saudi Arabia,Sweden,42.57,0.2745,0.131
504,3,Saudi Arabia,Sweden,42.64,0.2525,0.284
505,-7,Netherlands,Republic of Ireland,30.7,0.3812,0.124
505,-6,Netherlands,Republic of Ireland,28.97,0.3918,-0.036
505,-5,Netherlands,Republic of Ireland,33.37,0.37,0.016
505,-4,Netherlands,Republic of Ireland,34.51,0.3917,-0.032
505,-3,Netherlands,Republic of Ireland,48.69,0.3646,0.031
505,-2,Netherlands,Republic of Ireland,42.86,0.3877,-0.021
505,-1,Netherlands,Republic of Ireland,47.51,0.3744,0.146
505,0,Netherlands,Republic of Ireland,68.96,0.3794,-0.031
505,1,Netherlands,Republic of Ireland,43.86,0.3644,0.062
505,2,Netherlands,Republic of Ireland,39.49,0.3716,-0.052
505,3,Netherlands,Republic of Ireland,39.0,0.3815,0.017
506,-7,United States,Brazil,23.79,0.2288,0.06
506,-6,United States,Brazil,28.63,0.2219,-0.012
506,-5,United States,Brazil,37.72,0.2305,0.119
506,-4,United States,Brazil,34.43,0.2482,0.186
506,-3,United States,Brazil,37.57,0.2151,0.067
506,-2,United States,Brazil,33.79,0.2192,0.152
506,-1,United States,Brazil,46.93,0.231,0.07
506,0,United States,Brazil,70.14,0.2335,-0.05
506,1,United States,Brazil,45.78,0.2486,0.086
506,2,United States,Brazil,31.28,0.2138,-0.021
506,3,United States,Brazil,34.13,0.2089,0.171
507,-7,Mexico,Bulgaria,30.33,0.1682,0.267
507,-6,Mexico,Bulgaria,27.64,0.165,0.335
507,-5,Mexico,Bulgaria,34.01,0.1711,0.127
507,-4,Mexico,Bulgaria,33.23,0.1521,0.299
507,-3,Mexico,Bulgaria,32.48,0.1751,0.222
507,-2,Mexico,Bulgaria,36.24,0.1778,0.163
507,-1,Mexico,Bulgaria,42.04,0.1685,0.123
507,0,Mexico,Bulgaria,70.47,0.158,0.119
507,1,Mexico,Bulgaria,42.5,0.1737,0.204
507,2,Mexico,Bulgaria,42.76,0.1597,0.185
507,3,Mexico,Bulgaria,35.36,0.1551,0.301
508,-7,Nigeria,Italy,31.86,0.2272,-0.039
508,-6,Nigeria,Italy,24.91,0.2263,0.074
508,-5,Nigeria,Italy,33.71,0.2357,0.089
508,-4,Nigeria,Italy,32.5,0.252,0.052
508,-3,Nigeria,Italy,40.55,0.226,0.088
508,-2,Nigeria,Italy,50.86,0.222,-0.012
508,-1,Nigeria,Italy,45.58,0.2299,0.03
508,0,Nigeria,Italy,70.51,0.2333,0.175
508,1,Nigeria,Italy,48.09,0.2327,0.09
508,2,Nigeria,Italy,45.86,0.2504,0.083
508,3,Nigeria,Italy,39.51,0.222,0.118
509,-7,Italy,Spain,25.8,0.2131,0.214
509,-6,Italy,Spain,36.25,0.2323,0.197
509,-5,Italy,Spain,29.86,0.2419,0.196
509,-4,Italy,Spain,35.12,0.2303,0.169
509,-3,Italy,Spain,36.88,0.2157,0.154
509,-2,Italy,Spain,39.65,0.2087,0.268
509,-1,Italy,Spain,50.95,0.2137,0.262
509,0,Italy,Spain,75.24,0.2197,0.114
509,1,Italy,Spain,49.81,0.246,0.201
509,2,Italy,Spain,47.09,0.2211,0.265
509,3,Italy,Spain,38.99,0.1947,0.149
510,-7,Netherlands,Brazil,31.53,0.2992,0.114
510,-6,Netherlands,Brazil,33.44,0.2792,0.234
510,-5,Netherlands,Brazil,41.21,0.2781,0.019
510,-4,Netherlands,Brazil,32.71,0.2934,0.134
510,-3,Netherlands,Brazil,39.95,0.2895,0.039
510,-2,Netherlands,Brazil,49.87,0.2816,0.049
510,-1,Netherlands,Brazil,51.22,0.2814,0.151
510,0,Netherlands,Brazil,84.18,0.2996,0.136
510,1,Netherlands,Brazil,51.85,0.2794,0.001
510,2,Netherlands,Brazil,47.02,0.276,0.21
510,3,Netherlands,Brazil,41.98,0.2952,0.091
511,-7,Bulgaria,Germany,26.39,0.2419,0.103
511,-6,Bulgaria,Germany,31.99,0.2335,0.139
511,-5,Bulgaria,Germany,35.55,0.2085,0.066
511,-4,Bulgaria,Germany,39.69,0.2224,-0.034
511,-3,Bulgaria,Germany,39.03,0.2408,0.052
511,-2,Bulgaria,Germany,48.12,0.2567,-0.051
511,-1,Bulgaria,Germany,47.27,0.2072,0.13
511,0,Bulgaria,Germany,71.78,0.2289,0.164
511,1,Bulgaria,Germany,43.96,0.2156,-0.075
511,2,Bulgaria,Germany,48.04,0.2471,0.063
511,3,Bulgaria,Germany,35.05,0.2446,0.277
512,-7,Romania,Sweden,29.09,0.3929,0.249
512,-6,Romania,Sweden,28.13,0.4029,-0.023
512,-5,Romania,Sweden,33.56,0.392,0.25
512,-4,Romania,Sweden,34.17,0.4167,0.155
512,-3,Romania,Sweden,41.54,0.4136,0.158
512,-2,Romania,Sweden,43.07,0.3976,0.198
512,-1,Romania,Sweden,43.9,0.42,0.171
512,0,Romania,Sweden,75.94,0.4105,0.12
512,1,Romania,Sweden,49.93,0.3937,0.188
512,2,Romania,Sweden,45.07,0.4095,0.266
512,3,Romania,Sweden,38.29,0.4058,0.046
513,-7,Bulgaria,Italy,30.68,0.2948,0.196
513,-6,Bulgaria,Italy,30.31,0.2881,0.37
513,-5,Bulgaria,Italy,33.42,0.2986,0.115
513,-4,Bulgaria,Italy,39.24,0.2935,0.226
513,-3,Bulgaria,Italy,42.68,0.2938,0.148
513,-2,Bulgaria,Italy,35.45,0.2904,0.147
513,-1,Bulgaria,Italy,44.61,0.3124,0.264
513,0,Bulgaria,Italy,67.75,0.2968,0.138
513,1,Bulgaria,Italy,49.89,0.2854,0.157
513,2,Bulgaria,Italy,46.97,0.3048,0.301
513,3,Bulgaria,Italy,38.76,0.2775,0.259
514,-7,Sweden,Brazil,29.7,0.2507,0.019
514,-6,Sweden,Brazil,24.64,0.2496,0.009
514,-5,Sweden,Brazil,29.55,0.2781,0.22
514,-4,Sweden,Brazil,36.02,0.2353,0.02
514,-3,Sweden,Brazil,38.86,0.2612,0.035
514,-2,Sweden,Brazil,38.5,0.2443,-0.026
514,-1,Sweden,Brazil,39.96,0.2291,0.109
514,0,Sweden,Brazil,69.17,0.2568,-0.051
514,1,Sweden,Brazil,39.41,0.2487,0.01
514,2,Sweden,Brazil,37.31,0.2554,0.032
514,3,Sweden,Brazil,34.83,0.2402,0.058
515,-7,Sweden,Bulgaria,32.31,0.3119,0.119
515,-6,Sweden,Bulgaria,36.16,0.352,0.037
515,-5,Sweden,Bulgaria,35.78,0.3241,0.125
515,-4,Sweden,Bulgaria,34.82,0.3355,0.181
515,-3,Sweden,Bulgaria,49.93,0.3105,0.01
515,-2,Sweden,Bulgaria,52.53,0.3258,0.1
515,-1,Sweden,Bulgaria,51.22,0.3097,0.158
515,0,Sweden,Bulgaria,76.84,0.3393,0.192
515,1,Sweden,Bulgaria,53.85,0.3287,0.244
515,2,Sweden,Bulgaria,47.36,0.32,0.075
515,3,Sweden,Bulgaria,38.66,0.3335,0.039
516,-7,Brazil,Italy,25.85,0.1911,0.115
516,-6,Brazil,Italy,23.33,0.2008,0.256
516,-5,Brazil,Italy,26.93,0.1762,0.424
516,-4,Brazil,Italy,35.71,0.2123,0.317
516,-3,Brazil,Italy,35.09,0.1995,0.298
516,-2,Brazil,Italy,43.08,0.2085,0.265
516,-1,Brazil,Italy,38.43,0.198,0.322
516,0,Brazil,Italy,68.06,0.1836,0.166
516,1,Brazil,Italy,48.16,0.2066,0.216
516,2,Brazil,Italy,39.1,0.2001,0.166
516,3,Brazil,Italy,31.85,0.2132,0.22
517,-7,Brazil,Scotland,32.0,0.2334,0.179
517,-6,Brazil,Scotland,33.27,0.2367,0.092
517,-5,Brazil,Scotland,30.86,0.2241,0.121
517,-4,Brazil,Scotland,39.47,0.2442,0.048
517,-3,Brazil,Scotland,41.36,0.2253,0.194
517,-2,Brazil,Scotland,46.07,0.2315,0.078
517,-1,Brazil,Scotland,49.11,0.2094,-0.008
517,0,Brazil,Scotland,76.75,0.2274,0.093
517,1,Brazil,Scotland,53.2,0.2279,0.056
517,2,Brazil,Scotland,44.02,0.2297,0.053
517,3,Brazil,Scotland,44.29,0.2267,0.098
518,-7,Morocco,Norway,27.82,0.2279,0.091
518,-6,Morocco,Norway,28.14,0.2199,-0.018
518,-5,Morocco,Norway,36.5,0.2205,-0.166
518,-4,Morocco,Norway,41.2,0.2284,0.076
518,-3,Morocco,Norway,38.84,0.2147,-0.048
518,-2,Morocco,Norway,39.8,0.2077,-0.086
518,-1,Morocco,Norway,53.02,0.1955,-0.079
518,0,Morocco,Norway,77.28,0.2243,0.184
518,1,Morocco,Norway,52.91,0.2027,-0.058
518,2,Morocco,Norway,48.8,0.1989,0.067
518,3,Morocco,Norway,43.11,0.2136,-0.128
519,-7,Cameroon,Austria,31.59,0.0946,0.014
519,-6,Cameroon,Austria,29.89,0.0847,-0.013
519,-5,Cameroon,Austria,28.61,0.0959,0.033
519,-4,Cameroon,Austria,38.11,0.1035,-0.059
519,-3,Cameroon,Austria,36.72,0.0957,-0.147
519,-2,Cameroon,Austria,43.26,0.0837,0.008
519,-1,Cameroon,Austria,42.85,0.0892,0.05
519,0,Cameroon,Austria,73.24,0.0811,-0.036
519,1,Cameroon,Austria,48.87,0.0963,-0.021
519,2,Cameroon,Austria,43.86,0.1042,-0.066
519,3,Cameroon,Austria,39.06,0.1003,0.124
520,-7,Italy,Chile,30.31,0.1752,0.132
520,-6,Italy,Chile,31.79,0.165,0.146
520,-5,Italy,Chile,37.15,0.1986,0.166
520,-4,Italy,Chile,41.2,0.1822,0.066
520,-3,Italy,Chile,37.75,0.1616,0.162
520,-2,Italy,Chile,51.48,0.1824,0.102
520,-1,Italy,Chile,57.72,0.1683,0.034
520,0,Italy,Chile,79.98,0.1891,0.055
520,1,Italy,Chile,45.88,0.1741,0.168
520,2,Italy,Chile,36.12,0.1853,0.018
520,3,Italy,Chile,44.69,0.1496,0.011
521,-7,France,South Africa,31.69,0.1852,0.023
521,-6,France,South Africa,40.06,0.1583,-0.048
521,-5,France,South Africa,33.12,0.1664,0.044
521,-4,France,South Africa,34.5,0.1774,0.062
521,-3,France,South Africa,46.22,0.1647,0.048
521,-2,France,South Africa,46.87,0.1705,0.009
521,-1,France,South Africa,42.68,0.1716,0.066
521,0,France,South Africa,75.92,0.1612,-0.094
521,1,France,South Africa,51.49,0.171,0.121
521,2,France,South Africa,39.68,0.165,-0.068
521,3,France,South Africa,44.16,0.1855,0.159
522,-7,Paraguay,Bulgaria,27.89,0.1863,0.152
522,-6,Paraguay,Bulgaria,29.98,0.1774,0.164
522,-5,Paraguay,Bulgaria,37.67,0.1794,0.123
522,-4,Paraguay,Bulgaria,33.45,0.175,0.138
522,-3,Paraguay,Bulgaria,35.18,0.1905,0.194
522,-2,Paraguay,Bulgaria,47.1,0.1765,0.141
522,-1,Paraguay,Bulgaria,44.93,0.1792,0.2
522,0,Paraguay,Bulgaria,61.53,0.1823,0.261
522,1,Paraguay,Bulgaria,48.83,0.1918,0.18
522,2,Paraguay,Bulgaria,37.43,0.1678,0.069
522,3,Paraguay,Bulgaria,31.84,0.1882,0.224
523,-7,Saudi Arabia,Denmark,28.74,0.251,0.344
523,-6,Saudi Arabia,Denmark,31.2,0.2159,0.345
523,-5,Saudi Arabia,Denmark,30.02,0.2408,0.339
523,-4,Saudi Arabia,Denmark,31.7,0.2284,0.271
523,-3,Saudi Arabia,Denmark,32.33,0.2274,0.252
523,-2,Saudi Arabia,Denmark,36.24,0.2476,0.26
523,-1,Saudi Arabia,Denmark,39.49,0.2365,0.245
523,0,Saudi Arabia,Denmark,75.29,0.2429,0.22
523,1,Saudi Arabia,Denmark,48.0,0.2423,0.306
523,2,Saudi Arabia,Denmark,46.77,0.2296,0.395
523,3,Saudi Arabia,Denmark,35.97,0.2411,0.271
524,-7,South Korea,Mexico,28.27,0.3061,-0.115
524,-6,South Korea,Mexico,34.13,0.3127,-0.087
524,-5,South Korea,Mexico,37.82,0.3288,-0.029
524,-4,South Korea,Mexico,35.8,0.3247,0.046
524,-3,South Korea,Mexico,41.68,0.3211,0.037
524,-2,South Korea,Mexico,51.5,0.3111,0.048
524,-1,South Korea,Mexico,55.69,0.2819,0.097
524,0,South Korea,Mexico,77.33,0.3173,0.134
524,1,South Korea,Mexico,50.78,0.3058,0.014
524,2,South Korea,Mexico,41.42,0.3377,0.015
524,3,South Korea,Mexico,47.91,0.3073,0.02
525,-7,Netherlands,Belgium,29.37,0.3917,0.121
525,-6,Netherlands,Belgium,31.15,0.4023,0.094
525,-5,Netherlands,Belgium,34.08,0.42,0.237
525,-4,Netherlands,Belgium,30.39,0.3979,0.095
525,-3,Netherlands,Belgium,38.33,0.3905,0.048
525,-2,Netherlands,Belgium,37.02,0.3936,0.19
525,-1,Netherlands,Belgium,46.92,0.3991,0.114
525,0,Netherlands,Belgium,58.33,0.3994,0.215
525,1,Netherlands,Belgium,42.27,0.3918,0.224
525,2,Netherlands,Belgium,35.62,0.42,0.33
525,3,Netherlands,Belgium,35.44,0.4198,0.011
526,-7,Spain,Nigeria,25.83,0.1892,0.427
526,-6,Spain,Nigeria,34.16,0.1966,0.279
526,-5,Spain,Nigeria,36.4,0.1911,0.304
526,-4,Spain,Nigeria,36.47,0.2011,0.319
526,-3,Spain,Nigeria,43.71,0.1776,0.404
526,-2,Spain,Nigeria,49.09,0.196,0.38
526,-1,Spain,Nigeria,57.07,0.1814,0.374
526,0,Spain,Nigeria,77.5,0.1999,0.351
526,1,Spain,Nigeria,53.71,0.209,0.426
526,2,Spain,Nigeria,52.05,0.194,0.418
526,3,Spain,Nigeria,45.51,0.1943,0.377
527,-7,Argentina,Japan,26.76,0.242,0.254
527,-6,Argentina,Japan,28.03,0.2204,0.264
527,-5,Argentina,Japan,36.2,0.2291,0.243
527,-4,Argentina,Japan,38.76,0.2232,0.203
527,-3,Argentina,Japan,39.11,0.2202,0.316
527,-2,Argentina,Japan,39.73,0.226,0.331
527,-1,Argentina,Japan,39.49,0.2279,0.151
527,0,Argentina,Japan,70.19,0.2108,0.171
527,1,Argentina,Japan,46.1,0.2282,0.26
527,2,Argentina,Japan,33.13,0.2238,0.185
527,3,Argentina,Japan,37.18,0.2257,0.139
528,-7,Jamaica,Croatia,25.26,0.3515,0.049
528,-6,Jamaica,Croatia,34.33,0.3377,0.167
528,-5,Jamaica,Croatia,35.32,0.3491,0.102
528,-4,Jamaica,Croatia,37.12,0.3461,0.202
528,-3,Jamaica,Croatia,36.78,0.3411,0.193
528,-2,Jamaica,Croatia,49.37,0.365,0.115
528,-1,Jamaica,Croatia,47.24,0.3356,0.098
528,0,Jamaica,Croatia,81.76,0.3458,0.096
528,1,Jamaica,Croatia,53.24,0.3492,0.088
528,2,Jamaica,Croatia,42.99,0.3603,0.192
528,3,Jamaica,Croatia,38.45,0.3441,0.166
529,-7,Serbia,Iran,23.24,0.1481,0.118
529,-6,Serbia,Iran,24.95,0.165,0.117
529,-5,Serbia,Iran,33.34,0.1302,0.25
529,-4,Serbia,Iran,41.02,0.1257,0.129
529,-3,Serbia,Iran,42.05,0.1381,0.17
529,-2,Serbia,Iran,35.38,0.1342,0.162
529,-1,Serbia,Iran,43.95,0.1394,0.035
529,0,Serbia,Iran,72.48,0.1276,0.249
529,1,Serbia,Iran,43.62,0.1533,0.19
529,2,Serbia,Iran,37.81,0.1368,0.109
529,3,Serbia,Iran,36.04,0.1281,0.178
530,-7,England,Tunisia,25.96,0.42,0.269
530,-6,England,Tunisia,32.45,0.42,0.272
530,-5,England,Tunisia,35.17,0.42,0.163
530,-4,England,Tunisia,39.15,0.42,0.094
530,-3,England,Tunisia,35.47,0.42,0.117
530,-2,England,Tunisia,45.83,0.42,0.225
530,-1,England,Tunisia,44.73,0.42,0.271
530,0,England,Tunisia,73.5,0.42,0.143
530,1,England,Tunisia,45.42,0.42,0.149
530,2,England,Tunisia,33.96,0.42,0.221
530,3,England,Tunisia,42.69,0.42,0.205
531,-7,Germany,United States,30.68,0.42,0.351
531,-6,Germany,United States,29.79,0.42,0.275
531,-5,Germany,United States,39.77,0.42,0.366
531,-4,Germany,United States,36.77,0.42,0.243
531,-3,Germany,United States,33.11,0.42,0.42
531,-2,Germany,United States,43.78,0.42,0.294
531,-1,Germany,United States,49.12,0.42,0.304
531,0,Germany,United States,77.31,0.42,0.283
531,1,Germany,United States,49.87,0.42,0.327
531,2,Germany,United States,39.39,0.42,0.317
531,3,Germany,United States,41.31,0.42,0.336
532,-7,Romania,Colombia,25.25,0.2201,0.186
532,-6,Romania,Colombia,35.4,0.1835,-0.025
532,-5,Romania,Colombia,30.48,0.2232,0.08
532,-4,Romania,Colombia,37.89,0.1807,0.045
532,-3,Romania,Colombia,37.12,0.2183,0.18
532,-2,Romania,Colombia,34.08,0.201,0.023
532,-1,Romania,Colombia,43.62,0.1991,0.201
532,0,Romania,Colombia,74.91,0.197,0.127
532,1,Romania,Colombia,50.72,0.1741,0.231
532,2,Romania,Colombia,38.69,0.1961,0.068
532,3,Romania,Colombia,33.36,0.1985,0.12
533,-7,Brazil,Morocco,29.15,0.1064,0.187
533,-6,Brazil,Morocco,39.35,0.1232,0.099
533,-5,Brazil,Morocco,28.45,0.1157,0.127
533,-4,Brazil,Morocco,39.8,0.0945,0.14
533,-3,Brazil,Morocco,46.03,0.0964,0.128
533,-2,Brazil,Morocco,41.91,0.1069,0.014
533,-1,Brazil,Morocco,48.68,0.1041,0.109
533,0,Brazil,Morocco,79.24,0.1228,0.034
533,1,Brazil,Morocco,51.16,0.095,0.072
533,2,Brazil,Morocco,44.9,0.0971,0.119
533,3,Brazil,Morocco,40.02,0.1101,0.166
534,-7,Scotland,Norway,26.87,0.2241,0.119
534,-6,Scotland,Norway,35.28,0.2116,-0.05
534,-5,Scotland,Norway,30.36,0.1949,0.066
534,-4,Scotland,Norway,38.27,0.2153,-0.078
534,-3,Scotland,Norway,37.71,0.2305,0.061
534,-2,Scotland,Norway,45.75,0.2536,0.041
534,-1,Scotland,Norway,40.4,0.2007,0.039
534,0,Scotland,Norway,73.22,0.2118,0.007
534,1,Scotland,Norway,45.21,0.2184,0.116
534,2,Scotland,Norway,49.07,0.2343,-0.049
534,3,Scotland,Norway,38.91,0.2101,0.059
535,-7,Chile,Austria,28.08,0.3344,0.269
535,-6,Chile,Austria,30.79,0.3386,0.196
535,-5,Chile,Austria,35.21,0.3453,0.276
535,-4,Chile,Austria,31.15,0.341,0.16
535,-3,Chile,Austria,37.93,0.3462,0.258
535,-2,Chile,Austria,40.94,0.3573,0.067
535,-1,Chile,Austria,50.02,0.3264,0.122
535,0,Chile,Austria,73.37,0.3323,-0.033
535,1,Chile,Austria,50.1,0.3465,0.156
535,2,Chile,Austria,42.17,0.3326,0.047
535,3,Chile,Austria,32.63,0.3467,0.242
536,-7,Italy,Cameroon,31.61,0.4187,0.071
536,-6,Italy,Cameroon,34.19,0.4047,0.032
536,-5,Italy,Cameroon,33.14,0.4107,0.096
536,-4,Italy,Cameroon,42.61,0.3859,-0.002
536,-3,Italy,Cameroon,39.49,0.42,-0.086
536,-2,Italy,Cameroon,34.29,0.42,0.083
536,-1,Italy,Cameroon,43.66,0.4126,0.123
536,0,Italy,Cameroon,72.35,0.4153,0.052
536,1,Italy,Cameroon,44.91,0.4073,-0.102
536,2,Italy,Cameroon,44.18,0.4046,0.031
536,3,Italy,Cameroon,42.79,0.42,0.179
537,-7,France,Saudi Arabia,31.4,0.3528,0.084
537,-6,France,Saudi Arabia,29.54,0.362,0.075
537,-5,France,Saudi Arabia,37.32,0.3454,0.077
537,-4,France,Saudi Arabia,40.06,0.3551,-0.024
537,-3,France,Saudi Arabia,42.1,0.347,0.193
537,-2,France,Saudi Arabia,49.9,0.3292,0.166
537,-1,France,Saudi Arabia,53.21,0.3388,0.171
537,0,France,Saudi Arabia,74.62,0.3703,0.065
537,1,France,Saudi Arabia,46.54,0.382,0.002
537,2,France,Saudi Arabia,43.68,0.3493,0.078
537,3,France,Saudi Arabia,44.6,0.3573,0.18
538,-7,South Africa,Denmark,29.67,0.3779,0.103
538,-6,South Africa,Denmark,31.26,0.3905,0.21
538,-5,South Africa,Denmark,34.97,0.4093,0.133
538,-4,South Africa,Denmark,34.18,0.4056,0.087
538,-3,South Africa,Denmark,37.04,0.3833,0.067
538,-2,South Africa,Denmark,45.06,0.3982,0.052
538,-1,South Africa,Denmark,48.05,0.3946,0.173
538,0,South Africa,Denmark,74.1,0.3922,-0.062
538,1,South Africa,Denmark,47.27,0.3911,0.022
538,2,South Africa,Denmark,46.31,0.399,-0.053
538,3,South Africa,Denmark,41.15,0.379,0.114
539,-7,Nigeria,Bulgaria,25.56,0.1381,0.262
539,-6,Nigeria,Bulgaria,28.69,0.1396,0.27
539,-5,Nigeria,Bulgaria,38.05,0.1398,0.281
539,-4,Nigeria,Bulgaria,31.72,0.1417,0.192
539,-3,Nigeria,Bulgaria,41.43,0.1193,0.205
539,-2,Nigeria,Bulgaria,35.56,0.1421,0.234
539,-1,Nigeria,Bulgaria,48.41,0.1254,0.301
539,0,Nigeria,Bulgaria,72.22,0.1396,0.266
539,1,Nigeria,Bulgaria,46.49,0.1262,0.189
539,2,Nigeria,Bulgaria,43.17,0.1327,0.296
539,3,Nigeria,Bulgaria,42.83,0.1316,0.222
540,-7,Spain,Paraguay,24.93,0.1196,0.148
540,-6,Spain,Paraguay,27.87,0.144,0.134
540,-5,Spain,Paraguay,32.91,0.1187,0.176
540,-4,Spain,Paraguay,32.04,0.1114,0.168
540,-3,Spain,Paraguay,35.62,0.122,0.174
540,-2,Spain,Paraguay,40.0,0.1173,0.068
540,-1,Spain,Paraguay,47.78,0.115,0.101
540,0,Spain,Paraguay,68.22,0.1225,0.176
540,1,Spain,Paraguay,43.82,0.1356,0.088
540,2,Spain,Paraguay,40.81,0.1169,0.252
540,3,Spain,Paraguay,34.59,0.116,0.113
541,-7,Belgium,Mexico,29.74,0.1601,0.282
541,-6,Belgium,Mexico,33.43,0.1585,0.18
541,-5,Belgium,Mexico,33.74,0.1575,0.197
541,-4,Belgium,Mexico,42.65,0.1448,0.298
541,-3,Belgium,Mexico,41.64,0.1581,0.121
541,-2,Belgium,Mexico,48.47,0.1448,0.222
541,-1,Belgium,Mexico,52.81,0.1524,0.051
541,0,Belgium,Mexico,86.66,0.1436,0.215
541,1,Belgium,Mexico,49.3,0.1689,0.169
541,2,Belgium,Mexico,43.87,0.1634,0.107
541,3,Belgium,Mexico,40.7,0.1646,0.301
542,-7,Japan,Croatia,23.85,0.328,0.021
542,-6,Japan,Croatia,22.22,0.3516,-0.074
542,-5,Japan,Croatia,29.98,0.3384,-0.0
542,-4,Japan,Croatia,30.83,0.356,-0.184
542,-3,Japan,Croatia,33.48,0.3277,-0.07
542,-2,Japan,Croatia,45.53,0.3154,0.105
542,-1,Japan,Croatia,45.04,0.319,-0.151
542,0,Japan,Croatia,69.43,0.3269,0.013
542,1,Japan,Croatia,44.43,0.3468,-0.014
542,2,Japan,Croatia,39.78,0.347,0.012
542,3,Japan,Croatia,40.11,0.3491,-0.025
543,-7,Netherlands,South Korea,31.96,0.3691,-0.003
543,-6,Netherlands,South Korea,33.8,0.3563,0.195
543,-5,Netherlands,South Korea,34.04,0.3721,0.117
543,-4,Netherlands,South Korea,38.39,0.351,0.255
543,-3,Netherlands,South Korea,36.43,0.3804,0.272
543,-2,Netherlands,South Korea,46.27,0.3713,0.178
543,-1,Netherlands,South Korea,59.58,0.3704,0.323
543,0,Netherlands,South Korea,76.6,0.3613,0.048
543,1,Netherlands,South Korea,51.98,0.386,0.202
543,2,Netherlands,South Korea,51.69,0.3652,0.201
543,3,Netherlands,South Korea,41.91,0.3505,0.131
544,-7,Argentina,Jamaica,22.27,0.3453,0.053
544,-6,Argentina,Jamaica,31.98,0.3447,0.073
544,-5,Argentina,Jamaica,39.94,0.3319,-0.02
544,-4,Argentina,Jamaica,42.63,0.3534,0.13
544,-3,Argentina,Jamaica,48.29,0.3753,0.016
544,-2,Argentina,Jamaica,53.77,0.3353,0.204
544,-1,Argentina,Jamaica,55.39,0.3528,0.105
544,0,Argentina,Jamaica,77.32,0.3334,0.044
544,1,Argentina,Jamaica,55.01,0.3713,-0.03
544,2,Argentina,Jamaica,53.64,0.3431,0.016
544,3,Argentina,Jamaica,43.16,0.3426,0.07
545,-7,Germany,Serbia,29.29,0.374,0.095
545,-6,Germany,Serbia,34.51,0.3741,0.155
545,-5,Germany,Serbia,39.64,0.4087,0.138
545,-4,Germany,Serbia,32.23,0.3987,0.182
545,-3,Germany,Serbia,39.71,0.39,0.148
545,-2,Germany,Serbia,52.76,0.3878,0.176
545,-1,Germany,Serbia,52.96,0.3933,0.207
545,0,Germany,Serbia,76.19,0.3937,0.116
545,1,Germany,Serbia,46.58,0.4057,0.172
545,2,Germany,Serbia,46.62,0.3878,0.114
545,3,Germany,Serbia,44.63,0.3915,0.067
546,-7,United States,Iran,27.71,0.321,0.312
546,-6,United States,Iran,32.85,0.3116,0.31
546,-5,United States,Iran,45.35,0.3444,0.387
546,-4,United States,Iran,40.08,0.3334,0.372
546,-3,United States,Iran,41.56,0.318,0.465
546,-2,United States,Iran,49.2,0.3398,0.396
546,-1,United States,Iran,57.49,0.3202,0.52
546,0,United States,Iran,74.5,0.3055,0.519
546,1,United States,Iran,52.21,0.3273,0.352
546,2,United States,Iran,41.8,0.3121,0.387
546,3,United States,Iran,40.04,0.2978,0.496
547,-7,Colombia,Tunisia,25.75,0.3947,0.2
547,-6,Colombia,Tunisia,29.75,0.3915,0.307
547,-5,Colombia,Tunisia,30.57,0.3859,0.296
547,-4,Colombia,Tunisia,33.69,0.3664,0.205
547,-3,Colombia,Tunisia,36.08,0.3801,0.36
547,-2,Colombia,Tunisia,44.44,0.37,0.378
547,-1,Colombia,Tunisia,45.73,0.3879,0.183
547,0,Colombia,Tunisia,68.6,0.3923,0.187
547,1,Colombia,Tunisia,46.2,0.3855,0.177
547,2,Colombia,Tunisia,35.04,0.3907,0.449
547,3,Colombia,Tunisia,39.01,0.3876,0.187
548,-7,Romania,England,34.67,0.171,0.224
548,-6,Romania,England,33.81,0.1831,0.185
548,-5,Romania,England,36.14,0.1789,0.211
548,-4,Romania,England,34.56,0.1726,0.246
548,-3,Romania,England,41.17,0.1716,0.215
548,-2,Romania,England,47.68,0.1599,0.194
548,-1,Romania,England,50.38,0.184,0.144
548,0,Romania,England,77.75,0.1535,0.08
548,1,Romania,England,52.49,0.207,0.169
548,2,Romania,England,42.33,0.1771,0.08
548,3,Romania,England,44.94,0.1761,0.217
549,-7,Brazil,Norway,28.99,0.42,0.362
549,-6,Brazil,Norway,31.77,0.42,0.457
549,-5,Brazil,Norway,35.43,0.42,0.549
549,-4,Brazil,Norway,39.27,0.42,0.538
549,-3,Brazil,Norway,35.83,0.4106,0.379
549,-2,Brazil,Norway,46.67,0.42,0.573
549,-1,Brazil,Norway,51.13,0.412,0.485
549,0,Brazil,Norway,69.56,0.4147,0.312
549,1,Brazil,Norway,51.05,0.4162,0.467
549,2,Brazil,Norway,41.49,0.4116,0.524
549,3,Brazil,Norway,35.54,0.42,0.419
550,-7,Chile,Cameroon,22.49,0.2374,0.158
550,-6,Chile,Cameroon,28.56,0.2161,0.047
550,-5,Chile,Cameroon,30.01,0.2151,0.097
550,-4,Chile,Cameroon,42.91,0.2184,0.137
550,-3,Chile,Cameroon,40.22,0.2026,0.063
550,-2,Chile,Cameroon,42.48,0.2403,0.17
550,-1,Chile,Cameroon,49.27,0.2373,0.055
550,0,Chile,Cameroon,77.07,0.2239,0.142
550,1,Chile,Cameroon,52.15,0.2313,0.013
550,2,Chile,Cameroon,41.54,0.2317,0.128
550,3,Chile,Cameroon,39.54,0.219,0.078
551,-7,Italy,Austria,28.55,0.2945,0.41
551,-6,Italy,Austria,30.02,0.3039,0.284
551,-5,Italy,Austria,29.88,0.2827,0.267
551,-4,Italy,Austria,30.26,0.3198,0.248
551,-3,Italy,Austria,39.02,0.3125,0.263
551,-2,Italy,Austria,47.03,0.2909,0.276
551,-1,Italy,Austria,53.29,0.2875,0.31
551,0,Italy,Austria,67.67,0.313,0.234
551,1,Italy,Austria,49.6,0.2966,0.205
551,2,Italy,Austria,41.07,0.3041,0.313
551,3,Italy,Austria,37.47,0.3043,0.312
552,-7,Scotland,Morocco,28.2,0.249,0.0
552,-6,Scotland,Morocco,32.96,0.2638,-0.038
552,-5,Scotland,Morocco,35.81,0.2797,-0.051
552,-4,Scotland,Morocco,36.06,0.2974,0.023
552,-3,Scotland,Morocco,36.13,0.2588,-0.05
552,-2,Scotland,Morocco,46.09,0.2682,-0.042
552,-1,Scotland,Morocco,56.4,0.2655,-0.029
552,0,Scotland,Morocco,71.85,0.2538,-0.084
552,1,Scotland,Morocco,49.24,0.2539,0.058
552,2,Scotland,Morocco,42.71,0.2746,0.037
552,3,Scotland,Morocco,42.83,0.2753,0.143
553,-7,France,Denmark,26.55,0.2327,0.16
553,-6,France,Denmark,35.4,0.2238,0.214
553,-5,France,Denmark,29.66,0.2104,0.092
553,-4,France,Denmark,36.84,0.2231,0.08
553,-3,France,Denmark,37.1,0.2146,0.012
553,-2,France,Denmark,43.75,0.2218,0.163
553,-1,France,Denmark,50.49,0.244,0.189
553,0,France,Denmark,78.71,0.2269,0.17
553,1,France,Denmark,49.13,0.2237,0.267
553,2,France,Denmark,44.51,0.2065,0.181
553,3,France,Denmark,43.63,0.2244,0.001
554,-7,Nigeria,Paraguay,35.18,0.1837,-0.001
554,-6,Nigeria,Paraguay,37.07,0.1566,0.029
554,-5,Nigeria,Paraguay,33.62,0.1988,0.038
554,-4,Nigeria,Paraguay,35.52,0.1946,-0.151
554,-3,Nigeria,Paraguay,43.93,0.1657,-0.011
554,-2,Nigeria,Paraguay,45.66,0.1918,0.175
554,-1,Nigeria,Paraguay,45.62,0.1863,0.175
554,0,Nigeria,Paraguay,77.09,0.1733,0.038
554,1,Nigeria,Paraguay,54.75,0.1888,-0.004
554,2,Nigeria,Paraguay,43.69,0.1967,-0.033
554,3,Nigeria,Paraguay,35.44,0.1635,-0.019
555,-7,South Africa,Saudi Arabia,35.9,0.2177,0.289
555,-6,South Africa,Saudi Arabia,37.49,0.2347,0.004
555,-5,South Africa,Saudi Arabia,31.36,0.2244,0.303
555,-4,South Africa,Saudi Arabia,36.55,0.2227,0.195
555,-3,South Africa,Saudi Arabia,37.22,0.2317,0.126
555,-2,South Africa,Saudi Arabia,55.91,0.221,0.317
555,-1,South Africa,Saudi Arabia,47.86,0.2352,0.217
555,0,South Africa,Saudi Arabia,79.59,0.233,0.242
555,1,South Africa,Saudi Arabia,53.31,0.2299,0.135
555,2,South Africa,Saudi Arabia,45.92,0.2299,0.168
555,3,South Africa,Saudi Arabia,42.42,0.2151,0.11
556,-7,Spain,Bulgaria,37.04,0.2051,0.246
556,-6,Spain,Bulgaria,34.67,0.2521,0.248
556,-5,Spain,Bulgaria,38.36,0.2294,0.274
556,-4,Spain,Bulgaria,47.34,0.2438,0.242
556,-3,Spain,Bulgaria,43.09,0.2346,0.108
556,-2,Spain,Bulgaria,47.84,0.2341,0.133
556,-1,Spain,Bulgaria,57.11,0.2261,0.074
556,0,Spain,Bulgaria,93.95,0.234,0.061
556,1,Spain,Bulgaria,58.33,0.2504,0.229
556,2,Spain,Bulgaria,49.92,0.2262,0.095
556,3,Spain,Bulgaria,44.3,0.2242,0.059
557,-7,Belgium,South Korea,26.82,0.3067,0.096
557,-6,Belgium,South Korea,31.2,0.3221,0.253
557,-5,Belgium,South Korea,32.6,0.3132,0.113
557,-4,Belgium,South Korea,33.94,0.2892,0.131
557,-3,Belgium,South Korea,42.78,0.2873,0.105
557,-2,Belgium,South Korea,41.83,0.3056,0.143
557,-1,Belgium,South Korea,49.84,0.3254,0.064
557,0,Belgium,South Korea,69.92,0.3056,0.227
557,1,Belgium,South Korea,42.84,0.3066,0.111
557,2,Belgium,South Korea,46.0,0.3101,0.128
557,3,Belgium,South Korea,40.69,0.2947,0.181
558,-7,Germany,Iran,33.22,0.1688,0.236
558,-6,Germany,Iran,29.94,0.1771,0.262
558,-5,Germany,Iran,28.64,0.179,0.196
558,-4,Germany,Iran,37.14,0.1452,0.273
558,-3,Germany,Iran,38.75,0.144,0.288
558,-2,Germany,Iran,39.15,0.1686,0.236
558,-1,Germany,Iran,42.77,0.1551,0.197
558,0,Germany,Iran,76.59,0.1776,0.419
558,1,Germany,Iran,46.16,0.1611,0.274
558,2,Germany,Iran,41.76,0.1606,0.269
558,3,Germany,Iran,41.45,0.1423,0.225
559,-7,Netherlands,Mexico,25.77,0.2278,0.129
559,-6,Netherlands,Mexico,36.83,0.2244,0.106
559,-5,Netherlands,Mexico,29.62,0.2193,0.113
559,-4,Netherlands,Mexico,33.79,0.2444,0.136
559,-3,Netherlands,Mexico,38.99,0.2118,0.049
559,-2,Netherlands,Mexico,43.35,0.215,0.001
559,-1,Netherlands,Mexico,51.04,0.2384,0.049
559,0,Netherlands,Mexico,80.65,0.2257,0.142
559,1,Netherlands,Mexico,49.1,0.233,0.107
559,2,Netherlands,Mexico,51.27,0.2363,0.117
559,3,Netherlands,Mexico,37.01,0.2233,0.043
560,-7,United States,Serbia,24.34,0.1583,0.206
560,-6,United States,Serbia,30.19,0.1732,0.223
560,-5,United States,Serbia,27.21,0.1605,0.23
560,-4,United States,Serbia,38.62,0.1562,0.179
560,-3,United States,Serbia,41.18,0.1602,0.077
560,-2,United States,Serbia,34.92,0.1802,0.069
560,-1,United States,Serbia,45.42,0.1687,0.065
560,0,United States,Serbia,66.4,0.1431,0.315
560,1,United States,Serbia,53.07,0.1493,0.23
560,2,United States,Serbia,42.34,0.1547,0.075
560,3,United States,Serbia,45.48,0.1363,0.204
561,-7,Argentina,Croatia,24.95,0.1047,0.297
561,-6,Argentina,Croatia,25.78,0.0831,0.129
561,-5,Argentina,Croatia,32.19,0.1011,0.207
561,-4,Argentina,Croatia,33.35,0.1155,0.304
561,-3,Argentina,Croatia,42.12,0.0657,0.276
561,-2,Argentina,Croatia,42.14,0.0776,0.165
561,-1,Argentina,Croatia,45.24,0.0765,0.182
561,0,Argentina,Croatia,68.57,0.0995,0.189
561,1,Argentina,Croatia,44.44,0.1049,0.115
561,2,Argentina,Croatia,42.06,0.0973,0.267
561,3,Argentina,Croatia,35.65,0.0798,0.344
562,-7,Colombia,England,25.37,0.2245,0.009
562,-6,Colombia,England,27.86,0.2505,-0.011
562,-5,Colombia,England,36.97,0.2433,-0.019
562,-4,Colombia,England,39.55,0.2301,-0.014
562,-3,Colombia,England,40.84,0.2406,-0.039
562,-2,Colombia,England,37.63,0.2377,-0.043
562,-1,Colombia,England,48.06,0.2328,-0.042
562,0,Colombia,England,72.22,0.237,0.057
562,1,Colombia,England,49.44,0.263,0.018
562,2,Colombia,England,40.65,0.2359,0.048
562,3,Colombia,England,42.5,0.254,-0.063
563,-7,Japan,Jamaica,34.01,0.42,0.016
563,-6,Japan,Jamaica,30.97,0.42,0.113
563,-5,Japan,Jamaica,29.93,0.42,-0.005
563,-4,Japan,Jamaica,34.54,0.42,0.002
563,-3,Japan,Jamaica,39.07,0.42,0.194
563,-2,Japan,Jamaica,50.18,0.42,0.198
563,-1,Japan,Jamaica,50.22,0.42,0.153
563,0,Japan,Jamaica,78.59,0.42,0.038
563,1,Japan,Jamaica,48.62,0.42,0.151
563,2,Japan,Jamaica,49.79,0.42,0.102
563,3,Japan,Jamaica,40.53,0.42,0.159
564,-7,Romania,Tunisia,22.19,0.2538,0.163
564,-6,Romania,Tunisia,27.95,0.242,0.29
564,-5,Romania,Tunisia,28.2,0.246,0.276
564,-4,Romania,Tunisia,31.21,0.2425,0.165
564,-3,Romania,Tunisia,40.43,0.247,0.099
564,-2,Romania,Tunisia,44.57,0.2468,0.206
564,-1,Romania,Tunisia,51.19,0.2302,0.234
564,0,Romania,Tunisia,72.27,0.2579,0.197
564,1,Romania,Tunisia,54.45,0.2481,0.134
564,2,Romania,Tunisia,41.21,0.2356,0.219
564,3,Romania,Tunisia,35.13,0.2576,0.146
565,-7,Brazil,Chile,25.66,0.2041,-0.017
565,-6,Brazil,Chile,33.87,0.189,0.058
565,-5,Brazil,Chile,38.39,0.1782,0.202
565,-4,Brazil,Chile,44.69,0.1879,0.194
565,-3,Brazil,Chile,43.14,0.2075,0.247
565,-2,Brazil,Chile,45.15,0.1803,0.136
565,-1,Brazil,Chile,52.22,0.2055,0.207
565,0,Brazil,Chile,77.39,0.1914,0.192
565,1,Brazil,Chile,55.76,0.1833,0.32
565,2,Brazil,Chile,45.06,0.1722,0.285
565,3,Brazil,Chile,36.72,0.1841,0.275
566,-7,Italy,Norway,19.54,0.1727,0.193
566,-6,Italy,Norway,22.75,0.1591,0.285
566,-5,Italy,Norway,29.04,0.1852,0.304
566,-4,Italy,Norway,32.49,0.1562,0.314
566,-3,Italy,Norway,44.61,0.1635,0.257
566,-2,Italy,Norway,37.55,0.1861,0.363
566,-1,Italy,Norway,44.45,0.1647,0.232
566,0,Italy,Norway,69.17,0.1841,0.301
566,1,Italy,Norway,50.52,0.1633,0.136
566,2,Italy,Norway,50.38,0.1745,0.352
566,3,Italy,Norway,34.65,0.1555,0.309
567,-7,France,Paraguay,20.25,0.42,0.207
567,-6,France,Paraguay,30.78,0.42,0.257
567,-5,France,Paraguay,32.82,0.4004,0.125
567,-4,France,Paraguay,40.94,0.4196,0.265
567,-3,France,Paraguay,40.99,0.4184,0.059
567,-2,France,Paraguay,42.45,0.42,0.024
567,-1,France,Paraguay,46.43,0.3988,0.111
567,0,France,Paraguay,64.39,0.42,0.087
567,1,France,Paraguay,50.06,0.4168,0.091
567,2,France,Paraguay,35.61,0.42,0.169
567,3,France,Paraguay,40.69,0.42,0.163
568,-7,Nigeria,Denmark,33.91,0.2192,0.189
568,-6,Nigeria,Denmark,28.81,0.2053,0.011
568,-5,Nigeria,Denmark,38.0,0.2304,0.188
568,-4,Nigeria,Denmark,37.87,0.2169,0.149
568,-3,Nigeria,Denmark,44.55,0.1952,0.217
568,-2,Nigeria,Denmark,44.12,0.2064,0.192
568,-1,Nigeria,Denmark,52.49,0.2118,0.133
568,0,Nigeria,Denmark,82.3,0.2122,0.14
568,1,Nigeria,Denmark,54.06,0.2001,0.016
568,2,Nigeria,Denmark,51.74,0.2233,0.149
568,3,Nigeria,Denmark,44.89,0.1998,-0.046
569,-7,Germany,Mexico,28.65,0.3009,0.082
569,-6,Germany,Mexico,36.24,0.3163,0.03
569,-5,Germany,Mexico,30.66,0.3242,0.067
569,-4,Germany,Mexico,33.53,0.3347,0.258
569,-3,Germany,Mexico,44.73,0.3224,0.06
569,-2,Germany,Mexico,42.96,0.3173,0.136
569,-1,Germany,Mexico,53.41,0.3097,0.095
569,0,Germany,Mexico,80.02,0.3195,0.054
569,1,Germany,Mexico,52.34,0.3324,0.099
569,2,Germany,Mexico,45.64,0.3284,0.05
569,3,Germany,Mexico,36.66,0.305,0.111
570,-7,Netherlands,Serbia,29.9,0.2125,0.131
570,-6,Netherlands,Serbia,32.04,0.2079,0.279
570,-5,Netherlands,Serbia,37.16,0.1981,0.224
570,-4,Netherlands,Serbia,34.48,0.1756,0.31
570,-3,Netherlands,Serbia,39.26,0.2195,0.143
570,-2,Netherlands,Serbia,41.93,0.2004,0.207
570,-1,Netherlands,Serbia,50.52,0.213,0.154
570,0,Netherlands,Serbia,76.27,0.1969,0.292
570,1,Netherlands,Serbia,45.3,0.1971,0.159
570,2,Netherlands,Serbia,53.12,0.2162,0.129
570,3,Netherlands,Serbia,43.45,0.2132,0.208
571,-7,Argentina,England,33.11,0.1125,0.138
571,-6,Argentina,England,27.48,0.1291,0.095
571,-5,Argentina,England,31.18,0.1057,0.094
571,-4,Argentina,England,35.74,0.1211,0.194
571,-3,Argentina,England,35.29,0.1056,0.095
571,-2,Argentina,England,45.9,0.1323,0.069
571,-1,Argentina,England,57.32,0.11,0.236
571,0,Argentina,England,78.01,0.1067,0.124
571,1,Argentina,England,56.37,0.1137,0.141
571,2,Argentina,England,48.73,0.1012,0.15
571,3,Argentina,England,39.95,0.1295,0.155
572,-7,Romania,Croatia,29.64,0.3194,0.178
572,-6,Romania,Croatia,28.59,0.3267,0.136
572,-5,Romania,Croatia,26.2,0.3512,0.229
572,-4,Romania,Croatia,27.94,0.3435,0.117
572,-3,Romania,Croatia,30.44,0.3549,0.173
572,-2,Romania,Croatia,48.35,0.3499,0.067
572,-1,Romania,Croatia,47.81,0.3593,0.096
572,0,Romania,Croatia,73.17,0.3156,0.232
572,1,Romania,Croatia,48.81,0.3134,0.156
572,2,Romania,Croatia,34.31,0.3366,0.177
572,3,Romania,Croatia,36.93,0.359,0.133
573,-7,Brazil,Denmark,31.7,0.1661,0.123
573,-6,Brazil,Denmark,34.06,0.1542,0.142
573,-5,Brazil,Denmark,40.9,0.1449,0.089
573,-4,Brazil,Denmark,36.28,0.1272,0.251
573,-3,Brazil,Denmark,40.58,0.15,0.256
573,-2,Brazil,Denmark,47.75,0.1591,0.048
573,-1,Brazil,Denmark,58.69,0.1514,0.076
573,0,Brazil,Denmark,78.5,0.1732,0.106
573,1,Brazil,Denmark,50.31,0.1477,0.15
573,2,Brazil,Denmark,48.78,0.1582,0.163
573,3,Brazil,Denmark,46.0,0.1496,0.292
574,-7,France,Italy,24.36,0.1203,0.169
574,-6,France,Italy,22.97,0.0841,0.232
574,-5,France,Italy,34.24,0.0903,0.15
574,-4,France,Italy,34.11,0.1041,0.17
574,-3,France,Italy,31.34,0.1078,0.257
574,-2,France,Italy,41.24,0.1044,0.137
574,-1,France,Italy,45.16,0.107,0.119
574,0,France,Italy,66.16,0.1085,0.206
574,1,France,Italy,37.2,0.0964,0.162
574,2,France,Italy,41.47,0.1353,0.22
574,3,France,Italy,31.63,0.1022,0.212
575,-7,Germany,Croatia,32.17,0.3639,0.197
575,-6,Germany,Croatia,33.56,0.349,0.204
575,-5,Germany,Croatia,32.96,0.3497,0.083
575,-4,Germany,Croatia,29.64,0.3643,0.147
575,-3,Germany,Croatia,32.27,0.361,0.079
575,-2,Germany,Croatia,48.21,0.3499,0.005
575,-1,Germany,Croatia,49.99,0.3382,0.014
575,0,Germany,Croatia,79.16,0.3537,0.205
575,1,Germany,Croatia,48.52,0.3374,0.145
575,2,Germany,Croatia,41.84,0.3453,0.137
575,3,Germany,Croatia,40.13,0.3431,0.002
576,-7,Netherlands,Argentina,32.8,0.1266,0.122
576,-6,Netherlands,Argentina,33.38,0.1441,0.063
576,-5,Netherlands,Argentina,32.96,0.1177,0.041
576,-4,Netherlands,Argentina,38.29,0.1212,0.101
576,-3,Netherlands,Argentina,45.7,0.1257,-0.013
576,-2,Netherlands,Argentina,43.31,0.1139,0.172
576,-1,Netherlands,Argentina,50.2,0.1223,0.04
576,0,Netherlands,Argentina,71.99,0.1431,0.208
576,1,Netherlands,Argentina,44.67,0.1435,0.062
576,2,Netherlands,Argentina,49.19,0.109,0.095
576,3,Netherlands,Argentina,39.14,0.1389,0.083
577,-7,Brazil,Netherlands,28.45,0.2476,0.308
577,-6,Brazil,Netherlands,29.83,0.2593,0.243
577,-5,Brazil,Netherlands,35.95,0.2367,0.249
577,-4,Brazil,Netherlands,36.83,0.2346,0.184
577,-3,Brazil,Netherlands,47.02,0.2442,0.173
577,-2,Brazil,Netherlands,44.59,0.2424,0.209
577,-1,Brazil,Netherlands,46.38,0.2537,0.195
577,0,Brazil,Netherlands,79.99,0.2495,0.183
577,1,Brazil,Netherlands,51.56,0.2322,0.317
577,2,Brazil,Netherlands,39.55,0.2632,0.301
577,3,Brazil,Netherlands,37.15,0.2437,0.191
578,-7,France,Croatia,31.7,0.2656,-0.154
578,-6,France,Croatia,30.58,0.2638,-0.219
578,-5,France,Croatia,34.62,0.2789,-0.199
578,-4,France,Croatia,37.38,0.2698,-0.055
578,-3,France,Croatia,40.21,0.2908,-0.264
578,-2,France,Croatia,45.88,0.2848,-0.156
578,-1,France,Croatia,48.02,0.2758,-0.094
578,0,France,Croatia,71.89,0.286,-0.124
578,1,France,Croatia,48.99,0.275,-0.142
578,2,France,Croatia,50.56,0.2818,-0.212
578,3,France,Croatia,39.04,0.2639,-0.278
579,-7,Netherlands,Croatia,25.46,0.2267,0.185
579,-6,Netherlands,Croatia,35.16,0.2114,0.04
579,-5,Netherlands,Croatia,30.89,0.1943,0.084
579,-4,Netherlands,Croatia,39.91,0.2223,0.007
579,-3,Netherlands,Croatia,37.61,0.2214,0.15
579,-2,Netherlands,Croatia,44.11,0.2329,0.09
579,-1,Netherlands,Croatia,50.73,0.214,0.048
579,0,Netherlands,Croatia,71.73,0.2325,0.076
579,1,Netherlands,Croatia,37.31,0.2311,0.164
579,2,Netherlands,Croatia,41.91,0.2311,0.081
579,3,Netherlands,Croatia,33.16,0.2487,0.082
580,-7,France,Brazil,30.23,0.2912,0.02
580,-6,France,Brazil,32.25,0.2862,0.16
580,-5,France,Brazil,37.11,0.3049,0.031
580,-4,France,Brazil,34.43,0.3111,0.084
580,-3,France,Brazil,39.17,0.2857,-0.069
580,-2,France,Brazil,44.85,0.2957,0.124
580,-1,France,Brazil,53.38,0.2992,0.035
580,0,France,Brazil,72.09,0.3114,0.037
580,1,France,Brazil,52.02,0.3128,0.001
580,2,France,Brazil,41.86,0.3283,0.083
580,3,France,Brazil,39.59,0.3136,0.019
581,-7,France,Senegal,29.12,0.2267,0.276
581,-6,France,Senegal,29.07,0.2245,0.294
581,-5,France,Senegal,30.16,0.2404,0.256
581,-4,France,Senegal,29.14,0.241,0.322
581,-3,France,Senegal,46.34,0.2337,0.29
581,-2,France,Senegal,44.1,0.2457,0.344
581,-1,France,Senegal,48.42,0.2331,0.336
581,0,France,Senegal,71.9,0.218,0.172
581,1,France,Senegal,46.27,0.2349,0.45
581,2,France,Senegal,42.0,0.2341,0.249
581,3,France,Senegal,40.62,0.2369,0.232
582,-7,Germany,Saudi Arabia,32.51,0.1796,0.053
582,-6,Germany,Saudi Arabia,37.87,0.1861,0.077
582,-5,Germany,Saudi Arabia,46.82,0.1983,0.096
582,-4,Germany,Saudi Arabia,41.92,0.184,0.103
582,-3,Germany,Saudi Arabia,49.31,0.1796,0.039
582,-2,Germany,Saudi Arabia,54.76,0.1802,0.094
582,-1,Germany,Saudi Arabia,61.26,0.1836,0.117
582,0,Germany,Saudi Arabia,91.56,0.1887,0.062
582,1,Germany,Saudi Arabia,57.12,0.1737,0.065
582,2,Germany,Saudi Arabia,50.14,0.1641,0.147
582,3,Germany,Saudi Arabia,53.99,0.1911,0.078
583,-7,Republic of Ireland,Cameroon,23.13,0.2285,-0.013
583,-6,Republic of Ireland,Cameroon,30.96,0.2166,-0.06
583,-5,Republic of Ireland,Cameroon,38.91,0.2111,0.075
583,-4,Republic of Ireland,Cameroon,36.16,0.2206,0.133
583,-3,Republic of Ireland,Cameroon,37.44,0.2308,0.122
583,-2,Republic of Ireland,Cameroon,39.34,0.229,0.026
583,-1,Republic of Ireland,Cameroon,45.17,0.2297,0.071
583,0,Republic of Ireland,Cameroon,76.43,0.2308,0.0
583,1,Republic of Ireland,Cameroon,51.84,0.2296,0.059
583,2,Republic of Ireland,Cameroon,43.69,0.2354,0.078
583,3,Republic of Ireland,Cameroon,47.44,0.2441,0.108
584,-7,Uruguay,Denmark,29.49,0.1997,0.109
584,-6,Uruguay,Denmark,32.94,0.2102,0.057
584,-5,Uruguay,Denmark,37.31,0.2131,0.191
584,-4,Uruguay,Denmark,37.6,0.2083,0.242
584,-3,Uruguay,Denmark,41.42,0.2022,0.3
584,-2,Uruguay,Denmark,46.99,0.1898,0.212
584,-1,Uruguay,Denmark,52.6,0.194,0.074
584,0,Uruguay,Denmark,78.93,0.2012,0.064
584,1,Uruguay,Denmark,50.89,0.2001,0.147
584,2,Uruguay,Denmark,47.63,0.1808,0.073
584,3,Uruguay,Denmark,39.91,0.2178,0.317
585,-7,Argentina,Nigeria,28.0,0.2279,-0.074
585,-6,Argentina,Nigeria,33.19,0.2328,0.117
585,-5,Argentina,Nigeria,28.03,0.2512,0.203
585,-4,Argentina,Nigeria,36.19,0.2393,0.101
585,-3,Argentina,Nigeria,41.33,0.2117,-0.062
585,-2,Argentina,Nigeria,37.98,0.2177,0.052
585,-1,Argentina,Nigeria,48.87,0.2243,0.095
585,0,Argentina,Nigeria,68.01,0.2121,0.1
585,1,Argentina,Nigeria,45.4,0.2275,0.135
585,2,Argentina,Nigeria,48.16,0.2272,0.224
585,3,Argentina,Nigeria,39.88,0.2357,0.171
586,-7,England,Sweden,31.66,0.1747,0.192
586,-6,England,Sweden,29.95,0.1879,0.125
586,-5,England,Sweden,37.73,0.189,0.019
586,-4,England,Sweden,43.93,0.1943,0.077
586,-3,England,Sweden,36.06,0.1957,0.045
586,-2,England,Sweden,46.97,0.1971,0.071
586,-1,England,Sweden,46.66,0.1787,0.047
586,0,England,Sweden,75.93,0.1888,0.167
586,1,England,Sweden,46.33,0.1944,0.047
586,2,England,Sweden,47.1,0.1665,0.226
586,3,England,Sweden,38.21,0.1915,0.163
587,-7,Paraguay,South Africa,27.0,0.3721,0.127
587,-6,Paraguay,South Africa,32.66,0.3541,0.279
587,-5,Paraguay,South Africa,32.3,0.3673,0.122
587,-4,Paraguay,South Africa,43.33,0.39,0.122
587,-3,Paraguay,South Africa,43.69,0.3575,0.239
587,-2,Paraguay,South Africa,46.79,0.373,0.138
587,-1,Paraguay,South Africa,60.99,0.3358,0.192
587,0,Paraguay,South Africa,81.03,0.3615,0.186
587,1,Paraguay,South Africa,53.35,0.3647,0.195
587,2,Paraguay,South Africa,53.78,0.3289,0.295
587,3,Paraguay,South Africa,52.16,0.3411,0.169
588,-7,Spain,Slovenia,36.24,0.1351,0.231
588,-6,Spain,Slovenia,35.04,0.0997,0.205
588,-5,Spain,Slovenia,38.62,0.1417,0.007
588,-4,Spain,Slovenia,35.25,0.1243,0.207
588,-3,Spain,Slovenia,48.84,0.1154,0.086
588,-2,Spain,Slovenia,57.71,0.1175,0.161
588,-1,Spain,Slovenia,51.56,0.1298,0.053
588,0,Spain,Slovenia,78.14,0.1197,0.076
588,1,Spain,Slovenia,52.08,0.1304,0.246
588,2,Spain,Slovenia,45.59,0.1122,0.115
588,3,Spain,Slovenia,40.22,0.1045,0.188
589,-7,Brazil,Turkey,30.57,0.3993,-0.022
589,-6,Brazil,Turkey,30.45,0.3802,0.112
589,-5,Brazil,Turkey,35.53,0.3988,0.066
589,-4,Brazil,Turkey,35.07,0.3949,0.138
589,-3,Brazil,Turkey,39.59,0.386,0.05
589,-2,Brazil,Turkey,43.61,0.3918,0.036
589,-1,Brazil,Turkey,49.64,0.412,0.092
589,0,Brazil,Turkey,73.76,0.3701,0.242
589,1,Brazil,Turkey,55.18,0.4006,0.194
589,2,Brazil,Turkey,47.76,0.3963,0.026
589,3,Brazil,Turkey,48.3,0.392,0.086
590,-7,Croatia,Mexico,28.12,0.159,0.095
590,-6,Croatia,Mexico,31.64,0.1514,0.057
590,-5,Croatia,Mexico,34.29,0.1504,0.156
590,-4,Croatia,Mexico,35.09,0.1775,-0.042
590,-3,Croatia,Mexico,40.74,0.1476,0.011
590,-2,Croatia,Mexico,45.59,0.1556,0.237
590,-1,Croatia,Mexico,49.11,0.15,0.091
590,0,Croatia,Mexico,71.33,0.1683,0.034
590,1,Croatia,Mexico,48.72,0.1607,0.06
590,2,Croatia,Mexico,46.07,0.1367,0.062
590,3,Croatia,Mexico,36.0,0.1421,-0.004
591,-7,Italy,Ecuador,26.97,0.283,0.065
591,-6,Italy,Ecuador,33.16,0.2809,0.152
591,-5,Italy,Ecuador,32.43,0.2624,0.017
591,-4,Italy,Ecuador,36.78,0.2465,0.126
591,-3,Italy,Ecuador,39.69,0.272,-0.026
591,-2,Italy,Ecuador,46.83,0.2964,-0.004
591,-1,Italy,Ecuador,44.5,0.2874,0.063
591,0,Italy,Ecuador,77.11,0.279,0.032
591,1,Italy,Ecuador,49.32,0.2974,0.134
591,2,Italy,Ecuador,49.77,0.3014,0.168
591,3,Italy,Ecuador,43.58,0.2787,0.148
592,-7,China,Costa Rica,24.32,0.2266,0.094
592,-6,China,Costa Rica,34.37,0.2155,0.194
592,-5,China,Costa Rica,26.55,0.1868,0.187
592,-4,China,Costa Rica,38.84,0.1961,0.167
592,-3,China,Costa Rica,34.89,0.2195,0.136
592,-2,China,Costa Rica,46.93,0.215,0.081
592,-1,China,Costa Rica,49.7,0.2015,0.144
592,0,China,Costa Rica,78.37,0.1902,0.166
592,1,China,Costa Rica,47.95,0.2261,0.116
592,2,China,Costa Rica,46.77,0.2198,0.098
592,3,China,Costa Rica,40.37,0.1864,0.021
593,-7,Japan,Belgium,28.69,0.3637,0.151
593,-6,Japan,Belgium,32.69,0.3706,0.103
593,-5,Japan,Belgium,37.62,0.3851,0.28
593,-4,Japan,Belgium,38.6,0.3812,0.139
593,-3,Japan,Belgium,42.0,0.3753,0.164
593,-2,Japan,Belgium,43.24,0.3805,0.129
593,-1,Japan,Belgium,51.32,0.3832,0.225
593,0,Japan,Belgium,81.68,0.3529,0.106
593,1,Japan,Belgium,54.53,0.3781,0.205
593,2,Japan,Belgium,46.0,0.3644,0.202
593,3,Japan,Belgium,38.82,0.3716,0.09
594,-7,South Korea,Poland,25.45,0.2774,0.054
594,-6,South Korea,Poland,32.46,0.2619,-0.118
594,-5,South Korea,Poland,33.7,0.2525,0.079
594,-4,South Korea,Poland,32.83,0.3021,-0.054
594,-3,South Korea,Poland,41.66,0.2665,0.001
594,-2,South Korea,Poland,44.81,0.2856,0.084
594,-1,South Korea,Poland,51.79,0.2878,-0.03
594,0,South Korea,Poland,77.4,0.2712,0.082
594,1,South Korea,Poland,49.65,0.2827,0.033
594,2,South Korea,Poland,46.83,0.2656,-0.097
594,3,South Korea,Poland,43.5,0.2914,0.005
595,-7,Germany,Republic of Ireland,31.97,0.2546,0.188
595,-6,Germany,Republic of Ireland,31.55,0.2534,0.125
595,-5,Germany,Republic of Ireland,34.28,0.2669,0.208
595,-4,Germany,Republic of Ireland,35.19,0.2588,0.217
595,-3,Germany,Republic of Ireland,39.99,0.2672,0.197
595,-2,Germany,Republic of Ireland,43.45,0.284,0.225
595,-1,Germany,Republic of Ireland,42.51,0.2599,0.297
595,0,Germany,Republic of Ireland,72.73,0.2731,0.367
595,1,Germany,Republic of Ireland,51.46,0.2484,0.333
595,2,Germany,Republic of Ireland,44.69,0.2786,0.253
595,3,Germany,Republic of Ireland,43.23,0.2732,0.128
596,-7,Russia,Tunisia,30.27,0.2169,0.36
596,-6,Russia,Tunisia,30.0,0.2329,0.186
596,-5,Russia,Tunisia,34.91,0.239,0.185
596,-4,Russia,Tunisia,38.2,0.2343,0.226
596,-3,Russia,Tunisia,37.41,0.2613,0.316
596,-2,Russia,Tunisia,46.72,0.247,0.254
596,-1,Russia,Tunisia,48.03,0.2018,0.148
596,0,Russia,Tunisia,82.71,0.2474,0.247
596,1,Russia,Tunisia,43.73,0.2411,0.214
596,2,Russia,Tunisia,46.61,0.2202,0.199
596,3,Russia,Tunisia,43.13,0.2566,0.187
597,-7,United States,Portugal,29.09,0.1997,0.166
597,-6,United States,Portugal,30.81,0.1906,0.4
597,-5,United States,Portugal,34.76,0.183,0.262
597,-4,United States,Portugal,39.3,0.1662,0.31
597,-3,United States,Portugal,45.44,0.1918,0.244
597,-2,United States,Portugal,54.7,0.1813,0.179
597,-1,United States,Portugal,60.91,0.161,0.243
597,0,United States,Portugal,83.77,0.186,0.145
597,1,United States,Portugal,50.94,0.1989,0.351
597,2,United States,Portugal,47.94,0.1762,0.129
597,3,United States,Portugal,48.08,0.1994,0.057
598,-7,Cameroon,Saudi Arabia,19.5,0.3545,0.205
598,-6,Cameroon,Saudi Arabia,28.36,0.3525,0.169
598,-5,Cameroon,Saudi Arabia,32.49,0.3421,0.185
598,-4,Cameroon,Saudi Arabia,32.8,0.3438,0.055
598,-3,Cameroon,Saudi Arabia,37.84,0.3625,0.163
598,-2,Cameroon,Saudi Arabia,41.18,0.368,0.258
598,-1,Cameroon,Saudi Arabia,53.37,0.38,0.19
598,0,Cameroon,Saudi Arabia,68.11,0.3466,0.226
598,1,Cameroon,Saudi Arabia,52.34,0.3403,0.204
598,2,Cameroon,Saudi Arabia,39.65,0.3511,0.175
598,3,Cameroon,Saudi Arabia,39.79,0.3773,0.219
599,-7,Denmark,Senegal,27.63,0.3797,0.207
599,-6,Denmark,Senegal,28.21,0.3885,0.051
599,-5,Denmark,Senegal,32.99,0.3852,0.139
599,-4,Denmark,Senegal,35.27,0.4002,0.303
599,-3,Denmark,Senegal,38.17,0.3931,0.115
599,-2,Denmark,Senegal,43.13,0.3896,0.327
599,-1,Denmark,Senegal,53.42,0.3893,0.156
599,0,Denmark,Senegal,79.88,0.3827,0.251
599,1,Denmark,Senegal,48.82,0.4107,0.177
599,2,Denmark,Senegal,47.37,0.3858,0.26
599,3,Denmark,Senegal,45.71,0.3627,0.215
600,-7,France,Uruguay,23.7,0.3191,0.423
600,-6,France,Uruguay,27.15,0.3075,0.389
600,-5,France,Uruguay,26.6,0.3178,0.318
600,-4,France,Uruguay,36.28,0.298,0.335
600,-3,France,Uruguay,34.24,0.3102,0.471
600,-2,France,Uruguay,43.64,0.308,0.341
600,-1,France,Uruguay,48.45,0.2998,0.377
600,0,France,Uruguay,67.07,0.3117,0.432
600,1,France,Uruguay,43.01,0.3255,0.529
600,2,France,Uruguay,42.79,0.3128,0.456
600,3,France,Uruguay,32.99,0.3321,0.322
601,-7,Argentina,England,35.57,0.1925,0.172
601,-6,Argentina,England,24.57,0.1985,0.05
601,-5,Argentina,England,27.35,0.2156,0.04
601,-4,Argentina,England,32.59,0.1909,0.206
601,-3,Argentina,England,42.01,0.2163,0.071
601,-2,Argentina,England,47.14,0.1916,0.073
601,-1,Argentina,England,44.86,0.1932,0.12
601,0,Argentina,England,69.22,0.2039,-0.057
601,1,Argentina,England,48.1,0.188,0.079
601,2,Argentina,England,40.16,0.2124,0.161
601,3,Argentina,England,37.87,0.1925,0.181
602,-7,Spain,Paraguay,37.72,0.42,-0.06
602,-6,Spain,Paraguay,31.28,0.42,0.021
602,-5,Spain,Paraguay,33.39,0.42,0.058
602,-4,Spain,Paraguay,34.14,0.42,0.058
602,-3,Spain,Paraguay,41.63,0.42,0.123
602,-2,Spain,Paraguay,42.99,0.42,0.103
602,-1,Spain,Paraguay,53.7,0.42,-0.027
602,0,Spain,Paraguay,78.3,0.42,0.282
602,1,Spain,Paraguay,54.92,0.42,0.098
602,2,Spain,Paraguay,47.93,0.42,-0.079
602,3,Spain,Paraguay,44.17,0.42,0.123
603,-7,Sweden,Nigeria,26.24,0.2752,-0.068
603,-6,Sweden,Nigeria,34.33,0.2946,-0.063
603,-5,Sweden,Nigeria,41.76,0.2916,0.012
603,-4,Sweden,Nigeria,37.33,0.2994,0.03
603,-3,Sweden,Nigeria,48.23,0.2736,-0.105
603,-2,Sweden,Nigeria,43.32,0.2948,-0.027
603,-1,Sweden,Nigeria,55.64,0.2835,0.079
603,0,Sweden,Nigeria,75.19,0.3024,0.099
603,1,Sweden,Nigeria,49.22,0.2941,0.022
603,2,Sweden,Nigeria,47.72,0.3036,0.071
603,3,Sweden,Nigeria,43.42,0.2962,-0.086
604,-7,Brazil,China,31.3,0.1859,0.331
604,-6,Brazil,China,37.64,0.199,0.157
604,-5,Brazil,China,32.73,0.2061,0.294
604,-4,Brazil,China,42.25,0.1846,0.359
604,-3,Brazil,China,44.71,0.2086,0.286
604,-2,Brazil,China,50.39,0.2172,0.173
604,-1,Brazil,China,53.32,0.1774,0.272
604,0,Brazil,China,78.34,0.1983,0.358
604,1,Brazil,China,56.31,0.2023,0.379
604,2,Brazil,China,43.88,0.2118,0.101
604,3,Brazil,China,48.54,0.2153,0.385
605,-7,Italy,Croatia,38.09,0.2986,0.388
605,-6,Italy,Croatia,32.97,0.3231,0.252
605,-5,Italy,Croatia,36.44,0.3244,0.285
605,-4,Italy,Croatia,37.82,0.3044,0.305
605,-3,Italy,Croatia,44.98,0.332,0.387
605,-2,Italy,Croatia,49.27,0.3319,0.288
605,-1,Italy,Croatia,52.38,0.3332,0.236
605,0,Italy,Croatia,73.25,0.3029,0.208
605,1,Italy,Croatia,47.52,0.3139,0.439
605,2,Italy,Croatia,44.38,0.302,0.345
605,3,Italy,Croatia,40.96,0.3108,0.292
606,-7,South Africa,Slovenia,31.72,0.3286,-0.053
606,-6,South Africa,Slovenia,31.66,0.3381,0.173
606,-5,South Africa,Slovenia,31.85,0.3443,0.119
606,-4,South Africa,Slovenia,29.31,0.3496,0.038
606,-3,South Africa,Slovenia,42.05,0.3377,0.076
606,-2,South Africa,Slovenia,41.16,0.3505,0.046
606,-1,South Africa,Slovenia,48.22,0.3665,0.044
606,0,South Africa,Slovenia,73.57,0.3729,0.091
606,1,South Africa,Slovenia,38.78,0.3375,-0.02
606,2,South Africa,Slovenia,45.65,0.3444,0.138
606,3,South Africa,Slovenia,40.59,0.3528,-0.022
607,-7,Costa Rica,Turkey,30.9,0.42,-0.018
607,-6,Costa Rica,Turkey,30.15,0.42,0.09
607,-5,Costa Rica,Turkey,38.76,0.42,0.111
607,-4,Costa Rica,Turkey,39.47,0.42,0.086
607,-3,Costa Rica,Turkey,38.79,0.42,0.031
607,-2,Costa Rica,Turkey,43.91,0.4018,0.134
607,-1,Costa Rica,Turkey,53.56,0.4045,0.072
607,0,Costa Rica,Turkey,73.45,0.42,0.182
607,1,Costa Rica,Turkey,47.57,0.3786,0.164
607,2,Costa Rica,Turkey,44.32,0.4163,0.15
607,3,Costa Rica,Turkey,38.76,0.4081,0.058
608,-7,Japan,Russia,29.7,0.0742,0.238
608,-6,Japan,Russia,31.44,0.062,0.186
608,-5,Japan,Russia,28.99,0.0807,0.139
608,-4,Japan,Russia,34.36,0.0521,0.168
608,-3,Japan,Russia,37.47,0.0626,0.007
608,-2,Japan,Russia,40.9,0.0569,0.153
608,-1,Japan,Russia,46.36,0.0319,0.095
608,0,Japan,Russia,67.07,0.0512,0.194
608,1,Japan,Russia,41.39,0.0672,0.088
608,2,Japan,Russia,39.97,0.0519,0.146
608,3,Japan,Russia,39.96,0.043,0.205
609,-7,Mexico,Ecuador,26.14,0.0767,0.196
609,-6,Mexico,Ecuador,30.89,0.0567,0.242
609,-5,Mexico,Ecuador,34.36,0.0582,0.301
609,-4,Mexico,Ecuador,39.62,0.1045,0.344
609,-3,Mexico,Ecuador,45.74,0.0508,0.142
609,-2,Mexico,Ecuador,44.87,0.0934,0.452
609,-1,Mexico,Ecuador,48.79,0.065,0.317
609,0,Mexico,Ecuador,77.41,0.0699,0.323
609,1,Mexico,Ecuador,60.7,0.0877,0.41
609,2,Mexico,Ecuador,39.46,0.0849,0.213
609,3,Mexico,Ecuador,47.49,0.0883,0.321
610,-7,South Korea,United States,26.54,0.1623,-0.001
610,-6,South Korea,United States,33.93,0.1729,0.126
610,-5,South Korea,United States,39.37,0.158,0.06
610,-4,South Korea,United States,38.23,0.167,0.093
610,-3,South Korea,United States,41.75,0.1612,0.017
610,-2,South Korea,United States,42.94,0.1594,0.021
610,-1,South Korea,United States,44.71,0.1738,0.125
610,0,South Korea,United States,75.3,0.1795,0.038
610,1,South Korea,United States,45.67,0.1922,-0.143
610,2,South Korea,United States,44.2,0.1589,0.138
610,3,South Korea,United States,40.79,0.1988,0.03
611,-7,Portugal,Poland,28.78,0.147,0.037
611,-6,Portugal,Poland,30.81,0.1625,0.046
611,-5,Portugal,Poland,40.08,0.1602,-0.072
611,-4,Portugal,Poland,33.36,0.1428,0.013
611,-3,Portugal,Poland,46.26,0.1718,-0.027
611,-2,Portugal,Poland,45.19,0.1851,-0.165
611,-1,Portugal,Poland,51.5,0.1694,-0.04
611,0,Portugal,Poland,81.06,0.1613,-0.002
611,1,Portugal,Poland,48.89,0.1658,-0.01
611,2,Portugal,Poland,46.49,0.1676,-0.025
611,3,Portugal,Poland,37.04,0.1475,-0.031
612,-7,Tunisia,Belgium,27.01,0.42,0.413
612,-6,Tunisia,Belgium,27.8,0.4024,0.489
612,-5,Tunisia,Belgium,37.96,0.42,0.295
612,-4,Tunisia,Belgium,36.34,0.4162,0.369
612,-3,Tunisia,Belgium,38.82,0.4185,0.408
612,-2,Tunisia,Belgium,43.26,0.42,0.379
612,-1,Tunisia,Belgium,40.33,0.4097,0.52
612,0,Tunisia,Belgium,73.87,0.42,0.374
612,1,Tunisia,Belgium,54.2,0.4085,0.466
612,2,Tunisia,Belgium,48.58,0.42,0.402
612,3,Tunisia,Belgium,38.74,0.4112,0.414
613,-7,Cameroon,Germany,30.0,0.2736,0.221
613,-6,Cameroon,Germany,29.15,0.2883,0.188
613,-5,Cameroon,Germany,35.62,0.2671,0.261
613,-4,Cameroon,Germany,36.98,0.2694,0.272
613,-3,Cameroon,Germany,34.01,0.267,0.144
613,-2,Cameroon,Germany,45.48,0.2742,0.186
613,-1,Cameroon,Germany,46.75,0.2701,0.21
613,0,Cameroon,Germany,74.5,0.2837,0.23
613,1,Cameroon,Germany,49.31,0.2422,0.172
613,2,Cameroon,Germany,46.37,0.267,0.208
613,3,Cameroon,Germany,39.25,0.2732,0.285
614,-7,Denmark,France,31.89,0.1825,0.086
614,-6,Denmark,France,32.81,0.212,0.086
614,-5,Denmark,France,32.99,0.2265,0.183
614,-4,Denmark,France,45.45,0.1881,0.157
614,-3,Denmark,France,37.58,0.1826,0.084
614,-2,Denmark,France,43.39,0.1997,0.152
614,-1,Denmark,France,47.58,0.2154,0.27
614,0,Denmark,France,74.22,0.2032,0.087
614,1,Denmark,France,50.19,0.1973,0.176
614,2,Denmark,France,44.28,0.1965,0.11
614,3,Denmark,France,45.92,0.2094,0.175
615,-7,Saudi Arabia,Republic of Ireland,24.13,0.2122,0.276
615,-6,Saudi Arabia,Republic of Ireland,31.89,0.2509,0.07
615,-5,Saudi Arabia,Republic of Ireland,33.98,0.2386,0.153
615,-4,Saudi Arabia,Republic of Ireland,38.37,0.2306,0.071
615,-3,Saudi Arabia,Republic of Ireland,41.33,0.2206,0.078
615,-2,Saudi Arabia,Republic of Ireland,45.37,0.2465,0.241
615,-1,Saudi Arabia,Republic of Ireland,49.53,0.2421,0.005
615,0,Saudi Arabia,Republic of Ireland,79.27,0.2308,0.114
615,1,Saudi Arabia,Republic of Ireland,52.86,0.2479,0.034
615,2,Saudi Arabia,Republic of Ireland,48.72,0.2412,0.225
615,3,Saudi Arabia,Republic of Ireland,46.73,0.261,0.036
616,-7,Senegal,Uruguay,35.15,0.3176,0.294
616,-6,Senegal,Uruguay,41.26,0.3482,0.173
616,-5,Senegal,Uruguay,40.97,0.3299,0.204
616,-4,Senegal,Uruguay,42.08,0.3125,0.146
616,-3,Senegal,Uruguay,54.31,0.3355,0.214
616,-2,Senegal,Uruguay,51.12,0.3316,0.206
616,-1,Senegal,Uruguay,55.61,0.3091,0.258
616,0,Senegal,Uruguay,92.65,0.3225,0.174
616,1,Senegal,Uruguay,62.29,0.3272,0.23
616,2,Senegal,Uruguay,66.3,0.3441,0.208
616,3,Senegal,Uruguay,49.45,0.3458,0.157
617,-7,Nigeria,England,20.75,0.23,0.057
617,-6,Nigeria,England,27.75,0.2426,0.106
617,-5,Nigeria,England,33.77,0.2196,-0.141
617,-4,Nigeria,England,33.11,0.2009,-0.16
617,-3,Nigeria,England,39.14,0.237,-0.132
617,-2,Nigeria,England,39.78,0.2227,-0.015
617,-1,Nigeria,England,40.53,0.2389,-0.09
617,0,Nigeria,England,62.37,0.2064,0.039
617,1,Nigeria,England,44.42,0.2137,0.042
617,2,Nigeria,England,41.84,0.1952,0.041
617,3,Nigeria,England,41.0,0.2214,-0.011
618,-7,Slovenia,Paraguay,38.07,0.3271,0.06
618,-6,Slovenia,Paraguay,34.89,0.3362,0.053
618,-5,Slovenia,Paraguay,36.71,0.3544,0.129
618,-4,Slovenia,Paraguay,39.25,0.3252,0.021
618,-3,Slovenia,Paraguay,46.53,0.3165,0.24
618,-2,Slovenia,Paraguay,47.55,0.3191,0.085
618,-1,Slovenia,Paraguay,50.34,0.3306,-0.034
618,0,Slovenia,Paraguay,80.23,0.3101,0.03
618,1,Slovenia,Paraguay,50.25,0.3296,0.019
618,2,Slovenia,Paraguay,47.78,0.3463,0.097
618,3,Slovenia,Paraguay,47.75,0.3296,0.095
619,-7,South Africa,Spain,33.87,0.2291,0.116
619,-6,South Africa,Spain,37.73,0.205,0.127
619,-5,South Africa,Spain,36.47,0.2207,0.091
619,-4,South Africa,Spain,37.64,0.2076,0.17
619,-3,South Africa,Spain,41.51,0.2185,0.142
619,-2,South Africa,Spain,51.71,0.2161,0.29
619,-1,South Africa,Spain,55.51,0.2007,0.152
619,0,South Africa,Spain,84.11,0.2044,0.273
619,1,South Africa,Spain,54.0,0.2076,0.18
619,2,South Africa,Spain,46.23,0.2269,0.221
619,3,South Africa,Spain,45.24,0.2224,0.132
620,-7,Sweden,Argentina,23.88,0.2628,-0.106
620,-6,Sweden,Argentina,24.14,0.254,-0.157
620,-5,Sweden,Argentina,30.04,0.2827,-0.035
620,-4,Sweden,Argentina,39.99,0.2728,0.005
620,-3,Sweden,Argentina,40.13,0.2849,-0.157
620,-2,Sweden,Argentina,43.93,0.2544,0.016
620,-1,Sweden,Argentina,50.72,0.2809,-0.169
620,0,Sweden,Argentina,73.02,0.2453,-0.046
620,1,Sweden,Argentina,47.75,0.2758,-0.069
620,2,Sweden,Argentina,36.71,0.2468,-0.065
620,3,Sweden,Argentina,41.67,0.2401,-0.077
621,-7,Costa Rica,Brazil,31.33,0.2857,0.08
621,-6,Costa Rica,Brazil,37.88,0.2905,-0.013
621,-5,Costa Rica,Brazil,40.8,0.2948,0.06
621,-4,Costa Rica,Brazil,42.77,0.2948,0.129
621,-3,Costa Rica,Brazil,47.08,0.301,0.123
621,-2,Costa Rica,Brazil,55.77,0.318,0.125
621,-1,Costa Rica,Brazil,56.81,0.2818,0.171
621,0,Costa Rica,Brazil,86.82,0.3272,0.321
621,1,Costa Rica,Brazil,58.24,0.279,0.172
621,2,Costa Rica,Brazil,60.24,0.2833,0.259
621,3,Costa Rica,Brazil,41.48,0.2815,0.148
622,-7,Ecuador,Croatia,31.54,0.2614,0.151
622,-6,Ecuador,Croatia,33.89,0.2768,0.076
622,-5,Ecuador,Croatia,29.37,0.2748,0.152
622,-4,Ecuador,Croatia,37.23,0.2543,0.165
622,-3,Ecuador,Croatia,34.62,0.2652,0.128
622,-2,Ecuador,Croatia,42.84,0.2716,0.049
622,-1,Ecuador,Croatia,49.67,0.2624,0.065
622,0,Ecuador,Croatia,67.53,0.2849,0.115
622,1,Ecuador,Croatia,46.06,0.2485,0.196
622,2,Ecuador,Croatia,45.96,0.272,0.116
622,3,Ecuador,Croatia,41.08,0.2523,0.135
623,-7,Mexico,Italy,28.95,0.0902,-0.001
623,-6,Mexico,Italy,37.81,0.1064,0.045
623,-5,Mexico,Italy,35.75,0.0692,0.132
623,-4,Mexico,Italy,28.93,0.0835,0.092
623,-3,Mexico,Italy,44.08,0.107,0.244
623,-2,Mexico,Italy,48.22,0.088,0.153
623,-1,Mexico,Italy,50.59,0.0728,0.206
623,0,Mexico,Italy,77.54,0.0958,-0.034
623,1,Mexico,Italy,50.83,0.0991,0.125
623,2,Mexico,Italy,42.41,0.0707,0.026
623,3,Mexico,Italy,40.58,0.0842,0.109
624,-7,Turkey,China,35.64,0.2369,0.077
624,-6,Turkey,China,38.43,0.2483,0.106
624,-5,Turkey,China,34.45,0.2605,-0.043
624,-4,Turkey,China,37.35,0.2527,0.031
624,-3,Turkey,China,42.82,0.2614,0.133
624,-2,Turkey,China,52.14,0.2468,0.136
624,-1,Turkey,China,52.86,0.2492,0.18
624,0,Turkey,China,79.11,0.2376,0.154
624,1,Turkey,China,49.45,0.2481,0.084
624,2,Turkey,China,48.49,0.2649,0.09
624,3,Turkey,China,40.86,0.2274,0.051
625,-7,Belgium,Russia,29.28,0.1592,0.05
625,-6,Belgium,Russia,31.79,0.1573,0.052
625,-5,Belgium,Russia,28.84,0.1688,0.128
625,-4,Belgium,Russia,40.12,0.1597,0.034
625,-3,Belgium,Russia,39.17,0.1815,0.109
625,-2,Belgium,Russia,52.7,0.1521,0.136
625,-1,Belgium,Russia,50.29,0.1526,0.109
625,0,Belgium,Russia,81.84,0.1664,0.078
625,1,Belgium,Russia,55.82,0.1469,0.085
625,2,Belgium,Russia,56.17,0.1576,0.096
625,3,Belgium,Russia,47.25,0.1418,0.048
626,-7,Japan,Tunisia,28.57,0.1371,0.029
626,-6,Japan,Tunisia,28.0,0.1708,-0.079
626,-5,Japan,Tunisia,40.87,0.1593,0.108
626,-4,Japan,Tunisia,36.01,0.162,0.084
626,-3,Japan,Tunisia,36.82,0.1632,0.012
626,-2,Japan,Tunisia,45.58,0.1631,-0.033
626,-1,Japan,Tunisia,52.21,0.1647,0.042
626,0,Japan,Tunisia,76.5,0.1704,0.053
626,1,Japan,Tunisia,48.16,0.1759,-0.037
626,2,Japan,Tunisia,39.26,0.1586,-0.077
626,3,Japan,Tunisia,41.35,0.1592,-0.017
627,-7,South Korea,Portugal,31.53,0.2099,0.191
627,-6,South Korea,Portugal,33.83,0.19,0.062
627,-5,South Korea,Portugal,28.27,0.1898,0.227
627,-4,South Korea,Portugal,34.49,0.2063,0.299
627,-3,South Korea,Portugal,35.34,0.2176,0.057
627,-2,South Korea,Portugal,48.89,0.1917,0.155
627,-1,South Korea,Portugal,47.27,0.1825,0.276
627,0,South Korea,Portugal,69.74,0.1853,0.074
627,1,South Korea,Portugal,44.74,0.1837,0.117
627,2,South Korea,Portugal,41.81,0.1787,0.283
627,3,South Korea,Portugal,37.92,0.1966,0.231
628,-7,Poland,United States,38.53,0.2244,0.109
628,-6,Poland,United States,29.98,0.2176,0.2
628,-5,Poland,United States,36.89,0.2143,0.141
628,-4,Poland,United States,32.96,0.2153,0.177
628,-3,Poland,United States,43.04,0.227,0.207
628,-2,Poland,United States,45.9,0.2188,0.129
628,-1,Poland,United States,46.04,0.2113,0.054
628,0,Poland,United States,81.54,0.2217,0.111
628,1,Poland,United States,49.99,0.2163,0.297
628,2,Poland,United States,40.06,0.2163,0.088
628,3,Poland,United States,41.71,0.2122,0.102
629,-7,Denmark,England,32.39,0.302,-0.132
629,-6,Denmark,England,36.98,0.3185,-0.023
629,-5,Denmark,England,35.23,0.3195,0.091
629,-4,Denmark,England,42.81,0.3094,0.073
629,-3,Denmark,England,46.55,0.3008,0.05
629,-2,Denmark,England,38.4,0.2859,0.054
629,-1,Denmark,England,53.48,0.3003,-0.023
629,0,Denmark,England,76.85,0.3072,-0.143
629,1,Denmark,England,52.82,0.3053,0.036
629,2,Denmark,England,45.48,0.2883,-0.058
629,3,Denmark,England,46.95,0.2972,0.076
630,-7,Germany,Paraguay,24.2,0.1226,0.131
630,-6,Germany,Paraguay,29.02,0.1187,0.263
630,-5,Germany,Paraguay,39.14,0.1257,0.133
630,-4,Germany,Paraguay,30.51,0.106,0.263
630,-3,Germany,Paraguay,33.31,0.1175,0.173
630,-2,Germany,Paraguay,33.32,0.1078,0.068
630,-1,Germany,Paraguay,44.97,0.1259,0.234
630,0,Germany,Paraguay,69.84,0.1173,0.154
630,1,Germany,Paraguay,44.48,0.1278,0.193
630,2,Germany,Paraguay,32.9,0.1305,0.171
630,3,Germany,Paraguay,39.36,0.137,0.037
631,-7,Spain,Republic of Ireland,24.74,0.3456,-0.035
631,-6,Spain,Republic of Ireland,30.52,0.3566,0.155
631,-5,Spain,Republic of Ireland,34.0,0.3436,0.097
631,-4,Spain,Republic of Ireland,34.91,0.3491,0.018
631,-3,Spain,Republic of Ireland,45.16,0.3375,0.166
631,-2,Spain,Republic of Ireland,44.45,0.3326,0.217
631,-1,Spain,Republic of Ireland,53.03,0.3276,0.122
631,0,Spain,Republic of Ireland,75.85,0.3215,-0.021
631,1,Spain,Republic of Ireland,46.33,0.3306,0.054
631,2,Spain,Republic of Ireland,39.57,0.3449,0.065
631,3,Spain,Republic of Ireland,43.93,0.3486,0.183
632,-7,Sweden,Senegal,24.38,0.241,0.12
632,-6,Sweden,Senegal,34.09,0.2407,0.075
632,-5,Sweden,Senegal,33.69,0.2449,0.261
632,-4,Sweden,Senegal,39.16,0.249,0.022
632,-3,Sweden,Senegal,37.29,0.2459,0.189
632,-2,Sweden,Senegal,45.22,0.2466,0.058
632,-1,Sweden,Senegal,45.1,0.2537,0.092
632,0,Sweden,Senegal,79.66,0.2504,0.043
632,1,Sweden,Senegal,51.98,0.233,0.125
632,2,Sweden,Senegal,45.69,0.267,0.049
632,3,Sweden,Senegal,36.97,0.2435,0.153
633,-7,Brazil,Belgium,19.34,0.2983,-0.074
633,-6,Brazil,Belgium,27.27,0.2834,-0.111
633,-5,Brazil,Belgium,29.44,0.2645,-0.008
633,-4,Brazil,Belgium,34.65,0.2831,0.0
633,-3,Brazil,Belgium,40.23,0.2691,-0.012
633,-2,Brazil,Belgium,49.36,0.2938,-0.12
633,-1,Brazil,Belgium,44.09,0.277,-0.052
633,0,Brazil,Belgium,80.12,0.2787,-0.104
633,1,Brazil,Belgium,52.82,0.2826,0.061
633,2,Brazil,Belgium,43.65,0.3018,-0.032
633,3,Brazil,Belgium,42.51,0.2857,-0.067
634,-7,Mexico,United States,30.6,0.1267,0.261
634,-6,Mexico,United States,25.08,0.1202,0.178
634,-5,Mexico,United States,31.82,0.1226,0.343
634,-4,Mexico,United States,35.8,0.1408,0.147
634,-3,Mexico,United States,44.35,0.1223,0.239
634,-2,Mexico,United States,49.01,0.1095,0.313
634,-1,Mexico,United States,48.52,0.1094,0.131
634,0,Mexico,United States,80.68,0.1308,0.191
634,1,Mexico,United States,51.16,0.1186,0.199
634,2,Mexico,United States,47.54,0.1096,0.071
634,3,Mexico,United States,40.95,0.1179,0.182
635,-7,Japan,Turkey,24.86,0.1048,0.008
635,-6,Japan,Turkey,26.96,0.1351,0.069
635,-5,Japan,Turkey,30.7,0.1298,0.025
635,-4,Japan,Turkey,34.22,0.1228,0.157
635,-3,Japan,Turkey,40.71,0.1199,0.096
635,-2,Japan,Turkey,45.42,0.1266,0.01
635,-1,Japan,Turkey,45.92,0.1106,0.046
635,0,Japan,Turkey,70.02,0.1183,0.077
635,1,Japan,Turkey,53.21,0.128,0.026
635,2,Japan,Turkey,42.35,0.1372,0.06
635,3,Japan,Turkey,39.13,0.1267,-0.067
636,-7,South Korea,Italy,31.65,0.2218,0.191
636,-6,South Korea,Italy,29.93,0.2394,0.152
636,-5,South Korea,Italy,31.05,0.2288,0.317
636,-4,South Korea,Italy,30.1,0.2343,0.092
636,-3,South Korea,Italy,46.44,0.2421,0.176
636,-2,South Korea,Italy,49.12,0.2352,0.163
636,-1,South Korea,Italy,49.1,0.228,0.131
636,0,South Korea,Italy,78.13,0.2096,0.235
636,1,South Korea,Italy,58.01,0.2271,0.245
636,2,South Korea,Italy,45.44,0.2251,0.136
636,3,South Korea,Italy,41.92,0.2236,0.205
637,-7,England,Brazil,28.47,0.42,0.074
637,-6,England,Brazil,30.07,0.42,0.071
637,-5,England,Brazil,30.37,0.42,0.132
637,-4,England,Brazil,35.85,0.42,0.12
637,-3,England,Brazil,42.35,0.42,0.058
637,-2,England,Brazil,50.07,0.42,-0.008
637,-1,England,Brazil,57.09,0.42,-0.007
637,0,England,Brazil,77.93,0.42,0.022
637,1,England,Brazil,51.05,0.42,0.042
637,2,England,Brazil,49.4,0.42,-0.014
637,3,England,Brazil,38.9,0.42,0.129
638,-7,Germany,United States,29.31,0.3545,0.119
638,-6,Germany,United States,27.86,0.3383,0.147
638,-5,Germany,United States,37.96,0.3363,0.046
638,-4,Germany,United States,31.19,0.3576,0.114
638,-3,Germany,United States,40.4,0.3415,0.16
638,-2,Germany,United States,41.41,0.3291,0.182
638,-1,Germany,United States,47.17,0.3439,0.137
638,0,Germany,United States,67.1,0.3528,0.075
638,1,Germany,United States,46.75,0.3613,0.162
638,2,Germany,United States,41.8,0.3464,-0.062
638,3,Germany,United States,35.58,0.3496,0.064
639,-7,South Korea,Spain,22.19,0.42,0.362
639,-6,South Korea,Spain,26.27,0.42,0.322
639,-5,South Korea,Spain,27.64,0.42,0.397
639,-4,South Korea,Spain,29.81,0.42,0.409
639,-3,South Korea,Spain,34.88,0.42,0.199
639,-2,South Korea,Spain,41.16,0.42,0.238
639,-1,South Korea,Spain,45.7,0.42,0.208
639,0,South Korea,Spain,77.03,0.42,0.246
639,1,South Korea,Spain,44.53,0.42,0.246
639,2,South Korea,Spain,39.02,0.42,0.173
639,3,South Korea,Spain,36.6,0.42,0.222
640,-7,Senegal,Turkey,22.5,0.2623,0.257
640,-6,Senegal,Turkey,27.65,0.2473,0.297
640,-5,Senegal,Turkey,34.24,0.2572,0.273
640,-4,Senegal,Turkey,36.01,0.283,0.255
640,-3,Senegal,Turkey,33.59,0.2536,0.166
640,-2,Senegal,Turkey,43.5,0.2579,0.13
640,-1,Senegal,Turkey,49.36,0.2735,0.202
640,0,Senegal,Turkey,72.89,0.2499,0.172
640,1,Senegal,Turkey,45.62,0.2682,0.227
640,2,Senegal,Turkey,41.27,0.2571,0.071
640,3,Senegal,Turkey,44.07,0.2365,0.239
641,-7,South Korea,Germany,28.12,0.0874,0.268
641,-6,South Korea,Germany,27.71,0.0984,0.177
641,-5,South Korea,Germany,33.54,0.0825,0.239
641,-4,South Korea,Germany,33.76,0.0886,0.304
641,-3,South Korea,Germany,38.33,0.1018,0.342
641,-2,South Korea,Germany,43.5,0.0988,0.411
641,-1,South Korea,Germany,42.35,0.1035,0.377
641,0,South Korea,Germany,73.68,0.1134,0.393
641,1,South Korea,Germany,46.12,0.0875,0.306
641,2,South Korea,Germany,40.24,0.1231,0.324
641,3,South Korea,Germany,38.62,0.0737,0.287
642,-7,Brazil,Turkey,23.83,0.1775,0.014
642,-6,Brazil,Turkey,34.87,0.1633,0.071
642,-5,Brazil,Turkey,32.34,0.1686,0.184
642,-4,Brazil,Turkey,39.99,0.173,0.245
642,-3,Brazil,Turkey,37.58,0.1735,0.097
642,-2,Brazil,Turkey,43.32,0.1593,0.281
642,-1,Brazil,Turkey,47.57,0.1764,0.207
642,0,Brazil,Turkey,78.48,0.1497,0.181
642,1,Brazil,Turkey,43.94,0.1438,0.117
642,2,Brazil,Turkey,46.52,0.168,0.174
642,3,Brazil,Turkey,41.16,0.1698,0.232
643,-7,South Korea,Turkey,33.72,0.1772,0.165
643,-6,South Korea,Turkey,38.64,0.1562,0.19
643,-5,South Korea,Turkey,41.57,0.1689,0.166
643,-4,South Korea,Turkey,48.96,0.1877,0.206
643,-3,South Korea,Turkey,41.39,0.1463,0.246
643,-2,South Korea,Turkey,53.84,0.1754,0.076
643,-1,South Korea,Turkey,55.65,0.1649,0.207
643,0,South Korea,Turkey,90.84,0.1802,0.236
643,1,South Korea,Turkey,54.93,0.1757,0.145
643,2,South Korea,Turkey,51.35,0.1684,0.138
643,3,South Korea,Turkey,47.64,0.1439,0.158
644,-7,Germany,Brazil,31.28,0.2256,0.011
644,-6,Germany,Brazil,28.91,0.2103,-0.002
644,-5,Germany,Brazil,39.19,0.2219,0.043
644,-4,Germany,Brazil,36.84,0.198,-0.12
644,-3,Germany,Brazil,38.98,0.2193,-0.057
644,-2,Germany,Brazil,46.17,0.2014,-0.067
644,-1,Germany,Brazil,54.18,0.2201,-0.043
644,0,Germany,Brazil,72.22,0.2223,0.039
644,1,Germany,Brazil,51.48,0.2088,-0.099
644,2,Germany,Brazil,44.11,0.2278,-0.086
644,3,Germany,Brazil,40.2,0.2305,-0.043
645,-7,Germany,Costa Rica,34.06,0.2876,0.168
645,-6,Germany,Costa Rica,34.44,0.2851,0.057
645,-5,Germany,Costa Rica,40.68,0.2848,0.027
645,-4,Germany,Costa Rica,45.32,0.3029,0.06
645,-3,Germany,Costa Rica,46.29,0.3247,0.214
645,-2,Germany,Costa Rica,51.93,0.3136,0.132
645,-1,Germany,Costa Rica,52.12,0.2804,0.06
645,0,Germany,Costa Rica,83.46,0.3071,0.086
645,1,Germany,Costa Rica,59.82,0.3091,0.172
645,2,Germany,Costa Rica,49.05,0.31,0.057
645,3,Germany,Costa Rica,49.91,0.3185,0.175
646,-7,Poland,Ecuador,29.28,0.1894,0.027
646,-6,Poland,Ecuador,25.93,0.1882,0.226
646,-5,Poland,Ecuador,30.3,0.1828,0.165
646,-4,Poland,Ecuador,35.42,0.1785,0.177
646,-3,Poland,Ecuador,41.46,0.184,0.065
646,-2,Poland,Ecuador,45.22,0.1778,0.11
646,-1,Poland,Ecuador,48.64,0.1823,0.073
646,0,Poland,Ecuador,77.14,0.1782,0.069
646,1,Poland,Ecuador,43.72,0.194,0.186
646,2,Poland,Ecuador,42.51,0.1908,0.062
646,3,Poland,Ecuador,40.01,0.1762,0.115
647,-7,Argentina,Ivory Coast,33.31,0.197,0.255
647,-6,Argentina,Ivory Coast,35.92,0.2025,0.238
647,-5,Argentina,Ivory Coast,36.79,0.2137,0.353
647,-4,Argentina,Ivory Coast,34.38,0.1865,0.349
647,-3,Argentina,Ivory Coast,41.66,0.1754,0.228
647,-2,Argentina,Ivory Coast,45.53,0.198,0.333
647,-1,Argentina,Ivory Coast,49.23,0.213,0.299
647,0,Argentina,Ivory Coast,75.57,0.198,0.314
647,1,Argentina,Ivory Coast,52.63,0.2063,0.238
647,2,Argentina,Ivory Coast,49.01,0.197,0.457
647,3,Argentina,Ivory Coast,38.05,0.2342,0.212
648,-7,England,Paraguay,33.2,0.3914,0.042
648,-6,England,Paraguay,32.95,0.3756,0.125
648,-5,England,Paraguay,33.8,0.3773,0.076
648,-4,England,Paraguay,37.32,0.3707,0.045
648,-3,England,Paraguay,42.85,0.3866,0.015
648,-2,England,Paraguay,40.07,0.3559,0.17
648,-1,England,Paraguay,51.0,0.3684,0.151
648,0,England,Paraguay,81.08,0.363,0.063
648,1,England,Paraguay,43.13,0.3929,0.099
648,2,England,Paraguay,42.19,0.3842,0.067
648,3,England,Paraguay,38.1,0.3848,0.063
649,-7,Trinidad and Tobago,Sweden,25.96,0.3474,0.189
649,-6,Trinidad and Tobago,Sweden,31.72,0.3563,0.078
649,-5,Trinidad and Tobago,Sweden,36.87,0.35,0.16
649,-4,Trinidad and Tobago,Sweden,31.52,0.3732,0.348
649,-3,Trinidad and Tobago,Sweden,44.45,0.3508,0.207
649,-2,Trinidad and Tobago,Sweden,47.05,0.3464,0.221
649,-1,Trinidad and Tobago,Sweden,47.44,0.3723,0.284
649,0,Trinidad and Tobago,Sweden,70.68,0.3676,0.183
649,1,Trinidad and Tobago,Sweden,44.74,0.3459,0.193
649,2,Trinidad and Tobago,Sweden,39.09,0.3431,0.082
649,3,Trinidad and Tobago,Sweden,35.04,0.3521,0.256
650,-7,Angola,Portugal,31.95,0.2885,0.072
650,-6,Angola,Portugal,27.83,0.2809,0.246
650,-5,Angola,Portugal,31.33,0.2687,0.28
650,-4,Angola,Portugal,33.55,0.2698,0.195
650,-3,Angola,Portugal,39.33,0.2773,0.179
650,-2,Angola,Portugal,40.34,0.2772,0.176
650,-1,Angola,Portugal,41.47,0.2948,0.083
650,0,Angola,Portugal,70.84,0.2953,0.219
650,1,Angola,Portugal,48.9,0.2628,0.137
650,2,Angola,Portugal,42.82,0.2816,0.259
650,3,Angola,Portugal,46.48,0.2907,0.142
651,-7,Mexico,Iran,36.45,0.3073,0.088
651,-6,Mexico,Iran,30.18,0.2859,0.245
651,-5,Mexico,Iran,36.65,0.2953,0.212
651,-4,Mexico,Iran,35.47,0.3129,0.212
651,-3,Mexico,Iran,47.79,0.3164,0.384
651,-2,Mexico,Iran,47.23,0.3401,0.272
651,-1,Mexico,Iran,52.58,0.3433,0.144
651,0,Mexico,Iran,81.1,0.2944,0.143
651,1,Mexico,Iran,47.2,0.3218,0.179
651,2,Mexico,Iran,47.93,0.3251,0.304
651,3,Mexico,Iran,45.7,0.329,0.385
652,-7,Serbia,Netherlands,24.37,0.2555,0.124
652,-6,Serbia,Netherlands,30.33,0.2316,0.106
652,-5,Serbia,Netherlands,31.8,0.2669,0.062
652,-4,Serbia,Netherlands,27.78,0.2496,0.055
652,-3,Serbia,Netherlands,39.02,0.2576,0.136
652,-2,Serbia,Netherlands,42.07,0.2478,0.202
652,-1,Serbia,Netherlands,44.55,0.2584,0.073
652,0,Serbia,Netherlands,76.24,0.2312,0.181
652,1,Serbia,Netherlands,48.24,0.2509,0.21
652,2,Serbia,Netherlands,40.71,0.2494,0.164
652,3,Serbia,Netherlands,38.46,0.2583,0.166
653,-7,Australia,Japan,30.17,0.42,0.278
653,-6,Australia,Japan,31.61,0.42,0.224
653,-5,Australia,Japan,38.84,0.4038,0.183
653,-4,Australia,Japan,38.45,0.4131,0.167
653,-3,Australia,Japan,44.73,0.42,0.21
653,-2,Australia,Japan,43.99,0.42,0.134
653,-1,Australia,Japan,59.54,0.42,0.206
653,0,Australia,Japan,79.11,0.42,0.28
653,1,Australia,Japan,61.0,0.42,0.097
653,2,Australia,Japan,52.87,0.42,0.277
653,3,Australia,Japan,46.97,0.42,0.309
654,-7,Italy,Ghana,27.94,0.1864,0.069
654,-6,Italy,Ghana,29.03,0.2201,-0.068
654,-5,Italy,Ghana,33.28,0.1955,-0.122
654,-4,Italy,Ghana,32.19,0.2087,-0.134
654,-3,Italy,Ghana,49.91,0.1967,-0.086
654,-2,Italy,Ghana,46.8,0.1683,-0.037
654,-1,Italy,Ghana,49.82,0.1826,-0.058
654,0,Italy,Ghana,82.44,0.2,0.014
654,1,Italy,Ghana,47.79,0.1819,-0.031
654,2,Italy,Ghana,36.72,0.1846,-0.102
654,3,Italy,Ghana,33.95,0.2056,-0.023
655,-7,United States,Czech Republic,28.88,0.2929,-0.12
655,-6,United States,Czech Republic,28.62,0.2982,0.155
655,-5,United States,Czech Republic,38.34,0.2905,-0.046
655,-4,United States,Czech Republic,37.06,0.2875,0.091
655,-3,United States,Czech Republic,44.16,0.2963,-0.069
655,-2,United States,Czech Republic,49.23,0.2767,0.005
655,-1,United States,Czech Republic,54.64,0.2784,-0.076
655,0,United States,Czech Republic,81.34,0.2832,0.005
655,1,United States,Czech Republic,54.79,0.3005,0.041
655,2,United States,Czech Republic,48.93,0.2788,-0.029
655,3,United States,Czech Republic,44.26,0.2804,0.027
656,-7,Brazil,Croatia,25.89,0.2872,-0.058
656,-6,Brazil,Croatia,31.3,0.2582,0.062
656,-5,Brazil,Croatia,28.89,0.2556,-0.012
656,-4,Brazil,Croatia,36.96,0.2571,-0.11
656,-3,Brazil,Croatia,38.49,0.2652,0.037
656,-2,Brazil,Croatia,45.7,0.2763,-0.102
656,-1,Brazil,Croatia,50.4,0.2453,-0.059
656,0,Brazil,Croatia,74.54,0.2859,0.037
656,1,Brazil,Croatia,47.69,0.2542,-0.127
656,2,Brazil,Croatia,42.55,0.2796,-0.043
656,3,Brazil,Croatia,41.32,0.2737,-0.142
657,-7,France,Switzerland,25.12,0.2611,0.18
657,-6,France,Switzerland,24.27,0.2419,0.309
657,-5,France,Switzerland,30.64,0.2576,0.163
657,-4,France,Switzerland,36.01,0.2517,0.266
657,-3,France,Switzerland,36.25,0.261,0.198
657,-2,France,Switzerland,41.55,0.2516,0.237
657,-1,France,Switzerland,47.62,0.249,0.227
657,0,France,Switzerland,71.81,0.261,0.23
657,1,France,Switzerland,43.54,0.2559,0.282
657,2,France,Switzerland,37.17,0.239,0.189
657,3,France,Switzerland,37.25,0.2285,0.275
658,-7,South Korea,Togo,30.41,0.2203,0.146
658,-6,South Korea,Togo,32.27,0.2272,0.292
658,-5,South Korea,Togo,36.6,0.2566,0.152
658,-4,South Korea,Togo,40.46,0.2406,0.211
658,-3,South Korea,Togo,43.9,0.2477,0.281
658,-2,South Korea,Togo,47.56,0.2429,0.283
658,-1,South Korea,Togo,56.17,0.2496,0.318
658,0,South Korea,Togo,79.24,0.247,0.224
658,1,South Korea,Togo,52.03,0.2448,0.174
658,2,South Korea,Togo,43.59,0.2498,0.308
658,3,South Korea,Togo,45.52,0.2532,0.311
659,-7,Germany,Poland,28.82,0.3435,0.222
659,-6,Germany,Poland,30.64,0.3493,0.289
659,-5,Germany,Poland,36.55,0.3346,0.236
659,-4,Germany,Poland,25.96,0.3543,0.239
659,-3,Germany,Poland,45.72,0.3731,0.311
659,-2,Germany,Poland,40.22,0.3432,0.169
659,-1,Germany,Poland,53.94,0.3445,0.219
659,0,Germany,Poland,70.98,0.3403,0.269
659,1,Germany,Poland,49.13,0.3287,0.155
659,2,Germany,Poland,44.47,0.3545,0.218
659,3,Germany,Poland,41.62,0.3381,0.204
660,-7,Spain,Ukraine,34.02,0.1884,0.11
660,-6,Spain,Ukraine,30.54,0.1863,-0.037
660,-5,Spain,Ukraine,30.08,0.1905,0.12
660,-4,Spain,Ukraine,40.07,0.2101,0.061
660,-3,Spain,Ukraine,36.83,0.2003,0.013
660,-2,Spain,Ukraine,49.26,0.1688,0.069
660,-1,Spain,Ukraine,56.89,0.2032,0.07
660,0,Spain,Ukraine,82.86,0.1902,0.067
660,1,Spain,Ukraine,56.63,0.1872,0.042
660,2,Spain,Ukraine,43.29,0.204,0.066
660,3,Spain,Ukraine,39.83,0.2061,0.081
661,-7,Tunisia,Saudi Arabia,29.42,0.2035,0.072
661,-6,Tunisia,Saudi Arabia,28.87,0.2042,0.037
661,-5,Tunisia,Saudi Arabia,47.66,0.1874,-0.045
661,-4,Tunisia,Saudi Arabia,46.42,0.1921,0.114
661,-3,Tunisia,Saudi Arabia,45.4,0.1764,-0.055
661,-2,Tunisia,Saudi Arabia,55.47,0.174,0.211
661,-1,Tunisia,Saudi Arabia,56.09,0.1949,0.063
661,0,Tunisia,Saudi Arabia,90.93,0.1844,0.05
661,1,Tunisia,Saudi Arabia,56.6,0.1847,0.025
661,2,Tunisia,Saudi Arabia,48.43,0.201,0.228
661,3,Tunisia,Saudi Arabia,51.36,0.1713,0.169
662,-7,Ecuador,Costa Rica,27.42,0.3429,0.103
662,-6,Ecuador,Costa Rica,31.03,0.3412,-0.022
662,-5,Ecuador,Costa Rica,40.83,0.3649,0.139
662,-4,Ecuador,Costa Rica,35.45,0.3689,0.136
662,-3,Ecuador,Costa Rica,40.48,0.3344,0.178
662,-2,Ecuador,Costa Rica,45.72,0.3572,0.152
662,-1,Ecuador,Costa Rica,54.53,0.3567,0.119
662,0,Ecuador,Costa Rica,81.83,0.3655,0.249
662,1,Ecuador,Costa Rica,48.39,0.3674,0.029
662,2,Ecuador,Costa Rica,50.45,0.347,0.199
662,3,Ecuador,Costa Rica,47.72,0.3569,0.141
663,-7,England,Trinidad and Tobago,29.56,0.2865,0.38
663,-6,England,Trinidad and Tobago,31.71,0.266,0.363
663,-5,England,Trinidad and Tobago,37.52,0.2926,0.246
663,-4,England,Trinidad and Tobago,33.51,0.2827,0.315
663,-3,England,Trinidad and Tobago,34.63,0.2972,0.306
663,-2,England,Trinidad and Tobago,49.83,0.3005,0.25
663,-1,England,Trinidad and Tobago,44.62,0.2822,0.398
663,0,England,Trinidad and Tobago,78.13,0.2993,0.257
663,1,England,Trinidad and Tobago,52.24,0.2739,0.366
663,2,England,Trinidad and Tobago,41.28,0.2684,0.459
663,3,England,Trinidad and Tobago,41.56,0.2934,0.17
664,-7,Sweden,Paraguay,30.93,0.336,0.312
664,-6,Sweden,Paraguay,33.96,0.3394,0.363
664,-5,Sweden,Paraguay,25.7,0.3116,0.444
664,-4,Sweden,Paraguay,36.41,0.3264,0.268
664,-3,Sweden,Paraguay,37.27,0.3397,0.431
664,-2,Sweden,Paraguay,46.37,0.332,0.37
664,-1,Sweden,Paraguay,48.35,0.311,0.227
664,0,Sweden,Paraguay,78.73,0.325,0.359
664,1,Sweden,Paraguay,49.33,0.3285,0.35
664,2,Sweden,Paraguay,46.02,0.3162,0.409
664,3,Sweden,Paraguay,36.92,0.3283,0.243
665,-7,Argentina,Serbia,33.92,0.1436,0.238
665,-6,Argentina,Serbia,39.6,0.1524,0.373
665,-5,Argentina,Serbia,42.73,0.1488,0.23
665,-4,Argentina,Serbia,44.68,0.16,0.15
665,-3,Argentina,Serbia,49.65,0.137,0.274
665,-2,Argentina,Serbia,56.16,0.1551,0.073
665,-1,Argentina,Serbia,52.09,0.1583,0.064
665,0,Argentina,Serbia,91.11,0.1633,0.315
665,1,Argentina,Serbia,57.48,0.1568,0.251
665,2,Argentina,Serbia,47.15,0.1604,0.333
665,3,Argentina,Serbia,49.83,0.1455,0.288
666,-7,Mexico,Angola,32.14,0.1475,0.261
666,-6,Mexico,Angola,24.04,0.1383,0.234
666,-5,Mexico,Angola,35.58,0.1397,0.298
666,-4,Mexico,Angola,28.28,0.1402,0.223
666,-3,Mexico,Angola,41.08,0.152,0.127
666,-2,Mexico,Angola,47.11,0.1433,0.176
666,-1,Mexico,Angola,43.47,0.1359,0.209
666,0,Mexico,Angola,72.35,0.126,0.232
666,1,Mexico,Angola,45.23,0.1481,0.309
666,2,Mexico,Angola,38.99,0.1342,0.257
666,3,Mexico,Angola,38.89,0.1173,0.25
667,-7,Netherlands,Ivory Coast,28.93,0.3029,0.22
667,-6,Netherlands,Ivory Coast,36.1,0.2954,0.353
667,-5,Netherlands,Ivory Coast,35.19,0.2947,0.319
667,-4,Netherlands,Ivory Coast,35.26,0.3221,0.303
667,-3,Netherlands,Ivory Coast,40.69,0.2957,0.291
667,-2,Netherlands,Ivory Coast,50.56,0.2898,0.264
667,-1,Netherlands,Ivory Coast,52.31,0.319,0.36
667,0,Netherlands,Ivory Coast,85.63,0.3009,0.39
667,1,Netherlands,Ivory Coast,56.92,0.3089,0.344
667,2,Netherlands,Ivory Coast,44.99,0.3224,0.273
667,3,Netherlands,Ivory Coast,44.63,0.3086,0.194
668,-7,Czech Republic,Ghana,29.72,0.1646,0.123
668,-6,Czech Republic,Ghana,31.95,0.1801,0.073
668,-5,Czech Republic,Ghana,30.17,0.1552,0.183
668,-4,Czech Republic,Ghana,40.52,0.1695,0.195
668,-3,Czech Republic,Ghana,41.98,0.156,0.065
668,-2,Czech Republic,Ghana,40.91,0.1595,0.186
668,-1,Czech Republic,Ghana,51.37,0.1625,0.057
668,0,Czech Republic,Ghana,86.13,0.1523,0.139
668,1,Czech Republic,Ghana,54.05,0.1627,0.075
668,2,Czech Republic,Ghana,48.16,0.1461,0.253
668,3,Czech Republic,Ghana,42.07,0.1592,0.032
669,-7,Italy,United States,25.87,0.2457,0.249
669,-6,Italy,United States,32.9,0.2505,0.144
669,-5,Italy,United States,42.89,0.241,0.227
669,-4,Italy,United States,36.18,0.2379,0.111
669,-3,Italy,United States,40.79,0.253,-0.046
669,-2,Italy,United States,45.84,0.2391,0.066
669,-1,Italy,United States,46.0,0.2419,0.081
669,0,Italy,United States,75.61,0.2266,0.124
669,1,Italy,United States,47.77,0.2267,0.079
669,2,Italy,United States,42.62,0.2468,0.078
669,3,Italy,United States,36.01,0.2356,-0.004
670,-7,Portugal,Iran,33.88,0.3985,0.242
670,-6,Portugal,Iran,30.02,0.3985,0.171
670,-5,Portugal,Iran,31.73,0.3754,0.131
670,-4,Portugal,Iran,37.93,0.3873,0.143
670,-3,Portugal,Iran,39.87,0.3991,0.135
670,-2,Portugal,Iran,44.73,0.3803,0.135
670,-1,Portugal,Iran,45.77,0.3709,0.314
670,0,Portugal,Iran,71.32,0.3862,0.167
670,1,Portugal,Iran,54.08,0.3873,0.275
670,2,Portugal,Iran,46.16,0.3991,0.216
670,3,Portugal,Iran,46.48,0.3832,0.171
671,-7,Brazil,Australia,28.61,0.2435,0.073
671,-6,Brazil,Australia,24.81,0.2399,0.12
671,-5,Brazil,Australia,29.89,0.2298,0.139
671,-4,Brazil,Australia,42.27,0.2342,0.07
671,-3,Brazil,Australia,40.81,0.2557,0.021
671,-2,Brazil,Australia,44.0,0.2577,-0.012
671,-1,Brazil,Australia,48.8,0.2432,0.165
671,0,Brazil,Australia,72.92,0.2331,0.099
671,1,Brazil,Australia,53.15,0.2441,0.05
671,2,Brazil,Australia,45.78,0.2235,0.065
671,3,Brazil,Australia,46.27,0.2258,0.003
672,-7,France,South Korea,28.51,0.1742,0.268
672,-6,France,South Korea,28.82,0.1646,0.193
672,-5,France,South Korea,32.35,0.1877,0.125
672,-4,France,South Korea,39.18,0.1594,0.171
672,-3,France,South Korea,41.85,0.1751,0.053
672,-2,France,South Korea,46.08,0.1869,0.102
672,-1,France,South Korea,48.75,0.1877,0.259
672,0,France,South Korea,80.39,0.181,0.122
672,1,France,South Korea,50.44,0.1623,0.128
672,2,France,South Korea,49.24,0.1787,0.095
672,3,France,South Korea,38.57,0.1778,0.053
673,-7,Japan,Croatia,24.42,0.2598,-0.029
673,-6,Japan,Croatia,26.81,0.2449,0.013
673,-5,Japan,Croatia,32.26,0.2518,-0.064
673,-4,Japan,Croatia,37.32,0.2344,0.024
673,-3,Japan,Croatia,44.65,0.2246,0.085
673,-2,Japan,Croatia,45.78,0.2332,-0.003
673,-1,Japan,Croatia,45.36,0.2331,0.049
673,0,Japan,Croatia,74.28,0.237,0.109
673,1,Japan,Croatia,51.55,0.2466,0.081
673,2,Japan,Croatia,39.75,0.2099,0.085
673,3,Japan,Croatia,40.71,0.2443,0.108
674,-7,Saudi Arabia,Ukraine,30.29,0.4142,0.362
674,-6,Saudi Arabia,Ukraine,36.89,0.42,0.353
674,-5,Saudi Arabia,Ukraine,33.0,0.4166,0.215
674,-4,Saudi Arabia,Ukraine,36.59,0.4046,0.382
674,-3,Saudi Arabia,Ukraine,42.35,0.3869,0.158
674,-2,Saudi Arabia,Ukraine,50.49,0.3989,0.116
674,-1,Saudi Arabia,Ukraine,49.52,0.41,0.314
674,0,Saudi Arabia,Ukraine,81.48,0.4158,0.323
674,1,Saudi Arabia,Ukraine,51.69,0.4065,0.217
674,2,Saudi Arabia,Ukraine,50.7,0.4007,0.174
674,3,Saudi Arabia,Ukraine,44.44,0.42,0.295
675,-7,Spain,Tunisia,35.73,0.2685,0.214
675,-6,Spain,Tunisia,32.46,0.2471,0.1
675,-5,Spain,Tunisia,41.44,0.2535,0.092
675,-4,Spain,Tunisia,44.79,0.2586,0.279
675,-3,Spain,Tunisia,43.34,0.248,0.242
675,-2,Spain,Tunisia,50.67,0.2541,0.303
675,-1,Spain,Tunisia,57.74,0.2643,0.133
675,0,Spain,Tunisia,78.66,0.2719,0.058
675,1,Spain,Tunisia,54.12,0.2593,0.177
675,2,Spain,Tunisia,48.69,0.2625,0.17
675,3,Spain,Tunisia,47.34,0.2645,0.198
676,-7,Togo,Switzerland,27.01,0.0672,0.447
676,-6,Togo,Switzerland,29.43,0.0867,0.176
676,-5,Togo,Switzerland,31.6,0.0618,0.365
676,-4,Togo,Switzerland,37.77,0.084,0.276
676,-3,Togo,Switzerland,40.9,0.0644,0.441
676,-2,Togo,Switzerland,41.4,0.0622,0.231
676,-1,Togo,Switzerland,52.55,0.0546,0.427
676,0,Togo,Switzerland,77.38,0.0732,0.331
676,1,Togo,Switzerland,50.47,0.0698,0.305
676,2,Togo,Switzerland,47.14,0.0584,0.23
676,3,Togo,Switzerland,43.96,0.0683,0.159
677,-7,Costa Rica,Poland,29.39,0.2234,-0.018
677,-6,Costa Rica,Poland,31.46,0.1871,-0.047
677,-5,Costa Rica,Poland,31.87,0.2102,-0.004
677,-4,Costa Rica,Poland,37.75,0.1959,0.1
677,-3,Costa Rica,Poland,40.2,0.1966,-0.024
677,-2,Costa Rica,Poland,46.71,0.2108,0.058
677,-1,Costa Rica,Poland,55.48,0.2342,-0.126
677,0,Costa Rica,Poland,80.88,0.1988,0.134
677,1,Costa Rica,Poland,53.1,0.1806,0.023
677,2,Costa Rica,Poland,48.01,0.2141,-0.058
677,3,Costa Rica,Poland,43.82,0.2018,-0.054
678,-7,Germany,Ecuador,32.25,0.2396,0.42
678,-6,Germany,Ecuador,33.41,0.245,0.261
678,-5,Germany,Ecuador,40.83,0.2285,0.409
678,-4,Germany,Ecuador,39.94,0.2394,0.399
678,-3,Germany,Ecuador,35.18,0.2309,0.398
678,-2,Germany,Ecuador,53.8,0.2375,0.175
678,-1,Germany,Ecuador,51.38,0.2371,0.424
678,0,Germany,Ecuador,80.24,0.2225,0.413
678,1,Germany,Ecuador,54.48,0.2294,0.396
678,2,Germany,Ecuador,45.16,0.2342,0.309
678,3,Germany,Ecuador,41.58,0.2487,0.221
679,-7,Paraguay,Trinidad and Tobago,33.76,0.343,-0.028
679,-6,Paraguay,Trinidad and Tobago,32.16,0.33,-0.115
679,-5,Paraguay,Trinidad and Tobago,31.53,0.3182,-0.096
679,-4,Paraguay,Trinidad and Tobago,31.89,0.3556,-0.091
679,-3,Paraguay,Trinidad and Tobago,40.94,0.3543,0.059
679,-2,Paraguay,Trinidad and Tobago,44.29,0.3374,0.012
679,-1,Paraguay,Trinidad and Tobago,57.93,0.3459,0.046
679,0,Paraguay,Trinidad and Tobago,85.03,0.3442,0.079
679,1,Paraguay,Trinidad and Tobago,52.21,0.3465,-0.068
679,2,Paraguay,Trinidad and Tobago,41.37,0.3348,0.061
679,3,Paraguay,Trinidad and Tobago,44.01,0.3569,-0.002
680,-7,Sweden,England,34.09,0.2728,0.028
680,-6,Sweden,England,33.43,0.2485,0.025
680,-5,Sweden,England,36.91,0.2799,0.122
680,-4,Sweden,England,40.98,0.2911,0.049
680,-3,Sweden,England,47.87,0.2651,-0.044
680,-2,Sweden,England,47.33,0.284,0.018
680,-1,Sweden,England,52.8,0.2663,0.009
680,0,Sweden,England,87.22,0.2889,0.036
680,1,Sweden,England,56.33,0.278,0.044
680,2,Sweden,England,45.74,0.2614,0.065
680,3,Sweden,England,45.63,0.2448,0.005
681,-7,Iran,Angola,27.32,0.3009,0.045
681,-6,Iran,Angola,30.47,0.2843,0.149
681,-5,Iran,Angola,38.0,0.2962,0.171
681,-4,Iran,Angola,41.9,0.2686,0.135
681,-3,Iran,Angola,39.79,0.2752,0.072
681,-2,Iran,Angola,47.88,0.3078,-0.0
681,-1,Iran,Angola,52.7,0.3139,0.222
681,0,Iran,Angola,65.01,0.3164,0.161
681,1,Iran,Angola,42.46,0.2811,0.182
681,2,Iran,Angola,46.59,0.2834,0.099
681,3,Iran,Angola,43.0,0.2833,0.085
682,-7,Ivory Coast,Serbia,36.5,0.2635,0.192
682,-6,Ivory Coast,Serbia,33.56,0.2612,0.245
682,-5,Ivory Coast,Serbia,32.57,0.2747,0.348
682,-4,Ivory Coast,Serbia,39.07,0.2641,0.274
682,-3,Ivory Coast,Serbia,42.64,0.2837,0.225
682,-2,Ivory Coast,Serbia,48.72,0.2627,0.358
682,-1,Ivory Coast,Serbia,55.57,0.2958,0.312
682,0,Ivory Coast,Serbia,90.06,0.268,0.221
682,1,Ivory Coast,Serbia,56.26,0.2638,0.147
682,2,Ivory Coast,Serbia,54.11,0.2723,0.238
682,3,Ivory Coast,Serbia,47.15,0.2725,0.386
683,-7,Netherlands,Argentina,29.11,0.1438,0.228
683,-6,Netherlands,Argentina,29.49,0.1479,0.265
683,-5,Netherlands,Argentina,27.86,0.1353,0.15
683,-4,Netherlands,Argentina,33.72,0.1596,0.08
683,-3,Netherlands,Argentina,37.82,0.1391,0.298
683,-2,Netherlands,Argentina,44.93,0.1486,0.247
683,-1,Netherlands,Argentina,42.03,0.17,0.12
683,0,Netherlands,Argentina,75.56,0.1523,0.198
683,1,Netherlands,Argentina,50.9,0.1577,0.187
683,2,Netherlands,Argentina,40.36,0.1472,0.172
683,3,Netherlands,Argentina,39.16,0.1579,0.212
684,-7,Portugal,Mexico,31.7,0.1389,0.155
684,-6,Portugal,Mexico,27.38,0.1371,0.174
684,-5,Portugal,Mexico,39.04,0.1465,0.146
684,-4,Portugal,Mexico,40.32,0.1549,0.118
684,-3,Portugal,Mexico,39.23,0.1513,0.269
684,-2,Portugal,Mexico,43.84,0.1452,0.105
684,-1,Portugal,Mexico,60.93,0.1352,0.121
684,0,Portugal,Mexico,78.79,0.1316,0.04
684,1,Portugal,Mexico,54.48,0.1552,0.093
684,2,Portugal,Mexico,52.0,0.1197,0.044
684,3,Portugal,Mexico,39.78,0.1466,0.1
685,-7,Croatia,Australia,31.5,0.2301,0.179
685,-6,Croatia,Australia,37.36,0.225,0.071
685,-5,Croatia,Australia,41.13,0.2469,0.122
685,-4,Croatia,Australia,38.75,0.2274,0.118
685,-3,Croatia,Australia,42.31,0.2347,0.095
685,-2,Croatia,Australia,52.89,0.2126,-0.045
685,-1,Croatia,Australia,53.06,0.2246,-0.049
685,0,Croatia,Australia,80.91,0.2397,0.114
685,1,Croatia,Australia,54.92,0.2116,0.165
685,2,Croatia,Australia,47.36,0.2254,0.106
685,3,Croatia,Australia,44.85,0.2422,0.117
686,-7,Czech Republic,Italy,31.08,0.0982,0.049
686,-6,Czech Republic,Italy,31.35,0.1015,-0.005
686,-5,Czech Republic,Italy,32.86,0.0882,0.0
686,-4,Czech Republic,Italy,36.39,0.1212,0.088
686,-3,Czech Republic,Italy,40.62,0.0941,0.062
686,-2,Czech Republic,Italy,52.12,0.1088,-0.101
686,-1,Czech Republic,Italy,53.56,0.1117,0.173
686,0,Czech Republic,Italy,76.23,0.1009,0.051
686,1,Czech Republic,Italy,47.87,0.0889,0.047
686,2,Czech Republic,Italy,39.92,0.0834,0.076
686,3,Czech Republic,Italy,42.83,0.1142,0.051
687,-7,Ghana,United States,31.09,0.2682,0.239
687,-6,Ghana,United States,32.15,0.2519,0.301
687,-5,Ghana,United States,35.71,0.2349,0.25
687,-4,Ghana,United States,38.91,0.2541,0.238
687,-3,Ghana,United States,44.44,0.2334,0.298
687,-2,Ghana,United States,53.35,0.2454,0.273
687,-1,Ghana,United States,51.62,0.2499,0.197
687,0,Ghana,United States,87.04,0.2573,0.222
687,1,Ghana,United States,49.74,0.2534,0.117
687,2,Ghana,United States,50.76,0.2465,0.296
687,3,Ghana,United States,44.19,0.2643,0.303
688,-7,Japan,Brazil,35.96,0.1932,0.213
688,-6,Japan,Brazil,43.32,0.1852,0.234
688,-5,Japan,Brazil,35.67,0.1785,0.264
688,-4,Japan,Brazil,42.25,0.2029,0.209
688,-3,Japan,Brazil,48.21,0.1675,0.389
688,-2,Japan,Brazil,46.39,0.2059,0.226
688,-1,Japan,Brazil,48.56,0.1972,0.242
688,0,Japan,Brazil,84.42,0.1887,0.283
688,1,Japan,Brazil,57.83,0.1946,0.254
688,2,Japan,Brazil,52.84,0.1747,0.29
688,3,Japan,Brazil,44.02,0.1675,0.222
689,-7,Saudi Arabia,Spain,27.78,0.1366,0.189
689,-6,Saudi Arabia,Spain,34.68,0.118,0.118
689,-5,Saudi Arabia,Spain,29.05,0.1218,0.322
689,-4,Saudi Arabia,Spain,35.66,0.111,0.237
689,-3,Saudi Arabia,Spain,35.33,0.1286,0.285
689,-2,Saudi Arabia,Spain,45.73,0.1043,0.254
689,-1,Saudi Arabia,Spain,55.69,0.1332,0.27
689,0,Saudi Arabia,Spain,70.67,0.1388,0.398
689,1,Saudi Arabia,Spain,44.57,0.1129,0.311
689,2,Saudi Arabia,Spain,44.88,0.1313,0.42
689,3,Saudi Arabia,Spain,36.1,0.126,0.341
690,-7,Switzerland,South Korea,32.39,0.3137,0.153
690,-6,Switzerland,South Korea,30.48,0.3419,0.128
690,-5,Switzerland,South Korea,33.48,0.3308,0.12
690,-4,Switzerland,South Korea,38.48,0.2987,0.209
690,-3,Switzerland,South Korea,41.27,0.3235,0.135
690,-2,Switzerland,South Korea,46.12,0.321,0.287
690,-1,Switzerland,South Korea,52.77,0.3041,0.138
690,0,Switzerland,South Korea,74.94,0.3237,0.184
690,1,Switzerland,South Korea,49.93,0.3553,0.16
690,2,Switzerland,South Korea,50.19,0.3197,0.044
690,3,Switzerland,South Korea,41.76,0.3349,0.24
691,-7,Togo,France,30.8,0.1412,-0.143
691,-6,Togo,France,35.22,0.1357,-0.153
691,-5,Togo,France,36.05,0.1373,-0.018
691,-4,Togo,France,39.21,0.1316,-0.188
691,-3,Togo,France,39.08,0.169,-0.125
691,-2,Togo,France,47.98,0.1252,-0.184
691,-1,Togo,France,49.88,0.1613,-0.198
691,0,Togo,France,74.89,0.1517,0.003
691,1,Togo,France,52.07,0.149,-0.171
691,2,Togo,France,40.7,0.1272,-0.169
691,3,Togo,France,41.88,0.1263,-0.09
692,-7,Ukraine,Tunisia,27.65,0.3044,0.094
692,-6,Ukraine,Tunisia,27.49,0.3284,0.09
692,-5,Ukraine,Tunisia,29.81,0.3256,-0.046
692,-4,Ukraine,Tunisia,40.65,0.3152,-0.079
692,-3,Ukraine,Tunisia,34.97,0.3063,0.093
692,-2,Ukraine,Tunisia,42.98,0.3089,0.035
692,-1,Ukraine,Tunisia,41.61,0.3211,0.126
692,0,Ukraine,Tunisia,76.89,0.3061,-0.03
692,1,Ukraine,Tunisia,44.81,0.2976,0.191
692,2,Ukraine,Tunisia,43.3,0.3221,0.091
692,3,Ukraine,Tunisia,40.0,0.3,0.068
693,-7,Argentina,Mexico,27.26,0.42,0.13
693,-6,Argentina,Mexico,31.79,0.42,0.301
693,-5,Argentina,Mexico,27.43,0.42,0.147
693,-4,Argentina,Mexico,38.59,0.42,0.226
693,-3,Argentina,Mexico,45.62,0.42,0.346
693,-2,Argentina,Mexico,49.63,0.42,0.164
693,-1,Argentina,Mexico,50.46,0.42,0.326
693,0,Argentina,Mexico,83.58,0.4025,0.046
693,1,Argentina,Mexico,52.46,0.42,0.204
693,2,Argentina,Mexico,51.45,0.42,0.215
693,3,Argentina,Mexico,37.34,0.42,0.208
694,-7,Germany,Sweden,31.36,0.1456,0.165
694,-6,Germany,Sweden,25.95,0.1282,0.058
694,-5,Germany,Sweden,39.42,0.1785,0.007
694,-4,Germany,Sweden,32.26,0.1693,0.088
694,-3,Germany,Sweden,45.87,0.1691,0.183
694,-2,Germany,Sweden,42.45,0.1655,0.26
694,-1,Germany,Sweden,51.04,0.1597,0.089
694,0,Germany,Sweden,71.49,0.147,0.057
694,1,Germany,Sweden,44.78,0.1417,-0.052
694,2,Germany,Sweden,42.59,0.1683,0.097
694,3,Germany,Sweden,39.99,0.1694,0.237
695,-7,England,Ecuador,36.71,0.1837,0.08
695,-6,England,Ecuador,29.4,0.1891,0.089
695,-5,England,Ecuador,32.74,0.181,0.034
695,-4,England,Ecuador,27.96,0.174,0.202
695,-3,England,Ecuador,44.44,0.1933,0.065
695,-2,England,Ecuador,40.81,0.2015,0.024
695,-1,England,Ecuador,48.73,0.2023,0.109
695,0,England,Ecuador,73.1,0.1959,0.105
695,1,England,Ecuador,49.28,0.2002,-0.078
695,2,England,Ecuador,44.84,0.1728,0.085
695,3,England,Ecuador,39.9,0.1739,0.116
696,-7,Portugal,Netherlands,30.1,0.1539,0.054
696,-6,Portugal,Netherlands,30.44,0.1503,0.052
696,-5,Portugal,Netherlands,29.98,0.1667,0.04
696,-4,Portugal,Netherlands,34.71,0.1563,0.038
696,-3,Portugal,Netherlands,43.85,0.1622,0.053
696,-2,Portugal,Netherlands,46.87,0.1543,-0.035
696,-1,Portugal,Netherlands,51.71,0.1287,-0.2
696,0,Portugal,Netherlands,76.57,0.1568,0.072
696,1,Portugal,Netherlands,53.46,0.1512,0.02
696,2,Portugal,Netherlands,46.37,0.1429,0.029
696,3,Portugal,Netherlands,40.39,0.1555,0.023
697,-7,Italy,Australia,27.03,0.3199,0.196
697,-6,Italy,Australia,37.22,0.3301,0.264
697,-5,Italy,Australia,28.06,0.3641,0.191
697,-4,Italy,Australia,32.01,0.3326,0.189
697,-3,Italy,Australia,40.78,0.3152,0.331
697,-2,Italy,Australia,46.87,0.3319,0.135
697,-1,Italy,Australia,45.75,0.3341,0.166
697,0,Italy,Australia,70.46,0.3459,0.262
697,1,Italy,Australia,49.02,0.3396,0.24
697,2,Italy,Australia,43.37,0.3388,0.308
697,3,Italy,Australia,41.25,0.3508,0.253
698,-7,Switzerland,Ukraine,22.88,0.2759,0.185
698,-6,Switzerland,Ukraine,26.92,0.2713,0.228
698,-5,Switzerland,Ukraine,27.47,0.2708,0.333
698,-4,Switzerland,Ukraine,35.81,0.2597,0.085
698,-3,Switzerland,Ukraine,45.1,0.2566,0.103
698,-2,Switzerland,Ukraine,42.22,0.2749,0.289
698,-1,Switzerland,Ukraine,44.29,0.2616,0.202
698,0,Switzerland,Ukraine,74.58,0.2699,0.221
698,1,Switzerland,Ukraine,49.85,0.2465,0.231
698,2,Switzerland,Ukraine,42.61,0.2622,0.185
698,3,Switzerland,Ukraine,38.39,0.256,0.393
699,-7,Brazil,Ghana,35.81,0.1912,0.169
699,-6,Brazil,Ghana,29.97,0.1756,0.214
699,-5,Brazil,Ghana,30.88,0.1839,0.282
699,-4,Brazil,Ghana,31.19,0.1673,0.292
699,-3,Brazil,Ghana,43.98,0.1677,0.257
699,-2,Brazil,Ghana,44.99,0.1753,0.126
699,-1,Brazil,Ghana,52.55,0.1903,0.173
699,0,Brazil,Ghana,82.33,0.1775,0.282
699,1,Brazil,Ghana,50.87,0.1968,0.254
699,2,Brazil,Ghana,47.93,0.1815,0.173
699,3,Brazil,Ghana,40.82,0.1812,0.122
700,-7,Spain,France,30.1,0.3514,0.133
700,-6,Spain,France,36.61,0.3778,0.07
700,-5,Spain,France,34.45,0.345,0.112
700,-4,Spain,France,45.36,0.3617,0.095
700,-3,Spain,France,44.23,0.3656,0.163
700,-2,Spain,France,55.53,0.3686,0.132
700,-1,Spain,France,53.6,0.3613,0.085
700,0,Spain,France,81.76,0.3641,0.137
700,1,Spain,France,54.66,0.3592,0.102
700,2,Spain,France,45.46,0.3722,0.064
700,3,Spain,France,40.21,0.3681,0.129
701,-7,Germany,Argentina,26.89,0.2215,0.218
701,-6,Germany,Argentina,39.0,0.2112,0.17
701,-5,Germany,Argentina,32.49,0.2199,0.174
701,-4,Germany,Argentina,41.03,0.2088,0.207
701,-3,Germany,Argentina,40.25,0.1919,0.218
701,-2,Germany,Argentina,39.21,0.2121,0.164
701,-1,Germany,Argentina,50.51,0.2146,0.177
701,0,Germany,Argentina,78.37,0.2127,0.357
701,1,Germany,Argentina,49.34,0.1993,0.075
701,2,Germany,Argentina,47.63,0.1949,0.089
701,3,Germany,Argentina,36.35,0.2195,0.267
702,-7,Italy,Ukraine,27.75,0.1557,-0.163
702,-6,Italy,Ukraine,30.71,0.1578,0.0
702,-5,Italy,Ukraine,39.42,0.1238,-0.029
702,-4,Italy,Ukraine,40.6,0.1559,0.058
702,-3,Italy,Ukraine,43.4,0.1369,-0.033
702,-2,Italy,Ukraine,55.18,0.1355,-0.077
702,-1,Italy,Ukraine,54.87,0.1379,0.147
702,0,Italy,Ukraine,89.64,0.1477,0.044
702,1,Italy,Ukraine,46.1,0.163,-0.135
702,2,Italy,Ukraine,42.38,0.152,0.06
702,3,Italy,Ukraine,37.48,0.1441,-0.094
703,-7,Brazil,France,27.64,0.213,0.099
703,-6,Brazil,France,33.13,0.226,0.182
703,-5,Brazil,France,32.83,0.2312,0.141
703,-4,Brazil,France,34.41,0.2294,0.113
703,-3,Brazil,France,38.35,0.2354,0.211
703,-2,Brazil,France,42.54,0.2331,0.054
703,-1,Brazil,France,47.57,0.2136,0.143
703,0,Brazil,France,76.7,0.2293,0.172
703,1,Brazil,France,49.07,0.2207,0.227
703,2,Brazil,France,38.17,0.2146,0.172
703,3,Brazil,France,44.85,0.2184,0.125
704,-7,England,Portugal,23.08,0.1933,-0.047
704,-6,England,Portugal,35.14,0.1963,-0.153
704,-5,England,Portugal,32.19,0.1804,-0.011
704,-4,England,Portugal,30.37,0.2036,-0.076
704,-3,England,Portugal,40.12,0.2029,-0.097
704,-2,England,Portugal,43.33,0.2098,0.029
704,-1,England,Portugal,42.79,0.1777,-0.205
704,0,England,Portugal,64.81,0.1854,-0.19
704,1,England,Portugal,45.19,0.2101,-0.053
704,2,England,Portugal,39.66,0.1934,0.044
704,3,England,Portugal,40.0,0.2019,-0.088
705,-7,Germany,Italy,28.89,0.1312,-0.014
705,-6,Germany,Italy,32.61,0.0874,-0.046
705,-5,Germany,Italy,32.68,0.113,-0.055
705,-4,Germany,Italy,37.74,0.0999,-0.078
705,-3,Germany,Italy,37.09,0.1051,0.006
705,-2,Germany,Italy,44.65,0.0972,-0.011
705,-1,Germany,Italy,49.41,0.0947,0.005
705,0,Germany,Italy,83.43,0.1054,-0.103
705,1,Germany,Italy,55.68,0.1223,0.099
705,2,Germany,Italy,45.18,0.0978,-0.064
705,3,Germany,Italy,45.08,0.1265,-0.065
706,-7,Portugal,France,19.93,0.0899,0.061
706,-6,Portugal,France,28.37,0.0872,0.153
706,-5,Portugal,France,30.55,0.0917,0.115
706,-4,Portugal,France,28.06,0.0966,0.092
706,-3,Portugal,France,35.08,0.0814,0.138
706,-2,Portugal,France,43.74,0.0978,0.155
706,-1,Portugal,France,44.49,0.0546,0.132
706,0,Portugal,France,76.34,0.0877,0.17
706,1,Portugal,France,45.09,0.0859,0.06
706,2,Portugal,France,46.02,0.0792,0.268
706,3,Portugal,France,37.75,0.0997,0.09
707,-7,Germany,Portugal,36.89,0.1185,0.371
707,-6,Germany,Portugal,35.52,0.1182,0.415
707,-5,Germany,Portugal,34.06,0.1037,0.342
707,-4,Germany,Portugal,41.0,0.0935,0.42
707,-3,Germany,Portugal,37.99,0.0894,0.338
707,-2,Germany,Portugal,48.26,0.0848,0.332
707,-1,Germany,Portugal,57.16,0.1137,0.217
707,0,Germany,Portugal,80.98,0.1182,0.421
707,1,Germany,Portugal,55.86,0.1097,0.327
707,2,Germany,Portugal,49.57,0.1086,0.401
707,3,Germany,Portugal,42.87,0.1023,0.314
708,-7,Italy,France,32.05,0.0604,-0.081
708,-6,Italy,France,34.47,0.0811,-0.058
708,-5,Italy,France,28.62,0.077,-0.068
708,-4,Italy,France,39.25,0.0714,-0.147
708,-3,Italy,France,36.24,0.0725,-0.016
708,-2,Italy,France,41.25,0.0685,0.031
708,-1,Italy,France,54.42,0.0809,-0.044
708,0,Italy,France,74.92,0.0841,-0.046
708,1,Italy,France,53.76,0.0893,0.005
708,2,Italy,France,43.58,0.0726,-0.139
708,3,Italy,France,40.9,0.0766,-0.12
709,-7,South Africa,Mexico,38.94,0.1401,-0.027
709,-6,South Africa,Mexico,40.09,0.1274,0.09
709,-5,South Africa,Mexico,35.8,0.1279,0.008
709,-4,South Africa,Mexico,43.56,0.1439,0.023
709,-3,South Africa,Mexico,34.96,0.1371,-0.055
709,-2,South Africa,Mexico,48.37,0.1248,-0.011
709,-1,South Africa,Mexico,49.6,0.1456,-0.092
709,0,South Africa,Mexico,81.65,0.1375,0.027
709,1,South Africa,Mexico,50.26,0.1392,0.001
709,2,South Africa,Mexico,44.91,0.1342,0.152
709,3,South Africa,Mexico,36.84,0.1394,0.022
710,-7,Uruguay,France,27.59,0.2586,0.055
710,-6,Uruguay,France,31.62,0.2617,0.249
710,-5,Uruguay,France,29.27,0.2835,0.138
710,-4,Uruguay,France,33.45,0.2659,0.209
710,-3,Uruguay,France,41.48,0.2731,0.219
710,-2,Uruguay,France,43.04,0.2609,0.204
710,-1,Uruguay,France,46.89,0.2455,0.151
710,0,Uruguay,France,67.2,0.2621,0.161
710,1,Uruguay,France,47.67,0.2669,0.215
710,2,Uruguay,France,42.59,0.2718,0.181
710,3,Uruguay,France,43.19,0.2511,0.269
711,-7,Argentina,Nigeria,27.35,0.2481,0.305
711,-6,Argentina,Nigeria,28.57,0.2449,0.392
711,-5,Argentina,Nigeria,34.72,0.2344,0.38
711,-4,Argentina,Nigeria,38.94,0.2396,0.346
711,-3,Argentina,Nigeria,42.73,0.2381,0.353
711,-2,Argentina,Nigeria,42.38,0.2639,0.268
711,-1,Argentina,Nigeria,53.53,0.2545,0.29
711,0,Argentina,Nigeria,73.57,0.2679,0.282
711,1,Argentina,Nigeria,53.6,0.26,0.236
711,2,Argentina,Nigeria,44.83,0.258,0.234
711,3,Argentina,Nigeria,40.58,0.2639,0.412
712,-7,England,United States,34.46,0.384,0.176
712,-6,England,United States,34.84,0.348,0.308
712,-5,England,United States,32.38,0.3774,0.296
712,-4,England,United States,35.79,0.3677,0.208
712,-3,England,United States,40.69,0.3537,0.195
712,-2,England,United States,47.75,0.3732,0.216
712,-1,England,United States,49.14,0.3642,0.054
712,0,England,United States,77.72,0.3518,0.222
712,1,England,United States,58.03,0.3579,0.151
712,2,England,United States,44.04,0.3653,0.162
712,3,England,United States,40.38,0.3667,0.258
713,-7,South Korea,Greece,27.31,0.2238,0.219
713,-6,South Korea,Greece,28.91,0.2265,0.153
713,-5,South Korea,Greece,39.16,0.2496,0.398
713,-4,South Korea,Greece,36.29,0.2578,0.261
713,-3,South Korea,Greece,40.19,0.24,0.187
713,-2,South Korea,Greece,47.39,0.2536,0.2
713,-1,South Korea,Greece,54.8,0.2571,0.331
713,0,South Korea,Greece,74.96,0.2412,0.276
713,1,South Korea,Greece,48.03,0.2261,0.224
713,2,South Korea,Greece,45.04,0.2397,0.193
713,3,South Korea,Greece,49.7,0.2363,0.267
714,-7,Algeria,Slovenia,31.33,0.194,0.225
714,-6,Algeria,Slovenia,33.86,0.2162,0.196
714,-5,Algeria,Slovenia,34.0,0.2249,-0.009
714,-4,Algeria,Slovenia,39.95,0.2165,0.136
714,-3,Algeria,Slovenia,37.61,0.2117,0.105
714,-2,Algeria,Slovenia,40.75,0.2186,0.232
714,-1,Algeria,Slovenia,44.91,0.2202,0.093
714,0,Algeria,Slovenia,74.22,0.2152,0.128
714,1,Algeria,Slovenia,50.53,0.2007,0.198
714,2,Algeria,Slovenia,45.02,0.2214,0.207
714,3,Algeria,Slovenia,33.83,0.2219,0.111
715,-7,Germany,Australia,36.53,0.1842,0.17
715,-6,Germany,Australia,31.68,0.1986,0.125
715,-5,Germany,Australia,37.62,0.1814,0.079
715,-4,Germany,Australia,44.66,0.2117,0.242
715,-3,Germany,Australia,47.15,0.1968,0.136
715,-2,Germany,Australia,56.73,0.2,0.111
715,-1,Germany,Australia,54.76,0.1919,0.132
715,0,Germany,Australia,82.38,0.1863,0.101
715,1,Germany,Australia,54.14,0.201,0.152
715,2,Germany,Australia,50.89,0.1997,0.113
715,3,Germany,Australia,32.03,0.1833,0.155
716,-7,Serbia,Ghana,26.58,0.191,0.228
716,-6,Serbia,Ghana,30.74,0.1736,0.165
716,-5,Serbia,Ghana,34.01,0.1882,0.0
716,-4,Serbia,Ghana,34.52,0.1686,-0.012
716,-3,Serbia,Ghana,38.82,0.1627,0.137
716,-2,Serbia,Ghana,43.03,0.1861,0.146
716,-1,Serbia,Ghana,43.96,0.1849,0.333
716,0,Serbia,Ghana,79.86,0.1889,0.15
716,1,Serbia,Ghana,48.17,0.174,0.181
716,2,Serbia,Ghana,40.76,0.1833,0.118
716,3,Serbia,Ghana,34.55,0.1726,0.252
717,-7,Italy,Paraguay,31.15,0.1557,0.043
717,-6,Italy,Paraguay,36.07,0.1947,0.127
717,-5,Italy,Paraguay,34.11,0.2005,0.092
717,-4,Italy,Paraguay,36.27,0.2052,0.197
717,-3,Italy,Paraguay,43.48,0.1995,0.031
717,-2,Italy,Paraguay,49.77,0.1922,0.129
717,-1,Italy,Paraguay,54.5,0.2102,0.16
717,0,Italy,Paraguay,82.46,0.1832,0.03
717,1,Italy,Paraguay,47.03,0.181,0.197
717,2,Italy,Paraguay,43.03,0.1848,0.086
717,3,Italy,Paraguay,39.53,0.2254,0.071
718,-7,Japan,Cameroon,31.07,0.2254,0.113
718,-6,Japan,Cameroon,29.12,0.2262,0.178
718,-5,Japan,Cameroon,28.56,0.2364,0.205
718,-4,Japan,Cameroon,31.69,0.2361,0.282
718,-3,Japan,Cameroon,44.75,0.2058,0.178
718,-2,Japan,Cameroon,39.94,0.227,0.326
718,-1,Japan,Cameroon,47.34,0.2291,0.171
718,0,Japan,Cameroon,81.79,0.2072,0.19
718,1,Japan,Cameroon,46.86,0.2141,0.306
718,2,Japan,Cameroon,38.43,0.2293,0.223
718,3,Japan,Cameroon,37.93,0.214,0.217
719,-7,Netherlands,Denmark,28.0,0.3146,0.032
719,-6,Netherlands,Denmark,39.71,0.3062,0.037
719,-5,Netherlands,Denmark,34.24,0.3254,-0.003
719,-4,Netherlands,Denmark,38.17,0.3114,-0.049
719,-3,Netherlands,Denmark,40.39,0.3114,0.047
719,-2,Netherlands,Denmark,48.57,0.3039,0.015
719,-1,Netherlands,Denmark,55.19,0.2918,-0.004
719,0,Netherlands,Denmark,68.88,0.3138,-0.059
719,1,Netherlands,Denmark,49.19,0.3034,0.039
719,2,Netherlands,Denmark,54.86,0.2863,-0.063
719,3,Netherlands,Denmark,42.94,0.2962,0.055
720,-7,Brazil,North Korea,31.23,0.1045,0.228
720,-6,Brazil,North Korea,36.05,0.0824,0.381
720,-5,Brazil,North Korea,30.88,0.0854,0.146
720,-4,Brazil,North Korea,42.78,0.1004,0.16
720,-3,Brazil,North Korea,47.21,0.0855,0.272
720,-2,Brazil,North Korea,50.41,0.091,0.309
720,-1,Brazil,North Korea,53.27,0.098,0.226
720,0,Brazil,North Korea,75.5,0.0924,0.184
720,1,Brazil,North Korea,58.65,0.0775,0.331
720,2,Brazil,North Korea,47.6,0.0988,0.148
720,3,Brazil,North Korea,42.64,0.0859,0.392
721,-7,Ivory Coast,Portugal,25.95,0.2861,0.242
721,-6,Ivory Coast,Portugal,34.42,0.2652,0.286
721,-5,Ivory Coast,Portugal,39.87,0.2767,0.127
721,-4,Ivory Coast,Portugal,32.63,0.278,0.165
721,-3,Ivory Coast,Portugal,39.61,0.2561,0.162
721,-2,Ivory Coast,Portugal,47.0,0.2821,0.131
721,-1,Ivory Coast,Portugal,47.56,0.2547,0.113
721,0,Ivory Coast,Portugal,71.94,0.2799,0.111
721,1,Ivory Coast,Portugal,44.31,0.2814,0.13
721,2,Ivory Coast,Portugal,40.06,0.282,0.192
721,3,Ivory Coast,Portugal,38.25,0.2681,0.187
722,-7,New Zealand,Slovakia,32.55,0.175,0.143
722,-6,New Zealand,Slovakia,30.78,0.1659,0.123
722,-5,New Zealand,Slovakia,32.13,0.1596,0.129
722,-4,New Zealand,Slovakia,42.0,0.1476,0.108
722,-3,New Zealand,Slovakia,43.09,0.1854,0.261
722,-2,New Zealand,Slovakia,45.58,0.1962,0.167
722,-1,New Zealand,Slovakia,54.68,0.1597,0.167
722,0,New Zealand,Slovakia,82.22,0.1642,-0.047
722,1,New Zealand,Slovakia,52.35,0.1699,0.229
722,2,New Zealand,Slovakia,44.6,0.164,0.053
722,3,New Zealand,Slovakia,39.93,0.2045,0.024
723,-7,Honduras,Chile,24.84,0.3529,0.13
723,-6,Honduras,Chile,34.26,0.3722,-0.035
723,-5,Honduras,Chile,29.3,0.3482,-0.017
723,-4,Honduras,Chile,37.12,0.351,0.033
723,-3,Honduras,Chile,38.06,0.3425,-0.092
723,-2,Honduras,Chile,45.46,0.3549,0.068
723,-1,Honduras,Chile,55.3,0.3391,-0.006
723,0,Honduras,Chile,75.38,0.3352,-0.045
723,1,Honduras,Chile,55.37,0.346,-0.064
723,2,Honduras,Chile,44.56,0.3645,-0.029
723,3,Honduras,Chile,41.0,0.3262,0.032
724,-7,South Africa,Uruguay,32.59,0.2773,-0.073
724,-6,South Africa,Uruguay,33.08,0.2783,0.019
724,-5,South Africa,Uruguay,37.01,0.2618,0.031
724,-4,South Africa,Uruguay,44.07,0.2496,0.054
724,-3,South Africa,Uruguay,44.6,0.278,0.049
724,-2,South Africa,Uruguay,51.62,0.266,0.066
724,-1,South Africa,Uruguay,54.06,0.2746,0.096
724,0,South Africa,Uruguay,78.14,0.2693,0.096
724,1,South Africa,Uruguay,58.89,0.2546,0.096
724,2,South Africa,Uruguay,47.01,0.269,-0.017
724,3,South Africa,Uruguay,43.67,0.2705,-0.01
725,-7,Spain,Switzerland,34.58,0.0953,0.314
725,-6,Spain,Switzerland,23.17,0.1107,0.31
725,-5,Spain,Switzerland,36.66,0.1125,0.259
725,-4,Spain,Switzerland,39.07,0.1252,0.373
725,-3,Spain,Switzerland,36.04,0.1114,0.122
725,-2,Spain,Switzerland,39.95,0.1054,0.337
725,-1,Spain,Switzerland,48.2,0.1103,0.297
725,0,Spain,Switzerland,73.75,0.0899,0.224
725,1,Spain,Switzerland,49.46,0.1194,0.262
725,2,Spain,Switzerland,46.32,0.1249,0.354
725,3,Spain,Switzerland,41.16,0.1002,0.189
726,-7,Argentina,South Korea,30.09,0.2493,0.142
726,-6,Argentina,South Korea,43.22,0.2647,0.129
726,-5,Argentina,South Korea,42.86,0.2523,0.208
726,-4,Argentina,South Korea,46.26,0.2629,0.282
726,-3,Argentina,South Korea,50.79,0.2627,0.125
726,-2,Argentina,South Korea,50.21,0.2606,0.128
726,-1,Argentina,South Korea,56.55,0.2596,0.052
726,0,Argentina,South Korea,85.99,0.243,0.164
726,1,Argentina,South Korea,57.95,0.2607,0.197
726,2,Argentina,South Korea,48.7,0.2537,0.031
726,3,Argentina,South Korea,50.47,0.2695,0.228
727,-7,France,Mexico,36.2,0.1152,0.134
727,-6,France,Mexico,26.62,0.1071,0.161
727,-5,France,Mexico,28.28,0.1074,0.178
727,-4,France,Mexico,41.66,0.1117,0.193
727,-3,France,Mexico,48.66,0.0986,0.26
727,-2,France,Mexico,47.82,0.1355,0.252
727,-1,France,Mexico,49.51,0.1203,0.082
727,0,France,Mexico,77.24,0.1207,0.205
727,1,France,Mexico,54.59,0.1393,0.154
727,2,France,Mexico,50.49,0.1235,0.092
727,3,France,Mexico,41.61,0.1217,0.125
728,-7,Greece,Nigeria,28.17,0.132,0.03
728,-6,Greece,Nigeria,31.11,0.1597,-0.104
728,-5,Greece,Nigeria,37.22,0.1512,0.001
728,-4,Greece,Nigeria,39.17,0.1408,0.063
728,-3,Greece,Nigeria,46.04,0.1518,0.026
728,-2,Greece,Nigeria,42.96,0.1469,0.022
728,-1,Greece,Nigeria,51.93,0.1476,0.038
728,0,Greece,Nigeria,83.11,0.1751,0.116
728,1,Greece,Nigeria,58.49,0.151,0.073
728,2,Greece,Nigeria,50.07,0.1506,0.128
728,3,Greece,Nigeria,43.93,0.1292,-0.035
729,-7,England,Algeria,29.98,0.2131,0.201
729,-6,England,Algeria,35.12,0.224,0.238
729,-5,England,Algeria,33.74,0.2269,0.158
729,-4,England,Algeria,32.73,0.2151,0.038
729,-3,England,Algeria,36.41,0.2523,0.048
729,-2,England,Algeria,38.87,0.2169,0.1
729,-1,England,Algeria,48.88,0.2193,0.139
729,0,England,Algeria,70.16,0.2209,0.149
729,1,England,Algeria,47.47,0.2504,0.151
729,2,England,Algeria,42.26,0.1966,0.17
729,3,England,Algeria,32.06,0.2332,0.163
730,-7,Germany,Serbia,32.31,0.1624,0.021
730,-6,Germany,Serbia,34.03,0.1588,0.062
730,-5,Germany,Serbia,36.14,0.1684,0.129
730,-4,Germany,Serbia,38.89,0.1499,0.088
730,-3,Germany,Serbia,38.25,0.1796,0.04
730,-2,Germany,Serbia,35.49,0.1773,0.003
730,-1,Germany,Serbia,48.28,0.1649,0.074
730,0,Germany,Serbia,72.88,0.1834,-0.087
730,1,Germany,Serbia,50.92,0.1793,0.071
730,2,Germany,Serbia,45.38,0.1675,-0.019
730,3,Germany,Serbia,36.28,0.1618,-0.048
731,-7,Slovenia,United States,29.03,0.3553,0.046
731,-6,Slovenia,United States,39.32,0.3189,0.094
731,-5,Slovenia,United States,34.53,0.3204,0.231
731,-4,Slovenia,United States,43.49,0.3309,0.356
731,-3,Slovenia,United States,45.24,0.3344,0.118
731,-2,Slovenia,United States,47.16,0.3273,0.226
731,-1,Slovenia,United States,57.72,0.3492,0.116
731,0,Slovenia,United States,87.07,0.3374,0.196
731,1,Slovenia,United States,52.7,0.3212,0.204
731,2,Slovenia,United States,53.03,0.3263,0.209
731,3,Slovenia,United States,49.5,0.3294,0.065
732,-7,Cameroon,Denmark,27.22,0.217,0.162
732,-6,Cameroon,Denmark,34.01,0.2249,0.174
732,-5,Cameroon,Denmark,39.21,0.216,0.282
732,-4,Cameroon,Denmark,43.27,0.2355,0.147
732,-3,Cameroon,Denmark,43.31,0.2338,0.179
732,-2,Cameroon,Denmark,45.78,0.2162,0.145
732,-1,Cameroon,Denmark,49.72,0.2595,0.056
732,0,Cameroon,Denmark,78.61,0.2323,0.145
732,1,Cameroon,Denmark,52.55,0.2298,0.265
732,2,Cameroon,Denmark,47.27,0.2362,0.074
732,3,Cameroon,Denmark,41.6,0.231,0.331
733,-7,Ghana,Australia,27.29,0.1496,0.212
733,-6,Ghana,Australia,33.09,0.1547,0.103
733,-5,Ghana,Australia,33.7,0.1696,0.165
733,-4,Ghana,Australia,42.63,0.1617,0.23
733,-3,Ghana,Australia,43.11,0.1585,0.246
733,-2,Ghana,Australia,42.22,0.1567,0.159
733,-1,Ghana,Australia,53.17,0.1709,0.131
733,0,Ghana,Australia,75.72,0.1642,0.08
733,1,Ghana,Australia,55.36,0.1606,0.106
733,2,Ghana,Australia,42.32,0.1671,0.208
733,3,Ghana,Australia,39.45,0.1619,0.109
734,-7,Netherlands,Japan,28.61,0.2476,0.215
734,-6,Netherlands,Japan,30.93,0.2351,0.093
734,-5,Netherlands,Japan,28.14,0.2161,-0.096
734,-4,Netherlands,Japan,38.66,0.2532,0.141
734,-3,Netherlands,Japan,40.71,0.2287,0.041
734,-2,Netherlands,Japan,48.45,0.2325,0.07
734,-1,Netherlands,Japan,46.02,0.2371,0.056
734,0,Netherlands,Japan,77.49,0.2419,-0.048
734,1,Netherlands,Japan,48.85,0.2246,0.029
734,2,Netherlands,Japan,40.83,0.2212,-0.011
734,3,Netherlands,Japan,43.44,0.2344,0.088
735,-7,Brazil,Ivory Coast,26.22,0.1631,0.093
735,-6,Brazil,Ivory Coast,41.48,0.1487,0.106
735,-5,Brazil,Ivory Coast,45.31,0.1465,0.106
735,-4,Brazil,Ivory Coast,40.06,0.1521,0.084
735,-3,Brazil,Ivory Coast,43.98,0.1325,0.069
735,-2,Brazil,Ivory Coast,47.55,0.161,0.193
735,-1,Brazil,Ivory Coast,56.55,0.1331,0.083
735,0,Brazil,Ivory Coast,83.73,0.1612,0.142
735,1,Brazil,Ivory Coast,58.34,0.1421,0.06
735,2,Brazil,Ivory Coast,50.34,0.1268,0.206
735,3,Brazil,Ivory Coast,42.68,0.1328,0.179
736,-7,Italy,New Zealand,28.22,0.2871,0.025
736,-6,Italy,New Zealand,31.78,0.2968,0.166
736,-5,Italy,New Zealand,37.45,0.2895,0.286
736,-4,Italy,New Zealand,35.96,0.2868,0.107
736,-3,Italy,New Zealand,41.81,0.2846,0.277
736,-2,Italy,New Zealand,44.3,0.2846,0.163
736,-1,Italy,New Zealand,51.93,0.3136,-0.035
736,0,Italy,New Zealand,78.9,0.3038,0.174
736,1,Italy,New Zealand,53.68,0.3038,0.191
736,2,Italy,New Zealand,44.2,0.3009,0.245
736,3,Italy,New Zealand,41.92,0.297,0.277
737,-7,Slovakia,Paraguay,30.48,0.0666,0.172
737,-6,Slovakia,Paraguay,31.29,0.0772,0.063
737,-5,Slovakia,Paraguay,35.04,0.0721,0.061
737,-4,Slovakia,Paraguay,41.58,0.0652,0.228
737,-3,Slovakia,Paraguay,44.28,0.0609,0.151
737,-2,Slovakia,Paraguay,47.42,0.0872,0.141
737,-1,Slovakia,Paraguay,51.35,0.0606,0.148
737,0,Slovakia,Paraguay,75.1,0.0583,0.064
737,1,Slovakia,Paraguay,48.75,0.0725,0.137
737,2,Slovakia,Paraguay,43.89,0.0611,0.118
737,3,Slovakia,Paraguay,42.32,0.0448,0.059
738,-7,Chile,Switzerland,24.47,0.0802,0.076
738,-6,Chile,Switzerland,28.05,0.1002,0.256
738,-5,Chile,Switzerland,37.05,0.0842,0.142
738,-4,Chile,Switzerland,36.85,0.0837,0.22
738,-3,Chile,Switzerland,47.58,0.0734,0.228
738,-2,Chile,Switzerland,42.67,0.0879,0.147
738,-1,Chile,Switzerland,55.3,0.0944,0.156
738,0,Chile,Switzerland,79.09,0.1031,0.163
738,1,Chile,Switzerland,53.45,0.0838,0.006
738,2,Chile,Switzerland,51.13,0.0785,0.09
738,3,Chile,Switzerland,39.39,0.085,0.076
739,-7,Portugal,North Korea,38.05,0.2076,0.39
739,-6,Portugal,North Korea,41.03,0.1969,0.318
739,-5,Portugal,North Korea,46.08,0.1956,0.309
739,-4,Portugal,North Korea,49.02,0.2017,0.312
739,-3,Portugal,North Korea,48.32,0.2154,0.388
739,-2,Portugal,North Korea,56.04,0.1879,0.364
739,-1,Portugal,North Korea,60.82,0.191,0.305
739,0,Portugal,North Korea,96.36,0.2168,0.273
739,1,Portugal,North Korea,58.31,0.2102,0.318
739,2,Portugal,North Korea,57.15,0.1968,0.387
739,3,Portugal,North Korea,45.24,0.2085,0.2
740,-7,Spain,Honduras,33.9,0.3566,0.092
740,-6,Spain,Honduras,33.73,0.3365,0.157
740,-5,Spain,Honduras,36.67,0.3661,0.005
740,-4,Spain,Honduras,39.38,0.3413,0.071
740,-3,Spain,Honduras,38.85,0.4171,0.103
740,-2,Spain,Honduras,51.14,0.354,0.089
740,-1,Spain,Honduras,55.0,0.3441,0.014
740,0,Spain,Honduras,82.47,0.3544,0.009
740,1,Spain,Honduras,49.62,0.3423,-0.076
740,2,Spain,Honduras,40.55,0.3575,0.108
740,3,Spain,Honduras,50.95,0.3565,-0.029
741,-7,Greece,Argentina,30.57,0.2453,0.336
741,-6,Greece,Argentina,36.17,0.2438,0.271
741,-5,Greece,Argentina,38.08,0.2227,0.123
741,-4,Greece,Argentina,45.86,0.2363,0.301
741,-3,Greece,Argentina,32.33,0.2554,0.345
741,-2,Greece,Argentina,41.0,0.2331,0.283
741,-1,Greece,Argentina,47.41,0.2428,0.337
741,0,Greece,Argentina,80.2,0.2181,0.191
741,1,Greece,Argentina,51.4,0.2339,0.248
741,2,Greece,Argentina,45.56,0.2153,0.32
741,3,Greece,Argentina,44.33,0.2432,0.294
742,-7,Mexico,Uruguay,28.52,0.1389,-0.03
742,-6,Mexico,Uruguay,37.07,0.146,-0.075
742,-5,Mexico,Uruguay,34.06,0.1212,0.058
742,-4,Mexico,Uruguay,37.59,0.1397,-0.025
742,-3,Mexico,Uruguay,42.52,0.1452,-0.095
742,-2,Mexico,Uruguay,48.95,0.1349,-0.051
742,-1,Mexico,Uruguay,54.64,0.1589,0.012
742,0,Mexico,Uruguay,71.72,0.1353,0.01
742,1,Mexico,Uruguay,54.14,0.1617,0.053
742,2,Mexico,Uruguay,47.01,0.1437,-0.02
742,3,Mexico,Uruguay,35.3,0.1501,0.104
743,-7,Nigeria,South Korea,31.18,0.1787,0.195
743,-6,Nigeria,South Korea,35.67,0.1617,0.309
743,-5,Nigeria,South Korea,39.89,0.1637,0.227
743,-4,Nigeria,South Korea,37.27,0.1376,0.185
743,-3,Nigeria,South Korea,44.62,0.1708,0.211
743,-2,Nigeria,South Korea,48.33,0.129,0.259
743,-1,Nigeria,South Korea,56.46,0.1742,0.224
743,0,Nigeria,South Korea,89.02,0.1578,0.219
743,1,Nigeria,South Korea,56.57,0.1723,0.251
743,2,Nigeria,South Korea,51.65,0.1676,0.209
743,3,Nigeria,South Korea,48.46,0.1443,0.178
744,-7,South Africa,France,37.39,0.1397,0.222
744,-6,South Africa,France,39.0,0.1463,0.169
744,-5,South Africa,France,41.02,0.1443,0.212
744,-4,South Africa,France,33.05,0.1463,0.275
744,-3,South Africa,France,42.21,0.1324,0.193
744,-2,South Africa,France,46.08,0.1448,0.191
744,-1,South Africa,France,59.6,0.1514,0.105
744,0,South Africa,France,82.29,0.1473,0.311
744,1,South Africa,France,53.23,0.1456,0.357
744,2,South Africa,France,44.49,0.1574,0.231
744,3,South Africa,France,41.97,0.14,0.322
745,-7,Australia,Serbia,33.45,0.1859,0.167
745,-6,Australia,Serbia,35.34,0.166,-0.005
745,-5,Australia,Serbia,42.22,0.1812,0.111
745,-4,Australia,Serbia,46.3,0.1659,-0.072
745,-3,Australia,Serbia,37.38,0.1723,0.113
745,-2,Australia,Serbia,53.1,0.1888,-0.074
745,-1,Australia,Serbia,63.58,0.1738,0.191
745,0,Australia,Serbia,83.95,0.1788,0.088
745,1,Australia,Serbia,49.89,0.1632,0.093
745,2,Australia,Serbia,43.37,0.1985,0.112
745,3,Australia,Serbia,51.04,0.1735,0.064
746,-7,Ghana,Germany,31.58,0.2121,0.102
746,-6,Ghana,Germany,36.7,0.2284,0.13
746,-5,Ghana,Germany,37.03,0.2086,0.114
746,-4,Ghana,Germany,39.53,0.2078,-0.0
746,-3,Ghana,Germany,40.23,0.2285,0.042
746,-2,Ghana,Germany,44.72,0.2133,0.009
746,-1,Ghana,Germany,45.81,0.2247,-0.037
746,0,Ghana,Germany,76.34,0.2103,0.088
746,1,Ghana,Germany,48.69,0.2031,0.103
746,2,Ghana,Germany,41.85,0.2171,0.123
746,3,Ghana,Germany,38.0,0.214,0.004
747,-7,Slovenia,England,29.97,0.42,0.023
747,-6,Slovenia,England,29.5,0.42,0.071
747,-5,Slovenia,England,35.06,0.42,-0.044
747,-4,Slovenia,England,36.65,0.42,-0.048
747,-3,Slovenia,England,45.39,0.42,-0.038
747,-2,Slovenia,England,43.5,0.42,0.021
747,-1,Slovenia,England,47.33,0.42,0.06
747,0,Slovenia,England,74.03,0.42,0.032
747,1,Slovenia,England,52.93,0.42,-0.049
747,2,Slovenia,England,44.32,0.42,-0.042
747,3,Slovenia,England,39.91,0.42,-0.109
748,-7,United States,Algeria,27.12,0.3389,-0.005
748,-6,United States,Algeria,29.34,0.3123,0.193
748,-5,United States,Algeria,34.54,0.3383,0.019
748,-4,United States,Algeria,41.15,0.3526,0.1
748,-3,United States,Algeria,38.88,0.3412,0.146
748,-2,United States,Algeria,47.78,0.3426,0.162
748,-1,United States,Algeria,47.46,0.3455,0.063
748,0,United States,Algeria,67.31,0.329,0.056
748,1,United States,Algeria,50.73,0.3447,0.108
748,2,United States,Algeria,51.77,0.3283,-0.044
748,3,United States,Algeria,41.53,0.3281,0.019
749,-7,Cameroon,Netherlands,30.78,0.2529,0.161
749,-6,Cameroon,Netherlands,39.47,0.2638,0.19
749,-5,Cameroon,Netherlands,42.42,0.2588,0.123
749,-4,Cameroon,Netherlands,35.34,0.2613,0.094
749,-3,Cameroon,Netherlands,39.62,0.2577,0.288
749,-2,Cameroon,Netherlands,52.75,0.2702,0.209
749,-1,Cameroon,Netherlands,51.78,0.267,0.334
749,0,Cameroon,Netherlands,82.53,0.2568,0.198
749,1,Cameroon,Netherlands,52.85,0.2689,0.156
749,2,Cameroon,Netherlands,49.65,0.2691,0.233
749,3,Cameroon,Netherlands,39.92,0.2605,0.172
750,-7,Denmark,Japan,32.71,0.2335,0.135
750,-6,Denmark,Japan,36.03,0.2221,-0.045
750,-5,Denmark,Japan,42.38,0.2393,0.021
750,-4,Denmark,Japan,45.38,0.2397,-0.036
750,-3,Denmark,Japan,41.36,0.249,0.19
750,-2,Denmark,Japan,52.91,0.2369,0.032
750,-1,Denmark,Japan,55.9,0.2173,0.05
750,0,Denmark,Japan,87.05,0.2628,0.124
750,1,Denmark,Japan,62.48,0.2617,0.146
750,2,Denmark,Japan,50.07,0.2456,-0.069
750,3,Denmark,Japan,45.76,0.2483,0.028
751,-7,Paraguay,New Zealand,22.97,0.2927,0.194
751,-6,Paraguay,New Zealand,36.45,0.2826,0.262
751,-5,Paraguay,New Zealand,36.9,0.2655,0.13
751,-4,Paraguay,New Zealand,34.14,0.2621,0.29
751,-3,Paraguay,New Zealand,39.12,0.2792,0.073
751,-2,Paraguay,New Zealand,45.86,0.2688,0.254
751,-1,Paraguay,New Zealand,45.54,0.2897,0.232
751,0,Paraguay,New Zealand,71.5,0.2907,0.246
751,1,Paraguay,New Zealand,49.65,0.2618,0.222
751,2,Paraguay,New Zealand,43.22,0.2743,0.171
751,3,Paraguay,New Zealand,38.87,0.2633,0.06
752,-7,Slovakia,Italy,28.09,0.1609,-0.161
752,-6,Slovakia,Italy,39.15,0.1634,-0.012
752,-5,Slovakia,Italy,43.09,0.1542,0.038
752,-4,Slovakia,Italy,36.02,0.1304,-0.007
752,-3,Slovakia,Italy,48.36,0.1687,-0.003
752,-2,Slovakia,Italy,52.59,0.1667,0.0
752,-1,Slovakia,Italy,59.73,0.1438,-0.107
752,0,Slovakia,Italy,86.11,0.1666,-0.041
752,1,Slovakia,Italy,59.95,0.145,-0.032
752,2,Slovakia,Italy,52.57,0.1493,-0.026
752,3,Slovakia,Italy,37.76,0.1674,0.001
753,-7,Chile,Spain,28.51,0.2242,0.078
753,-6,Chile,Spain,32.34,0.1907,0.21
753,-5,Chile,Spain,41.85,0.2182,0.226
753,-4,Chile,Spain,37.89,0.2223,0.119
753,-3,Chile,Spain,38.32,0.1971,0.156
753,-2,Chile,Spain,45.97,0.204,0.171
753,-1,Chile,Spain,55.22,0.2101,0.12
753,0,Chile,Spain,79.49,0.1846,0.127
753,1,Chile,Spain,51.9,0.2008,-0.012
753,2,Chile,Spain,42.92,0.2083,0.019
753,3,Chile,Spain,43.05,0.1922,0.07
754,-7,North Korea,Ivory Coast,32.12,0.2684,0.08
754,-6,North Korea,Ivory Coast,30.28,0.2575,0.121
754,-5,North Korea,Ivory Coast,36.04,0.2725,0.007
754,-4,North Korea,Ivory Coast,41.57,0.2382,0.123
754,-3,North Korea,Ivory Coast,42.13,0.2531,-0.032
754,-2,North Korea,Ivory Coast,47.31,0.2668,0.052
754,-1,North Korea,Ivory Coast,49.6,0.2786,0.005
754,0,North Korea,Ivory Coast,80.03,0.2654,0.088
754,1,North Korea,Ivory Coast,53.66,0.2616,0.019
754,2,North Korea,Ivory Coast,52.5,0.2808,0.068
754,3,North Korea,Ivory Coast,44.24,0.2959,0.074
755,-7,Portugal,Brazil,28.99,0.2005,0.173
755,-6,Portugal,Brazil,19.77,0.2152,0.059
755,-5,Portugal,Brazil,30.32,0.1861,0.096
755,-4,Portugal,Brazil,34.45,0.2136,0.238
755,-3,Portugal,Brazil,45.77,0.2041,0.133
755,-2,Portugal,Brazil,45.72,0.1927,0.08
755,-1,Portugal,Brazil,46.65,0.2025,0.003
755,0,Portugal,Brazil,76.86,0.2058,0.204
755,1,Portugal,Brazil,42.44,0.1949,0.098
755,2,Portugal,Brazil,42.28,0.2025,0.209
755,3,Portugal,Brazil,39.32,0.194,0.301
756,-7,Switzerland,Honduras,27.43,0.1068,-0.026
756,-6,Switzerland,Honduras,30.75,0.126,0.026
756,-5,Switzerland,Honduras,35.02,0.1187,-0.018
756,-4,Switzerland,Honduras,37.83,0.1145,0.027
756,-3,Switzerland,Honduras,42.32,0.129,0.026
756,-2,Switzerland,Honduras,44.02,0.1201,0.101
756,-1,Switzerland,Honduras,46.13,0.1159,0.172
756,0,Switzerland,Honduras,74.56,0.0946,-0.044
756,1,Switzerland,Honduras,41.44,0.1014,0.053
756,2,Switzerland,Honduras,41.41,0.1169,0.104
756,3,Switzerland,Honduras,38.8,0.1314,-0.011
757,-7,Uruguay,South Korea,32.99,0.2286,-0.051
757,-6,Uruguay,South Korea,36.01,0.2292,0.034
757,-5,Uruguay,South Korea,28.37,0.2363,0.053
757,-4,Uruguay,South Korea,41.39,0.184,-0.0
757,-3,Uruguay,South Korea,38.7,0.2402,-0.04
757,-2,Uruguay,South Korea,53.41,0.2361,0.052
757,-1,Uruguay,South Korea,57.75,0.2134,-0.017
757,0,Uruguay,South Korea,85.27,0.2134,-0.056
757,1,Uruguay,South Korea,52.65,0.2141,0.168
757,2,Uruguay,South Korea,50.94,0.2178,-0.033
757,3,Uruguay,South Korea,44.9,0.239,0.057
758,-7,United States,Ghana,28.49,0.2602,0.064
758,-6,United States,Ghana,35.25,0.2718,0.161
758,-5,United States,Ghana,38.68,0.2802,0.126
758,-4,United States,Ghana,35.12,0.2714,0.017
758,-3,United States,Ghana,45.06,0.2651,0.096
758,-2,United States,Ghana,47.65,0.2846,0.006
758,-1,United States,Ghana,55.36,0.2646,0.022
758,0,United States,Ghana,81.54,0.2917,0.031
758,1,United States,Ghana,47.56,0.2661,0.063
758,2,United States,Ghana,54.77,0.2821,0.037
758,3,United States,Ghana,43.22,0.2963,0.073
759,-7,Argentina,Mexico,32.17,0.1889,0.112
759,-6,Argentina,Mexico,33.54,0.2043,0.137
759,-5,Argentina,Mexico,40.31,0.1911,-0.035
759,-4,Argentina,Mexico,40.64,0.1858,0.008
759,-3,Argentina,Mexico,44.46,0.1996,0.019
759,-2,Argentina,Mexico,45.16,0.1823,0.181
759,-1,Argentina,Mexico,57.65,0.1823,0.153
759,0,Argentina,Mexico,84.17,0.2211,0.081
759,1,Argentina,Mexico,57.7,0.2038,0.167
759,2,Argentina,Mexico,48.44,0.2106,0.019
759,3,Argentina,Mexico,44.04,0.1939,0.127
760,-7,Germany,England,32.96,0.3221,0.118
760,-6,Germany,England,36.75,0.2907,0.095
760,-5,Germany,England,32.16,0.3112,-0.033
760,-4,Germany,England,47.27,0.2857,-0.021
760,-3,Germany,England,48.42,0.3095,-0.019
760,-2,Germany,England,50.56,0.3137,0.095
760,-1,Germany,England,56.44,0.295,-0.071
760,0,Germany,England,88.87,0.3121,0.036
760,1,Germany,England,54.44,0.3237,-0.122
760,2,Germany,England,54.8,0.3049,0.058
760,3,Germany,England,44.13,0.3005,0.046
761,-7,Brazil,Chile,31.52,0.1252,0.384
761,-6,Brazil,Chile,36.42,0.1471,0.271
761,-5,Brazil,Chile,42.72,0.1378,0.196
761,-4,Brazil,Chile,42.96,0.1523,0.193
761,-3,Brazil,Chile,47.53,0.1502,0.201
761,-2,Brazil,Chile,49.95,0.1508,0.258
761,-1,Brazil,Chile,55.12,0.1542,0.328
761,0,Brazil,Chile,82.42,0.1435,0.281
761,1,Brazil,Chile,57.95,0.1543,0.241
761,2,Brazil,Chile,48.42,0.1667,0.316
761,3,Brazil,Chile,44.25,0.1604,0.226
762,-7,Netherlands,Slovakia,32.97,0.2606,0.166
762,-6,Netherlands,Slovakia,39.81,0.2371,0.087
762,-5,Netherlands,Slovakia,40.89,0.2162,0.133
762,-4,Netherlands,Slovakia,43.59,0.2449,-0.027
762,-3,Netherlands,Slovakia,39.01,0.2367,0.153
762,-2,Netherlands,Slovakia,50.03,0.238,0.171
762,-1,Netherlands,Slovakia,55.31,0.2366,0.158
762,0,Netherlands,Slovakia,79.77,0.2457,0.061
762,1,Netherlands,Slovakia,55.48,0.2437,0.099
762,2,Netherlands,Slovakia,50.45,0.2566,0.049
762,3,Netherlands,Slovakia,47.06,0.2511,0.105
763,-7,Paraguay,Japan,31.16,0.3643,0.024
763,-6,Paraguay,Japan,20.85,0.3847,-0.142
763,-5,Paraguay,Japan,33.15,0.3576,0.041
763,-4,Paraguay,Japan,34.84,0.3609,0.014
763,-3,Paraguay,Japan,41.53,0.3634,-0.133
763,-2,Paraguay,Japan,39.05,0.3827,-0.035
763,-1,Paraguay,Japan,48.54,0.3733,-0.2
763,0,Paraguay,Japan,71.99,0.3638,0.005
763,1,Paraguay,Japan,42.8,0.38,0.062
763,2,Paraguay,Japan,36.98,0.3676,-0.029
763,3,Paraguay,Japan,42.03,0.3414,-0.04
764,-7,Spain,Portugal,28.75,0.1881,0.239
764,-6,Spain,Portugal,30.91,0.1969,0.086
764,-5,Spain,Portugal,35.01,0.1981,0.157
764,-4,Spain,Portugal,34.37,0.1933,0.107
764,-3,Spain,Portugal,34.79,0.1801,0.156
764,-2,Spain,Portugal,43.12,0.2228,0.161
764,-1,Spain,Portugal,51.47,0.2096,0.148
764,0,Spain,Portugal,76.74,0.1745,0.141
764,1,Spain,Portugal,54.77,0.1844,-0.034
764,2,Spain,Portugal,41.0,0.2126,0.1
764,3,Spain,Portugal,45.66,0.1917,0.059
765,-7,Netherlands,Brazil,39.29,0.2909,0.231
765,-6,Netherlands,Brazil,35.75,0.2919,0.302
765,-5,Netherlands,Brazil,38.39,0.3012,0.205
765,-4,Netherlands,Brazil,34.16,0.2854,0.196
765,-3,Netherlands,Brazil,44.74,0.2856,0.145
765,-2,Netherlands,Brazil,44.22,0.3001,0.296
765,-1,Netherlands,Brazil,52.01,0.2906,0.291
765,0,Netherlands,Brazil,82.62,0.3096,0.237
765,1,Netherlands,Brazil,50.87,0.3084,0.226
765,2,Netherlands,Brazil,45.47,0.3061,0.349
765,3,Netherlands,Brazil,44.36,0.2833,0.355
766,-7,Uruguay,Ghana,31.98,0.2877,0.052
766,-6,Uruguay,Ghana,36.86,0.2718,-0.004
766,-5,Uruguay,Ghana,42.13,0.2748,0.147
766,-4,Uruguay,Ghana,43.36,0.2876,0.018
766,-3,Uruguay,Ghana,44.34,0.3018,0.104
766,-2,Uruguay,Ghana,43.87,0.2888,-0.017
766,-1,Uruguay,Ghana,48.42,0.282,0.084
766,0,Uruguay,Ghana,74.86,0.2881,0.117
766,1,Uruguay,Ghana,51.08,0.2592,0.087
766,2,Uruguay,Ghana,52.84,0.2906,0.081
766,3,Uruguay,Ghana,40.83,0.292,0.095
767,-7,Argentina,Germany,35.44,0.1135,0.314
767,-6,Argentina,Germany,33.76,0.1312,0.17
767,-5,Argentina,Germany,36.79,0.1332,0.355
767,-4,Argentina,Germany,41.32,0.1008,0.351
767,-3,Argentina,Germany,50.85,0.1166,0.276
767,-2,Argentina,Germany,52.8,0.1367,0.383
767,-1,Argentina,Germany,59.28,0.1083,0.272
767,0,Argentina,Germany,87.2,0.1257,0.332
767,1,Argentina,Germany,55.27,0.1215,0.289
767,2,Argentina,Germany,46.05,0.118,0.301
767,3,Argentina,Germany,45.13,0.1335,0.286
768,-7,Paraguay,Spain,35.38,0.1712,0.036
768,-6,Paraguay,Spain,32.36,0.171,0.026
768,-5,Paraguay,Spain,31.55,0.172,0.119
768,-4,Paraguay,Spain,40.84,0.1602,0.053
768,-3,Paraguay,Spain,35.86,0.158,0.157
768,-2,Paraguay,Spain,49.09,0.1692,0.126
768,-1,Paraguay,Spain,57.62,0.1378,0.087
768,0,Paraguay,Spain,72.82,0.175,0.032
768,1,Paraguay,Spain,53.41,0.151,0.1
768,2,Paraguay,Spain,44.36,0.1562,0.094
768,3,Paraguay,Spain,43.77,0.1551,0.133
769,-7,Uruguay,Netherlands,37.75,0.2304,0.339
769,-6,Uruguay,Netherlands,39.22,0.2302,0.25
769,-5,Uruguay,Netherlands,43.13,0.2425,0.221
769,-4,Uruguay,Netherlands,30.8,0.2238,0.255
769,-3,Uruguay,Netherlands,43.43,0.2416,0.269
769,-2,Uruguay,Netherlands,51.33,0.2142,0.155
769,-1,Uruguay,Netherlands,60.07,0.2505,0.061
769,0,Uruguay,Netherlands,88.26,0.2178,0.213
769,1,Uruguay,Netherlands,57.12,0.2637,0.169
769,2,Uruguay,Netherlands,55.39,0.2475,0.193
769,3,Uruguay,Netherlands,47.3,0.2354,0.155
770,-7,Germany,Spain,26.61,0.2473,0.18
770,-6,Germany,Spain,29.92,0.2499,0.271
770,-5,Germany,Spain,35.72,0.2498,0.206
770,-4,Germany,Spain,38.57,0.2617,0.226
770,-3,Germany,Spain,37.11,0.2468,0.247
770,-2,Germany,Spain,48.75,0.2605,0.26
770,-1,Germany,Spain,56.54,0.2518,0.359
770,0,Germany,Spain,80.37,0.266,0.282
770,1,Germany,Spain,50.29,0.2523,0.32
770,2,Germany,Spain,41.98,0.249,0.377
770,3,Germany,Spain,42.74,0.2636,0.175
771,-7,Uruguay,Germany,32.61,0.42,0.198
771,-6,Uruguay,Germany,32.32,0.42,0.276
771,-5,Uruguay,Germany,38.5,0.42,0.343
771,-4,Uruguay,Germany,48.21,0.42,0.124
771,-3,Uruguay,Germany,47.69,0.42,0.295
771,-2,Uruguay,Germany,51.7,0.42,0.283
771,-1,Uruguay,Germany,51.02,0.42,0.209
771,0,Uruguay,Germany,84.95,0.42,0.23
771,1,Uruguay,Germany,54.89,0.42,0.178
771,2,Uruguay,Germany,54.51,0.42,0.082
771,3,Uruguay,Germany,45.32,0.42,0.11
772,-7,Netherlands,Spain,33.64,0.2687,-0.049
772,-6,Netherlands,Spain,27.23,0.2579,-0.074
772,-5,Netherlands,Spain,33.32,0.2599,0.04
772,-4,Netherlands,Spain,38.28,0.2497,0.024
772,-3,Netherlands,Spain,45.04,0.2339,0.042
772,-2,Netherlands,Spain,40.61,0.2759,0.076
772,-1,Netherlands,Spain,52.63,0.2489,0.037
772,0,Netherlands,Spain,77.41,0.2306,0.029
772,1,Netherlands,Spain,52.03,0.2421,0.061
772,2,Netherlands,Spain,45.09,0.2757,-0.01
772,3,Netherlands,Spain,41.18,0.2632,-0.178
773,-7,Brazil,Croatia,32.49,0.2363,-0.103
773,-6,Brazil,Croatia,38.55,0.2363,0.068
773,-5,Brazil,Croatia,41.57,0.2304,0.065
773,-4,Brazil,Croatia,45.41,0.236,-0.067
773,-3,Brazil,Croatia,46.53,0.2361,0.125
773,-2,Brazil,Croatia,49.93,0.2236,-0.006
773,-1,Brazil,Croatia,62.06,0.2388,0.159
773,0,Brazil,Croatia,92.34,0.2264,0.005
773,1,Brazil,Croatia,56.56,0.2427,-0.036
773,2,Brazil,Croatia,52.72,0.2402,-0.017
773,3,Brazil,Croatia,42.53,0.2406,0.207
774,-7,Chile,Australia,32.7,0.244,0.231
774,-6,Chile,Australia,37.02,0.2325,0.255
774,-5,Chile,Australia,47.61,0.2413,0.164
774,-4,Chile,Australia,44.63,0.2536,0.32
774,-3,Chile,Australia,45.73,0.229,0.211
774,-2,Chile,Australia,50.46,0.2356,0.234
774,-1,Chile,Australia,61.26,0.2511,0.362
774,0,Chile,Australia,84.21,0.229,0.278
774,1,Chile,Australia,58.46,0.2409,0.297
774,2,Chile,Australia,56.67,0.2374,0.329
774,3,Chile,Australia,48.16,0.2411,0.326
775,-7,Mexico,Cameroon,27.58,0.1768,0.106
775,-6,Mexico,Cameroon,26.75,0.1945,-0.003
775,-5,Mexico,Cameroon,40.36,0.1836,0.178
775,-4,Mexico,Cameroon,37.3,0.1854,0.137
775,-3,Mexico,Cameroon,42.62,0.1876,0.048
775,-2,Mexico,Cameroon,44.51,0.2167,-0.041
775,-1,Mexico,Cameroon,46.96,0.2025,0.153
775,0,Mexico,Cameroon,74.83,0.1674,0.165
775,1,Mexico,Cameroon,47.5,0.1825,0.083
775,2,Mexico,Cameroon,42.13,0.1995,0.077
775,3,Mexico,Cameroon,38.51,0.1789,0.167
776,-7,Spain,Netherlands,35.06,0.3021,0.253
776,-6,Spain,Netherlands,32.52,0.3037,0.329
776,-5,Spain,Netherlands,48.16,0.2719,0.033
776,-4,Spain,Netherlands,47.51,0.2875,0.154
776,-3,Spain,Netherlands,49.89,0.2893,0.165
776,-2,Spain,Netherlands,54.33,0.3015,0.266
776,-1,Spain,Netherlands,61.54,0.3,0.136
776,0,Spain,Netherlands,92.73,0.2976,0.228
776,1,Spain,Netherlands,58.0,0.2857,0.233
776,2,Spain,Netherlands,57.82,0.313,0.347
776,3,Spain,Netherlands,44.05,0.2834,0.3
777,-7,Colombia,Greece,37.13,0.2979,0.126
777,-6,Colombia,Greece,30.99,0.3128,0.068
777,-5,Colombia,Greece,38.35,0.295,-0.001
777,-4,Colombia,Greece,51.78,0.3103,0.262
777,-3,Colombia,Greece,50.04,0.2899,0.138
777,-2,Colombia,Greece,44.85,0.3059,-0.019
777,-1,Colombia,Greece,49.55,0.2992,0.075
777,0,Colombia,Greece,84.13,0.2971,0.123
777,1,Colombia,Greece,59.04,0.3128,0.108
777,2,Colombia,Greece,50.58,0.2923,0.18
777,3,Colombia,Greece,40.57,0.3281,0.167
778,-7,England,Italy,34.52,0.1836,0.17
778,-6,England,Italy,32.2,0.1651,0.293
778,-5,England,Italy,38.07,0.163,0.206
778,-4,England,Italy,42.13,0.1724,0.107
778,-3,England,Italy,47.34,0.1878,0.193
778,-2,England,Italy,49.63,0.167,0.204
778,-1,England,Italy,52.84,0.1611,0.249
778,0,England,Italy,80.39,0.1536,0.262
778,1,England,Italy,48.96,0.1717,0.093
778,2,England,Italy,46.85,0.2031,0.163
778,3,England,Italy,46.02,0.1859,0.125
779,-7,Ivory Coast,Japan,36.34,0.1639,0.071
779,-6,Ivory Coast,Japan,32.42,0.1647,0.017
779,-5,Ivory Coast,Japan,41.66,0.1529,0.16
779,-4,Ivory Coast,Japan,42.12,0.1579,0.001
779,-3,Ivory Coast,Japan,44.74,0.1519,0.065
779,-2,Ivory Coast,Japan,49.34,0.1827,-0.012
779,-1,Ivory Coast,Japan,54.64,0.1542,0.149
779,0,Ivory Coast,Japan,78.94,0.1605,0.04
779,1,Ivory Coast,Japan,51.11,0.1911,-0.047
779,2,Ivory Coast,Japan,49.5,0.1796,-0.008
779,3,Ivory Coast,Japan,45.27,0.1553,0.014
780,-7,Uruguay,Costa Rica,37.51,0.274,-0.091
780,-6,Uruguay,Costa Rica,36.08,0.2799,0.109
780,-5,Uruguay,Costa Rica,38.4,0.2687,0.078
780,-4,Uruguay,Costa Rica,48.56,0.2786,0.141
780,-3,Uruguay,Costa Rica,42.73,0.2756,0.025
780,-2,Uruguay,Costa Rica,55.65,0.2604,0.121
780,-1,Uruguay,Costa Rica,58.2,0.2824,-0.069
780,0,Uruguay,Costa Rica,79.89,0.2805,0.03
780,1,Uruguay,Costa Rica,54.76,0.274,0.021
780,2,Uruguay,Costa Rica,46.84,0.2791,-0.038
780,3,Uruguay,Costa Rica,44.58,0.2711,0.093
781,-7,Argentina,Bosnia and Herzegovina,40.93,0.2151,0.097
781,-6,Argentina,Bosnia and Herzegovina,35.73,0.2336,0.054
781,-5,Argentina,Bosnia and Herzegovina,42.75,0.2351,0.118
781,-4,Argentina,Bosnia and Herzegovina,35.98,0.2281,0.033
781,-3,Argentina,Bosnia and Herzegovina,41.75,0.2194,0.065
781,-2,Argentina,Bosnia and Herzegovina,50.98,0.2387,0.134
781,-1,Argentina,Bosnia and Herzegovina,56.09,0.2276,0.046
781,0,Argentina,Bosnia and Herzegovina,83.13,0.2175,0.039
781,1,Argentina,Bosnia and Herzegovina,56.3,0.2454,0.059
781,2,Argentina,Bosnia and Herzegovina,46.55,0.2385,-0.071
781,3,Argentina,Bosnia and Herzegovina,48.41,0.2097,0.115
782,-7,France,Honduras,30.91,0.3158,0.325
782,-6,France,Honduras,32.02,0.2999,0.184
782,-5,France,Honduras,43.05,0.314,0.182
782,-4,France,Honduras,41.53,0.2998,0.192
782,-3,France,Honduras,43.39,0.3278,0.235
782,-2,France,Honduras,44.75,0.3085,0.216
782,-1,France,Honduras,51.63,0.2989,0.147
782,0,France,Honduras,85.2,0.3243,0.195
782,1,France,Honduras,63.68,0.3038,0.231
782,2,France,Honduras,45.5,0.3312,0.274
782,3,France,Honduras,47.25,0.2911,0.228
783,-7,Switzerland,Ecuador,29.71,0.42,0.064
783,-6,Switzerland,Ecuador,35.9,0.42,0.112
783,-5,Switzerland,Ecuador,39.78,0.42,0.152
783,-4,Switzerland,Ecuador,43.51,0.42,0.185
783,-3,Switzerland,Ecuador,38.44,0.42,0.171
783,-2,Switzerland,Ecuador,52.97,0.42,0.202
783,-1,Switzerland,Ecuador,54.86,0.42,0.209
783,0,Switzerland,Ecuador,80.43,0.42,0.058
783,1,Switzerland,Ecuador,56.63,0.42,0.177
783,2,Switzerland,Ecuador,50.52,0.42,0.265
783,3,Switzerland,Ecuador,44.88,0.42,0.259
784,-7,Germany,Portugal,40.37,0.312,0.166
784,-6,Germany,Portugal,34.57,0.3176,0.188
784,-5,Germany,Portugal,32.92,0.3257,0.259
784,-4,Germany,Portugal,46.39,0.3283,0.215
784,-3,Germany,Portugal,47.26,0.3243,0.117
784,-2,Germany,Portugal,49.89,0.3115,0.267
784,-1,Germany,Portugal,55.12,0.3037,0.172
784,0,Germany,Portugal,88.61,0.3114,0.1
784,1,Germany,Portugal,52.62,0.3138,0.214
784,2,Germany,Portugal,51.22,0.3066,0.257
784,3,Germany,Portugal,47.64,0.3162,0.228
785,-7,Ghana,United States,38.17,0.2996,0.078
785,-6,Ghana,United States,33.78,0.327,0.081
785,-5,Ghana,United States,34.94,0.3106,0.114
785,-4,Ghana,United States,45.12,0.3073,0.059
785,-3,Ghana,United States,41.58,0.3078,0.286
785,-2,Ghana,United States,50.72,0.3191,0.107
785,-1,Ghana,United States,55.54,0.3213,0.146
785,0,Ghana,United States,85.22,0.3121,0.082
785,1,Ghana,United States,56.55,0.3129,0.256
785,2,Ghana,United States,53.06,0.3038,0.025
785,3,Ghana,United States,43.37,0.2989,0.075
786,-7,Iran,Nigeria,25.73,0.2765,0.041
786,-6,Iran,Nigeria,31.76,0.2779,-0.0
786,-5,Iran,Nigeria,37.96,0.2852,0.025
786,-4,Iran,Nigeria,33.49,0.2628,-0.045
786,-3,Iran,Nigeria,43.68,0.2917,0.022
786,-2,Iran,Nigeria,48.92,0.2878,0.077
786,-1,Iran,Nigeria,52.24,0.2878,0.074
786,0,Iran,Nigeria,74.25,0.2791,-0.05
786,1,Iran,Nigeria,46.42,0.302,0.005
786,2,Iran,Nigeria,37.67,0.2912,0.08
786,3,Iran,Nigeria,41.08,0.2785,0.127
787,-7,Belgium,Algeria,37.93,0.3796,0.218
787,-6,Belgium,Algeria,38.87,0.379,0.28
787,-5,Belgium,Algeria,41.61,0.371,0.286
787,-4,Belgium,Algeria,36.77,0.3777,0.222
787,-3,Belgium,Algeria,48.41,0.3871,0.13
787,-2,Belgium,Algeria,48.47,0.3814,0.233
787,-1,Belgium,Algeria,53.64,0.3781,0.071
787,0,Belgium,Algeria,81.92,0.3845,0.095
787,1,Belgium,Algeria,48.96,0.3977,0.104
787,2,Belgium,Algeria,44.8,0.4047,0.233
787,3,Belgium,Algeria,48.35,0.392,0.266
788,-7,Brazil,Mexico,32.21,0.42,-0.022
788,-6,Brazil,Mexico,26.76,0.42,-0.024
788,-5,Brazil,Mexico,30.92,0.42,0.151
788,-4,Brazil,Mexico,31.31,0.42,-0.035
788,-3,Brazil,Mexico,38.07,0.42,-0.006
788,-2,Brazil,Mexico,43.22,0.42,0.102
788,-1,Brazil,Mexico,47.3,0.42,0.022
788,0,Brazil,Mexico,76.78,0.42,0.105
788,1,Brazil,Mexico,56.32,0.42,0.052
788,2,Brazil,Mexico,42.63,0.42,0.004
788,3,Brazil,Mexico,39.95,0.42,0.001
789,-7,Russia,South Korea,20.34,0.2232,0.379
789,-6,Russia,South Korea,35.99,0.1961,0.176
789,-5,Russia,South Korea,30.9,0.2143,0.353
789,-4,Russia,South Korea,40.07,0.2169,0.295
789,-3,Russia,South Korea,40.48,0.2187,0.33
789,-2,Russia,South Korea,44.17,0.2163,0.254
789,-1,Russia,South Korea,52.2,0.2113,0.289
789,0,Russia,South Korea,84.14,0.1964,0.304
789,1,Russia,South Korea,49.06,0.2045,0.256
789,2,Russia,South Korea,51.03,0.2067,0.246
789,3,Russia,South Korea,48.17,0.2015,0.231
790,-7,Australia,Netherlands,28.31,0.2883,0.079
790,-6,Australia,Netherlands,36.55,0.2938,0.069
790,-5,Australia,Netherlands,37.5,0.2717,0.109
790,-4,Australia,Netherlands,40.52,0.3166,0.25
790,-3,Australia,Netherlands,52.62,0.2754,0.133
790,-2,Australia,Netherlands,48.66,0.313,0.203
790,-1,Australia,Netherlands,55.27,0.2953,0.041
790,0,Australia,Netherlands,89.46,0.2888,0.197
790,1,Australia,Netherlands,62.41,0.2911,0.129
790,2,Australia,Netherlands,41.55,0.3096,0.099
790,3,Australia,Netherlands,48.29,0.318,0.061
791,-7,Cameroon,Croatia,33.8,0.1118,0.2
791,-6,Cameroon,Croatia,36.2,0.1199,0.095
791,-5,Cameroon,Croatia,40.94,0.1108,0.118
791,-4,Cameroon,Croatia,43.51,0.0953,0.103
791,-3,Cameroon,Croatia,41.84,0.1005,0.204
791,-2,Cameroon,Croatia,52.6,0.1095,0.012
791,-1,Cameroon,Croatia,58.13,0.105,0.162
791,0,Cameroon,Croatia,91.81,0.1009,0.102
791,1,Cameroon,Croatia,60.22,0.0986,0.13
791,2,Cameroon,Croatia,44.14,0.1021,0.215
791,3,Cameroon,Croatia,47.52,0.1166,0.191
792,-7,Spain,Chile,36.15,0.233,0.268
792,-6,Spain,Chile,41.59,0.2369,0.11
792,-5,Spain,Chile,34.29,0.2428,0.086
792,-4,Spain,Chile,36.82,0.2332,0.21
792,-3,Spain,Chile,49.47,0.2455,0.124
792,-2,Spain,Chile,61.17,0.237,0.084
792,-1,Spain,Chile,49.48,0.2248,0.108
792,0,Spain,Chile,82.82,0.2052,0.271
792,1,Spain,Chile,55.97,0.2317,0.266
792,2,Spain,Chile,43.81,0.2271,0.24
792,3,Spain,Chile,42.45,0.2297,0.194
793,-7,Colombia,Ivory Coast,37.19,0.42,0.179
793,-6,Colombia,Ivory Coast,33.71,0.42,0.089
793,-5,Colombia,Ivory Coast,41.8,0.42,0.284
793,-4,Colombia,Ivory Coast,38.13,0.42,0.188
793,-3,Colombia,Ivory Coast,43.8,0.42,0.241
793,-2,Colombia,Ivory Coast,55.34,0.42,0.211
793,-1,Colombia,Ivory Coast,53.25,0.42,0.145
793,0,Colombia,Ivory Coast,83.62,0.42,0.055
793,1,Colombia,Ivory Coast,55.04,0.42,0.194
793,2,Colombia,Ivory Coast,45.54,0.42,0.107
793,3,Colombia,Ivory Coast,36.88,0.42,0.046
794,-7,Japan,Greece,23.51,0.42,-0.033
794,-6,Japan,Greece,30.2,0.4057,0.065
794,-5,Japan,Greece,31.78,0.4162,-0.09
794,-4,Japan,Greece,37.75,0.4199,0.088
794,-3,Japan,Greece,34.59,0.4055,0.102
794,-2,Japan,Greece,47.37,0.4067,-0.01
794,-1,Japan,Greece,50.26,0.4046,0.028
794,0,Japan,Greece,76.8,0.3957,-0.044
794,1,Japan,Greece,47.63,0.406,0.009
794,2,Japan,Greece,44.77,0.4005,0.084
794,3,Japan,Greece,40.03,0.42,0.091
795,-7,Uruguay,England,28.87,0.2389,0.021
795,-6,Uruguay,England,36.05,0.2535,0.06
795,-5,Uruguay,England,35.78,0.2646,0.019
795,-4,Uruguay,England,43.53,0.2444,0.045
795,-3,Uruguay,England,47.12,0.2633,0.071
795,-2,Uruguay,England,47.67,0.2626,0.085
795,-1,Uruguay,England,55.66,0.2571,0.073
795,0,Uruguay,England,92.6,0.2448,0.13
795,1,Uruguay,England,56.61,0.2501,0.025
795,2,Uruguay,England,48.13,0.2508,-0.011
795,3,Uruguay,England,42.75,0.245,0.137
796,-7,Honduras,Ecuador,32.86,0.2806,0.188
796,-6,Honduras,Ecuador,40.89,0.2931,0.347
796,-5,Honduras,Ecuador,32.62,0.284,0.196
796,-4,Honduras,Ecuador,43.63,0.2837,0.298
796,-3,Honduras,Ecuador,42.25,0.2673,0.217
796,-2,Honduras,Ecuador,50.46,0.2769,0.28
796,-1,Honduras,Ecuador,51.48,0.2797,0.36
796,0,Honduras,Ecuador,85.16,0.2845,0.29
796,1,Honduras,Ecuador,53.27,0.2994,0.287
796,2,Honduras,Ecuador,50.0,0.288,0.328
796,3,Honduras,Ecuador,40.4,0.2805,0.418
797,-7,Italy,Costa Rica,36.07,0.2838,0.216
797,-6,Italy,Costa Rica,31.34,0.2893,0.133
797,-5,Italy,Costa Rica,33.38,0.278,0.283
797,-4,Italy,Costa Rica,36.36,0.2988,0.135
797,-3,Italy,Costa Rica,39.69,0.2898,0.074
797,-2,Italy,Costa Rica,48.22,0.2835,0.126
797,-1,Italy,Costa Rica,48.49,0.3088,0.163
797,0,Italy,Costa Rica,77.79,0.2956,0.106
797,1,Italy,Costa Rica,55.14,0.2847,0.068
797,2,Italy,Costa Rica,44.03,0.272,0.171
797,3,Italy,Costa Rica,38.82,0.2743,0.185
798,-7,Switzerland,France,37.34,0.2111,0.07
798,-6,Switzerland,France,40.12,0.2026,-0.111
798,-5,Switzerland,France,45.48,0.2015,0.055
798,-4,Switzerland,France,45.66,0.193,-0.032
798,-3,Switzerland,France,56.12,0.2,-0.117
798,-2,Switzerland,France,58.63,0.191,0.064
798,-1,Switzerland,France,64.74,0.2115,0.061
798,0,Switzerland,France,99.17,0.2102,0.045
798,1,Switzerland,France,60.43,0.1829,-0.07
798,2,Switzerland,France,58.93,0.1699,-0.013
798,3,Switzerland,France,50.17,0.2113,-0.02
799,-7,Argentina,Iran,28.98,0.1883,0.185
799,-6,Argentina,Iran,31.6,0.1666,0.211
799,-5,Argentina,Iran,33.88,0.1686,0.293
799,-4,Argentina,Iran,38.21,0.1671,0.121
799,-3,Argentina,Iran,42.29,0.1658,0.165
799,-2,Argentina,Iran,42.91,0.1749,0.1
799,-1,Argentina,Iran,52.61,0.1659,0.241
799,0,Argentina,Iran,79.76,0.1737,0.25
799,1,Argentina,Iran,56.62,0.1877,0.099
799,2,Argentina,Iran,43.77,0.1667,0.236
799,3,Argentina,Iran,39.77,0.1658,0.14
800,-7,Germany,Ghana,34.77,0.1087,0.015
800,-6,Germany,Ghana,34.39,0.0784,-0.067
800,-5,Germany,Ghana,40.74,0.1049,0.112
800,-4,Germany,Ghana,47.94,0.081,-0.046
800,-3,Germany,Ghana,42.41,0.0757,0.057
800,-2,Germany,Ghana,53.17,0.1047,0.172
800,-1,Germany,Ghana,58.31,0.0963,0.063
800,0,Germany,Ghana,88.5,0.0827,-0.122
800,1,Germany,Ghana,58.37,0.1039,0.21
800,2,Germany,Ghana,53.56,0.1048,0.078
800,3,Germany,Ghana,43.51,0.0977,0.167
801,-7,Nigeria,Bosnia and Herzegovina,31.9,0.1346,0.076
801,-6,Nigeria,Bosnia and Herzegovina,29.33,0.1373,0.144
801,-5,Nigeria,Bosnia and Herzegovina,35.69,0.1301,0.104
801,-4,Nigeria,Bosnia and Herzegovina,36.4,0.1203,0.005
801,-3,Nigeria,Bosnia and Herzegovina,40.67,0.1358,0.128
801,-2,Nigeria,Bosnia and Herzegovina,47.84,0.1349,0.043
801,-1,Nigeria,Bosnia and Herzegovina,47.06,0.1215,0.064
801,0,Nigeria,Bosnia and Herzegovina,80.42,0.1295,0.14
801,1,Nigeria,Bosnia and Herzegovina,44.12,0.1138,0.063
801,2,Nigeria,Bosnia and Herzegovina,47.57,0.1485,0.001
801,3,Nigeria,Bosnia and Herzegovina,39.11,0.1183,0.017
802,-7,Belgium,Russia,27.16,0.2375,0.111
802,-6,Belgium,Russia,32.9,0.2266,0.028
802,-5,Belgium,Russia,31.41,0.2487,0.145
802,-4,Belgium,Russia,32.46,0.2396,-0.012
802,-3,Belgium,Russia,41.82,0.2359,-0.052
802,-2,Belgium,Russia,50.12,0.2351,0.009
802,-1,Belgium,Russia,51.58,0.2265,0.029
802,0,Belgium,Russia,71.63,0.2086,-0.026
802,1,Belgium,Russia,49.3,0.2158,0.007
802,2,Belgium,Russia,44.02,0.2362,0.085
802,3,Belgium,Russia,47.59,0.242,-0.027
803,-7,South Korea,Algeria,38.36,0.2231,0.178
803,-6,South Korea,Algeria,34.94,0.1892,0.216
803,-5,South Korea,Algeria,43.02,0.2241,0.318
803,-4,South Korea,Algeria,46.63,0.2068,0.283
803,-3,South Korea,Algeria,51.09,0.2219,0.255
803,-2,South Korea,Algeria,55.54,0.2014,0.264
803,-1,South Korea,Algeria,60.01,0.192,0.317
803,0,South Korea,Algeria,98.12,0.2059,0.279
803,1,South Korea,Algeria,63.92,0.2046,0.269
803,2,South Korea,Algeria,53.86,0.1997,0.293
803,3,South Korea,Algeria,51.3,0.2174,0.256
804,-7,United States,Portugal,29.53,0.143,-0.091
804,-6,United States,Portugal,33.56,0.1233,-0.162
804,-5,United States,Portugal,38.28,0.1371,-0.07
804,-4,United States,Portugal,47.07,0.145,0.022
804,-3,United States,Portugal,39.57,0.1469,-0.057
804,-2,United States,Portugal,57.0,0.1225,-0.05
804,-1,United States,Portugal,57.32,0.1185,-0.153
804,0,United States,Portugal,78.58,0.1651,-0.157
804,1,United States,Portugal,51.22,0.1366,-0.14
804,2,United States,Portugal,45.49,0.0952,-0.02
804,3,United States,Portugal,42.6,0.1374,-0.045
805,-7,Australia,Spain,32.88,0.356,0.053
805,-6,Australia,Spain,31.82,0.3518,-0.005
805,-5,Australia,Spain,43.01,0.3566,-0.087
805,-4,Australia,Spain,41.84,0.3518,0.069
805,-3,Australia,Spain,43.82,0.3793,0.045
805,-2,Australia,Spain,52.24,0.3699,-0.024
805,-1,Australia,Spain,55.72,0.3523,-0.013
805,0,Australia,Spain,79.78,0.3713,0.257
805,1,Australia,Spain,52.24,0.364,0.094
805,2,Australia,Spain,47.53,0.3783,0.226
805,3,Australia,Spain,42.67,0.3822,0.034
806,-7,Brazil,Cameroon,31.48,0.3592,0.229
806,-6,Brazil,Cameroon,37.06,0.3698,0.184
806,-5,Brazil,Cameroon,45.11,0.3673,0.275
806,-4,Brazil,Cameroon,40.83,0.3585,0.168
806,-3,Brazil,Cameroon,44.94,0.3488,0.195
806,-2,Brazil,Cameroon,55.2,0.3623,0.242
806,-1,Brazil,Cameroon,55.09,0.3562,0.085
806,0,Brazil,Cameroon,90.42,0.3668,0.262
806,1,Brazil,Cameroon,54.84,0.3654,0.269
806,2,Brazil,Cameroon,49.37,0.3461,0.065
806,3,Brazil,Cameroon,50.11,0.3522,0.201
807,-7,Croatia,Mexico,32.97,0.1932,0.369
807,-6,Croatia,Mexico,33.38,0.168,0.369
807,-5,Croatia,Mexico,35.3,0.1858,0.296
807,-4,Croatia,Mexico,45.21,0.1692,0.277
807,-3,Croatia,Mexico,43.94,0.1924,0.293
807,-2,Croatia,Mexico,61.91,0.1734,0.254
807,-1,Croatia,Mexico,51.46,0.1864,0.3
807,0,Croatia,Mexico,89.85,0.1995,0.361
807,1,Croatia,Mexico,58.19,0.1863,0.37
807,2,Croatia,Mexico,46.71,0.1876,0.311
807,3,Croatia,Mexico,51.74,0.1777,0.397
808,-7,Netherlands,Chile,30.64,0.228,0.251
808,-6,Netherlands,Chile,37.14,0.2395,0.198
808,-5,Netherlands,Chile,28.63,0.2443,0.124
808,-4,Netherlands,Chile,41.3,0.2502,0.213
808,-3,Netherlands,Chile,47.81,0.2491,0.226
808,-2,Netherlands,Chile,48.76,0.2392,0.281
808,-1,Netherlands,Chile,49.91,0.2513,0.297
808,0,Netherlands,Chile,77.43,0.2301,0.139
808,1,Netherlands,Chile,59.47,0.2389,0.128
808,2,Netherlands,Chile,48.92,0.2135,0.145
808,3,Netherlands,Chile,48.13,0.2347,0.194
809,-7,Costa Rica,England,30.15,0.1971,0.035
809,-6,Costa Rica,England,33.16,0.211,-0.002
809,-5,Costa Rica,England,32.01,0.1923,0.121
809,-4,Costa Rica,England,36.71,0.1921,-0.036
809,-3,Costa Rica,England,36.05,0.1959,0.036
809,-2,Costa Rica,England,42.95,0.1929,0.236
809,-1,Costa Rica,England,47.48,0.2102,0.164
809,0,Costa Rica,England,77.9,0.1834,0.082
809,1,Costa Rica,England,47.85,0.2178,0.101
809,2,Costa Rica,England,43.4,0.215,0.047
809,3,Costa Rica,England,41.95,0.202,0.096
810,-7,Greece,Ivory Coast,32.2,0.3789,0.265
810,-6,Greece,Ivory Coast,38.85,0.3654,0.403
810,-5,Greece,Ivory Coast,41.37,0.3754,0.303
810,-4,Greece,Ivory Coast,44.79,0.3757,0.084
810,-3,Greece,Ivory Coast,41.9,0.3708,0.329
810,-2,Greece,Ivory Coast,51.86,0.3874,0.35
810,-1,Greece,Ivory Coast,47.77,0.3712,0.394
810,0,Greece,Ivory Coast,84.39,0.3712,0.274
810,1,Greece,Ivory Coast,58.38,0.3646,0.35
810,2,Greece,Ivory Coast,50.88,0.3695,0.343
810,3,Greece,Ivory Coast,45.47,0.3841,0.356
811,-7,Italy,Uruguay,33.91,0.181,-0.037
811,-6,Italy,Uruguay,32.7,0.1992,0.058
811,-5,Italy,Uruguay,32.41,0.1996,-0.023
811,-4,Italy,Uruguay,40.4,0.1936,0.005
811,-3,Italy,Uruguay,39.72,0.1918,0.027
811,-2,Italy,Uruguay,42.23,0.1974,0.102
811,-1,Italy,Uruguay,54.18,0.194,-0.01
811,0,Italy,Uruguay,78.51,0.1886,0.03
811,1,Italy,Uruguay,54.45,0.1889,-0.108
811,2,Italy,Uruguay,48.69,0.195,0.031
811,3,Italy,Uruguay,37.49,0.1802,-0.029
812,-7,Japan,Colombia,32.84,0.3747,0.1
812,-6,Japan,Colombia,44.96,0.3986,0.202
812,-5,Japan,Colombia,40.26,0.4025,0.297
812,-4,Japan,Colombia,41.24,0.3836,0.17
812,-3,Japan,Colombia,46.99,0.3786,0.177
812,-2,Japan,Colombia,53.61,0.3832,0.284
812,-1,Japan,Colombia,56.13,0.3922,0.108
812,0,Japan,Colombia,90.77,0.3931,0.223
812,1,Japan,Colombia,57.85,0.384,0.299
812,2,Japan,Colombia,50.8,0.3874,0.251
812,3,Japan,Colombia,46.57,0.4014,0.328
813,-7,Bosnia and Herzegovina,Iran,37.56,0.3715,0.084
813,-6,Bosnia and Herzegovina,Iran,31.57,0.3573,0.159
813,-5,Bosnia and Herzegovina,Iran,41.23,0.3241,0.248
813,-4,Bosnia and Herzegovina,Iran,41.77,0.3518,0.338
813,-3,Bosnia and Herzegovina,Iran,45.27,0.3389,0.237
813,-2,Bosnia and Herzegovina,Iran,52.46,0.3562,0.37
813,-1,Bosnia and Herzegovina,Iran,57.74,0.3705,0.228
813,0,Bosnia and Herzegovina,Iran,91.41,0.3543,0.131
813,1,Bosnia and Herzegovina,Iran,59.69,0.3619,0.261
813,2,Bosnia and Herzegovina,Iran,48.97,0.3641,0.093
813,3,Bosnia and Herzegovina,Iran,44.67,0.3498,0.24
814,-7,Ecuador,France,27.43,0.2507,0.028
814,-6,Ecuador,France,33.34,0.2688,0.016
814,-5,Ecuador,France,36.65,0.286,0.132
814,-4,Ecuador,France,28.52,0.27,0.058
814,-3,Ecuador,France,32.89,0.2517,0.124
814,-2,Ecuador,France,44.79,0.2682,0.022
814,-1,Ecuador,France,53.01,0.2524,0.006
814,0,Ecuador,France,73.97,0.2489,0.006
814,1,Ecuador,France,52.94,0.2571,0.123
814,2,Ecuador,France,46.37,0.2652,-0.031
814,3,Ecuador,France,40.24,0.2419,0.031
815,-7,Honduras,Switzerland,33.43,0.3188,0.215
815,-6,Honduras,Switzerland,32.83,0.3001,0.193
815,-5,Honduras,Switzerland,39.89,0.3126,0.224
815,-4,Honduras,Switzerland,43.14,0.3084,0.133
815,-3,Honduras,Switzerland,40.88,0.3156,0.13
815,-2,Honduras,Switzerland,48.05,0.307,0.154
815,-1,Honduras,Switzerland,49.22,0.2943,0.099
815,0,Honduras,Switzerland,86.14,0.3132,0.173
815,1,Honduras,Switzerland,50.28,0.3224,0.257
815,2,Honduras,Switzerland,47.21,0.3226,0.236
815,3,Honduras,Switzerland,45.88,0.2959,0.12
816,-7,Nigeria,Argentina,29.38,0.1313,0.047
816,-6,Nigeria,Argentina,37.66,0.1118,0.104
816,-5,Nigeria,Argentina,39.84,0.1042,0.139
816,-4,Nigeria,Argentina,40.19,0.101,-0.056
816,-3,Nigeria,Argentina,41.41,0.0907,0.165
816,-2,Nigeria,Argentina,51.92,0.1147,0.132
816,-1,Nigeria,Argentina,59.87,0.095,0.11
816,0,Nigeria,Argentina,90.83,0.1327,0.081
816,1,Nigeria,Argentina,61.52,0.1048,0.056
816,2,Nigeria,Argentina,55.92,0.129,0.123
816,3,Nigeria,Argentina,45.54,0.1119,0.125
817,-7,Algeria,Russia,39.18,0.2072,0.161
817,-6,Algeria,Russia,38.18,0.2076,0.291
817,-5,Algeria,Russia,37.93,0.2104,0.257
817,-4,Algeria,Russia,38.6,0.1999,0.218
817,-3,Algeria,Russia,44.37,0.1993,0.204
817,-2,Algeria,Russia,47.0,0.1983,0.101
817,-1,Algeria,Russia,56.7,0.2025,0.183
817,0,Algeria,Russia,83.1,0.1922,0.19
817,1,Algeria,Russia,54.43,0.2155,0.246
817,2,Algeria,Russia,44.92,0.1941,0.285
817,3,Algeria,Russia,44.59,0.2098,0.254
818,-7,South Korea,Belgium,32.97,0.3244,-0.123
818,-6,South Korea,Belgium,40.91,0.3114,0.156
818,-5,South Korea,Belgium,31.6,0.3048,-0.017
818,-4,South Korea,Belgium,41.13,0.3058,-0.003
818,-3,South Korea,Belgium,44.32,0.2989,-0.064
818,-2,South Korea,Belgium,47.48,0.294,-0.037
818,-1,South Korea,Belgium,46.12,0.3009,-0.093
818,0,South Korea,Belgium,77.94,0.2872,-0.029
818,1,South Korea,Belgium,54.32,0.293,-0.093
818,2,South Korea,Belgium,48.62,0.3112,0.002
818,3,South Korea,Belgium,39.97,0.2926,-0.051
819,-7,Portugal,Ghana,32.37,0.3426,0.121
819,-6,Portugal,Ghana,39.33,0.3658,0.276
819,-5,Portugal,Ghana,41.26,0.3596,0.169
819,-4,Portugal,Ghana,44.32,0.3724,0.259
819,-3,Portugal,Ghana,44.72,0.365,0.172
819,-2,Portugal,Ghana,49.19,0.3551,0.185
819,-1,Portugal,Ghana,54.5,0.3578,0.245
819,0,Portugal,Ghana,79.06,0.3673,0.125
819,1,Portugal,Ghana,52.09,0.3542,0.223
819,2,Portugal,Ghana,41.48,0.3653,0.193
819,3,Portugal,Ghana,41.37,0.3655,0.105
820,-7,United States,Germany,30.12,0.3804,0.259
820,-6,United States,Germany,35.5,0.3984,0.048
820,-5,United States,Germany,34.08,0.3926,0.132
820,-4,United States,Germany,39.43,0.3981,0.139
820,-3,United States,Germany,41.0,0.3995,0.07
820,-2,United States,Germany,42.17,0.4176,0.144
820,-1,United States,Germany,57.49,0.3921,0.284
820,0,United States,Germany,78.34,0.4092,0.117
820,1,United States,Germany,51.75,0.394,0.081
820,2,United States,Germany,49.32,0.3953,0.173
820,3,United States,Germany,44.76,0.4124,0.144
821,-7,Brazil,Chile,26.14,0.0879,0.269
821,-6,Brazil,Chile,33.76,0.1075,0.351
821,-5,Brazil,Chile,35.87,0.1209,0.247
821,-4,Brazil,Chile,38.55,0.0786,0.162
821,-3,Brazil,Chile,39.05,0.1039,0.323
821,-2,Brazil,Chile,44.54,0.0929,0.327
821,-1,Brazil,Chile,46.0,0.113,0.345
821,0,Brazil,Chile,83.86,0.1061,0.128
821,1,Brazil,Chile,52.35,0.1068,0.271
821,2,Brazil,Chile,50.23,0.1091,0.32
821,3,Brazil,Chile,42.28,0.0986,0.154
822,-7,Colombia,Uruguay,33.14,0.2193,0.163
822,-6,Colombia,Uruguay,37.78,0.2136,0.162
822,-5,Colombia,Uruguay,42.79,0.1988,0.249
822,-4,Colombia,Uruguay,44.08,0.2204,0.124
822,-3,Colombia,Uruguay,44.38,0.2006,0.113
822,-2,Colombia,Uruguay,48.09,0.1997,0.136
822,-1,Colombia,Uruguay,49.26,0.2181,0.266
822,0,Colombia,Uruguay,88.72,0.1979,0.092
822,1,Colombia,Uruguay,52.94,0.2202,0.146
822,2,Colombia,Uruguay,51.41,0.2181,0.036
822,3,Colombia,Uruguay,43.77,0.1968,0.12
823,-7,Costa Rica,Greece,30.38,0.147,0.287
823,-6,Costa Rica,Greece,32.48,0.1632,0.226
823,-5,Costa Rica,Greece,37.78,0.1461,0.301
823,-4,Costa Rica,Greece,36.73,0.1266,0.332
823,-3,Costa Rica,Greece,47.23,0.1374,0.197
823,-2,Costa Rica,Greece,48.06,0.1562,0.218
823,-1,Costa Rica,Greece,52.39,0.1387,0.365
823,0,Costa Rica,Greece,79.56,0.1438,0.386
823,1,Costa Rica,Greece,48.32,0.1223,0.282
823,2,Costa Rica,Greece,51.45,0.142,0.364
823,3,Costa Rica,Greece,37.61,0.1422,0.089
824,-7,Netherlands,Mexico,37.61,0.1167,0.192
824,-6,Netherlands,Mexico,27.26,0.0999,0.293
824,-5,Netherlands,Mexico,39.54,0.1246,0.194
824,-4,Netherlands,Mexico,48.43,0.0782,0.162
824,-3,Netherlands,Mexico,40.61,0.1112,0.13
824,-2,Netherlands,Mexico,53.29,0.1106,0.227
824,-1,Netherlands,Mexico,55.05,0.0898,0.257
824,0,Netherlands,Mexico,82.59,0.1115,0.319
824,1,Netherlands,Mexico,54.34,0.1182,0.227
824,2,Netherlands,Mexico,51.83,0.0865,0.166
824,3,Netherlands,Mexico,42.68,0.1185,0.19
825,-7,France,Nigeria,33.98,0.2502,0.125
825,-6,France,Nigeria,28.92,0.2282,0.126
825,-5,France,Nigeria,35.75,0.2406,0.16
825,-4,France,Nigeria,46.72,0.269,0.149
825,-3,France,Nigeria,43.6,0.2583,0.165
825,-2,France,Nigeria,50.1,0.2539,0.154
825,-1,France,Nigeria,51.04,0.2548,-0.012
825,0,France,Nigeria,82.12,0.2257,0.165
825,1,France,Nigeria,49.85,0.2658,0.153
825,2,France,Nigeria,47.81,0.2553,0.086
825,3,France,Nigeria,47.27,0.2588,0.108
826,-7,Germany,Algeria,29.04,0.1455,0.227
826,-6,Germany,Algeria,31.16,0.1445,0.194
826,-5,Germany,Algeria,37.0,0.1477,0.269
826,-4,Germany,Algeria,41.04,0.1548,0.252
826,-3,Germany,Algeria,44.08,0.1582,0.043
826,-2,Germany,Algeria,48.13,0.1432,0.243
826,-1,Germany,Algeria,52.84,0.1566,0.286
826,0,Germany,Algeria,79.15,0.1527,0.145
826,1,Germany,Algeria,56.74,0.1444,0.179
826,2,Germany,Algeria,43.39,0.1489,0.154
826,3,Germany,Algeria,39.57,0.1522,0.303
827,-7,Argentina,Switzerland,31.65,0.2416,0.226
827,-6,Argentina,Switzerland,34.87,0.2572,0.259
827,-5,Argentina,Switzerland,33.51,0.2542,0.19
827,-4,Argentina,Switzerland,40.18,0.2669,0.197
827,-3,Argentina,Switzerland,44.24,0.2417,0.224
827,-2,Argentina,Switzerland,41.15,0.2452,0.14
827,-1,Argentina,Switzerland,48.87,0.2662,0.231
827,0,Argentina,Switzerland,76.01,0.2567,0.092
827,1,Argentina,Switzerland,53.17,0.2318,0.186
827,2,Argentina,Switzerland,45.61,0.2641,0.253
827,3,Argentina,Switzerland,41.42,0.2763,0.377
828,-7,Belgium,United States,32.6,0.1997,0.192
828,-6,Belgium,United States,32.82,0.2054,0.292
828,-5,Belgium,United States,28.99,0.1989,0.307
828,-4,Belgium,United States,42.31,0.2059,0.091
828,-3,Belgium,United States,47.22,0.213,0.217
828,-2,Belgium,United States,47.09,0.2062,0.13
828,-1,Belgium,United States,50.97,0.2105,0.28
828,0,Belgium,United States,81.4,0.1869,0.142
828,1,Belgium,United States,55.75,0.1869,0.293
828,2,Belgium,United States,47.75,0.2053,0.151
828,3,Belgium,United States,46.81,0.2089,0.086
829,-7,Brazil,Colombia,30.2,0.289,-0.11
829,-6,Brazil,Colombia,38.01,0.2837,-0.023
829,-5,Brazil,Colombia,39.41,0.2896,-0.02
829,-4,Brazil,Colombia,35.55,0.2902,-0.127
829,-3,Brazil,Colombia,44.39,0.2853,-0.069
829,-2,Brazil,Colombia,49.41,0.2926,-0.061
829,-1,Brazil,Colombia,57.07,0.2758,-0.037
829,0,Brazil,Colombia,78.7,0.2574,0.065
829,1,Brazil,Colombia,51.78,0.2855,-0.203
829,2,Brazil,Colombia,47.79,0.2934,-0.056
829,3,Brazil,Colombia,40.54,0.2856,-0.047
830,-7,France,Germany,31.11,0.3311,0.111
830,-6,France,Germany,32.1,0.3463,0.037
830,-5,France,Germany,37.47,0.3384,-0.057
830,-4,France,Germany,39.58,0.3219,-0.013
830,-3,France,Germany,40.11,0.3315,-0.052
830,-2,France,Germany,45.98,0.327,0.131
830,-1,France,Germany,48.95,0.3439,0.085
830,0,France,Germany,77.94,0.3449,0.193
830,1,France,Germany,50.43,0.3207,0.088
830,2,France,Germany,40.91,0.314,0.149
830,3,France,Germany,43.6,0.3193,0.277
831,-7,Argentina,Belgium,25.43,0.2274,0.239
831,-6,Argentina,Belgium,38.72,0.2136,0.275
831,-5,Argentina,Belgium,28.71,0.245,0.252
831,-4,Argentina,Belgium,39.72,0.2201,0.256
831,-3,Argentina,Belgium,33.8,0.2173,0.276
831,-2,Argentina,Belgium,47.0,0.2457,0.34
831,-1,Argentina,Belgium,54.18,0.2163,0.203
831,0,Argentina,Belgium,77.08,0.2112,0.291
831,1,Argentina,Belgium,49.44,0.1999,0.384
831,2,Argentina,Belgium,45.4,0.216,0.218
831,3,Argentina,Belgium,39.93,0.2096,0.211
832,-7,Netherlands,Costa Rica,29.69,0.1515,0.083
832,-6,Netherlands,Costa Rica,29.99,0.1585,0.037
832,-5,Netherlands,Costa Rica,35.06,0.147,0.094
832,-4,Netherlands,Costa Rica,32.46,0.1576,-0.053
832,-3,Netherlands,Costa Rica,39.59,0.1678,0.07
832,-2,Netherlands,Costa Rica,47.85,0.1535,0.095
832,-1,Netherlands,Costa Rica,46.8,0.1516,0.04
832,0,Netherlands,Costa Rica,78.06,0.1505,0.08
832,1,Netherlands,Costa Rica,50.03,0.1611,-0.029
832,2,Netherlands,Costa Rica,42.8,0.156,0.055
832,3,Netherlands,Costa Rica,37.19,0.1416,-0.118
833,-7,Brazil,Germany,40.95,0.3025,0.103
833,-6,Brazil,Germany,41.4,0.2867,0.329
833,-5,Brazil,Germany,43.64,0.2977,0.214
833,-4,Brazil,Germany,45.77,0.3004,0.319
833,-3,Brazil,Germany,48.24,0.3049,0.176
833,-2,Brazil,Germany,49.95,0.2913,0.28
833,-1,Brazil,Germany,59.49,0.2674,0.209
833,0,Brazil,Germany,96.65,0.3076,0.245
833,1,Brazil,Germany,67.37,0.2937,0.354
833,2,Brazil,Germany,54.99,0.2901,0.134
833,3,Brazil,Germany,55.52,0.3046,0.305
834,-7,Netherlands,Argentina,28.68,0.0921,0.221
834,-6,Netherlands,Argentina,28.88,0.1211,0.197
834,-5,Netherlands,Argentina,32.14,0.1361,0.283
834,-4,Netherlands,Argentina,40.36,0.1039,0.15
834,-3,Netherlands,Argentina,43.75,0.1279,0.137
834,-2,Netherlands,Argentina,42.33,0.099,0.261
834,-1,Netherlands,Argentina,53.02,0.1056,0.201
834,0,Netherlands,Argentina,68.24,0.0985,0.333
834,1,Netherlands,Argentina,50.95,0.1211,0.201
834,2,Netherlands,Argentina,43.19,0.1102,0.25
834,3,Netherlands,Argentina,44.83,0.1019,0.217
835,-7,Brazil,Netherlands,29.8,0.1224,0.148
835,-6,Brazil,Netherlands,41.07,0.1552,0.1
835,-5,Brazil,Netherlands,44.2,0.1515,0.14
835,-4,Brazil,Netherlands,41.43,0.1495,0.075
835,-3,Brazil,Netherlands,47.68,0.1329,0.113
835,-2,Brazil,Netherlands,46.4,0.1521,0.252
835,-1,Brazil,Netherlands,57.51,0.1601,0.147
835,0,Brazil,Netherlands,75.86,0.1444,0.115
835,1,Brazil,Netherlands,47.75,0.1426,0.078
835,2,Brazil,Netherlands,45.07,0.1344,0.178
835,3,Brazil,Netherlands,32.23,0.1493,0.165
836,-7,Germany,Argentina,30.18,0.2131,-0.073
836,-6,Germany,Argentina,29.32,0.1961,-0.07
836,-5,Germany,Argentina,33.04,0.194,-0.098
836,-4,Germany,Argentina,35.11,0.1827,-0.014
836,-3,Germany,Argentina,38.1,0.1813,-0.118
836,-2,Germany,Argentina,46.61,0.2042,0.01
836,-1,Germany,Argentina,51.92,0.2026,-0.047
836,0,Germany,Argentina,79.65,0.2015,-0.094
836,1,Germany,Argentina,47.4,0.2124,-0.034
836,2,Germany,Argentina,49.57,0.183,-0.071
836,3,Germany,Argentina,36.78,0.204,-0.086
837,-7,Russia,Saudi Arabia,33.7,0.134,0.146
837,-6,Russia,Saudi Arabia,40.54,0.0961,-0.031
837,-5,Russia,Saudi Arabia,44.66,0.0836,0.064
837,-4,Russia,Saudi Arabia,41.95,0.0994,0.068
837,-3,Russia,Saudi Arabia,45.28,0.0959,0.117
837,-2,Russia,Saudi Arabia,57.76,0.0897,0.113
837,-1,Russia,Saudi Arabia,62.14,0.1159,0.084
837,0,Russia,Saudi Arabia,89.82,0.1196,0.122
837,1,Russia,Saudi Arabia,53.62,0.1078,0.103
837,2,Russia,Saudi Arabia,50.2,0.1076,0.133
837,3,Russia,Saudi Arabia,46.08,0.1133,0.03
838,-7,Egypt,Uruguay,26.71,0.0971,0.446
838,-6,Egypt,Uruguay,29.16,0.1011,0.363
838,-5,Egypt,Uruguay,28.18,0.0725,0.407
838,-4,Egypt,Uruguay,33.32,0.0823,0.358
838,-3,Egypt,Uruguay,44.22,0.0919,0.474
838,-2,Egypt,Uruguay,44.19,0.0909,0.396
838,-1,Egypt,Uruguay,54.95,0.1023,0.334
838,0,Egypt,Uruguay,82.31,0.0786,0.359
838,1,Egypt,Uruguay,54.21,0.1014,0.404
838,2,Egypt,Uruguay,47.36,0.0887,0.402
838,3,Egypt,Uruguay,50.31,0.1,0.391
839,-7,Morocco,Iran,26.25,0.2673,0.047
839,-6,Morocco,Iran,36.49,0.2662,0.115
839,-5,Morocco,Iran,36.35,0.2817,0.055
839,-4,Morocco,Iran,36.91,0.2657,0.113
839,-3,Morocco,Iran,42.38,0.2645,0.086
839,-2,Morocco,Iran,59.03,0.275,0.186
839,-1,Morocco,Iran,43.41,0.2742,0.137
839,0,Morocco,Iran,80.08,0.2697,0.068
839,1,Morocco,Iran,55.91,0.3031,0.145
839,2,Morocco,Iran,45.28,0.2746,0.054
839,3,Morocco,Iran,39.61,0.2755,0.051
840,-7,Portugal,Spain,32.59,0.3402,0.106
840,-6,Portugal,Spain,37.24,0.3319,0.009
840,-5,Portugal,Spain,40.66,0.3384,0.11
840,-4,Portugal,Spain,44.44,0.3338,0.072
840,-3,Portugal,Spain,47.07,0.3281,0.107
840,-2,Portugal,Spain,56.85,0.3098,0.089
840,-1,Portugal,Spain,62.28,0.3073,0.02
840,0,Portugal,Spain,96.6,0.3467,-0.038
840,1,Portugal,Spain,65.62,0.3075,0.175
840,2,Portugal,Spain,54.94,0.3215,0.102
840,3,Portugal,Spain,47.19,0.3363,0.068
841,-7,France,Australia,20.01,0.2546,0.069
841,-6,France,Australia,39.51,0.2683,0.13
841,-5,France,Australia,35.47,0.273,0.108
841,-4,France,Australia,36.19,0.2775,0.079
841,-3,France,Australia,44.83,0.2607,-0.017
841,-2,France,Australia,52.75,0.2679,0.097
841,-1,France,Australia,56.63,0.2668,0.035
841,0,France,Australia,89.74,0.2716,0.068
841,1,France,Australia,55.88,0.2431,-0.083
841,2,France,Australia,49.25,0.2795,0.007
841,3,France,Australia,43.48,0.2526,-0.034
842,-7,Argentina,Iceland,28.99,0.1101,0.244
842,-6,Argentina,Iceland,32.66,0.0993,0.295
842,-5,Argentina,Iceland,38.63,0.0844,0.225
842,-4,Argentina,Iceland,40.13,0.1121,0.287
842,-3,Argentina,Iceland,47.11,0.0899,0.307
842,-2,Argentina,Iceland,55.97,0.1074,0.284
842,-1,Argentina,Iceland,56.22,0.1003,0.212
842,0,Argentina,Iceland,83.2,0.087,0.306
842,1,Argentina,Iceland,56.38,0.0876,0.289
842,2,Argentina,Iceland,48.04,0.1245,0.37
842,3,Argentina,Iceland,47.18,0.1213,0.252
843,-7,Peru,Denmark,31.95,0.1631,0.062
843,-6,Peru,Denmark,33.59,0.1651,0.118
843,-5,Peru,Denmark,35.72,0.1668,0.194
843,-4,Peru,Denmark,36.95,0.1507,0.179
843,-3,Peru,Denmark,45.65,0.1704,0.052
843,-2,Peru,Denmark,46.59,0.1695,0.057
843,-1,Peru,Denmark,49.78,0.1643,0.215
843,0,Peru,Denmark,80.82,0.1592,0.118
843,1,Peru,Denmark,50.13,0.1612,0.183
843,2,Peru,Denmark,40.33,0.1819,0.285
843,3,Peru,Denmark,43.22,0.1561,0.213
844,-7,Croatia,Nigeria,33.16,0.3029,0.026
844,-6,Croatia,Nigeria,33.12,0.3115,0.157
844,-5,Croatia,Nigeria,38.26,0.3146,0.071
844,-4,Croatia,Nigeria,43.44,0.3067,0.223
844,-3,Croatia,Nigeria,41.95,0.3139,0.247
844,-2,Croatia,Nigeria,52.44,0.3181,0.115
844,-1,Croatia,Nigeria,54.59,0.3071,0.055
844,0,Croatia,Nigeria,77.62,0.3169,-0.014
844,1,Croatia,Nigeria,56.69,0.3055,0.027
844,2,Croatia,Nigeria,53.71,0.2918,0.047
844,3,Croatia,Nigeria,42.23,0.311,0.051
845,-7,Costa Rica,Serbia,36.15,0.251,0.584
845,-6,Costa Rica,Serbia,29.6,0.303,0.375
845,-5,Costa Rica,Serbia,35.54,0.2702,0.271
845,-4,Costa Rica,Serbia,40.21,0.2587,0.348
845,-3,Costa Rica,Serbia,43.28,0.2556,0.328
845,-2,Costa Rica,Serbia,48.33,0.2589,0.268
845,-1,Costa Rica,Serbia,54.25,0.2806,0.288
845,0,Costa Rica,Serbia,83.29,0.2815,0.389
845,1,Costa Rica,Serbia,53.92,0.2567,0.36
845,2,Costa Rica,Serbia,46.38,0.2736,0.254
845,3,Costa Rica,Serbia,40.55,0.2591,0.205
846,-7,Germany,Mexico,28.98,0.3632,0.254
846,-6,Germany,Mexico,29.58,0.3676,0.214
846,-5,Germany,Mexico,42.27,0.3673,0.117
846,-4,Germany,Mexico,34.41,0.3653,0.168
846,-3,Germany,Mexico,50.71,0.3872,0.192
846,-2,Germany,Mexico,53.53,0.3682,0.185
846,-1,Germany,Mexico,50.81,0.3879,0.209
846,0,Germany,Mexico,85.3,0.3808,0.278
846,1,Germany,Mexico,46.1,0.3552,0.097
846,2,Germany,Mexico,45.55,0.3571,0.301
846,3,Germany,Mexico,41.95,0.383,0.18
847,-7,Brazil,Switzerland,35.08,0.42,0.061
847,-6,Brazil,Switzerland,36.29,0.42,0.042
847,-5,Brazil,Switzerland,31.27,0.42,0.037
847,-4,Brazil,Switzerland,39.38,0.42,0.071
847,-3,Brazil,Switzerland,42.41,0.42,0.109
847,-2,Brazil,Switzerland,45.92,0.42,0.141
847,-1,Brazil,Switzerland,54.1,0.42,0.059
847,0,Brazil,Switzerland,80.59,0.42,0.083
847,1,Brazil,Switzerland,55.44,0.42,0.126
847,2,Brazil,Switzerland,56.03,0.42,0.089
847,3,Brazil,Switzerland,41.82,0.42,-0.001
848,-7,Sweden,South Korea,34.23,0.1917,0.088
848,-6,Sweden,South Korea,37.53,0.1819,-0.06
848,-5,Sweden,South Korea,36.75,0.202,0.014
848,-4,Sweden,South Korea,37.33,0.1902,0.057
848,-3,Sweden,South Korea,39.27,0.2049,-0.006
848,-2,Sweden,South Korea,45.57,0.2151,0.101
848,-1,Sweden,South Korea,48.97,0.19,0.088
848,0,Sweden,South Korea,75.01,0.2179,0.043
848,1,Sweden,South Korea,50.44,0.2006,0.129
848,2,Sweden,South Korea,39.59,0.2128,0.118
848,3,Sweden,South Korea,41.52,0.1996,0.044
849,-7,Belgium,Panama,35.91,0.1917,0.271
849,-6,Belgium,Panama,35.43,0.2086,0.459
849,-5,Belgium,Panama,36.03,0.2014,0.219
849,-4,Belgium,Panama,40.18,0.1876,0.165
849,-3,Belgium,Panama,49.95,0.2048,0.279
849,-2,Belgium,Panama,47.48,0.1996,0.191
849,-1,Belgium,Panama,56.26,0.2045,0.234
849,0,Belgium,Panama,83.32,0.1946,0.329
849,1,Belgium,Panama,57.06,0.1812,0.323
849,2,Belgium,Panama,52.44,0.2027,0.387
849,3,Belgium,Panama,45.9,0.2057,0.305
850,-7,Tunisia,England,36.41,0.2631,0.113
850,-6,Tunisia,England,39.18,0.2769,0.247
850,-5,Tunisia,England,40.05,0.246,0.169
850,-4,Tunisia,England,42.01,0.2806,0.232
850,-3,Tunisia,England,47.96,0.2409,0.1
850,-2,Tunisia,England,49.26,0.2617,0.17
850,-1,Tunisia,England,61.53,0.2752,0.094
850,0,Tunisia,England,83.07,0.2548,0.15
850,1,Tunisia,England,59.17,0.2774,0.132
850,2,Tunisia,England,50.43,0.2859,0.054
850,3,Tunisia,England,48.05,0.2722,0.137
851,-7,Colombia,Japan,33.28,0.1341,-0.02
851,-6,Colombia,Japan,33.54,0.1205,0.131
851,-5,Colombia,Japan,37.05,0.1315,0.056
851,-4,Colombia,Japan,41.15,0.1295,0.036
851,-3,Colombia,Japan,42.85,0.1107,-0.05
851,-2,Colombia,Japan,56.59,0.1222,0.01
851,-1,Colombia,Japan,51.71,0.1452,-0.02
851,0,Colombia,Japan,84.38,0.1275,0.177
851,1,Colombia,Japan,57.9,0.1272,-0.201
851,2,Colombia,Japan,55.28,0.1208,-0.059
851,3,Colombia,Japan,43.14,0.1467,-0.002
852,-7,Poland,Senegal,28.01,0.3599,-0.08
852,-6,Poland,Senegal,37.03,0.3577,-0.132
852,-5,Poland,Senegal,38.31,0.3616,-0.11
852,-4,Poland,Senegal,35.03,0.3657,-0.042
852,-3,Poland,Senegal,45.06,0.3712,-0.158
852,-2,Poland,Senegal,50.75,0.3703,-0.035
852,-1,Poland,Senegal,51.4,0.3544,-0.054
852,0,Poland,Senegal,80.44,0.3668,-0.022
852,1,Poland,Senegal,54.1,0.3741,-0.059
852,2,Poland,Senegal,55.72,0.3591,-0.089
852,3,Poland,Senegal,42.58,0.3634,-0.097
853,-7,Russia,Egypt,35.0,0.162,0.015
853,-6,Russia,Egypt,36.87,0.1789,0.007
853,-5,Russia,Egypt,40.57,0.1721,-0.04
853,-4,Russia,Egypt,45.17,0.1766,0.113
853,-3,Russia,Egypt,43.52,0.1543,0.041
853,-2,Russia,Egypt,51.9,0.167,0.02
853,-1,Russia,Egypt,58.95,0.1362,0.091
853,0,Russia,Egypt,94.09,0.1602,0.059
853,1,Russia,Egypt,64.18,0.1672,0.066
853,2,Russia,Egypt,58.73,0.1912,-0.029
853,3,Russia,Egypt,45.96,0.1775,0.08
854,-7,Portugal,Morocco,33.51,0.144,-0.105
854,-6,Portugal,Morocco,39.55,0.1848,0.057
854,-5,Portugal,Morocco,31.58,0.1705,0.072
854,-4,Portugal,Morocco,34.16,0.167,0.058
854,-3,Portugal,Morocco,44.71,0.1692,0.101
854,-2,Portugal,Morocco,50.37,0.154,0.147
854,-1,Portugal,Morocco,56.54,0.178,0.022
854,0,Portugal,Morocco,82.79,0.1819,0.013
854,1,Portugal,Morocco,58.08,0.1502,-0.015
854,2,Portugal,Morocco,48.61,0.1749,0.081
854,3,Portugal,Morocco,37.77,0.1724,0.113
855,-7,Uruguay,Saudi Arabia,25.81,0.2868,-0.085
855,-6,Uruguay,Saudi Arabia,34.58,0.2944,-0.041
855,-5,Uruguay,Saudi Arabia,34.91,0.2905,-0.06
855,-4,Uruguay,Saudi Arabia,38.89,0.3072,-0.132
855,-3,Uruguay,Saudi Arabia,43.84,0.2784,0.089
855,-2,Uruguay,Saudi Arabia,47.36,0.2745,-0.064
855,-1,Uruguay,Saudi Arabia,47.35,0.2821,-0.005
855,0,Uruguay,Saudi Arabia,84.79,0.3027,-0.055
855,1,Uruguay,Saudi Arabia,54.46,0.2994,0.109
855,2,Uruguay,Saudi Arabia,44.93,0.3078,-0.124
855,3,Uruguay,Saudi Arabia,46.78,0.2823,-0.096
856,-7,Iran,Spain,30.04,0.1813,0.076
856,-6,Iran,Spain,37.6,0.1653,0.034
856,-5,Iran,Spain,32.12,0.2015,0.145
856,-4,Iran,Spain,38.39,0.1822,-0.067
856,-3,Iran,Spain,49.47,0.2064,-0.092
856,-2,Iran,Spain,49.34,0.1773,0.01
856,-1,Iran,Spain,48.09,0.1666,0.043
856,0,Iran,Spain,86.66,0.1795,0.108
856,1,Iran,Spain,56.13,0.1993,0.186
856,2,Iran,Spain,50.39,0.2123,-0.034
856,3,Iran,Spain,45.26,0.2087,-0.008
857,-7,Denmark,Australia,19.99,0.211,0.013
857,-6,Denmark,Australia,36.5,0.2194,0.064
857,-5,Denmark,Australia,35.15,0.2247,0.059
857,-4,Denmark,Australia,38.23,0.2361,0.161
857,-3,Denmark,Australia,40.21,0.2288,-0.036
857,-2,Denmark,Australia,42.66,0.2386,0.205
857,-1,Denmark,Australia,53.26,0.2482,0.019
857,0,Denmark,Australia,82.18,0.2462,0.0
857,1,Denmark,Australia,57.62,0.222,0.014
857,2,Denmark,Australia,47.01,0.2002,0.152
857,3,Denmark,Australia,45.02,0.2244,0.015
858,-7,France,Peru,32.13,0.1977,0.091
858,-6,France,Peru,36.68,0.1904,0.103
858,-5,France,Peru,39.12,0.181,0.022
858,-4,France,Peru,38.81,0.1875,0.094
858,-3,France,Peru,46.81,0.1931,0.102
858,-2,France,Peru,47.03,0.1881,0.147
858,-1,France,Peru,52.64,0.1852,0.017
858,0,France,Peru,77.54,0.1904,0.123
858,1,France,Peru,47.26,0.1804,0.045
858,2,France,Peru,51.82,0.1901,0.14
858,3,France,Peru,42.41,0.1796,0.079
859,-7,Argentina,Croatia,35.06,0.0908,0.36
859,-6,Argentina,Croatia,36.28,0.0974,0.349
859,-5,Argentina,Croatia,36.75,0.0902,0.389
859,-4,Argentina,Croatia,48.29,0.1049,0.13
859,-3,Argentina,Croatia,43.16,0.0953,0.248
859,-2,Argentina,Croatia,46.53,0.0889,0.349
859,-1,Argentina,Croatia,58.52,0.0895,0.294
859,0,Argentina,Croatia,83.02,0.1,0.356
859,1,Argentina,Croatia,59.53,0.0955,0.233
859,2,Argentina,Croatia,49.32,0.1042,0.204
859,3,Argentina,Croatia,45.52,0.0973,0.465
860,-7,Brazil,Costa Rica,30.08,0.2451,0.248
860,-6,Brazil,Costa Rica,32.48,0.2595,0.157
860,-5,Brazil,Costa Rica,36.49,0.252,0.12
860,-4,Brazil,Costa Rica,48.35,0.2218,0.11
860,-3,Brazil,Costa Rica,43.34,0.245,0.206
860,-2,Brazil,Costa Rica,47.23,0.2525,0.146
860,-1,Brazil,Costa Rica,57.34,0.245,0.153
860,0,Brazil,Costa Rica,82.57,0.2348,0.242
860,1,Brazil,Costa Rica,51.74,0.2409,0.07
860,2,Brazil,Costa Rica,50.2,0.2409,0.236
860,3,Brazil,Costa Rica,46.1,0.2433,0.066
861,-7,Nigeria,Iceland,31.8,0.1111,0.136
861,-6,Nigeria,Iceland,34.05,0.0927,0.296
861,-5,Nigeria,Iceland,36.56,0.0884,0.064
861,-4,Nigeria,Iceland,39.24,0.1282,0.127
861,-3,Nigeria,Iceland,42.92,0.115,0.203
861,-2,Nigeria,Iceland,51.1,0.1073,0.062
861,-1,Nigeria,Iceland,51.78,0.0858,0.123
861,0,Nigeria,Iceland,81.51,0.0986,0.159
861,1,Nigeria,Iceland,52.11,0.1008,0.105
861,2,Nigeria,Iceland,48.68,0.1093,0.045
861,3,Nigeria,Iceland,45.82,0.1081,0.168
862,-7,Serbia,Switzerland,33.81,0.3902,0.178
862,-6,Serbia,Switzerland,37.33,0.3996,0.172
862,-5,Serbia,Switzerland,36.99,0.3935,0.168
862,-4,Serbia,Switzerland,39.38,0.391,0.177
862,-3,Serbia,Switzerland,50.09,0.3803,0.15
862,-2,Serbia,Switzerland,50.52,0.3911,0.229
862,-1,Serbia,Switzerland,58.24,0.3793,0.286
862,0,Serbia,Switzerland,80.17,0.3765,0.21
862,1,Serbia,Switzerland,53.91,0.3822,0.138
862,2,Serbia,Switzerland,49.81,0.3915,0.17
862,3,Serbia,Switzerland,42.74,0.3804,0.284
863,-7,Belgium,Tunisia,41.78,0.4142,0.168
863,-6,Belgium,Tunisia,40.65,0.42,0.145
863,-5,Belgium,Tunisia,43.22,0.42,0.067
863,-4,Belgium,Tunisia,48.8,0.42,0.179
863,-3,Belgium,Tunisia,49.47,0.4101,0.033
863,-2,Belgium,Tunisia,62.71,0.4063,0.182
863,-1,Belgium,Tunisia,59.15,0.42,0.037
863,0,Belgium,Tunisia,98.0,0.42,0.083
863,1,Belgium,Tunisia,66.11,0.4165,0.159
863,2,Belgium,Tunisia,61.31,0.4148,0.237
863,3,Belgium,Tunisia,53.38,0.42,0.074
864,-7,South Korea,Mexico,31.09,0.1931,0.111
864,-6,South Korea,Mexico,39.02,0.195,0.116
864,-5,South Korea,Mexico,35.71,0.1855,0.261
864,-4,South Korea,Mexico,43.49,0.1943,0.17
864,-3,South Korea,Mexico,44.98,0.2173,0.18
864,-2,South Korea,Mexico,53.54,0.1919,0.314
864,-1,South Korea,Mexico,52.09,0.2056,0.143
864,0,South Korea,Mexico,93.71,0.2043,0.077
864,1,South Korea,Mexico,53.09,0.2041,0.242
864,2,South Korea,Mexico,52.58,0.1978,0.174
864,3,South Korea,Mexico,49.62,0.1855,0.2
865,-7,Germany,Sweden,31.17,0.3472,0.152
865,-6,Germany,Sweden,33.2,0.3622,0.081
865,-5,Germany,Sweden,40.1,0.348,0.186
865,-4,Germany,Sweden,41.31,0.3496,0.269
865,-3,Germany,Sweden,44.51,0.364,0.234
865,-2,Germany,Sweden,49.59,0.3405,0.122
865,-1,Germany,Sweden,60.83,0.3615,0.194
865,0,Germany,Sweden,83.98,0.3764,0.123
865,1,Germany,Sweden,56.84,0.3616,0.093
865,2,Germany,Sweden,47.89,0.3501,0.244
865,3,Germany,Sweden,44.28,0.3384,0.077
866,-7,England,Panama,35.26,0.1281,0.222
866,-6,England,Panama,43.55,0.1461,0.15
866,-5,England,Panama,46.52,0.1544,0.099
866,-4,England,Panama,44.71,0.1545,0.187
866,-3,England,Panama,54.27,0.1353,0.115
866,-2,England,Panama,59.15,0.1378,0.062
866,-1,England,Panama,61.81,0.1435,0.287
866,0,England,Panama,94.91,0.1453,0.311
866,1,England,Panama,60.31,0.1539,0.118
866,2,England,Panama,58.93,0.174,0.223
866,3,England,Panama,52.68,0.1346,0.156
867,-7,Japan,Senegal,32.51,0.176,0.284
867,-6,Japan,Senegal,34.1,0.193,0.511
867,-5,Japan,Senegal,37.34,0.1957,0.314
867,-4,Japan,Senegal,40.54,0.164,0.589
867,-3,Japan,Senegal,48.09,0.1954,0.47
867,-2,Japan,Senegal,61.15,0.1882,0.364
867,-1,Japan,Senegal,65.3,0.1786,0.524
867,0,Japan,Senegal,88.68,0.1986,0.332
867,1,Japan,Senegal,67.38,0.1888,0.384
867,2,Japan,Senegal,54.21,0.1857,0.463
867,3,Japan,Senegal,42.98,0.1951,0.391
868,-7,Poland,Colombia,30.6,0.2282,0.309
868,-6,Poland,Colombia,34.55,0.2373,0.277
868,-5,Poland,Colombia,42.58,0.2284,0.262
868,-4,Poland,Colombia,38.71,0.237,0.322
868,-3,Poland,Colombia,37.6,0.2284,0.231
868,-2,Poland,Colombia,51.87,0.2541,0.128
868,-1,Poland,Colombia,61.31,0.2457,0.23
868,0,Poland,Colombia,80.83,0.2326,0.319
868,1,Poland,Colombia,56.45,0.2373,0.179
868,2,Poland,Colombia,53.11,0.2377,0.23
868,3,Poland,Colombia,45.48,0.2318,0.19
869,-7,Russia,Uruguay,28.02,0.1247,-0.078
869,-6,Russia,Uruguay,37.48,0.1241,0.021
869,-5,Russia,Uruguay,38.46,0.1225,-0.034
869,-4,Russia,Uruguay,42.67,0.1548,0.112
869,-3,Russia,Uruguay,50.29,0.1165,0.035
869,-2,Russia,Uruguay,49.85,0.1492,0.112
869,-1,Russia,Uruguay,55.78,0.1046,-0.033
869,0,Russia,Uruguay,88.18,0.1283,0.04
869,1,Russia,Uruguay,58.5,0.1457,-0.007
869,2,Russia,Uruguay,52.61,0.1514,0.148
869,3,Russia,Uruguay,43.96,0.1356,0.101
870,-7,Saudi Arabia,Egypt,33.41,0.0702,0.072
870,-6,Saudi Arabia,Egypt,32.75,0.0649,0.105
870,-5,Saudi Arabia,Egypt,38.98,0.0836,0.164
870,-4,Saudi Arabia,Egypt,34.18,0.0718,0.212
870,-3,Saudi Arabia,Egypt,46.54,0.0645,0.109
870,-2,Saudi Arabia,Egypt,53.64,0.0774,0.145
870,-1,Saudi Arabia,Egypt,51.1,0.0759,0.13
870,0,Saudi Arabia,Egypt,87.31,0.0751,0.338
870,1,Saudi Arabia,Egypt,56.08,0.0972,0.199
870,2,Saudi Arabia,Egypt,48.21,0.0605,0.132
870,3,Saudi Arabia,Egypt,47.31,0.0747,0.064
871,-7,Spain,Morocco,38.06,0.2915,-0.052
871,-6,Spain,Morocco,40.55,0.294,-0.049
871,-5,Spain,Morocco,38.29,0.2636,0.145
871,-4,Spain,Morocco,41.89,0.2683,0.106
871,-3,Spain,Morocco,52.85,0.2731,0.044
871,-2,Spain,Morocco,51.29,0.2817,-0.016
871,-1,Spain,Morocco,58.24,0.2625,-0.007
871,0,Spain,Morocco,82.13,0.2676,0.153
871,1,Spain,Morocco,51.36,0.2803,0.032
871,2,Spain,Morocco,48.56,0.2779,0.169
871,3,Spain,Morocco,52.64,0.2772,0.072
872,-7,Iran,Portugal,33.56,0.2696,0.181
872,-6,Iran,Portugal,38.51,0.2328,0.143
872,-5,Iran,Portugal,43.45,0.2399,0.217
872,-4,Iran,Portugal,42.36,0.2292,0.17
872,-3,Iran,Portugal,41.98,0.2439,0.227
872,-2,Iran,Portugal,46.69,0.2642,0.199
872,-1,Iran,Portugal,54.77,0.256,0.14
872,0,Iran,Portugal,81.17,0.2433,0.098
872,1,Iran,Portugal,53.58,0.2645,0.329
872,2,Iran,Portugal,51.93,0.2541,0.236
872,3,Iran,Portugal,42.72,0.2596,0.135
873,-7,Australia,Peru,35.58,0.2886,-0.012
873,-6,Australia,Peru,36.42,0.3191,0.119
873,-5,Australia,Peru,38.45,0.2955,0.074
873,-4,Australia,Peru,45.23,0.2736,0.01
873,-3,Australia,Peru,40.55,0.2921,-0.069
873,-2,Australia,Peru,42.47,0.2789,-0.02
873,-1,Australia,Peru,56.46,0.2849,-0.042
873,0,Australia,Peru,84.38,0.2981,0.138
873,1,Australia,Peru,57.68,0.2824,-0.028
873,2,Australia,Peru,51.41,0.2841,-0.004
873,3,Australia,Peru,38.24,0.279,0.107
874,-7,Denmark,France,30.47,0.2956,0.011
874,-6,Denmark,France,38.07,0.2952,0.078
874,-5,Denmark,France,37.64,0.3204,-0.015
874,-4,Denmark,France,32.65,0.2899,0.096
874,-3,Denmark,France,48.04,0.3123,-0.001
874,-2,Denmark,France,49.46,0.2975,-0.013
874,-1,Denmark,France,49.35,0.2961,-0.004
874,0,Denmark,France,81.33,0.2969,-0.066
874,1,Denmark,France,52.56,0.2916,-0.02
874,2,Denmark,France,47.76,0.2944,0.013
874,3,Denmark,France,41.21,0.2997,0.015
875,-7,Nigeria,Argentina,25.14,0.2412,0.304
875,-6,Nigeria,Argentina,37.98,0.2388,0.224
875,-5,Nigeria,Argentina,40.79,0.2332,0.279
875,-4,Nigeria,Argentina,42.47,0.2396,0.302
875,-3,Nigeria,Argentina,38.57,0.2292,0.236
875,-2,Nigeria,Argentina,52.9,0.2631,0.033
875,-1,Nigeria,Argentina,59.36,0.2284,0.22
875,0,Nigeria,Argentina,85.74,0.2535,0.175
875,1,Nigeria,Argentina,59.89,0.2334,0.185
875,2,Nigeria,Argentina,51.21,0.2634,0.249
875,3,Nigeria,Argentina,46.53,0.251,0.267
876,-7,Iceland,Croatia,34.65,0.42,0.3
876,-6,Iceland,Croatia,35.68,0.42,0.201
876,-5,Iceland,Croatia,40.62,0.42,0.189
876,-4,Iceland,Croatia,38.02,0.42,0.316
876,-3,Iceland,Croatia,46.12,0.42,0.223
876,-2,Iceland,Croatia,49.94,0.42,0.324
876,-1,Iceland,Croatia,51.41,0.42,0.17
876,0,Iceland,Croatia,88.95,0.42,0.192
876,1,Iceland,Croatia,55.58,0.42,0.156
876,2,Iceland,Croatia,54.95,0.42,0.346
876,3,Iceland,Croatia,40.74,0.42,0.155
877,-7,South Korea,Germany,40.75,0.1037,0.332
877,-6,South Korea,Germany,34.47,0.1223,0.247
877,-5,South Korea,Germany,33.98,0.1339,0.266
877,-4,South Korea,Germany,40.49,0.1275,0.341
877,-3,South Korea,Germany,46.51,0.1151,0.259
877,-2,South Korea,Germany,46.91,0.1157,0.242
877,-1,South Korea,Germany,50.87,0.1251,0.253
877,0,South Korea,Germany,89.68,0.1322,0.103
877,1,South Korea,Germany,49.81,0.1452,0.162
877,2,South Korea,Germany,43.49,0.1124,0.262
877,3,South Korea,Germany,44.63,0.1323,0.204
878,-7,Mexico,Sweden,29.48,0.3081,0.184
878,-6,Mexico,Sweden,36.2,0.3153,0.311
878,-5,Mexico,Sweden,35.09,0.3097,0.242
878,-4,Mexico,Sweden,44.56,0.3474,0.129
878,-3,Mexico,Sweden,50.8,0.3317,0.199
878,-2,Mexico,Sweden,52.92,0.3458,0.124
878,-1,Mexico,Sweden,54.85,0.323,0.286
878,0,Mexico,Sweden,91.08,0.3304,0.222
878,1,Mexico,Sweden,57.91,0.3267,0.09
878,2,Mexico,Sweden,52.35,0.3413,0.317
878,3,Mexico,Sweden,41.77,0.3368,0.349
879,-7,Serbia,Brazil,41.05,0.2791,0.263
879,-6,Serbia,Brazil,31.07,0.2599,0.263
879,-5,Serbia,Brazil,30.14,0.2753,0.294
879,-4,Serbia,Brazil,42.94,0.2819,0.191
879,-3,Serbia,Brazil,42.8,0.2993,0.28
879,-2,Serbia,Brazil,51.76,0.2737,0.153
879,-1,Serbia,Brazil,58.19,0.2697,0.2
879,0,Serbia,Brazil,85.15,0.2759,0.302
879,1,Serbia,Brazil,49.79,0.2742,0.344
879,2,Serbia,Brazil,51.93,0.271,0.25
879,3,Serbia,Brazil,44.06,0.291,0.251
880,-7,Switzerland,Costa Rica,31.46,0.2263,0.202
880,-6,Switzerland,Costa Rica,38.65,0.2272,0.213
880,-5,Switzerland,Costa Rica,41.39,0.2147,0.141
880,-4,Switzerland,Costa Rica,42.45,0.2245,0.155
880,-3,Switzerland,Costa Rica,51.26,0.2119,0.052
880,-2,Switzerland,Costa Rica,59.17,0.2136,0.25
880,-1,Switzerland,Costa Rica,60.43,0.214,0.164
880,0,Switzerland,Costa Rica,87.95,0.2277,0.119
880,1,Switzerland,Costa Rica,57.68,0.223,0.25
880,2,Switzerland,Costa Rica,50.85,0.2117,0.135
880,3,Switzerland,Costa Rica,48.68,0.2021,0.257
881,-7,Japan,Poland,31.11,0.3011,0.121
881,-6,Japan,Poland,30.97,0.2829,0.057
881,-5,Japan,Poland,30.66,0.3001,0.095
881,-4,Japan,Poland,33.63,0.2885,0.152
881,-3,Japan,Poland,47.17,0.2805,0.257
881,-2,Japan,Poland,43.69,0.2754,0.229
881,-1,Japan,Poland,48.82,0.3142,0.059
881,0,Japan,Poland,79.0,0.2802,0.195
881,1,Japan,Poland,56.45,0.288,0.101
881,2,Japan,Poland,49.36,0.2902,0.201
881,3,Japan,Poland,42.28,0.2897,-0.005
882,-7,Senegal,Colombia,26.51,0.1968,0.254
882,-6,Senegal,Colombia,36.16,0.1829,0.123
882,-5,Senegal,Colombia,34.19,0.2142,0.17
882,-4,Senegal,Colombia,38.87,0.1607,0.202
882,-3,Senegal,Colombia,41.2,0.1937,0.216
882,-2,Senegal,Colombia,41.73,0.1817,0.224
882,-1,Senegal,Colombia,48.97,0.1795,0.308
882,0,Senegal,Colombia,77.84,0.195,0.226
882,1,Senegal,Colombia,48.16,0.1857,0.258
882,2,Senegal,Colombia,53.13,0.1804,0.232
882,3,Senegal,Colombia,45.83,0.2048,0.193
883,-7,Panama,Tunisia,32.8,0.3782,0.295
883,-6,Panama,Tunisia,39.39,0.3789,0.298
883,-5,Panama,Tunisia,39.1,0.3567,0.242
883,-4,Panama,Tunisia,41.27,0.3792,0.271
883,-3,Panama,Tunisia,46.46,0.3529,0.343
883,-2,Panama,Tunisia,47.85,0.3614,0.351
883,-1,Panama,Tunisia,59.46,0.3546,0.183
883,0,Panama,Tunisia,85.25,0.3579,0.156
883,1,Panama,Tunisia,53.72,0.3318,0.322
883,2,Panama,Tunisia,53.48,0.3817,0.284
883,3,Panama,Tunisia,44.24,0.3771,0.21
884,-7,England,Belgium,26.39,0.42,0.179
884,-6,England,Belgium,30.46,0.42,0.121
884,-5,England,Belgium,37.37,0.42,0.335
884,-4,England,Belgium,38.52,0.42,0.049
884,-3,England,Belgium,44.7,0.42,0.149
884,-2,England,Belgium,52.95,0.42,0.058
884,-1,England,Belgium,48.43,0.42,0.158
884,0,England,Belgium,80.3,0.42,0.292
884,1,England,Belgium,57.59,0.42,0.044
884,2,England,Belgium,52.59,0.42,0.157
884,3,England,Belgium,46.84,0.42,0.083
885,-7,France,Argentina,38.5,0.2206,0.067
885,-6,France,Argentina,42.62,0.2421,0.048
885,-5,France,Argentina,42.5,0.2231,0.111
885,-4,France,Argentina,45.59,0.2511,0.134
885,-3,France,Argentina,51.29,0.2345,0.025
885,-2,France,Argentina,57.18,0.245,0.161
885,-1,France,Argentina,66.57,0.2481,0.299
885,0,France,Argentina,93.9,0.242,0.169
885,1,France,Argentina,63.02,0.2316,0.18
885,2,France,Argentina,58.93,0.2266,0.019
885,3,France,Argentina,50.42,0.2311,0.187
886,-7,Uruguay,Portugal,30.11,0.2315,0.196
886,-6,Uruguay,Portugal,30.35,0.2244,0.297
886,-5,Uruguay,Portugal,35.72,0.2353,0.196
886,-4,Uruguay,Portugal,41.14,0.2312,0.214
886,-3,Uruguay,Portugal,46.61,0.2076,0.267
886,-2,Uruguay,Portugal,53.3,0.2069,0.362
886,-1,Uruguay,Portugal,52.27,0.2265,0.413
886,0,Uruguay,Portugal,83.77,0.253,0.294
886,1,Uruguay,Portugal,56.06,0.2437,0.353
886,2,Uruguay,Portugal,51.08,0.228,0.206
886,3,Uruguay,Portugal,40.56,0.2494,0.434
887,-7,Russia,Spain,32.64,0.1112,0.1
887,-6,Russia,Spain,31.66,0.1258,0.092
887,-5,Russia,Spain,39.08,0.1355,0.265
887,-4,Russia,Spain,39.09,0.1349,0.206
887,-3,Russia,Spain,47.81,0.1177,0.182
887,-2,Russia,Spain,49.31,0.1361,0.158
887,-1,Russia,Spain,60.4,0.1218,0.087
887,0,Russia,Spain,80.12,0.129,0.175
887,1,Russia,Spain,52.81,0.1446,0.154
887,2,Russia,Spain,48.46,0.1165,0.281
887,3,Russia,Spain,44.06,0.1521,0.11
888,-7,Croatia,Denmark,35.1,0.2815,0.291
888,-6,Croatia,Denmark,38.46,0.2985,0.113
888,-5,Croatia,Denmark,43.93,0.3128,0.137
888,-4,Croatia,Denmark,41.01,0.2994,0.026
888,-3,Croatia,Denmark,48.24,0.3006,0.125
888,-2,Croatia,Denmark,41.12,0.2923,0.085
888,-1,Croatia,Denmark,48.85,0.2927,0.256
888,0,Croatia,Denmark,82.23,0.3025,0.21
888,1,Croatia,Denmark,49.6,0.2817,0.24
888,2,Croatia,Denmark,46.83,0.2981,0.135
888,3,Croatia,Denmark,46.75,0.2934,0.147
889,-7,Brazil,Mexico,34.61,0.1136,0.129
889,-6,Brazil,Mexico,32.92,0.1536,0.104
889,-5,Brazil,Mexico,37.14,0.1433,0.222
889,-4,Brazil,Mexico,40.1,0.1321,0.188
889,-3,Brazil,Mexico,47.64,0.1312,0.054
889,-2,Brazil,Mexico,50.43,0.1575,0.131
889,-1,Brazil,Mexico,59.17,0.1457,0.124
889,0,Brazil,Mexico,80.53,0.1305,0.217
889,1,Brazil,Mexico,53.77,0.1528,0.264
889,2,Brazil,Mexico,43.39,0.1225,0.248
889,3,Brazil,Mexico,42.43,0.1374,0.243
890,-7,Belgium,Japan,38.65,0.1542,-0.01
890,-6,Belgium,Japan,37.85,0.1587,0.151
890,-5,Belgium,Japan,40.95,0.1573,0.292
890,-4,Belgium,Japan,44.85,0.1621,0.153
890,-3,Belgium,Japan,50.83,0.1614,0.308
890,-2,Belgium,Japan,48.7,0.1516,0.034
890,-1,Belgium,Japan,60.26,0.1747,0.123
890,0,Belgium,Japan,93.55,0.1745,0.121
890,1,Belgium,Japan,61.74,0.1666,0.117
890,2,Belgium,Japan,52.29,0.1718,0.231
890,3,Belgium,Japan,44.76,0.1632,0.157
891,-7,Sweden,Switzerland,37.19,0.2607,0.017
891,-6,Sweden,Switzerland,30.07,0.2673,0.052
891,-5,Sweden,Switzerland,31.62,0.2677,0.096
891,-4,Sweden,Switzerland,34.82,0.2394,-0.078
891,-3,Sweden,Switzerland,40.47,0.2592,0.141
891,-2,Sweden,Switzerland,48.53,0.2398,0.054
891,-1,Sweden,Switzerland,57.46,0.2494,0.128
891,0,Sweden,Switzerland,82.29,0.2646,0.104
891,1,Sweden,Switzerland,55.11,0.2377,0.18
891,2,Sweden,Switzerland,40.72,0.2592,0.071
891,3,Sweden,Switzerland,40.46,0.2438,0.112
892,-7,Colombia,England,34.99,0.2484,0.174
892,-6,Colombia,England,39.02,0.2445,0.191
892,-5,Colombia,England,36.55,0.2792,0.135
892,-4,Colombia,England,43.36,0.2292,0.127
892,-3,Colombia,England,43.15,0.248,0.175
892,-2,Colombia,England,48.45,0.2413,0.284
892,-1,Colombia,England,50.91,0.2585,0.241
892,0,Colombia,England,79.68,0.2452,0.194
892,1,Colombia,England,60.27,0.2452,0.448
892,2,Colombia,England,51.48,0.2537,0.256
892,3,Colombia,England,38.22,0.2637,0.101
893,-7,Uruguay,France,35.23,0.161,0.096
893,-6,Uruguay,France,40.74,0.1669,0.045
893,-5,Uruguay,France,40.67,0.1535,0.247
893,-4,Uruguay,France,40.39,0.1528,0.209
893,-3,Uruguay,France,46.05,0.1426,0.148
893,-2,Uruguay,France,49.84,0.171,0.139
893,-1,Uruguay,France,57.01,0.1749,0.154
893,0,Uruguay,France,82.17,0.1699,0.11
893,1,Uruguay,France,50.83,0.1546,0.145
893,2,Uruguay,France,45.79,0.1662,0.245
893,3,Uruguay,France,43.51,0.1698,0.136
894,-7,Brazil,Belgium,37.91,0.42,0.307
894,-6,Brazil,Belgium,38.32,0.42,0.259
894,-5,Brazil,Belgium,42.03,0.42,0.342
894,-4,Brazil,Belgium,41.4,0.42,0.416
894,-3,Brazil,Belgium,46.33,0.42,0.363
894,-2,Brazil,Belgium,53.7,0.42,0.12
894,-1,Brazil,Belgium,56.21,0.42,0.434
894,0,Brazil,Belgium,84.67,0.42,0.327
894,1,Brazil,Belgium,50.94,0.42,0.247
894,2,Brazil,Belgium,45.73,0.42,0.257
894,3,Brazil,Belgium,45.08,0.42,0.36
895,-7,Sweden,England,26.68,0.2296,0.201
895,-6,Sweden,England,35.24,0.2356,0.246
895,-5,Sweden,England,33.79,0.2329,0.199
895,-4,Sweden,England,45.05,0.2339,0.241
895,-3,Sweden,England,39.75,0.2255,0.253
895,-2,Sweden,England,48.52,0.2315,0.112
895,-1,Sweden,England,51.56,0.2293,0.319
895,0,Sweden,England,76.38,0.2201,0.102
895,1,Sweden,England,55.55,0.2468,0.26
895,2,Sweden,England,50.81,0.2202,0.261
895,3,Sweden,England,41.53,0.2333,0.27
896,-7,Russia,Croatia,33.47,0.2607,0.086
896,-6,Russia,Croatia,37.97,0.2736,0.132
896,-5,Russia,Croatia,37.3,0.2451,0.158
896,-4,Russia,Croatia,46.99,0.2505,-0.01
896,-3,Russia,Croatia,44.07,0.2531,0.138
896,-2,Russia,Croatia,55.8,0.2265,0.158
896,-1,Russia,Croatia,63.3,0.2222,0.097
896,0,Russia,Croatia,91.59,0.234,0.062
896,1,Russia,Croatia,60.26,0.2446,0.072
896,2,Russia,Croatia,53.06,0.2369,0.022
896,3,Russia,Croatia,49.04,0.2623,0.125
897,-7,France,Belgium,35.8,0.2011,0.358
897,-6,France,Belgium,33.53,0.1991,0.257
897,-5,France,Belgium,33.73,0.1868,0.166
897,-4,France,Belgium,37.05,0.2209,0.357
897,-3,France,Belgium,41.5,0.1911,0.079
897,-2,France,Belgium,43.57,0.1864,0.198
897,-1,France,Belgium,50.47,0.1987,0.283
897,0,France,Belgium,77.48,0.2133,0.253
897,1,France,Belgium,55.57,0.1908,0.267
897,2,France,Belgium,48.63,0.2137,0.275
897,3,France,Belgium,45.64,0.1898,0.313
898,-7,Croatia,England,28.87,0.1609,0.207
898,-6,Croatia,England,31.74,0.1567,0.122
898,-5,Croatia,England,39.92,0.1659,0.254
898,-4,Croatia,England,48.48,0.171,0.151
898,-3,Croatia,England,47.1,0.1571,0.183
898,-2,Croatia,England,59.16,0.1654,0.208
898,-1,Croatia,England,55.79,0.1629,0.221
898,0,Croatia,England,81.52,0.1658,0.092
898,1,Croatia,England,61.76,0.1796,0.133
898,2,Croatia,England,44.04,0.1737,0.184
898,3,Croatia,England,53.67,0.1846,0.231
899,-7,Belgium,England,30.34,0.2394,0.308
899,-6,Belgium,England,35.78,0.234,0.192
899,-5,Belgium,England,44.01,0.2429,0.317
899,-4,Belgium,England,37.45,0.2589,0.36
899,-3,Belgium,England,44.44,0.245,0.307
899,-2,Belgium,England,49.14,0.2492,0.313
899,-1,Belgium,England,53.79,0.2285,0.285
899,0,Belgium,England,85.62,0.2506,0.379
899,1,Belgium,England,59.37,0.2509,0.3
899,2,Belgium,England,50.0,0.2356,0.343
899,3,Belgium,England,48.86,0.255,0.326
900,-7,France,Croatia,35.95,0.2529,0.093
900,-6,France,Croatia,36.93,0.2605,-0.092
900,-5,France,Croatia,40.71,0.258,0.279
900,-4,France,Croatia,46.25,0.2577,0.046
900,-3,France,Croatia,56.58,0.2474,0.246
900,-2,France,Croatia,53.19,0.2685,0.1
900,-1,France,Croatia,60.23,0.2693,0.197
900,0,France,Croatia,94.23,0.2569,0.075
900,1,France,Croatia,62.98,0.2441,-0.085
900,2,France,Croatia,49.23,0.2545,0.029
900,3,France,Croatia,50.15,0.2511,0.055
901,-7,Qatar,Ecuador,30.68,0.2364,0.191
901,-6,Qatar,Ecuador,40.84,0.226,0.041
901,-5,Qatar,Ecuador,34.49,0.2262,0.192
901,-4,Qatar,Ecuador,39.36,0.2153,0.132
901,-3,Qatar,Ecuador,44.77,0.2242,0.098
901,-2,Qatar,Ecuador,50.81,0.2276,0.167
901,-1,Qatar,Ecuador,53.28,0.2329,0.268
901,0,Qatar,Ecuador,83.4,0.2173,0.208
901,1,Qatar,Ecuador,51.6,0.2095,0.13
901,2,Qatar,Ecuador,51.04,0.2142,0.174
901,3,Qatar,Ecuador,38.25,0.2322,0.276
902,-7,Senegal,Netherlands,29.77,0.3543,0.131
902,-6,Senegal,Netherlands,35.73,0.346,0.125
902,-5,Senegal,Netherlands,35.23,0.3359,0.223
902,-4,Senegal,Netherlands,35.53,0.3488,0.142
902,-3,Senegal,Netherlands,45.12,0.357,0.12
902,-2,Senegal,Netherlands,52.24,0.3728,0.135
902,-1,Senegal,Netherlands,48.59,0.3473,0.129
902,0,Senegal,Netherlands,86.38,0.3251,0.169
902,1,Senegal,Netherlands,54.22,0.3586,0.11
902,2,Senegal,Netherlands,52.99,0.3309,0.147
902,3,Senegal,Netherlands,41.88,0.3431,0.336
903,-7,England,Iran,36.54,0.1911,0.082
903,-6,England,Iran,41.7,0.1938,0.111
903,-5,England,Iran,51.66,0.2095,0.096
903,-4,England,Iran,52.95,0.1898,0.076
903,-3,England,Iran,52.26,0.1805,0.228
903,-2,England,Iran,57.36,0.2111,0.172
903,-1,England,Iran,65.97,0.1896,0.285
903,0,England,Iran,102.83,0.1895,0.222
903,1,England,Iran,69.43,0.1837,0.162
903,2,England,Iran,54.1,0.1952,0.184
903,3,England,Iran,56.34,0.1836,0.11
904,-7,United States,Wales,33.82,0.2362,0.074
904,-6,United States,Wales,33.41,0.2328,0.077
904,-5,United States,Wales,38.77,0.2308,0.061
904,-4,United States,Wales,38.14,0.2193,0.146
904,-3,United States,Wales,51.9,0.2066,0.183
904,-2,United States,Wales,48.67,0.2214,0.187
904,-1,United States,Wales,54.27,0.2179,0.023
904,0,United States,Wales,85.1,0.2249,0.02
904,1,United States,Wales,60.78,0.2122,0.103
904,2,United States,Wales,50.05,0.2361,0.012
904,3,United States,Wales,47.28,0.2503,-0.033
905,-7,Argentina,Saudi Arabia,30.95,0.1814,0.205
905,-6,Argentina,Saudi Arabia,36.99,0.1524,0.33
905,-5,Argentina,Saudi Arabia,33.83,0.1712,0.111
905,-4,Argentina,Saudi Arabia,37.37,0.1434,0.205
905,-3,Argentina,Saudi Arabia,44.36,0.1471,0.149
905,-2,Argentina,Saudi Arabia,48.51,0.1452,0.23
905,-1,Argentina,Saudi Arabia,55.42,0.1244,0.211
905,0,Argentina,Saudi Arabia,90.56,0.1531,0.126
905,1,Argentina,Saudi Arabia,60.25,0.1399,0.192
905,2,Argentina,Saudi Arabia,51.62,0.1693,0.254
905,3,Argentina,Saudi Arabia,47.7,0.1676,0.133
906,-7,Mexico,Poland,36.18,0.1715,0.298
906,-6,Mexico,Poland,29.94,0.2129,0.299
906,-5,Mexico,Poland,37.44,0.2128,0.259
906,-4,Mexico,Poland,33.33,0.1923,0.217
906,-3,Mexico,Poland,41.42,0.2045,0.285
906,-2,Mexico,Poland,50.49,0.1973,0.229
906,-1,Mexico,Poland,46.33,0.1892,0.136
906,0,Mexico,Poland,78.84,0.2005,0.23
906,1,Mexico,Poland,51.75,0.2217,0.236
906,2,Mexico,Poland,42.83,0.2191,0.138
906,3,Mexico,Poland,43.56,0.2024,0.291
907,-7,Denmark,Tunisia,33.21,0.3895,0.258
907,-6,Denmark,Tunisia,44.33,0.3827,0.235
907,-5,Denmark,Tunisia,33.13,0.3839,0.211
907,-4,Denmark,Tunisia,38.13,0.4035,0.173
907,-3,Denmark,Tunisia,40.36,0.3882,0.203
907,-2,Denmark,Tunisia,49.95,0.3886,0.189
907,-1,Denmark,Tunisia,54.89,0.4128,0.302
907,0,Denmark,Tunisia,75.74,0.3945,0.239
907,1,Denmark,Tunisia,51.63,0.4064,0.283
907,2,Denmark,Tunisia,46.45,0.3916,0.332
907,3,Denmark,Tunisia,43.4,0.3757,0.16
908,-7,France,Australia,35.25,0.1422,0.237
908,-6,France,Australia,41.74,0.1288,0.258
908,-5,France,Australia,39.62,0.1265,0.056
908,-4,France,Australia,44.54,0.1203,0.263
908,-3,France,Australia,54.72,0.1314,0.188
908,-2,France,Australia,53.08,0.1002,0.102
908,-1,France,Australia,64.16,0.1359,0.128
908,0,France,Australia,96.47,0.125,0.075
908,1,France,Australia,64.13,0.1233,0.227
908,2,France,Australia,48.2,0.1238,0.197
908,3,France,Australia,51.76,0.1279,0.175
909,-7,Germany,Japan,34.6,0.0722,0.09
909,-6,Germany,Japan,37.39,0.0962,0.11
909,-5,Germany,Japan,37.55,0.0741,0.168
909,-4,Germany,Japan,45.11,0.1019,0.04
909,-3,Germany,Japan,47.29,0.0818,0.118
909,-2,Germany,Japan,61.87,0.1009,0.062
909,-1,Germany,Japan,56.76,0.0858,0.124
909,0,Germany,Japan,82.61,0.094,-0.033
909,1,Germany,Japan,51.79,0.1141,0.09
909,2,Germany,Japan,56.69,0.0804,-0.032
909,3,Germany,Japan,43.19,0.1224,0.016
910,-7,Spain,Costa Rica,44.93,0.3582,0.243
910,-6,Spain,Costa Rica,38.92,0.3433,0.274
910,-5,Spain,Costa Rica,49.43,0.3565,0.287
910,-4,Spain,Costa Rica,47.16,0.3802,0.252
910,-3,Spain,Costa Rica,60.31,0.3425,0.232
910,-2,Spain,Costa Rica,62.43,0.3558,0.271
910,-1,Spain,Costa Rica,62.01,0.3492,0.174
910,0,Spain,Costa Rica,99.52,0.3518,0.198
910,1,Spain,Costa Rica,67.65,0.3413,0.085
910,2,Spain,Costa Rica,56.68,0.3799,0.271
910,3,Spain,Costa Rica,50.23,0.3594,0.226
911,-7,Morocco,Croatia,32.01,0.0607,0.091
911,-6,Morocco,Croatia,33.31,0.0679,0.115
911,-5,Morocco,Croatia,36.16,0.0506,0.037
911,-4,Morocco,Croatia,34.15,0.0581,0.166
911,-3,Morocco,Croatia,43.61,0.0569,0.015
911,-2,Morocco,Croatia,44.37,0.0347,0.06
911,-1,Morocco,Croatia,55.25,0.0417,0.072
911,0,Morocco,Croatia,81.49,0.0646,-0.038
911,1,Morocco,Croatia,50.14,0.0412,0.016
911,2,Morocco,Croatia,45.12,0.0267,0.051
911,3,Morocco,Croatia,42.24,0.0376,0.043
912,-7,Belgium,Canada,31.87,0.42,0.151
912,-6,Belgium,Canada,36.57,0.42,0.213
912,-5,Belgium,Canada,42.68,0.42,0.287
912,-4,Belgium,Canada,42.35,0.42,0.24
912,-3,Belgium,Canada,45.86,0.42,0.24
912,-2,Belgium,Canada,50.31,0.42,0.266
912,-1,Belgium,Canada,53.97,0.42,0.325
912,0,Belgium,Canada,89.31,0.42,0.355
912,1,Belgium,Canada,52.22,0.42,0.21
912,2,Belgium,Canada,44.99,0.42,0.327
912,3,Belgium,Canada,47.21,0.42,0.242
913,-7,Switzerland,Cameroon,31.79,0.2876,0.305
913,-6,Switzerland,Cameroon,32.73,0.2824,0.359
913,-5,Switzerland,Cameroon,35.84,0.2779,0.258
913,-4,Switzerland,Cameroon,40.23,0.2663,0.233
913,-3,Switzerland,Cameroon,45.17,0.3089,0.227
913,-2,Switzerland,Cameroon,50.88,0.287,0.345
913,-1,Switzerland,Cameroon,51.59,0.298,0.362
913,0,Switzerland,Cameroon,87.06,0.3019,0.277
913,1,Switzerland,Cameroon,55.8,0.2798,0.108
913,2,Switzerland,Cameroon,49.1,0.2829,0.331
913,3,Switzerland,Cameroon,46.71,0.2721,0.428
914,-7,Brazil,Serbia,34.31,0.1141,0.202
914,-6,Brazil,Serbia,27.74,0.1387,0.245
914,-5,Brazil,Serbia,35.2,0.1218,0.261
914,-4,Brazil,Serbia,43.42,0.1098,0.207
914,-3,Brazil,Serbia,46.91,0.1224,0.323
914,-2,Brazil,Serbia,48.21,0.1484,0.297
914,-1,Brazil,Serbia,59.99,0.1357,0.322
914,0,Brazil,Serbia,82.34,0.1435,0.297
914,1,Brazil,Serbia,52.36,0.1042,0.292
914,2,Brazil,Serbia,55.23,0.1186,0.216
914,3,Brazil,Serbia,44.17,0.1427,0.153
915,-7,Uruguay,South Korea,28.37,0.2434,0.233
915,-6,Uruguay,South Korea,32.39,0.2513,0.181
915,-5,Uruguay,South Korea,38.23,0.269,0.266
915,-4,Uruguay,South Korea,40.53,0.2721,0.129
915,-3,Uruguay,South Korea,43.47,0.2837,0.065
915,-2,Uruguay,South Korea,44.59,0.2431,0.214
915,-1,Uruguay,South Korea,56.84,0.262,0.179
915,0,Uruguay,South Korea,80.94,0.252,0.208
915,1,Uruguay,South Korea,53.97,0.2765,0.225
915,2,Uruguay,South Korea,47.22,0.2799,0.057
915,3,Uruguay,South Korea,41.79,0.2466,0.177
916,-7,Portugal,Ghana,38.52,0.3779,0.072
916,-6,Portugal,Ghana,41.41,0.3553,0.018
916,-5,Portugal,Ghana,42.39,0.3635,0.212
916,-4,Portugal,Ghana,53.2,0.3588,-0.019
916,-3,Portugal,Ghana,45.24,0.3561,0.123
916,-2,Portugal,Ghana,54.28,0.351,0.233
916,-1,Portugal,Ghana,63.86,0.3872,-0.018
916,0,Portugal,Ghana,98.33,0.3643,0.081
916,1,Portugal,Ghana,61.62,0.3577,0.098
916,2,Portugal,Ghana,58.5,0.3425,0.213
916,3,Portugal,Ghana,51.4,0.3648,0.173
917,-7,Qatar,Senegal,36.53,0.1718,0.113
917,-6,Qatar,Senegal,43.08,0.1599,0.153
917,-5,Qatar,Senegal,35.88,0.1835,0.16
917,-4,Qatar,Senegal,39.93,0.1672,0.17
917,-3,Qatar,Senegal,49.44,0.1544,0.118
917,-2,Qatar,Senegal,54.01,0.1921,0.226
917,-1,Qatar,Senegal,58.0,0.1896,0.145
917,0,Qatar,Senegal,79.98,0.1949,0.199
917,1,Qatar,Senegal,60.25,0.1777,0.188
917,2,Qatar,Senegal,53.47,0.1741,0.121
917,3,Qatar,Senegal,48.72,0.167,0.087
918,-7,Netherlands,Ecuador,33.9,0.42,0.138
918,-6,Netherlands,Ecuador,33.18,0.4017,0.102
918,-5,Netherlands,Ecuador,33.67,0.42,0.072
918,-4,Netherlands,Ecuador,43.02,0.4189,0.236
918,-3,Netherlands,Ecuador,49.36,0.42,0.273
918,-2,Netherlands,Ecuador,55.38,0.42,0.147
918,-1,Netherlands,Ecuador,48.81,0.42,0.206
918,0,Netherlands,Ecuador,78.13,0.42,0.014
918,1,Netherlands,Ecuador,61.11,0.42,0.137
918,2,Netherlands,Ecuador,50.4,0.42,0.228
918,3,Netherlands,Ecuador,45.52,0.42,0.105
919,-7,Wales,Iran,32.5,0.3009,0.075
919,-6,Wales,Iran,36.2,0.2676,0.251
919,-5,Wales,Iran,39.14,0.2644,0.176
919,-4,Wales,Iran,37.65,0.2877,0.172
919,-3,Wales,Iran,52.37,0.2822,0.103
919,-2,Wales,Iran,42.86,0.274,0.05
919,-1,Wales,Iran,55.07,0.2733,0.155
919,0,Wales,Iran,83.01,0.2852,0.092
919,1,Wales,Iran,53.52,0.2709,0.116
919,2,Wales,Iran,54.75,0.2707,0.103
919,3,Wales,Iran,46.97,0.2793,-0.023
920,-7,England,United States,32.33,0.1797,0.186
920,-6,England,United States,28.32,0.1959,0.223
920,-5,England,United States,30.45,0.2024,0.288
920,-4,England,United States,41.16,0.189,0.286
920,-3,England,United States,44.92,0.182,0.244
920,-2,England,United States,49.94,0.198,0.279
920,-1,England,United States,51.67,0.2125,0.288
920,0,England,United States,79.19,0.1976,0.177
920,1,England,United States,53.56,0.1879,0.202
920,2,England,United States,40.35,0.1793,0.131
920,3,England,United States,38.53,0.1926,0.364
921,-7,Poland,Saudi Arabia,33.17,0.2827,0.304
921,-6,Poland,Saudi Arabia,25.38,0.2844,0.236
921,-5,Poland,Saudi Arabia,41.03,0.2581,0.174
921,-4,Poland,Saudi Arabia,38.15,0.2642,0.376
921,-3,Poland,Saudi Arabia,43.3,0.2908,0.263
921,-2,Poland,Saudi Arabia,44.91,0.2734,0.218
921,-1,Poland,Saudi Arabia,57.08,0.2837,0.337
921,0,Poland,Saudi Arabia,88.16,0.2876,0.282
921,1,Poland,Saudi Arabia,60.43,0.2722,0.103
921,2,Poland,Saudi Arabia,47.83,0.2632,0.145
921,3,Poland,Saudi Arabia,45.63,0.2731,0.259
922,-7,Argentina,Mexico,34.02,0.2647,-0.022
922,-6,Argentina,Mexico,32.29,0.2374,0.107
922,-5,Argentina,Mexico,44.87,0.2624,0.086
922,-4,Argentina,Mexico,39.55,0.2577,0.156
922,-3,Argentina,Mexico,45.6,0.268,0.158
922,-2,Argentina,Mexico,53.8,0.2607,0.074
922,-1,Argentina,Mexico,54.35,0.2663,0.038
922,0,Argentina,Mexico,86.19,0.2728,-0.051
922,1,Argentina,Mexico,49.2,0.2598,0.114
922,2,Argentina,Mexico,50.96,0.2458,0.13
922,3,Argentina,Mexico,51.96,0.2499,0.016
923,-7,Tunisia,Australia,31.89,0.1095,0.428
923,-6,Tunisia,Australia,35.12,0.1075,0.303
923,-5,Tunisia,Australia,31.47,0.1274,0.388
923,-4,Tunisia,Australia,39.64,0.1123,0.336
923,-3,Tunisia,Australia,37.52,0.0939,0.33
923,-2,Tunisia,Australia,47.43,0.1109,0.463
923,-1,Tunisia,Australia,52.75,0.1018,0.348
923,0,Tunisia,Australia,77.11,0.1129,0.293
923,1,Tunisia,Australia,54.54,0.1088,0.334
923,2,Tunisia,Australia,50.4,0.1198,0.486
923,3,Tunisia,Australia,46.13,0.1081,0.3
924,-7,France,Denmark,35.32,0.1458,0.226
924,-6,France,Denmark,34.1,0.1337,0.182
924,-5,France,Denmark,43.15,0.1319,0.184
924,-4,France,Denmark,38.72,0.1378,0.069
924,-3,France,Denmark,47.18,0.1217,0.123
924,-2,France,Denmark,53.74,0.1283,-0.002
924,-1,France,Denmark,56.95,0.1236,0.254
924,0,France,Denmark,83.59,0.1513,0.226
924,1,France,Denmark,56.67,0.1233,0.121
924,2,France,Denmark,52.82,0.1188,0.158
924,3,France,Denmark,43.06,0.1369,0.178
925,-7,Japan,Costa Rica,30.16,0.1742,-0.002
925,-6,Japan,Costa Rica,35.22,0.162,0.11
925,-5,Japan,Costa Rica,37.42,0.1717,0.088
925,-4,Japan,Costa Rica,41.32,0.1646,0.139
925,-3,Japan,Costa Rica,34.96,0.1902,0.036
925,-2,Japan,Costa Rica,51.67,0.1944,0.017
925,-1,Japan,Costa Rica,52.42,0.1809,-0.032
925,0,Japan,Costa Rica,80.84,0.1721,-0.036
925,1,Japan,Costa Rica,52.11,0.1861,0.095
925,2,Japan,Costa Rica,47.59,0.1778,0.026
925,3,Japan,Costa Rica,37.53,0.1649,0.114
926,-7,Spain,Germany,37.14,0.095,0.151
926,-6,Spain,Germany,31.16,0.0991,0.065
926,-5,Spain,Germany,37.19,0.097,0.082
926,-4,Spain,Germany,44.13,0.0879,0.082
926,-3,Spain,Germany,48.66,0.1003,0.035
926,-2,Spain,Germany,46.97,0.1293,0.178
926,-1,Spain,Germany,54.67,0.1195,0.036
926,0,Spain,Germany,84.42,0.0926,-0.056
926,1,Spain,Germany,53.67,0.1002,0.103
926,2,Spain,Germany,52.24,0.1038,0.004
926,3,Spain,Germany,42.98,0.1244,0.117
927,-7,Belgium,Morocco,37.93,0.2479,0.259
927,-6,Belgium,Morocco,38.23,0.2158,0.377
927,-5,Belgium,Morocco,41.04,0.2012,0.333
927,-4,Belgium,Morocco,38.41,0.2225,0.259
927,-3,Belgium,Morocco,48.46,0.2184,0.215
927,-2,Belgium,Morocco,47.13,0.224,0.334
927,-1,Belgium,Morocco,59.88,0.2328,0.346
927,0,Belgium,Morocco,87.55,0.2364,0.377
927,1,Belgium,Morocco,64.47,0.2362,0.325
927,2,Belgium,Morocco,48.32,0.2303,0.386
927,3,Belgium,Morocco,41.02,0.2417,0.275
928,-7,Croatia,Canada,35.6,0.2255,0.302
928,-6,Croatia,Canada,40.67,0.2054,0.4
928,-5,Croatia,Canada,42.83,0.2192,0.358
928,-4,Croatia,Canada,45.68,0.2245,0.324
928,-3,Croatia,Canada,49.01,0.198,0.435
928,-2,Croatia,Canada,51.12,0.2386,0.322
928,-1,Croatia,Canada,65.8,0.2317,0.406
928,0,Croatia,Canada,94.04,0.2049,0.326
928,1,Croatia,Canada,60.44,0.218,0.253
928,2,Croatia,Canada,54.19,0.1841,0.318
928,3,Croatia,Canada,50.47,0.2098,0.32
929,-7,Cameroon,Serbia,38.13,0.1927,0.331
929,-6,Cameroon,Serbia,41.37,0.1801,0.282
929,-5,Cameroon,Serbia,49.78,0.1865,0.275
929,-4,Cameroon,Serbia,50.95,0.1811,0.197
929,-3,Cameroon,Serbia,53.22,0.1825,0.242
929,-2,Cameroon,Serbia,58.84,0.1587,0.219
929,-1,Cameroon,Serbia,60.41,0.1712,0.246
929,0,Cameroon,Serbia,93.66,0.2006,0.289
929,1,Cameroon,Serbia,60.71,0.1596,0.216
929,2,Cameroon,Serbia,55.78,0.1729,0.435
929,3,Cameroon,Serbia,45.82,0.1811,0.248
930,-7,Brazil,Switzerland,30.93,0.2211,0.285
930,-6,Brazil,Switzerland,34.76,0.2529,0.322
930,-5,Brazil,Switzerland,41.08,0.2198,0.272
930,-4,Brazil,Switzerland,48.73,0.2571,0.186
930,-3,Brazil,Switzerland,44.01,0.2318,0.258
930,-2,Brazil,Switzerland,55.21,0.2559,0.182
930,-1,Brazil,Switzerland,51.07,0.2444,0.269
930,0,Brazil,Switzerland,83.1,0.2351,0.262
930,1,Brazil,Switzerland,51.0,0.24,0.337
930,2,Brazil,Switzerland,49.24,0.236,0.367
930,3,Brazil,Switzerland,47.42,0.2444,0.27
931,-7,South Korea,Ghana,42.58,0.3759,0.172
931,-6,South Korea,Ghana,43.25,0.3773,0.324
931,-5,South Korea,Ghana,40.51,0.3525,0.398
931,-4,South Korea,Ghana,48.67,0.3632,0.441
931,-3,South Korea,Ghana,46.5,0.3555,0.291
931,-2,South Korea,Ghana,54.45,0.3345,0.348
931,-1,South Korea,Ghana,58.91,0.3474,0.253
931,0,South Korea,Ghana,93.07,0.3551,0.345
931,1,South Korea,Ghana,65.63,0.3535,0.236
931,2,South Korea,Ghana,54.74,0.3459,0.276
931,3,South Korea,Ghana,46.72,0.3821,0.287
932,-7,Portugal,Uruguay,31.07,0.2999,0.126
932,-6,Portugal,Uruguay,32.87,0.2965,0.221
932,-5,Portugal,Uruguay,41.82,0.2586,0.269
932,-4,Portugal,Uruguay,39.51,0.2774,0.091
932,-3,Portugal,Uruguay,43.34,0.3105,0.28
932,-2,Portugal,Uruguay,55.67,0.29,0.219
932,-1,Portugal,Uruguay,50.17,0.2724,0.202
932,0,Portugal,Uruguay,80.15,0.2811,0.215
932,1,Portugal,Uruguay,60.15,0.2915,0.117
932,2,Portugal,Uruguay,43.58,0.2928,0.168
932,3,Portugal,Uruguay,45.69,0.2889,0.207
933,-7,Ecuador,Senegal,38.31,0.2961,0.215
933,-6,Ecuador,Senegal,33.46,0.2769,0.242
933,-5,Ecuador,Senegal,44.03,0.2682,0.296
933,-4,Ecuador,Senegal,40.13,0.2915,0.385
933,-3,Ecuador,Senegal,41.3,0.2896,0.167
933,-2,Ecuador,Senegal,53.26,0.2761,0.015
933,-1,Ecuador,Senegal,55.01,0.2877,0.283
933,0,Ecuador,Senegal,89.36,0.3012,0.154
933,1,Ecuador,Senegal,55.63,0.2876,0.163
933,2,Ecuador,Senegal,55.63,0.2666,0.249
933,3,Ecuador,Senegal,51.09,0.2879,0.253
934,-7,Qatar,Netherlands,30.68,0.42,0.235
934,-6,Qatar,Netherlands,32.83,0.42,0.231
934,-5,Qatar,Netherlands,37.91,0.42,0.254
934,-4,Qatar,Netherlands,41.06,0.42,0.268
934,-3,Qatar,Netherlands,46.24,0.42,0.251
934,-2,Qatar,Netherlands,50.47,0.42,0.167
934,-1,Qatar,Netherlands,55.39,0.42,0.247
934,0,Qatar,Netherlands,85.47,0.42,0.133
934,1,Qatar,Netherlands,54.07,0.42,0.152
934,2,Qatar,Netherlands,50.45,0.42,0.202
934,3,Qatar,Netherlands,47.66,0.42,0.126
935,-7,Wales,England,35.91,0.3676,0.135
935,-6,Wales,England,39.19,0.3595,0.205
935,-5,Wales,England,40.51,0.3728,0.186
935,-4,Wales,England,39.38,0.3646,0.155
935,-3,Wales,England,46.42,0.3672,0.133
935,-2,Wales,England,50.69,0.366,0.249
935,-1,Wales,England,58.91,0.3898,0.275
935,0,Wales,England,84.13,0.3476,0.124
935,1,Wales,England,55.89,0.3544,0.187
935,2,Wales,England,51.81,0.3669,0.25
935,3,Wales,England,44.73,0.3646,0.35
936,-7,Iran,United States,31.69,0.0566,0.141
936,-6,Iran,United States,37.19,0.0509,0.155
936,-5,Iran,United States,35.24,0.0675,-0.004
936,-4,Iran,United States,38.89,0.058,0.107
936,-3,Iran,United States,40.75,0.0355,0.114
936,-2,Iran,United States,47.48,0.0506,0.198
936,-1,Iran,United States,52.73,0.0491,-0.044
936,0,Iran,United States,78.21,0.0658,0.031
936,1,Iran,United States,55.95,0.0398,0.021
936,2,Iran,United States,45.07,0.061,0.067
936,3,Iran,United States,39.81,0.0639,0.117
937,-7,Poland,Argentina,34.14,0.1996,0.169
937,-6,Poland,Argentina,39.76,0.1949,0.248
937,-5,Poland,Argentina,39.49,0.1848,0.362
937,-4,Poland,Argentina,41.31,0.1965,0.2
937,-3,Poland,Argentina,49.31,0.2104,0.24
937,-2,Poland,Argentina,44.82,0.1941,0.224
937,-1,Poland,Argentina,54.12,0.1843,0.12
937,0,Poland,Argentina,90.12,0.205,0.231
937,1,Poland,Argentina,53.42,0.2004,0.243
937,2,Poland,Argentina,48.55,0.2008,0.265
937,3,Poland,Argentina,47.69,0.1854,0.259
938,-7,Saudi Arabia,Mexico,38.23,0.1535,0.457
938,-6,Saudi Arabia,Mexico,35.96,0.1293,0.243
938,-5,Saudi Arabia,Mexico,37.14,0.1566,0.36
938,-4,Saudi Arabia,Mexico,43.33,0.1534,0.436
938,-3,Saudi Arabia,Mexico,43.95,0.149,0.27
938,-2,Saudi Arabia,Mexico,47.59,0.1256,0.393
938,-1,Saudi Arabia,Mexico,54.97,0.1469,0.332
938,0,Saudi Arabia,Mexico,83.77,0.1399,0.3
938,1,Saudi Arabia,Mexico,56.11,0.1346,0.345
938,2,Saudi Arabia,Mexico,50.07,0.1515,0.306
938,3,Saudi Arabia,Mexico,50.26,0.1541,0.242
939,-7,Australia,Denmark,35.87,0.099,0.079
939,-6,Australia,Denmark,30.76,0.0766,0.093
939,-5,Australia,Denmark,38.2,0.0884,0.256
939,-4,Australia,Denmark,32.12,0.0953,0.032
939,-3,Australia,Denmark,46.91,0.1125,0.117
939,-2,Australia,Denmark,43.23,0.0903,0.153
939,-1,Australia,Denmark,51.39,0.098,0.131
939,0,Australia,Denmark,80.55,0.0837,0.043
939,1,Australia,Denmark,49.18,0.096,0.142
939,2,Australia,Denmark,48.38,0.1189,0.038
939,3,Australia,Denmark,44.77,0.0953,0.274
940,-7,Tunisia,France,31.43,0.2494,0.144
940,-6,Tunisia,France,34.81,0.2515,0.167
940,-5,Tunisia,France,42.1,0.2671,0.115
940,-4,Tunisia,France,46.18,0.2619,0.048
940,-3,Tunisia,France,43.89,0.2535,0.087
940,-2,Tunisia,France,49.31,0.2336,0.237
940,-1,Tunisia,France,55.89,0.234,0.167
940,0,Tunisia,France,83.55,0.2737,0.246
940,1,Tunisia,France,60.38,0.2528,0.163
940,2,Tunisia,France,46.53,0.2678,-0.026
940,3,Tunisia,France,39.23,0.2509,0.121
941,-7,Japan,Spain,34.68,0.2861,0.158
941,-6,Japan,Spain,32.07,0.2661,0.162
941,-5,Japan,Spain,41.42,0.2891,0.304
941,-4,Japan,Spain,46.67,0.264,0.193
941,-3,Japan,Spain,48.35,0.2616,0.157
941,-2,Japan,Spain,53.01,0.2544,0.28
941,-1,Japan,Spain,56.24,0.2773,0.218
941,0,Japan,Spain,92.33,0.2453,0.292
941,1,Japan,Spain,61.98,0.2742,0.24
941,2,Japan,Spain,53.79,0.26,0.208
941,3,Japan,Spain,49.98,0.2493,0.237
942,-7,Costa Rica,Germany,37.86,0.2082,0.002
942,-6,Costa Rica,Germany,37.7,0.1839,-0.007
942,-5,Costa Rica,Germany,46.39,0.1936,0.045
942,-4,Costa Rica,Germany,51.01,0.1966,0.158
942,-3,Costa Rica,Germany,47.94,0.1965,0.028
942,-2,Costa Rica,Germany,58.85,0.1982,0.142
942,-1,Costa Rica,Germany,64.02,0.1773,0.073
942,0,Costa Rica,Germany,91.48,0.2049,0.13
942,1,Costa Rica,Germany,65.79,0.1992,-0.023
942,2,Costa Rica,Germany,57.67,0.2056,0.078
942,3,Costa Rica,Germany,51.91,0.178,0.096
943,-7,Croatia,Belgium,30.27,0.2782,0.062
943,-6,Croatia,Belgium,31.16,0.2955,0.059
943,-5,Croatia,Belgium,36.63,0.2767,-0.002
943,-4,Croatia,Belgium,45.97,0.3095,0.083
943,-3,Croatia,Belgium,43.08,0.2809,0.014
943,-2,Croatia,Belgium,44.98,0.2918,-0.076
943,-1,Croatia,Belgium,55.15,0.2606,0.085
943,0,Croatia,Belgium,82.1,0.3207,0.008
943,1,Croatia,Belgium,49.99,0.2942,0.064
943,2,Croatia,Belgium,46.14,0.2786,0.064
943,3,Croatia,Belgium,42.11,0.2807,-0.089
944,-7,Canada,Morocco,42.75,0.1796,0.31
944,-6,Canada,Morocco,36.19,0.1779,0.197
944,-5,Canada,Morocco,40.18,0.1725,0.199
944,-4,Canada,Morocco,42.49,0.1646,0.218
944,-3,Canada,Morocco,44.98,0.1491,0.345
944,-2,Canada,Morocco,57.17,0.1585,0.349
944,-1,Canada,Morocco,57.53,0.1695,0.18
944,0,Canada,Morocco,85.99,0.176,0.203
944,1,Canada,Morocco,55.05,0.1635,0.032
944,2,Canada,Morocco,52.85,0.1772,0.297
944,3,Canada,Morocco,50.16,0.1643,0.398
945,-7,Serbia,Switzerland,33.45,0.1679,0.088
945,-6,Serbia,Switzerland,39.72,0.1677,0.104
945,-5,Serbia,Switzerland,39.77,0.1653,-0.045
945,-4,Serbia,Switzerland,48.56,0.1583,0.077
945,-3,Serbia,Switzerland,46.32,0.1774,0.073
945,-2,Serbia,Switzerland,46.64,0.174,0.059
945,-1,Serbia,Switzerland,61.46,0.1806,0.042
945,0,Serbia,Switzerland,93.7,0.1613,0.18
945,1,Serbia,Switzerland,61.82,0.1703,0.024
945,2,Serbia,Switzerland,57.82,0.1811,0.057
945,3,Serbia,Switzerland,50.57,0.1777,0.266
946,-7,Cameroon,Brazil,33.17,0.3523,0.147
946,-6,Cameroon,Brazil,33.79,0.3615,0.096
946,-5,Cameroon,Brazil,40.08,0.3338,0.205
946,-4,Cameroon,Brazil,43.27,0.362,0.177
946,-3,Cameroon,Brazil,45.08,0.3475,0.079
946,-2,Cameroon,Brazil,49.08,0.3531,0.223
946,-1,Cameroon,Brazil,53.26,0.3542,0.178
946,0,Cameroon,Brazil,84.0,0.3637,0.091
946,1,Cameroon,Brazil,56.21,0.3501,0.203
946,2,Cameroon,Brazil,53.38,0.327,0.243
946,3,Cameroon,Brazil,43.28,0.342,0.127
947,-7,Ghana,Uruguay,29.34,0.2286,0.023
947,-6,Ghana,Uruguay,39.57,0.2308,0.111
947,-5,Ghana,Uruguay,31.02,0.2066,0.089
947,-4,Ghana,Uruguay,41.32,0.2338,-0.109
947,-3,Ghana,Uruguay,42.62,0.2325,0.071
947,-2,Ghana,Uruguay,48.32,0.2032,0.169
947,-1,Ghana,Uruguay,54.0,0.2356,0.198
947,0,Ghana,Uruguay,89.58,0.2221,0.061
947,1,Ghana,Uruguay,53.77,0.2461,0.08
947,2,Ghana,Uruguay,53.64,0.2283,0.066
947,3,Ghana,Uruguay,44.39,0.2367,0.097
948,-7,South Korea,Portugal,32.52,0.1739,0.306
948,-6,South Korea,Portugal,34.79,0.1907,0.462
948,-5,South Korea,Portugal,41.29,0.2052,0.234
948,-4,South Korea,Portugal,45.25,0.1987,0.381
948,-3,South Korea,Portugal,51.34,0.1838,0.346
948,-2,South Korea,Portugal,48.14,0.2029,0.217
948,-1,South Korea,Portugal,62.04,0.1961,0.357
948,0,South Korea,Portugal,95.17,0.1962,0.191
948,1,South Korea,Portugal,59.71,0.1609,0.278
948,2,South Korea,Portugal,50.22,0.1913,0.226
948,3,South Korea,Portugal,44.09,0.1896,0.366
949,-7,Netherlands,United States,35.27,0.1312,0.218
949,-6,Netherlands,United States,40.21,0.1074,0.218
949,-5,Netherlands,United States,45.4,0.0926,0.097
949,-4,Netherlands,United States,43.86,0.1002,0.316
949,-3,Netherlands,United States,44.07,0.1096,0.27
949,-2,Netherlands,United States,54.57,0.1158,0.24
949,-1,Netherlands,United States,59.78,0.1087,0.235
949,0,Netherlands,United States,86.17,0.0984,0.224
949,1,Netherlands,United States,57.62,0.0995,0.255
949,2,Netherlands,United States,52.49,0.1135,0.303
949,3,Netherlands,United States,40.12,0.0861,0.074
950,-7,Argentina,Australia,33.15,0.1953,0.143
950,-6,Argentina,Australia,39.54,0.1988,0.09
950,-5,Argentina,Australia,39.46,0.1934,0.029
950,-4,Argentina,Australia,46.21,0.2044,0.233
950,-3,Argentina,Australia,42.53,0.1799,0.066
950,-2,Argentina,Australia,53.09,0.2096,0.152
950,-1,Argentina,Australia,58.15,0.2096,0.1
950,0,Argentina,Australia,91.64,0.2231,0.058
950,1,Argentina,Australia,56.76,0.1826,0.064
950,2,Argentina,Australia,53.07,0.1791,0.077
950,3,Argentina,Australia,50.55,0.202,0.186
951,-7,France,Poland,30.73,0.169,0.17
951,-6,France,Poland,35.51,0.1623,0.079
951,-5,France,Poland,37.66,0.1768,-0.088
951,-4,France,Poland,35.81,0.172,-0.031
951,-3,France,Poland,46.47,0.1787,0.082
951,-2,France,Poland,49.15,0.1744,0.017
951,-1,France,Poland,61.05,0.168,-0.067
951,0,France,Poland,88.41,0.1393,0.051
951,1,France,Poland,60.98,0.1597,0.03
951,2,France,Poland,50.04,0.1833,-0.052
951,3,France,Poland,47.36,0.1526,0.054
952,-7,England,Senegal,37.74,0.42,0.168
952,-6,England,Senegal,42.31,0.42,0.075
952,-5,England,Senegal,39.35,0.42,0.26
952,-4,England,Senegal,45.78,0.42,0.273
952,-3,England,Senegal,51.57,0.42,0.124
952,-2,England,Senegal,59.96,0.42,0.11
952,-1,England,Senegal,54.1,0.42,0.06
952,0,England,Senegal,84.93,0.42,0.165
952,1,England,Senegal,57.6,0.42,0.133
952,2,England,Senegal,52.33,0.42,0.258
952,3,England,Senegal,45.38,0.42,0.039
953,-7,Japan,Croatia,32.1,0.2237,0.261
953,-6,Japan,Croatia,30.46,0.1872,0.325
953,-5,Japan,Croatia,38.45,0.1963,0.158
953,-4,Japan,Croatia,40.3,0.2166,0.164
953,-3,Japan,Croatia,43.17,0.2068,0.14
953,-2,Japan,Croatia,46.68,0.1997,0.215
953,-1,Japan,Croatia,52.87,0.2053,0.228
953,0,Japan,Croatia,78.06,0.209,0.173
953,1,Japan,Croatia,58.52,0.2246,0.208
953,2,Japan,Croatia,47.7,0.2161,0.154
953,3,Japan,Croatia,51.9,0.194,0.169
954,-7,Brazil,South Korea,44.69,0.1302,0.289
954,-6,Brazil,South Korea,38.98,0.1246,-0.03
954,-5,Brazil,South Korea,45.69,0.1304,0.167
954,-4,Brazil,South Korea,47.82,0.1263,0.109
954,-3,Brazil,South Korea,51.3,0.1235,0.227
954,-2,Brazil,South Korea,54.21,0.1202,0.137
954,-1,Brazil,South Korea,58.45,0.1195,0.205
954,0,Brazil,South Korea,91.26,0.1117,0.23
954,1,Brazil,South Korea,61.06,0.135,0.16
954,2,Brazil,South Korea,53.19,0.1049,0.096
954,3,Brazil,South Korea,46.97,0.1292,0.167
955,-7,Morocco,Spain,27.06,0.2182,0.199
955,-6,Morocco,Spain,35.96,0.2632,0.099
955,-5,Morocco,Spain,39.07,0.2584,0.206
955,-4,Morocco,Spain,36.38,0.25,0.295
955,-3,Morocco,Spain,47.99,0.251,0.18
955,-2,Morocco,Spain,38.78,0.266,0.219
955,-1,Morocco,Spain,53.01,0.2444,0.172
955,0,Morocco,Spain,84.16,0.2559,0.351
955,1,Morocco,Spain,54.65,0.2406,0.138
955,2,Morocco,Spain,43.98,0.2619,0.248
955,3,Morocco,Spain,48.12,0.2476,0.2
956,-7,Portugal,Switzerland,43.19,0.42,0.091
956,-6,Portugal,Switzerland,43.71,0.42,0.135
956,-5,Portugal,Switzerland,40.24,0.42,0.076
956,-4,Portugal,Switzerland,44.51,0.42,0.198
956,-3,Portugal,Switzerland,53.31,0.42,0.369
956,-2,Portugal,Switzerland,56.97,0.42,0.218
956,-1,Portugal,Switzerland,65.42,0.42,0.204
956,0,Portugal,Switzerland,97.47,0.42,0.28
956,1,Portugal,Switzerland,65.87,0.42,0.14
956,2,Portugal,Switzerland,59.22,0.42,0.12
956,3,Portugal,Switzerland,51.75,0.42,0.25
957,-7,Croatia,Brazil,34.98,0.3065,0.353
957,-6,Croatia,Brazil,37.6,0.3477,0.22
957,-5,Croatia,Brazil,32.92,0.3181,0.352
957,-4,Croatia,Brazil,35.71,0.3167,0.202
957,-3,Croatia,Brazil,40.43,0.3404,0.275
957,-2,Croatia,Brazil,51.4,0.3266,0.252
957,-1,Croatia,Brazil,61.94,0.3168,0.31
957,0,Croatia,Brazil,87.8,0.3327,0.244
957,1,Croatia,Brazil,56.95,0.3223,0.118
957,2,Croatia,Brazil,53.13,0.3191,0.155
957,3,Croatia,Brazil,43.48,0.3374,0.197
958,-7,Netherlands,Argentina,32.72,0.2116,0.129
958,-6,Netherlands,Argentina,35.04,0.2049,0.156
958,-5,Netherlands,Argentina,40.91,0.2055,0.142
958,-4,Netherlands,Argentina,47.26,0.1831,0.239
958,-3,Netherlands,Argentina,45.25,0.1806,0.097
958,-2,Netherlands,Argentina,52.22,0.1914,0.084
958,-1,Netherlands,Argentina,63.13,0.1898,-0.006
958,0,Netherlands,Argentina,89.68,0.2247,0.078
958,1,Netherlands,Argentina,56.44,0.1954,0.26
958,2,Netherlands,Argentina,52.19,0.1879,0.177
958,3,Netherlands,Argentina,49.46,0.206,0.078
959,-7,Morocco,Portugal,29.83,0.262,0.23
959,-6,Morocco,Portugal,36.95,0.2479,0.275
959,-5,Morocco,Portugal,37.84,0.2422,0.253
959,-4,Morocco,Portugal,36.9,0.267,0.272
959,-3,Morocco,Portugal,42.67,0.2463,0.21
959,-2,Morocco,Portugal,47.6,0.2643,0.163
959,-1,Morocco,Portugal,48.49,0.2454,0.254
959,0,Morocco,Portugal,85.55,0.2499,0.157
959,1,Morocco,Portugal,53.6,0.2406,0.04
959,2,Morocco,Portugal,45.22,0.2546,0.182
959,3,Morocco,Portugal,42.62,0.2618,0.134
960,-7,England,France,31.07,0.3421,0.008
960,-6,England,France,34.09,0.3567,-0.017
960,-5,England,France,36.92,0.3434,0.055
960,-4,England,France,38.05,0.3595,0.002
960,-3,England,France,46.0,0.3433,0.209
960,-2,England,France,50.26,0.3271,0.093
960,-1,England,France,64.95,0.3397,0.038
960,0,England,France,89.31,0.3132,0.015
960,1,England,France,51.26,0.3338,0.022
960,2,England,France,42.47,0.3403,0.101
960,3,England,France,46.19,0.3198,0.147
961,-7,Argentina,Croatia,40.74,0.3389,0.387
961,-6,Argentina,Croatia,35.4,0.3393,0.418
961,-5,Argentina,Croatia,41.0,0.3395,0.36
961,-4,Argentina,Croatia,39.98,0.3307,0.445
961,-3,Argentina,Croatia,41.41,0.3314,0.409
961,-2,Argentina,Croatia,49.99,0.3509,0.498
961,-1,Argentina,Croatia,59.1,0.3553,0.473
961,0,Argentina,Croatia,88.41,0.3284,0.384
961,1,Argentina,Croatia,58.98,0.3296,0.306
961,2,Argentina,Croatia,50.37,0.3464,0.232
961,3,Argentina,Croatia,51.77,0.341,0.396
962,-7,France,Morocco,33.96,0.2546,0.13
962,-6,France,Morocco,38.68,0.2533,0.14
962,-5,France,Morocco,34.26,0.2419,-0.015
962,-4,France,Morocco,42.97,0.2381,0.085
962,-3,France,Morocco,47.57,0.2279,0.136
962,-2,France,Morocco,48.76,0.2409,0.148
962,-1,France,Morocco,62.08,0.2479,0.223
962,0,France,Morocco,89.85,0.2523,-0.001
962,1,France,Morocco,54.86,0.23,0.328
962,2,France,Morocco,46.44,0.2251,-0.066
962,3,France,Morocco,41.65,0.2446,0.204
963,-7,Croatia,Morocco,30.36,0.193,0.173
963,-6,Croatia,Morocco,34.9,0.181,0.276
963,-5,Croatia,Morocco,39.66,0.1656,0.207
963,-4,Croatia,Morocco,44.28,0.1766,0.249
963,-3,Croatia,Morocco,38.85,0.1832,0.232
963,-2,Croatia,Morocco,46.63,0.1611,0.247
963,-1,Croatia,Morocco,61.76,0.1952,0.128
963,0,Croatia,Morocco,88.64,0.1829,0.057
963,1,Croatia,Morocco,58.2,0.1806,0.229
963,2,Croatia,Morocco,49.7,0.1939,0.183
963,3,Croatia,Morocco,52.85,0.1879,0.196
964,-7,Argentina,France,33.42,0.3099,0.325
964,-6,Argentina,France,43.38,0.3223,0.184
964,-5,Argentina,France,44.26,0.3096,0.18
964,-4,Argentina,France,49.34,0.3347,0.187
964,-3,Argentina,France,57.21,0.3382,0.159
964,-2,Argentina,France,52.47,0.3328,0.181
964,-1,Argentina,France,61.25,0.3284,0.263
964,0,Argentina,France,99.62,0.3264,0.052
964,1,Argentina,France,66.83,0.316,0.235
964,2,Argentina,France,56.51,0.3526,0.357
964,3,Argentina,France,50.0,0.3096,0.124
