panel_id,team,sponsor,stage,predicted_roi,media_value_index,fan_conversion_rate,social_spread_index,brand_influence_score,commercial_decision_score
2014_833_Brazil,Brazil,Adidas,group_or_knockout,4.541,0.803593,0.814,0.759902,0.900554,0.879752
2010_761_Brazil,Brazil,Adidas,group_or_knockout,4.518,0.68319,0.772452,0.832924,0.900554,0.851446
2014_833_Germany,Germany,Coca-Cola,group_or_knockout,4.541,0.803593,0.673862,0.663766,0.834073,0.83442
2010_735_Brazil,Brazil,Adidas,group_or_knockout,4.445,0.668125,0.759568,0.771347,0.900554,0.822712
2010_720_Brazil,Brazil,Adidas,group_or_knockout,4.475,0.638802,0.752931,0.764029,0.900554,0.819993
2014_835_Brazil,Brazil,Adidas,group_or_knockout,4.469,0.648044,0.755685,0.721748,0.900554,0.815412
1998_517_Brazil,Brazil,Adidas,group_or_knockout,4.454,0.613952,0.742359,0.805955,0.900554,0.814327
2022_954_Brazil,Brazil,Adidas,group_or_knockout,4.437,0.687572,0.761387,0.683748,0.900554,0.813468
2014_835_Netherlands,Netherlands,Hisense,group_or_knockout,4.469,0.648044,0.692787,0.721907,0.882297,0.802287
2018_869_Russia,Russia,Hyundai,group_or_knockout,4.339,0.773689,0.666681,0.777994,0.802854,0.799353
2018_894_Brazil,Brazil,Adidas,group_or_knockout,4.377,0.656537,0.746438,0.709941,0.900554,0.795715
2018_900_France,France,Qatar Airways,group_or_knockout,4.245,0.829545,0.657044,0.739326,0.829643,0.788527
2014_806_Brazil,Brazil,Adidas,group_or_knockout,4.45,0.610056,0.737541,0.623591,0.900554,0.786278
2014_829_Brazil,Brazil,Adidas,group_or_knockout,4.413,0.595713,0.731099,0.678674,0.900554,0.782336
2018_869_Uruguay,Uruguay,Vivo,group_or_knockout,4.339,0.773689,0.808318,0.77453,0.360239,0.780101
2018_889_Brazil,Brazil,Adidas,group_or_knockout,4.381,0.597953,0.725787,0.689237,0.900554,0.777004
1994_496_Russia,Russia,Hyundai,group_or_knockout,4.262,0.74647,0.647355,0.770926,0.802854,0.773623
2018_847_Brazil,Brazil,Adidas,group_or_knockout,4.367,0.593235,0.724411,0.669609,0.900554,0.770194
2002_642_Brazil,Brazil,Adidas,group_or_knockout,4.358,0.535489,0.703513,0.741085,0.900554,0.76195
2014_788_Brazil,Brazil,Adidas,group_or_knockout,4.391,0.531647,0.707448,0.675631,0.900554,0.759195
2022_910_Spain,Spain,Budweiser,group_or_knockout,4.136,0.810632,0.69101,0.734936,0.728164,0.758098
2018_837_Russia,Russia,Hyundai,group_or_knockout,4.278,0.724822,0.638407,0.661502,0.802854,0.755104
2018_853_Russia,Russia,Hyundai,group_or_knockout,4.318,0.693952,0.634081,0.656143,0.802854,0.754718
2010_761_Chile,Chile,Hisense,group_or_knockout,4.518,0.68319,0.550594,0.592934,0.667483,0.754606
2026_970_Brazil,Brazil,Adidas,group_or_knockout,4.355,0.575409,0.713839,0.588324,0.900554,0.750609
1990_417_Brazil,Brazil,Adidas,group_or_knockout,4.328,0.522567,0.695695,0.722256,0.900554,0.749113
2006_699_Brazil,Brazil,Adidas,group_or_knockout,4.326,0.552218,0.703955,0.661763,0.900554,0.748257
2018_860_Brazil,Brazil,Adidas,group_or_knockout,4.343,0.551622,0.706267,0.625837,0.900554,0.746885
2022_930_Brazil,Brazil,Adidas,group_or_knockout,4.321,0.552891,0.703955,0.63946,0.900554,0.744291
1998_549_Brazil,Brazil,Adidas,group_or_knockout,4.335,0.529424,0.700071,0.649833,0.900554,0.742659
2002_604_Brazil,Brazil,Adidas,group_or_knockout,4.348,0.53151,0.699383,0.618715,0.900554,0.741216
2022_918_Netherlands,Netherlands,Hisense,group_or_knockout,4.135,0.671139,0.668048,0.724723,0.882297,0.737061
1994_510_Brazil,Brazil,Adidas,group_or_knockout,4.048,0.651881,0.710438,0.810653,0.900554,0.737054
2018_837_Saudi_Arabia,Saudi Arabia,Qatar Airways,group_or_knockout,4.278,0.724822,0.64377,0.610654,0.683783,0.737044
1998_565_Brazil,Brazil,Adidas,group_or_knockout,4.295,0.549051,0.699578,0.63428,0.900554,0.736776
2014_821_Brazil,Brazil,Adidas,group_or_knockout,4.361,0.516067,0.696876,0.575837,0.900554,0.733943
1998_556_Spain,Spain,Budweiser,group_or_knockout,4.126,0.719788,0.658411,0.753846,0.728164,0.732908
2022_954_South_Korea,South Korea,Hisense,group_or_knockout,4.437,0.687572,0.591259,0.476503,0.660317,0.729806
1986_400_Brazil,Brazil,Adidas,group_or_knockout,4.284,0.500823,0.684434,0.674341,0.900554,0.726867
2006_671_Brazil,Brazil,Adidas,group_or_knockout,4.311,0.500381,0.686058,0.626144,0.900554,0.72567
1998_573_Brazil,Brazil,Adidas,group_or_knockout,4.263,0.537896,0.692448,0.616819,0.900554,0.724247
1998_533_Brazil,Brazil,Adidas,group_or_knockout,4.306,0.492648,0.680992,0.625221,0.900554,0.721936
2022_914_Brazil,Brazil,Adidas,group_or_knockout,4.28,0.533587,0.693383,0.57177,0.900554,0.720533
2002_605_Italy,Italy,Visa,group_or_knockout,4.183,0.684074,0.525896,0.698045,0.874646,0.71934
1994_482_Brazil,Brazil,Adidas,group_or_knockout,4.29,0.484176,0.678239,0.64082,0.900554,0.718587
1982_312_Hungary,Hungary,Adidas,tournament,4.303,0.646742,0.639886,0.557489,0.691749,0.717479
1982_322_Brazil,Brazil,Adidas,tournament,4.278,0.486008,0.675927,0.640612,0.900554,0.716164
1994_510_Netherlands,Netherlands,Hisense,group_or_knockout,4.048,0.651881,0.652852,0.748408,0.882297,0.716149
2018_847_Switzerland,Switzerland,Visa,group_or_knockout,4.367,0.593235,0.563263,0.599883,0.745008,0.715871
1990_456_Spain,Spain,Budweiser,group_or_knockout,4.063,0.660984,0.635202,0.839377,0.728164,0.715272
1970_217_Brazil,Brazil,Adidas,tournament,4.288,0.454219,0.668602,0.670534,0.900554,0.714025
2010_720_North_Korea,North Korea,Adidas,group_or_knockout,4.475,0.638802,0.495916,0.512456,0.645981,0.713052
1994_493_Brazil,Brazil,Adidas,group_or_knockout,4.274,0.474784,0.672486,0.641647,0.900554,0.712427
2022_949_Netherlands,Netherlands,Hisense,group_or_knockout,4.083,0.660566,0.656541,0.653418,0.882297,0.712367
1994_496_Cameroon,Cameroon,Hyundai,group_or_knockout,4.262,0.74647,0.491478,0.636875,0.654762,0.711989
2010_736_Italy,Italy,Visa,group_or_knockout,4.215,0.64838,0.515817,0.644558,0.874646,0.708532
1950_70_Brazil,Brazil,Adidas,tournament,4.28,0.442115,0.664472,0.663737,0.900554,0.70808
2018_894_Belgium,Belgium,Visa,group_or_knockout,4.377,0.656537,0.517553,0.517236,0.704752,0.707957
2018_900_Croatia,Croatia,Hisense,group_or_knockout,4.245,0.829545,0.42967,0.552642,0.688495,0.707349
2014_773_Brazil,Brazil,Adidas,group_or_knockout,4.305,0.500636,0.680304,0.498827,0.900554,0.705676
1998_517_Scotland,Scotland,Adidas,group_or_knockout,4.454,0.613952,0.481317,0.529541,0.659456,0.704532
2018_887_Spain,Spain,Budweiser,group_or_knockout,4.186,0.620937,0.629992,0.653729,0.728164,0.70393
2022_910_Costa_Rica,Costa Rica,Visa,group_or_knockout,4.136,0.810632,0.568533,0.567425,0.635323,0.703316
1938_37_Brazil,Brazil,Adidas,tournament,4.248,0.453648,0.661914,0.642114,0.900554,0.700783
2010_735_Ivory_Coast,Ivory Coast,McDonald's,group_or_knockout,4.445,0.668125,0.65206,0.479141,0.270527,0.699449
1998_577_Brazil,Brazil,Adidas,group_or_knockout,4.236,0.471022,0.667421,0.613384,0.900554,0.699194
1994_473_Brazil,Brazil,Adidas,group_or_knockout,4.276,0.438883,0.659407,0.609453,0.900554,0.698064
2018_887_Russia,Russia,Hyundai,group_or_knockout,4.186,0.620937,0.5943,0.60397,0.802854,0.698008
2018_889_Mexico,Mexico,Vivo,group_or_knockout,4.381,0.597953,0.748441,0.476857,0.362371,0.697531
1958_133_Brazil,Brazil,Adidas,tournament,4.223,0.449133,0.658225,0.662741,0.900554,0.697055
1998_526_Spain,Spain,Budweiser,group_or_knockout,4.049,0.663171,0.633136,0.715017,0.728164,0.695194
1986_405_Brazil,Brazil,Adidas,group_or_knockout,4.227,0.444366,0.659849,0.648276,0.900554,0.695066
1982_355_Brazil,Brazil,Adidas,tournament,4.007,0.57062,0.676215,0.736014,0.900554,0.694435
1990_430_Germany,Germany,Coca-Cola,group_or_knockout,4.145,0.626538,0.572663,0.632341,0.834073,0.694307
2002_633_Brazil,Brazil,Adidas,group_or_knockout,4.25,0.45652,0.661914,0.58485,0.900554,0.693794
2010_760_Germany,Germany,Coca-Cola,group_or_knockout,4.075,0.680602,0.584561,0.624041,0.834073,0.693297
2014_829_Colombia,Colombia,Mengniu,group_or_knockout,4.413,0.595713,0.765608,0.448098,0.269293,0.693141
1990_456_Yugoslavia,Yugoslavia,Qatar Airways,group_or_knockout,4.063,0.660984,0.587016,0.819481,0.61998,0.692995
1998_571_Argentina,Argentina,Hyundai,group_or_knockout,4.115,0.650235,0.515314,0.702377,0.824585,0.692104
2018_841_France,France,Qatar Airways,group_or_knockout,4.134,0.647773,0.578715,0.59089,0.829643,0.69164
2022_964_France,France,Qatar Airways,group_or_knockout,4.081,0.71619,0.597054,0.528166,0.829643,0.690699
2006_667_Netherlands,Netherlands,Hisense,group_or_knockout,4.055,0.587757,0.630136,0.682016,0.882297,0.690046
2022_961_Argentina,Argentina,Hyundai,group_or_knockout,4.109,0.673976,0.521509,0.649538,0.824585,0.689854
2010_762_Netherlands,Netherlands,Hisense,group_or_knockout,4.085,0.579596,0.629695,0.648361,0.882297,0.68941
2018_898_England,England,McDonald's,group_or_knockout,3.831,0.84215,0.673267,0.834805,0.452957,0.687803
1986_398_Russia,Russia,Hyundai,group_or_knockout,4.122,0.627351,0.590365,0.612899,0.802854,0.687267
1978_307_Brazil,Brazil,Adidas,tournament,4.205,0.426683,0.650653,0.654434,0.900554,0.686019
2022_930_Switzerland,Switzerland,Visa,group_or_knockout,4.321,0.552891,0.542807,0.538375,0.745008,0.685578
2022_964_Argentina,Argentina,Hyundai,group_or_knockout,4.081,0.71619,0.5309,0.573758,0.824585,0.684669
2014_788_Mexico,Mexico,Vivo,group_or_knockout,4.391,0.531647,0.729413,0.49461,0.362371,0.683987
2014_776_Netherlands,Netherlands,Hisense,group_or_knockout,3.987,0.652093,0.643411,0.615226,0.882297,0.683751
2002_589_Brazil,Brazil,Adidas,group_or_knockout,4.223,0.45703,0.658225,0.548349,0.900554,0.682777
1998_577_Netherlands,Netherlands,Hisense,group_or_knockout,4.236,0.471022,0.607523,0.582184,0.882297,0.682219
1970_225_Brazil,Brazil,Adidas,tournament,4.257,0.41397,0.650458,0.5723,0.900554,0.682003
2022_951_France,France,Qatar Airways,group_or_knockout,4.079,0.671871,0.579598,0.557595,0.829643,0.68153
2018_885_France,France,Qatar Airways,group_or_knockout,4.104,0.686002,0.58604,0.490334,0.829643,0.681341
2014_806_Cameroon,Cameroon,Hyundai,group_or_knockout,4.45,0.610056,0.458539,0.385677,0.654762,0.678171
2018_853_Egypt,Egypt,Hyundai,group_or_knockout,4.318,0.693952,0.460368,0.445152,0.637317,0.677357
1990_417_Sweden,Sweden,Budweiser,group_or_knockout,4.328,0.522567,0.498947,0.587773,0.721092,0.676925
2022_958_Netherlands,Netherlands,Hisense,group_or_knockout,4.004,0.626308,0.63515,0.584902,0.882297,0.675718
1982_326_Russia,Russia,Hyundai,tournament,4.159,0.522939,0.559636,0.668896,0.802854,0.673943
1982_337_Brazil,Brazil,Adidas,tournament,4.253,0.399753,0.64264,0.550684,0.900554,0.673648
2018_896_Russia,Russia,Hyundai,group_or_knockout,4.146,0.610108,0.585793,0.511617,0.802854,0.673231
2018_885_Argentina,Argentina,Hyundai,group_or_knockout,4.104,0.686002,0.522886,0.504567,0.824585,0.67146
2006_669_Italy,Italy,Visa,group_or_knockout,4.105,0.614458,0.492115,0.618745,0.874646,0.671371
1990_443_Brazil,Brazil,Adidas,group_or_knockout,4.228,0.385821,0.638509,0.595414,0.900554,0.671143
1986_376_Brazil,Brazil,Adidas,group_or_knockout,4.223,0.380124,0.634133,0.615439,0.900554,0.670914
1998_571_England,England,McDonald's,group_or_knockout,4.115,0.650235,0.638119,0.64945,0.452957,0.669636
2006_708_France,France,Qatar Airways,group_or_knockout,4.055,0.602459,0.558259,0.61487,0.829643,0.665677
1998_573_Denmark,Denmark,Adidas,group_or_knockout,4.263,0.537896,0.502441,0.483249,0.837247,0.665016
1986_364_Argentina,Argentina,Hyundai,group_or_knockout,4.093,0.575476,0.489845,0.689318,0.824585,0.66488
2022_953_Japan,Japan,Adidas,group_or_knockout,3.995,0.725509,0.528218,0.62383,0.711341,0.664864
1982_359_France,France,Qatar Airways,tournament,3.773,0.718282,0.568626,0.810323,0.829643,0.664454
1974_244_Yugoslavia,Yugoslavia,Qatar Airways,tournament,4.067,0.639123,0.576691,0.65727,0.61998,0.664411
2022_924_France,France,Qatar Airways,group_or_knockout,4.07,0.627645,0.564454,0.532079,0.829643,0.663717
2014_812_Colombia,Colombia,Mengniu,group_or_knockout,3.995,0.741192,0.753547,0.615112,0.269293,0.663448
1978_305_Brazil,Brazil,Adidas,tournament,4.174,0.405351,0.638705,0.585223,0.900554,0.663337
1990_431_Brazil,Brazil,Adidas,group_or_knockout,4.212,0.377697,0.632756,0.581162,0.900554,0.663151
1998_553_France,France,Qatar Airways,group_or_knockout,4.116,0.560575,0.549804,0.58603,0.829643,0.663002
1978_284_Brazil,Brazil,Adidas,tournament,4.171,0.368072,0.625379,0.662619,0.900554,0.662978
2018_842_Argentina,Argentina,Hyundai,group_or_knockout,4.121,0.602234,0.496728,0.583769,0.824585,0.662783
2014_812_Japan,Japan,Adidas,group_or_knockout,3.995,0.741192,0.532348,0.571146,0.711341,0.661682
2014_798_France,France,Qatar Airways,group_or_knockout,3.965,0.698868,0.576547,0.537782,0.829643,0.661535
2002_642_Turkey,Turkey,Hyundai,group_or_knockout,4.358,0.535489,0.442419,0.474095,0.730971,0.660616
1982_331_France,France,Qatar Airways,tournament,4.134,0.539064,0.542232,0.581071,0.829643,0.659783
1998_556_Bulgaria,Bulgaria,Visa,group_or_knockout,4.126,0.719788,0.468166,0.576795,0.583058,0.659366
1986_366_Russia,Russia,Hyundai,group_or_knockout,4.061,0.576058,0.567156,0.608757,0.802854,0.659126
2010_760_England,England,McDonald's,group_or_knockout,4.075,0.680602,0.644068,0.572857,0.452957,0.658731
2018_865_Germany,Germany,Coca-Cola,group_or_knockout,4.032,0.622525,0.55791,0.562559,0.834073,0.658586
2022_950_Argentina,Argentina,Hyundai,group_or_knockout,4.08,0.624784,0.500612,0.570306,0.824585,0.658426
2002_605_Croatia,Croatia,Hisense,group_or_knockout,4.183,0.684074,0.375484,0.586309,0.688495,0.658008
2022_924_Denmark,Denmark,Adidas,group_or_knockout,4.07,0.627645,0.515417,0.53912,0.837247,0.656637
1982_357_Germany,Germany,Coca-Cola,tournament,4.006,0.601854,0.549403,0.625351,0.834073,0.656141
2014_776_Spain,Spain,Budweiser,group_or_knockout,3.987,0.652093,0.617253,0.560337,0.728164,0.655945
2014_798_Switzerland,Switzerland,Visa,group_or_knockout,3.965,0.698868,0.561681,0.576995,0.745008,0.655886
1950_72_Brazil,Brazil,Adidas,tournament,4.2,0.361433,0.624249,0.581121,0.900554,0.655656
1998_553_Denmark,Denmark,Adidas,group_or_knockout,4.116,0.560575,0.497766,0.59307,0.837247,0.655381
1998_521_France,France,Qatar Airways,group_or_knockout,4.154,0.527994,0.541101,0.536114,0.829643,0.654817
2006_708_Italy,Italy,Visa,group_or_knockout,4.055,0.602459,0.481985,0.602639,0.874646,0.654736
1982_357_France,France,Qatar Airways,tournament,4.006,0.601854,0.552259,0.612548,0.829643,0.65442
2006_669_United_States,United States,Mengniu,group_or_knockout,4.105,0.614458,0.75478,0.60227,0.252885,0.654168
2018_891_Switzerland,Switzerland,Visa,group_or_knockout,3.927,0.652123,0.54329,0.708571,0.745008,0.653175
2018_860_Costa_Rica,Costa Rica,Visa,group_or_knockout,4.343,0.551622,0.500046,0.403595,0.635323,0.652128
2014_789_Russia,Russia,Hyundai,group_or_knockout,4.077,0.569743,0.563715,0.55013,0.802854,0.652083
2002_582_Germany,Germany,Coca-Cola,group_or_knockout,4.041,0.630589,0.561598,0.483966,0.834073,0.651806
1998_526_Nigeria,Nigeria,Coca-Cola,group_or_knockout,4.049,0.663171,0.523348,0.601585,0.648902,0.651626
2014_827_Argentina,Argentina,Hyundai,group_or_knockout,4.069,0.576022,0.485468,0.629224,0.824585,0.651039
2022_902_Netherlands,Netherlands,Hisense,group_or_knockout,3.856,0.613236,0.616708,0.659598,0.882297,0.650625
2014_827_Switzerland,Switzerland,Visa,group_or_knockout,4.069,0.576022,0.531444,0.623158,0.745008,0.650508
2010_719_Netherlands,Netherlands,Hisense,group_or_knockout,3.988,0.531303,0.603486,0.613517,0.882297,0.64995
1986_366_Hungary,Hungary,Adidas,group_or_knockout,4.061,0.576058,0.59017,0.588832,0.691749,0.649368
2006_699_Ghana,Ghana,Vivo,group_or_knockout,4.326,0.552218,0.709512,0.365609,0.314982,0.649239
2018_871_Spain,Spain,Budweiser,group_or_knockout,3.987,0.617911,0.606239,0.571428,0.728164,0.647995
1994_473_Russia,Russia,Hyundai,group_or_knockout,4.276,0.438883,0.539971,0.474232,0.802854,0.647865
1990_451_Brazil,Brazil,Adidas,group_or_knockout,4.172,0.373331,0.625379,0.544769,0.900554,0.647834
2006_656_Brazil,Brazil,Adidas,group_or_knockout,4.151,0.401605,0.632951,0.517513,0.900554,0.647436
2022_926_Spain,Spain,Budweiser,group_or_knockout,3.928,0.626207,0.604369,0.637197,0.728164,0.646989
1998_570_Netherlands,Netherlands,Hisense,group_or_knockout,3.995,0.508639,0.596602,0.618727,0.882297,0.645843
1978_276_Brazil,Brazil,Adidas,tournament,4.174,0.353036,0.621496,0.563884,0.900554,0.645743
2006_645_Germany,Germany,Coca-Cola,group_or_knockout,4.064,0.593546,0.549208,0.481735,0.834073,0.645676
2010_727_France,France,Qatar Airways,group_or_knockout,4.056,0.571624,0.546557,0.533253,0.829643,0.645559
2018_898_Croatia,Croatia,Hisense,group_or_knockout,3.831,0.84215,0.397553,0.718174,0.688495,0.6454
2022_925_Japan,Japan,Adidas,group_or_knockout,3.958,0.695215,0.511892,0.605775,0.711341,0.645394
1986_398_Belgium,Belgium,Visa,group_or_knockout,4.122,0.627351,0.480916,0.523741,0.704752,0.645274
1998_543_Netherlands,Netherlands,Hisense,group_or_knockout,3.987,0.532878,0.603486,0.57844,0.882297,0.645188
1994_493_Sweden,Sweden,Budweiser,group_or_knockout,4.274,0.474784,0.478738,0.538523,0.721092,0.645169
2010_759_Argentina,Argentina,Hyundai,group_or_knockout,4.055,0.596536,0.487975,0.57115,0.824585,0.645096
2022_949_United_States,United States,Mengniu,group_or_knockout,4.083,0.660566,0.76417,0.483941,0.252885,0.645072
2022_925_Costa_Rica,Costa Rica,Visa,group_or_knockout,3.958,0.695215,0.510362,0.658389,0.635323,0.644883
2018_891_Sweden,Sweden,Budweiser,group_or_knockout,3.927,0.652123,0.507691,0.706845,0.721092,0.644134
1986_405_France,France,Qatar Airways,group_or_knockout,4.227,0.444366,0.521879,0.507977,0.829643,0.643499
2022_951_Poland,Poland,Coca-Cola,group_or_knockout,4.079,0.671871,0.46118,0.494383,0.746106,0.643012
1982_310_Brazil,Brazil,Adidas,tournament,4.149,0.368712,0.622626,0.546659,0.900554,0.642025
2010_711_Argentina,Argentina,Hyundai,group_or_knockout,4.074,0.547543,0.475831,0.612254,0.824585,0.641655
1958_133_France,France,Qatar Airways,tournament,4.223,0.449133,0.523255,0.491083,0.829643,0.641637
2014_821_Chile,Chile,Hisense,group_or_knockout,4.361,0.516067,0.475707,0.367206,0.667483,0.641617
2002_621_Brazil,Brazil,Adidas,group_or_knockout,3.688,0.654109,0.666373,0.685549,0.900554,0.640693
2010_755_Brazil,Brazil,Adidas,group_or_knockout,3.578,0.644328,0.65575,0.870016,0.900554,0.640637
2018_880_Switzerland,Switzerland,Visa,group_or_knockout,3.976,0.634255,0.540342,0.579738,0.745008,0.640396
2006_707_Germany,Germany,Coca-Cola,group_or_knockout,4.053,0.56461,0.540259,0.51434,0.834073,0.640082
1998_565_Chile,Chile,Hisense,group_or_knockout,4.295,0.549051,0.478409,0.39429,0.667483,0.64006
2026_970_Morocco,Morocco,Coca-Cola,group_or_knockout,4.355,0.575409,0.49007,0.347063,0.534742,0.639973
2010_726_Argentina,Argentina,Hyundai,group_or_knockout,4.038,0.603504,0.489352,0.544742,0.824585,0.639808
2006_678_Germany,Germany,Coca-Cola,group_or_knockout,4.059,0.549678,0.536129,0.532359,0.834073,0.639767
2022_918_Ecuador,Ecuador,McDonald's,group_or_knockout,4.135,0.671139,0.581334,0.517151,0.356037,0.639767
2006_665_Argentina,Argentina,Hyundai,group_or_knockout,4.045,0.6031,0.489352,0.528852,0.824585,0.638883
1970_217_Romania,Romania,Qatar Airways,tournament,4.288,0.454219,0.456176,0.488864,0.780763,0.638375
1986_386_Russia,Russia,Hyundai,group_or_knockout,4.119,0.463283,0.535297,0.59131,0.802854,0.637642
1986_364_South_Korea,South Korea,Hisense,group_or_knockout,4.093,0.575476,0.517153,0.576779,0.660317,0.637614
2022_926_Germany,Germany,Coca-Cola,group_or_knockout,3.928,0.626207,0.550287,0.563805,0.834073,0.63757
1982_355_Italy,Italy,Visa,tournament,4.007,0.57062,0.467971,0.614845,0.874646,0.637397
2002_602_Spain,Spain,Budweiser,group_or_knockout,3.95,0.576784,0.59016,0.63127,0.728164,0.637092
2002_582_Saudi_Arabia,Saudi Arabia,Qatar Airways,group_or_knockout,4.041,0.630589,0.582352,0.457065,0.683783,0.636747
2018_865_Sweden,Sweden,Budweiser,group_or_knockout,4.032,0.622525,0.5043,0.555571,0.721092,0.63666
1998_544_Argentina,Argentina,Hyundai,group_or_knockout,4.047,0.571758,0.479715,0.571273,0.824585,0.636589
2014_781_Argentina,Argentina,Hyundai,group_or_knockout,4.045,0.578846,0.48178,0.557124,0.824585,0.636142
2018_852_Senegal,Senegal,Budweiser,group_or_knockout,3.734,0.716938,0.571626,0.692835,0.785861,0.636136
1950_70_Sweden,Sweden,Budweiser,tournament,4.28,0.442115,0.467725,0.529254,0.721092,0.635892
1982_359_Poland,Poland,Coca-Cola,tournament,3.773,0.718282,0.456208,0.810142,0.746106,0.635839
1986_400_Poland,Poland,Coca-Cola,group_or_knockout,4.284,0.500823,0.422046,0.471145,0.746106,0.635745
2018_859_Argentina,Argentina,Hyundai,group_or_knockout,4.03,0.601281,0.489352,0.530528,0.824585,0.635742
2022_958_Argentina,Argentina,Hyundai,group_or_knockout,4.004,0.626308,0.493924,0.521082,0.824585,0.635592
1966_186_Brazil,Brazil,Adidas,tournament,4.156,0.343041,0.615054,0.540139,0.900554,0.63549
2022_909_Germany,Germany,Coca-Cola,group_or_knockout,3.991,0.60891,0.549403,0.486945,0.834073,0.635341
1966_177_Brazil,Brazil,Adidas,tournament,4.151,0.344323,0.615742,0.542205,0.900554,0.635193
2014_782_France,France,Qatar Airways,group_or_knockout,4.099,0.541493,0.537855,0.45634,0.829643,0.635125
1962_154_Brazil,Brazil,Adidas,tournament,4.136,0.32428,0.606547,0.604082,0.900554,0.634816
2018_841_Australia,Australia,Mengniu,group_or_knockout,4.134,0.647773,0.647622,0.497072,0.258668,0.633812
2010_740_Spain,Spain,Budweiser,group_or_knockout,3.97,0.553882,0.585588,0.62057,0.728164,0.6337
2018_846_Germany,Germany,Coca-Cola,group_or_knockout,4.011,0.565076,0.538636,0.524159,0.834073,0.632937
2018_897_France,France,Qatar Airways,group_or_knockout,4.048,0.544173,0.53392,0.510348,0.829643,0.632452
1982_353_France,France,Qatar Airways,tournament,4.02,0.534538,0.528855,0.571114,0.829643,0.632374
1978_278_Peru,Peru,Budweiser,tournament,3.845,0.664581,0.508204,0.750551,0.676601,0.632372
2006_660_Spain,Spain,Budweiser,group_or_knockout,3.951,0.573897,0.588783,0.602323,0.728164,0.632355
2018_849_Belgium,Belgium,Visa,group_or_knockout,3.988,0.674803,0.482437,0.542858,0.704752,0.632085
2010_734_Netherlands,Netherlands,Hisense,group_or_knockout,3.938,0.505781,0.589225,0.614222,0.882297,0.63195
2022_929_Cameroon,Cameroon,Hyundai,group_or_knockout,3.898,0.780594,0.467427,0.556941,0.654762,0.631778
1986_411_France,France,Qatar Airways,group_or_knockout,4.034,0.545334,0.534608,0.522125,0.829643,0.631703
2014_832_Netherlands,Netherlands,Hisense,group_or_knockout,3.96,0.495383,0.588783,0.593866,0.882297,0.631096
2014_803_South_Korea,South Korea,Hisense,group_or_knockout,3.771,0.777379,0.5523,0.623795,0.660317,0.631073
1998_537_France,France,Qatar Airways,group_or_knockout,4.082,0.521607,0.53166,0.489235,0.829643,0.630868
1982_312_El_Salvador,El Salvador,Budweiser,tournament,4.303,0.646742,0.392652,0.32692,0.592808,0.630804
1978_281_Hungary,Hungary,Adidas,tournament,4.097,0.485844,0.563571,0.58099,0.691749,0.630776
2022_962_France,France,Qatar Airways,group_or_knockout,4.044,0.560425,0.53805,0.471961,0.829643,0.630603
2014_808_Netherlands,Netherlands,Hisense,group_or_knockout,3.93,0.525002,0.594732,0.577875,0.882297,0.630494
1974_263_Germany,Germany,Coca-Cola,tournament,4.047,0.509724,0.523738,0.560875,0.834073,0.630358
2014_799_Argentina,Argentina,Hyundai,group_or_knockout,4.05,0.542267,0.470078,0.58115,0.824585,0.630344
2010_715_Germany,Germany,Coca-Cola,group_or_knockout,4.012,0.568844,0.538636,0.496391,0.834073,0.630077
2010_765_Brazil,Brazil,Adidas,group_or_knockout,3.877,0.525365,0.64263,0.567407,0.900554,0.629044
1970_229_Brazil,Brazil,Adidas,tournament,4.144,0.335063,0.608612,0.530879,0.900554,0.628899
1966_170_Brazil,Brazil,Adidas,tournament,4.165,0.294922,0.599222,0.574402,0.900554,0.628636
2014_825_France,France,Qatar Airways,group_or_knockout,4.054,0.536766,0.533478,0.484562,0.829643,0.628322
1954_77_Brazil,Brazil,Adidas,tournament,4.148,0.310939,0.60404,0.558915,0.900554,0.627487
2006_688_Brazil,Brazil,Adidas,group_or_knockout,3.776,0.570917,0.646462,0.616716,0.900554,0.626625
2014_826_Germany,Germany,Coca-Cola,group_or_knockout,4.027,0.55204,0.532441,0.484831,0.834073,0.626621
1982_340_France,France,Qatar Airways,tournament,4.047,0.482791,0.515334,0.589946,0.829643,0.626547
2006_693_Argentina,Argentina,Hyundai,group_or_knockout,4.021,0.554513,0.471208,0.573019,0.824585,0.626351
1978_297_Brazil,Brazil,Adidas,tournament,4.151,0.328224,0.608859,0.50998,0.900554,0.625901
2002_616_Senegal,Senegal,Budweiser,group_or_knockout,3.887,0.638782,0.557715,0.541804,0.785861,0.62564
2018_863_Belgium,Belgium,Visa,group_or_knockout,3.948,0.723323,0.490892,0.462969,0.704752,0.625163
2006_672_France,France,Qatar Airways,group_or_knockout,4.056,0.519576,0.52866,0.492043,0.829643,0.625117
2006_694_Germany,Germany,Coca-Cola,group_or_knockout,4.023,0.524838,0.524869,0.529609,0.834073,0.62475
1962_138_Brazil,Brazil,Adidas,tournament,4.15,0.284314,0.59578,0.585336,0.900554,0.624238
1978_281_Italy,Italy,Visa,tournament,4.097,0.485844,0.447372,0.552249,0.874646,0.624126
2014_800_Germany,Germany,Coca-Cola,group_or_knockout,3.987,0.580925,0.539766,0.468345,0.834073,0.624053
2022_931_South_Korea,South Korea,Hisense,group_or_knockout,3.751,0.776017,0.548612,0.608823,0.660317,0.624047
2002_585_Argentina,Argentina,Hyundai,group_or_knockout,4.017,0.521504,0.461571,0.625674,0.824585,0.623933
2022_908_France,France,Qatar Airways,group_or_knockout,4.033,0.585014,0.544934,0.391818,0.829643,0.62385
1978_284_Spain,Spain,Budweiser,tournament,4.171,0.368072,0.545324,0.608203,0.728164,0.623711
2010_727_Mexico,Mexico,Vivo,group_or_knockout,4.056,0.571624,0.691492,0.524202,0.362371,0.623653
2022_953_Croatia,Croatia,Hisense,group_or_knockout,3.995,0.725509,0.370563,0.540031,0.688495,0.62247
2006_705_Germany,Germany,Coca-Cola,group_or_knockout,4.005,0.535076,0.52531,0.518531,0.834073,0.62196
2018_863_Tunisia,Tunisia,Coca-Cola,group_or_knockout,3.948,0.723323,0.480064,0.469144,0.680922,0.621695
2006_701_Germany,Germany,Coca-Cola,group_or_knockout,4.013,0.527006,0.525557,0.517209,0.834073,0.621631
2010_759_Mexico,Mexico,Vivo,group_or_knockout,4.055,0.596536,0.699064,0.45379,0.362371,0.62044
2002_596_Russia,Russia,Hyundai,group_or_knockout,4.051,0.488194,0.53318,0.527467,0.802854,0.620316
1982_340_Czechoslovakia,Czechoslovakia,Coca-Cola,tournament,4.047,0.482791,0.538934,0.614908,0.677672,0.619093
2010_736_New_Zealand,New Zealand,McDonald's,group_or_knockout,4.215,0.64838,0.584909,0.408015,0.186112,0.618999
1978_307_Italy,Italy,Visa,tournament,4.205,0.426683,0.435721,0.470233,0.874646,0.618953
1978_288_France,France,Qatar Airways,tournament,4.021,0.488096,0.513023,0.566935,0.829643,0.61892
1962_168_Brazil,Brazil,Adidas,tournament,4.139,0.300962,0.597598,0.532781,0.900554,0.618688
1974_253_Argentina,Argentina,Hyundai,tournament,4.069,0.479963,0.453115,0.59045,0.824585,0.618654
2014_789_South_Korea,South Korea,Hisense,group_or_knockout,4.077,0.569743,0.513023,0.478106,0.660317,0.618621
1990_444_Sweden,Sweden,Budweiser,group_or_knockout,3.936,0.573595,0.484533,0.663245,0.721092,0.61837
1998_537_Saudi_Arabia,Saudi Arabia,Qatar Airways,group_or_knockout,4.082,0.521607,0.552557,0.475137,0.683783,0.61807
2010_765_Netherlands,Netherlands,Hisense,group_or_knockout,3.877,0.525365,0.588732,0.567879,0.882297,0.617582
1994_478_Switzerland,Switzerland,Visa,group_or_knockout,3.853,0.602443,0.519393,0.665435,0.745008,0.617227
2010_764_Spain,Spain,Budweiser,group_or_knockout,3.916,0.531519,0.572705,0.630303,0.728164,0.617113
2018_867_Senegal,Senegal,Budweiser,group_or_knockout,3.881,0.630017,0.554273,0.504079,0.785861,0.616621
2022_938_Saudi_Arabia,Saudi Arabia,Qatar Airways,group_or_knockout,3.839,0.659586,0.573054,0.565766,0.683783,0.616605
2002_588_Spain,Spain,Budweiser,group_or_knockout,3.951,0.534734,0.575016,0.569023,0.728164,0.616599
1998_580_Brazil,Brazil,Adidas,group_or_knockout,3.946,0.44669,0.624783,0.52721,0.900554,0.616581
1998_579_Netherlands,Netherlands,Hisense,group_or_knockout,3.927,0.487652,0.58303,0.555826,0.882297,0.616489
1970_206_Brazil,Brazil,Adidas,tournament,4.129,0.326787,0.604482,0.481728,0.900554,0.616478
2014_801_Nigeria,Nigeria,Coca-Cola,group_or_knockout,3.786,0.6928,0.50805,0.696126,0.648902,0.616461
2006_671_Australia,Australia,Mengniu,group_or_knockout,4.311,0.500381,0.617683,0.391715,0.258668,0.616354
1978_293_Netherlands,Netherlands,Hisense,tournament,3.951,0.461384,0.577081,0.569668,0.882297,0.616337
2014_784_Germany,Germany,Coca-Cola,group_or_knockout,3.945,0.577765,0.532389,0.485972,0.834073,0.616167
2014_824_Netherlands,Netherlands,Hisense,group_or_knockout,3.91,0.515968,0.587602,0.524865,0.882297,0.615835
2022_961_Croatia,Croatia,Hisense,group_or_knockout,4.109,0.673976,0.363289,0.417262,0.688495,0.615247
2006_703_Brazil,Brazil,Adidas,group_or_knockout,4.096,0.369515,0.615937,0.43691,0.900554,0.61512
1978_288_Hungary,Hungary,Adidas,tournament,4.021,0.488096,0.555259,0.583445,0.691749,0.615044
1990_463_Italy,Italy,Visa,group_or_knockout,4.053,0.499156,0.445502,0.530792,0.874646,0.614987
1978_308_Netherlands,Netherlands,Hisense,tournament,3.973,0.438424,0.569509,0.573879,0.882297,0.614877
2006_705_Italy,Italy,Visa,group_or_knockout,4.005,0.535076,0.454204,0.524856,0.874646,0.614104
2006_702_Italy,Italy,Visa,group_or_knockout,4.018,0.541426,0.455581,0.494151,0.874646,0.614029
2006_701_Argentina,Argentina,Hyundai,group_or_knockout,4.013,0.527006,0.462259,0.549997,0.824585,0.613879
1974_269_Brazil,Brazil,Adidas,tournament,4.12,0.296304,0.593222,0.532766,0.900554,0.613105
2010_726_South_Korea,South Korea,Hisense,group_or_knockout,4.038,0.603504,0.517348,0.432204,0.660317,0.612665
1994_502_Spain,Spain,Budweiser,group_or_knockout,3.906,0.5187,0.568574,0.636783,0.728164,0.612473
1950_72_Spain,Spain,Budweiser,tournament,4.2,0.361433,0.544194,0.495659,0.728164,0.612042
2002_638_Germany,Germany,Coca-Cola,group_or_knockout,3.975,0.501146,0.511297,0.56001,0.834073,0.61183
2022_929_Serbia,Serbia,Vivo,group_or_knockout,3.898,0.780594,0.607153,0.487748,0.299325,0.611698
1998_569_Germany,Germany,Coca-Cola,group_or_knockout,3.97,0.516891,0.516115,0.534665,0.834073,0.611621
2014_783_Switzerland,Switzerland,Visa,group_or_knockout,3.912,0.577981,0.515068,0.583742,0.745008,0.611332
1994_482_Cameroon,Cameroon,Hyundai,group_or_knockout,4.29,0.484176,0.402238,0.40322,0.654762,0.611063
2014_803_Algeria,Algeria,Budweiser,group_or_knockout,3.771,0.777379,0.510218,0.58943,0.577479,0.610403
1938_37_Poland,Poland,Coca-Cola,tournament,4.248,0.453648,0.403214,0.438604,0.746106,0.610281
2014_834_Netherlands,Netherlands,Hisense,group_or_knockout,3.918,0.472933,0.574523,0.5575,0.882297,0.610169
1986_410_Germany,Germany,Coca-Cola,group_or_knockout,3.953,0.488893,0.505543,0.604605,0.834073,0.609978
1998_545_Germany,Germany,Coca-Cola,group_or_knockout,3.99,0.521266,0.519804,0.480875,0.834073,0.609684
2006_647_Argentina,Argentina,Hyundai,group_or_knockout,4.016,0.522519,0.459506,0.525475,0.824585,0.609558
2002_599_Senegal,Senegal,Budweiser,group_or_knockout,3.937,0.538155,0.530673,0.548193,0.785861,0.609447
2002_599_Denmark,Denmark,Adidas,group_or_knockout,3.937,0.538155,0.474506,0.583372,0.837247,0.6094
2002_625_Russia,Russia,Hyundai,group_or_knockout,3.829,0.605712,0.549105,0.556615,0.802854,0.609084
1970_232_Brazil,Brazil,Adidas,tournament,4.07,0.337953,0.602612,0.497322,0.900554,0.609079
2022_902_Senegal,Senegal,Budweiser,group_or_knockout,3.856,0.613236,0.546454,0.522048,0.785861,0.609079
1978_278_Scotland,Scotland,Adidas,tournament,3.845,0.664581,0.435279,0.689572,0.659456,0.608994
2014_792_Spain,Spain,Budweiser,group_or_knockout,3.919,0.542254,0.57477,0.548475,0.728164,0.608985
2018_846_Mexico,Mexico,Vivo,group_or_knockout,4.011,0.565076,0.682738,0.502305,0.362371,0.608645
1974_263_Sweden,Sweden,Budweiser,tournament,4.047,0.509724,0.470129,0.5542,0.721092,0.608476
2002_616_Uruguay,Uruguay,Vivo,group_or_knockout,3.887,0.638782,0.696444,0.540195,0.360239,0.607824
2010_719_Denmark,Denmark,Adidas,group_or_knockout,3.988,0.531303,0.474064,0.511146,0.837247,0.607817
1998_549_Norway,Norway,McDonald's,group_or_knockout,4.335,0.529424,0.511573,0.376313,0.273321,0.607713
2022_931_Ghana,Ghana,Vivo,group_or_knockout,3.751,0.776017,0.693608,0.551273,0.314982,0.607555
1982_328_Germany,Germany,Coca-Cola,tournament,3.949,0.510347,0.51105,0.548933,0.834073,0.607102
1998_558_Germany,Germany,Coca-Cola,group_or_knockout,3.977,0.494369,0.508543,0.53728,0.834073,0.607058
2010_711_Nigeria,Nigeria,Coca-Cola,group_or_knockout,4.074,0.547543,0.485735,0.476707,0.648902,0.606893
1954_96_Brazil,Brazil,Adidas,tournament,4.099,0.311385,0.597352,0.488459,0.900554,0.606798
1998_533_Morocco,Morocco,Coca-Cola,group_or_knockout,4.306,0.492648,0.456536,0.352602,0.534742,0.606786
1954_82_Hungary,Hungary,Adidas,tournament,4.09,0.442492,0.54705,0.507435,0.691749,0.606578
2006_700_Spain,Spain,Budweiser,group_or_knockout,3.886,0.558343,0.577277,0.548112,0.728164,0.60638
1982_322_Scotland,Scotland,Adidas,tournament,4.278,0.486008,0.414196,0.364198,0.659456,0.606245
2022_950_Australia,Australia,Mengniu,group_or_knockout,4.08,0.624784,0.629673,0.430897,0.258668,0.605548
2022_941_Spain,Spain,Budweiser,group_or_knockout,3.819,0.602868,0.585732,0.551441,0.728164,0.604874
1962_161_Brazil,Brazil,Adidas,tournament,4.107,0.287266,0.589091,0.510589,0.900554,0.60469
2018_874_France,France,Qatar Airways,group_or_knockout,3.891,0.550175,0.521673,0.537572,0.829643,0.604238
2022_909_Japan,Japan,Adidas,group_or_knockout,3.991,0.60891,0.485539,0.433661,0.711341,0.604113
1986_410_France,France,Qatar Airways,group_or_knockout,3.953,0.488893,0.508399,0.560442,0.829643,0.603866
2018_840_Spain,Spain,Budweiser,group_or_knockout,3.59,0.72451,0.604411,0.651685,0.728164,0.60361
1994_516_Brazil,Brazil,Adidas,group_or_knockout,4.079,0.31706,0.596417,0.4861,0.900554,0.603581
2018_880_Costa_Rica,Costa Rica,Visa,group_or_knockout,3.976,0.634255,0.489957,0.458896,0.635323,0.60344
1982_351_Brazil,Brazil,Adidas,tournament,3.867,0.42705,0.610277,0.592427,0.900554,0.60311
2006_694_Sweden,Sweden,Budweiser,group_or_knockout,4.023,0.524838,0.471259,0.522934,0.721092,0.602867
2022_905_Saudi_Arabia,Saudi Arabia,Qatar Airways,group_or_knockout,3.983,0.558896,0.551571,0.447735,0.683783,0.602623
1974_233_Brazil,Brazil,Adidas,tournament,4.097,0.269009,0.584273,0.541394,0.900554,0.602136
2022_938_Mexico,Mexico,Vivo,group_or_knockout,3.839,0.659586,0.691091,0.539454,0.362371,0.602026
2018_874_Denmark,Denmark,Adidas,group_or_knockout,3.891,0.550175,0.472636,0.575972,0.837247,0.601548
1994_474_Netherlands,Netherlands,Hisense,group_or_knockout,3.917,0.445787,0.564886,0.551444,0.882297,0.601416
2006_693_Mexico,Mexico,Vivo,group_or_knockout,4.021,0.554513,0.679297,0.455659,0.362371,0.601155
2022_905_Argentina,Argentina,Hyundai,group_or_knockout,3.983,0.558896,0.467519,0.444708,0.824585,0.60115
2010_724_Uruguay,Uruguay,Vivo,group_or_knockout,3.765,0.655178,0.689016,0.648693,0.360239,0.601086
2006_645_Costa_Rica,Costa Rica,Visa,group_or_knockout,4.064,0.593546,0.483814,0.387302,0.635323,0.60081
2018_852_Poland,Poland,Coca-Cola,group_or_knockout,3.734,0.716938,0.449078,0.626402,0.746106,0.600801
2010_750_Denmark,Denmark,Adidas,group_or_knockout,3.939,0.560186,0.480013,0.476586,0.837247,0.600685
1994_475_Argentina,Argentina,Hyundai,group_or_knockout,3.993,0.502492,0.45331,0.533666,0.824585,0.600622
2010_744_France,France,Qatar Airways,group_or_knockout,3.726,0.639464,0.53165,0.592023,0.829643,0.600574
2022_907_Denmark,Denmark,Adidas,group_or_knockout,3.938,0.533518,0.471752,0.525671,0.837247,0.600005
2006_675_Spain,Spain,Budweiser,group_or_knockout,3.922,0.519923,0.566509,0.524386,0.728164,0.599808
1990_444_Costa_Rica,Costa Rica,Visa,group_or_knockout,3.936,0.573595,0.46606,0.60716,0.635323,0.598616
2006_700_France,France,Qatar Airways,group_or_knockout,3.886,0.558343,0.52005,0.493275,0.829643,0.59855
1986_382_Denmark,Denmark,Adidas,group_or_knockout,3.887,0.557683,0.474013,0.544929,0.837247,0.598308
1974_257_Brazil,Brazil,Adidas,tournament,4.108,0.260915,0.580831,0.512562,0.900554,0.597881
1994_485_Argentina,Argentina,Hyundai,group_or_knockout,3.991,0.486716,0.448492,0.547395,0.824585,0.597809
2002_631_Spain,Spain,Budweiser,group_or_knockout,3.916,0.493895,0.558937,0.567779,0.728164,0.597604
2014_836_Germany,Germany,Coca-Cola,group_or_knockout,3.932,0.512312,0.51105,0.501099,0.834073,0.597465
1998_540_Spain,Spain,Budweiser,group_or_knockout,3.908,0.468038,0.552054,0.627399,0.728164,0.597437
2002_633_Belgium,Belgium,Visa,group_or_knockout,4.25,0.45652,0.433029,0.329113,0.704752,0.597212
2006_672_South_Korea,South Korea,Hisense,group_or_knockout,4.056,0.519576,0.492814,0.456768,0.660317,0.596794
2018_858_France,France,Qatar Airways,group_or_knockout,3.996,0.49433,0.509334,0.438379,0.829643,0.596671
2002_602_Paraguay,Paraguay,Hyundai,group_or_knockout,3.95,0.576784,0.500427,0.516607,0.64409,0.59648
1966_173_Spain,Spain,Budweiser,tournament,3.956,0.422084,0.53991,0.63767,0.728164,0.596099
2006_697_Italy,Italy,Visa,group_or_knockout,3.981,0.499284,0.439502,0.504923,0.874646,0.596032
2014_831_Argentina,Argentina,Hyundai,group_or_knockout,3.973,0.506035,0.450999,0.526552,0.824585,0.596022
2022_914_Serbia,Serbia,Vivo,group_or_knockout,4.28,0.533587,0.572108,0.264663,0.299325,0.595585
1994_478_Romania,Romania,Qatar Airways,group_or_knockout,3.853,0.602443,0.464427,0.553179,0.780763,0.595193
1990_451_Argentina,Argentina,Hyundai,group_or_knockout,4.172,0.373331,0.424255,0.481421,0.824585,0.595166
1998_559_Netherlands,Netherlands,Hisense,group_or_knockout,3.898,0.465327,0.571081,0.493722,0.882297,0.59498
1954_89_Hungary,Hungary,Adidas,tournament,3.932,0.510713,0.551766,0.533606,0.691749,0.594761
1994_502_Switzerland,Switzerland,Visa,group_or_knockout,3.906,0.5187,0.496482,0.589801,0.745008,0.594603
2002_591_Italy,Italy,Visa,group_or_knockout,3.961,0.508296,0.439255,0.507248,0.874646,0.594329
1950_54_Brazil,Brazil,Adidas,tournament,4.141,0.228041,0.572817,0.500145,0.900554,0.594013
1994_492_Germany,Germany,Coca-Cola,group_or_knockout,3.957,0.501337,0.509232,0.460531,0.834073,0.594003
2014_811_Italy,Italy,Visa,group_or_knockout,3.961,0.526062,0.444762,0.466031,0.874646,0.593458
1990_463_England,England,McDonald's,group_or_knockout,4.053,0.499156,0.579804,0.504328,0.452957,0.593287
1950_74_Brazil,Brazil,Adidas,tournament,4.123,0.231032,0.574194,0.512587,0.900554,0.59309
2010_756_Switzerland,Switzerland,Visa,group_or_knockout,3.962,0.484273,0.487091,0.563078,0.745008,0.592705
1974_244_DR_Congo,DR Congo,Hyundai,tournament,4.067,0.639123,0.374118,0.414452,0.605782,0.592533
1954_89_Germany,Germany,Coca-Cola,tournament,3.932,0.510713,0.510362,0.467181,0.834073,0.592241
1982_310_Russia,Russia,Hyundai,tournament,4.149,0.368712,0.503879,0.411438,0.802854,0.59195
2006_659_Germany,Germany,Coca-Cola,group_or_knockout,3.99,0.459828,0.499153,0.477218,0.834073,0.591938
2006_707_Portugal,Portugal,Mengniu,group_or_knockout,4.053,0.56461,0.596971,0.420026,0.379403,0.59162
2002_601_Argentina,Argentina,Hyundai,group_or_knockout,3.947,0.495082,0.445934,0.555023,0.824585,0.59153
1982_317_Spain,Spain,Budweiser,tournament,3.966,0.42239,0.541533,0.586274,0.728164,0.591247
2018_896_Croatia,Croatia,Hisense,group_or_knockout,4.146,0.610108,0.342885,0.319542,0.688495,0.591181
1970_225_Peru,Peru,Budweiser,tournament,4.257,0.41397,0.461652,0.325506,0.676601,0.591071
1962_154_Spain,Spain,Budweiser,tournament,4.136,0.32428,0.525804,0.518307,0.728164,0.591035
1994_505_Netherlands,Netherlands,Hisense,group_or_knockout,3.889,0.425837,0.555691,0.555698,0.882297,0.590414
2002_644_Brazil,Brazil,Adidas,group_or_knockout,3.819,0.436056,0.606342,0.555277,0.900554,0.589661
2022_912_Belgium,Belgium,Visa,group_or_knockout,3.928,0.598891,0.449591,0.483675,0.704752,0.589285
2002_585_Nigeria,Nigeria,Coca-Cola,group_or_knockout,4.017,0.521504,0.471474,0.490127,0.648902,0.58917
2010_717_Italy,Italy,Visa,group_or_knockout,3.987,0.506889,0.440879,0.433064,0.874646,0.589083
2014_811_Uruguay,Uruguay,Vivo,group_or_knockout,3.961,0.526062,0.669896,0.511233,0.360239,0.58887
2006_690_Switzerland,Switzerland,Visa,group_or_knockout,3.885,0.519149,0.492793,0.5821,0.745008,0.588795
2014_802_Russia,Russia,Hyundai,group_or_knockout,3.784,0.561557,0.53165,0.565779,0.802854,0.588585
1966_177_Hungary,Hungary,Adidas,tournament,4.151,0.344323,0.520009,0.481136,0.691749,0.588531
1974_261_Brazil,Brazil,Adidas,tournament,3.835,0.385694,0.594198,0.619264,0.900554,0.588528
2014_825_Nigeria,Nigeria,Coca-Cola,group_or_knockout,4.054,0.536766,0.480916,0.394607,0.648902,0.588194
1982_352_Spain,Spain,Budweiser,tournament,3.873,0.470533,0.549742,0.609939,0.728164,0.588183
1990_430_United_Arab_Emirates,United Arab Emirates,Adidas,group_or_knockout,4.145,0.626538,0.297844,0.405724,0.58295,0.588001
2018_842_Iceland,Iceland,Visa,group_or_knockout,4.121,0.602234,0.416066,0.376919,0.510655,0.587912
2022_922_Argentina,Argentina,Hyundai,group_or_knockout,3.954,0.524556,0.452817,0.463137,0.824585,0.587777
2018_875_Argentina,Argentina,Hyundai,group_or_knockout,3.664,0.653708,0.475626,0.639273,0.824585,0.587435
2018_897_Belgium,Belgium,Visa,group_or_knockout,4.048,0.544173,0.442317,0.39491,0.704752,0.587313
1998_521_South_Africa,South Africa,Hyundai,group_or_knockout,4.154,0.527994,0.388964,0.399322,0.61679,0.586996
1998_576_Netherlands,Netherlands,Hisense,group_or_knockout,3.861,0.448804,0.559574,0.528066,0.882297,0.586743
1986_411_Belgium,Belgium,Visa,group_or_knockout,4.034,0.545334,0.443005,0.407,0.704752,0.586608
1962_146_Brazil,Brazil,Adidas,tournament,4.082,0.222658,0.566129,0.547765,0.900554,0.586589
2002_604_China,China,Adidas,group_or_knockout,4.348,0.53151,0.292049,0.261419,0.587601,0.586579
1990_442_Yugoslavia,Yugoslavia,Qatar Airways,group_or_knockout,3.958,0.512869,0.519947,0.525154,0.61998,0.586305
2022_946_Brazil,Brazil,Adidas,group_or_knockout,3.616,0.554428,0.623643,0.609578,0.900554,0.586155
2010_732_Denmark,Denmark,Adidas,group_or_knockout,3.711,0.609338,0.477598,0.620243,0.837247,0.585953
2014_836_Argentina,Argentina,Hyundai,group_or_knockout,3.932,0.512312,0.450064,0.502529,0.824585,0.585739
2014_799_Iran,Iran,Adidas,group_or_knockout,4.05,0.542267,0.435423,0.46756,0.599925,0.585737
2018_882_Senegal,Senegal,Budweiser,group_or_knockout,3.85,0.548113,0.524427,0.490737,0.785861,0.585213
1978_273_France,France,Qatar Airways,tournament,3.955,0.445675,0.492567,0.510961,0.829643,0.584978
2026_965_Mexico,Mexico,Vivo,group_or_knockout,3.667,0.700332,0.679235,0.612431,0.362371,0.584957
2018_867_Japan,Japan,Adidas,group_or_knockout,3.881,0.630017,0.477423,0.429019,0.711341,0.584828
2010_767_Germany,Germany,Coca-Cola,group_or_knockout,3.914,0.518125,0.50805,0.42197,0.834073,0.583556
1938_52_Brazil,Brazil,Adidas,tournament,4.063,0.241114,0.567947,0.520336,0.900554,0.583368
1966_173_Argentina,Argentina,Hyundai,tournament,3.956,0.422084,0.422529,0.628425,0.824585,0.583319
1982_352_Germany,Germany,Coca-Cola,tournament,3.873,0.470533,0.49266,0.567906,0.834073,0.582614
2002_581_Senegal,Senegal,Budweiser,group_or_knockout,3.979,0.447919,0.505009,0.470064,0.785861,0.582368
2014_817_Russia,Russia,Hyundai,group_or_knockout,3.57,0.651121,0.539314,0.671525,0.802854,0.582027
1978_306_Netherlands,Netherlands,Hisense,tournament,3.869,0.397529,0.546742,0.579262,0.882297,0.581907
2006_667_Ivory_Coast,Ivory Coast,McDonald's,group_or_knockout,4.055,0.587757,0.570526,0.421011,0.270527,0.581599
2002_589_Turkey,Turkey,Hyundai,group_or_knockout,4.223,0.45703,0.39782,0.281359,0.730971,0.581567
1990_452_Netherlands,Netherlands,Hisense,group_or_knockout,3.835,0.441306,0.558198,0.538777,0.882297,0.581188
1998_574_France,France,Qatar Airways,group_or_knockout,3.985,0.424792,0.487995,0.477321,0.829643,0.580802
2010_730_Germany,Germany,Coca-Cola,group_or_knockout,3.942,0.475591,0.497971,0.440238,0.834073,0.580496
2002_581_France,France,Qatar Airways,group_or_knockout,3.979,0.447919,0.494879,0.43517,0.829643,0.580037
1950_59_Brazil,Brazil,Adidas,tournament,4.118,0.215668,0.564999,0.460008,0.900554,0.579702
1994_465_Germany,Germany,Coca-Cola,group_or_knockout,3.966,0.423918,0.484451,0.496484,0.834073,0.579329
1998_567_France,France,Qatar Airways,group_or_knockout,4.004,0.417925,0.487553,0.45111,0.829643,0.57931
2006_654_Italy,Italy,Visa,group_or_knockout,3.941,0.493143,0.43306,0.459635,0.874646,0.579247
1978_308_Argentina,Argentina,Hyundai,tournament,3.973,0.438424,0.428971,0.541104,0.824585,0.57922
1998_551_Austria,Austria,McDonald's,group_or_knockout,3.956,0.481673,0.750999,0.430826,0.335321,0.578963
1978_273_Italy,Italy,Visa,tournament,3.955,0.445675,0.418605,0.530089,0.874646,0.578843
1998_551_Italy,Italy,Visa,group_or_knockout,3.956,0.481673,0.42893,0.457675,0.874646,0.578682
1998_569_Mexico,Mexico,Vivo,group_or_knockout,3.97,0.516891,0.660906,0.450094,0.362371,0.578673
2014_830_Germany,Germany,Coca-Cola,group_or_knockout,3.925,0.47878,0.49566,0.448943,0.834073,0.578628
1978_276_Sweden,Sweden,Budweiser,tournament,4.174,0.353036,0.427748,0.46076,0.721092,0.578485
2022_913_Switzerland,Switzerland,Visa,group_or_knockout,3.877,0.51857,0.491417,0.519946,0.745008,0.578131
1954_95_Switzerland,Switzerland,Visa,tournament,3.893,0.518909,0.491417,0.495831,0.745008,0.578003
1998_543_South_Korea,South Korea,Hisense,group_or_knockout,3.987,0.532878,0.490255,0.402081,0.660317,0.577918
1954_95_Austria,Austria,McDonald's,tournament,3.893,0.518909,0.754389,0.448897,0.335321,0.577799
1958_106_France,France,Qatar Airways,tournament,3.966,0.458424,0.494632,0.420425,0.829643,0.577661
2018_849_Panama,Panama,Qatar Airways,group_or_knockout,3.988,0.674803,0.387494,0.398723,0.530584,0.577399
1986_412_Germany,Germany,Coca-Cola,group_or_knockout,3.936,0.472243,0.497283,0.432594,0.834073,0.577375
2010_772_Netherlands,Netherlands,Hisense,group_or_knockout,3.853,0.440064,0.556821,0.48823,0.882297,0.577161
2018_871_Morocco,Morocco,Coca-Cola,group_or_knockout,3.987,0.617911,0.462526,0.384584,0.534742,0.576627
2014_828_United_States,United States,Mengniu,group_or_knockout,3.86,0.597315,0.710519,0.478621,0.252885,0.576524
2006_702_Ukraine,Ukraine,Qatar Airways,group_or_knockout,4.018,0.541426,0.422889,0.399863,0.690038,0.576483
2002_638_United_States,United States,Mengniu,group_or_knockout,3.975,0.501146,0.693855,0.487142,0.252885,0.57637
1998_520_Italy,Italy,Visa,group_or_knockout,3.958,0.492538,0.432372,0.41653,0.874646,0.576328
1986_382_Uruguay,Uruguay,Vivo,group_or_knockout,3.887,0.557683,0.668222,0.477096,0.360239,0.576069
2014_800_Ghana,Ghana,Vivo,group_or_knockout,3.987,0.580925,0.663772,0.331358,0.314982,0.575286
2006_674_Saudi_Arabia,Saudi Arabia,Qatar Airways,group_or_knockout,3.774,0.586409,0.539273,0.518837,0.683783,0.574962
2014_805_Spain,Spain,Budweiser,group_or_knockout,3.383,0.710153,0.580657,0.793403,0.728164,0.574959
2010_717_Paraguay,Paraguay,Hyundai,group_or_knockout,3.987,0.506889,0.478646,0.447873,0.64409,0.574899
2018_866_England,England,McDonald's,group_or_knockout,3.662,0.723035,0.605458,0.540574,0.452957,0.574679
1986_412_Argentina,Argentina,Hyundai,group_or_knockout,3.936,0.472243,0.436297,0.496741,0.824585,0.574429
2010_750_Japan,Japan,Adidas,group_or_knockout,3.939,0.560186,0.46233,0.398019,0.711341,0.573912
2014_773_Croatia,Croatia,Hisense,group_or_knockout,4.305,0.500636,0.318648,0.171844,0.688495,0.573594
1954_82_South_Korea,South Korea,Hisense,tournament,4.09,0.442492,0.469656,0.392618,0.660317,0.57343
1986_383_Germany,Germany,Coca-Cola,group_or_knockout,3.941,0.430603,0.483516,0.479801,0.834073,0.573337
1978_305_Poland,Poland,Coca-Cola,tournament,4.174,0.405351,0.380005,0.381712,0.746106,0.572835
1986_403_Spain,Spain,Budweiser,group_or_knockout,3.835,0.488627,0.547184,0.528212,0.728164,0.572724
1982_329_Spain,Spain,Budweiser,tournament,3.889,0.4248,0.532533,0.570562,0.728164,0.572685
1974_267_Brazil,Brazil,Adidas,tournament,3.808,0.36299,0.583626,0.593094,0.900554,0.572611
2006_660_Ukraine,Ukraine,Qatar Airways,group_or_knockout,3.951,0.573897,0.427902,0.409608,0.690038,0.572604
2014_830_France,France,Qatar Airways,group_or_knockout,3.925,0.47878,0.498516,0.40478,0.829643,0.572516
1978_301_Netherlands,Netherlands,Hisense,tournament,3.858,0.399843,0.543742,0.527983,0.882297,0.572515
2002_595_Germany,Germany,Coca-Cola,group_or_knockout,3.942,0.452528,0.490399,0.428999,0.834073,0.572485
2002_601_England,England,McDonald's,group_or_knockout,3.947,0.495082,0.562738,0.533455,0.452957,0.572372
2010_767_Argentina,Argentina,Hyundai,group_or_knockout,3.914,0.518125,0.447752,0.423399,0.824585,0.571954
2022_942_Germany,Germany,Coca-Cola,group_or_knockout,3.633,0.662749,0.527612,0.48446,0.834073,0.571907
1982_321_Hungary,Hungary,Adidas,tournament,3.915,0.465607,0.533622,0.487967,0.691749,0.57181
1978_280_Germany,Germany,Coca-Cola,tournament,3.903,0.461413,0.490153,0.464438,0.834073,0.571622
2006_678_Ecuador,Ecuador,McDonald's,group_or_knockout,4.059,0.549678,0.529656,0.39035,0.356037,0.570917
1982_321_Argentina,Argentina,Hyundai,tournament,3.915,0.465607,0.431232,0.517048,0.824585,0.570735
2006_665_Serbia,Serbia,Vivo,group_or_knockout,4.045,0.6031,0.5662,0.316766,0.299325,0.570498
2010_762_Slovakia,Slovakia,McDonald's,group_or_knockout,4.085,0.579596,0.60034,0.332939,0.185391,0.570277
1998_574_Italy,Italy,Visa,group_or_knockout,3.985,0.424792,0.414033,0.465091,0.874646,0.570277
2002_619_Spain,Spain,Budweiser,group_or_knockout,3.601,0.605915,0.563797,0.636129,0.728164,0.570213
2014_801_Bosnia_and_Herzegovina,Bosnia and Herzegovina,Budweiser,group_or_knockout,3.786,0.6928,0.374395,0.598356,0.563717,0.570197
2014_834_Argentina,Argentina,Hyundai,group_or_knockout,3.918,0.472933,0.433985,0.49368,0.824585,0.570166
1986_378_Hungary,Hungary,Adidas,group_or_knockout,4.083,0.354021,0.513074,0.439429,0.691749,0.57009
1998_580_France,France,Qatar Airways,group_or_knockout,3.946,0.44669,0.490502,0.418271,0.829643,0.570068
2002_596_Tunisia,Tunisia,Coca-Cola,group_or_knockout,4.051,0.488194,0.409902,0.413439,0.680922,0.569969
2002_615_Saudi_Arabia,Saudi Arabia,Qatar Airways,group_or_knockout,3.782,0.554123,0.528947,0.535283,0.683783,0.56989
2014_828_Belgium,Belgium,Visa,group_or_knockout,3.86,0.597315,0.439902,0.454606,0.704752,0.569637
2018_859_Croatia,Croatia,Hisense,group_or_knockout,4.03,0.601281,0.32882,0.36097,0.688495,0.569499
1954_85_Brazil,Brazil,Adidas,tournament,4.068,0.200926,0.557869,0.488607,0.900554,0.569262
1990_423_Netherlands,Netherlands,Hisense,group_or_knockout,3.887,0.380758,0.539859,0.496569,0.882297,0.568972
1994_503_Argentina,Argentina,Hyundai,group_or_knockout,3.761,0.559859,0.452273,0.546747,0.824585,0.56887
1982_353_Northern_Ireland,Northern Ireland,Hisense,tournament,4.02,0.534538,0.386252,0.451801,0.61808,0.568845
2010_715_Australia,Australia,Mengniu,group_or_knockout,4.012,0.568844,0.600711,0.38977,0.258668,0.568783
1958_129_Brazil,Brazil,Adidas,tournament,4.088,0.181751,0.550985,0.494953,0.900554,0.56866
1990_431_Costa_Rica,Costa Rica,Visa,group_or_knockout,4.212,0.377697,0.427224,0.359234,0.635323,0.568563
1986_385_France,France,Qatar Airways,group_or_knockout,4.007,0.395182,0.479293,0.414764,0.829643,0.568327
1974_242_Germany,Germany,Coca-Cola,tournament,3.963,0.387157,0.472748,0.494084,0.834073,0.568204
2006_703_France,France,Qatar Airways,group_or_knockout,4.096,0.369515,0.477967,0.327657,0.829643,0.567899
2014_826_Algeria,Algeria,Budweiser,group_or_knockout,4.027,0.55204,0.461056,0.33967,0.577479,0.56779
1986_395_Germany,Germany,Coca-Cola,group_or_knockout,3.826,0.466219,0.485283,0.542845,0.834073,0.567507
1986_395_Denmark,Denmark,Adidas,group_or_knockout,3.826,0.466219,0.439101,0.5998,0.837247,0.567485
2014_784_Portugal,Portugal,Mengniu,group_or_knockout,3.945,0.577765,0.586101,0.391658,0.379403,0.567164
2002_625_Belgium,Belgium,Visa,group_or_knockout,3.829,0.605712,0.439656,0.467458,0.704752,0.567091
2022_962_Morocco,Morocco,Coca-Cola,group_or_knockout,4.044,0.560425,0.449252,0.339953,0.534742,0.566648
2022_903_England,England,McDonald's,group_or_knockout,3.618,0.743695,0.605653,0.506338,0.452957,0.565739
1998_527_Argentina,Argentina,Hyundai,group_or_knockout,3.938,0.428579,0.422529,0.515044,0.824585,0.565304
1974_237_Italy,Italy,Visa,tournament,3.976,0.41253,0.409902,0.465005,0.874646,0.565038
1954_99_Hungary,Hungary,Adidas,tournament,4.003,0.363352,0.508892,0.506657,0.691749,0.564934
2022_908_Australia,Australia,Mengniu,group_or_knockout,4.033,0.585014,0.607153,0.298,0.258668,0.564817
1986_385_Hungary,Hungary,Adidas,group_or_knockout,4.007,0.395182,0.521529,0.431275,0.691749,0.564451
2010_749_Netherlands,Netherlands,Hisense,group_or_knockout,3.603,0.537599,0.566551,0.58462,0.882297,0.564278
2018_899_England,England,McDonald's,group_or_knockout,3.812,0.585944,0.578026,0.496946,0.452957,0.563225
1982_326_New_Zealand,New Zealand,McDonald's,tournament,4.159,0.522939,0.53323,0.352328,0.186112,0.563197
2022_941_Japan,Japan,Adidas,group_or_knockout,3.819,0.602868,0.461786,0.425079,0.711341,0.563191
1986_376_Algeria,Algeria,Budweiser,group_or_knockout,4.223,0.380124,0.425611,0.34247,0.577479,0.562857
1978_303_Argentina,Argentina,Hyundai,tournament,3.961,0.432238,0.424841,0.455107,0.824585,0.562696
2010_770_Spain,Spain,Budweiser,group_or_knockout,3.871,0.440811,0.533663,0.498022,0.728164,0.562685
1994_485_Nigeria,Nigeria,Coca-Cola,group_or_knockout,3.991,0.486716,0.455395,0.411849,0.648902,0.562507
2022_922_Mexico,Mexico,Vivo,group_or_knockout,3.954,0.524556,0.657906,0.345777,0.362371,0.562042
2022_907_Tunisia,Tunisia,Coca-Cola,group_or_knockout,3.938,0.533518,0.413046,0.441039,0.680922,0.561957
1978_295_Argentina,Argentina,Hyundai,tournament,3.954,0.38929,0.410139,0.542621,0.824585,0.561465
1990_443_Scotland,Scotland,Adidas,group_or_knockout,4.228,0.385821,0.377467,0.319001,0.659456,0.561348
1974_267_Netherlands,Netherlands,Hisense,tournament,3.808,0.36299,0.529728,0.593567,0.882297,0.561149
2014_792_Chile,Chile,Hisense,group_or_knockout,3.919,0.542254,0.436656,0.425619,0.667483,0.560857
1998_540_Paraguay,Paraguay,Hyundai,group_or_knockout,3.908,0.468038,0.458632,0.544095,0.64409,0.560551
1982_328_Chile,Chile,Hisense,tournament,3.949,0.510347,0.430019,0.436751,0.667483,0.560152
1954_96_Hungary,Hungary,Adidas,tournament,4.099,0.311385,0.501618,0.427076,0.691749,0.560092
2022_957_Brazil,Brazil,Adidas,group_or_knockout,3.482,0.568677,0.612773,0.602854,0.900554,0.559813
2014_777_Colombia,Colombia,Mengniu,group_or_knockout,3.619,0.681735,0.673584,0.602816,0.269293,0.559674
2010_734_Japan,Japan,Adidas,group_or_knockout,3.938,0.505781,0.445121,0.401925,0.711341,0.559194
1994_492_South_Korea,South Korea,Hisense,group_or_knockout,3.957,0.501337,0.47393,0.381094,0.660317,0.559152
2014_781_Bosnia_and_Herzegovina,Bosnia and Herzegovina,Budweiser,group_or_knockout,4.045,0.578846,0.355717,0.355166,0.563717,0.55909
2018_843_Denmark,Denmark,Adidas,group_or_knockout,3.685,0.55756,0.456701,0.572398,0.837247,0.558945
1994_503_Romania,Romania,Qatar Airways,group_or_knockout,3.761,0.559859,0.440283,0.522502,0.780763,0.558936
1958_135_France,France,Qatar Airways,tournament,3.896,0.43984,0.482437,0.429058,0.829643,0.558702
2002_603_Sweden,Sweden,Budweiser,group_or_knockout,3.832,0.511795,0.448441,0.527692,0.721092,0.558672
2010_772_Spain,Spain,Budweiser,group_or_knockout,3.853,0.440064,0.532975,0.496372,0.728164,0.558595
2010_764_Portugal,Portugal,Mengniu,group_or_knockout,3.916,0.531519,0.569334,0.462597,0.379403,0.558151
2006_690_South_Korea,South Korea,Hisense,group_or_knockout,3.885,0.519149,0.474814,0.444581,0.660317,0.557837
2022_956_Switzerland,Switzerland,Visa,group_or_knockout,3.556,0.693097,0.519927,0.518649,0.745008,0.557808
2018_858_Peru,Peru,Budweiser,group_or_knockout,3.996,0.49433,0.458498,0.331883,0.676601,0.557307
2014_832_Costa_Rica,Costa Rica,Visa,group_or_knockout,3.96,0.495383,0.440149,0.434183,0.635323,0.557289
1986_363_Brazil,Brazil,Adidas,group_or_knockout,3.729,0.36867,0.576003,0.596314,0.900554,0.557269
1990_413_Argentina,Argentina,Hyundai,group_or_knockout,3.93,0.410353,0.416334,0.50386,0.824585,0.557027
1998_536_Italy,Italy,Visa,group_or_knockout,3.95,0.438075,0.413786,0.393624,0.874646,0.556207
1958_135_Germany,Germany,Coca-Cola,tournament,3.896,0.43984,0.479581,0.410503,0.834073,0.556033
2014_831_Belgium,Belgium,Visa,group_or_knockout,3.973,0.506035,0.420238,0.365835,0.704752,0.556001
2018_899_Belgium,Belgium,Visa,group_or_knockout,3.812,0.585944,0.432772,0.451874,0.704752,0.555949
1966_195_Russia,Russia,Hyundai,tournament,3.986,0.330447,0.474176,0.483209,0.802854,0.555902
2002_643_South_Korea,South Korea,Hisense,group_or_knockout,3.691,0.625899,0.490985,0.51692,0.660317,0.555881
1986_373_Russia,Russia,Hyundai,group_or_knockout,3.909,0.39511,0.486516,0.472307,0.802854,0.55555
1962_168_Czechoslovakia,Czechoslovakia,Coca-Cola,tournament,4.139,0.300962,0.483228,0.386086,0.677672,0.555276
1990_438_Russia,Russia,Hyundai,group_or_knockout,3.638,0.539293,0.506766,0.601575,0.802854,0.555261
2010_718_Japan,Japan,Adidas,group_or_knockout,3.84,0.532374,0.442758,0.47375,0.711341,0.555236
2018_890_Japan,Japan,Adidas,group_or_knockout,3.832,0.604693,0.464786,0.342427,0.711341,0.55514
2002_640_Senegal,Senegal,Budweiser,group_or_knockout,3.789,0.483991,0.497088,0.496533,0.785861,0.554898
1998_558_Iran,Iran,Adidas,group_or_knockout,3.977,0.494369,0.410591,0.456792,0.599925,0.554743
1970_229_Uruguay,Uruguay,Vivo,tournament,4.144,0.335063,0.628502,0.360834,0.360239,0.554641
1986_403_Denmark,Denmark,Adidas,group_or_knockout,3.835,0.488627,0.44692,0.449057,0.837247,0.554503
1958_110_Argentina,Argentina,Hyundai,tournament,3.918,0.376729,0.403697,0.57177,0.824585,0.554482
1994_476_Spain,Spain,Budweiser,group_or_knockout,3.85,0.421033,0.527468,0.508033,0.728164,0.554455
1990_415_Russia,Russia,Hyundai,group_or_knockout,3.932,0.393387,0.488139,0.432408,0.802854,0.554439
2010_724_South_Africa,South Africa,Hyundai,group_or_knockout,3.765,0.655178,0.394707,0.510289,0.61679,0.554389
1998_578_France,France,Qatar Airways,group_or_knockout,3.953,0.411419,0.477423,0.367496,0.829643,0.554234
1994_499_Argentina,Argentina,Hyundai,group_or_knockout,3.948,0.416091,0.417711,0.446868,0.824585,0.554128
1994_474_Saudi_Arabia,Saudi Arabia,Qatar Airways,group_or_knockout,3.917,0.445787,0.508399,0.42762,0.683783,0.554061
2018_882_Colombia,Colombia,Mengniu,group_or_knockout,3.85,0.548113,0.662088,0.459956,0.269293,0.554026
2006_677_Poland,Poland,Coca-Cola,group_or_knockout,3.715,0.597706,0.404776,0.561892,0.746106,0.553796
1998_557_South_Korea,South Korea,Hisense,group_or_knockout,3.828,0.518058,0.469502,0.50343,0.660317,0.553574
1990_450_Czechoslovakia,Czechoslovakia,Coca-Cola,group_or_knockout,3.746,0.525445,0.517636,0.533638,0.677672,0.553563
1982_320_Yugoslavia,Yugoslavia,Qatar Airways,tournament,3.874,0.41931,0.482036,0.604888,0.61998,0.553399
1990_441_Italy,Italy,Visa,group_or_knockout,3.943,0.40956,0.404837,0.4388,0.874646,0.553259
1970_206_Czechoslovakia,Czechoslovakia,Coca-Cola,tournament,4.129,0.326787,0.490111,0.33472,0.677672,0.553022
1974_270_Netherlands,Netherlands,Hisense,tournament,3.848,0.349024,0.526533,0.503076,0.882297,0.552767
2006_661_Saudi_Arabia,Saudi Arabia,Qatar Airways,group_or_knockout,3.561,0.633295,0.531793,0.597735,0.683783,0.552729
1990_452_Germany,Germany,Coca-Cola,group_or_knockout,3.835,0.441306,0.474957,0.473527,0.834073,0.552248
1990_422_South_Korea,South Korea,Hisense,group_or_knockout,3.827,0.503941,0.465372,0.522331,0.660317,0.552172
2018_890_Belgium,Belgium,Visa,group_or_knockout,3.832,0.604693,0.436902,0.361546,0.704752,0.552138
2006_659_Poland,Poland,Coca-Cola,group_or_knockout,3.99,0.459828,0.383591,0.401516,0.746106,0.551742
1994_475_Greece,Greece,Qatar Airways,group_or_knockout,3.993,0.502492,0.415265,0.396333,0.595463,0.551635
1990_441_Czechoslovakia,Czechoslovakia,Coca-Cola,group_or_knockout,3.943,0.40956,0.499399,0.444634,0.677672,0.551399
2018_875_Nigeria,Nigeria,Coca-Cola,group_or_knockout,3.664,0.653708,0.476529,0.503726,0.648902,0.551052
1982_336_Argentina,Argentina,Hyundai,tournament,3.951,0.376966,0.404632,0.497624,0.824585,0.550867
2014_808_Chile,Chile,Hisense,group_or_knockout,3.93,0.525002,0.433461,0.368771,0.667483,0.55071
2022_943_Belgium,Belgium,Visa,group_or_knockout,3.612,0.655281,0.43493,0.58424,0.704752,0.550454
2022_916_Portugal,Portugal,Mengniu,group_or_knockout,3.639,0.698034,0.588403,0.512318,0.379403,0.550236
1998_567_Paraguay,Paraguay,Hyundai,group_or_knockout,4.004,0.417925,0.449046,0.422329,0.64409,0.549794
1986_373_France,France,Qatar Airways,group_or_knockout,3.909,0.39511,0.467981,0.435871,0.829643,0.549792
2010_728_Nigeria,Nigeria,Coca-Cola,group_or_knockout,3.611,0.658701,0.473283,0.56571,0.648902,0.549732
1998_544_Jamaica,Jamaica,Vivo,group_or_knockout,4.047,0.571758,0.555443,0.307009,0.189321,0.549696
2014_824_Mexico,Mexico,Vivo,group_or_knockout,3.91,0.515968,0.649153,0.343685,0.362371,0.549556
1970_213_Brazil,Brazil,Adidas,tournament,4.021,0.193664,0.547738,0.438006,0.900554,0.549435
1994_509_Spain,Spain,Budweiser,group_or_knockout,3.86,0.420817,0.52678,0.458623,0.728164,0.549349
1950_64_Brazil,Brazil,Adidas,tournament,4.076,0.143017,0.537218,0.452234,0.900554,0.5493
1978_279_France,France,Qatar Airways,tournament,3.921,0.387291,0.468228,0.426677,0.829643,0.549209
1994_514_Brazil,Brazil,Adidas,group_or_knockout,3.673,0.391711,0.577574,0.578337,0.900554,0.548997
2010_770_Germany,Germany,Coca-Cola,group_or_knockout,3.871,0.440811,0.479581,0.393271,0.834073,0.548876
1958_106_Paraguay,Paraguay,Hyundai,tournament,3.966,0.458424,0.458437,0.391644,0.64409,0.548562
2010_739_Portugal,Portugal,Mengniu,group_or_knockout,3.642,0.693428,0.590026,0.500479,0.379403,0.548452
2018_848_Sweden,Sweden,Budweiser,group_or_knockout,3.807,0.508582,0.446375,0.497564,0.721092,0.548417
1958_120_Brazil,Brazil,Adidas,tournament,4.007,0.187225,0.543362,0.465559,0.900554,0.548311
1994_501_Germany,Germany,Coca-Cola,group_or_knockout,3.856,0.452785,0.480023,0.390642,0.834073,0.548246
1978_279_Argentina,Argentina,Hyundai,tournament,3.921,0.387291,0.405074,0.503628,0.824585,0.548109
1982_331_Kuwait,Kuwait,Hisense,tournament,4.134,0.539064,0.345648,0.367656,0.363892,0.547944
2014_782_Honduras,Honduras,Visa,group_or_knockout,4.099,0.541493,0.365559,0.285529,0.505418,0.547776
1986_409_Argentina,Argentina,Hyundai,group_or_knockout,3.89,0.403917,0.411269,0.510762,0.824585,0.547731
2002_629_Denmark,Denmark,Adidas,group_or_knockout,3.818,0.479555,0.440478,0.446229,0.837247,0.54758
1994_486_Netherlands,Netherlands,Hisense,group_or_knockout,3.692,0.421442,0.537003,0.559599,0.882297,0.547555
2006_697_Australia,Australia,Mengniu,group_or_knockout,3.981,0.499284,0.575683,0.423336,0.258668,0.547525
1978_299_Brazil,Brazil,Adidas,tournament,3.815,0.291978,0.558845,0.546888,0.900554,0.547447
2018_840_Portugal,Portugal,Mengniu,group_or_knockout,3.59,0.72451,0.59204,0.515338,0.379403,0.547419
2002_621_Costa_Rica,Costa Rica,Visa,group_or_knockout,3.688,0.654109,0.466841,0.463621,0.635323,0.547185
1958_112_Brazil,Brazil,Adidas,tournament,4.013,0.165794,0.537166,0.489932,0.900554,0.547083
2026_965_South_Africa,South Africa,Hyundai,group_or_knockout,3.667,0.700332,0.400163,0.516049,0.61679,0.546673
2014_802_Belgium,Belgium,Visa,group_or_knockout,3.784,0.561557,0.4222,0.476622,0.704752,0.546592
1998_520_Chile,Chile,Hisense,group_or_knockout,3.958,0.492538,0.425447,0.360427,0.667483,0.546511
1966_186_Portugal,Portugal,Mengniu,tournament,4.156,0.343041,0.53394,0.381048,0.379403,0.546502
1954_77_Mexico,Mexico,Vivo,tournament,4.148,0.310939,0.617693,0.346535,0.362371,0.546393
1974_259_Netherlands,Netherlands,Hisense,tournament,3.823,0.349342,0.522845,0.496731,0.882297,0.546326
1966_195_Hungary,Hungary,Adidas,tournament,3.986,0.330447,0.497879,0.463284,0.691749,0.546269
2014_797_Italy,Italy,Visa,group_or_knockout,3.919,0.447512,0.413539,0.351957,0.874646,0.546256
2010_755_Portugal,Portugal,Mengniu,group_or_knockout,3.578,0.644328,0.568636,0.679566,0.379403,0.546178
2022_937_Argentina,Argentina,Hyundai,group_or_knockout,3.598,0.593764,0.448287,0.564742,0.824585,0.545801
2022_903_Iran,Iran,Adidas,group_or_knockout,3.618,0.743695,0.460194,0.445674,0.599925,0.54576
2014_783_Ecuador,Ecuador,McDonald's,group_or_knockout,3.912,0.577981,0.521293,0.383965,0.356037,0.545587
2014_777_Greece,Greece,Qatar Airways,group_or_knockout,3.619,0.681735,0.438906,0.569993,0.595463,0.545454
2022_921_Saudi_Arabia,Saudi Arabia,Qatar Airways,group_or_knockout,3.63,0.596091,0.527026,0.509805,0.683783,0.545061
1982_344_Spain,Spain,Budweiser,tournament,3.855,0.368364,0.510947,0.534805,0.728164,0.544634
1994_476_Germany,Germany,Coca-Cola,group_or_knockout,3.85,0.421033,0.471074,0.434641,0.834073,0.54462
2006_674_Ukraine,Ukraine,Qatar Airways,group_or_knockout,3.774,0.586409,0.414721,0.457775,0.690038,0.54462
2006_677_Costa_Rica,Costa Rica,Visa,group_or_knockout,3.715,0.597706,0.451944,0.512116,0.635323,0.544239
2006_664_Sweden,Sweden,Budweiser,group_or_knockout,3.813,0.475265,0.43605,0.522085,0.721092,0.543852
1990_422_Belgium,Belgium,Visa,group_or_knockout,3.827,0.503941,0.406615,0.505511,0.704752,0.543685
1974_245_Argentina,Argentina,Hyundai,tournament,3.867,0.387832,0.404139,0.548375,0.824585,0.543613
2006_675_Tunisia,Tunisia,Coca-Cola,group_or_knockout,3.922,0.519923,0.407539,0.3606,0.680922,0.543539
1954_81_Germany,Germany,Coca-Cola,tournament,3.87,0.362971,0.455488,0.509207,0.834073,0.543447
1962_138_Mexico,Mexico,Vivo,tournament,4.15,0.284314,0.609433,0.372956,0.362371,0.543144
1998_531_Germany,Germany,Coca-Cola,group_or_knockout,3.874,0.408945,0.468567,0.412231,0.834073,0.543132
1998_576_Argentina,Argentina,Hyundai,group_or_knockout,3.861,0.448804,0.422036,0.432574,0.824585,0.542846
1982_351_Argentina,Argentina,Hyundai,tournament,3.867,0.42705,0.415153,0.466362,0.824585,0.542742
1970_232_Italy,Italy,Visa,tournament,4.07,0.337953,0.391368,0.313435,0.874646,0.54272
2010_744_South_Africa,South Africa,Hyundai,group_or_knockout,3.726,0.639464,0.385512,0.517949,0.61679,0.542613
2002_643_Turkey,Turkey,Hyundai,group_or_knockout,3.691,0.625899,0.400019,0.488533,0.730971,0.542598
1994_495_Italy,Italy,Visa,group_or_knockout,3.916,0.412942,0.402526,0.397593,0.874646,0.542463
2018_856_Spain,Spain,Budweiser,group_or_knockout,3.581,0.542882,0.539458,0.595717,0.728164,0.54234
1994_467_Romania,Romania,Qatar Airways,group_or_knockout,3.526,0.618277,0.43831,0.647481,0.780763,0.542318
2002_587_Paraguay,Paraguay,Hyundai,group_or_knockout,3.842,0.511494,0.465023,0.429771,0.64409,0.542165
1990_464_Germany,Germany,Coca-Cola,group_or_knockout,3.842,0.395685,0.462814,0.478596,0.834073,0.542123
1982_348_Argentina,Argentina,Hyundai,tournament,3.875,0.411338,0.410334,0.481433,0.824585,0.542114
1934_22_Brazil,Brazil,Adidas,tournament,4.013,0.158998,0.534413,0.467221,0.900554,0.541913
1982_329_Yugoslavia,Yugoslavia,Qatar Airways,tournament,3.889,0.4248,0.485036,0.488262,0.61998,0.541795
1982_348_Italy,Italy,Visa,tournament,3.875,0.411338,0.400214,0.455283,0.874646,0.541638
2018_857_Denmark,Denmark,Adidas,group_or_knockout,3.848,0.468846,0.43866,0.380247,0.837247,0.54161
1994_515_Sweden,Sweden,Budweiser,group_or_knockout,3.817,0.479476,0.436738,0.491871,0.721092,0.541465
1994_516_Italy,Italy,Visa,group_or_knockout,4.079,0.31706,0.384484,0.333258,0.874646,0.541445
1986_387_Argentina,Argentina,Hyundai,group_or_knockout,3.924,0.37519,0.403944,0.472078,0.824585,0.541421
1966_176_Hungary,Hungary,Adidas,tournament,3.979,0.333775,0.497879,0.431894,0.691749,0.541218
2006_647_Ivory_Coast,Ivory Coast,McDonald's,group_or_knockout,4.016,0.522519,0.540433,0.328289,0.270527,0.541113
1954_99_Uruguay,Uruguay,Vivo,tournament,4.003,0.363352,0.620827,0.429041,0.360239,0.541065
2010_728_Greece,Greece,Qatar Airways,group_or_knockout,3.611,0.658701,0.431334,0.595282,0.595463,0.540977
1998_557_Belgium,Belgium,Visa,group_or_knockout,3.828,0.518058,0.410745,0.454938,0.704752,0.540652
2002_593_Japan,Japan,Adidas,group_or_knockout,3.86,0.517696,0.438875,0.369172,0.711341,0.540634
2018_870_Saudi_Arabia,Saudi Arabia,Qatar Airways,group_or_knockout,3.783,0.513498,0.514738,0.406846,0.683783,0.540612
1990_445_Spain,Spain,Budweiser,group_or_knockout,3.695,0.459796,0.523235,0.572848,0.728164,0.540551
2018_895_Sweden,Sweden,Budweiser,group_or_knockout,3.782,0.524165,0.448194,0.449077,0.721092,0.540426
1994_489_Switzerland,Switzerland,Visa,group_or_knockout,3.82,0.435958,0.458571,0.503111,0.745008,0.540382
2002_614_Denmark,Denmark,Adidas,group_or_knockout,3.791,0.454941,0.429906,0.48173,0.837247,0.539877
2022_940_France,France,Qatar Airways,group_or_knockout,3.496,0.615907,0.499389,0.561876,0.829643,0.539744
1978_301_Germany,Germany,Coca-Cola,tournament,3.858,0.399843,0.463502,0.431375,0.834073,0.539725
1994_466_Spain,Spain,Budweiser,group_or_knockout,3.807,0.432921,0.524222,0.448963,0.728164,0.539687
2022_916_Ghana,Ghana,Vivo,group_or_knockout,3.639,0.698034,0.647385,0.406614,0.314982,0.539612
1990_454_Italy,Italy,Visa,group_or_knockout,3.93,0.387078,0.393577,0.409289,0.874646,0.539576
1954_88_Italy,Italy,Visa,tournament,3.741,0.436065,0.396228,0.591409,0.874646,0.53884
2002_620_Argentina,Argentina,Hyundai,group_or_knockout,3.732,0.48907,0.424492,0.519946,0.824585,0.538792
2002_600_France,France,Qatar Airways,group_or_knockout,3.9,0.383837,0.463163,0.390323,0.829643,0.538283
1978_280_Mexico,Mexico,Vivo,tournament,3.903,0.461413,0.631944,0.379866,0.362371,0.538134
1990_460_Germany,Germany,Coca-Cola,group_or_knockout,3.859,0.37949,0.457307,0.458003,0.834073,0.538058
1974_245_Italy,Italy,Visa,tournament,3.867,0.387832,0.39033,0.490552,0.874646,0.538038
2006_654_Ghana,Ghana,Vivo,group_or_knockout,3.941,0.493143,0.625861,0.31601,0.314982,0.537878
2002_591_Ecuador,Ecuador,McDonald's,group_or_knockout,3.961,0.508296,0.504577,0.390273,0.356037,0.53785
2006_692_Ukraine,Ukraine,Qatar Airways,group_or_knockout,3.72,0.562589,0.402526,0.538655,0.690038,0.537797
2002_614_France,France,Qatar Airways,group_or_knockout,3.791,0.454941,0.475944,0.411971,0.829643,0.537637
2006_680_Sweden,Sweden,Budweiser,group_or_knockout,3.76,0.525421,0.445882,0.46125,0.721092,0.537626
2002_630_Germany,Germany,Coca-Cola,group_or_knockout,3.852,0.404449,0.464879,0.415144,0.834073,0.537523
2006_692_Tunisia,Tunisia,Coca-Cola,group_or_knockout,3.72,0.562589,0.407437,0.536224,0.680922,0.537429
1998_545_Serbia,Serbia,Vivo,group_or_knockout,3.99,0.521266,0.530354,0.332935,0.299325,0.537396
2006_688_Japan,Japan,Adidas,group_or_knockout,3.776,0.570917,0.444772,0.373533,0.711341,0.537354
2006_657_France,France,Qatar Airways,group_or_knockout,3.896,0.390419,0.465228,0.376215,0.829643,0.537334
2022_904_United_States,United States,Mengniu,group_or_knockout,3.553,0.658724,0.684547,0.569929,0.252885,0.537249
2010_739_North_Korea,North Korea,Adidas,group_or_knockout,3.642,0.693428,0.425437,0.439356,0.645981,0.536927
1990_414_Austria,Austria,McDonald's,group_or_knockout,3.941,0.364822,0.711762,0.385734,0.335321,0.536905
1982_323_Italy,Italy,Visa,tournament,3.91,0.380671,0.392889,0.427937,0.874646,0.536686
2002_644_Germany,Germany,Coca-Cola,group_or_knockout,3.819,0.436056,0.472204,0.396424,0.834073,0.536629
1990_414_Italy,Italy,Visa,group_or_knockout,3.941,0.364822,0.389693,0.41227,0.874646,0.53658
1990_418_Germany,Germany,Coca-Cola,group_or_knockout,3.852,0.423014,0.469697,0.371591,0.834073,0.536377
1998_570_Serbia,Serbia,Vivo,group_or_knockout,3.995,0.508639,0.526224,0.342507,0.299325,0.536207
2018_862_Switzerland,Switzerland,Visa,group_or_knockout,3.357,0.676297,0.499174,0.698614,0.745008,0.5361
1990_457_Italy,Italy,Visa,group_or_knockout,3.978,0.347336,0.386498,0.387087,0.874646,0.535971
1978_294_Spain,Spain,Budweiser,tournament,3.783,0.367664,0.502636,0.585812,0.728164,0.535844
1998_575_Germany,Germany,Coca-Cola,group_or_knockout,3.83,0.43373,0.470827,0.3801,0.834073,0.535766
1974_233_Yugoslavia,Yugoslavia,Qatar Airways,tournament,4.097,0.269009,0.453033,0.436036,0.61998,0.535705
2006_657_Switzerland,Switzerland,Visa,group_or_knockout,3.896,0.390419,0.44805,0.446787,0.745008,0.535658
1962_150_Russia,Russia,Hyundai,tournament,3.499,0.558751,0.499338,0.635712,0.802854,0.535413
1970_219_Germany,Germany,Coca-Cola,tournament,3.868,0.366779,0.452488,0.451176,0.834073,0.535224
2010_771_Germany,Germany,Coca-Cola,group_or_knockout,3.426,0.645672,0.502482,0.574675,0.834073,0.535199
1990_424_Russia,Russia,Hyundai,group_or_knockout,3.869,0.381986,0.478009,0.413671,0.802854,0.534989
1978_297_Peru,Peru,Budweiser,tournament,4.151,0.328224,0.420053,0.262872,0.676601,0.534926
1994_471_Sweden,Sweden,Budweiser,group_or_knockout,3.679,0.531647,0.444013,0.547269,0.721092,0.534636
2010_718_Cameroon,Cameroon,Hyundai,group_or_knockout,3.84,0.532374,0.377447,0.447974,0.654762,0.534214
2010_740_Honduras,Honduras,Visa,group_or_knockout,3.97,0.553882,0.356066,0.363563,0.505418,0.53413
1990_415_Romania,Romania,Qatar Airways,group_or_knockout,3.932,0.393387,0.398149,0.417006,0.780763,0.533876
1990_437_Argentina,Argentina,Hyundai,group_or_knockout,3.885,0.390846,0.402762,0.447495,0.824585,0.533475
2002_593_Belgium,Belgium,Visa,group_or_knockout,3.86,0.517696,0.41168,0.356932,0.704752,0.533367
2010_732_Cameroon,Cameroon,Hyundai,group_or_knockout,3.711,0.609338,0.391605,0.484542,0.654762,0.533227
1958_136_Brazil,Brazil,Adidas,tournament,3.692,0.352884,0.563119,0.518174,0.900554,0.533199
2002_603_Nigeria,Nigeria,Coca-Cola,group_or_knockout,3.832,0.511795,0.445656,0.40025,0.648902,0.53311
1938_49_Brazil,Brazil,Adidas,tournament,3.999,0.132521,0.525464,0.47455,0.900554,0.532726
1998_527_Japan,Japan,Adidas,group_or_knockout,3.938,0.428579,0.418964,0.366254,0.711341,0.532507
1998_541_Mexico,Mexico,Vivo,group_or_knockout,3.777,0.519942,0.633906,0.423655,0.362371,0.532502
1974_269_Poland,Poland,Coca-Cola,tournament,4.12,0.296304,0.340522,0.391973,0.746106,0.532464
1998_559_Mexico,Mexico,Vivo,group_or_knockout,3.898,0.465327,0.628944,0.343588,0.362371,0.532384
1986_370_Paraguay,Paraguay,Hyundai,group_or_knockout,3.842,0.421769,0.4368,0.536587,0.64409,0.5323
1990_427_Italy,Italy,Visa,group_or_knockout,3.938,0.357104,0.38694,0.401081,0.874646,0.532225
1994_480_Italy,Italy,Visa,group_or_knockout,3.905,0.377758,0.390824,0.409224,0.874646,0.532062
1998_525_Netherlands,Netherlands,Hisense,group_or_knockout,3.811,0.330059,0.515961,0.450513,0.882297,0.531994
1978_306_Italy,Italy,Visa,tournament,3.869,0.397529,0.392395,0.426261,0.874646,0.531939
2006_683_Netherlands,Netherlands,Hisense,group_or_knockout,3.807,0.346416,0.52078,0.423843,0.882297,0.531933
1978_293_Scotland,Scotland,Adidas,tournament,3.951,0.461384,0.372936,0.386858,0.659456,0.531714
2010_769_Netherlands,Netherlands,Hisense,group_or_knockout,3.401,0.583317,0.560006,0.574666,0.882297,0.531698
1994_509_Italy,Italy,Visa,group_or_knockout,3.86,0.420817,0.398591,0.391556,0.874646,0.531534
1978_272_Hungary,Hungary,Adidas,tournament,3.921,0.351358,0.494385,0.420357,0.691749,0.531338
1966_194_Germany,Germany,Coca-Cola,tournament,3.816,0.372228,0.452242,0.486765,0.834073,0.531046
1982_335_Russia,Russia,Hyundai,tournament,3.904,0.362315,0.473437,0.371757,0.802854,0.530912
2018_861_Nigeria,Nigeria,Coca-Cola,group_or_knockout,3.683,0.58288,0.454748,0.470343,0.648902,0.530645
2010_748_United_States,United States,Mengniu,group_or_knockout,3.528,0.617456,0.669156,0.642093,0.252885,0.530544
1958_118_Czechoslovakia,Czechoslovakia,Coca-Cola,tournament,3.866,0.38792,0.485827,0.456114,0.677672,0.53053
1990_464_Argentina,Argentina,Hyundai,group_or_knockout,3.842,0.395685,0.402516,0.480025,0.824585,0.530521
2018_895_England,England,McDonald's,group_or_knockout,3.782,0.524165,0.55231,0.435927,0.452957,0.530512
2018_848_South_Korea,South Korea,Hisense,group_or_knockout,3.807,0.508582,0.460995,0.393129,0.660317,0.53035
1978_272_Argentina,Argentina,Hyundai,tournament,3.921,0.351358,0.391995,0.449439,0.824585,0.530263
1986_386_Canada,Canada,Qatar Airways,group_or_knockout,4.119,0.463283,0.301932,0.352847,0.482532,0.530219
2014_787_Belgium,Belgium,Visa,group_or_knockout,3.813,0.536967,0.414875,0.366066,0.704752,0.530138
1974_258_Germany,Germany,Coca-Cola,tournament,3.849,0.348877,0.44767,0.475137,0.834073,0.530004
1998_555_Saudi_Arabia,Saudi Arabia,Qatar Airways,group_or_knockout,3.621,0.543364,0.509817,0.518393,0.683783,0.529781
2014_791_Cameroon,Cameroon,Hyundai,group_or_knockout,3.706,0.62383,0.392735,0.44141,0.654762,0.529589
2022_959_Portugal,Portugal,Mengniu,group_or_knockout,3.569,0.65215,0.566324,0.563829,0.379403,0.529494
2006_664_Paraguay,Paraguay,Hyundai,group_or_knockout,3.813,0.475265,0.45032,0.456131,0.64409,0.529487
2018_888_Denmark,Denmark,Adidas,group_or_knockout,3.531,0.583061,0.449961,0.547517,0.837247,0.529313
1978_295_Poland,Poland,Coca-Cola,tournament,3.954,0.38929,0.357875,0.43413,0.746106,0.52902
1990_462_Germany,Germany,Coca-Cola,group_or_knockout,3.83,0.390878,0.457748,0.414437,0.834073,0.528791
2022_912_Canada,Canada,Qatar Airways,group_or_knockout,3.928,0.598891,0.328676,0.365414,0.482532,0.528742
2018_881_Poland,Poland,Coca-Cola,group_or_knockout,3.764,0.525588,0.384618,0.452748,0.746106,0.52874
1958_118_Argentina,Argentina,Hyundai,tournament,3.866,0.38792,0.402074,0.445385,0.824585,0.528644
1990_424_Argentina,Argentina,Hyundai,group_or_knockout,3.869,0.381986,0.39932,0.453872,0.824585,0.528626
2002_620_Sweden,Sweden,Budweiser,group_or_knockout,3.732,0.48907,0.431869,0.511528,0.721092,0.528592
2002_627_South_Korea,South Korea,Hisense,group_or_knockout,3.626,0.547039,0.456516,0.580378,0.660317,0.528318
1978_303_Peru,Peru,Budweiser,tournament,3.961,0.432238,0.434159,0.303019,0.676601,0.528282
1982_316_Germany,Germany,Coca-Cola,tournament,3.878,0.367335,0.455488,0.382471,0.834073,0.528251
1998_542_Japan,Japan,Adidas,group_or_knockout,3.788,0.488009,0.422303,0.450401,0.711341,0.528211
1974_261_Argentina,Argentina,Hyundai,tournament,3.835,0.385694,0.399074,0.493199,0.824585,0.528159
1986_374_Argentina,Argentina,Hyundai,group_or_knockout,3.827,0.396092,0.402516,0.482806,0.824585,0.528025
1970_230_Germany,Germany,Coca-Cola,tournament,3.809,0.419914,0.463697,0.383441,0.834073,0.527745
1962_146_Czechoslovakia,Czechoslovakia,Coca-Cola,tournament,4.082,0.222658,0.451758,0.432116,0.677672,0.527523
2010_725_Spain,Spain,Budweiser,group_or_knockout,3.769,0.423794,0.518468,0.437419,0.728164,0.52749
2002_609_Mexico,Mexico,Vivo,group_or_knockout,3.5,0.626865,0.631143,0.615099,0.362371,0.527388
2014_816_Argentina,Argentina,Hyundai,group_or_knockout,3.547,0.596562,0.441598,0.507597,0.824585,0.527096
1950_74_Uruguay,Uruguay,Vivo,tournament,4.123,0.231032,0.591084,0.404946,0.360239,0.527029
2022_942_Costa_Rica,Costa Rica,Visa,group_or_knockout,3.633,0.662749,0.461529,0.390341,0.635323,0.526961
1930_3_Brazil,Brazil,Adidas,tournament,4.006,0.111713,0.518581,0.463142,0.900554,0.526701
1950_59_Switzerland,Switzerland,Visa,tournament,4.118,0.215668,0.409851,0.390282,0.745008,0.52646
1990_454_Uruguay,Uruguay,Vivo,group_or_knockout,3.93,0.387078,0.616399,0.391774,0.360239,0.525791
2022_955_Spain,Spain,Budweiser,group_or_knockout,3.482,0.554761,0.535277,0.604105,0.728164,0.525739
1994_495_Mexico,Mexico,Vivo,group_or_knockout,3.916,0.412942,0.615423,0.369414,0.362371,0.525611
2022_921_Poland,Poland,Coca-Cola,group_or_knockout,3.63,0.596091,0.396711,0.492363,0.746106,0.525395
2010_752_Italy,Italy,Visa,group_or_knockout,3.23,0.744985,0.45217,0.66171,0.874646,0.525358
2002_629_England,England,McDonald's,group_or_knockout,3.818,0.479555,0.540855,0.431853,0.452957,0.525206
1990_461_Argentina,Argentina,Hyundai,group_or_knockout,3.884,0.373136,0.396567,0.422633,0.824585,0.524785
1974_270_Germany,Germany,Coca-Cola,tournament,3.848,0.349024,0.446293,0.437827,0.834073,0.524367
2022_913_Cameroon,Cameroon,Hyundai,group_or_knockout,3.877,0.51857,0.373563,0.351759,0.654762,0.524347
1990_440_Germany,Germany,Coca-Cola,group_or_knockout,3.819,0.385114,0.455683,0.407803,0.834073,0.524041
1990_460_Czechoslovakia,Czechoslovakia,Coca-Cola,group_or_knockout,3.859,0.37949,0.480074,0.438802,0.677672,0.523828
2002_632_Senegal,Senegal,Budweiser,group_or_knockout,3.738,0.456059,0.479385,0.413392,0.785861,0.523811
2018_881_Japan,Japan,Adidas,group_or_knockout,3.764,0.525588,0.430317,0.381403,0.711341,0.523501
2006_680_England,England,McDonald's,group_or_knockout,3.76,0.525421,0.549999,0.416741,0.452957,0.523323
1982_360_Germany,Germany,Coca-Cola,tournament,3.838,0.386687,0.455683,0.373009,0.834073,0.523285
1998_561_Argentina,Argentina,Hyundai,group_or_knockout,3.853,0.381405,0.39632,0.442963,0.824585,0.523257
2002_592_Costa_Rica,Costa Rica,Visa,group_or_knockout,3.448,0.646969,0.441218,0.676218,0.635323,0.523162
2014_817_Algeria,Algeria,Budweiser,group_or_knockout,3.57,0.651121,0.444228,0.533777,0.577479,0.523089
1986_374_Italy,Italy,Visa,group_or_knockout,3.827,0.396092,0.388707,0.424984,0.874646,0.52245
2014_797_Costa_Rica,Costa Rica,Visa,group_or_knockout,3.919,0.447512,0.419252,0.345276,0.635323,0.522417
2002_626_Japan,Japan,Adidas,group_or_knockout,3.838,0.463246,0.417977,0.382229,0.711341,0.522358
1974_248_Netherlands,Netherlands,Hisense,tournament,3.804,0.26934,0.494375,0.513156,0.882297,0.522132
2006_661_Tunisia,Tunisia,Coca-Cola,group_or_knockout,3.561,0.633295,0.412153,0.534242,0.680922,0.522018
2014_794_Japan,Japan,Adidas,group_or_knockout,3.809,0.480715,0.421173,0.389093,0.711341,0.521985
1998_563_Japan,Japan,Adidas,group_or_knockout,3.786,0.497857,0.424368,0.390108,0.711341,0.521912
2006_684_Mexico,Mexico,Vivo,group_or_knockout,3.544,0.610645,0.630259,0.536233,0.362371,0.521346
1994_504_Saudi_Arabia,Saudi Arabia,Qatar Airways,group_or_knockout,3.689,0.492543,0.49792,0.455971,0.683783,0.521208
1962_161_England,England,McDonald's,tournament,4.107,0.287266,0.511461,0.331596,0.452957,0.520898
1970_227_Italy,Italy,Visa,tournament,3.495,0.535682,0.405957,0.641398,0.874646,0.520712
2006_698_Switzerland,Switzerland,Visa,group_or_knockout,3.8,0.401714,0.44318,0.463183,0.745008,0.520521
2018_843_Peru,Peru,Budweiser,group_or_knockout,3.685,0.55756,0.445214,0.427189,0.676601,0.520483
2018_877_Germany,Germany,Coca-Cola,group_or_knockout,3.539,0.555764,0.483506,0.47171,0.834073,0.520002
2002_613_Germany,Germany,Coca-Cola,group_or_knockout,3.601,0.490511,0.468166,0.50575,0.834073,0.519948
1970_230_Italy,Italy,Visa,tournament,3.809,0.419914,0.392591,0.389766,0.874646,0.519889
1994_504_Sweden,Sweden,Budweiser,group_or_knockout,3.689,0.492543,0.429557,0.507557,0.721092,0.519855
1990_461_Italy,Italy,Visa,group_or_knockout,3.884,0.373136,0.385758,0.36481,0.874646,0.51975
1990_437_Romania,Romania,Qatar Airways,group_or_knockout,3.885,0.390846,0.393772,0.391891,0.780763,0.51969
1974_254_Netherlands,Netherlands,Hisense,tournament,3.45,0.470868,0.527212,0.636493,0.882297,0.519431
1998_541_Belgium,Belgium,Visa,group_or_knockout,3.777,0.519942,0.404056,0.380298,0.704752,0.519297
2010_725_Switzerland,Switzerland,Visa,group_or_knockout,3.769,0.423794,0.449375,0.453468,0.745008,0.518985
1998_554_Paraguay,Paraguay,Hyundai,group_or_knockout,3.636,0.5403,0.455036,0.523351,0.64409,0.518946
2022_956_Portugal,Portugal,Mengniu,group_or_knockout,3.556,0.693097,0.575961,0.428971,0.379403,0.518779
1998_572_Romania,Romania,Qatar Airways,group_or_knockout,3.731,0.462772,0.40493,0.476126,0.780763,0.51877
1990_450_Costa_Rica,Costa Rica,Visa,group_or_knockout,3.746,0.525445,0.429474,0.427047,0.635323,0.518536
2002_600_Uruguay,Uruguay,Vivo,group_or_knockout,3.9,0.383837,0.612023,0.391935,0.360239,0.518363
1982_337_New_Zealand,New Zealand,McDonald's,tournament,4.253,0.399753,0.502798,0.130253,0.186112,0.518172
2022_959_Morocco,Morocco,Coca-Cola,group_or_knockout,3.569,0.65215,0.431981,0.544691,0.534742,0.518167
2002_610_South_Korea,South Korea,Hisense,group_or_knockout,3.664,0.525654,0.453567,0.491338,0.660317,0.518155
2022_906_Mexico,Mexico,Vivo,group_or_knockout,3.481,0.624237,0.626766,0.584175,0.362371,0.517924
1986_407_Argentina,Argentina,Hyundai,group_or_knockout,3.847,0.373213,0.392879,0.430292,0.824585,0.517872
2006_658_South_Korea,South Korea,Hisense,group_or_knockout,3.631,0.552208,0.458827,0.48743,0.660317,0.517851
2022_960_France,France,Qatar Airways,group_or_knockout,3.467,0.596922,0.487441,0.488154,0.829643,0.517343
1974_253_Haiti,Haiti,Mengniu,tournament,4.069,0.479963,0.52836,0.288356,0.096571,0.517104
2002_608_Russia,Russia,Hyundai,group_or_knockout,3.74,0.412327,0.473334,0.423843,0.802854,0.516659
2022_943_Croatia,Croatia,Hisense,group_or_knockout,3.612,0.655281,0.311159,0.512681,0.688495,0.516531
1994_467_Colombia,Colombia,Mengniu,group_or_knockout,3.526,0.618277,0.640245,0.567528,0.269293,0.516326
2002_640_Turkey,Turkey,Hyundai,group_or_knockout,3.789,0.483991,0.363834,0.429338,0.730971,0.516016
1990_413_Cameroon,Cameroon,Hyundai,group_or_knockout,3.93,0.410353,0.345145,0.423684,0.654762,0.516006
1998_548_Romania,Romania,Qatar Airways,group_or_knockout,3.702,0.483051,0.407437,0.459583,0.780763,0.515615
2022_906_Poland,Poland,Coca-Cola,group_or_knockout,3.481,0.624237,0.393413,0.593045,0.746106,0.515535
2014_804_United_States,United States,Mengniu,group_or_knockout,3.462,0.664674,0.670924,0.551159,0.252885,0.515429
2022_948_South_Korea,South Korea,Hisense,group_or_knockout,3.568,0.606594,0.467725,0.462352,0.660317,0.51541
2006_656_Croatia,Croatia,Hisense,group_or_knockout,4.151,0.401605,0.271295,0.19053,0.688495,0.515355
1982_360_Italy,Italy,Visa,tournament,3.838,0.386687,0.383889,0.379647,0.874646,0.515348
1966_170_Bulgaria,Bulgaria,Visa,tournament,4.165,0.294922,0.325922,0.343249,0.583058,0.515331
1990_418_Yugoslavia,Yugoslavia,Qatar Airways,group_or_knockout,3.852,0.423014,0.478594,0.362683,0.61998,0.515322
2002_610_United_States,United States,Mengniu,group_or_knockout,3.664,0.525654,0.657115,0.498219,0.252885,0.515013
2010_768_Spain,Spain,Budweiser,group_or_knockout,3.681,0.428107,0.510845,0.475934,0.728164,0.515004
2002_588_Slovenia,Slovenia,Vivo,group_or_knockout,3.951,0.534734,0.520419,0.314182,0.166653,0.514943
1986_401_France,France,Qatar Airways,group_or_knockout,3.813,0.360127,0.446591,0.403365,0.829643,0.514653
1990_433_Sweden,Sweden,Budweiser,group_or_knockout,3.778,0.432179,0.417906,0.452481,0.721092,0.51442
1986_363_Spain,Spain,Budweiser,group_or_knockout,3.729,0.36867,0.498259,0.510853,0.728164,0.514072
2010_709_Mexico,Mexico,Vivo,group_or_knockout,3.649,0.539983,0.620478,0.455816,0.362371,0.513608
1982_343_Germany,Germany,Coca-Cola,tournament,3.826,0.328983,0.437098,0.434178,0.834073,0.513428
2014_787_Algeria,Algeria,Budweiser,group_or_knockout,3.813,0.536967,0.428549,0.317162,0.577479,0.513025
2022_937_Poland,Poland,Coca-Cola,group_or_knockout,3.598,0.593764,0.393023,0.456252,0.746106,0.512817
1950_54_Mexico,Mexico,Vivo,tournament,4.141,0.228041,0.585782,0.287765,0.362371,0.512795
1986_383_Scotland,Scotland,Adidas,group_or_knockout,3.941,0.430603,0.359611,0.331196,0.659456,0.512767
2010_730_Serbia,Serbia,Vivo,group_or_knockout,3.942,0.475591,0.508522,0.323658,0.299325,0.512599
1994_497_Saudi_Arabia,Saudi Arabia,Qatar Airways,group_or_knockout,3.731,0.413307,0.477762,0.484225,0.683783,0.512433
2018_868_Poland,Poland,Coca-Cola,group_or_knockout,3.616,0.588791,0.390957,0.437245,0.746106,0.51226
1938_52_Sweden,Sweden,Budweiser,tournament,4.063,0.241114,0.3772,0.385853,0.721092,0.51226
2002_623_Italy,Italy,Visa,group_or_knockout,3.427,0.580824,0.414413,0.595522,0.874646,0.512255
1990_419_Czechoslovakia,Czechoslovakia,Coca-Cola,group_or_knockout,3.427,0.593316,0.508728,0.594961,0.677672,0.512204
1938_48_Hungary,Hungary,Adidas,tournament,3.945,0.20676,0.451265,0.529063,0.691749,0.511744
2002_626_Tunisia,Tunisia,Coca-Cola,group_or_knockout,3.838,0.463246,0.379954,0.376477,0.680922,0.511667
1982_323_Peru,Peru,Budweiser,tournament,3.91,0.380671,0.412327,0.36503,0.676601,0.511574
2010_756_Honduras,Honduras,Visa,group_or_knockout,3.962,0.484273,0.332662,0.353053,0.505418,0.511545
1998_566_Italy,Italy,Visa,group_or_knockout,3.856,0.366054,0.380005,0.36382,0.874646,0.511464
2006_684_Portugal,Portugal,Mengniu,group_or_knockout,3.544,0.610645,0.548869,0.55785,0.379403,0.511426
1998_536_Cameroon,Cameroon,Hyundai,group_or_knockout,3.95,0.438075,0.352029,0.308553,0.654762,0.511192
1998_519_Austria,Austria,McDonald's,group_or_knockout,3.631,0.478367,0.699999,0.475416,0.335321,0.510835
2022_945_Switzerland,Switzerland,Visa,group_or_knockout,3.332,0.664929,0.489979,0.583037,0.745008,0.510805
1966_171_Germany,Germany,Coca-Cola,tournament,3.806,0.34764,0.439605,0.409335,0.834073,0.510539
1994_469_Switzerland,Switzerland,Visa,group_or_knockout,3.483,0.517838,0.45817,0.637422,0.745008,0.510284
1986_394_Brazil,Brazil,Adidas,group_or_knockout,3.317,0.479048,0.566551,0.682369,0.900554,0.51018
1998_579_Croatia,Croatia,Hisense,group_or_knockout,3.927,0.487652,0.281272,0.322448,0.688495,0.510119
2018_868_Colombia,Colombia,Mengniu,group_or_knockout,3.616,0.588791,0.639166,0.441538,0.269293,0.509857
1966_197_Germany,Germany,Coca-Cola,tournament,3.822,0.315683,0.432967,0.440314,0.834073,0.509824
2014_791_Croatia,Croatia,Hisense,group_or_knockout,3.706,0.62383,0.306392,0.383387,0.688495,0.509297
1982_320_Northern_Ireland,Northern Ireland,Hisense,tournament,3.874,0.41931,0.333392,0.481994,0.61808,0.509248
1982_314_Scotland,Scotland,Adidas,tournament,3.706,0.554026,0.377601,0.42051,0.659456,0.509051
1990_427_United_States,United States,Mengniu,group_or_knockout,3.938,0.357104,0.640605,0.353246,0.252885,0.509011
1966_197_Russia,Russia,Hyundai,tournament,3.822,0.315683,0.45067,0.432588,0.802854,0.508807
2002_627_Portugal,Portugal,Mengniu,group_or_knockout,3.626,0.547039,0.539529,0.534456,0.379403,0.50874
1974_258_Yugoslavia,Yugoslavia,Qatar Airways,tournament,3.849,0.348877,0.453567,0.466229,0.61998,0.508409
2018_866_Panama,Panama,Qatar Airways,group_or_knockout,3.662,0.723035,0.36595,0.319694,0.530584,0.508407
1966_192_Spain,Spain,Budweiser,tournament,3.78,0.321127,0.485427,0.48917,0.728164,0.508383
1994_489_Colombia,Colombia,Mengniu,group_or_knockout,3.82,0.435958,0.621228,0.404979,0.269293,0.50835
1978_296_Netherlands,Netherlands,Hisense,tournament,3.37,0.501734,0.527849,0.620612,0.882297,0.508245
1954_86_France,France,Qatar Airways,tournament,3.85,0.304939,0.431005,0.411034,0.829643,0.508119
2014_790_Netherlands,Netherlands,Hisense,group_or_knockout,3.211,0.626282,0.55415,0.614596,0.882297,0.508001
2006_681_Iran,Iran,Adidas,group_or_knockout,3.702,0.530603,0.395981,0.473002,0.599925,0.507809
1986_399_Argentina,Argentina,Hyundai,group_or_knockout,3.837,0.333783,0.380488,0.449478,0.824585,0.507669
1982_309_Argentina,Argentina,Hyundai,tournament,3.846,0.331567,0.380488,0.440083,0.824585,0.507651
1958_114_France,France,Qatar Airways,tournament,3.853,0.319742,0.435824,0.373053,0.829643,0.50752
2002_635_Japan,Japan,Adidas,group_or_knockout,3.783,0.45458,0.409912,0.376837,0.711341,0.507336
2002_632_Sweden,Sweden,Budweiser,group_or_knockout,3.738,0.456059,0.42179,0.415986,0.721092,0.50733
1938_50_Brazil,Brazil,Adidas,tournament,3.947,0.113113,0.512581,0.413497,0.900554,0.507276
1986_409_Belgium,Belgium,Visa,group_or_knockout,3.89,0.403917,0.377508,0.350045,0.704752,0.507171
1934_22_Spain,Spain,Budweiser,tournament,4.013,0.158998,0.454358,0.444477,0.728164,0.50708
1998_524_Mexico,Mexico,Vivo,group_or_knockout,3.569,0.55737,0.614673,0.502154,0.362371,0.507008
1962_156_Russia,Russia,Hyundai,tournament,3.848,0.283393,0.442656,0.443329,0.802854,0.506921
1974_242_Australia,Australia,Mengniu,tournament,3.963,0.387157,0.534824,0.387463,0.258668,0.50691
1962_144_Russia,Russia,Hyundai,tournament,3.864,0.266229,0.437149,0.453905,0.802854,0.506808
1954_92_Germany,Germany,Coca-Cola,tournament,3.777,0.374672,0.444865,0.37329,0.834073,0.506634
1998_531_United_States,United States,Mengniu,group_or_knockout,3.874,0.408945,0.645125,0.339362,0.252885,0.506592
1994_499_Bulgaria,Bulgaria,Visa,group_or_knockout,3.948,0.416091,0.344847,0.373453,0.583058,0.506582
1994_468_Italy,Italy,Visa,group_or_knockout,3.865,0.353578,0.375875,0.341014,0.874646,0.506569
1994_470_Belgium,Belgium,Visa,group_or_knockout,3.773,0.448365,0.38134,0.43619,0.704752,0.506493
1994_487_Saudi_Arabia,Saudi Arabia,Qatar Airways,group_or_knockout,3.654,0.457381,0.482529,0.47453,0.683783,0.506358
2014_794_Greece,Greece,Qatar Airways,group_or_knockout,3.809,0.480715,0.389693,0.400236,0.595463,0.506291
2022_933_Senegal,Senegal,Budweiser,group_or_knockout,3.311,0.647459,0.498156,0.56743,0.785861,0.506168
2002_630_Paraguay,Paraguay,Hyundai,group_or_knockout,3.852,0.404449,0.428539,0.373559,0.64409,0.506162
2010_771_Uruguay,Uruguay,Vivo,group_or_knockout,3.426,0.645672,0.635509,0.532125,0.360239,0.505804
1938_48_Switzerland,Switzerland,Visa,tournament,3.945,0.20676,0.394851,0.520406,0.745008,0.505703
2018_879_Brazil,Brazil,Adidas,group_or_knockout,3.214,0.564027,0.581397,0.642812,0.900554,0.50558
1978_294_Sweden,Sweden,Budweiser,tournament,3.783,0.367664,0.397944,0.505745,0.721092,0.505082
2014_780_Uruguay,Uruguay,Vivo,group_or_knockout,3.485,0.614617,0.633496,0.494477,0.360239,0.505041
2022_927_Belgium,Belgium,Visa,group_or_knockout,3.768,0.518823,0.401991,0.294889,0.704752,0.504937
2010_748_Algeria,Algeria,Budweiser,group_or_knockout,3.528,0.617456,0.427214,0.538128,0.577479,0.504899
2022_940_Tunisia,Tunisia,Coca-Cola,group_or_knockout,3.496,0.615907,0.399957,0.547003,0.680922,0.504892
1954_80_England,England,McDonald's,tournament,3.743,0.444288,0.521529,0.472757,0.452957,0.504819
2006_689_Spain,Spain,Budweiser,group_or_knockout,3.598,0.436801,0.505287,0.514082,0.728164,0.504794
2014_804_Portugal,Portugal,Mengniu,group_or_knockout,3.462,0.664674,0.557078,0.529714,0.379403,0.504586
2018_893_France,France,Qatar Airways,group_or_knockout,3.407,0.578492,0.475934,0.523249,0.829643,0.50423
2010_751_Paraguay,Paraguay,Hyundai,group_or_knockout,3.78,0.430917,0.431488,0.414545,0.64409,0.503973
1966_194_Uruguay,Uruguay,Vivo,tournament,3.816,0.372228,0.597269,0.444528,0.360239,0.503855
1998_524_South_Korea,South Korea,Hisense,group_or_knockout,3.569,0.55737,0.451892,0.475617,0.660317,0.503787
1954_88_Belgium,Belgium,Visa,tournament,3.741,0.436065,0.375587,0.488515,0.704752,0.50373
1938_45_Brazil,Brazil,Adidas,tournament,3.959,0.08615,0.503632,0.422265,0.900554,0.503341
2002_587_South_Africa,South Africa,Hyundai,group_or_knockout,3.842,0.511494,0.348392,0.321447,0.61679,0.503276
1966_171_Switzerland,Switzerland,Visa,tournament,3.806,0.34764,0.427594,0.435744,0.745008,0.503168
2018_878_Sweden,Sweden,Budweiser,group_or_knockout,3.443,0.598036,0.444352,0.551537,0.721092,0.503091
1966_176_Portugal,Portugal,Mengniu,tournament,3.979,0.333775,0.510186,0.365232,0.379403,0.502866
1954_85_Yugoslavia,Yugoslavia,Qatar Airways,tournament,4.068,0.200926,0.426628,0.383249,0.61998,0.502831
1966_192_Germany,Germany,Coca-Cola,tournament,3.78,0.321127,0.428344,0.447137,0.834073,0.502814
1998_554_Nigeria,Nigeria,Coca-Cola,group_or_knockout,3.636,0.5403,0.434293,0.430818,0.648902,0.502739
2002_631_Republic_of_Ireland,Republic of Ireland,Hisense,group_or_knockout,3.916,0.493895,0.304481,0.339265,0.556158,0.502609
1974_259_Argentina,Argentina,Hyundai,tournament,3.823,0.349342,0.385307,0.401552,0.824585,0.502473
1970_207_Germany,Germany,Coca-Cola,tournament,3.795,0.320547,0.430656,0.419778,0.834073,0.502248
1958_123_Hungary,Hungary,Adidas,tournament,3.918,0.258585,0.462721,0.402969,0.691749,0.502199
1998_532_Romania,Romania,Qatar Airways,group_or_knockout,3.705,0.431792,0.390228,0.460387,0.780763,0.501948
1970_209_Russia,Russia,Hyundai,tournament,3.669,0.391341,0.458139,0.471848,0.802854,0.501945
1994_498_Netherlands,Netherlands,Hisense,group_or_knockout,3.372,0.483172,0.524653,0.605738,0.882297,0.501901
1990_436_Spain,Spain,Budweiser,group_or_knockout,3.519,0.469562,0.507989,0.549013,0.728164,0.501709
1966_179_France,France,Qatar Airways,tournament,3.84,0.304805,0.431005,0.378757,0.829643,0.501587
1958_128_Hungary,Hungary,Adidas,tournament,3.977,0.228184,0.461395,0.362504,0.691749,0.501309
1998_548_England,England,McDonald's,group_or_knockout,3.702,0.483051,0.53092,0.431214,0.452957,0.501089
1994_501_Belgium,Belgium,Visa,group_or_knockout,3.856,0.452785,0.388275,0.2624,0.704752,0.500846
2014_813_Iran,Iran,Adidas,group_or_knockout,3.517,0.637857,0.413776,0.493045,0.599925,0.50072
1994_484_Russia,Russia,Hyundai,group_or_knockout,3.693,0.41947,0.468711,0.370762,0.802854,0.500645
2014_805_Australia,Australia,Mengniu,group_or_knockout,3.383,0.710153,0.568338,0.613704,0.258668,0.500634
2002_615_Republic_of_Ireland,Republic of Ireland,Hisense,group_or_knockout,3.782,0.554123,0.31382,0.407376,0.556158,0.500498
1986_401_Italy,Italy,Visa,group_or_knockout,3.813,0.360127,0.375628,0.359775,0.874646,0.500277
2002_635_Turkey,Turkey,Hyundai,group_or_knockout,3.783,0.45458,0.353508,0.384388,0.730971,0.500203
2010_738_Switzerland,Switzerland,Visa,group_or_knockout,3.545,0.491263,0.453156,0.524155,0.745008,0.499975
1938_41_Hungary,Hungary,Adidas,tournament,3.997,0.203697,0.453135,0.372629,0.691749,0.49982
1994_466_South_Korea,South Korea,Hisense,group_or_knockout,3.807,0.432921,0.434837,0.327179,0.660317,0.499763
1982_343_Austria,Austria,McDonald's,tournament,3.826,0.328983,0.678372,0.382294,0.335321,0.499718
1962_151_Germany,Germany,Coca-Cola,tournament,3.814,0.28967,0.424019,0.425778,0.834073,0.498869
2002_624_Turkey,Turkey,Hyundai,group_or_knockout,3.8,0.467418,0.356262,0.326618,0.730971,0.498808
1994_471_Cameroon,Cameroon,Hyundai,group_or_knockout,3.679,0.531647,0.361758,0.443839,0.654762,0.498717
1958_120_Russia,Russia,Hyundai,tournament,4.007,0.187225,0.426926,0.330338,0.802854,0.498652
1974_236_Germany,Germany,Coca-Cola,tournament,3.847,0.274857,0.421512,0.403832,0.834073,0.498632
1990_462_England,England,McDonald's,group_or_knockout,3.83,0.390878,0.514255,0.394298,0.452957,0.498032
1970_210_Czechoslovakia,Czechoslovakia,Coca-Cola,tournament,3.667,0.397484,0.466646,0.514954,0.677672,0.497948
2018_872_Portugal,Portugal,Mengniu,group_or_knockout,3.612,0.569258,0.542036,0.437569,0.379403,0.497739
1994_511_Germany,Germany,Coca-Cola,group_or_knockout,3.46,0.513053,0.461427,0.519914,0.834073,0.497711
1958_114_Yugoslavia,Yugoslavia,Qatar Airways,tournament,3.853,0.319742,0.445553,0.439666,0.61998,0.497631
2010_743_South_Korea,South Korea,Hisense,group_or_knockout,3.613,0.543618,0.451697,0.388707,0.660317,0.497286
1974_265_Argentina,Argentina,Hyundai,tournament,3.833,0.30925,0.372228,0.429867,0.824585,0.497246
1990_442_United_Arab_Emirates,United Arab Emirates,Adidas,group_or_knockout,3.958,0.512869,0.23923,0.276086,0.58295,0.497203
2006_679_Paraguay,Paraguay,Hyundai,group_or_knockout,3.772,0.430233,0.427111,0.383966,0.64409,0.497167
1978_289_Germany,Germany,Coca-Cola,tournament,3.821,0.285498,0.422642,0.41178,0.834073,0.497132
1958_110_Northern_Ireland,Northern Ireland,Hisense,tournament,3.918,0.376729,0.324248,0.406866,0.61808,0.496444
1990_434_Uruguay,Uruguay,Vivo,group_or_knockout,3.714,0.449641,0.60705,0.401736,0.360239,0.496424
1970_227_Mexico,Mexico,Vivo,tournament,3.495,0.535682,0.600855,0.581547,0.362371,0.496187
1938_42_Italy,Italy,Visa,tournament,3.849,0.249256,0.34421,0.493994,0.874646,0.496162
1982_317_Honduras,Honduras,Visa,tournament,3.966,0.42239,0.312011,0.360626,0.505418,0.496068
2018_872_Iran,Iran,Adidas,group_or_knockout,3.612,0.569258,0.399372,0.451394,0.599925,0.496047
1986_408_Spain,Spain,Budweiser,group_or_knockout,3.714,0.34642,0.486999,0.450106,0.728164,0.49567
1934_25_Italy,Italy,Visa,tournament,3.873,0.28611,0.356847,0.381549,0.874646,0.495562
2018_883_Tunisia,Tunisia,Coca-Cola,group_or_knockout,3.409,0.649641,0.40566,0.542824,0.680922,0.495498
2022_948_Portugal,Portugal,Mengniu,group_or_knockout,3.568,0.606594,0.547738,0.41643,0.379403,0.495292
1990_438_Cameroon,Cameroon,Hyundai,group_or_knockout,3.638,0.539293,0.3592,0.467523,0.654762,0.495122
1994_515_Bulgaria,Bulgaria,Visa,group_or_knockout,3.817,0.479476,0.354186,0.363842,0.583058,0.494879
1954_83_Switzerland,Switzerland,Visa,tournament,3.771,0.291739,0.408074,0.536998,0.745008,0.494589
2022_936_United_States,United States,Mengniu,group_or_knockout,3.593,0.536974,0.64718,0.447735,0.252885,0.494565
1986_371_Denmark,Denmark,Adidas,group_or_knockout,3.585,0.411264,0.398827,0.555839,0.837247,0.494189
2010_763_Paraguay,Paraguay,Hyundai,group_or_knockout,3.732,0.431355,0.426176,0.416399,0.64409,0.493852
2018_877_South_Korea,South Korea,Hisense,group_or_knockout,3.539,0.555764,0.447516,0.454678,0.660317,0.493764
1970_219_Peru,Peru,Budweiser,tournament,3.868,0.366779,0.401508,0.331563,0.676601,0.493554
1982_333_Hungary,Hungary,Adidas,tournament,3.68,0.375386,0.476334,0.477356,0.691749,0.493553
1994_465_Bolivia,Bolivia,Hisense,group_or_knockout,3.966,0.423918,0.325244,0.28754,0.555042,0.493516
2022_934_Netherlands,Netherlands,Hisense,group_or_knockout,3.06,0.643736,0.546722,0.706979,0.882297,0.493487
2014_809_England,England,McDonald's,group_or_knockout,3.599,0.506037,0.52718,0.489816,0.452957,0.493248
1954_80_Belgium,Belgium,Visa,tournament,3.743,0.444288,0.376275,0.396012,0.704752,0.493109
2014_780_Costa_Rica,Costa Rica,Visa,group_or_knockout,3.485,0.614617,0.429074,0.473953,0.635323,0.49288
1938_53_Hungary,Hungary,Adidas,tournament,3.905,0.238776,0.456526,0.389587,0.691749,0.492274
1994_506_Brazil,Brazil,Adidas,group_or_knockout,3.324,0.432608,0.55003,0.638065,0.900554,0.492175
1982_347_Germany,Germany,Coca-Cola,tournament,3.793,0.295337,0.422395,0.40056,0.834073,0.492127
2014_779_Japan,Japan,Adidas,group_or_knockout,3.408,0.634177,0.429865,0.49032,0.711341,0.491946
2006_683_Argentina,Argentina,Hyundai,group_or_knockout,3.807,0.346416,0.380242,0.360023,0.824585,0.49193
1970_210_Romania,Romania,Qatar Airways,tournament,3.667,0.397484,0.376902,0.511339,0.780763,0.491597
1978_299_Argentina,Argentina,Hyundai,tournament,3.815,0.291978,0.364409,0.451868,0.824585,0.491549
1954_81_Turkey,Turkey,Hyundai,tournament,3.87,0.362971,0.33222,0.370025,0.730971,0.491463
1990_426_Romania,Romania,Qatar Airways,group_or_knockout,3.621,0.463735,0.392242,0.4513,0.780763,0.491404
1954_101_Germany,Germany,Coca-Cola,tournament,3.781,0.297616,0.420084,0.411621,0.834073,0.491381
1998_542_Croatia,Croatia,Hisense,group_or_knockout,3.788,0.488009,0.270648,0.398274,0.688495,0.491331
2026_966_South_Korea,South Korea,Hisense,group_or_knockout,3.563,0.56645,0.452581,0.3796,0.660317,0.491276
2002_623_Mexico,Mexico,Vivo,group_or_knockout,3.427,0.580824,0.60331,0.567343,0.362371,0.491084
1962_165_Brazil,Brazil,Adidas,tournament,3.428,0.379923,0.543444,0.573648,0.900554,0.491009
1962_151_Switzerland,Switzerland,Visa,tournament,3.814,0.28967,0.409009,0.452187,0.745008,0.490958
2014_816_Nigeria,Nigeria,Coca-Cola,group_or_knockout,3.547,0.596562,0.44319,0.37205,0.648902,0.490838
2002_619_South_Africa,South Africa,Hyundai,group_or_knockout,3.601,0.605915,0.358121,0.413142,0.61679,0.490836
2018_864_Mexico,Mexico,Vivo,group_or_knockout,3.559,0.554235,0.611232,0.409625,0.362371,0.490761
2006_646_Poland,Poland,Coca-Cola,group_or_knockout,3.566,0.532941,0.37006,0.469071,0.746106,0.49075
2022_927_Morocco,Morocco,Coca-Cola,group_or_knockout,3.768,0.518823,0.404108,0.309365,0.534742,0.490343
2022_946_Cameroon,Cameroon,Hyundai,group_or_knockout,3.616,0.554428,0.362642,0.434696,0.654762,0.490112
1986_407_England,England,McDonald's,group_or_knockout,3.847,0.373213,0.507372,0.346006,0.452957,0.489517
2014_774_Chile,Chile,Hisense,group_or_knockout,3.585,0.565852,0.407539,0.388219,0.667483,0.489324
1962_150_Colombia,Colombia,Mengniu,tournament,3.499,0.558751,0.613594,0.540357,0.269293,0.489274
2010_743_Nigeria,Nigeria,Coca-Cola,group_or_knockout,3.613,0.543618,0.431293,0.365385,0.648902,0.489207
1998_523_Denmark,Denmark,Adidas,group_or_knockout,3.618,0.408179,0.399074,0.477426,0.837247,0.489123
2002_609_Ecuador,Ecuador,McDonald's,group_or_knockout,3.5,0.626865,0.489567,0.526303,0.356037,0.488839
1958_130_France,France,Qatar Airways,tournament,3.831,0.271235,0.416303,0.371784,0.829643,0.488794
2026_968_Paraguay,Paraguay,Hyundai,group_or_knockout,3.464,0.628063,0.463882,0.402281,0.64409,0.488781
2018_857_Australia,Australia,Mengniu,group_or_knockout,3.848,0.468846,0.544605,0.279388,0.258668,0.488702
1978_287_Argentina,Argentina,Hyundai,tournament,3.831,0.291367,0.366033,0.40568,0.824585,0.488414
2002_598_Saudi_Arabia,Saudi Arabia,Qatar Airways,group_or_knockout,3.609,0.440809,0.471023,0.447092,0.683783,0.487874
1970_228_Russia,Russia,Hyundai,tournament,3.811,0.261997,0.432084,0.406328,0.802854,0.487792
1986_399_Uruguay,Uruguay,Vivo,group_or_knockout,3.837,0.333783,0.586502,0.374139,0.360239,0.48777
1950_56_Italy,Italy,Visa,tournament,3.82,0.298965,0.355666,0.382072,0.874646,0.487739
1966_187_Italy,Italy,Visa,tournament,3.846,0.271779,0.350406,0.394616,0.874646,0.487724
2018_864_South_Korea,South Korea,Hisense,group_or_knockout,3.559,0.554235,0.449139,0.383088,0.660317,0.487664
1950_56_Sweden,Sweden,Budweiser,tournament,3.82,0.298965,0.376851,0.463149,0.721092,0.487547
1978_287_Italy,Italy,Visa,tournament,3.831,0.291367,0.352912,0.379217,0.874646,0.487353
2002_595_Republic_of_Ireland,Republic of Ireland,Hisense,group_or_knockout,3.942,0.452528,0.292337,0.273877,0.556158,0.487325
1970_231_Germany,Germany,Coca-Cola,tournament,3.761,0.281085,0.415265,0.437038,0.834073,0.486468
2006_685_Australia,Australia,Mengniu,group_or_knockout,3.599,0.577239,0.550841,0.437544,0.258668,0.486424
1938_53_Italy,Italy,Visa,tournament,3.905,0.238776,0.344015,0.360845,0.874646,0.486288
1982_356_Spain,Spain,Budweiser,tournament,3.752,0.280295,0.467971,0.453055,0.728164,0.485648
1974_251_Germany,Germany,Coca-Cola,tournament,3.85,0.256004,0.414628,0.344793,0.834073,0.485574
1966_179_Uruguay,Uruguay,Vivo,tournament,3.84,0.304805,0.576865,0.412042,0.360239,0.485561
1958_124_Yugoslavia,Yugoslavia,Qatar Airways,tournament,3.69,0.383354,0.449581,0.478853,0.61998,0.485506
1994_484_Sweden,Sweden,Budweiser,group_or_knockout,3.693,0.41947,0.403399,0.402859,0.721092,0.485206
1954_101_Hungary,Hungary,Adidas,tournament,3.781,0.297616,0.461488,0.415328,0.691749,0.48512
1986_387_Bulgaria,Bulgaria,Visa,group_or_knockout,3.924,0.37519,0.33108,0.335945,0.583058,0.485094
1986_391_Paraguay,Paraguay,Hyundai,group_or_knockout,3.715,0.422487,0.419735,0.397439,0.64409,0.484715
1990_458_Argentina,Argentina,Hyundai,group_or_knockout,3.713,0.344019,0.372618,0.454362,0.824585,0.484593
2010_763_Japan,Japan,Adidas,group_or_knockout,3.732,0.431355,0.394964,0.341981,0.711341,0.48454
1990_440_Colombia,Colombia,Mengniu,group_or_knockout,3.819,0.385114,0.60333,0.336394,0.269293,0.484142
1978_286_Netherlands,Netherlands,Hisense,tournament,3.755,0.221243,0.473478,0.413562,0.882297,0.484127
2026_968_United_States,United States,Mengniu,group_or_knockout,3.464,0.628063,0.655091,0.402356,0.252885,0.484089
2010_741_Argentina,Argentina,Hyundai,group_or_knockout,3.431,0.518013,0.407129,0.532136,0.824585,0.484038
1938_47_France,France,Qatar Airways,tournament,3.833,0.231821,0.404601,0.4113,0.829643,0.483945
2022_960_England,England,McDonald's,group_or_knockout,3.467,0.596922,0.53878,0.449774,0.452957,0.483543
2014_809_Costa_Rica,Costa Rica,Visa,group_or_knockout,3.599,0.506037,0.405279,0.446881,0.635323,0.483531
1990_445_Belgium,Belgium,Visa,group_or_knockout,3.695,0.459796,0.375094,0.371528,0.704752,0.48336
2018_855_Saudi_Arabia,Saudi Arabia,Qatar Airways,group_or_knockout,3.407,0.550023,0.487882,0.506137,0.683783,0.483136
2014_810_Greece,Greece,Qatar Airways,group_or_knockout,3.518,0.589308,0.396865,0.466719,0.595463,0.483061
1994_470_Morocco,Morocco,Coca-Cola,group_or_knockout,3.773,0.448365,0.382768,0.387948,0.534742,0.482995
2022_904_Wales,Wales,Coca-Cola,group_or_knockout,3.553,0.658724,0.278703,0.432547,0.632453,0.482921
1954_97_Germany,Germany,Coca-Cola,tournament,3.763,0.254271,0.407005,0.460452,0.834073,0.482757
1998_568_Denmark,Denmark,Adidas,group_or_knockout,3.506,0.489814,0.413232,0.442226,0.837247,0.482488
1962_144_Yugoslavia,Yugoslavia,Qatar Airways,tournament,3.864,0.266229,0.427656,0.42105,0.61998,0.482212
1990_419_United_States,United States,Mengniu,group_or_knockout,3.427,0.593316,0.640831,0.509934,0.252885,0.4816
2018_878_Mexico,Mexico,Vivo,group_or_knockout,3.443,0.598036,0.609064,0.442281,0.362371,0.481571
2002_608_Japan,Japan,Adidas,group_or_knockout,3.74,0.412327,0.38808,0.346926,0.711341,0.481394
1990_434_Belgium,Belgium,Visa,group_or_knockout,3.714,0.449641,0.373964,0.347402,0.704752,0.481313
2018_861_Iceland,Iceland,Visa,group_or_knockout,3.683,0.58288,0.361183,0.336322,0.510655,0.481215
2002_636_Italy,Italy,Visa,group_or_knockout,3.524,0.489323,0.389683,0.411161,0.874646,0.481102
1962_153_Hungary,Hungary,Adidas,tournament,3.797,0.238265,0.445902,0.476067,0.691749,0.480935
1954_83_Italy,Italy,Visa,tournament,3.771,0.291739,0.348289,0.422837,0.874646,0.480809
2018_856_Iran,Iran,Adidas,group_or_knockout,3.581,0.542882,0.387423,0.441523,0.599925,0.480563
1958_122_Germany,Germany,Coca-Cola,tournament,3.788,0.273371,0.414824,0.36838,0.834073,0.480435
2006_689_Saudi_Arabia,Saudi Arabia,Qatar Airways,group_or_knockout,3.598,0.436801,0.469646,0.413789,0.683783,0.4799
2010_709_South_Africa,South Africa,Hyundai,group_or_knockout,3.649,0.539983,0.341406,0.390793,0.61679,0.479714
1990_433_Scotland,Scotland,Adidas,group_or_knockout,3.778,0.432179,0.344611,0.341595,0.659456,0.479539
1994_514_Sweden,Sweden,Budweiser,group_or_knockout,3.673,0.391711,0.395827,0.443854,0.721092,0.479509
1950_57_Spain,Spain,Budweiser,tournament,3.722,0.260804,0.458776,0.494011,0.728164,0.479488
1966_185_Argentina,Argentina,Hyundai,tournament,3.803,0.265138,0.354772,0.43643,0.824585,0.479368
2002_637_Brazil,Brazil,Adidas,group_or_knockout,3.3,0.452248,0.554849,0.54055,0.900554,0.478951
2018_844_Nigeria,Nigeria,Coca-Cola,group_or_knockout,3.533,0.552007,0.428735,0.394541,0.648902,0.478806
1994_512_Sweden,Sweden,Budweiser,group_or_knockout,3.673,0.420847,0.403399,0.382478,0.721092,0.478689
1966_185_Switzerland,Switzerland,Visa,tournament,3.803,0.265138,0.40006,0.430051,0.745008,0.478669
2006_651_Mexico,Mexico,Vivo,group_or_knockout,3.434,0.574783,0.601492,0.48038,0.362371,0.478641
2006_698_Ukraine,Ukraine,Qatar Airways,group_or_knockout,3.8,0.401714,0.353703,0.317451,0.690038,0.478515
1950_64_Yugoslavia,Yugoslavia,Qatar Airways,tournament,4.076,0.143017,0.405977,0.315517,0.61998,0.478479
1938_47_Italy,Italy,Visa,tournament,3.833,0.231821,0.334327,0.430428,0.874646,0.478474
1974_240_Netherlands,Netherlands,Hisense,tournament,3.318,0.411414,0.495937,0.663907,0.882297,0.478378
1982_344_Northern_Ireland,Northern Ireland,Hisense,tournament,3.855,0.368364,0.314118,0.392015,0.61808,0.478205
2022_963_Morocco,Morocco,Coca-Cola,group_or_knockout,3.567,0.603327,0.412707,0.363344,0.534742,0.478171
2014_778_Italy,Italy,Visa,group_or_knockout,3.398,0.551122,0.398334,0.459168,0.874646,0.477984
1998_532_Colombia,Colombia,Mengniu,group_or_knockout,3.705,0.431792,0.601851,0.380122,0.269293,0.477656
2014_818_South_Korea,South Korea,Hisense,group_or_knockout,3.529,0.516966,0.435125,0.429913,0.660317,0.477547
1982_316_Algeria,Algeria,Budweiser,tournament,3.878,0.367335,0.380416,0.300028,0.577479,0.477536
2018_870_Egypt,Egypt,Hyundai,group_or_knockout,3.783,0.513498,0.338662,0.215658,0.637317,0.477505
1998_523_Saudi_Arabia,Saudi Arabia,Qatar Airways,group_or_knockout,3.618,0.408179,0.460009,0.424928,0.683783,0.477395
2006_666_Mexico,Mexico,Vivo,group_or_knockout,3.489,0.510869,0.587529,0.511921,0.362371,0.477391
2018_893_Uruguay,Uruguay,Vivo,group_or_knockout,3.407,0.578492,0.609793,0.493502,0.360239,0.47722
1994_469_United_States,United States,Mengniu,group_or_knockout,3.483,0.517838,0.62505,0.538144,0.252885,0.477211
2022_936_Iran,Iran,Adidas,group_or_knockout,3.593,0.536974,0.38767,0.408442,0.599925,0.477056
2002_607_Costa_Rica,Costa Rica,Visa,group_or_knockout,3.597,0.492571,0.400461,0.428248,0.635323,0.476696
1954_86_Mexico,Mexico,Vivo,tournament,3.85,0.304939,0.56994,0.338952,0.362371,0.476308
1982_309_Belgium,Belgium,Visa,tournament,3.846,0.331567,0.349039,0.342084,0.704752,0.476287
1958_116_Paraguay,Paraguay,Hyundai,tournament,3.701,0.363586,0.401149,0.473258,0.64409,0.476249
1962_156_Uruguay,Uruguay,Vivo,tournament,3.848,0.283393,0.569293,0.377147,0.360239,0.476189
1962_153_Argentina,Argentina,Hyundai,tournament,3.797,0.238265,0.3472,0.473789,0.824585,0.476133
2006_652_Netherlands,Netherlands,Hisense,group_or_knockout,3.175,0.517507,0.516044,0.656832,0.882297,0.475983
1930_10_Argentina,Argentina,Hyundai,tournament,3.809,0.267921,0.354772,0.398831,0.824585,0.475906
1958_124_Paraguay,Paraguay,Hyundai,tournament,3.69,0.383354,0.408033,0.446177,0.64409,0.475864
2022_932_Uruguay,Uruguay,Vivo,group_or_knockout,3.479,0.550433,0.60778,0.428227,0.360239,0.475827
1994_497_Belgium,Belgium,Visa,group_or_knockout,3.731,0.413307,0.365262,0.35184,0.704752,0.475746
1994_486_Belgium,Belgium,Visa,group_or_knockout,3.692,0.421442,0.362015,0.39778,0.704752,0.475648
1962_149_Hungary,Hungary,Adidas,tournament,3.443,0.455224,0.479869,0.554591,0.691749,0.475558
1998_555_South_Africa,South Africa,Hyundai,group_or_knockout,3.621,0.543364,0.339782,0.3957,0.61679,0.475299
1966_175_France,France,Qatar Airways,tournament,3.814,0.248527,0.408731,0.342706,0.829643,0.474992
1982_350_Russia,Russia,Hyundai,tournament,3.643,0.323475,0.434735,0.45184,0.802854,0.474844
1982_338_Italy,Italy,Visa,tournament,3.809,0.300211,0.351289,0.307799,0.874646,0.474645
1990_458_Yugoslavia,Yugoslavia,Qatar Airways,group_or_knockout,3.713,0.344019,0.438814,0.44371,0.61998,0.474557
2010_712_England,England,McDonald's,group_or_knockout,3.465,0.542801,0.521571,0.494628,0.452957,0.474421
1998_578_Croatia,Croatia,Hisense,group_or_knockout,3.953,0.411419,0.256737,0.180812,0.688495,0.47426
2010_749_Cameroon,Cameroon,Hyundai,group_or_knockout,3.603,0.537599,0.353447,0.377907,0.654762,0.474226
1994_512_Romania,Romania,Qatar Airways,group_or_knockout,3.673,0.420847,0.381721,0.335292,0.780763,0.474148
1978_277_Netherlands,Netherlands,Hisense,tournament,3.437,0.368844,0.491417,0.537187,0.882297,0.474061
2010_768_Paraguay,Paraguay,Hyundai,group_or_knockout,3.681,0.428107,0.418111,0.360958,0.64409,0.473808
2014_813_Bosnia_and_Herzegovina,Bosnia and Herzegovina,Budweiser,group_or_knockout,3.517,0.637857,0.328368,0.436037,0.563717,0.473744
1998_564_Romania,Romania,Qatar Airways,group_or_knockout,3.682,0.401547,0.375526,0.357027,0.780763,0.473615
2018_845_Costa_Rica,Costa Rica,Visa,group_or_knockout,3.617,0.498301,0.404149,0.362184,0.635323,0.473338
2018_855_Uruguay,Uruguay,Vivo,group_or_knockout,3.407,0.550023,0.600156,0.522162,0.360239,0.473234
2006_695_England,England,McDonald's,group_or_knockout,3.484,0.507728,0.512869,0.524822,0.452957,0.473134
2006_706_France,France,Qatar Airways,group_or_knockout,3.393,0.488449,0.443334,0.503266,0.829643,0.472978
1974_248_Sweden,Sweden,Budweiser,tournament,3.804,0.26934,0.366526,0.441231,0.721092,0.472929
2006_687_United_States,United States,Mengniu,group_or_knockout,3.374,0.593468,0.634831,0.524745,0.252885,0.472114
2002_597_United_States,United States,Mengniu,group_or_knockout,3.368,0.602968,0.634584,0.517196,0.252885,0.471913
1930_16_Argentina,Argentina,Hyundai,tournament,3.783,0.248753,0.346265,0.446684,0.824585,0.471701
2022_920_England,England,McDonald's,group_or_knockout,3.461,0.539602,0.520194,0.486381,0.452957,0.471522
1982_336_El_Salvador,El Salvador,Budweiser,tournament,3.951,0.376966,0.268788,0.269332,0.592808,0.471277
1934_25_United_States,United States,Mengniu,tournament,3.873,0.28611,0.604512,0.333715,0.252885,0.471269
1982_335_Scotland,Scotland,Adidas,tournament,3.904,0.362315,0.331141,0.230564,0.659456,0.471192
2010_712_United_States,United States,Mengniu,group_or_knockout,3.465,0.542801,0.628934,0.473258,0.252885,0.470747
1958_123_Mexico,Mexico,Vivo,tournament,3.918,0.258585,0.562419,0.283018,0.362371,0.470413
1958_121_France,France,Qatar Airways,tournament,3.803,0.234483,0.400912,0.355553,0.829643,0.470112
2002_607_Turkey,Turkey,Hyundai,group_or_knockout,3.597,0.492571,0.345587,0.383185,0.730971,0.470075
1958_102_Germany,Germany,Coca-Cola,tournament,3.739,0.267766,0.406758,0.382975,0.834073,0.470074
1974_266_Germany,Germany,Coca-Cola,tournament,3.768,0.251158,0.403563,0.371402,0.834073,0.469977
2018_851_Japan,Japan,Adidas,group_or_knockout,3.439,0.574743,0.410149,0.408139,0.711341,0.469965
1998_563_Jamaica,Jamaica,Vivo,group_or_knockout,3.786,0.497857,0.490974,0.305993,0.189321,0.469923
2002_628_Poland,Poland,Coca-Cola,group_or_knockout,3.543,0.506028,0.356046,0.41232,0.746106,0.469799
1958_107_Hungary,Hungary,Adidas,tournament,3.903,0.182827,0.437252,0.344533,0.691749,0.469791
1974_257_German_DR,German DR,Visa,tournament,4.108,0.260915,0.240319,0.209328,0.656866,0.469767
2014_815_Switzerland,Switzerland,Visa,group_or_knockout,3.348,0.53717,0.449612,0.519741,0.745008,0.469744
1962_145_Argentina,Argentina,Hyundai,tournament,3.759,0.288771,0.358656,0.386897,0.824585,0.469604
2002_584_Denmark,Denmark,Adidas,group_or_knockout,3.357,0.513343,0.410869,0.527273,0.837247,0.469592
1998_519_Cameroon,Cameroon,Hyundai,group_or_knockout,3.631,0.478367,0.337861,0.41688,0.654762,0.469399
1938_49_Czechoslovakia,Czechoslovakia,Coca-Cola,tournament,3.999,0.132521,0.411094,0.327541,0.677672,0.46927
2014_774_Australia,Australia,Mengniu,group_or_knockout,3.585,0.565852,0.542334,0.362734,0.258668,0.469137
2014_818_Belgium,Belgium,Visa,group_or_knockout,3.529,0.516966,0.376368,0.413094,0.704752,0.46906
2010_769_Uruguay,Uruguay,Vivo,group_or_knockout,3.401,0.583317,0.609793,0.435508,0.360239,0.468972
1998_538_Denmark,Denmark,Adidas,group_or_knockout,3.503,0.434651,0.396023,0.457324,0.837247,0.468773
1994_505_Republic_of_Ireland,Republic of Ireland,Hisense,group_or_knockout,3.889,0.425837,0.281076,0.272608,0.556158,0.468736
1986_391_Belgium,Belgium,Visa,group_or_knockout,3.715,0.422487,0.364327,0.311095,0.704752,0.46872
1954_93_Switzerland,Switzerland,Visa,tournament,3.729,0.280301,0.395879,0.443813,0.745008,0.468501
1986_378_Canada,Canada,Qatar Airways,group_or_knockout,4.083,0.354021,0.259008,0.189532,0.482532,0.468451
2022_920_United_States,United States,Mengniu,group_or_knockout,3.461,0.539602,0.628245,0.465011,0.252885,0.467972
2006_685_Croatia,Croatia,Hisense,group_or_knockout,3.599,0.577239,0.281559,0.344678,0.688495,0.467935
1986_388_Italy,Italy,Visa,group_or_knockout,3.469,0.470236,0.3768,0.440563,0.874646,0.467791
1958_112_England,England,McDonald's,tournament,4.013,0.165794,0.459536,0.342298,0.452957,0.467681
2022_963_Croatia,Croatia,Hisense,group_or_knockout,3.567,0.603327,0.28682,0.34034,0.688495,0.467667
1974_237_Haiti,Haiti,Mengniu,tournament,3.976,0.41253,0.489956,0.221047,0.096571,0.467486
1950_73_Sweden,Sweden,Budweiser,tournament,3.662,0.336244,0.37493,0.486252,0.721092,0.467298
1990_423_Egypt,Egypt,Hyundai,group_or_knockout,3.887,0.380758,0.307295,0.244276,0.637317,0.467291
1990_449_Colombia,Colombia,Mengniu,group_or_knockout,3.643,0.445694,0.596981,0.378018,0.269293,0.467245
1998_547_Colombia,Colombia,Mengniu,group_or_knockout,3.494,0.498257,0.592944,0.511526,0.269293,0.46722
2002_636_South_Korea,South Korea,Hisense,group_or_knockout,3.524,0.489323,0.4248,0.419162,0.660317,0.46711
2002_594_South_Korea,South Korea,Hisense,group_or_knockout,3.553,0.465541,0.420228,0.420053,0.660317,0.466932
1998_572_Croatia,Croatia,Hisense,group_or_knockout,3.731,0.462772,0.2557,0.362172,0.688495,0.466728
1970_228_Uruguay,Uruguay,Vivo,tournament,3.811,0.261997,0.559409,0.402863,0.360239,0.465964
2018_850_England,England,McDonald's,group_or_knockout,3.427,0.561484,0.523389,0.454813,0.452957,0.465747
2022_947_Uruguay,Uruguay,Vivo,group_or_knockout,3.311,0.596049,0.6033,0.526712,0.360239,0.465521
1998_522_Paraguay,Paraguay,Hyundai,group_or_knockout,3.689,0.370348,0.402526,0.399752,0.64409,0.465314
2002_628_United_States,United States,Mengniu,group_or_knockout,3.543,0.506028,0.627166,0.383795,0.252885,0.465285
1930_3_Yugoslavia,Yugoslavia,Qatar Airways,tournament,4.006,0.111713,0.39034,0.389143,0.61998,0.4652
1970_213_England,England,McDonald's,tournament,4.021,0.193664,0.467108,0.259013,0.452957,0.465103
1950_73_Uruguay,Uruguay,Vivo,tournament,3.662,0.336244,0.564567,0.481736,0.360239,0.464716
1950_71_Spain,Spain,Budweiser,tournament,3.661,0.263654,0.454153,0.47596,0.728164,0.464657
1990_426_Cameroon,Cameroon,Hyundai,group_or_knockout,3.621,0.463735,0.332354,0.426728,0.654762,0.464584
1962_164_Germany,Germany,Coca-Cola,tournament,3.747,0.237099,0.397121,0.392172,0.834073,0.464467
2010_738_Chile,Chile,Hisense,group_or_knockout,3.545,0.491263,0.381135,0.416923,0.667483,0.464246
1998_547_Tunisia,Tunisia,Coca-Cola,group_or_knockout,3.494,0.498257,0.360721,0.492541,0.680922,0.463925
2006_646_Ecuador,Ecuador,McDonald's,group_or_knockout,3.566,0.532941,0.464837,0.434123,0.356037,0.46391
1958_136_Sweden,Sweden,Budweiser,tournament,3.692,0.352884,0.381372,0.383691,0.721092,0.463711
1938_51_Hungary,Hungary,Adidas,tournament,3.86,0.191014,0.433317,0.353392,0.691749,0.463596
1958_117_Hungary,Hungary,Adidas,tournament,3.704,0.272498,0.444916,0.430042,0.691749,0.463399
2006_653_Japan,Japan,Adidas,group_or_knockout,3.305,0.617634,0.41167,0.480619,0.711341,0.463244
2002_613_Cameroon,Cameroon,Hyundai,group_or_knockout,3.601,0.490511,0.338303,0.395644,0.654762,0.463227
1998_575_Croatia,Croatia,Hisense,group_or_knockout,3.83,0.43373,0.252309,0.24333,0.688495,0.462727
1970_208_Italy,Italy,Visa,tournament,3.769,0.25429,0.334522,0.372828,0.874646,0.462694
2014_823_Costa_Rica,Costa Rica,Visa,group_or_knockout,3.586,0.491236,0.397707,0.347527,0.635323,0.462424
1962_137_Argentina,Argentina,Hyundai,tournament,3.779,0.222751,0.337317,0.436686,0.824585,0.462176
1950_75_Spain,Spain,Budweiser,tournament,3.682,0.251345,0.452334,0.449395,0.728164,0.462068
2010_758_United_States,United States,Mengniu,group_or_knockout,3.428,0.556121,0.627064,0.444566,0.252885,0.461986
1954_97_Yugoslavia,Yugoslavia,Qatar Airways,tournament,3.763,0.254271,0.412902,0.451544,0.61998,0.461162
2022_952_Senegal,Senegal,Budweiser,group_or_knockout,3.388,0.530959,0.464478,0.363166,0.785861,0.461152
2002_592_China,China,Adidas,group_or_knockout,3.448,0.646969,0.252104,0.509491,0.587601,0.461007
2014_819_Portugal,Portugal,Mengniu,group_or_knockout,3.48,0.550685,0.519464,0.420335,0.379403,0.460995
1982_347_England,England,McDonald's,tournament,3.793,0.295337,0.475902,0.380735,0.452957,0.460871
1990_449_Cameroon,Cameroon,Hyundai,group_or_knockout,3.643,0.445694,0.326159,0.402353,0.654762,0.460451
2010_753_Spain,Spain,Budweiser,group_or_knockout,3.414,0.457257,0.492793,0.44174,0.728164,0.460422
1966_184_Russia,Russia,Hyundai,tournament,3.748,0.218947,0.40794,0.398267,0.802854,0.460351
1990_459_England,England,McDonald's,group_or_knockout,3.581,0.452446,0.504218,0.393609,0.452957,0.460285
1990_428_Yugoslavia,Yugoslavia,Qatar Airways,group_or_knockout,3.707,0.321171,0.429865,0.396884,0.61998,0.460174
1958_131_Germany,Germany,Coca-Cola,tournament,3.745,0.212037,0.388861,0.412352,0.834073,0.459895
2006_651_Iran,Iran,Adidas,group_or_knockout,3.434,0.574783,0.386437,0.452791,0.599925,0.459824
2006_673_Japan,Japan,Adidas,group_or_knockout,3.685,0.395266,0.376573,0.311948,0.711341,0.459763
2014_785_United_States,United States,Mengniu,group_or_knockout,3.337,0.590333,0.626766,0.499799,0.252885,0.459142
2022_932_Portugal,Portugal,Mengniu,group_or_knockout,3.479,0.550433,0.519464,0.407822,0.379403,0.45899
1958_102_Argentina,Argentina,Hyundai,tournament,3.739,0.267766,0.348772,0.384405,0.824585,0.458888
1990_457_Republic_of_Ireland,Republic of Ireland,Hisense,group_or_knockout,3.978,0.347336,0.26023,0.22564,0.556158,0.458791
1970_231_Uruguay,Uruguay,Vivo,tournament,3.761,0.281085,0.557293,0.394488,0.360239,0.458693
1934_26_Netherlands,Netherlands,Hisense,tournament,3.701,0.170856,0.450957,0.416303,0.882297,0.458661
2018_851_Colombia,Colombia,Mengniu,group_or_knockout,3.439,0.574743,0.607348,0.389387,0.269293,0.458631
2002_594_Poland,Poland,Coca-Cola,group_or_knockout,3.553,0.465541,0.345967,0.392743,0.746106,0.458321
2022_915_Uruguay,Uruguay,Vivo,group_or_knockout,3.412,0.519693,0.589143,0.47028,0.360239,0.458307
2018_838_Uruguay,Uruguay,Vivo,group_or_knockout,3.422,0.511688,0.589389,0.467194,0.360239,0.458142
1958_134_Germany,Germany,Coca-Cola,tournament,3.666,0.285903,0.403954,0.375809,0.834073,0.458077
2018_862_Serbia,Serbia,Vivo,group_or_knockout,3.357,0.676297,0.497735,0.461234,0.299325,0.45804
2014_779_Ivory_Coast,Ivory Coast,McDonald's,group_or_knockout,3.408,0.634177,0.499358,0.47297,0.270527,0.457945
2006_687_Ghana,Ghana,Vivo,group_or_knockout,3.374,0.593468,0.570967,0.460313,0.314982,0.457808
2026_966_Czech_Republic,Czech Republic,Mengniu,group_or_knockout,3.563,0.56645,0.621875,0.244793,0.209127,0.457757
2010_713_South_Korea,South Korea,Hisense,group_or_knockout,3.502,0.48398,0.419735,0.3978,0.660317,0.457669
2006_696_Netherlands,Netherlands,Hisense,group_or_knockout,3.341,0.416475,0.494561,0.475617,0.882297,0.457445
1990_436_South_Korea,South Korea,Hisense,group_or_knockout,3.519,0.469562,0.418605,0.395871,0.660317,0.457395
1974_238_Argentina,Argentina,Hyundai,tournament,3.456,0.428839,0.380529,0.480665,0.824585,0.457385
2002_597_Portugal,Portugal,Mengniu,group_or_knockout,3.368,0.602968,0.523738,0.464392,0.379403,0.45722
1978_296_Austria,Austria,McDonald's,tournament,3.37,0.501734,0.662571,0.472121,0.335321,0.457009
1982_311_Italy,Italy,Visa,tournament,3.767,0.259308,0.33521,0.325282,0.874646,0.456869
2014_793_Colombia,Colombia,Mengniu,group_or_knockout,3.469,0.540148,0.600957,0.396521,0.269293,0.456819
1986_392_Portugal,Portugal,Mengniu,group_or_knockout,3.487,0.507613,0.507074,0.463705,0.379403,0.456749
1970_214_Germany,Germany,Coca-Cola,tournament,3.401,0.446143,0.431334,0.453201,0.834073,0.456531
1998_525_Belgium,Belgium,Visa,group_or_knockout,3.811,0.330059,0.344662,0.257335,0.704752,0.456361
2018_888_Croatia,Croatia,Hisense,group_or_knockout,3.531,0.583061,0.277625,0.353792,0.688495,0.456296
2014_810_Ivory_Coast,Ivory Coast,McDonald's,group_or_knockout,3.518,0.589308,0.497837,0.375822,0.270527,0.456017
1994_508_Italy,Italy,Visa,group_or_knockout,3.461,0.440973,0.367163,0.4229,0.874646,0.455559
1954_93_Italy,Italy,Visa,tournament,3.729,0.280301,0.339782,0.329652,0.874646,0.455385
1978_289_Tunisia,Tunisia,Coca-Cola,tournament,3.821,0.285498,0.320066,0.352744,0.680922,0.455088
2010_710_France,France,Qatar Airways,group_or_knockout,3.343,0.476085,0.432516,0.47942,0.829643,0.455055
2002_590_Mexico,Mexico,Vivo,group_or_knockout,3.485,0.462864,0.57032,0.454411,0.362371,0.454888
2014_786_Nigeria,Nigeria,Coca-Cola,group_or_knockout,3.543,0.466474,0.399824,0.380967,0.648902,0.454868
2014_795_Uruguay,Uruguay,Vivo,group_or_knockout,3.356,0.550781,0.593468,0.469094,0.360239,0.454652
1954_92_Turkey,Turkey,Hyundai,tournament,3.777,0.374672,0.321597,0.233794,0.730971,0.454606
2018_892_England,England,McDonald's,group_or_knockout,3.415,0.54005,0.513506,0.438221,0.452957,0.45455
1966_180_Spain,Spain,Budweiser,tournament,3.647,0.260641,0.451399,0.4318,0.728164,0.454539
1974_256_Sweden,Sweden,Budweiser,tournament,3.656,0.324909,0.369423,0.427942,0.721092,0.45446
1982_314_New_Zealand,New Zealand,McDonald's,tournament,3.706,0.554026,0.472491,0.245134,0.186112,0.454244
2006_681_Angola,Angola,Coca-Cola,group_or_knockout,3.702,0.530603,0.232439,0.323268,0.564869,0.453903
1958_117_Sweden,Sweden,Budweiser,tournament,3.704,0.272498,0.358214,0.451019,0.721092,0.453663
1970_208_Sweden,Sweden,Budweiser,tournament,3.769,0.25429,0.355019,0.390874,0.721092,0.453555
2006_663_England,England,McDonald's,group_or_knockout,3.46,0.48961,0.502985,0.460008,0.452957,0.453535
2014_778_England,England,McDonald's,group_or_knockout,3.398,0.551122,0.516947,0.432704,0.452957,0.453461
2022_915_South_Korea,South Korea,Hisense,group_or_knockout,3.412,0.519693,0.423814,0.433079,0.660317,0.453348
2022_955_Morocco,Morocco,Coca-Cola,group_or_knockout,3.482,0.554761,0.385563,0.416948,0.534742,0.453246
1982_333_Belgium,Belgium,Visa,tournament,3.68,0.375386,0.346183,0.34572,0.704752,0.452997
1950_68_Italy,Italy,Visa,tournament,3.774,0.206129,0.31869,0.391088,0.874646,0.452797
1998_564_Tunisia,Tunisia,Coca-Cola,group_or_knockout,3.682,0.401547,0.342926,0.320806,0.680922,0.452692
2002_641_Germany,Germany,Coca-Cola,group_or_knockout,3.438,0.414163,0.42332,0.430946,0.834073,0.452276
1962_164_Yugoslavia,Yugoslavia,Qatar Airways,tournament,3.747,0.237099,0.406019,0.445668,0.61998,0.452149
1978_271_Germany,Germany,Coca-Cola,tournament,3.723,0.237993,0.393433,0.341128,0.834073,0.452094
1998_518_Morocco,Morocco,Coca-Cola,group_or_knockout,3.51,0.540364,0.383056,0.394811,0.534742,0.452082
1982_349_Austria,Austria,McDonald's,tournament,3.401,0.459375,0.654115,0.46826,0.335321,0.451776
2002_611_Poland,Poland,Coca-Cola,group_or_knockout,3.459,0.515283,0.353488,0.390804,0.746106,0.451702
2018_850_Tunisia,Tunisia,Coca-Cola,group_or_knockout,3.427,0.561484,0.373307,0.384557,0.680922,0.451693
1974_236_Chile,Chile,Hisense,tournament,3.847,0.274857,0.340481,0.291337,0.667483,0.451638
2014_823_Greece,Greece,Qatar Airways,group_or_knockout,3.586,0.491236,0.367758,0.337101,0.595463,0.451587
1966_187_North_Korea,North Korea,Adidas,tournament,3.846,0.271779,0.304635,0.358289,0.645981,0.451533
2010_752_Slovakia,Slovakia,McDonald's,group_or_knockout,3.23,0.744985,0.526851,0.530647,0.185391,0.451527
1970_209_Belgium,Belgium,Visa,tournament,3.669,0.391341,0.34869,0.319973,0.704752,0.451172
1994_487_Morocco,Morocco,Coca-Cola,group_or_knockout,3.654,0.457381,0.372834,0.325262,0.534742,0.450811
1962_160_Switzerland,Switzerland,Visa,tournament,3.749,0.236902,0.383735,0.372765,0.745008,0.450788
2002_598_Cameroon,Cameroon,Hyundai,group_or_knockout,3.609,0.440809,0.321094,0.395247,0.654762,0.450726
1962_166_Czechoslovakia,Czechoslovakia,Coca-Cola,tournament,3.583,0.325622,0.432176,0.451817,0.677672,0.450434
1998_562_England,England,McDonald's,group_or_knockout,3.405,0.492202,0.49905,0.516057,0.452957,0.450335
1958_109_Sweden,Sweden,Budweiser,tournament,3.697,0.268911,0.354526,0.446737,0.721092,0.450223
1938_50_Italy,Italy,Visa,tournament,3.947,0.113113,0.303648,0.292327,0.874646,0.450114
2014_822_Uruguay,Uruguay,Vivo,group_or_knockout,3.41,0.513537,0.586389,0.42585,0.360239,0.44984
2002_586_Sweden,Sweden,Budweiser,group_or_knockout,3.388,0.478127,0.397738,0.49624,0.721092,0.449669
1962_145_England,England,McDonald's,tournament,3.759,0.288771,0.470149,0.365328,0.452957,0.449491
1974_250_Brazil,Brazil,Adidas,tournament,3.221,0.375958,0.521756,0.603433,0.900554,0.449345
2022_939_Denmark,Denmark,Adidas,group_or_knockout,3.216,0.557076,0.411013,0.513498,0.837247,0.449344
2014_819_Ghana,Ghana,Vivo,group_or_knockout,3.48,0.550685,0.572447,0.31463,0.314982,0.449291
2010_742_Uruguay,Uruguay,Vivo,group_or_knockout,3.377,0.498501,0.579947,0.498028,0.360239,0.448932
1974_268_Sweden,Sweden,Budweiser,tournament,3.634,0.32382,0.365735,0.425825,0.721092,0.448897
1994_480_Norway,Norway,McDonald's,group_or_knockout,3.905,0.377758,0.405258,0.225829,0.273321,0.448853
2014_807_Mexico,Mexico,Vivo,group_or_knockout,3.468,0.51508,0.581776,0.338511,0.362371,0.448839
1998_561_Croatia,Croatia,Hisense,group_or_knockout,3.853,0.381405,0.2381,0.210687,0.688495,0.44865
1930_10_Mexico,Mexico,Vivo,tournament,3.809,0.267921,0.550861,0.28147,0.362371,0.44855
1970_226_Germany,Germany,Coca-Cola,tournament,3.339,0.434416,0.422581,0.513432,0.834073,0.448511
1954_98_Germany,Germany,Coca-Cola,tournament,3.304,0.443906,0.420711,0.550268,0.834073,0.448477
2014_820_Germany,Germany,Coca-Cola,group_or_knockout,3.311,0.483744,0.434725,0.458558,0.834073,0.448313
2010_758_Ghana,Ghana,Vivo,group_or_knockout,3.428,0.556121,0.5662,0.380134,0.314982,0.448219
1938_40_France,France,Qatar Airways,tournament,3.781,0.173224,0.377262,0.355888,0.829643,0.448061
2018_854_Portugal,Portugal,Mengniu,group_or_knockout,3.462,0.517613,0.506139,0.42197,0.379403,0.447979
2014_814_France,France,Qatar Airways,group_or_knockout,3.228,0.519872,0.436348,0.517338,0.829643,0.447876
2002_612_Tunisia,Tunisia,Coca-Cola,group_or_knockout,3.439,0.504004,0.358409,0.448245,0.680922,0.447662
1962_141_Spain,Spain,Budweiser,tournament,3.54,0.272413,0.446283,0.519533,0.728164,0.447267
1966_175_Mexico,Mexico,Vivo,tournament,3.814,0.248527,0.544666,0.302297,0.362371,0.447076
2022_935_England,England,McDonald's,group_or_knockout,3.265,0.603583,0.516845,0.490875,0.452957,0.446748
1934_19_Argentina,Argentina,Hyundai,tournament,3.754,0.202711,0.330433,0.401092,0.824585,0.446587
1978_292_Peru,Peru,Budweiser,tournament,3.568,0.420337,0.385717,0.353723,0.676601,0.446093
1958_134_Sweden,Sweden,Budweiser,tournament,3.666,0.285903,0.356344,0.431852,0.721092,0.446055
1962_160_Italy,Italy,Visa,tournament,3.749,0.236902,0.324638,0.321322,0.874646,0.445912
2002_612_Belgium,Belgium,Visa,group_or_knockout,3.439,0.504004,0.363238,0.410711,0.704752,0.44566
2014_786_Iran,Iran,Adidas,group_or_knockout,3.543,0.466474,0.358265,0.403237,0.599925,0.445607
1986_392_Morocco,Morocco,Coca-Cola,group_or_knockout,3.487,0.507613,0.372731,0.444253,0.534742,0.445378
1986_388_South_Korea,South Korea,Hisense,group_or_knockout,3.469,0.470236,0.412605,0.385847,0.660317,0.445143
1982_356_England,England,McDonald's,tournament,3.752,0.280295,0.468084,0.359838,0.452957,0.445097
1938_45_Czechoslovakia,Czechoslovakia,Coca-Cola,tournament,3.959,0.08615,0.392262,0.306929,0.677672,0.444859
2018_844_Croatia,Croatia,Hisense,group_or_knockout,3.533,0.552007,0.266611,0.329171,0.688495,0.444431
2006_653_Australia,Australia,Mengniu,group_or_knockout,3.305,0.617634,0.526297,0.521359,0.258668,0.444313
2018_845_Serbia,Serbia,Vivo,group_or_knockout,3.617,0.498301,0.471094,0.308677,0.299325,0.444298
1974_268_Yugoslavia,Yugoslavia,Qatar Airways,tournament,3.634,0.32382,0.422242,0.392233,0.61998,0.444254
1958_113_Germany,Germany,Coca-Cola,tournament,3.547,0.307115,0.399526,0.417066,0.834073,0.444119
1938_51_Sweden,Sweden,Budweiser,tournament,3.86,0.191014,0.341303,0.311338,0.721092,0.44408
2002_611_Portugal,Portugal,Mengniu,group_or_knockout,3.459,0.515283,0.504762,0.403552,0.379403,0.444045
1994_511_Bulgaria,Bulgaria,Visa,group_or_knockout,3.46,0.513053,0.334265,0.478974,0.583058,0.443988
1998_568_Nigeria,Nigeria,Coca-Cola,group_or_knockout,3.506,0.489814,0.403707,0.313871,0.648902,0.443969
1938_44_Switzerland,Switzerland,Visa,tournament,3.714,0.217511,0.374539,0.415175,0.745008,0.443862
2022_928_Croatia,Croatia,Hisense,group_or_knockout,3.576,0.572801,0.274429,0.221035,0.688495,0.443803
2010_723_Chile,Chile,Hisense,group_or_knockout,3.398,0.515293,0.374395,0.447612,0.667483,0.443459
2014_795_England,England,McDonald's,group_or_knockout,3.356,0.550781,0.510947,0.428787,0.452957,0.443427
2018_892_Colombia,Colombia,Mengniu,group_or_knockout,3.415,0.54005,0.592646,0.386638,0.269293,0.443207
2002_584_Uruguay,Uruguay,Vivo,group_or_knockout,3.357,0.513343,0.581766,0.459441,0.360239,0.443156
1974_256_Uruguay,Uruguay,Vivo,tournament,3.656,0.324909,0.55906,0.361022,0.360239,0.443141
2002_624_China,China,Adidas,group_or_knockout,3.8,0.467418,0.219021,0.204953,0.587601,0.442734
1986_408_Belgium,Belgium,Visa,group_or_knockout,3.714,0.34642,0.338169,0.279831,0.704752,0.442701
1958_116_Scotland,Scotland,Adidas,tournament,3.701,0.363586,0.313583,0.334564,0.659456,0.442607
1938_44_Germany,Germany,Coca-Cola,tournament,3.714,0.217511,0.386549,0.325734,0.834073,0.442408
2010_731_United_States,United States,Mengniu,group_or_knockout,3.179,0.638234,0.619975,0.537293,0.252885,0.442368
1990_432_Netherlands,Netherlands,Hisense,group_or_knockout,3.299,0.359199,0.473663,0.542718,0.882297,0.442146
1930_16_United_States,United States,Mengniu,tournament,3.783,0.248753,0.580121,0.341341,0.252885,0.441877
1982_319_Czechoslovakia,Czechoslovakia,Coca-Cola,tournament,3.613,0.3149,0.42967,0.367914,0.677672,0.441828
2022_917_Senegal,Senegal,Budweiser,group_or_knockout,3.049,0.642471,0.465403,0.522466,0.785861,0.440914
1934_19_Sweden,Sweden,Budweiser,tournament,3.754,0.202711,0.33781,0.424347,0.721092,0.440821
1966_184_Italy,Italy,Visa,tournament,3.748,0.218947,0.319131,0.317928,0.874646,0.440297
1950_75_Sweden,Sweden,Budweiser,tournament,3.682,0.251345,0.34833,0.432046,0.721092,0.440211
1978_298_Germany,Germany,Coca-Cola,tournament,3.683,0.230841,0.38768,0.331027,0.834073,0.440137
1982_358_Italy,Italy,Visa,tournament,3.435,0.387418,0.346954,0.457553,0.874646,0.439834
2022_933_Ecuador,Ecuador,McDonald's,group_or_knockout,3.311,0.647459,0.470385,0.43469,0.356037,0.439604
1986_368_Mexico,Mexico,Vivo,group_or_knockout,3.419,0.455359,0.559255,0.464228,0.362371,0.439528
1962_166_Yugoslavia,Yugoslavia,Qatar Airways,tournament,3.583,0.325622,0.417618,0.430436,0.61998,0.439051
2018_886_Uruguay,Uruguay,Vivo,group_or_knockout,3.35,0.528828,0.582208,0.414684,0.360239,0.438988
1958_131_Yugoslavia,Yugoslavia,Qatar Airways,tournament,3.745,0.212037,0.397758,0.403443,0.61998,0.43884
1950_63_Sweden,Sweden,Budweiser,tournament,3.624,0.279966,0.352656,0.453337,0.721092,0.438763
1994_468_Republic_of_Ireland,Republic of Ireland,Hisense,group_or_knockout,3.865,0.353578,0.252607,0.242285,0.556158,0.438709
1998_534_Scotland,Scotland,Adidas,group_or_knockout,3.606,0.434694,0.324299,0.312972,0.659456,0.438314
2018_883_Panama,Panama,Qatar Airways,group_or_knockout,3.409,0.649641,0.312546,0.360841,0.530584,0.438227
2002_639_Spain,Spain,Budweiser,group_or_knockout,3.435,0.360703,0.461129,0.445802,0.728164,0.438215
2022_952_England,England,McDonald's,group_or_knockout,3.388,0.530959,0.505687,0.383655,0.452957,0.438148
1974_260_Sweden,Sweden,Budweiser,tournament,3.615,0.296581,0.357474,0.427826,0.721092,0.437929
2002_617_England,England,McDonald's,group_or_knockout,3.495,0.418372,0.481892,0.437772,0.452957,0.437895
1982_339_Chile,Chile,Hisense,tournament,3.419,0.494356,0.370512,0.414868,0.667483,0.437735
1970_205_Belgium,Belgium,Visa,tournament,3.686,0.325287,0.328974,0.32844,0.704752,0.437648
1986_371_Scotland,Scotland,Adidas,group_or_knockout,3.585,0.411264,0.318104,0.381324,0.659456,0.437448
1966_180_Switzerland,Switzerland,Visa,tournament,3.647,0.260641,0.382995,0.385131,0.745008,0.437377
1998_535_Austria,Austria,McDonald's,group_or_knockout,3.45,0.413994,0.646594,0.376665,0.335321,0.437334
2010_729_England,England,McDonald's,group_or_knockout,3.418,0.466029,0.489413,0.454874,0.452957,0.436855
1974_262_Netherlands,Netherlands,Hisense,tournament,3.347,0.313926,0.463831,0.520468,0.882297,0.436822
2010_757_Uruguay,Uruguay,Vivo,group_or_knockout,3.352,0.508915,0.576013,0.433805,0.360239,0.436566
2010_742_Mexico,Mexico,Vivo,group_or_knockout,3.377,0.498501,0.567023,0.424333,0.362371,0.436502
2014_822_Colombia,Colombia,Mengniu,group_or_knockout,3.41,0.513537,0.583697,0.396677,0.269293,0.436177
2014_785_Ghana,Ghana,Vivo,group_or_knockout,3.337,0.590333,0.562902,0.372649,0.314982,0.436055
2006_655_United_States,United States,Mengniu,group_or_knockout,3.371,0.521281,0.608673,0.41781,0.252885,0.435959
1962_139_Switzerland,Switzerland,Visa,tournament,3.492,0.328814,0.392088,0.475453,0.745008,0.435913
1970_207_Morocco,Morocco,Coca-Cola,tournament,3.795,0.320547,0.341025,0.274966,0.534742,0.435907
1962_140_Uruguay,Uruguay,Vivo,tournament,3.391,0.39827,0.548283,0.579505,0.360239,0.435366
2010_754_North_Korea,North Korea,Adidas,group_or_knockout,3.478,0.512907,0.345484,0.331399,0.645981,0.435178
2022_957_Croatia,Croatia,Hisense,group_or_knockout,3.482,0.568677,0.266118,0.307231,0.688495,0.434822
1990_459_Cameroon,Cameroon,Hyundai,group_or_knockout,3.581,0.452446,0.320847,0.303329,0.654762,0.43482
1982_338_Cameroon,Cameroon,Hyundai,tournament,3.809,0.300211,0.29322,0.254086,0.654762,0.434684
1958_113_Czechoslovakia,Czechoslovakia,Coca-Cola,tournament,3.547,0.307115,0.422981,0.429224,0.677672,0.434403
1954_91_Switzerland,Switzerland,Visa,tournament,3.688,0.203563,0.367409,0.415277,0.745008,0.434367
2006_695_Ecuador,Ecuador,McDonald's,group_or_knockout,3.484,0.507728,0.444577,0.402639,0.356037,0.434044
2010_741_Greece,Greece,Qatar Airways,group_or_knockout,3.431,0.518013,0.363084,0.394803,0.595463,0.433971
1998_562_Colombia,Colombia,Mengniu,group_or_knockout,3.405,0.492202,0.574502,0.433115,0.269293,0.433938
2006_682_Ivory_Coast,Ivory Coast,McDonald's,group_or_knockout,3.378,0.605654,0.485344,0.405914,0.270527,0.433809
1982_311_Poland,Poland,Coca-Cola,tournament,3.767,0.259308,0.293755,0.305659,0.746106,0.433806
1950_68_Paraguay,Paraguay,Hyundai,tournament,3.774,0.206129,0.354145,0.374537,0.64409,0.433806
2002_586_England,England,McDonald's,group_or_knockout,3.388,0.478127,0.489855,0.451731,0.452957,0.433206
1974_238_Poland,Poland,Coca-Cola,tournament,3.456,0.428839,0.325265,0.434892,0.746106,0.433181
1998_522_Bulgaria,Bulgaria,Visa,group_or_knockout,3.689,0.370348,0.305703,0.337678,0.583058,0.433092
1998_552_Scotland,Scotland,Adidas,group_or_knockout,3.573,0.45237,0.326806,0.290868,0.659456,0.433014
1986_370_Iraq,Iraq,McDonald's,group_or_knockout,3.842,0.421769,0.395384,0.266842,0.101589,0.43283
2022_945_Serbia,Serbia,Vivo,group_or_knockout,3.332,0.664929,0.488539,0.345657,0.299325,0.432744
2010_710_Uruguay,Uruguay,Vivo,group_or_knockout,3.343,0.476085,0.566375,0.481346,0.360239,0.432479
2014_775_Mexico,Mexico,Vivo,group_or_knockout,3.374,0.490086,0.563581,0.416531,0.362371,0.432344
1978_292_Iran,Iran,Adidas,tournament,3.568,0.420337,0.345433,0.361175,0.599925,0.432217
1950_57_United_States,United States,Mengniu,tournament,3.722,0.260804,0.572252,0.348064,0.252885,0.431953
1958_109_Mexico,Mexico,Vivo,tournament,3.697,0.268911,0.537238,0.337482,0.362371,0.431943
2010_713_Greece,Greece,Qatar Airways,group_or_knockout,3.502,0.48398,0.356693,0.341332,0.595463,0.43193
1962_141_Czechoslovakia,Czechoslovakia,Coca-Cola,tournament,3.54,0.272413,0.411967,0.489659,0.677672,0.431859
2006_658_Togo,Togo,Vivo,group_or_knockout,3.631,0.552208,0.432258,0.259827,0.166178,0.43179
1998_552_Morocco,Morocco,Coca-Cola,group_or_knockout,3.573,0.45237,0.36108,0.326021,0.534742,0.431633
2002_617_Nigeria,Nigeria,Coca-Cola,group_or_knockout,3.495,0.418372,0.377991,0.386511,0.648902,0.431611
1990_428_Colombia,Colombia,Mengniu,group_or_knockout,3.707,0.321171,0.562615,0.271666,0.269293,0.431469
1950_71_Uruguay,Uruguay,Vivo,tournament,3.661,0.263654,0.539098,0.391377,0.360239,0.431313
1982_324_Belgium,Belgium,Visa,tournament,3.676,0.31486,0.325532,0.317654,0.704752,0.431241
2006_648_Paraguay,Paraguay,Hyundai,group_or_knockout,3.398,0.458419,0.402814,0.429002,0.64409,0.431117
2022_947_Ghana,Ghana,Vivo,group_or_knockout,3.311,0.596049,0.558967,0.369243,0.314982,0.43097
1974_266_Poland,Poland,Coca-Cola,tournament,3.768,0.251158,0.291001,0.295699,0.746106,0.430321
2022_911_Morocco,Morocco,Coca-Cola,group_or_knockout,3.473,0.511772,0.369731,0.353416,0.534742,0.430259
1974_265_German_DR,German DR,Visa,tournament,3.833,0.30925,0.230528,0.253011,0.656866,0.430208
2006_648_England,England,McDonald's,group_or_knockout,3.398,0.458419,0.485971,0.450761,0.452957,0.430018
1954_98_Austria,Austria,McDonald's,tournament,3.304,0.443906,0.634985,0.498385,0.335321,0.429907
1982_327_Czechoslovakia,Czechoslovakia,Coca-Cola,tournament,3.346,0.411063,0.437776,0.49543,0.677672,0.429336
1990_447_Netherlands,Netherlands,Hisense,group_or_knockout,3.139,0.424079,0.480691,0.563063,0.882297,0.428798
1982_339_Algeria,Algeria,Budweiser,tournament,3.419,0.494356,0.371159,0.413248,0.577479,0.428624
1982_334_Poland,Poland,Coca-Cola,tournament,3.477,0.437358,0.326642,0.357162,0.746106,0.428586
2006_682_Serbia,Serbia,Vivo,group_or_knockout,3.378,0.605654,0.475265,0.359654,0.299325,0.428398
1998_566_Norway,Norway,McDonald's,group_or_knockout,3.856,0.366054,0.394439,0.180425,0.273321,0.428255
1950_63_Paraguay,Paraguay,Hyundai,tournament,3.624,0.279966,0.363926,0.418741,0.64409,0.428248
1978_298_Italy,Italy,Visa,tournament,3.683,0.230841,0.316573,0.305993,0.874646,0.42789
2018_854_Morocco,Morocco,Coca-Cola,group_or_knockout,3.462,0.517613,0.371796,0.340114,0.534742,0.427872
2022_923_Tunisia,Tunisia,Coca-Cola,group_or_knockout,3.421,0.500592,0.352656,0.34436,0.680922,0.427762
2010_757_South_Korea,South Korea,Hisense,group_or_knockout,3.352,0.508915,0.412995,0.365246,0.660317,0.427632
1986_389_England,England,McDonald's,group_or_knockout,3.385,0.443691,0.478841,0.482276,0.452957,0.427328
1934_26_Switzerland,Switzerland,Visa,tournament,3.701,0.170856,0.355707,0.408822,0.745008,0.42674
1958_125_Sweden,Sweden,Budweiser,tournament,3.683,0.199262,0.331121,0.437309,0.721092,0.42659
1986_404_Paraguay,Paraguay,Hyundai,group_or_knockout,3.394,0.43672,0.39293,0.449096,0.64409,0.426584
1930_2_France,France,Qatar Airways,tournament,3.747,0.139976,0.362559,0.316601,0.829643,0.425856
1958_130_Northern_Ireland,Northern Ireland,Hisense,tournament,3.831,0.271235,0.2767,0.252471,0.61808,0.425805
1986_404_England,England,McDonald's,group_or_knockout,3.394,0.43672,0.476776,0.470855,0.452957,0.425609
1986_372_Germany,Germany,Coca-Cola,group_or_knockout,3.282,0.413941,0.409009,0.476952,0.834073,0.42515
1998_539_Nigeria,Nigeria,Coca-Cola,group_or_knockout,3.521,0.392571,0.371354,0.351547,0.648902,0.425002
2010_751_New_Zealand,New Zealand,McDonald's,group_or_knockout,3.78,0.430917,0.441812,0.163194,0.186112,0.424844
1958_129_Wales,Wales,Coca-Cola,tournament,4.088,0.181751,0.163562,0.157208,0.632453,0.42483
1994_508_Nigeria,Nigeria,Coca-Cola,group_or_knockout,3.461,0.440973,0.381875,0.345175,0.648902,0.424751
1966_181_Germany,Germany,Coca-Cola,tournament,3.687,0.174776,0.369094,0.326789,0.834073,0.424657
2006_706_Portugal,Portugal,Mengniu,group_or_knockout,3.393,0.488449,0.48819,0.421756,0.379403,0.424617
1986_368_Belgium,Belgium,Visa,group_or_knockout,3.419,0.455359,0.343717,0.389513,0.704752,0.42451
1994_479_United_States,United States,Mengniu,group_or_knockout,3.381,0.462729,0.589399,0.438078,0.252885,0.424429
1974_254_Bulgaria,Bulgaria,Visa,tournament,3.45,0.470868,0.31981,0.43654,0.583058,0.424181
2022_944_Morocco,Morocco,Coca-Cola,group_or_knockout,3.313,0.596036,0.379954,0.387234,0.534742,0.423636
1982_350_Belgium,Belgium,Visa,tournament,3.643,0.323475,0.322285,0.299965,0.704752,0.42353
1974_260_Poland,Poland,Coca-Cola,tournament,3.615,0.296581,0.292522,0.390158,0.746106,0.423465
1970_202_Peru,Peru,Budweiser,tournament,3.435,0.417132,0.370717,0.401527,0.676601,0.423
1982_354_Russia,Russia,Hyundai,tournament,3.418,0.313229,0.404981,0.453067,0.802854,0.422778
1958_132_Russia,Russia,Hyundai,tournament,3.618,0.204754,0.391121,0.354325,0.802854,0.422264
1998_518_Norway,Norway,McDonald's,group_or_knockout,3.51,0.540364,0.410015,0.331506,0.273321,0.42193
1966_189_Hungary,Hungary,Adidas,tournament,3.36,0.357496,0.437827,0.496027,0.691749,0.421829
2010_766_Uruguay,Uruguay,Vivo,group_or_knockout,3.34,0.478813,0.565687,0.405351,0.360239,0.421721
1986_375_South_Korea,South Korea,Hisense,group_or_knockout,3.477,0.382844,0.383005,0.381616,0.660317,0.421583
2010_746_Germany,Germany,Coca-Cola,group_or_knockout,3.201,0.469528,0.417906,0.465808,0.834073,0.421355
1966_196_Portugal,Portugal,Mengniu,tournament,3.399,0.474285,0.482683,0.418437,0.379403,0.421235
1970_211_Italy,Italy,Visa,tournament,3.709,0.190358,0.305806,0.299021,0.874646,0.421227
2014_793_Ivory_Coast,Ivory Coast,McDonald's,group_or_knockout,3.469,0.540148,0.47394,0.303533,0.270527,0.421061
1962_143_Germany,Germany,Coca-Cola,tournament,3.669,0.169921,0.364717,0.339639,0.834073,0.42103
1986_389_Poland,Poland,Coca-Cola,group_or_knockout,3.385,0.443691,0.321772,0.426399,0.746106,0.420548
1982_334_Peru,Peru,Budweiser,tournament,3.477,0.437358,0.378536,0.282206,0.676601,0.420483
1950_58_Switzerland,Switzerland,Visa,tournament,3.628,0.204301,0.361409,0.404713,0.745008,0.42007
2010_737_Paraguay,Paraguay,Hyundai,group_or_knockout,3.121,0.565006,0.409985,0.558132,0.64409,0.418993
2006_673_Croatia,Croatia,Hisense,group_or_knockout,3.685,0.395266,0.227919,0.228149,0.688495,0.418989
1958_122_Northern_Ireland,Northern Ireland,Hisense,tournament,3.788,0.273371,0.271388,0.267936,0.61808,0.418955
1954_87_Uruguay,Uruguay,Vivo,tournament,3.495,0.34802,0.542632,0.398457,0.360239,0.418575
1966_181_Argentina,Argentina,Hyundai,tournament,3.687,0.174776,0.314108,0.359577,0.824585,0.418401
2018_884_England,England,McDonald's,group_or_knockout,3.36,0.482171,0.487543,0.379596,0.452957,0.418027
2002_641_South_Korea,South Korea,Hisense,group_or_knockout,3.438,0.414163,0.39033,0.351196,0.660317,0.417798
1994_477_Nigeria,Nigeria,Coca-Cola,group_or_knockout,3.515,0.393606,0.370666,0.30764,0.648902,0.417769
2022_928_Canada,Canada,Qatar Airways,group_or_knockout,3.576,0.572801,0.280285,0.174647,0.482532,0.417766
2010_754_Ivory_Coast,Ivory Coast,McDonald's,group_or_knockout,3.478,0.512907,0.464303,0.322439,0.270527,0.417765
1978_271_Poland,Poland,Coca-Cola,tournament,3.723,0.237993,0.283183,0.296785,0.746106,0.417244
1958_128_Wales,Wales,Coca-Cola,tournament,3.977,0.228184,0.166706,0.179905,0.632453,0.416772
1990_448_Uruguay,Uruguay,Vivo,group_or_knockout,3.422,0.376128,0.543957,0.441269,0.360239,0.416512
1954_79_France,France,Qatar Airways,tournament,3.709,0.145203,0.361625,0.296398,0.829643,0.416472
1974_251_German_DR,German DR,Visa,tournament,3.85,0.256004,0.214942,0.232399,0.656866,0.416175
2018_839_Iran,Iran,Adidas,group_or_knockout,3.441,0.462891,0.346512,0.357777,0.599925,0.416108
1982_318_Austria,Austria,McDonald's,tournament,3.433,0.331791,0.616748,0.416555,0.335321,0.41609
2022_911_Croatia,Croatia,Hisense,group_or_knockout,3.473,0.511772,0.246844,0.299053,0.688495,0.415904
1962_149_Bulgaria,Bulgaria,Visa,tournament,3.443,0.455224,0.314303,0.41618,0.583058,0.41551
1974_240_Uruguay,Uruguay,Vivo,tournament,3.318,0.411414,0.543413,0.524749,0.360239,0.415236
1994_488_Greece,Greece,Qatar Airways,group_or_knockout,3.474,0.453161,0.343368,0.323183,0.595463,0.414657
2022_923_Australia,Australia,Mengniu,group_or_knockout,3.421,0.500592,0.499307,0.359492,0.258668,0.414052
1998_550_Chile,Chile,Hisense,group_or_knockout,3.456,0.423463,0.348043,0.333401,0.667483,0.414027
2006_655_Czech_Republic,Czech Republic,Mengniu,group_or_knockout,3.371,0.521281,0.572108,0.33884,0.209127,0.413945
1994_491_Spain,Spain,Budweiser,group_or_knockout,3.154,0.457506,0.46717,0.508633,0.728164,0.41366
2006_691_France,France,Qatar Airways,group_or_knockout,2.862,0.613401,0.430389,0.651481,0.829643,0.413565
1978_286_Peru,Peru,Budweiser,tournament,3.755,0.221243,0.338569,0.228699,0.676601,0.413393
1954_94_Uruguay,Uruguay,Vivo,tournament,3.361,0.386443,0.539776,0.493879,0.360239,0.413295
1966_200_Germany,Germany,Coca-Cola,tournament,3.32,0.384478,0.400995,0.39495,0.834073,0.413283
2018_886_Portugal,Portugal,Mengniu,group_or_knockout,3.35,0.528828,0.493204,0.331561,0.379403,0.413246
2010_729_Algeria,Algeria,Budweiser,group_or_knockout,3.418,0.466029,0.360834,0.360897,0.577479,0.413006
1982_358_Poland,Poland,Coca-Cola,tournament,3.435,0.387418,0.308498,0.406885,0.746106,0.412964
1938_42_Norway,Norway,McDonald's,tournament,3.849,0.249256,0.358645,0.310285,0.273321,0.412908
1986_380_Spain,Spain,Budweiser,group_or_knockout,3.245,0.390613,0.454143,0.495961,0.728164,0.412874
1962_140_Colombia,Colombia,Mengniu,tournament,3.391,0.39827,0.544902,0.487927,0.269293,0.412842
1994_488_Bulgaria,Bulgaria,Visa,group_or_knockout,3.474,0.453161,0.314549,0.355742,0.583058,0.412788
1986_367_Algeria,Algeria,Budweiser,group_or_knockout,3.415,0.444633,0.354638,0.405149,0.577479,0.412784
1938_36_Germany,Germany,Coca-Cola,tournament,3.688,0.120354,0.351196,0.346907,0.834073,0.412477
1994_479_Colombia,Colombia,Mengniu,group_or_knockout,3.381,0.462729,0.561176,0.376505,0.269293,0.412369
1994_513_Italy,Italy,Visa,group_or_knockout,3.334,0.408594,0.343461,0.374516,0.874646,0.412206
1990_420_Costa_Rica,Costa Rica,Visa,group_or_knockout,3.517,0.356293,0.346964,0.362871,0.635323,0.412065
1970_222_Czechoslovakia,Czechoslovakia,Coca-Cola,tournament,3.534,0.259072,0.403461,0.388029,0.677672,0.411975
1982_341_Yugoslavia,Yugoslavia,Qatar Airways,tournament,3.287,0.395608,0.413088,0.550935,0.61998,0.411791
1958_121_Scotland,Scotland,Adidas,tournament,3.803,0.234483,0.277151,0.219437,0.659456,0.41176
1970_226_England,England,McDonald's,tournament,3.339,0.434416,0.470088,0.461934,0.452957,0.411741
1966_196_North_Korea,North Korea,Adidas,tournament,3.399,0.474285,0.327094,0.357313,0.645981,0.411329
2018_884_Belgium,Belgium,Visa,group_or_knockout,3.36,0.482171,0.345289,0.334211,0.704752,0.411246
1982_327_England,England,McDonald's,tournament,3.346,0.411063,0.462516,0.494492,0.452957,0.411187
1950_58_Yugoslavia,Yugoslavia,Qatar Airways,tournament,3.628,0.204301,0.382317,0.40044,0.61998,0.410732
1982_345_France,France,Qatar Airways,tournament,3.246,0.380609,0.392539,0.49986,0.829643,0.410476
1954_91_England,England,McDonald's,tournament,3.688,0.203563,0.432926,0.368728,0.452957,0.410438
2014_790_Australia,Australia,Mengniu,group_or_knockout,3.211,0.626282,0.515673,0.411366,0.258668,0.41026
1934_31_Spain,Spain,Budweiser,tournament,3.708,0.070336,0.394758,0.400877,0.728164,0.410246
1970_211_Uruguay,Uruguay,Vivo,tournament,3.709,0.190358,0.51894,0.312864,0.360239,0.410088
1986_397_Mexico,Mexico,Vivo,group_or_knockout,3.386,0.399103,0.533293,0.421935,0.362371,0.410012
2006_704_England,England,McDonald's,group_or_knockout,3.336,0.439846,0.471464,0.443102,0.452957,0.409951
1938_36_Switzerland,Switzerland,Visa,tournament,3.688,0.120354,0.339875,0.404675,0.745008,0.409621
1990_439_Austria,Austria,McDonald's,group_or_knockout,3.308,0.413817,0.622594,0.410996,0.335321,0.409616
1962_159_Czechoslovakia,Czechoslovakia,Coca-Cola,tournament,3.533,0.273943,0.406902,0.344721,0.677672,0.409604
1974_264_Yugoslavia,Yugoslavia,Qatar Airways,tournament,3.438,0.340025,0.407437,0.414722,0.61998,0.409426
2018_838_Egypt,Egypt,Hyundai,group_or_knockout,3.422,0.511688,0.301039,0.291341,0.637317,0.409327
1962_143_Italy,Italy,Visa,tournament,3.669,0.169921,0.296611,0.314604,0.874646,0.409323
2014_775_Cameroon,Cameroon,Hyundai,group_or_knockout,3.374,0.490086,0.316615,0.359638,0.654762,0.409164
2006_666_Angola,Angola,Coca-Cola,group_or_knockout,3.489,0.510869,0.208932,0.366584,0.564869,0.409146
2014_796_Ecuador,Ecuador,McDonald's,group_or_knockout,3.367,0.536956,0.437149,0.351658,0.356037,0.408793
1982_346_Poland,Poland,Coca-Cola,tournament,3.431,0.383647,0.306433,0.390868,0.746106,0.408727
1986_367_Northern_Ireland,Northern Ireland,Hisense,group_or_knockout,3.415,0.444633,0.298275,0.418508,0.61808,0.408569
2022_901_Ecuador,Ecuador,McDonald's,group_or_knockout,3.075,0.669506,0.449334,0.535613,0.356037,0.407984
1970_220_Sweden,Sweden,Budweiser,tournament,3.55,0.247212,0.334265,0.412861,0.721092,0.407902
1998_535_Chile,Chile,Hisense,group_or_knockout,3.45,0.413994,0.344601,0.316053,0.667483,0.407706
1998_528_Croatia,Croatia,Hisense,group_or_knockout,3.216,0.601128,0.255196,0.452136,0.688495,0.407522
1998_538_South_Africa,South Africa,Hyundai,group_or_knockout,3.503,0.434651,0.289922,0.313492,0.61679,0.407493
1974_239_Sweden,Sweden,Budweiser,tournament,3.605,0.223639,0.332005,0.369285,0.721092,0.407118
1958_132_Sweden,Sweden,Budweiser,tournament,3.618,0.204754,0.32581,0.386735,0.721092,0.406869
2018_876_Croatia,Croatia,Hisense,group_or_knockout,3.272,0.601452,0.25982,0.361203,0.688495,0.406802
2014_820_United_States,United States,Mengniu,group_or_knockout,3.311,0.483744,0.583594,0.385689,0.252885,0.406789
2006_679_Trinidad_and_Tobago,Trinidad and Tobago,Mengniu,group_or_knockout,3.772,0.430233,0.376203,0.120799,0.199947,0.406745
1990_448_South_Korea,South Korea,Hisense,group_or_knockout,3.422,0.376128,0.37494,0.37271,0.660317,0.406498
1954_79_Yugoslavia,Yugoslavia,Qatar Airways,tournament,3.709,0.145203,0.370666,0.363011,0.61998,0.406459
2010_716_Ghana,Ghana,Vivo,group_or_knockout,3.255,0.529961,0.528628,0.414342,0.314982,0.406176
1962_137_Bulgaria,Bulgaria,Visa,tournament,3.779,0.222751,0.265141,0.300553,0.583058,0.405973
2002_590_Croatia,Croatia,Hisense,group_or_knockout,3.485,0.462864,0.231011,0.308137,0.688495,0.405946
1978_274_Mexico,Mexico,Vivo,tournament,3.359,0.418514,0.537176,0.395559,0.362371,0.405934
1934_21_Germany,Germany,Coca-Cola,tournament,3.49,0.236685,0.368745,0.372072,0.834073,0.405479
2026_972_Turkey,Turkey,Hyundai,group_or_knockout,3.211,0.578847,0.334121,0.347047,0.730971,0.40537
1934_35_Italy,Italy,Visa,tournament,3.738,0.106243,0.280583,0.308236,0.874646,0.405223
1974_252_Yugoslavia,Yugoslavia,Qatar Airways,tournament,3.485,0.295586,0.397605,0.398948,0.61998,0.404994
1982_349_Northern_Ireland,Northern Ireland,Hisense,tournament,3.401,0.459375,0.299406,0.388027,0.61808,0.404972
1966_172_Russia,Russia,Hyundai,tournament,3.334,0.31231,0.395293,0.458703,0.802854,0.40496
1998_530_England,England,McDonald's,group_or_knockout,3.366,0.417197,0.465516,0.407461,0.452957,0.404859
1978_304_Germany,Germany,Coca-Cola,tournament,3.262,0.403321,0.40119,0.38451,0.834073,0.404498
1994_481_South_Korea,South Korea,Hisense,group_or_knockout,3.475,0.341336,0.368549,0.345629,0.660317,0.404414
1998_550_Cameroon,Cameroon,Hyundai,group_or_knockout,3.456,0.423463,0.299899,0.335477,0.654762,0.40438
2018_873_Peru,Peru,Budweiser,group_or_knockout,3.213,0.532599,0.381577,0.382174,0.676601,0.403615
1934_35_Czechoslovakia,Czechoslovakia,Coca-Cola,tournament,3.738,0.106243,0.375145,0.314069,0.677672,0.403364
1938_40_Belgium,Belgium,Visa,tournament,3.781,0.173224,0.286347,0.240763,0.704752,0.40309
1994_506_United_States,United States,Mengniu,group_or_knockout,3.324,0.432608,0.570762,0.437388,0.252885,0.403045
2010_753_Chile,Chile,Hisense,group_or_knockout,3.414,0.457257,0.35168,0.256166,0.667483,0.402973
2002_618_Paraguay,Paraguay,Hyundai,group_or_knockout,3.107,0.544833,0.401725,0.502048,0.64409,0.40244
1998_534_Norway,Norway,McDonald's,group_or_knockout,3.606,0.434694,0.385532,0.253462,0.273321,0.402391
1978_274_Tunisia,Tunisia,Coca-Cola,tournament,3.359,0.418514,0.320498,0.421095,0.680922,0.402362
1954_94_England,England,McDonald's,tournament,3.361,0.386443,0.457255,0.453572,0.452957,0.40207
1962_158_Yugoslavia,Yugoslavia,Qatar Airways,tournament,3.318,0.367873,0.405074,0.488999,0.61998,0.401725
1994_498_Morocco,Morocco,Coca-Cola,group_or_knockout,3.372,0.483172,0.348782,0.364005,0.534742,0.401646
2022_919_Iran,Iran,Adidas,group_or_knockout,3.215,0.551725,0.353488,0.424669,0.599925,0.401445
2002_606_South_Africa,South Africa,Hyundai,group_or_knockout,3.508,0.409882,0.280974,0.309674,0.61679,0.40089
1986_381_Poland,Poland,Coca-Cola,group_or_knockout,3.411,0.360898,0.295861,0.411647,0.746106,0.400761
1998_539_Bulgaria,Bulgaria,Visa,group_or_knockout,3.521,0.392571,0.297587,0.319602,0.583058,0.400667
2014_807_Croatia,Croatia,Hisense,group_or_knockout,3.468,0.51508,0.246155,0.19255,0.688495,0.400606
2006_670_Portugal,Portugal,Mengniu,group_or_knockout,3.395,0.441037,0.470293,0.342571,0.379403,0.400275
1978_302_Poland,Poland,Coca-Cola,tournament,3.475,0.3178,0.287406,0.396078,0.746106,0.400273
1962_139_Chile,Chile,Hisense,tournament,3.492,0.328814,0.320066,0.367907,0.667483,0.40014
1958_126_Czechoslovakia,Czechoslovakia,Coca-Cola,tournament,3.538,0.231611,0.396135,0.347108,0.677672,0.399679
1994_483_Mexico,Mexico,Vivo,group_or_knockout,3.329,0.42939,0.536242,0.376989,0.362371,0.399608
1986_393_Spain,Spain,Budweiser,group_or_knockout,3.254,0.359612,0.442441,0.450403,0.728164,0.399354
1986_372_Uruguay,Uruguay,Vivo,group_or_knockout,3.282,0.413941,0.536725,0.466075,0.360239,0.399233
1970_202_Bulgaria,Bulgaria,Visa,tournament,3.435,0.417132,0.301224,0.386122,0.583058,0.39898
2002_639_South_Korea,South Korea,Hisense,group_or_knockout,3.435,0.360703,0.371745,0.324333,0.660317,0.398335
1986_394_Northern_Ireland,Northern Ireland,Hisense,group_or_knockout,3.317,0.479048,0.300977,0.422445,0.61808,0.39774
1966_198_England,England,McDonald's,tournament,3.37,0.353314,0.446242,0.474178,0.452957,0.397469
2026_967_Bosnia_and_Herzegovina,Bosnia and Herzegovina,Budweiser,group_or_knockout,3.367,0.554806,0.28308,0.292316,0.563717,0.397448
1978_291_Brazil,Brazil,Adidas,tournament,3.162,0.281877,0.479715,0.516877,0.900554,0.397259
1966_190_Russia,Russia,Hyundai,tournament,3.353,0.286796,0.389344,0.423162,0.802854,0.397069
2010_723_Honduras,Honduras,Visa,group_or_knockout,3.398,0.515293,0.285987,0.344819,0.505418,0.396948
2026_972_Australia,Australia,Mengniu,group_or_knockout,3.211,0.578847,0.499153,0.411281,0.258668,0.396838
1982_313_Peru,Peru,Budweiser,tournament,3.493,0.310357,0.340922,0.338504,0.676601,0.396827
2018_839_Morocco,Morocco,Coca-Cola,group_or_knockout,3.441,0.462891,0.348834,0.262095,0.534742,0.396612
2022_939_Australia,Australia,Mengniu,group_or_knockout,3.216,0.557076,0.492269,0.443998,0.258668,0.396382
1974_264_Poland,Poland,Coca-Cola,tournament,3.438,0.340025,0.291289,0.379287,0.746106,0.396171
1962_165_Chile,Chile,Hisense,tournament,3.428,0.379923,0.330587,0.333658,0.667483,0.395789
1982_346_Belgium,Belgium,Visa,tournament,3.431,0.383647,0.321936,0.307282,0.704752,0.39568
1970_220_Uruguay,Uruguay,Vivo,tournament,3.55,0.247212,0.517902,0.345627,0.360239,0.395459
2006_670_Iran,Iran,Adidas,group_or_knockout,3.395,0.441037,0.333628,0.325037,0.599925,0.395273
1986_361_Italy,Italy,Visa,group_or_knockout,3.32,0.359487,0.327628,0.369247,0.874646,0.395038
1970_222_England,England,McDonald's,tournament,3.534,0.259072,0.4342,0.38709,0.452957,0.394905
2006_704_Portugal,Portugal,Mengniu,group_or_knockout,3.336,0.439846,0.461981,0.400286,0.379403,0.394895
2018_876_Iceland,Iceland,Visa,group_or_knockout,3.272,0.601452,0.319378,0.324226,0.510655,0.394562
1986_375_Bulgaria,Bulgaria,Visa,group_or_knockout,3.477,0.382844,0.291834,0.358021,0.583058,0.394143
2002_637_England,England,McDonald's,group_or_knockout,3.3,0.452248,0.471218,0.361558,0.452957,0.394079
1970_214_Bulgaria,Bulgaria,Visa,tournament,3.401,0.446143,0.304173,0.349856,0.583058,0.394073
2006_668_Ghana,Ghana,Vivo,group_or_knockout,3.238,0.515498,0.520121,0.382976,0.314982,0.3937
1970_205_El_Salvador,El Salvador,Budweiser,tournament,3.686,0.325287,0.223891,0.229506,0.592808,0.393688
1978_304_Austria,Austria,McDonald's,tournament,3.262,0.403321,0.609464,0.395659,0.335321,0.393673
1930_2_Mexico,Mexico,Vivo,tournament,3.747,0.139976,0.498494,0.244833,0.362371,0.39355
1994_477_Bulgaria,Bulgaria,Visa,group_or_knockout,3.515,0.393606,0.296899,0.275381,0.583058,0.39339
2010_733_Ghana,Ghana,Vivo,group_or_knockout,3.283,0.50659,0.524991,0.323838,0.314982,0.393263
1982_345_Austria,Austria,McDonald's,tournament,3.246,0.380609,0.600957,0.46078,0.335321,0.393088
1962_159_Mexico,Mexico,Vivo,tournament,3.533,0.273943,0.513926,0.310709,0.362371,0.392577
1930_15_Argentina,Argentina,Hyundai,tournament,3.669,0.102839,0.287015,0.347945,0.824585,0.392499
1934_31_Italy,Italy,Visa,tournament,3.708,0.070336,0.266569,0.33381,0.874646,0.392431
1978_302_Peru,Peru,Budweiser,tournament,3.475,0.3178,0.339987,0.321122,0.676601,0.392293
2010_766_Ghana,Ghana,Vivo,group_or_knockout,3.34,0.478813,0.524354,0.279242,0.314982,0.3921
1934_30_Spain,Spain,Budweiser,tournament,3.66,0.064024,0.385317,0.361314,0.728164,0.392099
1990_420_Scotland,Scotland,Adidas,group_or_knockout,3.517,0.356293,0.288453,0.277026,0.659456,0.391928
1978_275_Spain,Spain,Budweiser,tournament,3.251,0.337971,0.436245,0.440678,0.728164,0.391521
1974_255_Italy,Italy,Visa,tournament,3.363,0.325816,0.318926,0.346853,0.874646,0.391457
1998_530_Tunisia,Tunisia,Coca-Cola,group_or_knockout,3.366,0.417197,0.318433,0.336891,0.680922,0.3913
1954_90_South_Korea,South Korea,Hisense,tournament,3.386,0.359453,0.365745,0.348052,0.660317,0.390582
1990_425_Spain,Spain,Budweiser,group_or_knockout,3.223,0.334816,0.432557,0.481119,0.728164,0.390271
1994_500_Nigeria,Nigeria,Coca-Cola,group_or_knockout,3.337,0.407166,0.355173,0.361826,0.648902,0.390244
1978_277_Iran,Iran,Adidas,tournament,3.437,0.368844,0.316224,0.36009,0.599925,0.389496
2010_733_Australia,Australia,Mengniu,group_or_knockout,3.283,0.50659,0.48406,0.385876,0.258668,0.388949
2002_583_Cameroon,Cameroon,Hyundai,group_or_knockout,3.228,0.499222,0.305745,0.420422,0.654762,0.388768
1990_421_England,England,McDonald's,group_or_knockout,3.329,0.392127,0.454255,0.397575,0.452957,0.388593
2006_686_Italy,Italy,Visa,group_or_knockout,3.121,0.465046,0.341735,0.419304,0.874646,0.388337
2010_731_Slovenia,Slovenia,Vivo,group_or_knockout,3.179,0.638234,0.451902,0.428711,0.166653,0.38829
1970_216_Mexico,Mexico,Vivo,tournament,3.391,0.343891,0.517019,0.365702,0.362371,0.388056
1978_285_Iran,Iran,Adidas,tournament,3.472,0.335678,0.30821,0.359116,0.599925,0.387563
1982_324_El_Salvador,El Salvador,Budweiser,tournament,3.676,0.31486,0.220449,0.21872,0.592808,0.387281
1986_402_Germany,Germany,Coca-Cola,group_or_knockout,3.252,0.333398,0.377786,0.415536,0.834073,0.387262
2014_796_Honduras,Honduras,Visa,group_or_knockout,3.367,0.536956,0.288494,0.278693,0.505418,0.386759
2022_935_Wales,Wales,Coca-Cola,group_or_knockout,3.265,0.603583,0.231053,0.30045,0.632453,0.386595
1986_396_Uruguay,Uruguay,Vivo,group_or_knockout,3.417,0.303382,0.516176,0.377263,0.360239,0.385554
1966_200_England,England,McDonald's,tournament,3.32,0.384478,0.448502,0.40617,0.452957,0.385293
1982_354_Poland,Poland,Coca-Cola,tournament,3.418,0.313229,0.280029,0.384777,0.746106,0.385051
1986_381_Portugal,Portugal,Mengniu,group_or_knockout,3.411,0.360898,0.447135,0.361676,0.379403,0.384325
2022_944_Canada,Canada,Qatar Airways,group_or_knockout,3.313,0.596036,0.265922,0.286169,0.482532,0.38374
2014_814_Ecuador,Ecuador,McDonald's,group_or_knockout,3.228,0.519872,0.418707,0.419178,0.356037,0.383598
1982_313_Cameroon,Cameroon,Hyundai,tournament,3.493,0.310357,0.268727,0.347699,0.654762,0.382936
1990_439_United_States,United States,Mengniu,group_or_knockout,3.308,0.413817,0.56019,0.358652,0.252885,0.382812
1998_528_Jamaica,Jamaica,Vivo,group_or_knockout,3.216,0.601128,0.443457,0.388788,0.189321,0.382623
2014_815_Honduras,Honduras,Visa,group_or_knockout,3.348,0.53717,0.285494,0.278358,0.505418,0.38245
1954_87_Scotland,Scotland,Adidas,tournament,3.495,0.34802,0.2827,0.260729,0.659456,0.382427
2006_696_Portugal,Portugal,Mengniu,group_or_knockout,3.341,0.416475,0.456033,0.347413,0.379403,0.382272
1966_191_France,France,Qatar Airways,tournament,3.292,0.293951,0.365252,0.403924,0.829643,0.382193
1982_318_Chile,Chile,Hisense,tournament,3.433,0.331791,0.314755,0.324583,0.667483,0.382071
2006_668_Czech_Republic,Czech Republic,Mengniu,group_or_knockout,3.238,0.515498,0.549731,0.337078,0.209127,0.382018
1974_243_Brazil,Brazil,Adidas,tournament,3.278,0.186553,0.461673,0.416643,0.900554,0.382016
2010_716_Serbia,Serbia,Vivo,group_or_knockout,3.255,0.529961,0.435484,0.372344,0.299325,0.381965
1938_41_Indonesia,Indonesia,Coca-Cola,tournament,3.997,0.203697,0.201637,0.065272,0.395903,0.381936
1986_379_Paraguay,Paraguay,Hyundai,group_or_knockout,3.355,0.347498,0.358265,0.369218,0.64409,0.381797
1958_107_Wales,Wales,Coca-Cola,tournament,3.903,0.182827,0.144874,0.130576,0.632453,0.38128
1986_397_Bulgaria,Bulgaria,Visa,group_or_knockout,3.386,0.399103,0.289029,0.371803,0.583058,0.381095
1966_193_Argentina,Argentina,Hyundai,tournament,3.321,0.270743,0.315526,0.449766,0.824585,0.3798
1962_162_Russia,Russia,Hyundai,tournament,3.358,0.251954,0.376954,0.361736,0.802854,0.379565
1982_315_France,France,Qatar Airways,tournament,3.244,0.360831,0.382902,0.323569,0.829643,0.379313
1962_163_Hungary,Hungary,Adidas,tournament,3.458,0.194472,0.390382,0.368907,0.691749,0.379065
1962_155_Germany,Germany,Coca-Cola,tournament,3.356,0.237854,0.355121,0.38768,0.834073,0.378891
1978_285_Scotland,Scotland,Adidas,tournament,3.472,0.335678,0.279258,0.290999,0.659456,0.378768
1966_198_Portugal,Portugal,Mengniu,tournament,3.37,0.353314,0.439758,0.400003,0.379403,0.378562
1970_221_Bulgaria,Bulgaria,Visa,tournament,3.435,0.339018,0.275066,0.393332,0.583058,0.378096
1954_90_Turkey,Turkey,Hyundai,tournament,3.386,0.359453,0.278467,0.319979,0.730971,0.378007
2026_967_Canada,Canada,Qatar Airways,group_or_knockout,3.367,0.554806,0.254467,0.246341,0.482532,0.377743
2018_873_Australia,Australia,Mengniu,group_or_knockout,3.213,0.532599,0.48332,0.363494,0.258668,0.37752
1990_432_England,England,McDonald's,group_or_knockout,3.299,0.359199,0.44093,0.425971,0.452957,0.376976
2018_879_Serbia,Serbia,Vivo,group_or_knockout,3.214,0.564027,0.43981,0.335705,0.299325,0.376976
1966_174_Italy,Italy,Visa,tournament,3.343,0.270774,0.298029,0.384125,0.874646,0.376838
1998_546_United_States,United States,Mengniu,group_or_knockout,3.287,0.424357,0.559944,0.32451,0.252885,0.376141
1962_163_Czechoslovakia,Czechoslovakia,Coca-Cola,tournament,3.458,0.194472,0.374745,0.377358,0.677672,0.376025
1954_78_Czechoslovakia,Czechoslovakia,Coca-Cola,tournament,3.475,0.193208,0.374745,0.353615,0.677672,0.375795
1986_379_Mexico,Mexico,Vivo,group_or_knockout,3.355,0.347498,0.511707,0.326231,0.362371,0.375227
1986_362_France,France,Qatar Airways,group_or_knockout,3.129,0.369652,0.372721,0.456419,0.829643,0.37521
1994_490_Romania,Romania,Qatar Airways,group_or_knockout,3.294,0.345465,0.32094,0.360667,0.780763,0.375002
1962_147_Italy,Italy,Visa,tournament,3.356,0.26197,0.298275,0.365856,0.874646,0.374966
2006_662_Costa_Rica,Costa Rica,Visa,group_or_knockout,3.193,0.484163,0.353642,0.340748,0.635323,0.374037
1966_199_Russia,Russia,Hyundai,tournament,3.278,0.28323,0.378967,0.383788,0.802854,0.374028
1994_507_Mexico,Mexico,Vivo,group_or_knockout,3.32,0.375129,0.514656,0.317672,0.362371,0.373696
2026_969_Switzerland,Switzerland,Visa,group_or_knockout,2.879,0.563773,0.413561,0.502674,0.745008,0.373693
1970_221_Morocco,Morocco,Coca-Cola,tournament,3.435,0.339018,0.309597,0.351552,0.534742,0.373631
1974_255_Poland,Poland,Coca-Cola,tournament,3.363,0.325816,0.280471,0.358903,0.746106,0.373368
1994_500_Greece,Greece,Qatar Airways,group_or_knockout,3.337,0.407166,0.316224,0.328681,0.595463,0.373249
2002_634_United_States,United States,Mengniu,group_or_knockout,3.298,0.400955,0.554683,0.331342,0.252885,0.373184
1990_429_Czechoslovakia,Czechoslovakia,Coca-Cola,group_or_knockout,3.232,0.342297,0.397307,0.412994,0.677672,0.372771
1930_4_Romania,Romania,Qatar Airways,tournament,3.432,0.195544,0.284755,0.429862,0.780763,0.372566
1986_406_Germany,Germany,Coca-Cola,group_or_knockout,3.226,0.310033,0.367214,0.397555,0.834073,0.372544
1958_108_Yugoslavia,Yugoslavia,Qatar Airways,tournament,3.408,0.233322,0.368642,0.407287,0.61998,0.371977
2002_634_Mexico,Mexico,Vivo,group_or_knockout,3.298,0.400955,0.519916,0.287966,0.362371,0.371802
1982_342_England,England,McDonald's,tournament,3.346,0.318842,0.430163,0.399533,0.452957,0.37178
1934_29_Germany,Germany,Coca-Cola,tournament,3.6,0.074238,0.325676,0.285711,0.834073,0.371716
2002_606_Slovenia,Slovenia,Vivo,group_or_knockout,3.508,0.409882,0.417741,0.24646,0.166653,0.371645
1950_66_United_States,United States,Mengniu,tournament,3.384,0.324944,0.541902,0.329886,0.252885,0.371015
1978_275_Austria,Austria,McDonald's,tournament,3.251,0.337971,0.587437,0.378434,0.335321,0.370737
1998_546_Iran,Iran,Adidas,group_or_knockout,3.287,0.424357,0.318433,0.347935,0.599925,0.370653
1974_235_Australia,Australia,Mengniu,tournament,3.44,0.33532,0.447926,0.348082,0.258668,0.370615
1934_30_Italy,Italy,Visa,tournament,3.66,0.064024,0.260128,0.262888,0.874646,0.370433
1962_158_Colombia,Colombia,Mengniu,tournament,3.318,0.367873,0.519824,0.363781,0.269293,0.369781
1958_104_Czechoslovakia,Czechoslovakia,Coca-Cola,tournament,3.506,0.162152,0.366731,0.321437,0.677672,0.369164
1950_66_Chile,Chile,Hisense,tournament,3.384,0.324944,0.306001,0.321617,0.667483,0.368855
1982_330_Austria,Austria,McDonald's,tournament,3.26,0.32708,0.583995,0.37197,0.335321,0.368602
1974_241_Chile,Chile,Hisense,tournament,3.416,0.304308,0.305118,0.306669,0.667483,0.36841
1970_218_Russia,Russia,Hyundai,tournament,3.115,0.330926,0.378176,0.500456,0.802854,0.368382
2010_745_Australia,Australia,Mengniu,group_or_knockout,3.198,0.507623,0.471372,0.369221,0.258668,0.367702
1974_246_Uruguay,Uruguay,Vivo,tournament,3.302,0.318474,0.506683,0.396941,0.360239,0.367111
1958_103_Brazil,Brazil,Adidas,tournament,3.106,0.229241,0.455817,0.489305,0.900554,0.36641
1950_60_Yugoslavia,Yugoslavia,Qatar Airways,tournament,3.234,0.31058,0.377488,0.480258,0.61998,0.36627
2006_663_Trinidad_and_Tobago,Trinidad and Tobago,Mengniu,group_or_knockout,3.46,0.48961,0.352542,0.206441,0.199947,0.365655
1954_78_Uruguay,Uruguay,Vivo,tournament,3.475,0.193208,0.488005,0.361625,0.360239,0.36556
1974_252_Scotland,Scotland,Adidas,tournament,3.485,0.295586,0.264802,0.259251,0.659456,0.365479
2010_747_England,England,McDonald's,group_or_knockout,3.04,0.493889,0.453362,0.483082,0.452957,0.365469
1974_239_Bulgaria,Bulgaria,Visa,tournament,3.605,0.223639,0.249453,0.272615,0.583058,0.364921
1978_283_Austria,Austria,McDonald's,tournament,3.238,0.309334,0.576176,0.411448,0.335321,0.364454
1978_290_Poland,Poland,Coca-Cola,tournament,3.245,0.376667,0.28568,0.370683,0.746106,0.363738
1990_429_Austria,Austria,McDonald's,group_or_knockout,3.232,0.342297,0.586502,0.349266,0.335321,0.363669
1962_148_Yugoslavia,Yugoslavia,Qatar Airways,tournament,3.208,0.32811,0.379995,0.466767,0.61998,0.363532
1934_34_Germany,Germany,Coca-Cola,tournament,3.18,0.266283,0.348135,0.491046,0.834073,0.36345
1998_560_United_States,United States,Mengniu,group_or_knockout,3.252,0.392198,0.543618,0.352076,0.252885,0.363045
1990_455_England,England,McDonald's,group_or_knockout,3.292,0.339639,0.430358,0.379254,0.452957,0.362841
1986_377_England,England,McDonald's,group_or_knockout,3.308,0.31821,0.427163,0.389546,0.452957,0.362166
2010_714_Algeria,Algeria,Budweiser,group_or_knockout,3.354,0.404045,0.332118,0.222573,0.577479,0.362141
1966_189_Bulgaria,Bulgaria,Visa,tournament,3.36,0.357496,0.272262,0.357302,0.583058,0.361736
2006_652_Serbia,Serbia,Vivo,group_or_knockout,3.175,0.517507,0.419354,0.380926,0.299325,0.361655
1994_513_Bulgaria,Bulgaria,Visa,group_or_knockout,3.334,0.408594,0.284406,0.296205,0.583058,0.361453
1974_235_German_DR,German DR,Visa,tournament,3.44,0.33532,0.203477,0.310636,0.656866,0.361192
2022_901_Qatar,Qatar,Vivo,group_or_knockout,3.075,0.669506,0.415522,0.390621,0.151887,0.361184
1990_435_Egypt,Egypt,Hyundai,group_or_knockout,3.245,0.425696,0.256193,0.388946,0.637317,0.360894
1950_61_Spain,Spain,Budweiser,tournament,3.308,0.180167,0.389242,0.449282,0.728164,0.360854
1930_5_Argentina,Argentina,Hyundai,tournament,3.593,0.03825,0.259676,0.363315,0.824585,0.360446
1978_283_Sweden,Sweden,Budweiser,tournament,3.238,0.309334,0.328605,0.424984,0.721092,0.360363
1962_142_Hungary,Hungary,Adidas,tournament,3.228,0.272312,0.393228,0.433955,0.691749,0.360189
2010_746_Ghana,Ghana,Vivo,group_or_knockout,3.201,0.469528,0.497601,0.297149,0.314982,0.360178
1930_5_France,France,Qatar Airways,tournament,3.593,0.03825,0.314518,0.286364,0.829643,0.36005
1978_290_Mexico,Mexico,Vivo,tournament,3.245,0.376667,0.504033,0.330454,0.362371,0.359035
1958_105_Russia,Russia,Hyundai,tournament,3.216,0.273499,0.369526,0.390933,0.802854,0.358891
2010_721_Portugal,Portugal,Mengniu,group_or_knockout,3.185,0.441433,0.443981,0.377146,0.379403,0.358814
1990_453_Romania,Romania,Qatar Airways,group_or_knockout,3.14,0.366725,0.314889,0.436415,0.780763,0.35865
1934_28_Switzerland,Switzerland,Visa,tournament,3.44,0.154522,0.3262,0.354485,0.745008,0.358459
1934_33_Italy,Italy,Visa,tournament,3.655,0.025723,0.244049,0.263981,0.874646,0.358274
1934_21_Belgium,Belgium,Visa,tournament,3.49,0.236685,0.277686,0.243829,0.704752,0.358203
1938_39_Netherlands,Netherlands,Hisense,tournament,3.344,0.10911,0.393618,0.375251,0.882297,0.358199
1930_18_Argentina,Argentina,Hyundai,tournament,3.218,0.259751,0.303084,0.469768,0.824585,0.357513
2002_583_Republic_of_Ireland,Republic of Ireland,Hisense,group_or_knockout,3.228,0.499222,0.243546,0.34436,0.556158,0.357064
1966_191_England,England,McDonald's,tournament,3.292,0.293951,0.415902,0.427948,0.452957,0.357004
1966_193_England,England,McDonald's,tournament,3.321,0.270743,0.41133,0.428512,0.452957,0.356907
2022_919_Wales,Wales,Coca-Cola,group_or_knockout,3.215,0.551725,0.210155,0.263862,0.632453,0.356385
1982_325_Poland,Poland,Coca-Cola,tournament,3.383,0.269332,0.261196,0.321572,0.746106,0.356213
1934_28_Czechoslovakia,Czechoslovakia,Coca-Cola,tournament,3.44,0.154522,0.357977,0.339921,0.677672,0.355407
1934_33_Austria,Austria,McDonald's,tournament,3.655,0.025723,0.548118,0.237132,0.335321,0.355315
1986_396_Scotland,Scotland,Adidas,group_or_knockout,3.417,0.303382,0.261556,0.270893,0.659456,0.354753
1994_490_United_States,United States,Mengniu,group_or_knockout,3.294,0.345465,0.536786,0.310928,0.252885,0.354103
2006_676_Switzerland,Switzerland,Visa,group_or_knockout,2.749,0.537916,0.394677,0.610917,0.745008,0.353975
1958_125_Wales,Wales,Coca-Cola,tournament,3.683,0.199262,0.134446,0.233733,0.632453,0.353824
1990_425_Uruguay,Uruguay,Vivo,group_or_knockout,3.223,0.334816,0.499502,0.39685,0.360239,0.353731
1982_315_England,England,McDonald's,tournament,3.244,0.360831,0.430553,0.347906,0.452957,0.353629
1958_126_Northern_Ireland,Northern Ireland,Hisense,tournament,3.538,0.231611,0.235932,0.265551,0.61808,0.353465
1994_481_Bolivia,Bolivia,Hisense,group_or_knockout,3.475,0.341336,0.241645,0.216435,0.555042,0.352957
1970_201_Russia,Russia,Hyundai,tournament,3.228,0.23149,0.358758,0.407423,0.802854,0.352399
2006_662_Ecuador,Ecuador,McDonald's,group_or_knockout,3.193,0.484163,0.398252,0.324218,0.356037,0.351824
1966_178_Chile,Chile,Hisense,tournament,3.392,0.266034,0.289039,0.302408,0.667483,0.351739
1930_15_Chile,Chile,Hisense,tournament,3.669,0.102839,0.260282,0.202975,0.667483,0.351681
2010_737_Slovakia,Slovakia,McDonald's,group_or_knockout,3.121,0.565006,0.44921,0.349858,0.185391,0.351025
1974_234_Scotland,Scotland,Adidas,tournament,3.273,0.352977,0.264453,0.366323,0.659456,0.350983
1934_29_Sweden,Sweden,Budweiser,tournament,3.6,0.074238,0.278066,0.279036,0.721092,0.350914
1930_4_Peru,Peru,Budweiser,tournament,3.432,0.195544,0.297063,0.333378,0.676601,0.350857
1962_148_Uruguay,Uruguay,Vivo,tournament,3.208,0.32811,0.498125,0.40208,0.360239,0.349765
1994_507_Bulgaria,Bulgaria,Visa,group_or_knockout,3.32,0.375129,0.273392,0.298898,0.583058,0.349709
1986_361_Bulgaria,Bulgaria,Visa,group_or_knockout,3.32,0.359487,0.268573,0.322295,0.583058,0.348676
1986_369_England,England,McDonald's,group_or_knockout,3.278,0.317311,0.422786,0.340456,0.452957,0.348357
1962_147_Chile,Chile,Hisense,tournament,3.356,0.26197,0.28235,0.341425,0.667483,0.347963
1990_455_Belgium,Belgium,Visa,group_or_knockout,3.292,0.339639,0.291104,0.271151,0.704752,0.34782
1970_212_Peru,Peru,Budweiser,tournament,3.306,0.299901,0.315104,0.300762,0.676601,0.347505
1966_182_Portugal,Portugal,Mengniu,tournament,3.327,0.300407,0.414484,0.354259,0.379403,0.34744
2010_745_Serbia,Serbia,Vivo,group_or_knockout,3.198,0.507623,0.416847,0.265185,0.299325,0.347388
1966_190_Chile,Chile,Hisense,tournament,3.353,0.286796,0.289922,0.287034,0.667483,0.346578
1990_435_Republic_of_Ireland,Republic of Ireland,Hisense,group_or_knockout,3.245,0.425696,0.220141,0.389509,0.556158,0.346368
1990_446_England,England,McDonald's,group_or_knockout,3.302,0.301742,0.419591,0.320809,0.452957,0.346367
1986_390_Mexico,Mexico,Vivo,group_or_knockout,3.309,0.293174,0.487121,0.30038,0.362371,0.346107
2022_934_Qatar,Qatar,Vivo,group_or_knockout,3.06,0.643736,0.403573,0.35473,0.151887,0.345364
1966_172_North_Korea,North Korea,Adidas,tournament,3.334,0.31231,0.263713,0.310992,0.645981,0.344909
1994_483_Republic_of_Ireland,Republic of Ireland,Hisense,group_or_knockout,3.329,0.42939,0.227765,0.243721,0.556158,0.344804
1950_60_Mexico,Mexico,Vivo,tournament,3.234,0.31058,0.482693,0.37355,0.362371,0.344507
1934_34_Austria,Austria,McDonald's,tournament,3.18,0.266283,0.554098,0.439163,0.335321,0.343384
1958_119_Austria,Austria,McDonald's,tournament,3.207,0.282039,0.560539,0.363167,0.335321,0.342726
1982_319_Kuwait,Kuwait,Hisense,tournament,3.613,0.3149,0.213175,0.160897,0.363892,0.342498
2006_649_Sweden,Sweden,Budweiser,group_or_knockout,2.803,0.500397,0.353375,0.577369,0.721092,0.341908
1978_282_Poland,Poland,Coca-Cola,tournament,3.355,0.250758,0.254313,0.296811,0.746106,0.341868
1954_76_Austria,Austria,McDonald's,tournament,3.227,0.224468,0.545642,0.437284,0.335321,0.341722
1966_178_North_Korea,North Korea,Adidas,tournament,3.392,0.266034,0.253881,0.290825,0.645981,0.341639
1966_174_Chile,Chile,Hisense,tournament,3.343,0.270774,0.285104,0.296977,0.667483,0.341594
1966_183_England,England,McDonald's,tournament,3.286,0.265543,0.406265,0.382803,0.452957,0.34151
1986_365_Poland,Poland,Coca-Cola,group_or_knockout,3.275,0.293347,0.260457,0.328811,0.746106,0.340955
1930_18_Uruguay,Uruguay,Vivo,tournament,3.218,0.259751,0.476098,0.457148,0.360239,0.340454
1982_341_Honduras,Honduras,Visa,tournament,3.287,0.395608,0.234063,0.345183,0.505418,0.339305
1982_325_Cameroon,Cameroon,Hyundai,tournament,3.383,0.269332,0.241583,0.287168,0.654762,0.338732
1962_162_Chile,Chile,Hisense,tournament,3.358,0.251954,0.28122,0.288326,0.667483,0.338519
1986_380_Northern_Ireland,Northern Ireland,Hisense,group_or_knockout,3.245,0.390613,0.260313,0.290454,0.61808,0.338205
1986_406_Mexico,Mexico,Vivo,group_or_knockout,3.226,0.310033,0.479005,0.344342,0.362371,0.338047
1986_369_Portugal,Portugal,Mengniu,group_or_knockout,3.278,0.317311,0.413991,0.328685,0.379403,0.337771
1974_241_German_DR,German DR,Visa,tournament,3.416,0.304308,0.189463,0.243739,0.656866,0.337721
1934_32_Germany,Germany,Coca-Cola,tournament,3.389,0.118474,0.31682,0.280196,0.834073,0.337231
1990_421_Republic_of_Ireland,Republic of Ireland,Hisense,group_or_knockout,3.329,0.392127,0.215374,0.262592,0.556158,0.337017
1934_20_France,France,Qatar Airways,tournament,3.152,0.239114,0.332354,0.407824,0.829643,0.336984
1950_69_Switzerland,Switzerland,Visa,tournament,3.169,0.226613,0.32767,0.468171,0.745008,0.336748
1962_152_Spain,Spain,Budweiser,tournament,3.15,0.210346,0.381567,0.456865,0.728164,0.335835
1966_183_Mexico,Mexico,Vivo,tournament,3.286,0.265543,0.472861,0.318057,0.362371,0.335374
1958_115_Mexico,Mexico,Vivo,tournament,3.27,0.253669,0.469419,0.36229,0.362371,0.335161
1974_246_Bulgaria,Bulgaria,Visa,tournament,3.302,0.318474,0.252494,0.335832,0.583058,0.335083
1934_24_Hungary,Hungary,Adidas,tournament,3.204,0.213224,0.370265,0.410662,0.691749,0.335034
1970_216_El_Salvador,El Salvador,Budweiser,tournament,3.391,0.343891,0.200086,0.223411,0.592808,0.334131
1958_127_Russia,Russia,Hyundai,tournament,3.169,0.200508,0.339433,0.422089,0.802854,0.332455
1958_108_Scotland,Scotland,Adidas,tournament,3.408,0.233322,0.23584,0.267276,0.659456,0.332419
1966_182_Bulgaria,Bulgaria,Visa,tournament,3.327,0.300407,0.249299,0.313556,0.583058,0.332374
2002_618_Slovenia,Slovenia,Vivo,group_or_knockout,3.107,0.544833,0.410549,0.330824,0.166653,0.332313
1986_377_Morocco,Morocco,Coca-Cola,group_or_knockout,3.308,0.31821,0.286337,0.295919,0.534742,0.331888
1934_32_Czechoslovakia,Czechoslovakia,Coca-Cola,tournament,3.389,0.118474,0.339587,0.323713,0.677672,0.331781
1962_155_Chile,Chile,Hisense,tournament,3.356,0.237854,0.273402,0.275185,0.667483,0.331773
2022_917_Qatar,Qatar,Vivo,group_or_knockout,3.049,0.642471,0.401508,0.276094,0.151887,0.331523
1962_167_Yugoslavia,Yugoslavia,Qatar Airways,tournament,3.339,0.179623,0.343368,0.332208,0.61998,0.331417
2010_714_Slovenia,Slovenia,Vivo,group_or_knockout,3.354,0.404045,0.393299,0.217643,0.166653,0.331381
1954_100_Austria,Austria,McDonald's,tournament,3.183,0.256348,0.548591,0.367433,0.335321,0.33076
2010_721_Ivory_Coast,Ivory Coast,McDonald's,group_or_knockout,3.185,0.441433,0.401899,0.307062,0.270527,0.33054
1978_282_Tunisia,Tunisia,Coca-Cola,tournament,3.355,0.250758,0.261987,0.25076,0.680922,0.330283
2006_686_Czech_Republic,Czech Republic,Mengniu,group_or_knockout,3.121,0.465046,0.510834,0.26114,0.209127,0.33008
1966_169_Uruguay,Uruguay,Vivo,tournament,3.264,0.223028,0.46833,0.384764,0.360239,0.329967
1978_291_Austria,Austria,McDonald's,tournament,3.162,0.281877,0.553851,0.337499,0.335321,0.328967
1986_393_Algeria,Algeria,Budweiser,group_or_knockout,3.254,0.359612,0.304974,0.231537,0.577479,0.3289
1998_560_Serbia,Serbia,Vivo,group_or_knockout,3.252,0.392198,0.384299,0.276691,0.299325,0.328457
1966_199_Portugal,Portugal,Mengniu,tournament,3.278,0.28323,0.402289,0.328559,0.379403,0.328149
1934_23_Czechoslovakia,Czechoslovakia,Coca-Cola,tournament,3.39,0.098482,0.333392,0.334808,0.677672,0.328019
1934_20_Austria,Austria,McDonald's,tournament,3.152,0.239114,0.538461,0.431776,0.335321,0.328005
1974_262_German_DR,German DR,Visa,tournament,3.347,0.313926,0.186905,0.248434,0.656866,0.326348
1958_119_England,England,McDonald's,tournament,3.207,0.282039,0.402084,0.363552,0.452957,0.326022
1962_142_England,England,McDonald's,tournament,3.228,0.272312,0.40233,0.347391,0.452957,0.325829
1998_529_Iran,Iran,Adidas,group_or_knockout,3.147,0.379035,0.288977,0.326443,0.599925,0.324602
1954_84_Czechoslovakia,Czechoslovakia,Coca-Cola,tournament,3.187,0.248584,0.361954,0.319993,0.677672,0.323844
1966_169_England,England,McDonald's,tournament,3.264,0.223028,0.389498,0.375816,0.452957,0.323796
1958_104_Northern_Ireland,Northern Ireland,Hisense,tournament,3.506,0.162152,0.209528,0.23988,0.61808,0.32349
1982_330_Algeria,Algeria,Budweiser,tournament,3.26,0.32708,0.294648,0.247019,0.577479,0.323242
1958_105_England,England,McDonald's,tournament,3.216,0.273499,0.39933,0.347162,0.452957,0.323138
1930_17_Yugoslavia,Yugoslavia,Qatar Airways,tournament,3.219,0.222331,0.346512,0.36789,0.61998,0.322573
1954_84_Austria,Austria,McDonald's,tournament,3.187,0.248584,0.545149,0.31867,0.335321,0.322399
1978_300_Italy,Italy,Visa,tournament,3.131,0.262875,0.273587,0.337091,0.874646,0.322066
1970_203_Romania,Romania,Qatar Airways,tournament,3.225,0.233516,0.274768,0.314946,0.780763,0.321976
1986_402_Morocco,Morocco,Coca-Cola,group_or_knockout,3.252,0.333398,0.285155,0.270411,0.534742,0.320338
1974_247_Poland,Poland,Coca-Cola,tournament,2.776,0.519382,0.293242,0.490669,0.746106,0.320269
1938_39_Czechoslovakia,Czechoslovakia,Coca-Cola,tournament,3.344,0.10911,0.333834,0.32216,0.677672,0.319542
1970_212_Morocco,Morocco,Coca-Cola,tournament,3.306,0.299901,0.279453,0.243578,0.534742,0.318896
1958_111_Russia,Russia,Hyundai,tournament,3.121,0.205043,0.337121,0.388901,0.802854,0.31887
1930_12_Paraguay,Paraguay,Hyundai,tournament,3.485,0.04047,0.270011,0.32773,0.64409,0.318342
1950_55_England,England,McDonald's,tournament,3.291,0.186924,0.379419,0.367821,0.452957,0.318275
1974_234_DR_Congo,DR Congo,Hyundai,tournament,3.273,0.352977,0.19237,0.263202,0.605782,0.318204
1982_332_Northern_Ireland,Northern Ireland,Hisense,tournament,3.233,0.332194,0.24035,0.279919,0.61808,0.317904
1994_491_Bolivia,Bolivia,Hisense,group_or_knockout,3.154,0.457506,0.247881,0.226298,0.555042,0.317348
1930_17_Uruguay,Uruguay,Vivo,tournament,3.219,0.222331,0.461642,0.365921,0.360239,0.317046
1930_8_Paraguay,Paraguay,Hyundai,tournament,3.471,0.075683,0.278713,0.270474,0.64409,0.316863
1954_100_Uruguay,Uruguay,Vivo,tournament,3.183,0.256348,0.469656,0.345407,0.360239,0.31596
2002_622_Ecuador,Ecuador,McDonald's,group_or_knockout,3.113,0.416437,0.366536,0.325916,0.356037,0.315585
1970_201_Mexico,Mexico,Vivo,tournament,3.228,0.23149,0.455847,0.330578,0.362371,0.315069
1970_203_England,England,McDonald's,tournament,3.225,0.233516,0.388563,0.349295,0.452957,0.314487
1934_23_Romania,Romania,Qatar Airways,tournament,3.39,0.098482,0.246648,0.268475,0.780763,0.313428
1930_8_United_States,United States,Mengniu,tournament,3.471,0.075683,0.472922,0.270549,0.252885,0.31271
1986_365_Morocco,Morocco,Coca-Cola,group_or_knockout,3.275,0.293347,0.274388,0.259388,0.534742,0.312607
1978_300_Austria,Austria,McDonald's,tournament,3.131,0.262875,0.540967,0.310556,0.335321,0.312547
1974_250_DR_Congo,DR Congo,Hyundai,tournament,3.221,0.375958,0.193942,0.255257,0.605782,0.312116
1990_447_Republic_of_Ireland,Republic of Ireland,Hisense,group_or_knockout,3.139,0.424079,0.209076,0.311332,0.556158,0.312051
1962_167_Chile,Chile,Hisense,tournament,3.339,0.179623,0.253439,0.260294,0.667483,0.309912
1990_416_Colombia,Colombia,Mengniu,group_or_knockout,3.064,0.372293,0.481512,0.337978,0.269293,0.309864
1950_65_Uruguay,Uruguay,Vivo,tournament,3.032,0.33693,0.475502,0.37108,0.360239,0.308384
1938_38_Romania,Romania,Qatar Airways,tournament,3.051,0.274976,0.274912,0.396608,0.780763,0.308043
1990_446_Egypt,Egypt,Hyundai,group_or_knockout,3.302,0.301742,0.216761,0.153904,0.637317,0.304926
1950_61_Chile,Chile,Hisense,tournament,3.308,0.180167,0.251128,0.263395,0.667483,0.303901
1950_55_Chile,Chile,Hisense,tournament,3.291,0.186924,0.250881,0.275464,0.667483,0.303661
2002_622_Croatia,Croatia,Hisense,group_or_knockout,3.113,0.416437,0.181491,0.237392,0.688495,0.303129
1930_1_United_States,United States,Mengniu,tournament,3.452,0.06298,0.465104,0.252852,0.252885,0.302262
1962_157_England,England,McDonald's,tournament,3.231,0.185742,0.373419,0.34648,0.452957,0.302047
2010_747_Slovenia,Slovenia,Vivo,group_or_knockout,3.04,0.493889,0.38434,0.321771,0.166653,0.301831
1950_69_Mexico,Mexico,Vivo,tournament,3.169,0.226613,0.444782,0.325518,0.362371,0.299593
1998_529_Serbia,Serbia,Vivo,group_or_knockout,3.147,0.379035,0.367481,0.258992,0.299325,0.29923
2006_650_Portugal,Portugal,Mengniu,group_or_knockout,2.924,0.434495,0.408228,0.37458,0.379403,0.298724
1958_103_Austria,Austria,McDonald's,tournament,3.106,0.229241,0.526954,0.309928,0.335321,0.297579
1930_12_Belgium,Belgium,Visa,tournament,3.485,0.04047,0.211603,0.210027,0.704752,0.297416
1954_76_Scotland,Scotland,Adidas,tournament,3.227,0.224468,0.215775,0.308889,0.659456,0.296784
1990_453_Republic_of_Ireland,Republic of Ireland,Hisense,group_or_knockout,3.14,0.366725,0.189802,0.304109,0.556158,0.295151
2006_691_Togo,Togo,Vivo,group_or_knockout,2.862,0.613401,0.344662,0.38829,0.166178,0.294941
1958_111_Austria,Austria,McDonald's,tournament,3.121,0.205043,0.519382,0.313385,0.335321,0.294351
1982_332_Honduras,Honduras,Visa,tournament,3.233,0.332194,0.204658,0.22842,0.505418,0.293004
1958_127_England,England,McDonald's,tournament,3.169,0.200508,0.369238,0.346958,0.452957,0.292312
1950_67_Spain,Spain,Budweiser,tournament,3.103,0.118252,0.346902,0.397992,0.728164,0.29177
1982_342_Kuwait,Kuwait,Hisense,tournament,3.346,0.318842,0.18824,0.193141,0.363892,0.290433
1930_1_Belgium,Belgium,Visa,tournament,3.452,0.06298,0.215487,0.166119,0.704752,0.290375
1970_224_Mexico,Mexico,Vivo,tournament,3.176,0.211151,0.438587,0.280913,0.362371,0.29022
1950_62_England,England,McDonald's,tournament,3.183,0.174896,0.363977,0.356886,0.452957,0.289897
1950_62_United_States,United States,Mengniu,tournament,3.183,0.174896,0.46234,0.366875,0.252885,0.288994
1938_46_Sweden,Sweden,Budweiser,tournament,2.983,0.271032,0.290837,0.384383,0.721092,0.288876
2010_722_Slovakia,Slovakia,McDonald's,group_or_knockout,2.867,0.548704,0.404015,0.336645,0.185391,0.287074
1962_152_Mexico,Mexico,Vivo,tournament,3.15,0.210346,0.436275,0.298901,0.362371,0.286988
1930_6_Mexico,Mexico,Vivo,tournament,3.272,0.116218,0.422611,0.285777,0.362371,0.286181
1930_14_Romania,Romania,Qatar Airways,tournament,3.166,0.143992,0.242169,0.322628,0.780763,0.285786
1966_188_Uruguay,Uruguay,Vivo,tournament,3.111,0.199062,0.43907,0.347578,0.360239,0.283875
1930_14_Uruguay,Uruguay,Vivo,tournament,3.166,0.143992,0.429484,0.365925,0.360239,0.283511
1930_6_Chile,Chile,Hisense,tournament,3.272,0.116218,0.226788,0.289212,0.667483,0.281925
1958_115_Wales,Wales,Coca-Cola,tournament,3.27,0.253669,0.117031,0.236611,0.632453,0.281144
1970_218_El_Salvador,El Salvador,Budweiser,tournament,3.115,0.330926,0.169645,0.28132,0.592808,0.279162
1974_243_Scotland,Scotland,Adidas,tournament,3.278,0.186553,0.205942,0.171274,0.659456,0.277523
1970_224_Belgium,Belgium,Visa,tournament,3.176,0.211151,0.235049,0.206197,0.704752,0.277361
1962_157_Bulgaria,Bulgaria,Visa,tournament,3.231,0.185742,0.201751,0.29432,0.583058,0.276854
1986_362_Canada,Canada,Qatar Airways,group_or_knockout,3.129,0.369652,0.172891,0.254706,0.482532,0.27629
1966_188_Mexico,Mexico,Vivo,tournament,3.111,0.199062,0.426145,0.305556,0.362371,0.275878
2026_971_Scotland,Scotland,Adidas,group_or_knockout,2.758,0.511754,0.25908,0.307786,0.659456,0.274603
1970_215_Sweden,Sweden,Budweiser,tournament,2.891,0.280292,0.285279,0.403056,0.721092,0.274279
1986_384_Belgium,Belgium,Visa,group_or_knockout,2.726,0.444631,0.265275,0.404308,0.704752,0.272647
1930_13_Brazil,Brazil,Adidas,tournament,2.857,0.106522,0.387516,0.447691,0.900554,0.271903
1994_494_Republic_of_Ireland,Republic of Ireland,Hisense,group_or_knockout,3.09,0.34851,0.176919,0.249969,0.556158,0.271327
1994_472_Mexico,Mexico,Vivo,group_or_knockout,2.871,0.36451,0.445902,0.325286,0.362371,0.270992
1970_204_Uruguay,Uruguay,Vivo,tournament,2.874,0.291587,0.437046,0.406469,0.360239,0.265102
2010_722_New_Zealand,New Zealand,McDonald's,group_or_knockout,2.867,0.548704,0.338426,0.262523,0.186112,0.264963
1934_24_Egypt,Egypt,Hyundai,tournament,3.204,0.213224,0.17585,0.188552,0.637317,0.263501
2026_969_Qatar,Qatar,Vivo,group_or_knockout,2.879,0.563773,0.346974,0.220624,0.151887,0.262909
1994_494_Norway,Norway,McDonald's,group_or_knockout,3.09,0.34851,0.289932,0.228021,0.273321,0.260313
1990_416_United_Arab_Emirates,United Arab Emirates,Adidas,group_or_knockout,3.064,0.372293,0.113045,0.18277,0.58295,0.253177
1930_11_France,France,Qatar Airways,tournament,3.171,0.005626,0.254128,0.242662,0.829643,0.252182
1934_27_Hungary,Hungary,Adidas,tournament,3.031,0.093614,0.307964,0.318127,0.691749,0.250237
1986_390_Iraq,Iraq,McDonald's,group_or_knockout,3.309,0.293174,0.273576,0.073622,0.101589,0.249844
1950_65_Bolivia,Bolivia,Hisense,tournament,3.032,0.33693,0.191579,0.173013,0.555042,0.249029
1974_249_Chile,Chile,Hisense,tournament,2.967,0.227525,0.23096,0.275368,0.667483,0.24473
1950_67_England,England,McDonald's,tournament,3.103,0.118252,0.334327,0.273416,0.452957,0.244545
2006_650_Angola,Angola,Coca-Cola,group_or_knockout,2.924,0.434495,0.129021,0.207313,0.564869,0.243596
1930_7_Yugoslavia,Yugoslavia,Qatar Airways,tournament,2.947,0.134844,0.286912,0.384225,0.61998,0.240934
1934_27_Austria,Austria,McDonald's,tournament,3.031,0.093614,0.468834,0.29421,0.335321,0.240203
2006_649_Trinidad_and_Tobago,Trinidad and Tobago,Mengniu,group_or_knockout,2.803,0.500397,0.271049,0.310651,0.199947,0.237635
2006_676_Togo,Togo,Vivo,group_or_knockout,2.749,0.537916,0.299128,0.276841,0.166178,0.232122
1974_247_Haiti,Haiti,Mengniu,tournament,2.776,0.519382,0.336751,0.26602,0.096571,0.231696
1970_223_Italy,Italy,Visa,tournament,2.804,0.200478,0.222936,0.31287,0.874646,0.230971
1930_9_Uruguay,Uruguay,Vivo,tournament,3.111,0.019952,0.377806,0.295238,0.360239,0.226115
1974_249_Australia,Australia,Mengniu,tournament,2.967,0.227525,0.347755,0.281242,0.258668,0.225694
1938_38_Cuba,Cuba,Mengniu,tournament,3.051,0.274976,0.294227,0.194841,0.185307,0.223727
1994_472_Norway,Norway,McDonald's,group_or_knockout,2.871,0.36451,0.268439,0.232787,0.273321,0.217194
1930_11_Chile,Chile,Hisense,tournament,3.171,0.005626,0.176929,0.205688,0.667483,0.216894
1930_9_Peru,Peru,Budweiser,tournament,3.111,0.019952,0.196798,0.187129,0.676601,0.210035
2026_971_Haiti,Haiti,Mengniu,group_or_knockout,2.758,0.511754,0.328932,0.15604,0.096571,0.209643
1938_43_Romania,Romania,Qatar Airways,tournament,2.848,0.107733,0.195402,0.253943,0.780763,0.1967
1938_46_Cuba,Cuba,Mengniu,tournament,2.983,0.271032,0.281785,0.103757,0.185307,0.19438
1986_384_Iraq,Iraq,McDonald's,group_or_knockout,2.726,0.444631,0.246268,0.221221,0.101589,0.183277
1970_204_Israel,Israel,Budweiser,tournament,2.874,0.291587,0.081976,0.143239,0.447206,0.173034
1970_215_Israel,Israel,Budweiser,tournament,2.891,0.280292,0.080846,0.135309,0.447206,0.172608
1930_7_Bolivia,Bolivia,Hisense,tournament,2.947,0.134844,0.115809,0.152831,0.555042,0.171247
1930_13_Bolivia,Bolivia,Hisense,tournament,2.857,0.106522,0.096483,0.110939,0.555042,0.137821
1970_223_Israel,Israel,Budweiser,tournament,2.804,0.200478,0.042,0.094527,0.447206,0.125091
1938_43_Cuba,Cuba,Mengniu,tournament,2.848,0.107733,0.205716,0.083534,0.185307,0.115154
