match_id,year,team_a,team_b,stage,neutral_site,host_advantage_a,stadium_capacity_k,temperature_c,humidity,weather,event_attention_m,media_reposts_k,result,city,country,date
1,1930,Belgium,United States,tournament,True,0.0,62.0,24.3,51.9,cloudy,31.6,55.85,B_win,Montevideo,Uruguay,1930-07-13
2,1930,France,Mexico,tournament,True,0.0,44.5,26.7,29.2,clear,36.0,75.76,A_win,Montevideo,Uruguay,1930-07-13
3,1930,Brazil,Yugoslavia,tournament,True,0.0,67.8,17.0,46.0,clear,31.6,101.5,B_win,Montevideo,Uruguay,1930-07-14
4,1930,Peru,Romania,tournament,True,0.0,70.2,16.8,43.5,clear,33.8,153.92,B_win,Montevideo,Uruguay,1930-07-14
5,1930,Argentina,France,tournament,True,0.0,32.6,29.6,44.1,cloudy,27.2,84.9,A_win,Montevideo,Uruguay,1930-07-15
6,1930,Chile,Mexico,tournament,True,0.0,41.1,20.5,90.0,clear,31.6,105.72,A_win,Montevideo,Uruguay,1930-07-16
7,1930,Bolivia,Yugoslavia,tournament,True,0.0,59.7,14.5,58.9,cloudy,33.8,97.06,B_win,Montevideo,Uruguay,1930-07-17
8,1930,Paraguay,United States,tournament,True,0.0,53.9,25.7,61.9,rain,31.6,67.75,B_win,Montevideo,Uruguay,1930-07-17
9,1930,Uruguay,Peru,tournament,False,0.18,57.8,25.8,29.6,hot,27.2,67.76,A_win,Montevideo,Uruguay,1930-07-18
10,1930,Argentina,Mexico,tournament,True,0.0,46.9,13.8,47.5,clear,44.8,91.18,A_win,Montevideo,Uruguay,1930-07-19
11,1930,Chile,France,tournament,True,0.0,69.4,24.4,61.4,cloudy,27.2,54.34,A_win,Montevideo,Uruguay,1930-07-19
12,1930,Belgium,Paraguay,tournament,True,0.0,68.1,27.4,41.6,cloudy,27.2,86.98,B_win,Montevideo,Uruguay,1930-07-20
13,1930,Bolivia,Brazil,tournament,True,0.0,58.9,25.2,72.5,cloudy,33.8,70.53,B_win,Montevideo,Uruguay,1930-07-20
14,1930,Uruguay,Romania,tournament,False,0.18,72.7,26.8,38.8,cloudy,33.8,105.63,A_win,Montevideo,Uruguay,1930-07-21
15,1930,Argentina,Chile,tournament,True,0.0,64.1,14.6,53.4,clear,33.8,67.08,A_win,Montevideo,Uruguay,1930-07-22
16,1930,Argentina,United States,tournament,True,0.0,46.8,25.0,48.6,windy,40.4,125.44,A_win,Montevideo,Uruguay,1930-07-26
17,1930,Uruguay,Yugoslavia,tournament,False,0.18,62.8,21.2,60.6,clear,40.4,100.69,A_win,Montevideo,Uruguay,1930-07-27
18,1930,Uruguay,Argentina,tournament,False,0.18,45.5,20.1,47.8,hot,38.2,161.85,A_win,Montevideo,Uruguay,1930-07-30
19,1934,Argentina,Sweden,tournament,True,0.0,69.4,28.2,53.7,cloudy,37.46,117.2,B_win,Bologna,Italy,1934-05-27
20,1934,Austria,France,tournament,True,0.0,57.4,31.9,54.2,clear,37.46,151.3,A_win,Turin,Italy,1934-05-27
21,1934,Belgium,Germany,tournament,True,0.0,55.6,33.8,46.2,rain,41.86,96.81,B_win,Florence,Italy,1934-05-27
22,1934,Brazil,Spain,tournament,True,0.0,49.1,30.9,65.8,clear,35.26,102.36,B_win,Genoa,Italy,1934-05-27
23,1934,Czechoslovakia,Romania,tournament,True,0.0,73.9,22.3,61.8,rain,33.06,71.78,A_win,Trieste,Italy,1934-05-27
24,1934,Egypt,Hungary,tournament,True,0.0,56.0,25.1,56.6,cloudy,39.66,100.94,B_win,Naples,Italy,1934-05-27
25,1934,Italy,United States,tournament,False,0.18,52.4,27.6,51.1,clear,44.06,117.0,A_win,Rome,Italy,1934-05-27
26,1934,Netherlands,Switzerland,tournament,True,0.0,53.4,23.7,70.7,clear,37.46,87.36,B_win,Milan,Italy,1934-05-27
27,1934,Austria,Hungary,tournament,True,0.0,64.9,23.8,54.2,rain,33.06,67.22,A_win,Bologna,Italy,1934-05-31
28,1934,Czechoslovakia,Switzerland,tournament,True,0.0,62.8,27.9,53.1,clear,37.46,72.06,A_win,Turin,Italy,1934-05-31
29,1934,Germany,Sweden,tournament,True,0.0,63.4,22.6,59.7,hot,33.06,49.07,A_win,Milan,Italy,1934-05-31
30,1934,Italy,Spain,tournament,False,0.18,63.6,18.6,85.1,rain,30.86,65.61,draw,Florence,Italy,1934-05-31
31,1934,Italy,Spain,tournament,False,0.18,85.8,20.5,36.6,rain,28.66,97.63,A_win,Florence,Italy,1934-06-01
32,1934,Czechoslovakia,Germany,tournament,True,0.0,52.7,26.8,70.3,clear,35.26,64.4,A_win,Rome,Italy,1934-06-03
33,1934,Italy,Austria,tournament,False,0.18,51.3,23.0,27.7,rain,28.66,55.84,A_win,Milan,Italy,1934-06-03
34,1934,Austria,Germany,tournament,True,0.0,47.4,25.0,61.5,windy,37.46,176.75,B_win,Naples,Italy,1934-06-07
35,1934,Italy,Czechoslovakia,tournament,False,0.18,66.0,27.0,83.2,clear,33.06,79.05,A_win,Rome,Italy,1934-06-10
36,1938,Germany,Switzerland,tournament,True,0.0,72.7,20.8,65.8,clear,32.32,101.05,draw,Paris,France,1938-06-04
37,1938,Brazil,Poland,tournament,True,0.0,56.5,27.5,60.7,clear,52.12,178.29,A_win,Strasbourg,France,1938-06-05
38,1938,Cuba,Romania,tournament,True,0.0,47.1,25.3,49.0,clear,41.12,141.46,draw,Toulouse,France,1938-06-05
39,1938,Czechoslovakia,Netherlands,tournament,True,0.0,47.3,15.6,58.5,rain,34.52,64.41,A_win,Le Havre,France,1938-06-05
40,1938,France,Belgium,tournament,False,0.18,66.5,31.7,54.0,cloudy,36.72,98.36,A_win,Colombes,France,1938-06-05
41,1938,Hungary,Indonesia,tournament,True,0.0,67.7,20.0,45.4,cloudy,41.12,74.69,A_win,Reims,France,1938-06-05
42,1938,Italy,Norway,tournament,True,0.0,65.1,13.1,53.4,clear,34.52,195.69,A_win,Marseille,France,1938-06-05
43,1938,Cuba,Romania,tournament,True,0.0,49.3,16.7,61.2,clear,34.52,63.12,A_win,Toulouse,France,1938-06-09
44,1938,Germany,Switzerland,tournament,True,0.0,61.0,16.9,45.7,clear,41.12,87.63,B_win,Paris,France,1938-06-09
45,1938,Brazil,Czechoslovakia,tournament,True,0.0,59.5,23.3,45.1,hot,32.32,69.01,draw,Bordeaux,France,1938-06-12
46,1938,Cuba,Sweden,tournament,True,0.0,60.8,21.4,36.2,cloudy,45.52,85.55,B_win,Antibes,France,1938-06-12
47,1938,France,Italy,tournament,False,0.18,69.3,21.0,64.3,clear,36.72,153.25,B_win,Colombes,France,1938-06-12
48,1938,Hungary,Switzerland,tournament,True,0.0,60.9,26.7,66.7,rain,32.32,181.99,A_win,Lille,France,1938-06-12
49,1938,Brazil,Czechoslovakia,tournament,True,0.0,66.8,25.0,61.7,clear,34.52,86.34,A_win,Bordeaux,France,1938-06-14
50,1938,Brazil,Italy,tournament,True,0.0,58.9,24.9,73.4,clear,34.52,68.16,B_win,Marseille,France,1938-06-16
51,1938,Hungary,Sweden,tournament,True,0.0,61.8,25.5,59.4,clear,41.12,62.81,A_win,Paris,France,1938-06-16
52,1938,Brazil,Sweden,tournament,True,0.0,66.2,26.7,64.3,windy,41.12,109.74,A_win,Bordeaux,France,1938-06-19
53,1938,Hungary,Italy,tournament,True,0.0,39.1,10.4,62.9,rain,41.12,107.55,B_win,Colombes,France,1938-06-19
54,1950,Brazil,Mexico,tournament,False,0.18,53.8,20.8,56.5,cloudy,41.09,97.85,A_win,Rio de Janeiro,Brazil,1950-06-24
55,1950,Chile,England,tournament,True,0.0,51.9,9.9,49.5,clear,36.69,111.55,B_win,Rio de Janeiro,Brazil,1950-06-25
56,1950,Italy,Sweden,tournament,True,0.0,49.7,23.2,93.4,clear,43.29,138.18,B_win,São Paulo,Brazil,1950-06-25
57,1950,Spain,United States,tournament,True,0.0,54.4,23.0,50.8,cloudy,41.09,128.54,A_win,Curitiba,Brazil,1950-06-25
58,1950,Switzerland,Yugoslavia,tournament,True,0.0,77.4,29.3,47.3,clear,38.89,101.72,B_win,Belo Horizonte,Brazil,1950-06-25
59,1950,Brazil,Switzerland,tournament,False,0.18,46.7,30.1,64.9,windy,41.09,86.26,draw,São Paulo,Brazil,1950-06-28
60,1950,Mexico,Yugoslavia,tournament,True,0.0,70.6,24.2,62.0,rain,43.29,149.06,B_win,Porto Alegre,Brazil,1950-06-28
61,1950,Chile,Spain,tournament,True,0.0,36.1,20.0,35.5,cloudy,36.69,105.22,B_win,Rio de Janeiro,Brazil,1950-06-29
62,1950,England,United States,tournament,True,0.0,53.6,25.9,76.0,rain,34.49,126.39,B_win,Belo Horizonte,Brazil,1950-06-29
63,1950,Paraguay,Sweden,tournament,True,0.0,60.1,19.8,56.5,windy,41.09,146.49,draw,Curitiba,Brazil,1950-06-29
64,1950,Brazil,Yugoslavia,tournament,False,0.18,65.6,23.0,40.2,cloudy,36.69,70.42,A_win,Rio de Janeiro,Brazil,1950-07-01
65,1950,Bolivia,Uruguay,tournament,True,0.0,67.2,28.9,77.0,cloudy,49.89,95.42,B_win,Belo Horizonte,Brazil,1950-07-02
66,1950,Chile,United States,tournament,True,0.0,68.3,19.7,68.0,hot,47.69,110.3,A_win,Recife,Brazil,1950-07-02
67,1950,England,Spain,tournament,True,0.0,53.5,27.8,37.8,clear,34.49,73.33,B_win,Rio de Janeiro,Brazil,1950-07-02
68,1950,Italy,Paraguay,tournament,True,0.0,52.0,27.1,86.4,hot,36.69,129.54,A_win,São Paulo,Brazil,1950-07-02
69,1950,Mexico,Switzerland,tournament,True,0.0,69.2,17.3,68.5,clear,38.89,122.62,B_win,Porto Alegre,Brazil,1950-07-02
70,1950,Brazil,Sweden,tournament,False,0.18,55.5,28.8,57.8,cloudy,49.89,193.95,A_win,Rio de Janeiro,Brazil,1950-07-09
71,1950,Spain,Uruguay,tournament,True,0.0,41.4,27.2,83.4,rain,41.09,131.21,draw,São Paulo,Brazil,1950-07-09
72,1950,Brazil,Spain,tournament,False,0.18,43.3,23.6,60.5,cloudy,47.69,144.48,A_win,Rio de Janeiro,Brazil,1950-07-13
73,1950,Sweden,Uruguay,tournament,True,0.0,46.0,18.4,57.6,cloudy,43.29,173.1,B_win,São Paulo,Brazil,1950-07-13
74,1950,Brazil,Uruguay,tournament,False,0.18,64.5,17.8,47.4,cloudy,38.89,126.76,B_win,Rio de Janeiro,Brazil,1950-07-16
75,1950,Spain,Sweden,tournament,True,0.0,59.9,19.8,67.3,clear,41.09,119.68,B_win,São Paulo,Brazil,1950-07-16
76,1954,Austria,Scotland,tournament,True,0.0,67.0,26.3,65.6,clear,35.95,155.5,A_win,Zürich,Switzerland,1954-06-16
77,1954,Brazil,Mexico,tournament,True,0.0,52.4,17.3,58.2,clear,44.75,132.07,A_win,Geneva,Switzerland,1954-06-16
78,1954,Czechoslovakia,Uruguay,tournament,True,0.0,60.1,25.6,45.4,cloudy,38.15,100.11,B_win,Bern,Switzerland,1954-06-16
79,1954,France,Yugoslavia,tournament,True,0.0,66.1,15.5,60.1,cloudy,35.95,81.25,B_win,Lausanne,Switzerland,1954-06-16
80,1954,Belgium,England,tournament,True,0.0,54.0,21.8,56.9,clear,51.35,178.66,draw,Basel,Switzerland,1954-06-17
81,1954,Germany,Turkey,tournament,True,0.0,63.9,23.7,36.7,hot,44.75,180.81,A_win,Bern,Switzerland,1954-06-17
82,1954,Hungary,South Korea,tournament,True,0.0,49.4,37.7,34.5,clear,53.55,150.87,A_win,Zürich,Switzerland,1954-06-17
83,1954,Switzerland,Italy,tournament,False,0.18,53.3,14.7,67.0,cloudy,40.35,166.3,A_win,Lausanne,Switzerland,1954-06-17
84,1954,Austria,Czechoslovakia,tournament,True,0.0,53.0,31.8,16.4,clear,44.75,73.66,A_win,Zürich,Switzerland,1954-06-19
85,1954,Brazil,Yugoslavia,tournament,True,0.0,42.5,23.9,61.3,clear,38.15,107.34,draw,Lausanne,Switzerland,1954-06-19
86,1954,France,Mexico,tournament,True,0.0,64.3,25.5,50.4,rain,44.75,126.45,A_win,Geneva,Switzerland,1954-06-19
87,1954,Scotland,Uruguay,tournament,True,0.0,51.9,23.7,78.9,cloudy,49.15,114.59,B_win,Basel,Switzerland,1954-06-19
88,1954,Belgium,Italy,tournament,True,0.0,58.2,25.7,50.1,clear,44.75,249.28,B_win,Lugano,Switzerland,1954-06-20
89,1954,Germany,Hungary,tournament,True,0.0,64.2,22.1,68.6,windy,57.95,162.56,B_win,Basel,Switzerland,1954-06-20
90,1954,South Korea,Turkey,tournament,True,0.0,63.8,31.7,51.6,rain,49.15,125.3,B_win,Geneva,Switzerland,1954-06-20
91,1954,Switzerland,England,tournament,False,0.18,66.7,20.3,59.8,rain,38.15,109.81,B_win,Bern,Switzerland,1954-06-20
92,1954,Germany,Turkey,tournament,True,0.0,56.7,29.8,69.8,hot,53.55,87.34,A_win,Zürich,Switzerland,1954-06-23
93,1954,Switzerland,Italy,tournament,False,0.18,52.5,19.1,50.6,hot,44.75,103.37,A_win,Basel,Switzerland,1954-06-23
94,1954,England,Uruguay,tournament,True,0.0,57.0,22.6,73.9,clear,46.95,176.69,B_win,Basel,Switzerland,1954-06-26
95,1954,Switzerland,Austria,tournament,False,0.18,36.1,16.6,42.1,cloudy,60.15,144.13,B_win,Lausanne,Switzerland,1954-06-26
96,1954,Brazil,Hungary,tournament,True,0.0,39.2,25.7,62.7,cloudy,46.95,106.38,B_win,Bern,Switzerland,1954-06-27
97,1954,Germany,Yugoslavia,tournament,True,0.0,40.8,31.7,72.8,clear,38.15,157.31,A_win,Geneva,Switzerland,1954-06-27
98,1954,Austria,Germany,tournament,True,0.0,45.0,22.5,68.6,clear,49.15,204.41,B_win,Basel,Switzerland,1954-06-30
99,1954,Hungary,Uruguay,tournament,True,0.0,63.2,21.8,88.7,clear,46.95,155.06,A_win,Lausanne,Switzerland,1954-06-30
100,1954,Austria,Uruguay,tournament,True,0.0,46.2,16.3,45.8,cloudy,42.55,107.04,A_win,Zürich,Switzerland,1954-07-03
101,1954,Germany,Hungary,tournament,True,0.0,53.1,21.6,35.9,rain,44.75,119.59,A_win,Bern,Switzerland,1954-07-04
102,1958,Argentina,Germany,tournament,True,0.0,74.9,13.4,42.1,rain,44.01,100.41,B_win,Malmö,Sweden,1958-06-08
103,1958,Austria,Brazil,tournament,True,0.0,53.4,17.5,68.6,clear,41.81,90.43,B_win,Uddevalla,Sweden,1958-06-08
104,1958,Czechoslovakia,Northern Ireland,tournament,True,0.0,67.6,24.4,66.0,clear,37.41,79.8,B_win,Halmstad,Sweden,1958-06-08
105,1958,England,Russia,tournament,True,0.0,45.9,30.9,59.6,cloudy,44.01,105.78,draw,Gothenburg,Sweden,1958-06-08
106,1958,France,Paraguay,tournament,True,0.0,55.3,39.0,40.0,cloudy,57.21,122.36,A_win,Norrköping,Sweden,1958-06-08
107,1958,Hungary,Wales,tournament,True,0.0,45.6,19.5,70.3,hot,39.61,73.06,draw,Sandviken,Sweden,1958-06-08
108,1958,Scotland,Yugoslavia,tournament,True,0.0,53.6,31.6,38.4,hot,39.61,120.36,draw,Västerås,Sweden,1958-06-08
109,1958,Sweden,Mexico,tournament,False,0.18,68.9,24.5,76.5,hot,41.81,127.59,A_win,Solna,Sweden,1958-06-08
110,1958,Argentina,Northern Ireland,tournament,True,0.0,35.5,22.1,96.0,hot,44.01,202.48,A_win,Halmstad,Sweden,1958-06-11
111,1958,Austria,Russia,tournament,True,0.0,63.6,25.6,63.9,windy,39.61,93.87,B_win,Borås,Sweden,1958-06-11
112,1958,Brazil,England,tournament,True,0.0,61.1,23.4,67.3,cloudy,35.21,109.32,draw,Gothenburg,Sweden,1958-06-11
113,1958,Czechoslovakia,Germany,tournament,True,0.0,50.3,23.7,50.1,clear,44.01,137.27,draw,Helsingborg,Sweden,1958-06-11
114,1958,France,Yugoslavia,tournament,True,0.0,39.2,20.6,29.0,clear,46.21,122.99,B_win,Västerås,Sweden,1958-06-11
115,1958,Mexico,Wales,tournament,True,0.0,58.9,14.6,48.4,clear,39.61,139.42,draw,Solna,Sweden,1958-06-11
116,1958,Paraguay,Scotland,tournament,True,0.0,51.1,13.7,40.5,clear,46.21,164.06,A_win,Norrköping,Sweden,1958-06-11
117,1958,Sweden,Hungary,tournament,False,0.18,61.0,26.9,34.8,clear,41.81,130.95,A_win,Solna,Sweden,1958-06-12
118,1958,Argentina,Czechoslovakia,tournament,True,0.0,58.3,21.3,85.6,windy,50.61,134.64,B_win,Helsingborg,Sweden,1958-06-15
119,1958,Austria,England,tournament,True,0.0,78.8,19.4,62.4,clear,44.01,113.78,draw,Borås,Sweden,1958-06-15
120,1958,Brazil,Russia,tournament,True,0.0,54.9,23.1,64.1,windy,39.61,77.18,A_win,Gothenburg,Sweden,1958-06-15
121,1958,France,Scotland,tournament,True,0.0,44.7,27.8,53.1,rain,41.81,95.34,A_win,Örebro,Sweden,1958-06-15
122,1958,Germany,Northern Ireland,tournament,True,0.0,60.3,24.1,55.2,cloudy,44.01,105.66,draw,Malmö,Sweden,1958-06-15
123,1958,Hungary,Mexico,tournament,True,0.0,60.9,19.1,73.4,rain,44.01,91.81,A_win,Sandviken,Sweden,1958-06-15
124,1958,Paraguay,Yugoslavia,tournament,True,0.0,75.7,30.4,57.5,clear,48.41,156.47,draw,Eskilstuna,Sweden,1958-06-15
125,1958,Sweden,Wales,tournament,False,0.18,68.9,32.5,66.5,cloudy,35.21,140.67,draw,Solna,Sweden,1958-06-15
126,1958,Czechoslovakia,Northern Ireland,tournament,True,0.0,62.6,26.0,54.9,clear,41.81,92.65,B_win,Malmö,Sweden,1958-06-17
127,1958,England,Russia,tournament,True,0.0,77.0,28.8,52.5,windy,37.41,115.73,B_win,Gothenburg,Sweden,1958-06-17
128,1958,Hungary,Wales,tournament,True,0.0,42.5,30.5,35.5,clear,41.81,89.44,B_win,Solna,Sweden,1958-06-17
129,1958,Brazil,Wales,tournament,True,0.0,49.7,29.8,26.4,clear,37.41,98.16,A_win,Gothenburg,Sweden,1958-06-19
130,1958,France,Northern Ireland,tournament,True,0.0,46.0,26.7,53.8,rain,44.01,103.66,A_win,Norrköping,Sweden,1958-06-19
131,1958,Germany,Yugoslavia,tournament,True,0.0,52.9,26.6,58.9,cloudy,37.41,126.53,A_win,Malmö,Sweden,1958-06-19
132,1958,Sweden,Russia,tournament,False,0.18,40.1,26.1,37.4,cloudy,39.61,93.6,A_win,Solna,Sweden,1958-06-19
133,1958,Brazil,France,tournament,True,0.0,66.3,16.4,57.4,cloudy,50.61,191.98,A_win,Solna,Sweden,1958-06-24
134,1958,Sweden,Germany,tournament,False,0.18,55.1,27.2,58.9,clear,44.01,117.4,A_win,Gothenburg,Sweden,1958-06-24
135,1958,France,Germany,tournament,True,0.0,38.9,14.9,23.5,rain,55.01,131.06,A_win,Gothenburg,Sweden,1958-06-28
136,1958,Sweden,Brazil,tournament,False,0.18,44.8,18.2,43.4,clear,50.61,101.82,B_win,Solna,Sweden,1958-06-29
137,1962,Argentina,Bulgaria,tournament,True,0.0,62.1,30.8,64.5,clear,38.87,119.24,A_win,Rancagua,Chile,1962-05-30
138,1962,Brazil,Mexico,tournament,True,0.0,68.9,28.0,64.2,clear,41.07,150.8,A_win,Viña del Mar,Chile,1962-05-30
139,1962,Chile,Switzerland,tournament,False,0.18,84.0,31.9,39.5,clear,45.47,140.27,A_win,Santiago,Chile,1962-05-30
140,1962,Colombia,Uruguay,tournament,True,0.0,95.0,21.4,60.5,clear,43.27,231.44,B_win,Arica,Chile,1962-05-30
141,1962,Czechoslovakia,Spain,tournament,True,0.0,63.4,16.1,74.4,cloudy,38.87,165.76,A_win,Viña del Mar,Chile,1962-05-31
142,1962,England,Hungary,tournament,True,0.0,45.1,21.6,70.4,clear,43.27,113.45,B_win,Rancagua,Chile,1962-05-31
143,1962,Germany,Italy,tournament,True,0.0,30.3,23.6,56.5,clear,36.67,95.86,draw,Santiago,Chile,1962-05-31
144,1962,Russia,Yugoslavia,tournament,True,0.0,61.5,23.5,50.5,cloudy,41.07,133.86,A_win,Arica,Chile,1962-05-31
145,1962,Argentina,England,tournament,True,0.0,47.4,29.8,47.9,clear,45.47,102.76,B_win,Rancagua,Chile,1962-06-02
146,1962,Brazil,Czechoslovakia,tournament,True,0.0,52.6,20.8,65.5,rain,36.67,145.26,draw,Viña del Mar,Chile,1962-06-02
147,1962,Chile,Italy,tournament,False,0.18,50.0,25.1,61.1,windy,41.07,129.87,A_win,Santiago,Chile,1962-06-02
148,1962,Uruguay,Yugoslavia,tournament,True,0.0,56.2,17.1,68.1,cloudy,45.47,139.61,B_win,Arica,Chile,1962-06-02
149,1962,Bulgaria,Hungary,tournament,True,0.0,71.9,25.7,60.1,hot,52.07,180.36,B_win,Rancagua,Chile,1962-06-03
150,1962,Colombia,Russia,tournament,True,0.0,60.0,23.0,71.1,clear,54.27,251.23,draw,Arica,Chile,1962-06-03
151,1962,Germany,Switzerland,tournament,True,0.0,55.9,18.5,59.5,clear,43.27,129.71,A_win,Santiago,Chile,1962-06-03
152,1962,Mexico,Spain,tournament,True,0.0,44.5,21.6,70.6,rain,38.87,107.62,B_win,Viña del Mar,Chile,1962-06-03
153,1962,Argentina,Hungary,tournament,True,0.0,36.2,21.9,71.9,rain,36.67,159.88,draw,Rancagua,Chile,1962-06-06
154,1962,Brazil,Spain,tournament,True,0.0,51.7,21.4,45.1,hot,43.27,162.13,A_win,Viña del Mar,Chile,1962-06-06
155,1962,Chile,Germany,tournament,False,0.18,57.3,33.6,29.1,clear,41.07,107.28,B_win,Santiago,Chile,1962-06-06
156,1962,Russia,Uruguay,tournament,True,0.0,81.0,22.4,82.7,rain,43.27,123.83,A_win,Arica,Chile,1962-06-06
157,1962,Bulgaria,England,tournament,True,0.0,59.7,21.5,62.1,clear,36.67,110.68,draw,Rancagua,Chile,1962-06-07
158,1962,Colombia,Yugoslavia,tournament,True,0.0,70.8,10.4,30.6,clear,47.67,150.75,B_win,Arica,Chile,1962-06-07
159,1962,Czechoslovakia,Mexico,tournament,True,0.0,51.5,17.6,46.6,clear,45.47,88.87,B_win,Viña del Mar,Chile,1962-06-07
160,1962,Italy,Switzerland,tournament,True,0.0,42.6,21.4,70.3,windy,43.27,80.28,A_win,Santiago,Chile,1962-06-07
161,1962,Brazil,England,tournament,True,0.0,45.5,18.9,53.5,clear,45.47,101.35,A_win,Viña del Mar,Chile,1962-06-10
162,1962,Chile,Russia,tournament,False,0.18,48.6,31.3,49.8,hot,43.27,94.38,A_win,Arica,Chile,1962-06-10
163,1962,Czechoslovakia,Hungary,tournament,True,0.0,85.7,22.0,80.4,cloudy,38.87,92.75,A_win,Rancagua,Chile,1962-06-10
164,1962,Germany,Yugoslavia,tournament,True,0.0,47.3,30.7,41.2,rain,38.87,132.68,B_win,Santiago,Chile,1962-06-10
165,1962,Chile,Brazil,tournament,False,0.18,68.9,23.4,45.2,rain,49.87,135.93,B_win,Santiago,Chile,1962-06-13
166,1962,Czechoslovakia,Yugoslavia,tournament,True,0.0,46.3,23.2,61.4,hot,45.47,137.28,A_win,Viña del Mar,Chile,1962-06-13
167,1962,Chile,Yugoslavia,tournament,False,0.18,70.1,22.5,64.2,clear,38.87,78.84,A_win,Santiago,Chile,1962-06-16
168,1962,Brazil,Czechoslovakia,tournament,True,0.0,63.0,23.0,65.9,clear,45.47,114.18,A_win,Santiago,Chile,1962-06-17
169,1966,England,Uruguay,tournament,False,0.18,56.0,33.3,72.6,cloudy,38.12,128.4,draw,London,England,1966-07-11
170,1966,Brazil,Bulgaria,tournament,True,0.0,57.5,9.1,61.2,clear,42.52,143.53,A_win,Liverpool,England,1966-07-12
171,1966,Germany,Switzerland,tournament,True,0.0,49.5,11.0,65.8,clear,49.12,114.59,A_win,Sheffield,England,1966-07-12
172,1966,North Korea,Russia,tournament,True,0.0,63.8,19.7,53.9,clear,44.72,133.71,B_win,Middlesbrough,England,1966-07-12
173,1966,Argentina,Spain,tournament,True,0.0,52.1,23.1,59.0,clear,44.72,236.54,A_win,Birmingham,England,1966-07-13
174,1966,Chile,Italy,tournament,True,0.0,42.1,27.1,59.7,clear,42.52,120.91,B_win,Sunderland,England,1966-07-13
175,1966,France,Mexico,tournament,True,0.0,41.4,25.8,61.4,clear,42.52,100.07,draw,London,England,1966-07-13
176,1966,Hungary,Portugal,tournament,True,0.0,60.2,20.7,70.4,hot,46.92,127.71,B_win,Manchester,England,1966-07-13
177,1966,Brazil,Hungary,tournament,True,0.0,78.5,29.1,66.9,clear,46.92,137.59,B_win,Liverpool,England,1966-07-15
178,1966,Chile,North Korea,tournament,True,0.0,60.1,29.2,58.7,windy,42.52,116.47,draw,Middlesbrough,England,1966-07-15
179,1966,France,Uruguay,tournament,True,0.0,56.5,24.1,45.1,windy,44.72,126.68,B_win,London,England,1966-07-15
180,1966,Spain,Switzerland,tournament,True,0.0,61.7,28.8,59.1,clear,44.72,85.31,A_win,Sheffield,England,1966-07-15
181,1966,Argentina,Germany,tournament,True,0.0,75.0,24.6,57.6,rain,38.12,83.2,draw,Birmingham,England,1966-07-16
182,1966,Bulgaria,Portugal,tournament,True,0.0,60.9,19.6,61.1,cloudy,44.72,122.56,B_win,Manchester,England,1966-07-16
183,1966,England,Mexico,tournament,False,0.18,52.7,27.2,93.3,rain,42.52,116.01,A_win,London,England,1966-07-16
184,1966,Italy,Russia,tournament,True,0.0,72.4,23.7,49.6,clear,40.33,98.35,B_win,Sunderland,England,1966-07-16
185,1966,Argentina,Switzerland,tournament,True,0.0,63.6,23.0,64.8,clear,42.52,115.63,A_win,Sheffield,England,1966-07-19
186,1966,Brazil,Portugal,tournament,True,0.0,78.0,31.8,75.1,clear,46.92,136.39,B_win,Liverpool,England,1966-07-19
187,1966,Italy,North Korea,tournament,True,0.0,60.4,8.3,59.6,cloudy,40.33,147.84,B_win,Middlesbrough,England,1966-07-19
188,1966,Mexico,Uruguay,tournament,True,0.0,42.1,14.5,95.4,windy,38.12,105.95,draw,London,England,1966-07-19
189,1966,Bulgaria,Hungary,tournament,True,0.0,40.2,15.9,52.0,rain,46.92,149.93,B_win,Manchester,England,1966-07-20
190,1966,Chile,Russia,tournament,True,0.0,79.5,20.8,63.2,rain,44.72,109.81,B_win,Sunderland,England,1966-07-20
191,1966,England,France,tournament,False,0.18,80.4,21.5,45.2,windy,42.52,142.62,A_win,London,England,1966-07-20
192,1966,Germany,Spain,tournament,True,0.0,55.7,14.0,52.4,rain,44.72,141.97,A_win,Birmingham,England,1966-07-20
193,1966,England,Argentina,tournament,False,0.18,53.0,17.1,62.0,clear,40.33,146.87,A_win,London,England,1966-07-23
194,1966,Germany,Uruguay,tournament,True,0.0,77.0,17.8,71.5,hot,46.92,163.73,A_win,Sheffield,England,1966-07-23
195,1966,Hungary,Russia,tournament,True,0.0,43.6,37.7,63.1,clear,44.72,150.7,B_win,Sunderland,England,1966-07-23
196,1966,North Korea,Portugal,tournament,True,0.0,46.4,33.8,78.1,clear,55.72,154.9,B_win,Liverpool,England,1966-07-23
197,1966,Germany,Russia,tournament,True,0.0,66.4,20.5,56.5,cloudy,44.72,136.87,A_win,Liverpool,England,1966-07-25
198,1966,England,Portugal,tournament,False,0.18,52.9,20.8,52.7,windy,44.72,172.12,A_win,London,England,1966-07-26
199,1966,Portugal,Russia,tournament,True,0.0,57.9,16.1,96.0,clear,44.72,106.47,A_win,London,England,1966-07-28
200,1966,England,Germany,tournament,False,0.18,55.9,11.6,64.3,cloudy,51.32,122.99,A_win,London,England,1966-07-30
201,1970,Mexico,Russia,tournament,False,0.18,62.4,22.3,46.5,clear,39.58,119.0,draw,Mexico City,Mexico,1970-05-31
202,1970,Bulgaria,Peru,tournament,True,0.0,76.3,17.0,46.9,clear,50.58,162.36,B_win,León,Mexico,1970-06-02
203,1970,England,Romania,tournament,True,0.0,59.2,22.5,42.9,clear,41.78,94.79,A_win,Guadalajara,Mexico,1970-06-02
204,1970,Israel,Uruguay,tournament,True,0.0,66.4,13.4,73.0,rain,43.98,123.08,B_win,Puebla,Mexico,1970-06-02
205,1970,Belgium,El Salvador,tournament,True,0.0,31.3,18.4,52.2,hot,46.18,128.54,A_win,Mexico City,Mexico,1970-06-03
206,1970,Brazil,Czechoslovakia,tournament,True,0.0,57.4,23.9,60.0,clear,50.58,77.73,A_win,Guadalajara,Mexico,1970-06-03
207,1970,Germany,Morocco,tournament,True,0.0,47.0,25.2,57.0,clear,46.18,124.1,A_win,León,Mexico,1970-06-03
208,1970,Italy,Sweden,tournament,True,0.0,42.2,25.5,69.7,clear,41.78,114.25,A_win,Toluca,Mexico,1970-06-03
209,1970,Belgium,Russia,tournament,True,0.0,46.6,15.1,44.5,clear,50.58,138.2,B_win,Mexico City,Mexico,1970-06-06
210,1970,Czechoslovakia,Romania,tournament,True,0.0,53.7,28.1,40.8,cloudy,46.18,196.17,B_win,Guadalajara,Mexico,1970-06-06
211,1970,Italy,Uruguay,tournament,True,0.0,69.9,18.2,61.6,rain,39.58,80.47,draw,Puebla,Mexico,1970-06-06
212,1970,Morocco,Peru,tournament,True,0.0,40.8,26.8,67.6,cloudy,46.18,104.76,B_win,León,Mexico,1970-06-06
213,1970,Brazil,England,tournament,True,0.0,58.4,22.9,63.3,clear,41.78,57.46,A_win,Guadalajara,Mexico,1970-06-07
214,1970,Bulgaria,Germany,tournament,True,0.0,51.7,14.7,45.0,cloudy,54.98,137.32,B_win,León,Mexico,1970-06-07
215,1970,Israel,Sweden,tournament,True,0.0,53.7,21.1,68.8,clear,43.98,112.5,draw,Toluca,Mexico,1970-06-07
216,1970,Mexico,El Salvador,tournament,False,0.18,71.0,25.2,46.1,clear,48.38,119.86,A_win,Mexico City,Mexico,1970-06-07
217,1970,Brazil,Romania,tournament,True,0.0,65.0,26.7,49.7,windy,50.58,197.1,A_win,Guadalajara,Mexico,1970-06-10
218,1970,El Salvador,Russia,tournament,True,0.0,75.4,22.2,42.9,rain,43.98,159.93,B_win,Mexico City,Mexico,1970-06-10
219,1970,Germany,Peru,tournament,True,0.0,56.0,32.2,78.8,windy,48.38,141.3,A_win,León,Mexico,1970-06-10
220,1970,Sweden,Uruguay,tournament,True,0.0,49.0,29.0,68.1,hot,41.78,107.62,A_win,Puebla,Mexico,1970-06-10
221,1970,Bulgaria,Morocco,tournament,True,0.0,55.1,21.5,67.7,cloudy,43.98,167.51,draw,León,Mexico,1970-06-11
222,1970,Czechoslovakia,England,tournament,True,0.0,61.2,27.5,78.0,windy,41.78,118.73,B_win,Guadalajara,Mexico,1970-06-11
223,1970,Israel,Italy,tournament,True,0.0,60.3,34.6,96.0,clear,39.58,89.95,draw,Toluca,Mexico,1970-06-11
224,1970,Mexico,Belgium,tournament,False,0.18,43.9,34.8,30.7,clear,41.78,73.84,A_win,Mexico City,Mexico,1970-06-11
225,1970,Brazil,Peru,tournament,True,0.0,59.2,15.6,46.2,clear,52.78,133.29,A_win,Guadalajara,Mexico,1970-06-14
226,1970,England,Germany,tournament,True,0.0,61.0,17.4,48.1,clear,50.58,178.55,B_win,León,Mexico,1970-06-14
227,1970,Mexico,Italy,tournament,False,0.18,90.7,31.9,44.4,clear,50.58,273.41,B_win,Toluca,Mexico,1970-06-14
228,1970,Russia,Uruguay,tournament,True,0.0,82.4,16.7,40.8,clear,41.78,121.47,B_win,Mexico City,Mexico,1970-06-14
229,1970,Brazil,Uruguay,tournament,True,0.0,46.9,15.1,53.2,rain,48.38,111.59,A_win,Guadalajara,Mexico,1970-06-17
230,1970,Germany,Italy,tournament,True,0.0,54.3,20.1,38.5,rain,54.98,112.75,B_win,Mexico City,Mexico,1970-06-17
231,1970,Germany,Uruguay,tournament,True,0.0,39.0,25.5,63.4,cloudy,41.78,139.35,A_win,Mexico City,Mexico,1970-06-20
232,1970,Brazil,Italy,tournament,True,0.0,50.3,22.4,58.8,clear,50.58,88.19,A_win,Mexico City,Mexico,1970-06-21
233,1974,Brazil,Yugoslavia,tournament,True,0.0,62.1,19.1,65.7,rain,41.04,136.82,draw,Frankfurt,Germany,1974-06-13
234,1974,DR Congo,Scotland,tournament,True,0.0,73.7,19.0,66.1,clear,45.44,163.26,B_win,Dortmund,Germany,1974-06-14
235,1974,German DR,Australia,tournament,True,0.0,48.5,18.7,67.6,clear,45.44,146.72,A_win,Hamburg,Germany,1974-06-14
236,1974,Germany,Chile,tournament,False,0.18,49.5,17.7,52.0,clear,43.24,116.19,A_win,Berlin,Germany,1974-06-14
237,1974,Italy,Haiti,tournament,True,0.0,30.1,36.7,91.9,clear,49.84,166.83,A_win,Munich,Germany,1974-06-15
238,1974,Poland,Argentina,tournament,True,0.0,55.9,24.8,61.8,clear,52.04,156.0,A_win,Stuttgart,Germany,1974-06-15
239,1974,Sweden,Bulgaria,tournament,True,0.0,44.2,28.3,28.2,rain,41.04,94.32,draw,Düsseldorf,Germany,1974-06-15
240,1974,Uruguay,Netherlands,tournament,True,0.0,51.1,20.1,42.0,rain,45.44,218.0,B_win,Hanover,Germany,1974-06-15
241,1974,Chile,German DR,tournament,True,0.0,46.6,21.9,30.2,rain,45.44,117.67,draw,Berlin,Germany,1974-06-18
242,1974,Germany,Australia,tournament,False,0.18,56.8,18.7,58.3,clear,47.64,169.17,A_win,Hamburg,Germany,1974-06-18
243,1974,Scotland,Brazil,tournament,True,0.0,35.1,7.1,56.1,rain,41.04,59.58,draw,Frankfurt,Germany,1974-06-18
244,1974,Yugoslavia,DR Congo,tournament,True,0.0,38.9,14.7,50.5,rain,60.84,248.55,A_win,Gelsenkirchen,Germany,1974-06-18
245,1974,Argentina,Italy,tournament,True,0.0,85.7,12.1,90.2,clear,45.44,195.91,draw,Stuttgart,Germany,1974-06-19
246,1974,Bulgaria,Uruguay,tournament,True,0.0,41.3,9.5,66.8,cloudy,45.44,130.94,draw,Hanover,Germany,1974-06-19
247,1974,Haiti,Poland,tournament,True,0.0,43.7,15.8,69.6,cloudy,56.44,188.6,B_win,Munich,Germany,1974-06-19
248,1974,Netherlands,Sweden,tournament,True,0.0,81.9,30.9,43.1,cloudy,41.04,137.13,draw,Dortmund,Germany,1974-06-19
249,1974,Australia,Chile,tournament,True,0.0,95.0,22.7,42.0,clear,41.04,97.96,draw,Berlin,Germany,1974-06-22
250,1974,DR Congo,Brazil,tournament,True,0.0,42.8,30.7,58.6,cloudy,47.64,158.68,B_win,Gelsenkirchen,Germany,1974-06-22
251,1974,Germany,German DR,tournament,False,0.18,53.2,25.5,60.8,clear,43.24,98.53,B_win,Hamburg,Germany,1974-06-22
252,1974,Scotland,Yugoslavia,tournament,True,0.0,62.4,27.7,28.3,clear,45.44,109.5,draw,Frankfurt,Germany,1974-06-22
253,1974,Argentina,Haiti,tournament,True,0.0,80.5,17.6,55.1,clear,52.04,203.89,A_win,Munich,Germany,1974-06-23
254,1974,Bulgaria,Netherlands,tournament,True,0.0,45.2,26.1,58.2,windy,52.04,195.37,B_win,Dortmund,Germany,1974-06-23
255,1974,Poland,Italy,tournament,True,0.0,54.8,27.4,54.6,clear,47.64,111.71,A_win,Stuttgart,Germany,1974-06-23
256,1974,Sweden,Uruguay,tournament,True,0.0,68.1,19.5,45.0,clear,47.64,110.86,A_win,Düsseldorf,Germany,1974-06-23
257,1974,Brazil,German DR,tournament,True,0.0,63.7,26.4,49.4,clear,43.24,103.13,A_win,Hanover,Germany,1974-06-26
258,1974,Germany,Yugoslavia,tournament,False,0.18,53.1,26.4,55.2,hot,45.44,159.42,A_win,Düsseldorf,Germany,1974-06-26
259,1974,Netherlands,Argentina,tournament,True,0.0,56.3,19.7,59.5,cloudy,49.84,107.64,A_win,Gelsenkirchen,Germany,1974-06-26
260,1974,Sweden,Poland,tournament,True,0.0,40.1,16.3,67.7,hot,43.24,136.54,B_win,Stuttgart,Germany,1974-06-26
261,1974,Argentina,Brazil,tournament,True,0.0,54.9,15.9,75.3,clear,47.64,167.8,B_win,Hanover,Germany,1974-06-30
262,1974,German DR,Netherlands,tournament,True,0.0,54.5,23.5,53.3,clear,45.44,126.68,B_win,Gelsenkirchen,Germany,1974-06-30
263,1974,Germany,Sweden,tournament,False,0.18,61.0,25.0,50.7,cloudy,54.24,205.66,A_win,Düsseldorf,Germany,1974-06-30
264,1974,Poland,Yugoslavia,tournament,True,0.0,50.8,18.2,65.0,clear,47.64,125.02,A_win,Frankfurt,Germany,1974-06-30
265,1974,Argentina,German DR,tournament,True,0.0,64.1,23.2,67.8,rain,45.44,122.3,draw,Gelsenkirchen,Germany,1974-07-03
266,1974,Germany,Poland,tournament,False,0.18,71.2,26.4,51.1,hot,43.24,93.99,A_win,Frankfurt,Germany,1974-07-03
267,1974,Netherlands,Brazil,tournament,True,0.0,60.0,26.7,70.6,cloudy,45.44,172.64,A_win,Dortmund,Germany,1974-07-03
268,1974,Sweden,Yugoslavia,tournament,True,0.0,62.6,32.3,73.7,windy,47.64,109.84,A_win,Düsseldorf,Germany,1974-07-03
269,1974,Brazil,Poland,tournament,True,0.0,58.7,30.7,78.7,cloudy,43.24,136.28,B_win,Munich,Germany,1974-07-06
270,1974,Germany,Netherlands,tournament,False,0.18,58.0,17.0,86.5,clear,47.64,133.45,A_win,Munich,Germany,1974-07-07
271,1978,Germany,Poland,tournament,True,0.0,48.6,33.1,44.1,cloudy,42.5,90.44,draw,Buenos Aires,Argentina,1978-06-01
272,1978,Argentina,Hungary,tournament,False,0.18,62.1,19.8,58.2,clear,49.1,118.31,A_win,Buenos Aires,Argentina,1978-06-02
273,1978,France,Italy,tournament,True,0.0,56.7,29.3,58.2,rain,49.1,206.66,B_win,Mar del Plata,Argentina,1978-06-02
274,1978,Mexico,Tunisia,tournament,True,0.0,85.2,23.4,56.4,clear,51.3,155.11,B_win,Rosario,Argentina,1978-06-02
275,1978,Austria,Spain,tournament,True,0.0,78.5,20.5,47.6,clear,49.1,105.77,A_win,Buenos Aires,Argentina,1978-06-03
276,1978,Brazil,Sweden,tournament,True,0.0,63.0,12.2,34.2,cloudy,46.9,145.99,draw,Mar del Plata,Argentina,1978-06-03
277,1978,Iran,Netherlands,tournament,True,0.0,48.1,22.0,59.5,clear,49.1,134.69,B_win,Mendoza,Argentina,1978-06-03
278,1978,Peru,Scotland,tournament,True,0.0,43.5,13.6,45.7,clear,51.3,385.61,A_win,Córdoba,Argentina,1978-06-03
279,1978,Argentina,France,tournament,False,0.18,73.5,28.8,59.4,rain,49.1,151.97,A_win,Buenos Aires,Argentina,1978-06-06
280,1978,Germany,Mexico,tournament,True,0.0,61.4,32.1,45.3,clear,55.7,143.08,A_win,Córdoba,Argentina,1978-06-06
281,1978,Hungary,Italy,tournament,True,0.0,64.2,18.2,40.4,cloudy,51.3,218.18,B_win,Mar del Plata,Argentina,1978-06-06
282,1978,Poland,Tunisia,tournament,True,0.0,35.3,24.8,61.7,clear,44.7,76.29,A_win,Rosario,Argentina,1978-06-06
283,1978,Austria,Sweden,tournament,True,0.0,70.1,18.6,60.4,clear,44.7,131.16,A_win,Buenos Aires,Argentina,1978-06-07
284,1978,Brazil,Spain,tournament,True,0.0,63.9,19.2,67.3,clear,42.5,212.29,draw,Mar del Plata,Argentina,1978-06-07
285,1978,Iran,Scotland,tournament,True,0.0,43.6,27.6,93.0,rain,46.9,129.73,draw,Córdoba,Argentina,1978-06-07
286,1978,Netherlands,Peru,tournament,True,0.0,51.9,22.8,62.4,windy,42.5,74.75,draw,Mendoza,Argentina,1978-06-07
287,1978,Argentina,Italy,tournament,False,0.18,61.4,33.4,65.8,clear,44.7,114.33,B_win,Buenos Aires,Argentina,1978-06-10
288,1978,France,Hungary,tournament,True,0.0,58.7,20.1,40.8,windy,51.3,220.29,A_win,Mar del Plata,Argentina,1978-06-10
289,1978,Germany,Tunisia,tournament,True,0.0,54.2,29.0,37.4,cloudy,42.5,134.94,draw,Córdoba,Argentina,1978-06-10
290,1978,Mexico,Poland,tournament,True,0.0,56.7,23.6,83.3,cloudy,51.3,115.91,B_win,Rosario,Argentina,1978-06-10
291,1978,Austria,Brazil,tournament,True,0.0,54.7,27.8,43.2,rain,44.7,105.44,B_win,Mar del Plata,Argentina,1978-06-11
292,1978,Iran,Peru,tournament,True,0.0,60.0,20.3,41.3,rain,53.5,130.71,B_win,Córdoba,Argentina,1978-06-11
293,1978,Netherlands,Scotland,tournament,True,0.0,77.1,22.7,57.4,rain,53.5,169.16,B_win,Mendoza,Argentina,1978-06-11
294,1978,Spain,Sweden,tournament,True,0.0,24.6,22.3,56.6,cloudy,44.7,185.8,A_win,Buenos Aires,Argentina,1978-06-11
295,1978,Argentina,Poland,tournament,False,0.18,54.9,18.0,43.6,cloudy,46.9,179.95,A_win,Rosario,Argentina,1978-06-14
296,1978,Austria,Netherlands,tournament,True,0.0,60.3,27.0,53.1,clear,55.7,180.85,B_win,Córdoba,Argentina,1978-06-14
297,1978,Brazil,Peru,tournament,True,0.0,61.8,26.9,77.7,clear,49.1,96.64,A_win,Mendoza,Argentina,1978-06-14
298,1978,Germany,Italy,tournament,True,0.0,53.2,26.6,45.1,rain,42.5,83.74,draw,Buenos Aires,Argentina,1978-06-14
299,1978,Argentina,Brazil,tournament,False,0.18,35.2,32.2,35.7,clear,42.5,141.01,draw,Rosario,Argentina,1978-06-18
300,1978,Austria,Italy,tournament,True,0.0,62.3,31.7,73.1,clear,44.7,87.64,B_win,Buenos Aires,Argentina,1978-06-18
301,1978,Germany,Netherlands,tournament,True,0.0,80.5,20.8,65.9,clear,51.3,137.62,draw,Córdoba,Argentina,1978-06-18
302,1978,Peru,Poland,tournament,True,0.0,38.1,25.2,48.1,clear,44.7,139.09,B_win,Mendoza,Argentina,1978-06-18
303,1978,Argentina,Peru,tournament,False,0.18,69.2,19.3,32.7,cloudy,55.7,115.75,A_win,Rosario,Argentina,1978-06-21
304,1978,Austria,Germany,tournament,True,0.0,53.7,23.1,46.1,cloudy,53.5,114.77,A_win,Córdoba,Argentina,1978-06-21
305,1978,Brazil,Poland,tournament,True,0.0,57.2,19.4,57.1,cloudy,51.3,142.78,A_win,Mendoza,Argentina,1978-06-21
306,1978,Italy,Netherlands,tournament,True,0.0,44.3,32.7,76.7,clear,49.1,161.56,B_win,Buenos Aires,Argentina,1978-06-21
307,1978,Brazil,Italy,tournament,True,0.0,53.7,25.2,41.4,cloudy,49.1,188.87,A_win,Buenos Aires,Argentina,1978-06-24
308,1978,Argentina,Netherlands,tournament,False,0.18,74.9,21.7,56.6,clear,51.3,173.76,A_win,Buenos Aires,Argentina,1978-06-25
309,1982,Argentina,Belgium,tournament,True,0.0,65.6,30.2,68.8,rain,46.16,134.66,B_win,Barcelona,Spain,1982-06-13
310,1982,Brazil,Russia,tournament,True,0.0,80.5,10.0,19.9,cloudy,50.56,117.24,A_win,Seville,Spain,1982-06-14
311,1982,Italy,Poland,tournament,True,0.0,73.3,10.9,74.5,cloudy,43.96,93.08,draw,Vigo,Spain,1982-06-14
312,1982,Hungary,El Salvador,tournament,True,0.0,63.7,27.8,39.1,cloudy,68.16,168.82,A_win,Elche,Spain,1982-06-15
313,1982,Peru,Cameroon,tournament,True,0.0,80.7,23.4,63.3,windy,43.96,140.9,draw,A Coruña,Spain,1982-06-15
314,1982,Scotland,New Zealand,tournament,True,0.0,63.7,24.5,61.9,rain,59.36,186.4,A_win,Málaga,Spain,1982-06-15
315,1982,England,France,tournament,True,0.0,68.8,15.0,75.4,cloudy,52.76,83.75,A_win,Bilbao,Spain,1982-06-16
316,1982,Germany,Algeria,tournament,True,0.0,54.1,22.9,66.8,cloudy,50.56,115.95,B_win,Gijón,Spain,1982-06-16
317,1982,Spain,Honduras,tournament,False,0.18,58.9,35.0,20.0,clear,48.36,193.63,draw,Valencia,Spain,1982-06-16
318,1982,Chile,Austria,tournament,True,0.0,48.9,27.9,45.4,windy,46.16,134.87,B_win,Oviedo,Spain,1982-06-17
319,1982,Czechoslovakia,Kuwait,tournament,True,0.0,70.9,24.0,60.2,clear,48.36,92.94,draw,Valladolid,Spain,1982-06-17
320,1982,Yugoslavia,Northern Ireland,tournament,True,0.0,42.7,20.4,54.9,clear,43.96,242.96,draw,Zaragoza,Spain,1982-06-17
321,1982,Argentina,Hungary,tournament,True,0.0,68.2,20.6,65.6,windy,54.96,155.79,A_win,Alicante,Spain,1982-06-18
322,1982,Brazil,Scotland,tournament,True,0.0,55.5,10.2,70.6,rain,54.96,174.9,A_win,Seville,Spain,1982-06-18
323,1982,Italy,Peru,tournament,True,0.0,73.2,24.5,67.7,clear,48.36,154.55,draw,Vigo,Spain,1982-06-18
324,1982,Belgium,El Salvador,tournament,True,0.0,67.8,28.1,54.6,clear,46.16,119.01,A_win,Elche,Spain,1982-06-19
325,1982,Poland,Cameroon,tournament,True,0.0,81.7,13.5,28.5,clear,43.96,102.47,draw,A Coruña,Spain,1982-06-19
326,1982,Russia,New Zealand,tournament,True,0.0,67.5,19.0,50.7,cloudy,50.56,261.71,A_win,Málaga,Spain,1982-06-19
327,1982,England,Czechoslovakia,tournament,True,0.0,37.6,16.1,64.7,clear,48.36,183.02,A_win,Bilbao,Spain,1982-06-20
328,1982,Germany,Chile,tournament,True,0.0,57.1,17.2,40.6,windy,54.96,197.7,A_win,Gijón,Spain,1982-06-20
329,1982,Spain,Yugoslavia,tournament,False,0.18,42.8,23.3,68.1,windy,50.56,169.78,A_win,Valencia,Spain,1982-06-20
330,1982,Algeria,Austria,tournament,True,0.0,51.3,10.5,72.5,cloudy,48.36,104.35,B_win,Oviedo,Spain,1982-06-21
331,1982,France,Kuwait,tournament,True,0.0,77.6,26.7,60.0,cloudy,54.96,224.6,A_win,Valladolid,Spain,1982-06-21
332,1982,Honduras,Northern Ireland,tournament,True,0.0,66.3,27.5,15.0,clear,48.36,109.14,draw,Zaragoza,Spain,1982-06-21
333,1982,Belgium,Hungary,tournament,True,0.0,48.9,21.5,37.6,clear,48.36,149.6,draw,Elche,Spain,1982-06-22
334,1982,Poland,Peru,tournament,True,0.0,44.8,8.1,88.2,rain,57.16,103.22,A_win,A Coruña,Spain,1982-06-22
335,1982,Russia,Scotland,tournament,True,0.0,58.4,17.0,49.3,clear,52.76,85.14,draw,Málaga,Spain,1982-06-22
336,1982,Argentina,El Salvador,tournament,True,0.0,42.2,30.4,26.3,clear,48.36,151.08,A_win,Alicante,Spain,1982-06-23
337,1982,Brazil,New Zealand,tournament,True,0.0,49.3,6.3,77.8,clear,52.76,120.21,A_win,Seville,Spain,1982-06-23
338,1982,Italy,Cameroon,tournament,True,0.0,62.1,20.9,58.2,clear,48.36,79.18,draw,Vigo,Spain,1982-06-23
339,1982,Algeria,Chile,tournament,True,0.0,73.0,15.9,75.7,cloudy,54.96,182.72,A_win,Oviedo,Spain,1982-06-24
340,1982,France,Czechoslovakia,tournament,True,0.0,65.9,27.8,62.4,rain,48.36,250.21,draw,Valladolid,Spain,1982-06-24
341,1982,Honduras,Yugoslavia,tournament,True,0.0,28.2,18.9,65.3,rain,46.16,194.65,B_win,Zaragoza,Spain,1982-06-24
342,1982,England,Kuwait,tournament,True,0.0,62.0,25.4,63.8,cloudy,46.16,122.74,A_win,Bilbao,Spain,1982-06-25
343,1982,Germany,Austria,tournament,True,0.0,58.9,26.4,69.2,hot,46.16,132.24,A_win,Gijón,Spain,1982-06-25
344,1982,Spain,Northern Ireland,tournament,False,0.18,63.4,34.0,94.4,clear,46.16,169.13,B_win,Valencia,Spain,1982-06-25
345,1982,Austria,France,tournament,True,0.0,79.0,21.8,73.5,hot,46.16,180.6,B_win,Madrid,Spain,1982-06-28
346,1982,Poland,Belgium,tournament,True,0.0,31.2,25.3,32.7,cloudy,50.56,131.23,A_win,Barcelona,Spain,1982-06-28
347,1982,Germany,England,tournament,True,0.0,50.3,14.1,65.1,clear,43.96,126.83,draw,Madrid,Spain,1982-06-29
348,1982,Italy,Argentina,tournament,True,0.0,65.7,30.1,76.3,windy,50.56,157.17,A_win,Barcelona,Spain,1982-06-29
349,1982,Austria,Northern Ireland,tournament,True,0.0,37.4,18.4,77.2,clear,52.76,176.06,draw,Madrid,Spain,1982-07-01
350,1982,Belgium,Russia,tournament,True,0.0,77.2,19.6,51.2,clear,46.16,127.08,B_win,Barcelona,Spain,1982-07-01
351,1982,Argentina,Brazil,tournament,True,0.0,62.8,22.9,76.6,clear,52.76,145.78,B_win,Barcelona,Spain,1982-07-02
352,1982,Spain,Germany,tournament,False,0.18,69.0,13.6,72.8,clear,50.56,212.62,B_win,Madrid,Spain,1982-07-02
353,1982,France,Northern Ireland,tournament,True,0.0,50.6,24.4,96.0,clear,54.96,220.36,A_win,Madrid,Spain,1982-07-04
354,1982,Poland,Russia,tournament,True,0.0,68.6,28.8,46.0,cloudy,43.96,143.59,draw,Barcelona,Spain,1982-07-04
355,1982,Italy,Brazil,tournament,True,0.0,71.9,24.8,49.9,hot,54.96,254.16,A_win,Barcelona,Spain,1982-07-05
356,1982,Spain,England,tournament,False,0.18,61.0,13.5,53.1,clear,43.96,112.74,draw,Madrid,Spain,1982-07-05
357,1982,Germany,France,tournament,True,0.0,61.0,22.3,50.2,cloudy,57.16,257.31,draw,Seville,Spain,1982-07-08
358,1982,Poland,Italy,tournament,True,0.0,61.5,27.5,43.8,clear,48.36,160.87,B_win,Barcelona,Spain,1982-07-08
359,1982,Poland,France,tournament,True,0.0,46.8,11.7,15.0,hot,54.96,392.48,A_win,Alicante,Spain,1982-07-10
360,1982,Italy,Germany,tournament,True,0.0,56.1,16.6,51.0,clear,52.76,107.97,A_win,Madrid,Spain,1982-07-11
361,1986,Bulgaria,Italy,group_or_knockout,True,0.0,56.0,28.3,63.9,clear,49.82,117.38,draw,Mexico City,Mexico,1986-05-31
362,1986,Canada,France,group_or_knockout,True,0.0,63.0,24.6,50.1,cloudy,47.62,153.01,B_win,León,Mexico,1986-06-01
363,1986,Spain,Brazil,group_or_knockout,True,0.0,71.0,25.5,89.0,rain,47.62,152.09,B_win,Guadalajara,Mexico,1986-06-01
364,1986,Argentina,South Korea,group_or_knockout,True,0.0,44.2,34.2,58.2,rain,54.22,267.49,A_win,Mexico City,Mexico,1986-06-02
365,1986,Morocco,Poland,group_or_knockout,True,0.0,56.4,25.8,78.7,cloudy,45.42,107.64,draw,Monterrey,Mexico,1986-06-02
366,1986,Russia,Hungary,group_or_knockout,True,0.0,77.3,26.9,62.2,rain,58.62,215.82,A_win,Irapuato,Mexico,1986-06-02
367,1986,Algeria,Northern Ireland,group_or_knockout,True,0.0,48.3,39.0,71.2,clear,49.82,197.14,draw,Guadalajara,Mexico,1986-06-03
368,1986,Mexico,Belgium,group_or_knockout,False,0.18,47.3,21.7,62.5,clear,52.02,181.08,A_win,Mexico City,Mexico,1986-06-03
369,1986,Portugal,England,group_or_knockout,True,0.0,60.6,18.2,79.9,clear,47.62,103.98,A_win,Monterrey,Mexico,1986-06-03
370,1986,Paraguay,Iraq,group_or_knockout,True,0.0,69.0,25.6,58.9,clear,47.62,201.83,A_win,Toluca,Mexico,1986-06-04
371,1986,Scotland,Denmark,group_or_knockout,True,0.0,58.1,25.6,65.9,clear,47.62,191.99,B_win,Nezahualcóyotl,Mexico,1986-06-04
372,1986,Uruguay,Germany,group_or_knockout,True,0.0,75.3,19.8,63.9,cloudy,49.82,168.39,draw,Querétaro,Mexico,1986-06-04
373,1986,France,Russia,group_or_knockout,True,0.0,69.1,16.8,53.4,clear,49.82,150.75,draw,León,Mexico,1986-06-05
374,1986,Italy,Argentina,group_or_knockout,True,0.0,68.9,36.9,64.5,cloudy,49.82,151.67,draw,Puebla,Mexico,1986-06-05
375,1986,South Korea,Bulgaria,group_or_knockout,True,0.0,65.2,25.0,93.8,cloudy,49.82,139.26,draw,Mexico City,Mexico,1986-06-05
376,1986,Brazil,Algeria,group_or_knockout,True,0.0,88.3,18.6,53.7,rain,47.62,162.82,A_win,Guadalajara,Mexico,1986-06-06
377,1986,England,Morocco,group_or_knockout,True,0.0,55.3,28.5,64.7,rain,45.42,130.93,draw,Monterrey,Mexico,1986-06-06
378,1986,Hungary,Canada,group_or_knockout,True,0.0,32.0,22.3,78.1,clear,49.82,112.26,A_win,Irapuato,Mexico,1986-06-06
379,1986,Mexico,Paraguay,group_or_knockout,False,0.18,78.9,21.5,76.2,clear,49.82,106.15,draw,Mexico City,Mexico,1986-06-07
380,1986,Northern Ireland,Spain,group_or_knockout,True,0.0,52.0,26.4,58.2,cloudy,52.02,120.43,B_win,Guadalajara,Mexico,1986-06-07
381,1986,Poland,Portugal,group_or_knockout,True,0.0,59.4,15.2,19.9,cloudy,47.62,144.81,A_win,Monterrey,Mexico,1986-06-07
382,1986,Denmark,Uruguay,group_or_knockout,True,0.0,75.0,25.1,66.3,clear,60.82,172.5,A_win,Nezahualcóyotl,Mexico,1986-06-08
383,1986,Germany,Scotland,group_or_knockout,True,0.0,37.2,34.5,22.5,clear,52.02,157.89,A_win,Querétaro,Mexico,1986-06-08
384,1986,Iraq,Belgium,group_or_knockout,True,0.0,41.7,25.8,81.5,rain,52.02,171.03,B_win,Toluca,Mexico,1986-06-08
385,1986,Hungary,France,group_or_knockout,True,0.0,37.2,20.7,60.7,cloudy,52.02,124.71,B_win,León,Mexico,1986-06-09
386,1986,Russia,Canada,group_or_knockout,True,0.0,47.7,20.0,74.0,clear,49.82,214.61,A_win,Irapuato,Mexico,1986-06-09
387,1986,Argentina,Bulgaria,group_or_knockout,True,0.0,63.7,20.5,43.6,cloudy,49.82,132.09,A_win,Mexico City,Mexico,1986-06-10
388,1986,South Korea,Italy,group_or_knockout,True,0.0,64.8,21.5,33.2,hot,56.42,142.8,B_win,Puebla,Mexico,1986-06-10
389,1986,England,Poland,group_or_knockout,True,0.0,61.6,20.7,62.2,clear,52.02,170.15,A_win,Monterrey,Mexico,1986-06-11
390,1986,Mexico,Iraq,group_or_knockout,False,0.18,39.6,28.5,57.5,hot,47.62,81.37,A_win,Mexico City,Mexico,1986-06-11
391,1986,Paraguay,Belgium,group_or_knockout,True,0.0,28.0,12.6,50.1,clear,54.22,124.18,draw,Toluca,Mexico,1986-06-11
392,1986,Portugal,Morocco,group_or_knockout,True,0.0,58.7,28.2,59.4,cloudy,54.22,203.92,B_win,Guadalajara,Mexico,1986-06-11
393,1986,Algeria,Spain,group_or_knockout,True,0.0,51.9,20.7,96.0,cloudy,52.02,91.39,B_win,Monterrey,Mexico,1986-06-12
394,1986,Northern Ireland,Brazil,group_or_knockout,True,0.0,64.0,25.3,71.4,clear,52.02,203.27,B_win,Guadalajara,Mexico,1986-06-12
395,1986,Denmark,Germany,group_or_knockout,True,0.0,67.1,16.2,74.8,hot,49.82,217.36,A_win,Querétaro,Mexico,1986-06-13
396,1986,Scotland,Uruguay,group_or_knockout,True,0.0,59.8,31.0,71.5,cloudy,45.42,117.04,draw,Nezahualcóyotl,Mexico,1986-06-13
397,1986,Mexico,Bulgaria,group_or_knockout,False,0.18,67.9,30.5,81.7,windy,49.82,154.49,A_win,Mexico City,Mexico,1986-06-15
398,1986,Russia,Belgium,group_or_knockout,True,0.0,61.0,28.8,55.0,clear,60.82,237.76,B_win,León,Mexico,1986-06-15
399,1986,Argentina,Uruguay,group_or_knockout,True,0.0,64.9,13.9,25.1,hot,47.62,119.41,A_win,Puebla,Mexico,1986-06-16
400,1986,Brazil,Poland,group_or_knockout,True,0.0,48.8,28.0,55.0,windy,54.22,197.56,A_win,Guadalajara,Mexico,1986-06-16
401,1986,Italy,France,group_or_knockout,True,0.0,55.7,25.4,71.0,cloudy,49.82,117.98,B_win,Mexico City,Mexico,1986-06-17
402,1986,Morocco,Germany,group_or_knockout,True,0.0,60.6,13.4,42.5,clear,47.62,119.05,B_win,Monterrey,Mexico,1986-06-17
403,1986,Denmark,Spain,group_or_knockout,True,0.0,68.7,22.9,55.2,rain,58.62,133.92,B_win,Querétaro,Mexico,1986-06-18
404,1986,England,Paraguay,group_or_knockout,True,0.0,52.9,25.2,46.9,cloudy,52.02,163.62,A_win,Mexico City,Mexico,1986-06-18
405,1986,Brazil,France,group_or_knockout,True,0.0,64.8,26.3,82.0,windy,49.82,196.89,draw,Guadalajara,Mexico,1986-06-21
406,1986,Mexico,Germany,group_or_knockout,False,0.18,54.5,24.1,70.0,cloudy,45.42,123.27,draw,Monterrey,Mexico,1986-06-21
407,1986,Argentina,England,group_or_knockout,True,0.0,56.5,24.7,68.4,clear,52.02,104.13,A_win,Mexico City,Mexico,1986-06-22
408,1986,Spain,Belgium,group_or_knockout,True,0.0,68.8,31.8,67.9,clear,49.82,105.14,draw,Puebla,Mexico,1986-06-22
409,1986,Argentina,Belgium,group_or_knockout,True,0.0,32.1,30.4,57.4,rain,49.82,159.0,A_win,Mexico City,Mexico,1986-06-25
410,1986,France,Germany,group_or_knockout,True,0.0,41.1,5.8,61.2,windy,49.82,238.6,B_win,Guadalajara,Mexico,1986-06-25
411,1986,France,Belgium,group_or_knockout,True,0.0,38.7,21.1,39.0,clear,58.62,187.04,A_win,Puebla,Mexico,1986-06-28
412,1986,Argentina,Germany,group_or_knockout,True,0.0,27.7,22.0,23.0,rain,56.42,144.68,A_win,Mexico City,Mexico,1986-06-29
413,1990,Argentina,Cameroon,group_or_knockout,True,0.0,49.2,12.5,60.4,windy,49.08,173.81,B_win,Milan,Italy,1990-06-08
414,1990,Italy,Austria,group_or_knockout,False,0.18,67.7,23.6,63.2,clear,49.08,131.16,A_win,Rome,Italy,1990-06-09
415,1990,Russia,Romania,group_or_knockout,True,0.0,54.3,30.5,77.3,clear,51.28,131.81,B_win,Bari,Italy,1990-06-09
416,1990,United Arab Emirates,Colombia,group_or_knockout,True,0.0,60.6,16.5,83.1,rain,51.28,112.05,B_win,Bologna,Italy,1990-06-09
417,1990,Brazil,Sweden,group_or_knockout,True,0.0,72.2,25.0,83.1,cloudy,53.48,226.71,A_win,Turin,Italy,1990-06-10
418,1990,Germany,Yugoslavia,group_or_knockout,True,0.0,75.3,17.5,42.0,clear,57.88,81.24,A_win,Milan,Italy,1990-06-10
419,1990,United States,Czechoslovakia,group_or_knockout,True,0.0,57.1,19.0,52.4,hot,60.08,214.66,B_win,Florence,Italy,1990-06-10
420,1990,Costa Rica,Scotland,group_or_knockout,True,0.0,75.6,31.9,65.7,cloudy,49.08,123.17,A_win,Genoa,Italy,1990-06-11
421,1990,England,Republic of Ireland,group_or_knockout,True,0.0,59.2,19.7,96.0,hot,51.28,130.63,draw,Cagliari,Italy,1990-06-11
422,1990,Belgium,South Korea,group_or_knockout,True,0.0,47.1,25.8,81.7,hot,51.28,235.37,A_win,Verona,Italy,1990-06-12
423,1990,Netherlands,Egypt,group_or_knockout,True,0.0,50.3,11.8,75.9,rain,51.28,119.98,draw,Palermo,Italy,1990-06-12
424,1990,Argentina,Russia,group_or_knockout,True,0.0,38.8,34.2,51.8,cloudy,51.28,121.13,A_win,Naples,Italy,1990-06-13
425,1990,Uruguay,Spain,group_or_knockout,True,0.0,46.5,26.6,43.9,clear,46.88,129.16,draw,Udine,Italy,1990-06-13
426,1990,Cameroon,Romania,group_or_knockout,True,0.0,53.3,21.9,70.6,cloudy,53.48,171.6,A_win,Bari,Italy,1990-06-14
427,1990,Italy,United States,group_or_knockout,False,0.18,68.4,26.5,40.4,clear,49.08,123.93,A_win,Rome,Italy,1990-06-14
428,1990,Yugoslavia,Colombia,group_or_knockout,True,0.0,80.4,14.5,54.2,cloudy,49.08,90.27,A_win,Bologna,Italy,1990-06-14
429,1990,Austria,Czechoslovakia,group_or_knockout,True,0.0,40.0,30.1,56.2,clear,49.08,110.06,B_win,Florence,Italy,1990-06-15
430,1990,Germany,United Arab Emirates,group_or_knockout,True,0.0,63.1,21.1,83.5,cloudy,60.08,245.78,A_win,Milan,Italy,1990-06-15
431,1990,Brazil,Costa Rica,group_or_knockout,True,0.0,44.5,21.8,52.3,clear,49.08,143.22,A_win,Turin,Italy,1990-06-16
432,1990,England,Netherlands,group_or_knockout,True,0.0,64.2,20.1,19.0,clear,46.88,152.0,draw,Cagliari,Italy,1990-06-16
433,1990,Sweden,Scotland,group_or_knockout,True,0.0,56.3,19.5,66.1,clear,53.48,142.04,B_win,Genoa,Italy,1990-06-16
434,1990,Belgium,Uruguay,group_or_knockout,True,0.0,34.2,27.2,46.8,cloudy,55.68,132.29,A_win,Verona,Italy,1990-06-17
435,1990,Republic of Ireland,Egypt,group_or_knockout,True,0.0,70.1,24.5,58.7,rain,46.88,214.29,draw,Palermo,Italy,1990-06-17
436,1990,South Korea,Spain,group_or_knockout,True,0.0,50.1,26.9,56.6,clear,55.68,150.95,B_win,Udine,Italy,1990-06-17
437,1990,Argentina,Romania,group_or_knockout,True,0.0,51.1,22.9,53.6,hot,51.28,129.43,draw,Naples,Italy,1990-06-18
438,1990,Cameroon,Russia,group_or_knockout,True,0.0,44.1,26.1,70.6,hot,55.68,216.27,B_win,Bari,Italy,1990-06-18
439,1990,Austria,United States,group_or_knockout,True,0.0,49.5,20.5,33.5,clear,53.48,124.84,A_win,Florence,Italy,1990-06-19
440,1990,Germany,Colombia,group_or_knockout,True,0.0,63.6,36.4,49.7,cloudy,51.28,124.06,draw,Milan,Italy,1990-06-19
441,1990,Italy,Czechoslovakia,group_or_knockout,False,0.18,55.5,13.6,68.9,clear,51.28,146.96,A_win,Rome,Italy,1990-06-19
442,1990,Yugoslavia,United Arab Emirates,group_or_knockout,True,0.0,62.3,30.6,48.2,clear,57.88,165.41,A_win,Bologna,Italy,1990-06-19
443,1990,Brazil,Scotland,group_or_knockout,True,0.0,62.7,31.2,32.3,cloudy,49.08,150.83,A_win,Turin,Italy,1990-06-20
444,1990,Sweden,Costa Rica,group_or_knockout,True,0.0,75.2,17.9,68.7,clear,53.48,274.51,B_win,Genoa,Italy,1990-06-20
445,1990,Belgium,Spain,group_or_knockout,True,0.0,53.5,36.4,76.0,hot,53.48,167.91,B_win,Verona,Italy,1990-06-21
446,1990,England,Egypt,group_or_knockout,True,0.0,38.8,29.0,57.3,windy,49.08,72.07,A_win,Cagliari,Italy,1990-06-21
447,1990,Republic of Ireland,Netherlands,group_or_knockout,True,0.0,71.9,28.8,26.6,hot,51.28,160.56,draw,Palermo,Italy,1990-06-21
448,1990,South Korea,Uruguay,group_or_knockout,True,0.0,53.7,23.2,69.3,cloudy,49.08,141.75,B_win,Udine,Italy,1990-06-21
449,1990,Cameroon,Colombia,group_or_knockout,True,0.0,72.5,21.7,31.4,cloudy,53.48,154.7,A_win,Naples,Italy,1990-06-23
450,1990,Czechoslovakia,Costa Rica,group_or_knockout,True,0.0,63.0,21.7,62.9,windy,57.88,177.19,A_win,Bari,Italy,1990-06-23
451,1990,Brazil,Argentina,group_or_knockout,True,0.0,56.3,25.3,43.8,clear,49.08,139.13,B_win,Turin,Italy,1990-06-24
452,1990,Germany,Netherlands,group_or_knockout,True,0.0,62.5,31.4,39.4,clear,53.48,150.59,A_win,Milan,Italy,1990-06-24
453,1990,Republic of Ireland,Romania,group_or_knockout,True,0.0,83.4,24.1,50.9,cloudy,46.88,159.05,draw,Genoa,Italy,1990-06-25
454,1990,Italy,Uruguay,group_or_knockout,False,0.18,85.0,17.5,55.1,clear,51.28,125.9,A_win,Rome,Italy,1990-06-25
455,1990,England,Belgium,group_or_knockout,True,0.0,58.9,27.9,47.7,clear,49.08,107.57,A_win,Bologna,Italy,1990-06-26
456,1990,Spain,Yugoslavia,group_or_knockout,True,0.0,60.1,28.5,67.4,clear,53.48,356.37,B_win,Verona,Italy,1990-06-26
457,1990,Italy,Republic of Ireland,group_or_knockout,False,0.18,72.0,26.9,50.9,cloudy,49.08,114.78,A_win,Rome,Italy,1990-06-30
458,1990,Yugoslavia,Argentina,group_or_knockout,True,0.0,47.0,27.5,73.7,clear,46.88,137.78,draw,Florence,Italy,1990-06-30
459,1990,Cameroon,England,group_or_knockout,True,0.0,62.3,21.4,62.5,clear,57.88,108.81,B_win,Naples,Italy,1990-07-01
460,1990,Germany,Czechoslovakia,group_or_knockout,True,0.0,57.7,17.4,46.8,clear,49.08,144.9,A_win,Milan,Italy,1990-07-01
461,1990,Italy,Argentina,group_or_knockout,False,0.18,62.1,17.8,44.1,clear,51.28,112.84,draw,Naples,Italy,1990-07-03
462,1990,Germany,England,group_or_knockout,True,0.0,47.2,13.2,31.6,hot,51.28,129.46,draw,Turin,Italy,1990-07-04
463,1990,Italy,England,group_or_knockout,False,0.18,37.3,24.4,62.7,clear,53.48,204.78,A_win,Bari,Italy,1990-07-07
464,1990,Germany,Argentina,group_or_knockout,True,0.0,31.1,22.5,52.3,rain,49.08,160.07,A_win,Rome,Italy,1990-07-08
465,1994,Germany,Bolivia,group_or_knockout,True,0.0,43.5,20.4,20.0,rain,50.53,169.31,A_win,Chicago,United States,1994-06-17
466,1994,Spain,South Korea,group_or_knockout,True,0.0,52.0,5.3,49.4,clear,57.13,99.42,draw,Dallas,United States,1994-06-17
467,1994,Colombia,Romania,group_or_knockout,True,0.0,54.2,15.5,43.6,hot,57.13,273.05,B_win,Pasadena,United States,1994-06-18
468,1994,Italy,Republic of Ireland,group_or_knockout,True,0.0,83.2,29.7,83.2,rain,50.53,103.42,B_win,East Rutherford,United States,1994-06-18
469,1994,United States,Switzerland,group_or_knockout,False,0.18,72.4,19.0,30.8,cloudy,52.73,231.18,draw,Pontiac,United States,1994-06-18
470,1994,Belgium,Morocco,group_or_knockout,True,0.0,45.5,25.2,34.9,clear,50.53,192.21,A_win,Orlando,United States,1994-06-19
471,1994,Cameroon,Sweden,group_or_knockout,True,0.0,62.5,14.7,75.8,clear,57.13,191.9,draw,Pasadena,United States,1994-06-19
472,1994,Norway,Mexico,group_or_knockout,True,0.0,52.7,31.6,79.7,windy,50.53,113.66,A_win,"Washington, D.C.",United States,1994-06-19
473,1994,Brazil,Russia,group_or_knockout,True,0.0,54.3,22.1,46.1,rain,52.73,157.22,A_win,Palo Alto,United States,1994-06-20
474,1994,Netherlands,Saudi Arabia,group_or_knockout,True,0.0,60.4,24.7,47.9,windy,54.93,137.58,A_win,"Washington, D.C.",United States,1994-06-20
475,1994,Argentina,Greece,group_or_knockout,True,0.0,66.0,37.0,67.9,hot,57.13,164.59,A_win,Foxborough,United States,1994-06-21
476,1994,Germany,Spain,group_or_knockout,True,0.0,53.6,32.1,20.8,clear,52.73,140.5,draw,Chicago,United States,1994-06-21
477,1994,Nigeria,Bulgaria,group_or_knockout,True,0.0,71.8,21.2,28.2,rain,54.93,88.7,A_win,Dallas,United States,1994-06-21
478,1994,Romania,Switzerland,group_or_knockout,True,0.0,43.2,19.4,53.5,cloudy,59.33,232.11,B_win,Pontiac,United States,1994-06-22
479,1994,United States,Colombia,group_or_knockout,False,0.18,58.1,21.0,82.8,rain,54.93,153.45,A_win,Pasadena,United States,1994-06-22
480,1994,Italy,Norway,group_or_knockout,True,0.0,91.8,26.1,51.0,clear,50.53,126.07,A_win,East Rutherford,United States,1994-06-23
481,1994,South Korea,Bolivia,group_or_knockout,True,0.0,60.9,22.4,59.6,clear,48.33,118.06,draw,Foxborough,United States,1994-06-23
482,1994,Brazil,Cameroon,group_or_knockout,True,0.0,76.6,20.6,76.1,rain,54.93,173.54,A_win,Palo Alto,United States,1994-06-24
483,1994,Mexico,Republic of Ireland,group_or_knockout,True,0.0,59.2,31.8,91.7,rain,54.93,122.22,A_win,Orlando,United States,1994-06-24
484,1994,Sweden,Russia,group_or_knockout,True,0.0,65.6,22.3,48.8,cloudy,57.13,86.82,A_win,Pontiac,United States,1994-06-24
485,1994,Argentina,Nigeria,group_or_knockout,True,0.0,57.3,36.8,57.7,clear,54.93,175.92,A_win,Foxborough,United States,1994-06-25
486,1994,Belgium,Netherlands,group_or_knockout,True,0.0,55.8,23.5,87.2,clear,50.53,166.99,A_win,Orlando,United States,1994-06-25
487,1994,Saudi Arabia,Morocco,group_or_knockout,True,0.0,47.9,33.7,33.6,windy,54.93,148.44,A_win,East Rutherford,United States,1994-06-25
488,1994,Bulgaria,Greece,group_or_knockout,True,0.0,63.6,25.1,74.4,cloudy,57.13,118.38,A_win,Chicago,United States,1994-06-26
489,1994,Switzerland,Colombia,group_or_knockout,True,0.0,46.9,28.8,41.7,cloudy,52.73,154.48,B_win,Palo Alto,United States,1994-06-26
490,1994,United States,Romania,group_or_knockout,False,0.18,66.7,18.7,59.6,cloudy,50.53,95.82,B_win,Pasadena,United States,1994-06-26
491,1994,Bolivia,Spain,group_or_knockout,True,0.0,72.1,17.9,54.1,clear,57.13,122.45,B_win,Chicago,United States,1994-06-27
492,1994,Germany,South Korea,group_or_knockout,True,0.0,62.8,25.8,42.7,cloudy,59.33,137.4,A_win,Dallas,United States,1994-06-27
493,1994,Brazil,Sweden,group_or_knockout,True,0.0,54.3,28.9,42.3,cloudy,52.73,190.85,draw,Pontiac,United States,1994-06-28
494,1994,Republic of Ireland,Norway,group_or_knockout,True,0.0,63.9,23.2,62.4,hot,48.33,124.78,draw,East Rutherford,United States,1994-06-28
495,1994,Italy,Mexico,group_or_knockout,True,0.0,54.0,15.3,73.9,hot,52.73,132.92,draw,"Washington, D.C.",United States,1994-06-28
496,1994,Russia,Cameroon,group_or_knockout,True,0.0,70.2,14.8,55.9,windy,63.73,314.81,A_win,Palo Alto,United States,1994-06-28
497,1994,Belgium,Saudi Arabia,group_or_knockout,True,0.0,34.2,14.4,59.1,cloudy,50.53,159.37,B_win,"Washington, D.C.",United States,1994-06-29
498,1994,Morocco,Netherlands,group_or_knockout,True,0.0,53.6,12.4,67.1,cloudy,54.93,172.6,B_win,Orlando,United States,1994-06-29
499,1994,Argentina,Bulgaria,group_or_knockout,True,0.0,32.1,23.7,42.5,rain,52.73,135.87,B_win,Dallas,United States,1994-06-30
500,1994,Greece,Nigeria,group_or_knockout,True,0.0,38.6,29.8,69.8,hot,52.73,127.51,B_win,Foxborough,United States,1994-06-30
501,1994,Germany,Belgium,group_or_knockout,True,0.0,75.7,22.9,71.1,cloudy,59.33,91.92,A_win,Chicago,United States,1994-07-02
502,1994,Spain,Switzerland,group_or_knockout,True,0.0,69.6,9.4,96.0,rain,54.93,205.88,A_win,"Washington, D.C.",United States,1994-07-02
503,1994,Romania,Argentina,group_or_knockout,True,0.0,48.6,21.9,52.0,rain,59.33,192.22,A_win,Pasadena,United States,1994-07-03
504,1994,Saudi Arabia,Sweden,group_or_knockout,True,0.0,38.5,22.0,50.7,rain,57.13,155.27,B_win,Dallas,United States,1994-07-03
505,1994,Netherlands,Republic of Ireland,group_or_knockout,True,0.0,24.0,35.6,70.3,rain,52.73,145.0,A_win,Orlando,United States,1994-07-04
506,1994,United States,Brazil,group_or_knockout,False,0.18,50.9,14.3,71.1,clear,50.53,177.45,B_win,Palo Alto,United States,1994-07-04
507,1994,Mexico,Bulgaria,group_or_knockout,True,0.0,89.5,20.7,49.4,cloudy,52.73,97.5,draw,East Rutherford,United States,1994-07-05
508,1994,Nigeria,Italy,group_or_knockout,True,0.0,63.7,33.2,51.5,cloudy,54.93,133.07,B_win,Foxborough,United States,1994-07-05
509,1994,Italy,Spain,group_or_knockout,True,0.0,50.7,25.7,66.7,clear,54.93,114.19,A_win,Foxborough,United States,1994-07-09
510,1994,Netherlands,Brazil,group_or_knockout,True,0.0,64.0,26.4,44.8,hot,59.33,278.42,B_win,Dallas,United States,1994-07-09
511,1994,Bulgaria,Germany,group_or_knockout,True,0.0,37.7,23.7,51.4,cloudy,54.93,200.59,A_win,East Rutherford,United States,1994-07-10
512,1994,Romania,Sweden,group_or_knockout,True,0.0,54.1,25.0,59.4,clear,57.13,88.11,draw,Palo Alto,United States,1994-07-10
513,1994,Bulgaria,Italy,group_or_knockout,True,0.0,59.3,27.7,73.9,rain,54.93,102.74,B_win,East Rutherford,United States,1994-07-13
514,1994,Sweden,Brazil,group_or_knockout,True,0.0,56.9,18.1,48.3,rain,50.53,139.14,B_win,Pasadena,United States,1994-07-13
515,1994,Sweden,Bulgaria,group_or_knockout,True,0.0,68.3,28.3,28.5,rain,57.13,143.03,A_win,Pasadena,United States,1994-07-16
516,1994,Brazil,Italy,group_or_knockout,True,0.0,62.5,14.8,27.3,clear,48.33,95.32,draw,Pasadena,United States,1994-07-17
517,1998,Brazil,Scotland,group_or_knockout,True,0.0,66.7,25.0,37.8,hot,56.39,277.78,A_win,Saint-Denis,France,1998-06-10
518,1998,Morocco,Norway,group_or_knockout,True,0.0,49.1,24.1,37.0,clear,58.59,182.74,draw,Montpellier,France,1998-06-10
519,1998,Cameroon,Austria,group_or_knockout,True,0.0,69.7,19.3,55.5,cloudy,54.19,176.88,draw,Toulouse,France,1998-06-11
520,1998,Italy,Chile,group_or_knockout,True,0.0,79.2,22.9,39.0,clear,58.59,137.94,draw,Bordeaux,France,1998-06-11
521,1998,France,South Africa,group_or_knockout,False,0.18,45.4,19.3,46.8,cloudy,56.39,197.26,A_win,Marseille,France,1998-06-12
522,1998,Paraguay,Bulgaria,group_or_knockout,True,0.0,46.5,16.6,45.6,rain,49.79,127.91,draw,Montpellier,France,1998-06-12
523,1998,Saudi Arabia,Denmark,group_or_knockout,True,0.0,75.4,20.9,51.0,cloudy,51.99,137.24,B_win,Lens,France,1998-06-12
524,1998,South Korea,Mexico,group_or_knockout,True,0.0,55.5,16.4,79.2,cloudy,58.59,198.67,B_win,Lyon,France,1998-06-13
525,1998,Netherlands,Belgium,group_or_knockout,True,0.0,76.2,24.9,68.6,rain,49.79,90.17,draw,Saint-Denis,France,1998-06-13
526,1998,Spain,Nigeria,group_or_knockout,True,0.0,52.2,16.1,58.3,rain,60.79,271.67,B_win,Nantes,France,1998-06-13
527,1998,Argentina,Japan,group_or_knockout,True,0.0,76.9,27.3,50.6,clear,51.99,156.35,A_win,Toulouse,France,1998-06-14
528,1998,Jamaica,Croatia,group_or_knockout,True,0.0,59.7,15.9,51.1,windy,58.59,239.66,B_win,Lens,France,1998-06-14
529,1998,Serbia,Iran,group_or_knockout,True,0.0,61.4,19.6,63.2,rain,51.99,109.94,A_win,Saint-Étienne,France,1998-06-14
530,1998,England,Tunisia,group_or_knockout,True,0.0,78.3,19.3,67.3,windy,54.19,119.58,A_win,Marseille,France,1998-06-15
531,1998,Germany,United States,group_or_knockout,True,0.0,53.3,31.0,43.5,windy,54.19,111.85,A_win,Paris,France,1998-06-15
532,1998,Romania,Colombia,group_or_knockout,True,0.0,45.8,25.0,58.6,hot,51.99,159.36,A_win,Lyon,France,1998-06-15
533,1998,Brazil,Morocco,group_or_knockout,True,0.0,52.2,21.7,25.5,rain,56.39,164.15,A_win,Nantes,France,1998-06-16
534,1998,Scotland,Norway,group_or_knockout,True,0.0,63.9,26.0,61.4,cloudy,54.19,135.97,draw,Bordeaux,France,1998-06-16
535,1998,Chile,Austria,group_or_knockout,True,0.0,37.6,10.4,70.2,clear,54.19,116.58,draw,Saint-Étienne,France,1998-06-17
536,1998,Italy,Cameroon,group_or_knockout,True,0.0,66.3,22.7,53.5,cloudy,56.39,113.03,A_win,Montpellier,France,1998-06-17
537,1998,France,Saudi Arabia,group_or_knockout,False,0.18,51.0,35.0,87.1,rain,58.59,165.17,A_win,Saint-Denis,France,1998-06-18
538,1998,South Africa,Denmark,group_or_knockout,True,0.0,72.9,23.8,43.9,cloudy,54.19,135.93,draw,Toulouse,France,1998-06-18
539,1998,Nigeria,Bulgaria,group_or_knockout,True,0.0,26.9,23.4,61.5,hot,51.99,122.62,A_win,Paris,France,1998-06-19
540,1998,Spain,Paraguay,group_or_knockout,True,0.0,47.8,26.3,57.4,clear,49.79,219.42,draw,Saint-Étienne,France,1998-06-19
541,1998,Belgium,Mexico,group_or_knockout,True,0.0,36.1,28.4,56.4,clear,58.59,163.61,draw,Bordeaux,France,1998-06-20
542,1998,Japan,Croatia,group_or_knockout,True,0.0,47.3,11.0,56.2,cloudy,51.99,212.02,B_win,Nantes,France,1998-06-20
543,1998,Netherlands,South Korea,group_or_knockout,True,0.0,61.2,12.9,59.7,cloudy,60.79,149.62,A_win,Marseille,France,1998-06-20
544,1998,Argentina,Jamaica,group_or_knockout,True,0.0,55.7,24.3,71.6,clear,60.79,186.04,A_win,Paris,France,1998-06-21
545,1998,Germany,Serbia,group_or_knockout,True,0.0,54.7,18.7,80.0,clear,58.59,164.85,draw,Lens,France,1998-06-21
546,1998,United States,Iran,group_or_knockout,True,0.0,55.9,30.9,58.0,hot,56.39,100.18,B_win,Lyon,France,1998-06-21
547,1998,Colombia,Tunisia,group_or_knockout,True,0.0,60.6,21.1,71.0,cloudy,51.99,221.62,A_win,Montpellier,France,1998-06-22
548,1998,Romania,England,group_or_knockout,True,0.0,44.9,11.4,46.8,clear,56.39,155.16,A_win,Toulouse,France,1998-06-22
549,1998,Brazil,Norway,group_or_knockout,True,0.0,67.2,15.4,70.3,clear,56.39,198.6,B_win,Marseille,France,1998-06-23
550,1998,Chile,Cameroon,group_or_knockout,True,0.0,66.6,6.5,45.8,cloudy,54.19,125.45,draw,Nantes,France,1998-06-23
551,1998,Italy,Austria,group_or_knockout,True,0.0,63.0,21.6,75.5,clear,56.39,153.87,A_win,Saint-Denis,France,1998-06-23
552,1998,Scotland,Morocco,group_or_knockout,True,0.0,65.2,21.9,93.4,rain,56.39,126.42,B_win,Saint-Étienne,France,1998-06-23
553,1998,France,Denmark,group_or_knockout,False,0.18,61.9,20.5,56.0,rain,56.39,227.78,A_win,Lyon,France,1998-06-24
554,1998,Nigeria,Paraguay,group_or_knockout,True,0.0,84.5,29.5,22.9,clear,58.59,182.68,B_win,Toulouse,France,1998-06-24
555,1998,South Africa,Saudi Arabia,group_or_knockout,True,0.0,56.9,30.2,49.2,cloudy,58.59,185.55,draw,Bordeaux,France,1998-06-24
556,1998,Spain,Bulgaria,group_or_knockout,True,0.0,54.0,22.0,77.7,clear,65.19,272.49,A_win,Lens,France,1998-06-24
557,1998,Belgium,South Korea,group_or_knockout,True,0.0,48.2,10.2,66.8,clear,54.19,214.06,draw,Paris,France,1998-06-25
558,1998,Germany,Iran,group_or_knockout,True,0.0,44.6,26.7,62.0,hot,54.19,191.87,A_win,Montpellier,France,1998-06-25
559,1998,Netherlands,Mexico,group_or_knockout,True,0.0,41.8,26.3,74.1,cloudy,58.59,112.45,draw,Saint-Étienne,France,1998-06-25
560,1998,United States,Serbia,group_or_knockout,True,0.0,46.4,24.9,65.8,hot,51.99,122.27,B_win,Nantes,France,1998-06-25
561,1998,Argentina,Croatia,group_or_knockout,True,0.0,57.1,28.9,77.5,clear,51.99,112.16,A_win,Bordeaux,France,1998-06-26
562,1998,Colombia,England,group_or_knockout,True,0.0,62.3,16.0,72.7,clear,54.19,189.84,B_win,Lens,France,1998-06-26
563,1998,Japan,Jamaica,group_or_knockout,True,0.0,58.7,35.1,82.3,cloudy,56.39,169.03,B_win,Lyon,France,1998-06-26
564,1998,Romania,Tunisia,group_or_knockout,True,0.0,48.0,17.2,63.7,cloudy,54.19,104.92,draw,Saint-Denis,France,1998-06-26
565,1998,Brazil,Chile,group_or_knockout,True,0.0,69.7,27.5,72.5,windy,60.79,164.77,A_win,Paris,France,1998-06-27
566,1998,Italy,Norway,group_or_knockout,True,0.0,67.6,12.9,53.1,clear,51.99,97.78,A_win,Marseille,France,1998-06-27
567,1998,France,Paraguay,group_or_knockout,False,0.18,55.9,17.4,48.4,hot,51.99,146.37,A_win,Lens,France,1998-06-28
568,1998,Nigeria,Denmark,group_or_knockout,True,0.0,49.5,32.1,85.3,hot,60.79,109.28,B_win,Saint-Denis,France,1998-06-28
569,1998,Germany,Mexico,group_or_knockout,True,0.0,65.1,21.4,61.5,cloudy,56.39,186.86,A_win,Montpellier,France,1998-06-29
570,1998,Netherlands,Serbia,group_or_knockout,True,0.0,60.4,28.0,70.9,clear,56.39,179.13,A_win,Toulouse,France,1998-06-29
571,1998,Argentina,England,group_or_knockout,True,0.0,39.2,24.4,60.0,cloudy,58.59,285.66,draw,Saint-Étienne,France,1998-06-30
572,1998,Romania,Croatia,group_or_knockout,True,0.0,57.1,22.4,48.6,clear,51.99,188.38,B_win,Bordeaux,France,1998-06-30
573,1998,Brazil,Denmark,group_or_knockout,True,0.0,61.4,31.2,58.2,rain,60.79,154.32,A_win,Nantes,France,1998-07-03
574,1998,France,Italy,group_or_knockout,False,0.18,46.3,21.6,81.0,cloudy,49.79,178.91,draw,Saint-Denis,France,1998-07-03
575,1998,Germany,Croatia,group_or_knockout,True,0.0,60.5,12.3,66.9,windy,56.39,108.96,B_win,Lyon,France,1998-07-04
576,1998,Netherlands,Argentina,group_or_knockout,True,0.0,39.1,18.2,30.6,cloudy,56.39,123.08,A_win,Marseille,France,1998-07-04
577,1998,Brazil,Netherlands,group_or_knockout,True,0.0,75.4,26.3,54.6,cloudy,54.19,170.0,draw,Marseille,France,1998-07-07
578,1998,France,Croatia,group_or_knockout,False,0.18,74.2,25.4,86.5,rain,56.39,88.06,A_win,Saint-Denis,France,1998-07-08
579,1998,Netherlands,Croatia,group_or_knockout,True,0.0,54.7,13.6,54.6,cloudy,56.39,159.47,B_win,Paris,France,1998-07-11
580,1998,France,Brazil,group_or_knockout,False,0.18,62.7,18.7,29.2,hot,56.39,121.1,A_win,Saint-Denis,France,1998-07-12
581,2002,France,Senegal,group_or_knockout,True,0.0,26.7,19.5,88.3,clear,53.45,157.14,B_win,Seoul,South Korea,2002-05-31
582,2002,Germany,Saudi Arabia,group_or_knockout,True,0.0,43.0,20.8,68.9,windy,68.85,145.5,A_win,Sapporo,Japan,2002-06-01
583,2002,Republic of Ireland,Cameroon,group_or_knockout,True,0.0,54.2,14.7,56.9,rain,55.65,179.09,draw,Niigata,Japan,2002-06-01
584,2002,Uruguay,Denmark,group_or_knockout,True,0.0,44.1,19.2,52.1,hot,57.85,166.21,B_win,Ulsan,South Korea,2002-06-01
585,2002,Argentina,Nigeria,group_or_knockout,True,0.0,67.3,18.6,75.3,cloudy,53.45,226.07,A_win,Kashima,Japan,2002-06-02
586,2002,England,Sweden,group_or_knockout,True,0.0,84.0,27.6,49.3,hot,55.65,159.33,draw,Saitama,Japan,2002-06-02
587,2002,Paraguay,South Africa,group_or_knockout,True,0.0,42.7,27.9,76.4,clear,60.05,138.37,draw,Busan,South Korea,2002-06-02
588,2002,Spain,Slovenia,group_or_knockout,True,0.0,47.1,22.1,66.7,rain,60.05,160.14,A_win,Gwangju,South Korea,2002-06-02
589,2002,Brazil,Turkey,group_or_knockout,True,0.0,61.1,20.6,61.9,clear,57.85,113.46,A_win,Ulsan,South Korea,2002-06-03
590,2002,Croatia,Mexico,group_or_knockout,True,0.0,78.9,23.8,60.3,clear,53.45,171.14,B_win,Niigata,Japan,2002-06-03
591,2002,Italy,Ecuador,group_or_knockout,True,0.0,42.1,18.1,55.2,cloudy,55.65,187.59,A_win,Sapporo,Japan,2002-06-03
592,2002,China,Costa Rica,group_or_knockout,True,0.0,61.2,16.1,74.7,clear,55.65,317.49,B_win,Gwangju,South Korea,2002-06-04
593,2002,Japan,Belgium,group_or_knockout,False,0.18,81.7,17.4,44.2,clear,60.05,144.18,draw,Saitama,Japan,2002-06-04
594,2002,South Korea,Poland,group_or_knockout,False,0.18,36.5,19.2,32.0,hot,55.65,147.54,A_win,Busan,South Korea,2002-06-04
595,2002,Germany,Republic of Ireland,group_or_knockout,True,0.0,41.3,16.0,67.8,clear,55.65,135.35,draw,Kashima,Japan,2002-06-05
596,2002,Russia,Tunisia,group_or_knockout,True,0.0,52.5,24.0,68.1,rain,55.65,168.76,A_win,Kobe,Japan,2002-06-05
597,2002,United States,Portugal,group_or_knockout,True,0.0,51.2,27.4,65.7,clear,62.25,197.95,A_win,Suwon,South Korea,2002-06-05
598,2002,Cameroon,Saudi Arabia,group_or_knockout,True,0.0,68.6,13.5,64.5,rain,53.45,150.48,A_win,Saitama,Japan,2002-06-06
599,2002,Denmark,Senegal,group_or_knockout,True,0.0,61.1,23.2,52.9,rain,55.65,215.56,draw,Daegu,South Korea,2002-06-06
600,2002,France,Uruguay,group_or_knockout,True,0.0,34.9,21.7,70.6,clear,51.25,123.22,draw,Busan,South Korea,2002-06-06
601,2002,Argentina,England,group_or_knockout,True,0.0,64.7,25.0,57.3,rain,53.45,201.32,B_win,Sapporo,Japan,2002-06-07
602,2002,Spain,Paraguay,group_or_knockout,True,0.0,50.5,22.9,50.2,hot,60.05,199.53,A_win,Jeonju,South Korea,2002-06-07
603,2002,Sweden,Nigeria,group_or_knockout,True,0.0,74.6,14.3,53.0,rain,57.85,164.76,A_win,Kobe,Japan,2002-06-07
604,2002,Brazil,China,group_or_knockout,True,0.0,49.8,15.4,90.3,clear,60.05,157.12,A_win,Seogwipo,South Korea,2002-06-08
605,2002,Italy,Croatia,group_or_knockout,True,0.0,49.7,23.2,30.2,cloudy,57.85,326.14,B_win,Kashima,Japan,2002-06-08
606,2002,South Africa,Slovenia,group_or_knockout,True,0.0,65.0,29.2,66.0,rain,53.45,121.51,A_win,Daegu,South Korea,2002-06-08
607,2002,Costa Rica,Turkey,group_or_knockout,True,0.0,67.9,9.7,31.1,clear,55.65,172.86,draw,Incheon,South Korea,2002-06-09
608,2002,Japan,Russia,group_or_knockout,False,0.18,63.8,25.1,56.3,rain,53.45,123.8,A_win,Yokohama,Japan,2002-06-09
609,2002,Mexico,Ecuador,group_or_knockout,True,0.0,36.1,30.1,51.1,clear,57.85,272.55,A_win,Rifu,Japan,2002-06-09
610,2002,South Korea,United States,group_or_knockout,False,0.18,65.0,22.1,24.6,rain,55.65,203.85,draw,Daegu,South Korea,2002-06-10
611,2002,Portugal,Poland,group_or_knockout,True,0.0,44.6,26.3,64.2,clear,60.05,141.92,A_win,Jeonju,South Korea,2002-06-10
612,2002,Tunisia,Belgium,group_or_knockout,True,0.0,61.1,18.8,51.9,clear,55.65,183.57,draw,Ōita,Japan,2002-06-10
613,2002,Cameroon,Germany,group_or_knockout,True,0.0,39.5,22.3,24.4,windy,55.65,170.93,B_win,Fukuroi,Japan,2002-06-11
614,2002,Denmark,France,group_or_knockout,True,0.0,63.8,13.3,71.4,hot,55.65,137.61,A_win,Incheon,South Korea,2002-06-11
615,2002,Saudi Arabia,Republic of Ireland,group_or_knockout,True,0.0,47.5,8.9,81.0,hot,57.85,204.41,B_win,Yokohama,Japan,2002-06-11
616,2002,Senegal,Uruguay,group_or_knockout,True,0.0,41.3,28.7,81.8,windy,64.45,205.39,draw,Suwon,South Korea,2002-06-11
617,2002,Nigeria,England,group_or_knockout,True,0.0,67.3,17.1,63.7,cloudy,51.25,155.57,draw,Osaka,Japan,2002-06-12
618,2002,Slovenia,Paraguay,group_or_knockout,True,0.0,61.1,20.3,58.7,clear,60.05,169.6,B_win,Seogwipo,South Korea,2002-06-12
619,2002,South Africa,Spain,group_or_knockout,True,0.0,50.0,14.7,79.3,clear,62.25,200.71,B_win,Daejeon,South Korea,2002-06-12
620,2002,Sweden,Argentina,group_or_knockout,True,0.0,76.9,14.5,84.9,cloudy,55.65,169.58,draw,Rifu,Japan,2002-06-12
621,2002,Costa Rica,Brazil,group_or_knockout,True,0.0,52.3,22.0,76.1,clear,66.65,193.64,B_win,Suwon,South Korea,2002-06-13
622,2002,Ecuador,Croatia,group_or_knockout,True,0.0,58.4,18.6,42.9,windy,53.45,127.65,A_win,Yokohama,Japan,2002-06-13
623,2002,Mexico,Italy,group_or_knockout,True,0.0,61.5,25.3,61.2,clear,55.65,255.53,draw,Ōita,Japan,2002-06-13
624,2002,Turkey,China,group_or_knockout,True,0.0,49.9,25.7,65.0,clear,57.85,123.19,A_win,Seoul,South Korea,2002-06-13
625,2002,Belgium,Russia,group_or_knockout,True,0.0,64.1,24.9,29.0,clear,62.25,200.52,A_win,Fukuroi,Japan,2002-06-14
626,2002,Japan,Tunisia,group_or_knockout,False,0.18,51.1,24.4,65.5,clear,55.65,145.39,A_win,Osaka,Japan,2002-06-14
627,2002,South Korea,Portugal,group_or_knockout,False,0.18,52.6,32.5,94.4,clear,53.45,249.99,A_win,Incheon,South Korea,2002-06-14
628,2002,Poland,United States,group_or_knockout,True,0.0,75.7,16.6,68.2,cloudy,60.05,133.25,A_win,Daejeon,South Korea,2002-06-14
629,2002,Denmark,England,group_or_knockout,True,0.0,44.5,22.7,81.6,clear,57.85,134.56,B_win,Niigata,Japan,2002-06-15
630,2002,Germany,Paraguay,group_or_knockout,True,0.0,26.6,29.8,60.9,cloudy,53.45,116.42,A_win,Seogwipo,South Korea,2002-06-15
631,2002,Spain,Republic of Ireland,group_or_knockout,True,0.0,78.9,30.6,56.8,hot,55.65,174.1,draw,Suwon,South Korea,2002-06-16
632,2002,Sweden,Senegal,group_or_knockout,True,0.0,91.1,14.5,64.1,cloudy,57.85,112.55,B_win,Ōita,Japan,2002-06-16
633,2002,Brazil,Belgium,group_or_knockout,True,0.0,52.7,21.1,44.9,rain,55.65,139.09,A_win,Kobe,Japan,2002-06-17
634,2002,Mexico,United States,group_or_knockout,True,0.0,32.8,31.1,42.6,clear,55.65,87.04,B_win,Jeonju,South Korea,2002-06-17
635,2002,Japan,Turkey,group_or_knockout,False,0.18,54.0,26.0,78.3,clear,53.45,163.38,B_win,Rifu,Japan,2002-06-18
636,2002,South Korea,Italy,group_or_knockout,False,0.18,54.3,24.2,80.0,clear,57.85,143.71,A_win,Daejeon,South Korea,2002-06-18
637,2002,England,Brazil,group_or_knockout,True,0.0,55.5,21.7,42.1,windy,57.85,108.98,B_win,Fukuroi,Japan,2002-06-21
638,2002,Germany,United States,group_or_knockout,True,0.0,43.5,20.7,73.5,cloudy,53.45,207.0,A_win,Ulsan,South Korea,2002-06-21
639,2002,South Korea,Spain,group_or_knockout,False,0.18,65.5,24.7,56.6,clear,51.25,101.55,draw,Gwangju,South Korea,2002-06-22
640,2002,Senegal,Turkey,group_or_knockout,True,0.0,64.8,21.5,63.4,cloudy,53.45,190.93,B_win,Osaka,Japan,2002-06-22
641,2002,South Korea,Germany,group_or_knockout,False,0.18,38.6,22.7,65.4,hot,53.45,125.52,B_win,Seoul,South Korea,2002-06-25
642,2002,Brazil,Turkey,group_or_knockout,True,0.0,67.1,23.5,73.9,rain,53.45,239.17,A_win,Saitama,Japan,2002-06-26
643,2002,South Korea,Turkey,group_or_knockout,False,0.18,84.7,18.9,59.3,cloudy,62.25,219.43,B_win,Daegu,South Korea,2002-06-29
644,2002,Germany,Brazil,group_or_knockout,True,0.0,60.2,26.2,80.6,hot,55.65,119.92,B_win,Yokohama,Japan,2002-06-30
645,2006,Germany,Costa Rica,group_or_knockout,False,0.18,53.6,39.0,63.0,rain,65.91,145.69,A_win,Munich,Germany,2006-06-09
646,2006,Poland,Ecuador,group_or_knockout,True,0.0,56.2,12.3,68.0,cloudy,57.11,193.35,B_win,Gelsenkirchen,Germany,2006-06-09
647,2006,Argentina,Ivory Coast,group_or_knockout,True,0.0,66.0,24.9,44.7,clear,59.31,157.48,A_win,Hamburg,Germany,2006-06-10
648,2006,England,Paraguay,group_or_knockout,True,0.0,35.5,18.4,92.5,clear,54.91,149.65,A_win,Frankfurt,Germany,2006-06-10
649,2006,Trinidad and Tobago,Sweden,group_or_knockout,True,0.0,60.1,26.5,65.5,windy,52.71,215.08,draw,Dortmund,Germany,2006-06-10
650,2006,Angola,Portugal,group_or_knockout,True,0.0,52.9,23.3,69.4,cloudy,54.91,127.24,B_win,Cologne,Germany,2006-06-11
651,2006,Mexico,Iran,group_or_knockout,True,0.0,82.0,27.6,32.3,clear,61.51,180.33,A_win,Nuremberg,Germany,2006-06-11
652,2006,Serbia,Netherlands,group_or_knockout,True,0.0,55.7,30.1,44.8,cloudy,54.91,205.0,B_win,Leipzig,Germany,2006-06-11
653,2006,Australia,Japan,group_or_knockout,True,0.0,79.7,24.2,77.8,clear,61.51,220.47,A_win,Kaiserslautern,Germany,2006-06-12
654,2006,Italy,Ghana,group_or_knockout,True,0.0,43.7,29.8,62.6,hot,57.11,156.07,A_win,Hanover,Germany,2006-06-12
655,2006,United States,Czech Republic,group_or_knockout,True,0.0,65.6,8.9,27.4,clear,59.31,156.32,B_win,Gelsenkirchen,Germany,2006-06-12
656,2006,Brazil,Croatia,group_or_knockout,True,0.0,62.2,32.5,74.6,rain,54.91,96.43,A_win,Berlin,Germany,2006-06-13
657,2006,France,Switzerland,group_or_knockout,True,0.0,46.7,25.3,49.3,cloudy,52.71,112.06,draw,Stuttgart,Germany,2006-06-13
658,2006,South Korea,Togo,group_or_knockout,True,0.0,60.3,29.5,80.6,clear,59.31,185.29,A_win,Frankfurt,Germany,2006-06-13
659,2006,Germany,Poland,group_or_knockout,False,0.18,73.8,15.7,56.6,clear,54.91,150.97,A_win,Dortmund,Germany,2006-06-14
660,2006,Spain,Ukraine,group_or_knockout,True,0.0,53.8,18.0,61.3,rain,61.51,179.5,A_win,Leipzig,Germany,2006-06-14
661,2006,Tunisia,Saudi Arabia,group_or_knockout,True,0.0,36.0,23.9,76.9,clear,61.51,235.14,draw,Munich,Germany,2006-06-14
662,2006,Ecuador,Costa Rica,group_or_knockout,True,0.0,57.8,22.9,43.6,clear,59.31,121.55,A_win,Hamburg,Germany,2006-06-15
663,2006,England,Trinidad and Tobago,group_or_knockout,True,0.0,46.3,24.7,42.1,rain,57.11,152.76,A_win,Nuremberg,Germany,2006-06-15
664,2006,Sweden,Paraguay,group_or_knockout,True,0.0,53.5,29.5,54.9,clear,54.91,165.43,A_win,Berlin,Germany,2006-06-15
665,2006,Argentina,Serbia,group_or_knockout,True,0.0,56.9,12.4,71.2,clear,65.91,154.64,A_win,Gelsenkirchen,Germany,2006-06-16
666,2006,Mexico,Angola,group_or_knockout,True,0.0,35.8,28.8,36.7,clear,52.71,224.89,draw,Hanover,Germany,2006-06-16
667,2006,Netherlands,Ivory Coast,group_or_knockout,True,0.0,37.0,23.0,31.3,hot,59.31,218.59,A_win,Stuttgart,Germany,2006-06-16
668,2006,Czech Republic,Ghana,group_or_knockout,True,0.0,64.3,21.8,71.2,clear,57.11,177.01,B_win,Cologne,Germany,2006-06-17
669,2006,Italy,United States,group_or_knockout,True,0.0,51.2,14.2,48.4,clear,57.11,269.71,draw,Kaiserslautern,Germany,2006-06-17
670,2006,Portugal,Iran,group_or_knockout,True,0.0,24.7,26.0,51.7,clear,57.11,107.26,A_win,Frankfurt,Germany,2006-06-17
671,2006,Brazil,Australia,group_or_knockout,True,0.0,68.2,8.5,28.3,clear,57.11,162.85,A_win,Munich,Germany,2006-06-18
672,2006,France,South Korea,group_or_knockout,True,0.0,61.5,26.9,47.1,clear,57.11,180.83,draw,Leipzig,Germany,2006-06-18
673,2006,Japan,Croatia,group_or_knockout,True,0.0,48.7,14.0,57.9,clear,52.71,116.6,draw,Nuremberg,Germany,2006-06-18
674,2006,Saudi Arabia,Ukraine,group_or_knockout,True,0.0,40.9,23.3,72.9,clear,61.51,191.22,B_win,Hamburg,Germany,2006-06-19
675,2006,Spain,Tunisia,group_or_knockout,True,0.0,68.9,22.3,45.7,clear,61.51,128.94,A_win,Stuttgart,Germany,2006-06-19
676,2006,Togo,Switzerland,group_or_knockout,True,0.0,62.5,30.0,84.5,hot,57.11,198.01,B_win,Dortmund,Germany,2006-06-19
677,2006,Costa Rica,Poland,group_or_knockout,True,0.0,89.0,21.9,47.0,clear,59.31,227.91,B_win,Hanover,Germany,2006-06-20
678,2006,Germany,Ecuador,group_or_knockout,False,0.18,63.5,18.8,47.1,clear,59.31,182.92,A_win,Berlin,Germany,2006-06-20
679,2006,Paraguay,Trinidad and Tobago,group_or_knockout,True,0.0,63.0,20.0,82.6,hot,57.11,97.14,A_win,Kaiserslautern,Germany,2006-06-20
680,2006,Sweden,England,group_or_knockout,True,0.0,55.8,30.6,61.4,hot,61.51,134.09,draw,Cologne,Germany,2006-06-20
681,2006,Iran,Angola,group_or_knockout,True,0.0,68.6,26.2,49.2,rain,57.11,191.16,draw,Leipzig,Germany,2006-06-21
682,2006,Ivory Coast,Serbia,group_or_knockout,True,0.0,66.1,20.7,55.5,clear,63.71,183.14,A_win,Munich,Germany,2006-06-21
683,2006,Netherlands,Argentina,group_or_knockout,True,0.0,74.3,21.6,79.6,clear,52.71,70.84,draw,Frankfurt,Germany,2006-06-21
684,2006,Portugal,Mexico,group_or_knockout,True,0.0,51.2,13.6,81.5,clear,59.31,240.03,A_win,Gelsenkirchen,Germany,2006-06-21
685,2006,Croatia,Australia,group_or_knockout,True,0.0,52.3,25.3,44.9,clear,61.51,182.63,draw,Stuttgart,Germany,2006-06-22
686,2006,Czech Republic,Italy,group_or_knockout,True,0.0,51.8,12.4,57.3,clear,57.11,129.75,B_win,Hamburg,Germany,2006-06-22
687,2006,Ghana,United States,group_or_knockout,True,0.0,68.3,27.5,59.4,cloudy,59.31,223.94,A_win,Nuremberg,Germany,2006-06-22
688,2006,Japan,Brazil,group_or_knockout,True,0.0,77.5,23.8,42.2,clear,63.71,150.6,B_win,Dortmund,Germany,2006-06-22
689,2006,Saudi Arabia,Spain,group_or_knockout,True,0.0,52.0,37.3,57.1,cloudy,54.91,129.4,B_win,Kaiserslautern,Germany,2006-06-23
690,2006,Switzerland,South Korea,group_or_knockout,True,0.0,52.5,16.4,58.1,clear,57.11,180.43,A_win,Hanover,Germany,2006-06-23
691,2006,Togo,France,group_or_knockout,True,0.0,62.1,22.4,76.2,clear,57.11,268.72,B_win,Cologne,Germany,2006-06-23
692,2006,Ukraine,Tunisia,group_or_knockout,True,0.0,54.8,33.8,77.3,rain,54.91,247.23,A_win,Berlin,Germany,2006-06-23
693,2006,Argentina,Mexico,group_or_knockout,True,0.0,70.4,30.1,52.7,hot,59.31,187.45,A_win,Leipzig,Germany,2006-06-24
694,2006,Germany,Sweden,group_or_knockout,False,0.18,28.7,18.8,54.6,clear,57.11,185.76,A_win,Munich,Germany,2006-06-24
695,2006,England,Ecuador,group_or_knockout,True,0.0,47.3,24.3,68.6,cloudy,54.91,195.84,A_win,Stuttgart,Germany,2006-06-25
696,2006,Portugal,Netherlands,group_or_knockout,True,0.0,47.8,23.0,48.6,clear,54.91,110.36,A_win,Nuremberg,Germany,2006-06-25
697,2006,Italy,Australia,group_or_knockout,True,0.0,27.8,24.7,67.4,clear,54.91,187.93,A_win,Kaiserslautern,Germany,2006-06-26
698,2006,Switzerland,Ukraine,group_or_knockout,True,0.0,45.5,18.8,56.6,rain,52.71,122.64,draw,Cologne,Germany,2006-06-26
699,2006,Brazil,Ghana,group_or_knockout,True,0.0,46.1,22.5,42.5,clear,59.31,185.3,A_win,Dortmund,Germany,2006-06-27
700,2006,Spain,France,group_or_knockout,True,0.0,55.4,13.4,42.7,cloudy,61.51,164.93,B_win,Hanover,Germany,2006-06-27
701,2006,Germany,Argentina,group_or_knockout,False,0.18,72.5,23.8,81.2,cloudy,57.11,187.79,draw,Berlin,Germany,2006-06-30
702,2006,Italy,Ukraine,group_or_knockout,True,0.0,54.8,25.7,55.5,clear,59.31,175.19,A_win,Hamburg,Germany,2006-06-30
703,2006,Brazil,France,group_or_knockout,True,0.0,44.6,21.6,84.2,clear,54.91,66.37,B_win,Frankfurt,Germany,2006-07-01
704,2006,England,Portugal,group_or_knockout,True,0.0,57.3,13.3,49.8,clear,52.71,158.36,draw,Gelsenkirchen,Germany,2006-07-01
705,2006,Germany,Italy,group_or_knockout,False,0.18,71.6,28.9,62.7,windy,57.11,195.35,B_win,Dortmund,Germany,2006-07-04
706,2006,Portugal,France,group_or_knockout,True,0.0,45.3,25.2,96.0,cloudy,54.91,177.78,B_win,Munich,Germany,2006-07-05
707,2006,Germany,Portugal,group_or_knockout,False,0.18,46.2,18.6,41.1,clear,61.51,170.8,A_win,Stuttgart,Germany,2006-07-08
708,2006,Italy,France,group_or_knockout,True,0.0,65.3,21.3,27.6,clear,57.11,258.47,draw,Berlin,Germany,2006-07-09
709,2010,South Africa,Mexico,group_or_knockout,False,0.18,55.1,14.0,78.6,cloudy,58.57,182.62,draw,Johannesburg,South Africa,2010-06-11
710,2010,Uruguay,France,group_or_knockout,True,0.0,66.4,16.8,44.8,clear,54.17,174.98,draw,Cape Town,South Africa,2010-06-11
711,2010,Argentina,Nigeria,group_or_knockout,True,0.0,57.8,19.8,57.7,cloudy,56.37,215.81,A_win,Johannesburg,South Africa,2010-06-12
712,2010,England,United States,group_or_knockout,True,0.0,67.1,30.4,48.6,rain,58.57,185.26,draw,Rustenburg,South Africa,2010-06-12
713,2010,South Korea,Greece,group_or_knockout,True,0.0,44.5,19.2,62.3,cloudy,58.57,130.16,A_win,Port Elizabeth,South Africa,2010-06-12
714,2010,Algeria,Slovenia,group_or_knockout,True,0.0,57.8,26.8,42.8,clear,56.37,81.39,B_win,Polokwane,South Africa,2010-06-13
715,2010,Germany,Australia,group_or_knockout,True,0.0,55.3,19.8,55.1,clear,62.97,157.44,A_win,Durban,South Africa,2010-06-13
716,2010,Serbia,Ghana,group_or_knockout,True,0.0,42.2,24.5,65.2,clear,56.37,199.34,B_win,Pretoria,South Africa,2010-06-13
717,2010,Italy,Paraguay,group_or_knockout,True,0.0,37.7,22.2,41.9,cloudy,58.57,151.62,draw,Cape Town,South Africa,2010-06-14
718,2010,Japan,Cameroon,group_or_knockout,True,0.0,66.9,28.2,46.8,hot,56.37,201.6,A_win,Bloemfontein,South Africa,2010-06-14
719,2010,Netherlands,Denmark,group_or_knockout,True,0.0,53.4,19.8,52.4,clear,58.57,174.49,A_win,Johannesburg,South Africa,2010-06-14
720,2010,Brazil,North Korea,group_or_knockout,True,0.0,44.7,13.6,35.1,cloudy,60.77,249.08,A_win,Johannesburg,South Africa,2010-06-15
721,2010,Ivory Coast,Portugal,group_or_knockout,True,0.0,56.7,14.7,51.2,rain,54.17,142.52,draw,Port Elizabeth,South Africa,2010-06-15
722,2010,New Zealand,Slovakia,group_or_knockout,True,0.0,72.7,19.8,59.9,clear,58.57,190.79,draw,Rustenburg,South Africa,2010-06-15
723,2010,Honduras,Chile,group_or_knockout,True,0.0,28.4,15.5,51.6,clear,56.37,185.6,B_win,Nelspruit,South Africa,2010-06-16
724,2010,South Africa,Uruguay,group_or_knockout,False,0.18,38.5,25.5,53.7,clear,60.77,264.42,B_win,Pretoria,South Africa,2010-06-16
725,2010,Spain,Switzerland,group_or_knockout,True,0.0,46.0,20.2,57.7,rain,56.37,99.89,B_win,Durban,South Africa,2010-06-16
726,2010,Argentina,South Korea,group_or_knockout,True,0.0,77.0,37.2,47.5,cloudy,65.17,163.8,A_win,Johannesburg,South Africa,2010-06-17
727,2010,France,Mexico,group_or_knockout,True,0.0,61.7,12.6,69.1,rain,58.57,212.26,B_win,Polokwane,South Africa,2010-06-17
728,2010,Greece,Nigeria,group_or_knockout,True,0.0,68.0,24.2,81.0,hot,60.77,267.72,A_win,Bloemfontein,South Africa,2010-06-17
729,2010,England,Algeria,group_or_knockout,True,0.0,43.2,16.2,50.6,rain,54.17,165.56,draw,Cape Town,South Africa,2010-06-18
730,2010,Germany,Serbia,group_or_knockout,True,0.0,43.4,20.0,65.8,windy,56.37,148.41,B_win,Port Elizabeth,South Africa,2010-06-18
731,2010,Slovenia,United States,group_or_knockout,True,0.0,63.8,23.8,54.2,rain,62.97,222.44,draw,Johannesburg,South Africa,2010-06-18
732,2010,Cameroon,Denmark,group_or_knockout,True,0.0,58.8,9.0,63.8,hot,60.77,221.48,B_win,Pretoria,South Africa,2010-06-19
733,2010,Ghana,Australia,group_or_knockout,True,0.0,65.1,24.4,83.1,hot,58.57,151.34,draw,Rustenburg,South Africa,2010-06-19
734,2010,Netherlands,Japan,group_or_knockout,True,0.0,55.6,34.4,66.1,rain,56.37,176.69,A_win,Durban,South Africa,2010-06-19
735,2010,Brazil,Ivory Coast,group_or_knockout,True,0.0,61.6,20.3,29.6,rain,62.97,250.44,A_win,Johannesburg,South Africa,2010-06-20
736,2010,Italy,New Zealand,group_or_knockout,True,0.0,60.1,24.6,65.3,windy,58.57,284.16,draw,Nelspruit,South Africa,2010-06-20
737,2010,Slovakia,Paraguay,group_or_knockout,True,0.0,68.1,29.1,77.7,cloudy,58.57,206.06,B_win,Bloemfontein,South Africa,2010-06-20
738,2010,Chile,Switzerland,group_or_knockout,True,0.0,68.5,22.0,54.5,cloudy,56.37,163.09,A_win,Port Elizabeth,South Africa,2010-06-21
739,2010,Portugal,North Korea,group_or_knockout,True,0.0,36.9,19.5,73.9,cloudy,69.57,195.82,A_win,Cape Town,South Africa,2010-06-21
740,2010,Spain,Honduras,group_or_knockout,True,0.0,28.8,9.3,47.0,hot,58.57,195.64,A_win,Johannesburg,South Africa,2010-06-21
741,2010,Greece,Argentina,group_or_knockout,True,0.0,71.0,26.8,34.2,cloudy,58.57,162.04,B_win,Polokwane,South Africa,2010-06-22
742,2010,Mexico,Uruguay,group_or_knockout,True,0.0,73.4,22.3,60.3,rain,56.37,169.87,B_win,Rustenburg,South Africa,2010-06-22
743,2010,Nigeria,South Korea,group_or_knockout,True,0.0,44.7,16.9,29.9,rain,62.97,133.81,draw,Durban,South Africa,2010-06-22
744,2010,South Africa,France,group_or_knockout,False,0.18,33.8,23.8,54.2,windy,60.77,249.7,A_win,Bloemfontein,South Africa,2010-06-22
745,2010,Australia,Serbia,group_or_knockout,True,0.0,59.3,19.5,78.6,clear,60.77,126.2,A_win,Nelspruit,South Africa,2010-06-23
746,2010,Ghana,Germany,group_or_knockout,True,0.0,70.1,19.8,27.4,rain,56.37,142.73,B_win,Johannesburg,South Africa,2010-06-23
747,2010,Slovenia,England,group_or_knockout,True,0.0,81.4,26.6,37.5,rain,56.37,165.55,B_win,Port Elizabeth,South Africa,2010-06-23
748,2010,United States,Algeria,group_or_knockout,True,0.0,64.7,15.0,41.5,windy,56.37,281.3,A_win,Pretoria,South Africa,2010-06-23
749,2010,Cameroon,Netherlands,group_or_knockout,True,0.0,53.2,29.3,57.0,hot,60.77,154.28,B_win,Cape Town,South Africa,2010-06-24
750,2010,Denmark,Japan,group_or_knockout,True,0.0,46.4,14.6,52.1,cloudy,62.97,149.33,B_win,Rustenburg,South Africa,2010-06-24
751,2010,Paraguay,New Zealand,group_or_knockout,True,0.0,58.1,19.0,80.4,cloudy,54.17,132.67,draw,Polokwane,South Africa,2010-06-24
752,2010,Slovakia,Italy,group_or_knockout,True,0.0,54.1,34.5,73.3,clear,65.17,296.33,A_win,Johannesburg,South Africa,2010-06-24
753,2010,Chile,Spain,group_or_knockout,True,0.0,44.8,29.8,65.9,windy,60.77,79.02,B_win,Pretoria,South Africa,2010-06-25
754,2010,North Korea,Ivory Coast,group_or_knockout,True,0.0,84.6,23.6,60.3,clear,60.77,131.15,B_win,Nelspruit,South Africa,2010-06-25
755,2010,Portugal,Brazil,group_or_knockout,True,0.0,81.2,17.4,64.3,rain,54.17,332.58,draw,Durban,South Africa,2010-06-25
756,2010,Switzerland,Honduras,group_or_knockout,True,0.0,72.8,19.8,44.2,rain,54.17,182.65,draw,Bloemfontein,South Africa,2010-06-25
757,2010,Uruguay,South Korea,group_or_knockout,True,0.0,46.0,23.4,71.7,cloudy,60.77,127.41,A_win,Port Elizabeth,South Africa,2010-06-26
758,2010,United States,Ghana,group_or_knockout,True,0.0,69.1,23.2,40.2,clear,60.77,171.63,B_win,Rustenburg,South Africa,2010-06-26
759,2010,Argentina,Mexico,group_or_knockout,True,0.0,66.3,22.5,71.4,clear,62.97,183.38,A_win,Johannesburg,South Africa,2010-06-27
760,2010,Germany,England,group_or_knockout,True,0.0,63.8,22.8,77.0,hot,65.17,236.02,A_win,Bloemfontein,South Africa,2010-06-27
761,2010,Brazil,Chile,group_or_knockout,True,0.0,74.2,21.7,61.4,cloudy,60.77,290.66,A_win,Johannesburg,South Africa,2010-06-28
762,2010,Netherlands,Slovakia,group_or_knockout,True,0.0,66.3,14.3,55.2,clear,60.77,193.62,A_win,Durban,South Africa,2010-06-28
763,2010,Paraguay,Japan,group_or_knockout,True,0.0,67.6,19.9,64.4,rain,54.17,133.08,draw,Pretoria,South Africa,2010-06-29
764,2010,Spain,Portugal,group_or_knockout,True,0.0,66.3,28.5,15.0,clear,56.37,200.8,A_win,Cape Town,South Africa,2010-06-29
765,2010,Netherlands,Brazil,group_or_knockout,True,0.0,62.4,14.8,62.8,hot,60.77,142.82,A_win,Port Elizabeth,South Africa,2010-07-02
766,2010,Uruguay,Ghana,group_or_knockout,True,0.0,34.8,21.9,56.2,clear,58.57,125.32,draw,Johannesburg,South Africa,2010-07-02
767,2010,Argentina,Germany,group_or_knockout,True,0.0,59.1,18.1,57.2,clear,62.97,109.93,B_win,Cape Town,South Africa,2010-07-03
768,2010,Paraguay,Spain,group_or_knockout,True,0.0,50.8,23.7,69.3,clear,56.37,103.93,B_win,Johannesburg,South Africa,2010-07-03
769,2010,Uruguay,Netherlands,group_or_knockout,True,0.0,41.4,20.7,56.8,cloudy,65.17,144.89,B_win,Cape Town,South Africa,2010-07-06
770,2010,Germany,Spain,group_or_knockout,True,0.0,79.9,31.9,39.8,cloudy,56.37,115.83,B_win,Durban,South Africa,2010-07-07
771,2010,Uruguay,Germany,group_or_knockout,True,0.0,80.5,26.0,55.7,rain,65.17,203.3,B_win,Port Elizabeth,South Africa,2010-07-10
772,2010,Netherlands,Spain,group_or_knockout,True,0.0,75.7,15.1,59.1,cloudy,56.37,115.13,B_win,Johannesburg,South Africa,2010-07-11
773,2014,Brazil,Croatia,group_or_knockout,False,0.18,61.3,27.0,59.8,clear,64.42,76.34,A_win,São Paulo,Brazil,2014-06-12
774,2014,Chile,Australia,group_or_knockout,True,0.0,75.6,18.4,60.6,clear,64.42,137.43,A_win,Cuiabá,Brazil,2014-06-13
775,2014,Mexico,Cameroon,group_or_knockout,True,0.0,58.2,19.5,74.6,clear,57.82,144.78,A_win,Natal,Brazil,2014-06-13
776,2014,Spain,Netherlands,group_or_knockout,True,0.0,60.6,24.9,40.6,windy,68.82,166.0,B_win,Salvador,Brazil,2014-06-13
777,2014,Colombia,Greece,group_or_knockout,True,0.0,43.8,20.0,60.8,clear,62.22,272.09,A_win,Belo Horizonte,Brazil,2014-06-14
778,2014,England,Italy,group_or_knockout,True,0.0,63.2,28.4,78.6,windy,62.22,149.74,B_win,Manaus,Brazil,2014-06-14
779,2014,Ivory Coast,Japan,group_or_knockout,True,0.0,58.8,18.4,30.2,clear,62.22,227.54,A_win,Recife,Brazil,2014-06-14
780,2014,Uruguay,Costa Rica,group_or_knockout,True,0.0,41.1,19.3,60.9,clear,64.42,183.11,B_win,Fortaleza,Brazil,2014-06-14
781,2014,Argentina,Bosnia and Herzegovina,group_or_knockout,True,0.0,57.3,19.1,48.6,clear,62.22,175.71,A_win,Rio de Janeiro,Brazil,2014-06-15
782,2014,France,Honduras,group_or_knockout,True,0.0,57.0,19.6,52.1,clear,62.22,140.72,A_win,Porto Alegre,Brazil,2014-06-15
783,2014,Switzerland,Ecuador,group_or_knockout,True,0.0,81.4,29.6,43.5,rain,62.22,174.9,A_win,Brasília,Brazil,2014-06-15
784,2014,Germany,Portugal,group_or_knockout,True,0.0,69.6,26.8,55.3,cloudy,64.42,148.59,A_win,Salvador,Brazil,2014-06-16
785,2014,Ghana,United States,group_or_knockout,True,0.0,58.1,33.3,87.5,clear,62.22,186.47,B_win,Natal,Brazil,2014-06-16
786,2014,Iran,Nigeria,group_or_knockout,True,0.0,61.2,36.6,37.8,rain,55.62,148.77,draw,Curitiba,Brazil,2014-06-16
787,2014,Belgium,Algeria,group_or_knockout,True,0.0,58.6,16.8,39.3,cloudy,62.22,136.48,A_win,Belo Horizonte,Brazil,2014-06-17
788,2014,Brazil,Mexico,group_or_knockout,False,0.18,55.4,23.4,37.2,windy,55.62,209.82,draw,Fortaleza,Brazil,2014-06-17
789,2014,Russia,South Korea,group_or_knockout,True,0.0,43.9,15.9,85.6,windy,60.02,193.29,draw,Cuiabá,Brazil,2014-06-17
790,2014,Australia,Netherlands,group_or_knockout,True,0.0,56.0,18.3,50.6,rain,66.62,167.93,B_win,Curitiba,Brazil,2014-06-18
791,2014,Cameroon,Croatia,group_or_knockout,True,0.0,48.3,19.2,57.6,rain,64.42,191.74,B_win,Manaus,Brazil,2014-06-18
792,2014,Spain,Chile,group_or_knockout,True,0.0,41.7,16.7,51.6,rain,60.02,167.54,B_win,Rio de Janeiro,Brazil,2014-06-18
793,2014,Colombia,Ivory Coast,group_or_knockout,True,0.0,64.6,16.7,42.9,cloudy,62.22,139.46,A_win,Brasília,Brazil,2014-06-19
794,2014,Japan,Greece,group_or_knockout,True,0.0,63.1,22.1,54.2,rain,55.62,162.11,draw,Natal,Brazil,2014-06-19
795,2014,Uruguay,England,group_or_knockout,True,0.0,34.8,15.7,96.0,clear,62.22,149.42,A_win,São Paulo,Brazil,2014-06-19
796,2014,Honduras,Ecuador,group_or_knockout,True,0.0,56.4,28.1,80.3,rain,62.22,136.47,B_win,Curitiba,Brazil,2014-06-20
797,2014,Italy,Costa Rica,group_or_knockout,True,0.0,70.9,17.5,44.4,windy,57.82,104.9,B_win,Recife,Brazil,2014-06-20
798,2014,Switzerland,France,group_or_knockout,True,0.0,71.8,39.0,68.4,clear,71.03,183.59,B_win,Salvador,Brazil,2014-06-20
799,2014,Argentina,Iran,group_or_knockout,True,0.0,71.3,20.3,44.7,hot,57.82,193.66,A_win,Belo Horizonte,Brazil,2014-06-21
800,2014,Germany,Ghana,group_or_knockout,True,0.0,58.5,23.4,29.6,windy,64.42,151.55,draw,Fortaleza,Brazil,2014-06-21
801,2014,Nigeria,Bosnia and Herzegovina,group_or_knockout,True,0.0,47.0,15.2,74.3,clear,57.82,334.67,A_win,Cuiabá,Brazil,2014-06-21
802,2014,Belgium,Russia,group_or_knockout,True,0.0,43.9,33.2,76.6,cloudy,57.82,211.73,A_win,Rio de Janeiro,Brazil,2014-06-22
803,2014,South Korea,Algeria,group_or_knockout,True,0.0,62.5,29.7,74.7,windy,68.82,283.36,B_win,Porto Alegre,Brazil,2014-06-22
804,2014,United States,Portugal,group_or_knockout,True,0.0,62.9,24.8,50.5,windy,64.42,230.0,draw,Manaus,Brazil,2014-06-22
805,2014,Australia,Spain,group_or_knockout,True,0.0,74.7,14.9,55.3,clear,62.22,298.71,B_win,Curitiba,Brazil,2014-06-23
806,2014,Brazil,Cameroon,group_or_knockout,False,0.18,72.3,24.3,70.0,clear,66.62,152.73,A_win,Brasília,Brazil,2014-06-23
807,2014,Croatia,Mexico,group_or_knockout,True,0.0,56.3,16.3,64.3,rain,64.42,89.87,B_win,Recife,Brazil,2014-06-23
808,2014,Netherlands,Chile,group_or_knockout,True,0.0,41.8,31.8,51.7,clear,60.02,151.38,A_win,São Paulo,Brazil,2014-06-23
809,2014,Costa Rica,England,group_or_knockout,True,0.0,53.9,27.9,32.1,clear,55.62,185.83,draw,Belo Horizonte,Brazil,2014-06-24
810,2014,Greece,Ivory Coast,group_or_knockout,True,0.0,60.8,23.6,59.8,clear,62.22,185.51,A_win,Fortaleza,Brazil,2014-06-24
811,2014,Italy,Uruguay,group_or_knockout,True,0.0,55.4,8.4,75.3,clear,57.82,178.48,B_win,Natal,Brazil,2014-06-24
812,2014,Japan,Colombia,group_or_knockout,True,0.0,50.5,17.1,38.8,cloudy,66.62,275.57,B_win,Cuiabá,Brazil,2014-06-24
813,2014,Bosnia and Herzegovina,Iran,group_or_knockout,True,0.0,61.3,27.1,68.2,cloudy,64.42,204.88,A_win,Salvador,Brazil,2014-06-25
814,2014,Ecuador,France,group_or_knockout,True,0.0,51.4,30.3,63.3,cloudy,55.62,198.79,draw,Rio de Janeiro,Brazil,2014-06-25
815,2014,Honduras,Switzerland,group_or_knockout,True,0.0,49.8,29.7,70.0,rain,62.22,136.67,B_win,Manaus,Brazil,2014-06-25
816,2014,Nigeria,Argentina,group_or_knockout,True,0.0,62.0,13.4,72.0,clear,66.62,140.09,B_win,Porto Alegre,Brazil,2014-06-25
817,2014,Algeria,Russia,group_or_knockout,True,0.0,52.8,24.8,46.9,clear,60.02,269.52,draw,Curitiba,Brazil,2014-06-26
818,2014,South Korea,Belgium,group_or_knockout,True,0.0,61.2,29.1,32.1,clear,57.82,169.96,B_win,São Paulo,Brazil,2014-06-26
819,2014,Portugal,Ghana,group_or_knockout,True,0.0,61.6,13.0,49.5,clear,62.22,149.33,A_win,Brasília,Brazil,2014-06-26
820,2014,United States,Germany,group_or_knockout,True,0.0,43.2,23.0,72.2,clear,57.82,138.84,B_win,Recife,Brazil,2014-06-26
821,2014,Brazil,Chile,group_or_knockout,False,0.18,51.7,24.6,49.3,clear,60.02,143.01,draw,Belo Horizonte,Brazil,2014-06-28
822,2014,Colombia,Uruguay,group_or_knockout,True,0.0,76.7,21.2,46.9,clear,60.02,140.64,A_win,Rio de Janeiro,Brazil,2014-06-28
823,2014,Costa Rica,Greece,group_or_knockout,True,0.0,42.9,11.9,28.9,clear,60.02,119.75,draw,Recife,Brazil,2014-06-29
824,2014,Netherlands,Mexico,group_or_knockout,True,0.0,30.5,21.0,86.0,rain,62.22,116.81,A_win,Fortaleza,Brazil,2014-06-29
825,2014,France,Nigeria,group_or_knockout,True,0.0,33.8,21.0,71.2,cloudy,60.02,162.4,A_win,Brasília,Brazil,2014-06-30
826,2014,Germany,Algeria,group_or_knockout,True,0.0,58.4,22.1,70.3,windy,62.22,150.6,A_win,Porto Alegre,Brazil,2014-06-30
827,2014,Argentina,Switzerland,group_or_knockout,True,0.0,58.4,19.6,73.5,rain,57.82,225.28,A_win,São Paulo,Brazil,2014-07-01
828,2014,Belgium,United States,group_or_knockout,True,0.0,56.5,20.3,67.2,cloudy,62.22,193.01,A_win,Salvador,Brazil,2014-07-01
829,2014,Brazil,Colombia,group_or_knockout,False,0.18,73.8,22.8,54.1,clear,62.22,191.51,A_win,Fortaleza,Brazil,2014-07-04
830,2014,France,Germany,group_or_knockout,True,0.0,24.0,25.7,55.4,cloudy,57.82,134.19,B_win,Rio de Janeiro,Brazil,2014-07-04
831,2014,Argentina,Belgium,group_or_knockout,True,0.0,63.1,21.2,51.2,clear,57.82,159.72,A_win,Brasília,Brazil,2014-07-05
832,2014,Netherlands,Costa Rica,group_or_knockout,True,0.0,78.3,20.5,96.0,cloudy,55.62,175.85,draw,Salvador,Brazil,2014-07-05
833,2014,Brazil,Germany,group_or_knockout,False,0.18,43.3,23.6,66.9,clear,73.22,255.7,B_win,Belo Horizonte,Brazil,2014-07-08
834,2014,Netherlands,Argentina,group_or_knockout,True,0.0,53.1,11.5,50.6,cloudy,55.62,154.82,draw,São Paulo,Brazil,2014-07-09
835,2014,Brazil,Netherlands,group_or_knockout,False,0.18,48.2,25.9,65.4,clear,62.22,240.53,B_win,Brasília,Brazil,2014-07-12
836,2014,Germany,Argentina,group_or_knockout,True,0.0,46.4,23.0,41.8,rain,57.82,165.6,A_win,Rio de Janeiro,Brazil,2014-07-13
837,2018,Russia,Saudi Arabia,group_or_knockout,False,0.18,53.8,23.2,82.1,hot,68.08,242.91,A_win,Moscow,Russia,2018-06-14
838,2018,Egypt,Uruguay,group_or_knockout,True,0.0,76.6,28.8,47.4,rain,59.28,147.69,B_win,Ekaterinburg,Russia,2018-06-15
839,2018,Morocco,Iran,group_or_knockout,True,0.0,81.9,11.3,66.0,cloudy,59.28,101.98,B_win,Saint Petersburg,Russia,2018-06-15
840,2018,Portugal,Spain,group_or_knockout,True,0.0,53.6,11.2,75.1,cloudy,70.28,216.51,draw,Sochi,Russia,2018-06-15
841,2018,France,Australia,group_or_knockout,True,0.0,82.8,24.6,64.2,clear,63.68,222.95,A_win,Kazan,Russia,2018-06-16
842,2018,Argentina,Iceland,group_or_knockout,True,0.0,58.5,23.0,59.5,rain,61.48,206.4,draw,Moscow,Russia,2018-06-16
843,2018,Peru,Denmark,group_or_knockout,True,0.0,80.8,24.0,58.2,cloudy,59.28,190.66,B_win,Saransk,Russia,2018-06-16
844,2018,Croatia,Nigeria,group_or_knockout,True,0.0,56.8,20.2,57.1,clear,61.48,159.35,A_win,Kaliningrad,Russia,2018-06-16
845,2018,Costa Rica,Serbia,group_or_knockout,True,0.0,59.7,27.0,48.8,clear,59.28,135.15,B_win,Samara,Russia,2018-06-17
846,2018,Germany,Mexico,group_or_knockout,True,0.0,62.8,28.6,50.8,windy,59.28,197.7,B_win,Moscow,Russia,2018-06-17
847,2018,Brazil,Switzerland,group_or_knockout,True,0.0,95.0,25.9,81.7,cloudy,61.48,197.97,draw,Rostov-on-Don,Russia,2018-06-17
848,2018,Sweden,South Korea,group_or_knockout,True,0.0,69.1,21.4,56.3,cloudy,59.28,144.78,A_win,Nizhny Novgorod,Russia,2018-06-18
849,2018,Belgium,Panama,group_or_knockout,True,0.0,48.8,10.4,45.4,cloudy,63.68,248.27,A_win,Sochi,Russia,2018-06-18
850,2018,Tunisia,England,group_or_knockout,True,0.0,70.6,27.6,49.7,clear,63.68,142.12,B_win,Volgograd,Russia,2018-06-18
851,2018,Colombia,Japan,group_or_knockout,True,0.0,53.3,30.3,75.6,cloudy,63.68,154.54,B_win,Saransk,Russia,2018-06-19
852,2018,Poland,Senegal,group_or_knockout,True,0.0,51.6,26.9,68.8,clear,63.68,287.74,B_win,Moscow,Russia,2018-06-19
853,2018,Russia,Egypt,group_or_knockout,False,0.18,69.8,17.7,67.0,cloudy,65.88,240.1,A_win,Saint Petersburg,Russia,2018-06-19
854,2018,Portugal,Morocco,group_or_knockout,True,0.0,58.4,27.0,53.9,rain,59.28,153.24,A_win,Moscow,Russia,2018-06-20
855,2018,Uruguay,Saudi Arabia,group_or_knockout,True,0.0,61.6,28.2,67.2,clear,59.28,183.6,A_win,Rostov-on-Don,Russia,2018-06-20
856,2018,Iran,Spain,group_or_knockout,True,0.0,58.2,32.4,47.7,rain,59.28,176.91,B_win,Kazan,Russia,2018-06-20
857,2018,Denmark,Australia,group_or_knockout,True,0.0,62.4,17.7,53.8,clear,61.48,81.45,draw,Samara,Russia,2018-06-21
858,2018,France,Peru,group_or_knockout,True,0.0,63.5,21.6,73.5,rain,59.28,131.43,A_win,Ekaterinburg,Russia,2018-06-21
859,2018,Argentina,Croatia,group_or_knockout,True,0.0,32.8,27.5,72.0,cloudy,63.68,179.4,B_win,Nizhny Novgorod,Russia,2018-06-21
860,2018,Brazil,Costa Rica,group_or_knockout,True,0.0,66.7,23.3,42.3,cloudy,61.48,158.99,A_win,Saint Petersburg,Russia,2018-06-22
861,2018,Nigeria,Iceland,group_or_knockout,True,0.0,45.2,16.3,44.3,cloudy,61.48,188.27,A_win,Volgograd,Russia,2018-06-22
862,2018,Serbia,Switzerland,group_or_knockout,True,0.0,39.3,25.5,59.7,windy,63.68,249.67,B_win,Kaliningrad,Russia,2018-06-22
863,2018,Belgium,Tunisia,group_or_knockout,True,0.0,57.2,26.5,85.6,cloudy,72.48,189.29,A_win,Moscow,Russia,2018-06-23
864,2018,South Korea,Mexico,group_or_knockout,True,0.0,59.1,23.5,27.4,rain,63.68,135.33,B_win,Rostov-on-Don,Russia,2018-06-23
865,2018,Germany,Sweden,group_or_knockout,True,0.0,49.0,24.3,62.5,rain,63.68,199.3,A_win,Sochi,Russia,2018-06-23
866,2018,England,Panama,group_or_knockout,True,0.0,68.8,21.4,36.0,clear,72.48,189.02,A_win,Nizhny Novgorod,Russia,2018-06-24
867,2018,Japan,Senegal,group_or_knockout,True,0.0,40.6,31.9,47.9,clear,65.88,180.21,draw,Ekaterinburg,Russia,2018-06-24
868,2018,Poland,Colombia,group_or_knockout,True,0.0,52.7,17.6,52.2,cloudy,63.68,167.7,B_win,Kazan,Russia,2018-06-24
869,2018,Russia,Uruguay,group_or_knockout,False,0.18,50.4,19.5,51.3,clear,63.68,340.9,B_win,Samara,Russia,2018-06-25
870,2018,Saudi Arabia,Egypt,group_or_knockout,True,0.0,57.4,23.1,49.5,clear,63.68,97.17,A_win,Volgograd,Russia,2018-06-25
871,2018,Spain,Morocco,group_or_knockout,True,0.0,61.6,28.3,58.1,clear,65.88,168.87,draw,Kaliningrad,Russia,2018-06-25
872,2018,Iran,Portugal,group_or_knockout,True,0.0,44.9,14.0,49.4,cloudy,61.48,175.51,draw,Saransk,Russia,2018-06-25
873,2018,Australia,Peru,group_or_knockout,True,0.0,67.4,15.1,34.6,clear,61.48,141.17,B_win,Sochi,Russia,2018-06-26
874,2018,Denmark,France,group_or_knockout,True,0.0,58.8,10.8,70.5,rain,57.08,209.85,draw,Moscow,Russia,2018-06-26
875,2018,Nigeria,Argentina,group_or_knockout,True,0.0,33.4,23.2,70.0,cloudy,63.68,228.51,B_win,Saint Petersburg,Russia,2018-06-26
876,2018,Iceland,Croatia,group_or_knockout,True,0.0,32.5,16.3,71.5,rain,63.68,179.56,B_win,Rostov-on-Don,Russia,2018-06-26
877,2018,South Korea,Germany,group_or_knockout,True,0.0,57.8,20.7,33.3,clear,61.48,162.87,A_win,Kazan,Russia,2018-06-27
878,2018,Mexico,Sweden,group_or_knockout,True,0.0,55.1,27.0,62.8,cloudy,63.68,176.36,B_win,Ekaterinburg,Russia,2018-06-27
879,2018,Serbia,Brazil,group_or_knockout,True,0.0,56.7,19.2,68.8,clear,61.48,170.61,B_win,Moscow,Russia,2018-06-27
880,2018,Switzerland,Costa Rica,group_or_knockout,True,0.0,57.6,24.4,41.5,rain,65.88,184.18,draw,Nizhny Novgorod,Russia,2018-06-27
881,2018,Japan,Poland,group_or_knockout,True,0.0,60.9,21.2,58.1,clear,59.28,160.71,B_win,Volgograd,Russia,2018-06-28
882,2018,Senegal,Colombia,group_or_knockout,True,0.0,70.3,27.0,56.1,windy,59.28,181.81,B_win,Samara,Russia,2018-06-28
883,2018,Panama,Tunisia,group_or_knockout,True,0.0,43.6,25.9,87.5,clear,63.68,224.7,B_win,Saransk,Russia,2018-06-28
884,2018,England,Belgium,group_or_knockout,True,0.0,42.8,18.8,88.8,cloudy,59.28,120.04,B_win,Kaliningrad,Russia,2018-06-28
885,2018,France,Argentina,group_or_knockout,True,0.0,43.8,22.0,31.4,clear,72.48,154.33,A_win,Kazan,Russia,2018-06-30
886,2018,Uruguay,Portugal,group_or_knockout,True,0.0,61.8,29.3,96.0,cloudy,63.68,111.53,A_win,Sochi,Russia,2018-06-30
887,2018,Russia,Spain,group_or_knockout,False,0.18,74.2,25.4,43.4,cloudy,61.48,223.92,draw,Moscow,Russia,2018-07-01
888,2018,Croatia,Denmark,group_or_knockout,True,0.0,52.4,14.6,73.7,clear,61.48,188.44,draw,Nizhny Novgorod,Russia,2018-07-01
889,2018,Brazil,Mexico,group_or_knockout,True,0.0,25.5,26.9,73.5,clear,61.48,202.39,A_win,Samara,Russia,2018-07-02
890,2018,Belgium,Japan,group_or_knockout,True,0.0,35.8,16.5,42.1,clear,68.08,130.38,A_win,Rostov-on-Don,Russia,2018-07-02
891,2018,Sweden,Switzerland,group_or_knockout,True,0.0,47.2,31.5,65.9,clear,59.28,279.24,A_win,Saint Petersburg,Russia,2018-07-03
892,2018,Colombia,England,group_or_knockout,True,0.0,50.7,29.1,56.3,windy,61.48,148.15,draw,Moscow,Russia,2018-07-03
893,2018,Uruguay,France,group_or_knockout,True,0.0,52.7,24.7,66.9,clear,61.48,184.16,B_win,Nizhny Novgorod,Russia,2018-07-06
894,2018,Brazil,Belgium,group_or_knockout,True,0.0,58.5,23.9,61.7,clear,63.68,231.16,B_win,Kazan,Russia,2018-07-06
895,2018,Sweden,England,group_or_knockout,True,0.0,53.9,21.7,77.1,windy,61.48,133.27,B_win,Samara,Russia,2018-07-07
896,2018,Russia,Croatia,group_or_knockout,False,0.18,71.6,27.1,59.2,clear,65.88,161.56,draw,Sochi,Russia,2018-07-07
897,2018,France,Belgium,group_or_knockout,True,0.0,49.2,20.8,55.3,clear,59.28,178.12,A_win,Saint Petersburg,Russia,2018-07-10
898,2018,Croatia,England,group_or_knockout,True,0.0,46.8,24.4,75.5,rain,63.68,405.03,A_win,Moscow,Russia,2018-07-11
899,2018,Belgium,England,group_or_knockout,True,0.0,64.2,28.2,67.3,hot,61.48,191.14,A_win,Saint Petersburg,Russia,2018-07-14
900,2018,France,Croatia,group_or_knockout,True,0.0,38.0,19.6,69.7,rain,70.28,314.9,A_win,Moscow,Russia,2018-07-15
901,2022,Qatar,Ecuador,group_or_knockout,False,0.18,63.1,19.3,47.4,cloudy,62.94,252.09,B_win,Al Khor,Qatar,2022-11-20
902,2022,Senegal,Netherlands,group_or_knockout,True,0.0,59.3,15.8,41.3,windy,62.94,199.38,B_win,Doha,Qatar,2022-11-21
903,2022,England,Iran,group_or_knockout,True,0.0,56.1,16.6,48.9,clear,76.14,164.94,A_win,Al Rayyan,Qatar,2022-11-21
904,2022,United States,Wales,group_or_knockout,True,0.0,78.6,12.0,48.1,windy,62.94,241.99,draw,Al Rayyan,Qatar,2022-11-21
905,2022,Argentina,Saudi Arabia,group_or_knockout,True,0.0,49.9,27.4,70.6,hot,65.14,122.37,B_win,Lusail,Qatar,2022-11-22
906,2022,Mexico,Poland,group_or_knockout,True,0.0,84.8,33.9,73.6,windy,58.54,261.9,draw,Doha,Qatar,2022-11-22
907,2022,Denmark,Tunisia,group_or_knockout,True,0.0,55.1,31.6,55.5,clear,58.54,176.92,draw,Al Rayyan,Qatar,2022-11-22
908,2022,France,Australia,group_or_knockout,True,0.0,41.4,13.2,80.9,clear,69.54,94.62,A_win,Al Wakrah,Qatar,2022-11-22
909,2022,Germany,Japan,group_or_knockout,True,0.0,58.9,27.3,79.9,rain,65.14,169.22,B_win,Al Rayyan,Qatar,2022-11-23
910,2022,Spain,Costa Rica,group_or_knockout,True,0.0,44.0,31.5,61.9,cloudy,73.94,253.75,A_win,Doha,Qatar,2022-11-23
911,2022,Morocco,Croatia,group_or_knockout,True,0.0,48.2,20.3,44.8,cloudy,58.54,156.55,draw,Al Khor,Qatar,2022-11-23
912,2022,Belgium,Canada,group_or_knockout,True,0.0,63.2,23.6,83.2,windy,60.74,212.05,A_win,Al Rayyan,Qatar,2022-11-23
913,2022,Switzerland,Cameroon,group_or_knockout,True,0.0,65.2,11.0,57.0,cloudy,60.74,136.81,A_win,Al Wakrah,Qatar,2022-11-24
914,2022,Brazil,Serbia,group_or_knockout,True,0.0,49.9,24.6,60.0,clear,62.94,124.77,A_win,Lusail,Qatar,2022-11-24
915,2022,Uruguay,South Korea,group_or_knockout,True,0.0,70.8,16.6,52.6,clear,58.54,163.97,draw,Al Rayyan,Qatar,2022-11-24
916,2022,Portugal,Ghana,group_or_knockout,True,0.0,73.0,24.2,43.8,clear,69.54,200.49,A_win,Doha,Qatar,2022-11-24
917,2022,Qatar,Senegal,group_or_knockout,False,0.18,76.7,13.6,34.5,clear,67.34,174.55,B_win,Doha,Qatar,2022-11-25
918,2022,Netherlands,Ecuador,group_or_knockout,True,0.0,64.9,26.3,68.1,clear,62.94,253.62,draw,Al Rayyan,Qatar,2022-11-25
919,2022,Wales,Iran,group_or_knockout,True,0.0,75.7,29.1,45.5,rain,62.94,141.76,B_win,Al Rayyan,Qatar,2022-11-25
920,2022,England,United States,group_or_knockout,True,0.0,33.5,18.3,96.0,rain,58.54,182.62,draw,Al Khor,Qatar,2022-11-25
921,2022,Poland,Saudi Arabia,group_or_knockout,True,0.0,53.9,16.2,40.6,cloudy,62.94,183.32,A_win,Al Rayyan,Qatar,2022-11-26
922,2022,Argentina,Mexico,group_or_knockout,True,0.0,46.7,10.1,37.9,clear,62.94,116.31,A_win,Lusail,Qatar,2022-11-26
923,2022,Tunisia,Australia,group_or_knockout,True,0.0,59.5,21.4,66.2,rain,60.74,119.97,B_win,Al Wakrah,Qatar,2022-11-26
924,2022,France,Denmark,group_or_knockout,True,0.0,50.6,19.5,82.5,rain,65.14,186.77,A_win,Doha,Qatar,2022-11-26
925,2022,Japan,Costa Rica,group_or_knockout,True,0.0,55.8,13.7,59.0,hot,60.74,302.28,B_win,Al Rayyan,Qatar,2022-11-27
926,2022,Spain,Germany,group_or_knockout,True,0.0,82.5,25.7,67.2,cloudy,62.94,211.53,draw,Al Khor,Qatar,2022-11-27
927,2022,Belgium,Morocco,group_or_knockout,True,0.0,55.8,20.3,28.5,rain,62.94,110.94,B_win,Doha,Qatar,2022-11-27
928,2022,Croatia,Canada,group_or_knockout,True,0.0,63.4,16.5,47.2,cloudy,69.54,83.18,A_win,Al Rayyan,Qatar,2022-11-27
929,2022,Cameroon,Serbia,group_or_knockout,True,0.0,55.0,19.7,40.8,cloudy,71.74,251.72,draw,Al Wakrah,Qatar,2022-11-28
930,2022,Brazil,Switzerland,group_or_knockout,True,0.0,59.0,29.4,27.7,hot,60.74,168.96,A_win,Doha,Qatar,2022-11-28
931,2022,South Korea,Ghana,group_or_knockout,True,0.0,58.1,26.6,59.9,clear,69.54,273.54,B_win,Al Rayyan,Qatar,2022-11-28
932,2022,Portugal,Uruguay,group_or_knockout,True,0.0,63.8,22.2,22.1,clear,62.94,140.55,A_win,Lusail,Qatar,2022-11-28
933,2022,Ecuador,Senegal,group_or_knockout,True,0.0,73.1,26.7,36.8,clear,65.14,205.33,B_win,Al Rayyan,Qatar,2022-11-29
934,2022,Qatar,Netherlands,group_or_knockout,False,0.18,79.4,16.0,49.4,cloudy,62.94,227.95,B_win,Al Khor,Qatar,2022-11-29
935,2022,Wales,England,group_or_knockout,True,0.0,62.0,23.2,44.7,cloudy,65.14,164.23,B_win,Al Rayyan,Qatar,2022-11-29
936,2022,Iran,United States,group_or_knockout,True,0.0,65.7,23.9,64.3,rain,60.74,154.05,B_win,Doha,Qatar,2022-11-29
937,2022,Poland,Argentina,group_or_knockout,True,0.0,43.0,20.2,62.9,cloudy,62.94,181.14,B_win,Doha,Qatar,2022-11-30
938,2022,Saudi Arabia,Mexico,group_or_knockout,True,0.0,56.9,25.6,72.3,clear,65.14,216.69,B_win,Lusail,Qatar,2022-11-30
939,2022,Australia,Denmark,group_or_knockout,True,0.0,70.2,18.3,70.0,hot,60.74,172.88,A_win,Al Wakrah,Qatar,2022-11-30
940,2022,Tunisia,France,group_or_knockout,True,0.0,69.3,26.1,76.3,clear,60.74,227.99,A_win,Al Rayyan,Qatar,2022-11-30
941,2022,Japan,Spain,group_or_knockout,True,0.0,60.8,26.3,58.0,windy,65.14,163.56,A_win,Al Rayyan,Qatar,2022-12-01
942,2022,Costa Rica,Germany,group_or_knockout,True,0.0,69.5,5.5,62.9,clear,71.74,141.33,B_win,Al Khor,Qatar,2022-12-01
943,2022,Croatia,Belgium,group_or_knockout,True,0.0,64.4,30.1,66.2,cloudy,58.54,290.98,draw,Al Rayyan,Qatar,2022-12-01
944,2022,Canada,Morocco,group_or_knockout,True,0.0,73.6,4.7,60.3,cloudy,65.14,157.16,B_win,Doha,Qatar,2022-12-01
945,2022,Serbia,Switzerland,group_or_knockout,True,0.0,61.8,19.3,51.6,hot,69.54,169.48,B_win,Doha,Qatar,2022-12-02
946,2022,Cameroon,Brazil,group_or_knockout,True,0.0,53.4,29.2,52.7,clear,60.74,170.4,A_win,Lusail,Qatar,2022-12-02
947,2022,Ghana,Uruguay,group_or_knockout,True,0.0,62.4,21.1,44.9,hot,62.94,183.28,B_win,Al Wakrah,Qatar,2022-12-02
948,2022,South Korea,Portugal,group_or_knockout,True,0.0,24.0,14.2,64.7,cloudy,65.14,167.05,A_win,Al Rayyan,Qatar,2022-12-02
949,2022,Netherlands,United States,group_or_knockout,True,0.0,63.0,16.4,56.5,cloudy,67.34,191.5,A_win,Al Rayyan,Qatar,2022-12-03
950,2022,Argentina,Australia,group_or_knockout,True,0.0,24.0,29.2,47.4,cloudy,65.14,184.09,A_win,Al Rayyan,Qatar,2022-12-03
951,2022,France,Poland,group_or_knockout,True,0.0,35.6,11.5,47.4,clear,67.34,202.09,A_win,Doha,Qatar,2022-12-04
952,2022,England,Senegal,group_or_knockout,True,0.0,63.9,29.8,38.6,cloudy,65.14,96.2,A_win,Al Khor,Qatar,2022-12-04
953,2022,Japan,Croatia,group_or_knockout,True,0.0,64.2,22.7,73.7,clear,62.94,304.55,draw,Al Wakrah,Qatar,2022-12-05
954,2022,Brazil,South Korea,group_or_knockout,True,0.0,42.9,15.8,59.3,clear,69.54,190.69,A_win,Doha,Qatar,2022-12-05
955,2022,Morocco,Spain,group_or_knockout,True,0.0,48.7,19.5,44.2,cloudy,58.54,196.82,draw,Al Rayyan,Qatar,2022-12-06
956,2022,Portugal,Switzerland,group_or_knockout,True,0.0,75.8,16.9,70.9,cloudy,73.94,143.65,A_win,Lusail,Qatar,2022-12-06
957,2022,Croatia,Brazil,group_or_knockout,True,0.0,51.7,28.2,49.0,clear,62.94,157.64,draw,Al Rayyan,Qatar,2022-12-09
958,2022,Netherlands,Argentina,group_or_knockout,True,0.0,87.2,27.4,35.5,clear,67.34,159.41,draw,Lusail,Qatar,2022-12-09
959,2022,Morocco,Portugal,group_or_knockout,True,0.0,58.0,12.7,74.3,clear,60.74,261.94,A_win,Doha,Qatar,2022-12-10
960,2022,England,France,group_or_knockout,True,0.0,63.3,20.6,49.4,clear,65.14,157.99,B_win,Al Khor,Qatar,2022-12-10
961,2022,Argentina,Croatia,group_or_knockout,True,0.0,79.0,17.8,51.5,cloudy,65.14,230.17,A_win,Lusail,Qatar,2022-12-13
962,2022,France,Morocco,group_or_knockout,True,0.0,59.7,30.8,58.7,clear,62.94,149.91,A_win,Al Khor,Qatar,2022-12-14
963,2022,Croatia,Morocco,group_or_knockout,True,0.0,45.0,14.9,76.3,hot,65.14,163.99,A_win,Al Rayyan,Qatar,2022-12-17
964,2022,Argentina,France,group_or_knockout,True,0.0,56.6,32.6,58.3,clear,71.74,191.39,draw,Lusail,Qatar,2022-12-18
965,2026,Mexico,South Africa,group_or_knockout,False,0.18,57.5,22.8,38.8,clear,64.4,263.64,A_win,Mexico City,Mexico,2026-06-11
966,2026,South Korea,Czech Republic,group_or_knockout,True,0.0,40.3,16.0,66.7,hot,66.6,112.12,A_win,Zapopan,Mexico,2026-06-11
967,2026,Canada,Bosnia and Herzegovina,group_or_knockout,False,0.18,54.7,18.9,50.2,clear,64.4,127.32,draw,Toronto,Canada,2026-06-12
968,2026,United States,Paraguay,group_or_knockout,False,0.18,48.4,18.2,88.2,cloudy,71.0,117.62,A_win,Inglewood,United States,2026-06-12
969,2026,Qatar,Switzerland,group_or_knockout,True,0.0,70.0,15.4,58.0,windy,64.4,135.72,draw,Santa Clara,United States,2026-06-13
970,2026,Brazil,Morocco,group_or_knockout,True,0.0,58.4,23.6,22.2,windy,64.4,146.62,draw,East Rutherford,United States,2026-06-13
971,2026,Haiti,Scotland,group_or_knockout,True,0.0,54.3,15.6,63.7,rain,62.2,113.1,B_win,Foxborough,United States,2026-06-13
972,2026,Australia,Turkey,group_or_knockout,True,0.0,56.6,9.9,89.1,clear,64.4,149.84,A_win,Vancouver,Canada,2026-06-13
