match_id,year,team_a,team_b,stage,neutral_site,host_advantage_a,stadium_capacity_k,temperature_c,humidity,weather,event_attention_m,media_reposts_k,result,city,country,date,engagement_rate,fan_growth_7d_pct,news_sentiment_score,text_signal_score,time_decay_attention,a_elo,a_coach_wc_matches,a_squad_market_value_m,a_recent_goal_diff,a_social_followers_m,a_brand_globality,a_core_player_rating,a_core_market_value_m,a_player_followers_m,a_avg_injury_risk,a_avg_availability_score,a_player_fan_growth_30d_pct,a_player_sentiment_score,a_sponsor,a_sponsor_category,a_sponsor_spend_m,a_ad_exposure_m,a_brand_heat_index,a_paid_media_share,a_brand_fit,a_activation_quality,a_historical_sports_presence,a_data_origin,a_sponsor_power_index,b_elo,b_coach_wc_matches,b_squad_market_value_m,b_recent_goal_diff,b_social_followers_m,b_brand_globality,b_core_player_rating,b_core_market_value_m,b_player_followers_m,b_avg_injury_risk,b_avg_availability_score,b_player_fan_growth_30d_pct,b_player_sentiment_score,b_sponsor,b_sponsor_category,b_sponsor_spend_m,b_ad_exposure_m,b_brand_heat_index,b_paid_media_share,b_brand_fit,b_activation_quality,b_historical_sports_presence,b_data_origin,b_sponsor_power_index,elo_diff,market_value_diff_m,coach_exp_diff,core_rating_diff,recent_goal_diff_delta,availability_diff,injury_risk_diff,team_a_strength,fan_score,sponsor_roi,weather_severity,media_exposure_index,injury_risk_score,sponsor_team_fit_score,weather_impact_score,stage_premium_score,commercial_momentum_score
1,1930,Belgium,United States,tournament,True,0.0,62.0,22.8,71.9,clear,31.6,68.87,B_win,Montevideo,Uruguay,1930-07-13,0.2021,4.94,0.024,0.071,28.79,1674,9,495.4,0.02,28.38,0.646,71.5,40.4,23.19,0.142,0.7919999999999999,3.7566666666666655,0.0076666666666666,Visa,finance,26.85,250.0,1.0,0.538,0.72,0.914,0.914,real_sponsor_names_with_proxy_commercial_metrics,0.6636131480729871,1578,6,379.0,-0.3,23.84,0.536,71.9,31.0,12.75,0.132,0.7943333333333333,0.7200000000000001,0.0636666666666666,Vivo,technology,22.58,68.24,0.455,0.416,0.676,0.652,0.654,real_sponsor_names_with_proxy_commercial_metrics,0.4277412886284749,96,116.39999999999998,3,-0.4000000000000057,0.32,-0.0023333333333334,0.0099999999999999,0.6045045124588039,0.4634697195173332,3.419,0.12,0.12094900766457922,0.16840000000000002,0.8480000000000001,0.2666734460857775,0.2,0.4378444785352861
2,1930,France,Mexico,tournament,True,0.0,44.5,14.8,69.7,clear,36.0,187.48,A_win,Montevideo,Uruguay,1930-07-13,0.1971,4.72,0.09,0.137,39.57,1748,13,584.8,0.26,32.28,0.733,77.8,46.5,18.67,0.2083333333333333,0.8296666666666667,3.483333333333333,0.3613333333333333,Qatar Airways,airline,24.02,81.37,0.593,0.647,0.801,0.711,0.647,real_sponsor_names_with_proxy_commercial_metrics,0.5007849188790221,1612,10,421.9,-0.18,26.83,0.584,72.1,37.6,18.89,0.2446666666666666,0.7546666666666667,1.1233333333333333,0.211,Hyundai,automotive,28.5,590.0,1.0,0.636,0.712,0.897,0.88,real_sponsor_names_with_proxy_commercial_metrics,0.7185336170151837,136,162.89999999999998,3,5.700000000000003,0.44,0.0749999999999999,-0.0363333333333333,0.8018213325687816,0.5139586667566008,3.46,0.12,0.273280659885367,0.19313333333333332,0.7179599999999999,0.4236412616855777,0.2,0.423679339199887
3,1930,Brazil,Yugoslavia,tournament,True,0.0,67.8,21.5,30.5,hot,31.6,85.92,B_win,Montevideo,Uruguay,1930-07-14,0.3487,4.13,0.147,0.186,27.41,1829,20,683.6,0.5,36.78,0.83,78.8,57.4,18.61,0.1376666666666667,0.7313333333333333,3.723333333333333,0.206,Adidas,apparel,33.15,1830.0,1.0,0.369,0.809,0.916,0.861,real_sponsor_names_with_proxy_commercial_metrics,0.9383411482254695,1669,5,487.0,0.06,26.56,0.629,74.2,37.3,11.34,0.1803333333333333,0.851,3.0733333333333337,0.222,Qatar Airways,airline,17.82,67.59,0.448,0.779,0.762,0.645,0.666,real_sponsor_names_with_proxy_commercial_metrics,0.3755049748466676,160,196.6,15,4.599999999999994,0.44,-0.1196666666666667,-0.0426666666666666,0.9764150943396226,0.4137994805148214,3.899,0.62,0.19865389852428633,0.19006666666666672,0.87793,0.27998108898879615,0.2,0.50830270982312
4,1930,Peru,Romania,tournament,True,0.0,70.2,18.5,51.5,rain,33.8,77.75,B_win,Montevideo,Uruguay,1930-07-14,0.5358,6.91,0.289,0.181,26.75,1576,3,374.1,-0.28,21.13,0.516,66.6,39.7,14.92,0.2316666666666666,0.8953333333333333,3.016666666666667,0.1463333333333333,Hisense,technology,33.45,1070.0,1.0,0.314,0.647,0.931,0.617,real_sponsor_names_with_proxy_commercial_metrics,0.8155266737460563,1634,3,443.7,0.0,23.69,0.581,73.6,37.4,11.0,0.1443333333333333,0.7826666666666666,1.6033333333333335,0.135,Qatar Airways,airline,19.84,68.58,0.459,0.365,0.75,0.711,0.645,real_sponsor_names_with_proxy_commercial_metrics,0.4101980603082731,-58,-69.59999999999997,0,-7.0,-0.28,0.1126666666666666,0.0873333333333333,0.3706351825344051,0.3695629079591615,3.361,0.48,0.25329340607268225,0.18086666666666662,0.7770400000000001,0.3927565118104617,0.2,0.4637962971421553
5,1930,Argentina,France,tournament,True,0.0,32.6,28.5,44.2,windy,27.2,116.04,A_win,Montevideo,Uruguay,1930-07-15,0.2153,1.67,0.137,0.095,27.37,1753,15,591.7,0.26,33.16,0.743,76.8,58.0,19.5,0.2623333333333333,0.8586666666666667,3.813333333333333,0.2106666666666666,Hyundai,automotive,30.74,590.0,1.0,0.338,0.813,0.936,0.851,real_sponsor_names_with_proxy_commercial_metrics,0.7681302767229082,1748,13,584.8,0.26,32.28,0.733,77.8,46.5,18.67,0.2083333333333333,0.8296666666666667,3.483333333333333,0.3613333333333333,Qatar Airways,airline,24.02,81.37,0.593,0.647,0.801,0.711,0.647,real_sponsor_names_with_proxy_commercial_metrics,0.5007849188790221,5,6.900000000000091,2,-1.0,0.0,0.029,0.054,0.8112048561394937,0.4492229897675783,3.535,0.48,0.13844439700019195,0.2139333333333333,0.8831100000000001,0.43924798401484333,0.2,0.4646219829484583
6,1930,Chile,Mexico,tournament,True,0.0,41.1,23.2,78.7,clear,31.6,97.72,A_win,Montevideo,Uruguay,1930-07-16,0.1342,2.47,0.115,0.188,30.43,1622,5,430.7,-0.12,24.93,0.579,72.9,38.6,16.65,0.135,0.8083333333333332,3.453333333333333,0.1826666666666666,Hisense,technology,27.36,1070.0,1.0,0.243,0.681,0.911,0.656,real_sponsor_names_with_proxy_commercial_metrics,0.7384557551656803,1612,10,421.9,-0.18,26.83,0.584,72.1,37.6,18.89,0.2446666666666666,0.7546666666666667,1.1233333333333333,0.211,Hyundai,automotive,28.5,590.0,1.0,0.636,0.712,0.897,0.88,real_sponsor_names_with_proxy_commercial_metrics,0.7185336170151837,10,8.800000000000011,-5,0.8000000000000114,0.06,0.0536666666666665,-0.1096666666666666,0.5136943396293857,0.3919979422580586,3.57,0.12,0.15589031629785866,0.15766666666666673,0.79217,0.3064607864126168,0.2,0.4356106683315914
7,1930,Bolivia,Yugoslavia,tournament,True,0.0,59.7,21.3,36.4,cloudy,33.8,113.56,B_win,Montevideo,Uruguay,1930-07-17,0.2741,2.35,0.189,0.18,37.72,1404,1,163.9,-0.83,11.34,0.308,64.1,13.8,5.97,0.2236666666666666,0.8046666666666668,3.263333333333333,0.1586666666666666,Qatar Airways,airline,24.48,76.99,0.547,0.397,0.575,0.669,0.621,real_sponsor_names_with_proxy_commercial_metrics,0.4548124067848914,1669,5,487.0,0.06,26.56,0.629,74.2,37.3,11.34,0.1803333333333333,0.851,3.0733333333333337,0.222,Qatar Airways,airline,17.82,67.59,0.448,0.779,0.762,0.645,0.666,real_sponsor_names_with_proxy_commercial_metrics,0.3755049748466676,-265,-323.1,-4,-10.100000000000009,-0.8899999999999999,-0.0463333333333332,0.0433333333333333,0.0638608636769832,0.2185897005653997,2.495,0.22,0.23409813885790648,0.21233333333333326,0.6003599999999999,0.15067722828801824,0.2,0.30449012155826716
8,1930,Paraguay,United States,tournament,True,0.0,53.9,22.4,83.7,clear,31.6,86.88,B_win,Montevideo,Uruguay,1930-07-17,0.1618,2.03,0.175,0.123,29.46,1578,4,377.4,-0.11,22.66,0.528,69.9,30.5,12.88,0.1066666666666666,0.8923333333333333,3.733333333333333,0.1686666666666666,Hyundai,automotive,26.2,590.0,1.0,0.401,0.667,0.921,0.802,real_sponsor_names_with_proxy_commercial_metrics,0.6777827610652881,1578,6,379.0,-0.3,23.84,0.536,71.9,31.0,12.75,0.132,0.7943333333333333,0.7200000000000001,0.0636666666666666,Vivo,technology,22.58,68.24,0.455,0.416,0.676,0.652,0.654,real_sponsor_names_with_proxy_commercial_metrics,0.4277412886284749,0,-1.6000000000000227,-2,-2.0,0.19,0.0979999999999999,-0.0253333333333333,0.4105964679456181,0.3453813299881239,3.291,0.12,0.13736697164632106,0.10706666666666664,0.81069,0.30725647612930845,0.2,0.40992062938160806
9,1930,Uruguay,Peru,tournament,False,0.18,57.8,24.3,57.5,cloudy,27.2,71.09,A_win,Montevideo,Uruguay,1930-07-18,0.3183,-1.38,0.073,0.113,22.54,1684,10,508.3,0.07,29.28,0.661,74.8,44.8,20.58,0.1356666666666666,0.8753333333333333,1.923333333333333,0.1913333333333333,Vivo,technology,19.75,76.46,0.542,0.306,0.797,0.741,0.63,real_sponsor_names_with_proxy_commercial_metrics,0.4351767440908576,1576,3,374.1,-0.28,21.13,0.516,66.6,39.7,14.92,0.2316666666666666,0.8953333333333333,3.016666666666667,0.1463333333333333,Hisense,technology,33.45,1070.0,1.0,0.314,0.647,0.931,0.617,real_sponsor_names_with_proxy_commercial_metrics,0.8155266737460563,108,134.2,7,8.200000000000003,0.35,-0.02,-0.096,0.6570661125383135,0.4160080349128613,3.334,0.22,0.12617523875842385,0.13126666666666664,0.71205,0.28346856490401773,0.2,0.3539707161090918
10,1930,Argentina,Mexico,tournament,True,0.0,46.9,26.7,39.4,clear,44.8,122.09,A_win,Montevideo,Uruguay,1930-07-19,0.1508,5.69,0.304,0.254,40.26,1753,15,591.7,0.26,33.16,0.743,76.8,58.0,19.5,0.2623333333333333,0.8586666666666667,3.813333333333333,0.2106666666666666,Hyundai,automotive,30.74,590.0,1.0,0.338,0.813,0.936,0.851,real_sponsor_names_with_proxy_commercial_metrics,0.7681302767229082,1612,10,421.9,-0.18,26.83,0.584,72.1,37.6,18.89,0.2446666666666666,0.7546666666666667,1.1233333333333333,0.211,Hyundai,automotive,28.5,590.0,1.0,0.636,0.712,0.897,0.88,real_sponsor_names_with_proxy_commercial_metrics,0.7185336170151837,141,169.80000000000007,5,4.700000000000003,0.44,0.1039999999999999,0.0176666666666666,0.8112048561394937,0.5304466388485226,3.843,0.12,0.28889185024307384,0.2139333333333333,0.8831100000000001,0.22768643402554767,0.2,0.5174540953396992
11,1930,Chile,France,tournament,True,0.0,69.4,17.0,47.2,clear,27.2,52.78,A_win,Montevideo,Uruguay,1930-07-19,0.2444,0.65,0.118,0.173,25.07,1622,5,430.7,-0.12,24.93,0.579,72.9,38.6,16.65,0.135,0.8083333333333332,3.453333333333333,0.1826666666666666,Hisense,technology,27.36,1070.0,1.0,0.243,0.681,0.911,0.656,real_sponsor_names_with_proxy_commercial_metrics,0.7384557551656803,1748,13,584.8,0.26,32.28,0.733,77.8,46.5,18.67,0.2083333333333333,0.8296666666666667,3.483333333333333,0.3613333333333333,Qatar Airways,airline,24.02,81.37,0.593,0.647,0.801,0.711,0.647,real_sponsor_names_with_proxy_commercial_metrics,0.5007849188790221,-126,-154.09999999999997,-8,-4.899999999999992,-0.38,-0.0213333333333334,-0.0733333333333333,0.5136943396293857,0.3565723502942026,3.701,0.12,0.11294050270721795,0.15766666666666673,0.79217,0.26919360593734387,0.2,0.4171015398635836
12,1930,Belgium,Paraguay,tournament,True,0.0,68.1,16.8,45.2,cloudy,27.2,75.84,B_win,Montevideo,Uruguay,1930-07-20,0.2494,3.16,0.139,0.075,26.93,1674,9,495.4,0.02,28.38,0.646,71.5,40.4,23.19,0.142,0.7919999999999999,3.7566666666666655,0.0076666666666666,Visa,finance,26.85,250.0,1.0,0.538,0.72,0.914,0.914,real_sponsor_names_with_proxy_commercial_metrics,0.6636131480729871,1578,4,377.4,-0.11,22.66,0.528,69.9,30.5,12.88,0.1066666666666666,0.8923333333333333,3.733333333333333,0.1686666666666666,Hyundai,automotive,26.2,590.0,1.0,0.401,0.667,0.921,0.802,real_sponsor_names_with_proxy_commercial_metrics,0.6777827610652881,96,118.0,5,1.5999999999999943,0.13,-0.1003333333333333,0.0353333333333333,0.6045045124588039,0.4461170668867524,3.443,0.22,0.11221658625084086,0.16840000000000002,0.8480000000000001,0.3057539427674303,0.2,0.43123925151597575
13,1930,Bolivia,Brazil,tournament,True,0.0,58.9,29.6,37.6,clear,33.8,104.94,B_win,Montevideo,Uruguay,1930-07-20,0.4292,-0.19,0.164,0.244,29.7,1404,1,163.9,-0.83,11.34,0.308,64.1,13.8,5.97,0.2236666666666666,0.8046666666666668,3.263333333333333,0.1586666666666666,Qatar Airways,airline,24.48,76.99,0.547,0.397,0.575,0.669,0.621,real_sponsor_names_with_proxy_commercial_metrics,0.4548124067848914,1829,20,683.6,0.5,36.78,0.83,78.8,57.4,18.61,0.1376666666666667,0.7313333333333333,3.723333333333333,0.206,Adidas,apparel,33.15,1830.0,1.0,0.369,0.809,0.916,0.861,real_sponsor_names_with_proxy_commercial_metrics,0.9383411482254695,-425,-519.7,-19,-14.700000000000005,-1.33,0.0733333333333334,0.086,0.0638608636769832,0.2155885690482964,2.476,0.12,0.2664249514222721,0.21233333333333326,0.6003599999999999,0.2953421822593306,0.2,0.31011516724635135
14,1930,Uruguay,Romania,tournament,False,0.18,72.7,20.5,59.5,cloudy,33.8,162.16,A_win,Montevideo,Uruguay,1930-07-21,0.3319,4.1,0.147,0.197,33.06,1684,10,508.3,0.07,29.28,0.661,74.8,44.8,20.58,0.1356666666666666,0.8753333333333333,1.923333333333333,0.1913333333333333,Vivo,technology,19.75,76.46,0.542,0.306,0.797,0.741,0.63,real_sponsor_names_with_proxy_commercial_metrics,0.4351767440908576,1634,3,443.7,0.0,23.69,0.581,73.6,37.4,11.0,0.1443333333333333,0.7826666666666666,1.6033333333333335,0.135,Qatar Airways,airline,19.84,68.58,0.459,0.365,0.75,0.711,0.645,real_sponsor_names_with_proxy_commercial_metrics,0.4101980603082731,50,64.60000000000002,7,1.2000000000000028,0.07,0.0926666666666666,-0.0086666666666666,0.6570661125383135,0.4773838673707874,3.666,0.22,0.27869501777826233,0.13126666666666664,0.71205,0.27130129165774636,0.2,0.4016599050012788
15,1930,Argentina,Chile,tournament,True,0.0,64.1,14.5,38.4,cloudy,33.8,98.94,A_win,Montevideo,Uruguay,1930-07-22,0.1986,1.15,0.242,0.176,37.41,1753,15,591.7,0.26,33.16,0.743,76.8,58.0,19.5,0.2623333333333333,0.8586666666666667,3.813333333333333,0.2106666666666666,Hyundai,automotive,30.74,590.0,1.0,0.338,0.813,0.936,0.851,real_sponsor_names_with_proxy_commercial_metrics,0.7681302767229082,1622,5,430.7,-0.12,24.93,0.579,72.9,38.6,16.65,0.135,0.8083333333333332,3.453333333333333,0.1826666666666666,Hisense,technology,27.36,1070.0,1.0,0.243,0.681,0.911,0.656,real_sponsor_names_with_proxy_commercial_metrics,0.7384557551656803,131,161.00000000000006,10,3.899999999999992,0.38,0.0503333333333334,0.1273333333333333,0.8112048561394937,0.4729384514360537,3.869,0.22,0.20063003933675252,0.2139333333333333,0.8831100000000001,0.33619781631342327,0.2,0.4836994406829435
16,1930,Argentina,United States,tournament,True,0.0,46.8,25.7,23.1,clear,40.4,60.05,A_win,Montevideo,Uruguay,1930-07-26,0.4507,0.41,0.072,0.078,37.67,1753,15,591.7,0.26,33.16,0.743,76.8,58.0,19.5,0.2623333333333333,0.8586666666666667,3.813333333333333,0.2106666666666666,Hyundai,automotive,30.74,590.0,1.0,0.338,0.813,0.936,0.851,real_sponsor_names_with_proxy_commercial_metrics,0.7681302767229082,1578,6,379.0,-0.3,23.84,0.536,71.9,31.0,12.75,0.132,0.7943333333333333,0.7200000000000001,0.0636666666666666,Vivo,technology,22.58,68.24,0.455,0.416,0.676,0.652,0.654,real_sponsor_names_with_proxy_commercial_metrics,0.4277412886284749,175,212.70000000000005,9,4.899999999999992,0.56,0.0643333333333333,0.1303333333333333,0.8112048561394937,0.4890675261256797,3.702,0.12,0.25364934282842627,0.2139333333333333,0.8831100000000001,0.13124277456647399,0.2,0.4988194422943735
17,1930,Uruguay,Yugoslavia,tournament,False,0.18,62.8,25.8,51.9,windy,40.4,112.45,A_win,Montevideo,Uruguay,1930-07-27,0.1696,3.21,0.182,0.2,40.99,1684,10,508.3,0.07,29.28,0.661,74.8,44.8,20.58,0.1356666666666666,0.8753333333333333,1.923333333333333,0.1913333333333333,Vivo,technology,19.75,76.46,0.542,0.306,0.797,0.741,0.63,real_sponsor_names_with_proxy_commercial_metrics,0.4351767440908576,1669,5,487.0,0.06,26.56,0.629,74.2,37.3,11.34,0.1803333333333333,0.851,3.0733333333333337,0.222,Qatar Airways,airline,17.82,67.59,0.448,0.779,0.762,0.645,0.666,real_sponsor_names_with_proxy_commercial_metrics,0.3755049748466676,15,21.30000000000001,5,0.5999999999999943,0.01,0.0243333333333333,-0.0446666666666666,0.6570661125383135,0.4897458605041422,3.577,0.48,0.25230246147085333,0.13126666666666664,0.71205,0.4022883750802826,0.2,0.39984275181713635
18,1930,Uruguay,Argentina,tournament,False,0.18,45.5,13.8,29.2,cloudy,38.2,235.07,A_win,Montevideo,Uruguay,1930-07-30,0.0369,1.33,0.133,0.139,32.94,1684,10,508.3,0.07,29.28,0.661,74.8,44.8,20.58,0.1356666666666666,0.8753333333333333,1.923333333333333,0.1913333333333333,Vivo,technology,19.75,76.46,0.542,0.306,0.797,0.741,0.63,real_sponsor_names_with_proxy_commercial_metrics,0.4351767440908576,1753,15,591.7,0.26,33.16,0.743,76.8,58.0,19.5,0.2623333333333333,0.8586666666666667,3.813333333333333,0.2106666666666666,Hyundai,automotive,30.74,590.0,1.0,0.338,0.813,0.936,0.851,real_sponsor_names_with_proxy_commercial_metrics,0.7681302767229082,-69,-83.40000000000003,-5,-2.0,-0.19,0.0166666666666666,-0.1266666666666667,0.6570661125383135,0.5225474696053372,3.527,0.22,0.2599255576087684,0.13126666666666664,0.71205,0.3146528223792193,0.2,0.4105518215930539
19,1934,Argentina,Sweden,tournament,True,0.0,69.4,24.4,46.0,rain,37.46,136.44,B_win,Bologna,Italy,1934-05-27,0.149,1.59,0.198,0.092,40.03,1753,15,591.7,0.26,33.16,0.743,76.8,58.0,19.5,0.2623333333333333,0.8586666666666667,3.813333333333333,0.2106666666666666,Hyundai,automotive,30.74,590.0,1.0,0.338,0.813,0.936,0.851,real_sponsor_names_with_proxy_commercial_metrics,0.7681302767229082,1654,9,471.1,0.0,27.67,0.624,74.4,39.2,19.34,0.1766666666666666,0.6789999999999999,3.783333333333333,0.1453333333333333,Budweiser,beverage,26.29,350.0,1.0,0.625,0.705,0.91,0.618,real_sponsor_names_with_proxy_commercial_metrics,0.6436681220526703,99,120.60000000000002,6,2.3999999999999915,0.26,0.1796666666666667,0.0856666666666667,0.8112048561394937,0.5024472173589174,3.793,0.48,0.22017511979935991,0.2139333333333333,0.8831100000000001,0.3403783629486904,0.2,0.4958709112338668
20,1934,Austria,France,tournament,True,0.0,57.4,27.4,43.5,cloudy,37.46,85.3,A_win,Turin,Italy,1934-05-27,0.3255,3.16,0.102,0.122,32.86,1660,5,475.8,-0.03,25.77,0.617,70.5,44.6,14.99,0.1396666666666666,0.88,2.703333333333333,0.218,McDonald's,restaurant,21.71,77.28,0.55,0.451,0.702,0.72,0.649,real_sponsor_names_with_proxy_commercial_metrics,0.4467064332741507,1748,13,584.8,0.26,32.28,0.733,77.8,46.5,18.67,0.2083333333333333,0.8296666666666667,3.483333333333333,0.3613333333333333,Qatar Airways,airline,24.02,81.37,0.593,0.647,0.801,0.711,0.647,real_sponsor_names_with_proxy_commercial_metrics,0.5007849188790221,-88,-108.99999999999994,-8,-7.299999999999997,-0.29,0.0503333333333333,-0.0686666666666666,0.5506732285488857,0.3933309283724592,3.261,0.22,0.22082702897459738,0.13179999999999997,0.6711900000000001,0.3036105758938129,0.2,0.3635662097250042
21,1934,Belgium,Germany,tournament,True,0.0,55.6,25.2,44.1,rain,41.86,141.15,B_win,Florence,Italy,1934-05-27,0.252,4.48,0.092,0.261,41.39,1674,9,495.4,0.02,28.38,0.646,71.5,40.4,23.19,0.142,0.7919999999999999,3.7566666666666655,0.0076666666666666,Visa,finance,26.85,250.0,1.0,0.538,0.72,0.914,0.914,real_sponsor_names_with_proxy_commercial_metrics,0.6636131480729871,1798,20,646.1,0.4,35.62,0.797,81.3,65.9,22.15,0.2123333333333333,0.851,5.576666666666667,0.3273333333333333,Coca-Cola,beverage,29.19,300.0,1.0,0.286,0.859,0.907,0.902,real_sponsor_names_with_proxy_commercial_metrics,0.7215038709709707,-124,-150.70000000000005,-11,-9.799999999999995,-0.38,-0.059,-0.0703333333333333,0.6045045124588039,0.5347564416686862,3.564,0.48,0.31989573864215853,0.16840000000000002,0.8480000000000001,0.35297773496039386,0.2,0.49759410693318085
22,1934,Brazil,Spain,tournament,True,0.0,49.1,26.8,90.0,rain,35.26,81.86,B_win,Genoa,Italy,1934-05-27,0.3091,1.08,0.178,0.165,31.31,1829,20,683.6,0.5,36.78,0.83,78.8,57.4,18.61,0.1376666666666667,0.7313333333333333,3.723333333333333,0.206,Adidas,apparel,33.15,1830.0,1.0,0.369,0.809,0.916,0.861,real_sponsor_names_with_proxy_commercial_metrics,0.9383411482254695,1708,12,537.2,0.18,30.58,0.689,77.4,45.2,19.26,0.2126666666666666,0.84,4.25,0.077,Budweiser,beverage,27.85,350.0,1.0,0.321,0.724,0.933,0.612,real_sponsor_names_with_proxy_commercial_metrics,0.6704472243491213,121,146.39999999999998,8,1.3999999999999917,0.32,-0.1086666666666666,-0.0749999999999999,0.9764150943396226,0.428838753879586,3.756,0.48,0.20865169696416258,0.19006666666666672,0.87793,0.5929295654035539,0.2,0.5145132660532293
23,1934,Czechoslovakia,Romania,tournament,True,0.0,73.9,14.6,58.9,hot,33.06,64.67,A_win,Trieste,Italy,1934-05-27,0.1108,0.72,0.148,0.098,26.59,1636,5,447.8,-0.1,25.08,0.592,72.1,45.6,14.05,0.2196666666666666,0.848,2.25,0.1806666666666666,Visa,finance,31.09,250.0,1.0,0.557,0.715,0.89,0.868,real_sponsor_names_with_proxy_commercial_metrics,0.7140096825197512,1634,3,443.7,0.0,23.69,0.581,73.6,37.4,11.0,0.1443333333333333,0.7826666666666666,1.6033333333333335,0.135,Qatar Airways,airline,19.84,68.58,0.459,0.365,0.75,0.711,0.645,real_sponsor_names_with_proxy_commercial_metrics,0.4101980603082731,2,4.100000000000023,2,-1.5,-0.1,0.0653333333333333,0.0753333333333333,0.5283363782801519,0.3284425220745803,3.432,0.62,0.1014224706046911,0.19259999999999997,0.8329999999999999,0.5821769071576393,0.2,0.404674724106561
24,1934,Egypt,Hungary,tournament,True,0.0,56.0,25.0,61.9,cloudy,39.66,102.8,B_win,Naples,Italy,1934-05-27,0.2154,2.85,0.054,0.054,35.5,1408,1,169.0,-0.71,11.98,0.316,63.5,15.1,8.15,0.2326666666666666,0.6676666666666667,6.896666666666666,0.1536666666666666,Hyundai,automotive,30.54,590.0,1.0,0.558,0.597,0.912,0.85,real_sponsor_names_with_proxy_commercial_metrics,0.7276662892490042,1691,5,513.5,0.03,27.22,0.652,78.9,42.6,16.61,0.1083333333333333,0.8380000000000001,2.99,0.2826666666666667,Adidas,apparel,33.47,1830.0,1.0,0.501,0.712,0.937,0.887,real_sponsor_names_with_proxy_commercial_metrics,0.931713528183716,-283,-344.5,-4,-15.400000000000006,-0.74,-0.1703333333333333,0.1243333333333333,0.0646393014452089,0.3168688027318037,2.966,0.22,0.20498544698861162,0.2725333333333333,0.7862399999999998,0.32068900306857917,0.2,0.4140818635823884
25,1934,Italy,United States,tournament,False,0.18,52.4,21.2,29.6,clear,44.06,129.18,A_win,Rome,Italy,1934-05-27,0.1764,3.93,0.227,0.253,37.73,1755,14,594.5,0.34,33.03,0.744,77.8,61.6,11.04,0.3303333333333333,0.8929999999999999,1.3333333333333333,0.0393333333333333,Visa,finance,33.4,250.0,1.0,0.316,0.761,0.842,0.918,real_sponsor_names_with_proxy_commercial_metrics,0.749976237843342,1578,6,379.0,-0.3,23.84,0.536,71.9,31.0,12.75,0.132,0.7943333333333333,0.7200000000000001,0.0636666666666666,Vivo,technology,22.58,68.24,0.455,0.416,0.676,0.652,0.654,real_sponsor_names_with_proxy_commercial_metrics,0.4277412886284749,177,215.5,8,5.899999999999992,0.64,0.0986666666666665,0.1983333333333333,0.8187106162327391,0.3166578028487203,3.435,0.12,0.2908157278240219,0.24100000000000002,0.84782,0.08389566830799974,0.2,0.4470564274448482
26,1934,Netherlands,Switzerland,tournament,True,0.0,53.4,20.1,47.5,clear,37.46,63.38,B_win,Milan,Italy,1934-05-27,0.3884,5.87,0.178,0.211,41.26,1746,9,581.1,0.35,31.14,0.724,75.8,49.9,15.97,0.1103333333333333,0.742,2.733333333333333,0.1786666666666666,Hisense,technology,32.27,1070.0,1.0,0.505,0.811,0.856,0.664,real_sponsor_names_with_proxy_commercial_metrics,0.8192941476500228,1632,7,443.7,-0.12,26.09,0.595,72.7,48.1,17.05,0.1836666666666666,0.914,2.223333333333333,0.2486666666666666,Adidas,apparel,31.4,1830.0,1.0,0.14,0.774,0.888,0.845,real_sponsor_names_with_proxy_commercial_metrics,0.90423375782881,114,137.40000000000003,2,3.0999999999999943,0.47,-0.172,-0.0733333333333333,0.7581498473599972,0.3663741843926204,3.452,0.12,0.2643308558747287,0.1694,0.8342200000000001,0.18985406408335112,0.2,0.474708338240885
27,1934,Austria,Hungary,tournament,True,0.0,64.9,28.2,61.4,cloudy,33.06,68.48,A_win,Bologna,Italy,1934-05-31,0.2267,0.55,0.114,0.191,28.95,1660,5,475.8,-0.03,25.77,0.617,70.5,44.6,14.99,0.1396666666666666,0.88,2.703333333333333,0.218,McDonald's,restaurant,21.71,77.28,0.55,0.451,0.702,0.72,0.649,real_sponsor_names_with_proxy_commercial_metrics,0.4467064332741507,1691,5,513.5,0.03,27.22,0.652,78.9,42.6,16.61,0.1083333333333333,0.8380000000000001,2.99,0.2826666666666667,Adidas,apparel,33.47,1830.0,1.0,0.501,0.712,0.937,0.887,real_sponsor_names_with_proxy_commercial_metrics,0.931713528183716,-31,-37.69999999999999,0,-8.400000000000006,-0.06,0.0419999999999999,0.0313333333333333,0.5506732285488857,0.3676955705456038,3.258,0.22,0.16471791374864844,0.13179999999999997,0.6711900000000001,0.40176550346107187,0.2,0.34516648648829495
28,1934,Czechoslovakia,Switzerland,tournament,True,0.0,62.8,31.9,41.6,clear,37.46,107.36,A_win,Turin,Italy,1934-05-31,0.3293,2.13,0.082,0.135,42.36,1636,5,447.8,-0.1,25.08,0.592,72.1,45.6,14.05,0.2196666666666666,0.848,2.25,0.1806666666666666,Visa,finance,31.09,250.0,1.0,0.557,0.715,0.89,0.868,real_sponsor_names_with_proxy_commercial_metrics,0.7140096825197512,1632,7,443.7,-0.12,26.09,0.595,72.7,48.1,17.05,0.1836666666666666,0.914,2.223333333333333,0.2486666666666666,Adidas,apparel,31.4,1830.0,1.0,0.14,0.774,0.888,0.845,real_sponsor_names_with_proxy_commercial_metrics,0.90423375782881,4,4.100000000000023,-2,-0.6000000000000085,0.0199999999999999,-0.066,0.036,0.5283363782801519,0.3630847560438329,3.443,0.12,0.26478416070406297,0.19259999999999997,0.8329999999999999,0.37245272247199024,0.2,0.44704688763782613
29,1934,Germany,Sweden,tournament,True,0.0,63.4,33.8,72.5,clear,33.06,84.27,A_win,Milan,Italy,1934-05-31,0.2765,5.27,0.149,0.205,31.65,1798,20,646.1,0.4,35.62,0.797,81.3,65.9,22.15,0.2123333333333333,0.851,5.576666666666667,0.3273333333333333,Coca-Cola,beverage,29.19,300.0,1.0,0.286,0.859,0.907,0.902,real_sponsor_names_with_proxy_commercial_metrics,0.7215038709709707,1654,9,471.1,0.0,27.67,0.624,74.4,39.2,19.34,0.1766666666666666,0.6789999999999999,3.783333333333333,0.1453333333333333,Budweiser,beverage,26.29,350.0,1.0,0.625,0.705,0.91,0.618,real_sponsor_names_with_proxy_commercial_metrics,0.6436681220526703,144,175.0,11,6.899999999999992,0.4,0.172,0.0356666666666666,0.9510351228677828,0.5617920424295676,3.961,0.12,0.20025065342709167,0.18699999999999997,0.90283,0.5553932063084278,0.2,0.5016890315987302
30,1934,Italy,Spain,tournament,False,0.18,63.6,30.9,38.8,clear,30.86,98.5,draw,Florence,Italy,1934-05-31,0.2356,6.94,0.173,0.117,26.53,1755,14,594.5,0.34,33.03,0.744,77.8,61.6,11.04,0.3303333333333333,0.8929999999999999,1.3333333333333333,0.0393333333333333,Visa,finance,33.4,250.0,1.0,0.316,0.761,0.842,0.918,real_sponsor_names_with_proxy_commercial_metrics,0.749976237843342,1708,12,537.2,0.18,30.58,0.689,77.4,45.2,19.26,0.2126666666666666,0.84,4.25,0.077,Budweiser,beverage,27.85,350.0,1.0,0.321,0.724,0.933,0.612,real_sponsor_names_with_proxy_commercial_metrics,0.6704472243491213,47,57.29999999999996,2,0.3999999999999915,0.16,0.0529999999999999,0.1176666666666667,0.8187106162327391,0.2466383165384908,3.253,0.12,0.15379743997213075,0.24100000000000002,0.84782,0.33434239634624985,0.2,0.4000473137076056
31,1934,Italy,Spain,tournament,False,0.18,85.8,22.3,53.4,cloudy,28.66,58.29,A_win,Florence,Italy,1934-06-01,0.2084,0.71,-0.008,0.078,26.39,1755,14,594.5,0.34,33.03,0.744,77.8,61.6,11.04,0.3303333333333333,0.8929999999999999,1.3333333333333333,0.0393333333333333,Visa,finance,33.4,250.0,1.0,0.316,0.761,0.842,0.918,real_sponsor_names_with_proxy_commercial_metrics,0.749976237843342,1708,12,537.2,0.18,30.58,0.689,77.4,45.2,19.26,0.2126666666666666,0.84,4.25,0.077,Budweiser,beverage,27.85,350.0,1.0,0.321,0.724,0.933,0.612,real_sponsor_names_with_proxy_commercial_metrics,0.6704472243491213,47,57.29999999999996,2,0.3999999999999915,0.16,0.0529999999999999,0.1176666666666667,0.8187106162327391,0.2227491779679999,3.482,0.22,0.09502512397007581,0.24100000000000002,0.84782,0.2137293941340184,0.2,0.38160389170745723
32,1934,Czechoslovakia,Germany,tournament,True,0.0,52.7,25.1,48.6,clear,35.26,123.06,A_win,Rome,Italy,1934-06-03,0.1694,1.25,0.15,0.151,29.83,1636,5,447.8,-0.1,25.08,0.592,72.1,45.6,14.05,0.2196666666666666,0.848,2.25,0.1806666666666666,Visa,finance,31.09,250.0,1.0,0.557,0.715,0.89,0.868,real_sponsor_names_with_proxy_commercial_metrics,0.7140096825197512,1798,20,646.1,0.4,35.62,0.797,81.3,65.9,22.15,0.2123333333333333,0.851,5.576666666666667,0.3273333333333333,Coca-Cola,beverage,29.19,300.0,1.0,0.286,0.859,0.907,0.902,real_sponsor_names_with_proxy_commercial_metrics,0.7215038709709707,-162,-198.3,-15,-9.200000000000005,-0.5,-0.003,0.0073333333333333,0.5283363782801519,0.3586611932414679,3.351,0.12,0.19338461223023015,0.19259999999999997,0.8329999999999999,0.22582102333547427,0.2,0.43152838035839736
33,1934,Italy,Austria,tournament,False,0.18,51.3,27.6,60.6,cloudy,28.66,58.79,A_win,Milan,Italy,1934-06-03,0.1528,3.6,0.172,0.209,30.96,1755,14,594.5,0.34,33.03,0.744,77.8,61.6,11.04,0.3303333333333333,0.8929999999999999,1.3333333333333333,0.0393333333333333,Visa,finance,33.4,250.0,1.0,0.316,0.761,0.842,0.918,real_sponsor_names_with_proxy_commercial_metrics,0.749976237843342,1660,5,475.8,-0.03,25.77,0.617,70.5,44.6,14.99,0.1396666666666666,0.88,2.703333333333333,0.218,McDonald's,restaurant,21.71,77.28,0.55,0.451,0.702,0.72,0.649,real_sponsor_names_with_proxy_commercial_metrics,0.4467064332741507,95,118.7,9,7.299999999999997,0.37,0.0129999999999999,0.1906666666666667,0.8187106162327391,0.2229232575223562,3.165,0.22,0.1230206087013063,0.24100000000000002,0.84782,0.38270177692143015,0.2,0.38725173092892307
34,1934,Austria,Germany,tournament,True,0.0,47.4,23.7,47.8,rain,37.46,169.57,B_win,Naples,Italy,1934-06-07,0.4122,1.59,-0.069,0.079,30.84,1660,5,475.8,-0.03,25.77,0.617,70.5,44.6,14.99,0.1396666666666666,0.88,2.703333333333333,0.218,McDonald's,restaurant,21.71,77.28,0.55,0.451,0.702,0.72,0.649,real_sponsor_names_with_proxy_commercial_metrics,0.4467064332741507,1798,20,646.1,0.4,35.62,0.797,81.3,65.9,22.15,0.2123333333333333,0.851,5.576666666666667,0.3273333333333333,Coca-Cola,beverage,29.19,300.0,1.0,0.286,0.859,0.907,0.902,real_sponsor_names_with_proxy_commercial_metrics,0.7215038709709707,-138,-170.3,-15,-10.799999999999995,-0.43,0.029,-0.0726666666666666,0.5506732285488857,0.4226702964636769,3.068,0.48,0.291786878854483,0.13179999999999997,0.6711900000000001,0.32994804824091906,0.2,0.38597320276652236
35,1934,Italy,Czechoslovakia,tournament,False,0.18,66.0,23.8,53.7,hot,33.06,58.43,A_win,Rome,Italy,1934-06-10,0.1964,1.21,0.135,0.106,36.18,1755,14,594.5,0.34,33.03,0.744,77.8,61.6,11.04,0.3303333333333333,0.8929999999999999,1.3333333333333333,0.0393333333333333,Visa,finance,33.4,250.0,1.0,0.316,0.761,0.842,0.918,real_sponsor_names_with_proxy_commercial_metrics,0.749976237843342,1636,5,447.8,-0.1,25.08,0.592,72.1,45.6,14.05,0.2196666666666666,0.848,2.25,0.1806666666666666,Visa,finance,31.09,250.0,1.0,0.557,0.715,0.89,0.868,real_sponsor_names_with_proxy_commercial_metrics,0.7140096825197512,119,146.7,9,5.700000000000003,0.44,0.0449999999999999,0.1106666666666666,0.8187106162327391,0.2425772418615277,3.344,0.62,0.14611481746795923,0.24100000000000002,0.84782,0.41404303147077715,0.2,0.39737368829722164
36,1938,Germany,Switzerland,tournament,True,0.0,72.7,27.9,54.2,clear,32.32,68.02,draw,Paris,France,1938-06-04,0.1171,3.31,0.175,0.147,25.74,1798,20,646.1,0.4,35.62,0.797,81.3,65.9,22.15,0.2123333333333333,0.851,5.576666666666667,0.3273333333333333,Coca-Cola,beverage,29.19,300.0,1.0,0.286,0.859,0.907,0.902,real_sponsor_names_with_proxy_commercial_metrics,0.7215038709709707,1632,7,443.7,-0.12,26.09,0.595,72.7,48.1,17.05,0.1836666666666666,0.914,2.223333333333333,0.2486666666666666,Adidas,apparel,31.4,1830.0,1.0,0.14,0.774,0.888,0.845,real_sponsor_names_with_proxy_commercial_metrics,0.90423375782881,166,202.40000000000003,13,8.599999999999994,0.52,-0.063,0.0286666666666666,0.9510351228677828,0.5528079346408165,3.89,0.12,0.11149724573468663,0.18699999999999997,0.90283,0.3228509241418682,0.2,0.48142279987939895
37,1938,Brazil,Poland,tournament,True,0.0,56.5,22.6,46.2,cloudy,52.12,167.4,A_win,Strasbourg,France,1938-06-05,0.1257,6.05,0.166,0.066,46.28,1829,20,683.6,0.5,36.78,0.83,78.8,57.4,18.61,0.1376666666666667,0.7313333333333333,3.723333333333333,0.206,Adidas,apparel,33.15,1830.0,1.0,0.369,0.809,0.916,0.861,real_sponsor_names_with_proxy_commercial_metrics,0.9383411482254695,1685,6,506.6,0.05,27.64,0.65,72.7,42.5,15.85,0.2053333333333333,0.815,3.9733333333333327,0.268,Coca-Cola,beverage,28.97,300.0,1.0,0.581,0.749,0.899,0.847,real_sponsor_names_with_proxy_commercial_metrics,0.6960284847496763,144,177.0,14,6.099999999999994,0.45,-0.0836666666666666,-0.0676666666666666,0.9764150943396226,0.5344110482399312,4.295,0.22,0.323621098158033,0.19006666666666672,0.87793,0.19042175123099986,0.2,0.5670673887129001
38,1938,Cuba,Romania,tournament,True,0.0,47.1,18.6,65.8,cloudy,41.12,187.26,draw,Toulouse,France,1938-06-05,0.2873,0.05,0.184,0.061,34.14,1562,1,349.3,0.0,14.65,0.46,72.5,37.1,8.19,0.1583333333333333,0.8770000000000001,2.04,0.1403333333333333,Vivo,technology,18.81,74.54,0.521,0.309,0.682,0.673,0.556,real_sponsor_names_with_proxy_commercial_metrics,0.3860041554965019,1634,3,443.7,0.0,23.69,0.581,73.6,37.4,11.0,0.1443333333333333,0.7826666666666666,1.6033333333333335,0.135,Qatar Airways,airline,19.84,68.58,0.459,0.365,0.75,0.711,0.645,real_sponsor_names_with_proxy_commercial_metrics,0.4101980603082731,-72,-94.39999999999998,-2,-1.0999999999999943,0.0,0.0943333333333334,0.014,0.3900211522987579,0.303537869484626,2.984,0.22,0.29349106764985283,0.14419999999999994,0.63187,0.34794547919788765,0.2,0.33213961430482636
39,1938,Czechoslovakia,Netherlands,tournament,True,0.0,47.3,20.5,61.8,cloudy,34.52,107.74,A_win,Le Havre,France,1938-06-05,0.2939,5.95,0.093,0.163,35.44,1636,5,447.8,-0.1,25.08,0.592,72.1,45.6,14.05,0.2196666666666666,0.848,2.25,0.1806666666666666,Visa,finance,31.09,250.0,1.0,0.557,0.715,0.89,0.868,real_sponsor_names_with_proxy_commercial_metrics,0.7140096825197512,1746,9,581.1,0.35,31.14,0.724,75.8,49.9,15.97,0.1103333333333333,0.742,2.733333333333333,0.1786666666666666,Hisense,technology,32.27,1070.0,1.0,0.505,0.811,0.856,0.664,real_sponsor_names_with_proxy_commercial_metrics,0.8192941476500228,-110,-133.3,-4,-3.700000000000003,-0.4499999999999999,0.1059999999999999,0.1093333333333333,0.5283363782801519,0.3500008734238196,3.273,0.22,0.2293580910045781,0.19259999999999997,0.8329999999999999,0.2812395632626846,0.2,0.4362981865643254
40,1938,France,Belgium,tournament,False,0.18,66.5,26.8,56.6,cloudy,36.72,122.84,A_win,Colombes,France,1938-06-05,0.1674,1.59,0.036,0.07,35.41,1748,13,584.8,0.26,32.28,0.733,77.8,46.5,18.67,0.2083333333333333,0.8296666666666667,3.483333333333333,0.3613333333333333,Qatar Airways,airline,24.02,81.37,0.593,0.647,0.801,0.711,0.647,real_sponsor_names_with_proxy_commercial_metrics,0.5007849188790221,1674,9,495.4,0.02,28.38,0.646,71.5,40.4,23.19,0.142,0.7919999999999999,3.7566666666666655,0.0076666666666666,Visa,finance,26.85,250.0,1.0,0.538,0.72,0.914,0.914,real_sponsor_names_with_proxy_commercial_metrics,0.6636131480729871,74,89.39999999999998,4,6.299999999999997,0.24,0.0376666666666667,0.0663333333333333,0.8018213325687816,0.4946902782342271,3.598,0.22,0.19455103230081663,0.19313333333333332,0.7179599999999999,0.3446085777492329,0.2,0.40253826489671224
41,1938,Hungary,Indonesia,tournament,True,0.0,67.7,23.0,51.1,clear,41.12,118.09,A_win,Reims,France,1938-06-05,0.221,3.53,-0.024,0.054,45.98,1691,5,513.5,0.03,27.22,0.652,78.9,42.6,16.61,0.1083333333333333,0.8380000000000001,2.99,0.2826666666666667,Adidas,apparel,33.47,1830.0,1.0,0.501,0.712,0.937,0.887,real_sponsor_names_with_proxy_commercial_metrics,0.931713528183716,1369,1,116.3,-1.0,5.33,0.239,64.9,11.7,4.28,0.2033333333333333,0.7996666666666666,0.0366666666666666,0.207,Coca-Cola,beverage,32.51,300.0,1.0,0.345,0.569,0.881,0.852,real_sponsor_names_with_proxy_commercial_metrics,0.7132760630377765,322,397.2,4,14.0,1.03,0.0383333333333334,-0.095,0.6789758272283496,0.4564992206130808,4.077,0.12,0.2514546829533998,0.12979999999999994,0.84634,0.1819992150146293,0.2,0.5284215651264345
42,1938,Italy,Norway,tournament,True,0.0,65.1,25.0,70.7,windy,34.52,74.01,A_win,Marseille,France,1938-06-05,0.3982,6.14,0.207,0.224,31.48,1755,14,594.5,0.34,33.03,0.744,77.8,61.6,11.04,0.3303333333333333,0.8929999999999999,1.3333333333333333,0.0393333333333333,Visa,finance,33.4,250.0,1.0,0.316,0.761,0.842,0.918,real_sponsor_names_with_proxy_commercial_metrics,0.749976237843342,1541,1,328.5,-0.12,17.05,0.46,69.8,29.1,10.21,0.1593333333333333,0.8300000000000001,0.6766666666666666,0.2416666666666666,McDonald's,restaurant,20.44,68.0,0.453,0.453,0.651,0.632,0.639,real_sponsor_names_with_proxy_commercial_metrics,0.3906645167243267,214,266.0,13,8.0,0.46,0.0629999999999998,0.171,0.8187106162327391,0.2545646993122554,3.381,0.48,0.238320202345538,0.24100000000000002,0.84782,0.4627136944266038,0.2,0.41917125335894123
43,1938,Cuba,Romania,tournament,True,0.0,49.3,27.0,54.2,clear,34.52,86.0,A_win,Toulouse,France,1938-06-09,0.2221,3.48,0.176,0.218,27.43,1562,1,349.3,0.0,14.65,0.46,72.5,37.1,8.19,0.1583333333333333,0.8770000000000001,2.04,0.1403333333333333,Vivo,technology,18.81,74.54,0.521,0.309,0.682,0.673,0.556,real_sponsor_names_with_proxy_commercial_metrics,0.3860041554965019,1634,3,443.7,0.0,23.69,0.581,73.6,37.4,11.0,0.1443333333333333,0.7826666666666666,1.6033333333333335,0.135,Qatar Airways,airline,19.84,68.58,0.459,0.365,0.75,0.711,0.645,real_sponsor_names_with_proxy_commercial_metrics,0.4101980603082731,-72,-94.39999999999998,-2,-1.0999999999999943,0.0,0.0943333333333334,0.014,0.3900211522987579,0.2386142957089177,2.938,0.12,0.1869582149120018,0.14419999999999994,0.63187,0.2994405195175908,0.2,0.2926544431000578
44,1938,Germany,Switzerland,tournament,True,0.0,61.0,20.8,53.1,hot,41.12,83.69,B_win,Paris,France,1938-06-09,0.2552,2.18,0.213,0.199,43.35,1798,20,646.1,0.4,35.62,0.797,81.3,65.9,22.15,0.2123333333333333,0.851,5.576666666666667,0.3273333333333333,Coca-Cola,beverage,29.19,300.0,1.0,0.286,0.859,0.907,0.902,real_sponsor_names_with_proxy_commercial_metrics,0.7215038709709707,1632,7,443.7,-0.12,26.09,0.595,72.7,48.1,17.05,0.1836666666666666,0.914,2.223333333333333,0.2486666666666666,Adidas,apparel,31.4,1830.0,1.0,0.14,0.774,0.888,0.845,real_sponsor_names_with_proxy_commercial_metrics,0.90423375782881,166,202.40000000000003,13,8.599999999999994,0.52,-0.063,0.0286666666666666,0.9510351228677828,0.5978222311109604,3.804,0.62,0.26414394698166765,0.18699999999999997,0.90283,0.39584350246199956,0.2,0.5245561431404355
45,1938,Brazil,Czechoslovakia,tournament,True,0.0,59.5,27.5,59.7,cloudy,32.32,64.56,draw,Bordeaux,France,1938-06-12,0.1439,4.31,0.062,0.183,31.95,1829,20,683.6,0.5,36.78,0.83,78.8,57.4,18.61,0.1376666666666667,0.7313333333333333,3.723333333333333,0.206,Adidas,apparel,33.15,1830.0,1.0,0.369,0.809,0.916,0.861,real_sponsor_names_with_proxy_commercial_metrics,0.9383411482254695,1636,5,447.8,-0.1,25.08,0.592,72.1,45.6,14.05,0.2196666666666666,0.848,2.25,0.1806666666666666,Visa,finance,31.09,250.0,1.0,0.557,0.715,0.89,0.868,real_sponsor_names_with_proxy_commercial_metrics,0.7140096825197512,193,235.8,15,6.700000000000003,0.6,-0.1166666666666667,-0.0819999999999999,0.9764150943396226,0.4095994182175325,3.88,0.22,0.14040676871951044,0.19006666666666672,0.87793,0.37621173196317703,0.2,0.4954772664189238
46,1938,Cuba,Sweden,tournament,True,0.0,60.8,25.3,85.1,clear,45.52,145.57,B_win,Antibes,France,1938-06-12,0.3043,2.44,0.184,0.19,49.06,1562,1,349.3,0.0,14.65,0.46,72.5,37.1,8.19,0.1583333333333333,0.8770000000000001,2.04,0.1403333333333333,Vivo,technology,18.81,74.54,0.521,0.309,0.682,0.673,0.556,real_sponsor_names_with_proxy_commercial_metrics,0.3860041554965019,1654,9,471.1,0.0,27.67,0.624,74.4,39.2,19.34,0.1766666666666666,0.6789999999999999,3.783333333333333,0.1453333333333333,Budweiser,beverage,26.29,350.0,1.0,0.625,0.705,0.91,0.618,real_sponsor_names_with_proxy_commercial_metrics,0.6436681220526703,-92,-121.8,-8,-1.9000000000000057,0.0,0.1980000000000001,-0.0183333333333333,0.3900211522987579,0.3088024378607025,3.016,0.12,0.3588059360647342,0.14419999999999994,0.63187,0.38873938485691856,0.2,0.3466766671331041
47,1938,France,Italy,tournament,False,0.18,69.3,15.6,36.6,rain,36.72,76.62,B_win,Colombes,France,1938-06-12,0.2995,3.89,-0.001,0.097,34.27,1748,13,584.8,0.26,32.28,0.733,77.8,46.5,18.67,0.2083333333333333,0.8296666666666667,3.483333333333333,0.3613333333333333,Qatar Airways,airline,24.02,81.37,0.593,0.647,0.801,0.711,0.647,real_sponsor_names_with_proxy_commercial_metrics,0.5007849188790221,1755,14,594.5,0.34,33.03,0.744,77.8,61.6,11.04,0.3303333333333333,0.8929999999999999,1.3333333333333333,0.0393333333333333,Visa,finance,33.4,250.0,1.0,0.316,0.761,0.842,0.918,real_sponsor_names_with_proxy_commercial_metrics,0.749976237843342,-7,-9.700000000000044,-1,0.0,-0.08,-0.0633333333333332,-0.122,0.8018213325687816,0.4785983642295269,3.344,0.48,0.20068776030745208,0.19313333333333332,0.7179599999999999,0.40380732177263967,0.2,0.39925987457672324
48,1938,Hungary,Switzerland,tournament,True,0.0,60.9,31.7,70.3,clear,32.32,101.0,A_win,Lille,France,1938-06-12,0.3959,2.37,0.05,0.127,33.8,1691,5,513.5,0.03,27.22,0.652,78.9,42.6,16.61,0.1083333333333333,0.8380000000000001,2.99,0.2826666666666667,Adidas,apparel,33.47,1830.0,1.0,0.501,0.712,0.937,0.887,real_sponsor_names_with_proxy_commercial_metrics,0.931713528183716,1632,7,443.7,-0.12,26.09,0.595,72.7,48.1,17.05,0.1836666666666666,0.914,2.223333333333333,0.2486666666666666,Adidas,apparel,31.4,1830.0,1.0,0.14,0.774,0.888,0.845,real_sponsor_names_with_proxy_commercial_metrics,0.90423375782881,59,69.80000000000001,-2,6.200000000000003,0.15,-0.0759999999999999,-0.0753333333333333,0.6789758272283496,0.4109905382085648,3.908,0.12,0.22817062285411277,0.12979999999999994,0.84634,0.4912627560122742,0.2,0.5110223220333125
49,1938,Brazil,Czechoslovakia,tournament,True,0.0,66.8,20.0,27.7,rain,34.52,68.51,A_win,Bordeaux,France,1938-06-14,0.2171,4.61,0.13,0.076,29.05,1829,20,683.6,0.5,36.78,0.83,78.8,57.4,18.61,0.1376666666666667,0.7313333333333333,3.723333333333333,0.206,Adidas,apparel,33.15,1830.0,1.0,0.369,0.809,0.916,0.861,real_sponsor_names_with_proxy_commercial_metrics,0.9383411482254695,1636,5,447.8,-0.1,25.08,0.592,72.1,45.6,14.05,0.2196666666666666,0.848,2.25,0.1806666666666666,Visa,finance,31.09,250.0,1.0,0.557,0.715,0.89,0.868,real_sponsor_names_with_proxy_commercial_metrics,0.7140096825197512,193,235.8,15,6.700000000000003,0.6,-0.1166666666666667,-0.0819999999999999,0.9764150943396226,0.4208643075061017,4.097,0.48,0.14220472095080328,0.19006666666666672,0.87793,0.25089966459715973,0.2,0.4989910258659818
50,1938,Brazil,Italy,tournament,True,0.0,58.9,13.1,61.5,cloudy,34.52,107.18,B_win,Marseille,France,1938-06-16,0.3029,-0.13,0.173,0.205,39.35,1829,20,683.6,0.5,36.78,0.83,78.8,57.4,18.61,0.1376666666666667,0.7313333333333333,3.723333333333333,0.206,Adidas,apparel,33.15,1830.0,1.0,0.369,0.809,0.916,0.861,real_sponsor_names_with_proxy_commercial_metrics,0.9383411482254695,1755,14,594.5,0.34,33.03,0.744,77.8,61.6,11.04,0.3303333333333333,0.8929999999999999,1.3333333333333333,0.0393333333333333,Visa,finance,33.4,250.0,1.0,0.316,0.761,0.842,0.918,real_sponsor_names_with_proxy_commercial_metrics,0.749976237843342,74,89.10000000000002,6,1.0,0.1599999999999999,-0.1616666666666666,-0.1926666666666666,0.9764150943396226,0.4343276202400211,3.878,0.22,0.2512631739406929,0.19006666666666672,0.87793,0.4724288160993364,0.2,0.5245724440294572
51,1938,Hungary,Sweden,tournament,True,0.0,61.8,16.7,83.2,clear,41.12,102.48,A_win,Paris,France,1938-06-16,0.3759,0.67,0.254,0.096,34.64,1691,5,513.5,0.03,27.22,0.652,78.9,42.6,16.61,0.1083333333333333,0.8380000000000001,2.99,0.2826666666666667,Adidas,apparel,33.47,1830.0,1.0,0.501,0.712,0.937,0.887,real_sponsor_names_with_proxy_commercial_metrics,0.931713528183716,1654,9,471.1,0.0,27.67,0.624,74.4,39.2,19.34,0.1766666666666666,0.6789999999999999,3.783333333333333,0.1453333333333333,Budweiser,beverage,26.29,350.0,1.0,0.625,0.705,0.91,0.618,real_sponsor_names_with_proxy_commercial_metrics,0.6436681220526703,37,42.39999999999998,-4,4.5,0.03,0.1590000000000001,-0.0683333333333333,0.6789758272283496,0.4510644569260759,4.001,0.12,0.2650324182359053,0.12979999999999994,0.84634,0.43255262970099195,0.2,0.5296153783505742
52,1938,Brazil,Sweden,tournament,True,0.0,66.2,16.9,65.8,clear,41.12,174.22,A_win,Bordeaux,France,1938-06-19,0.1472,-0.16,0.1,0.087,44.36,1829,20,683.6,0.5,36.78,0.83,78.8,57.4,18.61,0.1376666666666667,0.7313333333333333,3.723333333333333,0.206,Adidas,apparel,33.15,1830.0,1.0,0.369,0.809,0.916,0.861,real_sponsor_names_with_proxy_commercial_metrics,0.9383411482254695,1654,9,471.1,0.0,27.67,0.624,74.4,39.2,19.34,0.1766666666666666,0.6789999999999999,3.783333333333333,0.1453333333333333,Budweiser,beverage,26.29,350.0,1.0,0.625,0.705,0.91,0.618,real_sponsor_names_with_proxy_commercial_metrics,0.6436681220526703,175,212.5,11,4.399999999999992,0.5,0.0523333333333333,-0.0389999999999999,0.9764150943396226,0.4873371893155814,4.297,0.12,0.27653966431540433,0.19006666666666672,0.87793,0.3521651323770784,0.2,0.5444704214455564
53,1938,Hungary,Italy,tournament,True,0.0,39.1,23.3,60.7,rain,41.12,128.66,B_win,Colombes,France,1938-06-19,0.4804,2.68,0.05,0.125,35.22,1691,5,513.5,0.03,27.22,0.652,78.9,42.6,16.61,0.1083333333333333,0.8380000000000001,2.99,0.2826666666666667,Adidas,apparel,33.47,1830.0,1.0,0.501,0.712,0.937,0.887,real_sponsor_names_with_proxy_commercial_metrics,0.931713528183716,1755,14,594.5,0.34,33.03,0.744,77.8,61.6,11.04,0.3303333333333333,0.8929999999999999,1.3333333333333333,0.0393333333333333,Visa,finance,33.4,250.0,1.0,0.316,0.761,0.842,0.918,real_sponsor_names_with_proxy_commercial_metrics,0.749976237843342,-64,-81.0,-9,1.1000000000000083,-0.31,-0.0549999999999998,-0.222,0.6789758272283496,0.4601792623921739,3.617,0.48,0.32181409171935527,0.12979999999999994,0.84634,0.3752841647042032,0.2,0.5435238585777716
54,1950,Brazil,Mexico,tournament,False,0.18,53.8,21.4,49.0,clear,41.09,165.97,A_win,Rio de Janeiro,Brazil,1950-06-24,0.2422,-0.41,0.046,0.063,43.63,1829,20,683.6,0.5,36.78,0.83,78.8,57.4,18.61,0.1376666666666667,0.7313333333333333,3.723333333333333,0.206,Adidas,apparel,33.15,1830.0,1.0,0.369,0.809,0.916,0.861,real_sponsor_names_with_proxy_commercial_metrics,0.9383411482254695,1612,10,421.9,-0.18,26.83,0.584,72.1,37.6,18.89,0.2446666666666666,0.7546666666666667,1.1233333333333333,0.211,Hyundai,automotive,28.5,590.0,1.0,0.636,0.712,0.897,0.88,real_sponsor_names_with_proxy_commercial_metrics,0.7185336170151837,217,261.70000000000005,10,6.700000000000003,0.6799999999999999,-0.0233333333333334,-0.1069999999999999,0.9764150943396226,0.4843300176576679,4.174,0.12,0.28897771544019324,0.19006666666666672,0.87793,0.16252051666309858,0.2,0.5461160236062984
55,1950,Chile,England,tournament,True,0.0,51.9,21.0,58.5,hot,36.69,84.85,B_win,Rio de Janeiro,Brazil,1950-06-25,0.4377,1.35,0.065,0.107,39.99,1622,5,430.7,-0.12,24.93,0.579,72.9,38.6,16.65,0.135,0.8083333333333332,3.453333333333333,0.1826666666666666,Hisense,technology,27.36,1070.0,1.0,0.243,0.681,0.911,0.656,real_sponsor_names_with_proxy_commercial_metrics,0.7384557551656803,1695,13,522.2,0.16,30.51,0.678,76.6,52.6,19.34,0.28,0.7986666666666666,2.61,0.1863333333333333,McDonald's,restaurant,20.29,74.13,0.517,0.758,0.819,0.654,0.569,real_sponsor_names_with_proxy_commercial_metrics,0.4256813568338741,-73,-91.50000000000006,-8,-3.6999999999999886,-0.28,0.0096666666666666,-0.145,0.5136943396293857,0.4103982134010147,3.489,0.62,0.26143845946359395,0.15766666666666673,0.79217,0.4139745236566046,0.2,0.4618723728847662
56,1950,Italy,Sweden,tournament,True,0.0,49.7,26.7,54.0,rain,43.29,125.67,B_win,São Paulo,Brazil,1950-06-25,0.1162,0.47,0.297,0.282,47.43,1755,14,594.5,0.34,33.03,0.744,77.8,61.6,11.04,0.3303333333333333,0.8929999999999999,1.3333333333333333,0.0393333333333333,Visa,finance,33.4,250.0,1.0,0.316,0.761,0.842,0.918,real_sponsor_names_with_proxy_commercial_metrics,0.749976237843342,1654,9,471.1,0.0,27.67,0.624,74.4,39.2,19.34,0.1766666666666666,0.6789999999999999,3.783333333333333,0.1453333333333333,Budweiser,beverage,26.29,350.0,1.0,0.625,0.705,0.91,0.618,real_sponsor_names_with_proxy_commercial_metrics,0.6436681220526703,101,123.39999999999998,5,3.3999999999999915,0.34,0.2139999999999999,0.1536666666666667,0.8187106162327391,0.3119743830939349,3.189,0.48,0.29840530828945133,0.24100000000000002,0.84782,0.43477285377863406,0.2,0.4472629860065942
57,1950,Spain,United States,tournament,True,0.0,54.4,25.0,45.4,rain,41.09,89.22,A_win,Curitiba,Brazil,1950-06-25,0.3129,5.91,0.18,0.216,39.09,1708,12,537.2,0.18,30.58,0.689,77.4,45.2,19.26,0.2126666666666666,0.84,4.25,0.077,Budweiser,beverage,27.85,350.0,1.0,0.321,0.724,0.933,0.612,real_sponsor_names_with_proxy_commercial_metrics,0.6704472243491213,1578,6,379.0,-0.3,23.84,0.536,71.9,31.0,12.75,0.132,0.7943333333333333,0.7200000000000001,0.0636666666666666,Vivo,technology,22.58,68.24,0.455,0.416,0.676,0.652,0.654,real_sponsor_names_with_proxy_commercial_metrics,0.4277412886284749,130,158.20000000000005,6,5.5,0.48,0.0456666666666666,0.0806666666666666,0.7299678934836586,0.4788480201542087,3.719,0.48,0.27767552503903614,0.19159999999999994,0.80913,0.35339270677228285,0.2,0.4683020844947748
58,1950,Switzerland,Yugoslavia,tournament,True,0.0,77.4,24.9,53.4,clear,38.89,98.98,B_win,Belo Horizonte,Brazil,1950-06-25,0.3476,0.72,0.209,0.152,36.34,1632,7,443.7,-0.12,26.09,0.595,72.7,48.1,17.05,0.1836666666666666,0.914,2.223333333333333,0.2486666666666666,Adidas,apparel,31.4,1830.0,1.0,0.14,0.774,0.888,0.845,real_sponsor_names_with_proxy_commercial_metrics,0.90423375782881,1669,5,487.0,0.06,26.56,0.629,74.2,37.3,11.34,0.1803333333333333,0.851,3.0733333333333337,0.222,Qatar Airways,airline,17.82,67.59,0.448,0.779,0.762,0.645,0.666,real_sponsor_names_with_proxy_commercial_metrics,0.3755049748466676,-37,-43.30000000000001,2,-1.5,-0.18,0.063,0.0033333333333333,0.5385464489432931,0.4428532390337283,3.882,0.12,0.26052413459257706,0.14459999999999995,0.85383,0.24135945193748654,0.2,0.5199800357268738
59,1950,Brazil,Switzerland,tournament,False,0.18,46.7,25.5,61.2,rain,41.09,109.11,draw,São Paulo,Brazil,1950-06-28,0.2114,0.1,0.101,0.099,44.38,1829,20,683.6,0.5,36.78,0.83,78.8,57.4,18.61,0.1376666666666667,0.7313333333333333,3.723333333333333,0.206,Adidas,apparel,33.15,1830.0,1.0,0.369,0.809,0.916,0.861,real_sponsor_names_with_proxy_commercial_metrics,0.9383411482254695,1632,7,443.7,-0.12,26.09,0.595,72.7,48.1,17.05,0.1836666666666666,0.914,2.223333333333333,0.2486666666666666,Adidas,apparel,31.4,1830.0,1.0,0.14,0.774,0.888,0.845,real_sponsor_names_with_proxy_commercial_metrics,0.90423375782881,197,239.90000000000003,13,6.099999999999994,0.62,-0.1826666666666667,-0.0459999999999999,0.9764150943396226,0.4645336907362649,3.92,0.48,0.24895451859624457,0.19006666666666672,0.87793,0.4346700920573753,0.2,0.5325684126995158
60,1950,Mexico,Yugoslavia,tournament,True,0.0,70.6,26.7,45.7,windy,43.29,100.96,B_win,Porto Alegre,Brazil,1950-06-28,0.1145,3.32,0.12,0.062,42.8,1612,10,421.9,-0.18,26.83,0.584,72.1,37.6,18.89,0.2446666666666666,0.7546666666666667,1.1233333333333333,0.211,Hyundai,automotive,28.5,590.0,1.0,0.636,0.712,0.897,0.88,real_sponsor_names_with_proxy_commercial_metrics,0.7185336170151837,1669,5,487.0,0.06,26.56,0.629,74.2,37.3,11.34,0.1803333333333333,0.851,3.0733333333333337,0.222,Qatar Airways,airline,17.82,67.59,0.448,0.779,0.762,0.645,0.666,real_sponsor_names_with_proxy_commercial_metrics,0.3755049748466676,-57,-65.10000000000002,5,-2.1000000000000085,-0.24,-0.0963333333333332,0.0643333333333333,0.5181915824104364,0.4327818394451124,3.571,0.48,0.21489957465286394,0.24493333333333328,0.83529,0.39890865624776994,0.2,0.4548514980588484
61,1950,Chile,Spain,tournament,True,0.0,36.1,10.4,45.1,clear,36.69,74.6,B_win,Rio de Janeiro,Brazil,1950-06-29,0.1123,6.34,0.176,0.176,36.82,1622,5,430.7,-0.12,24.93,0.579,72.9,38.6,16.65,0.135,0.8083333333333332,3.453333333333333,0.1826666666666666,Hisense,technology,27.36,1070.0,1.0,0.243,0.681,0.911,0.656,real_sponsor_names_with_proxy_commercial_metrics,0.7384557551656803,1708,12,537.2,0.18,30.58,0.689,77.4,45.2,19.26,0.2126666666666666,0.84,4.25,0.077,Budweiser,beverage,27.85,350.0,1.0,0.321,0.724,0.933,0.612,real_sponsor_names_with_proxy_commercial_metrics,0.6704472243491213,-86,-106.50000000000006,-7,-4.5,-0.3,-0.0316666666666667,-0.0776666666666666,0.5136943396293857,0.4068295825367097,3.325,0.12,0.1726111270437769,0.15766666666666673,0.79217,0.4317958324413045,0.2,0.44310768975879733
62,1950,England,United States,tournament,True,0.0,53.6,20.8,36.2,clear,34.49,66.35,B_win,Belo Horizonte,Brazil,1950-06-29,0.1685,2.56,0.079,0.095,29.83,1695,13,522.2,0.16,30.51,0.678,76.6,52.6,19.34,0.28,0.7986666666666666,2.61,0.1863333333333333,McDonald's,restaurant,20.29,74.13,0.517,0.758,0.819,0.654,0.569,real_sponsor_names_with_proxy_commercial_metrics,0.4256813568338741,1578,6,379.0,-0.3,23.84,0.536,71.9,31.0,12.75,0.132,0.7943333333333333,0.7200000000000001,0.0636666666666666,Vivo,technology,22.58,68.24,0.455,0.416,0.676,0.652,0.654,real_sponsor_names_with_proxy_commercial_metrics,0.4277412886284749,117,143.20000000000005,7,4.699999999999989,0.4599999999999999,0.0043333333333333,0.148,0.7074856858162286,0.4220124625335701,3.067,0.12,0.133512566475766,0.24853333333333336,0.68589,0.12281881110397486,0.2,0.34414212844468267
63,1950,Paraguay,Sweden,tournament,True,0.0,60.1,9.9,64.3,clear,41.09,60.99,draw,Curitiba,Brazil,1950-06-29,0.289,2.72,0.096,0.037,38.65,1578,4,377.4,-0.11,22.66,0.528,69.9,30.5,12.88,0.1066666666666666,0.8923333333333333,3.733333333333333,0.1686666666666666,Hyundai,automotive,26.2,590.0,1.0,0.401,0.667,0.921,0.802,real_sponsor_names_with_proxy_commercial_metrics,0.6777827610652881,1654,9,471.1,0.0,27.67,0.624,74.4,39.2,19.34,0.1766666666666666,0.6789999999999999,3.783333333333333,0.1453333333333333,Budweiser,beverage,26.29,350.0,1.0,0.625,0.705,0.91,0.618,real_sponsor_names_with_proxy_commercial_metrics,0.6436681220526703,-76,-93.70000000000005,-5,-4.5,-0.11,0.2133333333333333,-0.0699999999999999,0.4105964679456181,0.3790278911539491,3.48,0.12,0.2056891669709609,0.10706666666666664,0.81069,0.5277645757510883,0.2,0.43300610557296715
64,1950,Brazil,Yugoslavia,tournament,False,0.18,65.6,23.2,66.7,clear,36.69,78.0,A_win,Rio de Janeiro,Brazil,1950-07-01,0.4526,5.51,0.066,0.133,33.5,1829,20,683.6,0.5,36.78,0.83,78.8,57.4,18.61,0.1376666666666667,0.7313333333333333,3.723333333333333,0.206,Adidas,apparel,33.15,1830.0,1.0,0.369,0.809,0.916,0.861,real_sponsor_names_with_proxy_commercial_metrics,0.9383411482254695,1669,5,487.0,0.06,26.56,0.629,74.2,37.3,11.34,0.1803333333333333,0.851,3.0733333333333337,0.222,Qatar Airways,airline,17.82,67.59,0.448,0.779,0.762,0.645,0.666,real_sponsor_names_with_proxy_commercial_metrics,0.3755049748466676,160,196.6,15,4.599999999999994,0.44,-0.1196666666666667,-0.0426666666666666,0.9764150943396226,0.4339231392459052,4.125,0.12,0.25079390590664274,0.19006666666666672,0.87793,0.25460893456076494,0.2,0.5243653357442947
65,1950,Bolivia,Uruguay,tournament,True,0.0,67.2,23.0,61.7,rain,49.89,169.95,B_win,Belo Horizonte,Brazil,1950-07-02,0.1607,4.64,0.084,0.128,50.86,1404,1,163.9,-0.83,11.34,0.308,64.1,13.8,5.97,0.2236666666666666,0.8046666666666668,3.263333333333333,0.1586666666666666,Qatar Airways,airline,24.48,76.99,0.547,0.397,0.575,0.669,0.621,real_sponsor_names_with_proxy_commercial_metrics,0.4548124067848914,1684,10,508.3,0.07,29.28,0.661,74.8,44.8,20.58,0.1356666666666666,0.8753333333333333,1.923333333333333,0.1913333333333333,Vivo,technology,19.75,76.46,0.542,0.306,0.797,0.741,0.63,real_sponsor_names_with_proxy_commercial_metrics,0.4351767440908576,-280,-344.4,-9,-10.700000000000005,-0.8999999999999999,-0.0706666666666665,0.088,0.0638608636769832,0.3105517756235665,2.776,0.48,0.34968429951016944,0.21233333333333326,0.6003599999999999,0.3718016841504318,0.2,0.3533567347050065
66,1950,Chile,United States,tournament,True,0.0,68.3,29.3,73.4,cloudy,47.69,87.11,A_win,Recife,Brazil,1950-07-02,0.0753,3.69,0.124,0.161,40.57,1622,5,430.7,-0.12,24.93,0.579,72.9,38.6,16.65,0.135,0.8083333333333332,3.453333333333333,0.1826666666666666,Hisense,technology,27.36,1070.0,1.0,0.243,0.681,0.911,0.656,real_sponsor_names_with_proxy_commercial_metrics,0.7384557551656803,1578,6,379.0,-0.3,23.84,0.536,71.9,31.0,12.75,0.132,0.7943333333333333,0.7200000000000001,0.0636666666666666,Vivo,technology,22.58,68.24,0.455,0.416,0.676,0.652,0.654,real_sponsor_names_with_proxy_commercial_metrics,0.4277412886284749,44,51.69999999999999,-1,1.0,0.18,0.0139999999999999,0.003,0.5136943396293857,0.4606333570324756,3.952,0.22,0.2356676293299356,0.15766666666666673,0.79217,0.4822300720759296,0.2,0.47078404707484356
67,1950,England,Spain,tournament,True,0.0,53.5,30.1,59.4,cloudy,34.49,67.19,B_win,Rio de Janeiro,Brazil,1950-07-02,0.2193,1.58,0.054,0.097,31.94,1695,13,522.2,0.16,30.51,0.678,76.6,52.6,19.34,0.28,0.7986666666666666,2.61,0.1863333333333333,McDonald's,restaurant,20.29,74.13,0.517,0.758,0.819,0.654,0.569,real_sponsor_names_with_proxy_commercial_metrics,0.4256813568338741,1708,12,537.2,0.18,30.58,0.689,77.4,45.2,19.26,0.2126666666666666,0.84,4.25,0.077,Budweiser,beverage,27.85,350.0,1.0,0.321,0.724,0.933,0.612,real_sponsor_names_with_proxy_commercial_metrics,0.6704472243491213,-13,-15.0,1,-0.8000000000000114,-0.0199999999999999,-0.0413333333333333,0.0673333333333333,0.7074856858162286,0.4223049161848887,3.067,0.22,0.15389743633061265,0.24853333333333336,0.68589,0.442545493470349,0.2,0.3483009894380212
68,1950,Italy,Paraguay,tournament,True,0.0,52.0,24.2,64.3,clear,36.69,173.11,A_win,São Paulo,Brazil,1950-07-02,0.1789,3.76,0.143,0.119,39.83,1755,14,594.5,0.34,33.03,0.744,77.8,61.6,11.04,0.3303333333333333,0.8929999999999999,1.3333333333333333,0.0393333333333333,Visa,finance,33.4,250.0,1.0,0.316,0.761,0.842,0.918,real_sponsor_names_with_proxy_commercial_metrics,0.749976237843342,1578,4,377.4,-0.11,22.66,0.528,69.9,30.5,12.88,0.1066666666666666,0.8923333333333333,3.733333333333333,0.1686666666666666,Hyundai,automotive,26.2,590.0,1.0,0.401,0.667,0.921,0.802,real_sponsor_names_with_proxy_commercial_metrics,0.6777827610652881,177,217.1,10,7.899999999999991,0.45,0.0006666666666665,0.2236666666666666,0.8187106162327391,0.2988220687838023,3.414,0.12,0.25755023251626374,0.24100000000000002,0.84782,0.2702501248840362,0.2,0.43540932284511946
69,1950,Mexico,Switzerland,tournament,True,0.0,69.2,20.0,62.9,clear,38.89,92.99,B_win,Porto Alegre,Brazil,1950-07-02,0.1349,-0.06,0.142,0.22,37.98,1612,10,421.9,-0.18,26.83,0.584,72.1,37.6,18.89,0.2446666666666666,0.7546666666666667,1.1233333333333333,0.211,Hyundai,automotive,28.5,590.0,1.0,0.636,0.712,0.897,0.88,real_sponsor_names_with_proxy_commercial_metrics,0.7185336170151837,1632,7,443.7,-0.12,26.09,0.595,72.7,48.1,17.05,0.1836666666666666,0.914,2.223333333333333,0.2486666666666666,Adidas,apparel,31.4,1830.0,1.0,0.14,0.774,0.888,0.845,real_sponsor_names_with_proxy_commercial_metrics,0.90423375782881,-20,-21.80000000000001,3,-0.6000000000000085,-0.06,-0.1593333333333333,0.061,0.5181915824104364,0.4102276897303641,3.506,0.12,0.21769371866718687,0.24493333333333328,0.83529,0.25899843002925854,0.2,0.4490951649415834
70,1950,Brazil,Sweden,tournament,False,0.18,55.5,25.9,56.5,clear,49.89,155.98,A_win,Rio de Janeiro,Brazil,1950-07-09,0.1356,1.49,0.105,0.115,55.01,1829,20,683.6,0.5,36.78,0.83,78.8,57.4,18.61,0.1376666666666667,0.7313333333333333,3.723333333333333,0.206,Adidas,apparel,33.15,1830.0,1.0,0.369,0.809,0.916,0.861,real_sponsor_names_with_proxy_commercial_metrics,0.9383411482254695,1654,9,471.1,0.0,27.67,0.624,74.4,39.2,19.34,0.1766666666666666,0.6789999999999999,3.783333333333333,0.1453333333333333,Budweiser,beverage,26.29,350.0,1.0,0.625,0.705,0.91,0.618,real_sponsor_names_with_proxy_commercial_metrics,0.6436681220526703,175,212.5,11,4.399999999999992,0.5,0.0523333333333333,-0.0389999999999999,0.9764150943396226,0.5204105513982444,4.255,0.12,0.3394793490059147,0.19006666666666672,0.87793,0.2807660743595233,0.2,0.5663188997668042
71,1950,Spain,Uruguay,tournament,True,0.0,41.4,19.8,49.5,hot,41.09,140.56,draw,São Paulo,Brazil,1950-07-09,0.4139,5.81,0.053,0.152,35.49,1708,12,537.2,0.18,30.58,0.689,77.4,45.2,19.26,0.2126666666666666,0.84,4.25,0.077,Budweiser,beverage,27.85,350.0,1.0,0.321,0.724,0.933,0.612,real_sponsor_names_with_proxy_commercial_metrics,0.6704472243491213,1684,10,508.3,0.07,29.28,0.661,74.8,44.8,20.58,0.1356666666666666,0.8753333333333333,1.923333333333333,0.1913333333333333,Vivo,technology,19.75,76.46,0.542,0.306,0.797,0.741,0.63,real_sponsor_names_with_proxy_commercial_metrics,0.4351767440908576,24,28.900000000000038,2,2.6000000000000085,0.1099999999999999,-0.0353333333333333,0.077,0.7299678934836586,0.4967225087955177,3.549,0.62,0.31924631489190775,0.19159999999999994,0.80913,0.4062995076000856,0.2,0.48162109928491564
72,1950,Brazil,Spain,tournament,False,0.18,43.3,23.0,93.4,cloudy,47.69,164.06,A_win,Rio de Janeiro,Brazil,1950-07-13,0.1428,5.53,0.128,0.102,44.75,1829,20,683.6,0.5,36.78,0.83,78.8,57.4,18.61,0.1376666666666667,0.7313333333333333,3.723333333333333,0.206,Adidas,apparel,33.15,1830.0,1.0,0.369,0.809,0.916,0.861,real_sponsor_names_with_proxy_commercial_metrics,0.9383411482254695,1708,12,537.2,0.18,30.58,0.689,77.4,45.2,19.26,0.2126666666666666,0.84,4.25,0.077,Budweiser,beverage,27.85,350.0,1.0,0.321,0.724,0.933,0.612,real_sponsor_names_with_proxy_commercial_metrics,0.6704472243491213,121,146.39999999999998,8,1.3999999999999917,0.32,-0.1086666666666666,-0.0749999999999999,0.9764150943396226,0.5133340161874889,4.132,0.22,0.3073061576989715,0.19006666666666672,0.87793,0.4047769927924071,0.2,0.5579028316464039
73,1950,Sweden,Uruguay,tournament,True,0.0,46.0,28.9,50.8,clear,43.29,80.78,B_win,São Paulo,Brazil,1950-07-13,0.3583,3.72,0.079,0.156,41.56,1654,9,471.1,0.0,27.67,0.624,74.4,39.2,19.34,0.1766666666666666,0.6789999999999999,3.783333333333333,0.1453333333333333,Budweiser,beverage,26.29,350.0,1.0,0.625,0.705,0.91,0.618,real_sponsor_names_with_proxy_commercial_metrics,0.6436681220526703,1684,10,508.3,0.07,29.28,0.661,74.8,44.8,20.58,0.1356666666666666,0.8753333333333333,1.923333333333333,0.1913333333333333,Vivo,technology,19.75,76.46,0.542,0.306,0.797,0.741,0.63,real_sponsor_names_with_proxy_commercial_metrics,0.4351767440908576,-30,-37.19999999999999,-1,-0.3999999999999915,-0.07,-0.1963333333333333,0.041,0.6002235585615322,0.4560739746564893,3.341,0.12,0.287244049344491,0.2344,0.7963,0.33417112681081845,0.2,0.4530478720653561
74,1950,Brazil,Uruguay,tournament,False,0.18,64.5,19.7,47.3,rain,38.89,104.17,B_win,Rio de Janeiro,Brazil,1950-07-16,0.2232,-1.25,0.123,0.066,35.94,1829,20,683.6,0.5,36.78,0.83,78.8,57.4,18.61,0.1376666666666667,0.7313333333333333,3.723333333333333,0.206,Adidas,apparel,33.15,1830.0,1.0,0.369,0.809,0.916,0.861,real_sponsor_names_with_proxy_commercial_metrics,0.9383411482254695,1684,10,508.3,0.07,29.28,0.661,74.8,44.8,20.58,0.1356666666666666,0.8753333333333333,1.923333333333333,0.1913333333333333,Vivo,technology,19.75,76.46,0.542,0.306,0.797,0.741,0.63,real_sponsor_names_with_proxy_commercial_metrics,0.4351767440908576,145,175.3,10,4.0,0.43,-0.144,0.002,0.9764150943396226,0.4529241239300702,3.967,0.48,0.20806366146948402,0.19006666666666672,0.87793,0.3433944908299436,0.2,0.5211395625684292
75,1950,Spain,Sweden,tournament,True,0.0,59.9,27.8,64.9,clear,41.09,74.64,B_win,São Paulo,Brazil,1950-07-16,0.3205,0.26,0.208,0.158,42.18,1708,12,537.2,0.18,30.58,0.689,77.4,45.2,19.26,0.2126666666666666,0.84,4.25,0.077,Budweiser,beverage,27.85,350.0,1.0,0.321,0.724,0.933,0.612,real_sponsor_names_with_proxy_commercial_metrics,0.6704472243491213,1654,9,471.1,0.0,27.67,0.624,74.4,39.2,19.34,0.1766666666666666,0.6789999999999999,3.783333333333333,0.1453333333333333,Budweiser,beverage,26.29,350.0,1.0,0.625,0.705,0.91,0.618,real_sponsor_names_with_proxy_commercial_metrics,0.6436681220526703,54,66.10000000000002,3,3.0,0.18,0.161,0.036,0.7299678934836586,0.4737718603491778,3.534,0.12,0.26255523106885864,0.19159999999999994,0.80913,0.36648433597373875,0.2,0.4638567009553306
76,1954,Austria,Scotland,tournament,True,0.0,67.0,27.1,62.0,clear,35.95,203.79,A_win,Zürich,Switzerland,1954-06-16,0.2029,1.37,0.019,0.028,29.97,1660,5,475.8,-0.03,25.77,0.617,70.5,44.6,14.99,0.1396666666666666,0.88,2.703333333333333,0.218,McDonald's,restaurant,21.71,77.28,0.55,0.451,0.702,0.72,0.649,real_sponsor_names_with_proxy_commercial_metrics,0.4467064332741507,1529,4,318.6,-0.35,20.39,0.472,67.9,31.6,17.66,0.1853333333333333,0.9116666666666668,1.8866666666666667,0.2256666666666666,Budweiser,beverage,26.35,350.0,1.0,0.459,0.686,0.905,0.601,real_sponsor_names_with_proxy_commercial_metrics,0.6396023182948416,131,157.2,1,2.5999999999999943,0.3199999999999999,-0.0316666666666667,-0.0456666666666666,0.5506732285488857,0.427796397608451,3.478,0.12,0.2365857941406157,0.13179999999999997,0.6711900000000001,0.33574537929065873,0.2,0.37636829414428563
77,1954,Brazil,Mexico,tournament,True,0.0,52.4,17.3,35.5,clear,44.75,81.82,A_win,Geneva,Switzerland,1954-06-16,0.4294,2.44,0.294,0.202,43.27,1829,20,683.6,0.5,36.78,0.83,78.8,57.4,18.61,0.1376666666666667,0.7313333333333333,3.723333333333333,0.206,Adidas,apparel,33.15,1830.0,1.0,0.369,0.809,0.916,0.861,real_sponsor_names_with_proxy_commercial_metrics,0.9383411482254695,1612,10,421.9,-0.18,26.83,0.584,72.1,37.6,18.89,0.2446666666666666,0.7546666666666667,1.1233333333333333,0.211,Hyundai,automotive,28.5,590.0,1.0,0.636,0.712,0.897,0.88,real_sponsor_names_with_proxy_commercial_metrics,0.7185336170151837,217,261.70000000000005,10,6.700000000000003,0.6799999999999999,-0.0233333333333334,-0.1069999999999999,0.9764150943396226,0.4714852280056339,4.083,0.12,0.3308375138668626,0.19006666666666672,0.87793,0.21083458217369583,0.2,0.5508914421890627
78,1954,Czechoslovakia,Uruguay,tournament,True,0.0,60.1,28.8,76.0,windy,38.15,81.3,B_win,Bern,Switzerland,1954-06-16,0.2191,0.17,0.114,0.183,31.66,1636,5,447.8,-0.1,25.08,0.592,72.1,45.6,14.05,0.2196666666666666,0.848,2.25,0.1806666666666666,Visa,finance,31.09,250.0,1.0,0.557,0.715,0.89,0.868,real_sponsor_names_with_proxy_commercial_metrics,0.7140096825197512,1684,10,508.3,0.07,29.28,0.661,74.8,44.8,20.58,0.1356666666666666,0.8753333333333333,1.923333333333333,0.1913333333333333,Vivo,technology,19.75,76.46,0.542,0.306,0.797,0.741,0.63,real_sponsor_names_with_proxy_commercial_metrics,0.4351767440908576,-48,-60.5,-5,-2.700000000000003,-0.17,-0.0273333333333333,0.084,0.5283363782801519,0.3571134869245605,3.174,0.48,0.20388321687246044,0.19259999999999997,0.8329999999999999,0.5844588596303433,0.2,0.4331947435181094
79,1954,France,Yugoslavia,tournament,True,0.0,66.1,27.2,56.5,rain,35.95,76.77,B_win,Lausanne,Switzerland,1954-06-16,0.2744,2.28,0.153,0.122,36.18,1748,13,584.8,0.26,32.28,0.733,77.8,46.5,18.67,0.2083333333333333,0.8296666666666667,3.483333333333333,0.3613333333333333,Qatar Airways,airline,24.02,81.37,0.593,0.647,0.801,0.711,0.647,real_sponsor_names_with_proxy_commercial_metrics,0.5007849188790221,1669,5,487.0,0.06,26.56,0.629,74.2,37.3,11.34,0.1803333333333333,0.851,3.0733333333333337,0.222,Qatar Airways,airline,17.82,67.59,0.448,0.779,0.762,0.645,0.666,real_sponsor_names_with_proxy_commercial_metrics,0.3755049748466676,79,97.79999999999995,8,3.5999999999999943,0.2,-0.0213333333333333,0.0279999999999999,0.8018213325687816,0.4751892068126299,3.308,0.48,0.20052570411950615,0.19313333333333332,0.7179599999999999,0.45858110326125745,0.2,0.3982728992624029
80,1954,Belgium,England,tournament,True,0.0,54.0,23.6,40.2,cloudy,51.35,96.51,draw,Basel,Switzerland,1954-06-17,0.2554,6.51,0.059,0.138,55.4,1674,9,495.4,0.02,28.38,0.646,71.5,40.4,23.19,0.142,0.7919999999999999,3.7566666666666655,0.0076666666666666,Visa,finance,26.85,250.0,1.0,0.538,0.72,0.914,0.914,real_sponsor_names_with_proxy_commercial_metrics,0.6636131480729871,1695,13,522.2,0.16,30.51,0.678,76.6,52.6,19.34,0.28,0.7986666666666666,2.61,0.1863333333333333,McDonald's,restaurant,20.29,74.13,0.517,0.758,0.819,0.654,0.569,real_sponsor_names_with_proxy_commercial_metrics,0.4256813568338741,-21,-26.800000000000068,-4,-5.099999999999994,-0.14,-0.0066666666666667,-0.138,0.6045045124588039,0.5618750195461485,3.66,0.22,0.3429660193030748,0.16840000000000002,0.8480000000000001,0.19050738599871556,0.2,0.5098013648710534
81,1954,Germany,Turkey,tournament,True,0.0,63.9,18.4,77.0,clear,44.75,186.76,A_win,Bern,Switzerland,1954-06-17,0.1626,3.64,0.211,0.233,35.23,1798,20,646.1,0.4,35.62,0.797,81.3,65.9,22.15,0.2123333333333333,0.851,5.576666666666667,0.3273333333333333,Coca-Cola,beverage,29.19,300.0,1.0,0.286,0.859,0.907,0.902,real_sponsor_names_with_proxy_commercial_metrics,0.7215038709709707,1677,1,491.1,0.1,22.51,0.608,74.3,49.4,16.02,0.292,0.8846666666666666,2.2533333333333334,0.3329999999999999,Mengniu,consumer_goods,18.0,60.85,0.377,0.48,0.714,0.662,0.611,real_sponsor_names_with_proxy_commercial_metrics,0.3550863386108753,121,155.0,19,7.0,0.3,-0.0336666666666666,-0.0796666666666666,0.9510351228677828,0.6500249307810808,4.202,0.12,0.32224321686915136,0.18699999999999997,0.90283,0.3615428530650111,0.2,0.5507927530255659
82,1954,Hungary,South Korea,tournament,True,0.0,49.4,17.8,68.0,clear,53.55,301.54,A_win,Zürich,Switzerland,1954-06-17,0.1861,3.26,0.11,0.121,50.58,1691,5,513.5,0.03,27.22,0.652,78.9,42.6,16.61,0.1083333333333333,0.8380000000000001,2.99,0.2826666666666667,Adidas,apparel,33.47,1830.0,1.0,0.501,0.712,0.937,0.887,real_sponsor_names_with_proxy_commercial_metrics,0.931713528183716,1548,6,343.4,-0.37,22.9,0.505,70.3,20.2,12.829999999999998,0.151,0.8606666666666666,2.8866666666666667,0.2443333333333333,McDonald's,restaurant,25.44,80.72,0.587,0.49,0.67,0.723,0.661,real_sponsor_names_with_proxy_commercial_metrics,0.5004808180408472,143,170.10000000000002,-1,8.600000000000009,0.4,-0.0226666666666665,-0.0426666666666666,0.6789758272283496,0.5762455926781428,4.191,0.12,0.471133310433863,0.12979999999999994,0.84634,0.3382609005923071,0.2,0.6058862748007444
83,1954,Switzerland,Italy,tournament,False,0.18,53.3,19.8,37.8,cloudy,40.35,100.93,A_win,Lausanne,Switzerland,1954-06-17,0.2801,0.66,0.088,0.166,38.63,1632,7,443.7,-0.12,26.09,0.595,72.7,48.1,17.05,0.1836666666666666,0.914,2.223333333333333,0.2486666666666666,Adidas,apparel,31.4,1830.0,1.0,0.14,0.774,0.888,0.845,real_sponsor_names_with_proxy_commercial_metrics,0.90423375782881,1755,14,594.5,0.34,33.03,0.744,77.8,61.6,11.04,0.3303333333333333,0.8929999999999999,1.3333333333333333,0.0393333333333333,Visa,finance,33.4,250.0,1.0,0.316,0.761,0.842,0.918,real_sponsor_names_with_proxy_commercial_metrics,0.749976237843342,-123,-150.8,-7,-5.099999999999994,-0.46,0.0210000000000001,-0.1466666666666667,0.5385464489432931,0.450095287832702,3.885,0.22,0.2600645997553273,0.14459999999999995,0.85383,0.19574395204453007,0.2,0.5219159024231365
84,1954,Austria,Czechoslovakia,tournament,True,0.0,53.0,26.3,86.4,clear,44.75,88.36,A_win,Zürich,Switzerland,1954-06-19,0.4633,-0.64,0.074,0.157,46.51,1660,5,475.8,-0.03,25.77,0.617,70.5,44.6,14.99,0.1396666666666666,0.88,2.703333333333333,0.218,McDonald's,restaurant,21.71,77.28,0.55,0.451,0.702,0.72,0.649,real_sponsor_names_with_proxy_commercial_metrics,0.4467064332741507,1636,5,447.8,-0.1,25.08,0.592,72.1,45.6,14.05,0.2196666666666666,0.848,2.25,0.1806666666666666,Visa,finance,31.09,250.0,1.0,0.557,0.715,0.89,0.868,real_sponsor_names_with_proxy_commercial_metrics,0.7140096825197512,24,28.0,0,-1.5999999999999943,0.07,0.032,-0.08,0.5506732285488857,0.4271670349263624,3.291,0.12,0.3421505346009126,0.13179999999999997,0.6711900000000001,0.4203682295011775,0.2,0.3973050206853602
85,1954,Brazil,Yugoslavia,tournament,True,0.0,42.5,17.3,68.5,windy,38.15,58.28,draw,Lausanne,Switzerland,1954-06-19,0.2198,0.22,0.098,0.125,30.78,1829,20,683.6,0.5,36.78,0.83,78.8,57.4,18.61,0.1376666666666667,0.7313333333333333,3.723333333333333,0.206,Adidas,apparel,33.15,1830.0,1.0,0.369,0.809,0.916,0.861,real_sponsor_names_with_proxy_commercial_metrics,0.9383411482254695,1669,5,487.0,0.06,26.56,0.629,74.2,37.3,11.34,0.1803333333333333,0.851,3.0733333333333337,0.222,Qatar Airways,airline,17.82,67.59,0.448,0.779,0.762,0.645,0.666,real_sponsor_names_with_proxy_commercial_metrics,0.3755049748466676,160,196.6,15,4.599999999999994,0.44,-0.1196666666666667,-0.0426666666666666,0.9764150943396226,0.4336205801590752,3.765,0.48,0.1708149306383564,0.19006666666666672,0.87793,0.4974271747662884,0.2,0.508284824146325
86,1954,France,Mexico,tournament,True,0.0,64.3,25.6,57.8,rain,44.75,119.43,A_win,Geneva,Switzerland,1954-06-19,0.1907,-0.73,0.153,0.176,41.45,1748,13,584.8,0.26,32.28,0.733,77.8,46.5,18.67,0.2083333333333333,0.8296666666666667,3.483333333333333,0.3613333333333333,Qatar Airways,airline,24.02,81.37,0.593,0.647,0.801,0.711,0.647,real_sponsor_names_with_proxy_commercial_metrics,0.5007849188790221,1612,10,421.9,-0.18,26.83,0.584,72.1,37.6,18.89,0.2446666666666666,0.7546666666666667,1.1233333333333333,0.211,Hyundai,automotive,28.5,590.0,1.0,0.636,0.712,0.897,0.88,real_sponsor_names_with_proxy_commercial_metrics,0.7185336170151837,136,162.89999999999998,3,5.700000000000003,0.44,0.0749999999999999,-0.0363333333333333,0.8018213325687816,0.5296003176269293,3.646,0.48,0.2817386569651692,0.19313333333333332,0.7179599999999999,0.4225798901020481,0.2,0.42975060085953937
87,1954,Scotland,Uruguay,tournament,True,0.0,51.9,15.5,83.4,cloudy,49.15,128.55,B_win,Basel,Switzerland,1954-06-19,0.2843,2.96,0.134,0.226,52.24,1529,4,318.6,-0.35,20.39,0.472,67.9,31.6,17.66,0.1853333333333333,0.9116666666666668,1.8866666666666667,0.2256666666666666,Budweiser,beverage,26.35,350.0,1.0,0.459,0.686,0.905,0.601,real_sponsor_names_with_proxy_commercial_metrics,0.6396023182948416,1684,10,508.3,0.07,29.28,0.661,74.8,44.8,20.58,0.1356666666666666,0.8753333333333333,1.923333333333333,0.1913333333333333,Vivo,technology,19.75,76.46,0.542,0.306,0.797,0.741,0.63,real_sponsor_names_with_proxy_commercial_metrics,0.4351767440908576,-155,-189.7,-6,-6.899999999999992,-0.42,0.0363333333333334,0.0496666666666666,0.3145516160739996,0.4985812034319665,3.392,0.22,0.3765285356707169,0.14653333333333324,0.7845199999999999,0.5046307000642261,0.2,0.48545380048585607
88,1954,Belgium,Italy,tournament,True,0.0,58.2,21.8,60.5,rain,44.75,106.56,B_win,Lugano,Switzerland,1954-06-20,0.1681,3.61,0.117,0.095,43.48,1674,9,495.4,0.02,28.38,0.646,71.5,40.4,23.19,0.142,0.7919999999999999,3.7566666666666655,0.0076666666666666,Visa,finance,26.85,250.0,1.0,0.538,0.72,0.914,0.914,real_sponsor_names_with_proxy_commercial_metrics,0.6636131480729871,1755,14,594.5,0.34,33.03,0.744,77.8,61.6,11.04,0.3303333333333333,0.8929999999999999,1.3333333333333333,0.0393333333333333,Visa,finance,33.4,250.0,1.0,0.316,0.761,0.842,0.918,real_sponsor_names_with_proxy_commercial_metrics,0.749976237843342,-81,-99.10000000000002,-5,-6.299999999999997,-0.32,-0.1009999999999999,-0.1883333333333333,0.6045045124588039,0.5357050361612486,3.568,0.48,0.25132627272779856,0.16840000000000002,0.8480000000000001,0.3458072504103332,0.2,0.4841458202082263
89,1954,Germany,Hungary,tournament,True,0.0,64.2,23.7,57.6,windy,57.95,176.19,B_win,Basel,Switzerland,1954-06-20,0.2724,0.77,0.063,0.066,60.84,1798,20,646.1,0.4,35.62,0.797,81.3,65.9,22.15,0.2123333333333333,0.851,5.576666666666667,0.3273333333333333,Coca-Cola,beverage,29.19,300.0,1.0,0.286,0.859,0.907,0.902,real_sponsor_names_with_proxy_commercial_metrics,0.7215038709709707,1691,5,513.5,0.03,27.22,0.652,78.9,42.6,16.61,0.1083333333333333,0.8380000000000001,2.99,0.2826666666666667,Adidas,apparel,33.47,1830.0,1.0,0.501,0.712,0.937,0.887,real_sponsor_names_with_proxy_commercial_metrics,0.931713528183716,107,132.60000000000002,15,2.3999999999999915,0.37,0.0129999999999999,0.104,0.9510351228677828,0.7056828538569122,4.093,0.48,0.43765288302614985,0.18699999999999997,0.90283,0.3722937272532648,0.2,0.5894589047181984
90,1954,South Korea,Turkey,tournament,True,0.0,63.8,37.7,47.4,cloudy,49.15,156.89,B_win,Geneva,Switzerland,1954-06-20,0.2476,3.11,0.058,0.059,44.78,1548,6,343.4,-0.37,22.9,0.505,70.3,20.2,12.829999999999998,0.151,0.8606666666666666,2.8866666666666667,0.2443333333333333,McDonald's,restaurant,25.44,80.72,0.587,0.49,0.67,0.723,0.661,real_sponsor_names_with_proxy_commercial_metrics,0.5004808180408472,1677,1,491.1,0.1,22.51,0.608,74.3,49.4,16.02,0.292,0.8846666666666666,2.2533333333333334,0.3329999999999999,Mengniu,consumer_goods,18.0,60.85,0.377,0.48,0.714,0.662,0.611,real_sponsor_names_with_proxy_commercial_metrics,0.3550863386108753,-129,-147.70000000000005,5,-4.0,-0.47,-0.024,-0.141,0.3785695739184261,0.4384049506342993,3.104,0.22,0.3284426474817839,0.14633333333333337,0.6669599999999999,0.5883815028901735,0.2,0.4091517120037639
91,1954,Switzerland,England,tournament,False,0.18,66.7,14.7,67.3,cloudy,38.15,119.34,B_win,Bern,Switzerland,1954-06-20,0.3383,5.88,0.083,0.17,42.39,1632,7,443.7,-0.12,26.09,0.595,72.7,48.1,17.05,0.1836666666666666,0.914,2.223333333333333,0.2486666666666666,Adidas,apparel,31.4,1830.0,1.0,0.14,0.774,0.888,0.845,real_sponsor_names_with_proxy_commercial_metrics,0.90423375782881,1695,13,522.2,0.16,30.51,0.678,76.6,52.6,19.34,0.28,0.7986666666666666,2.61,0.1863333333333333,McDonald's,restaurant,20.29,74.13,0.517,0.758,0.819,0.654,0.569,real_sponsor_names_with_proxy_commercial_metrics,0.4256813568338741,-63,-78.50000000000006,-6,-3.899999999999992,-0.28,0.1153333333333334,-0.0963333333333333,0.5385464489432931,0.4466152362149485,3.804,0.22,0.2883654371080552,0.14459999999999995,0.85383,0.45587204738457143,0.2,0.526601655440711
92,1954,Germany,Turkey,tournament,True,0.0,56.7,31.8,65.6,hot,53.55,140.06,A_win,Zürich,Switzerland,1954-06-23,0.1724,6.91,0.157,0.193,43.26,1798,20,646.1,0.4,35.62,0.797,81.3,65.9,22.15,0.2123333333333333,0.851,5.576666666666667,0.3273333333333333,Coca-Cola,beverage,29.19,300.0,1.0,0.286,0.859,0.907,0.902,real_sponsor_names_with_proxy_commercial_metrics,0.7215038709709707,1677,1,491.1,0.1,22.51,0.608,74.3,49.4,16.02,0.292,0.8846666666666666,2.2533333333333334,0.3329999999999999,Mengniu,consumer_goods,18.0,60.85,0.377,0.48,0.714,0.662,0.611,real_sponsor_names_with_proxy_commercial_metrics,0.3550863386108753,121,155.0,19,7.0,0.3,-0.0336666666666666,-0.0796666666666666,0.9510351228677828,0.6733245436408148,4.159,0.62,0.3472682322733757,0.18699999999999997,0.90283,0.6735552701063299,0.2,0.5623216477071363
93,1954,Switzerland,Italy,tournament,False,0.18,52.5,23.9,58.2,clear,44.75,93.94,A_win,Basel,Switzerland,1954-06-23,0.2197,4.42,0.173,0.13,36.37,1632,7,443.7,-0.12,26.09,0.595,72.7,48.1,17.05,0.1836666666666666,0.914,2.223333333333333,0.2486666666666666,Adidas,apparel,31.4,1830.0,1.0,0.14,0.774,0.888,0.845,real_sponsor_names_with_proxy_commercial_metrics,0.90423375782881,1755,14,594.5,0.34,33.03,0.744,77.8,61.6,11.04,0.3303333333333333,0.8929999999999999,1.3333333333333333,0.0393333333333333,Visa,finance,33.4,250.0,1.0,0.316,0.761,0.842,0.918,real_sponsor_names_with_proxy_commercial_metrics,0.749976237843342,-123,-150.8,-7,-5.099999999999994,-0.46,0.0210000000000001,-0.1466666666666667,0.5385464489432931,0.4674409772811085,3.906,0.12,0.24723319527299148,0.14459999999999995,0.85383,0.23608863198458568,0.2,0.5242064145722231
94,1954,England,Uruguay,tournament,True,0.0,57.0,25.5,45.4,hot,46.95,161.66,B_win,Basel,Switzerland,1954-06-26,0.4117,2.43,0.183,0.081,45.55,1695,13,522.2,0.16,30.51,0.678,76.6,52.6,19.34,0.28,0.7986666666666666,2.61,0.1863333333333333,McDonald's,restaurant,20.29,74.13,0.517,0.758,0.819,0.654,0.569,real_sponsor_names_with_proxy_commercial_metrics,0.4256813568338741,1684,10,508.3,0.07,29.28,0.661,74.8,44.8,20.58,0.1356666666666666,0.8753333333333333,1.923333333333333,0.1913333333333333,Vivo,technology,19.75,76.46,0.542,0.306,0.797,0.741,0.63,real_sponsor_names_with_proxy_commercial_metrics,0.4351767440908576,11,13.900000000000034,3,1.7999999999999972,0.09,-0.0766666666666666,0.1443333333333333,0.7074856858162286,0.5112069497677302,3.345,0.62,0.37298051276627425,0.24853333333333336,0.68589,0.42239848711910366,0.2,0.4170101741283491
95,1954,Switzerland,Austria,tournament,False,0.18,36.1,23.7,60.1,clear,60.15,172.49,B_win,Lausanne,Switzerland,1954-06-26,0.4296,4.35,0.12,0.12,57.11,1632,7,443.7,-0.12,26.09,0.595,72.7,48.1,17.05,0.1836666666666666,0.914,2.223333333333333,0.2486666666666666,Adidas,apparel,31.4,1830.0,1.0,0.14,0.774,0.888,0.845,real_sponsor_names_with_proxy_commercial_metrics,0.90423375782881,1660,5,475.8,-0.03,25.77,0.617,70.5,44.6,14.99,0.1396666666666666,0.88,2.703333333333333,0.218,McDonald's,restaurant,21.71,77.28,0.55,0.451,0.702,0.72,0.649,real_sponsor_names_with_proxy_commercial_metrics,0.4467064332741507,-28,-32.10000000000002,2,2.200000000000003,-0.09,0.034,0.044,0.5385464489432931,0.5640165009345682,3.768,0.12,0.494046439940815,0.14459999999999995,0.85383,0.23909619638906726,0.2,0.6006102101287565
96,1954,Brazil,Hungary,tournament,True,0.0,39.2,25.7,56.9,cloudy,46.95,172.06,B_win,Bern,Switzerland,1954-06-27,0.1524,5.64,0.15,0.161,47.41,1829,20,683.6,0.5,36.78,0.83,78.8,57.4,18.61,0.1376666666666667,0.7313333333333333,3.723333333333333,0.206,Adidas,apparel,33.15,1830.0,1.0,0.369,0.809,0.916,0.861,real_sponsor_names_with_proxy_commercial_metrics,0.9383411482254695,1691,5,513.5,0.03,27.22,0.652,78.9,42.6,16.61,0.1083333333333333,0.8380000000000001,2.99,0.2826666666666667,Adidas,apparel,33.47,1830.0,1.0,0.501,0.712,0.937,0.887,real_sponsor_names_with_proxy_commercial_metrics,0.931713528183716,138,170.10000000000002,15,-0.1000000000000085,0.47,-0.1066666666666668,0.0293333333333333,0.9764150943396226,0.5127927667850204,3.886,0.22,0.3328171958553383,0.19006666666666672,0.87793,0.31729215728252336,0.2,0.562853489444986
97,1954,Germany,Yugoslavia,tournament,True,0.0,40.8,22.1,36.7,rain,38.15,136.01,A_win,Geneva,Switzerland,1954-06-27,0.2819,-1.42,0.106,0.127,32.9,1798,20,646.1,0.4,35.62,0.797,81.3,65.9,22.15,0.2123333333333333,0.851,5.576666666666667,0.3273333333333333,Coca-Cola,beverage,29.19,300.0,1.0,0.286,0.859,0.907,0.902,real_sponsor_names_with_proxy_commercial_metrics,0.7215038709709707,1669,5,487.0,0.06,26.56,0.629,74.2,37.3,11.34,0.1803333333333333,0.851,3.0733333333333337,0.222,Qatar Airways,airline,17.82,67.59,0.448,0.779,0.762,0.645,0.666,real_sponsor_names_with_proxy_commercial_metrics,0.3755049748466676,129,159.10000000000002,15,7.099999999999994,0.34,0.0,0.032,0.9510351228677828,0.60268687358645,3.874,0.48,0.2512412934183526,0.18699999999999997,0.90283,0.2403665881681296,0.2,0.5233377123209095
98,1954,Austria,Germany,tournament,True,0.0,45.0,31.7,34.5,cloudy,49.15,94.33,B_win,Basel,Switzerland,1954-06-30,0.5463,5.91,-0.02,0.108,42.34,1660,5,475.8,-0.03,25.77,0.617,70.5,44.6,14.99,0.1396666666666666,0.88,2.703333333333333,0.218,McDonald's,restaurant,21.71,77.28,0.55,0.451,0.702,0.72,0.649,real_sponsor_names_with_proxy_commercial_metrics,0.4467064332741507,1798,20,646.1,0.4,35.62,0.797,81.3,65.9,22.15,0.2123333333333333,0.851,5.576666666666667,0.3273333333333333,Coca-Cola,beverage,29.19,300.0,1.0,0.286,0.859,0.907,0.902,real_sponsor_names_with_proxy_commercial_metrics,0.7215038709709707,-138,-170.3,-15,-10.799999999999995,-0.43,0.029,-0.0726666666666666,0.5506732285488857,0.4490248664236853,3.054,0.22,0.3707739584324514,0.13179999999999997,0.6711900000000001,0.3765713979875829,0.2,0.4091498982709184
99,1954,Hungary,Uruguay,tournament,True,0.0,63.2,20.3,67.0,cloudy,46.95,89.79,A_win,Lausanne,Switzerland,1954-06-30,0.4165,1.66,0.102,0.118,49.28,1691,5,513.5,0.03,27.22,0.652,78.9,42.6,16.61,0.1083333333333333,0.8380000000000001,2.99,0.2826666666666667,Adidas,apparel,33.47,1830.0,1.0,0.501,0.712,0.937,0.887,real_sponsor_names_with_proxy_commercial_metrics,0.931713528183716,1684,10,508.3,0.07,29.28,0.661,74.8,44.8,20.58,0.1356666666666666,0.8753333333333333,1.923333333333333,0.1913333333333333,Vivo,technology,19.75,76.46,0.542,0.306,0.797,0.741,0.63,real_sponsor_names_with_proxy_commercial_metrics,0.4351767440908576,7,5.199999999999989,-5,4.1000000000000085,-0.04,-0.0373333333333332,-0.0273333333333333,0.6789758272283496,0.4728539189807702,4.046,0.22,0.3393080305446754,0.12979999999999994,0.84634,0.3089110112038821,0.2,0.5505715501876426
100,1954,Austria,Uruguay,tournament,True,0.0,46.2,29.8,16.4,cloudy,42.55,98.41,A_win,Zürich,Switzerland,1954-07-03,0.298,1.68,0.09,0.17,37.66,1660,5,475.8,-0.03,25.77,0.617,70.5,44.6,14.99,0.1396666666666666,0.88,2.703333333333333,0.218,McDonald's,restaurant,21.71,77.28,0.55,0.451,0.702,0.72,0.649,real_sponsor_names_with_proxy_commercial_metrics,0.4467064332741507,1684,10,508.3,0.07,29.28,0.661,74.8,44.8,20.58,0.1356666666666666,0.8753333333333333,1.923333333333333,0.1913333333333333,Vivo,technology,19.75,76.46,0.542,0.306,0.797,0.741,0.63,real_sponsor_names_with_proxy_commercial_metrics,0.4351767440908576,-24,-32.5,-5,-4.299999999999997,-0.1,0.0046666666666667,0.004,0.5506732285488857,0.4207763731597707,3.225,0.22,0.2734243676474455,0.13179999999999997,0.6711900000000001,0.24893955612645402,0.2,0.3817704020000211
101,1954,Germany,Hungary,tournament,True,0.0,53.1,19.1,61.3,clear,44.75,95.14,A_win,Bern,Switzerland,1954-07-04,0.238,2.05,0.037,0.11,46.62,1798,20,646.1,0.4,35.62,0.797,81.3,65.9,22.15,0.2123333333333333,0.851,5.576666666666667,0.3273333333333333,Coca-Cola,beverage,29.19,300.0,1.0,0.286,0.859,0.907,0.902,real_sponsor_names_with_proxy_commercial_metrics,0.7215038709709707,1691,5,513.5,0.03,27.22,0.652,78.9,42.6,16.61,0.1083333333333333,0.8380000000000001,2.99,0.2826666666666667,Adidas,apparel,33.47,1830.0,1.0,0.501,0.712,0.937,0.887,real_sponsor_names_with_proxy_commercial_metrics,0.931713528183716,107,132.60000000000002,15,2.3999999999999915,0.37,0.0129999999999999,0.104,0.9510351228677828,0.6181265932408249,3.992,0.12,0.2736244371283161,0.18699999999999997,0.90283,0.27549525440662237,0.2,0.5321374625661272
102,1958,Argentina,Germany,tournament,True,0.0,74.9,22.6,50.4,clear,44.01,155.38,B_win,Malmö,Sweden,1958-06-08,0.2512,3.47,0.074,0.139,44.48,1753,15,591.7,0.26,33.16,0.743,76.8,58.0,19.5,0.2623333333333333,0.8586666666666667,3.813333333333333,0.2106666666666666,Hyundai,automotive,30.74,590.0,1.0,0.338,0.813,0.936,0.851,real_sponsor_names_with_proxy_commercial_metrics,0.7681302767229082,1798,20,646.1,0.4,35.62,0.797,81.3,65.9,22.15,0.2123333333333333,0.851,5.576666666666667,0.3273333333333333,Coca-Cola,beverage,29.19,300.0,1.0,0.286,0.859,0.907,0.902,real_sponsor_names_with_proxy_commercial_metrics,0.7215038709709707,-45,-54.39999999999998,-5,-4.5,-0.14,0.0076666666666667,0.05,0.8112048561394937,0.5384855682870079,3.924,0.12,0.3196699506106466,0.2139333333333333,0.8831100000000001,0.16856989937914796,0.2,0.5258606156559896
103,1958,Austria,Brazil,tournament,True,0.0,53.4,16.6,78.9,clear,41.81,131.83,B_win,Uddevalla,Sweden,1958-06-08,0.0777,0.47,0.13,0.127,33.87,1660,5,475.8,-0.03,25.77,0.617,70.5,44.6,14.99,0.1396666666666666,0.88,2.703333333333333,0.218,McDonald's,restaurant,21.71,77.28,0.55,0.451,0.702,0.72,0.649,real_sponsor_names_with_proxy_commercial_metrics,0.4467064332741507,1829,20,683.6,0.5,36.78,0.83,78.8,57.4,18.61,0.1376666666666667,0.7313333333333333,3.723333333333333,0.206,Adidas,apparel,33.15,1830.0,1.0,0.369,0.809,0.916,0.861,real_sponsor_names_with_proxy_commercial_metrics,0.9383411482254695,-169,-207.8,-15,-8.299999999999997,-0.53,0.1486666666666667,0.0019999999999999,0.5506732285488857,0.4290853283007786,3.12,0.12,0.21341171420112617,0.13179999999999997,0.6711900000000001,0.41657353885677584,0.2,0.37209437875023943
104,1958,Czechoslovakia,Northern Ireland,tournament,True,0.0,67.6,25.7,50.1,cloudy,37.41,145.43,B_win,Halmstad,Sweden,1958-06-08,0.1467,2.2,0.029,0.105,38.76,1636,5,447.8,-0.1,25.08,0.592,72.1,45.6,14.05,0.2196666666666666,0.848,2.25,0.1806666666666666,Visa,finance,31.09,250.0,1.0,0.557,0.715,0.89,0.868,real_sponsor_names_with_proxy_commercial_metrics,0.7140096825197512,1543,2,333.4,-0.15,18.82,0.474,66.3,29.3,14.28,0.151,0.5943333333333333,4.053333333333334,0.075,Qatar Airways,airline,21.11,77.31,0.551,0.318,0.682,0.667,0.62,real_sponsor_names_with_proxy_commercial_metrics,0.4266278590941108,93,114.40000000000003,3,5.799999999999997,0.0499999999999999,0.2536666666666667,0.0686666666666666,0.5283363782801519,0.3761144082941348,3.326,0.22,0.225942443294045,0.19259999999999997,0.8329999999999999,0.28790944123314066,0.2,0.44292684678590705
105,1958,England,Russia,tournament,True,0.0,45.9,31.7,68.6,cloudy,44.01,140.53,draw,Gothenburg,Sweden,1958-06-08,0.3356,3.9,0.063,0.137,48.26,1695,13,522.2,0.16,30.51,0.678,76.6,52.6,19.34,0.28,0.7986666666666666,2.61,0.1863333333333333,McDonald's,restaurant,20.29,74.13,0.517,0.758,0.819,0.654,0.569,real_sponsor_names_with_proxy_commercial_metrics,0.4256813568338741,1676,8,497.3,0.07,27.98,0.645,72.7,49.8,18.23,0.1086666666666666,0.8123333333333332,5.670000000000001,0.13,Hyundai,automotive,26.07,590.0,1.0,0.245,0.69,0.874,0.885,real_sponsor_names_with_proxy_commercial_metrics,0.6793986692072507,19,24.900000000000038,5,3.899999999999992,0.09,-0.0136666666666666,0.1713333333333334,0.7074856858162286,0.4906341647193071,3.283,0.22,0.3409050733741856,0.24853333333333336,0.68589,0.5239170769999285,0.2,0.4048347064363729
106,1958,France,Paraguay,tournament,True,0.0,55.3,22.5,51.6,clear,57.21,173.32,A_win,Norrköping,Sweden,1958-06-08,0.1902,3.26,0.244,0.141,61.44,1748,13,584.8,0.26,32.28,0.733,77.8,46.5,18.67,0.2083333333333333,0.8296666666666667,3.483333333333333,0.3613333333333333,Qatar Airways,airline,24.02,81.37,0.593,0.647,0.801,0.711,0.647,real_sponsor_names_with_proxy_commercial_metrics,0.5007849188790221,1578,4,377.4,-0.11,22.66,0.528,69.9,30.5,12.88,0.1066666666666666,0.8923333333333333,3.733333333333333,0.1686666666666666,Hyundai,automotive,26.2,590.0,1.0,0.401,0.667,0.921,0.802,real_sponsor_names_with_proxy_commercial_metrics,0.6777827610652881,170,207.4,9,7.899999999999991,0.37,-0.0626666666666666,0.1016666666666666,0.8018213325687816,0.60437405457821,3.728,0.12,0.42848634896387844,0.19313333333333332,0.7179599999999999,0.17115392849496897,0.2,0.48003678560563984
107,1958,Hungary,Wales,tournament,True,0.0,45.6,21.8,59.8,hot,39.61,158.38,draw,Sandviken,Sweden,1958-06-08,0.2068,3.6,-0.009,0.087,31.02,1691,5,513.5,0.03,27.22,0.652,78.9,42.6,16.61,0.1083333333333333,0.8380000000000001,2.99,0.2826666666666667,Adidas,apparel,33.47,1830.0,1.0,0.501,0.712,0.937,0.887,real_sponsor_names_with_proxy_commercial_metrics,0.931713528183716,1476,1,251.0,-0.25,14.8,0.391,67.0,18.7,9.44,0.2196666666666666,0.746,2.5966666666666667,0.0486666666666666,Coca-Cola,beverage,33.92,300.0,1.0,0.324,0.631,0.878,0.858,real_sponsor_names_with_proxy_commercial_metrics,0.7423596747287995,215,262.5,4,11.900000000000006,0.28,0.092,-0.1113333333333333,0.6789758272283496,0.4637386475477407,3.789,0.62,0.24040734415876278,0.12979999999999994,0.84634,0.3987825590523085,0.2,0.5282391369092119
108,1958,Scotland,Yugoslavia,tournament,True,0.0,53.6,16.3,69.8,clear,39.61,129.1,draw,Västerås,Sweden,1958-06-08,0.1705,2.12,0.105,0.154,38.59,1529,4,318.6,-0.35,20.39,0.472,67.9,31.6,17.66,0.1853333333333333,0.9116666666666668,1.8866666666666667,0.2256666666666666,Budweiser,beverage,26.35,350.0,1.0,0.459,0.686,0.905,0.601,real_sponsor_names_with_proxy_commercial_metrics,0.6396023182948416,1669,5,487.0,0.06,26.56,0.629,74.2,37.3,11.34,0.1803333333333333,0.851,3.0733333333333337,0.222,Qatar Airways,airline,17.82,67.59,0.448,0.779,0.762,0.645,0.666,real_sponsor_names_with_proxy_commercial_metrics,0.3755049748466676,-140,-168.39999999999998,-1,-6.299999999999997,-0.41,0.0606666666666667,0.005,0.3145516160739996,0.4558875254329722,3.415,0.12,0.2436019590139517,0.14653333333333324,0.7845199999999999,0.3850560194105473,0.2,0.44691425531478457
109,1958,Sweden,Mexico,tournament,False,0.18,68.9,21.6,50.6,cloudy,41.81,121.78,A_win,Solna,Sweden,1958-06-08,0.129,4.26,0.026,0.13,46.36,1654,9,471.1,0.0,27.67,0.624,74.4,39.2,19.34,0.1766666666666666,0.6789999999999999,3.783333333333333,0.1453333333333333,Budweiser,beverage,26.29,350.0,1.0,0.625,0.705,0.91,0.618,real_sponsor_names_with_proxy_commercial_metrics,0.6436681220526703,1612,10,421.9,-0.18,26.83,0.584,72.1,37.6,18.89,0.2446666666666666,0.7546666666666667,1.1233333333333333,0.211,Hyundai,automotive,28.5,590.0,1.0,0.636,0.712,0.897,0.88,real_sponsor_names_with_proxy_commercial_metrics,0.7185336170151837,42,49.200000000000045,-1,2.300000000000012,0.18,-0.0756666666666667,-0.068,0.6002235585615322,0.4636954535693692,3.81,0.22,0.25172323379508094,0.2344,0.7963,0.2042317847712838,0.2,0.44807772305108046
110,1958,Argentina,Northern Ireland,tournament,True,0.0,35.5,13.4,73.9,clear,44.01,190.37,A_win,Halmstad,Sweden,1958-06-11,0.1402,5.02,0.06,0.113,43.81,1753,15,591.7,0.26,33.16,0.743,76.8,58.0,19.5,0.2623333333333333,0.8586666666666667,3.813333333333333,0.2106666666666666,Hyundai,automotive,30.74,590.0,1.0,0.338,0.813,0.936,0.851,real_sponsor_names_with_proxy_commercial_metrics,0.7681302767229082,1543,2,333.4,-0.15,18.82,0.474,66.3,29.3,14.28,0.151,0.5943333333333333,4.053333333333334,0.075,Qatar Airways,airline,21.11,77.31,0.551,0.318,0.682,0.667,0.62,real_sponsor_names_with_proxy_commercial_metrics,0.4266278590941108,210,258.30000000000007,13,10.5,0.41,0.2643333333333334,0.1113333333333333,0.8112048561394937,0.5506676555008646,3.807,0.12,0.3068486283315228,0.2139333333333333,0.8831100000000001,0.47820559480482405,0.2,0.5267073356200447
111,1958,Austria,Russia,tournament,True,0.0,63.6,17.5,42.1,clear,39.61,116.9,B_win,Borås,Sweden,1958-06-11,0.2522,4.89,0.104,0.082,35.04,1660,5,475.8,-0.03,25.77,0.617,70.5,44.6,14.99,0.1396666666666666,0.88,2.703333333333333,0.218,McDonald's,restaurant,21.71,77.28,0.55,0.451,0.702,0.72,0.649,real_sponsor_names_with_proxy_commercial_metrics,0.4467064332741507,1676,8,497.3,0.07,27.98,0.645,72.7,49.8,18.23,0.1086666666666666,0.8123333333333332,5.670000000000001,0.13,Hyundai,automotive,26.07,590.0,1.0,0.245,0.69,0.874,0.885,real_sponsor_names_with_proxy_commercial_metrics,0.6793986692072507,-16,-21.5,-3,-2.200000000000003,-0.1,0.0676666666666667,0.031,0.5506732285488857,0.4139976519985442,3.176,0.12,0.23100028468818706,0.13179999999999997,0.6711900000000001,0.23415078855348603,0.2,0.37138754348302605
112,1958,Brazil,England,tournament,True,0.0,61.1,24.4,62.7,rain,35.21,92.4,draw,Gothenburg,Sweden,1958-06-11,0.2791,3.7,0.041,0.064,29.93,1829,20,683.6,0.5,36.78,0.83,78.8,57.4,18.61,0.1376666666666667,0.7313333333333333,3.723333333333333,0.206,Adidas,apparel,33.15,1830.0,1.0,0.369,0.809,0.916,0.861,real_sponsor_names_with_proxy_commercial_metrics,0.9383411482254695,1695,13,522.2,0.16,30.51,0.678,76.6,52.6,19.34,0.28,0.7986666666666666,2.61,0.1863333333333333,McDonald's,restaurant,20.29,74.13,0.517,0.758,0.819,0.654,0.569,real_sponsor_names_with_proxy_commercial_metrics,0.4256813568338741,134,161.39999999999998,7,2.200000000000003,0.3399999999999999,-0.0673333333333333,-0.1423333333333333,0.9764150943396226,0.4322835858670278,3.973,0.48,0.17998377683678576,0.19006666666666672,0.87793,0.4125388567758509,0.2,0.5097442349842376
113,1958,Czechoslovakia,Germany,tournament,True,0.0,50.3,30.9,72.8,cloudy,44.01,99.47,draw,Helsingborg,Sweden,1958-06-11,0.1306,4.77,0.166,0.122,45.18,1636,5,447.8,-0.1,25.08,0.592,72.1,45.6,14.05,0.2196666666666666,0.848,2.25,0.1806666666666666,Visa,finance,31.09,250.0,1.0,0.557,0.715,0.89,0.868,real_sponsor_names_with_proxy_commercial_metrics,0.7140096825197512,1798,20,646.1,0.4,35.62,0.797,81.3,65.9,22.15,0.2123333333333333,0.851,5.576666666666667,0.3273333333333333,Coca-Cola,beverage,29.19,300.0,1.0,0.286,0.859,0.907,0.902,real_sponsor_names_with_proxy_commercial_metrics,0.7215038709709707,-162,-198.3,-15,-9.200000000000005,-0.5,-0.003,0.0073333333333333,0.5283363782801519,0.3897819980851621,3.256,0.22,0.24249861382896193,0.19259999999999997,0.8329999999999999,0.5212559765931635,0.2,0.4500650060343781
114,1958,France,Yugoslavia,tournament,True,0.0,39.2,39.0,68.6,clear,46.21,160.78,B_win,Västerås,Sweden,1958-06-11,0.189,4.63,0.228,0.184,48.87,1748,13,584.8,0.26,32.28,0.733,77.8,46.5,18.67,0.2083333333333333,0.8296666666666667,3.483333333333333,0.3613333333333333,Qatar Airways,airline,24.02,81.37,0.593,0.647,0.801,0.711,0.647,real_sponsor_names_with_proxy_commercial_metrics,0.5007849188790221,1669,5,487.0,0.06,26.56,0.629,74.2,37.3,11.34,0.1803333333333333,0.851,3.0733333333333337,0.222,Qatar Airways,airline,17.82,67.59,0.448,0.779,0.762,0.645,0.666,real_sponsor_names_with_proxy_commercial_metrics,0.3755049748466676,79,97.79999999999995,8,3.5999999999999943,0.2,-0.0213333333333333,0.0279999999999999,0.8018213325687816,0.5505598353091827,3.266,0.12,0.33985742729161605,0.19313333333333332,0.7179599999999999,0.6738014700635124,0.2,0.44724301987585974
115,1958,Mexico,Wales,tournament,True,0.0,58.9,19.5,88.7,windy,39.61,160.05,draw,Solna,Sweden,1958-06-11,0.1883,8.42,0.187,0.151,43.91,1612,10,421.9,-0.18,26.83,0.584,72.1,37.6,18.89,0.2446666666666666,0.7546666666666667,1.1233333333333333,0.211,Hyundai,automotive,28.5,590.0,1.0,0.636,0.712,0.897,0.88,real_sponsor_names_with_proxy_commercial_metrics,0.7185336170151837,1476,1,251.0,-0.25,14.8,0.391,67.0,18.7,9.44,0.2196666666666666,0.746,2.5966666666666667,0.0486666666666666,Coca-Cola,beverage,33.92,300.0,1.0,0.324,0.631,0.878,0.858,real_sponsor_names_with_proxy_commercial_metrics,0.7423596747287995,136,170.89999999999998,9,5.099999999999994,0.07,0.0086666666666667,0.0249999999999999,0.5181915824104364,0.4368118558254507,3.595,0.48,0.28382609935998826,0.24493333333333328,0.83529,0.5274856918575608,0.2,0.469765207586768
116,1958,Paraguay,Scotland,tournament,True,0.0,51.1,31.6,45.8,rain,46.21,130.19,A_win,Norrköping,Sweden,1958-06-11,0.1621,5.36,0.202,0.11,51.11,1578,4,377.4,-0.11,22.66,0.528,69.9,30.5,12.88,0.1066666666666666,0.8923333333333333,3.733333333333333,0.1686666666666666,Hyundai,automotive,26.2,590.0,1.0,0.401,0.667,0.921,0.802,real_sponsor_names_with_proxy_commercial_metrics,0.6777827610652881,1529,4,318.6,-0.35,20.39,0.472,67.9,31.6,17.66,0.1853333333333333,0.9116666666666668,1.8866666666666667,0.2256666666666666,Budweiser,beverage,26.35,350.0,1.0,0.459,0.686,0.905,0.601,real_sponsor_names_with_proxy_commercial_metrics,0.6396023182948416,49,58.79999999999996,0,2.0,0.24,-0.0193333333333334,-0.0786666666666666,0.4105964679456181,0.4261364393599888,3.671,0.48,0.2973587328439903,0.10706666666666664,0.81069,0.526797402412046,0.2,0.4645304122452641
117,1958,Sweden,Hungary,tournament,False,0.18,61.0,24.5,35.9,rain,41.81,172.32,A_win,Solna,Sweden,1958-06-12,0.2216,2.61,0.009,0.029,37.72,1654,9,471.1,0.0,27.67,0.624,74.4,39.2,19.34,0.1766666666666666,0.6789999999999999,3.783333333333333,0.1453333333333333,Budweiser,beverage,26.29,350.0,1.0,0.625,0.705,0.91,0.618,real_sponsor_names_with_proxy_commercial_metrics,0.6436681220526703,1691,5,513.5,0.03,27.22,0.652,78.9,42.6,16.61,0.1083333333333333,0.8380000000000001,2.99,0.2826666666666667,Adidas,apparel,33.47,1830.0,1.0,0.501,0.712,0.937,0.887,real_sponsor_names_with_proxy_commercial_metrics,0.931713528183716,-37,-42.39999999999998,4,-4.5,-0.03,-0.1590000000000001,0.0683333333333333,0.6002235585615322,0.4812914149237082,3.795,0.48,0.2689739386014898,0.2344,0.7963,0.2993375437094127,0.2,0.45645473319157714
118,1958,Argentina,Czechoslovakia,tournament,True,0.0,58.3,22.1,42.1,hot,50.61,83.31,B_win,Helsingborg,Sweden,1958-06-15,0.3398,0.89,0.1,0.038,50.48,1753,15,591.7,0.26,33.16,0.743,76.8,58.0,19.5,0.2623333333333333,0.8586666666666667,3.813333333333333,0.2106666666666666,Hyundai,automotive,30.74,590.0,1.0,0.338,0.813,0.936,0.851,real_sponsor_names_with_proxy_commercial_metrics,0.7681302767229082,1636,5,447.8,-0.1,25.08,0.592,72.1,45.6,14.05,0.2196666666666666,0.848,2.25,0.1806666666666666,Visa,finance,31.09,250.0,1.0,0.557,0.715,0.89,0.868,real_sponsor_names_with_proxy_commercial_metrics,0.7140096825197512,117,143.90000000000003,10,4.700000000000003,0.36,0.0106666666666667,0.0426666666666666,0.8112048561394937,0.5430627237495472,3.73,0.62,0.31627418089613296,0.2139333333333333,0.8831100000000001,0.319699921501463,0.2,0.5264630652425979
119,1958,Austria,England,tournament,True,0.0,78.8,25.6,68.6,hot,44.01,123.83,draw,Borås,Sweden,1958-06-15,0.2713,2.25,0.157,0.011,35.94,1660,5,475.8,-0.03,25.77,0.617,70.5,44.6,14.99,0.1396666666666666,0.88,2.703333333333333,0.218,McDonald's,restaurant,21.71,77.28,0.55,0.451,0.702,0.72,0.649,real_sponsor_names_with_proxy_commercial_metrics,0.4467064332741507,1695,13,522.2,0.16,30.51,0.678,76.6,52.6,19.34,0.28,0.7986666666666666,2.61,0.1863333333333333,McDonald's,restaurant,20.29,74.13,0.517,0.758,0.819,0.654,0.569,real_sponsor_names_with_proxy_commercial_metrics,0.4256813568338741,-35,-46.400000000000034,-8,-6.099999999999994,-0.19,0.0813333333333333,-0.1403333333333333,0.5506732285488857,0.4361897162402312,3.454,0.62,0.24980234969328066,0.13179999999999997,0.6711900000000001,0.5252465567687148,0.2,0.38136173447171706
120,1958,Brazil,Russia,tournament,True,0.0,54.9,23.4,66.0,clear,39.61,111.93,A_win,Gothenburg,Sweden,1958-06-15,0.2099,2.1,0.189,0.154,32.24,1829,20,683.6,0.5,36.78,0.83,78.8,57.4,18.61,0.1376666666666667,0.7313333333333333,3.723333333333333,0.206,Adidas,apparel,33.15,1830.0,1.0,0.369,0.809,0.916,0.861,real_sponsor_names_with_proxy_commercial_metrics,0.9383411482254695,1676,8,497.3,0.07,27.98,0.645,72.7,49.8,18.23,0.1086666666666666,0.8123333333333332,5.670000000000001,0.13,Hyundai,automotive,26.07,590.0,1.0,0.245,0.69,0.874,0.885,real_sponsor_names_with_proxy_commercial_metrics,0.6793986692072507,153,186.3,12,6.099999999999994,0.43,-0.0809999999999999,0.029,0.9764150943396226,0.4588624548784946,4.106,0.12,0.22615230769250155,0.19006666666666672,0.87793,0.2567865553414686,0.2,0.5264200244785915
121,1958,France,Scotland,tournament,True,0.0,44.7,23.7,59.6,cloudy,41.81,97.47,A_win,Örebro,Sweden,1958-06-15,0.2467,3.87,0.26,0.3,33.69,1748,13,584.8,0.26,32.28,0.733,77.8,46.5,18.67,0.2083333333333333,0.8296666666666667,3.483333333333333,0.3613333333333333,Qatar Airways,airline,24.02,81.37,0.593,0.647,0.801,0.711,0.647,real_sponsor_names_with_proxy_commercial_metrics,0.5007849188790221,1529,4,318.6,-0.35,20.39,0.472,67.9,31.6,17.66,0.1853333333333333,0.9116666666666668,1.8866666666666667,0.2256666666666666,Budweiser,beverage,26.35,350.0,1.0,0.459,0.686,0.905,0.601,real_sponsor_names_with_proxy_commercial_metrics,0.6396023182948416,219,266.19999999999993,9,9.899999999999991,0.61,-0.082,0.0229999999999999,0.8018213325687816,0.5087385605182747,3.408,0.22,0.2763079061616766,0.19313333333333332,0.7179599999999999,0.2769357025619068,0.2,0.4228231587084176
122,1958,Germany,Northern Ireland,tournament,True,0.0,60.3,20.6,40.0,cloudy,44.01,245.16,draw,Malmö,Sweden,1958-06-15,0.3757,1.33,0.205,0.264,49.02,1798,20,646.1,0.4,35.62,0.797,81.3,65.9,22.15,0.2123333333333333,0.851,5.576666666666667,0.3273333333333333,Coca-Cola,beverage,29.19,300.0,1.0,0.286,0.859,0.907,0.902,real_sponsor_names_with_proxy_commercial_metrics,0.7215038709709707,1543,2,333.4,-0.15,18.82,0.474,66.3,29.3,14.28,0.151,0.5943333333333333,4.053333333333334,0.075,Qatar Airways,airline,21.11,77.31,0.551,0.318,0.682,0.667,0.62,real_sponsor_names_with_proxy_commercial_metrics,0.4266278590941108,255,312.70000000000005,18,15.0,0.55,0.2566666666666667,0.0613333333333333,0.9510351228677828,0.6670309004577314,4.095,0.22,0.46208651570162274,0.18699999999999997,0.90283,0.18444087632912293,0.2,0.5835230843015223
123,1958,Hungary,Mexico,tournament,True,0.0,60.9,14.6,70.3,clear,44.01,123.46,A_win,Sandviken,Sweden,1958-06-15,0.2539,5.3,0.191,0.121,36.74,1691,5,513.5,0.03,27.22,0.652,78.9,42.6,16.61,0.1083333333333333,0.8380000000000001,2.99,0.2826666666666667,Adidas,apparel,33.47,1830.0,1.0,0.501,0.712,0.937,0.887,real_sponsor_names_with_proxy_commercial_metrics,0.931713528183716,1612,10,421.9,-0.18,26.83,0.584,72.1,37.6,18.89,0.2446666666666666,0.7546666666666667,1.1233333333333333,0.211,Hyundai,automotive,28.5,590.0,1.0,0.636,0.712,0.897,0.88,real_sponsor_names_with_proxy_commercial_metrics,0.7185336170151837,79,91.60000000000002,-5,6.800000000000011,0.21,0.0833333333333333,-0.1363333333333333,0.6789758272283496,0.4713602530898021,4.047,0.12,0.273347810367915,0.12979999999999994,0.84634,0.4314361664168986,0.2,0.5369612797028195
124,1958,Paraguay,Yugoslavia,tournament,True,0.0,75.7,13.7,38.4,clear,48.41,123.41,draw,Eskilstuna,Sweden,1958-06-15,0.2775,-0.12,0.33,0.237,46.17,1578,4,377.4,-0.11,22.66,0.528,69.9,30.5,12.88,0.1066666666666666,0.8923333333333333,3.733333333333333,0.1686666666666666,Hyundai,automotive,26.2,590.0,1.0,0.401,0.667,0.921,0.802,real_sponsor_names_with_proxy_commercial_metrics,0.6777827610652881,1669,5,487.0,0.06,26.56,0.629,74.2,37.3,11.34,0.1803333333333333,0.851,3.0733333333333337,0.222,Qatar Airways,airline,17.82,67.59,0.448,0.779,0.762,0.645,0.666,real_sponsor_names_with_proxy_commercial_metrics,0.3755049748466676,-91,-109.60000000000002,-1,-4.299999999999997,-0.1699999999999999,0.0413333333333333,-0.0736666666666666,0.4105964679456181,0.4336655814120709,3.788,0.12,0.35460533239757686,0.10706666666666664,0.81069,0.3170070648683365,0.2,0.4780878919305644
125,1958,Sweden,Wales,tournament,False,0.18,68.9,26.9,76.5,clear,35.21,101.35,draw,Solna,Sweden,1958-06-15,0.184,-0.63,0.127,0.063,32.95,1654,9,471.1,0.0,27.67,0.624,74.4,39.2,19.34,0.1766666666666666,0.6789999999999999,3.783333333333333,0.1453333333333333,Budweiser,beverage,26.29,350.0,1.0,0.625,0.705,0.91,0.618,real_sponsor_names_with_proxy_commercial_metrics,0.6436681220526703,1476,1,251.0,-0.25,14.8,0.391,67.0,18.7,9.44,0.2196666666666666,0.746,2.5966666666666667,0.0486666666666666,Coca-Cola,beverage,33.92,300.0,1.0,0.324,0.631,0.878,0.858,real_sponsor_names_with_proxy_commercial_metrics,0.7423596747287995,178,220.1,8,7.400000000000006,0.25,-0.067,-0.043,0.6002235585615322,0.426913580550907,3.601,0.12,0.16746426630387784,0.2344,0.7963,0.3931973881395846,0.2,0.42092700510767045
126,1958,Czechoslovakia,Northern Ireland,tournament,True,0.0,62.6,21.3,96.0,cloudy,41.81,68.19,B_win,Malmö,Sweden,1958-06-17,0.1189,2.52,0.097,0.05,37.5,1636,5,447.8,-0.1,25.08,0.592,72.1,45.6,14.05,0.2196666666666666,0.848,2.25,0.1806666666666666,Visa,finance,31.09,250.0,1.0,0.557,0.715,0.89,0.868,real_sponsor_names_with_proxy_commercial_metrics,0.7140096825197512,1543,2,333.4,-0.15,18.82,0.474,66.3,29.3,14.28,0.151,0.5943333333333333,4.053333333333334,0.075,Qatar Airways,airline,21.11,77.31,0.551,0.318,0.682,0.667,0.62,real_sponsor_names_with_proxy_commercial_metrics,0.4266278590941108,93,114.40000000000003,3,5.799999999999997,0.0499999999999999,0.2536666666666667,0.0686666666666666,0.5283363782801519,0.3690019203554753,3.207,0.22,0.16802973783933128,0.19259999999999997,0.8329999999999999,0.4082080924855491,0.2,0.42935280907213963
127,1958,England,Russia,tournament,True,0.0,77.0,19.4,63.9,rain,37.41,86.42,B_win,Gothenburg,Sweden,1958-06-17,0.0673,1.03,0.134,0.067,36.42,1695,13,522.2,0.16,30.51,0.678,76.6,52.6,19.34,0.28,0.7986666666666666,2.61,0.1863333333333333,McDonald's,restaurant,20.29,74.13,0.517,0.758,0.819,0.654,0.569,real_sponsor_names_with_proxy_commercial_metrics,0.4256813568338741,1676,8,497.3,0.07,27.98,0.645,72.7,49.8,18.23,0.1086666666666666,0.8123333333333332,5.670000000000001,0.13,Hyundai,automotive,26.07,590.0,1.0,0.245,0.69,0.874,0.885,real_sponsor_names_with_proxy_commercial_metrics,0.6793986692072507,19,24.900000000000038,5,3.899999999999992,0.09,-0.0136666666666666,0.1713333333333334,0.7074856858162286,0.4421262929194017,3.347,0.48,0.14530296009643204,0.24853333333333336,0.68589,0.42292635409976453,0.2,0.35213207967684873
128,1958,Hungary,Wales,tournament,True,0.0,42.5,23.1,67.3,rain,41.81,157.35,B_win,Solna,Sweden,1958-06-17,0.1835,0.16,0.046,0.083,32.65,1691,5,513.5,0.03,27.22,0.652,78.9,42.6,16.61,0.1083333333333333,0.8380000000000001,2.99,0.2826666666666667,Adidas,apparel,33.47,1830.0,1.0,0.501,0.712,0.937,0.887,real_sponsor_names_with_proxy_commercial_metrics,0.931713528183716,1476,1,251.0,-0.25,14.8,0.391,67.0,18.7,9.44,0.2196666666666666,0.746,2.5966666666666667,0.0486666666666666,Coca-Cola,beverage,33.92,300.0,1.0,0.324,0.631,0.878,0.858,real_sponsor_names_with_proxy_commercial_metrics,0.7423596747287995,215,262.5,4,11.900000000000006,0.28,0.092,-0.1113333333333333,0.6789758272283496,0.4732697044749208,3.689,0.48,0.2479285447679935,0.12979999999999994,0.84634,0.3986003710839934,0.2,0.5324120729706684
129,1958,Brazil,Wales,tournament,True,0.0,49.7,27.8,50.1,clear,37.41,89.64,A_win,Gothenburg,Sweden,1958-06-19,0.2429,1.46,0.125,0.126,34.3,1829,20,683.6,0.5,36.78,0.83,78.8,57.4,18.61,0.1376666666666667,0.7313333333333333,3.723333333333333,0.206,Adidas,apparel,33.15,1830.0,1.0,0.369,0.809,0.916,0.861,real_sponsor_names_with_proxy_commercial_metrics,0.9383411482254695,1476,1,251.0,-0.25,14.8,0.391,67.0,18.7,9.44,0.2196666666666666,0.746,2.5966666666666667,0.0486666666666666,Coca-Cola,beverage,33.92,300.0,1.0,0.324,0.631,0.878,0.858,real_sponsor_names_with_proxy_commercial_metrics,0.7423596747287995,353,432.6,19,11.799999999999995,0.75,-0.0146666666666667,-0.0819999999999999,0.9764150943396226,0.4412123275361349,4.004,0.12,0.20540938079080168,0.19006666666666672,0.87793,0.30253371868978807,0.2,0.5173294034423909
130,1958,France,Northern Ireland,tournament,True,0.0,46.0,24.1,29.0,clear,44.01,99.72,A_win,Norrköping,Sweden,1958-06-19,0.237,1.2,-0.018,0.081,41.92,1748,13,584.8,0.26,32.28,0.733,77.8,46.5,18.67,0.2083333333333333,0.8296666666666667,3.483333333333333,0.3613333333333333,Qatar Airways,airline,24.02,81.37,0.593,0.647,0.801,0.711,0.647,real_sponsor_names_with_proxy_commercial_metrics,0.5007849188790221,1543,2,333.4,-0.15,18.82,0.474,66.3,29.3,14.28,0.151,0.5943333333333333,4.053333333333334,0.075,Qatar Airways,airline,21.11,77.31,0.551,0.318,0.682,0.667,0.62,real_sponsor_names_with_proxy_commercial_metrics,0.4266278590941108,205,251.4,11,11.5,0.41,0.2353333333333334,0.0573333333333333,0.8018213325687816,0.5194115793220323,3.442,0.12,0.2541815262784984,0.19313333333333332,0.7179599999999999,0.11511810461714125,0.2,0.4213863279968341
131,1958,Germany,Yugoslavia,tournament,True,0.0,52.9,19.1,48.4,cloudy,37.41,154.25,A_win,Malmö,Sweden,1958-06-19,0.1073,2.82,0.077,0.129,40.0,1798,20,646.1,0.4,35.62,0.797,81.3,65.9,22.15,0.2123333333333333,0.851,5.576666666666667,0.3273333333333333,Coca-Cola,beverage,29.19,300.0,1.0,0.286,0.859,0.907,0.902,real_sponsor_names_with_proxy_commercial_metrics,0.7215038709709707,1669,5,487.0,0.06,26.56,0.629,74.2,37.3,11.34,0.1803333333333333,0.851,3.0733333333333337,0.222,Qatar Airways,airline,17.82,67.59,0.448,0.779,0.762,0.645,0.666,real_sponsor_names_with_proxy_commercial_metrics,0.3755049748466676,129,159.10000000000002,15,7.099999999999994,0.34,0.0,0.032,0.9510351228677828,0.6057107734571993,4.001,0.22,0.23042868180730053,0.18699999999999997,0.90283,0.25975451366588165,0.2,0.5200218819625089
132,1958,Sweden,Russia,tournament,False,0.18,40.1,30.4,40.5,cloudy,39.61,164.74,A_win,Solna,Sweden,1958-06-19,0.1452,1.5,0.11,0.103,40.89,1654,9,471.1,0.0,27.67,0.624,74.4,39.2,19.34,0.1766666666666666,0.6789999999999999,3.783333333333333,0.1453333333333333,Budweiser,beverage,26.29,350.0,1.0,0.625,0.705,0.91,0.618,real_sponsor_names_with_proxy_commercial_metrics,0.6436681220526703,1676,8,497.3,0.07,27.98,0.645,72.7,49.8,18.23,0.1086666666666666,0.8123333333333332,5.670000000000001,0.13,Hyundai,automotive,26.07,590.0,1.0,0.245,0.69,0.874,0.885,real_sponsor_names_with_proxy_commercial_metrics,0.6793986692072507,-22,-26.19999999999999,1,1.7000000000000028,-0.07,-0.1333333333333333,0.068,0.6002235585615322,0.4687627080705119,3.575,0.22,0.25626977296130593,0.2344,0.7963,0.36868229501177474,0.2,0.45040586214464545
133,1958,Brazil,France,tournament,True,0.0,66.3,32.5,34.8,hot,50.61,167.15,A_win,Solna,Sweden,1958-06-24,0.291,1.67,0.196,0.173,54.96,1829,20,683.6,0.5,36.78,0.83,78.8,57.4,18.61,0.1376666666666667,0.7313333333333333,3.723333333333333,0.206,Adidas,apparel,33.15,1830.0,1.0,0.369,0.809,0.916,0.861,real_sponsor_names_with_proxy_commercial_metrics,0.9383411482254695,1748,13,584.8,0.26,32.28,0.733,77.8,46.5,18.67,0.2083333333333333,0.8296666666666667,3.483333333333333,0.3613333333333333,Qatar Airways,airline,24.02,81.37,0.593,0.647,0.801,0.711,0.647,real_sponsor_names_with_proxy_commercial_metrics,0.5007849188790221,81,98.80000000000008,7,1.0,0.24,-0.0983333333333333,-0.0706666666666666,0.9764150943396226,0.5275361049073792,4.372,0.62,0.40855942947411095,0.19006666666666672,0.87793,0.5586769428387925,0.2,0.5821300708430012
134,1958,Sweden,Germany,tournament,False,0.18,55.1,26.0,85.6,hot,44.01,110.72,A_win,Gothenburg,Sweden,1958-06-24,0.2267,2.79,0.209,0.121,40.29,1654,9,471.1,0.0,27.67,0.624,74.4,39.2,19.34,0.1766666666666666,0.6789999999999999,3.783333333333333,0.1453333333333333,Budweiser,beverage,26.29,350.0,1.0,0.625,0.705,0.91,0.618,real_sponsor_names_with_proxy_commercial_metrics,0.6436681220526703,1798,20,646.1,0.4,35.62,0.797,81.3,65.9,22.15,0.2123333333333333,0.851,5.576666666666667,0.3273333333333333,Coca-Cola,beverage,29.19,300.0,1.0,0.286,0.859,0.907,0.902,real_sponsor_names_with_proxy_commercial_metrics,0.7215038709709707,-144,-175.0,-11,-6.899999999999992,-0.4,-0.172,-0.0356666666666666,0.6002235585615322,0.4697344746361611,3.687,0.62,0.26514265346432875,0.2344,0.7963,0.6091079711696281,0.2,0.45245253288363174
135,1958,France,Germany,tournament,True,0.0,38.9,28.8,62.4,hot,55.01,147.0,A_win,Gothenburg,Sweden,1958-06-28,0.2896,4.93,0.043,0.042,45.7,1748,13,584.8,0.26,32.28,0.733,77.8,46.5,18.67,0.2083333333333333,0.8296666666666667,3.483333333333333,0.3613333333333333,Qatar Airways,airline,24.02,81.37,0.593,0.647,0.801,0.711,0.647,real_sponsor_names_with_proxy_commercial_metrics,0.5007849188790221,1798,20,646.1,0.4,35.62,0.797,81.3,65.9,22.15,0.2123333333333333,0.851,5.576666666666667,0.3273333333333333,Coca-Cola,beverage,29.19,300.0,1.0,0.286,0.859,0.907,0.902,real_sponsor_names_with_proxy_commercial_metrics,0.7215038709709707,-50,-61.30000000000007,-7,-3.5,-0.14,-0.0213333333333333,-0.004,0.8018213325687816,0.5853208460277382,3.53,0.62,0.36204177827879763,0.19313333333333332,0.7179599999999999,0.5816934275315778,0.2,0.4614129730744916
136,1958,Sweden,Brazil,tournament,False,0.18,44.8,30.5,64.1,hot,50.61,115.47,B_win,Solna,Sweden,1958-06-29,0.5211,5.89,0.286,0.167,46.78,1654,9,471.1,0.0,27.67,0.624,74.4,39.2,19.34,0.1766666666666666,0.6789999999999999,3.783333333333333,0.1453333333333333,Budweiser,beverage,26.29,350.0,1.0,0.625,0.705,0.91,0.618,real_sponsor_names_with_proxy_commercial_metrics,0.6436681220526703,1829,20,683.6,0.5,36.78,0.83,78.8,57.4,18.61,0.1376666666666667,0.7313333333333333,3.723333333333333,0.206,Adidas,apparel,33.15,1830.0,1.0,0.369,0.809,0.916,0.861,real_sponsor_names_with_proxy_commercial_metrics,0.9383411482254695,-175,-212.5,-11,-4.399999999999992,-0.5,-0.0523333333333333,0.0389999999999999,0.6002235585615322,0.5010572128300086,3.445,0.62,0.41244329310252825,0.2344,0.7963,0.6332587597231143,0.2,0.490683027505549
137,1962,Argentina,Bulgaria,tournament,True,0.0,62.1,29.8,53.1,windy,38.87,84.07,A_win,Rancagua,Chile,1962-05-30,0.2335,3.11,0.132,0.166,43.79,1753,15,591.7,0.26,33.16,0.743,76.8,58.0,19.5,0.2623333333333333,0.8586666666666667,3.813333333333333,0.2106666666666666,Hyundai,automotive,30.74,590.0,1.0,0.338,0.813,0.936,0.851,real_sponsor_names_with_proxy_commercial_metrics,0.7681302767229082,1502,4,286.8,-0.46,19.9,0.447,65.2,28.9,10.5,0.3979999999999999,0.719,2.9800000000000004,-0.0613333333333333,Hisense,technology,33.88,1070.0,1.0,0.2,0.675,0.918,0.633,real_sponsor_names_with_proxy_commercial_metrics,0.8252717468149495,251,304.90000000000003,11,11.599999999999994,0.72,0.1396666666666667,-0.1356666666666666,0.8112048561394937,0.4905524983542284,3.874,0.48,0.23954493889712086,0.2139333333333333,0.8831100000000001,0.5115198030400343,0.2,0.496414353732106
138,1962,Brazil,Mexico,tournament,True,0.0,68.9,26.7,55.2,cloudy,41.07,87.61,A_win,Viña del Mar,Chile,1962-05-30,0.1948,3.27,0.139,0.121,35.2,1829,20,683.6,0.5,36.78,0.83,78.8,57.4,18.61,0.1376666666666667,0.7313333333333333,3.723333333333333,0.206,Adidas,apparel,33.15,1830.0,1.0,0.369,0.809,0.916,0.861,real_sponsor_names_with_proxy_commercial_metrics,0.9383411482254695,1612,10,421.9,-0.18,26.83,0.584,72.1,37.6,18.89,0.2446666666666666,0.7546666666666667,1.1233333333333333,0.211,Hyundai,automotive,28.5,590.0,1.0,0.636,0.712,0.897,0.88,real_sponsor_names_with_proxy_commercial_metrics,0.7185336170151837,217,261.70000000000005,10,6.700000000000003,0.6799999999999999,-0.0233333333333334,-0.1069999999999999,0.9764150943396226,0.4569583638915862,4.212,0.22,0.21103332825163487,0.19006666666666672,0.87793,0.33595803896381937,0.2,0.5228630831140838
139,1962,Chile,Switzerland,tournament,False,0.18,84.0,26.6,73.4,clear,45.47,109.29,A_win,Santiago,Chile,1962-05-30,0.2316,2.42,-0.01,-0.011,38.33,1622,5,430.7,-0.12,24.93,0.579,72.9,38.6,16.65,0.135,0.8083333333333332,3.453333333333333,0.1826666666666666,Hisense,technology,27.36,1070.0,1.0,0.243,0.681,0.911,0.656,real_sponsor_names_with_proxy_commercial_metrics,0.7384557551656803,1632,7,443.7,-0.12,26.09,0.595,72.7,48.1,17.05,0.1836666666666666,0.914,2.223333333333333,0.2486666666666666,Adidas,apparel,31.4,1830.0,1.0,0.14,0.774,0.888,0.845,real_sponsor_names_with_proxy_commercial_metrics,0.90423375782881,-10,-13.0,-2,0.2000000000000028,0.0,-0.1056666666666668,-0.0486666666666666,0.5136943396293857,0.4583759592472129,4.111,0.12,0.23636428064803627,0.15766666666666673,0.79217,0.3719988582030972,0.2,0.4702913059585901
140,1962,Colombia,Uruguay,tournament,True,0.0,95.0,26.1,57.5,clear,43.27,92.55,B_win,Arica,Chile,1962-05-30,0.2388,3.81,0.07,0.106,48.46,1650,3,462.8,-0.05,24.41,0.599,74.7,50.9,8.73,0.2533333333333333,0.816,4.703333333333333,0.1769999999999999,Vivo,technology,18.25,73.14,0.507,0.422,0.764,0.653,0.613,real_sponsor_names_with_proxy_commercial_metrics,0.3902368726248783,1684,10,508.3,0.07,29.28,0.661,74.8,44.8,20.58,0.1356666666666666,0.8753333333333333,1.923333333333333,0.1913333333333333,Vivo,technology,19.75,76.46,0.542,0.306,0.797,0.741,0.63,real_sponsor_names_with_proxy_commercial_metrics,0.4351767440908576,-34,-45.5,-7,-0.0999999999999943,-0.12,-0.0593333333333333,0.1176666666666667,0.5635569682915822,0.3334334379128013,3.391,0.12,0.2676359185434721,0.2256,0.6673399999999999,0.2902893741525726,0.2,0.33643699575424957
141,1962,Czechoslovakia,Spain,tournament,True,0.0,63.4,16.4,66.5,clear,38.87,71.69,A_win,Viña del Mar,Chile,1962-05-31,0.2719,3.62,0.204,0.117,43.61,1636,5,447.8,-0.1,25.08,0.592,72.1,45.6,14.05,0.2196666666666666,0.848,2.25,0.1806666666666666,Visa,finance,31.09,250.0,1.0,0.557,0.715,0.89,0.868,real_sponsor_names_with_proxy_commercial_metrics,0.7140096825197512,1708,12,537.2,0.18,30.58,0.689,77.4,45.2,19.26,0.2126666666666666,0.84,4.25,0.077,Budweiser,beverage,27.85,350.0,1.0,0.321,0.724,0.933,0.612,real_sponsor_names_with_proxy_commercial_metrics,0.6704472243491213,-72,-89.40000000000003,-7,-5.300000000000011,-0.28,0.008,0.007,0.5283363782801519,0.3570042941546457,3.404,0.12,0.22870173698493718,0.19259999999999997,0.8329999999999999,0.368195604081924,0.2,0.4381278735650286
142,1962,England,Hungary,tournament,True,0.0,45.1,27.2,54.9,clear,43.27,131.48,B_win,Rancagua,Chile,1962-05-31,0.2323,5.58,0.133,0.212,36.08,1695,13,522.2,0.16,30.51,0.678,76.6,52.6,19.34,0.28,0.7986666666666666,2.61,0.1863333333333333,McDonald's,restaurant,20.29,74.13,0.517,0.758,0.819,0.654,0.569,real_sponsor_names_with_proxy_commercial_metrics,0.4256813568338741,1691,5,513.5,0.03,27.22,0.652,78.9,42.6,16.61,0.1083333333333333,0.8380000000000001,2.99,0.2826666666666667,Adidas,apparel,33.47,1830.0,1.0,0.501,0.712,0.937,0.887,real_sponsor_names_with_proxy_commercial_metrics,0.931713528183716,4,8.700000000000045,8,-2.300000000000012,0.13,-0.0393333333333334,0.1716666666666667,0.7074856858162286,0.4841568025132874,3.169,0.12,0.28979836611217924,0.24853333333333336,0.68589,0.3076675230143438,0.2,0.39279970356628613
143,1962,Germany,Italy,tournament,True,0.0,30.3,14.9,52.5,clear,36.67,111.9,draw,Santiago,Chile,1962-05-31,0.4363,-1.17,0.128,0.129,38.76,1798,20,646.1,0.4,35.62,0.797,81.3,65.9,22.15,0.2123333333333333,0.851,5.576666666666667,0.3273333333333333,Coca-Cola,beverage,29.19,300.0,1.0,0.286,0.859,0.907,0.902,real_sponsor_names_with_proxy_commercial_metrics,0.7215038709709707,1755,14,594.5,0.34,33.03,0.744,77.8,61.6,11.04,0.3303333333333333,0.8929999999999999,1.3333333333333333,0.0393333333333333,Visa,finance,33.4,250.0,1.0,0.316,0.761,0.842,0.918,real_sponsor_names_with_proxy_commercial_metrics,0.749976237843342,43,51.60000000000002,6,3.5,0.06,-0.0419999999999999,-0.118,0.9510351228677828,0.5876397129310472,3.613,0.12,0.2832564630467653,0.18699999999999997,0.90283,0.3467191179618925,0.2,0.5255275412630793
144,1962,Russia,Yugoslavia,tournament,True,0.0,61.5,18.2,35.5,windy,41.07,188.95,A_win,Arica,Chile,1962-05-31,0.2123,2.31,0.138,0.168,38.39,1676,8,497.3,0.07,27.98,0.645,72.7,49.8,18.23,0.1086666666666666,0.8123333333333332,5.670000000000001,0.13,Hyundai,automotive,26.07,590.0,1.0,0.245,0.69,0.874,0.885,real_sponsor_names_with_proxy_commercial_metrics,0.6793986692072507,1669,5,487.0,0.06,26.56,0.629,74.2,37.3,11.34,0.1803333333333333,0.851,3.0733333333333337,0.222,Qatar Airways,airline,17.82,67.59,0.448,0.779,0.762,0.645,0.666,real_sponsor_names_with_proxy_commercial_metrics,0.3755049748466676,7,10.300000000000011,3,-1.5,0.01,-0.0386666666666667,-0.0716666666666667,0.6134810916271758,0.5265931051669349,4.008,0.48,0.3101190699286799,0.14026666666666668,0.82105,0.33142417754941844,0.2,0.495056564042218
145,1962,Argentina,England,tournament,True,0.0,47.4,30.8,26.4,clear,45.47,107.76,B_win,Rancagua,Chile,1962-06-02,0.5098,3.51,0.004,0.156,43.52,1753,15,591.7,0.26,33.16,0.743,76.8,58.0,19.5,0.2623333333333333,0.8586666666666667,3.813333333333333,0.2106666666666666,Hyundai,automotive,30.74,590.0,1.0,0.338,0.813,0.936,0.851,real_sponsor_names_with_proxy_commercial_metrics,0.7681302767229082,1695,13,522.2,0.16,30.51,0.678,76.6,52.6,19.34,0.28,0.7986666666666666,2.61,0.1863333333333333,McDonald's,restaurant,20.29,74.13,0.517,0.758,0.819,0.654,0.569,real_sponsor_names_with_proxy_commercial_metrics,0.4256813568338741,58,69.5,2,0.2000000000000028,0.1,0.06,-0.0176666666666666,0.8112048561394937,0.5284693700670942,3.624,0.12,0.3655940186711679,0.2139333333333333,0.8831100000000001,0.27816099336330546,0.2,0.532240893766518
146,1962,Brazil,Czechoslovakia,tournament,True,0.0,52.6,28.0,53.8,windy,36.67,113.85,draw,Viña del Mar,Chile,1962-06-02,0.2391,2.74,0.112,0.085,35.19,1829,20,683.6,0.5,36.78,0.83,78.8,57.4,18.61,0.1376666666666667,0.7313333333333333,3.723333333333333,0.206,Adidas,apparel,33.15,1830.0,1.0,0.369,0.809,0.916,0.861,real_sponsor_names_with_proxy_commercial_metrics,0.9383411482254695,1636,5,447.8,-0.1,25.08,0.592,72.1,45.6,14.05,0.2196666666666666,0.848,2.25,0.1806666666666666,Visa,finance,31.09,250.0,1.0,0.557,0.715,0.89,0.868,real_sponsor_names_with_proxy_commercial_metrics,0.7140096825197512,193,235.8,15,6.700000000000003,0.6,-0.1166666666666667,-0.0819999999999999,0.9764150943396226,0.4463147372858989,3.94,0.48,0.21059253719038146,0.19006666666666672,0.87793,0.467723685149504,0.2,0.5197947094522407
147,1962,Chile,Italy,tournament,False,0.18,50.0,31.9,58.9,rain,41.07,128.1,A_win,Santiago,Chile,1962-06-02,0.1477,0.83,0.232,0.176,46.35,1622,5,430.7,-0.12,24.93,0.579,72.9,38.6,16.65,0.135,0.8083333333333332,3.453333333333333,0.1826666666666666,Hisense,technology,27.36,1070.0,1.0,0.243,0.681,0.911,0.656,real_sponsor_names_with_proxy_commercial_metrics,0.7384557551656803,1755,14,594.5,0.34,33.03,0.744,77.8,61.6,11.04,0.3303333333333333,0.8929999999999999,1.3333333333333333,0.0393333333333333,Visa,finance,33.4,250.0,1.0,0.316,0.761,0.842,0.918,real_sponsor_names_with_proxy_commercial_metrics,0.749976237843342,-133,-163.8,-9,-4.899999999999992,-0.46,-0.0846666666666666,-0.1953333333333333,0.5136943396293857,0.4451455104637903,3.784,0.48,0.268775368717157,0.15766666666666673,0.79217,0.5912058088917433,0.2,0.47306899791305596
148,1962,Uruguay,Yugoslavia,tournament,True,0.0,56.2,21.4,37.4,cloudy,45.47,121.02,B_win,Arica,Chile,1962-06-02,0.1465,0.07,0.207,0.187,38.49,1684,10,508.3,0.07,29.28,0.661,74.8,44.8,20.58,0.1356666666666666,0.8753333333333333,1.923333333333333,0.1913333333333333,Vivo,technology,19.75,76.46,0.542,0.306,0.797,0.741,0.63,real_sponsor_names_with_proxy_commercial_metrics,0.4351767440908576,1669,5,487.0,0.06,26.56,0.629,74.2,37.3,11.34,0.1803333333333333,0.851,3.0733333333333337,0.222,Qatar Airways,airline,17.82,67.59,0.448,0.779,0.762,0.645,0.666,real_sponsor_names_with_proxy_commercial_metrics,0.3755049748466676,15,21.30000000000001,5,0.5999999999999943,0.01,0.0243333333333333,-0.0446666666666666,0.6570661125383135,0.5155207569305422,3.362,0.22,0.26986019019228863,0.13126666666666664,0.71205,0.15239705987297514,0.2,0.4105712685608154
149,1962,Bulgaria,Hungary,tournament,True,0.0,71.9,16.1,57.4,rain,52.07,183.28,B_win,Rancagua,Chile,1962-06-03,0.2803,4.49,0.11,0.136,55.11,1502,4,286.8,-0.46,19.9,0.447,65.2,28.9,10.5,0.3979999999999999,0.719,2.9800000000000004,-0.0613333333333333,Hisense,technology,33.88,1070.0,1.0,0.2,0.675,0.918,0.633,real_sponsor_names_with_proxy_commercial_metrics,0.8252717468149495,1691,5,513.5,0.03,27.22,0.652,78.9,42.6,16.61,0.1083333333333333,0.8380000000000001,2.99,0.2826666666666667,Adidas,apparel,33.47,1830.0,1.0,0.501,0.712,0.937,0.887,real_sponsor_names_with_proxy_commercial_metrics,0.931713528183716,-189,-226.7,-1,-13.700000000000005,-0.49,-0.1190000000000001,0.2896666666666666,0.2468311715404268,0.3386733662081519,3.358,0.48,0.4166852913370565,0.35119999999999996,0.78795,0.4806780846356954,0.2,0.48147182004128175
150,1962,Colombia,Russia,tournament,True,0.0,60.0,21.6,58.9,clear,54.27,192.68,draw,Arica,Chile,1962-06-03,0.1743,1.21,0.245,0.198,42.44,1650,3,462.8,-0.05,24.41,0.599,74.7,50.9,8.73,0.2533333333333333,0.816,4.703333333333333,0.1769999999999999,Vivo,technology,18.25,73.14,0.507,0.422,0.764,0.653,0.613,real_sponsor_names_with_proxy_commercial_metrics,0.3902368726248783,1676,8,497.3,0.07,27.98,0.645,72.7,49.8,18.23,0.1086666666666666,0.8123333333333332,5.670000000000001,0.13,Hyundai,automotive,26.07,590.0,1.0,0.245,0.69,0.874,0.885,real_sponsor_names_with_proxy_commercial_metrics,0.6793986692072507,-26,-34.5,-5,2.0,-0.12,0.0036666666666667,0.1446666666666667,0.5635569682915822,0.4177429135139723,3.363,0.12,0.38973957227950684,0.2256,0.6673399999999999,0.20009598230214795,0.2,0.3844643796697844
151,1962,Germany,Switzerland,tournament,True,0.0,55.9,23.6,23.5,cloudy,43.27,135.52,A_win,Santiago,Chile,1962-06-03,0.332,-0.89,0.019,0.036,43.54,1798,20,646.1,0.4,35.62,0.797,81.3,65.9,22.15,0.2123333333333333,0.851,5.576666666666667,0.3273333333333333,Coca-Cola,beverage,29.19,300.0,1.0,0.286,0.859,0.907,0.902,real_sponsor_names_with_proxy_commercial_metrics,0.7215038709709707,1632,7,443.7,-0.12,26.09,0.595,72.7,48.1,17.05,0.1836666666666666,0.914,2.223333333333333,0.2486666666666666,Adidas,apparel,31.4,1830.0,1.0,0.14,0.774,0.888,0.845,real_sponsor_names_with_proxy_commercial_metrics,0.90423375782881,166,202.40000000000003,13,8.599999999999994,0.52,-0.063,0.0286666666666666,0.9510351228677828,0.625532213506303,4.06,0.22,0.29614290665756116,0.18699999999999997,0.90283,0.11834689217155503,0.2,0.53871473014631
152,1962,Mexico,Spain,tournament,True,0.0,44.5,23.5,43.4,clear,38.87,103.4,B_win,Viña del Mar,Chile,1962-06-03,0.1476,4.6,0.042,0.112,39.45,1612,10,421.9,-0.18,26.83,0.584,72.1,37.6,18.89,0.2446666666666666,0.7546666666666667,1.1233333333333333,0.211,Hyundai,automotive,28.5,590.0,1.0,0.636,0.712,0.897,0.88,real_sponsor_names_with_proxy_commercial_metrics,0.7185336170151837,1708,12,537.2,0.18,30.58,0.689,77.4,45.2,19.26,0.2126666666666666,0.84,4.25,0.077,Budweiser,beverage,27.85,350.0,1.0,0.321,0.724,0.933,0.612,real_sponsor_names_with_proxy_commercial_metrics,0.6704472243491213,-96,-115.30000000000008,-2,-5.300000000000011,-0.36,-0.0853333333333332,0.032,0.5181915824104364,0.4137621200447072,3.295,0.12,0.20625170244837285,0.24493333333333328,0.83529,0.16173339042317847,0.2,0.4477964021858367
153,1962,Argentina,Hungary,tournament,True,0.0,36.2,29.8,64.5,windy,36.67,94.81,draw,Rancagua,Chile,1962-06-06,0.1099,3.76,0.269,0.164,38.55,1753,15,591.7,0.26,33.16,0.743,76.8,58.0,19.5,0.2623333333333333,0.8586666666666667,3.813333333333333,0.2106666666666666,Hyundai,automotive,30.74,590.0,1.0,0.338,0.813,0.936,0.851,real_sponsor_names_with_proxy_commercial_metrics,0.7681302767229082,1691,5,513.5,0.03,27.22,0.652,78.9,42.6,16.61,0.1083333333333333,0.8380000000000001,2.99,0.2826666666666667,Adidas,apparel,33.47,1830.0,1.0,0.501,0.712,0.937,0.887,real_sponsor_names_with_proxy_commercial_metrics,0.931713528183716,62,78.20000000000005,10,-2.1000000000000085,0.23,0.0206666666666666,0.154,0.8112048561394937,0.4844020663726486,3.513,0.48,0.18815007893091992,0.2139333333333333,0.8831100000000001,0.5607790622992935,0.2,0.4844132607840236
154,1962,Brazil,Spain,tournament,True,0.0,51.7,20.8,64.2,clear,43.27,84.31,A_win,Viña del Mar,Chile,1962-06-06,0.1267,2.56,0.166,0.157,48.17,1829,20,683.6,0.5,36.78,0.83,78.8,57.4,18.61,0.1376666666666667,0.7313333333333333,3.723333333333333,0.206,Adidas,apparel,33.15,1830.0,1.0,0.369,0.809,0.916,0.861,real_sponsor_names_with_proxy_commercial_metrics,0.9383411482254695,1708,12,537.2,0.18,30.58,0.689,77.4,45.2,19.26,0.2126666666666666,0.84,4.25,0.077,Budweiser,beverage,27.85,350.0,1.0,0.321,0.724,0.933,0.612,real_sponsor_names_with_proxy_commercial_metrics,0.6704472243491213,121,146.39999999999998,8,1.3999999999999917,0.32,-0.1086666666666666,-0.0749999999999999,0.9764150943396226,0.4656990996419884,4.067,0.12,0.24213058534124957,0.19006666666666672,0.87793,0.2438064654249625,0.2,0.5315299405421194
155,1962,Chile,Germany,tournament,False,0.18,57.3,25.1,39.5,clear,41.07,93.66,B_win,Santiago,Chile,1962-06-06,0.3625,0.88,0.097,0.175,43.18,1622,5,430.7,-0.12,24.93,0.579,72.9,38.6,16.65,0.135,0.8083333333333332,3.453333333333333,0.1826666666666666,Hisense,technology,27.36,1070.0,1.0,0.243,0.681,0.911,0.656,real_sponsor_names_with_proxy_commercial_metrics,0.7384557551656803,1798,20,646.1,0.4,35.62,0.797,81.3,65.9,22.15,0.2123333333333333,0.851,5.576666666666667,0.3273333333333333,Coca-Cola,beverage,29.19,300.0,1.0,0.286,0.859,0.907,0.902,real_sponsor_names_with_proxy_commercial_metrics,0.7215038709709707,-176,-215.40000000000003,-15,-8.399999999999991,-0.52,-0.0426666666666667,-0.0773333333333333,0.5136943396293857,0.4331549107597256,3.593,0.12,0.2947445768914681,0.15766666666666673,0.79217,0.18650003568115325,0.2,0.47490547163078
156,1962,Russia,Uruguay,tournament,True,0.0,81.0,17.1,60.5,rain,43.27,103.89,A_win,Arica,Chile,1962-06-06,0.1194,2.56,0.115,0.148,45.16,1676,8,497.3,0.07,27.98,0.645,72.7,49.8,18.23,0.1086666666666666,0.8123333333333332,5.670000000000001,0.13,Hyundai,automotive,26.07,590.0,1.0,0.245,0.69,0.874,0.885,real_sponsor_names_with_proxy_commercial_metrics,0.6793986692072507,1684,10,508.3,0.07,29.28,0.661,74.8,44.8,20.58,0.1356666666666666,0.8753333333333333,1.923333333333333,0.1913333333333333,Vivo,technology,19.75,76.46,0.542,0.306,0.797,0.741,0.63,real_sponsor_names_with_proxy_commercial_metrics,0.4351767440908576,-8,-11.0,-2,-2.0999999999999943,0.0,-0.063,-0.027,0.6134810916271758,0.5068683521889883,4.108,0.48,0.24498808294083949,0.14026666666666668,0.82105,0.46806158567044887,0.2,0.4765074358108249
157,1962,Bulgaria,England,tournament,True,0.0,59.7,25.7,74.4,cloudy,36.67,76.5,draw,Rancagua,Chile,1962-06-07,0.3273,5.35,0.055,0.127,31.95,1502,4,286.8,-0.46,19.9,0.447,65.2,28.9,10.5,0.3979999999999999,0.719,2.9800000000000004,-0.0613333333333333,Hisense,technology,33.88,1070.0,1.0,0.2,0.675,0.918,0.633,real_sponsor_names_with_proxy_commercial_metrics,0.8252717468149495,1695,13,522.2,0.16,30.51,0.678,76.6,52.6,19.34,0.28,0.7986666666666666,2.61,0.1863333333333333,McDonald's,restaurant,20.29,74.13,0.517,0.758,0.819,0.654,0.569,real_sponsor_names_with_proxy_commercial_metrics,0.4256813568338741,-193,-235.40000000000003,-9,-11.399999999999991,-0.62,-0.0796666666666666,0.1179999999999999,0.2468311715404268,0.2322693109157333,3.064,0.22,0.20958575226148216,0.35119999999999996,0.78795,0.39290944123314064,0.2,0.4102587767442897
158,1962,Colombia,Yugoslavia,tournament,True,0.0,70.8,23.0,70.4,cloudy,47.67,154.08,B_win,Arica,Chile,1962-06-07,0.283,-0.59,0.142,0.175,54.22,1650,3,462.8,-0.05,24.41,0.599,74.7,50.9,8.73,0.2533333333333333,0.816,4.703333333333333,0.1769999999999999,Vivo,technology,18.25,73.14,0.507,0.422,0.764,0.653,0.613,real_sponsor_names_with_proxy_commercial_metrics,0.3902368726248783,1669,5,487.0,0.06,26.56,0.629,74.2,37.3,11.34,0.1803333333333333,0.851,3.0733333333333337,0.222,Qatar Airways,airline,17.82,67.59,0.448,0.779,0.762,0.645,0.666,real_sponsor_names_with_proxy_commercial_metrics,0.3755049748466676,-19,-24.19999999999999,-2,0.5,-0.11,-0.035,0.073,0.5635569682915822,0.3746349894902007,3.277,0.22,0.3797138318463467,0.2256,0.6673399999999999,0.30539427674302433,0.2,0.37038901285649634
159,1962,Czechoslovakia,Mexico,tournament,True,0.0,51.5,18.5,56.5,cloudy,45.47,181.65,B_win,Viña del Mar,Chile,1962-06-07,0.3573,-0.48,0.135,0.182,43.13,1636,5,447.8,-0.1,25.08,0.592,72.1,45.6,14.05,0.2196666666666666,0.848,2.25,0.1806666666666666,Visa,finance,31.09,250.0,1.0,0.557,0.715,0.89,0.868,real_sponsor_names_with_proxy_commercial_metrics,0.7140096825197512,1612,10,421.9,-0.18,26.83,0.584,72.1,37.6,18.89,0.2446666666666666,0.7546666666666667,1.1233333333333333,0.211,Hyundai,automotive,28.5,590.0,1.0,0.636,0.712,0.897,0.88,real_sponsor_names_with_proxy_commercial_metrics,0.7185336170151837,24,25.900000000000038,-5,0.0,0.0799999999999999,0.0933333333333332,-0.0249999999999999,0.5283363782801519,0.4249568521761544,3.288,0.22,0.38335147224080635,0.19259999999999997,0.8329999999999999,0.3103614500820667,0.2,0.4880845368622248
160,1962,Italy,Switzerland,tournament,True,0.0,42.6,21.6,50.5,clear,43.27,95.89,A_win,Santiago,Chile,1962-06-07,0.3713,1.48,0.121,0.213,40.25,1755,14,594.5,0.34,33.03,0.744,77.8,61.6,11.04,0.3303333333333333,0.8929999999999999,1.3333333333333333,0.0393333333333333,Visa,finance,33.4,250.0,1.0,0.316,0.761,0.842,0.918,real_sponsor_names_with_proxy_commercial_metrics,0.749976237843342,1632,7,443.7,-0.12,26.09,0.595,72.7,48.1,17.05,0.1836666666666666,0.914,2.223333333333333,0.2486666666666666,Adidas,apparel,31.4,1830.0,1.0,0.14,0.774,0.888,0.845,real_sponsor_names_with_proxy_commercial_metrics,0.90423375782881,123,150.8,7,5.099999999999994,0.46,-0.0210000000000001,0.1466666666666667,0.8187106162327391,0.3015162988291153,3.291,0.12,0.3125054459998178,0.24100000000000002,0.84782,0.16379968600585168,0.2,0.44715474995451787
161,1962,Brazil,England,tournament,True,0.0,45.5,21.9,47.9,rain,45.47,140.67,A_win,Viña del Mar,Chile,1962-06-10,0.1842,2.74,0.027,0.083,43.68,1829,20,683.6,0.5,36.78,0.83,78.8,57.4,18.61,0.1376666666666667,0.7313333333333333,3.723333333333333,0.206,Adidas,apparel,33.15,1830.0,1.0,0.369,0.809,0.916,0.861,real_sponsor_names_with_proxy_commercial_metrics,0.9383411482254695,1695,13,522.2,0.16,30.51,0.678,76.6,52.6,19.34,0.28,0.7986666666666666,2.61,0.1863333333333333,McDonald's,restaurant,20.29,74.13,0.517,0.758,0.819,0.654,0.569,real_sponsor_names_with_proxy_commercial_metrics,0.4256813568338741,134,161.39999999999998,7,2.200000000000003,0.3399999999999999,-0.0673333333333333,-0.1423333333333333,0.9764150943396226,0.4952110078181893,4.107,0.48,0.282431976948765,0.19006666666666672,0.87793,0.28876164989652464,0.2,0.5478535531529587
162,1962,Chile,Russia,tournament,False,0.18,48.6,21.4,65.5,clear,43.27,92.56,A_win,Arica,Chile,1962-06-10,0.276,1.76,0.141,0.152,39.89,1622,5,430.7,-0.12,24.93,0.579,72.9,38.6,16.65,0.135,0.8083333333333332,3.453333333333333,0.1826666666666666,Hisense,technology,27.36,1070.0,1.0,0.243,0.681,0.911,0.656,real_sponsor_names_with_proxy_commercial_metrics,0.7384557551656803,1676,8,497.3,0.07,27.98,0.645,72.7,49.8,18.23,0.1086666666666666,0.8123333333333332,5.670000000000001,0.13,Hyundai,automotive,26.07,590.0,1.0,0.245,0.69,0.874,0.885,real_sponsor_names_with_proxy_commercial_metrics,0.6793986692072507,-54,-66.60000000000002,-3,0.2000000000000028,-0.19,-0.004,0.0263333333333333,0.5136943396293857,0.4426615965492957,3.74,0.12,0.26796300184877164,0.15766666666666673,0.79217,0.23381681295939488,0.2,0.4722110286433204
163,1962,Czechoslovakia,Hungary,tournament,True,0.0,85.7,33.6,61.1,clear,38.87,101.99,A_win,Rancagua,Chile,1962-06-10,0.295,4.15,0.077,0.16,38.63,1636,5,447.8,-0.1,25.08,0.592,72.1,45.6,14.05,0.2196666666666666,0.848,2.25,0.1806666666666666,Visa,finance,31.09,250.0,1.0,0.557,0.715,0.89,0.868,real_sponsor_names_with_proxy_commercial_metrics,0.7140096825197512,1691,5,513.5,0.03,27.22,0.652,78.9,42.6,16.61,0.1083333333333333,0.8380000000000001,2.99,0.2826666666666667,Adidas,apparel,33.47,1830.0,1.0,0.501,0.712,0.937,0.887,real_sponsor_names_with_proxy_commercial_metrics,0.931713528183716,-55,-65.69999999999999,0,-6.800000000000011,-0.13,0.0099999999999998,0.1113333333333333,0.5283363782801519,0.3675535151486399,3.66,0.12,0.25565965279041175,0.19259999999999997,0.8329999999999999,0.5009316349104403,0.2,0.4464732386044418
164,1962,Germany,Yugoslavia,tournament,True,0.0,47.3,22.4,68.1,clear,38.87,91.55,B_win,Santiago,Chile,1962-06-10,0.3795,5.09,0.041,0.088,35.21,1798,20,646.1,0.4,35.62,0.797,81.3,65.9,22.15,0.2123333333333333,0.851,5.576666666666667,0.3273333333333333,Coca-Cola,beverage,29.19,300.0,1.0,0.286,0.859,0.907,0.902,real_sponsor_names_with_proxy_commercial_metrics,0.7215038709709707,1669,5,487.0,0.06,26.56,0.629,74.2,37.3,11.34,0.1803333333333333,0.851,3.0733333333333337,0.222,Qatar Airways,airline,17.82,67.59,0.448,0.779,0.762,0.645,0.666,real_sponsor_names_with_proxy_commercial_metrics,0.3755049748466676,129,159.10000000000002,15,7.099999999999994,0.34,0.0,0.032,0.9510351228677828,0.5904443358778982,3.67,0.12,0.2454564845255908,0.18699999999999997,0.90283,0.239849068721901,0.2,0.5187528399839627
165,1962,Chile,Brazil,tournament,False,0.18,68.9,21.5,60.1,clear,49.87,168.67,B_win,Santiago,Chile,1962-06-13,0.0905,3.39,0.221,0.102,43.21,1622,5,430.7,-0.12,24.93,0.579,72.9,38.6,16.65,0.135,0.8083333333333332,3.453333333333333,0.1826666666666666,Hisense,technology,27.36,1070.0,1.0,0.243,0.681,0.911,0.656,real_sponsor_names_with_proxy_commercial_metrics,0.7384557551656803,1829,20,683.6,0.5,36.78,0.83,78.8,57.4,18.61,0.1376666666666667,0.7313333333333333,3.723333333333333,0.206,Adidas,apparel,33.15,1830.0,1.0,0.369,0.809,0.916,0.861,real_sponsor_names_with_proxy_commercial_metrics,0.9383411482254695,-207,-252.90000000000003,-15,-5.899999999999992,-0.62,0.0769999999999999,-0.0026666666666666,0.5136943396293857,0.49882896874088,3.87,0.12,0.30401012565072466,0.15766666666666673,0.79217,0.20788232355669736,0.2,0.49514731761735453
166,1962,Czechoslovakia,Yugoslavia,tournament,True,0.0,46.3,10.4,71.1,clear,45.47,107.45,A_win,Viña del Mar,Chile,1962-06-13,0.1381,3.98,0.293,0.222,50.66,1636,5,447.8,-0.1,25.08,0.592,72.1,45.6,14.05,0.2196666666666666,0.848,2.25,0.1806666666666666,Visa,finance,31.09,250.0,1.0,0.557,0.715,0.89,0.868,real_sponsor_names_with_proxy_commercial_metrics,0.7140096825197512,1669,5,487.0,0.06,26.56,0.629,74.2,37.3,11.34,0.1803333333333333,0.851,3.0733333333333337,0.222,Qatar Airways,airline,17.82,67.59,0.448,0.779,0.762,0.645,0.666,real_sponsor_names_with_proxy_commercial_metrics,0.3755049748466676,-33,-39.19999999999999,0,-2.1000000000000085,-0.16,-0.003,0.0393333333333333,0.5283363782801519,0.3991234463096734,3.363,0.12,0.29599582566803273,0.19259999999999997,0.8329999999999999,0.5441415114536502,0.2,0.46338005390505543
167,1962,Chile,Yugoslavia,tournament,False,0.18,70.1,17.6,59.5,cloudy,38.87,147.45,A_win,Santiago,Chile,1962-06-16,0.1786,3.37,0.275,0.186,43.3,1622,5,430.7,-0.12,24.93,0.579,72.9,38.6,16.65,0.135,0.8083333333333332,3.453333333333333,0.1826666666666666,Hisense,technology,27.36,1070.0,1.0,0.243,0.681,0.911,0.656,real_sponsor_names_with_proxy_commercial_metrics,0.7384557551656803,1669,5,487.0,0.06,26.56,0.629,74.2,37.3,11.34,0.1803333333333333,0.851,3.0733333333333337,0.222,Qatar Airways,airline,17.82,67.59,0.448,0.779,0.762,0.645,0.666,real_sponsor_names_with_proxy_commercial_metrics,0.3755049748466676,-47,-56.30000000000001,0,-1.2999999999999972,-0.18,-0.0426666666666667,-0.0453333333333333,0.5136943396293857,0.4419927284082267,3.972,0.22,0.2748656683330237,0.15766666666666673,0.79217,0.346734817669307,0.2,0.4734042788606715
168,1962,Brazil,Czechoslovakia,tournament,True,0.0,63.0,21.4,70.6,clear,45.47,121.3,A_win,Santiago,Chile,1962-06-17,0.2252,2.82,0.172,0.099,43.59,1829,20,683.6,0.5,36.78,0.83,78.8,57.4,18.61,0.1376666666666667,0.7313333333333333,3.723333333333333,0.206,Adidas,apparel,33.15,1830.0,1.0,0.369,0.809,0.916,0.861,real_sponsor_names_with_proxy_commercial_metrics,0.9383411482254695,1636,5,447.8,-0.1,25.08,0.592,72.1,45.6,14.05,0.2196666666666666,0.848,2.25,0.1806666666666666,Visa,finance,31.09,250.0,1.0,0.557,0.715,0.89,0.868,real_sponsor_names_with_proxy_commercial_metrics,0.7140096825197512,193,235.8,15,6.700000000000003,0.6,-0.1166666666666667,-0.0819999999999999,0.9764150943396226,0.4884671658824246,4.245,0.12,0.2831172022092625,0.19006666666666672,0.87793,0.25585384999643185,0.2,0.5461023224630441
169,1966,England,Uruguay,tournament,False,0.18,56.0,18.9,71.9,clear,38.12,90.82,draw,London,England,1966-07-11,0.4271,0.08,0.098,0.163,42.94,1695,13,522.2,0.16,30.51,0.678,76.6,52.6,19.34,0.28,0.7986666666666666,2.61,0.1863333333333333,McDonald's,restaurant,20.29,74.13,0.517,0.758,0.819,0.654,0.569,real_sponsor_names_with_proxy_commercial_metrics,0.4256813568338741,1684,10,508.3,0.07,29.28,0.661,74.8,44.8,20.58,0.1356666666666666,0.8753333333333333,1.923333333333333,0.1913333333333333,Vivo,technology,19.75,76.46,0.542,0.306,0.797,0.741,0.63,real_sponsor_names_with_proxy_commercial_metrics,0.4351767440908576,11,13.900000000000034,3,1.7999999999999972,0.09,-0.0766666666666666,0.1443333333333333,0.7074856858162286,0.4468498562588736,3.256,0.12,0.2913676190008755,0.24853333333333336,0.68589,0.32650003568115327,0.2,0.3826676091927895
170,1966,Brazil,Bulgaria,tournament,True,0.0,57.5,31.3,45.1,cloudy,42.52,85.55,A_win,Liverpool,England,1966-07-12,0.2985,0.64,0.114,0.2,39.53,1829,20,683.6,0.5,36.78,0.83,78.8,57.4,18.61,0.1376666666666667,0.7313333333333333,3.723333333333333,0.206,Adidas,apparel,33.15,1830.0,1.0,0.369,0.809,0.916,0.861,real_sponsor_names_with_proxy_commercial_metrics,0.9383411482254695,1502,4,286.8,-0.46,19.9,0.447,65.2,28.9,10.5,0.3979999999999999,0.719,2.9800000000000004,-0.0613333333333333,Hisense,technology,33.88,1070.0,1.0,0.2,0.675,0.918,0.633,real_sponsor_names_with_proxy_commercial_metrics,0.8252717468149495,327,396.8,16,13.599999999999994,0.96,0.0123333333333333,-0.2603333333333333,0.9764150943396226,0.4627593416609442,4.116,0.22,0.2757743266196756,0.19006666666666672,0.87793,0.41196924284592884,0.2,0.5374355565631121
171,1966,Germany,Switzerland,tournament,True,0.0,49.5,22.0,29.1,clear,49.12,150.68,A_win,Sheffield,England,1966-07-12,0.2114,-0.04,0.152,0.07,45.16,1798,20,646.1,0.4,35.62,0.797,81.3,65.9,22.15,0.2123333333333333,0.851,5.576666666666667,0.3273333333333333,Coca-Cola,beverage,29.19,300.0,1.0,0.286,0.859,0.907,0.902,real_sponsor_names_with_proxy_commercial_metrics,0.7215038709709707,1632,7,443.7,-0.12,26.09,0.595,72.7,48.1,17.05,0.1836666666666666,0.914,2.223333333333333,0.2486666666666666,Adidas,apparel,31.4,1830.0,1.0,0.14,0.774,0.888,0.845,real_sponsor_names_with_proxy_commercial_metrics,0.90423375782881,166,202.40000000000003,13,8.599999999999994,0.52,-0.063,0.0286666666666666,0.9510351228677828,0.6571078127460015,4.068,0.12,0.3172635761867834,0.18699999999999997,0.90283,0.06092592592592593,0.2,0.55178003183927
172,1966,North Korea,Russia,tournament,True,0.0,63.8,30.7,82.7,rain,44.72,164.2,B_win,Middlesbrough,England,1966-07-12,0.275,2.49,0.086,0.166,49.64,1482,1,257.6,-0.57,14.55,0.394,66.9,26.9,8.790000000000001,0.1546666666666666,0.706,4.253333333333333,0.251,Adidas,apparel,26.45,1830.0,1.0,0.274,0.656,0.915,0.861,real_sponsor_names_with_proxy_commercial_metrics,0.8228125678496869,1676,8,497.3,0.07,27.98,0.645,72.7,49.8,18.23,0.1086666666666666,0.8123333333333332,5.670000000000001,0.13,Hyundai,automotive,26.07,590.0,1.0,0.245,0.69,0.874,0.885,real_sponsor_names_with_proxy_commercial_metrics,0.6793986692072507,-194,-239.7,-7,-5.799999999999997,-0.6399999999999999,-0.1063333333333332,0.046,0.2131752452966871,0.3470377407744318,3.613,0.48,0.3558338281795326,0.21039999999999998,0.8134199999999999,0.6628314422322129,0.2,0.4830671493366723
173,1966,Argentina,Spain,tournament,True,0.0,52.1,23.4,62.1,windy,44.72,137.96,A_win,Birmingham,England,1966-07-13,0.2922,3.29,0.225,0.07,45.07,1753,15,591.7,0.26,33.16,0.743,76.8,58.0,19.5,0.2623333333333333,0.8586666666666667,3.813333333333333,0.2106666666666666,Hyundai,automotive,30.74,590.0,1.0,0.338,0.813,0.936,0.851,real_sponsor_names_with_proxy_commercial_metrics,0.7681302767229082,1708,12,537.2,0.18,30.58,0.689,77.4,45.2,19.26,0.2126666666666666,0.84,4.25,0.077,Budweiser,beverage,27.85,350.0,1.0,0.321,0.724,0.933,0.612,real_sponsor_names_with_proxy_commercial_metrics,0.6704472243491213,45,54.5,3,-0.6000000000000085,0.08,0.0186666666666667,0.0496666666666666,0.8112048561394937,0.5356122998743691,3.91,0.48,0.30664100273525446,0.2139333333333333,0.8831100000000001,0.3839347034896167,0.2,0.5224503109253723
174,1966,Chile,Italy,tournament,True,0.0,42.1,23.2,30.6,cloudy,42.52,227.43,B_win,Sunderland,England,1966-07-13,0.2494,-0.24,-0.043,0.042,44.84,1622,5,430.7,-0.12,24.93,0.579,72.9,38.6,16.65,0.135,0.8083333333333332,3.453333333333333,0.1826666666666666,Hisense,technology,27.36,1070.0,1.0,0.243,0.681,0.911,0.656,real_sponsor_names_with_proxy_commercial_metrics,0.7384557551656803,1755,14,594.5,0.34,33.03,0.744,77.8,61.6,11.04,0.3303333333333333,0.8929999999999999,1.3333333333333333,0.0393333333333333,Visa,finance,33.4,250.0,1.0,0.316,0.761,0.842,0.918,real_sponsor_names_with_proxy_commercial_metrics,0.749976237843342,-133,-163.8,-9,-4.899999999999992,-0.46,-0.0846666666666666,-0.1953333333333333,0.5136943396293857,0.4862463402655271,3.616,0.22,0.3419335769059939,0.15766666666666673,0.79217,0.13862128023977735,0.2,0.4992088718953096
175,1966,France,Mexico,tournament,True,0.0,41.4,22.5,46.6,hot,42.52,181.33,draw,London,England,1966-07-13,0.3248,2.95,0.096,0.212,39.48,1748,13,584.8,0.26,32.28,0.733,77.8,46.5,18.67,0.2083333333333333,0.8296666666666667,3.483333333333333,0.3613333333333333,Qatar Airways,airline,24.02,81.37,0.593,0.647,0.801,0.711,0.647,real_sponsor_names_with_proxy_commercial_metrics,0.5007849188790221,1612,10,421.9,-0.18,26.83,0.584,72.1,37.6,18.89,0.2446666666666666,0.7546666666666667,1.1233333333333333,0.211,Hyundai,automotive,28.5,590.0,1.0,0.636,0.712,0.897,0.88,real_sponsor_names_with_proxy_commercial_metrics,0.7185336170151837,136,162.89999999999998,3,5.700000000000003,0.44,0.0749999999999999,-0.0363333333333333,0.8018213325687816,0.5411268466360563,3.365,0.62,0.3567082249320497,0.19313333333333332,0.7179599999999999,0.34954899022336405,0.2,0.447971942575471
176,1966,Hungary,Portugal,tournament,True,0.0,60.2,23.0,70.3,clear,46.92,123.02,B_win,Manchester,England,1966-07-13,0.1875,0.96,0.184,0.141,43.47,1691,5,513.5,0.03,27.22,0.652,78.9,42.6,16.61,0.1083333333333333,0.8380000000000001,2.99,0.2826666666666667,Adidas,apparel,33.47,1830.0,1.0,0.501,0.712,0.937,0.887,real_sponsor_names_with_proxy_commercial_metrics,0.931713528183716,1702,6,527.3,0.14,27.94,0.666,76.8,47.1,14.4,0.2406666666666666,0.7363333333333334,3.2266666666666666,0.0836666666666666,Mengniu,consumer_goods,17.76,59.99,0.368,0.468,0.8,0.643,0.574,real_sponsor_names_with_proxy_commercial_metrics,0.3588124240475937,-11,-13.799999999999956,-1,2.1000000000000085,-0.11,0.1016666666666666,-0.1323333333333333,0.6789758272283496,0.4842883871522586,3.856,0.12,0.29153404833599944,0.12979999999999994,0.84634,0.2649621779775922,0.2,0.5442184048339241
177,1966,Brazil,Hungary,tournament,True,0.0,78.5,33.3,53.5,clear,46.92,122.66,B_win,Liverpool,England,1966-07-15,0.3451,0.55,0.052,0.116,38.0,1829,20,683.6,0.5,36.78,0.83,78.8,57.4,18.61,0.1376666666666667,0.7313333333333333,3.723333333333333,0.206,Adidas,apparel,33.15,1830.0,1.0,0.369,0.809,0.916,0.861,real_sponsor_names_with_proxy_commercial_metrics,0.9383411482254695,1691,5,513.5,0.03,27.22,0.652,78.9,42.6,16.61,0.1083333333333333,0.8380000000000001,2.99,0.2826666666666667,Adidas,apparel,33.47,1830.0,1.0,0.501,0.712,0.937,0.887,real_sponsor_names_with_proxy_commercial_metrics,0.931713528183716,138,170.10000000000002,15,-0.1000000000000085,0.47,-0.1066666666666668,0.0293333333333333,0.9764150943396226,0.49545884780358,4.192,0.12,0.3153784340387299,0.19006666666666672,0.87793,0.46028866052950823,0.2,0.5545122397668611
178,1966,Chile,North Korea,tournament,True,0.0,60.1,9.1,49.8,rain,42.52,138.59,draw,Middlesbrough,England,1966-07-15,0.1048,1.49,0.1,0.144,47.96,1622,5,430.7,-0.12,24.93,0.579,72.9,38.6,16.65,0.135,0.8083333333333332,3.453333333333333,0.1826666666666666,Hisense,technology,27.36,1070.0,1.0,0.243,0.681,0.911,0.656,real_sponsor_names_with_proxy_commercial_metrics,0.7384557551656803,1482,1,257.6,-0.57,14.55,0.394,66.9,26.9,8.790000000000001,0.1546666666666666,0.706,4.253333333333333,0.251,Adidas,apparel,26.45,1830.0,1.0,0.274,0.656,0.915,0.861,real_sponsor_names_with_proxy_commercial_metrics,0.8228125678496869,140,173.09999999999997,4,6.0,0.4499999999999999,0.1023333333333332,-0.0196666666666666,0.5136943396293857,0.4553158850474925,3.782,0.48,0.2685676256716226,0.15766666666666673,0.79217,0.6299195033183472,0.2,0.4758751541873857
179,1966,France,Uruguay,tournament,True,0.0,56.5,11.0,80.4,rain,44.72,101.07,B_win,London,England,1966-07-15,0.1903,0.45,0.167,0.071,38.55,1748,13,584.8,0.26,32.28,0.733,77.8,46.5,18.67,0.2083333333333333,0.8296666666666667,3.483333333333333,0.3613333333333333,Qatar Airways,airline,24.02,81.37,0.593,0.647,0.801,0.711,0.647,real_sponsor_names_with_proxy_commercial_metrics,0.5007849188790221,1684,10,508.3,0.07,29.28,0.661,74.8,44.8,20.58,0.1356666666666666,0.8753333333333333,1.923333333333333,0.1913333333333333,Vivo,technology,19.75,76.46,0.542,0.306,0.797,0.741,0.63,real_sponsor_names_with_proxy_commercial_metrics,0.4351767440908576,64,76.49999999999994,3,3.0,0.19,-0.0456666666666666,0.0726666666666666,0.8018213325687816,0.5230732573799305,3.338,0.48,0.2352775600795552,0.19313333333333332,0.7179599999999999,0.7127197602226504,0.2,0.4186308046132569
180,1966,Spain,Switzerland,tournament,True,0.0,61.7,19.7,41.2,hot,44.72,177.15,A_win,Sheffield,England,1966-07-15,0.4429,4.07,0.241,0.21,42.84,1708,12,537.2,0.18,30.58,0.689,77.4,45.2,19.26,0.2126666666666666,0.84,4.25,0.077,Budweiser,beverage,27.85,350.0,1.0,0.321,0.724,0.933,0.612,real_sponsor_names_with_proxy_commercial_metrics,0.6704472243491213,1632,7,443.7,-0.12,26.09,0.595,72.7,48.1,17.05,0.1836666666666666,0.914,2.223333333333333,0.2486666666666666,Adidas,apparel,31.4,1830.0,1.0,0.14,0.774,0.888,0.845,real_sponsor_names_with_proxy_commercial_metrics,0.90423375782881,76,93.50000000000006,5,4.700000000000003,0.3,-0.074,0.0289999999999999,0.7299678934836586,0.525779590918419,3.928,0.62,0.4058258773397608,0.19159999999999994,0.80913,0.37303646613858565,0.2,0.5070729947688987
181,1966,Argentina,Germany,tournament,True,0.0,75.0,23.1,45.2,clear,38.12,120.54,draw,Birmingham,England,1966-07-16,0.3619,2.45,0.016,0.1,31.31,1753,15,591.7,0.26,33.16,0.743,76.8,58.0,19.5,0.2623333333333333,0.8586666666666667,3.813333333333333,0.2106666666666666,Hyundai,automotive,30.74,590.0,1.0,0.338,0.813,0.936,0.851,real_sponsor_names_with_proxy_commercial_metrics,0.7681302767229082,1798,20,646.1,0.4,35.62,0.797,81.3,65.9,22.15,0.2123333333333333,0.851,5.576666666666667,0.3273333333333333,Coca-Cola,beverage,29.19,300.0,1.0,0.286,0.859,0.907,0.902,real_sponsor_names_with_proxy_commercial_metrics,0.7215038709709707,-45,-54.39999999999998,-5,-4.5,-0.14,0.0076666666666667,0.05,0.8112048561394937,0.4998783857731319,3.921,0.12,0.2513334643703713,0.2139333333333333,0.8831100000000001,0.15910654392349965,0.2,0.5013833073040492
182,1966,Bulgaria,Portugal,tournament,True,0.0,60.9,27.1,61.4,rain,44.72,137.31,B_win,Manchester,England,1966-07-16,0.3449,4.51,0.01,0.177,45.3,1502,4,286.8,-0.46,19.9,0.447,65.2,28.9,10.5,0.3979999999999999,0.719,2.9800000000000004,-0.0613333333333333,Hisense,technology,33.88,1070.0,1.0,0.2,0.675,0.918,0.633,real_sponsor_names_with_proxy_commercial_metrics,0.8252717468149495,1702,6,527.3,0.14,27.94,0.666,76.8,47.1,14.4,0.2406666666666666,0.7363333333333334,3.2266666666666666,0.0836666666666666,Mengniu,consumer_goods,17.76,59.99,0.368,0.468,0.8,0.643,0.574,real_sponsor_names_with_proxy_commercial_metrics,0.3588124240475937,-200,-240.49999999999997,-2,-11.599999999999994,-0.6000000000000001,-0.0173333333333334,0.1573333333333333,0.2468311715404268,0.2896280342773198,3.145,0.48,0.3472673877072089,0.35119999999999996,0.78795,0.47715278669806616,0.2,0.4538555463746793
183,1966,England,Mexico,tournament,False,0.18,52.7,25.8,64.2,clear,42.52,147.28,A_win,London,England,1966-07-16,0.3018,1.87,0.044,0.048,39.15,1695,13,522.2,0.16,30.51,0.678,76.6,52.6,19.34,0.28,0.7986666666666666,2.61,0.1863333333333333,McDonald's,restaurant,20.29,74.13,0.517,0.758,0.819,0.654,0.569,real_sponsor_names_with_proxy_commercial_metrics,0.4256813568338741,1612,10,421.9,-0.18,26.83,0.584,72.1,37.6,18.89,0.2446666666666666,0.7546666666666667,1.1233333333333333,0.211,Hyundai,automotive,28.5,590.0,1.0,0.636,0.712,0.897,0.88,real_sponsor_names_with_proxy_commercial_metrics,0.7185336170151837,83,100.30000000000008,3,4.5,0.3399999999999999,0.0439999999999999,0.0353333333333333,0.7074856858162286,0.4862862411550998,3.461,0.12,0.28457303640472303,0.24853333333333336,0.68589,0.31143652322843074,0.2,0.3923508804445024
184,1966,Italy,Russia,tournament,True,0.0,72.4,20.7,65.9,clear,40.33,186.7,B_win,Sunderland,England,1966-07-16,0.3444,1.95,-0.003,0.07,42.6,1755,14,594.5,0.34,33.03,0.744,77.8,61.6,11.04,0.3303333333333333,0.8929999999999999,1.3333333333333333,0.0393333333333333,Visa,finance,33.4,250.0,1.0,0.316,0.761,0.842,0.918,real_sponsor_names_with_proxy_commercial_metrics,0.749976237843342,1676,8,497.3,0.07,27.98,0.645,72.7,49.8,18.23,0.1086666666666666,0.8123333333333332,5.670000000000001,0.13,Hyundai,automotive,26.07,590.0,1.0,0.245,0.69,0.874,0.885,real_sponsor_names_with_proxy_commercial_metrics,0.6793986692072507,79,97.2,6,5.099999999999994,0.27,0.0806666666666666,0.2216666666666667,0.8187106162327391,0.3199164444099899,3.439,0.12,0.32774801726478403,0.24100000000000002,0.84782,0.2537533005066724,0.2,0.4553553049701561
185,1966,Argentina,Switzerland,tournament,True,0.0,63.6,29.1,72.6,clear,42.52,127.47,A_win,Sheffield,England,1966-07-19,0.3861,6.73,0.002,0.052,41.25,1753,15,591.7,0.26,33.16,0.743,76.8,58.0,19.5,0.2623333333333333,0.8586666666666667,3.813333333333333,0.2106666666666666,Hyundai,automotive,30.74,590.0,1.0,0.338,0.813,0.936,0.851,real_sponsor_names_with_proxy_commercial_metrics,0.7681302767229082,1632,7,443.7,-0.12,26.09,0.595,72.7,48.1,17.05,0.1836666666666666,0.914,2.223333333333333,0.2486666666666666,Adidas,apparel,31.4,1830.0,1.0,0.14,0.774,0.888,0.845,real_sponsor_names_with_proxy_commercial_metrics,0.90423375782881,121,148.00000000000006,8,4.099999999999994,0.38,-0.0553333333333333,0.0786666666666666,0.8112048561394937,0.522070450014819,3.984,0.12,0.29942163930878596,0.2139333333333333,0.8831100000000001,0.4335709698137444,0.2,0.5172147202794045
186,1966,Brazil,Portugal,tournament,True,0.0,78.0,29.2,61.2,windy,46.92,129.9,B_win,Liverpool,England,1966-07-19,0.2321,-0.61,0.042,0.049,38.78,1829,20,683.6,0.5,36.78,0.83,78.8,57.4,18.61,0.1376666666666667,0.7313333333333333,3.723333333333333,0.206,Adidas,apparel,33.15,1830.0,1.0,0.369,0.809,0.916,0.861,real_sponsor_names_with_proxy_commercial_metrics,0.9383411482254695,1702,6,527.3,0.14,27.94,0.666,76.8,47.1,14.4,0.2406666666666666,0.7363333333333334,3.2266666666666666,0.0836666666666666,Mengniu,consumer_goods,17.76,59.99,0.368,0.468,0.8,0.643,0.574,real_sponsor_names_with_proxy_commercial_metrics,0.3588124240475937,127,156.30000000000007,14,2.0,0.36,-0.0050000000000001,-0.1029999999999999,0.9764150943396226,0.4979795197506598,4.196,0.48,0.2751095707825223,0.19006666666666672,0.87793,0.5309128666238493,0.2,0.5471642552608019
187,1966,Italy,North Korea,tournament,True,0.0,60.4,24.1,65.8,clear,40.33,175.83,B_win,Middlesbrough,England,1966-07-19,0.1791,5.5,0.218,0.22,31.61,1755,14,594.5,0.34,33.03,0.744,77.8,61.6,11.04,0.3303333333333333,0.8929999999999999,1.3333333333333333,0.0393333333333333,Visa,finance,33.4,250.0,1.0,0.316,0.761,0.842,0.918,real_sponsor_names_with_proxy_commercial_metrics,0.749976237843342,1482,1,257.6,-0.57,14.55,0.394,66.9,26.9,8.790000000000001,0.1546666666666666,0.706,4.253333333333333,0.251,Adidas,apparel,26.45,1830.0,1.0,0.274,0.656,0.915,0.861,real_sponsor_names_with_proxy_commercial_metrics,0.8228125678496869,273,336.9,13,10.899999999999991,0.91,0.1869999999999999,0.1756666666666667,0.8187106162327391,0.316131954898283,3.318,0.12,0.2831659742560819,0.24100000000000002,0.84782,0.27413045029615357,0.2,0.4453792393051377
188,1966,Mexico,Uruguay,tournament,True,0.0,42.1,28.8,53.9,hot,38.12,142.83,draw,London,England,1966-07-19,0.1715,6.27,0.095,0.115,32.65,1612,10,421.9,-0.18,26.83,0.584,72.1,37.6,18.89,0.2446666666666666,0.7546666666666667,1.1233333333333333,0.211,Hyundai,automotive,28.5,590.0,1.0,0.636,0.712,0.897,0.88,real_sponsor_names_with_proxy_commercial_metrics,0.7185336170151837,1684,10,508.3,0.07,29.28,0.661,74.8,44.8,20.58,0.1356666666666666,0.8753333333333333,1.923333333333333,0.1913333333333333,Vivo,technology,19.75,76.46,0.542,0.306,0.797,0.741,0.63,real_sponsor_names_with_proxy_commercial_metrics,0.4351767440908576,-72,-86.40000000000003,0,-2.700000000000003,-0.25,-0.1206666666666665,0.109,0.5181915824104364,0.4241185584254003,3.406,0.62,0.2220154636268564,0.24493333333333328,0.83529,0.5449650324698494,0.2,0.4538489571681275
189,1966,Bulgaria,Hungary,tournament,True,0.0,40.2,24.6,59.0,cloudy,46.92,122.56,B_win,Manchester,England,1966-07-20,0.3327,4.41,0.122,0.117,48.83,1502,4,286.8,-0.46,19.9,0.447,65.2,28.9,10.5,0.3979999999999999,0.719,2.9800000000000004,-0.0613333333333333,Hisense,technology,33.88,1070.0,1.0,0.2,0.675,0.918,0.633,real_sponsor_names_with_proxy_commercial_metrics,0.8252717468149495,1691,5,513.5,0.03,27.22,0.652,78.9,42.6,16.61,0.1083333333333333,0.8380000000000001,2.99,0.2826666666666667,Adidas,apparel,33.47,1830.0,1.0,0.501,0.712,0.937,0.887,real_sponsor_names_with_proxy_commercial_metrics,0.931713528183716,-189,-226.7,-1,-13.700000000000005,-0.49,-0.1190000000000001,0.2896666666666666,0.2468311715404268,0.2943823482329618,2.955,0.22,0.3388239163057663,0.35119999999999996,0.78795,0.2977535145935917,0.2,0.45349806000197046
190,1966,Chile,Russia,tournament,True,0.0,79.5,19.6,59.7,rain,44.72,127.98,B_win,Sunderland,England,1966-07-20,0.1087,2.11,0.043,0.061,48.22,1622,5,430.7,-0.12,24.93,0.579,72.9,38.6,16.65,0.135,0.8083333333333332,3.453333333333333,0.1826666666666666,Hisense,technology,27.36,1070.0,1.0,0.243,0.681,0.911,0.656,real_sponsor_names_with_proxy_commercial_metrics,0.7384557551656803,1676,8,497.3,0.07,27.98,0.645,72.7,49.8,18.23,0.1086666666666666,0.8123333333333332,5.670000000000001,0.13,Hyundai,automotive,26.07,590.0,1.0,0.245,0.69,0.874,0.885,real_sponsor_names_with_proxy_commercial_metrics,0.6793986692072507,-54,-66.60000000000002,-3,0.2000000000000028,-0.19,-0.004,0.0263333333333333,0.5136943396293857,0.4615115777132049,3.878,0.48,0.2540063075813824,0.15766666666666673,0.79217,0.39957589381288794,0.2,0.47469768451573713
191,1966,England,France,tournament,False,0.18,80.4,27.2,61.4,rain,42.52,128.34,A_win,London,England,1966-07-20,0.3048,5.8,0.17,0.135,38.39,1695,13,522.2,0.16,30.51,0.678,76.6,52.6,19.34,0.28,0.7986666666666666,2.61,0.1863333333333333,McDonald's,restaurant,20.29,74.13,0.517,0.758,0.819,0.654,0.569,real_sponsor_names_with_proxy_commercial_metrics,0.4256813568338741,1748,13,584.8,0.26,32.28,0.733,77.8,46.5,18.67,0.2083333333333333,0.8296666666666667,3.483333333333333,0.3613333333333333,Qatar Airways,airline,24.02,81.37,0.593,0.647,0.801,0.711,0.647,real_sponsor_names_with_proxy_commercial_metrics,0.5007849188790221,-53,-62.59999999999991,0,-1.2000000000000028,-0.1,-0.031,0.0716666666666666,0.7074856858162286,0.4796921076360816,3.694,0.48,0.2906080050585125,0.24853333333333336,0.68589,0.4797539427674302,0.2,0.39171151678993515
192,1966,Germany,Spain,tournament,True,0.0,55.7,23.7,70.4,hot,44.72,141.42,A_win,Birmingham,England,1966-07-20,0.3795,2.12,0.27,0.192,43.51,1798,20,646.1,0.4,35.62,0.797,81.3,65.9,22.15,0.2123333333333333,0.851,5.576666666666667,0.3273333333333333,Coca-Cola,beverage,29.19,300.0,1.0,0.286,0.859,0.907,0.902,real_sponsor_names_with_proxy_commercial_metrics,0.7215038709709707,1708,12,537.2,0.18,30.58,0.689,77.4,45.2,19.26,0.2126666666666666,0.84,4.25,0.077,Budweiser,beverage,27.85,350.0,1.0,0.321,0.724,0.933,0.612,real_sponsor_names_with_proxy_commercial_metrics,0.6704472243491213,90,108.89999999999998,8,3.899999999999992,0.22,0.011,-0.0003333333333333,0.9510351228677828,0.6341045377810138,4.077,0.62,0.35911536766834323,0.18699999999999997,0.90283,0.48360236922857347,0.2,0.5537094731453855
193,1966,England,Argentina,tournament,False,0.18,53.0,23.0,66.9,clear,40.33,78.83,A_win,London,England,1966-07-23,0.1682,1.32,0.049,0.036,34.94,1695,13,522.2,0.16,30.51,0.678,76.6,52.6,19.34,0.28,0.7986666666666666,2.61,0.1863333333333333,McDonald's,restaurant,20.29,74.13,0.517,0.758,0.819,0.654,0.569,real_sponsor_names_with_proxy_commercial_metrics,0.4256813568338741,1753,15,591.7,0.26,33.16,0.743,76.8,58.0,19.5,0.2623333333333333,0.8586666666666667,3.813333333333333,0.2106666666666666,Hyundai,automotive,30.74,590.0,1.0,0.338,0.813,0.936,0.851,real_sponsor_names_with_proxy_commercial_metrics,0.7681302767229082,-58,-69.5,-2,-0.2000000000000028,-0.1,-0.06,0.0176666666666666,0.7074856858162286,0.4526100423582406,3.349,0.12,0.17198929270417193,0.24853333333333336,0.68589,0.2502708199529009,0.2,0.36040479604127157
194,1966,Germany,Uruguay,tournament,True,0.0,77.0,31.8,58.7,clear,46.92,87.06,A_win,Sheffield,England,1966-07-23,0.1779,1.98,0.258,0.176,51.47,1798,20,646.1,0.4,35.62,0.797,81.3,65.9,22.15,0.2123333333333333,0.851,5.576666666666667,0.3273333333333333,Coca-Cola,beverage,29.19,300.0,1.0,0.286,0.859,0.907,0.902,real_sponsor_names_with_proxy_commercial_metrics,0.7215038709709707,1684,10,508.3,0.07,29.28,0.661,74.8,44.8,20.58,0.1356666666666666,0.8753333333333333,1.923333333333333,0.1913333333333333,Vivo,technology,19.75,76.46,0.542,0.306,0.797,0.741,0.63,real_sponsor_names_with_proxy_commercial_metrics,0.4351767440908576,114,137.8,10,6.5,0.33,-0.0243333333333333,0.0766666666666666,0.9510351228677828,0.6250682694405466,4.218,0.12,0.2904868352200148,0.18699999999999997,0.90283,0.44374045529151507,0.2,0.5374536115203891
195,1966,Hungary,Russia,tournament,True,0.0,43.6,8.3,45.1,cloudy,44.72,99.68,B_win,Sunderland,England,1966-07-23,0.296,1.6,0.149,0.134,50.42,1691,5,513.5,0.03,27.22,0.652,78.9,42.6,16.61,0.1083333333333333,0.8380000000000001,2.99,0.2826666666666667,Adidas,apparel,33.47,1830.0,1.0,0.501,0.712,0.937,0.887,real_sponsor_names_with_proxy_commercial_metrics,0.931713528183716,1676,8,497.3,0.07,27.98,0.645,72.7,49.8,18.23,0.1086666666666666,0.8123333333333332,5.670000000000001,0.13,Hyundai,automotive,26.07,590.0,1.0,0.245,0.69,0.874,0.885,real_sponsor_names_with_proxy_commercial_metrics,0.6793986692072507,15,16.19999999999999,-3,6.200000000000003,-0.04,0.0256666666666668,-0.0003333333333333,0.6789758272283496,0.4662726927457505,3.651,0.22,0.308083857763735,0.12979999999999994,0.84634,0.5264201098979518,0.2,0.542483972285649
196,1966,North Korea,Portugal,tournament,True,0.0,46.4,14.5,59.1,clear,55.72,121.54,B_win,Liverpool,England,1966-07-23,0.133,0.81,0.121,0.088,58.56,1482,1,257.6,-0.57,14.55,0.394,66.9,26.9,8.790000000000001,0.1546666666666666,0.706,4.253333333333333,0.251,Adidas,apparel,26.45,1830.0,1.0,0.274,0.656,0.915,0.861,real_sponsor_names_with_proxy_commercial_metrics,0.8228125678496869,1702,6,527.3,0.14,27.94,0.666,76.8,47.1,14.4,0.2406666666666666,0.7363333333333334,3.2266666666666666,0.0836666666666666,Mengniu,consumer_goods,17.76,59.99,0.368,0.468,0.8,0.643,0.574,real_sponsor_names_with_proxy_commercial_metrics,0.3588124240475937,-220,-269.69999999999993,-5,-9.899999999999991,-0.71,-0.0303333333333334,-0.086,0.2131752452966871,0.3816335772425191,3.493,0.12,0.3464623234766159,0.21039999999999998,0.8134199999999999,0.38564226075786767,0.2,0.49087968260715337
197,1966,Germany,Russia,tournament,True,0.0,66.4,15.9,57.6,clear,44.72,106.71,A_win,Liverpool,England,1966-07-25,0.2569,5.13,0.152,0.155,36.31,1798,20,646.1,0.4,35.62,0.797,81.3,65.9,22.15,0.2123333333333333,0.851,5.576666666666667,0.3273333333333333,Coca-Cola,beverage,29.19,300.0,1.0,0.286,0.859,0.907,0.902,real_sponsor_names_with_proxy_commercial_metrics,0.7215038709709707,1676,8,497.3,0.07,27.98,0.645,72.7,49.8,18.23,0.1086666666666666,0.8123333333333332,5.670000000000001,0.13,Hyundai,automotive,26.07,590.0,1.0,0.245,0.69,0.874,0.885,real_sponsor_names_with_proxy_commercial_metrics,0.6793986692072507,122,148.8,12,8.599999999999994,0.33,0.0386666666666667,0.1036666666666667,0.9510351228677828,0.6220199351175967,4.131,0.12,0.2727404587860151,0.18699999999999997,0.90283,0.3427445943052879,0.2,0.5330508026231631
198,1966,England,Portugal,tournament,False,0.18,52.9,20.8,61.1,clear,44.72,152.65,A_win,London,England,1966-07-26,0.2943,1.18,0.151,0.162,41.92,1695,13,522.2,0.16,30.51,0.678,76.6,52.6,19.34,0.28,0.7986666666666666,2.61,0.1863333333333333,McDonald's,restaurant,20.29,74.13,0.517,0.758,0.819,0.654,0.569,real_sponsor_names_with_proxy_commercial_metrics,0.4256813568338741,1702,6,527.3,0.14,27.94,0.666,76.8,47.1,14.4,0.2406666666666666,0.7363333333333334,3.2266666666666666,0.0836666666666666,Mengniu,consumer_goods,17.76,59.99,0.368,0.468,0.8,0.643,0.574,real_sponsor_names_with_proxy_commercial_metrics,0.3588124240475937,-7,-5.099999999999909,7,-0.2000000000000028,0.0199999999999999,0.0623333333333332,0.0393333333333333,0.7074856858162286,0.498045516378041,3.488,0.12,0.3326245057781076,0.24853333333333336,0.68589,0.23041140369656746,0.2,0.40525377138160285
199,1966,Portugal,Russia,tournament,True,0.0,57.9,21.5,93.3,clear,44.72,121.89,A_win,London,England,1966-07-28,0.2277,2.74,0.268,0.172,50.83,1702,6,527.3,0.14,27.94,0.666,76.8,47.1,14.4,0.2406666666666666,0.7363333333333334,3.2266666666666666,0.0836666666666666,Mengniu,consumer_goods,17.76,59.99,0.368,0.468,0.8,0.643,0.574,real_sponsor_names_with_proxy_commercial_metrics,0.3588124240475937,1676,8,497.3,0.07,27.98,0.645,72.7,49.8,18.23,0.1086666666666666,0.8123333333333332,5.670000000000001,0.13,Hyundai,automotive,26.07,590.0,1.0,0.245,0.69,0.874,0.885,real_sponsor_names_with_proxy_commercial_metrics,0.6793986692072507,26,29.999999999999943,-2,4.099999999999994,0.07,-0.0759999999999998,0.132,0.6820304126224132,0.3841861854292449,3.324,0.12,0.3158164792044492,0.24986666666666663,0.64909,0.35133911368015414,0.2,0.3487310095325009
200,1966,England,Germany,tournament,False,0.18,55.9,14.0,49.6,clear,51.32,154.95,A_win,London,England,1966-07-30,0.3099,-0.23,0.161,0.151,44.27,1695,13,522.2,0.16,30.51,0.678,76.6,52.6,19.34,0.28,0.7986666666666666,2.61,0.1863333333333333,McDonald's,restaurant,20.29,74.13,0.517,0.758,0.819,0.654,0.569,real_sponsor_names_with_proxy_commercial_metrics,0.4256813568338741,1798,20,646.1,0.4,35.62,0.797,81.3,65.9,22.15,0.2123333333333333,0.851,5.576666666666667,0.3273333333333333,Coca-Cola,beverage,29.19,300.0,1.0,0.286,0.859,0.907,0.902,real_sponsor_names_with_proxy_commercial_metrics,0.7215038709709707,-103,-123.89999999999998,-7,-4.700000000000003,-0.24,-0.0523333333333333,0.0676666666666666,0.7074856858162286,0.5285152647555423,3.574,0.12,0.3768411398384069,0.24853333333333336,0.68589,0.35759865838863913,0.2,0.4226286277393631
201,1970,Mexico,Russia,tournament,False,0.18,62.4,17.1,64.8,clear,39.58,80.28,draw,Mexico City,Mexico,1970-05-31,0.3692,2.86,0.163,0.261,40.43,1612,10,421.9,-0.18,26.83,0.584,72.1,37.6,18.89,0.2446666666666666,0.7546666666666667,1.1233333333333333,0.211,Hyundai,automotive,28.5,590.0,1.0,0.636,0.712,0.897,0.88,real_sponsor_names_with_proxy_commercial_metrics,0.7185336170151837,1676,8,497.3,0.07,27.98,0.645,72.7,49.8,18.23,0.1086666666666666,0.8123333333333332,5.670000000000001,0.13,Hyundai,automotive,26.07,590.0,1.0,0.245,0.69,0.874,0.885,real_sponsor_names_with_proxy_commercial_metrics,0.6793986692072507,-64,-75.40000000000003,2,-0.6000000000000085,-0.25,-0.0576666666666665,0.136,0.5181915824104364,0.4089043447124061,3.519,0.12,0.29285150820318223,0.24493333333333328,0.83529,0.3426418325840291,0.2,0.46375618624375425
202,1970,Bulgaria,Peru,tournament,True,0.0,76.3,17.8,75.1,hot,50.58,127.01,B_win,León,Mexico,1970-06-02,0.1494,0.37,0.086,0.203,56.54,1502,4,286.8,-0.46,19.9,0.447,65.2,28.9,10.5,0.3979999999999999,0.719,2.9800000000000004,-0.0613333333333333,Hisense,technology,33.88,1070.0,1.0,0.2,0.675,0.918,0.633,real_sponsor_names_with_proxy_commercial_metrics,0.8252717468149495,1576,3,374.1,-0.28,21.13,0.516,66.6,39.7,14.92,0.2316666666666666,0.8953333333333333,3.016666666666667,0.1463333333333333,Hisense,technology,33.45,1070.0,1.0,0.314,0.647,0.931,0.617,real_sponsor_names_with_proxy_commercial_metrics,0.8155266737460563,-74,-87.30000000000001,1,-1.3999999999999917,-0.18,-0.1763333333333333,0.1663333333333333,0.2468311715404268,0.3123844556128714,3.324,0.62,0.350642372944245,0.35119999999999996,0.78795,0.5689399129379862,0.2,0.4609023413960409
203,1970,England,Romania,tournament,True,0.0,59.2,37.7,59.6,clear,41.78,140.73,A_win,Guadalajara,Mexico,1970-06-02,0.3202,0.32,0.187,0.122,44.22,1695,13,522.2,0.16,30.51,0.678,76.6,52.6,19.34,0.28,0.7986666666666666,2.61,0.1863333333333333,McDonald's,restaurant,20.29,74.13,0.517,0.758,0.819,0.654,0.569,real_sponsor_names_with_proxy_commercial_metrics,0.4256813568338741,1634,3,443.7,0.0,23.69,0.581,73.6,37.4,11.0,0.1443333333333333,0.7826666666666666,1.6033333333333335,0.135,Qatar Airways,airline,19.84,68.58,0.459,0.365,0.75,0.711,0.645,real_sponsor_names_with_proxy_commercial_metrics,0.4101980603082731,61,78.50000000000006,10,3.0,0.16,0.016,0.1356666666666666,0.7074856858162286,0.4806792767208617,3.507,0.12,0.3113381690757803,0.24853333333333336,0.68589,0.6010975522728895,0.2,0.3961339569371272
204,1970,Israel,Uruguay,tournament,True,0.0,66.4,33.8,95.4,windy,43.98,148.46,B_win,Puebla,Mexico,1970-06-02,0.2053,2.57,0.043,0.052,43.94,1388,1,142.7,-0.33,8.65,0.277,61.1,14.8,4.76,0.2046666666666666,0.9086666666666666,3.2100000000000004,-0.0766666666666666,Budweiser,beverage,29.1,350.0,1.0,0.2,0.524,0.881,0.598,real_sponsor_names_with_proxy_commercial_metrics,0.6476696460610212,1684,10,508.3,0.07,29.28,0.661,74.8,44.8,20.58,0.1356666666666666,0.8753333333333333,1.923333333333333,0.1913333333333333,Vivo,technology,19.75,76.46,0.542,0.306,0.797,0.741,0.63,real_sponsor_names_with_proxy_commercial_metrics,0.4351767440908576,-296,-365.6,-9,-13.699999999999996,-0.4,0.0333333333333333,0.069,0.0094339622641509,0.2354650281311138,2.959,0.48,0.27925142065631753,0.15933333333333333,0.71003,0.7983438235923784,0.2,0.3830654070626205
205,1970,Belgium,El Salvador,tournament,True,0.0,31.3,20.5,52.0,windy,46.18,107.73,A_win,Mexico City,Mexico,1970-06-03,0.2721,5.02,0.128,0.091,44.44,1674,9,495.4,0.02,28.38,0.646,71.5,40.4,23.19,0.142,0.7919999999999999,3.7566666666666655,0.0076666666666666,Visa,finance,26.85,250.0,1.0,0.538,0.72,0.914,0.914,real_sponsor_names_with_proxy_commercial_metrics,0.6636131480729871,1404,1,163.9,-1.0,11.34,0.308,61.9,14.8,7.67,0.297,0.8106666666666666,3.016666666666666,0.3783333333333333,Budweiser,beverage,33.75,350.0,1.0,0.547,0.582,0.92,0.654,real_sponsor_names_with_proxy_commercial_metrics,0.7290398548292885,270,331.5,8,9.6,1.02,-0.0186666666666667,-0.155,0.6045045124588039,0.5425406618443926,3.545,0.48,0.2900004071025984,0.16840000000000002,0.8480000000000001,0.34289388425033895,0.2,0.4937946222744666
206,1970,Brazil,Czechoslovakia,tournament,True,0.0,57.4,20.8,63.2,clear,50.58,151.23,A_win,Guadalajara,Mexico,1970-06-03,0.1503,3.72,0.35,0.274,56.36,1829,20,683.6,0.5,36.78,0.83,78.8,57.4,18.61,0.1376666666666667,0.7313333333333333,3.723333333333333,0.206,Adidas,apparel,33.15,1830.0,1.0,0.369,0.809,0.916,0.861,real_sponsor_names_with_proxy_commercial_metrics,0.9383411482254695,1636,5,447.8,-0.1,25.08,0.592,72.1,45.6,14.05,0.2196666666666666,0.848,2.25,0.1806666666666666,Visa,finance,31.09,250.0,1.0,0.557,0.715,0.89,0.868,real_sponsor_names_with_proxy_commercial_metrics,0.7140096825197512,193,235.8,15,6.700000000000003,0.6,-0.1166666666666667,-0.0819999999999999,0.9764150943396226,0.5218585528856394,4.272,0.12,0.38557874430594674,0.19006666666666672,0.87793,0.23948547777064152,0.2,0.5759442192432811
207,1970,Germany,Morocco,tournament,True,0.0,47.0,16.1,45.2,rain,46.18,244.26,A_win,León,Mexico,1970-06-03,0.2616,3.87,-0.081,0.026,42.58,1798,20,646.1,0.4,35.62,0.797,81.3,65.9,22.15,0.2123333333333333,0.851,5.576666666666667,0.3273333333333333,Coca-Cola,beverage,29.19,300.0,1.0,0.286,0.859,0.907,0.902,real_sponsor_names_with_proxy_commercial_metrics,0.7215038709709707,1552,4,345.5,-0.26,21.17,0.496,69.2,34.3,12.67,0.2156666666666666,0.86,4.223333333333334,-0.0613333333333333,Mengniu,consumer_goods,19.44,62.12,0.391,0.28,0.668,0.598,0.65,real_sponsor_names_with_proxy_commercial_metrics,0.3643404839870979,246,300.6,16,12.099999999999994,0.66,-0.009,-0.0033333333333333,0.9510351228677828,0.6764723590580102,4.111,0.48,0.3677561551764208,0.18699999999999997,0.90283,0.4279620352529794,0.2,0.56730062060456
208,1970,Italy,Sweden,tournament,True,0.0,42.2,11.6,52.4,cloudy,41.78,118.81,A_win,Toluca,Mexico,1970-06-03,0.1958,2.53,0.138,0.146,46.14,1755,14,594.5,0.34,33.03,0.744,77.8,61.6,11.04,0.3303333333333333,0.8929999999999999,1.3333333333333333,0.0393333333333333,Visa,finance,33.4,250.0,1.0,0.316,0.761,0.842,0.918,real_sponsor_names_with_proxy_commercial_metrics,0.749976237843342,1654,9,471.1,0.0,27.67,0.624,74.4,39.2,19.34,0.1766666666666666,0.6789999999999999,3.783333333333333,0.1453333333333333,Budweiser,beverage,26.29,350.0,1.0,0.625,0.705,0.91,0.618,real_sponsor_names_with_proxy_commercial_metrics,0.6436681220526703,101,123.39999999999998,5,3.3999999999999915,0.34,0.2139999999999999,0.1536666666666667,0.8187106162327391,0.3027981080527919,3.307,0.22,0.27120969124113026,0.24100000000000002,0.84782,0.4721251694854778,0.2,0.4392545055854099
209,1970,Belgium,Russia,tournament,True,0.0,46.6,22.3,62.0,rain,50.58,119.04,B_win,Mexico City,Mexico,1970-06-06,0.2679,2.1,0.141,0.234,47.3,1674,9,495.4,0.02,28.38,0.646,71.5,40.4,23.19,0.142,0.7919999999999999,3.7566666666666655,0.0076666666666666,Visa,finance,26.85,250.0,1.0,0.538,0.72,0.914,0.914,real_sponsor_names_with_proxy_commercial_metrics,0.6636131480729871,1676,8,497.3,0.07,27.98,0.645,72.7,49.8,18.23,0.1086666666666666,0.8123333333333332,5.670000000000001,0.13,Hyundai,automotive,26.07,590.0,1.0,0.245,0.69,0.874,0.885,real_sponsor_names_with_proxy_commercial_metrics,0.6793986692072507,-2,-1.900000000000034,1,-1.2000000000000028,-0.05,-0.0203333333333333,0.0333333333333333,0.6045045124588039,0.5662576629822413,3.528,0.48,0.3623008542510448,0.16840000000000002,0.8480000000000001,0.35488988796117893,0.2,0.5148954720227534
210,1970,Czechoslovakia,Romania,tournament,True,0.0,53.7,17.0,71.5,clear,46.18,125.7,B_win,Guadalajara,Mexico,1970-06-06,0.2197,4.46,0.101,0.121,48.6,1636,5,447.8,-0.1,25.08,0.592,72.1,45.6,14.05,0.2196666666666666,0.848,2.25,0.1806666666666666,Visa,finance,31.09,250.0,1.0,0.557,0.715,0.89,0.868,real_sponsor_names_with_proxy_commercial_metrics,0.7140096825197512,1634,3,443.7,0.0,23.69,0.581,73.6,37.4,11.0,0.1443333333333333,0.7826666666666666,1.6033333333333335,0.135,Qatar Airways,airline,19.84,68.58,0.459,0.365,0.75,0.711,0.645,real_sponsor_names_with_proxy_commercial_metrics,0.4101980603082731,2,4.100000000000023,2,-1.5,-0.1,0.0653333333333333,0.0753333333333333,0.5283363782801519,0.4086690133048159,3.252,0.12,0.30631130254398387,0.19259999999999997,0.8329999999999999,0.37419360593734385,0.2,0.46811590803888553
211,1970,Italy,Uruguay,tournament,True,0.0,69.9,22.5,63.1,clear,39.58,116.06,draw,Puebla,Mexico,1970-06-06,0.2593,1.62,0.103,0.158,43.92,1755,14,594.5,0.34,33.03,0.744,77.8,61.6,11.04,0.3303333333333333,0.8929999999999999,1.3333333333333333,0.0393333333333333,Visa,finance,33.4,250.0,1.0,0.316,0.761,0.842,0.918,real_sponsor_names_with_proxy_commercial_metrics,0.749976237843342,1684,10,508.3,0.07,29.28,0.661,74.8,44.8,20.58,0.1356666666666666,0.8753333333333333,1.923333333333333,0.1913333333333333,Vivo,technology,19.75,76.46,0.542,0.306,0.797,0.741,0.63,real_sponsor_names_with_proxy_commercial_metrics,0.4351767440908576,71,86.19999999999999,4,3.0,0.27,0.0176666666666666,0.1946666666666667,0.8187106162327391,0.291951009694678,3.419,0.12,0.27251349440732603,0.24100000000000002,0.84782,0.22084528651966034,0.2,0.4364780786783772
212,1970,Morocco,Peru,tournament,True,0.0,40.8,13.4,78.1,clear,46.18,126.5,B_win,León,Mexico,1970-06-06,0.3398,4.55,0.127,0.169,45.17,1552,4,345.5,-0.26,21.17,0.496,69.2,34.3,12.67,0.2156666666666666,0.86,4.223333333333334,-0.0613333333333333,Mengniu,consumer_goods,19.44,62.12,0.391,0.28,0.668,0.598,0.65,real_sponsor_names_with_proxy_commercial_metrics,0.3643404839870979,1576,3,374.1,-0.28,21.13,0.516,66.6,39.7,14.92,0.2316666666666666,0.8953333333333333,3.016666666666667,0.1463333333333333,Hisense,technology,33.45,1070.0,1.0,0.314,0.647,0.931,0.617,real_sponsor_names_with_proxy_commercial_metrics,0.8155266737460563,-24,-28.600000000000023,1,2.6000000000000085,0.02,-0.0353333333333333,-0.0159999999999999,0.3627181368394233,0.3827327916712288,2.772,0.12,0.3433531721230812,0.18539999999999995,0.59794,0.4963537429529722,0.2,0.3518651322494638
213,1970,Brazil,England,tournament,True,0.0,58.4,18.4,56.5,cloudy,41.78,118.35,A_win,Guadalajara,Mexico,1970-06-07,0.3637,5.4,0.1,0.109,37.25,1829,20,683.6,0.5,36.78,0.83,78.8,57.4,18.61,0.1376666666666667,0.7313333333333333,3.723333333333333,0.206,Adidas,apparel,33.15,1830.0,1.0,0.369,0.809,0.916,0.861,real_sponsor_names_with_proxy_commercial_metrics,0.9383411482254695,1695,13,522.2,0.16,30.51,0.678,76.6,52.6,19.34,0.28,0.7986666666666666,2.61,0.1863333333333333,McDonald's,restaurant,20.29,74.13,0.517,0.758,0.819,0.654,0.569,real_sponsor_names_with_proxy_commercial_metrics,0.4256813568338741,134,161.39999999999998,7,2.200000000000003,0.3399999999999999,-0.0673333333333333,-0.1423333333333333,0.9764150943396226,0.4708524381545502,4.166,0.22,0.28648910900365127,0.19006666666666672,0.87793,0.3129626061514309,0.2,0.541844580058117
214,1970,Bulgaria,Germany,tournament,True,0.0,51.7,23.9,52.7,windy,54.98,104.88,B_win,León,Mexico,1970-06-07,0.3195,1.03,0.137,0.195,43.89,1502,4,286.8,-0.46,19.9,0.447,65.2,28.9,10.5,0.3979999999999999,0.719,2.9800000000000004,-0.0613333333333333,Hisense,technology,33.88,1070.0,1.0,0.2,0.675,0.918,0.633,real_sponsor_names_with_proxy_commercial_metrics,0.8252717468149495,1798,20,646.1,0.4,35.62,0.797,81.3,65.9,22.15,0.2123333333333333,0.851,5.576666666666667,0.3273333333333333,Coca-Cola,beverage,29.19,300.0,1.0,0.286,0.859,0.907,0.902,real_sponsor_names_with_proxy_commercial_metrics,0.7215038709709707,-296,-359.3,-16,-16.099999999999994,-0.8600000000000001,-0.132,0.1856666666666666,0.2468311715404268,0.3244590161553678,3.104,0.48,0.37163073925878437,0.35119999999999996,0.78795,0.3563231998858203,0.2,0.4684808916108478
215,1970,Israel,Sweden,tournament,True,0.0,53.7,25.2,96.0,rain,43.98,95.99,draw,Toluca,Mexico,1970-06-07,0.2371,1.34,0.081,0.076,47.12,1388,1,142.7,-0.33,8.65,0.277,61.1,14.8,4.76,0.2046666666666666,0.9086666666666666,3.2100000000000004,-0.0766666666666666,Budweiser,beverage,29.1,350.0,1.0,0.2,0.524,0.881,0.598,real_sponsor_names_with_proxy_commercial_metrics,0.6476696460610212,1654,9,471.1,0.0,27.67,0.624,74.4,39.2,19.34,0.1766666666666666,0.6789999999999999,3.783333333333333,0.1453333333333333,Budweiser,beverage,26.29,350.0,1.0,0.625,0.705,0.91,0.618,real_sponsor_names_with_proxy_commercial_metrics,0.6436681220526703,-266,-328.40000000000003,-8,-13.300000000000004,-0.33,0.2296666666666666,0.0279999999999999,0.0094339622641509,0.2171971196969594,2.864,0.48,0.26290406895054674,0.15933333333333333,0.71003,0.5772369942196531,0.2,0.3746809223599031
216,1970,Mexico,El Salvador,tournament,False,0.18,71.0,25.5,64.3,rain,48.38,132.59,A_win,Mexico City,Mexico,1970-06-07,0.2266,1.65,0.281,0.263,48.57,1612,10,421.9,-0.18,26.83,0.584,72.1,37.6,18.89,0.2446666666666666,0.7546666666666667,1.1233333333333333,0.211,Hyundai,automotive,28.5,590.0,1.0,0.636,0.712,0.897,0.88,real_sponsor_names_with_proxy_commercial_metrics,0.7185336170151837,1404,1,163.9,-1.0,11.34,0.308,61.9,14.8,7.67,0.297,0.8106666666666666,3.016666666666666,0.3783333333333333,Budweiser,beverage,33.75,350.0,1.0,0.547,0.582,0.92,0.654,real_sponsor_names_with_proxy_commercial_metrics,0.7290398548292885,208,258.0,9,10.199999999999996,0.8200000000000001,-0.0559999999999999,-0.0523333333333333,0.5181915824104364,0.4666751909257828,3.871,0.48,0.35935846623474477,0.24493333333333328,0.83529,0.4480651537857704,0.2,0.49323341478981225
217,1970,Brazil,Romania,tournament,True,0.0,65.0,15.1,46.5,windy,50.58,138.0,A_win,Guadalajara,Mexico,1970-06-10,0.0895,-0.28,0.1,0.081,44.24,1829,20,683.6,0.5,36.78,0.83,78.8,57.4,18.61,0.1376666666666667,0.7313333333333333,3.723333333333333,0.206,Adidas,apparel,33.15,1830.0,1.0,0.369,0.809,0.916,0.861,real_sponsor_names_with_proxy_commercial_metrics,0.9383411482254695,1634,3,443.7,0.0,23.69,0.581,73.6,37.4,11.0,0.1443333333333333,0.7826666666666666,1.6033333333333335,0.135,Qatar Airways,airline,19.84,68.58,0.459,0.365,0.75,0.711,0.645,real_sponsor_names_with_proxy_commercial_metrics,0.4101980603082731,195,239.90000000000003,17,5.200000000000003,0.5,-0.0513333333333333,-0.0066666666666666,0.9764150943396226,0.5172524078773706,4.327,0.48,0.2822638180680233,0.19006666666666672,0.87793,0.45959087989723824,0.2,0.5539915133933812
218,1970,El Salvador,Russia,tournament,True,0.0,75.4,28.1,46.9,rain,43.98,107.25,B_win,Mexico City,Mexico,1970-06-10,0.2043,1.81,0.165,0.127,48.2,1404,1,163.9,-1.0,11.34,0.308,61.9,14.8,7.67,0.297,0.8106666666666666,3.016666666666666,0.3783333333333333,Budweiser,beverage,33.75,350.0,1.0,0.547,0.582,0.92,0.654,real_sponsor_names_with_proxy_commercial_metrics,0.7290398548292885,1676,8,497.3,0.07,27.98,0.645,72.7,49.8,18.23,0.1086666666666666,0.8123333333333332,5.670000000000001,0.13,Hyundai,automotive,26.07,590.0,1.0,0.245,0.69,0.874,0.885,real_sponsor_names_with_proxy_commercial_metrics,0.6793986692072507,-272,-333.4,-7,-10.800000000000004,-1.07,-0.0016666666666665,0.1883333333333333,0.0431061466958511,0.3264429866226495,3.003,0.48,0.27717485911985656,0.25393333333333334,0.7525399999999999,0.44051002640405335,0.2,0.42792817323734245
219,1970,Germany,Peru,tournament,True,0.0,56.0,18.2,42.9,clear,48.38,131.57,A_win,León,Mexico,1970-06-10,0.3513,5.53,0.066,0.07,53.77,1798,20,646.1,0.4,35.62,0.797,81.3,65.9,22.15,0.2123333333333333,0.851,5.576666666666667,0.3273333333333333,Coca-Cola,beverage,29.19,300.0,1.0,0.286,0.859,0.907,0.902,real_sponsor_names_with_proxy_commercial_metrics,0.7215038709709707,1576,3,374.1,-0.28,21.13,0.516,66.6,39.7,14.92,0.2316666666666666,0.8953333333333333,3.016666666666667,0.1463333333333333,Hisense,technology,33.45,1070.0,1.0,0.314,0.647,0.931,0.617,real_sponsor_names_with_proxy_commercial_metrics,0.8155266737460563,222,272.0,17,14.700000000000005,0.68,-0.0443333333333333,-0.0193333333333333,0.9510351228677828,0.6471279699063321,4.099,0.12,0.359190139374762,0.18699999999999997,0.90283,0.2193994861913937,0.2,0.5573709884817584
220,1970,Sweden,Uruguay,tournament,True,0.0,49.0,26.8,73.0,hot,41.78,121.45,A_win,Puebla,Mexico,1970-06-10,0.389,0.6,0.194,0.138,45.93,1654,9,471.1,0.0,27.67,0.624,74.4,39.2,19.34,0.1766666666666666,0.6789999999999999,3.783333333333333,0.1453333333333333,Budweiser,beverage,26.29,350.0,1.0,0.625,0.705,0.91,0.618,real_sponsor_names_with_proxy_commercial_metrics,0.6436681220526703,1684,10,508.3,0.07,29.28,0.661,74.8,44.8,20.58,0.1356666666666666,0.8753333333333333,1.923333333333333,0.1913333333333333,Vivo,technology,19.75,76.46,0.542,0.306,0.797,0.741,0.63,real_sponsor_names_with_proxy_commercial_metrics,0.4351767440908576,-30,-37.19999999999999,-1,-0.3999999999999915,-0.07,-0.1963333333333333,0.041,0.6002235585615322,0.4634457020524601,3.625,0.62,0.324231742381253,0.2344,0.7963,0.575472775280097,0.2,0.46250949434358035
221,1970,Bulgaria,Morocco,tournament,True,0.0,55.1,22.9,52.2,clear,43.98,161.22,draw,León,Mexico,1970-06-11,0.3313,5.58,0.178,0.148,43.83,1502,4,286.8,-0.46,19.9,0.447,65.2,28.9,10.5,0.3979999999999999,0.719,2.9800000000000004,-0.0613333333333333,Hisense,technology,33.88,1070.0,1.0,0.2,0.675,0.918,0.633,real_sponsor_names_with_proxy_commercial_metrics,0.8252717468149495,1552,4,345.5,-0.26,21.17,0.496,69.2,34.3,12.67,0.2156666666666666,0.86,4.223333333333334,-0.0613333333333333,Mengniu,consumer_goods,19.44,62.12,0.391,0.28,0.668,0.598,0.65,real_sponsor_names_with_proxy_commercial_metrics,0.3643404839870979,-50,-58.69999999999999,0,-4.0,-0.2,-0.141,0.1823333333333333,0.2468311715404268,0.29462599629447,3.202,0.12,0.34660158360276433,0.35119999999999996,0.78795,0.18415114536501817,0.2,0.4551218149185924
222,1970,Czechoslovakia,England,tournament,True,0.0,61.2,14.7,60.0,clear,41.78,116.12,B_win,Guadalajara,Mexico,1970-06-11,0.1081,1.89,0.153,0.024,47.28,1636,5,447.8,-0.1,25.08,0.592,72.1,45.6,14.05,0.2196666666666666,0.848,2.25,0.1806666666666666,Visa,finance,31.09,250.0,1.0,0.557,0.715,0.89,0.868,real_sponsor_names_with_proxy_commercial_metrics,0.7140096825197512,1695,13,522.2,0.16,30.51,0.678,76.6,52.6,19.34,0.28,0.7986666666666666,2.61,0.1863333333333333,McDonald's,restaurant,20.29,74.13,0.517,0.758,0.819,0.654,0.569,real_sponsor_names_with_proxy_commercial_metrics,0.4256813568338741,-59,-74.40000000000003,-8,-4.5,-0.26,0.0493333333333333,-0.0603333333333333,0.5283363782801519,0.3855543274250403,3.27,0.12,0.21815824046765367,0.19259999999999997,0.8329999999999999,0.38432883750802826,0.2,0.4440131835772823
223,1970,Israel,Italy,tournament,True,0.0,60.3,21.1,57.0,cloudy,39.58,126.48,draw,Toluca,Mexico,1970-06-11,0.1335,7.24,0.038,0.074,43.34,1388,1,142.7,-0.33,8.65,0.277,61.1,14.8,4.76,0.2046666666666666,0.9086666666666666,3.2100000000000004,-0.0766666666666666,Budweiser,beverage,29.1,350.0,1.0,0.2,0.524,0.881,0.598,real_sponsor_names_with_proxy_commercial_metrics,0.6476696460610212,1755,14,594.5,0.34,33.03,0.744,77.8,61.6,11.04,0.3303333333333333,0.8929999999999999,1.3333333333333333,0.0393333333333333,Visa,finance,33.4,250.0,1.0,0.316,0.761,0.842,0.918,real_sponsor_names_with_proxy_commercial_metrics,0.749976237843342,-367,-451.8,-13,-16.699999999999996,-0.67,0.0156666666666667,-0.1256666666666667,0.0094339622641509,0.2080331693033009,2.928,0.22,0.22357537710828881,0.15933333333333333,0.71003,0.2448918861057589,0.2,0.3642492778812271
224,1970,Mexico,Belgium,tournament,False,0.18,43.9,25.2,69.7,windy,41.78,102.59,A_win,Mexico City,Mexico,1970-06-11,0.195,1.37,0.059,0.077,34.16,1612,10,421.9,-0.18,26.83,0.584,72.1,37.6,18.89,0.2446666666666666,0.7546666666666667,1.1233333333333333,0.211,Hyundai,automotive,28.5,590.0,1.0,0.636,0.712,0.897,0.88,real_sponsor_names_with_proxy_commercial_metrics,0.7185336170151837,1674,9,495.4,0.02,28.38,0.646,71.5,40.4,23.19,0.142,0.7919999999999999,3.7566666666666655,0.0076666666666666,Visa,finance,26.85,250.0,1.0,0.538,0.72,0.914,0.914,real_sponsor_names_with_proxy_commercial_metrics,0.6636131480729871,-62,-73.5,1,0.5999999999999943,-0.1999999999999999,-0.0373333333333332,0.1026666666666666,0.5181915824104364,0.4265614352369401,3.524,0.48,0.21271162552340128,0.24493333333333328,0.83529,0.4635950189110112,0.2,0.4526721950546676
225,1970,Brazil,Peru,tournament,True,0.0,59.2,26.7,44.5,clear,52.78,177.03,A_win,Guadalajara,Mexico,1970-06-14,0.4946,2.5,0.255,0.254,59.81,1829,20,683.6,0.5,36.78,0.83,78.8,57.4,18.61,0.1376666666666667,0.7313333333333333,3.723333333333333,0.206,Adidas,apparel,33.15,1830.0,1.0,0.369,0.809,0.916,0.861,real_sponsor_names_with_proxy_commercial_metrics,0.9383411482254695,1576,3,374.1,-0.28,21.13,0.516,66.6,39.7,14.92,0.2316666666666666,0.8953333333333333,3.016666666666667,0.1463333333333333,Hisense,technology,33.45,1070.0,1.0,0.314,0.647,0.931,0.617,real_sponsor_names_with_proxy_commercial_metrics,0.8155266737460563,253,309.5,17,12.200000000000005,0.78,-0.164,-0.0939999999999999,0.9764150943396226,0.5407307186995807,4.334,0.12,0.5154040182021693,0.19006666666666672,0.87793,0.24972347106258475,0.2,0.6071934804504292
226,1970,England,Germany,tournament,True,0.0,61.0,22.2,40.8,cloudy,50.58,160.57,B_win,León,Mexico,1970-06-14,0.1081,0.89,0.059,0.11,49.45,1695,13,522.2,0.16,30.51,0.678,76.6,52.6,19.34,0.28,0.7986666666666666,2.61,0.1863333333333333,McDonald's,restaurant,20.29,74.13,0.517,0.758,0.819,0.654,0.569,real_sponsor_names_with_proxy_commercial_metrics,0.4256813568338741,1798,20,646.1,0.4,35.62,0.797,81.3,65.9,22.15,0.2123333333333333,0.851,5.576666666666667,0.3273333333333333,Coca-Cola,beverage,29.19,300.0,1.0,0.286,0.859,0.907,0.902,real_sponsor_names_with_proxy_commercial_metrics,0.7215038709709707,-103,-123.89999999999998,-7,-4.700000000000003,-0.24,-0.0523333333333333,0.0676666666666666,0.7074856858162286,0.5271453966743376,3.411,0.22,0.3239960137710498,0.24853333333333336,0.68589,0.1566837936202098,0.2,0.41167603946315434
227,1970,Mexico,Italy,tournament,False,0.18,90.7,32.2,61.6,clear,50.58,184.19,B_win,Toluca,Mexico,1970-06-14,0.3065,1.36,0.171,0.13,56.21,1612,10,421.9,-0.18,26.83,0.584,72.1,37.6,18.89,0.2446666666666666,0.7546666666666667,1.1233333333333333,0.211,Hyundai,automotive,28.5,590.0,1.0,0.636,0.712,0.897,0.88,real_sponsor_names_with_proxy_commercial_metrics,0.7185336170151837,1755,14,594.5,0.34,33.03,0.744,77.8,61.6,11.04,0.3303333333333333,0.8929999999999999,1.3333333333333333,0.0393333333333333,Visa,finance,33.4,250.0,1.0,0.316,0.761,0.842,0.918,real_sponsor_names_with_proxy_commercial_metrics,0.749976237843342,-143,-172.60000000000002,-4,-5.700000000000003,-0.52,-0.1383333333333332,-0.0856666666666667,0.5181915824104364,0.4945298617445112,3.918,0.12,0.41796009637021386,0.24493333333333328,0.83529,0.46667594376650257,0.2,0.51275304864615
228,1970,Russia,Uruguay,tournament,True,0.0,82.4,29.0,67.6,clear,41.78,145.79,B_win,Mexico City,Mexico,1970-06-14,0.2297,5.61,0.044,0.076,44.02,1676,8,497.3,0.07,27.98,0.645,72.7,49.8,18.23,0.1086666666666666,0.8123333333333332,5.670000000000001,0.13,Hyundai,automotive,26.07,590.0,1.0,0.245,0.69,0.874,0.885,real_sponsor_names_with_proxy_commercial_metrics,0.6793986692072507,1684,10,508.3,0.07,29.28,0.661,74.8,44.8,20.58,0.1356666666666666,0.8753333333333333,1.923333333333333,0.1913333333333333,Vivo,technology,19.75,76.46,0.542,0.306,0.797,0.741,0.63,real_sponsor_names_with_proxy_commercial_metrics,0.4351767440908576,-8,-11.0,-2,-2.0999999999999943,0.0,-0.063,-0.027,0.6134810916271758,0.5147582212960317,3.952,0.12,0.2783638189297689,0.14026666666666668,0.82105,0.4093648754727752,0.2,0.48539174635858284
229,1970,Brazil,Uruguay,tournament,True,0.0,46.9,21.5,63.3,clear,48.38,163.03,A_win,Guadalajara,Mexico,1970-06-17,0.2484,3.8,0.2,0.158,49.01,1829,20,683.6,0.5,36.78,0.83,78.8,57.4,18.61,0.1376666666666667,0.7313333333333333,3.723333333333333,0.206,Adidas,apparel,33.15,1830.0,1.0,0.369,0.809,0.916,0.861,real_sponsor_names_with_proxy_commercial_metrics,0.9383411482254695,1684,10,508.3,0.07,29.28,0.661,74.8,44.8,20.58,0.1356666666666666,0.8753333333333333,1.923333333333333,0.1913333333333333,Vivo,technology,19.75,76.46,0.542,0.306,0.797,0.741,0.63,real_sponsor_names_with_proxy_commercial_metrics,0.4351767440908576,145,175.3,10,4.0,0.43,-0.144,0.002,0.9764150943396226,0.516077169559295,4.17,0.12,0.3635495746807865,0.19006666666666672,0.87793,0.22170948405052449,0.2,0.5699195979868726
230,1970,Germany,Italy,tournament,True,0.0,54.3,27.5,45.0,rain,54.98,152.84,B_win,Mexico City,Mexico,1970-06-17,0.28,4.96,0.065,0.178,49.35,1798,20,646.1,0.4,35.62,0.797,81.3,65.9,22.15,0.2123333333333333,0.851,5.576666666666667,0.3273333333333333,Coca-Cola,beverage,29.19,300.0,1.0,0.286,0.859,0.907,0.902,real_sponsor_names_with_proxy_commercial_metrics,0.7215038709709707,1755,14,594.5,0.34,33.03,0.744,77.8,61.6,11.04,0.3303333333333333,0.8929999999999999,1.3333333333333333,0.0393333333333333,Visa,finance,33.4,250.0,1.0,0.316,0.761,0.842,0.918,real_sponsor_names_with_proxy_commercial_metrics,0.749976237843342,43,51.60000000000002,6,3.5,0.06,-0.0419999999999999,-0.118,0.9510351228677828,0.684202296576113,3.952,0.48,0.4055158807556658,0.18699999999999997,0.90283,0.4166932134446585,0.2,0.5770169482254778
231,1970,Germany,Uruguay,tournament,True,0.0,39.0,34.6,68.8,hot,41.78,127.87,A_win,Mexico City,Mexico,1970-06-20,0.1357,0.04,0.043,0.05,32.99,1798,20,646.1,0.4,35.62,0.797,81.3,65.9,22.15,0.2123333333333333,0.851,5.576666666666667,0.3273333333333333,Coca-Cola,beverage,29.19,300.0,1.0,0.286,0.859,0.907,0.902,real_sponsor_names_with_proxy_commercial_metrics,0.7215038709709707,1684,10,508.3,0.07,29.28,0.661,74.8,44.8,20.58,0.1356666666666666,0.8753333333333333,1.923333333333333,0.1913333333333333,Vivo,technology,19.75,76.46,0.542,0.306,0.797,0.741,0.63,real_sponsor_names_with_proxy_commercial_metrics,0.4351767440908576,114,137.8,10,6.5,0.33,-0.0243333333333333,0.0766666666666666,0.9510351228677828,0.6161707987766329,3.881,0.62,0.20555432207002405,0.18699999999999997,0.90283,0.7602148005423535,0.2,0.517975817104495
232,1970,Brazil,Italy,tournament,True,0.0,50.3,34.8,46.1,clear,50.58,194.68,A_win,Mexico City,Mexico,1970-06-21,0.1692,4.18,0.063,0.067,44.49,1829,20,683.6,0.5,36.78,0.83,78.8,57.4,18.61,0.1376666666666667,0.7313333333333333,3.723333333333333,0.206,Adidas,apparel,33.15,1830.0,1.0,0.369,0.809,0.916,0.861,real_sponsor_names_with_proxy_commercial_metrics,0.9383411482254695,1755,14,594.5,0.34,33.03,0.744,77.8,61.6,11.04,0.3303333333333333,0.8929999999999999,1.3333333333333333,0.0393333333333333,Visa,finance,33.4,250.0,1.0,0.316,0.761,0.842,0.918,real_sponsor_names_with_proxy_commercial_metrics,0.749976237843342,74,89.10000000000002,6,1.0,0.1599999999999999,-0.1616666666666666,-0.1926666666666666,0.9764150943396226,0.5369860661592054,4.252,0.12,0.3435014943968493,0.19006666666666672,0.87793,0.46733069292799534,0.2,0.5717644729780601
233,1974,Brazil,Yugoslavia,tournament,True,0.0,62.1,15.6,49.7,clear,41.04,97.71,draw,Frankfurt am Main,Germany,1974-06-13,0.2731,0.76,0.075,0.064,42.14,1829,20,683.6,0.5,36.78,0.83,78.8,57.4,18.61,0.1376666666666667,0.7313333333333333,3.723333333333333,0.206,Adidas,apparel,33.15,1830.0,1.0,0.369,0.809,0.916,0.861,real_sponsor_names_with_proxy_commercial_metrics,0.9383411482254695,1669,5,487.0,0.06,26.56,0.629,74.2,37.3,11.34,0.1803333333333333,0.851,3.0733333333333337,0.222,Qatar Airways,airline,17.82,67.59,0.448,0.779,0.762,0.645,0.666,real_sponsor_names_with_proxy_commercial_metrics,0.3755049748466676,160,196.6,15,4.599999999999994,0.44,-0.1196666666666667,-0.0426666666666666,0.9764150943396226,0.4603399118785504,4.045,0.12,0.24333891010406894,0.19006666666666672,0.87793,0.3164122600442446,0.2,0.5302710329209206
234,1974,DR Congo,Scotland,tournament,True,0.0,73.7,17.4,42.9,clear,45.44,108.9,B_win,Dortmund,Germany,1974-06-14,0.2334,-0.01,0.152,0.079,49.56,1388,1,142.7,-1.0,8.65,0.277,63.8,14.7,5.99,0.2876666666666667,0.7743333333333333,3.18,0.129,Visa,finance,33.01,250.0,1.0,0.563,0.521,0.896,0.811,real_sponsor_names_with_proxy_commercial_metrics,0.7058139622692292,1529,4,318.6,-0.35,20.39,0.472,67.9,31.6,17.66,0.1853333333333333,0.9116666666666668,1.8866666666666667,0.2256666666666666,Budweiser,beverage,26.35,350.0,1.0,0.459,0.686,0.905,0.601,real_sponsor_names_with_proxy_commercial_metrics,0.6396023182948416,-141,-175.90000000000003,-3,-4.1000000000000085,-0.65,-0.1373333333333334,0.1023333333333333,0.0349056603773584,0.256306335463004,2.869,0.12,0.2859323223393884,0.2628666666666667,0.74447,0.24020873474630702,0.2,0.40280138934213383
235,1974,German DR,Australia,tournament,True,0.0,48.5,31.9,78.8,clear,45.44,136.62,A_win,Hamburg,Germany,1974-06-14,0.3273,3.3,0.125,0.156,35.48,1577,1,370.6,0.0,17.34,0.491,72.0,38.2,12.35,0.1909999999999999,0.8003333333333332,3.3866666666666667,0.1413333333333333,Adidas,apparel,33.59,1830.0,1.0,0.443,0.653,0.937,0.841,real_sponsor_names_with_proxy_commercial_metrics,0.9206819206680584,1539,3,329.7,-0.4,20.21,0.479,69.8,32.1,7.37,0.2113333333333333,0.8620000000000001,3.056666666666666,0.0496666666666666,Hyundai,automotive,29.32,590.0,1.0,0.218,0.705,0.903,0.913,real_sponsor_names_with_proxy_commercial_metrics,0.7316309656581901,38,40.900000000000034,-2,2.200000000000003,0.4,-0.0616666666666668,-0.0203333333333333,0.4104549968879859,0.3849059264850829,3.663,0.12,0.31639370301910297,0.19446666666666662,0.8146599999999999,0.533193463212731,0.2,0.5104004609799778
236,1974,Germany,Chile,tournament,False,0.18,49.5,16.7,68.1,cloudy,43.24,138.8,A_win,Berlin,Germany,1974-06-14,0.2076,3.28,0.032,0.098,36.96,1798,20,646.1,0.4,35.62,0.797,81.3,65.9,22.15,0.2123333333333333,0.851,5.576666666666667,0.3273333333333333,Coca-Cola,beverage,29.19,300.0,1.0,0.286,0.859,0.907,0.902,real_sponsor_names_with_proxy_commercial_metrics,0.7215038709709707,1622,5,430.7,-0.12,24.93,0.579,72.9,38.6,16.65,0.135,0.8083333333333332,3.453333333333333,0.1826666666666666,Hisense,technology,27.36,1070.0,1.0,0.243,0.681,0.911,0.656,real_sponsor_names_with_proxy_commercial_metrics,0.7384557551656803,176,215.40000000000003,15,8.399999999999991,0.52,0.0426666666666667,0.0773333333333333,0.9510351228677828,0.6265393163718467,4.004,0.22,0.26274562283548725,0.18699999999999997,0.90283,0.40730571612074495,0.2,0.5323172621842476
237,1974,Italy,Haiti,tournament,True,0.0,30.1,15.1,67.7,rain,49.84,113.08,A_win,Munich,Germany,1974-06-15,0.4625,2.91,0.117,0.211,50.95,1755,14,594.5,0.34,33.03,0.744,77.8,61.6,11.04,0.3303333333333333,0.8929999999999999,1.3333333333333333,0.0393333333333333,Visa,finance,33.4,250.0,1.0,0.316,0.761,0.842,0.918,real_sponsor_names_with_proxy_commercial_metrics,0.749976237843342,1388,1,142.7,-1.0,8.65,0.277,62.3,12.0,6.44,0.31,0.874,0.8133333333333334,0.2476666666666666,Coca-Cola,beverage,32.91,300.0,1.0,0.378,0.561,0.904,0.889,real_sponsor_names_with_proxy_commercial_metrics,0.7230040379855844,367,451.8,13,15.5,1.34,0.0189999999999999,0.0203333333333333,0.8187106162327391,0.3370352773243146,3.257,0.48,0.41130125015306424,0.24100000000000002,0.84782,0.5511958181688432,0.2,0.47685922476382303
238,1974,Poland,Argentina,tournament,True,0.0,55.9,20.1,78.0,cloudy,52.04,145.63,A_win,Stuttgart,Germany,1974-06-15,0.2308,4.31,0.028,0.136,45.9,1685,6,506.6,0.05,27.64,0.65,72.7,42.5,15.85,0.2053333333333333,0.815,3.9733333333333327,0.268,Coca-Cola,beverage,28.97,300.0,1.0,0.581,0.749,0.899,0.847,real_sponsor_names_with_proxy_commercial_metrics,0.6960284847496763,1753,15,591.7,0.26,33.16,0.743,76.8,58.0,19.5,0.2623333333333333,0.8586666666666667,3.813333333333333,0.2106666666666666,Hyundai,automotive,30.74,590.0,1.0,0.338,0.813,0.936,0.851,real_sponsor_names_with_proxy_commercial_metrics,0.7681302767229082,-68,-85.10000000000002,-9,-4.099999999999994,-0.21,-0.0436666666666667,-0.057,0.616436840876696,0.5135249403445701,3.763,0.22,0.3522402840554008,0.1972,0.84638,0.36164418754014127,0.2,0.5039430764474822
239,1974,Sweden,Bulgaria,tournament,True,0.0,44.2,25.5,96.0,clear,41.04,114.23,draw,Düsseldorf,Germany,1974-06-15,0.3171,4.63,0.171,0.27,34.1,1654,9,471.1,0.0,27.67,0.624,74.4,39.2,19.34,0.1766666666666666,0.6789999999999999,3.783333333333333,0.1453333333333333,Budweiser,beverage,26.29,350.0,1.0,0.625,0.705,0.91,0.618,real_sponsor_names_with_proxy_commercial_metrics,0.6436681220526703,1502,4,286.8,-0.46,19.9,0.447,65.2,28.9,10.5,0.3979999999999999,0.719,2.9800000000000004,-0.0613333333333333,Hisense,technology,33.88,1070.0,1.0,0.2,0.675,0.918,0.633,real_sponsor_names_with_proxy_commercial_metrics,0.8252717468149495,152,184.3,5,9.200000000000005,0.46,-0.04,-0.2213333333333333,0.6002235585615322,0.4576054710153845,3.445,0.12,0.2978598043972029,0.2344,0.7963,0.44104046242774564,0.2,0.45559984205638915
240,1974,Uruguay,Netherlands,tournament,True,0.0,51.1,22.4,30.7,cloudy,45.44,69.83,B_win,Hanover,Germany,1974-06-15,0.1542,5.89,0.186,0.15,36.78,1684,10,508.3,0.07,29.28,0.661,74.8,44.8,20.58,0.1356666666666666,0.8753333333333333,1.923333333333333,0.1913333333333333,Vivo,technology,19.75,76.46,0.542,0.306,0.797,0.741,0.63,real_sponsor_names_with_proxy_commercial_metrics,0.4351767440908576,1746,9,581.1,0.35,31.14,0.724,75.8,49.9,15.97,0.1103333333333333,0.742,2.733333333333333,0.1786666666666666,Hisense,technology,32.27,1070.0,1.0,0.505,0.811,0.856,0.664,real_sponsor_names_with_proxy_commercial_metrics,0.8192941476500228,-62,-72.80000000000001,1,-1.0,-0.2799999999999999,0.1333333333333333,0.0253333333333333,0.6570661125383135,0.4975636331445061,3.235,0.22,0.22077433504803798,0.13126666666666664,0.71205,0.11824413045029612,0.2,0.39572610287187515
241,1974,Chile,German DR,tournament,True,0.0,46.6,19.1,46.2,clear,45.44,122.11,draw,Berlin,Germany,1974-06-18,0.1806,0.3,0.118,0.113,45.88,1622,5,430.7,-0.12,24.93,0.579,72.9,38.6,16.65,0.135,0.8083333333333332,3.453333333333333,0.1826666666666666,Hisense,technology,27.36,1070.0,1.0,0.243,0.681,0.911,0.656,real_sponsor_names_with_proxy_commercial_metrics,0.7384557551656803,1577,1,370.6,0.0,17.34,0.491,72.0,38.2,12.35,0.1909999999999999,0.8003333333333332,3.3866666666666667,0.1413333333333333,Adidas,apparel,33.59,1830.0,1.0,0.443,0.653,0.937,0.841,real_sponsor_names_with_proxy_commercial_metrics,0.9206819206680584,45,60.099999999999966,4,0.9000000000000057,-0.12,0.008,-0.0559999999999999,0.5136943396293857,0.4627045000098755,3.663,0.12,0.2802429033240628,0.15766666666666673,0.79217,0.2102483408263755,0.2,0.48027902190734095
242,1974,Germany,Australia,tournament,False,0.18,56.8,19.0,48.1,clear,47.64,130.27,A_win,Hamburg,Germany,1974-06-18,0.3179,5.95,0.141,0.091,47.36,1798,20,646.1,0.4,35.62,0.797,81.3,65.9,22.15,0.2123333333333333,0.851,5.576666666666667,0.3273333333333333,Coca-Cola,beverage,29.19,300.0,1.0,0.286,0.859,0.907,0.902,real_sponsor_names_with_proxy_commercial_metrics,0.7215038709709707,1539,3,329.7,-0.4,20.21,0.479,69.8,32.1,7.37,0.2113333333333333,0.8620000000000001,3.056666666666666,0.0496666666666666,Hyundai,automotive,29.32,590.0,1.0,0.218,0.705,0.903,0.913,real_sponsor_names_with_proxy_commercial_metrics,0.7316309656581901,259,316.40000000000003,17,11.5,0.8,-0.0110000000000001,0.001,0.9510351228677828,0.6433488407928356,4.099,0.12,0.3343239829280509,0.18699999999999997,0.90283,0.22105937343894955,0.2,0.5513396010406371
243,1974,Scotland,Brazil,tournament,True,0.0,35.1,18.7,44.4,windy,41.04,112.13,draw,Frankfurt am Main,Germany,1974-06-18,0.2257,6.75,0.26,0.225,44.7,1529,4,318.6,-0.35,20.39,0.472,67.9,31.6,17.66,0.1853333333333333,0.9116666666666668,1.8866666666666667,0.2256666666666666,Budweiser,beverage,26.35,350.0,1.0,0.459,0.686,0.905,0.601,real_sponsor_names_with_proxy_commercial_metrics,0.6396023182948416,1829,20,683.6,0.5,36.78,0.83,78.8,57.4,18.61,0.1376666666666667,0.7313333333333333,3.723333333333333,0.206,Adidas,apparel,33.15,1830.0,1.0,0.369,0.809,0.916,0.861,real_sponsor_names_with_proxy_commercial_metrics,0.9383411482254695,-300,-365.0,-16,-10.899999999999991,-0.85,0.1803333333333334,0.0476666666666666,0.3145516160739996,0.4564075448840681,3.235,0.48,0.28621976960388906,0.14653333333333324,0.7845199999999999,0.3568751873260544,0.2,0.4555834228790788
244,1974,Yugoslavia,DR Congo,tournament,True,0.0,38.9,17.7,40.8,rain,60.84,258.45,A_win,Gelsenkirchen,Germany,1974-06-18,0.2569,2.03,0.107,0.133,54.35,1669,5,487.0,0.06,26.56,0.629,74.2,37.3,11.34,0.1803333333333333,0.851,3.0733333333333337,0.222,Qatar Airways,airline,17.82,67.59,0.448,0.779,0.762,0.645,0.666,real_sponsor_names_with_proxy_commercial_metrics,0.3755049748466676,1388,1,142.7,-1.0,8.65,0.277,63.8,14.7,5.99,0.2876666666666667,0.7743333333333333,3.18,0.129,Visa,finance,33.01,250.0,1.0,0.563,0.521,0.896,0.811,real_sponsor_names_with_proxy_commercial_metrics,0.7058139622692292,281,344.3,4,10.400000000000006,1.06,0.0766666666666666,-0.1073333333333333,0.5999391199848352,0.4986967358756085,3.449,0.48,0.5098058423335586,0.1678,0.66183,0.3673311924641405,0.2,0.43030564847508235
245,1974,Argentina,Italy,tournament,True,0.0,85.7,36.7,53.2,windy,45.44,92.39,draw,Stuttgart,Germany,1974-06-19,0.5529,-0.7,0.044,0.158,37.68,1753,15,591.7,0.26,33.16,0.743,76.8,58.0,19.5,0.2623333333333333,0.8586666666666667,3.813333333333333,0.2106666666666666,Hyundai,automotive,30.74,590.0,1.0,0.338,0.813,0.936,0.851,real_sponsor_names_with_proxy_commercial_metrics,0.7681302767229082,1755,14,594.5,0.34,33.03,0.744,77.8,61.6,11.04,0.3303333333333333,0.8929999999999999,1.3333333333333333,0.0393333333333333,Visa,finance,33.4,250.0,1.0,0.316,0.761,0.842,0.918,real_sponsor_names_with_proxy_commercial_metrics,0.749976237843342,-2,-2.7999999999999545,1,-1.0,-0.08,-0.0343333333333332,-0.068,0.8112048561394937,0.5229833055551463,4.044,0.48,0.35208456221494927,0.2139333333333333,0.8831100000000001,0.6914316705915936,0.2,0.5280029044119289
246,1974,Bulgaria,Uruguay,tournament,True,0.0,41.3,24.8,38.5,hot,45.44,103.08,draw,Hanover,Germany,1974-06-19,0.2728,-0.11,0.166,0.105,48.52,1502,4,286.8,-0.46,19.9,0.447,65.2,28.9,10.5,0.3979999999999999,0.719,2.9800000000000004,-0.0613333333333333,Hisense,technology,33.88,1070.0,1.0,0.2,0.675,0.918,0.633,real_sponsor_names_with_proxy_commercial_metrics,0.8252717468149495,1684,10,508.3,0.07,29.28,0.661,74.8,44.8,20.58,0.1356666666666666,0.8753333333333333,1.923333333333333,0.1913333333333333,Vivo,technology,19.75,76.46,0.542,0.306,0.797,0.741,0.63,real_sponsor_names_with_proxy_commercial_metrics,0.4351767440908576,-182,-221.5,-6,-9.599999999999994,-0.53,-0.1563333333333333,0.2623333333333333,0.2468311715404268,0.2809471642508988,3.015,0.62,0.2962801154098563,0.35119999999999996,0.78795,0.37437557981873976,0.2,0.4412274483078108
247,1974,Haiti,Poland,tournament,True,0.0,43.7,28.3,63.4,cloudy,56.44,77.62,B_win,Munich,Germany,1974-06-19,0.221,1.83,0.029,0.105,64.1,1388,1,142.7,-1.0,8.65,0.277,62.3,12.0,6.44,0.31,0.874,0.8133333333333334,0.2476666666666666,Coca-Cola,beverage,32.91,300.0,1.0,0.378,0.561,0.904,0.889,real_sponsor_names_with_proxy_commercial_metrics,0.7230040379855844,1685,6,506.6,0.05,27.64,0.65,72.7,42.5,15.85,0.2053333333333333,0.815,3.9733333333333327,0.268,Coca-Cola,beverage,28.97,300.0,1.0,0.581,0.749,0.899,0.847,real_sponsor_names_with_proxy_commercial_metrics,0.6960284847496763,-297,-363.9,-5,-10.400000000000006,-1.05,0.059,0.1046666666666666,0.020754716981132,0.29983451638586,2.686,0.22,0.3599599737327455,0.2364,0.77497,0.413008634839078,0.2,0.43977842845113024
248,1974,Netherlands,Sweden,tournament,True,0.0,81.9,20.1,58.8,windy,41.04,102.5,draw,Dortmund,Germany,1974-06-19,0.3582,7.03,0.103,0.145,37.34,1746,9,581.1,0.35,31.14,0.724,75.8,49.9,15.97,0.1103333333333333,0.742,2.733333333333333,0.1786666666666666,Hisense,technology,32.27,1070.0,1.0,0.505,0.811,0.856,0.664,real_sponsor_names_with_proxy_commercial_metrics,0.8192941476500228,1654,9,471.1,0.0,27.67,0.624,74.4,39.2,19.34,0.1766666666666666,0.6789999999999999,3.783333333333333,0.1453333333333333,Budweiser,beverage,26.29,350.0,1.0,0.625,0.705,0.91,0.618,real_sponsor_names_with_proxy_commercial_metrics,0.6436681220526703,92,110.0,0,1.3999999999999917,0.35,0.063,-0.0663333333333333,0.7581498473599972,0.3960873440421748,3.906,0.48,0.27825681035588284,0.1694,0.8342200000000001,0.38268122457717824,0.2,0.485813213838991
249,1974,Australia,Chile,tournament,True,0.0,95.0,21.9,65.7,clear,41.04,104.98,draw,Berlin,Germany,1974-06-22,0.2854,2.84,0.072,0.121,44.8,1539,3,329.7,-0.4,20.21,0.479,69.8,32.1,7.37,0.2113333333333333,0.8620000000000001,3.056666666666666,0.0496666666666666,Hyundai,automotive,29.32,590.0,1.0,0.218,0.705,0.903,0.913,real_sponsor_names_with_proxy_commercial_metrics,0.7316309656581901,1622,5,430.7,-0.12,24.93,0.579,72.9,38.6,16.65,0.135,0.8083333333333332,3.453333333333333,0.1826666666666666,Hisense,technology,27.36,1070.0,1.0,0.243,0.681,0.911,0.656,real_sponsor_names_with_proxy_commercial_metrics,0.7384557551656803,-83,-101.0,-2,-3.1000000000000085,-0.28,0.0536666666666668,0.0763333333333333,0.3425474064388163,0.2607091275932796,3.605,0.12,0.27250440001746534,0.18199999999999994,0.8387999999999999,0.2216752301434383,0.2,0.425602867487577
250,1974,DR Congo,Brazil,tournament,True,0.0,42.8,18.7,66.1,clear,47.64,118.02,B_win,Gelsenkirchen,Germany,1974-06-22,0.3146,1.5,0.064,0.083,50.24,1388,1,142.7,-1.0,8.65,0.277,63.8,14.7,5.99,0.2876666666666667,0.7743333333333333,3.18,0.129,Visa,finance,33.01,250.0,1.0,0.563,0.521,0.896,0.811,real_sponsor_names_with_proxy_commercial_metrics,0.7058139622692292,1829,20,683.6,0.5,36.78,0.83,78.8,57.4,18.61,0.1376666666666667,0.7313333333333333,3.723333333333333,0.206,Adidas,apparel,33.15,1830.0,1.0,0.369,0.809,0.916,0.861,real_sponsor_names_with_proxy_commercial_metrics,0.9383411482254695,-441,-540.9000000000001,-19,-15.0,-1.5,0.043,0.15,0.0349056603773584,0.2693712073436177,2.615,0.12,0.3295108981465688,0.2628666666666667,0.74447,0.3066406194248198,0.2,0.41517526863014176
251,1974,Germany,German DR,tournament,False,0.18,53.2,7.1,67.6,clear,43.24,168.5,B_win,Hamburg,Germany,1974-06-22,0.2084,1.36,0.1,0.173,47.92,1798,20,646.1,0.4,35.62,0.797,81.3,65.9,22.15,0.2123333333333333,0.851,5.576666666666667,0.3273333333333333,Coca-Cola,beverage,29.19,300.0,1.0,0.286,0.859,0.907,0.902,real_sponsor_names_with_proxy_commercial_metrics,0.7215038709709707,1577,1,370.6,0.0,17.34,0.491,72.0,38.2,12.35,0.1909999999999999,0.8003333333333332,3.3866666666666667,0.1413333333333333,Adidas,apparel,33.59,1830.0,1.0,0.443,0.653,0.937,0.841,real_sponsor_names_with_proxy_commercial_metrics,0.9206819206680584,221,275.5,19,9.299999999999995,0.4,0.0506666666666667,0.0213333333333333,0.9510351228677828,0.6368796419006133,3.861,0.12,0.33015539544005,0.18699999999999997,0.90283,0.614856204952544,0.2,0.5486945078532146
252,1974,Scotland,Yugoslavia,tournament,True,0.0,62.4,14.7,52.0,clear,45.44,165.23,draw,Frankfurt am Main,Germany,1974-06-22,0.1954,0.02,0.192,0.252,42.39,1529,4,318.6,-0.35,20.39,0.472,67.9,31.6,17.66,0.1853333333333333,0.9116666666666668,1.8866666666666667,0.2256666666666666,Budweiser,beverage,26.35,350.0,1.0,0.459,0.686,0.905,0.601,real_sponsor_names_with_proxy_commercial_metrics,0.6396023182948416,1669,5,487.0,0.06,26.56,0.629,74.2,37.3,11.34,0.1803333333333333,0.851,3.0733333333333337,0.222,Qatar Airways,airline,17.82,67.59,0.448,0.779,0.762,0.645,0.666,real_sponsor_names_with_proxy_commercial_metrics,0.3755049748466676,-140,-168.39999999999998,-1,-6.299999999999997,-0.41,0.0606666666666667,0.005,0.3145516160739996,0.4946741151750196,3.589,0.12,0.34133387139095295,0.14653333333333324,0.7845199999999999,0.34976093627346033,0.2,0.47732088291795816
253,1974,Argentina,Haiti,tournament,True,0.0,80.5,12.1,91.9,clear,52.04,151.99,A_win,Munich,Germany,1974-06-23,0.1248,4.64,0.208,0.11,42.49,1753,15,591.7,0.26,33.16,0.743,76.8,58.0,19.5,0.2623333333333333,0.8586666666666667,3.813333333333333,0.2106666666666666,Hyundai,automotive,30.74,590.0,1.0,0.338,0.813,0.936,0.851,real_sponsor_names_with_proxy_commercial_metrics,0.7681302767229082,1388,1,142.7,-1.0,8.65,0.277,62.3,12.0,6.44,0.31,0.874,0.8133333333333334,0.2476666666666666,Coca-Cola,beverage,32.91,300.0,1.0,0.378,0.561,0.904,0.889,real_sponsor_names_with_proxy_commercial_metrics,0.7230040379855844,365,449.00000000000006,14,14.5,1.26,-0.0153333333333333,-0.0476666666666666,0.8112048561394937,0.5734025708618844,4.25,0.12,0.31286437105482623,0.2139333333333333,0.8831100000000001,0.589798401484336,0.2,0.534276260465791
254,1974,Bulgaria,Netherlands,tournament,True,0.0,45.2,9.5,61.8,clear,52.04,134.05,B_win,Dortmund,Germany,1974-06-23,0.1768,2.61,0.194,0.191,42.81,1502,4,286.8,-0.46,19.9,0.447,65.2,28.9,10.5,0.3979999999999999,0.719,2.9800000000000004,-0.0613333333333333,Hisense,technology,33.88,1070.0,1.0,0.2,0.675,0.918,0.633,real_sponsor_names_with_proxy_commercial_metrics,0.8252717468149495,1746,9,581.1,0.35,31.14,0.724,75.8,49.9,15.97,0.1103333333333333,0.742,2.733333333333333,0.1786666666666666,Hisense,technology,32.27,1070.0,1.0,0.505,0.811,0.856,0.664,real_sponsor_names_with_proxy_commercial_metrics,0.8192941476500228,-244,-294.3,-5,-10.599999999999994,-0.81,-0.023,0.2876666666666666,0.2468311715404268,0.3213986342751927,3.058,0.12,0.3344239765231576,0.35119999999999996,0.78795,0.5273667308927423,0.2,0.4601826321372734
255,1974,Poland,Italy,tournament,True,0.0,54.8,15.8,28.2,rain,47.64,181.45,A_win,Stuttgart,Germany,1974-06-23,0.2693,7.21,0.147,0.017,50.25,1685,6,506.6,0.05,27.64,0.65,72.7,42.5,15.85,0.2053333333333333,0.815,3.9733333333333327,0.268,Coca-Cola,beverage,28.97,300.0,1.0,0.581,0.749,0.899,0.847,real_sponsor_names_with_proxy_commercial_metrics,0.6960284847496763,1755,14,594.5,0.34,33.03,0.744,77.8,61.6,11.04,0.3303333333333333,0.8929999999999999,1.3333333333333333,0.0393333333333333,Visa,finance,33.4,250.0,1.0,0.316,0.761,0.842,0.918,real_sponsor_names_with_proxy_commercial_metrics,0.749976237843342,-70,-87.89999999999998,-8,-5.099999999999994,-0.29,-0.0779999999999999,-0.125,0.616436840876696,0.5062166780003502,3.755,0.48,0.34791308658772835,0.1972,0.84638,0.36230871333761505,0.2,0.5010313234975661
256,1974,Sweden,Uruguay,tournament,True,0.0,68.1,30.9,42.0,rain,47.64,135.39,A_win,Düsseldorf,Germany,1974-06-23,0.3303,4.12,0.099,0.162,51.97,1654,9,471.1,0.0,27.67,0.624,74.4,39.2,19.34,0.1766666666666666,0.6789999999999999,3.783333333333333,0.1453333333333333,Budweiser,beverage,26.29,350.0,1.0,0.625,0.705,0.91,0.618,real_sponsor_names_with_proxy_commercial_metrics,0.6436681220526703,1684,10,508.3,0.07,29.28,0.661,74.8,44.8,20.58,0.1356666666666666,0.8753333333333333,1.923333333333333,0.1913333333333333,Vivo,technology,19.75,76.46,0.542,0.306,0.797,0.741,0.63,real_sponsor_names_with_proxy_commercial_metrics,0.4351767440908576,-30,-37.19999999999999,-1,-0.3999999999999915,-0.07,-0.1963333333333333,0.041,0.6002235585615322,0.4946415001832071,3.87,0.48,0.3701301905606771,0.2344,0.7963,0.492169556840077,0.2,0.48042400745607433
257,1974,Brazil,German DR,tournament,True,0.0,63.7,22.7,30.2,cloudy,43.24,98.26,A_win,Hanover,Germany,1974-06-26,0.3138,4.54,-0.069,-0.03,40.84,1829,20,683.6,0.5,36.78,0.83,78.8,57.4,18.61,0.1376666666666667,0.7313333333333333,3.723333333333333,0.206,Adidas,apparel,33.15,1830.0,1.0,0.369,0.809,0.916,0.861,real_sponsor_names_with_proxy_commercial_metrics,0.9383411482254695,1577,1,370.6,0.0,17.34,0.491,72.0,38.2,12.35,0.1909999999999999,0.8003333333333332,3.3866666666666667,0.1413333333333333,Adidas,apparel,33.59,1830.0,1.0,0.443,0.653,0.937,0.841,real_sponsor_names_with_proxy_commercial_metrics,0.9206819206680584,252,313.0,19,6.799999999999997,0.5,-0.0689999999999999,-0.0533333333333332,0.9764150943396226,0.4704210601974964,4.199,0.22,0.2407152133179724,0.19006666666666672,0.87793,0.12388710483122813,0.2,0.5325690150930061
258,1974,Germany,Yugoslavia,tournament,False,0.18,53.1,30.7,58.3,clear,45.44,80.31,A_win,Düsseldorf,Germany,1974-06-26,0.2512,2.29,0.149,0.122,36.42,1798,20,646.1,0.4,35.62,0.797,81.3,65.9,22.15,0.2123333333333333,0.851,5.576666666666667,0.3273333333333333,Coca-Cola,beverage,29.19,300.0,1.0,0.286,0.859,0.907,0.902,real_sponsor_names_with_proxy_commercial_metrics,0.7215038709709707,1669,5,487.0,0.06,26.56,0.629,74.2,37.3,11.34,0.1803333333333333,0.851,3.0733333333333337,0.222,Qatar Airways,airline,17.82,67.59,0.448,0.779,0.762,0.645,0.666,real_sponsor_names_with_proxy_commercial_metrics,0.3755049748466676,129,159.10000000000002,15,7.099999999999994,0.34,0.0,0.032,0.9510351228677828,0.6160651509123959,3.973,0.12,0.24772595217044954,0.18699999999999997,0.90283,0.41339934346678076,0.2,0.5263805617225937
259,1974,Netherlands,Argentina,tournament,True,0.0,56.3,25.5,56.1,rain,49.84,125.87,A_win,Gelsenkirchen,Germany,1974-06-26,0.386,0.51,-0.063,0.005,40.07,1746,9,581.1,0.35,31.14,0.724,75.8,49.9,15.97,0.1103333333333333,0.742,2.733333333333333,0.1786666666666666,Hisense,technology,32.27,1070.0,1.0,0.505,0.811,0.856,0.664,real_sponsor_names_with_proxy_commercial_metrics,0.8192941476500228,1753,15,591.7,0.26,33.16,0.743,76.8,58.0,19.5,0.2623333333333333,0.8586666666666667,3.813333333333333,0.2106666666666666,Hyundai,automotive,30.74,590.0,1.0,0.338,0.813,0.936,0.851,real_sponsor_names_with_proxy_commercial_metrics,0.7681302767229082,-7,-10.600000000000025,-6,-1.0,0.0899999999999999,-0.1166666666666667,-0.152,0.7581498473599972,0.4437824656494065,3.897,0.48,0.3227941883163482,0.1694,0.8342200000000001,0.4126330550203382,0.2,0.508075323481109
260,1974,Sweden,Poland,tournament,True,0.0,40.1,27.7,50.5,clear,43.24,152.64,B_win,Stuttgart,Germany,1974-06-26,0.615,0.97,-0.034,0.09,43.05,1654,9,471.1,0.0,27.67,0.624,74.4,39.2,19.34,0.1766666666666666,0.6789999999999999,3.783333333333333,0.1453333333333333,Budweiser,beverage,26.29,350.0,1.0,0.625,0.705,0.91,0.618,real_sponsor_names_with_proxy_commercial_metrics,0.6436681220526703,1685,6,506.6,0.05,27.64,0.65,72.7,42.5,15.85,0.2053333333333333,0.815,3.9733333333333327,0.268,Coca-Cola,beverage,28.97,300.0,1.0,0.581,0.749,0.899,0.847,real_sponsor_names_with_proxy_commercial_metrics,0.6960284847496763,-31,-35.5,3,1.7000000000000028,-0.05,-0.136,-0.0286666666666666,0.6002235585615322,0.4808679231901928,3.384,0.12,0.398937285573447,0.2344,0.7963,0.3016609576821523,0.2,0.48232882490058426
261,1974,Argentina,Brazil,tournament,True,0.0,54.9,17.6,90.2,clear,47.64,257.52,B_win,Hanover,Germany,1974-06-30,0.3027,-0.08,0.107,0.17,52.91,1753,15,591.7,0.26,33.16,0.743,76.8,58.0,19.5,0.2623333333333333,0.8586666666666667,3.813333333333333,0.2106666666666666,Hyundai,automotive,30.74,590.0,1.0,0.338,0.813,0.936,0.851,real_sponsor_names_with_proxy_commercial_metrics,0.7681302767229082,1829,20,683.6,0.5,36.78,0.83,78.8,57.4,18.61,0.1376666666666667,0.7313333333333333,3.723333333333333,0.206,Adidas,apparel,33.15,1830.0,1.0,0.369,0.809,0.916,0.861,real_sponsor_names_with_proxy_commercial_metrics,0.9383411482254695,-76,-91.89999999999998,-5,-2.0,-0.24,0.1273333333333334,0.1246666666666666,0.8112048561394937,0.5903644799860255,3.867,0.12,0.45709794044071067,0.2139333333333333,0.8831100000000001,0.4393891386569614,0.2,0.5678723088977273
262,1974,German DR,Netherlands,tournament,True,0.0,54.5,26.1,66.8,clear,45.44,132.11,B_win,Gelsenkirchen,Germany,1974-06-30,0.1218,4.71,0.141,0.046,41.98,1577,1,370.6,0.0,17.34,0.491,72.0,38.2,12.35,0.1909999999999999,0.8003333333333332,3.3866666666666667,0.1413333333333333,Adidas,apparel,33.59,1830.0,1.0,0.443,0.653,0.937,0.841,real_sponsor_names_with_proxy_commercial_metrics,0.9206819206680584,1746,9,581.1,0.35,31.14,0.724,75.8,49.9,15.97,0.1103333333333333,0.742,2.733333333333333,0.1786666666666666,Hisense,technology,32.27,1070.0,1.0,0.505,0.811,0.856,0.664,real_sponsor_names_with_proxy_commercial_metrics,0.8192941476500228,-169,-210.5,-8,-3.799999999999997,-0.35,0.0583333333333332,0.0806666666666666,0.4104549968879859,0.3833357289047887,3.503,0.12,0.24548881416512314,0.19446666666666662,0.8146599999999999,0.3304745593377578,0.2,0.4957798278866995
263,1974,Germany,Sweden,tournament,False,0.18,61.0,27.4,69.6,clear,54.24,125.1,A_win,Düsseldorf,Germany,1974-06-30,0.1803,1.99,0.084,0.094,55.01,1798,20,646.1,0.4,35.62,0.797,81.3,65.9,22.15,0.2123333333333333,0.851,5.576666666666667,0.3273333333333333,Coca-Cola,beverage,29.19,300.0,1.0,0.286,0.859,0.907,0.902,real_sponsor_names_with_proxy_commercial_metrics,0.7215038709709707,1654,9,471.1,0.0,27.67,0.624,74.4,39.2,19.34,0.1766666666666666,0.6789999999999999,3.783333333333333,0.1453333333333333,Budweiser,beverage,26.29,350.0,1.0,0.625,0.705,0.91,0.618,real_sponsor_names_with_proxy_commercial_metrics,0.6436681220526703,144,175.0,11,6.899999999999992,0.4,0.172,0.0356666666666666,0.9510351228677828,0.6712178406282533,4.186,0.12,0.3470363470410614,0.18699999999999997,0.90283,0.3763883536715906,0.2,0.5616853938171562
264,1974,Poland,Yugoslavia,tournament,True,0.0,50.8,19.5,43.1,clear,47.64,97.7,A_win,Frankfurt am Main,Germany,1974-06-30,0.2694,4.8,0.243,0.167,46.45,1685,6,506.6,0.05,27.64,0.65,72.7,42.5,15.85,0.2053333333333333,0.815,3.9733333333333327,0.268,Coca-Cola,beverage,28.97,300.0,1.0,0.581,0.749,0.899,0.847,real_sponsor_names_with_proxy_commercial_metrics,0.6960284847496763,1669,5,487.0,0.06,26.56,0.629,74.2,37.3,11.34,0.1803333333333333,0.851,3.0733333333333337,0.222,Qatar Airways,airline,17.82,67.59,0.448,0.779,0.762,0.645,0.666,real_sponsor_names_with_proxy_commercial_metrics,0.3755049748466676,16,19.600000000000023,1,-1.5,-0.0099999999999999,-0.036,0.0249999999999999,0.616436840876696,0.4770583526456631,3.617,0.12,0.312970188922423,0.1972,0.84638,0.1864486548205238,0.2,0.4858784128651926
265,1974,Argentina,German DR,tournament,True,0.0,64.1,26.4,42.0,rain,45.44,151.55,draw,Gelsenkirchen,Germany,1974-07-03,0.2467,3.09,0.157,0.22,50.0,1753,15,591.7,0.26,33.16,0.743,76.8,58.0,19.5,0.2623333333333333,0.8586666666666667,3.813333333333333,0.2106666666666666,Hyundai,automotive,30.74,590.0,1.0,0.338,0.813,0.936,0.851,real_sponsor_names_with_proxy_commercial_metrics,0.7681302767229082,1577,1,370.6,0.0,17.34,0.491,72.0,38.2,12.35,0.1909999999999999,0.8003333333333332,3.3866666666666667,0.1413333333333333,Adidas,apparel,33.59,1830.0,1.0,0.443,0.653,0.937,0.841,real_sponsor_names_with_proxy_commercial_metrics,0.9206819206680584,176,221.1,14,4.799999999999997,0.26,0.0583333333333334,0.0713333333333333,0.8112048561394937,0.5435803984265886,3.923,0.48,0.35643828465020916,0.2139333333333333,0.8831100000000001,0.3751175337186897,0.2,0.5346408349029848
266,1974,Germany,Poland,tournament,False,0.18,71.2,26.4,58.6,rain,43.24,75.39,A_win,Frankfurt am Main,Germany,1974-07-03,0.1012,2.19,0.1,0.128,46.68,1798,20,646.1,0.4,35.62,0.797,81.3,65.9,22.15,0.2123333333333333,0.851,5.576666666666667,0.3273333333333333,Coca-Cola,beverage,29.19,300.0,1.0,0.286,0.859,0.907,0.902,real_sponsor_names_with_proxy_commercial_metrics,0.7215038709709707,1685,6,506.6,0.05,27.64,0.65,72.7,42.5,15.85,0.2053333333333333,0.815,3.9733333333333327,0.268,Coca-Cola,beverage,28.97,300.0,1.0,0.581,0.749,0.899,0.847,real_sponsor_names_with_proxy_commercial_metrics,0.6960284847496763,113,139.5,14,8.599999999999994,0.35,0.036,0.007,0.9510351228677828,0.6044625472883755,4.112,0.48,0.21760162510972586,0.18699999999999997,0.90283,0.4468459287804182,0.2,0.5171069672957234
267,1974,Netherlands,Brazil,tournament,True,0.0,60.0,19.7,60.8,rain,45.44,151.49,A_win,Dortmund,Germany,1974-07-03,0.4149,0.34,0.231,0.146,38.7,1746,9,581.1,0.35,31.14,0.724,75.8,49.9,15.97,0.1103333333333333,0.742,2.733333333333333,0.1786666666666666,Hisense,technology,32.27,1070.0,1.0,0.505,0.811,0.856,0.664,real_sponsor_names_with_proxy_commercial_metrics,0.8192941476500228,1829,20,683.6,0.5,36.78,0.83,78.8,57.4,18.61,0.1376666666666667,0.7313333333333333,3.723333333333333,0.206,Adidas,apparel,33.15,1830.0,1.0,0.369,0.809,0.916,0.861,real_sponsor_names_with_proxy_commercial_metrics,0.9383411482254695,-83,-102.5,-11,-3.0,-0.15,0.0106666666666667,-0.0273333333333333,0.7581498473599972,0.4329229803963171,3.925,0.48,0.3571827289785775,0.1694,0.8342200000000001,0.401727824163277,0.2,0.5119123757426899
268,1974,Sweden,Yugoslavia,tournament,True,0.0,62.6,16.3,28.3,clear,47.64,171.17,A_win,Düsseldorf,Germany,1974-07-03,0.2915,3.43,0.245,0.172,48.78,1654,9,471.1,0.0,27.67,0.624,74.4,39.2,19.34,0.1766666666666666,0.6789999999999999,3.783333333333333,0.1453333333333333,Budweiser,beverage,26.29,350.0,1.0,0.625,0.705,0.91,0.618,real_sponsor_names_with_proxy_commercial_metrics,0.6436681220526703,1669,5,487.0,0.06,26.56,0.629,74.2,37.3,11.34,0.1803333333333333,0.851,3.0733333333333337,0.222,Qatar Airways,airline,17.82,67.59,0.448,0.779,0.762,0.645,0.666,real_sponsor_names_with_proxy_commercial_metrics,0.3755049748466676,-15,-15.899999999999975,4,0.2000000000000028,-0.06,-0.172,-0.0036666666666666,0.6002235585615322,0.5070986330929469,3.859,0.12,0.3804080466361325,0.2344,0.7963,0.20573503175622632,0.2,0.4859675758858925
269,1974,Brazil,Poland,tournament,True,0.0,58.7,15.9,55.1,rain,43.24,139.62,B_win,Munich,Germany,1974-07-06,0.2102,2.34,0.161,0.217,46.92,1829,20,683.6,0.5,36.78,0.83,78.8,57.4,18.61,0.1376666666666667,0.7313333333333333,3.723333333333333,0.206,Adidas,apparel,33.15,1830.0,1.0,0.369,0.809,0.916,0.861,real_sponsor_names_with_proxy_commercial_metrics,0.9383411482254695,1685,6,506.6,0.05,27.64,0.65,72.7,42.5,15.85,0.2053333333333333,0.815,3.9733333333333327,0.268,Coca-Cola,beverage,28.97,300.0,1.0,0.581,0.749,0.899,0.847,real_sponsor_names_with_proxy_commercial_metrics,0.6960284847496763,144,177.0,14,6.099999999999994,0.45,-0.0836666666666666,-0.0676666666666666,0.9764150943396226,0.484820920933853,3.998,0.48,0.317487703586543,0.19006666666666672,0.87793,0.4759421251694854,0.2,0.5519554741529001
270,1974,Germany,Netherlands,tournament,False,0.18,58.0,23.5,58.2,rain,47.64,128.02,A_win,Munich,Germany,1974-07-07,0.2575,4.69,0.058,0.138,53.11,1798,20,646.1,0.4,35.62,0.797,81.3,65.9,22.15,0.2123333333333333,0.851,5.576666666666667,0.3273333333333333,Coca-Cola,beverage,29.19,300.0,1.0,0.286,0.859,0.907,0.902,real_sponsor_names_with_proxy_commercial_metrics,0.7215038709709707,1746,9,581.1,0.35,31.14,0.724,75.8,49.9,15.97,0.1103333333333333,0.742,2.733333333333333,0.1786666666666666,Hisense,technology,32.27,1070.0,1.0,0.505,0.811,0.856,0.664,real_sponsor_names_with_proxy_commercial_metrics,0.8192941476500228,52,65.0,11,5.5,0.05,0.1089999999999999,0.102,0.9510351228677828,0.6425654827982321,4.107,0.48,0.34150193231283055,0.18699999999999997,0.90283,0.36968400770712906,0.2,0.5525558506791042
271,1978,Germany,Poland,tournament,True,0.0,48.6,25.0,54.6,clear,42.5,142.26,draw,Buenos Aires,Argentina,1978-06-01,0.235,1.3,0.076,0.07,42.18,1798,20,646.1,0.4,35.62,0.797,81.3,65.9,22.15,0.2123333333333333,0.851,5.576666666666667,0.3273333333333333,Coca-Cola,beverage,29.19,300.0,1.0,0.286,0.859,0.907,0.902,real_sponsor_names_with_proxy_commercial_metrics,0.7215038709709707,1685,6,506.6,0.05,27.64,0.65,72.7,42.5,15.85,0.2053333333333333,0.815,3.9733333333333327,0.268,Coca-Cola,beverage,28.97,300.0,1.0,0.581,0.749,0.899,0.847,real_sponsor_names_with_proxy_commercial_metrics,0.6960284847496763,113,139.5,14,8.599999999999994,0.35,0.036,0.007,0.9510351228677828,0.6244174246158225,3.873,0.12,0.275052699598144,0.18699999999999997,0.90283,0.24914579319203595,0.2,0.5341845478450922
272,1978,Argentina,Hungary,tournament,False,0.18,62.1,18.2,45.0,cloudy,49.1,147.19,A_win,Buenos Aires,Argentina,1978-06-02,0.2387,4.09,0.004,0.068,41.41,1753,15,591.7,0.26,33.16,0.743,76.8,58.0,19.5,0.2623333333333333,0.8586666666666667,3.813333333333333,0.2106666666666666,Hyundai,automotive,30.74,590.0,1.0,0.338,0.813,0.936,0.851,real_sponsor_names_with_proxy_commercial_metrics,0.7681302767229082,1691,5,513.5,0.03,27.22,0.652,78.9,42.6,16.61,0.1083333333333333,0.8380000000000001,2.99,0.2826666666666667,Adidas,apparel,33.47,1830.0,1.0,0.501,0.712,0.937,0.887,real_sponsor_names_with_proxy_commercial_metrics,0.931713528183716,62,78.20000000000005,10,-2.1000000000000085,0.23,0.0206666666666666,0.154,0.8112048561394937,0.5585152240587394,4.051,0.22,0.31240445954094986,0.2139333333333333,0.8831100000000001,0.26847356026546776,0.2,0.5300158210581352
273,1978,France,Italy,tournament,True,0.0,56.7,23.2,49.4,cloudy,49.1,112.84,B_win,Mar del Plata,Argentina,1978-06-02,0.1241,6.25,0.116,0.108,48.17,1748,13,584.8,0.26,32.28,0.733,77.8,46.5,18.67,0.2083333333333333,0.8296666666666667,3.483333333333333,0.3613333333333333,Qatar Airways,airline,24.02,81.37,0.593,0.647,0.801,0.711,0.647,real_sponsor_names_with_proxy_commercial_metrics,0.5007849188790221,1755,14,594.5,0.34,33.03,0.744,77.8,61.6,11.04,0.3303333333333333,0.8929999999999999,1.3333333333333333,0.0393333333333333,Visa,finance,33.4,250.0,1.0,0.316,0.761,0.842,0.918,real_sponsor_names_with_proxy_commercial_metrics,0.749976237843342,-7,-9.700000000000044,-1,0.0,-0.08,-0.0633333333333332,-0.122,0.8018213325687816,0.546860505700431,3.394,0.22,0.28161166570004137,0.19313333333333332,0.7179599999999999,0.2198558481410119,0.2,0.4345580552670943
274,1978,Mexico,Tunisia,tournament,True,0.0,85.2,26.4,55.2,cloudy,51.3,246.12,B_win,Rosario,Argentina,1978-06-02,0.2709,3.37,0.036,0.073,52.31,1612,10,421.9,-0.18,26.83,0.584,72.1,37.6,18.89,0.2446666666666666,0.7546666666666667,1.1233333333333333,0.211,Hyundai,automotive,28.5,590.0,1.0,0.636,0.712,0.897,0.88,real_sponsor_names_with_proxy_commercial_metrics,0.7185336170151837,1519,3,305.2,-0.39,19.13,0.455,66.6,27.6,11.21,0.2033333333333333,0.8946666666666667,3.3266666666666667,0.1976666666666666,Hyundai,automotive,28.75,590.0,1.0,0.7,0.649,0.867,0.833,real_sponsor_names_with_proxy_commercial_metrics,0.7046561013575636,93,116.7,7,5.5,0.21,-0.14,0.0413333333333333,0.5181915824104364,0.5193279716119017,3.93,0.22,0.4343027163910776,0.24493333333333328,0.83529,0.32815457075572685,0.2,0.522965043413192
275,1978,Austria,Spain,tournament,True,0.0,78.5,26.7,59.5,clear,49.1,127.15,A_win,Buenos Aires,Argentina,1978-06-03,0.2083,4.45,0.093,0.04,43.11,1660,5,475.8,-0.03,25.77,0.617,70.5,44.6,14.99,0.1396666666666666,0.88,2.703333333333333,0.218,McDonald's,restaurant,21.71,77.28,0.55,0.451,0.702,0.72,0.649,real_sponsor_names_with_proxy_commercial_metrics,0.4467064332741507,1708,12,537.2,0.18,30.58,0.689,77.4,45.2,19.26,0.2126666666666666,0.84,4.25,0.077,Budweiser,beverage,27.85,350.0,1.0,0.321,0.724,0.933,0.612,real_sponsor_names_with_proxy_commercial_metrics,0.6704472243491213,-48,-61.400000000000034,-7,-6.900000000000006,-0.21,0.04,-0.073,0.5506732285488857,0.4602266833532456,3.618,0.12,0.2865609700601607,0.13179999999999997,0.6711900000000001,0.3145382858773995,0.2,0.3954438093367372
276,1978,Brazil,Sweden,tournament,True,0.0,63.0,32.3,67.7,cloudy,46.9,166.54,draw,Mar del Plata,Argentina,1978-06-03,0.304,4.0,0.141,0.117,53.01,1829,20,683.6,0.5,36.78,0.83,78.8,57.4,18.61,0.1376666666666667,0.7313333333333333,3.723333333333333,0.206,Adidas,apparel,33.15,1830.0,1.0,0.369,0.809,0.916,0.861,real_sponsor_names_with_proxy_commercial_metrics,0.9383411482254695,1654,9,471.1,0.0,27.67,0.624,74.4,39.2,19.34,0.1766666666666666,0.6789999999999999,3.783333333333333,0.1453333333333333,Budweiser,beverage,26.29,350.0,1.0,0.625,0.705,0.91,0.618,real_sponsor_names_with_proxy_commercial_metrics,0.6436681220526703,175,212.5,11,4.399999999999992,0.5,0.0523333333333333,-0.0389999999999999,0.9764150943396226,0.5106461634865365,4.19,0.22,0.37361445900635953,0.19006666666666672,0.87793,0.5356351245272246,0.2,0.5704118931516148
277,1978,Iran,Netherlands,tournament,True,0.0,48.1,30.7,75.3,clear,49.1,71.28,B_win,Mendoza,Argentina,1978-06-03,0.2006,6.79,-0.039,0.119,42.35,1519,3,305.2,-0.44,19.13,0.455,68.7,30.6,12.34,0.1146666666666666,0.8703333333333333,3.7066666666666666,0.2463333333333333,Visa,finance,29.04,250.0,1.0,0.165,0.637,0.935,0.918,real_sponsor_names_with_proxy_commercial_metrics,0.6830613109122354,1746,9,581.1,0.35,31.14,0.724,75.8,49.9,15.97,0.1103333333333333,0.742,2.733333333333333,0.1786666666666666,Hisense,technology,32.27,1070.0,1.0,0.505,0.811,0.856,0.664,real_sponsor_names_with_proxy_commercial_metrics,0.8192941476500228,-227,-275.90000000000003,-6,-7.099999999999994,-0.79,0.1283333333333333,0.0043333333333333,0.3004381649565623,0.418103900082878,3.104,0.12,0.2603698783909218,0.12066666666666664,0.8189899999999999,0.4868561335902376,0.2,0.4564963823203267
278,1978,Peru,Scotland,tournament,True,0.0,43.5,17.0,53.3,clear,51.3,209.58,A_win,Córdoba,Argentina,1978-06-03,0.1564,3.58,0.019,0.061,56.84,1576,3,374.1,-0.28,21.13,0.516,66.6,39.7,14.92,0.2316666666666666,0.8953333333333333,3.016666666666667,0.1463333333333333,Hisense,technology,33.45,1070.0,1.0,0.314,0.647,0.931,0.617,real_sponsor_names_with_proxy_commercial_metrics,0.8155266737460563,1529,4,318.6,-0.35,20.39,0.472,67.9,31.6,17.66,0.1853333333333333,0.9116666666666668,1.8866666666666667,0.2256666666666666,Budweiser,beverage,26.35,350.0,1.0,0.459,0.686,0.905,0.601,real_sponsor_names_with_proxy_commercial_metrics,0.6396023182948416,47,55.5,-1,-1.3000000000000114,0.0699999999999999,-0.0163333333333334,0.0463333333333333,0.3706351825344051,0.4941284796972071,3.641,0.12,0.3838109692257784,0.18086666666666662,0.7770400000000001,0.29555163062870193,0.2,0.5247781698594273
279,1978,Argentina,France,tournament,False,0.18,73.5,33.1,50.7,clear,49.1,211.69,A_win,Buenos Aires,Argentina,1978-06-06,0.2065,4.27,0.079,0.105,45.81,1753,15,591.7,0.26,33.16,0.743,76.8,58.0,19.5,0.2623333333333333,0.8586666666666667,3.813333333333333,0.2106666666666666,Hyundai,automotive,30.74,590.0,1.0,0.338,0.813,0.936,0.851,real_sponsor_names_with_proxy_commercial_metrics,0.7681302767229082,1748,13,584.8,0.26,32.28,0.733,77.8,46.5,18.67,0.2083333333333333,0.8296666666666667,3.483333333333333,0.3613333333333333,Qatar Airways,airline,24.02,81.37,0.593,0.647,0.801,0.711,0.647,real_sponsor_names_with_proxy_commercial_metrics,0.5007849188790221,5,6.900000000000091,2,-1.0,0.0,0.029,0.054,0.8112048561394937,0.5809714865707074,4.221,0.12,0.3710253870466517,0.2139333333333333,0.8831100000000001,0.4429875829586813,0.2,0.5480277600626265
280,1978,Germany,Mexico,tournament,True,0.0,61.4,19.8,65.0,windy,55.7,160.51,A_win,Córdoba,Argentina,1978-06-06,0.4143,2.72,0.115,0.153,43.46,1798,20,646.1,0.4,35.62,0.797,81.3,65.9,22.15,0.2123333333333333,0.851,5.576666666666667,0.3273333333333333,Coca-Cola,beverage,29.19,300.0,1.0,0.286,0.859,0.907,0.902,real_sponsor_names_with_proxy_commercial_metrics,0.7215038709709707,1612,10,421.9,-0.18,26.83,0.584,72.1,37.6,18.89,0.2446666666666666,0.7546666666666667,1.1233333333333333,0.211,Hyundai,automotive,28.5,590.0,1.0,0.636,0.712,0.897,0.88,real_sponsor_names_with_proxy_commercial_metrics,0.7185336170151837,186,224.20000000000005,10,9.200000000000005,0.5800000000000001,0.0963333333333332,-0.0323333333333333,0.9510351228677828,0.6901092932047534,4.243,0.48,0.4316350305400712,0.18699999999999997,0.90283,0.41727481624206086,0.2,0.5838947372383783
281,1978,Hungary,Italy,tournament,True,0.0,64.2,29.3,67.8,clear,51.3,171.43,B_win,Mar del Plata,Argentina,1978-06-06,0.3398,1.17,0.08,0.224,50.05,1691,5,513.5,0.03,27.22,0.652,78.9,42.6,16.61,0.1083333333333333,0.8380000000000001,2.99,0.2826666666666667,Adidas,apparel,33.47,1830.0,1.0,0.501,0.712,0.937,0.887,real_sponsor_names_with_proxy_commercial_metrics,0.931713528183716,1755,14,594.5,0.34,33.03,0.744,77.8,61.6,11.04,0.3303333333333333,0.8929999999999999,1.3333333333333333,0.0393333333333333,Visa,finance,33.4,250.0,1.0,0.316,0.761,0.842,0.918,real_sponsor_names_with_proxy_commercial_metrics,0.749976237843342,-64,-81.0,-9,1.1000000000000083,-0.31,-0.0549999999999998,-0.222,0.6789758272283496,0.5208321852159917,3.985,0.12,0.42916473094653296,0.12979999999999994,0.84634,0.41803254121173195,0.2,0.5819768048138761
282,1978,Poland,Tunisia,tournament,True,0.0,35.3,23.4,51.1,clear,44.7,149.36,A_win,Rosario,Argentina,1978-06-06,0.3161,0.26,0.098,0.13,44.98,1685,6,506.6,0.05,27.64,0.65,72.7,42.5,15.85,0.2053333333333333,0.815,3.9733333333333327,0.268,Coca-Cola,beverage,28.97,300.0,1.0,0.581,0.749,0.899,0.847,real_sponsor_names_with_proxy_commercial_metrics,0.6960284847496763,1519,3,305.2,-0.39,19.13,0.455,66.6,27.6,11.21,0.2033333333333333,0.8946666666666667,3.3266666666666667,0.1976666666666666,Hyundai,automotive,28.75,590.0,1.0,0.7,0.649,0.867,0.833,real_sponsor_names_with_proxy_commercial_metrics,0.7046561013575636,166,201.40000000000003,3,6.1000000000000085,0.44,-0.0796666666666667,0.002,0.616436840876696,0.4818280691204362,3.516,0.12,0.3359138894436338,0.1972,0.84638,0.19240383929208588,0.2,0.49180267358237123
283,1978,Austria,Sweden,tournament,True,0.0,70.1,20.5,70.6,clear,44.7,106.7,A_win,Buenos Aires,Argentina,1978-06-07,0.3239,5.46,0.063,0.164,48.86,1660,5,475.8,-0.03,25.77,0.617,70.5,44.6,14.99,0.1396666666666666,0.88,2.703333333333333,0.218,McDonald's,restaurant,21.71,77.28,0.55,0.451,0.702,0.72,0.649,real_sponsor_names_with_proxy_commercial_metrics,0.4467064332741507,1654,9,471.1,0.0,27.67,0.624,74.4,39.2,19.34,0.1766666666666666,0.6789999999999999,3.783333333333333,0.1453333333333333,Budweiser,beverage,26.29,350.0,1.0,0.625,0.705,0.91,0.618,real_sponsor_names_with_proxy_commercial_metrics,0.6436681220526703,6,4.699999999999989,-4,-3.9000000000000057,-0.03,0.201,-0.037,0.5506732285488857,0.4333275079617631,3.476,0.12,0.3243259372695673,0.13179999999999997,0.6711900000000001,0.2792642546207093,0.2,0.3954650336690033
284,1978,Brazil,Spain,tournament,True,0.0,63.9,12.2,73.7,hot,42.5,141.56,draw,Mar del Plata,Argentina,1978-06-07,0.1759,0.68,0.004,0.046,41.42,1829,20,683.6,0.5,36.78,0.83,78.8,57.4,18.61,0.1376666666666667,0.7313333333333333,3.723333333333333,0.206,Adidas,apparel,33.15,1830.0,1.0,0.369,0.809,0.916,0.861,real_sponsor_names_with_proxy_commercial_metrics,0.9383411482254695,1708,12,537.2,0.18,30.58,0.689,77.4,45.2,19.26,0.2126666666666666,0.84,4.25,0.077,Budweiser,beverage,27.85,350.0,1.0,0.321,0.724,0.933,0.612,real_sponsor_names_with_proxy_commercial_metrics,0.6704472243491213,121,146.39999999999998,8,1.3999999999999917,0.32,-0.1086666666666666,-0.0749999999999999,0.9764150943396226,0.4821698273325855,4.132,0.62,0.2504683606132616,0.19006666666666672,0.87793,0.7085552701063298,0.2,0.537809299349889
285,1978,Iran,Scotland,tournament,True,0.0,43.6,22.0,78.7,cloudy,46.9,106.87,draw,Córdoba,Argentina,1978-06-07,0.272,4.37,0.077,0.104,38.17,1519,3,305.2,-0.44,19.13,0.455,68.7,30.6,12.34,0.1146666666666666,0.8703333333333333,3.7066666666666666,0.2463333333333333,Visa,finance,29.04,250.0,1.0,0.165,0.637,0.935,0.918,real_sponsor_names_with_proxy_commercial_metrics,0.6830613109122354,1529,4,318.6,-0.35,20.39,0.472,67.9,31.6,17.66,0.1853333333333333,0.9116666666666668,1.8866666666666667,0.2256666666666666,Budweiser,beverage,26.35,350.0,1.0,0.459,0.686,0.905,0.601,real_sponsor_names_with_proxy_commercial_metrics,0.6396023182948416,-10,-13.400000000000034,-1,0.7999999999999972,-0.09,-0.0413333333333334,-0.0706666666666666,0.3004381649565623,0.4206052219528083,3.192,0.22,0.28084793205853803,0.12066666666666664,0.8189899999999999,0.3152469135802469,0.2,0.46129236317743044
286,1978,Netherlands,Peru,tournament,True,0.0,51.9,13.6,86.5,hot,42.5,102.42,draw,Mendoza,Argentina,1978-06-07,0.3403,3.67,0.103,0.135,47.33,1746,9,581.1,0.35,31.14,0.724,75.8,49.9,15.97,0.1103333333333333,0.742,2.733333333333333,0.1786666666666666,Hisense,technology,32.27,1070.0,1.0,0.505,0.811,0.856,0.664,real_sponsor_names_with_proxy_commercial_metrics,0.8192941476500228,1576,3,374.1,-0.28,21.13,0.516,66.6,39.7,14.92,0.2316666666666666,0.8953333333333333,3.016666666666667,0.1463333333333333,Hisense,technology,33.45,1070.0,1.0,0.314,0.647,0.931,0.617,real_sponsor_names_with_proxy_commercial_metrics,0.8155266737460563,170,207.0,6,9.200000000000005,0.63,-0.1533333333333333,-0.1213333333333333,0.7581498473599972,0.4026226298504618,3.642,0.62,0.3032111973581578,0.1694,0.8342200000000001,0.7274477271105402,0.2,0.4926339712657664
287,1978,Argentina,Italy,tournament,False,0.18,61.4,28.8,44.1,clear,44.7,175.13,B_win,Buenos Aires,Argentina,1978-06-10,0.1053,4.73,0.095,0.072,43.96,1753,15,591.7,0.26,33.16,0.743,76.8,58.0,19.5,0.2623333333333333,0.8586666666666667,3.813333333333333,0.2106666666666666,Hyundai,automotive,30.74,590.0,1.0,0.338,0.813,0.936,0.851,real_sponsor_names_with_proxy_commercial_metrics,0.7681302767229082,1755,14,594.5,0.34,33.03,0.744,77.8,61.6,11.04,0.3303333333333333,0.8929999999999999,1.3333333333333333,0.0393333333333333,Visa,finance,33.4,250.0,1.0,0.316,0.761,0.842,0.918,real_sponsor_names_with_proxy_commercial_metrics,0.749976237843342,-2,-2.7999999999999545,1,-1.0,-0.08,-0.0343333333333332,-0.068,0.8112048561394937,0.5484634679378636,3.827,0.12,0.2800007155969068,0.2139333333333333,0.8831100000000001,0.3026193534575038,0.2,0.5207205805554813
288,1978,France,Hungary,tournament,True,0.0,58.7,32.1,58.2,clear,51.3,192.6,A_win,Mar del Plata,Argentina,1978-06-10,0.5728,1.72,0.129,0.16,45.03,1748,13,584.8,0.26,32.28,0.733,77.8,46.5,18.67,0.2083333333333333,0.8296666666666667,3.483333333333333,0.3613333333333333,Qatar Airways,airline,24.02,81.37,0.593,0.647,0.801,0.711,0.647,real_sponsor_names_with_proxy_commercial_metrics,0.5007849188790221,1691,5,513.5,0.03,27.22,0.652,78.9,42.6,16.61,0.1083333333333333,0.8380000000000001,2.99,0.2826666666666667,Adidas,apparel,33.47,1830.0,1.0,0.501,0.712,0.937,0.887,real_sponsor_names_with_proxy_commercial_metrics,0.931713528183716,57,71.29999999999995,8,-1.1000000000000083,0.23,-0.0083333333333334,0.1,0.8018213325687816,0.5845193370205085,3.731,0.12,0.4814828635652032,0.19313333333333332,0.7179599999999999,0.44938342967244704,0.2,0.4850767676097484
289,1978,Germany,Tunisia,tournament,True,0.0,54.2,18.2,58.2,cloudy,42.5,99.66,draw,Córdoba,Argentina,1978-06-10,0.2327,1.14,0.153,0.186,46.9,1798,20,646.1,0.4,35.62,0.797,81.3,65.9,22.15,0.2123333333333333,0.851,5.576666666666667,0.3273333333333333,Coca-Cola,beverage,29.19,300.0,1.0,0.286,0.859,0.907,0.902,real_sponsor_names_with_proxy_commercial_metrics,0.7215038709709707,1519,3,305.2,-0.39,19.13,0.455,66.6,27.6,11.21,0.2033333333333333,0.8946666666666667,3.3266666666666667,0.1976666666666666,Hyundai,automotive,28.75,590.0,1.0,0.7,0.649,0.867,0.833,real_sponsor_names_with_proxy_commercial_metrics,0.7046561013575636,279,340.90000000000003,17,14.700000000000005,0.79,-0.0436666666666667,0.009,0.9510351228677828,0.6095858465846623,3.869,0.22,0.28266159263542523,0.18699999999999997,0.90283,0.32551059730250487,0.2,0.5315534846038235
290,1978,Mexico,Poland,tournament,True,0.0,56.7,24.8,56.4,clear,51.3,119.38,B_win,Rosario,Argentina,1978-06-10,0.1281,3.59,0.174,0.109,42.25,1612,10,421.9,-0.18,26.83,0.584,72.1,37.6,18.89,0.2446666666666666,0.7546666666666667,1.1233333333333333,0.211,Hyundai,automotive,28.5,590.0,1.0,0.636,0.712,0.897,0.88,real_sponsor_names_with_proxy_commercial_metrics,0.7185336170151837,1685,6,506.6,0.05,27.64,0.65,72.7,42.5,15.85,0.2053333333333333,0.815,3.9733333333333327,0.268,Coca-Cola,beverage,28.97,300.0,1.0,0.581,0.749,0.899,0.847,real_sponsor_names_with_proxy_commercial_metrics,0.6960284847496763,-73,-84.70000000000005,4,-0.6000000000000085,-0.2299999999999999,-0.0603333333333332,0.0393333333333333,0.5181915824104364,0.4752022861736563,3.536,0.12,0.28488678362218517,0.24493333333333328,0.83529,0.2517212588310854,0.2,0.4807266649367049
291,1978,Austria,Brazil,tournament,True,0.0,54.7,18.6,47.6,rain,44.7,106.61,B_win,Mar del Plata,Argentina,1978-06-11,0.0607,2.19,0.069,0.091,36.43,1660,5,475.8,-0.03,25.77,0.617,70.5,44.6,14.99,0.1396666666666666,0.88,2.703333333333333,0.218,McDonald's,restaurant,21.71,77.28,0.55,0.451,0.702,0.72,0.649,real_sponsor_names_with_proxy_commercial_metrics,0.4467064332741507,1829,20,683.6,0.5,36.78,0.83,78.8,57.4,18.61,0.1376666666666667,0.7313333333333333,3.723333333333333,0.206,Adidas,apparel,33.15,1830.0,1.0,0.369,0.809,0.916,0.861,real_sponsor_names_with_proxy_commercial_metrics,0.9383411482254695,-169,-207.8,-15,-8.299999999999997,-0.53,0.1486666666666667,0.0019999999999999,0.5506732285488857,0.433296173641979,3.124,0.48,0.2029836582716929,0.13179999999999997,0.6711900000000001,0.37330350388924566,0.2,0.37118780425988884
292,1978,Iran,Peru,tournament,True,0.0,60.0,19.2,34.2,hot,53.5,187.7,B_win,Córdoba,Argentina,1978-06-11,0.1633,0.21,-0.006,0.1,52.03,1519,3,305.2,-0.44,19.13,0.455,68.7,30.6,12.34,0.1146666666666666,0.8703333333333333,3.7066666666666666,0.2463333333333333,Visa,finance,29.04,250.0,1.0,0.165,0.637,0.935,0.918,real_sponsor_names_with_proxy_commercial_metrics,0.6830613109122354,1576,3,374.1,-0.28,21.13,0.516,66.6,39.7,14.92,0.2316666666666666,0.8953333333333333,3.016666666666667,0.1463333333333333,Hisense,technology,33.45,1070.0,1.0,0.314,0.647,0.931,0.617,real_sponsor_names_with_proxy_commercial_metrics,0.8155266737460563,-57,-68.90000000000003,0,2.1000000000000085,-0.1599999999999999,-0.025,-0.1169999999999999,0.3004381649565623,0.4784159051375166,3.403,0.62,0.37881330068402297,0.12066666666666664,0.8189899999999999,0.3557953329051595,0.2,0.4970724281942457
293,1978,Netherlands,Scotland,tournament,True,0.0,77.1,27.6,59.5,cloudy,53.5,115.55,B_win,Mendoza,Argentina,1978-06-11,0.2518,6.87,0.221,0.141,53.77,1746,9,581.1,0.35,31.14,0.724,75.8,49.9,15.97,0.1103333333333333,0.742,2.733333333333333,0.1786666666666666,Hisense,technology,32.27,1070.0,1.0,0.505,0.811,0.856,0.664,real_sponsor_names_with_proxy_commercial_metrics,0.8192941476500228,1529,4,318.6,-0.35,20.39,0.472,67.9,31.6,17.66,0.1853333333333333,0.9116666666666668,1.8866666666666667,0.2256666666666666,Budweiser,beverage,26.35,350.0,1.0,0.459,0.686,0.905,0.601,real_sponsor_names_with_proxy_commercial_metrics,0.6396023182948416,217,262.5,5,7.899999999999991,0.7,-0.1696666666666667,-0.075,0.7581498473599972,0.4566422629936296,3.896,0.22,0.36418413880462547,0.1694,0.8342200000000001,0.377948690501677,0.2,0.519954056835147
294,1978,Spain,Sweden,tournament,True,0.0,24.6,22.8,45.7,windy,44.7,141.15,A_win,Buenos Aires,Argentina,1978-06-11,0.2379,1.14,0.151,0.195,43.09,1708,12,537.2,0.18,30.58,0.689,77.4,45.2,19.26,0.2126666666666666,0.84,4.25,0.077,Budweiser,beverage,27.85,350.0,1.0,0.321,0.724,0.933,0.612,real_sponsor_names_with_proxy_commercial_metrics,0.6704472243491213,1654,9,471.1,0.0,27.67,0.624,74.4,39.2,19.34,0.1766666666666666,0.6789999999999999,3.783333333333333,0.1453333333333333,Budweiser,beverage,26.29,350.0,1.0,0.625,0.705,0.91,0.618,real_sponsor_names_with_proxy_commercial_metrics,0.6436681220526703,54,66.10000000000002,3,3.0,0.18,0.161,0.036,0.7299678934836586,0.5131559569974065,3.547,0.48,0.3192702767122136,0.19159999999999994,0.80913,0.2974635695425676,0.2,0.48622725714550563
295,1978,Argentina,Poland,tournament,False,0.18,54.9,33.4,59.4,cloudy,46.9,165.2,A_win,Rosario,Argentina,1978-06-14,0.5201,0.71,0.043,0.129,52.27,1753,15,591.7,0.26,33.16,0.743,76.8,58.0,19.5,0.2623333333333333,0.8586666666666667,3.813333333333333,0.2106666666666666,Hyundai,automotive,30.74,590.0,1.0,0.338,0.813,0.936,0.851,real_sponsor_names_with_proxy_commercial_metrics,0.7681302767229082,1685,6,506.6,0.05,27.64,0.65,72.7,42.5,15.85,0.2053333333333333,0.815,3.9733333333333327,0.268,Coca-Cola,beverage,28.97,300.0,1.0,0.581,0.749,0.899,0.847,real_sponsor_names_with_proxy_commercial_metrics,0.6960284847496763,68,85.10000000000002,9,4.099999999999994,0.21,0.0436666666666667,0.057,0.8112048561394937,0.5548959087975006,3.985,0.22,0.4335776473771174,0.2139333333333333,0.8831100000000001,0.5283836437593663,0.2,0.5532370503522217
296,1978,Austria,Netherlands,tournament,True,0.0,60.3,20.1,45.3,clear,55.7,155.29,B_win,Córdoba,Argentina,1978-06-14,0.3932,2.29,0.142,0.15,48.72,1660,5,475.8,-0.03,25.77,0.617,70.5,44.6,14.99,0.1396666666666666,0.88,2.703333333333333,0.218,McDonald's,restaurant,21.71,77.28,0.55,0.451,0.702,0.72,0.649,real_sponsor_names_with_proxy_commercial_metrics,0.4467064332741507,1746,9,581.1,0.35,31.14,0.724,75.8,49.9,15.97,0.1103333333333333,0.742,2.733333333333333,0.1786666666666666,Hisense,technology,32.27,1070.0,1.0,0.505,0.811,0.856,0.664,real_sponsor_names_with_proxy_commercial_metrics,0.8192941476500228,-86,-105.3,-4,-5.299999999999997,-0.38,0.138,0.0293333333333333,0.5506732285488857,0.4996928630998826,3.328,0.12,0.43417395322584523,0.13179999999999997,0.6711900000000001,0.18034789124384495,0.2,0.43601693629893234
297,1978,Brazil,Peru,tournament,True,0.0,61.8,29.0,40.4,cloudy,49.1,186.17,A_win,Mendoza,Argentina,1978-06-14,0.2457,5.43,0.205,0.08,55.8,1829,20,683.6,0.5,36.78,0.83,78.8,57.4,18.61,0.1376666666666667,0.7313333333333333,3.723333333333333,0.206,Adidas,apparel,33.15,1830.0,1.0,0.369,0.809,0.916,0.861,real_sponsor_names_with_proxy_commercial_metrics,0.9383411482254695,1576,3,374.1,-0.28,21.13,0.516,66.6,39.7,14.92,0.2316666666666666,0.8953333333333333,3.016666666666667,0.1463333333333333,Hisense,technology,33.45,1070.0,1.0,0.314,0.647,0.931,0.617,real_sponsor_names_with_proxy_commercial_metrics,0.8155266737460563,253,309.5,17,12.200000000000005,0.78,-0.164,-0.0939999999999999,0.9764150943396226,0.5273701875997204,4.338,0.22,0.38158510159308706,0.19006666666666672,0.87793,0.33183401127524437,0.2,0.5766887484206519
298,1978,Germany,Italy,tournament,True,0.0,53.2,23.6,61.7,clear,42.5,111.53,draw,Buenos Aires,Argentina,1978-06-14,0.1965,-1.75,0.258,0.173,33.45,1798,20,646.1,0.4,35.62,0.797,81.3,65.9,22.15,0.2123333333333333,0.851,5.576666666666667,0.3273333333333333,Coca-Cola,beverage,29.19,300.0,1.0,0.286,0.859,0.907,0.902,real_sponsor_names_with_proxy_commercial_metrics,0.7215038709709707,1755,14,594.5,0.34,33.03,0.744,77.8,61.6,11.04,0.3303333333333333,0.8929999999999999,1.3333333333333333,0.0393333333333333,Visa,finance,33.4,250.0,1.0,0.316,0.761,0.842,0.918,real_sponsor_names_with_proxy_commercial_metrics,0.749976237843342,43,51.60000000000002,6,3.5,0.06,-0.0419999999999999,-0.118,0.9510351228677828,0.6137184952050818,3.876,0.12,0.24508794057024835,0.18699999999999997,0.90283,0.24340862056661677,0.2,0.5251958958045055
299,1978,Argentina,Brazil,tournament,False,0.18,35.2,27.8,60.4,rain,42.5,114.39,draw,Rosario,Argentina,1978-06-18,0.115,5.26,0.14,0.145,34.96,1753,15,591.7,0.26,33.16,0.743,76.8,58.0,19.5,0.2623333333333333,0.8586666666666667,3.813333333333333,0.2106666666666666,Hyundai,automotive,30.74,590.0,1.0,0.338,0.813,0.936,0.851,real_sponsor_names_with_proxy_commercial_metrics,0.7681302767229082,1829,20,683.6,0.5,36.78,0.83,78.8,57.4,18.61,0.1376666666666667,0.7313333333333333,3.723333333333333,0.206,Adidas,apparel,33.15,1830.0,1.0,0.369,0.809,0.916,0.861,real_sponsor_names_with_proxy_commercial_metrics,0.9383411482254695,-76,-91.89999999999998,-5,-2.0,-0.24,0.1273333333333334,0.1246666666666666,0.8112048561394937,0.5174266228655012,3.584,0.48,0.221560800459159,0.2139333333333333,0.8831100000000001,0.4910398915292943,0.2,0.5003422809076702
300,1978,Austria,Italy,tournament,True,0.0,62.3,20.3,67.3,clear,44.7,97.16,B_win,Buenos Aires,Argentina,1978-06-18,0.2917,0.89,0.204,0.253,37.85,1660,5,475.8,-0.03,25.77,0.617,70.5,44.6,14.99,0.1396666666666666,0.88,2.703333333333333,0.218,McDonald's,restaurant,21.71,77.28,0.55,0.451,0.702,0.72,0.649,real_sponsor_names_with_proxy_commercial_metrics,0.4467064332741507,1755,14,594.5,0.34,33.03,0.744,77.8,61.6,11.04,0.3303333333333333,0.8929999999999999,1.3333333333333333,0.0393333333333333,Visa,finance,33.4,250.0,1.0,0.316,0.761,0.842,0.918,real_sponsor_names_with_proxy_commercial_metrics,0.749976237843342,-95,-118.7,-9,-7.299999999999997,-0.37,-0.0129999999999999,-0.1906666666666667,0.5506732285488857,0.4300060700646441,3.18,0.12,0.3027661506307656,0.13179999999999997,0.6711900000000001,0.27020730750017835,0.2,0.3902230737300496
301,1978,Germany,Netherlands,tournament,True,0.0,80.5,22.7,93.0,clear,51.3,194.9,draw,Córdoba,Argentina,1978-06-18,0.2327,3.36,0.023,0.113,41.48,1798,20,646.1,0.4,35.62,0.797,81.3,65.9,22.15,0.2123333333333333,0.851,5.576666666666667,0.3273333333333333,Coca-Cola,beverage,29.19,300.0,1.0,0.286,0.859,0.907,0.902,real_sponsor_names_with_proxy_commercial_metrics,0.7215038709709707,1746,9,581.1,0.35,31.14,0.724,75.8,49.9,15.97,0.1103333333333333,0.742,2.733333333333333,0.1786666666666666,Hisense,technology,32.27,1070.0,1.0,0.505,0.811,0.856,0.664,real_sponsor_names_with_proxy_commercial_metrics,0.8192941476500228,52,65.0,11,5.5,0.05,0.1089999999999999,0.102,0.9510351228677828,0.6823031633350743,4.298,0.12,0.3688093585652825,0.18699999999999997,0.90283,0.35524512952258613,0.2,0.5691438864799103
302,1978,Peru,Poland,tournament,True,0.0,38.1,22.3,62.4,cloudy,44.7,103.06,B_win,Mendoza,Argentina,1978-06-18,0.2656,1.38,0.117,0.184,41.92,1576,3,374.1,-0.28,21.13,0.516,66.6,39.7,14.92,0.2316666666666666,0.8953333333333333,3.016666666666667,0.1463333333333333,Hisense,technology,33.45,1070.0,1.0,0.314,0.647,0.931,0.617,real_sponsor_names_with_proxy_commercial_metrics,0.8155266737460563,1685,6,506.6,0.05,27.64,0.65,72.7,42.5,15.85,0.2053333333333333,0.815,3.9733333333333327,0.268,Coca-Cola,beverage,28.97,300.0,1.0,0.581,0.749,0.899,0.847,real_sponsor_names_with_proxy_commercial_metrics,0.6960284847496763,-109,-132.5,-3,-6.1000000000000085,-0.33,0.0803333333333333,0.0263333333333333,0.3706351825344051,0.4273735890096701,3.204,0.22,0.29321165271288246,0.18086666666666662,0.7770400000000001,0.2526182830229073,0.2,0.4879669371643377
303,1978,Argentina,Peru,tournament,False,0.18,69.2,18.0,65.8,clear,55.7,175.55,A_win,Rosario,Argentina,1978-06-21,0.3818,6.98,0.093,0.08,60.8,1753,15,591.7,0.26,33.16,0.743,76.8,58.0,19.5,0.2623333333333333,0.8586666666666667,3.813333333333333,0.2106666666666666,Hyundai,automotive,30.74,590.0,1.0,0.338,0.813,0.936,0.851,real_sponsor_names_with_proxy_commercial_metrics,0.7681302767229082,1576,3,374.1,-0.28,21.13,0.516,66.6,39.7,14.92,0.2316666666666666,0.8953333333333333,3.016666666666667,0.1463333333333333,Hisense,technology,33.45,1070.0,1.0,0.314,0.647,0.931,0.617,real_sponsor_names_with_proxy_commercial_metrics,0.8155266737460563,177,217.6,12,10.200000000000005,0.54,-0.0366666666666666,0.0306666666666667,0.8112048561394937,0.5980579988092933,4.201,0.12,0.4588306262187299,0.2139333333333333,0.8831100000000001,0.3235524156140726,0.2,0.5703730313238462
304,1978,Austria,Germany,tournament,True,0.0,53.7,27.0,40.8,clear,53.5,149.86,A_win,Córdoba,Argentina,1978-06-21,0.1599,3.06,0.147,0.13,57.54,1660,5,475.8,-0.03,25.77,0.617,70.5,44.6,14.99,0.1396666666666666,0.88,2.703333333333333,0.218,McDonald's,restaurant,21.71,77.28,0.55,0.451,0.702,0.72,0.649,real_sponsor_names_with_proxy_commercial_metrics,0.4467064332741507,1798,20,646.1,0.4,35.62,0.797,81.3,65.9,22.15,0.2123333333333333,0.851,5.576666666666667,0.3273333333333333,Coca-Cola,beverage,29.19,300.0,1.0,0.286,0.859,0.907,0.902,real_sponsor_names_with_proxy_commercial_metrics,0.7215038709709707,-138,-170.3,-15,-10.799999999999995,-0.43,0.029,-0.0726666666666666,0.5506732285488857,0.4879126983304186,3.453,0.12,0.3707391375368467,0.13179999999999997,0.6711900000000001,0.24153928494968954,0.2,0.4200315270256827
305,1978,Brazil,Poland,tournament,True,0.0,57.2,26.9,37.4,rain,51.3,109.17,A_win,Mendoza,Argentina,1978-06-21,0.2027,1.31,0.249,0.241,53.77,1829,20,683.6,0.5,36.78,0.83,78.8,57.4,18.61,0.1376666666666667,0.7313333333333333,3.723333333333333,0.206,Adidas,apparel,33.15,1830.0,1.0,0.369,0.809,0.916,0.861,real_sponsor_names_with_proxy_commercial_metrics,0.9383411482254695,1685,6,506.6,0.05,27.64,0.65,72.7,42.5,15.85,0.2053333333333333,0.815,3.9733333333333327,0.268,Coca-Cola,beverage,28.97,300.0,1.0,0.581,0.749,0.899,0.847,real_sponsor_names_with_proxy_commercial_metrics,0.6960284847496763,144,177.0,14,6.099999999999994,0.45,-0.0836666666666666,-0.0676666666666666,0.9764150943396226,0.510451597037998,4.224,0.48,0.35841541349679945,0.19006666666666672,0.87793,0.368246770855634,0.2,0.5673176054441121
306,1978,Italy,Netherlands,tournament,True,0.0,44.3,26.6,83.3,clear,49.1,118.31,B_win,Buenos Aires,Argentina,1978-06-21,0.0766,2.17,0.14,0.085,38.43,1755,14,594.5,0.34,33.03,0.744,77.8,61.6,11.04,0.3303333333333333,0.8929999999999999,1.3333333333333333,0.0393333333333333,Visa,finance,33.4,250.0,1.0,0.316,0.761,0.842,0.918,real_sponsor_names_with_proxy_commercial_metrics,0.749976237843342,1746,9,581.1,0.35,31.14,0.724,75.8,49.9,15.97,0.1103333333333333,0.742,2.733333333333333,0.1786666666666666,Hisense,technology,32.27,1070.0,1.0,0.505,0.811,0.856,0.664,real_sponsor_names_with_proxy_commercial_metrics,0.8192941476500228,9,13.399999999999975,5,2.0,-0.0099999999999999,0.1509999999999999,0.22,0.8187106162327391,0.3355296271907119,3.179,0.12,0.24289894206553453,0.24100000000000002,0.84782,0.4147766359808749,0.2,0.44275718110890827
307,1978,Brazil,Italy,tournament,True,0.0,53.7,32.2,43.2,cloudy,49.1,206.66,A_win,Buenos Aires,Argentina,1978-06-24,0.2784,2.99,0.045,0.145,53.6,1829,20,683.6,0.5,36.78,0.83,78.8,57.4,18.61,0.1376666666666667,0.7313333333333333,3.723333333333333,0.206,Adidas,apparel,33.15,1830.0,1.0,0.369,0.809,0.916,0.861,real_sponsor_names_with_proxy_commercial_metrics,0.9383411482254695,1755,14,594.5,0.34,33.03,0.744,77.8,61.6,11.04,0.3303333333333333,0.8929999999999999,1.3333333333333333,0.0393333333333333,Visa,finance,33.4,250.0,1.0,0.316,0.761,0.842,0.918,real_sponsor_names_with_proxy_commercial_metrics,0.749976237843342,74,89.10000000000002,6,1.0,0.1599999999999999,-0.1616666666666666,-0.1926666666666666,0.9764150943396226,0.5345039677372433,4.282,0.22,0.41613516950726864,0.19006666666666672,0.87793,0.4271697709269965,0.2,0.5855962204419947
308,1978,Argentina,Netherlands,tournament,False,0.18,74.9,31.7,41.3,clear,51.3,155.11,A_win,Buenos Aires,Argentina,1978-06-25,0.2586,3.17,0.019,0.121,47.34,1753,15,591.7,0.26,33.16,0.743,76.8,58.0,19.5,0.2623333333333333,0.8586666666666667,3.813333333333333,0.2106666666666666,Hyundai,automotive,30.74,590.0,1.0,0.338,0.813,0.936,0.851,real_sponsor_names_with_proxy_commercial_metrics,0.7681302767229082,1746,9,581.1,0.35,31.14,0.724,75.8,49.9,15.97,0.1103333333333333,0.742,2.733333333333333,0.1786666666666666,Hisense,technology,32.27,1070.0,1.0,0.505,0.811,0.856,0.664,real_sponsor_names_with_proxy_commercial_metrics,0.8192941476500228,7,10.600000000000025,6,1.0,-0.0899999999999999,0.1166666666666667,0.152,0.8112048561394937,0.571162305008898,4.196,0.12,0.3629400545159721,0.2139333333333333,0.8831100000000001,0.3659541140369656,0.2,0.543664122719184
309,1982,Argentina,Belgium,tournament,True,0.0,65.6,20.8,57.4,clear,46.16,99.44,B_win,Barcelona,Spain,1982-06-13,0.2862,3.72,0.251,0.208,48.16,1753,15,591.7,0.26,33.16,0.743,76.8,58.0,19.5,0.2623333333333333,0.8586666666666667,3.813333333333333,0.2106666666666666,Hyundai,automotive,30.74,590.0,1.0,0.338,0.813,0.936,0.851,real_sponsor_names_with_proxy_commercial_metrics,0.7681302767229082,1674,9,495.4,0.02,28.38,0.646,71.5,40.4,23.19,0.142,0.7919999999999999,3.7566666666666655,0.0076666666666666,Visa,finance,26.85,250.0,1.0,0.538,0.72,0.914,0.914,real_sponsor_names_with_proxy_commercial_metrics,0.6636131480729871,79,96.30000000000008,6,5.299999999999997,0.24,0.0666666666666667,0.1203333333333333,0.8112048561394937,0.5286744435363847,3.786,0.12,0.32520642704726,0.2139333333333333,0.8831100000000001,0.2144237493755798,0.2,0.5242207960131378
310,1982,Brazil,Russia,tournament,True,0.0,80.5,25.2,56.6,clear,50.56,157.38,A_win,Seville,Spain,1982-06-14,0.4251,2.8,0.161,0.154,52.67,1829,20,683.6,0.5,36.78,0.83,78.8,57.4,18.61,0.1376666666666667,0.7313333333333333,3.723333333333333,0.206,Adidas,apparel,33.15,1830.0,1.0,0.369,0.809,0.916,0.861,real_sponsor_names_with_proxy_commercial_metrics,0.9383411482254695,1676,8,497.3,0.07,27.98,0.645,72.7,49.8,18.23,0.1086666666666666,0.8123333333333332,5.670000000000001,0.13,Hyundai,automotive,26.07,590.0,1.0,0.245,0.69,0.874,0.885,real_sponsor_names_with_proxy_commercial_metrics,0.6793986692072507,153,186.3,12,6.099999999999994,0.43,-0.0809999999999999,0.029,0.9764150943396226,0.5239098253968665,4.493,0.12,0.4279637072205789,0.19006666666666672,0.87793,0.26299008063940627,0.2,0.584995568129351
311,1982,Italy,Poland,tournament,True,0.0,73.3,19.3,43.6,rain,43.96,120.59,draw,Vigo,Spain,1982-06-14,0.1929,-0.09,0.156,0.099,37.1,1755,14,594.5,0.34,33.03,0.744,77.8,61.6,11.04,0.3303333333333333,0.8929999999999999,1.3333333333333333,0.0393333333333333,Visa,finance,33.4,250.0,1.0,0.316,0.761,0.842,0.918,real_sponsor_names_with_proxy_commercial_metrics,0.749976237843342,1685,6,506.6,0.05,27.64,0.65,72.7,42.5,15.85,0.2053333333333333,0.815,3.9733333333333327,0.268,Coca-Cola,beverage,28.97,300.0,1.0,0.581,0.749,0.899,0.847,real_sponsor_names_with_proxy_commercial_metrics,0.6960284847496763,70,87.89999999999998,8,5.099999999999994,0.29,0.0779999999999999,0.125,0.8187106162327391,0.3132175860680987,3.496,0.48,0.24961335180295785,0.24100000000000002,0.84782,0.33781146078641255,0.2,0.4378526915420613
312,1982,Hungary,El Salvador,tournament,True,0.0,63.7,23.1,53.1,windy,68.16,512.34,A_win,Elche,Spain,1982-06-15,0.3371,2.09,0.092,0.209,65.81,1691,5,513.5,0.03,27.22,0.652,78.9,42.6,16.61,0.1083333333333333,0.8380000000000001,2.99,0.2826666666666667,Adidas,apparel,33.47,1830.0,1.0,0.501,0.712,0.937,0.887,real_sponsor_names_with_proxy_commercial_metrics,0.931713528183716,1404,1,163.9,-1.0,11.34,0.308,61.9,14.8,7.67,0.297,0.8106666666666666,3.016666666666666,0.3783333333333333,Budweiser,beverage,33.75,350.0,1.0,0.547,0.582,0.92,0.654,real_sponsor_names_with_proxy_commercial_metrics,0.7290398548292885,287,349.6,4,17.000000000000007,1.03,0.0273333333333334,-0.1886666666666666,0.6789758272283496,0.7153138711682946,4.579,0.48,0.8054418870065437,0.12979999999999994,0.84634,0.3372423463926354,0.2,0.7116871080925231
313,1982,Peru,Cameroon,tournament,True,0.0,80.7,19.4,77.7,clear,43.96,136.06,draw,La Coruña,Spain,1982-06-15,0.1718,4.07,0.141,0.163,48.95,1576,3,374.1,-0.28,21.13,0.516,66.6,39.7,14.92,0.2316666666666666,0.8953333333333333,3.016666666666667,0.1463333333333333,Hisense,technology,33.45,1070.0,1.0,0.314,0.647,0.931,0.617,real_sponsor_names_with_proxy_commercial_metrics,0.8155266737460563,1542,4,334.5,-0.31,21.28,0.489,68.0,29.1,10.52,0.2513333333333333,0.8450000000000001,2.2433333333333336,0.186,Coca-Cola,beverage,31.97,300.0,1.0,0.241,0.693,0.92,0.885,real_sponsor_names_with_proxy_commercial_metrics,0.7331682968582358,34,39.60000000000002,-1,-1.4000000000000057,0.0299999999999999,0.0503333333333332,-0.0196666666666666,0.3706351825344051,0.4355363173250186,3.725,0.12,0.29995635365481355,0.18086666666666662,0.7770400000000001,0.33855598372939416,0.2,0.49160144128102146
314,1982,Scotland,New Zealand,tournament,True,0.0,63.7,32.7,45.1,windy,59.36,152.48,A_win,Málaga,Spain,1982-06-15,0.2938,1.39,0.041,0.117,51.92,1529,4,318.6,-0.35,20.39,0.472,67.9,31.6,17.66,0.1853333333333333,0.9116666666666668,1.8866666666666667,0.2256666666666666,Budweiser,beverage,26.35,350.0,1.0,0.459,0.686,0.905,0.601,real_sponsor_names_with_proxy_commercial_metrics,0.6396023182948416,1404,1,163.9,-0.5,11.34,0.308,64.7,15.2,8.370000000000001,0.188,0.8696666666666667,0.58,0.3226666666666666,McDonald's,restaurant,20.14,63.89,0.409,0.46,0.556,0.654,0.629,real_sponsor_names_with_proxy_commercial_metrics,0.3651693464044089,125,154.70000000000002,3,3.200000000000003,0.15,0.042,-0.0026666666666666,0.3145516160739996,0.5528096676586713,3.821,0.48,0.42389324377738496,0.14653333333333324,0.7845199999999999,0.5523854278170272,0.2,0.5101107120906669
315,1982,England,France,tournament,True,0.0,68.8,25.2,35.7,cloudy,52.76,224.38,A_win,Bilbao,Spain,1982-06-16,0.0919,4.21,0.151,0.112,54.73,1695,13,522.2,0.16,30.51,0.678,76.6,52.6,19.34,0.28,0.7986666666666666,2.61,0.1863333333333333,McDonald's,restaurant,20.29,74.13,0.517,0.758,0.819,0.654,0.569,real_sponsor_names_with_proxy_commercial_metrics,0.4256813568338741,1748,13,584.8,0.26,32.28,0.733,77.8,46.5,18.67,0.2083333333333333,0.8296666666666667,3.483333333333333,0.3613333333333333,Qatar Airways,airline,24.02,81.37,0.593,0.647,0.801,0.711,0.647,real_sponsor_names_with_proxy_commercial_metrics,0.5007849188790221,-53,-62.59999999999991,0,-1.2000000000000028,-0.1,-0.031,0.0716666666666666,0.7074856858162286,0.5591611842030919,3.773,0.22,0.39180649068198886,0.24853333333333336,0.68589,0.21268143866409764,0.2,0.4342025553533933
316,1982,Germany,Algeria,tournament,True,0.0,54.1,21.7,73.1,cloudy,50.56,86.29,B_win,Gijón,Spain,1982-06-16,0.3868,2.87,0.026,0.106,56.87,1798,20,646.1,0.4,35.62,0.797,81.3,65.9,22.15,0.2123333333333333,0.851,5.576666666666667,0.3273333333333333,Coca-Cola,beverage,29.19,300.0,1.0,0.286,0.859,0.907,0.902,real_sponsor_names_with_proxy_commercial_metrics,0.7215038709709707,1543,2,333.4,-0.31,18.82,0.474,72.2,36.3,11.9,0.258,0.887,1.2466666666666666,0.0059999999999999,Hisense,technology,30.28,1070.0,1.0,0.679,0.66,0.889,0.626,real_sponsor_names_with_proxy_commercial_metrics,0.7697599722846784,255,312.70000000000005,18,9.099999999999994,0.71,-0.036,-0.0456666666666666,0.9510351228677828,0.6411630802656201,3.826,0.22,0.3634806094070497,0.18699999999999997,0.90283,0.29885285092414193,0.2,0.5565589133888165
317,1982,Spain,Honduras,tournament,False,0.18,58.9,30.2,65.9,rain,48.36,141.89,draw,Valencia,Spain,1982-06-16,0.5366,2.34,0.091,0.156,44.0,1708,12,537.2,0.18,30.58,0.689,77.4,45.2,19.26,0.2126666666666666,0.84,4.25,0.077,Budweiser,beverage,27.85,350.0,1.0,0.321,0.724,0.933,0.612,real_sponsor_names_with_proxy_commercial_metrics,0.6704472243491213,1414,1,177.5,-0.67,13.05,0.328,62.9,9.5,7.33,0.4183333333333334,0.6726666666666666,3.2266666666666666,0.0066666666666666,Visa,finance,28.19,250.0,1.0,0.46,0.538,0.906,0.82,real_sponsor_names_with_proxy_commercial_metrics,0.6450568641481437,294,359.70000000000005,11,14.500000000000009,0.8500000000000001,0.1673333333333333,-0.2056666666666667,0.7299678934836586,0.529866394083992,3.775,0.48,0.4148070850191724,0.19159999999999994,0.80913,0.5772330692927995,0.2,0.5100135411911415
318,1982,Chile,Austria,tournament,True,0.0,48.9,10.0,48.1,rain,46.16,230.57,B_win,Oviedo,Spain,1982-06-17,0.204,5.31,0.068,0.123,42.45,1622,5,430.7,-0.12,24.93,0.579,72.9,38.6,16.65,0.135,0.8083333333333332,3.453333333333333,0.1826666666666666,Hisense,technology,27.36,1070.0,1.0,0.243,0.681,0.911,0.656,real_sponsor_names_with_proxy_commercial_metrics,0.7384557551656803,1660,5,475.8,-0.03,25.77,0.617,70.5,44.6,14.99,0.1396666666666666,0.88,2.703333333333333,0.218,McDonald's,restaurant,21.71,77.28,0.55,0.451,0.702,0.72,0.649,real_sponsor_names_with_proxy_commercial_metrics,0.4467064332741507,-38,-45.10000000000002,0,2.4000000000000057,-0.09,-0.0716666666666667,-0.0046666666666666,0.5136943396293857,0.5037024532056671,3.714,0.48,0.36475788759855604,0.15766666666666673,0.79217,0.5991634196817242,0.2,0.5086614456570613
319,1982,Czechoslovakia,Kuwait,tournament,True,0.0,70.9,10.9,32.7,rain,48.36,133.77,draw,Valladolid,Spain,1982-06-17,0.2175,-0.85,-0.141,0.045,45.6,1636,5,447.8,-0.1,25.08,0.592,72.1,45.6,14.05,0.2196666666666666,0.848,2.25,0.1806666666666666,Visa,finance,31.09,250.0,1.0,0.557,0.715,0.89,0.868,real_sponsor_names_with_proxy_commercial_metrics,0.7140096825197512,1388,1,142.7,-0.67,8.65,0.277,63.0,11.2,4.47,0.1966666666666666,0.806,3.07,0.312,Hisense,technology,27.08,1070.0,1.0,0.514,0.628,0.865,0.575,real_sponsor_names_with_proxy_commercial_metrics,0.7145261727022147,248,305.1,4,9.099999999999994,0.5700000000000001,0.0419999999999999,0.023,0.5283363782801519,0.4212784121139253,3.529,0.48,0.2974299927878845,0.19259999999999997,0.8329999999999999,0.5092098051809034,0.2,0.4698702777542163
320,1982,Yugoslavia,Northern Ireland,tournament,True,0.0,42.7,27.8,46.1,cloudy,43.96,77.32,draw,Zaragoza,Spain,1982-06-17,0.1339,1.38,0.092,0.073,47.09,1669,5,487.0,0.06,26.56,0.629,74.2,37.3,11.34,0.1803333333333333,0.851,3.0733333333333337,0.222,Qatar Airways,airline,17.82,67.59,0.448,0.779,0.762,0.645,0.666,real_sponsor_names_with_proxy_commercial_metrics,0.3755049748466676,1543,2,333.4,-0.15,18.82,0.474,66.3,29.3,14.28,0.151,0.5943333333333333,4.053333333333334,0.075,Qatar Airways,airline,21.11,77.31,0.551,0.318,0.682,0.667,0.62,real_sponsor_names_with_proxy_commercial_metrics,0.4266278590941108,126,153.60000000000002,3,7.900000000000006,0.21,0.2566666666666667,0.0293333333333333,0.5999391199848352,0.3597540063060619,3.021,0.22,0.2195921127700024,0.1678,0.66183,0.32524976807250416,0.2,0.3333589382828981
321,1982,Argentina,Hungary,tournament,True,0.0,68.2,23.4,57.1,cloudy,54.96,140.58,A_win,Alicante,Spain,1982-06-18,0.3219,5.39,0.048,0.042,51.56,1753,15,591.7,0.26,33.16,0.743,76.8,58.0,19.5,0.2623333333333333,0.8586666666666667,3.813333333333333,0.2106666666666666,Hyundai,automotive,30.74,590.0,1.0,0.338,0.813,0.936,0.851,real_sponsor_names_with_proxy_commercial_metrics,0.7681302767229082,1691,5,513.5,0.03,27.22,0.652,78.9,42.6,16.61,0.1083333333333333,0.8380000000000001,2.99,0.2826666666666667,Adidas,apparel,33.47,1830.0,1.0,0.501,0.712,0.937,0.887,real_sponsor_names_with_proxy_commercial_metrics,0.931713528183716,62,78.20000000000005,10,-2.1000000000000085,0.23,0.0206666666666666,0.154,0.8112048561394937,0.5825563525054408,4.147,0.22,0.38042897256060626,0.2139333333333333,0.8831100000000001,0.2583297652180118,0.2,0.5503522396271427
322,1982,Brazil,Scotland,tournament,True,0.0,55.5,24.5,76.7,clear,54.96,236.01,A_win,Seville,Spain,1982-06-18,0.2856,6.64,0.103,0.133,52.49,1829,20,683.6,0.5,36.78,0.83,78.8,57.4,18.61,0.1376666666666667,0.7313333333333333,3.723333333333333,0.206,Adidas,apparel,33.15,1830.0,1.0,0.369,0.809,0.916,0.861,real_sponsor_names_with_proxy_commercial_metrics,0.9383411482254695,1529,4,318.6,-0.35,20.39,0.472,67.9,31.6,17.66,0.1853333333333333,0.9116666666666668,1.8866666666666667,0.2256666666666666,Budweiser,beverage,26.35,350.0,1.0,0.459,0.686,0.905,0.601,real_sponsor_names_with_proxy_commercial_metrics,0.6396023182948416,300,365.0,16,10.899999999999991,0.85,-0.1803333333333334,-0.0476666666666666,0.9764150943396226,0.5710648977332528,4.373,0.12,0.4653292486387034,0.19006666666666672,0.87793,0.33163384000570895,0.2,0.6056720966671642
323,1982,Italy,Peru,tournament,True,0.0,73.2,15.0,41.4,clear,48.36,153.54,draw,Vigo,Spain,1982-06-18,0.2295,7.6,0.12,0.052,41.59,1755,14,594.5,0.34,33.03,0.744,77.8,61.6,11.04,0.3303333333333333,0.8929999999999999,1.3333333333333333,0.0393333333333333,Visa,finance,33.4,250.0,1.0,0.316,0.761,0.842,0.918,real_sponsor_names_with_proxy_commercial_metrics,0.749976237843342,1576,3,374.1,-0.28,21.13,0.516,66.6,39.7,14.92,0.2316666666666666,0.8953333333333333,3.016666666666667,0.1463333333333333,Hisense,technology,33.45,1070.0,1.0,0.314,0.647,0.931,0.617,real_sponsor_names_with_proxy_commercial_metrics,0.8155266737460563,179,220.4,11,11.200000000000005,0.6200000000000001,-0.0023333333333334,0.0986666666666667,0.8187106162327391,0.3444687503184896,3.572,0.12,0.3071874050532665,0.24100000000000002,0.84782,0.29615499892956537,0.2,0.45811782818223257
324,1982,Belgium,El Salvador,tournament,True,0.0,67.8,22.9,56.6,rain,46.16,104.3,A_win,Elche,Spain,1982-06-19,0.3468,2.91,0.261,0.191,52.43,1674,9,495.4,0.02,28.38,0.646,71.5,40.4,23.19,0.142,0.7919999999999999,3.7566666666666655,0.0076666666666666,Visa,finance,26.85,250.0,1.0,0.538,0.72,0.914,0.914,real_sponsor_names_with_proxy_commercial_metrics,0.6636131480729871,1404,1,163.9,-1.0,11.34,0.308,61.9,14.8,7.67,0.297,0.8106666666666666,3.016666666666666,0.3783333333333333,Budweiser,beverage,33.75,350.0,1.0,0.547,0.582,0.92,0.654,real_sponsor_names_with_proxy_commercial_metrics,0.7290398548292885,270,331.5,8,9.6,1.02,-0.0186666666666667,-0.155,0.6045045124588039,0.5412565700941523,3.876,0.48,0.35200218031906694,0.16840000000000002,0.8480000000000001,0.34716349104403055,0.2,0.505835431227693
325,1982,Poland,Cameroon,tournament,True,0.0,81.7,35.0,68.8,clear,43.96,103.69,draw,La Coruña,Spain,1982-06-19,0.2886,3.76,0.144,0.125,48.41,1685,6,506.6,0.05,27.64,0.65,72.7,42.5,15.85,0.2053333333333333,0.815,3.9733333333333327,0.268,Coca-Cola,beverage,28.97,300.0,1.0,0.581,0.749,0.899,0.847,real_sponsor_names_with_proxy_commercial_metrics,0.6960284847496763,1542,4,334.5,-0.31,21.28,0.489,68.0,29.1,10.52,0.2513333333333333,0.8450000000000001,2.2433333333333336,0.186,Coca-Cola,beverage,31.97,300.0,1.0,0.241,0.693,0.92,0.885,real_sponsor_names_with_proxy_commercial_metrics,0.7331682968582358,143,172.10000000000002,2,4.700000000000003,0.36,-0.0300000000000001,-0.046,0.616436840876696,0.4626011203533581,3.759,0.12,0.297823299622739,0.1972,0.84638,0.5706194248198101,0.2,0.4788010099634104
326,1982,Russia,New Zealand,tournament,True,0.0,67.5,27.9,19.9,clear,50.56,123.53,A_win,Málaga,Spain,1982-06-19,0.3116,4.52,0.146,0.173,50.36,1676,8,497.3,0.07,27.98,0.645,72.7,49.8,18.23,0.1086666666666666,0.8123333333333332,5.670000000000001,0.13,Hyundai,automotive,26.07,590.0,1.0,0.245,0.69,0.874,0.885,real_sponsor_names_with_proxy_commercial_metrics,0.6793986692072507,1404,1,163.9,-0.5,11.34,0.308,64.7,15.2,8.370000000000001,0.188,0.8696666666666667,0.58,0.3226666666666666,McDonald's,restaurant,20.14,63.89,0.409,0.46,0.556,0.654,0.629,real_sponsor_names_with_proxy_commercial_metrics,0.3651693464044089,272,333.4,7,8.0,0.5700000000000001,-0.0573333333333334,-0.0793333333333333,0.6134810916271758,0.5464769367653477,4.072,0.12,0.37038329108139745,0.14026666666666668,0.82105,0.17464104759865834,0.2,0.5126768811203171
327,1982,England,Czechoslovakia,tournament,True,0.0,37.6,24.0,74.5,clear,48.36,152.9,A_win,Bilbao,Spain,1982-06-20,0.2337,5.48,0.159,0.238,54.44,1695,13,522.2,0.16,30.51,0.678,76.6,52.6,19.34,0.28,0.7986666666666666,2.61,0.1863333333333333,McDonald's,restaurant,20.29,74.13,0.517,0.758,0.819,0.654,0.569,real_sponsor_names_with_proxy_commercial_metrics,0.4256813568338741,1636,5,447.8,-0.1,25.08,0.592,72.1,45.6,14.05,0.2196666666666666,0.848,2.25,0.1806666666666666,Visa,finance,31.09,250.0,1.0,0.557,0.715,0.89,0.868,real_sponsor_names_with_proxy_commercial_metrics,0.7140096825197512,59,74.40000000000003,8,4.5,0.26,-0.0493333333333333,0.0603333333333333,0.7074856858162286,0.5144954494940013,3.378,0.12,0.3846632872640723,0.24853333333333336,0.68589,0.309121886819382,0.2,0.42026750895126463
328,1982,Germany,Chile,tournament,True,0.0,57.1,20.4,39.1,clear,54.96,228.45,A_win,Gijón,Spain,1982-06-20,0.4689,3.46,0.189,0.098,56.46,1798,20,646.1,0.4,35.62,0.797,81.3,65.9,22.15,0.2123333333333333,0.851,5.576666666666667,0.3273333333333333,Coca-Cola,beverage,29.19,300.0,1.0,0.286,0.859,0.907,0.902,real_sponsor_names_with_proxy_commercial_metrics,0.7215038709709707,1622,5,430.7,-0.12,24.93,0.579,72.9,38.6,16.65,0.135,0.8083333333333332,3.453333333333333,0.1826666666666666,Hisense,technology,27.36,1070.0,1.0,0.243,0.681,0.911,0.656,real_sponsor_names_with_proxy_commercial_metrics,0.7384557551656803,176,215.40000000000003,15,8.399999999999991,0.52,0.0426666666666667,0.0773333333333333,0.9510351228677828,0.710436700778523,4.263,0.12,0.5118267697001557,0.18699999999999997,0.90283,0.1457542995789624,0.2,0.6056247591910506
329,1982,Spain,Yugoslavia,tournament,False,0.18,42.8,20.6,63.3,cloudy,50.56,194.0,A_win,Valencia,Spain,1982-06-20,0.1141,4.74,0.156,0.238,56.89,1708,12,537.2,0.18,30.58,0.689,77.4,45.2,19.26,0.2126666666666666,0.84,4.25,0.077,Budweiser,beverage,27.85,350.0,1.0,0.321,0.724,0.933,0.612,real_sponsor_names_with_proxy_commercial_metrics,0.6704472243491213,1669,5,487.0,0.06,26.56,0.629,74.2,37.3,11.34,0.1803333333333333,0.851,3.0733333333333337,0.222,Qatar Airways,airline,17.82,67.59,0.448,0.779,0.762,0.645,0.666,real_sponsor_names_with_proxy_commercial_metrics,0.3755049748466676,39,50.200000000000045,7,3.200000000000003,0.12,-0.011,0.0323333333333333,0.7299678934836586,0.557898626048164,3.82,0.22,0.39966610918501955,0.19159999999999994,0.80913,0.28511988867480187,0.2,0.514834370974279
330,1982,Algeria,Austria,tournament,True,0.0,51.3,10.2,61.9,cloudy,48.36,157.02,B_win,Oviedo,Spain,1982-06-21,0.2633,3.77,0.142,0.133,40.53,1543,2,333.4,-0.31,18.82,0.474,72.2,36.3,11.9,0.258,0.887,1.2466666666666666,0.0059999999999999,Hisense,technology,30.28,1070.0,1.0,0.679,0.66,0.889,0.626,real_sponsor_names_with_proxy_commercial_metrics,0.7697599722846784,1660,5,475.8,-0.03,25.77,0.617,70.5,44.6,14.99,0.1396666666666666,0.88,2.703333333333333,0.218,McDonald's,restaurant,21.71,77.28,0.55,0.451,0.702,0.72,0.649,real_sponsor_names_with_proxy_commercial_metrics,0.4467064332741507,-117,-142.40000000000003,-3,1.7000000000000028,-0.28,0.007,0.1183333333333333,0.3657175034061077,0.3513403594075544,3.357,0.22,0.3361482100276472,0.19999999999999998,0.77335,0.5495907371726254,0.2,0.46261633598796753
331,1982,France,Kuwait,tournament,True,0.0,77.6,24.5,75.4,cloudy,54.96,108.17,A_win,Valladolid,Spain,1982-06-21,0.3202,3.9,0.177,0.181,47.33,1748,13,584.8,0.26,32.28,0.733,77.8,46.5,18.67,0.2083333333333333,0.8296666666666667,3.483333333333333,0.3613333333333333,Qatar Airways,airline,24.02,81.37,0.593,0.647,0.801,0.711,0.647,real_sponsor_names_with_proxy_commercial_metrics,0.5007849188790221,1388,1,142.7,-0.67,8.65,0.277,63.0,11.2,4.47,0.1966666666666666,0.806,3.07,0.312,Hisense,technology,27.08,1070.0,1.0,0.514,0.628,0.865,0.575,real_sponsor_names_with_proxy_commercial_metrics,0.7145261727022147,360,442.1,12,14.799999999999995,0.93,0.0236666666666666,0.0116666666666666,0.8018213325687816,0.5715770628180349,3.839,0.22,0.3792433988269466,0.19313333333333332,0.7179599999999999,0.36601655605509176,0.2,0.4610050378854044
332,1982,Honduras,Northern Ireland,tournament,True,0.0,66.3,28.1,66.8,clear,48.36,95.28,draw,Zaragoza,Spain,1982-06-21,0.3648,0.87,-0.074,-0.007,53.13,1414,1,177.5,-0.67,13.05,0.328,62.9,9.5,7.33,0.4183333333333334,0.6726666666666666,3.2266666666666666,0.0066666666666666,Visa,finance,28.19,250.0,1.0,0.46,0.538,0.906,0.82,real_sponsor_names_with_proxy_commercial_metrics,0.6450568641481437,1543,2,333.4,-0.15,18.82,0.474,66.3,29.3,14.28,0.151,0.5943333333333333,4.053333333333334,0.075,Qatar Airways,airline,21.11,77.31,0.551,0.318,0.682,0.667,0.62,real_sponsor_names_with_proxy_commercial_metrics,0.4266278590941108,-129,-155.89999999999998,-1,-3.3999999999999986,-0.52,0.0783333333333333,0.2673333333333334,0.0690300105224019,0.2447636182490733,2.958,0.12,0.31573010660336065,0.38193333333333335,0.75546,0.38249768072504103,0.2,0.38534188182596724
333,1982,Belgium,Hungary,tournament,True,0.0,48.9,13.5,20.0,cloudy,48.36,160.45,draw,Elche,Spain,1982-06-22,0.2109,2.11,0.287,0.249,45.03,1674,9,495.4,0.02,28.38,0.646,71.5,40.4,23.19,0.142,0.7919999999999999,3.7566666666666655,0.0076666666666666,Visa,finance,26.85,250.0,1.0,0.538,0.72,0.914,0.914,real_sponsor_names_with_proxy_commercial_metrics,0.6636131480729871,1691,5,513.5,0.03,27.22,0.652,78.9,42.6,16.61,0.1083333333333333,0.8380000000000001,2.99,0.2826666666666667,Adidas,apparel,33.47,1830.0,1.0,0.501,0.712,0.937,0.887,real_sponsor_names_with_proxy_commercial_metrics,0.931713528183716,-17,-18.100000000000023,4,-7.400000000000006,-0.0099999999999999,-0.0460000000000001,0.0336666666666666,0.6045045124588039,0.5706953648575235,3.67,0.22,0.36338896300166296,0.16840000000000002,0.8480000000000001,0.2827032041675587,0.2,0.516355650297956
334,1982,Poland,Peru,tournament,True,0.0,44.8,19.0,45.4,clear,57.16,112.07,A_win,La Coruña,Spain,1982-06-22,0.2877,1.7,0.247,0.196,52.22,1685,6,506.6,0.05,27.64,0.65,72.7,42.5,15.85,0.2053333333333333,0.815,3.9733333333333327,0.268,Coca-Cola,beverage,28.97,300.0,1.0,0.581,0.749,0.899,0.847,real_sponsor_names_with_proxy_commercial_metrics,0.6960284847496763,1576,3,374.1,-0.28,21.13,0.516,66.6,39.7,14.92,0.2316666666666666,0.8953333333333333,3.016666666666667,0.1463333333333333,Hisense,technology,33.45,1070.0,1.0,0.314,0.647,0.931,0.617,real_sponsor_names_with_proxy_commercial_metrics,0.8155266737460563,109,132.5,3,6.1000000000000085,0.33,-0.0803333333333333,-0.0263333333333333,0.616436840876696,0.5248566585392948,3.66,0.12,0.40051006705108166,0.1972,0.84638,0.2093927067722829,0.2,0.5167699141411413
335,1982,Russia,Scotland,tournament,True,0.0,58.4,16.1,60.2,rain,52.76,141.54,draw,Málaga,Spain,1982-06-22,0.1777,0.3,0.137,0.131,55.48,1676,8,497.3,0.07,27.98,0.645,72.7,49.8,18.23,0.1086666666666666,0.8123333333333332,5.670000000000001,0.13,Hyundai,automotive,26.07,590.0,1.0,0.245,0.69,0.874,0.885,real_sponsor_names_with_proxy_commercial_metrics,0.6793986692072507,1529,4,318.6,-0.35,20.39,0.472,67.9,31.6,17.66,0.1853333333333333,0.9116666666666668,1.8866666666666667,0.2256666666666666,Budweiser,beverage,26.35,350.0,1.0,0.459,0.686,0.905,0.601,real_sponsor_names_with_proxy_commercial_metrics,0.6396023182948416,147,178.7,4,4.799999999999997,0.42,-0.0993333333333335,-0.0766666666666667,0.6134810916271758,0.5626369431224171,3.909,0.48,0.36074522809505233,0.14026666666666668,0.82105,0.49277685006779415,0.2,0.5152740703030275
336,1982,Argentina,El Salvador,tournament,True,0.0,42.2,17.2,54.9,cloudy,48.36,150.48,A_win,Alicante,Spain,1982-06-23,0.3484,-0.67,0.007,0.005,48.69,1753,15,591.7,0.26,33.16,0.743,76.8,58.0,19.5,0.2623333333333333,0.8586666666666667,3.813333333333333,0.2106666666666666,Hyundai,automotive,30.74,590.0,1.0,0.338,0.813,0.936,0.851,real_sponsor_names_with_proxy_commercial_metrics,0.7681302767229082,1404,1,163.9,-1.0,11.34,0.308,61.9,14.8,7.67,0.297,0.8106666666666666,3.016666666666666,0.3783333333333333,Budweiser,beverage,33.75,350.0,1.0,0.547,0.582,0.92,0.654,real_sponsor_names_with_proxy_commercial_metrics,0.7290398548292885,349,427.80000000000007,14,14.9,1.26,0.048,-0.0346666666666666,0.8112048561394937,0.5563341452542341,3.864,0.22,0.34398325123317286,0.2139333333333333,0.8831100000000001,0.3372628987368872,0.2,0.5357208773313181
337,1982,Brazil,New Zealand,tournament,True,0.0,49.3,23.3,65.6,cloudy,52.76,109.64,A_win,Seville,Spain,1982-06-23,0.2254,1.91,0.217,0.177,47.69,1829,20,683.6,0.5,36.78,0.83,78.8,57.4,18.61,0.1376666666666667,0.7313333333333333,3.723333333333333,0.206,Adidas,apparel,33.15,1830.0,1.0,0.369,0.809,0.916,0.861,real_sponsor_names_with_proxy_commercial_metrics,0.9383411482254695,1404,1,163.9,-0.5,11.34,0.308,64.7,15.2,8.370000000000001,0.188,0.8696666666666667,0.58,0.3226666666666666,McDonald's,restaurant,20.14,63.89,0.409,0.46,0.556,0.654,0.629,real_sponsor_names_with_proxy_commercial_metrics,0.3651693464044089,425,519.7,19,14.099999999999994,1.0,-0.1383333333333334,-0.0503333333333333,0.9764150943396226,0.517178370356077,4.164,0.22,0.34229700244005856,0.19006666666666672,0.87793,0.2924570042103761,0.2,0.565977419761826
338,1982,Italy,Cameroon,tournament,True,0.0,62.1,10.5,70.6,cloudy,48.36,103.74,draw,Vigo,Spain,1982-06-23,0.2699,2.25,0.064,0.148,44.65,1755,14,594.5,0.34,33.03,0.744,77.8,61.6,11.04,0.3303333333333333,0.8929999999999999,1.3333333333333333,0.0393333333333333,Visa,finance,33.4,250.0,1.0,0.316,0.761,0.842,0.918,real_sponsor_names_with_proxy_commercial_metrics,0.749976237843342,1542,4,334.5,-0.31,21.28,0.489,68.0,29.1,10.52,0.2513333333333333,0.8450000000000001,2.2433333333333336,0.186,Coca-Cola,beverage,31.97,300.0,1.0,0.241,0.693,0.92,0.885,real_sponsor_names_with_proxy_commercial_metrics,0.7331682968582358,213,260.0,10,9.799999999999995,0.65,0.0479999999999998,0.079,0.8187106162327391,0.3271304267045981,3.407,0.22,0.3123566215990993,0.24100000000000002,0.84782,0.5793798615571255,0.2,0.45429694087950945
339,1982,Algeria,Chile,tournament,True,0.0,73.0,26.7,67.7,windy,54.96,152.97,A_win,Oviedo,Spain,1982-06-24,0.212,3.02,0.162,0.137,50.95,1543,2,333.4,-0.31,18.82,0.474,72.2,36.3,11.9,0.258,0.887,1.2466666666666666,0.0059999999999999,Hisense,technology,30.28,1070.0,1.0,0.679,0.66,0.889,0.626,real_sponsor_names_with_proxy_commercial_metrics,0.7697599722846784,1622,5,430.7,-0.12,24.93,0.579,72.9,38.6,16.65,0.135,0.8083333333333332,3.453333333333333,0.1826666666666666,Hisense,technology,27.36,1070.0,1.0,0.243,0.681,0.911,0.656,real_sponsor_names_with_proxy_commercial_metrics,0.7384557551656803,-79,-97.3,-3,-0.7000000000000028,-0.19,0.0786666666666667,0.123,0.3657175034061077,0.3795992974447303,3.817,0.48,0.3806733900034794,0.19999999999999998,0.77335,0.4939703846428316,0.2,0.47943387463354326
340,1982,France,Czechoslovakia,tournament,True,0.0,65.9,27.5,54.6,rain,48.36,159.13,draw,Valladolid,Spain,1982-06-24,0.2294,3.97,0.017,0.137,39.92,1748,13,584.8,0.26,32.28,0.733,77.8,46.5,18.67,0.2083333333333333,0.8296666666666667,3.483333333333333,0.3613333333333333,Qatar Airways,airline,24.02,81.37,0.593,0.647,0.801,0.711,0.647,real_sponsor_names_with_proxy_commercial_metrics,0.5007849188790221,1636,5,447.8,-0.1,25.08,0.592,72.1,45.6,14.05,0.2196666666666666,0.848,2.25,0.1806666666666666,Visa,finance,31.09,250.0,1.0,0.557,0.715,0.89,0.868,real_sponsor_names_with_proxy_commercial_metrics,0.7140096825197512,112,136.99999999999994,8,5.700000000000003,0.36,-0.0183333333333333,-0.0113333333333333,0.8018213325687816,0.559650268570571,3.619,0.48,0.32778235762098157,0.19313333333333332,0.7179599999999999,0.45817469492614005,0.2,0.4473733272549215
341,1982,Honduras,Yugoslavia,tournament,True,0.0,28.2,21.5,28.5,cloudy,46.16,177.57,B_win,Zaragoza,Spain,1982-06-24,0.3253,3.2,0.298,0.271,39.82,1414,1,177.5,-0.67,13.05,0.328,62.9,9.5,7.33,0.4183333333333334,0.6726666666666666,3.2266666666666666,0.0066666666666666,Visa,finance,28.19,250.0,1.0,0.46,0.538,0.906,0.82,real_sponsor_names_with_proxy_commercial_metrics,0.6450568641481437,1669,5,487.0,0.06,26.56,0.629,74.2,37.3,11.34,0.1803333333333333,0.851,3.0733333333333337,0.222,Qatar Airways,airline,17.82,67.59,0.448,0.779,0.762,0.645,0.666,real_sponsor_names_with_proxy_commercial_metrics,0.3755049748466676,-255,-309.5,-4,-11.300000000000004,-0.73,-0.1783333333333333,0.238,0.0690300105224019,0.2635239704958858,2.599,0.22,0.3885445730302809,0.38193333333333335,0.75546,0.11133911368015414,0.2,0.4051576737404587
342,1982,England,Kuwait,tournament,True,0.0,62.0,8.1,50.7,cloudy,46.16,156.35,A_win,Bilbao,Spain,1982-06-25,0.4434,2.26,0.004,0.071,44.94,1695,13,522.2,0.16,30.51,0.678,76.6,52.6,19.34,0.28,0.7986666666666666,2.61,0.1863333333333333,McDonald's,restaurant,20.29,74.13,0.517,0.758,0.819,0.654,0.569,real_sponsor_names_with_proxy_commercial_metrics,0.4256813568338741,1388,1,142.7,-0.67,8.65,0.277,63.0,11.2,4.47,0.1966666666666666,0.806,3.07,0.312,Hisense,technology,27.08,1070.0,1.0,0.514,0.628,0.865,0.575,real_sponsor_names_with_proxy_commercial_metrics,0.7145261727022147,307,379.50000000000006,12,13.599999999999994,0.8300000000000001,-0.0073333333333334,0.0833333333333333,0.7074856858162286,0.5058069376099059,3.589,0.22,0.36970868842655064,0.24853333333333336,0.68589,0.5558199529008778,0.2,0.41484380585621367
343,1982,Germany,Austria,tournament,True,0.0,58.9,17.0,64.7,clear,46.16,134.66,A_win,Gijón,Spain,1982-06-25,0.3654,0.88,0.125,0.218,49.0,1798,20,646.1,0.4,35.62,0.797,81.3,65.9,22.15,0.2123333333333333,0.851,5.576666666666667,0.3273333333333333,Coca-Cola,beverage,29.19,300.0,1.0,0.286,0.859,0.907,0.902,real_sponsor_names_with_proxy_commercial_metrics,0.7215038709709707,1660,5,475.8,-0.03,25.77,0.617,70.5,44.6,14.99,0.1396666666666666,0.88,2.703333333333333,0.218,McDonald's,restaurant,21.71,77.28,0.55,0.451,0.702,0.72,0.649,real_sponsor_names_with_proxy_commercial_metrics,0.4467064332741507,138,170.3,15,10.799999999999995,0.43,-0.029,0.0726666666666666,0.9510351228677828,0.6382242147357443,4.111,0.12,0.37770208414208273,0.18699999999999997,0.90283,0.34481088988796116,0.2,0.558580325987458
344,1982,Spain,Northern Ireland,tournament,False,0.18,63.4,30.4,40.6,windy,46.16,107.04,B_win,Valencia,Spain,1982-06-25,0.2455,4.64,-0.05,0.058,42.97,1708,12,537.2,0.18,30.58,0.689,77.4,45.2,19.26,0.2126666666666666,0.84,4.25,0.077,Budweiser,beverage,27.85,350.0,1.0,0.321,0.724,0.933,0.612,real_sponsor_names_with_proxy_commercial_metrics,0.6704472243491213,1543,2,333.4,-0.15,18.82,0.474,66.3,29.3,14.28,0.151,0.5943333333333333,4.053333333333334,0.075,Qatar Airways,airline,21.11,77.31,0.551,0.318,0.682,0.667,0.62,real_sponsor_names_with_proxy_commercial_metrics,0.4266278590941108,165,203.80000000000007,10,11.100000000000009,0.3299999999999999,0.2456666666666667,0.0616666666666666,0.7299678934836586,0.5078433883362009,3.663,0.48,0.2703883182641476,0.19159999999999994,0.80913,0.4731143937772069,0.2,0.4749633462307549
345,1982,Austria,France,tournament,True,0.0,79.0,6.3,68.1,clear,46.16,97.73,B_win,Madrid,Spain,1982-06-28,0.2483,2.59,0.116,0.133,42.38,1660,5,475.8,-0.03,25.77,0.617,70.5,44.6,14.99,0.1396666666666666,0.88,2.703333333333333,0.218,McDonald's,restaurant,21.71,77.28,0.55,0.451,0.702,0.72,0.649,real_sponsor_names_with_proxy_commercial_metrics,0.4467064332741507,1748,13,584.8,0.26,32.28,0.733,77.8,46.5,18.67,0.2083333333333333,0.8296666666666667,3.483333333333333,0.3613333333333333,Qatar Airways,airline,24.02,81.37,0.593,0.647,0.801,0.711,0.647,real_sponsor_names_with_proxy_commercial_metrics,0.5007849188790221,-88,-108.99999999999994,-8,-7.299999999999997,-0.29,0.0503333333333333,-0.0686666666666666,0.5506732285488857,0.4367676592935944,3.348,0.12,0.28100273615324495,0.13179999999999997,0.6711900000000001,0.6378259473346177,0.2,0.3877636358186516
346,1982,Poland,Belgium,tournament,True,0.0,31.2,20.9,72.5,clear,50.56,125.23,A_win,Barcelona,Spain,1982-06-28,0.1392,1.89,0.086,0.111,51.28,1685,6,506.6,0.05,27.64,0.65,72.7,42.5,15.85,0.2053333333333333,0.815,3.9733333333333327,0.268,Coca-Cola,beverage,28.97,300.0,1.0,0.581,0.749,0.899,0.847,real_sponsor_names_with_proxy_commercial_metrics,0.6960284847496763,1674,9,495.4,0.02,28.38,0.646,71.5,40.4,23.19,0.142,0.7919999999999999,3.7566666666666655,0.0076666666666666,Visa,finance,26.85,250.0,1.0,0.538,0.72,0.914,0.914,real_sponsor_names_with_proxy_commercial_metrics,0.6636131480729871,11,11.200000000000044,-3,1.2000000000000028,0.03,0.023,0.0633333333333333,0.616436840876696,0.4997694499824914,3.498,0.12,0.311116333303629,0.1972,0.84638,0.2770695068864626,0.2,0.49186674899574573
347,1982,Germany,England,tournament,True,0.0,50.3,15.9,60.0,windy,43.96,140.9,draw,Madrid,Spain,1982-06-29,0.1313,2.41,0.211,0.165,36.78,1798,20,646.1,0.4,35.62,0.797,81.3,65.9,22.15,0.2123333333333333,0.851,5.576666666666667,0.3273333333333333,Coca-Cola,beverage,29.19,300.0,1.0,0.286,0.859,0.907,0.902,real_sponsor_names_with_proxy_commercial_metrics,0.7215038709709707,1695,13,522.2,0.16,30.51,0.678,76.6,52.6,19.34,0.28,0.7986666666666666,2.61,0.1863333333333333,McDonald's,restaurant,20.29,74.13,0.517,0.758,0.819,0.654,0.569,real_sponsor_names_with_proxy_commercial_metrics,0.4256813568338741,103,123.89999999999998,7,4.700000000000003,0.24,0.0523333333333333,-0.0676666666666666,0.9510351228677828,0.6305070667649574,3.9,0.48,0.2627838371949734,0.18699999999999997,0.90283,0.4971149646756583,0.2,0.5334358751662157
348,1982,Italy,Argentina,tournament,True,0.0,65.7,27.8,15.0,rain,50.56,158.76,A_win,Barcelona,Spain,1982-06-29,0.2074,1.26,0.086,-0.005,46.37,1755,14,594.5,0.34,33.03,0.744,77.8,61.6,11.04,0.3303333333333333,0.8929999999999999,1.3333333333333333,0.0393333333333333,Visa,finance,33.4,250.0,1.0,0.316,0.761,0.842,0.918,real_sponsor_names_with_proxy_commercial_metrics,0.749976237843342,1753,15,591.7,0.26,33.16,0.743,76.8,58.0,19.5,0.2623333333333333,0.8586666666666667,3.813333333333333,0.2106666666666666,Hyundai,automotive,30.74,590.0,1.0,0.338,0.813,0.936,0.851,real_sponsor_names_with_proxy_commercial_metrics,0.7681302767229082,2,2.7999999999999545,-1,1.0,0.08,0.0343333333333332,0.068,0.8187106162327391,0.3561758016751239,3.647,0.48,0.3145861261378815,0.24100000000000002,0.84782,0.2948670520231214,0.2,0.4628755467790131
349,1982,Austria,Northern Ireland,tournament,True,0.0,37.4,18.9,37.6,clear,52.76,83.75,draw,Madrid,Spain,1982-07-01,0.3546,1.69,0.211,0.176,45.11,1660,5,475.8,-0.03,25.77,0.617,70.5,44.6,14.99,0.1396666666666666,0.88,2.703333333333333,0.218,McDonald's,restaurant,21.71,77.28,0.55,0.451,0.702,0.72,0.649,real_sponsor_names_with_proxy_commercial_metrics,0.4467064332741507,1543,2,333.4,-0.15,18.82,0.474,66.3,29.3,14.28,0.151,0.5943333333333333,4.053333333333334,0.075,Qatar Airways,airline,21.11,77.31,0.551,0.318,0.682,0.667,0.62,real_sponsor_names_with_proxy_commercial_metrics,0.4266278590941108,117,142.40000000000003,3,4.200000000000003,0.12,0.2856666666666667,-0.0113333333333333,0.5506732285488857,0.4615693773812533,3.087,0.12,0.3523315155688067,0.13179999999999997,0.6711900000000001,0.17829015913794338,0.2,0.4089738727663085
350,1982,Belgium,Russia,tournament,True,0.0,77.2,25.4,88.2,clear,46.16,105.86,B_win,Barcelona,Spain,1982-07-01,0.1678,1.62,0.038,0.026,46.83,1674,9,495.4,0.02,28.38,0.646,71.5,40.4,23.19,0.142,0.7919999999999999,3.7566666666666655,0.0076666666666666,Visa,finance,26.85,250.0,1.0,0.538,0.72,0.914,0.914,real_sponsor_names_with_proxy_commercial_metrics,0.6636131480729871,1676,8,497.3,0.07,27.98,0.645,72.7,49.8,18.23,0.1086666666666666,0.8123333333333332,5.670000000000001,0.13,Hyundai,automotive,26.07,590.0,1.0,0.245,0.69,0.874,0.885,real_sponsor_names_with_proxy_commercial_metrics,0.6793986692072507,-2,-1.900000000000034,1,-1.2000000000000028,-0.05,-0.0203333333333333,0.0333333333333333,0.6045045124588039,0.5417996983037441,3.755,0.12,0.2497516642796059,0.16840000000000002,0.8480000000000001,0.4047356026546778,0.2,0.48553740391848654
351,1982,Argentina,Brazil,tournament,True,0.0,62.8,26.4,49.3,clear,52.76,211.24,B_win,Barcelona,Spain,1982-07-02,0.217,2.2,0.097,0.192,43.29,1753,15,591.7,0.26,33.16,0.743,76.8,58.0,19.5,0.2623333333333333,0.8586666666666667,3.813333333333333,0.2106666666666666,Hyundai,automotive,30.74,590.0,1.0,0.338,0.813,0.936,0.851,real_sponsor_names_with_proxy_commercial_metrics,0.7681302767229082,1829,20,683.6,0.5,36.78,0.83,78.8,57.4,18.61,0.1376666666666667,0.7313333333333333,3.723333333333333,0.206,Adidas,apparel,33.15,1830.0,1.0,0.369,0.809,0.916,0.861,real_sponsor_names_with_proxy_commercial_metrics,0.9383411482254695,-76,-91.89999999999998,-5,-2.0,-0.24,0.1273333333333334,0.1246666666666666,0.8112048561394937,0.5972676143179249,3.942,0.12,0.4079209765178334,0.2139333333333333,0.8831100000000001,0.26266074359523295,0.2,0.5599697937260837
352,1982,Spain,Germany,tournament,False,0.18,69.0,34.0,26.3,cloudy,50.56,147.72,B_win,Madrid,Spain,1982-07-02,0.2828,4.18,0.099,0.198,47.59,1708,12,537.2,0.18,30.58,0.689,77.4,45.2,19.26,0.2126666666666666,0.84,4.25,0.077,Budweiser,beverage,27.85,350.0,1.0,0.321,0.724,0.933,0.612,real_sponsor_names_with_proxy_commercial_metrics,0.6704472243491213,1798,20,646.1,0.4,35.62,0.797,81.3,65.9,22.15,0.2123333333333333,0.851,5.576666666666667,0.3273333333333333,Coca-Cola,beverage,29.19,300.0,1.0,0.286,0.859,0.907,0.902,real_sponsor_names_with_proxy_commercial_metrics,0.7215038709709707,-90,-108.89999999999998,-8,-3.899999999999992,-0.22,-0.011,0.0003333333333333,0.7299678934836586,0.541785822496941,3.804,0.22,0.37952923741379907,0.19159999999999994,0.80913,0.4009658888175266,0.2,0.5062954116256925
353,1982,France,Northern Ireland,tournament,True,0.0,50.6,21.8,77.8,clear,54.96,105.62,A_win,Madrid,Spain,1982-07-04,0.3291,3.65,0.159,0.197,54.66,1748,13,584.8,0.26,32.28,0.733,77.8,46.5,18.67,0.2083333333333333,0.8296666666666667,3.483333333333333,0.3613333333333333,Qatar Airways,airline,24.02,81.37,0.593,0.647,0.801,0.711,0.647,real_sponsor_names_with_proxy_commercial_metrics,0.5007849188790221,1543,2,333.4,-0.15,18.82,0.474,66.3,29.3,14.28,0.151,0.5943333333333333,4.053333333333334,0.075,Qatar Airways,airline,21.11,77.31,0.551,0.318,0.682,0.667,0.62,real_sponsor_names_with_proxy_commercial_metrics,0.4266278590941108,205,251.4,11,11.5,0.41,0.2353333333333334,0.0573333333333333,0.8018213325687816,0.5706892570908175,3.585,0.12,0.4017809865048049,0.19313333333333332,0.7179599999999999,0.2765603368300863,0.2,0.46526396981735524
354,1982,Poland,Russia,tournament,True,0.0,68.6,25.3,58.2,windy,43.96,242.96,draw,Barcelona,Spain,1982-07-04,0.3286,6.05,0.149,0.143,47.48,1685,6,506.6,0.05,27.64,0.65,72.7,42.5,15.85,0.2053333333333333,0.815,3.9733333333333327,0.268,Coca-Cola,beverage,28.97,300.0,1.0,0.581,0.749,0.899,0.847,real_sponsor_names_with_proxy_commercial_metrics,0.6960284847496763,1676,8,497.3,0.07,27.98,0.645,72.7,49.8,18.23,0.1086666666666666,0.8123333333333332,5.670000000000001,0.13,Hyundai,automotive,26.07,590.0,1.0,0.245,0.69,0.874,0.885,real_sponsor_names_with_proxy_commercial_metrics,0.6793986692072507,9,9.300000000000011,-2,0.0,-0.02,0.0026666666666667,0.0966666666666666,0.616436840876696,0.5110892394237733,3.787,0.48,0.41401235795286107,0.1972,0.84638,0.416504816955684,0.2,0.515615494969151
355,1982,Italy,Brazil,tournament,True,0.0,71.9,14.1,75.7,windy,54.96,155.79,A_win,Barcelona,Spain,1982-07-05,0.1872,5.34,0.177,0.107,57.2,1755,14,594.5,0.34,33.03,0.744,77.8,61.6,11.04,0.3303333333333333,0.8929999999999999,1.3333333333333333,0.0393333333333333,Visa,finance,33.4,250.0,1.0,0.316,0.761,0.842,0.918,real_sponsor_names_with_proxy_commercial_metrics,0.749976237843342,1829,20,683.6,0.5,36.78,0.83,78.8,57.4,18.61,0.1376666666666667,0.7313333333333333,3.723333333333333,0.206,Adidas,apparel,33.15,1830.0,1.0,0.369,0.809,0.916,0.861,real_sponsor_names_with_proxy_commercial_metrics,0.9383411482254695,-74,-89.10000000000002,-6,-1.0,-0.1599999999999999,0.1616666666666666,0.1926666666666666,0.8187106162327391,0.3749210907405553,3.737,0.48,0.3840319284788857,0.24100000000000002,0.84782,0.6117752800970527,0.2,0.48201338818553474
356,1982,Spain,England,tournament,False,0.18,61.0,30.1,62.4,cloudy,43.96,139.9,draw,Madrid,Spain,1982-07-05,0.2634,6.91,0.141,0.114,49.21,1708,12,537.2,0.18,30.58,0.689,77.4,45.2,19.26,0.2126666666666666,0.84,4.25,0.077,Budweiser,beverage,27.85,350.0,1.0,0.321,0.724,0.933,0.612,real_sponsor_names_with_proxy_commercial_metrics,0.6704472243491213,1695,13,522.2,0.16,30.51,0.678,76.6,52.6,19.34,0.28,0.7986666666666666,2.61,0.1863333333333333,McDonald's,restaurant,20.29,74.13,0.517,0.758,0.819,0.654,0.569,real_sponsor_names_with_proxy_commercial_metrics,0.4256813568338741,13,15.0,-1,0.8000000000000114,0.0199999999999999,0.0413333333333333,-0.0673333333333333,0.7299678934836586,0.5093942358393457,3.755,0.22,0.3169377074986408,0.19159999999999994,0.80913,0.45550845643331195,0.2,0.4847074613785341
357,1982,Germany,France,tournament,True,0.0,61.0,18.4,65.3,cloudy,57.16,182.68,draw,Seville,Spain,1982-07-08,0.1908,3.97,0.173,0.238,58.58,1798,20,646.1,0.4,35.62,0.797,81.3,65.9,22.15,0.2123333333333333,0.851,5.576666666666667,0.3273333333333333,Coca-Cola,beverage,29.19,300.0,1.0,0.286,0.859,0.907,0.902,real_sponsor_names_with_proxy_commercial_metrics,0.7215038709709707,1748,13,584.8,0.26,32.28,0.733,77.8,46.5,18.67,0.2083333333333333,0.8296666666666667,3.483333333333333,0.3613333333333333,Qatar Airways,airline,24.02,81.37,0.593,0.647,0.801,0.711,0.647,real_sponsor_names_with_proxy_commercial_metrics,0.5007849188790221,50,61.30000000000007,7,3.5,0.14,0.0213333333333333,0.004,0.9510351228677828,0.7043911191818976,4.154,0.22,0.45177272076801833,0.18699999999999997,0.90283,0.35098729750945556,0.2,0.591921186557568
358,1982,Poland,Italy,tournament,True,0.0,61.5,19.6,63.8,clear,48.36,124.68,B_win,Barcelona,Spain,1982-07-08,0.2212,3.94,0.048,0.066,43.8,1685,6,506.6,0.05,27.64,0.65,72.7,42.5,15.85,0.2053333333333333,0.815,3.9733333333333327,0.268,Coca-Cola,beverage,28.97,300.0,1.0,0.581,0.749,0.899,0.847,real_sponsor_names_with_proxy_commercial_metrics,0.6960284847496763,1755,14,594.5,0.34,33.03,0.744,77.8,61.6,11.04,0.3303333333333333,0.8929999999999999,1.3333333333333333,0.0393333333333333,Visa,finance,33.4,250.0,1.0,0.316,0.761,0.842,0.918,real_sponsor_names_with_proxy_commercial_metrics,0.749976237843342,-70,-87.89999999999998,-8,-5.099999999999994,-0.29,-0.0779999999999999,-0.125,0.616436840876696,0.4896883016635454,3.549,0.12,0.2923811156972965,0.1972,0.84638,0.273291943195604,0.2,0.4852969839451744
359,1982,Poland,France,tournament,True,0.0,46.8,22.9,69.2,clear,54.96,128.11,A_win,Alicante,Spain,1982-07-10,0.1937,1.78,0.151,0.035,47.45,1685,6,506.6,0.05,27.64,0.65,72.7,42.5,15.85,0.2053333333333333,0.815,3.9733333333333327,0.268,Coca-Cola,beverage,28.97,300.0,1.0,0.581,0.749,0.899,0.847,real_sponsor_names_with_proxy_commercial_metrics,0.6960284847496763,1748,13,584.8,0.26,32.28,0.733,77.8,46.5,18.67,0.2083333333333333,0.8296666666666667,3.483333333333333,0.3613333333333333,Qatar Airways,airline,24.02,81.37,0.593,0.647,0.801,0.711,0.647,real_sponsor_names_with_proxy_commercial_metrics,0.5007849188790221,-63,-78.19999999999993,-7,-5.099999999999994,-0.21,-0.0146666666666667,-0.003,0.616436840876696,0.5205514698338921,3.682,0.12,0.3238508696098881,0.1972,0.84638,0.25760793548847494,0.2,0.5002326218153899
360,1982,Italy,Germany,tournament,True,0.0,56.1,13.6,94.4,rain,52.76,273.1,A_win,Madrid,Spain,1982-07-11,0.2642,4.53,0.248,0.238,42.23,1755,14,594.5,0.34,33.03,0.744,77.8,61.6,11.04,0.3303333333333333,0.8929999999999999,1.3333333333333333,0.0393333333333333,Visa,finance,33.4,250.0,1.0,0.316,0.761,0.842,0.918,real_sponsor_names_with_proxy_commercial_metrics,0.749976237843342,1798,20,646.1,0.4,35.62,0.797,81.3,65.9,22.15,0.2123333333333333,0.851,5.576666666666667,0.3273333333333333,Coca-Cola,beverage,29.19,300.0,1.0,0.286,0.859,0.907,0.902,real_sponsor_names_with_proxy_commercial_metrics,0.7215038709709707,-43,-51.60000000000002,-6,-3.5,-0.06,0.0419999999999999,0.118,0.8187106162327391,0.4058739749744859,3.681,0.48,0.47530116432080494,0.24100000000000002,0.84782,0.7055835295796761,0.2,0.5089340429394191
361,1986,Bulgaria,Italy,group_or_knockout,True,0.0,56.0,24.4,73.5,clear,49.82,188.54,draw,Mexico City,Mexico,1986-05-31,0.2827,1.42,-0.015,0.143,43.84,1502,4,286.8,-0.46,19.9,0.447,65.2,28.9,10.5,0.3979999999999999,0.719,2.9800000000000004,-0.0613333333333333,Hisense,technology,33.88,1070.0,1.0,0.2,0.675,0.918,0.633,real_sponsor_names_with_proxy_commercial_metrics,0.8252717468149495,1755,14,594.5,0.34,33.03,0.744,77.8,61.6,11.04,0.3303333333333333,0.8929999999999999,1.3333333333333333,0.0393333333333333,Visa,finance,33.4,250.0,1.0,0.316,0.761,0.842,0.918,real_sponsor_names_with_proxy_commercial_metrics,0.749976237843342,-253,-307.7,-10,-12.599999999999994,-0.8,-0.1739999999999999,0.0676666666666666,0.2468311715404268,0.3303902572924367,3.289,0.12,0.38318757451106894,0.35119999999999996,0.78795,0.3152055234425176,0.2,0.472453006179684
362,1986,Canada,France,group_or_knockout,True,0.0,63.0,28.8,32.7,clear,47.62,171.3,B_win,León,Mexico,1986-06-01,0.2936,-0.29,0.159,0.23,39.49,1404,1,163.9,-1.0,11.34,0.308,62.1,14.1,8.35,0.1956666666666666,0.8916666666666666,2.7900000000000005,0.2693333333333333,Hisense,technology,28.16,1070.0,1.0,0.586,0.646,0.897,0.559,real_sponsor_names_with_proxy_commercial_metrics,0.7351017050612962,1748,13,584.8,0.26,32.28,0.733,77.8,46.5,18.67,0.2083333333333333,0.8296666666666667,3.483333333333333,0.3613333333333333,Qatar Airways,airline,24.02,81.37,0.593,0.647,0.801,0.711,0.647,real_sponsor_names_with_proxy_commercial_metrics,0.5007849188790221,-344,-420.9,-12,-15.699999999999996,-1.26,0.0619999999999999,-0.0126666666666666,0.0449929391486813,0.3701895771680982,3.375,0.12,0.3721263621236774,0.1607333333333333,0.75942,0.2533600941982445,0.2,0.4671775632465141
363,1986,Spain,Brazil,group_or_knockout,True,0.0,71.0,24.8,65.1,clear,47.62,159.91,B_win,Guadalajara,Mexico,1986-06-01,0.1761,6.01,0.174,0.197,43.47,1708,12,537.2,0.18,30.58,0.689,77.4,45.2,19.26,0.2126666666666666,0.84,4.25,0.077,Budweiser,beverage,27.85,350.0,1.0,0.321,0.724,0.933,0.612,real_sponsor_names_with_proxy_commercial_metrics,0.6704472243491213,1829,20,683.6,0.5,36.78,0.83,78.8,57.4,18.61,0.1376666666666667,0.7313333333333333,3.723333333333333,0.206,Adidas,apparel,33.15,1830.0,1.0,0.369,0.809,0.916,0.861,real_sponsor_names_with_proxy_commercial_metrics,0.9383411482254695,-121,-146.39999999999998,-8,-1.3999999999999917,-0.32,0.1086666666666666,0.0749999999999999,0.7299678934836586,0.5328136989508245,3.811,0.12,0.33296289224667347,0.19159999999999994,0.80913,0.289313851423678,0.2,0.4944699479993547
364,1986,Argentina,South Korea,group_or_knockout,True,0.0,44.2,13.5,76.3,clear,54.22,116.99,A_win,Mexico City,Mexico,1986-06-02,0.2379,0.18,0.237,0.238,56.01,1753,15,591.7,0.26,33.16,0.743,76.8,58.0,19.5,0.2623333333333333,0.8586666666666667,3.813333333333333,0.2106666666666666,Hyundai,automotive,30.74,590.0,1.0,0.338,0.813,0.936,0.851,real_sponsor_names_with_proxy_commercial_metrics,0.7681302767229082,1548,6,343.4,-0.37,22.9,0.505,70.3,20.2,12.829999999999998,0.151,0.8606666666666666,2.8866666666666667,0.2443333333333333,McDonald's,restaurant,25.44,80.72,0.587,0.49,0.67,0.723,0.661,real_sponsor_names_with_proxy_commercial_metrics,0.5004808180408472,205,248.30000000000007,9,6.5,0.63,-0.0019999999999998,0.1113333333333333,0.8112048561394937,0.5710167568587386,3.89,0.12,0.3942637586021932,0.2139333333333333,0.8831100000000001,0.48597480910583024,0.2,0.5498881100543835
365,1986,Morocco,Poland,group_or_knockout,True,0.0,56.4,22.3,77.2,cloudy,45.42,185.61,draw,Monterrey,Mexico,1986-06-02,0.2008,3.72,0.178,0.156,46.74,1552,4,345.5,-0.26,21.17,0.496,69.2,34.3,12.67,0.2156666666666666,0.86,4.223333333333334,-0.0613333333333333,Mengniu,consumer_goods,19.44,62.12,0.391,0.28,0.668,0.598,0.65,real_sponsor_names_with_proxy_commercial_metrics,0.3643404839870979,1685,6,506.6,0.05,27.64,0.65,72.7,42.5,15.85,0.2053333333333333,0.815,3.9733333333333327,0.268,Coca-Cola,beverage,28.97,300.0,1.0,0.581,0.749,0.899,0.847,real_sponsor_names_with_proxy_commercial_metrics,0.6960284847496763,-133,-161.10000000000002,-2,-3.5,-0.31,0.045,0.0103333333333333,0.3627181368394233,0.3998960483077095,3.065,0.22,0.3452582541684197,0.18539999999999995,0.59794,0.3165689003068579,0.2,0.3570518605167461
366,1986,Russia,Hungary,group_or_knockout,True,0.0,77.3,27.5,51.2,rain,58.62,132.29,A_win,Irapuato,Mexico,1986-06-02,0.1453,0.95,0.128,0.033,52.44,1676,8,497.3,0.07,27.98,0.645,72.7,49.8,18.23,0.1086666666666666,0.8123333333333332,5.670000000000001,0.13,Hyundai,automotive,26.07,590.0,1.0,0.245,0.69,0.874,0.885,real_sponsor_names_with_proxy_commercial_metrics,0.6793986692072507,1691,5,513.5,0.03,27.22,0.652,78.9,42.6,16.61,0.1083333333333333,0.8380000000000001,2.99,0.2826666666666667,Adidas,apparel,33.47,1830.0,1.0,0.501,0.712,0.937,0.887,real_sponsor_names_with_proxy_commercial_metrics,0.931713528183716,-15,-16.19999999999999,3,-6.200000000000003,0.04,-0.0256666666666668,0.0003333333333333,0.6134810916271758,0.585758931522117,4.238,0.48,0.34480145935673584,0.14026666666666668,0.82105,0.4434833369014487,0.2,0.5185594733072801
367,1986,Algeria,Northern Ireland,group_or_knockout,True,0.0,48.3,11.7,76.6,rain,49.82,154.12,draw,Guadalajara,Mexico,1986-06-03,0.1702,5.17,0.154,0.141,47.98,1543,2,333.4,-0.31,18.82,0.474,72.2,36.3,11.9,0.258,0.887,1.2466666666666666,0.0059999999999999,Hisense,technology,30.28,1070.0,1.0,0.679,0.66,0.889,0.626,real_sponsor_names_with_proxy_commercial_metrics,0.7697599722846784,1543,2,333.4,-0.15,18.82,0.474,66.3,29.3,14.28,0.151,0.5943333333333333,4.053333333333334,0.075,Qatar Airways,airline,21.11,77.31,0.551,0.318,0.682,0.667,0.62,real_sponsor_names_with_proxy_commercial_metrics,0.4266278590941108,0,0.0,0,5.900000000000006,-0.16,0.2926666666666667,0.107,0.3657175034061077,0.3568938365292717,3.429,0.48,0.3362806834162318,0.19999999999999998,0.77335,0.6780919146506815,0.2,0.46419780425976526
368,1986,Mexico,Belgium,group_or_knockout,False,0.18,47.3,16.6,72.8,cloudy,52.02,93.93,A_win,Mexico City,Mexico,1986-06-03,0.2812,5.45,0.061,0.137,44.64,1612,10,421.9,-0.18,26.83,0.584,72.1,37.6,18.89,0.2446666666666666,0.7546666666666667,1.1233333333333333,0.211,Hyundai,automotive,28.5,590.0,1.0,0.636,0.712,0.897,0.88,real_sponsor_names_with_proxy_commercial_metrics,0.7185336170151837,1674,9,495.4,0.02,28.38,0.646,71.5,40.4,23.19,0.142,0.7919999999999999,3.7566666666666655,0.0076666666666666,Visa,finance,26.85,250.0,1.0,0.538,0.72,0.914,0.914,real_sponsor_names_with_proxy_commercial_metrics,0.6636131480729871,-62,-73.5,1,0.5999999999999943,-0.1999999999999999,-0.0373333333333332,0.1026666666666666,0.5181915824104364,0.4695782531217327,3.63,0.22,0.32498237096075516,0.24493333333333328,0.83529,0.4302155141654178,0.2,0.48717105314988024
369,1986,Portugal,England,group_or_knockout,True,0.0,60.6,28.3,96.0,hot,47.62,76.85,A_win,Monterrey,Mexico,1986-06-03,0.3781,3.91,0.089,0.126,45.77,1702,6,527.3,0.14,27.94,0.666,76.8,47.1,14.4,0.2406666666666666,0.7363333333333334,3.2266666666666666,0.0836666666666666,Mengniu,consumer_goods,17.76,59.99,0.368,0.468,0.8,0.643,0.574,real_sponsor_names_with_proxy_commercial_metrics,0.3588124240475937,1695,13,522.2,0.16,30.51,0.678,76.6,52.6,19.34,0.28,0.7986666666666666,2.61,0.1863333333333333,McDonald's,restaurant,20.29,74.13,0.517,0.758,0.819,0.654,0.569,real_sponsor_names_with_proxy_commercial_metrics,0.4256813568338741,7,5.099999999999909,-7,0.2000000000000028,-0.0199999999999999,-0.0623333333333332,-0.0393333333333333,0.6820304126224132,0.3815414702394379,3.306,0.62,0.3159371183217017,0.24986666666666663,0.64909,0.7138728323699421,0.2,0.34801461710280546
370,1986,Paraguay,Iraq,group_or_knockout,True,0.0,69.0,24.6,46.0,clear,47.62,148.77,A_win,Toluca,Mexico,1986-06-04,0.1469,5.42,0.013,0.066,45.89,1578,4,377.4,-0.11,22.66,0.528,69.9,30.5,12.88,0.1066666666666666,0.8923333333333333,3.733333333333333,0.1686666666666666,Hyundai,automotive,26.2,590.0,1.0,0.401,0.667,0.921,0.802,real_sponsor_names_with_proxy_commercial_metrics,0.6777827610652881,1388,1,142.7,-1.0,8.65,0.277,63.6,11.4,6.1,0.3003333333333333,0.7483333333333334,3.106666666666667,0.309,Hyundai,automotive,29.12,590.0,1.0,0.425,0.596,0.858,0.816,real_sponsor_names_with_proxy_commercial_metrics,0.698836978184286,190,234.7,3,6.300000000000004,0.89,0.1439999999999999,-0.1936666666666666,0.4105964679456181,0.4389436091184646,3.87,0.12,0.2908426245957093,0.10706666666666664,0.81069,0.20158067508741884,0.2,0.46681319812798117
371,1986,Scotland,Denmark,group_or_knockout,True,0.0,58.1,25.5,49.9,hot,47.62,108.5,B_win,Nezahualcóyotl,Mexico,1986-06-04,0.2064,2.82,0.239,0.139,42.31,1529,4,318.6,-0.35,20.39,0.472,67.9,31.6,17.66,0.1853333333333333,0.9116666666666668,1.8866666666666667,0.2256666666666666,Budweiser,beverage,26.35,350.0,1.0,0.459,0.686,0.905,0.601,real_sponsor_names_with_proxy_commercial_metrics,0.6396023182948416,1642,4,453.4,0.04,24.3,0.592,71.5,43.1,19.09,0.1573333333333333,0.8273333333333334,2.966666666666667,0.3496666666666666,Coca-Cola,beverage,33.85,300.0,1.0,0.685,0.715,0.895,0.825,real_sponsor_names_with_proxy_commercial_metrics,0.754749779112933,-113,-134.79999999999995,0,-3.5999999999999943,-0.3899999999999999,0.0843333333333333,0.0279999999999999,0.3145516160739996,0.4847228037395473,3.41,0.62,0.2864006829996498,0.14653333333333324,0.7845199999999999,0.44184293156354815,0.2,0.4635478780377652
372,1986,Uruguay,Germany,group_or_knockout,True,0.0,75.3,34.2,53.1,cloudy,49.82,81.57,draw,Querétaro,Mexico,1986-06-04,0.3869,7.49,0.156,0.118,43.51,1684,10,508.3,0.07,29.28,0.661,74.8,44.8,20.58,0.1356666666666666,0.8753333333333333,1.923333333333333,0.1913333333333333,Vivo,technology,19.75,76.46,0.542,0.306,0.797,0.741,0.63,real_sponsor_names_with_proxy_commercial_metrics,0.4351767440908576,1798,20,646.1,0.4,35.62,0.797,81.3,65.9,22.15,0.2123333333333333,0.851,5.576666666666667,0.3273333333333333,Coca-Cola,beverage,29.19,300.0,1.0,0.286,0.859,0.907,0.902,real_sponsor_names_with_proxy_commercial_metrics,0.7215038709709707,-114,-137.8,-10,-6.5,-0.33,0.0243333333333333,-0.0766666666666666,0.6570661125383135,0.5213404366917451,3.606,0.22,0.3260412413964798,0.13126666666666664,0.71205,0.5219706700920574,0.2,0.42343698913479044
373,1986,France,Russia,group_or_knockout,True,0.0,69.1,25.8,50.2,clear,49.82,165.64,draw,León,Mexico,1986-06-05,0.1401,4.37,0.046,0.172,56.43,1748,13,584.8,0.26,32.28,0.733,77.8,46.5,18.67,0.2083333333333333,0.8296666666666667,3.483333333333333,0.3613333333333333,Qatar Airways,airline,24.02,81.37,0.593,0.647,0.801,0.711,0.647,real_sponsor_names_with_proxy_commercial_metrics,0.5007849188790221,1676,8,497.3,0.07,27.98,0.645,72.7,49.8,18.23,0.1086666666666666,0.8123333333333332,5.670000000000001,0.13,Hyundai,automotive,26.07,590.0,1.0,0.245,0.69,0.874,0.885,real_sponsor_names_with_proxy_commercial_metrics,0.6793986692072507,72,87.49999999999994,5,5.099999999999994,0.19,0.0173333333333334,0.0996666666666667,0.8018213325687816,0.5684799229052746,3.668,0.12,0.36482167877405897,0.19313333333333332,0.7179599999999999,0.25094269606793695,0.2,0.457253494699254
374,1986,Italy,Argentina,group_or_knockout,True,0.0,68.9,26.9,43.8,windy,49.82,257.76,draw,Puebla,Mexico,1986-06-05,0.1775,0.91,0.141,0.219,48.49,1755,14,594.5,0.34,33.03,0.744,77.8,61.6,11.04,0.3303333333333333,0.8929999999999999,1.3333333333333333,0.0393333333333333,Visa,finance,33.4,250.0,1.0,0.316,0.761,0.842,0.918,real_sponsor_names_with_proxy_commercial_metrics,0.749976237843342,1753,15,591.7,0.26,33.16,0.743,76.8,58.0,19.5,0.2623333333333333,0.8586666666666667,3.813333333333333,0.2106666666666666,Hyundai,automotive,30.74,590.0,1.0,0.338,0.813,0.936,0.851,real_sponsor_names_with_proxy_commercial_metrics,0.7681302767229082,2,2.7999999999999545,-1,1.0,0.08,0.0343333333333332,0.068,0.8187106162327391,0.3873170311655094,3.643,0.48,0.43514699566116577,0.24100000000000002,0.84782,0.39590109184328837,0.2,0.49570726494097794
375,1986,South Korea,Bulgaria,group_or_knockout,True,0.0,65.2,39.0,15.0,clear,49.82,210.08,draw,Mexico City,Mexico,1986-06-05,0.2652,2.95,0.212,0.175,48.94,1548,6,343.4,-0.37,22.9,0.505,70.3,20.2,12.829999999999998,0.151,0.8606666666666666,2.8866666666666667,0.2443333333333333,McDonald's,restaurant,25.44,80.72,0.587,0.49,0.67,0.723,0.661,real_sponsor_names_with_proxy_commercial_metrics,0.5004808180408472,1502,4,286.8,-0.46,19.9,0.447,65.2,28.9,10.5,0.3979999999999999,0.719,2.9800000000000004,-0.0613333333333333,Hisense,technology,33.88,1070.0,1.0,0.2,0.675,0.918,0.633,real_sponsor_names_with_proxy_commercial_metrics,0.8252717468149495,46,56.599999999999966,2,5.099999999999994,0.09,0.1416666666666666,-0.2469999999999999,0.3785695739184261,0.459935384873151,3.265,0.12,0.41461215269079044,0.14633333333333337,0.6669599999999999,0.4421965317919075,0.2,0.4324141346324437
376,1986,Brazil,Algeria,group_or_knockout,True,0.0,88.3,21.7,51.0,clear,47.62,126.62,A_win,Guadalajara,Mexico,1986-06-06,0.2622,2.48,0.199,0.182,37.28,1829,20,683.6,0.5,36.78,0.83,78.8,57.4,18.61,0.1376666666666667,0.7313333333333333,3.723333333333333,0.206,Adidas,apparel,33.15,1830.0,1.0,0.369,0.809,0.916,0.861,real_sponsor_names_with_proxy_commercial_metrics,0.9383411482254695,1543,2,333.4,-0.31,18.82,0.474,72.2,36.3,11.9,0.258,0.887,1.2466666666666666,0.0059999999999999,Hisense,technology,30.28,1070.0,1.0,0.679,0.66,0.889,0.626,real_sponsor_names_with_proxy_commercial_metrics,0.7697599722846784,286,350.20000000000005,18,6.599999999999994,0.81,-0.1556666666666667,-0.1203333333333333,0.9764150943396226,0.4999842681315403,4.503,0.12,0.31328361034126845,0.19006666666666672,0.87793,0.16335902376364803,0.2,0.5553603927191977
377,1986,England,Morocco,group_or_knockout,True,0.0,55.3,18.2,63.9,clear,45.42,130.12,draw,Monterrey,Mexico,1986-06-06,0.4991,2.27,0.045,0.08,38.4,1695,13,522.2,0.16,30.51,0.678,76.6,52.6,19.34,0.28,0.7986666666666666,2.61,0.1863333333333333,McDonald's,restaurant,20.29,74.13,0.517,0.758,0.819,0.654,0.569,real_sponsor_names_with_proxy_commercial_metrics,0.4256813568338741,1552,4,345.5,-0.26,21.17,0.496,69.2,34.3,12.67,0.2156666666666666,0.86,4.223333333333334,-0.0613333333333333,Mengniu,consumer_goods,19.44,62.12,0.391,0.28,0.668,0.598,0.65,real_sponsor_names_with_proxy_commercial_metrics,0.3643404839870979,143,176.70000000000005,9,7.399999999999991,0.42,-0.0613333333333333,0.0643333333333333,0.7074856858162286,0.4933482019162024,3.37,0.12,0.34785386808513863,0.24853333333333336,0.68589,0.31014022693213444,0.2,0.4069843957936942
378,1986,Hungary,Canada,group_or_knockout,True,0.0,32.0,25.6,50.1,clear,49.82,182.54,A_win,Irapuato,Mexico,1986-06-06,0.2257,-0.68,-0.131,0.046,45.26,1691,5,513.5,0.03,27.22,0.652,78.9,42.6,16.61,0.1083333333333333,0.8380000000000001,2.99,0.2826666666666667,Adidas,apparel,33.47,1830.0,1.0,0.501,0.712,0.937,0.887,real_sponsor_names_with_proxy_commercial_metrics,0.931713528183716,1404,1,163.9,-1.0,11.34,0.308,62.1,14.1,8.35,0.1956666666666666,0.8916666666666666,2.7900000000000005,0.2693333333333333,Hisense,technology,28.16,1070.0,1.0,0.586,0.646,0.897,0.559,real_sponsor_names_with_proxy_commercial_metrics,0.7351017050612962,287,349.6,4,16.800000000000004,1.03,-0.0536666666666665,-0.0873333333333333,0.6789758272283496,0.5180471883694496,3.896,0.12,0.3429439569298812,0.12979999999999994,0.84634,0.24530828516377653,0.2,0.563952850893514
379,1986,Mexico,Paraguay,group_or_knockout,False,0.18,78.9,25.6,89.0,clear,49.82,194.92,draw,Mexico City,Mexico,1986-06-07,0.2381,3.61,0.151,0.225,56.18,1612,10,421.9,-0.18,26.83,0.584,72.1,37.6,18.89,0.2446666666666666,0.7546666666666667,1.1233333333333333,0.211,Hyundai,automotive,28.5,590.0,1.0,0.636,0.712,0.897,0.88,real_sponsor_names_with_proxy_commercial_metrics,0.7185336170151837,1578,4,377.4,-0.11,22.66,0.528,69.9,30.5,12.88,0.1066666666666666,0.8923333333333333,3.733333333333333,0.1686666666666666,Hyundai,automotive,26.2,590.0,1.0,0.401,0.667,0.921,0.802,real_sponsor_names_with_proxy_commercial_metrics,0.6777827610652881,34,44.5,6,2.1999999999999886,-0.0699999999999999,-0.1376666666666666,0.138,0.5181915824104364,0.4948491807014723,3.903,0.12,0.42586698470195383,0.24493333333333328,0.83529,0.4133947049168629,0.2,0.5144238356204471
380,1986,Northern Ireland,Spain,group_or_knockout,True,0.0,52.0,19.8,58.2,cloudy,52.02,135.02,B_win,Guadalajara,Mexico,1986-06-07,0.2482,-0.11,0.049,0.032,43.86,1543,2,333.4,-0.15,18.82,0.474,66.3,29.3,14.28,0.151,0.5943333333333333,4.053333333333334,0.075,Qatar Airways,airline,21.11,77.31,0.551,0.318,0.682,0.667,0.62,real_sponsor_names_with_proxy_commercial_metrics,0.4266278590941108,1708,12,537.2,0.18,30.58,0.689,77.4,45.2,19.26,0.2126666666666666,0.84,4.25,0.077,Budweiser,beverage,27.85,350.0,1.0,0.321,0.724,0.933,0.612,real_sponsor_names_with_proxy_commercial_metrics,0.6704472243491213,-165,-203.80000000000007,-10,-11.100000000000009,-0.3299999999999999,-0.2456666666666667,-0.0616666666666666,0.3100571260476171,0.4034207381427296,2.932,0.22,0.3188612019814242,0.2528666666666667,0.64537,0.2838921001926782,0.2,0.37030053325883566
381,1986,Poland,Portugal,group_or_knockout,True,0.0,59.4,16.8,78.7,hot,47.62,137.39,A_win,Monterrey,Mexico,1986-06-07,0.2567,-2.5,0.169,0.176,42.34,1685,6,506.6,0.05,27.64,0.65,72.7,42.5,15.85,0.2053333333333333,0.815,3.9733333333333327,0.268,Coca-Cola,beverage,28.97,300.0,1.0,0.581,0.749,0.899,0.847,real_sponsor_names_with_proxy_commercial_metrics,0.6960284847496763,1702,6,527.3,0.14,27.94,0.666,76.8,47.1,14.4,0.2406666666666666,0.7363333333333334,3.2266666666666666,0.0836666666666666,Mengniu,consumer_goods,17.76,59.99,0.368,0.468,0.8,0.643,0.574,real_sponsor_names_with_proxy_commercial_metrics,0.3588124240475937,-17,-20.69999999999993,0,-4.099999999999994,-0.09,0.0786666666666665,-0.0353333333333333,0.616436840876696,0.4907868816631135,3.749,0.62,0.33075396123728834,0.1972,0.84638,0.6105070291871832,0.2,0.49327915545305173
382,1986,Denmark,Uruguay,group_or_knockout,True,0.0,75.0,36.9,62.2,clear,60.82,189.06,A_win,Nezahualcóyotl,Mexico,1986-06-08,0.0832,2.08,0.196,0.175,69.12,1642,4,453.4,0.04,24.3,0.592,71.5,43.1,19.09,0.1573333333333333,0.8273333333333334,2.966666666666667,0.3496666666666666,Coca-Cola,beverage,33.85,300.0,1.0,0.685,0.715,0.895,0.825,real_sponsor_names_with_proxy_commercial_metrics,0.754749779112933,1684,10,508.3,0.07,29.28,0.661,74.8,44.8,20.58,0.1356666666666666,0.8753333333333333,1.923333333333333,0.1913333333333333,Vivo,technology,19.75,76.46,0.542,0.306,0.797,0.741,0.63,real_sponsor_names_with_proxy_commercial_metrics,0.4351767440908576,-42,-54.900000000000034,-6,-3.299999999999997,-0.03,-0.0479999999999999,0.0216666666666666,0.526123570801118,0.6207816708279534,3.961,0.12,0.4568508772810327,0.16346666666666662,0.8277999999999999,0.5915228716192107,0.2,0.5684129902751374
383,1986,Germany,Scotland,group_or_knockout,True,0.0,37.2,25.0,71.2,cloudy,52.02,173.59,A_win,Querétaro,Mexico,1986-06-08,0.2499,1.21,0.209,0.196,49.59,1798,20,646.1,0.4,35.62,0.797,81.3,65.9,22.15,0.2123333333333333,0.851,5.576666666666667,0.3273333333333333,Coca-Cola,beverage,29.19,300.0,1.0,0.286,0.859,0.907,0.902,real_sponsor_names_with_proxy_commercial_metrics,0.7215038709709707,1529,4,318.6,-0.35,20.39,0.472,67.9,31.6,17.66,0.1853333333333333,0.9116666666666668,1.8866666666666667,0.2256666666666666,Budweiser,beverage,26.35,350.0,1.0,0.459,0.686,0.905,0.601,real_sponsor_names_with_proxy_commercial_metrics,0.6396023182948416,269,327.5,16,13.399999999999991,0.75,-0.0606666666666667,0.0269999999999999,0.9510351228677828,0.6781205089932212,4.003,0.22,0.4017585124861878,0.18699999999999997,0.90283,0.3608741882537644,0.2,0.5745625740483724
384,1986,Iraq,Belgium,group_or_knockout,True,0.0,41.7,18.6,62.5,clear,52.02,143.22,B_win,Toluca,Mexico,1986-06-08,0.2336,0.99,0.259,0.268,46.54,1388,1,142.7,-1.0,8.65,0.277,63.6,11.4,6.1,0.3003333333333333,0.7483333333333334,3.106666666666667,0.309,Hyundai,automotive,29.12,590.0,1.0,0.425,0.596,0.858,0.816,real_sponsor_names_with_proxy_commercial_metrics,0.698836978184286,1674,9,495.4,0.02,28.38,0.646,71.5,40.4,23.19,0.142,0.7919999999999999,3.7566666666666655,0.0076666666666666,Visa,finance,26.85,250.0,1.0,0.538,0.72,0.914,0.914,real_sponsor_names_with_proxy_commercial_metrics,0.6636131480729871,-286,-352.7,-8,-7.899999999999999,-1.02,-0.0436666666666665,0.1583333333333333,0.0330188679245283,0.3247215682155827,2.928,0.12,0.38470534077850954,0.2808666666666666,0.7672199999999999,0.29368621993862837,0.2,0.4421427820202938
385,1986,Hungary,France,group_or_knockout,True,0.0,37.2,28.5,79.9,hot,52.02,143.74,B_win,León,Mexico,1986-06-09,0.3979,-3.72,0.219,0.284,52.46,1691,5,513.5,0.03,27.22,0.652,78.9,42.6,16.61,0.1083333333333333,0.8380000000000001,2.99,0.2826666666666667,Adidas,apparel,33.47,1830.0,1.0,0.501,0.712,0.937,0.887,real_sponsor_names_with_proxy_commercial_metrics,0.931713528183716,1748,13,584.8,0.26,32.28,0.733,77.8,46.5,18.67,0.2083333333333333,0.8296666666666667,3.483333333333333,0.3613333333333333,Qatar Airways,airline,24.02,81.37,0.593,0.647,0.801,0.711,0.647,real_sponsor_names_with_proxy_commercial_metrics,0.5007849188790221,-57,-71.29999999999995,-8,1.1000000000000083,-0.23,0.0083333333333334,-0.1,0.6789758272283496,0.5144282757605517,3.711,0.62,0.44909014727353347,0.12979999999999994,0.84634,0.6495072432741026,0.2,0.584168793431753
386,1986,Russia,Canada,group_or_knockout,True,0.0,47.7,22.3,58.9,clear,49.82,209.51,A_win,Irapuato,Mexico,1986-06-09,0.1809,1.01,0.26,0.178,47.76,1676,8,497.3,0.07,27.98,0.645,72.7,49.8,18.23,0.1086666666666666,0.8123333333333332,5.670000000000001,0.13,Hyundai,automotive,26.07,590.0,1.0,0.245,0.69,0.874,0.885,real_sponsor_names_with_proxy_commercial_metrics,0.6793986692072507,1404,1,163.9,-1.0,11.34,0.308,62.1,14.1,8.35,0.1956666666666666,0.8916666666666666,2.7900000000000005,0.2693333333333333,Hisense,technology,28.16,1070.0,1.0,0.586,0.646,0.897,0.559,real_sponsor_names_with_proxy_commercial_metrics,0.7351017050612962,272,333.4,7,10.6,1.07,-0.0793333333333333,-0.087,0.6134810916271758,0.573085134660294,3.975,0.12,0.3886518225476752,0.14026666666666668,0.82105,0.19749482623278383,0.2,0.5237808828241576
387,1986,Argentina,Bulgaria,group_or_knockout,True,0.0,63.7,21.5,65.9,clear,49.82,199.75,A_win,Mexico City,Mexico,1986-06-10,0.1941,2.44,0.23,0.207,56.03,1753,15,591.7,0.26,33.16,0.743,76.8,58.0,19.5,0.2623333333333333,0.8586666666666667,3.813333333333333,0.2106666666666666,Hyundai,automotive,30.74,590.0,1.0,0.338,0.813,0.936,0.851,real_sponsor_names_with_proxy_commercial_metrics,0.7681302767229082,1502,4,286.8,-0.46,19.9,0.447,65.2,28.9,10.5,0.3979999999999999,0.719,2.9800000000000004,-0.0613333333333333,Hisense,technology,33.88,1070.0,1.0,0.2,0.675,0.918,0.633,real_sponsor_names_with_proxy_commercial_metrics,0.8252717468149495,251,304.90000000000003,11,11.599999999999994,0.72,0.1396666666666667,-0.1356666666666666,0.8112048561394937,0.5800510830774921,4.126,0.12,0.4125165458820241,0.2139333333333333,0.8831100000000001,0.23294405195175907,0.2,0.5560682788516007
388,1986,South Korea,Italy,group_or_knockout,True,0.0,64.8,26.4,63.9,cloudy,56.42,184.29,B_win,Puebla,Mexico,1986-06-10,0.3754,1.47,0.237,0.202,45.7,1548,6,343.4,-0.37,22.9,0.505,70.3,20.2,12.829999999999998,0.151,0.8606666666666666,2.8866666666666667,0.2443333333333333,McDonald's,restaurant,25.44,80.72,0.587,0.49,0.67,0.723,0.661,real_sponsor_names_with_proxy_commercial_metrics,0.5004808180408472,1755,14,594.5,0.34,33.03,0.744,77.8,61.6,11.04,0.3303333333333333,0.8929999999999999,1.3333333333333333,0.0393333333333333,Visa,finance,33.4,250.0,1.0,0.316,0.761,0.842,0.918,real_sponsor_names_with_proxy_commercial_metrics,0.749976237843342,-207,-251.1,-8,-7.5,-0.71,-0.0323333333333333,-0.1793333333333333,0.3785695739184261,0.4806253438869132,3.201,0.22,0.4596799963248697,0.14633333333333337,0.6669599999999999,0.36574716334831936,0.2,0.447220891883113
389,1986,England,Poland,group_or_knockout,True,0.0,61.6,15.2,53.4,rain,52.02,240.56,A_win,Monterrey,Mexico,1986-06-11,0.119,3.61,0.116,0.089,55.38,1695,13,522.2,0.16,30.51,0.678,76.6,52.6,19.34,0.28,0.7986666666666666,2.61,0.1863333333333333,McDonald's,restaurant,20.29,74.13,0.517,0.758,0.819,0.654,0.569,real_sponsor_names_with_proxy_commercial_metrics,0.4256813568338741,1685,6,506.6,0.05,27.64,0.65,72.7,42.5,15.85,0.2053333333333333,0.815,3.9733333333333327,0.268,Coca-Cola,beverage,28.97,300.0,1.0,0.581,0.749,0.899,0.847,real_sponsor_names_with_proxy_commercial_metrics,0.6960284847496763,10,15.600000000000025,7,3.899999999999992,0.11,-0.0163333333333333,0.0746666666666666,0.7074856858162286,0.5614678763098931,3.715,0.48,0.4033812915302011,0.24853333333333336,0.68589,0.4868045386426889,0.2,0.43716338931294013
390,1986,Mexico,Iraq,group_or_knockout,False,0.18,39.6,25.1,64.5,rain,47.62,122.13,A_win,Mexico City,Mexico,1986-06-11,0.2371,5.72,0.017,0.098,41.93,1612,10,421.9,-0.18,26.83,0.584,72.1,37.6,18.89,0.2446666666666666,0.7546666666666667,1.1233333333333333,0.211,Hyundai,automotive,28.5,590.0,1.0,0.636,0.712,0.897,0.88,real_sponsor_names_with_proxy_commercial_metrics,0.7185336170151837,1388,1,142.7,-1.0,8.65,0.277,63.6,11.4,6.1,0.3003333333333333,0.7483333333333334,3.106666666666667,0.309,Hyundai,automotive,29.12,590.0,1.0,0.425,0.596,0.858,0.816,real_sponsor_names_with_proxy_commercial_metrics,0.698836978184286,224,279.2,9,8.499999999999993,0.8200000000000001,0.0063333333333333,-0.0556666666666666,0.5181915824104364,0.4596170183691221,3.562,0.48,0.29411346673107924,0.24493333333333328,0.83529,0.438524727039178,0.2,0.47820812657321415
391,1986,Paraguay,Belgium,group_or_knockout,True,0.0,28.0,34.5,93.8,cloudy,54.22,244.08,draw,Toluca,Mexico,1986-06-11,0.1459,3.88,0.318,0.242,58.04,1578,4,377.4,-0.11,22.66,0.528,69.9,30.5,12.88,0.1066666666666666,0.8923333333333333,3.733333333333333,0.1686666666666666,Hyundai,automotive,26.2,590.0,1.0,0.401,0.667,0.921,0.802,real_sponsor_names_with_proxy_commercial_metrics,0.6777827610652881,1674,9,495.4,0.02,28.38,0.646,71.5,40.4,23.19,0.142,0.7919999999999999,3.7566666666666655,0.0076666666666666,Visa,finance,26.85,250.0,1.0,0.538,0.72,0.914,0.914,real_sponsor_names_with_proxy_commercial_metrics,0.6636131480729871,-96,-118.0,-5,-1.5999999999999943,-0.13,0.1003333333333333,-0.0353333333333333,0.4105964679456181,0.5017956361973325,3.519,0.22,0.46877784059526845,0.10706666666666664,0.81069,0.705638335831014,0.2,0.5199988089099761
392,1986,Portugal,Morocco,group_or_knockout,True,0.0,58.7,25.8,53.7,rain,54.22,180.36,B_win,Guadalajara,Mexico,1986-06-11,0.0399,4.96,0.125,0.124,58.84,1702,6,527.3,0.14,27.94,0.666,76.8,47.1,14.4,0.2406666666666666,0.7363333333333334,3.2266666666666666,0.0836666666666666,Mengniu,consumer_goods,17.76,59.99,0.368,0.468,0.8,0.643,0.574,real_sponsor_names_with_proxy_commercial_metrics,0.3588124240475937,1552,4,345.5,-0.26,21.17,0.496,69.2,34.3,12.67,0.2156666666666666,0.86,4.223333333333334,-0.0613333333333333,Mengniu,consumer_goods,19.44,62.12,0.391,0.28,0.668,0.598,0.65,real_sponsor_names_with_proxy_commercial_metrics,0.3643404839870979,150,181.79999999999995,2,7.599999999999994,0.4,-0.1236666666666665,0.0249999999999999,0.6820304126224132,0.4472484020097498,3.267,0.48,0.365635116113221,0.24986666666666663,0.64909,0.41006615285806036,0.2,0.37635215755679663
393,1986,Algeria,Spain,group_or_knockout,True,0.0,51.9,20.7,64.7,clear,52.02,371.49,B_win,Monterrey,Mexico,1986-06-12,0.3154,5.13,0.218,0.144,56.48,1543,2,333.4,-0.31,18.82,0.474,72.2,36.3,11.9,0.258,0.887,1.2466666666666666,0.0059999999999999,Hisense,technology,30.28,1070.0,1.0,0.679,0.66,0.889,0.626,real_sponsor_names_with_proxy_commercial_metrics,0.7697599722846784,1708,12,537.2,0.18,30.58,0.689,77.4,45.2,19.26,0.2126666666666666,0.84,4.25,0.077,Budweiser,beverage,27.85,350.0,1.0,0.321,0.724,0.933,0.612,real_sponsor_names_with_proxy_commercial_metrics,0.6704472243491213,-165,-203.80000000000007,-10,-5.200000000000003,-0.49,0.047,0.0453333333333333,0.3657175034061077,0.4424628427993014,3.573,0.12,0.5707076122890001,0.19999999999999998,0.77335,0.2485681153214872,0.2,0.5350425117899272
394,1986,Northern Ireland,Brazil,group_or_knockout,True,0.0,64.0,20.0,78.1,clear,52.02,106.46,B_win,Guadalajara,Mexico,1986-06-12,0.2101,0.66,0.076,0.088,56.81,1543,2,333.4,-0.15,18.82,0.474,66.3,29.3,14.28,0.151,0.5943333333333333,4.053333333333334,0.075,Qatar Airways,airline,21.11,77.31,0.551,0.318,0.682,0.667,0.62,real_sponsor_names_with_proxy_commercial_metrics,0.4266278590941108,1829,20,683.6,0.5,36.78,0.83,78.8,57.4,18.61,0.1376666666666667,0.7313333333333333,3.723333333333333,0.206,Adidas,apparel,33.15,1830.0,1.0,0.369,0.809,0.916,0.861,real_sponsor_names_with_proxy_commercial_metrics,0.9383411482254695,-286,-350.20000000000005,-18,-12.5,-0.65,-0.137,0.0133333333333333,0.3100571260476171,0.3934773139978954,3.004,0.12,0.33269305028860097,0.2528666666666667,0.64537,0.32467744237493745,0.2,0.37028274415971746
395,1986,Denmark,Germany,group_or_knockout,True,0.0,67.1,20.5,76.2,clear,49.82,117.38,A_win,Querétaro,Mexico,1986-06-13,0.4451,3.72,0.197,0.166,51.74,1642,4,453.4,0.04,24.3,0.592,71.5,43.1,19.09,0.1573333333333333,0.8273333333333334,2.966666666666667,0.3496666666666666,Coca-Cola,beverage,33.85,300.0,1.0,0.685,0.715,0.895,0.825,real_sponsor_names_with_proxy_commercial_metrics,0.754749779112933,1798,20,646.1,0.4,35.62,0.797,81.3,65.9,22.15,0.2123333333333333,0.851,5.576666666666667,0.3273333333333333,Coca-Cola,beverage,29.19,300.0,1.0,0.286,0.859,0.907,0.902,real_sponsor_names_with_proxy_commercial_metrics,0.7215038709709707,-156,-192.70000000000005,-16,-9.799999999999995,-0.36,-0.0236666666666666,-0.0549999999999999,0.526123570801118,0.546377321869658,3.719,0.12,0.400595079395657,0.16346666666666662,0.8277999999999999,0.3034617854849069,0.2,0.5363286129897396
396,1986,Scotland,Uruguay,group_or_knockout,True,0.0,59.8,21.5,58.2,clear,45.42,145.94,draw,Nezahualcóyotl,Mexico,1986-06-13,0.3274,4.89,-0.076,0.014,37.76,1529,4,318.6,-0.35,20.39,0.472,67.9,31.6,17.66,0.1853333333333333,0.9116666666666668,1.8866666666666667,0.2256666666666666,Budweiser,beverage,26.35,350.0,1.0,0.459,0.686,0.905,0.601,real_sponsor_names_with_proxy_commercial_metrics,0.6396023182948416,1684,10,508.3,0.07,29.28,0.661,74.8,44.8,20.58,0.1356666666666666,0.8753333333333333,1.923333333333333,0.1913333333333333,Vivo,technology,19.75,76.46,0.542,0.306,0.797,0.741,0.63,real_sponsor_names_with_proxy_commercial_metrics,0.4351767440908576,-155,-189.7,-6,-6.899999999999992,-0.42,0.0363333333333334,0.0496666666666666,0.3145516160739996,0.4878682199605961,3.544,0.12,0.2944098829303608,0.14653333333333324,0.7845199999999999,0.19967244701348746,0.2,0.46603043456580107
397,1986,Mexico,Bulgaria,group_or_knockout,False,0.18,67.9,20.7,19.9,clear,49.82,159.12,A_win,Mexico City,Mexico,1986-06-15,0.2521,1.88,0.087,0.132,39.79,1612,10,421.9,-0.18,26.83,0.584,72.1,37.6,18.89,0.2446666666666666,0.7546666666666667,1.1233333333333333,0.211,Hyundai,automotive,28.5,590.0,1.0,0.636,0.712,0.897,0.88,real_sponsor_names_with_proxy_commercial_metrics,0.7185336170151837,1502,4,286.8,-0.46,19.9,0.447,65.2,28.9,10.5,0.3979999999999999,0.719,2.9800000000000004,-0.0613333333333333,Hisense,technology,33.88,1070.0,1.0,0.2,0.675,0.918,0.633,real_sponsor_names_with_proxy_commercial_metrics,0.8252717468149495,110,135.09999999999997,6,6.899999999999992,0.28,0.0356666666666667,-0.1533333333333333,0.5181915824104364,0.4823850846095583,3.885,0.12,0.3402876826243051,0.24493333333333328,0.83529,0.054987868407906954,0.2,0.4938180282991815
398,1986,Russia,Belgium,group_or_knockout,True,0.0,61.0,28.5,66.3,cloudy,60.82,300.05,B_win,León,Mexico,1986-06-15,0.2067,1.14,0.112,0.144,54.9,1676,8,497.3,0.07,27.98,0.645,72.7,49.8,18.23,0.1086666666666666,0.8123333333333332,5.670000000000001,0.13,Hyundai,automotive,26.07,590.0,1.0,0.245,0.69,0.874,0.885,real_sponsor_names_with_proxy_commercial_metrics,0.6793986692072507,1674,9,495.4,0.02,28.38,0.646,71.5,40.4,23.19,0.142,0.7919999999999999,3.7566666666666655,0.0076666666666666,Visa,finance,26.85,250.0,1.0,0.538,0.72,0.914,0.914,real_sponsor_names_with_proxy_commercial_metrics,0.6636131480729871,2,1.900000000000034,-1,1.2000000000000028,0.05,0.0203333333333333,-0.0333333333333333,0.6134810916271758,0.6540557644089106,4.052,0.22,0.5305921532847103,0.14026666666666668,0.82105,0.43074181117533716,0.2,0.5748407253011772
399,1986,Argentina,Uruguay,group_or_knockout,True,0.0,64.9,12.6,22.5,clear,47.62,112.86,A_win,Puebla,Mexico,1986-06-16,0.1925,3.91,0.157,0.188,45.63,1753,15,591.7,0.26,33.16,0.743,76.8,58.0,19.5,0.2623333333333333,0.8586666666666667,3.813333333333333,0.2106666666666666,Hyundai,automotive,30.74,590.0,1.0,0.338,0.813,0.936,0.851,real_sponsor_names_with_proxy_commercial_metrics,0.7681302767229082,1684,10,508.3,0.07,29.28,0.661,74.8,44.8,20.58,0.1356666666666666,0.8753333333333333,1.923333333333333,0.1913333333333333,Vivo,technology,19.75,76.46,0.542,0.306,0.797,0.741,0.63,real_sponsor_names_with_proxy_commercial_metrics,0.4351767440908576,69,83.40000000000003,5,2.0,0.19,-0.0166666666666666,0.1266666666666667,0.8112048561394937,0.539909877312293,4.021,0.12,0.30584302226121723,0.2139333333333333,0.8831100000000001,0.2769160779276386,0.2,0.5234940365131836
400,1986,Brazil,Poland,group_or_knockout,True,0.0,48.8,28.2,81.5,cloudy,54.22,199.62,A_win,Guadalajara,Mexico,1986-06-16,0.1452,-0.31,0.205,0.122,48.2,1829,20,683.6,0.5,36.78,0.83,78.8,57.4,18.61,0.1376666666666667,0.7313333333333333,3.723333333333333,0.206,Adidas,apparel,33.15,1830.0,1.0,0.369,0.809,0.916,0.861,real_sponsor_names_with_proxy_commercial_metrics,0.9383411482254695,1685,6,506.6,0.05,27.64,0.65,72.7,42.5,15.85,0.2053333333333333,0.815,3.9733333333333327,0.268,Coca-Cola,beverage,28.97,300.0,1.0,0.581,0.749,0.899,0.847,real_sponsor_names_with_proxy_commercial_metrics,0.6960284847496763,144,177.0,14,6.099999999999994,0.45,-0.0836666666666666,-0.0676666666666666,0.9764150943396226,0.5550688654950282,4.273,0.22,0.38232918054052095,0.19006666666666672,0.87793,0.4886173553129237,0.2,0.5845931940208248
401,1986,Italy,France,group_or_knockout,True,0.0,55.7,20.7,60.7,cloudy,49.82,197.14,B_win,Mexico City,Mexico,1986-06-17,0.3368,0.52,0.032,0.076,52.17,1755,14,594.5,0.34,33.03,0.744,77.8,61.6,11.04,0.3303333333333333,0.8929999999999999,1.3333333333333333,0.0393333333333333,Visa,finance,33.4,250.0,1.0,0.316,0.761,0.842,0.918,real_sponsor_names_with_proxy_commercial_metrics,0.749976237843342,1748,13,584.8,0.26,32.28,0.733,77.8,46.5,18.67,0.2083333333333333,0.8296666666666667,3.483333333333333,0.3613333333333333,Qatar Airways,airline,24.02,81.37,0.593,0.647,0.801,0.711,0.647,real_sponsor_names_with_proxy_commercial_metrics,0.5007849188790221,7,9.700000000000044,1,0.0,0.08,0.0633333333333332,0.122,0.8187106162327391,0.3662116259953466,3.377,0.22,0.40884237345801716,0.24100000000000002,0.84782,0.27128416470420325,0.2,0.4845368270527025
402,1986,Morocco,Germany,group_or_knockout,True,0.0,60.6,25.3,74.0,rain,47.62,165.76,B_win,Monterrey,Mexico,1986-06-17,0.1861,1.4,0.172,0.22,49.53,1552,4,345.5,-0.26,21.17,0.496,69.2,34.3,12.67,0.2156666666666666,0.86,4.223333333333334,-0.0613333333333333,Mengniu,consumer_goods,19.44,62.12,0.391,0.28,0.668,0.598,0.65,real_sponsor_names_with_proxy_commercial_metrics,0.3643404839870979,1798,20,646.1,0.4,35.62,0.797,81.3,65.9,22.15,0.2123333333333333,0.851,5.576666666666667,0.3273333333333333,Coca-Cola,beverage,29.19,300.0,1.0,0.286,0.859,0.907,0.902,real_sponsor_names_with_proxy_commercial_metrics,0.7215038709709707,-246,-300.6,-16,-12.099999999999994,-0.66,0.009,0.0033333333333333,0.3627181368394233,0.4028747508089169,3.012,0.48,0.36058435808590134,0.18539999999999995,0.59794,0.48477642189395564,0.2,0.3609511180005805
403,1986,Denmark,Spain,group_or_knockout,True,0.0,68.7,16.2,43.6,rain,58.62,128.0,B_win,Querétaro,Mexico,1986-06-18,0.2602,3.75,0.218,0.17,66.23,1642,4,453.4,0.04,24.3,0.592,71.5,43.1,19.09,0.1573333333333333,0.8273333333333334,2.966666666666667,0.3496666666666666,Coca-Cola,beverage,33.85,300.0,1.0,0.685,0.715,0.895,0.825,real_sponsor_names_with_proxy_commercial_metrics,0.754749779112933,1708,12,537.2,0.18,30.58,0.689,77.4,45.2,19.26,0.2126666666666666,0.84,4.25,0.077,Budweiser,beverage,27.85,350.0,1.0,0.321,0.724,0.933,0.612,real_sponsor_names_with_proxy_commercial_metrics,0.6704472243491213,-66,-83.80000000000007,-8,-5.900000000000006,-0.1399999999999999,-0.0126666666666666,-0.0553333333333333,0.526123570801118,0.5896334148408029,3.608,0.48,0.44068621856839457,0.16346666666666662,0.8277999999999999,0.41844729893670163,0.2,0.5564585468562075
404,1986,England,Paraguay,group_or_knockout,True,0.0,52.9,31.0,33.2,clear,52.02,220.48,A_win,Mexico City,Mexico,1986-06-18,0.1848,3.26,0.307,0.212,48.08,1695,13,522.2,0.16,30.51,0.678,76.6,52.6,19.34,0.28,0.7986666666666666,2.61,0.1863333333333333,McDonald's,restaurant,20.29,74.13,0.517,0.758,0.819,0.654,0.569,real_sponsor_names_with_proxy_commercial_metrics,0.4256813568338741,1578,4,377.4,-0.11,22.66,0.528,69.9,30.5,12.88,0.1066666666666666,0.8923333333333333,3.733333333333333,0.1686666666666666,Hyundai,automotive,26.2,590.0,1.0,0.401,0.667,0.921,0.802,real_sponsor_names_with_proxy_commercial_metrics,0.6777827610652881,117,144.80000000000007,9,6.699999999999989,0.27,-0.0936666666666666,0.1733333333333333,0.7074856858162286,0.5544768414069425,3.617,0.12,0.4185678386922035,0.24853333333333336,0.68589,0.31274602155141656,0.2,0.43824320897251445
405,1986,Brazil,France,group_or_knockout,True,0.0,64.8,30.5,62.2,clear,49.82,200.86,draw,Guadalajara,Mexico,1986-06-21,0.1111,4.97,0.176,0.136,52.95,1829,20,683.6,0.5,36.78,0.83,78.8,57.4,18.61,0.1376666666666667,0.7313333333333333,3.723333333333333,0.206,Adidas,apparel,33.15,1830.0,1.0,0.369,0.809,0.916,0.861,real_sponsor_names_with_proxy_commercial_metrics,0.9383411482254695,1748,13,584.8,0.26,32.28,0.733,77.8,46.5,18.67,0.2083333333333333,0.8296666666666667,3.483333333333333,0.3613333333333333,Qatar Airways,airline,24.02,81.37,0.593,0.647,0.801,0.711,0.647,real_sponsor_names_with_proxy_commercial_metrics,0.5007849188790221,81,98.80000000000008,7,1.0,0.24,-0.0983333333333333,-0.0706666666666666,0.9764150943396226,0.5357212611715239,4.265,0.12,0.36553351717574173,0.19006666666666672,0.87793,0.42504888317990436,0.2,0.5758167321372878
406,1986,Mexico,Germany,group_or_knockout,False,0.18,54.5,28.8,57.5,cloudy,45.42,153.52,draw,Monterrey,Mexico,1986-06-21,0.2659,0.86,0.083,0.169,47.55,1612,10,421.9,-0.18,26.83,0.584,72.1,37.6,18.89,0.2446666666666666,0.7546666666666667,1.1233333333333333,0.211,Hyundai,automotive,28.5,590.0,1.0,0.636,0.712,0.897,0.88,real_sponsor_names_with_proxy_commercial_metrics,0.7185336170151837,1798,20,646.1,0.4,35.62,0.797,81.3,65.9,22.15,0.2123333333333333,0.851,5.576666666666667,0.3273333333333333,Coca-Cola,beverage,29.19,300.0,1.0,0.286,0.859,0.907,0.902,real_sponsor_names_with_proxy_commercial_metrics,0.7215038709709707,-186,-224.20000000000005,-10,-9.200000000000005,-0.5800000000000001,-0.0963333333333332,0.0323333333333333,0.5181915824104364,0.4606560719824591,3.598,0.22,0.3447022669560832,0.24493333333333328,0.83529,0.400520588025405,0.2,0.4886168216299493
407,1986,Argentina,England,group_or_knockout,True,0.0,56.5,13.9,50.1,cloudy,52.02,157.41,A_win,Mexico City,Mexico,1986-06-22,0.2014,0.75,0.018,0.135,59.09,1753,15,591.7,0.26,33.16,0.743,76.8,58.0,19.5,0.2623333333333333,0.8586666666666667,3.813333333333333,0.2106666666666666,Hyundai,automotive,30.74,590.0,1.0,0.338,0.813,0.936,0.851,real_sponsor_names_with_proxy_commercial_metrics,0.7681302767229082,1695,13,522.2,0.16,30.51,0.678,76.6,52.6,19.34,0.28,0.7986666666666666,2.61,0.1863333333333333,McDonald's,restaurant,20.29,74.13,0.517,0.758,0.819,0.654,0.569,real_sponsor_names_with_proxy_commercial_metrics,0.4256813568338741,58,69.5,2,0.2000000000000028,0.1,0.06,-0.0176666666666666,0.8112048561394937,0.5751996872237511,4.034,0.22,0.38499507659557164,0.2139333333333333,0.8831100000000001,0.4023603082851638,0.2,0.5492055941552627
408,1986,Spain,Belgium,group_or_knockout,True,0.0,68.8,28.0,59.4,clear,49.82,151.67,draw,Puebla,Mexico,1986-06-22,0.2323,3.9,0.266,0.247,52.73,1708,12,537.2,0.18,30.58,0.689,77.4,45.2,19.26,0.2126666666666666,0.84,4.25,0.077,Budweiser,beverage,27.85,350.0,1.0,0.321,0.724,0.933,0.612,real_sponsor_names_with_proxy_commercial_metrics,0.6704472243491213,1674,9,495.4,0.02,28.38,0.646,71.5,40.4,23.19,0.142,0.7919999999999999,3.7566666666666655,0.0076666666666666,Visa,finance,26.85,250.0,1.0,0.538,0.72,0.914,0.914,real_sponsor_names_with_proxy_commercial_metrics,0.6636131480729871,34,41.80000000000007,3,5.900000000000006,0.16,0.048,0.0706666666666666,0.7299678934836586,0.5398345287041861,3.89,0.12,0.3890859107178642,0.19159999999999994,0.80913,0.3479212160137016,0.2,0.5076603840245342
409,1986,Argentina,Belgium,group_or_knockout,True,0.0,32.1,25.4,96.0,clear,49.82,139.26,A_win,Mexico City,Mexico,1986-06-25,0.2771,1.12,0.179,0.163,43.95,1753,15,591.7,0.26,33.16,0.743,76.8,58.0,19.5,0.2623333333333333,0.8586666666666667,3.813333333333333,0.2106666666666666,Hyundai,automotive,30.74,590.0,1.0,0.338,0.813,0.936,0.851,real_sponsor_names_with_proxy_commercial_metrics,0.7681302767229082,1674,9,495.4,0.02,28.38,0.646,71.5,40.4,23.19,0.142,0.7919999999999999,3.7566666666666655,0.0076666666666666,Visa,finance,26.85,250.0,1.0,0.538,0.72,0.914,0.914,real_sponsor_names_with_proxy_commercial_metrics,0.6636131480729871,79,96.30000000000008,6,5.299999999999997,0.24,0.0666666666666667,0.1203333333333333,0.8112048561394937,0.558990938591462,3.77,0.12,0.350296670023711,0.2139333333333333,0.8831100000000001,0.43843930635838146,0.2,0.5377274632238497
410,1986,France,Germany,group_or_knockout,True,0.0,41.1,13.4,71.4,rain,49.82,170.35,B_win,Guadalajara,Mexico,1986-06-25,0.276,1.53,0.118,0.095,39.13,1748,13,584.8,0.26,32.28,0.733,77.8,46.5,18.67,0.2083333333333333,0.8296666666666667,3.483333333333333,0.3613333333333333,Qatar Airways,airline,24.02,81.37,0.593,0.647,0.801,0.711,0.647,real_sponsor_names_with_proxy_commercial_metrics,0.5007849188790221,1798,20,646.1,0.4,35.62,0.797,81.3,65.9,22.15,0.2123333333333333,0.851,5.576666666666667,0.3273333333333333,Coca-Cola,beverage,29.19,300.0,1.0,0.286,0.859,0.907,0.902,real_sponsor_names_with_proxy_commercial_metrics,0.7215038709709707,-50,-61.30000000000007,-7,-3.5,-0.14,-0.0213333333333333,-0.004,0.8018213325687816,0.5701197523073114,3.324,0.48,0.34461997823192475,0.19313333333333332,0.7179599999999999,0.6114031256690217,0.2,0.4536723068233975
411,1986,France,Belgium,group_or_knockout,True,0.0,38.7,22.9,74.8,cloudy,58.62,168.98,A_win,Puebla,Mexico,1986-06-28,0.0909,-1.1,-0.01,0.145,66.16,1748,13,584.8,0.26,32.28,0.733,77.8,46.5,18.67,0.2083333333333333,0.8296666666666667,3.483333333333333,0.3613333333333333,Qatar Airways,airline,24.02,81.37,0.593,0.647,0.801,0.711,0.647,real_sponsor_names_with_proxy_commercial_metrics,0.5007849188790221,1674,9,495.4,0.02,28.38,0.646,71.5,40.4,23.19,0.142,0.7919999999999999,3.7566666666666655,0.0076666666666666,Visa,finance,26.85,250.0,1.0,0.538,0.72,0.914,0.914,real_sponsor_names_with_proxy_commercial_metrics,0.6636131480729871,74,89.39999999999998,4,6.299999999999997,0.24,0.0376666666666667,0.0663333333333333,0.8018213325687816,0.6092014175649912,3.582,0.22,0.41786679603388543,0.19313333333333332,0.7179599999999999,0.3218054663526725,0.2,0.47926453665594
412,1986,Argentina,Germany,group_or_knockout,True,0.0,27.7,25.2,71.5,clear,56.42,127.13,A_win,Mexico City,Mexico,1986-06-29,0.1245,3.41,0.045,0.125,58.55,1753,15,591.7,0.26,33.16,0.743,76.8,58.0,19.5,0.2623333333333333,0.8586666666666667,3.813333333333333,0.2106666666666666,Hyundai,automotive,30.74,590.0,1.0,0.338,0.813,0.936,0.851,real_sponsor_names_with_proxy_commercial_metrics,0.7681302767229082,1798,20,646.1,0.4,35.62,0.797,81.3,65.9,22.15,0.2123333333333333,0.851,5.576666666666667,0.3273333333333333,Coca-Cola,beverage,29.19,300.0,1.0,0.286,0.859,0.907,0.902,real_sponsor_names_with_proxy_commercial_metrics,0.7215038709709707,-45,-54.39999999999998,-5,-4.5,-0.14,0.0076666666666667,0.05,0.8112048561394937,0.5844367510302393,3.768,0.12,0.36090695655086674,0.2139333333333333,0.8831100000000001,0.32737279668878894,0.2,0.5469743480121384
413,1990,Argentina,Cameroon,group_or_knockout,True,0.0,49.2,26.3,81.7,cloudy,49.08,104.57,B_win,Milan,Italy,1990-06-08,0.1739,6.04,0.17,0.127,52.64,1753,15,591.7,0.26,33.16,0.743,76.8,58.0,19.5,0.2623333333333333,0.8586666666666667,3.813333333333333,0.2106666666666666,Hyundai,automotive,30.74,590.0,1.0,0.338,0.813,0.936,0.851,real_sponsor_names_with_proxy_commercial_metrics,0.7681302767229082,1542,4,334.5,-0.31,21.28,0.489,68.0,29.1,10.52,0.2513333333333333,0.8450000000000001,2.2433333333333336,0.186,Coca-Cola,beverage,31.97,300.0,1.0,0.241,0.693,0.92,0.885,real_sponsor_names_with_proxy_commercial_metrics,0.7331682968582358,211,257.20000000000005,11,8.799999999999997,0.5700000000000001,0.0136666666666666,0.011,0.8112048561394937,0.5435867768380489,3.667,0.22,0.3048155197342915,0.2139333333333333,0.8831100000000001,0.44005958752586893,0.2,0.5243180678750101
414,1990,Italy,Austria,group_or_knockout,False,0.18,67.7,24.1,55.0,hot,49.08,113.62,A_win,Rome,Italy,1990-06-09,0.0908,0.64,0.148,0.194,52.3,1755,14,594.5,0.34,33.03,0.744,77.8,61.6,11.04,0.3303333333333333,0.8929999999999999,1.3333333333333333,0.0393333333333333,Visa,finance,33.4,250.0,1.0,0.316,0.761,0.842,0.918,real_sponsor_names_with_proxy_commercial_metrics,0.749976237843342,1660,5,475.8,-0.03,25.77,0.617,70.5,44.6,14.99,0.1396666666666666,0.88,2.703333333333333,0.218,McDonald's,restaurant,21.71,77.28,0.55,0.451,0.702,0.72,0.649,real_sponsor_names_with_proxy_commercial_metrics,0.4467064332741507,95,118.7,9,7.299999999999997,0.37,0.0129999999999999,0.1906666666666667,0.8187106162327391,0.3338068549634935,3.599,0.62,0.3038919264288609,0.24100000000000002,0.84782,0.42746378362948695,0.2,0.4544734017579525
415,1990,Russia,Romania,group_or_knockout,True,0.0,54.3,24.7,25.1,clear,51.28,155.94,B_win,Bari,Italy,1990-06-09,0.2367,4.95,-0.036,0.037,53.58,1676,8,497.3,0.07,27.98,0.645,72.7,49.8,18.23,0.1086666666666666,0.8123333333333332,5.670000000000001,0.13,Hyundai,automotive,26.07,590.0,1.0,0.245,0.69,0.874,0.885,real_sponsor_names_with_proxy_commercial_metrics,0.6793986692072507,1634,3,443.7,0.0,23.69,0.581,73.6,37.4,11.0,0.1443333333333333,0.7826666666666666,1.6033333333333335,0.135,Qatar Airways,airline,19.84,68.58,0.459,0.365,0.75,0.711,0.645,real_sponsor_names_with_proxy_commercial_metrics,0.4101980603082731,42,53.60000000000002,5,-0.8999999999999915,0.07,0.0296666666666666,-0.0356666666666666,0.6134810916271758,0.5609973897435397,3.785,0.12,0.3524079360032422,0.14026666666666668,0.82105,0.11387318918147432,0.2,0.5131475369385798
416,1990,United Arab Emirates,Colombia,group_or_knockout,True,0.0,60.6,31.8,55.0,hot,51.28,145.44,B_win,Bologna,Italy,1990-06-09,0.3445,2.68,0.17,0.228,53.87,1388,1,142.7,-1.0,8.65,0.277,64.1,14.2,5.74,0.2066666666666666,0.868,3.97,0.257,Adidas,apparel,28.56,1830.0,1.0,0.29,0.554,0.935,0.829,real_sponsor_names_with_proxy_commercial_metrics,0.8354851356993738,1650,3,462.8,-0.05,24.41,0.599,74.7,50.9,8.73,0.2533333333333333,0.816,4.703333333333333,0.1769999999999999,Vivo,technology,18.25,73.14,0.507,0.422,0.764,0.653,0.613,real_sponsor_names_with_proxy_commercial_metrics,0.3902368726248783,-262,-320.1,-2,-10.600000000000009,-0.95,0.052,-0.0466666666666666,0.0377358490566037,0.3487889225626053,3.452,0.62,0.4215240506950805,0.17679999999999996,0.77078,0.6277528009705273,0.2,0.4957833410243953
417,1990,Brazil,Sweden,group_or_knockout,True,0.0,72.2,30.4,71.0,clear,53.48,162.33,A_win,Turin,Italy,1990-06-10,0.0967,-0.91,-0.006,0.128,59.61,1829,20,683.6,0.5,36.78,0.83,78.8,57.4,18.61,0.1376666666666667,0.7313333333333333,3.723333333333333,0.206,Adidas,apparel,33.15,1830.0,1.0,0.369,0.809,0.916,0.861,real_sponsor_names_with_proxy_commercial_metrics,0.9383411482254695,1654,9,471.1,0.0,27.67,0.624,74.4,39.2,19.34,0.1766666666666666,0.6789999999999999,3.783333333333333,0.1453333333333333,Budweiser,beverage,26.29,350.0,1.0,0.625,0.705,0.91,0.618,real_sponsor_names_with_proxy_commercial_metrics,0.6436681220526703,175,212.5,11,4.399999999999992,0.5,0.0523333333333333,-0.0389999999999999,0.9764150943396226,0.5387594900589623,4.445,0.12,0.366969906100559,0.19006666666666672,0.87793,0.46047241846856485,0.2,0.576954714010734
418,1990,Germany,Yugoslavia,group_or_knockout,True,0.0,75.3,5.8,42.5,cloudy,57.88,190.3,A_win,Milan,Italy,1990-06-10,0.4996,0.92,0.228,0.165,64.19,1798,20,646.1,0.4,35.62,0.797,81.3,65.9,22.15,0.2123333333333333,0.851,5.576666666666667,0.3273333333333333,Coca-Cola,beverage,29.19,300.0,1.0,0.286,0.859,0.907,0.902,real_sponsor_names_with_proxy_commercial_metrics,0.7215038709709707,1669,5,487.0,0.06,26.56,0.629,74.2,37.3,11.34,0.1803333333333333,0.851,3.0733333333333337,0.222,Qatar Airways,airline,17.82,67.59,0.448,0.779,0.762,0.645,0.666,real_sponsor_names_with_proxy_commercial_metrics,0.3755049748466676,129,159.10000000000002,15,7.099999999999994,0.34,0.0,0.032,0.9510351228677828,0.7102807078551023,4.418,0.22,0.5429289509977487,0.18699999999999997,0.90283,0.5802144437308213,0.2,0.6118015174320115
419,1990,United States,Czechoslovakia,group_or_knockout,True,0.0,57.1,21.1,55.2,cloudy,60.08,144.03,B_win,Florence,Italy,1990-06-10,0.1256,0.79,0.136,0.154,55.06,1578,6,379.0,-0.3,23.84,0.536,71.9,31.0,12.75,0.132,0.7943333333333333,0.7200000000000001,0.0636666666666666,Vivo,technology,22.58,68.24,0.455,0.416,0.676,0.652,0.654,real_sponsor_names_with_proxy_commercial_metrics,0.4277412886284749,1636,5,447.8,-0.1,25.08,0.592,72.1,45.6,14.05,0.2196666666666666,0.848,2.25,0.1806666666666666,Visa,finance,31.09,250.0,1.0,0.557,0.715,0.89,0.868,real_sponsor_names_with_proxy_commercial_metrics,0.7140096825197512,-58,-68.80000000000001,1,-0.1999999999999886,-0.1999999999999999,-0.0536666666666666,-0.0876666666666666,0.4407302164904229,0.394309703248479,3.017,0.22,0.3915813222521706,0.16146666666666668,0.6269199999999999,0.23711410832798116,0.2,0.3854616906308423
420,1990,Costa Rica,Scotland,group_or_knockout,True,0.0,75.6,22.0,46.9,clear,49.08,211.42,A_win,Genoa,Italy,1990-06-11,0.2863,2.14,0.083,0.155,38.83,1585,3,384.6,-0.19,21.98,0.529,73.1,26.3,15.16,0.1976666666666666,0.8413333333333334,2.26,0.2056666666666666,Visa,finance,31.23,250.0,1.0,0.397,0.677,0.885,0.896,real_sponsor_names_with_proxy_commercial_metrics,0.7111394737514839,1529,4,318.6,-0.35,20.39,0.472,67.9,31.6,17.66,0.1853333333333333,0.9116666666666668,1.8866666666666667,0.2256666666666666,Budweiser,beverage,26.35,350.0,1.0,0.459,0.686,0.905,0.601,real_sponsor_names_with_proxy_commercial_metrics,0.6396023182948416,56,66.0,-1,5.199999999999989,0.1599999999999999,-0.0703333333333333,0.0123333333333333,0.445992633460652,0.4734821334272638,3.756,0.12,0.3877329063211017,0.1820666666666666,0.8199899999999999,0.1378395061728395,0.2,0.5006696523242102
421,1990,England,Republic of Ireland,group_or_knockout,True,0.0,59.2,12.5,82.0,hot,51.28,135.96,draw,Cagliari,Italy,1990-06-11,0.1936,3.68,0.199,0.28,40.71,1695,13,522.2,0.16,30.51,0.678,76.6,52.6,19.34,0.28,0.7986666666666666,2.61,0.1863333333333333,McDonald's,restaurant,20.29,74.13,0.517,0.758,0.819,0.654,0.569,real_sponsor_names_with_proxy_commercial_metrics,0.4256813568338741,1503,2,285.7,-0.08,17.44,0.431,66.8,21.0,11.42,0.122,0.863,3.5500000000000003,0.4016666666666666,McDonald's,restaurant,22.06,77.85,0.556,0.61,0.646,0.669,0.593,real_sponsor_names_with_proxy_commercial_metrics,0.4330902879452503,192,236.50000000000009,11,9.799999999999995,0.24,-0.0643333333333333,0.158,0.7074856858162286,0.5217239112663766,3.463,0.62,0.35284997970959225,0.24853333333333336,0.68589,0.7366159994291015,0.2,0.4159288167366338
422,1990,Belgium,South Korea,group_or_knockout,True,0.0,47.1,23.6,70.0,cloudy,51.28,129.79,A_win,Verona,Italy,1990-06-12,0.2446,6.68,0.148,0.111,48.24,1674,9,495.4,0.02,28.38,0.646,71.5,40.4,23.19,0.142,0.7919999999999999,3.7566666666666655,0.0076666666666666,Visa,finance,26.85,250.0,1.0,0.538,0.72,0.914,0.914,real_sponsor_names_with_proxy_commercial_metrics,0.6636131480729871,1548,6,343.4,-0.37,22.9,0.505,70.3,20.2,12.829999999999998,0.151,0.8606666666666666,2.8866666666666667,0.2443333333333333,McDonald's,restaurant,25.44,80.72,0.587,0.49,0.67,0.723,0.661,real_sponsor_names_with_proxy_commercial_metrics,0.5004808180408472,126,152.0,3,1.2000000000000028,0.39,-0.0686666666666666,-0.009,0.6045045124588039,0.5731470836583608,3.762,0.22,0.34001801859113134,0.16840000000000002,0.8480000000000001,0.319272818097481,0.2,0.5123679426800842
423,1990,Netherlands,Egypt,group_or_knockout,True,0.0,50.3,30.5,68.4,windy,51.28,167.73,draw,Palermo,Italy,1990-06-12,0.1821,-0.21,0.226,0.238,55.41,1746,9,581.1,0.35,31.14,0.724,75.8,49.9,15.97,0.1103333333333333,0.742,2.733333333333333,0.1786666666666666,Hisense,technology,32.27,1070.0,1.0,0.505,0.811,0.856,0.664,real_sponsor_names_with_proxy_commercial_metrics,0.8192941476500228,1408,1,169.0,-0.71,11.98,0.316,63.5,15.1,8.15,0.2326666666666666,0.6676666666666667,6.896666666666666,0.1536666666666666,Hyundai,automotive,30.54,590.0,1.0,0.558,0.597,0.912,0.85,real_sponsor_names_with_proxy_commercial_metrics,0.7276662892490042,338,412.1,8,12.299999999999995,1.06,0.0743333333333332,-0.1223333333333333,0.7581498473599972,0.4648296384697474,3.782,0.48,0.39924466038845285,0.1694,0.8342200000000001,0.5958390066366945,0.2,0.5292586262852254
424,1990,Argentina,Russia,group_or_knockout,True,0.0,38.8,16.5,67.9,clear,51.28,87.63,A_win,Naples,Italy,1990-06-13,0.1863,1.78,0.126,0.13,55.65,1753,15,591.7,0.26,33.16,0.743,76.8,58.0,19.5,0.2623333333333333,0.8586666666666667,3.813333333333333,0.2106666666666666,Hyundai,automotive,30.74,590.0,1.0,0.338,0.813,0.936,0.851,real_sponsor_names_with_proxy_commercial_metrics,0.7681302767229082,1676,8,497.3,0.07,27.98,0.645,72.7,49.8,18.23,0.1086666666666666,0.8123333333333332,5.670000000000001,0.13,Hyundai,automotive,26.07,590.0,1.0,0.245,0.69,0.874,0.885,real_sponsor_names_with_proxy_commercial_metrics,0.6793986692072507,77,94.40000000000003,7,4.099999999999994,0.19,0.0463333333333334,0.1536666666666667,0.8112048561394937,0.5475786223456102,3.773,0.12,0.31555739006392,0.2139333333333333,0.8831100000000001,0.3716438307286092,0.2,0.5275841586830529
425,1990,Uruguay,Spain,group_or_knockout,True,0.0,46.5,25.0,57.4,hot,46.88,107.37,draw,Udine,Italy,1990-06-13,0.165,0.92,0.131,0.074,43.39,1684,10,508.3,0.07,29.28,0.661,74.8,44.8,20.58,0.1356666666666666,0.8753333333333333,1.923333333333333,0.1913333333333333,Vivo,technology,19.75,76.46,0.542,0.306,0.797,0.741,0.63,real_sponsor_names_with_proxy_commercial_metrics,0.4351767440908576,1708,12,537.2,0.18,30.58,0.689,77.4,45.2,19.26,0.2126666666666666,0.84,4.25,0.077,Budweiser,beverage,27.85,350.0,1.0,0.321,0.724,0.933,0.612,real_sponsor_names_with_proxy_commercial_metrics,0.6704472243491213,-24,-28.900000000000038,-2,-2.6000000000000085,-0.1099999999999999,0.0353333333333333,-0.077,0.6570661125383135,0.5171067586152084,3.356,0.62,0.2570696842700746,0.13126666666666664,0.71205,0.4612445586241347,0.2,0.40845724784807913
426,1990,Cameroon,Romania,group_or_knockout,True,0.0,53.3,17.5,61.2,windy,53.48,201.14,A_win,Bari,Italy,1990-06-14,0.2401,0.14,0.097,0.116,47.52,1542,4,334.5,-0.31,21.28,0.489,68.0,29.1,10.52,0.2513333333333333,0.8450000000000001,2.2433333333333336,0.186,Coca-Cola,beverage,31.97,300.0,1.0,0.241,0.693,0.92,0.885,real_sponsor_names_with_proxy_commercial_metrics,0.7331682968582358,1634,3,443.7,0.0,23.69,0.581,73.6,37.4,11.0,0.1443333333333333,0.7826666666666666,1.6033333333333335,0.135,Qatar Airways,airline,19.84,68.58,0.459,0.365,0.75,0.711,0.645,real_sponsor_names_with_proxy_commercial_metrics,0.4101980603082731,-92,-109.2,1,-5.599999999999994,-0.31,0.0623333333333334,0.107,0.3361091814289645,0.4083838335634035,3.428,0.48,0.40268274184391356,0.21279999999999993,0.83381,0.4606816527510169,0.2,0.49080981301251236
427,1990,Italy,United States,group_or_knockout,False,0.18,68.4,19.0,39.0,cloudy,49.08,86.23,A_win,Rome,Italy,1990-06-14,0.1633,3.0,0.141,0.134,47.23,1755,14,594.5,0.34,33.03,0.744,77.8,61.6,11.04,0.3303333333333333,0.8929999999999999,1.3333333333333333,0.0393333333333333,Visa,finance,33.4,250.0,1.0,0.316,0.761,0.842,0.918,real_sponsor_names_with_proxy_commercial_metrics,0.749976237843342,1578,6,379.0,-0.3,23.84,0.536,71.9,31.0,12.75,0.132,0.7943333333333333,0.7200000000000001,0.0636666666666666,Vivo,technology,22.58,68.24,0.455,0.416,0.676,0.652,0.654,real_sponsor_names_with_proxy_commercial_metrics,0.4277412886284749,177,215.5,8,5.899999999999992,0.64,0.0986666666666665,0.1983333333333333,0.8187106162327391,0.3242707769758531,3.564,0.22,0.2766632143752368,0.24100000000000002,0.84782,0.22173838578462854,0.2,0.4463575575106883
428,1990,Yugoslavia,Colombia,group_or_knockout,True,0.0,80.4,31.9,23.0,clear,49.08,191.78,A_win,Bologna,Italy,1990-06-14,0.3004,2.8,0.256,0.152,52.99,1669,5,487.0,0.06,26.56,0.629,74.2,37.3,11.34,0.1803333333333333,0.851,3.0733333333333337,0.222,Qatar Airways,airline,17.82,67.59,0.448,0.779,0.762,0.645,0.666,real_sponsor_names_with_proxy_commercial_metrics,0.3755049748466676,1650,3,462.8,-0.05,24.41,0.599,74.7,50.9,8.73,0.2533333333333333,0.816,4.703333333333333,0.1769999999999999,Vivo,technology,18.25,73.14,0.507,0.422,0.764,0.653,0.613,real_sponsor_names_with_proxy_commercial_metrics,0.3902368726248783,19,24.19999999999999,2,-0.5,0.11,0.035,-0.073,0.5999391199848352,0.4226202357724377,3.678,0.12,0.41130763576696433,0.1678,0.66183,0.29208235210161987,0.2,0.3893045871328757
429,1990,Austria,Czechoslovakia,group_or_knockout,True,0.0,40.0,19.7,60.4,rain,49.08,214.13,B_win,Florence,Italy,1990-06-15,0.2505,-1.01,0.079,0.129,49.53,1660,5,475.8,-0.03,25.77,0.617,70.5,44.6,14.99,0.1396666666666666,0.88,2.703333333333333,0.218,McDonald's,restaurant,21.71,77.28,0.55,0.451,0.702,0.72,0.649,real_sponsor_names_with_proxy_commercial_metrics,0.4467064332741507,1636,5,447.8,-0.1,25.08,0.592,72.1,45.6,14.05,0.2196666666666666,0.848,2.25,0.1806666666666666,Visa,finance,31.09,250.0,1.0,0.557,0.715,0.89,0.868,real_sponsor_names_with_proxy_commercial_metrics,0.7140096825197512,24,28.0,0,-1.5999999999999943,0.07,0.032,-0.08,0.5506732285488857,0.4904196566217186,3.145,0.48,0.39990823862645675,0.13179999999999997,0.6711900000000001,0.3999994291015485,0.2,0.4265672955651688
430,1990,Germany,United Arab Emirates,group_or_knockout,True,0.0,63.1,25.8,63.2,cloudy,60.08,154.81,A_win,Milan,Italy,1990-06-15,0.2698,2.84,0.172,0.201,49.89,1798,20,646.1,0.4,35.62,0.797,81.3,65.9,22.15,0.2123333333333333,0.851,5.576666666666667,0.3273333333333333,Coca-Cola,beverage,29.19,300.0,1.0,0.286,0.859,0.907,0.902,real_sponsor_names_with_proxy_commercial_metrics,0.7215038709709707,1388,1,142.7,-1.0,8.65,0.277,64.1,14.2,5.74,0.2066666666666666,0.868,3.97,0.257,Adidas,apparel,28.56,1830.0,1.0,0.29,0.554,0.935,0.829,real_sponsor_names_with_proxy_commercial_metrics,0.8354851356993738,410,503.4,19,17.200000000000003,1.4,-0.017,0.0056666666666666,0.9510351228677828,0.7078142018960433,4.287,0.22,0.43814952494283355,0.18699999999999997,0.90283,0.3471155355741098,0.2,0.5901550105524918
431,1990,Brazil,Costa Rica,group_or_knockout,True,0.0,44.5,11.8,77.3,windy,49.08,152.19,A_win,Turin,Italy,1990-06-16,0.3842,0.27,0.049,0.125,44.68,1829,20,683.6,0.5,36.78,0.83,78.8,57.4,18.61,0.1376666666666667,0.7313333333333333,3.723333333333333,0.206,Adidas,apparel,33.15,1830.0,1.0,0.369,0.809,0.916,0.861,real_sponsor_names_with_proxy_commercial_metrics,0.9383411482254695,1585,3,384.6,-0.19,21.98,0.529,73.1,26.3,15.16,0.1976666666666666,0.8413333333333334,2.26,0.2056666666666666,Visa,finance,31.23,250.0,1.0,0.397,0.677,0.885,0.896,real_sponsor_names_with_proxy_commercial_metrics,0.7111394737514839,244,299.0,17,5.700000000000003,0.69,-0.1100000000000001,-0.0599999999999999,0.9764150943396226,0.5154498350783077,4.142,0.48,0.3781920311760586,0.19006666666666672,0.87793,0.678515449939342,0.2,0.5726724356312506
432,1990,England,Netherlands,group_or_knockout,True,0.0,64.2,34.2,83.1,cloudy,46.88,183.27,draw,Cagliari,Italy,1990-06-16,0.3751,2.82,-0.046,0.047,45.94,1695,13,522.2,0.16,30.51,0.678,76.6,52.6,19.34,0.28,0.7986666666666666,2.61,0.1863333333333333,McDonald's,restaurant,20.29,74.13,0.517,0.758,0.819,0.654,0.569,real_sponsor_names_with_proxy_commercial_metrics,0.4256813568338741,1746,9,581.1,0.35,31.14,0.724,75.8,49.9,15.97,0.1103333333333333,0.742,2.733333333333333,0.1786666666666666,Hisense,technology,32.27,1070.0,1.0,0.505,0.811,0.856,0.664,real_sponsor_names_with_proxy_commercial_metrics,0.8192941476500228,-51,-58.89999999999998,4,0.7999999999999972,-0.1899999999999999,0.0566666666666666,0.1696666666666667,0.7074856858162286,0.5184159970812654,3.523,0.22,0.37117598644179606,0.24853333333333336,0.68589,0.651600299721687,0.2,0.4186678021112433
433,1990,Sweden,Scotland,group_or_knockout,True,0.0,56.3,26.6,83.1,clear,53.48,134.1,B_win,Genoa,Italy,1990-06-16,0.1442,5.47,0.136,0.123,52.08,1654,9,471.1,0.0,27.67,0.624,74.4,39.2,19.34,0.1766666666666666,0.6789999999999999,3.783333333333333,0.1453333333333333,Budweiser,beverage,26.29,350.0,1.0,0.625,0.705,0.91,0.618,real_sponsor_names_with_proxy_commercial_metrics,0.6436681220526703,1529,4,318.6,-0.35,20.39,0.472,67.9,31.6,17.66,0.1853333333333333,0.9116666666666668,1.8866666666666667,0.2256666666666666,Budweiser,beverage,26.35,350.0,1.0,0.459,0.686,0.905,0.601,real_sponsor_names_with_proxy_commercial_metrics,0.6396023182948416,125,152.5,5,6.5,0.35,-0.2326666666666668,-0.0086666666666666,0.6002235585615322,0.520444929080904,3.598,0.12,0.3394591364294921,0.2344,0.7963,0.4139124384500107,0.2,0.4815147567211924
434,1990,Belgium,Uruguay,group_or_knockout,True,0.0,34.2,21.9,42.0,clear,55.68,202.88,A_win,Verona,Italy,1990-06-17,0.2279,3.77,0.149,0.143,60.08,1674,9,495.4,0.02,28.38,0.646,71.5,40.4,23.19,0.142,0.7919999999999999,3.7566666666666655,0.0076666666666666,Visa,finance,26.85,250.0,1.0,0.538,0.72,0.914,0.914,real_sponsor_names_with_proxy_commercial_metrics,0.6636131480729871,1684,10,508.3,0.07,29.28,0.661,74.8,44.8,20.58,0.1356666666666666,0.8753333333333333,1.923333333333333,0.1913333333333333,Vivo,technology,19.75,76.46,0.542,0.306,0.797,0.741,0.63,real_sponsor_names_with_proxy_commercial_metrics,0.4351767440908576,-10,-12.900000000000034,-1,-3.299999999999997,-0.05,-0.0833333333333333,0.0063333333333333,0.6045045124588039,0.6183733545324788,3.757,0.12,0.4498028371742856,0.16840000000000002,0.8480000000000001,0.11926782273603086,0.2,0.5469882622414681
435,1990,Republic of Ireland,Egypt,group_or_knockout,True,0.0,70.1,26.5,52.4,rain,46.88,111.02,draw,Palermo,Italy,1990-06-17,0.0872,3.17,0.111,0.122,52.3,1503,2,285.7,-0.08,17.44,0.431,66.8,21.0,11.42,0.122,0.863,3.5500000000000003,0.4016666666666666,McDonald's,restaurant,22.06,77.85,0.556,0.61,0.646,0.669,0.593,real_sponsor_names_with_proxy_commercial_metrics,0.4330902879452503,1408,1,169.0,-0.71,11.98,0.316,63.5,15.1,8.15,0.2326666666666666,0.6676666666666667,6.896666666666666,0.1536666666666666,Hyundai,automotive,30.54,590.0,1.0,0.558,0.597,0.912,0.85,real_sponsor_names_with_proxy_commercial_metrics,0.7276662892490042,95,116.7,1,3.299999999999997,0.63,0.1953333333333332,-0.1106666666666666,0.2519111916307775,0.4294905277098104,3.178,0.48,0.2718286375346783,0.128,0.6276,0.42265696139299214,0.2,0.37474874437254263
436,1990,South Korea,Spain,group_or_knockout,True,0.0,50.1,14.5,65.7,windy,55.68,139.2,B_win,Udine,Italy,1990-06-17,0.4593,1.69,0.0,0.15,45.44,1548,6,343.4,-0.37,22.9,0.505,70.3,20.2,12.829999999999998,0.151,0.8606666666666666,2.8866666666666667,0.2443333333333333,McDonald's,restaurant,25.44,80.72,0.587,0.49,0.67,0.723,0.661,real_sponsor_names_with_proxy_commercial_metrics,0.5004808180408472,1708,12,537.2,0.18,30.58,0.689,77.4,45.2,19.26,0.2126666666666666,0.84,4.25,0.077,Budweiser,beverage,27.85,350.0,1.0,0.321,0.724,0.933,0.612,real_sponsor_names_with_proxy_commercial_metrics,0.6704472243491213,-160,-193.80000000000007,-6,-7.1000000000000085,-0.55,0.0206666666666666,-0.0616666666666666,0.3785695739184261,0.4616003274028883,3.011,0.48,0.4323865687462982,0.14633333333333337,0.6669599999999999,0.5581607792763862,0.2,0.43643520175187167
437,1990,Argentina,Romania,group_or_knockout,True,0.0,51.1,30.1,96.0,clear,51.28,117.15,draw,Naples,Italy,1990-06-18,0.184,2.94,0.144,0.149,44.14,1753,15,591.7,0.26,33.16,0.743,76.8,58.0,19.5,0.2623333333333333,0.8586666666666667,3.813333333333333,0.2106666666666666,Hyundai,automotive,30.74,590.0,1.0,0.338,0.813,0.936,0.851,real_sponsor_names_with_proxy_commercial_metrics,0.7681302767229082,1634,3,443.7,0.0,23.69,0.581,73.6,37.4,11.0,0.1443333333333333,0.7826666666666666,1.6033333333333335,0.135,Qatar Airways,airline,19.84,68.58,0.459,0.365,0.75,0.711,0.645,real_sponsor_names_with_proxy_commercial_metrics,0.4101980603082731,119,148.00000000000006,12,3.200000000000003,0.26,0.076,0.118,0.8112048561394937,0.5578562792348086,3.81,0.12,0.31297654331823876,0.2139333333333333,0.8831100000000001,0.5606936416184971,0.2,0.5299457332628923
438,1990,Cameroon,Russia,group_or_knockout,True,0.0,44.1,21.1,81.7,rain,55.68,175.14,B_win,Bari,Italy,1990-06-18,0.5121,3.98,0.141,0.105,51.29,1542,4,334.5,-0.31,21.28,0.489,68.0,29.1,10.52,0.2513333333333333,0.8450000000000001,2.2433333333333336,0.186,Coca-Cola,beverage,31.97,300.0,1.0,0.241,0.693,0.92,0.885,real_sponsor_names_with_proxy_commercial_metrics,0.7331682968582358,1676,8,497.3,0.07,27.98,0.645,72.7,49.8,18.23,0.1086666666666666,0.8123333333333332,5.670000000000001,0.13,Hyundai,automotive,26.07,590.0,1.0,0.245,0.69,0.874,0.885,real_sponsor_names_with_proxy_commercial_metrics,0.6793986692072507,-134,-162.8,-4,-4.700000000000003,-0.38,0.0326666666666668,0.1426666666666667,0.3361091814289645,0.4092213575460278,3.124,0.48,0.47712472482304447,0.21279999999999993,0.83381,0.4556202811674873,0.2,0.5059327163234734
439,1990,Austria,United States,group_or_knockout,True,0.0,49.5,21.8,75.9,windy,53.48,211.35,A_win,Florence,Italy,1990-06-19,0.2644,3.77,0.049,0.077,47.42,1660,5,475.8,-0.03,25.77,0.617,70.5,44.6,14.99,0.1396666666666666,0.88,2.703333333333333,0.218,McDonald's,restaurant,21.71,77.28,0.55,0.451,0.702,0.72,0.649,real_sponsor_names_with_proxy_commercial_metrics,0.4467064332741507,1578,6,379.0,-0.3,23.84,0.536,71.9,31.0,12.75,0.132,0.7943333333333333,0.7200000000000001,0.0636666666666666,Vivo,technology,22.58,68.24,0.455,0.416,0.676,0.652,0.654,real_sponsor_names_with_proxy_commercial_metrics,0.4277412886284749,82,96.8,-1,-1.4000000000000057,0.27,0.0856666666666666,0.0076666666666666,0.5506732285488857,0.5092310959178056,3.476,0.48,0.40726762888169643,0.13179999999999997,0.6711900000000001,0.4123504602868764,0.2,0.4333063766191211
440,1990,Germany,Colombia,group_or_knockout,True,0.0,63.6,20.1,51.8,clear,51.28,139.18,draw,Milan,Italy,1990-06-19,0.3715,2.59,0.011,0.103,47.54,1798,20,646.1,0.4,35.62,0.797,81.3,65.9,22.15,0.2123333333333333,0.851,5.576666666666667,0.3273333333333333,Coca-Cola,beverage,29.19,300.0,1.0,0.286,0.859,0.907,0.902,real_sponsor_names_with_proxy_commercial_metrics,0.7215038709709707,1650,3,462.8,-0.05,24.41,0.599,74.7,50.9,8.73,0.2533333333333333,0.816,4.703333333333333,0.1769999999999999,Vivo,technology,18.25,73.14,0.507,0.422,0.764,0.653,0.613,real_sponsor_names_with_proxy_commercial_metrics,0.3902368726248783,148,183.3,17,6.599999999999994,0.45,0.035,-0.041,0.9510351228677828,0.6628138317902478,4.082,0.12,0.3784569015839394,0.18699999999999997,0.90283,0.20843431099693135,0.2,0.5656163822510902
441,1990,Italy,Czechoslovakia,group_or_knockout,False,0.18,55.5,19.5,43.9,clear,51.28,102.65,A_win,Rome,Italy,1990-06-19,0.2458,3.26,0.1,0.174,40.75,1755,14,594.5,0.34,33.03,0.744,77.8,61.6,11.04,0.3303333333333333,0.8929999999999999,1.3333333333333333,0.0393333333333333,Visa,finance,33.4,250.0,1.0,0.316,0.761,0.842,0.918,real_sponsor_names_with_proxy_commercial_metrics,0.749976237843342,1636,5,447.8,-0.1,25.08,0.592,72.1,45.6,14.05,0.2196666666666666,0.848,2.25,0.1806666666666666,Visa,finance,31.09,250.0,1.0,0.557,0.715,0.89,0.868,real_sponsor_names_with_proxy_commercial_metrics,0.7140096825197512,119,146.7,9,5.700000000000003,0.44,0.0449999999999999,0.1106666666666666,0.8187106162327391,0.3398772103500694,3.489,0.12,0.31706972314221116,0.24100000000000002,0.84782,0.1899054449439806,0.2,0.4588086606088638
442,1990,Yugoslavia,United Arab Emirates,group_or_knockout,True,0.0,62.3,27.2,70.6,rain,57.88,122.15,A_win,Bologna,Italy,1990-06-19,0.1411,0.04,0.172,0.204,46.52,1669,5,487.0,0.06,26.56,0.629,74.2,37.3,11.34,0.1803333333333333,0.851,3.0733333333333337,0.222,Qatar Airways,airline,17.82,67.59,0.448,0.779,0.762,0.645,0.666,real_sponsor_names_with_proxy_commercial_metrics,0.3755049748466676,1388,1,142.7,-1.0,8.65,0.277,64.1,14.2,5.74,0.2066666666666666,0.868,3.97,0.257,Adidas,apparel,28.56,1830.0,1.0,0.29,0.554,0.935,0.829,real_sponsor_names_with_proxy_commercial_metrics,0.8354851356993738,281,344.3,4,10.100000000000009,1.06,-0.017,-0.0263333333333333,0.5999391199848352,0.4379365602693899,3.505,0.48,0.3590572556608892,0.1678,0.66183,0.5195070291871833,0.2,0.38314308197080726
443,1990,Brazil,Scotland,group_or_knockout,True,0.0,62.7,24.5,40.4,cloudy,49.08,156.64,A_win,Turin,Italy,1990-06-20,0.2652,1.26,0.153,0.229,53.1,1829,20,683.6,0.5,36.78,0.83,78.8,57.4,18.61,0.1376666666666667,0.7313333333333333,3.723333333333333,0.206,Adidas,apparel,33.15,1830.0,1.0,0.369,0.809,0.916,0.861,real_sponsor_names_with_proxy_commercial_metrics,0.9383411482254695,1529,4,318.6,-0.35,20.39,0.472,67.9,31.6,17.66,0.1853333333333333,0.9116666666666668,1.8866666666666667,0.2256666666666666,Budweiser,beverage,26.35,350.0,1.0,0.459,0.686,0.905,0.601,real_sponsor_names_with_proxy_commercial_metrics,0.6396023182948416,300,365.0,16,10.899999999999991,0.85,-0.1803333333333334,-0.0476666666666666,0.9764150943396226,0.5169991431120791,4.315,0.22,0.3944955158977469,0.19006666666666672,0.87793,0.2147819881538571,0.2,0.5763669388250442
444,1990,Sweden,Costa Rica,group_or_knockout,True,0.0,75.2,26.9,54.2,clear,53.48,256.12,B_win,Genoa,Italy,1990-06-20,0.3218,4.29,0.049,0.114,43.69,1654,9,471.1,0.0,27.67,0.624,74.4,39.2,19.34,0.1766666666666666,0.6789999999999999,3.783333333333333,0.1453333333333333,Budweiser,beverage,26.29,350.0,1.0,0.625,0.705,0.91,0.618,real_sponsor_names_with_proxy_commercial_metrics,0.6436681220526703,1585,3,384.6,-0.19,21.98,0.529,73.1,26.3,15.16,0.1976666666666666,0.8413333333333334,2.26,0.2056666666666666,Visa,finance,31.23,250.0,1.0,0.397,0.677,0.885,0.896,real_sponsor_names_with_proxy_commercial_metrics,0.7111394737514839,69,86.5,6,1.3000000000000114,0.19,-0.1623333333333334,-0.0209999999999999,0.6002235585615322,0.5629273035260254,3.892,0.12,0.4560624612476415,0.2344,0.7963,0.29683936344822665,0.2,0.5167304865294563
445,1990,Belgium,Spain,group_or_knockout,True,0.0,53.5,22.9,56.2,hot,53.48,170.64,B_win,Verona,Italy,1990-06-21,0.2017,4.57,0.131,0.167,57.58,1674,9,495.4,0.02,28.38,0.646,71.5,40.4,23.19,0.142,0.7919999999999999,3.7566666666666655,0.0076666666666666,Visa,finance,26.85,250.0,1.0,0.538,0.72,0.914,0.914,real_sponsor_names_with_proxy_commercial_metrics,0.6636131480729871,1708,12,537.2,0.18,30.58,0.689,77.4,45.2,19.26,0.2126666666666666,0.84,4.25,0.077,Budweiser,beverage,27.85,350.0,1.0,0.321,0.724,0.933,0.612,real_sponsor_names_with_proxy_commercial_metrics,0.6704472243491213,-34,-41.80000000000007,-3,-5.900000000000006,-0.16,-0.048,-0.0706666666666666,0.6045045124588039,0.5972590440584279,3.676,0.62,0.4066558083917622,0.16840000000000002,0.8480000000000001,0.4014350959823021,0.2,0.5324468495522292
446,1990,England,Egypt,group_or_knockout,True,0.0,38.8,26.1,83.5,cloudy,49.08,125.85,A_win,Cagliari,Italy,1990-06-21,0.4892,3.0,0.191,0.123,43.7,1695,13,522.2,0.16,30.51,0.678,76.6,52.6,19.34,0.28,0.7986666666666666,2.61,0.1863333333333333,McDonald's,restaurant,20.29,74.13,0.517,0.758,0.819,0.654,0.569,real_sponsor_names_with_proxy_commercial_metrics,0.4256813568338741,1408,1,169.0,-0.71,11.98,0.316,63.5,15.1,8.15,0.2326666666666666,0.6676666666666667,6.896666666666666,0.1536666666666666,Hyundai,automotive,30.54,590.0,1.0,0.558,0.597,0.912,0.85,real_sponsor_names_with_proxy_commercial_metrics,0.7276662892490042,287,353.20000000000005,12,13.099999999999994,0.87,0.1309999999999999,0.0473333333333333,0.7074856858162286,0.5083143618681373,3.364,0.22,0.38489300116292374,0.24853333333333336,0.68589,0.44263505316491825,0.2,0.418582747195793
447,1990,Republic of Ireland,Netherlands,group_or_knockout,True,0.0,71.9,20.5,52.3,hot,51.28,181.6,draw,Palermo,Italy,1990-06-21,0.3277,5.91,0.026,0.118,45.71,1503,2,285.7,-0.08,17.44,0.431,66.8,21.0,11.42,0.122,0.863,3.5500000000000003,0.4016666666666666,McDonald's,restaurant,22.06,77.85,0.556,0.61,0.646,0.669,0.593,real_sponsor_names_with_proxy_commercial_metrics,0.4330902879452503,1746,9,581.1,0.35,31.14,0.724,75.8,49.9,15.97,0.1103333333333333,0.742,2.733333333333333,0.1786666666666666,Hisense,technology,32.27,1070.0,1.0,0.505,0.811,0.856,0.664,real_sponsor_names_with_proxy_commercial_metrics,0.8192941476500228,-243,-295.40000000000003,-7,-9.0,-0.43,0.121,0.0116666666666666,0.2519111916307775,0.4738429192210596,3.313,0.62,0.39682862414488024,0.128,0.6276,0.40019018054663524,0.2,0.41216741131773277
448,1990,South Korea,Uruguay,group_or_knockout,True,0.0,53.7,36.4,19.0,hot,49.08,131.16,B_win,Udine,Italy,1990-06-21,0.3547,3.87,0.125,0.097,40.06,1548,6,343.4,-0.37,22.9,0.505,70.3,20.2,12.829999999999998,0.151,0.8606666666666666,2.8866666666666667,0.2443333333333333,McDonald's,restaurant,25.44,80.72,0.587,0.49,0.67,0.723,0.661,real_sponsor_names_with_proxy_commercial_metrics,0.5004808180408472,1684,10,508.3,0.07,29.28,0.661,74.8,44.8,20.58,0.1356666666666666,0.8753333333333333,1.923333333333333,0.1913333333333333,Vivo,technology,19.75,76.46,0.542,0.306,0.797,0.741,0.63,real_sponsor_names_with_proxy_commercial_metrics,0.4351767440908576,-136,-164.90000000000003,-4,-4.5,-0.44,-0.0146666666666667,0.0153333333333333,0.3785695739184261,0.4291321457413762,2.98,0.62,0.33627700525706,0.14633333333333337,0.6669599999999999,0.5918504246057232,0.2,0.4081221981888007
449,1990,Cameroon,Colombia,group_or_knockout,True,0.0,72.5,13.6,66.1,rain,53.48,137.47,A_win,Naples,Italy,1990-06-23,0.4058,2.31,0.227,0.194,41.97,1542,4,334.5,-0.31,21.28,0.489,68.0,29.1,10.52,0.2513333333333333,0.8450000000000001,2.2433333333333336,0.186,Coca-Cola,beverage,31.97,300.0,1.0,0.241,0.693,0.92,0.885,real_sponsor_names_with_proxy_commercial_metrics,0.7331682968582358,1650,3,462.8,-0.05,24.41,0.599,74.7,50.9,8.73,0.2533333333333333,0.816,4.703333333333333,0.1769999999999999,Vivo,technology,18.25,73.14,0.507,0.422,0.764,0.653,0.613,real_sponsor_names_with_proxy_commercial_metrics,0.3902368726248783,-108,-128.3,1,-6.700000000000003,-0.26,0.0290000000000001,-0.002,0.3361091814289645,0.3862165431116671,3.537,0.48,0.4067044646341639,0.21279999999999993,0.83381,0.583299578962392,0.2,0.4854073162440762
450,1990,Czechoslovakia,Costa Rica,group_or_knockout,True,0.0,63.0,30.6,46.8,cloudy,57.88,126.47,A_win,Bari,Italy,1990-06-23,0.4071,0.24,0.018,0.239,52.55,1636,5,447.8,-0.1,25.08,0.592,72.1,45.6,14.05,0.2196666666666666,0.848,2.25,0.1806666666666666,Visa,finance,31.09,250.0,1.0,0.557,0.715,0.89,0.868,real_sponsor_names_with_proxy_commercial_metrics,0.7140096825197512,1585,3,384.6,-0.19,21.98,0.529,73.1,26.3,15.16,0.1976666666666666,0.8413333333333334,2.26,0.2056666666666666,Visa,finance,31.23,250.0,1.0,0.397,0.677,0.885,0.896,real_sponsor_names_with_proxy_commercial_metrics,0.7111394737514839,51,63.19999999999999,2,-1.0,0.09,0.0066666666666665,0.022,0.5283363782801519,0.4615321101217531,3.645,0.22,0.45930690666256363,0.19259999999999997,0.8329999999999999,0.40110682937272535,0.2,0.5135166959713439
451,1990,Brazil,Argentina,group_or_knockout,True,0.0,56.3,31.2,58.7,clear,49.08,208.06,B_win,Turin,Italy,1990-06-24,0.1279,5.82,0.212,0.176,53.04,1829,20,683.6,0.5,36.78,0.83,78.8,57.4,18.61,0.1376666666666667,0.7313333333333333,3.723333333333333,0.206,Adidas,apparel,33.15,1830.0,1.0,0.369,0.809,0.916,0.861,real_sponsor_names_with_proxy_commercial_metrics,0.9383411482254695,1753,15,591.7,0.26,33.16,0.743,76.8,58.0,19.5,0.2623333333333333,0.8586666666666667,3.813333333333333,0.2106666666666666,Hyundai,automotive,30.74,590.0,1.0,0.338,0.813,0.936,0.851,real_sponsor_names_with_proxy_commercial_metrics,0.7681302767229082,76,91.89999999999998,5,2.0,0.24,-0.1273333333333334,-0.1246666666666666,0.9764150943396226,0.5349014844820852,4.097,0.12,0.38150241995027667,0.19006666666666672,0.87793,0.42813351887533,0.2,0.578780975219152
452,1990,Germany,Netherlands,group_or_knockout,True,0.0,62.5,17.9,56.6,cloudy,53.48,75.06,A_win,Milan,Italy,1990-06-24,0.163,4.42,0.249,0.143,59.43,1798,20,646.1,0.4,35.62,0.797,81.3,65.9,22.15,0.2123333333333333,0.851,5.576666666666667,0.3273333333333333,Coca-Cola,beverage,29.19,300.0,1.0,0.286,0.859,0.907,0.902,real_sponsor_names_with_proxy_commercial_metrics,0.7215038709709707,1746,9,581.1,0.35,31.14,0.724,75.8,49.9,15.97,0.1103333333333333,0.742,2.733333333333333,0.1786666666666666,Hisense,technology,32.27,1070.0,1.0,0.505,0.811,0.856,0.664,real_sponsor_names_with_proxy_commercial_metrics,0.8192941476500228,52,65.0,11,5.5,0.05,0.1089999999999999,0.102,0.9510351228677828,0.6503795305487448,4.118,0.22,0.3239651013539863,0.18699999999999997,0.90283,0.3264004852636838,0.2,0.5512364178574788
453,1990,Republic of Ireland,Romania,group_or_knockout,True,0.0,83.4,36.4,53.6,clear,46.88,167.5,draw,Genoa,Italy,1990-06-25,0.3151,6.58,0.102,0.149,37.61,1503,2,285.7,-0.08,17.44,0.431,66.8,21.0,11.42,0.122,0.863,3.5500000000000003,0.4016666666666666,McDonald's,restaurant,22.06,77.85,0.556,0.61,0.646,0.669,0.593,real_sponsor_names_with_proxy_commercial_metrics,0.4330902879452503,1634,3,443.7,0.0,23.69,0.581,73.6,37.4,11.0,0.1443333333333333,0.7826666666666666,1.6033333333333335,0.135,Qatar Airways,airline,19.84,68.58,0.459,0.365,0.75,0.711,0.645,real_sponsor_names_with_proxy_commercial_metrics,0.4101980603082731,-131,-158.0,-1,-6.799999999999997,-0.08,0.0803333333333333,-0.0223333333333333,0.2519111916307775,0.4491545541699027,3.368,0.12,0.3470667961746874,0.128,0.6276,0.5413565974452295,0.2,0.3953023035093703
454,1990,Italy,Uruguay,group_or_knockout,False,0.18,85.0,29.0,70.6,cloudy,51.28,128.7,A_win,Rome,Italy,1990-06-25,0.2381,7.35,0.092,0.096,40.57,1755,14,594.5,0.34,33.03,0.744,77.8,61.6,11.04,0.3303333333333333,0.8929999999999999,1.3333333333333333,0.0393333333333333,Visa,finance,33.4,250.0,1.0,0.316,0.761,0.842,0.918,real_sponsor_names_with_proxy_commercial_metrics,0.749976237843342,1684,10,508.3,0.07,29.28,0.661,74.8,44.8,20.58,0.1356666666666666,0.8753333333333333,1.923333333333333,0.1913333333333333,Vivo,technology,19.75,76.46,0.542,0.306,0.797,0.741,0.63,real_sponsor_names_with_proxy_commercial_metrics,0.4351767440908576,71,86.19999999999999,4,3.0,0.27,0.0176666666666666,0.1946666666666667,0.8187106162327391,0.3489467551320347,3.796,0.22,0.3148561479760268,0.24100000000000002,0.84782,0.4623278384357382,0.2,0.4609054181145772
455,1990,England,Belgium,group_or_knockout,True,0.0,58.9,28.8,33.5,clear,49.08,125.03,A_win,Bologna,Italy,1990-06-26,0.1344,0.1,0.202,0.115,41.09,1695,13,522.2,0.16,30.51,0.678,76.6,52.6,19.34,0.28,0.7986666666666666,2.61,0.1863333333333333,McDonald's,restaurant,20.29,74.13,0.517,0.758,0.819,0.654,0.569,real_sponsor_names_with_proxy_commercial_metrics,0.4256813568338741,1674,9,495.4,0.02,28.38,0.646,71.5,40.4,23.19,0.142,0.7919999999999999,3.7566666666666655,0.0076666666666666,Visa,finance,26.85,250.0,1.0,0.538,0.72,0.914,0.914,real_sponsor_names_with_proxy_commercial_metrics,0.6636131480729871,21,26.800000000000068,4,5.099999999999994,0.14,0.0066666666666667,0.138,0.7074856858162286,0.5080288713989929,3.548,0.12,0.27761163199089894,0.24853333333333336,0.68589,0.2568168843217013,0.2,0.3970465360300276
456,1990,Spain,Yugoslavia,group_or_knockout,True,0.0,60.1,23.2,49.7,cloudy,53.48,245.47,B_win,Verona,Italy,1990-06-26,0.3071,0.1,0.105,0.226,56.47,1708,12,537.2,0.18,30.58,0.689,77.4,45.2,19.26,0.2126666666666666,0.84,4.25,0.077,Budweiser,beverage,27.85,350.0,1.0,0.321,0.724,0.933,0.612,real_sponsor_names_with_proxy_commercial_metrics,0.6704472243491213,1669,5,487.0,0.06,26.56,0.629,74.2,37.3,11.34,0.1803333333333333,0.851,3.0733333333333337,0.222,Qatar Airways,airline,17.82,67.59,0.448,0.779,0.762,0.645,0.666,real_sponsor_names_with_proxy_commercial_metrics,0.3755049748466676,39,50.200000000000045,7,3.200000000000003,0.12,-0.011,0.0323333333333333,0.7299678934836586,0.5889446524475737,3.84,0.22,0.5027842503867199,0.19159999999999994,0.80913,0.2211521444373082,0.2,0.5441508866064538
457,1990,Italy,Republic of Ireland,group_or_knockout,False,0.18,72.0,21.7,68.9,clear,49.08,114.83,A_win,Rome,Italy,1990-06-30,0.1728,-3.21,-0.069,0.088,41.9,1755,14,594.5,0.34,33.03,0.744,77.8,61.6,11.04,0.3303333333333333,0.8929999999999999,1.3333333333333333,0.0393333333333333,Visa,finance,33.4,250.0,1.0,0.316,0.761,0.842,0.918,real_sponsor_names_with_proxy_commercial_metrics,0.749976237843342,1503,2,285.7,-0.08,17.44,0.431,66.8,21.0,11.42,0.122,0.863,3.5500000000000003,0.4016666666666666,McDonald's,restaurant,22.06,77.85,0.556,0.61,0.646,0.669,0.593,real_sponsor_names_with_proxy_commercial_metrics,0.4330902879452503,252,308.8,12,11.0,0.42,0.0299999999999999,0.2083333333333333,0.8187106162327391,0.3342281274850358,3.64,0.12,0.27615647094827633,0.24100000000000002,0.84782,0.24070470277599373,0.2,0.44904426696786737
458,1990,Yugoslavia,Argentina,group_or_knockout,True,0.0,47.0,21.7,48.2,clear,46.88,110.74,draw,Florence,Italy,1990-06-30,0.2165,4.73,0.112,0.141,40.46,1669,5,487.0,0.06,26.56,0.629,74.2,37.3,11.34,0.1803333333333333,0.851,3.0733333333333337,0.222,Qatar Airways,airline,17.82,67.59,0.448,0.779,0.762,0.645,0.666,real_sponsor_names_with_proxy_commercial_metrics,0.3755049748466676,1753,15,591.7,0.26,33.16,0.743,76.8,58.0,19.5,0.2623333333333333,0.8586666666666667,3.813333333333333,0.2106666666666666,Hyundai,automotive,30.74,590.0,1.0,0.338,0.813,0.936,0.851,real_sponsor_names_with_proxy_commercial_metrics,0.7681302767229082,-84,-104.70000000000005,-10,-2.5999999999999943,-0.2,-0.0076666666666667,-0.082,0.5999391199848352,0.3845157607932079,3.139,0.12,0.282846566312735,0.1678,0.66183,0.1512602583315493,0.2,0.35294312024784547
459,1990,Cameroon,England,group_or_knockout,True,0.0,62.3,25.3,32.3,clear,57.88,159.47,B_win,Naples,Italy,1990-07-01,0.1505,4.18,0.157,0.122,63.67,1542,4,334.5,-0.31,21.28,0.489,68.0,29.1,10.52,0.2513333333333333,0.8450000000000001,2.2433333333333336,0.186,Coca-Cola,beverage,31.97,300.0,1.0,0.241,0.693,0.92,0.885,real_sponsor_names_with_proxy_commercial_metrics,0.7331682968582358,1695,13,522.2,0.16,30.51,0.678,76.6,52.6,19.34,0.28,0.7986666666666666,2.61,0.1863333333333333,McDonald's,restaurant,20.29,74.13,0.517,0.758,0.819,0.654,0.569,real_sponsor_names_with_proxy_commercial_metrics,0.4256813568338741,-153,-187.70000000000005,-9,-8.599999999999994,-0.47,0.0463333333333334,-0.0286666666666666,0.3361091814289645,0.4136553651216542,3.294,0.12,0.41169442093463887,0.21279999999999993,0.83381,0.16059123670877046,0.2,0.49408817766696755
460,1990,Germany,Czechoslovakia,group_or_knockout,True,0.0,57.7,31.4,68.7,cloudy,49.08,157.48,A_win,Milan,Italy,1990-07-01,0.2434,3.01,0.179,0.145,53.74,1798,20,646.1,0.4,35.62,0.797,81.3,65.9,22.15,0.2123333333333333,0.851,5.576666666666667,0.3273333333333333,Coca-Cola,beverage,29.19,300.0,1.0,0.286,0.859,0.907,0.902,real_sponsor_names_with_proxy_commercial_metrics,0.7215038709709707,1636,5,447.8,-0.1,25.08,0.592,72.1,45.6,14.05,0.2196666666666666,0.848,2.25,0.1806666666666666,Visa,finance,31.09,250.0,1.0,0.557,0.715,0.89,0.868,real_sponsor_names_with_proxy_commercial_metrics,0.7140096825197512,162,198.3,15,9.200000000000005,0.5,0.003,-0.0073333333333333,0.9510351228677828,0.6592954826705358,4.151,0.22,0.37029220936978197,0.18699999999999997,0.90283,0.5165457075572683,0.2,0.5629983060547394
461,1990,Italy,Argentina,group_or_knockout,False,0.18,62.1,24.1,76.0,rain,51.28,129.49,draw,Naples,Italy,1990-07-03,0.392,0.23,0.049,0.185,52.37,1755,14,594.5,0.34,33.03,0.744,77.8,61.6,11.04,0.3303333333333333,0.8929999999999999,1.3333333333333333,0.0393333333333333,Visa,finance,33.4,250.0,1.0,0.316,0.761,0.842,0.918,real_sponsor_names_with_proxy_commercial_metrics,0.749976237843342,1753,15,591.7,0.26,33.16,0.743,76.8,58.0,19.5,0.2623333333333333,0.8586666666666667,3.813333333333333,0.2106666666666666,Hyundai,automotive,30.74,590.0,1.0,0.338,0.813,0.936,0.851,real_sponsor_names_with_proxy_commercial_metrics,0.7681302767229082,2,2.7999999999999545,-1,1.0,0.08,0.0343333333333332,0.068,0.8187106162327391,0.3492218008279177,3.466,0.48,0.40875952185945796,0.24100000000000002,0.84782,0.46220452437022763,0.2,0.4797631056861107
462,1990,Germany,England,group_or_knockout,True,0.0,47.2,17.5,57.3,clear,51.28,94.31,draw,Turin,Italy,1990-07-04,0.1381,2.61,0.098,0.125,43.03,1798,20,646.1,0.4,35.62,0.797,81.3,65.9,22.15,0.2123333333333333,0.851,5.576666666666667,0.3273333333333333,Coca-Cola,beverage,29.19,300.0,1.0,0.286,0.859,0.907,0.902,real_sponsor_names_with_proxy_commercial_metrics,0.7215038709709707,1695,13,522.2,0.16,30.51,0.678,76.6,52.6,19.34,0.28,0.7986666666666666,2.61,0.1863333333333333,McDonald's,restaurant,20.29,74.13,0.517,0.758,0.819,0.654,0.569,real_sponsor_names_with_proxy_commercial_metrics,0.4256813568338741,103,123.89999999999998,7,4.700000000000003,0.24,0.0523333333333333,-0.0676666666666666,0.9510351228677828,0.6471919325823098,3.871,0.12,0.2748059771583751,0.18699999999999997,0.90283,0.299829800899165,0.2,0.5405120655877548
463,1990,Italy,England,group_or_knockout,False,0.18,37.3,27.9,26.6,hot,53.48,119.93,A_win,Bari,Italy,1990-07-07,0.293,3.19,0.198,0.033,49.05,1755,14,594.5,0.34,33.03,0.744,77.8,61.6,11.04,0.3303333333333333,0.8929999999999999,1.3333333333333333,0.0393333333333333,Visa,finance,33.4,250.0,1.0,0.316,0.761,0.842,0.918,real_sponsor_names_with_proxy_commercial_metrics,0.749976237843342,1695,13,522.2,0.16,30.51,0.678,76.6,52.6,19.34,0.28,0.7986666666666666,2.61,0.1863333333333333,McDonald's,restaurant,20.29,74.13,0.517,0.758,0.819,0.654,0.569,real_sponsor_names_with_proxy_commercial_metrics,0.4256813568338741,60,72.29999999999995,1,1.2000000000000028,0.18,0.0943333333333332,0.0503333333333333,0.8187106162327391,0.3557830605577786,3.363,0.62,0.3409090565630975,0.24100000000000002,0.84782,0.403591664882609,0.2,0.4680301653511997
464,1990,Germany,Argentina,group_or_knockout,True,0.0,31.1,28.5,69.3,hot,49.08,200.78,A_win,Rome,Italy,1990-07-08,0.1831,4.44,0.115,0.233,42.46,1798,20,646.1,0.4,35.62,0.797,81.3,65.9,22.15,0.2123333333333333,0.851,5.576666666666667,0.3273333333333333,Coca-Cola,beverage,29.19,300.0,1.0,0.286,0.859,0.907,0.902,real_sponsor_names_with_proxy_commercial_metrics,0.7215038709709707,1753,15,591.7,0.26,33.16,0.743,76.8,58.0,19.5,0.2623333333333333,0.8586666666666667,3.813333333333333,0.2106666666666666,Hyundai,automotive,30.74,590.0,1.0,0.338,0.813,0.936,0.851,real_sponsor_names_with_proxy_commercial_metrics,0.7681302767229082,45,54.39999999999998,5,4.5,0.14,-0.0076666666666667,-0.05,0.9510351228677828,0.6743707720777949,3.949,0.62,0.37913195046612813,0.18699999999999997,0.90283,0.6037047741383001,0.2,0.5689873353080412
465,1994,Germany,Bolivia,group_or_knockout,True,0.0,43.5,26.9,31.4,clear,50.53,147.45,A_win,Chicago,United States,1994-06-17,0.465,3.37,-0.003,0.107,51.63,1798,20,646.1,0.4,35.62,0.797,81.3,65.9,22.15,0.2123333333333333,0.851,5.576666666666667,0.3273333333333333,Coca-Cola,beverage,29.19,300.0,1.0,0.286,0.859,0.907,0.902,real_sponsor_names_with_proxy_commercial_metrics,0.7215038709709707,1404,1,163.9,-0.83,11.34,0.308,64.1,13.8,5.97,0.2236666666666666,0.8046666666666668,3.263333333333333,0.1586666666666666,Qatar Airways,airline,24.48,76.99,0.547,0.397,0.575,0.669,0.621,real_sponsor_names_with_proxy_commercial_metrics,0.4548124067848914,394,482.2000000000001,19,17.200000000000003,1.23,0.0463333333333332,-0.0113333333333333,0.9510351228677828,0.6623216323434538,4.02,0.12,0.4175529426204312,0.18699999999999997,0.90283,0.19832084492970808,0.2,0.5732977746132863
466,1994,Spain,South Korea,group_or_knockout,True,0.0,52.0,27.5,62.9,cloudy,57.13,185.24,draw,Dallas,United States,1994-06-17,0.2894,4.19,0.219,0.197,60.6,1708,12,537.2,0.18,30.58,0.689,77.4,45.2,19.26,0.2126666666666666,0.84,4.25,0.077,Budweiser,beverage,27.85,350.0,1.0,0.321,0.724,0.933,0.612,real_sponsor_names_with_proxy_commercial_metrics,0.6704472243491213,1548,6,343.4,-0.37,22.9,0.505,70.3,20.2,12.829999999999998,0.151,0.8606666666666666,2.8866666666666667,0.2443333333333333,McDonald's,restaurant,25.44,80.72,0.587,0.49,0.67,0.723,0.661,real_sponsor_names_with_proxy_commercial_metrics,0.5004808180408472,160,193.80000000000007,6,7.1000000000000085,0.55,-0.0206666666666666,0.0616666666666666,0.7299678934836586,0.5843828756722691,3.83,0.22,0.475867538841772,0.19159999999999994,0.80913,0.3900388924570042,0.2,0.5374902468003789
467,1994,Colombia,Romania,group_or_knockout,True,0.0,54.2,21.4,43.8,clear,57.13,151.73,B_win,Pasadena,United States,1994-06-18,0.4659,2.54,0.103,0.196,47.48,1650,3,462.8,-0.05,24.41,0.599,74.7,50.9,8.73,0.2533333333333333,0.816,4.703333333333333,0.1769999999999999,Vivo,technology,18.25,73.14,0.507,0.422,0.764,0.653,0.613,real_sponsor_names_with_proxy_commercial_metrics,0.3902368726248783,1634,3,443.7,0.0,23.69,0.581,73.6,37.4,11.0,0.1443333333333333,0.7826666666666666,1.6033333333333335,0.135,Qatar Airways,airline,19.84,68.58,0.459,0.365,0.75,0.711,0.645,real_sponsor_names_with_proxy_commercial_metrics,0.4101980603082731,16,19.100000000000023,0,1.1000000000000083,-0.05,0.0333333333333333,0.109,0.5635569682915822,0.4163423570640884,3.199,0.12,0.4673718142629716,0.2256,0.6673399999999999,0.14005138086062943,0.2,0.3995986722605099
468,1994,Italy,Republic of Ireland,group_or_knockout,True,0.0,83.2,17.4,39.4,clear,50.53,120.05,B_win,East Rutherford,United States,1994-06-18,0.3074,5.28,0.207,0.199,55.75,1755,14,594.5,0.34,33.03,0.744,77.8,61.6,11.04,0.3303333333333333,0.8929999999999999,1.3333333333333333,0.0393333333333333,Visa,finance,33.4,250.0,1.0,0.316,0.761,0.842,0.918,real_sponsor_names_with_proxy_commercial_metrics,0.749976237843342,1503,2,285.7,-0.08,17.44,0.431,66.8,21.0,11.42,0.122,0.863,3.5500000000000003,0.4016666666666666,McDonald's,restaurant,22.06,77.85,0.556,0.61,0.646,0.669,0.593,real_sponsor_names_with_proxy_commercial_metrics,0.4330902879452503,252,308.8,12,11.0,0.42,0.0299999999999999,0.2083333333333333,0.8187106162327391,0.3425637035658221,3.552,0.12,0.3860832656120054,0.24100000000000002,0.84782,0.22508527795618355,0.2,0.47336358720323335
469,1994,United States,Switzerland,group_or_knockout,False,0.18,72.4,17.8,50.9,cloudy,52.73,241.03,draw,Pontiac,United States,1994-06-18,0.1383,4.13,0.008,0.105,49.92,1578,6,379.0,-0.3,23.84,0.536,71.9,31.0,12.75,0.132,0.7943333333333333,0.7200000000000001,0.0636666666666666,Vivo,technology,22.58,68.24,0.455,0.416,0.676,0.652,0.654,real_sponsor_names_with_proxy_commercial_metrics,0.4277412886284749,1632,7,443.7,-0.12,26.09,0.595,72.7,48.1,17.05,0.1836666666666666,0.914,2.223333333333333,0.2486666666666666,Adidas,apparel,31.4,1830.0,1.0,0.14,0.774,0.888,0.845,real_sponsor_names_with_proxy_commercial_metrics,0.90423375782881,-54,-64.69999999999999,-1,-0.7999999999999972,-0.18,-0.1196666666666667,-0.0516666666666666,0.4407302164904229,0.395040679090299,3.285,0.22,0.40325962181629404,0.16146666666666668,0.6269199999999999,0.3043720117034182,0.2,0.38800202377937654
470,1994,Belgium,Morocco,group_or_knockout,True,0.0,45.5,13.2,55.1,clear,50.53,136.99,A_win,Orlando,United States,1994-06-19,0.1707,0.31,0.11,0.101,53.88,1674,9,495.4,0.02,28.38,0.646,71.5,40.4,23.19,0.142,0.7919999999999999,3.7566666666666655,0.0076666666666666,Visa,finance,26.85,250.0,1.0,0.538,0.72,0.914,0.914,real_sponsor_names_with_proxy_commercial_metrics,0.6636131480729871,1552,4,345.5,-0.26,21.17,0.496,69.2,34.3,12.67,0.2156666666666666,0.86,4.223333333333334,-0.0613333333333333,Mengniu,consumer_goods,19.44,62.12,0.391,0.28,0.668,0.598,0.65,real_sponsor_names_with_proxy_commercial_metrics,0.3643404839870979,122,149.89999999999998,5,2.299999999999997,0.28,-0.068,-0.0736666666666666,0.6045045124588039,0.5722823539652441,3.75,0.12,0.33237327987058585,0.16840000000000002,0.8480000000000001,0.40217333904231783,0.2,0.5105968706219025
471,1994,Cameroon,Sweden,group_or_knockout,True,0.0,62.5,24.4,47.7,hot,57.13,144.2,draw,Pasadena,United States,1994-06-19,0.2443,5.72,0.16,0.095,45.62,1542,4,334.5,-0.31,21.28,0.489,68.0,29.1,10.52,0.2513333333333333,0.8450000000000001,2.2433333333333336,0.186,Coca-Cola,beverage,31.97,300.0,1.0,0.241,0.693,0.92,0.885,real_sponsor_names_with_proxy_commercial_metrics,0.7331682968582358,1654,9,471.1,0.0,27.67,0.624,74.4,39.2,19.34,0.1766666666666666,0.6789999999999999,3.783333333333333,0.1453333333333333,Budweiser,beverage,26.29,350.0,1.0,0.625,0.705,0.91,0.618,real_sponsor_names_with_proxy_commercial_metrics,0.6436681220526703,-112,-136.60000000000002,-5,-6.400000000000006,-0.31,0.1660000000000001,0.0746666666666666,0.3361091814289645,0.4049675002557636,3.362,0.62,0.3713337572317758,0.21279999999999993,0.83381,0.4037240419610362,0.2,0.4835834427639456
472,1994,Norway,Mexico,group_or_knockout,True,0.0,52.7,22.5,67.4,windy,50.53,196.27,A_win,"Washington, D.C.",United States,1994-06-19,0.3782,5.37,0.113,0.155,45.97,1541,1,328.5,-0.12,17.05,0.46,69.8,29.1,10.21,0.1593333333333333,0.8300000000000001,0.6766666666666666,0.2416666666666666,McDonald's,restaurant,20.44,68.0,0.453,0.453,0.651,0.632,0.639,real_sponsor_names_with_proxy_commercial_metrics,0.3906645167243267,1612,10,421.9,-0.18,26.83,0.584,72.1,37.6,18.89,0.2446666666666666,0.7546666666666667,1.1233333333333333,0.211,Hyundai,automotive,28.5,590.0,1.0,0.636,0.712,0.897,0.88,real_sponsor_names_with_proxy_commercial_metrics,0.7185336170151837,-71,-93.39999999999998,-9,-2.299999999999997,0.06,0.0753333333333333,-0.0853333333333333,0.3335072758056016,0.3651228276023178,3.142,0.48,0.42729964483990196,0.16359999999999997,0.6088100000000001,0.3834255334332406,0.2,0.3728712047104678
473,1994,Brazil,Russia,group_or_knockout,True,0.0,54.3,20.4,50.9,hot,52.73,123.09,A_win,Palo Alto,United States,1994-06-20,0.4348,3.78,0.025,0.173,41.41,1829,20,683.6,0.5,36.78,0.83,78.8,57.4,18.61,0.1376666666666667,0.7313333333333333,3.723333333333333,0.206,Adidas,apparel,33.15,1830.0,1.0,0.369,0.809,0.916,0.861,real_sponsor_names_with_proxy_commercial_metrics,0.9383411482254695,1676,8,497.3,0.07,27.98,0.645,72.7,49.8,18.23,0.1086666666666666,0.8123333333333332,5.670000000000001,0.13,Hyundai,automotive,26.07,590.0,1.0,0.245,0.69,0.874,0.885,real_sponsor_names_with_proxy_commercial_metrics,0.6793986692072507,153,186.3,12,6.099999999999994,0.43,-0.0809999999999999,0.029,0.9764150943396226,0.5217262513572287,4.228,0.62,0.3936434358448405,0.19006666666666672,0.87793,0.39674195389995004,0.2,0.5775201131231048
474,1994,Netherlands,Saudi Arabia,group_or_knockout,True,0.0,60.4,5.3,73.7,cloudy,54.93,132.89,A_win,"Washington, D.C.",United States,1994-06-20,0.1695,3.39,-0.071,0.01,57.05,1746,9,581.1,0.35,31.14,0.724,75.8,49.9,15.97,0.1103333333333333,0.742,2.733333333333333,0.1786666666666666,Hisense,technology,32.27,1070.0,1.0,0.505,0.811,0.856,0.664,real_sponsor_names_with_proxy_commercial_metrics,0.8192941476500228,1543,3,334.4,-0.47,20.17,0.482,68.2,34.6,13.01,0.2876666666666667,0.8483333333333333,5.266666666666667,0.2613333333333333,Visa,finance,27.16,250.0,1.0,0.611,0.648,0.864,0.904,real_sponsor_names_with_proxy_commercial_metrics,0.6490998286575382,203,246.70000000000005,6,7.599999999999994,0.82,-0.1063333333333332,-0.1773333333333333,0.7581498473599972,0.4691076214646577,3.986,0.22,0.33814132489177434,0.1694,0.8342200000000001,0.728035038892457,0.2,0.5182357944244647
475,1994,Argentina,Greece,group_or_knockout,True,0.0,66.0,15.5,62.5,cloudy,57.13,163.73,A_win,Foxborough,United States,1994-06-21,0.4543,6.28,0.242,0.175,46.2,1753,15,591.7,0.26,33.16,0.743,76.8,58.0,19.5,0.2623333333333333,0.8586666666666667,3.813333333333333,0.2106666666666666,Hyundai,automotive,30.74,590.0,1.0,0.338,0.813,0.936,0.851,real_sponsor_names_with_proxy_commercial_metrics,0.7681302767229082,1521,1,305.1,-0.4,17.11,0.443,66.0,32.8,9.21,0.1196666666666666,0.7983333333333333,2.74,0.2183333333333333,Budweiser,beverage,30.87,350.0,1.0,0.603,0.686,0.866,0.554,real_sponsor_names_with_proxy_commercial_metrics,0.6925784352050712,232,286.6,14,10.799999999999995,0.66,0.0603333333333333,0.1426666666666667,0.8112048561394937,0.6003710376702596,4.17,0.22,0.46478801853918855,0.2139333333333333,0.8831100000000001,0.4143220580889174,0.2,0.5722121606690085
476,1994,Germany,Spain,group_or_knockout,True,0.0,53.6,29.7,46.8,windy,52.73,150.7,draw,Chicago,United States,1994-06-21,0.1863,-0.63,0.14,0.191,47.55,1798,20,646.1,0.4,35.62,0.797,81.3,65.9,22.15,0.2123333333333333,0.851,5.576666666666667,0.3273333333333333,Coca-Cola,beverage,29.19,300.0,1.0,0.286,0.859,0.907,0.902,real_sponsor_names_with_proxy_commercial_metrics,0.7215038709709707,1708,12,537.2,0.18,30.58,0.689,77.4,45.2,19.26,0.2126666666666666,0.84,4.25,0.077,Budweiser,beverage,27.85,350.0,1.0,0.321,0.724,0.933,0.612,real_sponsor_names_with_proxy_commercial_metrics,0.6704472243491213,90,108.89999999999998,8,3.899999999999992,0.22,0.011,-0.0003333333333333,0.9510351228677828,0.673342810255924,4.016,0.48,0.36473131002290393,0.18699999999999997,0.90283,0.48169642474844787,0.2,0.5658193779092724
477,1994,Nigeria,Bulgaria,group_or_knockout,True,0.0,71.8,19.0,44.1,clear,54.93,168.81,A_win,Dallas,United States,1994-06-21,0.2857,5.41,0.213,0.158,58.3,1585,3,384.6,-0.29,21.98,0.529,75.3,31.3,8.190000000000001,0.2983333333333333,0.916,1.92,-0.066,Coca-Cola,beverage,26.63,300.0,1.0,0.555,0.744,0.906,0.879,real_sponsor_names_with_proxy_commercial_metrics,0.6666248313049998,1502,4,286.8,-0.46,19.9,0.447,65.2,28.9,10.5,0.3979999999999999,0.719,2.9800000000000004,-0.0613333333333333,Hisense,technology,33.88,1070.0,1.0,0.2,0.675,0.918,0.633,real_sponsor_names_with_proxy_commercial_metrics,0.8252717468149495,83,97.8,-1,10.099999999999994,0.17,0.1969999999999999,-0.0996666666666666,0.4667473504417841,0.3285858439535252,3.693,0.12,0.4358715746853692,0.21259999999999996,0.85083,0.2037754228216656,0.2,0.46152851075726087
478,1994,Romania,Switzerland,group_or_knockout,True,0.0,43.2,25.2,31.6,clear,59.33,304.53,B_win,Pontiac,United States,1994-06-22,0.2665,1.8,0.194,0.15,62.27,1634,3,443.7,0.0,23.69,0.581,73.6,37.4,11.0,0.1443333333333333,0.7826666666666666,1.6033333333333335,0.135,Qatar Airways,airline,19.84,68.58,0.459,0.365,0.75,0.711,0.645,real_sponsor_names_with_proxy_commercial_metrics,0.4101980603082731,1632,7,443.7,-0.12,26.09,0.595,72.7,48.1,17.05,0.1836666666666666,0.914,2.223333333333333,0.2486666666666666,Adidas,apparel,31.4,1830.0,1.0,0.14,0.774,0.888,0.845,real_sponsor_names_with_proxy_commercial_metrics,0.90423375782881,2,0.0,-4,0.8999999999999915,0.12,-0.1313333333333334,-0.0393333333333333,0.5280251997286122,0.4442598025322332,3.151,0.12,0.5621912993499485,0.17353333333333334,0.67212,0.15496538928138157,0.2,0.4349633390530006
479,1994,United States,Colombia,group_or_knockout,False,0.18,58.1,14.7,62.7,cloudy,54.93,172.47,A_win,Pasadena,United States,1994-06-22,0.2165,5.1,0.167,0.134,55.51,1578,6,379.0,-0.3,23.84,0.536,71.9,31.0,12.75,0.132,0.7943333333333333,0.7200000000000001,0.0636666666666666,Vivo,technology,22.58,68.24,0.455,0.416,0.676,0.652,0.654,real_sponsor_names_with_proxy_commercial_metrics,0.4277412886284749,1650,3,462.8,-0.05,24.41,0.599,74.7,50.9,8.73,0.2533333333333333,0.816,4.703333333333333,0.1769999999999999,Vivo,technology,18.25,73.14,0.507,0.422,0.764,0.653,0.613,real_sponsor_names_with_proxy_commercial_metrics,0.3902368726248783,-72,-83.80000000000001,3,-2.799999999999997,-0.25,-0.0216666666666666,-0.1213333333333333,0.4407302164904229,0.3810605514061116,3.227,0.22,0.4067076680657937,0.16146666666666668,0.6269199999999999,0.4359955041746949,0.2,0.38477719727770404
480,1994,Italy,Norway,group_or_knockout,True,0.0,91.8,31.6,52.3,clear,50.53,74.2,A_win,East Rutherford,United States,1994-06-23,0.1648,3.05,0.094,0.11,52.04,1755,14,594.5,0.34,33.03,0.744,77.8,61.6,11.04,0.3303333333333333,0.8929999999999999,1.3333333333333333,0.0393333333333333,Visa,finance,33.4,250.0,1.0,0.316,0.761,0.842,0.918,real_sponsor_names_with_proxy_commercial_metrics,0.749976237843342,1541,1,328.5,-0.12,17.05,0.46,69.8,29.1,10.21,0.1593333333333333,0.8300000000000001,0.6766666666666666,0.2416666666666666,McDonald's,restaurant,20.44,68.0,0.453,0.453,0.651,0.632,0.639,real_sponsor_names_with_proxy_commercial_metrics,0.3906645167243267,214,266.0,13,8.0,0.46,0.0629999999999998,0.171,0.8187106162327391,0.3266006084313456,3.771,0.12,0.28192765546176646,0.24100000000000002,0.84782,0.4108838221651324,0.2,0.4480627985355321
481,1994,South Korea,Bolivia,group_or_knockout,True,0.0,60.9,22.1,20.0,clear,48.33,151.32,draw,Foxborough,United States,1994-06-23,0.2512,0.19,0.159,0.08,49.03,1548,6,343.4,-0.37,22.9,0.505,70.3,20.2,12.829999999999998,0.151,0.8606666666666666,2.8866666666666667,0.2443333333333333,McDonald's,restaurant,25.44,80.72,0.587,0.49,0.67,0.723,0.661,real_sponsor_names_with_proxy_commercial_metrics,0.5004808180408472,1404,1,163.9,-0.83,11.34,0.308,64.1,13.8,5.97,0.2236666666666666,0.8046666666666668,3.263333333333333,0.1586666666666666,Qatar Airways,airline,24.48,76.99,0.547,0.397,0.575,0.669,0.621,real_sponsor_names_with_proxy_commercial_metrics,0.4548124067848914,144,179.49999999999997,5,6.200000000000003,0.4599999999999999,0.0559999999999998,-0.0726666666666666,0.3785695739184261,0.4327795580971759,3.154,0.12,0.33653642132979744,0.14633333333333337,0.6669599999999999,0.024206094340969136,0.2,0.40919535686297204
482,1994,Brazil,Cameroon,group_or_knockout,True,0.0,76.6,24.7,49.4,clear,54.93,158.64,A_win,Palo Alto,United States,1994-06-24,0.2059,1.76,0.234,0.156,55.53,1829,20,683.6,0.5,36.78,0.83,78.8,57.4,18.61,0.1376666666666667,0.7313333333333333,3.723333333333333,0.206,Adidas,apparel,33.15,1830.0,1.0,0.369,0.809,0.916,0.861,real_sponsor_names_with_proxy_commercial_metrics,0.9383411482254695,1542,4,334.5,-0.31,21.28,0.489,68.0,29.1,10.52,0.2513333333333333,0.8450000000000001,2.2433333333333336,0.186,Coca-Cola,beverage,31.97,300.0,1.0,0.241,0.693,0.92,0.885,real_sponsor_names_with_proxy_commercial_metrics,0.7331682968582358,287,349.1,16,10.799999999999995,0.81,-0.1136666666666668,-0.1136666666666666,0.9764150943396226,0.5439929684811187,4.494,0.12,0.39892163087353216,0.19006666666666672,0.87793,0.2188731891814743,0.2,0.5848104329235324
483,1994,Mexico,Republic of Ireland,group_or_knockout,True,0.0,59.2,37.0,43.6,cloudy,54.93,158.89,A_win,Orlando,United States,1994-06-24,0.4235,4.95,0.126,0.163,49.76,1612,10,421.9,-0.18,26.83,0.584,72.1,37.6,18.89,0.2446666666666666,0.7546666666666667,1.1233333333333333,0.211,Hyundai,automotive,28.5,590.0,1.0,0.636,0.712,0.897,0.88,real_sponsor_names_with_proxy_commercial_metrics,0.7185336170151837,1503,2,285.7,-0.08,17.44,0.431,66.8,21.0,11.42,0.122,0.863,3.5500000000000003,0.4016666666666666,McDonald's,restaurant,22.06,77.85,0.556,0.61,0.646,0.669,0.593,real_sponsor_names_with_proxy_commercial_metrics,0.4330902879452503,109,136.2,8,5.299999999999997,-0.0999999999999999,-0.1083333333333332,0.1226666666666666,0.5181915824104364,0.5052759928939986,3.846,0.22,0.44685799265724935,0.24493333333333328,0.83529,0.5537536573182046,0.2,0.5215415446254136
484,1994,Sweden,Russia,group_or_knockout,True,0.0,65.6,32.1,83.2,clear,57.13,174.9,A_win,Pontiac,United States,1994-06-24,0.2497,2.36,0.272,0.211,45.14,1654,9,471.1,0.0,27.67,0.624,74.4,39.2,19.34,0.1766666666666666,0.6789999999999999,3.783333333333333,0.1453333333333333,Budweiser,beverage,26.29,350.0,1.0,0.625,0.705,0.91,0.618,real_sponsor_names_with_proxy_commercial_metrics,0.6436681220526703,1676,8,497.3,0.07,27.98,0.645,72.7,49.8,18.23,0.1086666666666666,0.8123333333333332,5.670000000000001,0.13,Hyundai,automotive,26.07,590.0,1.0,0.245,0.69,0.874,0.885,real_sponsor_names_with_proxy_commercial_metrics,0.6793986692072507,-22,-26.19999999999999,1,1.7000000000000028,-0.07,-0.1333333333333333,0.068,0.6002235585615322,0.5510576670588415,3.968,0.12,0.42248014197249845,0.2344,0.7963,0.5574081210304718,0.2,0.5066905244636163
485,1994,Argentina,Nigeria,group_or_knockout,True,0.0,57.3,21.2,30.8,clear,54.93,155.72,A_win,Foxborough,United States,1994-06-25,0.3094,1.49,-0.0,0.137,51.58,1753,15,591.7,0.26,33.16,0.743,76.8,58.0,19.5,0.2623333333333333,0.8586666666666667,3.813333333333333,0.2106666666666666,Hyundai,automotive,30.74,590.0,1.0,0.338,0.813,0.936,0.851,real_sponsor_names_with_proxy_commercial_metrics,0.7681302767229082,1585,3,384.6,-0.29,21.98,0.529,75.3,31.3,8.190000000000001,0.2983333333333333,0.916,1.92,-0.066,Coca-Cola,beverage,26.63,300.0,1.0,0.555,0.744,0.906,0.879,real_sponsor_names_with_proxy_commercial_metrics,0.6666248313049998,168,207.1,12,1.5,0.55,-0.0573333333333332,-0.0359999999999999,0.8112048561394937,0.5876926224003169,4.063,0.12,0.4110872393668088,0.2139333333333333,0.8831100000000001,0.08908085349318492,0.2,0.5579220485589486
486,1994,Belgium,Netherlands,group_or_knockout,True,0.0,55.8,19.4,34.9,clear,50.53,142.29,A_win,Orlando,United States,1994-06-25,0.2463,1.48,-0.009,0.157,40.24,1674,9,495.4,0.02,28.38,0.646,71.5,40.4,23.19,0.142,0.7919999999999999,3.7566666666666655,0.0076666666666666,Visa,finance,26.85,250.0,1.0,0.538,0.72,0.914,0.914,real_sponsor_names_with_proxy_commercial_metrics,0.6636131480729871,1746,9,581.1,0.35,31.14,0.724,75.8,49.9,15.97,0.1103333333333333,0.742,2.733333333333333,0.1786666666666666,Hisense,technology,32.27,1070.0,1.0,0.505,0.811,0.856,0.664,real_sponsor_names_with_proxy_commercial_metrics,0.8192941476500228,-72,-85.70000000000005,0,-4.299999999999997,-0.3299999999999999,0.0499999999999999,0.0316666666666666,0.6045045124588039,0.5741275972414213,3.851,0.12,0.3371718201177663,0.16840000000000002,0.8480000000000001,0.15361771212445588,0.2,0.5120732467886682
487,1994,Saudi Arabia,Morocco,group_or_knockout,True,0.0,47.9,21.0,75.8,clear,54.93,186.37,A_win,East Rutherford,United States,1994-06-25,0.1981,4.15,0.199,0.231,52.12,1543,3,334.4,-0.47,20.17,0.482,68.2,34.6,13.01,0.2876666666666667,0.8483333333333333,5.266666666666667,0.2613333333333333,Visa,finance,27.16,250.0,1.0,0.611,0.648,0.864,0.904,real_sponsor_names_with_proxy_commercial_metrics,0.6490998286575382,1552,4,345.5,-0.26,21.17,0.496,69.2,34.3,12.67,0.2156666666666666,0.86,4.223333333333334,-0.0613333333333333,Mengniu,consumer_goods,19.44,62.12,0.391,0.28,0.668,0.598,0.65,real_sponsor_names_with_proxy_commercial_metrics,0.3643404839870979,-9,-11.100000000000025,-1,-1.0,-0.2099999999999999,-0.0116666666666667,0.072,0.3337070048861339,0.5232900378996813,3.567,0.12,0.4270473096385451,0.2332666666666667,0.80376,0.28872761007635767,0.2,0.502245031417429
488,1994,Bulgaria,Greece,group_or_knockout,True,0.0,63.6,26.1,79.7,hot,57.13,140.27,A_win,Chicago,United States,1994-06-26,0.2643,6.48,0.054,0.146,54.11,1502,4,286.8,-0.46,19.9,0.447,65.2,28.9,10.5,0.3979999999999999,0.719,2.9800000000000004,-0.0613333333333333,Hisense,technology,33.88,1070.0,1.0,0.2,0.675,0.918,0.633,real_sponsor_names_with_proxy_commercial_metrics,0.8252717468149495,1521,1,305.1,-0.4,17.11,0.443,66.0,32.8,9.21,0.1196666666666666,0.7983333333333333,2.74,0.2183333333333333,Budweiser,beverage,30.87,350.0,1.0,0.603,0.686,0.866,0.554,real_sponsor_names_with_proxy_commercial_metrics,0.6925784352050712,-19,-18.30000000000001,3,-0.7999999999999972,-0.06,-0.0793333333333333,0.2783333333333333,0.2468311715404268,0.3464452628034739,3.486,0.62,0.4072716521532539,0.35119999999999996,0.78795,0.5862153000784986,0.2,0.4817652232512114
489,1994,Switzerland,Colombia,group_or_knockout,True,0.0,46.9,22.4,46.1,clear,52.73,115.56,B_win,Palo Alto,United States,1994-06-26,0.1559,-1.7,0.283,0.19,44.52,1632,7,443.7,-0.12,26.09,0.595,72.7,48.1,17.05,0.1836666666666666,0.914,2.223333333333333,0.2486666666666666,Adidas,apparel,31.4,1830.0,1.0,0.14,0.774,0.888,0.845,real_sponsor_names_with_proxy_commercial_metrics,0.90423375782881,1650,3,462.8,-0.05,24.41,0.599,74.7,50.9,8.73,0.2533333333333333,0.816,4.703333333333333,0.1769999999999999,Vivo,technology,18.25,73.14,0.507,0.422,0.764,0.653,0.613,real_sponsor_names_with_proxy_commercial_metrics,0.3902368726248783,-18,-19.100000000000023,4,-2.0,-0.0699999999999999,0.098,-0.0696666666666666,0.5385464489432931,0.5108406741464991,3.743,0.12,0.32259505302008445,0.14459999999999995,0.85383,0.14478734032683932,0.2,0.551430701243951
490,1994,United States,Romania,group_or_knockout,False,0.18,66.7,20.6,47.9,rain,50.53,336.71,B_win,Pasadena,United States,1994-06-26,0.2576,8.68,0.227,0.154,53.68,1578,6,379.0,-0.3,23.84,0.536,71.9,31.0,12.75,0.132,0.7943333333333333,0.7200000000000001,0.0636666666666666,Vivo,technology,22.58,68.24,0.455,0.416,0.676,0.652,0.654,real_sponsor_names_with_proxy_commercial_metrics,0.4277412886284749,1634,3,443.7,0.0,23.69,0.581,73.6,37.4,11.0,0.1443333333333333,0.7826666666666666,1.6033333333333335,0.135,Qatar Airways,airline,19.84,68.58,0.459,0.365,0.75,0.711,0.645,real_sponsor_names_with_proxy_commercial_metrics,0.4101980603082731,-56,-64.69999999999999,3,-1.6999999999999886,-0.3,0.0116666666666667,-0.0123333333333333,0.4407302164904229,0.4184628818027743,3.199,0.48,0.5165646533665432,0.16146666666666668,0.6269199999999999,0.3225766787982587,0.2,0.4172212468489195
491,1994,Bolivia,Spain,group_or_knockout,True,0.0,72.1,31.8,67.9,rain,57.13,133.61,B_win,Chicago,United States,1994-06-27,0.2368,3.23,0.247,0.189,59.04,1404,1,163.9,-0.83,11.34,0.308,64.1,13.8,5.97,0.2236666666666666,0.8046666666666668,3.263333333333333,0.1586666666666666,Qatar Airways,airline,24.48,76.99,0.547,0.397,0.575,0.669,0.621,real_sponsor_names_with_proxy_commercial_metrics,0.4548124067848914,1708,12,537.2,0.18,30.58,0.689,77.4,45.2,19.26,0.2126666666666666,0.84,4.25,0.077,Budweiser,beverage,27.85,350.0,1.0,0.321,0.724,0.933,0.612,real_sponsor_names_with_proxy_commercial_metrics,0.6704472243491213,-304,-373.30000000000007,-11,-13.300000000000011,-1.01,-0.0353333333333332,0.011,0.0638608636769832,0.3304456482758001,2.839,0.48,0.4173096435713296,0.21233333333333326,0.6003599999999999,0.6274935417112681,0.2,0.37245208785986395
492,1994,Germany,South Korea,group_or_knockout,True,0.0,62.8,22.3,20.8,clear,59.33,174.37,A_win,Dallas,United States,1994-06-27,0.2248,4.02,0.19,0.188,58.23,1798,20,646.1,0.4,35.62,0.797,81.3,65.9,22.15,0.2123333333333333,0.851,5.576666666666667,0.3273333333333333,Coca-Cola,beverage,29.19,300.0,1.0,0.286,0.859,0.907,0.902,real_sponsor_names_with_proxy_commercial_metrics,0.7215038709709707,1548,6,343.4,-0.37,22.9,0.505,70.3,20.2,12.829999999999998,0.151,0.8606666666666666,2.8866666666666667,0.2443333333333333,McDonald's,restaurant,25.44,80.72,0.587,0.49,0.67,0.723,0.661,real_sponsor_names_with_proxy_commercial_metrics,0.5004808180408472,250,302.70000000000005,14,11.0,0.77,-0.0096666666666666,0.0613333333333333,0.9510351228677828,0.7112527187866153,4.298,0.12,0.4535883042921432,0.18699999999999997,0.90283,0.032865196603154234,0.2,0.5942055511517139
493,1994,Brazil,Sweden,group_or_knockout,True,0.0,54.3,36.8,28.2,hot,52.73,99.13,draw,Pontiac,United States,1994-06-28,0.2015,1.88,0.046,0.132,58.71,1829,20,683.6,0.5,36.78,0.83,78.8,57.4,18.61,0.1376666666666667,0.7313333333333333,3.723333333333333,0.206,Adidas,apparel,33.15,1830.0,1.0,0.369,0.809,0.916,0.861,real_sponsor_names_with_proxy_commercial_metrics,0.9383411482254695,1654,9,471.1,0.0,27.67,0.624,74.4,39.2,19.34,0.1766666666666666,0.6789999999999999,3.783333333333333,0.1453333333333333,Budweiser,beverage,26.29,350.0,1.0,0.625,0.705,0.91,0.618,real_sponsor_names_with_proxy_commercial_metrics,0.6436681220526703,175,212.5,11,4.399999999999992,0.5,0.0523333333333333,-0.0389999999999999,0.9764150943396226,0.5133843591124728,4.074,0.62,0.34401243004219856,0.19006666666666672,0.87793,0.642008135302933,0.2,0.5652581821340448
494,1994,Republic of Ireland,Norway,group_or_knockout,True,0.0,63.9,23.5,53.5,rain,48.33,142.69,draw,East Rutherford,United States,1994-06-28,0.27,2.79,-0.013,0.103,42.69,1503,2,285.7,-0.08,17.44,0.431,66.8,21.0,11.42,0.122,0.863,3.5500000000000003,0.4016666666666666,McDonald's,restaurant,22.06,77.85,0.556,0.61,0.646,0.669,0.593,real_sponsor_names_with_proxy_commercial_metrics,0.4330902879452503,1541,1,328.5,-0.12,17.05,0.46,69.8,29.1,10.21,0.1593333333333333,0.8300000000000001,0.6766666666666666,0.2416666666666666,McDonald's,restaurant,20.44,68.0,0.453,0.453,0.651,0.632,0.639,real_sponsor_names_with_proxy_commercial_metrics,0.3906645167243267,-38,-42.80000000000001,1,-3.0,0.0399999999999999,0.0329999999999999,-0.0373333333333333,0.2519111916307775,0.4470349122160471,3.173,0.48,0.3252981607669226,0.128,0.6276,0.34937536573182043,0.2,0.39035507668073777
495,1994,Italy,Mexico,group_or_knockout,True,0.0,54.0,33.7,82.8,cloudy,52.73,116.03,draw,"Washington, D.C.",United States,1994-06-28,0.2582,3.2,0.239,0.182,46.1,1755,14,594.5,0.34,33.03,0.744,77.8,61.6,11.04,0.3303333333333333,0.8929999999999999,1.3333333333333333,0.0393333333333333,Visa,finance,33.4,250.0,1.0,0.316,0.761,0.842,0.918,real_sponsor_names_with_proxy_commercial_metrics,0.749976237843342,1612,10,421.9,-0.18,26.83,0.584,72.1,37.6,18.89,0.2446666666666666,0.7546666666666667,1.1233333333333333,0.211,Hyundai,automotive,28.5,590.0,1.0,0.636,0.712,0.897,0.88,real_sponsor_names_with_proxy_commercial_metrics,0.7185336170151837,143,172.60000000000002,4,5.700000000000003,0.52,0.1383333333333332,0.0856666666666667,0.8187106162327391,0.3510537647579511,3.385,0.22,0.3532428054680461,0.24100000000000002,0.84782,0.63729822307857,0.2,0.46917271230823765
496,1994,Russia,Cameroon,group_or_knockout,True,0.0,70.2,25.1,51.0,clear,63.73,160.9,A_win,Palo Alto,United States,1994-06-28,0.3364,0.6,-0.0,0.123,53.92,1676,8,497.3,0.07,27.98,0.645,72.7,49.8,18.23,0.1086666666666666,0.8123333333333332,5.670000000000001,0.13,Hyundai,automotive,26.07,590.0,1.0,0.245,0.69,0.874,0.885,real_sponsor_names_with_proxy_commercial_metrics,0.6793986692072507,1542,4,334.5,-0.31,21.28,0.489,68.0,29.1,10.52,0.2513333333333333,0.8450000000000001,2.2433333333333336,0.186,Coca-Cola,beverage,31.97,300.0,1.0,0.241,0.693,0.92,0.885,real_sponsor_names_with_proxy_commercial_metrics,0.7331682968582358,134,162.8,4,4.700000000000003,0.38,-0.0326666666666668,-0.1426666666666667,0.6134810916271758,0.618690748501831,4.245,0.12,0.47152883093534076,0.14026666666666668,0.82105,0.23619139370584458,0.2,0.553125856377321
497,1994,Belgium,Saudi Arabia,group_or_knockout,True,0.0,34.2,28.8,59.6,clear,50.53,193.48,B_win,"Washington, D.C.",United States,1994-06-29,0.1342,1.11,0.246,0.235,49.32,1674,9,495.4,0.02,28.38,0.646,71.5,40.4,23.19,0.142,0.7919999999999999,3.7566666666666655,0.0076666666666666,Visa,finance,26.85,250.0,1.0,0.538,0.72,0.914,0.914,real_sponsor_names_with_proxy_commercial_metrics,0.6636131480729871,1543,3,334.4,-0.47,20.17,0.482,68.2,34.6,13.01,0.2876666666666667,0.8483333333333333,5.266666666666667,0.2613333333333333,Visa,finance,27.16,250.0,1.0,0.611,0.648,0.864,0.904,real_sponsor_names_with_proxy_commercial_metrics,0.6490998286575382,131,161.0,6,3.299999999999997,0.49,-0.0563333333333333,-0.1456666666666667,0.6045045124588039,0.5919498620164235,3.496,0.12,0.3852918661197598,0.16840000000000002,0.8480000000000001,0.36959466209947905,0.2,0.5266874901260675
498,1994,Morocco,Netherlands,group_or_knockout,True,0.0,53.6,18.7,76.1,windy,54.93,179.15,B_win,Orlando,United States,1994-06-29,0.0997,5.29,0.173,0.181,46.91,1552,4,345.5,-0.26,21.17,0.496,69.2,34.3,12.67,0.2156666666666666,0.86,4.223333333333334,-0.0613333333333333,Mengniu,consumer_goods,19.44,62.12,0.391,0.28,0.668,0.598,0.65,real_sponsor_names_with_proxy_commercial_metrics,0.3643404839870979,1746,9,581.1,0.35,31.14,0.724,75.8,49.9,15.97,0.1103333333333333,0.742,2.733333333333333,0.1786666666666666,Hisense,technology,32.27,1070.0,1.0,0.505,0.811,0.856,0.664,real_sponsor_names_with_proxy_commercial_metrics,0.8192941476500228,-194,-235.6,-5,-6.599999999999994,-0.61,0.118,0.1053333333333333,0.3627181368394233,0.4403972469631779,3.023,0.48,0.36947205423399065,0.18539999999999995,0.59794,0.49385049596802966,0.2,0.3732349561533915
499,1994,Argentina,Bulgaria,group_or_knockout,True,0.0,32.1,17.9,91.7,rain,52.73,176.68,B_win,Dallas,United States,1994-06-30,0.307,-0.46,0.114,0.134,57.62,1753,15,591.7,0.26,33.16,0.743,76.8,58.0,19.5,0.2623333333333333,0.8586666666666667,3.813333333333333,0.2106666666666666,Hyundai,automotive,30.74,590.0,1.0,0.338,0.813,0.936,0.851,real_sponsor_names_with_proxy_commercial_metrics,0.7681302767229082,1502,4,286.8,-0.46,19.9,0.447,65.2,28.9,10.5,0.3979999999999999,0.719,2.9800000000000004,-0.0613333333333333,Hisense,technology,33.88,1070.0,1.0,0.2,0.675,0.918,0.633,real_sponsor_names_with_proxy_commercial_metrics,0.8252717468149495,251,304.90000000000003,11,11.599999999999994,0.72,0.1396666666666667,-0.1356666666666666,0.8112048561394937,0.5851003765097806,3.625,0.48,0.42841208547643966,0.2139333333333333,0.8831100000000001,0.5820671519303504,0.2,0.5606611889315246
500,1994,Greece,Nigeria,group_or_knockout,True,0.0,38.6,25.8,48.8,windy,52.73,91.77,B_win,Foxborough,United States,1994-06-30,0.1612,3.73,0.155,0.102,46.91,1521,1,305.1,-0.4,17.11,0.443,66.0,32.8,9.21,0.1196666666666666,0.7983333333333333,2.74,0.2183333333333333,Budweiser,beverage,30.87,350.0,1.0,0.603,0.686,0.866,0.554,real_sponsor_names_with_proxy_commercial_metrics,0.6925784352050712,1585,3,384.6,-0.29,21.98,0.529,75.3,31.3,8.190000000000001,0.2983333333333333,0.916,1.92,-0.066,Coca-Cola,beverage,26.63,300.0,1.0,0.555,0.744,0.906,0.879,real_sponsor_names_with_proxy_commercial_metrics,0.6666248313049998,-64,-79.5,-2,-9.299999999999995,-0.11,-0.1176666666666665,-0.1786666666666667,0.2664347481162223,0.3500589908815383,2.929,0.48,0.2910243376379901,0.15246666666666664,0.76772,0.3888933133518875,0.2,0.43677300942364583
501,1994,Germany,Belgium,group_or_knockout,True,0.0,75.7,28.9,57.7,hot,59.33,283.57,A_win,Chicago,United States,1994-07-02,0.4281,2.02,0.157,0.129,56.76,1798,20,646.1,0.4,35.62,0.797,81.3,65.9,22.15,0.2123333333333333,0.851,5.576666666666667,0.3273333333333333,Coca-Cola,beverage,29.19,300.0,1.0,0.286,0.859,0.907,0.902,real_sponsor_names_with_proxy_commercial_metrics,0.7215038709709707,1674,9,495.4,0.02,28.38,0.646,71.5,40.4,23.19,0.142,0.7919999999999999,3.7566666666666655,0.0076666666666666,Visa,finance,26.85,250.0,1.0,0.538,0.72,0.914,0.914,real_sponsor_names_with_proxy_commercial_metrics,0.6636131480729871,124,150.70000000000005,11,9.799999999999995,0.38,0.059,0.0703333333333333,0.9510351228677828,0.7492716934580402,4.515,0.62,0.5727742597959476,0.18699999999999997,0.90283,0.5639859416256333,0.2,0.6286880551604738
502,1994,Spain,Switzerland,group_or_knockout,True,0.0,69.6,23.2,87.2,clear,54.93,112.43,A_win,"Washington, D.C.",United States,1994-07-02,0.1001,0.78,0.103,0.08,53.32,1708,12,537.2,0.18,30.58,0.689,77.4,45.2,19.26,0.2126666666666666,0.84,4.25,0.077,Budweiser,beverage,27.85,350.0,1.0,0.321,0.724,0.933,0.612,real_sponsor_names_with_proxy_commercial_metrics,0.6704472243491213,1632,7,443.7,-0.12,26.09,0.595,72.7,48.1,17.05,0.1836666666666666,0.914,2.223333333333333,0.2486666666666666,Adidas,apparel,31.4,1830.0,1.0,0.14,0.774,0.888,0.845,real_sponsor_names_with_proxy_commercial_metrics,0.90423375782881,76,93.50000000000006,5,4.700000000000003,0.3,-0.074,0.0289999999999999,0.7299678934836586,0.5491437501577447,4.011,0.12,0.3115464575746918,0.19159999999999994,0.80913,0.34318918147434524,0.2,0.49475907540289604
503,1994,Romania,Argentina,group_or_knockout,True,0.0,48.6,15.3,33.6,rain,59.33,260.11,A_win,Pasadena,United States,1994-07-03,0.2797,6.94,0.234,0.199,52.85,1634,3,443.7,0.0,23.69,0.581,73.6,37.4,11.0,0.1443333333333333,0.7826666666666666,1.6033333333333335,0.135,Qatar Airways,airline,19.84,68.58,0.459,0.365,0.75,0.711,0.645,real_sponsor_names_with_proxy_commercial_metrics,0.4101980603082731,1753,15,591.7,0.26,33.16,0.743,76.8,58.0,19.5,0.2623333333333333,0.8586666666666667,3.813333333333333,0.2106666666666666,Hyundai,automotive,30.74,590.0,1.0,0.338,0.813,0.936,0.851,real_sponsor_names_with_proxy_commercial_metrics,0.7681302767229082,-119,-148.00000000000006,-12,-3.200000000000003,-0.26,-0.076,-0.118,0.5280251997286122,0.4287945749232159,3.377,0.48,0.5216288787501326,0.17353333333333334,0.67212,0.39864782701776913,0.2,0.4225205912025126
504,1994,Saudi Arabia,Sweden,group_or_knockout,True,0.0,38.5,14.8,74.4,cloudy,57.13,217.32,B_win,Dallas,United States,1994-07-03,0.2583,0.8,0.231,0.207,59.75,1543,3,334.4,-0.47,20.17,0.482,68.2,34.6,13.01,0.2876666666666667,0.8483333333333333,5.266666666666667,0.2613333333333333,Visa,finance,27.16,250.0,1.0,0.611,0.648,0.864,0.904,real_sponsor_names_with_proxy_commercial_metrics,0.6490998286575382,1654,9,471.1,0.0,27.67,0.624,74.4,39.2,19.34,0.1766666666666666,0.6789999999999999,3.783333333333333,0.1453333333333333,Budweiser,beverage,26.29,350.0,1.0,0.625,0.705,0.91,0.618,real_sponsor_names_with_proxy_commercial_metrics,0.6436681220526703,-111,-136.70000000000005,-6,-6.200000000000003,-0.47,0.1693333333333333,0.111,0.3337070048861339,0.5439552231234929,3.317,0.22,0.4913129564039974,0.2332666666666667,0.80376,0.4839499036608863,0.2,0.5208844126331867
505,1994,Netherlands,Republic of Ireland,group_or_knockout,True,0.0,24.0,14.4,41.7,rain,52.73,177.12,A_win,Orlando,United States,1994-07-04,0.3812,0.43,0.132,0.088,54.27,1746,9,581.1,0.35,31.14,0.724,75.8,49.9,15.97,0.1103333333333333,0.742,2.733333333333333,0.1786666666666666,Hisense,technology,32.27,1070.0,1.0,0.505,0.811,0.856,0.664,real_sponsor_names_with_proxy_commercial_metrics,0.8192941476500228,1503,2,285.7,-0.08,17.44,0.431,66.8,21.0,11.42,0.122,0.863,3.5500000000000003,0.4016666666666666,McDonald's,restaurant,22.06,77.85,0.556,0.61,0.646,0.669,0.593,real_sponsor_names_with_proxy_commercial_metrics,0.4330902879452503,243,295.40000000000003,7,9.0,0.43,-0.121,-0.0116666666666666,0.7581498473599972,0.4746170380338654,3.639,0.48,0.42988041815876554,0.1694,0.8342200000000001,0.4570582316420466,0.2,0.5381262497172411
506,1994,United States,Brazil,group_or_knockout,False,0.18,50.9,12.4,59.6,clear,50.53,113.66,B_win,Palo Alto,United States,1994-07-04,0.2236,2.41,0.072,0.086,53.25,1578,6,379.0,-0.3,23.84,0.536,71.9,31.0,12.75,0.132,0.7943333333333333,0.7200000000000001,0.0636666666666666,Vivo,technology,22.58,68.24,0.455,0.416,0.676,0.652,0.654,real_sponsor_names_with_proxy_commercial_metrics,0.4277412886284749,1829,20,683.6,0.5,36.78,0.83,78.8,57.4,18.61,0.1376666666666667,0.7313333333333333,3.723333333333333,0.206,Adidas,apparel,33.15,1830.0,1.0,0.369,0.809,0.916,0.861,real_sponsor_names_with_proxy_commercial_metrics,0.9383411482254695,-251,-304.6,-14,-6.899999999999992,-0.8,0.063,-0.0056666666666666,0.4407302164904229,0.3408059926044107,2.846,0.12,0.3245785770904809,0.16146666666666668,0.6269199999999999,0.44242703204167555,0.2,0.3570801026181652
507,1994,Mexico,Bulgaria,group_or_knockout,True,0.0,89.5,23.7,54.1,clear,52.73,157.22,draw,East Rutherford,United States,1994-07-05,0.1641,1.19,0.224,0.182,52.63,1612,10,421.9,-0.18,26.83,0.584,72.1,37.6,18.89,0.2446666666666666,0.7546666666666667,1.1233333333333333,0.211,Hyundai,automotive,28.5,590.0,1.0,0.636,0.712,0.897,0.88,real_sponsor_names_with_proxy_commercial_metrics,0.7185336170151837,1502,4,286.8,-0.46,19.9,0.447,65.2,28.9,10.5,0.3979999999999999,0.719,2.9800000000000004,-0.0613333333333333,Hisense,technology,33.88,1070.0,1.0,0.2,0.675,0.918,0.633,real_sponsor_names_with_proxy_commercial_metrics,0.8252717468149495,110,135.09999999999997,6,6.899999999999992,0.28,0.0356666666666667,-0.1533333333333333,0.5181915824104364,0.4948049063732943,3.986,0.12,0.37375265594747126,0.24493333333333328,0.83529,0.21317027046314135,0.2,0.5039885730576608
508,1994,Nigeria,Italy,group_or_knockout,True,0.0,63.7,29.8,42.7,rain,54.93,137.58,B_win,Foxborough,United States,1994-07-05,0.2339,2.81,-0.042,0.018,51.95,1585,3,384.6,-0.29,21.98,0.529,75.3,31.3,8.190000000000001,0.2983333333333333,0.916,1.92,-0.066,Coca-Cola,beverage,26.63,300.0,1.0,0.555,0.744,0.906,0.879,real_sponsor_names_with_proxy_commercial_metrics,0.6666248313049998,1755,14,594.5,0.34,33.03,0.744,77.8,61.6,11.04,0.3303333333333333,0.8929999999999999,1.3333333333333333,0.0393333333333333,Visa,finance,33.4,250.0,1.0,0.316,0.761,0.842,0.918,real_sponsor_names_with_proxy_commercial_metrics,0.749976237843342,-170,-209.9,-11,-2.5,-0.63,0.023,-0.032,0.4667473504417841,0.3177128349884281,3.373,0.48,0.34881335932488705,0.21259999999999996,0.85083,0.46658153143509595,0.2,0.4410724251749373
509,1994,Italy,Spain,group_or_knockout,True,0.0,50.7,22.9,42.3,rain,54.93,158.25,A_win,Foxborough,United States,1994-07-09,0.2236,3.13,0.155,0.165,51.72,1755,14,594.5,0.34,33.03,0.744,77.8,61.6,11.04,0.3303333333333333,0.8929999999999999,1.3333333333333333,0.0393333333333333,Visa,finance,33.4,250.0,1.0,0.316,0.761,0.842,0.918,real_sponsor_names_with_proxy_commercial_metrics,0.749976237843342,1708,12,537.2,0.18,30.58,0.689,77.4,45.2,19.26,0.2126666666666666,0.84,4.25,0.077,Budweiser,beverage,27.85,350.0,1.0,0.321,0.724,0.933,0.612,real_sponsor_names_with_proxy_commercial_metrics,0.6704472243491213,47,57.29999999999996,2,0.3999999999999915,0.16,0.0529999999999999,0.1176666666666667,0.8187106162327391,0.3756427031369547,3.544,0.48,0.3963212509465467,0.24100000000000002,0.84782,0.28537336758724036,0.2,0.4846733041500587
510,1994,Netherlands,Brazil,group_or_knockout,True,0.0,64.0,9.4,62.4,cloudy,59.33,158.09,B_win,Dallas,United States,1994-07-09,0.2862,3.29,0.179,0.149,61.58,1746,9,581.1,0.35,31.14,0.724,75.8,49.9,15.97,0.1103333333333333,0.742,2.733333333333333,0.1786666666666666,Hisense,technology,32.27,1070.0,1.0,0.505,0.811,0.856,0.664,real_sponsor_names_with_proxy_commercial_metrics,0.8192941476500228,1829,20,683.6,0.5,36.78,0.83,78.8,57.4,18.61,0.1376666666666667,0.7313333333333333,3.723333333333333,0.206,Adidas,apparel,33.15,1830.0,1.0,0.369,0.809,0.916,0.861,real_sponsor_names_with_proxy_commercial_metrics,0.9383411482254695,-83,-102.5,-11,-3.0,-0.15,0.0106666666666667,-0.0273333333333333,0.7581498473599972,0.4976605526225254,3.873,0.22,0.45736298376219153,0.1694,0.8342200000000001,0.5725604795546992,0.2,0.5500749469227509
511,1994,Bulgaria,Germany,group_or_knockout,True,0.0,37.7,21.9,73.9,clear,54.93,88.7,A_win,East Rutherford,United States,1994-07-10,0.2346,2.54,0.053,0.068,50.3,1502,4,286.8,-0.46,19.9,0.447,65.2,28.9,10.5,0.3979999999999999,0.719,2.9800000000000004,-0.0613333333333333,Hisense,technology,33.88,1070.0,1.0,0.2,0.675,0.918,0.633,real_sponsor_names_with_proxy_commercial_metrics,0.8252717468149495,1798,20,646.1,0.4,35.62,0.797,81.3,65.9,22.15,0.2123333333333333,0.851,5.576666666666667,0.3273333333333333,Coca-Cola,beverage,29.19,300.0,1.0,0.286,0.859,0.907,0.902,real_sponsor_names_with_proxy_commercial_metrics,0.7215038709709707,-296,-359.3,-16,-16.099999999999994,-0.8600000000000001,-0.132,0.1856666666666666,0.2468311715404268,0.3186010367580068,3.159,0.12,0.32089545304486594,0.35119999999999996,0.78795,0.25710732890887034,0.2,0.45669360013680305
512,1994,Romania,Sweden,group_or_knockout,True,0.0,54.1,22.0,55.9,clear,57.13,223.5,draw,Palo Alto,United States,1994-07-10,0.4073,1.33,0.198,0.186,53.55,1634,3,443.7,0.0,23.69,0.581,73.6,37.4,11.0,0.1443333333333333,0.7826666666666666,1.6033333333333335,0.135,Qatar Airways,airline,19.84,68.58,0.459,0.365,0.75,0.711,0.645,real_sponsor_names_with_proxy_commercial_metrics,0.4101980603082731,1654,9,471.1,0.0,27.67,0.624,74.4,39.2,19.34,0.1766666666666666,0.6789999999999999,3.783333333333333,0.1453333333333333,Budweiser,beverage,26.29,350.0,1.0,0.625,0.705,0.91,0.618,real_sponsor_names_with_proxy_commercial_metrics,0.6436681220526703,-20,-27.400000000000038,-6,-0.8000000000000114,0.0,0.1036666666666666,-0.0323333333333333,0.5280251997286122,0.4061588091440906,3.259,0.12,0.516782378371771,0.17353333333333334,0.67212,0.17672839506172835,0.2,0.4152132767086852
513,1994,Bulgaria,Italy,group_or_knockout,True,0.0,59.3,35.6,59.1,windy,54.93,153.45,B_win,East Rutherford,United States,1994-07-13,0.295,4.15,0.118,0.154,46.08,1502,4,286.8,-0.46,19.9,0.447,65.2,28.9,10.5,0.3979999999999999,0.719,2.9800000000000004,-0.0613333333333333,Hisense,technology,33.88,1070.0,1.0,0.2,0.675,0.918,0.633,real_sponsor_names_with_proxy_commercial_metrics,0.8252717468149495,1755,14,594.5,0.34,33.03,0.744,77.8,61.6,11.04,0.3303333333333333,0.8929999999999999,1.3333333333333333,0.0393333333333333,Visa,finance,33.4,250.0,1.0,0.316,0.761,0.842,0.918,real_sponsor_names_with_proxy_commercial_metrics,0.749976237843342,-253,-307.7,-10,-12.599999999999994,-0.8,-0.1739999999999999,0.0676666666666666,0.2468311715404268,0.341144339047153,3.234,0.48,0.3959735938835932,0.35119999999999996,0.78795,0.6883127809890817,0.2,0.4780213529455094
514,1994,Sweden,Brazil,group_or_knockout,True,0.0,56.9,14.3,67.1,cloudy,50.53,126.07,B_win,Pasadena,United States,1994-07-13,0.2432,2.57,0.076,0.074,51.78,1654,9,471.1,0.0,27.67,0.624,74.4,39.2,19.34,0.1766666666666666,0.6789999999999999,3.783333333333333,0.1453333333333333,Budweiser,beverage,26.29,350.0,1.0,0.625,0.705,0.91,0.618,real_sponsor_names_with_proxy_commercial_metrics,0.6436681220526703,1829,20,683.6,0.5,36.78,0.83,78.8,57.4,18.61,0.1376666666666667,0.7313333333333333,3.723333333333333,0.206,Adidas,apparel,33.15,1830.0,1.0,0.369,0.809,0.916,0.861,real_sponsor_names_with_proxy_commercial_metrics,0.9383411482254695,-175,-212.5,-11,-4.399999999999992,-0.5,-0.0523333333333333,0.0389999999999999,0.6002235585615322,0.5043880753529392,3.569,0.22,0.3326552828183684,0.2344,0.7963,0.4654124741311638,0.2,0.47565806695513757
515,1994,Sweden,Bulgaria,group_or_knockout,True,0.0,68.3,20.7,42.5,cloudy,57.13,139.55,A_win,Pasadena,United States,1994-07-16,0.3264,1.76,0.197,0.164,46.14,1654,9,471.1,0.0,27.67,0.624,74.4,39.2,19.34,0.1766666666666666,0.6789999999999999,3.783333333333333,0.1453333333333333,Budweiser,beverage,26.29,350.0,1.0,0.625,0.705,0.91,0.618,real_sponsor_names_with_proxy_commercial_metrics,0.6436681220526703,1502,4,286.8,-0.46,19.9,0.447,65.2,28.9,10.5,0.3979999999999999,0.719,2.9800000000000004,-0.0613333333333333,Hisense,technology,33.88,1070.0,1.0,0.2,0.675,0.918,0.633,real_sponsor_names_with_proxy_commercial_metrics,0.8252717468149495,152,184.3,5,9.200000000000005,0.46,-0.04,-0.2213333333333333,0.6002235585615322,0.5387502425658482,3.954,0.22,0.40864925885679726,0.2344,0.7963,0.1926421893955613,0.2,0.5004782689824379
516,1994,Brazil,Italy,group_or_knockout,True,0.0,62.5,33.2,69.8,cloudy,48.33,152.69,draw,Pasadena,United States,1994-07-17,0.2011,5.91,0.033,0.11,54.93,1829,20,683.6,0.5,36.78,0.83,78.8,57.4,18.61,0.1376666666666667,0.7313333333333333,3.723333333333333,0.206,Adidas,apparel,33.15,1830.0,1.0,0.369,0.809,0.916,0.861,real_sponsor_names_with_proxy_commercial_metrics,0.9383411482254695,1755,14,594.5,0.34,33.03,0.744,77.8,61.6,11.04,0.3303333333333333,0.8929999999999999,1.3333333333333333,0.0393333333333333,Visa,finance,33.4,250.0,1.0,0.316,0.761,0.842,0.918,real_sponsor_names_with_proxy_commercial_metrics,0.749976237843342,74,89.10000000000002,6,1.0,0.1599999999999999,-0.1616666666666666,-0.1926666666666666,0.9764150943396226,0.512252439356816,4.182,0.22,0.34549497614537283,0.19006666666666672,0.87793,0.5681196032255763,0.2,0.5652377538230958
517,1998,Brazil,Scotland,group_or_knockout,True,0.0,66.7,25.7,71.1,clear,56.39,125.47,A_win,Saint-Denis,France,1998-06-10,0.2268,2.55,0.189,0.127,46.9,1829,20,683.6,0.5,36.78,0.83,78.8,57.4,18.61,0.1376666666666667,0.7313333333333333,3.723333333333333,0.206,Adidas,apparel,33.15,1830.0,1.0,0.369,0.809,0.916,0.861,real_sponsor_names_with_proxy_commercial_metrics,0.9383411482254695,1529,4,318.6,-0.35,20.39,0.472,67.9,31.6,17.66,0.1853333333333333,0.9116666666666668,1.8866666666666667,0.2256666666666666,Budweiser,beverage,26.35,350.0,1.0,0.459,0.686,0.905,0.601,real_sponsor_names_with_proxy_commercial_metrics,0.6396023182948416,300,365.0,16,10.899999999999991,0.85,-0.1803333333333334,-0.0476666666666666,0.9764150943396226,0.539007669382103,4.375,0.12,0.35961158211948424,0.19006666666666672,0.87793,0.33865018197388136,0.2,0.5755525394249984
518,1998,Morocco,Norway,group_or_knockout,True,0.0,49.1,26.4,96.0,cloudy,58.59,89.04,draw,Montpellier,France,1998-06-10,0.2151,5.09,-0.039,-0.017,53.78,1552,4,345.5,-0.26,21.17,0.496,69.2,34.3,12.67,0.2156666666666666,0.86,4.223333333333334,-0.0613333333333333,Mengniu,consumer_goods,19.44,62.12,0.391,0.28,0.668,0.598,0.65,real_sponsor_names_with_proxy_commercial_metrics,0.3643404839870979,1541,1,328.5,-0.12,17.05,0.46,69.8,29.1,10.21,0.1593333333333333,0.8300000000000001,0.6766666666666666,0.2416666666666666,McDonald's,restaurant,20.44,68.0,0.453,0.453,0.651,0.632,0.639,real_sponsor_names_with_proxy_commercial_metrics,0.3906645167243267,11,17.0,3,-0.5999999999999943,-0.14,0.0299999999999999,0.0563333333333333,0.3627181368394233,0.4254774290232164,2.987,0.22,0.32316617085914534,0.18539999999999995,0.59794,0.5044508670520231,0.2,0.3597962304552332
519,1998,Cameroon,Austria,group_or_knockout,True,0.0,69.7,23.7,52.0,cloudy,54.19,173.55,draw,Toulouse,France,1998-06-11,0.1037,5.38,0.143,0.059,46.91,1542,4,334.5,-0.31,21.28,0.489,68.0,29.1,10.52,0.2513333333333333,0.8450000000000001,2.2433333333333336,0.186,Coca-Cola,beverage,31.97,300.0,1.0,0.241,0.693,0.92,0.885,real_sponsor_names_with_proxy_commercial_metrics,0.7331682968582358,1660,5,475.8,-0.03,25.77,0.617,70.5,44.6,14.99,0.1396666666666666,0.88,2.703333333333333,0.218,McDonald's,restaurant,21.71,77.28,0.55,0.451,0.702,0.72,0.649,real_sponsor_names_with_proxy_commercial_metrics,0.4467064332741507,-118,-141.3,-1,-2.5,-0.28,-0.0349999999999999,0.1116666666666666,0.3361091814289645,0.4019697870151567,3.437,0.22,0.3329300625474415,0.21279999999999993,0.83381,0.24409619638906724,0.2,0.47506334411970885
520,1998,Italy,Chile,group_or_knockout,True,0.0,79.2,25.0,50.7,hot,58.59,193.62,draw,Bordeaux,France,1998-06-11,0.1736,5.5,0.123,0.108,51.83,1755,14,594.5,0.34,33.03,0.744,77.8,61.6,11.04,0.3303333333333333,0.8929999999999999,1.3333333333333333,0.0393333333333333,Visa,finance,33.4,250.0,1.0,0.316,0.761,0.842,0.918,real_sponsor_names_with_proxy_commercial_metrics,0.749976237843342,1622,5,430.7,-0.12,24.93,0.579,72.9,38.6,16.65,0.135,0.8083333333333332,3.453333333333333,0.1826666666666666,Hisense,technology,27.36,1070.0,1.0,0.243,0.681,0.911,0.656,real_sponsor_names_with_proxy_commercial_metrics,0.7384557551656803,133,163.8,9,4.899999999999992,0.46,0.0846666666666666,0.1953333333333333,0.8187106162327391,0.4044098901582603,3.752,0.62,0.41453413084708884,0.24100000000000002,0.84782,0.4322939413401841,0.2,0.49637069249613275
521,1998,France,South Africa,group_or_knockout,False,0.18,45.4,27.7,70.3,hot,56.39,152.38,A_win,Marseille,France,1998-06-12,0.1706,4.25,0.077,0.046,50.53,1748,13,584.8,0.26,32.28,0.733,77.8,46.5,18.67,0.2083333333333333,0.8296666666666667,3.483333333333333,0.3613333333333333,Qatar Airways,airline,24.02,81.37,0.593,0.647,0.801,0.711,0.647,real_sponsor_names_with_proxy_commercial_metrics,0.5007849188790221,1530,1,315.3,-0.11,17.05,0.45,68.0,32.2,12.38,0.1266666666666666,0.7996666666666666,3.4566666666666666,-0.08,Qatar Airways,airline,26.15,81.81,0.598,0.304,0.668,0.76,0.558,real_sponsor_names_with_proxy_commercial_metrics,0.5094985796872883,218,269.49999999999994,12,9.799999999999995,0.37,0.03,0.0816666666666666,0.8018213325687816,0.5933974565401727,3.607,0.62,0.35326748708966316,0.19313333333333332,0.7179599999999999,0.5872165132377078,0.2,0.46191956578014637
522,1998,Paraguay,Bulgaria,group_or_knockout,True,0.0,46.5,18.1,71.1,windy,49.79,103.17,draw,Montpellier,France,1998-06-12,0.1768,2.8,0.151,0.124,51.71,1578,4,377.4,-0.11,22.66,0.528,69.9,30.5,12.88,0.1066666666666666,0.8923333333333333,3.733333333333333,0.1686666666666666,Hyundai,automotive,26.2,590.0,1.0,0.401,0.667,0.921,0.802,real_sponsor_names_with_proxy_commercial_metrics,0.6777827610652881,1502,4,286.8,-0.46,19.9,0.447,65.2,28.9,10.5,0.3979999999999999,0.719,2.9800000000000004,-0.0613333333333333,Hisense,technology,33.88,1070.0,1.0,0.2,0.675,0.918,0.633,real_sponsor_names_with_proxy_commercial_metrics,0.8252717468149495,76,90.59999999999997,0,4.700000000000003,0.35,0.1733333333333333,-0.2913333333333333,0.4105964679456181,0.4328223555592865,3.503,0.48,0.3053340181541875,0.10706666666666664,0.81069,0.48785249411260967,0.2,0.4679975258431069
523,1998,Saudi Arabia,Denmark,group_or_knockout,True,0.0,75.4,28.3,49.4,cloudy,51.99,152.32,B_win,Lens,France,1998-06-12,0.2413,2.67,0.113,0.204,43.86,1543,3,334.4,-0.47,20.17,0.482,68.2,34.6,13.01,0.2876666666666667,0.8483333333333333,5.266666666666667,0.2613333333333333,Visa,finance,27.16,250.0,1.0,0.611,0.648,0.864,0.904,real_sponsor_names_with_proxy_commercial_metrics,0.6490998286575382,1642,4,453.4,0.04,24.3,0.592,71.5,43.1,19.09,0.1573333333333333,0.8273333333333334,2.966666666666667,0.3496666666666666,Coca-Cola,beverage,33.85,300.0,1.0,0.685,0.715,0.895,0.825,real_sponsor_names_with_proxy_commercial_metrics,0.754749779112933,-99,-119.0,-1,-3.299999999999997,-0.51,0.0209999999999999,0.1303333333333333,0.3337070048861339,0.4982190371666904,3.552,0.22,0.37128634054974585,0.2332666666666667,0.80376,0.35251480767858423,0.2,0.4840729573944317
524,1998,South Korea,Mexico,group_or_knockout,True,0.0,55.5,14.8,51.5,cloudy,58.59,111.11,B_win,Lyon,France,1998-06-13,0.3113,2.29,0.204,0.115,51.27,1548,6,343.4,-0.37,22.9,0.505,70.3,20.2,12.829999999999998,0.151,0.8606666666666666,2.8866666666666667,0.2443333333333333,McDonald's,restaurant,25.44,80.72,0.587,0.49,0.67,0.723,0.661,real_sponsor_names_with_proxy_commercial_metrics,0.5004808180408472,1612,10,421.9,-0.18,26.83,0.584,72.1,37.6,18.89,0.2446666666666666,0.7546666666666667,1.1233333333333333,0.211,Hyundai,automotive,28.5,590.0,1.0,0.636,0.712,0.897,0.88,real_sponsor_names_with_proxy_commercial_metrics,0.7185336170151837,-64,-78.5,-4,-1.7999999999999972,-0.19,0.1059999999999998,-0.0936666666666666,0.3785695739184261,0.4649018621094393,3.048,0.22,0.3919557193578403,0.14633333333333337,0.6669599999999999,0.3849992863769357,0.2,0.4292734615920144
525,1998,Netherlands,Belgium,group_or_knockout,True,0.0,76.2,25.0,66.7,rain,49.79,106.72,draw,Saint-Denis,France,1998-06-13,0.4049,-1.75,0.165,0.156,40.65,1746,9,581.1,0.35,31.14,0.724,75.8,49.9,15.97,0.1103333333333333,0.742,2.733333333333333,0.1786666666666666,Hisense,technology,32.27,1070.0,1.0,0.505,0.811,0.856,0.664,real_sponsor_names_with_proxy_commercial_metrics,0.8192941476500228,1674,9,495.4,0.02,28.38,0.646,71.5,40.4,23.19,0.142,0.7919999999999999,3.7566666666666655,0.0076666666666666,Visa,finance,26.85,250.0,1.0,0.538,0.72,0.914,0.914,real_sponsor_names_with_proxy_commercial_metrics,0.6636131480729871,72,85.70000000000005,0,4.299999999999997,0.3299999999999999,-0.0499999999999999,-0.0316666666666666,0.7581498473599972,0.4368904536991687,3.935,0.48,0.35163356561638415,0.1694,0.8342200000000001,0.4454297438093199,0.2,0.5119134355950496
526,1998,Spain,Nigeria,group_or_knockout,True,0.0,52.2,24.1,44.8,hot,60.79,140.78,B_win,Nantes,France,1998-06-13,0.1988,4.31,0.156,0.24,54.67,1708,12,537.2,0.18,30.58,0.689,77.4,45.2,19.26,0.2126666666666666,0.84,4.25,0.077,Budweiser,beverage,27.85,350.0,1.0,0.321,0.724,0.933,0.612,real_sponsor_names_with_proxy_commercial_metrics,0.6704472243491213,1585,3,384.6,-0.29,21.98,0.529,75.3,31.3,8.190000000000001,0.2983333333333333,0.916,1.92,-0.066,Coca-Cola,beverage,26.63,300.0,1.0,0.555,0.744,0.906,0.879,real_sponsor_names_with_proxy_commercial_metrics,0.6666248313049998,123,152.60000000000002,9,2.1000000000000085,0.47,-0.0759999999999999,-0.0856666666666666,0.7299678934836586,0.5853565210450413,3.723,0.62,0.4331154831870896,0.19159999999999994,0.80913,0.38338970955541285,0.2,0.5292124563738188
527,1998,Argentina,Japan,group_or_knockout,True,0.0,76.9,19.3,51.4,cloudy,51.99,188.17,A_win,Toulouse,France,1998-06-14,0.2253,3.31,0.143,0.159,58.17,1753,15,591.7,0.26,33.16,0.743,76.8,58.0,19.5,0.2623333333333333,0.8586666666666667,3.813333333333333,0.2106666666666666,Hyundai,automotive,30.74,590.0,1.0,0.338,0.813,0.936,0.851,real_sponsor_names_with_proxy_commercial_metrics,0.7681302767229082,1586,4,387.4,-0.2,22.68,0.535,72.8,37.0,11.9,0.25,0.7706666666666667,4.593333333333333,0.3566666666666667,Adidas,apparel,29.47,1830.0,1.0,0.558,0.648,0.855,0.917,real_sponsor_names_with_proxy_commercial_metrics,0.8586337787056367,167,204.30000000000007,11,4.0,0.46,0.0879999999999999,0.0123333333333333,0.8112048561394937,0.5857742023967194,4.254,0.22,0.41776361368250203,0.2139333333333333,0.8831100000000001,0.26751516449011625,0.2,0.55872016582108
528,1998,Jamaica,Croatia,group_or_knockout,True,0.0,59.7,22.9,59.4,rain,58.59,151.26,B_win,Lens,France,1998-06-14,0.3489,4.53,0.082,0.109,53.72,1562,1,349.3,-0.33,14.65,0.46,70.7,37.4,8.73,0.0876666666666666,0.8119999999999999,3.2533333333333334,0.2296666666666666,Adidas,apparel,33.24,1830.0,1.0,0.445,0.601,0.904,0.813,real_sponsor_names_with_proxy_commercial_metrics,0.9013624425887266,1671,5,489.2,0.13,26.28,0.629,75.1,52.8,21.52,0.2903333333333333,0.7756666666666666,3.4933333333333336,0.102,Hisense,technology,28.53,1070.0,1.0,0.267,0.792,0.927,0.587,real_sponsor_names_with_proxy_commercial_metrics,0.7693425818880185,-109,-139.89999999999998,-4,-4.399999999999992,-0.46,0.0363333333333333,-0.2026666666666666,0.3730400202232862,0.4036970010647086,3.628,0.48,0.4366657774713188,0.1278,0.78037,0.3592622564761293,0.2,0.5342791020136766
529,1998,Serbia,Iran,group_or_knockout,True,0.0,61.4,19.3,73.9,rain,51.99,131.06,A_win,Saint-Étienne,France,1998-06-14,0.1437,2.55,0.096,0.104,55.1,1559,2,352.7,-0.38,20.1,0.495,68.8,36.3,15.31,0.141,0.848,1.7433333333333334,0.1526666666666666,Vivo,technology,23.55,77.75,0.555,0.452,0.729,0.727,0.578,real_sponsor_names_with_proxy_commercial_metrics,0.4728882004869282,1519,3,305.2,-0.44,19.13,0.455,68.7,30.6,12.34,0.1146666666666666,0.8703333333333333,3.7066666666666666,0.2463333333333333,Visa,finance,29.04,250.0,1.0,0.165,0.637,0.935,0.918,real_sponsor_names_with_proxy_commercial_metrics,0.6830613109122354,40,47.5,-1,0.0999999999999943,0.06,-0.0223333333333333,0.0263333333333333,0.358888880308777,0.4433087669792544,3.303,0.48,0.3319985349052968,0.1454,0.67453,0.46873738671233856,0.2,0.4057295298521134
530,1998,England,Tunisia,group_or_knockout,True,0.0,78.3,16.6,48.3,rain,54.19,267.68,A_win,Marseille,France,1998-06-15,0.4381,4.2,0.14,0.18,51.28,1695,13,522.2,0.16,30.51,0.678,76.6,52.6,19.34,0.28,0.7986666666666666,2.61,0.1863333333333333,McDonald's,restaurant,20.29,74.13,0.517,0.758,0.819,0.654,0.569,real_sponsor_names_with_proxy_commercial_metrics,0.4256813568338741,1519,3,305.2,-0.39,19.13,0.455,66.6,27.6,11.21,0.2033333333333333,0.8946666666666667,3.3266666666666667,0.1976666666666666,Hyundai,automotive,28.75,590.0,1.0,0.7,0.649,0.867,0.833,real_sponsor_names_with_proxy_commercial_metrics,0.7046561013575636,176,217.00000000000009,10,10.0,0.55,-0.096,0.0766666666666666,0.7074856858162286,0.5806647531363012,3.91,0.48,0.5353289107464807,0.24853333333333336,0.68589,0.4283513166345536,0.2,0.4689280386675903
531,1998,Germany,United States,group_or_knockout,True,0.0,53.3,20.9,28.5,rain,54.19,170.92,A_win,Paris,France,1998-06-15,0.4756,-0.09,0.106,0.225,51.04,1798,20,646.1,0.4,35.62,0.797,81.3,65.9,22.15,0.2123333333333333,0.851,5.576666666666667,0.3273333333333333,Coca-Cola,beverage,29.19,300.0,1.0,0.286,0.859,0.907,0.902,real_sponsor_names_with_proxy_commercial_metrics,0.7215038709709707,1578,6,379.0,-0.3,23.84,0.536,71.9,31.0,12.75,0.132,0.7943333333333333,0.7200000000000001,0.0636666666666666,Vivo,technology,22.58,68.24,0.455,0.416,0.676,0.652,0.654,real_sponsor_names_with_proxy_commercial_metrics,0.4277412886284749,220,267.1,14,9.399999999999991,0.7,0.0566666666666666,0.0803333333333333,0.9510351228677828,0.6869457259710785,4.167,0.48,0.4844487108414046,0.18699999999999997,0.90283,0.23094605009633912,0.2,0.593571674473216
532,1998,Romania,Colombia,group_or_knockout,True,0.0,45.8,16.4,27.3,clear,51.99,163.36,A_win,Lyon,France,1998-06-15,0.193,0.34,0.209,0.144,55.97,1634,3,443.7,0.0,23.69,0.581,73.6,37.4,11.0,0.1443333333333333,0.7826666666666666,1.6033333333333335,0.135,Qatar Airways,airline,19.84,68.58,0.459,0.365,0.75,0.711,0.645,real_sponsor_names_with_proxy_commercial_metrics,0.4101980603082731,1650,3,462.8,-0.05,24.41,0.599,74.7,50.9,8.73,0.2533333333333333,0.816,4.703333333333333,0.1769999999999999,Vivo,technology,18.25,73.14,0.507,0.422,0.764,0.653,0.613,real_sponsor_names_with_proxy_commercial_metrics,0.3902368726248783,-16,-19.100000000000023,0,-1.1000000000000083,0.05,-0.0333333333333333,-0.109,0.5280251997286122,0.3621146764556318,3.202,0.12,0.3813967644718919,0.17353333333333334,0.67212,0.19881288803254124,0.2,0.3758037967759409
533,1998,Brazil,Morocco,group_or_knockout,True,0.0,52.2,24.9,37.8,cloudy,56.39,145.3,A_win,Nantes,France,1998-06-16,0.1082,-2.4,0.127,0.088,44.53,1829,20,683.6,0.5,36.78,0.83,78.8,57.4,18.61,0.1376666666666667,0.7313333333333333,3.723333333333333,0.206,Adidas,apparel,33.15,1830.0,1.0,0.369,0.809,0.916,0.861,real_sponsor_names_with_proxy_commercial_metrics,0.9383411482254695,1552,4,345.5,-0.26,21.17,0.496,69.2,34.3,12.67,0.2156666666666666,0.86,4.223333333333334,-0.0613333333333333,Mengniu,consumer_goods,19.44,62.12,0.391,0.28,0.668,0.598,0.65,real_sponsor_names_with_proxy_commercial_metrics,0.3643404839870979,277,338.1,16,9.599999999999994,0.76,-0.1286666666666667,-0.0779999999999999,0.9764150943396226,0.5459116645078755,4.265,0.22,0.3261241180795992,0.19006666666666672,0.87793,0.21395204453007918,0.2,0.5707881652522377
534,1998,Scotland,Norway,group_or_knockout,True,0.0,63.9,16.1,37.0,cloudy,54.19,131.04,draw,Bordeaux,France,1998-06-16,0.2139,2.52,0.15,0.081,59.14,1529,4,318.6,-0.35,20.39,0.472,67.9,31.6,17.66,0.1853333333333333,0.9116666666666668,1.8866666666666667,0.2256666666666666,Budweiser,beverage,26.35,350.0,1.0,0.459,0.686,0.905,0.601,real_sponsor_names_with_proxy_commercial_metrics,0.6396023182948416,1541,1,328.5,-0.12,17.05,0.46,69.8,29.1,10.21,0.1593333333333333,0.8300000000000001,0.6766666666666666,0.2416666666666666,McDonald's,restaurant,20.44,68.0,0.453,0.453,0.651,0.632,0.639,real_sponsor_names_with_proxy_commercial_metrics,0.3906645167243267,-12,-9.899999999999975,3,-1.8999999999999917,-0.2299999999999999,0.0816666666666666,0.0259999999999999,0.3145516160739996,0.5221044334663595,3.637,0.22,0.3675095018926137,0.14653333333333324,0.7845199999999999,0.2885299364875472,0.2,0.4902364981398655
535,1998,Chile,Austria,group_or_knockout,True,0.0,37.6,27.3,55.5,clear,54.19,83.96,draw,Saint-Étienne,France,1998-06-17,0.3371,1.18,0.007,0.095,51.73,1622,5,430.7,-0.12,24.93,0.579,72.9,38.6,16.65,0.135,0.8083333333333332,3.453333333333333,0.1826666666666666,Hisense,technology,27.36,1070.0,1.0,0.243,0.681,0.911,0.656,real_sponsor_names_with_proxy_commercial_metrics,0.7384557551656803,1660,5,475.8,-0.03,25.77,0.617,70.5,44.6,14.99,0.1396666666666666,0.88,2.703333333333333,0.218,McDonald's,restaurant,21.71,77.28,0.55,0.451,0.702,0.72,0.649,real_sponsor_names_with_proxy_commercial_metrics,0.4467064332741507,-38,-45.10000000000002,0,2.4000000000000057,-0.09,-0.0716666666666667,-0.0046666666666666,0.5136943396293857,0.4887561082307132,3.597,0.12,0.3519275842728344,0.15766666666666673,0.79217,0.31286127167630057,0.2,0.5019104083989298
536,1998,Italy,Cameroon,group_or_knockout,True,0.0,66.3,15.9,39.0,hot,56.39,211.36,A_win,Montpellier,France,1998-06-17,0.4141,0.9,0.195,0.12,51.11,1755,14,594.5,0.34,33.03,0.744,77.8,61.6,11.04,0.3303333333333333,0.8929999999999999,1.3333333333333333,0.0393333333333333,Visa,finance,33.4,250.0,1.0,0.316,0.761,0.842,0.918,real_sponsor_names_with_proxy_commercial_metrics,0.749976237843342,1542,4,334.5,-0.31,21.28,0.489,68.0,29.1,10.52,0.2513333333333333,0.8450000000000001,2.2433333333333336,0.186,Coca-Cola,beverage,31.97,300.0,1.0,0.241,0.693,0.92,0.885,real_sponsor_names_with_proxy_commercial_metrics,0.7331682968582358,213,260.0,10,9.799999999999995,0.65,0.0479999999999998,0.079,0.8187106162327391,0.4006965719376693,3.752,0.62,0.4837350229355901,0.24100000000000002,0.84782,0.46237422393491756,0.2,0.5091711418120676
537,1998,France,Saudi Arabia,group_or_knockout,False,0.18,51.0,19.6,46.8,cloudy,58.59,189.82,A_win,Saint-Denis,France,1998-06-18,0.3566,3.5,0.073,0.101,64.83,1748,13,584.8,0.26,32.28,0.733,77.8,46.5,18.67,0.2083333333333333,0.8296666666666667,3.483333333333333,0.3613333333333333,Qatar Airways,airline,24.02,81.37,0.593,0.647,0.801,0.711,0.647,real_sponsor_names_with_proxy_commercial_metrics,0.5007849188790221,1543,3,334.4,-0.47,20.17,0.482,68.2,34.6,13.01,0.2876666666666667,0.8483333333333333,5.266666666666667,0.2613333333333333,Visa,finance,27.16,250.0,1.0,0.611,0.648,0.864,0.904,real_sponsor_names_with_proxy_commercial_metrics,0.6490998286575382,205,250.4,10,9.599999999999994,0.73,-0.0186666666666666,-0.0793333333333333,0.8018213325687816,0.6163221943795296,3.716,0.22,0.49279093396378437,0.19313333333333332,0.7179599999999999,0.23983515307214723,0.2,0.49624318174999055
538,1998,South Africa,Denmark,group_or_knockout,True,0.0,72.9,19.3,45.6,clear,54.19,147.28,draw,Toulouse,France,1998-06-18,0.398,1.91,0.036,0.069,48.9,1530,1,315.3,-0.11,17.05,0.45,68.0,32.2,12.38,0.1266666666666666,0.7996666666666666,3.4566666666666666,-0.08,Qatar Airways,airline,26.15,81.81,0.598,0.304,0.668,0.76,0.558,real_sponsor_names_with_proxy_commercial_metrics,0.5094985796872883,1642,4,453.4,0.04,24.3,0.592,71.5,43.1,19.09,0.1573333333333333,0.8273333333333334,2.966666666666667,0.3496666666666666,Coca-Cola,beverage,33.85,300.0,1.0,0.685,0.715,0.895,0.825,real_sponsor_names_with_proxy_commercial_metrics,0.754749779112933,-112,-138.09999999999997,-3,-3.5,-0.15,-0.0276666666666667,-0.0306666666666666,0.2992007110612221,0.3903316330081288,3.17,0.12,0.40236323769579335,0.1561333333333333,0.6619,0.20245343609505456,0.2,0.411343163906384
539,1998,Nigeria,Bulgaria,group_or_knockout,True,0.0,26.9,31.0,51.0,rain,51.99,142.97,A_win,Paris,France,1998-06-19,0.1371,-0.21,0.251,0.229,58.85,1585,3,384.6,-0.29,21.98,0.529,75.3,31.3,8.190000000000001,0.2983333333333333,0.916,1.92,-0.066,Coca-Cola,beverage,26.63,300.0,1.0,0.555,0.744,0.906,0.879,real_sponsor_names_with_proxy_commercial_metrics,0.6666248313049998,1502,4,286.8,-0.46,19.9,0.447,65.2,28.9,10.5,0.3979999999999999,0.719,2.9800000000000004,-0.0613333333333333,Hisense,technology,33.88,1070.0,1.0,0.2,0.675,0.918,0.633,real_sponsor_names_with_proxy_commercial_metrics,0.8252717468149495,83,97.8,-1,10.099999999999994,0.17,0.1969999999999999,-0.0996666666666666,0.4667473504417841,0.3063732295030654,3.226,0.48,0.3785339722622342,0.21259999999999996,0.85083,0.53365960179833,0.2,0.4438414582265051
540,1998,Spain,Paraguay,group_or_knockout,True,0.0,47.8,25.0,79.2,rain,49.79,174.85,draw,Saint-Étienne,France,1998-06-19,0.1191,8.14,0.176,0.122,55.62,1708,12,537.2,0.18,30.58,0.689,77.4,45.2,19.26,0.2126666666666666,0.84,4.25,0.077,Budweiser,beverage,27.85,350.0,1.0,0.321,0.724,0.933,0.612,real_sponsor_names_with_proxy_commercial_metrics,0.6704472243491213,1578,4,377.4,-0.11,22.66,0.528,69.9,30.5,12.88,0.1066666666666666,0.8923333333333333,3.733333333333333,0.1686666666666666,Hyundai,automotive,26.2,590.0,1.0,0.401,0.667,0.921,0.802,real_sponsor_names_with_proxy_commercial_metrics,0.6777827610652881,130,159.80000000000007,8,7.5,0.29,-0.0523333333333333,0.106,0.7299678934836586,0.5477699978331121,3.72,0.48,0.35153904106451744,0.19159999999999994,0.80913,0.49944208948833224,0.2,0.502372941449964
541,1998,Belgium,Mexico,group_or_knockout,True,0.0,36.1,21.7,68.6,rain,58.59,108.34,draw,Bordeaux,France,1998-06-20,0.1563,2.72,0.198,0.176,51.35,1674,9,495.4,0.02,28.38,0.646,71.5,40.4,23.19,0.142,0.7919999999999999,3.7566666666666655,0.0076666666666666,Visa,finance,26.85,250.0,1.0,0.538,0.72,0.914,0.914,real_sponsor_names_with_proxy_commercial_metrics,0.6636131480729871,1612,10,421.9,-0.18,26.83,0.584,72.1,37.6,18.89,0.2446666666666666,0.7546666666666667,1.1233333333333333,0.211,Hyundai,automotive,28.5,590.0,1.0,0.636,0.712,0.897,0.88,real_sponsor_names_with_proxy_commercial_metrics,0.7185336170151837,62,73.5,-1,-0.5999999999999943,0.1999999999999999,0.0373333333333332,-0.1026666666666666,0.6045045124588039,0.598539716465072,3.571,0.48,0.3619486719282824,0.16840000000000002,0.8480000000000001,0.3834084064796974,0.2,0.5238640105333936
542,1998,Japan,Croatia,group_or_knockout,True,0.0,47.3,26.0,58.3,clear,51.99,125.95,B_win,Nantes,France,1998-06-20,0.3353,0.53,0.156,0.085,46.93,1586,4,387.4,-0.2,22.68,0.535,72.8,37.0,11.9,0.25,0.7706666666666667,4.593333333333333,0.3566666666666667,Adidas,apparel,29.47,1830.0,1.0,0.558,0.648,0.855,0.917,real_sponsor_names_with_proxy_commercial_metrics,0.8586337787056367,1671,5,489.2,0.13,26.28,0.629,75.1,52.8,21.52,0.2903333333333333,0.7756666666666666,3.4933333333333336,0.102,Hisense,technology,28.53,1070.0,1.0,0.267,0.792,0.927,0.587,real_sponsor_names_with_proxy_commercial_metrics,0.7693425818880185,-85,-101.8,-1,-2.299999999999997,-0.33,-0.0049999999999998,-0.0403333333333333,0.4507401502367096,0.4578864308308952,3.63,0.12,0.35654334779277186,0.2417333333333333,0.8034600000000001,0.2911450082066652,0.2,0.519569377080558
543,1998,Netherlands,South Korea,group_or_knockout,True,0.0,61.2,10.4,50.6,hot,60.79,126.38,A_win,Marseille,France,1998-06-20,0.359,1.39,0.112,0.146,65.19,1746,9,581.1,0.35,31.14,0.724,75.8,49.9,15.97,0.1103333333333333,0.742,2.733333333333333,0.1786666666666666,Hisense,technology,32.27,1070.0,1.0,0.505,0.811,0.856,0.664,real_sponsor_names_with_proxy_commercial_metrics,0.8192941476500228,1548,6,343.4,-0.37,22.9,0.505,70.3,20.2,12.829999999999998,0.151,0.8606666666666666,2.8866666666666667,0.2443333333333333,McDonald's,restaurant,25.44,80.72,0.587,0.49,0.67,0.723,0.661,real_sponsor_names_with_proxy_commercial_metrics,0.5004808180408472,198,237.70000000000005,3,5.5,0.72,-0.1186666666666665,-0.0406666666666666,0.7581498473599972,0.4931835658222303,4.031,0.62,0.47000534791545173,0.1694,0.8342200000000001,0.6555612645400699,0.2,0.5513498634493205
544,1998,Argentina,Jamaica,group_or_knockout,True,0.0,55.7,22.7,51.1,clear,60.79,285.27,A_win,Paris,France,1998-06-21,0.3463,2.44,0.097,0.078,51.7,1753,15,591.7,0.26,33.16,0.743,76.8,58.0,19.5,0.2623333333333333,0.8586666666666667,3.813333333333333,0.2106666666666666,Hyundai,automotive,30.74,590.0,1.0,0.338,0.813,0.936,0.851,real_sponsor_names_with_proxy_commercial_metrics,0.7681302767229082,1562,1,349.3,-0.33,14.65,0.46,70.7,37.4,8.73,0.0876666666666666,0.8119999999999999,3.2533333333333334,0.2296666666666666,Adidas,apparel,33.24,1830.0,1.0,0.445,0.601,0.904,0.813,real_sponsor_names_with_proxy_commercial_metrics,0.9013624425887266,191,242.40000000000003,14,6.099999999999994,0.5900000000000001,0.0466666666666667,0.1746666666666667,0.8112048561394937,0.659139095089337,4.213,0.12,0.5342813970791743,0.2139333333333333,0.8831100000000001,0.17419574680653677,0.2,0.6025658924543473
545,1998,Germany,Serbia,group_or_knockout,True,0.0,54.7,35.0,63.2,cloudy,58.59,213.95,draw,Lens,France,1998-06-21,0.3909,2.43,0.182,0.156,61.14,1798,20,646.1,0.4,35.62,0.797,81.3,65.9,22.15,0.2123333333333333,0.851,5.576666666666667,0.3273333333333333,Coca-Cola,beverage,29.19,300.0,1.0,0.286,0.859,0.907,0.902,real_sponsor_names_with_proxy_commercial_metrics,0.7215038709709707,1559,2,352.7,-0.38,20.1,0.495,68.8,36.3,15.31,0.141,0.848,1.7433333333333334,0.1526666666666666,Vivo,technology,23.55,77.75,0.555,0.452,0.729,0.727,0.578,real_sponsor_names_with_proxy_commercial_metrics,0.4728882004869282,239,293.40000000000003,18,12.5,0.78,0.003,0.0713333333333333,0.9510351228677828,0.7217063340372932,4.136,0.22,0.5243779283478751,0.18699999999999997,0.90283,0.5864218939556126,0.2,0.6112904882330501
546,1998,United States,Iran,group_or_knockout,True,0.0,55.9,23.8,67.3,clear,56.39,86.97,B_win,Lyon,France,1998-06-21,0.3211,5.53,0.21,0.28,46.61,1578,6,379.0,-0.3,23.84,0.536,71.9,31.0,12.75,0.132,0.7943333333333333,0.7200000000000001,0.0636666666666666,Vivo,technology,22.58,68.24,0.455,0.416,0.676,0.652,0.654,real_sponsor_names_with_proxy_commercial_metrics,0.4277412886284749,1519,3,305.2,-0.44,19.13,0.455,68.7,30.6,12.34,0.1146666666666666,0.8703333333333333,3.7066666666666666,0.2463333333333333,Visa,finance,29.04,250.0,1.0,0.165,0.637,0.935,0.918,real_sponsor_names_with_proxy_commercial_metrics,0.6830613109122354,59,73.80000000000001,3,3.200000000000003,0.14,-0.0759999999999999,0.0173333333333333,0.4407302164904229,0.3578560861481614,2.9,0.12,0.3936293359328648,0.16146666666666668,0.6269199999999999,0.2728084635695425,0.2,0.3756642805788922
547,1998,Colombia,Tunisia,group_or_knockout,True,0.0,60.6,23.4,43.5,cloudy,51.99,97.24,A_win,Montpellier,France,1998-06-22,0.3798,2.63,0.114,0.185,44.4,1650,3,462.8,-0.05,24.41,0.599,74.7,50.9,8.73,0.2533333333333333,0.816,4.703333333333333,0.1769999999999999,Vivo,technology,18.25,73.14,0.507,0.422,0.764,0.653,0.613,real_sponsor_names_with_proxy_commercial_metrics,0.3902368726248783,1519,3,305.2,-0.39,19.13,0.455,66.6,27.6,11.21,0.2033333333333333,0.8946666666666667,3.3266666666666667,0.1976666666666666,Hyundai,automotive,28.75,590.0,1.0,0.7,0.649,0.867,0.833,real_sponsor_names_with_proxy_commercial_metrics,0.7046561013575636,131,157.60000000000002,0,8.100000000000009,0.34,-0.0786666666666667,0.05,0.5635569682915822,0.3742653233398562,3.357,0.22,0.3656334770572896,0.2256,0.6673399999999999,0.19956433311924637,0.2,0.3674694353765885
548,1998,Romania,England,group_or_knockout,True,0.0,44.9,26.3,58.6,rain,56.39,155.28,A_win,Toulouse,France,1998-06-22,0.1755,6.7,0.285,0.194,54.14,1634,3,443.7,0.0,23.69,0.581,73.6,37.4,11.0,0.1443333333333333,0.7826666666666666,1.6033333333333335,0.135,Qatar Airways,airline,19.84,68.58,0.459,0.365,0.75,0.711,0.645,real_sponsor_names_with_proxy_commercial_metrics,0.4101980603082731,1695,13,522.2,0.16,30.51,0.678,76.6,52.6,19.34,0.28,0.7986666666666666,2.61,0.1863333333333333,McDonald's,restaurant,20.29,74.13,0.517,0.758,0.819,0.654,0.569,real_sponsor_names_with_proxy_commercial_metrics,0.4256813568338741,-61,-78.50000000000006,-10,-3.0,-0.16,-0.016,-0.1356666666666666,0.5280251997286122,0.3790808724755414,3.221,0.48,0.4015535129718338,0.17353333333333334,0.67212,0.444244772711054,0.2,0.384585681361504
549,1998,Brazil,Norway,group_or_knockout,True,0.0,67.2,28.4,25.5,cloudy,56.39,141.18,B_win,Marseille,France,1998-06-23,0.4196,1.89,0.104,0.287,59.13,1829,20,683.6,0.5,36.78,0.83,78.8,57.4,18.61,0.1376666666666667,0.7313333333333333,3.723333333333333,0.206,Adidas,apparel,33.15,1830.0,1.0,0.369,0.809,0.916,0.861,real_sponsor_names_with_proxy_commercial_metrics,0.9383411482254695,1541,1,328.5,-0.12,17.05,0.46,69.8,29.1,10.21,0.1593333333333333,0.8300000000000001,0.6766666666666666,0.2416666666666666,McDonald's,restaurant,20.44,68.0,0.453,0.453,0.651,0.632,0.639,real_sponsor_names_with_proxy_commercial_metrics,0.3906645167243267,288,355.1,19,9.0,0.62,-0.0986666666666667,-0.0216666666666666,0.9764150943396226,0.5444772489799793,4.188,0.22,0.4936033496397578,0.19006666666666672,0.87793,0.2518443588096767,0.2,0.6038823752164585
550,1998,Chile,Cameroon,group_or_knockout,True,0.0,66.6,11.0,61.4,cloudy,54.19,106.88,draw,Nantes,France,1998-06-23,0.2227,3.7,0.008,0.038,56.69,1622,5,430.7,-0.12,24.93,0.579,72.9,38.6,16.65,0.135,0.8083333333333332,3.453333333333333,0.1826666666666666,Hisense,technology,27.36,1070.0,1.0,0.243,0.681,0.911,0.656,real_sponsor_names_with_proxy_commercial_metrics,0.7384557551656803,1542,4,334.5,-0.31,21.28,0.489,68.0,29.1,10.52,0.2513333333333333,0.8450000000000001,2.2433333333333336,0.186,Coca-Cola,beverage,31.97,300.0,1.0,0.241,0.693,0.92,0.885,real_sponsor_names_with_proxy_commercial_metrics,0.7331682968582358,80,96.2,1,4.900000000000006,0.19,-0.0366666666666668,-0.1163333333333333,0.5136943396293857,0.4967359150024078,3.9,0.22,0.3356058311373285,0.15766666666666673,0.79217,0.5266209947905517,0.2,0.5008804036679031
551,1998,Italy,Austria,group_or_knockout,True,0.0,63.0,12.9,70.2,rain,56.39,277.78,A_win,Saint-Denis,France,1998-06-23,0.2978,4.95,-0.018,0.128,56.35,1755,14,594.5,0.34,33.03,0.744,77.8,61.6,11.04,0.3303333333333333,0.8929999999999999,1.3333333333333333,0.0393333333333333,Visa,finance,33.4,250.0,1.0,0.316,0.761,0.842,0.918,real_sponsor_names_with_proxy_commercial_metrics,0.749976237843342,1660,5,475.8,-0.03,25.77,0.617,70.5,44.6,14.99,0.1396666666666666,0.88,2.703333333333333,0.218,McDonald's,restaurant,21.71,77.28,0.55,0.451,0.702,0.72,0.649,real_sponsor_names_with_proxy_commercial_metrics,0.4467064332741507,95,118.7,9,7.299999999999997,0.37,0.0129999999999999,0.1906666666666667,0.8187106162327391,0.4238212999383656,3.778,0.48,0.5155180335730212,0.24100000000000002,0.84782,0.6192237208306571,0.2,0.5220026677797487
552,1998,Scotland,Morocco,group_or_knockout,True,0.0,65.2,24.3,53.5,rain,56.39,175.88,B_win,Saint-Étienne,France,1998-06-23,0.2645,5.31,-0.015,0.004,49.51,1529,4,318.6,-0.35,20.39,0.472,67.9,31.6,17.66,0.1853333333333333,0.9116666666666668,1.8866666666666667,0.2256666666666666,Budweiser,beverage,26.35,350.0,1.0,0.459,0.686,0.905,0.601,real_sponsor_names_with_proxy_commercial_metrics,0.6396023182948416,1552,4,345.5,-0.26,21.17,0.496,69.2,34.3,12.67,0.2156666666666666,0.86,4.223333333333334,-0.0613333333333333,Mengniu,consumer_goods,19.44,62.12,0.391,0.28,0.668,0.598,0.65,real_sponsor_names_with_proxy_commercial_metrics,0.3643404839870979,-23,-26.899999999999977,0,-1.2999999999999972,-0.0899999999999999,0.0516666666666667,-0.0303333333333333,0.3145516160739996,0.5476055487101903,3.627,0.48,0.383971092047268,0.14653333333333324,0.7845199999999999,0.37018461428673377,0.2,0.5006691284390689
553,1998,France,Denmark,group_or_knockout,False,0.18,61.9,18.7,87.1,clear,56.39,184.06,A_win,Lyon,France,1998-06-24,0.2225,5.55,0.087,0.104,52.42,1748,13,584.8,0.26,32.28,0.733,77.8,46.5,18.67,0.2083333333333333,0.8296666666666667,3.483333333333333,0.3613333333333333,Qatar Airways,airline,24.02,81.37,0.593,0.647,0.801,0.711,0.647,real_sponsor_names_with_proxy_commercial_metrics,0.5007849188790221,1642,4,453.4,0.04,24.3,0.592,71.5,43.1,19.09,0.1573333333333333,0.8273333333333334,2.966666666666667,0.3496666666666666,Coca-Cola,beverage,33.85,300.0,1.0,0.685,0.715,0.895,0.825,real_sponsor_names_with_proxy_commercial_metrics,0.754749779112933,106,131.39999999999998,9,6.299999999999997,0.22,0.0023333333333332,0.0509999999999999,0.8018213325687816,0.6044271371041905,3.793,0.12,0.409806842092088,0.19313333333333332,0.7179599999999999,0.3973813601655605,0.2,0.4763157473385563
554,1998,Nigeria,Paraguay,group_or_knockout,True,0.0,84.5,30.9,43.9,windy,58.59,137.94,B_win,Toulouse,France,1998-06-24,0.1809,2.23,0.101,0.057,50.89,1585,3,384.6,-0.29,21.98,0.529,75.3,31.3,8.190000000000001,0.2983333333333333,0.916,1.92,-0.066,Coca-Cola,beverage,26.63,300.0,1.0,0.555,0.744,0.906,0.879,real_sponsor_names_with_proxy_commercial_metrics,0.6666248313049998,1578,4,377.4,-0.11,22.66,0.528,69.9,30.5,12.88,0.1066666666666666,0.8923333333333333,3.733333333333333,0.1686666666666666,Hyundai,automotive,26.2,590.0,1.0,0.401,0.667,0.921,0.802,real_sponsor_names_with_proxy_commercial_metrics,0.6777827610652881,7,7.2000000000000455,-1,5.399999999999992,-0.18,0.0236666666666666,0.1916666666666666,0.4667473504417841,0.3342909716137029,3.594,0.48,0.36068024647168107,0.21259999999999996,0.85083,0.5003794333832869,0.2,0.448087680859373
555,1998,South Africa,Saudi Arabia,group_or_knockout,True,0.0,56.9,21.1,61.5,rain,58.59,204.96,draw,Bordeaux,France,1998-06-24,0.232,2.79,0.174,0.167,51.54,1530,1,315.3,-0.11,17.05,0.45,68.0,32.2,12.38,0.1266666666666666,0.7996666666666666,3.4566666666666666,-0.08,Qatar Airways,airline,26.15,81.81,0.598,0.304,0.668,0.76,0.558,real_sponsor_names_with_proxy_commercial_metrics,0.5094985796872883,1543,3,334.4,-0.47,20.17,0.482,68.2,34.6,13.01,0.2876666666666667,0.8483333333333333,5.266666666666667,0.2613333333333333,Visa,finance,27.16,250.0,1.0,0.611,0.648,0.864,0.904,real_sponsor_names_with_proxy_commercial_metrics,0.6490998286575382,-13,-19.09999999999997,-2,-0.2000000000000028,0.36,-0.0486666666666666,-0.161,0.2992007110612221,0.4301927720169844,3.116,0.48,0.45269140809374336,0.1561333333333333,0.6619,0.3683363305502033,0.2,0.43256991690845353
556,1998,Spain,Bulgaria,group_or_knockout,True,0.0,54.0,11.4,57.4,windy,65.19,167.47,A_win,Lens,France,1998-06-24,0.2321,-2.41,0.117,0.132,58.43,1708,12,537.2,0.18,30.58,0.689,77.4,45.2,19.26,0.2126666666666666,0.84,4.25,0.077,Budweiser,beverage,27.85,350.0,1.0,0.321,0.724,0.933,0.612,real_sponsor_names_with_proxy_commercial_metrics,0.6704472243491213,1502,4,286.8,-0.46,19.9,0.447,65.2,28.9,10.5,0.3979999999999999,0.719,2.9800000000000004,-0.0613333333333333,Hisense,technology,33.88,1070.0,1.0,0.2,0.675,0.918,0.633,real_sponsor_names_with_proxy_commercial_metrics,0.8252717468149495,206,250.40000000000003,8,12.200000000000005,0.64,0.121,-0.1853333333333333,0.7299678934836586,0.614428209274891,4.012,0.48,0.4685554392048115,0.19159999999999994,0.80913,0.6029324198958109,0.2,0.544440520281721
557,1998,Belgium,South Korea,group_or_knockout,True,0.0,48.2,15.4,56.4,windy,54.19,143.05,draw,Paris,France,1998-06-25,0.3026,2.39,0.187,0.154,53.95,1674,9,495.4,0.02,28.38,0.646,71.5,40.4,23.19,0.142,0.7919999999999999,3.7566666666666655,0.0076666666666666,Visa,finance,26.85,250.0,1.0,0.538,0.72,0.914,0.914,real_sponsor_names_with_proxy_commercial_metrics,0.6636131480729871,1548,6,343.4,-0.37,22.9,0.505,70.3,20.2,12.829999999999998,0.151,0.8606666666666666,2.8866666666666667,0.2443333333333333,McDonald's,restaurant,25.44,80.72,0.587,0.49,0.67,0.723,0.661,real_sponsor_names_with_proxy_commercial_metrics,0.5004808180408472,126,152.0,3,1.2000000000000028,0.39,-0.0686666666666666,-0.009,0.6045045124588039,0.590844997510181,3.692,0.48,0.4058650777064721,0.16840000000000002,0.8480000000000001,0.4945651894669235,0.2,0.5304927703816621
558,1998,Germany,Iran,group_or_knockout,True,0.0,44.6,6.5,56.2,hot,54.19,183.75,A_win,Montpellier,France,1998-06-25,0.1676,5.09,0.123,0.175,46.32,1798,20,646.1,0.4,35.62,0.797,81.3,65.9,22.15,0.2123333333333333,0.851,5.576666666666667,0.3273333333333333,Coca-Cola,beverage,29.19,300.0,1.0,0.286,0.859,0.907,0.902,real_sponsor_names_with_proxy_commercial_metrics,0.7215038709709707,1519,3,305.2,-0.44,19.13,0.455,68.7,30.6,12.34,0.1146666666666666,0.8703333333333333,3.7066666666666666,0.2463333333333333,Visa,finance,29.04,250.0,1.0,0.165,0.637,0.935,0.918,real_sponsor_names_with_proxy_commercial_metrics,0.6830613109122354,279,340.90000000000003,17,12.599999999999994,0.8400000000000001,-0.0193333333333333,0.0976666666666666,0.9510351228677828,0.6914126073358622,4.099,0.62,0.38484592866096845,0.18699999999999997,0.90283,0.7812038821094698,0.2,0.5749018448192681
559,1998,Netherlands,Mexico,group_or_knockout,True,0.0,41.8,21.6,59.7,rain,58.59,106.11,draw,Saint-Étienne,France,1998-06-25,0.2296,4.68,0.121,0.106,46.6,1746,9,581.1,0.35,31.14,0.724,75.8,49.9,15.97,0.1103333333333333,0.742,2.733333333333333,0.1786666666666666,Hisense,technology,32.27,1070.0,1.0,0.505,0.811,0.856,0.664,real_sponsor_names_with_proxy_commercial_metrics,0.8192941476500228,1612,10,421.9,-0.18,26.83,0.584,72.1,37.6,18.89,0.2446666666666666,0.7546666666666667,1.1233333333333333,0.211,Hyundai,automotive,28.5,590.0,1.0,0.636,0.712,0.897,0.88,real_sponsor_names_with_proxy_commercial_metrics,0.7185336170151837,134,159.20000000000005,-1,3.700000000000003,0.53,-0.0126666666666667,-0.1343333333333333,0.7581498473599972,0.4762367198794702,3.688,0.48,0.35192097318616056,0.1694,0.8342200000000001,0.3475527724256048,0.2,0.5229878716394893
560,1998,United States,Serbia,group_or_knockout,True,0.0,46.4,21.9,71.6,cloudy,51.99,232.34,B_win,Nantes,France,1998-06-25,0.1581,2.62,0.073,0.117,53.51,1578,6,379.0,-0.3,23.84,0.536,71.9,31.0,12.75,0.132,0.7943333333333333,0.7200000000000001,0.0636666666666666,Vivo,technology,22.58,68.24,0.455,0.416,0.676,0.652,0.654,real_sponsor_names_with_proxy_commercial_metrics,0.4277412886284749,1559,2,352.7,-0.38,20.1,0.495,68.8,36.3,15.31,0.141,0.848,1.7433333333333334,0.1526666666666666,Vivo,technology,23.55,77.75,0.555,0.452,0.729,0.727,0.578,real_sponsor_names_with_proxy_commercial_metrics,0.4728882004869282,19,26.30000000000001,4,3.1000000000000085,0.08,-0.0536666666666666,-0.0089999999999999,0.4407302164904229,0.3886886541634158,2.942,0.22,0.4101486111663417,0.16146666666666668,0.6269199999999999,0.28716905730393205,0.2,0.3876012546698588
561,1998,Argentina,Croatia,group_or_knockout,True,0.0,57.1,20.5,80.0,clear,51.99,156.35,A_win,Bordeaux,France,1998-06-26,0.0926,6.37,0.233,0.205,40.96,1753,15,591.7,0.26,33.16,0.743,76.8,58.0,19.5,0.2623333333333333,0.8586666666666667,3.813333333333333,0.2106666666666666,Hyundai,automotive,30.74,590.0,1.0,0.338,0.813,0.936,0.851,real_sponsor_names_with_proxy_commercial_metrics,0.7681302767229082,1671,5,489.2,0.13,26.28,0.629,75.1,52.8,21.52,0.2903333333333333,0.7756666666666666,3.4933333333333336,0.102,Hisense,technology,28.53,1070.0,1.0,0.267,0.792,0.927,0.587,real_sponsor_names_with_proxy_commercial_metrics,0.7693425818880185,82,102.50000000000006,10,1.7000000000000028,0.13,0.083,-0.0279999999999999,0.8112048561394937,0.5746957795574819,4.038,0.12,0.3261599120065811,0.2139333333333333,0.8831100000000001,0.3198815385713266,0.2,0.5372974670909092
562,1998,Colombia,England,group_or_knockout,True,0.0,62.3,29.5,58.0,cloudy,54.19,221.66,B_win,Lens,France,1998-06-26,0.2379,1.99,-0.003,0.009,61.21,1650,3,462.8,-0.05,24.41,0.599,74.7,50.9,8.73,0.2533333333333333,0.816,4.703333333333333,0.1769999999999999,Vivo,technology,18.25,73.14,0.507,0.422,0.764,0.653,0.613,real_sponsor_names_with_proxy_commercial_metrics,0.3902368726248783,1695,13,522.2,0.16,30.51,0.678,76.6,52.6,19.34,0.28,0.7986666666666666,2.61,0.1863333333333333,McDonald's,restaurant,20.29,74.13,0.517,0.758,0.819,0.654,0.569,real_sponsor_names_with_proxy_commercial_metrics,0.4256813568338741,-45,-59.400000000000034,-10,-1.8999999999999917,-0.21,0.0173333333333333,-0.0266666666666666,0.5635569682915822,0.4274729404550421,3.32,0.22,0.4288540165685184,0.2256,0.6673399999999999,0.4208891743381147,0.2,0.3950116760710863
563,1998,Japan,Jamaica,group_or_knockout,True,0.0,58.7,30.2,71.0,rain,56.39,119.24,B_win,Lyon,France,1998-06-26,0.6866,1.3,0.144,0.154,51.1,1586,4,387.4,-0.2,22.68,0.535,72.8,37.0,11.9,0.25,0.7706666666666667,4.593333333333333,0.3566666666666667,Adidas,apparel,29.47,1830.0,1.0,0.558,0.648,0.855,0.917,real_sponsor_names_with_proxy_commercial_metrics,0.8586337787056367,1562,1,349.3,-0.33,14.65,0.46,70.7,37.4,8.73,0.0876666666666666,0.8119999999999999,3.2533333333333334,0.2296666666666666,Adidas,apparel,33.24,1830.0,1.0,0.445,0.601,0.904,0.813,real_sponsor_names_with_proxy_commercial_metrics,0.9013624425887266,24,38.099999999999966,3,2.0999999999999943,0.13,-0.0413333333333332,0.1623333333333333,0.4507401502367096,0.4753296048297412,3.762,0.48,0.499295278540715,0.2417333333333333,0.8034600000000001,0.5992701063298366,0.2,0.5530038519498235
564,1998,Romania,Tunisia,group_or_knockout,True,0.0,48.0,22.0,46.8,cloudy,54.19,119.58,draw,Saint-Denis,France,1998-06-26,0.248,1.82,0.105,0.128,42.4,1634,3,443.7,0.0,23.69,0.581,73.6,37.4,11.0,0.1443333333333333,0.7826666666666666,1.6033333333333335,0.135,Qatar Airways,airline,19.84,68.58,0.459,0.365,0.75,0.711,0.645,real_sponsor_names_with_proxy_commercial_metrics,0.4101980603082731,1519,3,305.2,-0.39,19.13,0.455,66.6,27.6,11.21,0.2033333333333333,0.8946666666666667,3.3266666666666667,0.1976666666666666,Hyundai,automotive,28.75,590.0,1.0,0.7,0.649,0.867,0.833,real_sponsor_names_with_proxy_commercial_metrics,0.7046561013575636,115,138.5,0,7.0,0.39,-0.1120000000000001,-0.059,0.5280251997286122,0.3567619314853446,3.069,0.22,0.3385826932784054,0.17353333333333334,0.67212,0.1774074074074074,0.2,0.3657422139455632
565,1998,Brazil,Chile,group_or_knockout,True,0.0,69.7,10.2,70.3,hot,60.79,125.47,A_win,Paris,France,1998-06-27,0.1862,0.44,0.182,0.183,66.77,1829,20,683.6,0.5,36.78,0.83,78.8,57.4,18.61,0.1376666666666667,0.7313333333333333,3.723333333333333,0.206,Adidas,apparel,33.15,1830.0,1.0,0.369,0.809,0.916,0.861,real_sponsor_names_with_proxy_commercial_metrics,0.9383411482254695,1622,5,430.7,-0.12,24.93,0.579,72.9,38.6,16.65,0.135,0.8083333333333332,3.453333333333333,0.1826666666666666,Hisense,technology,27.36,1070.0,1.0,0.243,0.681,0.911,0.656,real_sponsor_names_with_proxy_commercial_metrics,0.7384557551656803,207,252.90000000000003,15,5.899999999999992,0.62,-0.0769999999999999,0.0026666666666666,0.9764150943396226,0.5587869910004112,4.437,0.62,0.43432449927909333,0.19006666666666672,0.87793,0.7458870334689216,0.2,0.5960333329100466
566,1998,Italy,Norway,group_or_knockout,True,0.0,67.6,26.7,45.8,clear,51.99,159.36,A_win,Marseille,France,1998-06-27,0.1719,4.11,0.118,0.188,51.78,1755,14,594.5,0.34,33.03,0.744,77.8,61.6,11.04,0.3303333333333333,0.8929999999999999,1.3333333333333333,0.0393333333333333,Visa,finance,33.4,250.0,1.0,0.316,0.761,0.842,0.918,real_sponsor_names_with_proxy_commercial_metrics,0.749976237843342,1541,1,328.5,-0.12,17.05,0.46,69.8,29.1,10.21,0.1593333333333333,0.8300000000000001,0.6766666666666666,0.2416666666666666,McDonald's,restaurant,20.44,68.0,0.453,0.453,0.651,0.632,0.639,real_sponsor_names_with_proxy_commercial_metrics,0.3906645167243267,214,266.0,13,8.0,0.46,0.0629999999999998,0.171,0.8187106162327391,0.3628129766663017,3.677,0.12,0.3729235609648331,0.24100000000000002,0.84782,0.25534075501320197,0.2,0.4764014427419332
567,1998,France,Paraguay,group_or_knockout,False,0.18,55.9,26.3,75.5,clear,51.99,151.34,A_win,Lens,France,1998-06-28,0.4233,3.41,0.12,0.14,55.85,1748,13,584.8,0.26,32.28,0.733,77.8,46.5,18.67,0.2083333333333333,0.8296666666666667,3.483333333333333,0.3613333333333333,Qatar Airways,airline,24.02,81.37,0.593,0.647,0.801,0.711,0.647,real_sponsor_names_with_proxy_commercial_metrics,0.5007849188790221,1578,4,377.4,-0.11,22.66,0.528,69.9,30.5,12.88,0.1066666666666666,0.8923333333333333,3.733333333333333,0.1686666666666666,Hyundai,automotive,26.2,590.0,1.0,0.401,0.667,0.921,0.802,real_sponsor_names_with_proxy_commercial_metrics,0.6777827610652881,170,207.4,9,7.899999999999991,0.37,-0.0626666666666666,0.1016666666666666,0.8018213325687816,0.5732560494488035,3.668,0.12,0.4350430633810665,0.19313333333333332,0.7179599999999999,0.37326946406907874,0.2,0.4726350870528436
568,1998,Nigeria,Denmark,group_or_knockout,True,0.0,49.5,24.9,93.4,cloudy,60.79,152.53,B_win,Saint-Denis,France,1998-06-28,0.2108,4.08,0.098,0.105,56.94,1585,3,384.6,-0.29,21.98,0.529,75.3,31.3,8.190000000000001,0.2983333333333333,0.916,1.92,-0.066,Coca-Cola,beverage,26.63,300.0,1.0,0.555,0.744,0.906,0.879,real_sponsor_names_with_proxy_commercial_metrics,0.6666248313049998,1642,4,453.4,0.04,24.3,0.592,71.5,43.1,19.09,0.1573333333333333,0.8273333333333334,2.966666666666667,0.3496666666666666,Coca-Cola,beverage,33.85,300.0,1.0,0.685,0.715,0.895,0.825,real_sponsor_names_with_proxy_commercial_metrics,0.754749779112933,-57,-68.79999999999995,-1,3.799999999999997,-0.3299999999999999,0.0886666666666665,0.141,0.4667473504417841,0.3492602738189749,3.306,0.22,0.4180049329542864,0.21259999999999996,0.85083,0.4541989581103262,0.2,0.46374402277337023
569,1998,Germany,Mexico,group_or_knockout,True,0.0,65.1,28.9,56.0,cloudy,56.39,121.31,A_win,Montpellier,France,1998-06-29,0.3237,1.93,0.231,0.151,51.17,1798,20,646.1,0.4,35.62,0.797,81.3,65.9,22.15,0.2123333333333333,0.851,5.576666666666667,0.3273333333333333,Coca-Cola,beverage,29.19,300.0,1.0,0.286,0.859,0.907,0.902,real_sponsor_names_with_proxy_commercial_metrics,0.7215038709709707,1612,10,421.9,-0.18,26.83,0.584,72.1,37.6,18.89,0.2446666666666666,0.7546666666666667,1.1233333333333333,0.211,Hyundai,automotive,28.5,590.0,1.0,0.636,0.712,0.897,0.88,real_sponsor_names_with_proxy_commercial_metrics,0.7185336170151837,186,224.20000000000005,10,9.200000000000005,0.5800000000000001,0.0963333333333332,-0.0323333333333333,0.9510351228677828,0.6795632133969964,4.236,0.22,0.3997303389756785,0.18699999999999997,0.90283,0.39664026261328766,0.2,0.5745608965793276
570,1998,Netherlands,Serbia,group_or_knockout,True,0.0,60.4,16.0,22.9,clear,56.39,113.03,A_win,Toulouse,France,1998-06-29,0.207,2.68,0.12,0.144,57.28,1746,9,581.1,0.35,31.14,0.724,75.8,49.9,15.97,0.1103333333333333,0.742,2.733333333333333,0.1786666666666666,Hisense,technology,32.27,1070.0,1.0,0.505,0.811,0.856,0.664,real_sponsor_names_with_proxy_commercial_metrics,0.8192941476500228,1559,2,352.7,-0.38,20.1,0.495,68.8,36.3,15.31,0.141,0.848,1.7433333333333334,0.1526666666666666,Vivo,technology,23.55,77.75,0.555,0.452,0.729,0.727,0.578,real_sponsor_names_with_proxy_commercial_metrics,0.4728882004869282,187,228.40000000000003,7,7.0,0.73,-0.1059999999999999,-0.0306666666666666,0.7581498473599972,0.4687563201026079,3.972,0.12,0.37464613645726597,0.1694,0.8342200000000001,0.19020516663098552,0.2,0.5254383923561889
571,1998,Argentina,England,group_or_knockout,True,0.0,39.2,35.1,49.2,clear,58.59,165.17,draw,Saint-Étienne,France,1998-06-30,0.1118,-1.77,0.277,0.176,54.26,1753,15,591.7,0.26,33.16,0.743,76.8,58.0,19.5,0.2623333333333333,0.8586666666666667,3.813333333333333,0.2106666666666666,Hyundai,automotive,30.74,590.0,1.0,0.338,0.813,0.936,0.851,real_sponsor_names_with_proxy_commercial_metrics,0.7681302767229082,1695,13,522.2,0.16,30.51,0.678,76.6,52.6,19.34,0.28,0.7986666666666666,2.61,0.1863333333333333,McDonald's,restaurant,20.29,74.13,0.517,0.758,0.819,0.654,0.569,real_sponsor_names_with_proxy_commercial_metrics,0.4256813568338741,58,69.5,2,0.2000000000000028,0.1,0.06,-0.0176666666666666,0.8112048561394937,0.6074355253237899,3.815,0.12,0.3988424942218043,0.2139333333333333,0.8831100000000001,0.488529222864483,0.2,0.5610011123485201
572,1998,Romania,Croatia,group_or_knockout,True,0.0,57.1,17.2,77.7,hot,51.99,130.41,B_win,Bordeaux,France,1998-06-30,0.3439,3.59,0.141,0.139,50.96,1634,3,443.7,0.0,23.69,0.581,73.6,37.4,11.0,0.1443333333333333,0.7826666666666666,1.6033333333333335,0.135,Qatar Airways,airline,19.84,68.58,0.459,0.365,0.75,0.711,0.645,real_sponsor_names_with_proxy_commercial_metrics,0.4101980603082731,1671,5,489.2,0.13,26.28,0.629,75.1,52.8,21.52,0.2903333333333333,0.7756666666666666,3.4933333333333336,0.102,Hisense,technology,28.53,1070.0,1.0,0.267,0.792,0.927,0.587,real_sponsor_names_with_proxy_commercial_metrics,0.7693425818880185,-37,-45.5,-2,-1.5,-0.13,0.007,-0.146,0.5280251997286122,0.3506428338235489,3.059,0.62,0.38525667163821464,0.17353333333333334,0.67212,0.5957814172554057,0.2,0.37336366227222223
573,1998,Brazil,Denmark,group_or_knockout,True,0.0,61.4,27.5,66.8,cloudy,60.79,143.37,A_win,Nantes,France,1998-07-03,0.1529,3.01,0.121,0.119,53.5,1829,20,683.6,0.5,36.78,0.83,78.8,57.4,18.61,0.1376666666666667,0.7313333333333333,3.723333333333333,0.206,Adidas,apparel,33.15,1830.0,1.0,0.369,0.809,0.916,0.861,real_sponsor_names_with_proxy_commercial_metrics,0.9383411482254695,1642,4,453.4,0.04,24.3,0.592,71.5,43.1,19.09,0.1573333333333333,0.8273333333333334,2.966666666666667,0.3496666666666666,Coca-Cola,beverage,33.85,300.0,1.0,0.685,0.715,0.895,0.825,real_sponsor_names_with_proxy_commercial_metrics,0.754749779112933,187,230.20000000000005,16,7.299999999999997,0.46,-0.096,-0.0196666666666666,0.9764150943396226,0.5650190390463682,4.382,0.22,0.3900958570046815,0.19006666666666672,0.87793,0.4068907443088561,0.2,0.5889325779080321
574,1998,France,Italy,group_or_knockout,False,0.18,46.3,12.9,62.0,clear,49.79,219.42,draw,Saint-Denis,France,1998-07-03,0.1041,0.49,0.108,0.138,44.8,1748,13,584.8,0.26,32.28,0.733,77.8,46.5,18.67,0.2083333333333333,0.8296666666666667,3.483333333333333,0.3613333333333333,Qatar Airways,airline,24.02,81.37,0.593,0.647,0.801,0.711,0.647,real_sponsor_names_with_proxy_commercial_metrics,0.5007849188790221,1755,14,594.5,0.34,33.03,0.744,77.8,61.6,11.04,0.3303333333333333,0.8929999999999999,1.3333333333333333,0.0393333333333333,Visa,finance,33.4,250.0,1.0,0.316,0.761,0.842,0.918,real_sponsor_names_with_proxy_commercial_metrics,0.749976237843342,-7,-9.700000000000044,-1,0.0,-0.08,-0.0633333333333332,-0.122,0.8018213325687816,0.5870690607608087,3.509,0.12,0.3575488408137929,0.19313333333333332,0.7179599999999999,0.4397916220652251,0.2,0.4610038857067504
575,1998,Germany,Croatia,group_or_knockout,True,0.0,60.5,17.4,74.1,clear,56.39,157.47,B_win,Lyon,France,1998-07-04,0.349,2.58,0.165,0.138,45.65,1798,20,646.1,0.4,35.62,0.797,81.3,65.9,22.15,0.2123333333333333,0.851,5.576666666666667,0.3273333333333333,Coca-Cola,beverage,29.19,300.0,1.0,0.286,0.859,0.907,0.902,real_sponsor_names_with_proxy_commercial_metrics,0.7215038709709707,1671,5,489.2,0.13,26.28,0.629,75.1,52.8,21.52,0.2903333333333333,0.7756666666666666,3.4933333333333336,0.102,Hisense,technology,28.53,1070.0,1.0,0.267,0.792,0.927,0.587,real_sponsor_names_with_proxy_commercial_metrics,0.7693425818880185,127,156.90000000000003,15,6.200000000000003,0.27,0.0753333333333333,-0.0779999999999999,0.9510351228677828,0.692152646768047,4.026,0.12,0.41672553669907636,0.18699999999999997,0.90283,0.37502354956112177,0.2,0.5814849774679014
576,1998,Netherlands,Argentina,group_or_knockout,True,0.0,39.1,32.1,65.8,cloudy,56.39,229.96,A_win,Marseille,France,1998-07-04,0.131,2.26,0.073,0.065,59.85,1746,9,581.1,0.35,31.14,0.724,75.8,49.9,15.97,0.1103333333333333,0.742,2.733333333333333,0.1786666666666666,Hisense,technology,32.27,1070.0,1.0,0.505,0.811,0.856,0.664,real_sponsor_names_with_proxy_commercial_metrics,0.8192941476500228,1753,15,591.7,0.26,33.16,0.743,76.8,58.0,19.5,0.2623333333333333,0.8586666666666667,3.813333333333333,0.2106666666666666,Hyundai,automotive,30.74,590.0,1.0,0.338,0.813,0.936,0.851,real_sponsor_names_with_proxy_commercial_metrics,0.7681302767229082,-7,-10.600000000000025,-6,-1.0,0.0899999999999999,-0.1166666666666667,-0.152,0.7581498473599972,0.5094665646843818,3.899,0.22,0.4272869902075374,0.1694,0.8342200000000001,0.5222229358452866,0.2,0.54736543158914
577,1998,Brazil,Netherlands,group_or_knockout,True,0.0,75.4,21.4,77.5,clear,54.19,133.38,draw,Marseille,France,1998-07-07,0.2489,6.51,0.131,0.157,49.07,1829,20,683.6,0.5,36.78,0.83,78.8,57.4,18.61,0.1376666666666667,0.7313333333333333,3.723333333333333,0.206,Adidas,apparel,33.15,1830.0,1.0,0.369,0.809,0.916,0.861,real_sponsor_names_with_proxy_commercial_metrics,0.9383411482254695,1746,9,581.1,0.35,31.14,0.724,75.8,49.9,15.97,0.1103333333333333,0.742,2.733333333333333,0.1786666666666666,Hisense,technology,32.27,1070.0,1.0,0.505,0.811,0.856,0.664,real_sponsor_names_with_proxy_commercial_metrics,0.8192941476500228,83,102.5,11,3.0,0.15,-0.0106666666666667,0.0273333333333333,0.9764150943396226,0.5318719471228662,4.327,0.12,0.3725238345916451,0.19006666666666672,0.87793,0.2856686648112467,0.2,0.5761369876868443
578,1998,France,Croatia,group_or_knockout,False,0.18,74.2,28.0,72.7,rain,56.39,172.57,A_win,Saint-Denis,France,1998-07-08,0.2776,0.57,0.12,-0.001,63.78,1748,13,584.8,0.26,32.28,0.733,77.8,46.5,18.67,0.2083333333333333,0.8296666666666667,3.483333333333333,0.3613333333333333,Qatar Airways,airline,24.02,81.37,0.593,0.647,0.801,0.711,0.647,real_sponsor_names_with_proxy_commercial_metrics,0.5007849188790221,1671,5,489.2,0.13,26.28,0.629,75.1,52.8,21.52,0.2903333333333333,0.7756666666666666,3.4933333333333336,0.102,Hisense,technology,28.53,1070.0,1.0,0.267,0.792,0.927,0.587,real_sponsor_names_with_proxy_commercial_metrics,0.7693425818880185,77,95.59999999999997,8,2.700000000000003,0.13,0.054,-0.0819999999999999,0.8018213325687816,0.6004267889450817,3.895,0.48,0.4191367961623648,0.19313333333333332,0.7179599999999999,0.5493903518161707,0.2,0.4770616406680612
579,1998,Netherlands,Croatia,group_or_knockout,True,0.0,54.7,24.4,82.3,rain,56.39,158.66,B_win,Paris,France,1998-07-11,0.2253,3.5,0.146,0.115,49.26,1746,9,581.1,0.35,31.14,0.724,75.8,49.9,15.97,0.1103333333333333,0.742,2.733333333333333,0.1786666666666666,Hisense,technology,32.27,1070.0,1.0,0.505,0.811,0.856,0.664,real_sponsor_names_with_proxy_commercial_metrics,0.8192941476500228,1671,5,489.2,0.13,26.28,0.629,75.1,52.8,21.52,0.2903333333333333,0.7756666666666666,3.4933333333333336,0.102,Hisense,technology,28.53,1070.0,1.0,0.267,0.792,0.927,0.587,real_sponsor_names_with_proxy_commercial_metrics,0.7693425818880185,75,91.90000000000003,4,0.7000000000000028,0.2199999999999999,-0.0336666666666666,-0.18,0.7581498473599972,0.4846428202331675,3.764,0.48,0.3866631422338484,0.1694,0.8342200000000001,0.4972302148005423,0.2,0.5322900135480623
580,1998,France,Brazil,group_or_knockout,False,0.18,62.7,22.4,63.7,clear,56.39,100.18,A_win,Saint-Denis,France,1998-07-12,0.2987,0.51,0.148,0.099,53.63,1748,13,584.8,0.26,32.28,0.733,77.8,46.5,18.67,0.2083333333333333,0.8296666666666667,3.483333333333333,0.3613333333333333,Qatar Airways,airline,24.02,81.37,0.593,0.647,0.801,0.711,0.647,real_sponsor_names_with_proxy_commercial_metrics,0.5007849188790221,1829,20,683.6,0.5,36.78,0.83,78.8,57.4,18.61,0.1376666666666667,0.7313333333333333,3.723333333333333,0.206,Adidas,apparel,33.15,1830.0,1.0,0.369,0.809,0.916,0.861,real_sponsor_names_with_proxy_commercial_metrics,0.9383411482254695,-81,-98.80000000000008,-7,-1.0,-0.24,0.0983333333333333,0.0706666666666666,0.8018213325687816,0.5752235510653707,3.701,0.12,0.37063287880171986,0.19313333333333332,0.7179599999999999,0.22083672304288873,0.2,0.4603039505896131
581,2002,France,Senegal,group_or_knockout,True,0.0,26.7,31.2,72.5,cloudy,53.45,227.85,B_win,Seoul,South Korea,2002-05-31,0.2335,1.63,0.152,0.2,47.57,1748,13,584.8,0.26,32.28,0.733,77.8,46.5,18.67,0.2083333333333333,0.8296666666666667,3.483333333333333,0.3613333333333333,Qatar Airways,airline,24.02,81.37,0.593,0.647,0.801,0.711,0.647,real_sponsor_names_with_proxy_commercial_metrics,0.5007849188790221,1638,2,445.8,0.08,21.81,0.572,72.8,30.1,9.94,0.1993333333333333,0.7706666666666666,2.3433333333333333,0.2143333333333333,Budweiser,beverage,31.49,350.0,1.0,0.344,0.754,0.934,0.653,real_sponsor_names_with_proxy_commercial_metrics,0.7276417963741734,110,138.99999999999994,11,5.0,0.18,0.059,0.009,0.8018213325687816,0.6064568413933947,3.275,0.22,0.44094286522659204,0.19313333333333332,0.7179599999999999,0.5277631485049596,0.2,0.48311126916643427
582,2002,Germany,Saudi Arabia,group_or_knockout,True,0.0,43.0,21.6,53.1,clear,68.85,189.44,A_win,Sapporo,Japan,2002-06-01,0.1844,3.38,0.127,0.11,70.9,1798,20,646.1,0.4,35.62,0.797,81.3,65.9,22.15,0.2123333333333333,0.851,5.576666666666667,0.3273333333333333,Coca-Cola,beverage,29.19,300.0,1.0,0.286,0.859,0.907,0.902,real_sponsor_names_with_proxy_commercial_metrics,0.7215038709709707,1543,3,334.4,-0.47,20.17,0.482,68.2,34.6,13.01,0.2876666666666667,0.8483333333333333,5.266666666666667,0.2613333333333333,Visa,finance,27.16,250.0,1.0,0.611,0.648,0.864,0.904,real_sponsor_names_with_proxy_commercial_metrics,0.6490998286575382,255,311.70000000000005,17,13.099999999999994,0.87,0.0026666666666667,-0.0753333333333333,0.9510351228677828,0.7592947360563458,4.203,0.12,0.5164628120748858,0.18699999999999997,0.90283,0.17503425390708624,0.2,0.620232217543787
583,2002,Republic of Ireland,Cameroon,group_or_knockout,True,0.0,54.2,12.3,48.4,clear,55.65,195.99,draw,Niigata,Japan,2002-06-01,0.2262,2.36,0.245,0.162,59.6,1503,2,285.7,-0.08,17.44,0.431,66.8,21.0,11.42,0.122,0.863,3.5500000000000003,0.4016666666666666,McDonald's,restaurant,22.06,77.85,0.556,0.61,0.646,0.669,0.593,real_sponsor_names_with_proxy_commercial_metrics,0.4330902879452503,1542,4,334.5,-0.31,21.28,0.489,68.0,29.1,10.52,0.2513333333333333,0.8450000000000001,2.2433333333333336,0.186,Coca-Cola,beverage,31.97,300.0,1.0,0.241,0.693,0.92,0.885,real_sponsor_names_with_proxy_commercial_metrics,0.7331682968582358,-39,-48.80000000000001,-2,-1.2000000000000028,0.2299999999999999,0.0179999999999999,-0.1293333333333333,0.2519111916307775,0.4984973914027093,3.2,0.12,0.44749711544275744,0.128,0.6276,0.3966331263826446,0.2,0.4292043617881702
584,2002,Uruguay,Denmark,group_or_knockout,True,0.0,44.1,18.2,85.3,hot,57.85,133.93,B_win,Ulsan,South Korea,2002-06-01,0.2019,2.79,0.153,0.141,55.27,1684,10,508.3,0.07,29.28,0.661,74.8,44.8,20.58,0.1356666666666666,0.8753333333333333,1.923333333333333,0.1913333333333333,Vivo,technology,19.75,76.46,0.542,0.306,0.797,0.741,0.63,real_sponsor_names_with_proxy_commercial_metrics,0.4351767440908576,1642,4,453.4,0.04,24.3,0.592,71.5,43.1,19.09,0.1573333333333333,0.8273333333333334,2.966666666666667,0.3496666666666666,Coca-Cola,beverage,33.85,300.0,1.0,0.685,0.715,0.895,0.825,real_sponsor_names_with_proxy_commercial_metrics,0.754749779112933,42,54.900000000000034,6,3.299999999999997,0.03,0.0479999999999999,-0.0216666666666666,0.6570661125383135,0.5756673095773535,3.368,0.62,0.39076724006897906,0.13126666666666664,0.71205,0.6026093627346036,0.2,0.4515937132772606
585,2002,Argentina,Nigeria,group_or_knockout,True,0.0,67.3,26.3,61.5,cloudy,53.45,145.85,A_win,Kashima,Japan,2002-06-02,0.2274,3.5,0.328,0.197,48.75,1753,15,591.7,0.26,33.16,0.743,76.8,58.0,19.5,0.2623333333333333,0.8586666666666667,3.813333333333333,0.2106666666666666,Hyundai,automotive,30.74,590.0,1.0,0.338,0.813,0.936,0.851,real_sponsor_names_with_proxy_commercial_metrics,0.7681302767229082,1585,3,384.6,-0.29,21.98,0.529,75.3,31.3,8.190000000000001,0.2983333333333333,0.916,1.92,-0.066,Coca-Cola,beverage,26.63,300.0,1.0,0.555,0.744,0.906,0.879,real_sponsor_names_with_proxy_commercial_metrics,0.6666248313049998,168,207.1,12,1.5,0.55,-0.0573333333333332,-0.0359999999999999,0.8112048561394937,0.5776032474529827,4.133,0.22,0.3807693573842919,0.2139333333333333,0.8831100000000001,0.35277563690858493,0.2,0.5490334471771916
586,2002,England,Sweden,group_or_knockout,True,0.0,84.0,25.4,70.9,hot,55.65,124.76,draw,Saitama,Japan,2002-06-02,0.1843,1.76,0.124,0.11,58.33,1695,13,522.2,0.16,30.51,0.678,76.6,52.6,19.34,0.28,0.7986666666666666,2.61,0.1863333333333333,McDonald's,restaurant,20.29,74.13,0.517,0.758,0.819,0.654,0.569,real_sponsor_names_with_proxy_commercial_metrics,0.4256813568338741,1654,9,471.1,0.0,27.67,0.624,74.4,39.2,19.34,0.1766666666666666,0.6789999999999999,3.783333333333333,0.1453333333333333,Budweiser,beverage,26.29,350.0,1.0,0.625,0.705,0.91,0.618,real_sponsor_names_with_proxy_commercial_metrics,0.6436681220526703,41,51.10000000000002,4,2.1999999999999886,0.16,0.1196666666666667,0.1033333333333333,0.7074856858162286,0.5374689918560688,3.713,0.62,0.36745146421576447,0.24853333333333336,0.68589,0.5299825162349248,0.2,0.423257736202982
587,2002,Paraguay,South Africa,group_or_knockout,True,0.0,42.7,13.6,60.0,clear,60.05,242.56,draw,Busan,South Korea,2002-06-02,0.3621,4.66,0.196,0.182,50.98,1578,4,377.4,-0.11,22.66,0.528,69.9,30.5,12.88,0.1066666666666666,0.8923333333333333,3.733333333333333,0.1686666666666666,Hyundai,automotive,26.2,590.0,1.0,0.401,0.667,0.921,0.802,real_sponsor_names_with_proxy_commercial_metrics,0.6777827610652881,1530,1,315.3,-0.11,17.05,0.45,68.0,32.2,12.38,0.1266666666666666,0.7996666666666666,3.4566666666666666,-0.08,Qatar Airways,airline,26.15,81.81,0.598,0.304,0.668,0.76,0.558,real_sponsor_names_with_proxy_commercial_metrics,0.5094985796872883,48,62.099999999999966,3,1.9000000000000057,0.0,0.0926666666666666,-0.02,0.4105964679456181,0.5274740354963475,3.7,0.12,0.526565194715994,0.10706666666666664,0.81069,0.4129415542710341,0.2,0.5387462315378454
588,2002,Spain,Slovenia,group_or_knockout,True,0.0,47.1,18.7,48.6,clear,60.05,187.24,A_win,Gwangju,South Korea,2002-06-02,0.1241,2.16,0.062,0.075,59.8,1708,12,537.2,0.18,30.58,0.689,77.4,45.2,19.26,0.2126666666666666,0.84,4.25,0.077,Budweiser,beverage,27.85,350.0,1.0,0.321,0.724,0.933,0.612,real_sponsor_names_with_proxy_commercial_metrics,0.6704472243491213,1491,1,267.3,-0.5,14.34,0.4,66.6,28.9,8.67,0.2016666666666666,0.8223333333333334,2.676666666666667,0.2296666666666666,Vivo,technology,14.76,59.17,0.36,0.203,0.658,0.571,0.553,real_sponsor_names_with_proxy_commercial_metrics,0.28302,217,269.90000000000003,11,10.800000000000011,0.6799999999999999,0.0176666666666666,0.011,0.7299678934836586,0.5982054709636626,3.929,0.12,0.4155145883343218,0.19159999999999994,0.80913,0.23102333547420256,0.2,0.5292899833804791
589,2002,Brazil,Turkey,group_or_knockout,True,0.0,61.1,19.5,58.2,cloudy,57.85,183.21,A_win,Ulsan,South Korea,2002-06-03,0.3972,2.6,0.232,0.179,60.4,1829,20,683.6,0.5,36.78,0.83,78.8,57.4,18.61,0.1376666666666667,0.7313333333333333,3.723333333333333,0.206,Adidas,apparel,33.15,1830.0,1.0,0.369,0.809,0.916,0.861,real_sponsor_names_with_proxy_commercial_metrics,0.9383411482254695,1677,1,491.1,0.1,22.51,0.608,74.3,49.4,16.02,0.292,0.8846666666666666,2.2533333333333334,0.3329999999999999,Mengniu,consumer_goods,18.0,60.85,0.377,0.48,0.714,0.662,0.611,real_sponsor_names_with_proxy_commercial_metrics,0.3550863386108753,152,192.5,19,4.5,0.4,-0.1533333333333333,-0.1543333333333333,0.9764150943396226,0.5656735148561574,4.399,0.22,0.5031999099702652,0.19006666666666672,0.87793,0.2916955684007707,0.2,0.6117366417278899
590,2002,Croatia,Mexico,group_or_knockout,True,0.0,78.9,20.8,81.0,cloudy,53.45,223.42,B_win,Niigata,Japan,2002-06-03,0.1583,3.56,0.063,0.053,46.87,1671,5,489.2,0.13,26.28,0.629,75.1,52.8,21.52,0.2903333333333333,0.7756666666666666,3.4933333333333336,0.102,Hisense,technology,28.53,1070.0,1.0,0.267,0.792,0.927,0.587,real_sponsor_names_with_proxy_commercial_metrics,0.7693425818880185,1612,10,421.9,-0.18,26.83,0.584,72.1,37.6,18.89,0.2446666666666666,0.7546666666666667,1.1233333333333333,0.211,Hyundai,automotive,28.5,590.0,1.0,0.636,0.712,0.897,0.88,real_sponsor_names_with_proxy_commercial_metrics,0.7185336170151837,59,67.30000000000001,-5,3.0,0.31,0.0209999999999999,0.0456666666666666,0.6114873261612664,0.5955976204580838,4.116,0.22,0.3794682195913234,0.26393333333333335,0.8324399999999998,0.3563990580175551,0.2,0.5440087972996527
591,2002,Italy,Ecuador,group_or_knockout,True,0.0,42.1,14.7,66.9,windy,55.65,219.83,A_win,Sapporo,Japan,2002-06-03,0.2858,3.28,0.156,0.101,56.54,1755,14,594.5,0.34,33.03,0.744,77.8,61.6,11.04,0.3303333333333333,0.8929999999999999,1.3333333333333333,0.0393333333333333,Visa,finance,33.4,250.0,1.0,0.316,0.761,0.842,0.918,real_sponsor_names_with_proxy_commercial_metrics,0.749976237843342,1623,2,428.7,-0.08,21.59,0.558,71.6,42.9,13.81,0.1486666666666666,0.8836666666666666,1.9966666666666668,0.0626666666666666,McDonald's,restaurant,16.55,66.18,0.433,0.554,0.689,0.657,0.645,real_sponsor_names_with_proxy_commercial_metrics,0.3438219070287941,132,165.8,12,6.200000000000003,0.42,0.0093333333333333,0.1816666666666667,0.8187106162327391,0.4003189573162956,3.531,0.48,0.45931164480871145,0.24100000000000002,0.84782,0.5581436523228431,0.2,0.5041807340927071
592,2002,China,Costa Rica,group_or_knockout,True,0.0,61.2,19.2,30.6,clear,55.65,197.03,B_win,Gwangju,South Korea,2002-06-04,0.1982,4.15,0.099,0.121,58.14,1388,1,142.7,-1.0,8.65,0.277,65.6,13.7,7.63,0.2816666666666667,0.8653333333333334,3.116666666666667,0.3423333333333334,Mengniu,consumer_goods,22.33,66.05,0.432,0.329,0.58,0.661,0.607,real_sponsor_names_with_proxy_commercial_metrics,0.4024814626440401,1585,3,384.6,-0.19,21.98,0.529,73.1,26.3,15.16,0.1976666666666666,0.8413333333333334,2.26,0.2056666666666666,Visa,finance,31.23,250.0,1.0,0.397,0.677,0.885,0.896,real_sponsor_names_with_proxy_commercial_metrics,0.7111394737514839,-197,-241.90000000000003,-2,-7.5,-0.81,0.024,0.084,0.0518867924528301,0.4166537592969989,2.845,0.12,0.42696859907446205,0.22286666666666666,0.57766,0.14023977734960397,0.2,0.38215272345262175
593,2002,Japan,Belgium,group_or_knockout,False,0.18,81.7,18.6,54.6,hot,60.05,115.25,draw,Saitama,Japan,2002-06-04,0.3705,3.47,0.156,0.175,49.38,1586,4,387.4,-0.2,22.68,0.535,72.8,37.0,11.9,0.25,0.7706666666666667,4.593333333333333,0.3566666666666667,Adidas,apparel,29.47,1830.0,1.0,0.558,0.648,0.855,0.917,real_sponsor_names_with_proxy_commercial_metrics,0.8586337787056367,1674,9,495.4,0.02,28.38,0.646,71.5,40.4,23.19,0.142,0.7919999999999999,3.7566666666666655,0.0076666666666666,Visa,finance,26.85,250.0,1.0,0.538,0.72,0.914,0.914,real_sponsor_names_with_proxy_commercial_metrics,0.6636131480729871,-88,-108.0,-5,1.2999999999999972,-0.22,-0.0213333333333332,0.108,0.4507401502367096,0.4903932493321157,4.088,0.62,0.4290602225379434,0.2417333333333333,0.8034600000000001,0.4595504174694926,0.2,0.543174661209934
594,2002,South Korea,Poland,group_or_knockout,False,0.18,36.5,27.6,86.5,hot,55.65,130.88,A_win,Busan,South Korea,2002-06-04,0.2753,3.78,0.101,0.063,49.9,1548,6,343.4,-0.37,22.9,0.505,70.3,20.2,12.829999999999998,0.151,0.8606666666666666,2.8866666666666667,0.2443333333333333,McDonald's,restaurant,25.44,80.72,0.587,0.49,0.67,0.723,0.661,real_sponsor_names_with_proxy_commercial_metrics,0.5004808180408472,1685,6,506.6,0.05,27.64,0.65,72.7,42.5,15.85,0.2053333333333333,0.815,3.9733333333333327,0.268,Coca-Cola,beverage,28.97,300.0,1.0,0.581,0.749,0.899,0.847,real_sponsor_names_with_proxy_commercial_metrics,0.6960284847496763,-137,-163.20000000000005,0,-2.4000000000000057,-0.42,0.0456666666666666,-0.0543333333333333,0.3785695739184261,0.4585687846073649,3.085,0.62,0.36500415833106686,0.14633333333333337,0.6669599999999999,0.6546153571683437,0.2,0.4221098876860788
595,2002,Germany,Republic of Ireland,group_or_knockout,True,0.0,41.3,27.9,54.6,cloudy,55.65,120.06,draw,Kashima,Japan,2002-06-05,0.2742,2.12,0.057,0.141,51.55,1798,20,646.1,0.4,35.62,0.797,81.3,65.9,22.15,0.2123333333333333,0.851,5.576666666666667,0.3273333333333333,Coca-Cola,beverage,29.19,300.0,1.0,0.286,0.859,0.907,0.902,real_sponsor_names_with_proxy_commercial_metrics,0.7215038709709707,1503,2,285.7,-0.08,17.44,0.431,66.8,21.0,11.42,0.122,0.863,3.5500000000000003,0.4016666666666666,McDonald's,restaurant,22.06,77.85,0.556,0.61,0.646,0.669,0.593,real_sponsor_names_with_proxy_commercial_metrics,0.4330902879452503,295,360.4,18,14.5,0.48,-0.012,0.0903333333333333,0.9510351228677828,0.6758014922389355,3.889,0.22,0.3796732123336921,0.18699999999999997,0.90283,0.36457931920359665,0.2,0.5694961893266733
596,2002,Russia,Tunisia,group_or_knockout,True,0.0,52.5,22.1,29.2,clear,55.65,194.96,A_win,Kobe,Japan,2002-06-05,0.2335,0.56,0.098,0.156,58.95,1676,8,497.3,0.07,27.98,0.645,72.7,49.8,18.23,0.1086666666666666,0.8123333333333332,5.670000000000001,0.13,Hyundai,automotive,26.07,590.0,1.0,0.245,0.69,0.874,0.885,real_sponsor_names_with_proxy_commercial_metrics,0.6793986692072507,1519,3,305.2,-0.39,19.13,0.455,66.6,27.6,11.21,0.2033333333333333,0.8946666666666667,3.3266666666666667,0.1976666666666666,Hyundai,automotive,28.75,590.0,1.0,0.7,0.649,0.867,0.833,real_sponsor_names_with_proxy_commercial_metrics,0.7046561013575636,157,192.1,5,6.1000000000000085,0.46,-0.0823333333333334,-0.0946666666666666,0.6134810916271758,0.5942270207727828,4.054,0.12,0.44569976692960867,0.14026666666666668,0.82105,0.06395918076072221,0.2,0.5411101998120411
597,2002,United States,Portugal,group_or_knockout,True,0.0,51.2,20.6,88.3,cloudy,62.25,186.6,A_win,Suwon,South Korea,2002-06-05,0.1874,-0.2,0.243,0.226,61.27,1578,6,379.0,-0.3,23.84,0.536,71.9,31.0,12.75,0.132,0.7943333333333333,0.7200000000000001,0.0636666666666666,Vivo,technology,22.58,68.24,0.455,0.416,0.676,0.652,0.654,real_sponsor_names_with_proxy_commercial_metrics,0.4277412886284749,1702,6,527.3,0.14,27.94,0.666,76.8,47.1,14.4,0.2406666666666666,0.7363333333333334,3.2266666666666666,0.0836666666666666,Mengniu,consumer_goods,17.76,59.99,0.368,0.468,0.8,0.643,0.574,real_sponsor_names_with_proxy_commercial_metrics,0.3588124240475937,-124,-148.29999999999995,0,-4.899999999999992,-0.44,0.0579999999999999,-0.1086666666666666,0.4407302164904229,0.418885638304498,3.235,0.22,0.4844980512398391,0.16146666666666668,0.6269199999999999,0.3931445800328266,0.2,0.4109262982440613
598,2002,Cameroon,Saudi Arabia,group_or_knockout,True,0.0,68.6,23.8,68.9,clear,53.45,103.48,A_win,Saitama,Japan,2002-06-06,0.3529,-0.71,0.157,0.173,50.34,1542,4,334.5,-0.31,21.28,0.489,68.0,29.1,10.52,0.2513333333333333,0.8450000000000001,2.2433333333333336,0.186,Coca-Cola,beverage,31.97,300.0,1.0,0.241,0.693,0.92,0.885,real_sponsor_names_with_proxy_commercial_metrics,0.7331682968582358,1543,3,334.4,-0.47,20.17,0.482,68.2,34.6,13.01,0.2876666666666667,0.8483333333333333,5.266666666666667,0.2613333333333333,Visa,finance,27.16,250.0,1.0,0.611,0.648,0.864,0.904,real_sponsor_names_with_proxy_commercial_metrics,0.6490998286575382,-1,0.1000000000000227,1,-0.2000000000000028,0.1599999999999999,-0.0033333333333331,-0.0363333333333333,0.3361091814289645,0.3742477559954891,3.456,0.12,0.3822959047099351,0.21279999999999993,0.83381,0.27972204381645616,0.2,0.47717434386670055
599,2002,Denmark,Senegal,group_or_knockout,True,0.0,61.1,18.1,56.9,rain,55.65,150.84,draw,Daegu,South Korea,2002-06-06,0.3868,6.5,0.017,0.129,49.79,1642,4,453.4,0.04,24.3,0.592,71.5,43.1,19.09,0.1573333333333333,0.8273333333333334,2.966666666666667,0.3496666666666666,Coca-Cola,beverage,33.85,300.0,1.0,0.685,0.715,0.895,0.825,real_sponsor_names_with_proxy_commercial_metrics,0.754749779112933,1638,2,445.8,0.08,21.81,0.572,72.8,30.1,9.94,0.1993333333333333,0.7706666666666666,2.3433333333333333,0.2143333333333333,Budweiser,beverage,31.49,350.0,1.0,0.344,0.754,0.934,0.653,real_sponsor_names_with_proxy_commercial_metrics,0.7276417963741734,4,7.599999999999966,2,-1.2999999999999972,-0.04,0.0566666666666667,-0.0419999999999999,0.526123570801118,0.5842343267914426,3.632,0.48,0.42639118964252476,0.16346666666666662,0.8277999999999999,0.4264944694212517,0.2,0.5520877964172128
600,2002,France,Uruguay,group_or_knockout,True,0.0,34.9,16.1,52.1,cloudy,51.25,96.39,draw,Busan,South Korea,2002-06-06,0.3138,-1.85,0.207,0.277,40.05,1748,13,584.8,0.26,32.28,0.733,77.8,46.5,18.67,0.2083333333333333,0.8296666666666667,3.483333333333333,0.3613333333333333,Qatar Airways,airline,24.02,81.37,0.593,0.647,0.801,0.711,0.647,real_sponsor_names_with_proxy_commercial_metrics,0.5007849188790221,1684,10,508.3,0.07,29.28,0.661,74.8,44.8,20.58,0.1356666666666666,0.8753333333333333,1.923333333333333,0.1913333333333333,Vivo,technology,19.75,76.46,0.542,0.306,0.797,0.741,0.63,real_sponsor_names_with_proxy_commercial_metrics,0.4351767440908576,64,76.49999999999994,3,3.0,0.19,-0.0456666666666666,0.0726666666666666,0.8018213325687816,0.5507981841528716,3.277,0.22,0.35436155109956796,0.19313333333333332,0.7179599999999999,0.35377685006779414,0.2,0.450210582313683
601,2002,Argentina,England,group_or_knockout,True,0.0,64.7,17.4,75.3,windy,53.45,150.48,B_win,Sapporo,Japan,2002-06-07,0.2011,5.31,0.048,0.082,42.08,1753,15,591.7,0.26,33.16,0.743,76.8,58.0,19.5,0.2623333333333333,0.8586666666666667,3.813333333333333,0.2106666666666666,Hyundai,automotive,30.74,590.0,1.0,0.338,0.813,0.936,0.851,real_sponsor_names_with_proxy_commercial_metrics,0.7681302767229082,1695,13,522.2,0.16,30.51,0.678,76.6,52.6,19.34,0.28,0.7986666666666666,2.61,0.1863333333333333,McDonald's,restaurant,20.29,74.13,0.517,0.758,0.819,0.654,0.569,real_sponsor_names_with_proxy_commercial_metrics,0.4256813568338741,58,69.5,2,0.2000000000000028,0.1,0.06,-0.0176666666666666,0.8112048561394937,0.5792152241263224,3.904,0.48,0.33257785347300894,0.2139333333333333,0.8831100000000001,0.524208734746307,0.2,0.5398464998634701
602,2002,Spain,Paraguay,group_or_knockout,True,0.0,50.5,19.2,49.3,cloudy,60.05,107.95,A_win,Jeonju,South Korea,2002-06-07,0.4781,1.08,0.179,0.135,52.04,1708,12,537.2,0.18,30.58,0.689,77.4,45.2,19.26,0.2126666666666666,0.84,4.25,0.077,Budweiser,beverage,27.85,350.0,1.0,0.321,0.724,0.933,0.612,real_sponsor_names_with_proxy_commercial_metrics,0.6704472243491213,1578,4,377.4,-0.11,22.66,0.528,69.9,30.5,12.88,0.1066666666666666,0.8923333333333333,3.733333333333333,0.1686666666666666,Hyundai,automotive,26.2,590.0,1.0,0.401,0.667,0.921,0.802,real_sponsor_names_with_proxy_commercial_metrics,0.6777827610652881,130,159.80000000000007,8,7.5,0.29,-0.0523333333333333,0.106,0.7299678934836586,0.570599935233834,3.869,0.22,0.4503340749416549,0.19159999999999994,0.80913,0.2610422464854064,0.2,0.5285243306975937
603,2002,Sweden,Nigeria,group_or_knockout,True,0.0,74.6,16.0,76.4,cloudy,57.85,191.7,A_win,Kobe,Japan,2002-06-07,0.2882,5.29,0.164,0.087,47.55,1654,9,471.1,0.0,27.67,0.624,74.4,39.2,19.34,0.1766666666666666,0.6789999999999999,3.783333333333333,0.1453333333333333,Budweiser,beverage,26.29,350.0,1.0,0.625,0.705,0.91,0.618,real_sponsor_names_with_proxy_commercial_metrics,0.6436681220526703,1585,3,384.6,-0.29,21.98,0.529,75.3,31.3,8.190000000000001,0.2983333333333333,0.916,1.92,-0.066,Coca-Cola,beverage,26.63,300.0,1.0,0.555,0.744,0.906,0.879,real_sponsor_names_with_proxy_commercial_metrics,0.6666248313049998,69,86.5,6,-0.8999999999999915,0.29,-0.237,-0.1216666666666666,0.6002235585615322,0.5601433563500287,4.074,0.22,0.4252846964768427,0.2344,0.7963,0.4613780061371584,0.2,0.5097954283660175
604,2002,Brazil,China,group_or_knockout,True,0.0,49.8,24.0,66.7,rain,60.05,190.76,A_win,Seogwipo,South Korea,2002-06-08,0.1991,-1.83,0.169,0.229,49.42,1829,20,683.6,0.5,36.78,0.83,78.8,57.4,18.61,0.1376666666666667,0.7313333333333333,3.723333333333333,0.206,Adidas,apparel,33.15,1830.0,1.0,0.369,0.809,0.916,0.861,real_sponsor_names_with_proxy_commercial_metrics,0.9383411482254695,1388,1,142.7,-1.0,8.65,0.277,65.6,13.7,7.63,0.2816666666666667,0.8653333333333334,3.116666666666667,0.3423333333333334,Mengniu,consumer_goods,22.33,66.05,0.432,0.329,0.58,0.661,0.607,real_sponsor_names_with_proxy_commercial_metrics,0.4024814626440401,441,540.9000000000001,19,13.200000000000005,1.5,-0.1340000000000001,-0.144,0.9764150943396226,0.5781917769360921,4.32,0.48,0.4506284357972453,0.19006666666666672,0.87793,0.41941818311567824,0.2,0.6047274602756676
605,2002,Italy,Croatia,group_or_knockout,True,0.0,49.7,27.4,61.9,cloudy,57.85,282.05,B_win,Kashima,Japan,2002-06-08,0.3202,2.31,0.268,0.286,57.68,1755,14,594.5,0.34,33.03,0.744,77.8,61.6,11.04,0.3303333333333333,0.8929999999999999,1.3333333333333333,0.0393333333333333,Visa,finance,33.4,250.0,1.0,0.316,0.761,0.842,0.918,real_sponsor_names_with_proxy_commercial_metrics,0.749976237843342,1671,5,489.2,0.13,26.28,0.629,75.1,52.8,21.52,0.2903333333333333,0.7756666666666666,3.4933333333333336,0.102,Hisense,technology,28.53,1070.0,1.0,0.267,0.792,0.927,0.587,real_sponsor_names_with_proxy_commercial_metrics,0.7693425818880185,84,105.3,9,2.700000000000003,0.21,0.1173333333333332,0.04,0.8187106162327391,0.4318710778695528,3.461,0.22,0.5742230294558768,0.24100000000000002,0.84782,0.383116748733319,0.2,0.5359976047770523
606,2002,South Africa,Slovenia,group_or_knockout,True,0.0,65.0,13.5,60.3,hot,53.45,193.67,A_win,Daegu,South Korea,2002-06-08,0.3455,5.85,0.053,0.071,53.34,1530,1,315.3,-0.11,17.05,0.45,68.0,32.2,12.38,0.1266666666666666,0.7996666666666666,3.4566666666666666,-0.08,Qatar Airways,airline,26.15,81.81,0.598,0.304,0.668,0.76,0.558,real_sponsor_names_with_proxy_commercial_metrics,0.5094985796872883,1491,1,267.3,-0.5,14.34,0.4,66.6,28.9,8.67,0.2016666666666666,0.8223333333333334,2.676666666666667,0.2296666666666666,Vivo,technology,14.76,59.17,0.36,0.203,0.658,0.571,0.553,real_sponsor_names_with_proxy_commercial_metrics,0.28302,39,48.0,0,1.4000000000000057,0.39,-0.0226666666666667,-0.0749999999999999,0.2992007110612221,0.4031562117891401,3.259,0.62,0.4296440309263531,0.1561333333333333,0.6619,0.6168390066366944,0.2,0.4203902046111791
607,2002,Costa Rica,Turkey,group_or_knockout,True,0.0,67.9,23.2,55.2,clear,55.65,141.27,draw,Incheon,South Korea,2002-06-09,0.4157,4.3,0.169,0.139,44.3,1585,3,384.6,-0.19,21.98,0.529,73.1,26.3,15.16,0.1976666666666666,0.8413333333333334,2.26,0.2056666666666666,Visa,finance,31.23,250.0,1.0,0.397,0.677,0.885,0.896,real_sponsor_names_with_proxy_commercial_metrics,0.7111394737514839,1677,1,491.1,0.1,22.51,0.608,74.3,49.4,16.02,0.292,0.8846666666666666,2.2533333333333334,0.3329999999999999,Mengniu,consumer_goods,18.0,60.85,0.377,0.48,0.714,0.662,0.611,real_sponsor_names_with_proxy_commercial_metrics,0.3550863386108753,-92,-106.5,2,-1.2000000000000028,-0.29,-0.0433333333333332,-0.0943333333333333,0.445992633460652,0.4785928953674975,3.546,0.12,0.41620072753303633,0.1820666666666666,0.8199899999999999,0.20491757653607365,0.2,0.5077942299098627
608,2002,Japan,Russia,group_or_knockout,False,0.18,63.8,21.7,74.7,windy,53.45,192.06,A_win,Yokohama,Japan,2002-06-09,0.0637,2.09,0.22,0.145,53.12,1586,4,387.4,-0.2,22.68,0.535,72.8,37.0,11.9,0.25,0.7706666666666667,4.593333333333333,0.3566666666666667,Adidas,apparel,29.47,1830.0,1.0,0.558,0.648,0.855,0.917,real_sponsor_names_with_proxy_commercial_metrics,0.8586337787056367,1676,8,497.3,0.07,27.98,0.645,72.7,49.8,18.23,0.1086666666666666,0.8123333333333332,5.670000000000001,0.13,Hyundai,automotive,26.07,590.0,1.0,0.245,0.69,0.874,0.885,real_sponsor_names_with_proxy_commercial_metrics,0.6793986692072507,-90,-109.90000000000003,-4,0.0999999999999943,-0.27,-0.0416666666666665,0.1413333333333333,0.4507401502367096,0.4874663680448746,4.077,0.48,0.36777669310688016,0.2417333333333333,0.8034600000000001,0.4097664311710555,0.2,0.5300984285632938
609,2002,Mexico,Ecuador,group_or_knockout,True,0.0,36.1,25.0,44.2,rain,57.85,111.78,A_win,Rifu,Japan,2002-06-09,0.072,-1.28,0.068,0.147,48.16,1612,10,421.9,-0.18,26.83,0.584,72.1,37.6,18.89,0.2446666666666666,0.7546666666666667,1.1233333333333333,0.211,Hyundai,automotive,28.5,590.0,1.0,0.636,0.712,0.897,0.88,real_sponsor_names_with_proxy_commercial_metrics,0.7185336170151837,1623,2,428.7,-0.08,21.59,0.558,71.6,42.9,13.81,0.1486666666666666,0.8836666666666666,1.9966666666666668,0.0626666666666666,McDonald's,restaurant,16.55,66.18,0.433,0.554,0.689,0.657,0.645,real_sponsor_names_with_proxy_commercial_metrics,0.3438219070287941,-11,-6.800000000000011,8,0.5,-0.0999999999999999,-0.1289999999999999,0.096,0.5181915824104364,0.5020004943565123,3.599,0.48,0.32230845562733296,0.24493333333333328,0.83529,0.34820752158709767,0.2,0.4957144976289341
610,2002,South Korea,United States,group_or_knockout,False,0.18,65.0,22.9,32.0,hot,55.65,121.46,draw,Daegu,South Korea,2002-06-10,0.1681,0.02,0.06,0.04,50.96,1548,6,343.4,-0.37,22.9,0.505,70.3,20.2,12.829999999999998,0.151,0.8606666666666666,2.8866666666666667,0.2443333333333333,McDonald's,restaurant,25.44,80.72,0.587,0.49,0.67,0.723,0.661,real_sponsor_names_with_proxy_commercial_metrics,0.5004808180408472,1578,6,379.0,-0.3,23.84,0.536,71.9,31.0,12.75,0.132,0.7943333333333333,0.7200000000000001,0.0636666666666666,Vivo,technology,22.58,68.24,0.455,0.416,0.676,0.652,0.654,real_sponsor_names_with_proxy_commercial_metrics,0.4277412886284749,-30,-35.60000000000002,0,-1.6000000000000083,-0.07,0.0663333333333332,0.0189999999999999,0.3785695739184261,0.4552891258032914,3.216,0.62,0.32537378158780655,0.14633333333333337,0.6669599999999999,0.2968671947477342,0.2,0.4132655078722862
611,2002,Portugal,Poland,group_or_knockout,True,0.0,44.6,14.3,67.8,cloudy,60.05,188.38,A_win,Jeonju,South Korea,2002-06-10,0.1675,5.72,0.097,0.026,68.23,1702,6,527.3,0.14,27.94,0.666,76.8,47.1,14.4,0.2406666666666666,0.7363333333333334,3.2266666666666666,0.0836666666666666,Mengniu,consumer_goods,17.76,59.99,0.368,0.468,0.8,0.643,0.574,real_sponsor_names_with_proxy_commercial_metrics,0.3588124240475937,1685,6,506.6,0.05,27.64,0.65,72.7,42.5,15.85,0.2053333333333333,0.815,3.9733333333333327,0.268,Coca-Cola,beverage,28.97,300.0,1.0,0.581,0.749,0.899,0.847,real_sponsor_names_with_proxy_commercial_metrics,0.6960284847496763,17,20.69999999999993,0,4.099999999999994,0.09,-0.0786666666666665,0.0353333333333333,0.6820304126224132,0.4762482392058838,3.401,0.22,0.43729603881775175,0.24986666666666663,0.64909,0.46843716548918857,0.2,0.3988042965126204
612,2002,Tunisia,Belgium,group_or_knockout,True,0.0,61.1,15.4,68.1,hot,55.65,86.9,draw,Ōita,Japan,2002-06-10,0.4314,2.07,0.146,0.26,53.86,1519,3,305.2,-0.39,19.13,0.455,66.6,27.6,11.21,0.2033333333333333,0.8946666666666667,3.3266666666666667,0.1976666666666666,Hyundai,automotive,28.75,590.0,1.0,0.7,0.649,0.867,0.833,real_sponsor_names_with_proxy_commercial_metrics,0.7046561013575636,1674,9,495.4,0.02,28.38,0.646,71.5,40.4,23.19,0.142,0.7919999999999999,3.7566666666666655,0.0076666666666666,Visa,finance,26.85,250.0,1.0,0.538,0.72,0.914,0.914,real_sponsor_names_with_proxy_commercial_metrics,0.6636131480729871,-155,-190.2,-6,-4.900000000000006,-0.41,0.1026666666666668,0.0613333333333333,0.2806268442018452,0.4232526320417946,3.468,0.62,0.43323874880940594,0.1641333333333333,0.79428,0.6011207450224791,0.2,0.49162715105939886
613,2002,Cameroon,Germany,group_or_knockout,True,0.0,39.5,23.2,65.7,clear,55.65,157.38,B_win,Fukuroi,Japan,2002-06-11,0.2704,2.65,0.007,0.098,44.09,1542,4,334.5,-0.31,21.28,0.489,68.0,29.1,10.52,0.2513333333333333,0.8450000000000001,2.2433333333333336,0.186,Coca-Cola,beverage,31.97,300.0,1.0,0.241,0.693,0.92,0.885,real_sponsor_names_with_proxy_commercial_metrics,0.7331682968582358,1798,20,646.1,0.4,35.62,0.797,81.3,65.9,22.15,0.2123333333333333,0.851,5.576666666666667,0.3273333333333333,Coca-Cola,beverage,29.19,300.0,1.0,0.286,0.859,0.907,0.902,real_sponsor_names_with_proxy_commercial_metrics,0.7215038709709707,-256,-311.6,-16,-13.299999999999995,-0.71,-0.0059999999999998,0.039,0.3361091814289645,0.4029031927642567,3.063,0.12,0.3774066525402101,0.21279999999999993,0.83381,0.250287946906444,0.2,0.48422001572801054
614,2002,Denmark,France,group_or_knockout,True,0.0,63.8,29.2,64.5,rain,55.65,119.51,A_win,Incheon,South Korea,2002-06-11,0.198,3.4,0.164,0.168,50.37,1642,4,453.4,0.04,24.3,0.592,71.5,43.1,19.09,0.1573333333333333,0.8273333333333334,2.966666666666667,0.3496666666666666,Coca-Cola,beverage,33.85,300.0,1.0,0.685,0.715,0.895,0.825,real_sponsor_names_with_proxy_commercial_metrics,0.754749779112933,1748,13,584.8,0.26,32.28,0.733,77.8,46.5,18.67,0.2083333333333333,0.8296666666666667,3.483333333333333,0.3613333333333333,Qatar Airways,airline,24.02,81.37,0.593,0.647,0.801,0.711,0.647,real_sponsor_names_with_proxy_commercial_metrics,0.5007849188790221,-106,-131.39999999999998,-9,-6.299999999999997,-0.22,-0.0023333333333332,-0.0509999999999999,0.526123570801118,0.5733265019154743,3.739,0.48,0.3617899734382639,0.16346666666666662,0.8277999999999999,0.5451721258831086,0.2,0.5361133622110895
615,2002,Saudi Arabia,Republic of Ireland,group_or_knockout,True,0.0,47.5,9.7,52.9,clear,57.85,170.07,B_win,Yokohama,Japan,2002-06-11,0.2417,0.06,0.007,0.072,59.1,1543,3,334.4,-0.47,20.17,0.482,68.2,34.6,13.01,0.2876666666666667,0.8483333333333333,5.266666666666667,0.2613333333333333,Visa,finance,27.16,250.0,1.0,0.611,0.648,0.864,0.904,real_sponsor_names_with_proxy_commercial_metrics,0.6490998286575382,1503,2,285.7,-0.08,17.44,0.431,66.8,21.0,11.42,0.122,0.863,3.5500000000000003,0.4016666666666666,McDonald's,restaurant,22.06,77.85,0.556,0.61,0.646,0.669,0.593,real_sponsor_names_with_proxy_commercial_metrics,0.4330902879452503,40,48.69999999999999,1,1.4000000000000057,-0.3899999999999999,-0.0146666666666667,0.1656666666666666,0.3337070048861339,0.5307413215016327,3.361,0.12,0.4212511376839406,0.2332666666666667,0.80376,0.4837076286305574,0.2,0.5031721564350544
616,2002,Senegal,Uruguay,group_or_knockout,True,0.0,41.3,25.1,70.6,clear,64.45,136.2,draw,Suwon,South Korea,2002-06-11,0.3365,3.66,0.223,0.209,55.48,1638,2,445.8,0.08,21.81,0.572,72.8,30.1,9.94,0.1993333333333333,0.7706666666666666,2.3433333333333333,0.2143333333333333,Budweiser,beverage,31.49,350.0,1.0,0.344,0.754,0.934,0.653,real_sponsor_names_with_proxy_commercial_metrics,0.7276417963741734,1684,10,508.3,0.07,29.28,0.661,74.8,44.8,20.58,0.1356666666666666,0.8753333333333333,1.923333333333333,0.1913333333333333,Vivo,technology,19.75,76.46,0.542,0.306,0.797,0.741,0.63,real_sponsor_names_with_proxy_commercial_metrics,0.4351767440908576,-46,-62.5,-8,-2.0,0.0099999999999999,-0.1046666666666666,0.0636666666666666,0.5202671092235914,0.4163784788281822,3.322,0.12,0.48180389173610344,0.21133333333333335,0.82813,0.32088275173053593,0.2,0.5068389835489133
617,2002,Nigeria,England,group_or_knockout,True,0.0,67.3,30.1,57.3,cloudy,51.25,164.93,draw,Osaka,Japan,2002-06-12,0.2229,1.92,0.161,0.08,57.77,1585,3,384.6,-0.29,21.98,0.529,75.3,31.3,8.190000000000001,0.2983333333333333,0.916,1.92,-0.066,Coca-Cola,beverage,26.63,300.0,1.0,0.555,0.744,0.906,0.879,real_sponsor_names_with_proxy_commercial_metrics,0.6666248313049998,1695,13,522.2,0.16,30.51,0.678,76.6,52.6,19.34,0.28,0.7986666666666666,2.61,0.1863333333333333,McDonald's,restaurant,20.29,74.13,0.517,0.758,0.819,0.654,0.569,real_sponsor_names_with_proxy_commercial_metrics,0.4256813568338741,-110,-137.60000000000002,-10,-1.2999999999999972,-0.4499999999999999,0.1173333333333332,0.0183333333333333,0.4667473504417841,0.3106922812582259,3.497,0.22,0.3758353838829838,0.21259999999999996,0.85083,0.43347141939627487,0.2,0.4445110750421
618,2002,Slovenia,Paraguay,group_or_knockout,True,0.0,61.1,22.1,50.2,clear,60.05,172.53,B_win,Seogwipo,South Korea,2002-06-12,0.3356,3.42,0.273,0.173,56.03,1491,1,267.3,-0.5,14.34,0.4,66.6,28.9,8.67,0.2016666666666666,0.8223333333333334,2.676666666666667,0.2296666666666666,Vivo,technology,14.76,59.17,0.36,0.203,0.658,0.571,0.553,real_sponsor_names_with_proxy_commercial_metrics,0.28302,1578,4,377.4,-0.11,22.66,0.528,69.9,30.5,12.88,0.1066666666666666,0.8923333333333333,3.733333333333333,0.1686666666666666,Hyundai,automotive,26.2,590.0,1.0,0.401,0.667,0.921,0.802,real_sponsor_names_with_proxy_commercial_metrics,0.6777827610652881,-87,-110.09999999999997,-3,-3.300000000000012,-0.39,-0.0699999999999999,0.0949999999999999,0.224011998713193,0.407902658762764,3.061,0.12,0.47768661878314483,0.1920666666666666,0.5668599999999999,0.15469992150146297,0.2,0.36151126821020296
619,2002,South Africa,Spain,group_or_knockout,True,0.0,50.0,26.3,53.0,clear,62.25,263.29,B_win,Daejeon,South Korea,2002-06-12,0.2153,1.59,0.173,0.158,49.03,1530,1,315.3,-0.11,17.05,0.45,68.0,32.2,12.38,0.1266666666666666,0.7996666666666666,3.4566666666666666,-0.08,Qatar Airways,airline,26.15,81.81,0.598,0.304,0.668,0.76,0.558,real_sponsor_names_with_proxy_commercial_metrics,0.5094985796872883,1708,12,537.2,0.18,30.58,0.689,77.4,45.2,19.26,0.2126666666666666,0.84,4.25,0.077,Budweiser,beverage,27.85,350.0,1.0,0.321,0.724,0.933,0.612,real_sponsor_names_with_proxy_commercial_metrics,0.6704472243491213,-178,-221.90000000000003,-11,-9.400000000000006,-0.29,-0.0403333333333333,-0.086,0.2992007110612221,0.4669536921743332,3.042,0.12,0.5022908336736824,0.1561333333333333,0.6619,0.2760472418468565,0.2,0.45278285966849907
620,2002,Sweden,Argentina,group_or_knockout,True,0.0,76.9,18.8,90.3,hot,55.65,159.33,draw,Rifu,Japan,2002-06-12,0.2667,-0.5,0.095,0.021,54.24,1654,9,471.1,0.0,27.67,0.624,74.4,39.2,19.34,0.1766666666666666,0.6789999999999999,3.783333333333333,0.1453333333333333,Budweiser,beverage,26.29,350.0,1.0,0.625,0.705,0.91,0.618,real_sponsor_names_with_proxy_commercial_metrics,0.6436681220526703,1753,15,591.7,0.26,33.16,0.743,76.8,58.0,19.5,0.2623333333333333,0.8586666666666667,3.813333333333333,0.2106666666666666,Hyundai,automotive,30.74,590.0,1.0,0.338,0.813,0.936,0.851,real_sponsor_names_with_proxy_commercial_metrics,0.7681302767229082,-99,-120.60000000000002,-6,-2.3999999999999915,-0.26,-0.1796666666666667,-0.0856666666666667,0.6002235585615322,0.5389837851918451,3.924,0.62,0.3841928177596336,0.2344,0.7963,0.6086073645900234,0.2,0.49565237269828416
621,2002,Costa Rica,Brazil,group_or_knockout,True,0.0,52.3,22.3,30.2,clear,66.65,153.58,B_win,Suwon,South Korea,2002-06-13,0.299,1.9,0.056,0.095,68.21,1585,3,384.6,-0.19,21.98,0.529,73.1,26.3,15.16,0.1976666666666666,0.8413333333333334,2.26,0.2056666666666666,Visa,finance,31.23,250.0,1.0,0.397,0.677,0.885,0.896,real_sponsor_names_with_proxy_commercial_metrics,0.7111394737514839,1829,20,683.6,0.5,36.78,0.83,78.8,57.4,18.61,0.1376666666666667,0.7313333333333333,3.723333333333333,0.206,Adidas,apparel,33.15,1830.0,1.0,0.369,0.809,0.916,0.861,real_sponsor_names_with_proxy_commercial_metrics,0.9383411482254695,-244,-299.0,-17,-5.700000000000003,-0.69,0.1100000000000001,0.0599999999999999,0.445992633460652,0.5323270380415209,3.411,0.12,0.49972315728677547,0.1820666666666666,0.8199899999999999,0.07348248055377152,0.2,0.5395442758093371
622,2002,Ecuador,Croatia,group_or_knockout,True,0.0,58.4,13.3,66.0,rain,53.45,142.54,A_win,Yokohama,Japan,2002-06-13,0.2622,4.15,0.139,0.126,50.47,1623,2,428.7,-0.08,21.59,0.558,71.6,42.9,13.81,0.1486666666666666,0.8836666666666666,1.9966666666666668,0.0626666666666666,McDonald's,restaurant,16.55,66.18,0.433,0.554,0.689,0.657,0.645,real_sponsor_names_with_proxy_commercial_metrics,0.3438219070287941,1671,5,489.2,0.13,26.28,0.629,75.1,52.8,21.52,0.2903333333333333,0.7756666666666666,3.4933333333333336,0.102,Hisense,technology,28.53,1070.0,1.0,0.267,0.792,0.927,0.587,real_sponsor_names_with_proxy_commercial_metrics,0.7693425818880185,-48,-60.5,-3,-3.5,-0.21,0.1079999999999999,-0.1416666666666666,0.4857367378812579,0.4250014252983159,3.418,0.48,0.3749921692250447,0.13573333333333332,0.62832,0.5906709484050524,0.2,0.372336890615448
623,2002,Mexico,Italy,group_or_knockout,True,0.0,61.5,8.9,31.1,clear,55.65,109.15,draw,Ōita,Japan,2002-06-13,0.087,3.63,0.117,0.101,62.0,1612,10,421.9,-0.18,26.83,0.584,72.1,37.6,18.89,0.2446666666666666,0.7546666666666667,1.1233333333333333,0.211,Hyundai,automotive,28.5,590.0,1.0,0.636,0.712,0.897,0.88,real_sponsor_names_with_proxy_commercial_metrics,0.7185336170151837,1755,14,594.5,0.34,33.03,0.744,77.8,61.6,11.04,0.3303333333333333,0.8929999999999999,1.3333333333333333,0.0393333333333333,Visa,finance,33.4,250.0,1.0,0.316,0.761,0.842,0.918,real_sponsor_names_with_proxy_commercial_metrics,0.749976237843342,-143,-172.60000000000002,-4,-5.700000000000003,-0.52,-0.1383333333333332,-0.0856666666666667,0.5181915824104364,0.4911951750914438,3.692,0.12,0.3358158654967689,0.24493333333333328,0.83529,0.4103193463212731,0.2,0.4953904902086021
624,2002,Turkey,China,group_or_knockout,True,0.0,49.9,28.7,56.3,rain,57.85,185.23,A_win,Seoul,South Korea,2002-06-13,0.252,2.86,0.215,0.151,63.91,1677,1,491.1,0.1,22.51,0.608,74.3,49.4,16.02,0.292,0.8846666666666666,2.2533333333333334,0.3329999999999999,Mengniu,consumer_goods,18.0,60.85,0.377,0.48,0.714,0.662,0.611,real_sponsor_names_with_proxy_commercial_metrics,0.3550863386108753,1388,1,142.7,-1.0,8.65,0.277,65.6,13.7,7.63,0.2816666666666667,0.8653333333333334,3.116666666666667,0.3423333333333334,Mengniu,consumer_goods,22.33,66.05,0.432,0.329,0.58,0.661,0.607,real_sponsor_names_with_proxy_commercial_metrics,0.4024814626440401,289,348.40000000000003,0,8.700000000000003,1.1,0.0193333333333332,0.0103333333333333,0.5898881397701872,0.5500294755598316,3.485,0.48,0.4663362119969733,0.22133333333333335,0.6248900000000001,0.49673424677085554,0.2,0.4227008168227576
625,2002,Belgium,Russia,group_or_knockout,True,0.0,64.1,17.1,51.1,rain,62.25,209.83,A_win,Fukuroi,Japan,2002-06-14,0.1555,4.69,0.045,0.045,51.67,1674,9,495.4,0.02,28.38,0.646,71.5,40.4,23.19,0.142,0.7919999999999999,3.7566666666666655,0.0076666666666666,Visa,finance,26.85,250.0,1.0,0.538,0.72,0.914,0.914,real_sponsor_names_with_proxy_commercial_metrics,0.6636131480729871,1676,8,497.3,0.07,27.98,0.645,72.7,49.8,18.23,0.1086666666666666,0.8123333333333332,5.670000000000001,0.13,Hyundai,automotive,26.07,590.0,1.0,0.245,0.69,0.874,0.885,real_sponsor_names_with_proxy_commercial_metrics,0.6793986692072507,-2,-1.900000000000034,1,-1.2000000000000028,-0.05,-0.0203333333333333,0.0333333333333333,0.6045045124588039,0.6503271837544602,4.091,0.48,0.42528913043306144,0.16840000000000002,0.8480000000000001,0.4274443017198316,0.2,0.5510325930753781
626,2002,Japan,Tunisia,group_or_knockout,False,0.18,51.1,20.3,24.6,clear,55.65,317.49,A_win,Osaka,Japan,2002-06-14,0.1626,2.37,0.281,0.114,45.01,1586,4,387.4,-0.2,22.68,0.535,72.8,37.0,11.9,0.25,0.7706666666666667,4.593333333333333,0.3566666666666667,Adidas,apparel,29.47,1830.0,1.0,0.558,0.648,0.855,0.917,real_sponsor_names_with_proxy_commercial_metrics,0.8586337787056367,1519,3,305.2,-0.39,19.13,0.455,66.6,27.6,11.21,0.2033333333333333,0.8946666666666667,3.3266666666666667,0.1976666666666666,Hyundai,automotive,28.75,590.0,1.0,0.7,0.649,0.867,0.833,real_sponsor_names_with_proxy_commercial_metrics,0.7046561013575636,67,82.19999999999999,1,6.200000000000003,0.19,-0.124,0.0466666666666666,0.4507401502367096,0.5410256258598605,4.083,0.12,0.4721440311950428,0.2417333333333333,0.8034600000000001,0.08570113466067222,0.2,0.5659684883691224
627,2002,South Korea,Portugal,group_or_knockout,False,0.18,52.6,14.7,64.2,rain,53.45,128.33,A_win,Incheon,South Korea,2002-06-14,0.1921,2.92,0.222,0.179,47.7,1548,6,343.4,-0.37,22.9,0.505,70.3,20.2,12.829999999999998,0.151,0.8606666666666666,2.8866666666666667,0.2443333333333333,McDonald's,restaurant,25.44,80.72,0.587,0.49,0.67,0.723,0.661,real_sponsor_names_with_proxy_commercial_metrics,0.5004808180408472,1702,6,527.3,0.14,27.94,0.666,76.8,47.1,14.4,0.2406666666666666,0.7363333333333334,3.2266666666666666,0.0836666666666666,Mengniu,consumer_goods,17.76,59.99,0.368,0.468,0.8,0.643,0.574,real_sponsor_names_with_proxy_commercial_metrics,0.3588124240475937,-154,-183.9,0,-6.5,-0.51,0.1243333333333331,-0.0896666666666666,0.3785695739184261,0.4477913180709935,3.213,0.48,0.3510740069801728,0.14633333333333337,0.6669599999999999,0.5464769856561764,0.2,0.4163061667857161
628,2002,Poland,United States,group_or_knockout,True,0.0,75.7,14.5,51.9,hot,60.05,159.21,A_win,Daejeon,South Korea,2002-06-14,0.2135,1.79,0.103,0.108,59.99,1685,6,506.6,0.05,27.64,0.65,72.7,42.5,15.85,0.2053333333333333,0.815,3.9733333333333327,0.268,Coca-Cola,beverage,28.97,300.0,1.0,0.581,0.749,0.899,0.847,real_sponsor_names_with_proxy_commercial_metrics,0.6960284847496763,1578,6,379.0,-0.3,23.84,0.536,71.9,31.0,12.75,0.132,0.7943333333333333,0.7200000000000001,0.0636666666666666,Vivo,technology,22.58,68.24,0.455,0.416,0.676,0.652,0.654,real_sponsor_names_with_proxy_commercial_metrics,0.4277412886284749,107,127.60000000000002,0,0.7999999999999972,0.35,0.0206666666666666,0.0733333333333333,0.616436840876696,0.5542602969869447,4.025,0.62,0.42801392073519307,0.1972,0.84638,0.5545311496467566,0.2,0.5305037036433055
629,2002,Denmark,England,group_or_knockout,True,0.0,44.5,22.0,24.4,rain,57.85,140.7,B_win,Niigata,Japan,2002-06-15,0.3049,4.81,0.264,0.141,57.65,1642,4,453.4,0.04,24.3,0.592,71.5,43.1,19.09,0.1573333333333333,0.8273333333333334,2.966666666666667,0.3496666666666666,Coca-Cola,beverage,33.85,300.0,1.0,0.685,0.715,0.895,0.825,real_sponsor_names_with_proxy_commercial_metrics,0.754749779112933,1695,13,522.2,0.16,30.51,0.678,76.6,52.6,19.34,0.28,0.7986666666666666,2.61,0.1863333333333333,McDonald's,restaurant,20.29,74.13,0.517,0.758,0.819,0.654,0.569,real_sponsor_names_with_proxy_commercial_metrics,0.4256813568338741,-53,-68.80000000000007,-9,-5.099999999999994,-0.12,0.0286666666666667,-0.1226666666666666,0.526123570801118,0.5905936542382502,3.394,0.48,0.4301825227647109,0.16346666666666662,0.8277999999999999,0.18461728395061727,0.2,0.5546266747267561
630,2002,Germany,Paraguay,group_or_knockout,True,0.0,26.6,18.6,71.4,clear,53.45,162.09,A_win,Seogwipo,South Korea,2002-06-15,0.1228,3.41,0.057,0.095,46.92,1798,20,646.1,0.4,35.62,0.797,81.3,65.9,22.15,0.2123333333333333,0.851,5.576666666666667,0.3273333333333333,Coca-Cola,beverage,29.19,300.0,1.0,0.286,0.859,0.907,0.902,real_sponsor_names_with_proxy_commercial_metrics,0.7215038709709707,1578,4,377.4,-0.11,22.66,0.528,69.9,30.5,12.88,0.1066666666666666,0.8923333333333333,3.733333333333333,0.1686666666666666,Hyundai,automotive,26.2,590.0,1.0,0.401,0.667,0.921,0.802,real_sponsor_names_with_proxy_commercial_metrics,0.6777827610652881,220,268.70000000000005,16,11.399999999999991,0.51,-0.0413333333333333,0.1056666666666666,0.9510351228677828,0.6805449587689755,3.905,0.12,0.33456378441342144,0.18699999999999997,0.90283,0.3321430100620852,0.2,0.5618024743710304
631,2002,Spain,Republic of Ireland,group_or_knockout,True,0.0,78.9,25.3,81.0,cloudy,55.65,176.97,draw,Suwon,South Korea,2002-06-16,0.3464,1.63,0.136,0.136,62.46,1708,12,537.2,0.18,30.58,0.689,77.4,45.2,19.26,0.2126666666666666,0.84,4.25,0.077,Budweiser,beverage,27.85,350.0,1.0,0.321,0.724,0.933,0.612,real_sponsor_names_with_proxy_commercial_metrics,0.6704472243491213,1503,2,285.7,-0.08,17.44,0.431,66.8,21.0,11.42,0.122,0.863,3.5500000000000003,0.4016666666666666,McDonald's,restaurant,22.06,77.85,0.556,0.61,0.646,0.669,0.593,real_sponsor_names_with_proxy_commercial_metrics,0.4330902879452503,205,251.50000000000009,10,10.600000000000009,0.26,-0.023,0.0906666666666666,0.7299678934836586,0.5748505552988752,4.058,0.22,0.46747815170943,0.19159999999999994,0.80913,0.41102333547420256,0.2,0.5331433196693602
632,2002,Sweden,Senegal,group_or_knockout,True,0.0,91.1,25.7,81.8,rain,57.85,162.86,B_win,Ōita,Japan,2002-06-16,0.2485,-0.33,0.018,0.066,51.52,1654,9,471.1,0.0,27.67,0.624,74.4,39.2,19.34,0.1766666666666666,0.6789999999999999,3.783333333333333,0.1453333333333333,Budweiser,beverage,26.29,350.0,1.0,0.625,0.705,0.91,0.618,real_sponsor_names_with_proxy_commercial_metrics,0.6436681220526703,1638,2,445.8,0.08,21.81,0.572,72.8,30.1,9.94,0.1993333333333333,0.7706666666666666,2.3433333333333333,0.2143333333333333,Budweiser,beverage,31.49,350.0,1.0,0.344,0.754,0.934,0.653,real_sponsor_names_with_proxy_commercial_metrics,0.7276417963741734,16,25.30000000000001,7,1.6000000000000083,-0.08,-0.0916666666666666,-0.0226666666666666,0.6002235585615322,0.5501024476547549,3.987,0.48,0.3976500409465133,0.2344,0.7963,0.5288847498751159,0.2,0.5014570428252749
633,2002,Brazil,Belgium,group_or_knockout,True,0.0,52.7,24.9,63.7,clear,55.65,215.56,A_win,Kobe,Japan,2002-06-17,0.2878,5.12,0.267,0.106,59.52,1829,20,683.6,0.5,36.78,0.83,78.8,57.4,18.61,0.1376666666666667,0.7313333333333333,3.723333333333333,0.206,Adidas,apparel,33.15,1830.0,1.0,0.369,0.809,0.916,0.861,real_sponsor_names_with_proxy_commercial_metrics,0.9383411482254695,1674,9,495.4,0.02,28.38,0.646,71.5,40.4,23.19,0.142,0.7919999999999999,3.7566666666666655,0.0076666666666666,Visa,finance,26.85,250.0,1.0,0.538,0.72,0.914,0.914,real_sponsor_names_with_proxy_commercial_metrics,0.6636131480729871,155,188.20000000000005,11,7.299999999999997,0.48,-0.0606666666666666,-0.0043333333333333,0.9764150943396226,0.5670468012138585,4.335,0.12,0.4652690058539047,0.19006666666666672,0.87793,0.2858656247769928,0.2,0.6045349810847741
634,2002,Mexico,United States,group_or_knockout,True,0.0,32.8,24.4,58.7,rain,55.65,133.8,B_win,Jeonju,South Korea,2002-06-17,0.1171,1.24,-0.012,0.091,60.07,1612,10,421.9,-0.18,26.83,0.584,72.1,37.6,18.89,0.2446666666666666,0.7546666666666667,1.1233333333333333,0.211,Hyundai,automotive,28.5,590.0,1.0,0.636,0.712,0.897,0.88,real_sponsor_names_with_proxy_commercial_metrics,0.7185336170151837,1578,6,379.0,-0.3,23.84,0.536,71.9,31.0,12.75,0.132,0.7943333333333333,0.7200000000000001,0.0636666666666666,Vivo,technology,22.58,68.24,0.455,0.416,0.676,0.652,0.654,real_sponsor_names_with_proxy_commercial_metrics,0.4277412886284749,34,42.89999999999998,4,0.1999999999999886,0.12,-0.0396666666666666,0.1126666666666666,0.5181915824104364,0.4997772971212114,3.37,0.48,0.35520747123404817,0.24493333333333328,0.83529,0.39525490615856695,0.2,0.5016718055243929
635,2002,Japan,Turkey,group_or_knockout,False,0.18,54.0,32.5,79.3,clear,53.45,201.32,B_win,Rifu,Japan,2002-06-18,0.1235,2.95,0.004,0.012,43.59,1586,4,387.4,-0.2,22.68,0.535,72.8,37.0,11.9,0.25,0.7706666666666667,4.593333333333333,0.3566666666666667,Adidas,apparel,29.47,1830.0,1.0,0.558,0.648,0.855,0.917,real_sponsor_names_with_proxy_commercial_metrics,0.8586337787056367,1677,1,491.1,0.1,22.51,0.608,74.3,49.4,16.02,0.292,0.8846666666666666,2.2533333333333334,0.3329999999999999,Mengniu,consumer_goods,18.0,60.85,0.377,0.48,0.714,0.662,0.611,real_sponsor_names_with_proxy_commercial_metrics,0.3550863386108753,-91,-103.70000000000005,3,-1.5,-0.3,-0.1139999999999998,-0.0419999999999999,0.4507401502367096,0.490690321391554,3.785,0.12,0.3354468261983785,0.2417333333333333,0.8034600000000001,0.5509608934560765,0.2,0.5245351621186637
636,2002,South Korea,Italy,group_or_knockout,False,0.18,54.3,16.6,84.9,rain,57.85,192.22,A_win,Daejeon,South Korea,2002-06-18,0.2323,7.74,0.069,0.111,49.97,1548,6,343.4,-0.37,22.9,0.505,70.3,20.2,12.829999999999998,0.151,0.8606666666666666,2.8866666666666667,0.2443333333333333,McDonald's,restaurant,25.44,80.72,0.587,0.49,0.67,0.723,0.661,real_sponsor_names_with_proxy_commercial_metrics,0.5004808180408472,1755,14,594.5,0.34,33.03,0.744,77.8,61.6,11.04,0.3303333333333333,0.8929999999999999,1.3333333333333333,0.0393333333333333,Visa,finance,33.4,250.0,1.0,0.316,0.761,0.842,0.918,real_sponsor_names_with_proxy_commercial_metrics,0.749976237843342,-207,-251.1,-8,-7.5,-0.71,-0.0323333333333333,-0.1793333333333333,0.3785695739184261,0.4898145251449549,3.333,0.48,0.42196943844379203,0.14633333333333337,0.6669599999999999,0.5864994647827018,0.2,0.44225175105914905
637,2002,England,Brazil,group_or_knockout,True,0.0,55.5,22.7,76.1,clear,57.85,164.76,B_win,Fukuroi,Japan,2002-06-21,0.5826,4.48,0.225,0.177,49.6,1695,13,522.2,0.16,30.51,0.678,76.6,52.6,19.34,0.28,0.7986666666666666,2.61,0.1863333333333333,McDonald's,restaurant,20.29,74.13,0.517,0.758,0.819,0.654,0.569,real_sponsor_names_with_proxy_commercial_metrics,0.4256813568338741,1829,20,683.6,0.5,36.78,0.83,78.8,57.4,18.61,0.1376666666666667,0.7313333333333333,3.723333333333333,0.206,Adidas,apparel,33.15,1830.0,1.0,0.369,0.809,0.916,0.861,real_sponsor_names_with_proxy_commercial_metrics,0.9383411482254695,-134,-161.39999999999998,-7,-2.200000000000003,-0.3399999999999999,0.0673333333333333,0.1423333333333333,0.7074856858162286,0.5612850170137301,3.424,0.12,0.5137918161261038,0.24853333333333336,0.68589,0.2822204381645614,0.2,0.459194293629195
638,2002,Germany,United States,group_or_knockout,True,0.0,43.5,29.8,42.9,clear,53.45,139.85,A_win,Ulsan,South Korea,2002-06-21,0.3476,6.18,0.196,0.159,59.39,1798,20,646.1,0.4,35.62,0.797,81.3,65.9,22.15,0.2123333333333333,0.851,5.576666666666667,0.3273333333333333,Coca-Cola,beverage,29.19,300.0,1.0,0.286,0.859,0.907,0.902,real_sponsor_names_with_proxy_commercial_metrics,0.7215038709709707,1578,6,379.0,-0.3,23.84,0.536,71.9,31.0,12.75,0.132,0.7943333333333333,0.7200000000000001,0.0636666666666666,Vivo,technology,22.58,68.24,0.455,0.416,0.676,0.652,0.654,real_sponsor_names_with_proxy_commercial_metrics,0.4277412886284749,220,267.1,14,9.399999999999991,0.7,0.0566666666666666,0.0803333333333333,0.9510351228677828,0.6728019001912054,4.036,0.12,0.4266635650019844,0.18699999999999997,0.90283,0.3234457289659602,0.2,0.5780543740869675
639,2002,South Korea,Spain,group_or_knockout,False,0.18,65.5,30.6,61.2,windy,51.25,288.93,draw,Gwangju,South Korea,2002-06-22,0.4706,1.67,0.129,0.211,46.45,1548,6,343.4,-0.37,22.9,0.505,70.3,20.2,12.829999999999998,0.151,0.8606666666666666,2.8866666666666667,0.2443333333333333,McDonald's,restaurant,25.44,80.72,0.587,0.49,0.67,0.723,0.661,real_sponsor_names_with_proxy_commercial_metrics,0.5004808180408472,1708,12,537.2,0.18,30.58,0.689,77.4,45.2,19.26,0.2126666666666666,0.84,4.25,0.077,Budweiser,beverage,27.85,350.0,1.0,0.321,0.724,0.933,0.612,real_sponsor_names_with_proxy_commercial_metrics,0.6704472243491213,-160,-193.80000000000007,-6,-7.1000000000000085,-0.55,0.0206666666666666,-0.0616666666666666,0.3785695739184261,0.4938160101210962,3.347,0.48,0.5400373330799909,0.14633333333333337,0.6669599999999999,0.5673290515949476,0.2,0.4669857457797084
640,2002,Senegal,Turkey,group_or_knockout,True,0.0,64.8,14.5,65.0,hot,53.45,121.51,B_win,Osaka,Japan,2002-06-22,0.2615,5.05,0.201,0.194,57.79,1638,2,445.8,0.08,21.81,0.572,72.8,30.1,9.94,0.1993333333333333,0.7706666666666666,2.3433333333333333,0.2143333333333333,Budweiser,beverage,31.49,350.0,1.0,0.344,0.754,0.934,0.653,real_sponsor_names_with_proxy_commercial_metrics,0.7276417963741734,1677,1,491.1,0.1,22.51,0.608,74.3,49.4,16.02,0.292,0.8846666666666666,2.2533333333333334,0.3329999999999999,Mengniu,consumer_goods,18.0,60.85,0.377,0.48,0.714,0.662,0.611,real_sponsor_names_with_proxy_commercial_metrics,0.3550863386108753,-39,-45.30000000000001,1,-1.5,-0.02,-0.1139999999999999,-0.0926666666666666,0.5202671092235914,0.3618157174754225,3.345,0.62,0.39377925496532223,0.21133333333333335,0.82813,0.6111360879183616,0.2,0.47395648301598436
641,2002,South Korea,Germany,group_or_knockout,False,0.18,38.6,21.1,29.0,hot,53.45,166.03,B_win,Seoul,South Korea,2002-06-25,0.0906,2.86,0.11,0.163,50.89,1548,6,343.4,-0.37,22.9,0.505,70.3,20.2,12.829999999999998,0.151,0.8606666666666666,2.8866666666666667,0.2443333333333333,McDonald's,restaurant,25.44,80.72,0.587,0.49,0.67,0.723,0.661,real_sponsor_names_with_proxy_commercial_metrics,0.5004808180408472,1798,20,646.1,0.4,35.62,0.797,81.3,65.9,22.15,0.2123333333333333,0.851,5.576666666666667,0.3273333333333333,Coca-Cola,beverage,29.19,300.0,1.0,0.286,0.859,0.907,0.902,real_sponsor_names_with_proxy_commercial_metrics,0.7215038709709707,-250,-302.70000000000005,-14,-11.0,-0.77,0.0096666666666666,-0.0613333333333333,0.3785695739184261,0.4609169164694616,2.916,0.62,0.3548346616734337,0.14633333333333337,0.6669599999999999,0.28390423178477125,0.2,0.42073346527593936
642,2002,Brazil,Turkey,group_or_knockout,True,0.0,67.1,31.1,65.5,windy,53.45,123.8,A_win,Saitama,Japan,2002-06-26,0.1684,3.57,0.153,0.155,50.49,1829,20,683.6,0.5,36.78,0.83,78.8,57.4,18.61,0.1376666666666667,0.7313333333333333,3.723333333333333,0.206,Adidas,apparel,33.15,1830.0,1.0,0.369,0.809,0.916,0.861,real_sponsor_names_with_proxy_commercial_metrics,0.9383411482254695,1677,1,491.1,0.1,22.51,0.608,74.3,49.4,16.02,0.292,0.8846666666666666,2.2533333333333334,0.3329999999999999,Mengniu,consumer_goods,18.0,60.85,0.377,0.48,0.714,0.662,0.611,real_sponsor_names_with_proxy_commercial_metrics,0.3550863386108753,152,192.5,19,4.5,0.4,-0.1533333333333333,-0.1543333333333333,0.9764150943396226,0.5252100605892288,4.353,0.48,0.34221985787287285,0.19006666666666672,0.87793,0.5989150788553486,0.2,0.5682108641136714
643,2002,South Korea,Turkey,group_or_knockout,False,0.18,84.7,26.0,94.4,cloudy,62.25,293.28,B_win,Daegu,South Korea,2002-06-29,0.1707,7.04,0.252,0.202,68.8,1548,6,343.4,-0.37,22.9,0.505,70.3,20.2,12.829999999999998,0.151,0.8606666666666666,2.8866666666666667,0.2443333333333333,McDonald's,restaurant,25.44,80.72,0.587,0.49,0.67,0.723,0.661,real_sponsor_names_with_proxy_commercial_metrics,0.5004808180408472,1677,1,491.1,0.1,22.51,0.608,74.3,49.4,16.02,0.292,0.8846666666666666,2.2533333333333334,0.3329999999999999,Mengniu,consumer_goods,18.0,60.85,0.377,0.48,0.714,0.662,0.611,real_sponsor_names_with_proxy_commercial_metrics,0.3550863386108753,-129,-147.70000000000005,5,-4.0,-0.47,-0.024,-0.141,0.3785695739184261,0.5447788062897666,3.524,0.22,0.571551986452431,0.14633333333333337,0.6669599999999999,0.48713266252765286,0.2,0.48755825938142416
644,2002,Germany,Brazil,group_or_knockout,True,0.0,60.2,24.2,68.2,clear,55.65,203.85,B_win,Yokohama,Japan,2002-06-30,0.2109,2.21,0.1,0.04,52.24,1798,20,646.1,0.4,35.62,0.797,81.3,65.9,22.15,0.2123333333333333,0.851,5.576666666666667,0.3273333333333333,Coca-Cola,beverage,29.19,300.0,1.0,0.286,0.859,0.907,0.902,real_sponsor_names_with_proxy_commercial_metrics,0.7215038709709707,1829,20,683.6,0.5,36.78,0.83,78.8,57.4,18.61,0.1376666666666667,0.7313333333333333,3.723333333333333,0.206,Adidas,apparel,33.15,1830.0,1.0,0.369,0.809,0.916,0.861,real_sponsor_names_with_proxy_commercial_metrics,0.9383411482254695,-31,-37.5,0,2.5,-0.0999999999999999,0.1196666666666667,0.0746666666666666,0.9510351228677828,0.7049737439579712,4.065,0.12,0.40134397658101517,0.18699999999999997,0.90283,0.28710197673588805,0.2,0.5819985726574679
645,2006,Germany,Costa Rica,group_or_knockout,False,0.18,53.6,21.7,81.6,clear,65.91,155.77,A_win,Munich,Germany,2006-06-09,0.3038,2.84,0.058,0.096,69.08,1798,20,646.1,0.4,35.62,0.797,81.3,65.9,22.15,0.2123333333333333,0.851,5.576666666666667,0.3273333333333333,Coca-Cola,beverage,29.19,300.0,1.0,0.286,0.859,0.907,0.902,real_sponsor_names_with_proxy_commercial_metrics,0.7215038709709707,1585,3,384.6,-0.19,21.98,0.529,73.1,26.3,15.16,0.1976666666666666,0.8413333333333334,2.26,0.2056666666666666,Visa,finance,31.23,250.0,1.0,0.397,0.677,0.885,0.896,real_sponsor_names_with_proxy_commercial_metrics,0.7111394737514839,213,261.5,17,8.200000000000003,0.5900000000000001,0.0096666666666666,0.0146666666666666,0.9510351228677828,0.7343560357846658,4.245,0.12,0.5011302043999687,0.18699999999999997,0.90283,0.29558124598587027,0.2,0.6101828599327332
646,2006,Poland,Ecuador,group_or_knockout,True,0.0,56.2,20.7,60.9,cloudy,57.11,188.39,B_win,Gelsenkirchen,Germany,2006-06-09,0.1826,0.9,0.157,0.133,53.27,1685,6,506.6,0.05,27.64,0.65,72.7,42.5,15.85,0.2053333333333333,0.815,3.9733333333333327,0.268,Coca-Cola,beverage,28.97,300.0,1.0,0.581,0.749,0.899,0.847,real_sponsor_names_with_proxy_commercial_metrics,0.6960284847496763,1623,2,428.7,-0.08,21.59,0.558,71.6,42.9,13.81,0.1486666666666666,0.8836666666666666,1.9966666666666668,0.0626666666666666,McDonald's,restaurant,16.55,66.18,0.433,0.554,0.689,0.657,0.645,real_sponsor_names_with_proxy_commercial_metrics,0.3438219070287941,62,77.90000000000003,4,1.1000000000000083,0.13,-0.0686666666666666,0.0566666666666666,0.616436840876696,0.5512033966978567,3.642,0.22,0.41490795016577775,0.1972,0.84638,0.27214836223506744,0.2,0.5270265774484778
647,2006,Argentina,Ivory Coast,group_or_knockout,True,0.0,66.0,24.7,56.8,clear,59.31,182.17,A_win,Hamburg,Germany,2006-06-10,0.2018,4.67,0.179,0.21,48.44,1753,15,591.7,0.26,33.16,0.743,76.8,58.0,19.5,0.2623333333333333,0.8586666666666667,3.813333333333333,0.2106666666666666,Hyundai,automotive,30.74,590.0,1.0,0.338,0.813,0.936,0.851,real_sponsor_names_with_proxy_commercial_metrics,0.7681302767229082,1587,1,384.2,-0.22,19.05,0.511,73.8,39.2,8.73,0.1446666666666666,0.7746666666666666,3.723333333333333,0.359,Budweiser,beverage,26.15,350.0,1.0,0.237,0.659,0.897,0.579,real_sponsor_names_with_proxy_commercial_metrics,0.6299883308209375,166,207.50000000000009,14,3.0,0.48,0.084,0.1176666666666667,0.8112048561394937,0.6165908464367196,4.206,0.12,0.43406666370494895,0.2139333333333333,0.8831100000000001,0.25084849782344965,0.2,0.5706094361567694
648,2006,England,Paraguay,group_or_knockout,True,0.0,35.5,21.5,64.1,windy,54.91,135.78,A_win,Frankfurt am Main,Germany,2006-06-10,0.3815,1.62,0.129,0.127,43.88,1695,13,522.2,0.16,30.51,0.678,76.6,52.6,19.34,0.28,0.7986666666666666,2.61,0.1863333333333333,McDonald's,restaurant,20.29,74.13,0.517,0.758,0.819,0.654,0.569,real_sponsor_names_with_proxy_commercial_metrics,0.4256813568338741,1578,4,377.4,-0.11,22.66,0.528,69.9,30.5,12.88,0.1066666666666666,0.8923333333333333,3.733333333333333,0.1686666666666666,Hyundai,automotive,26.2,590.0,1.0,0.401,0.667,0.921,0.802,real_sponsor_names_with_proxy_commercial_metrics,0.6777827610652881,117,144.80000000000007,9,6.699999999999989,0.27,-0.0936666666666666,0.1733333333333333,0.7074856858162286,0.5379791829619125,3.393,0.48,0.39478749774166666,0.24853333333333336,0.68589,0.3691662741739813,0.2,0.42886779641779865
649,2006,Trinidad and Tobago,Sweden,group_or_knockout,True,0.0,60.1,22.7,44.9,clear,52.71,186.25,draw,Dortmund,Germany,2006-06-10,0.3493,4.95,0.2,0.191,45.07,1388,1,142.7,-0.67,8.65,0.277,61.5,12.4,5.13,0.2713333333333333,0.8013333333333333,2.563333333333333,0.1939999999999999,Mengniu,consumer_goods,22.28,69.91,0.473,0.575,0.531,0.623,0.622,real_sponsor_names_with_proxy_commercial_metrics,0.3978889195373596,1654,9,471.1,0.0,27.67,0.624,74.4,39.2,19.34,0.1766666666666666,0.6789999999999999,3.783333333333333,0.1453333333333333,Budweiser,beverage,26.29,350.0,1.0,0.625,0.705,0.91,0.618,real_sponsor_names_with_proxy_commercial_metrics,0.6436681220526703,-266,-328.40000000000003,-8,-12.900000000000006,-0.67,0.1223333333333334,0.0946666666666667,0.0132075471698113,0.3070004131910677,2.77,0.12,0.429968622640457,0.24226666666666663,0.55721,0.14740562334974663,0.2,0.34692058091055666
650,2006,Angola,Portugal,group_or_knockout,True,0.0,52.9,23.5,42.6,clear,54.91,174.99,B_win,Cologne,Germany,2006-06-11,0.2833,-0.66,0.104,0.139,57.11,1388,1,142.7,-0.33,8.65,0.277,62.0,14.2,4.22,0.122,0.887,3.546666666666667,0.135,Vivo,technology,18.09,72.51,0.5,0.399,0.538,0.708,0.616,real_sponsor_names_with_proxy_commercial_metrics,0.3579345295706434,1702,6,527.3,0.14,27.94,0.666,76.8,47.1,14.4,0.2406666666666666,0.7363333333333334,3.2266666666666666,0.0836666666666666,Mengniu,consumer_goods,17.76,59.99,0.368,0.468,0.8,0.643,0.574,real_sponsor_names_with_proxy_commercial_metrics,0.3588124240475937,-314,-384.6,-5,-14.799999999999995,-0.47,0.1506666666666666,-0.1186666666666666,0.0179245283018867,0.3240959695601614,2.806,0.12,0.4321313731389279,0.1184,0.58536,0.15827660029972168,0.2,0.35392383320158516
651,2006,Mexico,Iran,group_or_knockout,True,0.0,82.0,18.9,78.3,clear,61.51,186.72,A_win,Nuremberg,Germany,2006-06-11,0.3144,3.95,0.13,0.196,56.25,1612,10,421.9,-0.18,26.83,0.584,72.1,37.6,18.89,0.2446666666666666,0.7546666666666667,1.1233333333333333,0.211,Hyundai,automotive,28.5,590.0,1.0,0.636,0.712,0.897,0.88,real_sponsor_names_with_proxy_commercial_metrics,0.7185336170151837,1519,3,305.2,-0.44,19.13,0.455,68.7,30.6,12.34,0.1146666666666666,0.8703333333333333,3.7066666666666666,0.2463333333333333,Visa,finance,29.04,250.0,1.0,0.165,0.637,0.935,0.918,real_sponsor_names_with_proxy_commercial_metrics,0.6830613109122354,93,116.7,7,3.3999999999999915,0.26,-0.1156666666666665,0.13,0.5181915824104364,0.5445443373095789,4.137,0.12,0.4961862711272379,0.24493333333333328,0.83529,0.35415435666880757,0.2,0.5424023367557738
652,2006,Serbia,Netherlands,group_or_knockout,True,0.0,55.7,26.2,80.0,clear,54.91,155.08,B_win,Leipzig,Germany,2006-06-11,0.2497,1.45,0.15,0.14,51.81,1559,2,352.7,-0.38,20.1,0.495,68.8,36.3,15.31,0.141,0.848,1.7433333333333334,0.1526666666666666,Vivo,technology,23.55,77.75,0.555,0.452,0.729,0.727,0.578,real_sponsor_names_with_proxy_commercial_metrics,0.4728882004869282,1746,9,581.1,0.35,31.14,0.724,75.8,49.9,15.97,0.1103333333333333,0.742,2.733333333333333,0.1786666666666666,Hisense,technology,32.27,1070.0,1.0,0.505,0.811,0.856,0.664,real_sponsor_names_with_proxy_commercial_metrics,0.8192941476500228,-187,-228.40000000000003,-7,-7.0,-0.73,0.1059999999999999,0.0306666666666666,0.358888880308777,0.4647978258445011,3.093,0.12,0.3952621225567555,0.1454,0.67453,0.39011275244415894,0.2,0.4243991838646742
653,2006,Australia,Japan,group_or_knockout,True,0.0,79.7,39.0,42.1,clear,61.51,198.32,A_win,Kaiserslautern,Germany,2006-06-12,0.4304,4.33,0.143,0.198,50.23,1539,3,329.7,-0.4,20.21,0.479,69.8,32.1,7.37,0.2113333333333333,0.8620000000000001,3.056666666666666,0.0496666666666666,Hyundai,automotive,29.32,590.0,1.0,0.218,0.705,0.903,0.913,real_sponsor_names_with_proxy_commercial_metrics,0.7316309656581901,1586,4,387.4,-0.2,22.68,0.535,72.8,37.0,11.9,0.25,0.7706666666666667,4.593333333333333,0.3566666666666667,Adidas,apparel,29.47,1830.0,1.0,0.558,0.648,0.855,0.917,real_sponsor_names_with_proxy_commercial_metrics,0.8586337787056367,-47,-57.69999999999999,-1,-3.0,-0.2,0.0913333333333333,-0.0386666666666666,0.3425474064388163,0.3852250973293321,3.852,0.12,0.5225426665978943,0.18199999999999994,0.8387999999999999,0.5592952972240063,0.2,0.5104749923297575
654,2006,Italy,Ghana,group_or_knockout,True,0.0,43.7,12.3,73.5,cloudy,57.11,174.03,A_win,Hanover,Germany,2006-06-12,0.1978,2.77,0.249,0.109,57.36,1755,14,594.5,0.34,33.03,0.744,77.8,61.6,11.04,0.3303333333333333,0.8929999999999999,1.3333333333333333,0.0393333333333333,Visa,finance,33.4,250.0,1.0,0.316,0.761,0.842,0.918,real_sponsor_names_with_proxy_commercial_metrics,0.749976237843342,1600,2,402.0,-0.13,21.31,0.537,68.9,36.1,8.969999999999999,0.3763333333333333,0.8766666666666666,0.7333333333333333,0.2983333333333333,Mengniu,consumer_goods,23.07,63.81,0.408,0.27,0.715,0.668,0.644,real_sponsor_names_with_proxy_commercial_metrics,0.4330502275859767,155,192.5,12,8.899999999999991,0.47,0.0163333333333333,-0.0459999999999999,0.8187106162327391,0.3909364086742389,3.513,0.22,0.41276495773777694,0.24100000000000002,0.84782,0.5450899165061014,0.2,0.49224428305874446
655,2006,United States,Czech Republic,group_or_knockout,True,0.0,65.6,24.9,56.6,clear,59.31,172.31,B_win,Gelsenkirchen,Germany,2006-06-12,0.2848,1.68,0.149,0.077,63.42,1578,6,379.0,-0.3,23.84,0.536,71.9,31.0,12.75,0.132,0.7943333333333333,0.7200000000000001,0.0636666666666666,Vivo,technology,22.58,68.24,0.455,0.416,0.676,0.652,0.654,real_sponsor_names_with_proxy_commercial_metrics,0.4277412886284749,1562,1,349.3,-0.33,14.65,0.46,68.1,35.4,7.390000000000001,0.1939999999999999,0.7926666666666667,2.3633333333333333,0.118,Coca-Cola,beverage,28.08,300.0,1.0,0.457,0.72,0.846,0.838,real_sponsor_names_with_proxy_commercial_metrics,0.6717912404908036,16,29.69999999999999,5,3.8000000000000114,0.03,0.0016666666666665,-0.0619999999999999,0.4407302164904229,0.4006942615596697,3.121,0.12,0.4544732196249016,0.16146666666666668,0.6269199999999999,0.25518661243131374,0.2,0.39982774643252184
656,2006,Brazil,Croatia,group_or_knockout,True,0.0,62.2,18.4,63.4,cloudy,54.91,131.13,A_win,Berlin,Germany,2006-06-13,0.264,1.99,0.095,0.02,55.18,1829,20,683.6,0.5,36.78,0.83,78.8,57.4,18.61,0.1376666666666667,0.7313333333333333,3.723333333333333,0.206,Adidas,apparel,33.15,1830.0,1.0,0.369,0.809,0.916,0.861,real_sponsor_names_with_proxy_commercial_metrics,0.9383411482254695,1671,5,489.2,0.13,26.28,0.629,75.1,52.8,21.52,0.2903333333333333,0.7756666666666666,3.4933333333333336,0.102,Hisense,technology,28.53,1070.0,1.0,0.267,0.792,0.927,0.587,real_sponsor_names_with_proxy_commercial_metrics,0.7693425818880185,158,194.40000000000003,15,3.700000000000003,0.37,-0.0443333333333333,-0.1526666666666666,0.9764150943396226,0.5343252053930768,4.328,0.22,0.3607261110473326,0.19006666666666672,0.87793,0.34277742096624564,0.2,0.5744643552936407
657,2006,France,Switzerland,group_or_knockout,True,0.0,46.7,26.5,65.4,hot,52.71,242.03,draw,Stuttgart,Germany,2006-06-13,0.2549,1.01,0.162,0.187,59.8,1748,13,584.8,0.26,32.28,0.733,77.8,46.5,18.67,0.2083333333333333,0.8296666666666667,3.483333333333333,0.3613333333333333,Qatar Airways,airline,24.02,81.37,0.593,0.647,0.801,0.711,0.647,real_sponsor_names_with_proxy_commercial_metrics,0.5007849188790221,1632,7,443.7,-0.12,26.09,0.595,72.7,48.1,17.05,0.1836666666666666,0.914,2.223333333333333,0.2486666666666666,Adidas,apparel,31.4,1830.0,1.0,0.14,0.774,0.888,0.845,real_sponsor_names_with_proxy_commercial_metrics,0.90423375782881,116,141.09999999999997,6,5.099999999999994,0.38,-0.0843333333333333,0.0246666666666666,0.8018213325687816,0.6080672152827706,3.557,0.62,0.48044540975614414,0.19313333333333332,0.7179599999999999,0.5348298008991651,0.2,0.4914626827613699
658,2006,South Korea,Togo,group_or_knockout,True,0.0,60.3,23.3,73.9,cloudy,59.31,126.3,A_win,Frankfurt am Main,Germany,2006-06-13,0.2485,4.56,0.2,0.199,46.61,1548,6,343.4,-0.37,22.9,0.505,70.3,20.2,12.829999999999998,0.151,0.8606666666666666,2.8866666666666667,0.2443333333333333,McDonald's,restaurant,25.44,80.72,0.587,0.49,0.67,0.723,0.661,real_sponsor_names_with_proxy_commercial_metrics,0.5004808180408472,1388,1,142.7,-1.0,8.65,0.277,62.3,11.8,6.61,0.2046666666666667,0.9693333333333332,3.8766666666666665,0.268,Vivo,technology,18.08,76.7,0.544,0.502,0.56,0.661,0.579,real_sponsor_names_with_proxy_commercial_metrics,0.3610120546171353,160,200.7,5,8.0,0.63,-0.1086666666666666,-0.0536666666666666,0.3785695739184261,0.473427015235599,3.327,0.22,0.3984897791891608,0.14633333333333337,0.6669599999999999,0.32832120174124024,0.2,0.4329673164336032
659,2006,Germany,Poland,group_or_knockout,False,0.18,73.8,27.6,59.3,rain,54.91,176.87,A_win,Dortmund,Germany,2006-06-14,0.3554,0.6,0.182,0.211,43.14,1798,20,646.1,0.4,35.62,0.797,81.3,65.9,22.15,0.2123333333333333,0.851,5.576666666666667,0.3273333333333333,Coca-Cola,beverage,29.19,300.0,1.0,0.286,0.859,0.907,0.902,real_sponsor_names_with_proxy_commercial_metrics,0.7215038709709707,1685,6,506.6,0.05,27.64,0.65,72.7,42.5,15.85,0.2053333333333333,0.815,3.9733333333333327,0.268,Coca-Cola,beverage,28.97,300.0,1.0,0.581,0.749,0.899,0.847,real_sponsor_names_with_proxy_commercial_metrics,0.6960284847496763,113,139.5,14,8.599999999999994,0.35,0.036,0.007,0.9510351228677828,0.692253888932733,4.367,0.48,0.4364948231408872,0.18699999999999997,0.90283,0.4810844929708128,0.2,0.5854671825623756
660,2006,Spain,Ukraine,group_or_knockout,True,0.0,53.8,30.1,80.6,clear,61.51,160.7,A_win,Leipzig,Germany,2006-06-14,0.1962,2.24,0.177,0.123,59.05,1708,12,537.2,0.18,30.58,0.689,77.4,45.2,19.26,0.2126666666666666,0.84,4.25,0.077,Budweiser,beverage,27.85,350.0,1.0,0.321,0.724,0.933,0.612,real_sponsor_names_with_proxy_commercial_metrics,0.6704472243491213,1608,1,406.1,0.0,17.8,0.52,69.7,40.1,8.260000000000002,0.1853333333333333,0.7766666666666667,3.1833333333333336,0.245,Qatar Airways,airline,21.7,62.39,0.394,0.507,0.637,0.665,0.635,real_sponsor_names_with_proxy_commercial_metrics,0.3982790366172606,100,131.10000000000002,11,7.700000000000003,0.18,0.0633333333333332,0.0273333333333333,0.7299678934836586,0.5955284667554122,3.975,0.12,0.4333975640472986,0.19159999999999994,0.80913,0.4941504317419539,0.2,0.5321170173447644
661,2006,Tunisia,Saudi Arabia,group_or_knockout,True,0.0,36.0,24.2,63.0,clear,61.51,287.69,draw,Munich,Germany,2006-06-14,0.1934,3.53,-0.0,0.048,53.88,1519,3,305.2,-0.39,19.13,0.455,66.6,27.6,11.21,0.2033333333333333,0.8946666666666667,3.3266666666666667,0.1976666666666666,Hyundai,automotive,28.75,590.0,1.0,0.7,0.649,0.867,0.833,real_sponsor_names_with_proxy_commercial_metrics,0.7046561013575636,1543,3,334.4,-0.47,20.17,0.482,68.2,34.6,13.01,0.2876666666666667,0.8483333333333333,5.266666666666667,0.2613333333333333,Visa,finance,27.16,250.0,1.0,0.611,0.648,0.864,0.904,real_sponsor_names_with_proxy_commercial_metrics,0.6490998286575382,-24,-29.19999999999999,0,-1.6000000000000083,0.0799999999999999,0.0463333333333334,-0.0843333333333333,0.2806268442018452,0.5195019596355062,3.494,0.12,0.495640106313305,0.1641333333333333,0.79428,0.26463284093341893,0.2,0.531057234286418
662,2006,Ecuador,Costa Rica,group_or_knockout,True,0.0,57.8,29.8,68.0,clear,59.31,131.6,A_win,Hamburg,Germany,2006-06-15,0.3547,6.19,-0.08,0.048,60.92,1623,2,428.7,-0.08,21.59,0.558,71.6,42.9,13.81,0.1486666666666666,0.8836666666666666,1.9966666666666668,0.0626666666666666,McDonald's,restaurant,16.55,66.18,0.433,0.554,0.689,0.657,0.645,real_sponsor_names_with_proxy_commercial_metrics,0.3438219070287941,1585,3,384.6,-0.19,21.98,0.529,73.1,26.3,15.16,0.1976666666666666,0.8413333333333334,2.26,0.2056666666666666,Visa,finance,31.23,250.0,1.0,0.397,0.677,0.885,0.896,real_sponsor_names_with_proxy_commercial_metrics,0.7111394737514839,38,44.099999999999966,-1,-1.5,0.11,0.0423333333333332,-0.0489999999999999,0.4857367378812579,0.4475350248042914,3.446,0.12,0.43052365415959354,0.13573333333333332,0.62832,0.43190251908941696,0.2,0.38975259546403096
663,2006,England,Trinidad and Tobago,group_or_knockout,True,0.0,46.3,8.9,44.7,windy,57.11,132.83,A_win,Nuremberg,Germany,2006-06-15,0.2921,2.78,0.222,0.248,60.85,1695,13,522.2,0.16,30.51,0.678,76.6,52.6,19.34,0.28,0.7986666666666666,2.61,0.1863333333333333,McDonald's,restaurant,20.29,74.13,0.517,0.758,0.819,0.654,0.569,real_sponsor_names_with_proxy_commercial_metrics,0.4256813568338741,1388,1,142.7,-0.67,8.65,0.277,61.5,12.4,5.13,0.2713333333333333,0.8013333333333333,2.563333333333333,0.1939999999999999,Mengniu,consumer_goods,22.28,69.91,0.473,0.575,0.531,0.623,0.622,real_sponsor_names_with_proxy_commercial_metrics,0.3978889195373596,307,379.50000000000006,12,15.099999999999994,0.8300000000000001,-0.0026666666666667,0.0086666666666666,0.7074856858162286,0.5468417744003643,3.506,0.48,0.450714676501423,0.24853333333333336,0.68589,0.6130847784200385,0.2,0.44253475777251644
664,2006,Sweden,Paraguay,group_or_knockout,True,0.0,53.5,32.5,92.5,cloudy,54.91,119.6,A_win,Berlin,Germany,2006-06-15,0.3254,2.29,0.155,0.232,44.85,1654,9,471.1,0.0,27.67,0.624,74.4,39.2,19.34,0.1766666666666666,0.6789999999999999,3.783333333333333,0.1453333333333333,Budweiser,beverage,26.29,350.0,1.0,0.625,0.705,0.91,0.618,real_sponsor_names_with_proxy_commercial_metrics,0.6436681220526703,1578,4,377.4,-0.11,22.66,0.528,69.9,30.5,12.88,0.1066666666666666,0.8923333333333333,3.733333333333333,0.1686666666666666,Hyundai,automotive,26.2,590.0,1.0,0.401,0.667,0.921,0.802,real_sponsor_names_with_proxy_commercial_metrics,0.6777827610652881,76,93.70000000000005,5,4.5,0.11,-0.2133333333333333,0.0699999999999999,0.6002235585615322,0.5218249015305202,3.776,0.22,0.39512143448782766,0.2344,0.7963,0.6479979304931136,0.2,0.49303360861875206
665,2006,Argentina,Serbia,group_or_knockout,True,0.0,56.9,25.3,65.5,clear,65.91,206.2,A_win,Gelsenkirchen,Germany,2006-06-16,0.1515,3.37,0.118,0.158,73.18,1753,15,591.7,0.26,33.16,0.743,76.8,58.0,19.5,0.2623333333333333,0.8586666666666667,3.813333333333333,0.2106666666666666,Hyundai,automotive,30.74,590.0,1.0,0.338,0.813,0.936,0.851,real_sponsor_names_with_proxy_commercial_metrics,0.7681302767229082,1559,2,352.7,-0.38,20.1,0.495,68.8,36.3,15.31,0.141,0.848,1.7433333333333334,0.1526666666666666,Vivo,technology,23.55,77.75,0.555,0.452,0.729,0.727,0.578,real_sponsor_names_with_proxy_commercial_metrics,0.4728882004869282,194,239.00000000000009,13,8.0,0.64,0.0106666666666667,0.1213333333333333,0.8112048561394937,0.6546260922465474,4.197,0.12,0.5213884394124042,0.2139333333333333,0.8831100000000001,0.3040480268322272,0.2,0.5987236601250122
666,2006,Mexico,Angola,group_or_knockout,True,0.0,35.8,29.5,69.4,cloudy,52.71,102.55,draw,Hanover,Germany,2006-06-16,0.1335,-1.55,0.175,0.161,41.68,1612,10,421.9,-0.18,26.83,0.584,72.1,37.6,18.89,0.2446666666666666,0.7546666666666667,1.1233333333333333,0.211,Hyundai,automotive,28.5,590.0,1.0,0.636,0.712,0.897,0.88,real_sponsor_names_with_proxy_commercial_metrics,0.7185336170151837,1388,1,142.7,-0.33,8.65,0.277,62.0,14.2,4.22,0.122,0.887,3.546666666666667,0.135,Vivo,technology,18.09,72.51,0.5,0.399,0.538,0.708,0.616,real_sponsor_names_with_proxy_commercial_metrics,0.3579345295706434,224,279.2,9,10.099999999999994,0.15,-0.1323333333333333,0.1226666666666666,0.5181915824104364,0.4756811418926161,3.422,0.22,0.29262232942130845,0.24493333333333328,0.83529,0.4701484335973739,0.2,0.4824078536978383
667,2006,Netherlands,Ivory Coast,group_or_knockout,True,0.0,37.0,15.7,32.3,hot,59.31,148.23,A_win,Stuttgart,Germany,2006-06-16,0.3005,0.28,0.274,0.267,60.96,1746,9,581.1,0.35,31.14,0.724,75.8,49.9,15.97,0.1103333333333333,0.742,2.733333333333333,0.1786666666666666,Hisense,technology,32.27,1070.0,1.0,0.505,0.811,0.856,0.664,real_sponsor_names_with_proxy_commercial_metrics,0.8192941476500228,1587,1,384.2,-0.22,19.05,0.511,73.8,39.2,8.73,0.1446666666666666,0.7746666666666666,3.723333333333333,0.359,Budweiser,beverage,26.15,350.0,1.0,0.237,0.659,0.897,0.579,real_sponsor_names_with_proxy_commercial_metrics,0.6299883308209375,159,196.90000000000003,8,2.0,0.57,-0.0326666666666666,-0.0343333333333333,0.7581498473599972,0.4941377978032625,3.822,0.62,0.4810005706771987,0.1694,0.8342200000000001,0.4386259187896953,0.2,0.5538160929563588
668,2006,Czech Republic,Ghana,group_or_knockout,True,0.0,64.3,18.0,44.8,rain,57.11,89.33,B_win,Cologne,Germany,2006-06-17,0.1622,2.01,0.233,0.163,52.45,1562,1,349.3,-0.33,14.65,0.46,68.1,35.4,7.390000000000001,0.1939999999999999,0.7926666666666667,2.3633333333333333,0.118,Coca-Cola,beverage,28.08,300.0,1.0,0.457,0.72,0.846,0.838,real_sponsor_names_with_proxy_commercial_metrics,0.6717912404908036,1600,2,402.0,-0.13,21.31,0.537,68.9,36.1,8.969999999999999,0.3763333333333333,0.8766666666666666,0.7333333333333333,0.2983333333333333,Mengniu,consumer_goods,23.07,63.81,0.408,0.27,0.715,0.668,0.644,real_sponsor_names_with_proxy_commercial_metrics,0.4330502275859767,-38,-52.69999999999999,-1,-0.8000000000000114,-0.2,-0.0839999999999998,-0.1823333333333333,0.3485117183364937,0.3120120335701045,3.22,0.48,0.34121792425394426,0.19933333333333325,0.8195999999999999,0.3768116748733319,0.2,0.43562085196821104
669,2006,Italy,United States,group_or_knockout,True,0.0,51.2,23.9,77.8,cloudy,57.11,174.57,draw,Kaiserslautern,Germany,2006-06-17,0.2463,1.3,0.197,0.15,58.27,1755,14,594.5,0.34,33.03,0.744,77.8,61.6,11.04,0.3303333333333333,0.8929999999999999,1.3333333333333333,0.0393333333333333,Visa,finance,33.4,250.0,1.0,0.316,0.761,0.842,0.918,real_sponsor_names_with_proxy_commercial_metrics,0.749976237843342,1578,6,379.0,-0.3,23.84,0.536,71.9,31.0,12.75,0.132,0.7943333333333333,0.7200000000000001,0.0636666666666666,Vivo,technology,22.58,68.24,0.455,0.416,0.676,0.652,0.654,real_sponsor_names_with_proxy_commercial_metrics,0.4277412886284749,177,215.5,8,5.899999999999992,0.64,0.0986666666666665,0.1983333333333333,0.8187106162327391,0.3911244145929438,3.463,0.22,0.43878537357139835,0.24100000000000002,0.84782,0.3607799900092771,0.2,0.497501007882706
670,2006,Portugal,Iran,group_or_knockout,True,0.0,24.7,22.9,62.6,hot,57.11,141.87,A_win,Frankfurt am Main,Germany,2006-06-17,0.3829,-0.56,0.049,0.108,46.55,1702,6,527.3,0.14,27.94,0.666,76.8,47.1,14.4,0.2406666666666666,0.7363333333333334,3.2266666666666666,0.0836666666666666,Mengniu,consumer_goods,17.76,59.99,0.368,0.468,0.8,0.643,0.574,real_sponsor_names_with_proxy_commercial_metrics,0.3588124240475937,1519,3,305.2,-0.44,19.13,0.455,68.7,30.6,12.34,0.1146666666666666,0.8703333333333333,3.7066666666666666,0.2463333333333333,Visa,finance,29.04,250.0,1.0,0.165,0.637,0.935,0.918,real_sponsor_names_with_proxy_commercial_metrics,0.6830613109122354,183,222.1,3,8.099999999999994,0.5800000000000001,-0.1339999999999999,0.126,0.6820304126224132,0.4468391759783329,3.144,0.62,0.41334832716138104,0.24986666666666663,0.64909,0.42908941696995645,0.2,0.38578021647763194
671,2006,Brazil,Australia,group_or_knockout,True,0.0,68.2,24.7,27.4,rain,57.11,107.59,A_win,Munich,Germany,2006-06-18,0.2416,4.6,0.059,0.061,63.81,1829,20,683.6,0.5,36.78,0.83,78.8,57.4,18.61,0.1376666666666667,0.7313333333333333,3.723333333333333,0.206,Adidas,apparel,33.15,1830.0,1.0,0.369,0.809,0.916,0.861,real_sponsor_names_with_proxy_commercial_metrics,0.9383411482254695,1539,3,329.7,-0.4,20.21,0.479,69.8,32.1,7.37,0.2113333333333333,0.8620000000000001,3.056666666666666,0.0496666666666666,Hyundai,automotive,29.32,590.0,1.0,0.218,0.705,0.903,0.913,real_sponsor_names_with_proxy_commercial_metrics,0.7316309656581901,290,353.90000000000003,17,9.0,0.9,-0.1306666666666668,-0.0736666666666666,0.9764150943396226,0.5360192007831344,4.37,0.48,0.3800176727075784,0.19006666666666672,0.87793,0.2678114607864126,0.2,0.5787969863349061
672,2006,France,South Korea,group_or_knockout,True,0.0,61.5,29.5,74.6,cloudy,57.11,221.17,draw,Leipzig,Germany,2006-06-18,0.1782,3.35,-0.071,0.032,63.82,1748,13,584.8,0.26,32.28,0.733,77.8,46.5,18.67,0.2083333333333333,0.8296666666666667,3.483333333333333,0.3613333333333333,Qatar Airways,airline,24.02,81.37,0.593,0.647,0.801,0.711,0.647,real_sponsor_names_with_proxy_commercial_metrics,0.5007849188790221,1548,6,343.4,-0.37,22.9,0.505,70.3,20.2,12.829999999999998,0.151,0.8606666666666666,2.8866666666666667,0.2443333333333333,McDonald's,restaurant,25.44,80.72,0.587,0.49,0.67,0.723,0.661,real_sponsor_names_with_proxy_commercial_metrics,0.5004808180408472,200,241.4,7,7.5,0.63,-0.0309999999999999,0.0573333333333333,0.8018213325687816,0.6205839378933322,3.711,0.22,0.43947781700176725,0.19313333333333332,0.7179599999999999,0.4926175693998429,0.2,0.4867738465414518
673,2006,Japan,Croatia,group_or_knockout,True,0.0,48.7,12.4,49.3,clear,52.71,104.44,draw,Nuremberg,Germany,2006-06-18,0.2414,3.09,0.17,0.104,50.97,1586,4,387.4,-0.2,22.68,0.535,72.8,37.0,11.9,0.25,0.7706666666666667,4.593333333333333,0.3566666666666667,Adidas,apparel,29.47,1830.0,1.0,0.558,0.648,0.855,0.917,real_sponsor_names_with_proxy_commercial_metrics,0.8586337787056367,1671,5,489.2,0.13,26.28,0.629,75.1,52.8,21.52,0.2903333333333333,0.7756666666666666,3.4933333333333336,0.102,Hisense,technology,28.53,1070.0,1.0,0.267,0.792,0.927,0.587,real_sponsor_names_with_proxy_commercial_metrics,0.7693425818880185,-85,-101.8,-1,-2.299999999999997,-0.33,-0.0049999999999998,-0.0403333333333333,0.4507401502367096,0.4536341446672994,3.71,0.12,0.3330102627211698,0.2417333333333333,0.8034600000000001,0.39792085920216935,0.2,0.5136721199404307
674,2006,Saudi Arabia,Ukraine,group_or_knockout,True,0.0,40.9,28.8,80.6,clear,61.51,219.72,B_win,Hamburg,Germany,2006-06-19,0.408,1.34,0.208,0.234,59.26,1543,3,334.4,-0.47,20.17,0.482,68.2,34.6,13.01,0.2876666666666667,0.8483333333333333,5.266666666666667,0.2613333333333333,Visa,finance,27.16,250.0,1.0,0.611,0.648,0.864,0.904,real_sponsor_names_with_proxy_commercial_metrics,0.6490998286575382,1608,1,406.1,0.0,17.8,0.52,69.7,40.1,8.260000000000002,0.1853333333333333,0.7766666666666667,3.1833333333333336,0.245,Qatar Airways,airline,21.7,62.39,0.394,0.507,0.637,0.665,0.635,real_sponsor_names_with_proxy_commercial_metrics,0.3982790366172606,-65,-71.70000000000005,2,-1.5,-0.47,0.0716666666666665,0.1023333333333333,0.3337070048861339,0.5644802205953555,3.376,0.12,0.5631692608629711,0.2332666666666667,0.80376,0.4603354028402198,0.2,0.541002672817103
675,2006,Spain,Tunisia,group_or_knockout,True,0.0,68.9,23.0,56.6,windy,61.51,144.45,A_win,Stuttgart,Germany,2006-06-19,0.2575,2.97,0.215,0.201,62.03,1708,12,537.2,0.18,30.58,0.689,77.4,45.2,19.26,0.2126666666666666,0.84,4.25,0.077,Budweiser,beverage,27.85,350.0,1.0,0.321,0.724,0.933,0.612,real_sponsor_names_with_proxy_commercial_metrics,0.6704472243491213,1519,3,305.2,-0.39,19.13,0.455,66.6,27.6,11.21,0.2033333333333333,0.8946666666666667,3.3266666666666667,0.1976666666666666,Hyundai,automotive,28.75,590.0,1.0,0.7,0.649,0.867,0.833,real_sponsor_names_with_proxy_commercial_metrics,0.7046561013575636,189,232.00000000000009,9,10.800000000000011,0.5700000000000001,-0.0546666666666667,0.0093333333333333,0.7299678934836586,0.5898708812388309,4.096,0.48,0.46461775541223893,0.19159999999999994,0.80913,0.3497646471133947,0.2,0.5367769316731096
676,2006,Togo,Switzerland,group_or_knockout,True,0.0,62.5,21.8,61.3,cloudy,57.11,255.55,B_win,Dortmund,Germany,2006-06-19,0.0683,3.88,0.174,0.203,56.47,1388,1,142.7,-1.0,8.65,0.277,62.3,11.8,6.61,0.2046666666666667,0.9693333333333332,3.8766666666666665,0.268,Vivo,technology,18.08,76.7,0.544,0.502,0.56,0.661,0.579,real_sponsor_names_with_proxy_commercial_metrics,0.3610120546171353,1632,7,443.7,-0.12,26.09,0.595,72.7,48.1,17.05,0.1836666666666666,0.914,2.223333333333333,0.2486666666666666,Adidas,apparel,31.4,1830.0,1.0,0.14,0.774,0.888,0.845,real_sponsor_names_with_proxy_commercial_metrics,0.90423375782881,-244,-301.0,-6,-10.400000000000006,-0.88,0.0553333333333332,0.021,0.020754716981132,0.4498066366023595,3.107,0.22,0.4577911334515712,0.13506666666666675,0.5852200000000001,0.24526404053379,0.2,0.3939737780470874
677,2006,Costa Rica,Poland,group_or_knockout,True,0.0,89.0,14.2,76.9,clear,59.31,209.07,B_win,Hanover,Germany,2006-06-20,0.205,2.24,0.107,0.049,57.87,1585,3,384.6,-0.19,21.98,0.529,73.1,26.3,15.16,0.1976666666666666,0.8413333333333334,2.26,0.2056666666666666,Visa,finance,31.23,250.0,1.0,0.397,0.677,0.885,0.896,real_sponsor_names_with_proxy_commercial_metrics,0.7111394737514839,1685,6,506.6,0.05,27.64,0.65,72.7,42.5,15.85,0.2053333333333333,0.815,3.9733333333333327,0.268,Coca-Cola,beverage,28.97,300.0,1.0,0.581,0.749,0.899,0.847,real_sponsor_names_with_proxy_commercial_metrics,0.6960284847496763,-100,-122.0,-3,0.3999999999999915,-0.24,0.0263333333333334,-0.0076666666666666,0.445992633460652,0.5186508822843554,3.75,0.12,0.43908390631718813,0.1820666666666666,0.8199899999999999,0.47035930921287383,0.2,0.5235871020034132
678,2006,Germany,Ecuador,group_or_knockout,False,0.18,63.5,26.0,43.6,cloudy,59.31,127.81,A_win,Berlin,Germany,2006-06-20,0.2378,3.73,0.075,0.197,58.84,1798,20,646.1,0.4,35.62,0.797,81.3,65.9,22.15,0.2123333333333333,0.851,5.576666666666667,0.3273333333333333,Coca-Cola,beverage,29.19,300.0,1.0,0.286,0.859,0.907,0.902,real_sponsor_names_with_proxy_commercial_metrics,0.7215038709709707,1623,2,428.7,-0.08,21.59,0.558,71.6,42.9,13.81,0.1486666666666666,0.8836666666666666,1.9966666666666668,0.0626666666666666,McDonald's,restaurant,16.55,66.18,0.433,0.554,0.689,0.657,0.645,real_sponsor_names_with_proxy_commercial_metrics,0.3438219070287941,175,217.40000000000003,18,9.700000000000005,0.48,-0.0326666666666666,0.0636666666666666,0.9510351228677828,0.6949525246775969,4.252,0.22,0.42632325070008753,0.18699999999999997,0.90283,0.26762648968814673,0.2,0.5841884860827776
679,2006,Paraguay,Trinidad and Tobago,group_or_knockout,True,0.0,63.0,8.5,42.1,clear,57.11,126.24,A_win,Kaiserslautern,Germany,2006-06-20,0.3409,1.13,0.054,0.041,62.2,1578,4,377.4,-0.11,22.66,0.528,69.9,30.5,12.88,0.1066666666666666,0.8923333333333333,3.733333333333333,0.1686666666666666,Hyundai,automotive,26.2,590.0,1.0,0.401,0.667,0.921,0.802,real_sponsor_names_with_proxy_commercial_metrics,0.6777827610652881,1388,1,142.7,-0.67,8.65,0.277,61.5,12.4,5.13,0.2713333333333333,0.8013333333333333,2.563333333333333,0.1939999999999999,Mengniu,consumer_goods,22.28,69.91,0.473,0.575,0.531,0.623,0.622,real_sponsor_names_with_proxy_commercial_metrics,0.3978889195373596,190,234.7,3,8.400000000000006,0.56,0.0909999999999999,-0.1646666666666666,0.4105964679456181,0.4737599848895643,3.866,0.12,0.4125072211197561,0.10706666666666664,0.81069,0.4682548347962606,0.2,0.5008947026486984
680,2006,Sweden,England,group_or_knockout,True,0.0,55.8,26.9,54.9,hot,61.51,208.25,draw,Cologne,Germany,2006-06-20,0.2663,3.0,0.107,0.075,61.51,1654,9,471.1,0.0,27.67,0.624,74.4,39.2,19.34,0.1766666666666666,0.6789999999999999,3.783333333333333,0.1453333333333333,Budweiser,beverage,26.29,350.0,1.0,0.625,0.705,0.91,0.618,real_sponsor_names_with_proxy_commercial_metrics,0.6436681220526703,1695,13,522.2,0.16,30.51,0.678,76.6,52.6,19.34,0.28,0.7986666666666666,2.61,0.1863333333333333,McDonald's,restaurant,20.29,74.13,0.517,0.758,0.819,0.654,0.569,real_sponsor_names_with_proxy_commercial_metrics,0.4256813568338741,-41,-51.10000000000002,-4,-2.1999999999999886,-0.16,-0.1196666666666667,-0.1033333333333333,0.6002235585615322,0.5823581889453616,3.825,0.62,0.482429426984888,0.2344,0.7963,0.49986405480625135,0.2,0.5274445275943198
681,2006,Iran,Angola,group_or_knockout,True,0.0,68.6,14.0,71.2,clear,57.11,151.64,draw,Leipzig,Germany,2006-06-21,0.2903,5.2,0.041,0.074,48.57,1519,3,305.2,-0.44,19.13,0.455,68.7,30.6,12.34,0.1146666666666666,0.8703333333333333,3.7066666666666666,0.2463333333333333,Visa,finance,29.04,250.0,1.0,0.165,0.637,0.935,0.918,real_sponsor_names_with_proxy_commercial_metrics,0.6830613109122354,1388,1,142.7,-0.33,8.65,0.277,62.0,14.2,4.22,0.122,0.887,3.546666666666667,0.135,Vivo,technology,18.09,72.51,0.5,0.399,0.538,0.708,0.616,real_sponsor_names_with_proxy_commercial_metrics,0.3579345295706434,131,162.5,2,6.700000000000003,-0.1099999999999999,-0.0166666666666667,-0.0073333333333333,0.3004381649565623,0.4820893220050855,3.564,0.12,0.3916615855195421,0.12066666666666664,0.8189899999999999,0.45093199172197246,0.2,0.5006706418842688
682,2006,Ivory Coast,Serbia,group_or_knockout,True,0.0,66.1,23.3,36.7,rain,63.71,173.63,A_win,Munich,Germany,2006-06-21,0.2719,5.39,0.26,0.257,70.65,1587,1,384.2,-0.22,19.05,0.511,73.8,39.2,8.73,0.1446666666666666,0.7746666666666666,3.723333333333333,0.359,Budweiser,beverage,26.15,350.0,1.0,0.237,0.659,0.897,0.579,real_sponsor_names_with_proxy_commercial_metrics,0.6299883308209375,1559,2,352.7,-0.38,20.1,0.495,68.8,36.3,15.31,0.141,0.848,1.7433333333333334,0.1526666666666666,Vivo,technology,23.55,77.75,0.555,0.452,0.729,0.727,0.578,real_sponsor_names_with_proxy_commercial_metrics,0.4728882004869282,28,31.5,-1,5.0,0.16,-0.0733333333333333,0.0036666666666666,0.4439260305258574,0.4584377465431112,3.814,0.48,0.5367207552352458,0.17693333333333333,0.76788,0.27158046100049954,0.2,0.49979111947614524
683,2006,Netherlands,Argentina,group_or_knockout,True,0.0,74.3,22.3,31.3,cloudy,52.71,215.08,draw,Frankfurt am Main,Germany,2006-06-21,0.1457,5.59,0.016,0.086,45.21,1746,9,581.1,0.35,31.14,0.724,75.8,49.9,15.97,0.1103333333333333,0.742,2.733333333333333,0.1786666666666666,Hisense,technology,32.27,1070.0,1.0,0.505,0.811,0.856,0.664,real_sponsor_names_with_proxy_commercial_metrics,0.8192941476500228,1753,15,591.7,0.26,33.16,0.743,76.8,58.0,19.5,0.2623333333333333,0.8586666666666667,3.813333333333333,0.2106666666666666,Hyundai,automotive,30.74,590.0,1.0,0.338,0.813,0.936,0.851,real_sponsor_names_with_proxy_commercial_metrics,0.7681302767229082,-7,-10.600000000000025,-6,-1.0,0.0899999999999999,-0.1166666666666667,-0.152,0.7581498473599972,0.4877432517932429,4.061,0.22,0.3697813506575621,0.1694,0.8342200000000001,0.11823556697352462,0.2,0.5297817760696261
684,2006,Portugal,Mexico,group_or_knockout,True,0.0,51.2,30.0,71.2,clear,59.31,137.43,A_win,Gelsenkirchen,Germany,2006-06-21,0.1467,3.4,0.104,0.104,49.79,1702,6,527.3,0.14,27.94,0.666,76.8,47.1,14.4,0.2406666666666666,0.7363333333333334,3.2266666666666666,0.0836666666666666,Mengniu,consumer_goods,17.76,59.99,0.368,0.468,0.8,0.643,0.574,real_sponsor_names_with_proxy_commercial_metrics,0.3588124240475937,1612,10,421.9,-0.18,26.83,0.584,72.1,37.6,18.89,0.2446666666666666,0.7546666666666667,1.1233333333333333,0.211,Hyundai,automotive,28.5,590.0,1.0,0.636,0.712,0.897,0.88,real_sponsor_names_with_proxy_commercial_metrics,0.7185336170151837,90,105.39999999999998,-4,4.700000000000003,0.32,-0.0183333333333333,-0.004,0.6820304126224132,0.4551830103448027,3.402,0.12,0.363333639712902,0.24986666666666663,0.64909,0.45093199172197246,0.2,0.3781135526105477
685,2006,Croatia,Australia,group_or_knockout,True,0.0,52.3,21.9,48.4,clear,61.51,180.33,draw,Stuttgart,Germany,2006-06-22,0.2243,2.87,-0.035,0.025,70.06,1671,5,489.2,0.13,26.28,0.629,75.1,52.8,21.52,0.2903333333333333,0.7756666666666666,3.4933333333333336,0.102,Hisense,technology,28.53,1070.0,1.0,0.267,0.792,0.927,0.587,real_sponsor_names_with_proxy_commercial_metrics,0.7693425818880185,1539,3,329.7,-0.4,20.21,0.479,69.8,32.1,7.37,0.2113333333333333,0.8620000000000001,3.056666666666666,0.0496666666666666,Hyundai,automotive,29.32,590.0,1.0,0.218,0.705,0.903,0.913,real_sponsor_names_with_proxy_commercial_metrics,0.7316309656581901,132,159.5,2,5.299999999999997,0.53,-0.0863333333333334,0.0789999999999999,0.6114873261612664,0.6168275654281007,3.984,0.12,0.4591045901129459,0.26393333333333335,0.8324399999999998,0.14692214372368517,0.2,0.5658804559955819
686,2006,Czech Republic,Italy,group_or_knockout,True,0.0,51.8,18.8,51.7,rain,57.11,213.21,B_win,Hamburg,Germany,2006-06-22,0.0992,1.86,0.143,0.066,48.93,1562,1,349.3,-0.33,14.65,0.46,68.1,35.4,7.390000000000001,0.1939999999999999,0.7926666666666667,2.3633333333333333,0.118,Coca-Cola,beverage,28.08,300.0,1.0,0.457,0.72,0.846,0.838,real_sponsor_names_with_proxy_commercial_metrics,0.6717912404908036,1755,14,594.5,0.34,33.03,0.744,77.8,61.6,11.04,0.3303333333333333,0.8929999999999999,1.3333333333333333,0.0393333333333333,Visa,finance,33.4,250.0,1.0,0.316,0.761,0.842,0.918,real_sponsor_names_with_proxy_commercial_metrics,0.749976237843342,-193,-245.2,-13,-9.700000000000005,-0.67,-0.1003333333333331,-0.1363333333333334,0.3485117183364937,0.3551419839574314,3.25,0.48,0.3832175371340107,0.19933333333333325,0.8195999999999999,0.3858172411332334,0.2,0.45609716065267586
687,2006,Ghana,United States,group_or_knockout,True,0.0,68.3,20.0,28.3,clear,59.31,212.58,A_win,Nuremberg,Germany,2006-06-22,0.2527,-1.0,0.12,0.184,48.4,1600,2,402.0,-0.13,21.31,0.537,68.9,36.1,8.969999999999999,0.3763333333333333,0.8766666666666666,0.7333333333333333,0.2983333333333333,Mengniu,consumer_goods,23.07,63.81,0.408,0.27,0.715,0.668,0.644,real_sponsor_names_with_proxy_commercial_metrics,0.4330502275859767,1578,6,379.0,-0.3,23.84,0.536,71.9,31.0,12.75,0.132,0.7943333333333333,0.7200000000000001,0.0636666666666666,Vivo,technology,22.58,68.24,0.455,0.416,0.676,0.652,0.654,real_sponsor_names_with_proxy_commercial_metrics,0.4277412886284749,22,23.0,-4,-3.0,0.1699999999999999,0.0823333333333332,0.2443333333333333,0.4244551084744016,0.4104500021510842,3.308,0.12,0.4642653423583928,0.27513333333333334,0.6373399999999999,0.10949225718975236,0.2,0.4004307236946166
688,2006,Japan,Brazil,group_or_knockout,True,0.0,77.5,30.6,47.1,clear,63.71,174.1,B_win,Dortmund,Germany,2006-06-22,0.181,-0.02,0.091,0.149,62.58,1586,4,387.4,-0.2,22.68,0.535,72.8,37.0,11.9,0.25,0.7706666666666667,4.593333333333333,0.3566666666666667,Adidas,apparel,29.47,1830.0,1.0,0.558,0.648,0.855,0.917,real_sponsor_names_with_proxy_commercial_metrics,0.8586337787056367,1829,20,683.6,0.5,36.78,0.83,78.8,57.4,18.61,0.1376666666666667,0.7313333333333333,3.723333333333333,0.206,Adidas,apparel,33.15,1830.0,1.0,0.369,0.809,0.916,0.861,real_sponsor_names_with_proxy_commercial_metrics,0.9383411482254695,-243,-296.20000000000005,-16,-6.0,-0.7,0.0393333333333334,0.1123333333333333,0.4507401502367096,0.5273352122259952,4.056,0.12,0.4657978673388754,0.2417333333333333,0.8034600000000001,0.36240312566902166,0.2,0.5608659397804067
689,2006,Saudi Arabia,Spain,group_or_knockout,True,0.0,52.0,26.2,57.9,rain,54.91,144.72,B_win,Kaiserslautern,Germany,2006-06-23,0.1255,2.45,0.045,0.148,59.18,1543,3,334.4,-0.47,20.17,0.482,68.2,34.6,13.01,0.2876666666666667,0.8483333333333333,5.266666666666667,0.2613333333333333,Visa,finance,27.16,250.0,1.0,0.611,0.648,0.864,0.904,real_sponsor_names_with_proxy_commercial_metrics,0.6490998286575382,1708,12,537.2,0.18,30.58,0.689,77.4,45.2,19.26,0.2126666666666666,0.84,4.25,0.077,Budweiser,beverage,27.85,350.0,1.0,0.321,0.724,0.933,0.612,real_sponsor_names_with_proxy_commercial_metrics,0.6704472243491213,-165,-202.80000000000007,-9,-9.200000000000005,-0.6499999999999999,0.0083333333333333,0.075,0.3337070048861339,0.5086993050144422,3.351,0.48,0.37330536072491405,0.2332666666666667,0.80376,0.4386189252836651,0.2,0.4874112364268358
690,2006,Switzerland,South Korea,group_or_knockout,True,0.0,52.5,20.7,72.9,clear,57.11,100.29,A_win,Hanover,Germany,2006-06-23,0.3215,2.57,0.12,0.158,45.79,1632,7,443.7,-0.12,26.09,0.595,72.7,48.1,17.05,0.1836666666666666,0.914,2.223333333333333,0.2486666666666666,Adidas,apparel,31.4,1830.0,1.0,0.14,0.774,0.888,0.845,real_sponsor_names_with_proxy_commercial_metrics,0.90423375782881,1548,6,343.4,-0.37,22.9,0.505,70.3,20.2,12.829999999999998,0.151,0.8606666666666666,2.8866666666666667,0.2443333333333333,McDonald's,restaurant,25.44,80.72,0.587,0.49,0.67,0.723,0.661,real_sponsor_names_with_proxy_commercial_metrics,0.5004808180408472,84,100.3,1,2.4000000000000057,0.25,0.0533333333333334,0.0326666666666666,0.5385464489432931,0.5252137001674088,4.018,0.12,0.37582158316486314,0.14459999999999995,0.85383,0.2840002140869193,0.2,0.5661004545587615
691,2006,Togo,France,group_or_knockout,True,0.0,62.1,21.6,45.7,clear,57.11,121.42,B_win,Cologne,Germany,2006-06-23,0.1409,5.77,0.076,-0.017,54.62,1388,1,142.7,-1.0,8.65,0.277,62.3,11.8,6.61,0.2046666666666667,0.9693333333333332,3.8766666666666665,0.268,Vivo,technology,18.08,76.7,0.544,0.502,0.56,0.661,0.579,real_sponsor_names_with_proxy_commercial_metrics,0.3610120546171353,1748,13,584.8,0.26,32.28,0.733,77.8,46.5,18.67,0.2083333333333333,0.8296666666666667,3.483333333333333,0.3613333333333333,Qatar Airways,airline,24.02,81.37,0.593,0.647,0.801,0.711,0.647,real_sponsor_names_with_proxy_commercial_metrics,0.5007849188790221,-360,-442.1,-12,-15.5,-1.26,0.1396666666666666,-0.0036666666666666,0.020754716981132,0.4031080553507274,2.968,0.12,0.3207741410946787,0.13506666666666675,0.5852200000000001,0.14305894526511093,0.2,0.35349477682525193
692,2006,Ukraine,Tunisia,group_or_knockout,True,0.0,54.8,13.6,84.5,clear,54.91,171.54,A_win,Berlin,Germany,2006-06-23,0.3112,5.56,0.109,0.078,44.18,1608,1,406.1,0.0,17.8,0.52,69.7,40.1,8.260000000000002,0.1853333333333333,0.7766666666666667,3.1833333333333336,0.245,Qatar Airways,airline,21.7,62.39,0.394,0.507,0.637,0.665,0.635,real_sponsor_names_with_proxy_commercial_metrics,0.3982790366172606,1519,3,305.2,-0.39,19.13,0.455,66.6,27.6,11.21,0.2033333333333333,0.8946666666666667,3.3266666666666667,0.1976666666666666,Hyundai,automotive,28.75,590.0,1.0,0.7,0.649,0.867,0.833,real_sponsor_names_with_proxy_commercial_metrics,0.7046561013575636,89,100.90000000000003,-2,3.1000000000000085,0.39,-0.118,-0.0179999999999999,0.4367973755288697,0.3801425665327565,3.154,0.12,0.39062859670532873,0.20053333333333329,0.59996,0.5188057518018983,0.2,0.3681150067583802
693,2006,Argentina,Mexico,group_or_knockout,True,0.0,70.4,25.3,47.0,hot,59.31,163.07,A_win,Leipzig,Germany,2006-06-24,0.4405,1.36,0.276,0.243,55.42,1753,15,591.7,0.26,33.16,0.743,76.8,58.0,19.5,0.2623333333333333,0.8586666666666667,3.813333333333333,0.2106666666666666,Hyundai,automotive,30.74,590.0,1.0,0.338,0.813,0.936,0.851,real_sponsor_names_with_proxy_commercial_metrics,0.7681302767229082,1612,10,421.9,-0.18,26.83,0.584,72.1,37.6,18.89,0.2446666666666666,0.7546666666666667,1.1233333333333333,0.211,Hyundai,automotive,28.5,590.0,1.0,0.636,0.712,0.897,0.88,real_sponsor_names_with_proxy_commercial_metrics,0.7185336170151837,141,169.80000000000007,5,4.700000000000003,0.44,0.1039999999999999,0.0176666666666666,0.8112048561394937,0.6099410074603073,4.227,0.62,0.5112841663732123,0.2139333333333333,0.8831100000000001,0.424109755227289,0.2,0.5841909817770266
694,2006,Germany,Sweden,group_or_knockout,False,0.18,28.7,12.4,47.1,clear,57.11,166.66,A_win,Munich,Germany,2006-06-24,0.1602,4.52,0.133,0.113,51.62,1798,20,646.1,0.4,35.62,0.797,81.3,65.9,22.15,0.2123333333333333,0.851,5.576666666666667,0.3273333333333333,Coca-Cola,beverage,29.19,300.0,1.0,0.286,0.859,0.907,0.902,real_sponsor_names_with_proxy_commercial_metrics,0.7215038709709707,1654,9,471.1,0.0,27.67,0.624,74.4,39.2,19.34,0.1766666666666666,0.6789999999999999,3.783333333333333,0.1453333333333333,Budweiser,beverage,26.29,350.0,1.0,0.625,0.705,0.91,0.618,real_sponsor_names_with_proxy_commercial_metrics,0.6436681220526703,144,175.0,11,6.899999999999992,0.4,0.172,0.0356666666666666,0.9510351228677828,0.6985888452419305,3.959,0.12,0.38370707462810605,0.18699999999999997,0.90283,0.3884146863626632,0.2,0.5766834206263948
695,2006,England,Ecuador,group_or_knockout,True,0.0,47.3,27.5,82.6,clear,54.91,209.91,A_win,Stuttgart,Germany,2006-06-25,0.182,1.8,0.162,0.12,45.54,1695,13,522.2,0.16,30.51,0.678,76.6,52.6,19.34,0.28,0.7986666666666666,2.61,0.1863333333333333,McDonald's,restaurant,20.29,74.13,0.517,0.758,0.819,0.654,0.569,real_sponsor_names_with_proxy_commercial_metrics,0.4256813568338741,1623,2,428.7,-0.08,21.59,0.558,71.6,42.9,13.81,0.1486666666666666,0.8836666666666666,1.9966666666666668,0.0626666666666666,McDonald's,restaurant,16.55,66.18,0.433,0.554,0.689,0.657,0.645,real_sponsor_names_with_proxy_commercial_metrics,0.3438219070287941,72,93.50000000000006,11,5.0,0.24,-0.0849999999999999,0.1313333333333333,0.7074856858162286,0.5637882176907837,3.579,0.12,0.3967574956977804,0.24853333333333336,0.68589,0.4351623492471276,0.2,0.43648832573310536
696,2006,Portugal,Netherlands,group_or_knockout,True,0.0,47.8,23.8,61.4,clear,54.91,112.53,A_win,Nuremberg,Germany,2006-06-25,0.1515,4.23,0.083,0.057,61.23,1702,6,527.3,0.14,27.94,0.666,76.8,47.1,14.4,0.2406666666666666,0.7363333333333334,3.2266666666666666,0.0836666666666666,Mengniu,consumer_goods,17.76,59.99,0.368,0.468,0.8,0.643,0.574,real_sponsor_names_with_proxy_commercial_metrics,0.3588124240475937,1746,9,581.1,0.35,31.14,0.724,75.8,49.9,15.97,0.1103333333333333,0.742,2.733333333333333,0.1786666666666666,Hisense,technology,32.27,1070.0,1.0,0.505,0.811,0.856,0.664,real_sponsor_names_with_proxy_commercial_metrics,0.8192941476500228,-44,-53.80000000000007,-3,1.0,-0.2099999999999999,-0.0056666666666665,0.1303333333333333,0.6820304126224132,0.4267345269195488,3.304,0.12,0.33968906837385826,0.24986666666666663,0.64909,0.24731463640904877,0.2,0.3654190629836678
697,2006,Italy,Australia,group_or_knockout,True,0.0,27.8,37.3,49.2,clear,54.91,146.87,A_win,Kaiserslautern,Germany,2006-06-26,0.3333,4.49,0.057,0.155,55.38,1755,14,594.5,0.34,33.03,0.744,77.8,61.6,11.04,0.3303333333333333,0.8929999999999999,1.3333333333333333,0.0393333333333333,Visa,finance,33.4,250.0,1.0,0.316,0.761,0.842,0.918,real_sponsor_names_with_proxy_commercial_metrics,0.749976237843342,1539,3,329.7,-0.4,20.21,0.479,69.8,32.1,7.37,0.2113333333333333,0.8620000000000001,3.056666666666666,0.0496666666666666,Hyundai,automotive,29.32,590.0,1.0,0.218,0.705,0.903,0.913,real_sponsor_names_with_proxy_commercial_metrics,0.7316309656581901,216,264.8,11,8.0,0.74,0.0309999999999998,0.119,0.8187106162327391,0.3715907464724484,3.32,0.12,0.4247913713064786,0.24100000000000002,0.84782,0.5457546563904945,0.2,0.4892327803559834
698,2006,Switzerland,Ukraine,group_or_knockout,True,0.0,45.5,16.4,55.5,clear,52.71,158.8,draw,Cologne,Germany,2006-06-26,0.2628,5.41,0.118,0.154,57.11,1632,7,443.7,-0.12,26.09,0.595,72.7,48.1,17.05,0.1836666666666666,0.914,2.223333333333333,0.2486666666666666,Adidas,apparel,31.4,1830.0,1.0,0.14,0.774,0.888,0.845,real_sponsor_names_with_proxy_commercial_metrics,0.90423375782881,1608,1,406.1,0.0,17.8,0.52,69.7,40.1,8.260000000000002,0.1853333333333333,0.7766666666666667,3.1833333333333336,0.245,Qatar Airways,airline,21.7,62.39,0.394,0.507,0.637,0.665,0.635,real_sponsor_names_with_proxy_commercial_metrics,0.3982790366172606,24,37.599999999999966,6,3.0,-0.12,0.1373333333333333,-0.0016666666666666,0.5385464489432931,0.5258051679998796,3.871,0.12,0.40642243247753457,0.14459999999999995,0.85383,0.3206647398843931,0.2,0.5723862354143876
699,2006,Brazil,Ghana,group_or_knockout,True,0.0,46.1,22.4,79.6,clear,59.31,139.16,A_win,Dortmund,Germany,2006-06-27,0.1781,1.77,0.32,0.238,65.61,1829,20,683.6,0.5,36.78,0.83,78.8,57.4,18.61,0.1376666666666667,0.7313333333333333,3.723333333333333,0.206,Adidas,apparel,33.15,1830.0,1.0,0.369,0.809,0.916,0.861,real_sponsor_names_with_proxy_commercial_metrics,0.9383411482254695,1600,2,402.0,-0.13,21.31,0.537,68.9,36.1,8.969999999999999,0.3763333333333333,0.8766666666666666,0.7333333333333333,0.2983333333333333,Mengniu,consumer_goods,23.07,63.81,0.408,0.27,0.715,0.668,0.644,real_sponsor_names_with_proxy_commercial_metrics,0.4330502275859767,229,281.6,18,9.899999999999991,0.63,-0.1453333333333333,-0.2386666666666666,0.9764150943396226,0.5569002446543478,4.224,0.12,0.4448182447715182,0.19006666666666672,0.87793,0.28954042674659236,0.2,0.5976037930316338
700,2006,Spain,France,group_or_knockout,True,0.0,55.4,33.8,81.5,clear,61.51,262.44,B_win,Hanover,Germany,2006-06-27,0.3626,4.93,0.097,0.105,68.58,1708,12,537.2,0.18,30.58,0.689,77.4,45.2,19.26,0.2126666666666666,0.84,4.25,0.077,Budweiser,beverage,27.85,350.0,1.0,0.321,0.724,0.933,0.612,real_sponsor_names_with_proxy_commercial_metrics,0.6704472243491213,1748,13,584.8,0.26,32.28,0.733,77.8,46.5,18.67,0.2083333333333333,0.8296666666666667,3.483333333333333,0.3613333333333333,Qatar Airways,airline,24.02,81.37,0.593,0.647,0.801,0.711,0.647,real_sponsor_names_with_proxy_commercial_metrics,0.5007849188790221,-40,-47.59999999999991,-1,-0.3999999999999915,-0.08,0.0103333333333333,0.0043333333333333,0.7299678934836586,0.6309501744758403,3.874,0.12,0.5739123242361674,0.19159999999999994,0.80913,0.5942820951973167,0.2,0.570138047544258
701,2006,Germany,Argentina,group_or_knockout,False,0.18,72.5,30.1,44.9,clear,57.11,210.48,draw,Berlin,Germany,2006-06-30,0.214,-1.13,0.149,0.15,59.93,1798,20,646.1,0.4,35.62,0.797,81.3,65.9,22.15,0.2123333333333333,0.851,5.576666666666667,0.3273333333333333,Coca-Cola,beverage,29.19,300.0,1.0,0.286,0.859,0.907,0.902,real_sponsor_names_with_proxy_commercial_metrics,0.7215038709709707,1753,15,591.7,0.26,33.16,0.743,76.8,58.0,19.5,0.2623333333333333,0.8586666666666667,3.813333333333333,0.2106666666666666,Hyundai,automotive,30.74,590.0,1.0,0.338,0.813,0.936,0.851,real_sponsor_names_with_proxy_commercial_metrics,0.7681302767229082,45,54.39999999999998,5,4.5,0.14,-0.0076666666666667,-0.05,0.9510351228677828,0.7138451773857203,4.285,0.12,0.4604986470825803,0.18699999999999997,0.90283,0.3398911724826946,0.2,0.5963135081175508
702,2006,Italy,Ukraine,group_or_knockout,True,0.0,54.8,18.8,57.3,hot,59.31,183.83,A_win,Hamburg,Germany,2006-06-30,0.1506,5.52,0.053,0.033,52.82,1755,14,594.5,0.34,33.03,0.744,77.8,61.6,11.04,0.3303333333333333,0.8929999999999999,1.3333333333333333,0.0393333333333333,Visa,finance,33.4,250.0,1.0,0.316,0.761,0.842,0.918,real_sponsor_names_with_proxy_commercial_metrics,0.749976237843342,1608,1,406.1,0.0,17.8,0.52,69.7,40.1,8.260000000000002,0.1853333333333333,0.7766666666666667,3.1833333333333336,0.245,Qatar Airways,airline,21.7,62.39,0.394,0.507,0.637,0.665,0.635,real_sponsor_names_with_proxy_commercial_metrics,0.3982790366172606,147,188.4,13,8.099999999999994,0.34,0.1163333333333331,0.145,0.8187106162327391,0.4042380287487772,3.643,0.62,0.3890040782502443,0.24100000000000002,0.84782,0.4660147719974309,0.2,0.4912165607821086
703,2006,Brazil,France,group_or_knockout,True,0.0,44.6,24.3,59.4,clear,54.91,259.32,B_win,Frankfurt am Main,Germany,2006-07-01,0.2226,2.75,-0.101,0.025,59.22,1829,20,683.6,0.5,36.78,0.83,78.8,57.4,18.61,0.1376666666666667,0.7313333333333333,3.723333333333333,0.206,Adidas,apparel,33.15,1830.0,1.0,0.369,0.809,0.916,0.861,real_sponsor_names_with_proxy_commercial_metrics,0.9383411482254695,1748,13,584.8,0.26,32.28,0.733,77.8,46.5,18.67,0.2083333333333333,0.8296666666666667,3.483333333333333,0.3613333333333333,Qatar Airways,airline,24.02,81.37,0.593,0.647,0.801,0.711,0.647,real_sponsor_names_with_proxy_commercial_metrics,0.5007849188790221,81,98.80000000000008,7,1.0,0.24,-0.0983333333333333,-0.0706666666666666,0.9764150943396226,0.5789557215389555,4.082,0.12,0.45527293379884193,0.19006666666666672,0.87793,0.2516784414472276,0.2,0.6058702643647886
704,2006,England,Portugal,group_or_knockout,True,0.0,57.3,23.0,42.2,clear,52.71,99.0,draw,Gelsenkirchen,Germany,2006-07-01,0.1998,2.79,0.057,-0.014,50.98,1695,13,522.2,0.16,30.51,0.678,76.6,52.6,19.34,0.28,0.7986666666666666,2.61,0.1863333333333333,McDonald's,restaurant,20.29,74.13,0.517,0.758,0.819,0.654,0.569,real_sponsor_names_with_proxy_commercial_metrics,0.4256813568338741,1702,6,527.3,0.14,27.94,0.666,76.8,47.1,14.4,0.2406666666666666,0.7363333333333334,3.2266666666666666,0.0836666666666666,Mengniu,consumer_goods,17.76,59.99,0.368,0.468,0.8,0.643,0.574,real_sponsor_names_with_proxy_commercial_metrics,0.3588124240475937,-7,-5.099999999999909,7,-0.2000000000000028,0.0199999999999999,0.0623333333333332,0.0393333333333333,0.7074856858162286,0.515284230134306,3.407,0.12,0.28887882869743936,0.24853333333333336,0.68589,0.1435424248911725,0.2,0.4013314758172234
705,2006,Germany,Italy,group_or_knockout,False,0.18,71.6,24.7,57.1,hot,57.11,162.85,B_win,Dortmund,Germany,2006-07-04,0.1072,-1.48,0.31,0.134,50.13,1798,20,646.1,0.4,35.62,0.797,81.3,65.9,22.15,0.2123333333333333,0.851,5.576666666666667,0.3273333333333333,Coca-Cola,beverage,29.19,300.0,1.0,0.286,0.859,0.907,0.902,real_sponsor_names_with_proxy_commercial_metrics,0.7215038709709707,1755,14,594.5,0.34,33.03,0.744,77.8,61.6,11.04,0.3303333333333333,0.8929999999999999,1.3333333333333333,0.0393333333333333,Visa,finance,33.4,250.0,1.0,0.316,0.761,0.842,0.918,real_sponsor_names_with_proxy_commercial_metrics,0.749976237843342,43,51.60000000000002,6,3.5,0.06,-0.0419999999999999,-0.118,0.9510351228677828,0.6972623590377353,4.141,0.62,0.3676203770395051,0.18699999999999997,0.90283,0.45214479411974595,0.2,0.5730946649714999
706,2006,Portugal,France,group_or_knockout,True,0.0,45.3,18.8,58.1,hot,54.91,173.86,B_win,Munich,Germany,2006-07-05,0.0901,1.98,0.167,0.123,50.46,1702,6,527.3,0.14,27.94,0.666,76.8,47.1,14.4,0.2406666666666666,0.7363333333333334,3.2266666666666666,0.0836666666666666,Mengniu,consumer_goods,17.76,59.99,0.368,0.468,0.8,0.643,0.574,real_sponsor_names_with_proxy_commercial_metrics,0.3588124240475937,1748,13,584.8,0.26,32.28,0.733,77.8,46.5,18.67,0.2083333333333333,0.8296666666666667,3.483333333333333,0.3613333333333333,Qatar Airways,airline,24.02,81.37,0.593,0.647,0.801,0.711,0.647,real_sponsor_names_with_proxy_commercial_metrics,0.5007849188790221,-46,-57.5,-7,-1.0,-0.12,-0.0933333333333332,0.0323333333333333,0.6820304126224132,0.4480871250568976,3.142,0.62,0.35748792926545503,0.24986666666666663,0.64909,0.46947156212088775,0.2,0.3749575626404449
707,2006,Germany,Portugal,group_or_knockout,False,0.18,46.2,22.5,76.2,rain,61.51,136.06,A_win,Stuttgart,Germany,2006-07-08,0.1029,5.65,0.251,0.284,54.65,1798,20,646.1,0.4,35.62,0.797,81.3,65.9,22.15,0.2123333333333333,0.851,5.576666666666667,0.3273333333333333,Coca-Cola,beverage,29.19,300.0,1.0,0.286,0.859,0.907,0.902,real_sponsor_names_with_proxy_commercial_metrics,0.7215038709709707,1702,6,527.3,0.14,27.94,0.666,76.8,47.1,14.4,0.2406666666666666,0.7363333333333334,3.2266666666666666,0.0836666666666666,Mengniu,consumer_goods,17.76,59.99,0.368,0.468,0.8,0.643,0.574,real_sponsor_names_with_proxy_commercial_metrics,0.3588124240475937,96,118.80000000000008,14,4.5,0.26,0.1146666666666665,-0.0283333333333333,0.9510351228677828,0.7077144981336306,4.12,0.48,0.4174966896501955,0.18699999999999997,0.90283,0.42145022479126526,0.2,0.5859965264404887
708,2006,Italy,France,group_or_knockout,True,0.0,65.3,13.4,77.3,clear,57.11,177.54,draw,Berlin,Germany,2006-07-09,0.0776,1.9,0.092,0.022,54.13,1755,14,594.5,0.34,33.03,0.744,77.8,61.6,11.04,0.3303333333333333,0.8929999999999999,1.3333333333333333,0.0393333333333333,Visa,finance,33.4,250.0,1.0,0.316,0.761,0.842,0.918,real_sponsor_names_with_proxy_commercial_metrics,0.749976237843342,1748,13,584.8,0.26,32.28,0.733,77.8,46.5,18.67,0.2083333333333333,0.8296666666666667,3.483333333333333,0.3613333333333333,Qatar Airways,airline,24.02,81.37,0.593,0.647,0.801,0.711,0.647,real_sponsor_names_with_proxy_commercial_metrics,0.5007849188790221,7,9.700000000000044,1,0.0,0.08,0.0633333333333332,0.122,0.8187106162327391,0.3921584471458204,3.596,0.12,0.35300247853561517,0.24100000000000002,0.84782,0.4928969528295154,0.2,0.4806339579903548
709,2010,South Africa,Mexico,group_or_knockout,False,0.18,55.1,23.8,52.7,clear,58.57,122.78,draw,Johannesburg,South Africa,2010-06-11,0.1334,4.3,-0.069,-0.02,62.16,1530,1,315.3,-0.11,17.05,0.45,68.0,32.2,12.38,0.1266666666666666,0.7996666666666666,3.4566666666666666,-0.08,Qatar Airways,airline,26.15,81.81,0.598,0.304,0.668,0.76,0.558,real_sponsor_names_with_proxy_commercial_metrics,0.5094985796872883,1612,10,421.9,-0.18,26.83,0.584,72.1,37.6,18.89,0.2446666666666666,0.7546666666666667,1.1233333333333333,0.211,Hyundai,automotive,28.5,590.0,1.0,0.636,0.712,0.897,0.88,real_sponsor_names_with_proxy_commercial_metrics,0.7185336170151837,-82,-106.59999999999997,-9,-4.099999999999994,0.0699999999999999,0.0449999999999999,-0.118,0.2992007110612221,0.4014911504556203,3.01,0.12,0.34532920649139565,0.1561333333333333,0.6619,0.20972204381645615,0.2,0.40306102255080206
710,2010,Uruguay,France,group_or_knockout,True,0.0,66.4,25.7,54.6,clear,54.17,187.82,draw,Cape Town,South Africa,2010-06-11,0.2769,2.87,0.031,0.105,51.71,1684,10,508.3,0.07,29.28,0.661,74.8,44.8,20.58,0.1356666666666666,0.8753333333333333,1.923333333333333,0.1913333333333333,Vivo,technology,19.75,76.46,0.542,0.306,0.797,0.741,0.63,real_sponsor_names_with_proxy_commercial_metrics,0.4351767440908576,1748,13,584.8,0.26,32.28,0.733,77.8,46.5,18.67,0.2083333333333333,0.8296666666666667,3.483333333333333,0.3613333333333333,Qatar Airways,airline,24.02,81.37,0.593,0.647,0.801,0.711,0.647,real_sponsor_names_with_proxy_commercial_metrics,0.5007849188790221,-64,-76.49999999999994,-3,-3.0,-0.19,0.0456666666666666,-0.0726666666666666,0.6570661125383135,0.5778868985923858,3.694,0.12,0.4143573623343805,0.13126666666666664,0.71205,0.26735388567758506,0.2,0.45693322265454994
711,2010,Argentina,Nigeria,group_or_knockout,True,0.0,57.8,21.6,68.6,clear,56.37,216.62,A_win,Johannesburg,South Africa,2010-06-12,0.2574,5.03,0.151,0.227,49.4,1753,15,591.7,0.26,33.16,0.743,76.8,58.0,19.5,0.2623333333333333,0.8586666666666667,3.813333333333333,0.2106666666666666,Hyundai,automotive,30.74,590.0,1.0,0.338,0.813,0.936,0.851,real_sponsor_names_with_proxy_commercial_metrics,0.7681302767229082,1585,3,384.6,-0.29,21.98,0.529,75.3,31.3,8.190000000000001,0.2983333333333333,0.916,1.92,-0.066,Coca-Cola,beverage,26.63,300.0,1.0,0.555,0.744,0.906,0.879,real_sponsor_names_with_proxy_commercial_metrics,0.6666248313049998,168,207.1,12,1.5,0.55,-0.0573333333333332,-0.0359999999999999,0.8112048561394937,0.6153687446505474,4.14,0.12,0.4658280704425032,0.2139333333333333,0.8831100000000001,0.2420095625490615,0.2,0.576619529004152
712,2010,England,United States,group_or_knockout,True,0.0,67.1,13.3,48.6,clear,58.57,180.63,draw,Rustenburg,South Africa,2010-06-12,0.3553,3.2,0.139,0.161,47.53,1695,13,522.2,0.16,30.51,0.678,76.6,52.6,19.34,0.28,0.7986666666666666,2.61,0.1863333333333333,McDonald's,restaurant,20.29,74.13,0.517,0.758,0.819,0.654,0.569,real_sponsor_names_with_proxy_commercial_metrics,0.4256813568338741,1578,6,379.0,-0.3,23.84,0.536,71.9,31.0,12.75,0.132,0.7943333333333333,0.7200000000000001,0.0636666666666666,Vivo,technology,22.58,68.24,0.455,0.416,0.676,0.652,0.654,real_sponsor_names_with_proxy_commercial_metrics,0.4277412886284749,117,143.20000000000005,7,4.699999999999989,0.4599999999999999,0.0043333333333333,0.148,0.7074856858162286,0.5700469183338145,3.643,0.12,0.45739996253377385,0.24853333333333336,0.68589,0.37148576321986726,0.2,0.45036925528035265
713,2010,South Korea,Greece,group_or_knockout,True,0.0,44.5,28.9,67.4,cloudy,58.57,99.63,A_win,Port Elizabeth,South Africa,2010-06-12,0.2418,0.84,0.119,0.163,63.73,1548,6,343.4,-0.37,22.9,0.505,70.3,20.2,12.829999999999998,0.151,0.8606666666666666,2.8866666666666667,0.2443333333333333,McDonald's,restaurant,25.44,80.72,0.587,0.49,0.67,0.723,0.661,real_sponsor_names_with_proxy_commercial_metrics,0.5004808180408472,1521,1,305.1,-0.4,17.11,0.443,66.0,32.8,9.21,0.1196666666666666,0.7983333333333333,2.74,0.2183333333333333,Budweiser,beverage,30.87,350.0,1.0,0.603,0.686,0.866,0.554,real_sponsor_names_with_proxy_commercial_metrics,0.6925784352050712,27,38.29999999999996,5,4.299999999999997,0.03,0.0623333333333332,0.0313333333333333,0.3785695739184261,0.4608150895340618,3.14,0.22,0.40647035869530646,0.14633333333333337,0.6669599999999999,0.4458995218725469,0.2,0.43103209313840196
714,2010,Algeria,Slovenia,group_or_knockout,True,0.0,57.8,25.2,56.6,clear,56.37,122.88,B_win,Polokwane,South Africa,2010-06-13,0.2143,2.92,0.077,0.095,52.44,1543,2,333.4,-0.31,18.82,0.474,72.2,36.3,11.9,0.258,0.887,1.2466666666666666,0.0059999999999999,Hisense,technology,30.28,1070.0,1.0,0.679,0.66,0.889,0.626,real_sponsor_names_with_proxy_commercial_metrics,0.7697599722846784,1491,1,267.3,-0.5,14.34,0.4,66.6,28.9,8.67,0.2016666666666666,0.8223333333333334,2.676666666666667,0.2296666666666666,Vivo,technology,14.76,59.17,0.36,0.203,0.658,0.571,0.553,real_sponsor_names_with_proxy_commercial_metrics,0.28302,52,66.09999999999997,1,5.6000000000000085,0.19,0.0646666666666666,0.0563333333333333,0.3657175034061077,0.3754615633821598,3.443,0.12,0.3600329887825608,0.19999999999999998,0.77335,0.26299008063940627,0.2,0.47414722885183974
715,2010,Germany,Australia,group_or_knockout,True,0.0,55.3,18.6,42.5,cloudy,62.97,210.77,A_win,Durban,South Africa,2010-06-13,0.1938,6.16,0.195,0.138,59.13,1798,20,646.1,0.4,35.62,0.797,81.3,65.9,22.15,0.2123333333333333,0.851,5.576666666666667,0.3273333333333333,Coca-Cola,beverage,29.19,300.0,1.0,0.286,0.859,0.907,0.902,real_sponsor_names_with_proxy_commercial_metrics,0.7215038709709707,1539,3,329.7,-0.4,20.21,0.479,69.8,32.1,7.37,0.2113333333333333,0.8620000000000001,3.056666666666666,0.0496666666666666,Hyundai,automotive,29.32,590.0,1.0,0.218,0.705,0.903,0.913,real_sponsor_names_with_proxy_commercial_metrics,0.7316309656581901,259,316.40000000000003,17,11.5,0.8,-0.0110000000000001,0.001,0.9510351228677828,0.7402886036825391,4.293,0.22,0.4813664578905744,0.18699999999999997,0.90283,0.24726646685220863,0.2,0.6078912296422588
716,2010,Serbia,Ghana,group_or_knockout,True,0.0,42.2,21.3,42.7,clear,56.37,162.04,B_win,Pretoria,South Africa,2010-06-13,0.1807,3.85,0.08,0.112,59.47,1559,2,352.7,-0.38,20.1,0.495,68.8,36.3,15.31,0.141,0.848,1.7433333333333334,0.1526666666666666,Vivo,technology,23.55,77.75,0.555,0.452,0.729,0.727,0.578,real_sponsor_names_with_proxy_commercial_metrics,0.4728882004869282,1600,2,402.0,-0.13,21.31,0.537,68.9,36.1,8.969999999999999,0.3763333333333333,0.8766666666666666,0.7333333333333333,0.2983333333333333,Mengniu,consumer_goods,23.07,63.81,0.408,0.27,0.715,0.668,0.644,real_sponsor_names_with_proxy_commercial_metrics,0.4330502275859767,-41,-49.30000000000001,0,-0.1000000000000085,-0.25,-0.0286666666666666,-0.2353333333333333,0.358888880308777,0.4737841517781254,2.987,0.12,0.40115702515789786,0.1454,0.67453,0.13789945051024047,0.2,0.42809433564631744
717,2010,Italy,Paraguay,group_or_knockout,True,0.0,37.7,14.0,81.2,clear,58.57,78.72,draw,Cape Town,South Africa,2010-06-14,0.1983,2.56,0.144,0.109,63.6,1755,14,594.5,0.34,33.03,0.744,77.8,61.6,11.04,0.3303333333333333,0.8929999999999999,1.3333333333333333,0.0393333333333333,Visa,finance,33.4,250.0,1.0,0.316,0.761,0.842,0.918,real_sponsor_names_with_proxy_commercial_metrics,0.749976237843342,1578,4,377.4,-0.11,22.66,0.528,69.9,30.5,12.88,0.1066666666666666,0.8923333333333333,3.733333333333333,0.1686666666666666,Hyundai,automotive,26.2,590.0,1.0,0.401,0.667,0.921,0.802,real_sponsor_names_with_proxy_commercial_metrics,0.6777827610652881,177,217.1,10,7.899999999999991,0.45,0.0006666666666665,0.2236666666666666,0.8187106162327391,0.3643165025598173,3.224,0.12,0.36553707028703414,0.24100000000000002,0.84782,0.4941418682651823,0.2,0.4753451318565578
718,2010,Japan,Cameroon,group_or_knockout,True,0.0,66.9,16.8,55.5,rain,56.37,228.13,A_win,Bloemfontein,South Africa,2010-06-14,0.2348,7.54,0.135,0.171,54.34,1586,4,387.4,-0.2,22.68,0.535,72.8,37.0,11.9,0.25,0.7706666666666667,4.593333333333333,0.3566666666666667,Adidas,apparel,29.47,1830.0,1.0,0.558,0.648,0.855,0.917,real_sponsor_names_with_proxy_commercial_metrics,0.8586337787056367,1542,4,334.5,-0.31,21.28,0.489,68.0,29.1,10.52,0.2513333333333333,0.8450000000000001,2.2433333333333336,0.186,Coca-Cola,beverage,31.97,300.0,1.0,0.241,0.693,0.92,0.885,real_sponsor_names_with_proxy_commercial_metrics,0.7331682968582358,44,52.89999999999998,0,4.799999999999997,0.1099999999999999,-0.0743333333333333,-0.0013333333333333,0.4507401502367096,0.5131507441701092,4.163,0.48,0.4666911351423793,0.2417333333333333,0.8034600000000001,0.45426011560693635,0.2,0.5570729422854593
719,2010,Netherlands,Denmark,group_or_knockout,True,0.0,53.4,19.8,84.2,hot,58.57,173.9,A_win,Johannesburg,South Africa,2010-06-14,0.3049,5.23,0.09,0.053,59.02,1746,9,581.1,0.35,31.14,0.724,75.8,49.9,15.97,0.1103333333333333,0.742,2.733333333333333,0.1786666666666666,Hisense,technology,32.27,1070.0,1.0,0.505,0.811,0.856,0.664,real_sponsor_names_with_proxy_commercial_metrics,0.8192941476500228,1642,4,453.4,0.04,24.3,0.592,71.5,43.1,19.09,0.1573333333333333,0.8273333333333334,2.966666666666667,0.3496666666666666,Coca-Cola,beverage,33.85,300.0,1.0,0.685,0.715,0.895,0.825,real_sponsor_names_with_proxy_commercial_metrics,0.754749779112933,104,127.70000000000005,5,4.299999999999997,0.31,-0.0853333333333333,-0.047,0.7581498473599972,0.4997485198517469,3.996,0.62,0.44061604673998833,0.1694,0.8342200000000001,0.5562377792050239,0.2,0.5473101903424923
720,2010,Brazil,North Korea,group_or_knockout,True,0.0,44.7,30.4,49.8,clear,60.77,138.07,A_win,Johannesburg,South Africa,2010-06-15,0.0939,4.52,0.049,0.125,52.63,1829,20,683.6,0.5,36.78,0.83,78.8,57.4,18.61,0.1376666666666667,0.7313333333333333,3.723333333333333,0.206,Adidas,apparel,33.15,1830.0,1.0,0.369,0.809,0.916,0.861,real_sponsor_names_with_proxy_commercial_metrics,0.9383411482254695,1482,1,257.6,-0.57,14.55,0.394,66.9,26.9,8.790000000000001,0.1546666666666666,0.706,4.253333333333333,0.251,Adidas,apparel,26.45,1830.0,1.0,0.274,0.656,0.915,0.861,real_sponsor_names_with_proxy_commercial_metrics,0.8228125678496869,347,426.0,19,11.899999999999991,1.0699999999999998,0.0253333333333333,-0.0169999999999999,0.9764150943396226,0.5630838897628351,4.222,0.12,0.3690311247159137,0.19006666666666672,0.87793,0.3688674801969599,0.2,0.5841777896508893
721,2010,Ivory Coast,Portugal,group_or_knockout,True,0.0,56.7,19.2,62.7,cloudy,54.17,204.53,draw,Port Elizabeth,South Africa,2010-06-15,0.2723,3.47,0.086,0.122,60.49,1587,1,384.2,-0.22,19.05,0.511,73.8,39.2,8.73,0.1446666666666666,0.7746666666666666,3.723333333333333,0.359,Budweiser,beverage,26.15,350.0,1.0,0.237,0.659,0.897,0.579,real_sponsor_names_with_proxy_commercial_metrics,0.6299883308209375,1702,6,527.3,0.14,27.94,0.666,76.8,47.1,14.4,0.2406666666666666,0.7363333333333334,3.2266666666666666,0.0836666666666666,Mengniu,consumer_goods,17.76,59.99,0.368,0.468,0.8,0.643,0.574,real_sponsor_names_with_proxy_commercial_metrics,0.3588124240475937,-115,-143.09999999999997,-5,-3.0,-0.36,0.0383333333333332,-0.096,0.4439260305258574,0.4263106974935468,3.563,0.22,0.451222930694919,0.17693333333333333,0.76788,0.3189434810533077,0.2,0.4736959808342019
722,2010,New Zealand,Slovakia,group_or_knockout,True,0.0,72.7,26.8,96.0,clear,58.57,138.45,draw,Rustenburg,South Africa,2010-06-15,0.1725,4.33,0.27,0.183,57.66,1404,1,163.9,-0.5,11.34,0.308,64.7,15.2,8.370000000000001,0.188,0.8696666666666667,0.58,0.3226666666666666,McDonald's,restaurant,20.14,63.89,0.409,0.46,0.556,0.654,0.629,real_sponsor_names_with_proxy_commercial_metrics,0.3651693464044089,1525,1,306.2,-0.25,14.23,0.427,72.8,26.2,7.47,0.086,0.8896666666666667,3.143333333333333,0.1973333333333333,Mengniu,consumer_goods,15.95,62.18,0.391,0.258,0.642,0.626,0.565,real_sponsor_names_with_proxy_commercial_metrics,0.3105181790508177,-121,-142.29999999999998,0,-8.099999999999994,-0.25,-0.02,0.102,0.0695212410354738,0.3711090230606479,3.022,0.12,0.40586791708593245,0.16493333333333332,0.5649900000000001,0.4748554913294798,0.2,0.3579273530112261
723,2010,Honduras,Chile,group_or_knockout,True,0.0,28.4,19.8,41.1,clear,56.37,132.84,B_win,Nelspruit,South Africa,2010-06-16,0.3536,4.4,0.209,0.109,58.57,1414,1,177.5,-0.67,13.05,0.328,62.9,9.5,7.33,0.4183333333333334,0.6726666666666666,3.2266666666666666,0.0066666666666666,Visa,finance,28.19,250.0,1.0,0.46,0.538,0.906,0.82,real_sponsor_names_with_proxy_commercial_metrics,0.6450568641481437,1622,5,430.7,-0.12,24.93,0.579,72.9,38.6,16.65,0.135,0.8083333333333332,3.453333333333333,0.1826666666666666,Hisense,technology,27.36,1070.0,1.0,0.243,0.681,0.911,0.656,real_sponsor_names_with_proxy_commercial_metrics,0.7384557551656803,-208,-253.2,-4,-10.000000000000009,-0.55,-0.1356666666666666,0.2833333333333334,0.0690300105224019,0.2938478303183781,2.635,0.12,0.4245087152504356,0.38193333333333335,0.75546,0.17000321130378931,0.2,0.4208411829347875
724,2010,South Africa,Uruguay,group_or_knockout,False,0.18,38.5,24.5,27.6,rain,60.77,191.99,B_win,Pretoria,South Africa,2010-06-16,0.2667,-1.78,0.201,0.127,49.9,1530,1,315.3,-0.11,17.05,0.45,68.0,32.2,12.38,0.1266666666666666,0.7996666666666666,3.4566666666666666,-0.08,Qatar Airways,airline,26.15,81.81,0.598,0.304,0.668,0.76,0.558,real_sponsor_names_with_proxy_commercial_metrics,0.5094985796872883,1684,10,508.3,0.07,29.28,0.661,74.8,44.8,20.58,0.1356666666666666,0.8753333333333333,1.923333333333333,0.1913333333333333,Vivo,technology,19.75,76.46,0.542,0.306,0.797,0.741,0.63,real_sponsor_names_with_proxy_commercial_metrics,0.4351767440908576,-154,-193.0,-9,-6.799999999999997,-0.18,-0.0756666666666666,-0.0089999999999999,0.2992007110612221,0.4354769031787791,2.861,0.48,0.45054883222595277,0.1561333333333333,0.6619,0.26347334617854845,0.2,0.43362095846019794
725,2010,Spain,Switzerland,group_or_knockout,True,0.0,46.0,22.2,78.6,clear,56.37,265.24,B_win,Durban,South Africa,2010-06-16,0.1138,3.63,0.057,0.145,56.89,1708,12,537.2,0.18,30.58,0.689,77.4,45.2,19.26,0.2126666666666666,0.84,4.25,0.077,Budweiser,beverage,27.85,350.0,1.0,0.321,0.724,0.933,0.612,real_sponsor_names_with_proxy_commercial_metrics,0.6704472243491213,1632,7,443.7,-0.12,26.09,0.595,72.7,48.1,17.05,0.1836666666666666,0.914,2.223333333333333,0.2486666666666666,Adidas,apparel,31.4,1830.0,1.0,0.14,0.774,0.888,0.845,real_sponsor_names_with_proxy_commercial_metrics,0.90423375782881,76,93.50000000000006,5,4.700000000000003,0.3,-0.074,0.0289999999999999,0.7299678934836586,0.6088191760897577,3.749,0.12,0.4606099730080325,0.19159999999999994,0.80913,0.2800171269535431,0.2,0.5412808977505279
726,2010,Argentina,South Korea,group_or_knockout,True,0.0,77.0,28.2,44.8,cloudy,65.17,293.42,A_win,Johannesburg,South Africa,2010-06-17,0.2622,2.46,0.005,0.073,59.49,1753,15,591.7,0.26,33.16,0.743,76.8,58.0,19.5,0.2623333333333333,0.8586666666666667,3.813333333333333,0.2106666666666666,Hyundai,automotive,30.74,590.0,1.0,0.338,0.813,0.936,0.851,real_sponsor_names_with_proxy_commercial_metrics,0.7681302767229082,1548,6,343.4,-0.37,22.9,0.505,70.3,20.2,12.829999999999998,0.151,0.8606666666666666,2.8866666666666667,0.2443333333333333,McDonald's,restaurant,25.44,80.72,0.587,0.49,0.67,0.723,0.661,real_sponsor_names_with_proxy_commercial_metrics,0.5004808180408472,205,248.30000000000007,9,6.5,0.63,-0.0019999999999998,0.1113333333333333,0.8112048561394937,0.6816660074362976,4.45,0.22,0.5582825165582144,0.2139333333333333,0.8831100000000001,0.3300371083993434,0.2,0.6136736518073043
727,2010,France,Mexico,group_or_knockout,True,0.0,61.7,19.8,57.7,cloudy,58.57,185.11,B_win,Polokwane,South Africa,2010-06-17,0.1203,1.75,0.207,0.172,55.17,1748,13,584.8,0.26,32.28,0.733,77.8,46.5,18.67,0.2083333333333333,0.8296666666666667,3.483333333333333,0.3613333333333333,Qatar Airways,airline,24.02,81.37,0.593,0.647,0.801,0.711,0.647,real_sponsor_names_with_proxy_commercial_metrics,0.5007849188790221,1612,10,421.9,-0.18,26.83,0.584,72.1,37.6,18.89,0.2446666666666666,0.7546666666666667,1.1233333333333333,0.211,Hyundai,automotive,28.5,590.0,1.0,0.636,0.712,0.897,0.88,real_sponsor_names_with_proxy_commercial_metrics,0.7185336170151837,136,162.89999999999998,3,5.700000000000003,0.44,0.0749999999999999,-0.0363333333333333,0.8018213325687816,0.614592458970137,3.599,0.22,0.4171183879852379,0.19313333333333332,0.7179599999999999,0.28173160636551775,0.2,0.4806243466396513
728,2010,Greece,Nigeria,group_or_knockout,True,0.0,68.0,13.6,48.6,clear,60.77,197.66,A_win,Bloemfontein,South Africa,2010-06-17,0.1449,2.39,0.192,0.115,62.32,1521,1,305.1,-0.4,17.11,0.443,66.0,32.8,9.21,0.1196666666666666,0.7983333333333333,2.74,0.2183333333333333,Budweiser,beverage,30.87,350.0,1.0,0.603,0.686,0.866,0.554,real_sponsor_names_with_proxy_commercial_metrics,0.6925784352050712,1585,3,384.6,-0.29,21.98,0.529,75.3,31.3,8.190000000000001,0.2983333333333333,0.916,1.92,-0.066,Coca-Cola,beverage,26.63,300.0,1.0,0.555,0.744,0.906,0.879,real_sponsor_names_with_proxy_commercial_metrics,0.6666248313049998,-64,-79.5,-2,-9.299999999999995,-0.11,-0.1176666666666665,-0.1786666666666667,0.2664347481162223,0.4230677738602145,3.601,0.12,0.4487240675546711,0.15246666666666664,0.76772,0.3636822950117748,0.2,0.4887554146410114
729,2010,England,Algeria,group_or_knockout,True,0.0,43.2,14.7,62.3,clear,54.17,193.2,draw,Cape Town,South Africa,2010-06-18,0.2266,-0.47,0.131,0.134,57.78,1695,13,522.2,0.16,30.51,0.678,76.6,52.6,19.34,0.28,0.7986666666666666,2.61,0.1863333333333333,McDonald's,restaurant,20.29,74.13,0.517,0.758,0.819,0.654,0.569,real_sponsor_names_with_proxy_commercial_metrics,0.4256813568338741,1543,2,333.4,-0.31,18.82,0.474,72.2,36.3,11.9,0.258,0.887,1.2466666666666666,0.0059999999999999,Hisense,technology,30.28,1070.0,1.0,0.679,0.66,0.889,0.626,real_sponsor_names_with_proxy_commercial_metrics,0.7697599722846784,152,188.80000000000007,11,4.399999999999992,0.47,-0.0883333333333333,0.022,0.7074856858162286,0.5546439567120247,3.4,0.12,0.4264041428961291,0.24853333333333336,0.68589,0.3942671091129665,0.2,0.43985726209872256
730,2010,Germany,Serbia,group_or_knockout,True,0.0,43.4,19.8,42.8,clear,56.37,113.29,B_win,Port Elizabeth,South Africa,2010-06-18,0.17,-0.99,0.09,0.049,51.06,1798,20,646.1,0.4,35.62,0.797,81.3,65.9,22.15,0.2123333333333333,0.851,5.576666666666667,0.3273333333333333,Coca-Cola,beverage,29.19,300.0,1.0,0.286,0.859,0.907,0.902,real_sponsor_names_with_proxy_commercial_metrics,0.7215038709709707,1559,2,352.7,-0.38,20.1,0.495,68.8,36.3,15.31,0.141,0.848,1.7433333333333334,0.1526666666666666,Vivo,technology,23.55,77.75,0.555,0.452,0.729,0.727,0.578,real_sponsor_names_with_proxy_commercial_metrics,0.4728882004869282,239,293.40000000000003,18,12.5,0.78,0.003,0.0713333333333333,0.9510351228677828,0.6766810713377647,3.815,0.12,0.32610926376356875,0.18699999999999997,0.90283,0.177348890316135,0.2,0.5590296817603209
731,2010,Slovenia,United States,group_or_knockout,True,0.0,63.8,15.5,55.1,windy,62.97,215.51,draw,Johannesburg,South Africa,2010-06-18,0.3337,5.42,0.003,0.093,68.91,1491,1,267.3,-0.5,14.34,0.4,66.6,28.9,8.67,0.2016666666666666,0.8223333333333334,2.676666666666667,0.2296666666666666,Vivo,technology,14.76,59.17,0.36,0.203,0.658,0.571,0.553,real_sponsor_names_with_proxy_commercial_metrics,0.28302,1578,6,379.0,-0.3,23.84,0.536,71.9,31.0,12.75,0.132,0.7943333333333333,0.7200000000000001,0.0636666666666666,Vivo,technology,22.58,68.24,0.455,0.416,0.676,0.652,0.654,real_sponsor_names_with_proxy_commercial_metrics,0.4277412886284749,-87,-111.7,-5,-5.300000000000011,-0.2,0.028,0.0696666666666666,0.224011998713193,0.4359928143292032,3.239,0.48,0.5368462485965176,0.1920666666666666,0.5668599999999999,0.4863467494469421,0.2,0.3812084377314805
732,2010,Cameroon,Denmark,group_or_knockout,True,0.0,58.8,25.5,65.2,cloudy,60.77,141.39,B_win,Pretoria,South Africa,2010-06-19,0.2251,3.77,0.189,0.178,52.19,1542,4,334.5,-0.31,21.28,0.489,68.0,29.1,10.52,0.2513333333333333,0.8450000000000001,2.2433333333333336,0.186,Coca-Cola,beverage,31.97,300.0,1.0,0.241,0.693,0.92,0.885,real_sponsor_names_with_proxy_commercial_metrics,0.7331682968582358,1642,4,453.4,0.04,24.3,0.592,71.5,43.1,19.09,0.1573333333333333,0.8273333333333334,2.966666666666667,0.3496666666666666,Coca-Cola,beverage,33.85,300.0,1.0,0.685,0.715,0.895,0.825,real_sponsor_names_with_proxy_commercial_metrics,0.754749779112933,-100,-118.89999999999998,0,-3.5,-0.35,0.0176666666666667,0.094,0.3361091814289645,0.4203520664990631,3.263,0.22,0.4195996849512413,0.21279999999999993,0.83381,0.34795404267465924,0.2,0.4975443068559625
733,2010,Ghana,Australia,group_or_knockout,True,0.0,65.1,20.2,41.9,clear,58.57,182.98,draw,Rustenburg,South Africa,2010-06-19,0.1633,-2.27,0.215,0.181,57.55,1600,2,402.0,-0.13,21.31,0.537,68.9,36.1,8.969999999999999,0.3763333333333333,0.8766666666666666,0.7333333333333333,0.2983333333333333,Mengniu,consumer_goods,23.07,63.81,0.408,0.27,0.715,0.668,0.644,real_sponsor_names_with_proxy_commercial_metrics,0.4330502275859767,1539,3,329.7,-0.4,20.21,0.479,69.8,32.1,7.37,0.2113333333333333,0.8620000000000001,3.056666666666666,0.0496666666666666,Hyundai,automotive,29.32,590.0,1.0,0.218,0.705,0.903,0.913,real_sponsor_names_with_proxy_commercial_metrics,0.7316309656581901,61,72.30000000000001,-1,-0.8999999999999915,0.27,0.0146666666666664,0.165,0.4244551084744016,0.3968179702610188,3.125,0.12,0.4355078729238152,0.27513333333333334,0.6373399999999999,0.1630553771497895,0.2,0.3908622608784827
734,2010,Netherlands,Japan,group_or_knockout,True,0.0,55.6,37.2,46.8,clear,56.37,151.15,A_win,Durban,South Africa,2010-06-19,0.2299,1.59,0.065,0.065,47.04,1746,9,581.1,0.35,31.14,0.724,75.8,49.9,15.97,0.1103333333333333,0.742,2.733333333333333,0.1786666666666666,Hisense,technology,32.27,1070.0,1.0,0.505,0.811,0.856,0.664,real_sponsor_names_with_proxy_commercial_metrics,0.8192941476500228,1586,4,387.4,-0.2,22.68,0.535,72.8,37.0,11.9,0.25,0.7706666666666667,4.593333333333333,0.3566666666666667,Adidas,apparel,29.47,1830.0,1.0,0.558,0.648,0.855,0.917,real_sponsor_names_with_proxy_commercial_metrics,0.8586337787056367,160,193.70000000000005,5,3.0,0.55,-0.0286666666666667,-0.1396666666666666,0.7581498473599972,0.4819382393193794,3.974,0.12,0.36467824063304316,0.1694,0.8342200000000001,0.53278312995076,0.2,0.5271357505720404
735,2010,Brazil,Ivory Coast,group_or_knockout,True,0.0,61.6,12.6,52.4,cloudy,62.97,207.06,A_win,Johannesburg,South Africa,2010-06-20,0.1397,4.65,0.059,0.079,55.67,1829,20,683.6,0.5,36.78,0.83,78.8,57.4,18.61,0.1376666666666667,0.7313333333333333,3.723333333333333,0.206,Adidas,apparel,33.15,1830.0,1.0,0.369,0.809,0.916,0.861,real_sponsor_names_with_proxy_commercial_metrics,0.9383411482254695,1587,1,384.2,-0.22,19.05,0.511,73.8,39.2,8.73,0.1446666666666666,0.7746666666666666,3.723333333333333,0.359,Budweiser,beverage,26.15,350.0,1.0,0.237,0.659,0.897,0.579,real_sponsor_names_with_proxy_commercial_metrics,0.6299883308209375,242,299.40000000000003,19,5.0,0.72,-0.0433333333333333,-0.0069999999999999,0.9764150943396226,0.5969930474820769,4.467,0.22,0.4407959930043765,0.19006666666666672,0.87793,0.44611360879183615,0.2,0.6080253274699695
736,2010,Italy,New Zealand,group_or_knockout,True,0.0,60.1,24.2,35.1,clear,58.57,173.0,draw,Nelspruit,South Africa,2010-06-20,0.2897,2.21,0.219,0.205,64.56,1755,14,594.5,0.34,33.03,0.744,77.8,61.6,11.04,0.3303333333333333,0.8929999999999999,1.3333333333333333,0.0393333333333333,Visa,finance,33.4,250.0,1.0,0.316,0.761,0.842,0.918,real_sponsor_names_with_proxy_commercial_metrics,0.749976237843342,1404,1,163.9,-0.5,11.34,0.308,64.7,15.2,8.370000000000001,0.188,0.8696666666666667,0.58,0.3226666666666666,McDonald's,restaurant,20.14,63.89,0.409,0.46,0.556,0.654,0.629,real_sponsor_names_with_proxy_commercial_metrics,0.3651693464044089,351,430.6,13,13.099999999999994,0.8400000000000001,0.0233333333333332,0.1423333333333333,0.8187106162327391,0.397140943329249,3.555,0.12,0.48625205540664285,0.24100000000000002,0.84782,0.1440772853778634,0.2,0.5086789722959204
737,2010,Slovakia,Paraguay,group_or_knockout,True,0.0,68.1,16.2,51.2,cloudy,58.57,70.79,B_win,Bloemfontein,South Africa,2010-06-20,0.0629,5.41,0.068,0.081,45.93,1525,1,306.2,-0.25,14.23,0.427,72.8,26.2,7.47,0.086,0.8896666666666667,3.143333333333333,0.1973333333333333,Mengniu,consumer_goods,15.95,62.18,0.391,0.258,0.642,0.626,0.565,real_sponsor_names_with_proxy_commercial_metrics,0.3105181790508177,1578,4,377.4,-0.11,22.66,0.528,69.9,30.5,12.88,0.1066666666666666,0.8923333333333333,3.733333333333333,0.1686666666666666,Hyundai,automotive,26.2,590.0,1.0,0.401,0.667,0.921,0.802,real_sponsor_names_with_proxy_commercial_metrics,0.6777827610652881,-53,-71.19999999999999,-3,2.8999999999999915,-0.14,-0.0026666666666665,-0.0206666666666666,0.3351757360715924,0.3630722549386329,3.069,0.22,0.2717860676363333,0.09573333333333331,0.58127,0.34728680510954124,0.2,0.32217560788228017
738,2010,Chile,Switzerland,group_or_knockout,True,0.0,68.5,20.0,59.9,rain,56.37,169.36,A_win,Port Elizabeth,South Africa,2010-06-21,0.091,5.0,0.262,0.168,62.55,1622,5,430.7,-0.12,24.93,0.579,72.9,38.6,16.65,0.135,0.8083333333333332,3.453333333333333,0.1826666666666666,Hisense,technology,27.36,1070.0,1.0,0.243,0.681,0.911,0.656,real_sponsor_names_with_proxy_commercial_metrics,0.7384557551656803,1632,7,443.7,-0.12,26.09,0.595,72.7,48.1,17.05,0.1836666666666666,0.914,2.223333333333333,0.2486666666666666,Adidas,apparel,31.4,1830.0,1.0,0.14,0.774,0.888,0.845,real_sponsor_names_with_proxy_commercial_metrics,0.90423375782881,-10,-13.0,-2,0.2000000000000028,0.0,-0.1056666666666668,-0.0486666666666666,0.5136943396293857,0.5282886509165743,4.13,0.48,0.4028938269852986,0.15766666666666673,0.79217,0.39003546706629555,0.2,0.5231727688934639
739,2010,Portugal,North Korea,group_or_knockout,True,0.0,36.9,23.8,51.6,cloudy,69.57,237.97,A_win,Cape Town,South Africa,2010-06-21,0.2019,-0.05,0.111,0.21,62.49,1702,6,527.3,0.14,27.94,0.666,76.8,47.1,14.4,0.2406666666666666,0.7363333333333334,3.2266666666666666,0.0836666666666666,Mengniu,consumer_goods,17.76,59.99,0.368,0.468,0.8,0.643,0.574,real_sponsor_names_with_proxy_commercial_metrics,0.3588124240475937,1482,1,257.6,-0.57,14.55,0.394,66.9,26.9,8.790000000000001,0.1546666666666666,0.706,4.253333333333333,0.251,Adidas,apparel,26.45,1830.0,1.0,0.274,0.656,0.915,0.861,real_sponsor_names_with_proxy_commercial_metrics,0.8228125678496869,220,269.69999999999993,5,9.899999999999991,0.71,0.0303333333333334,0.086,0.6820304126224132,0.5363087089083761,3.448,0.22,0.564539581791978,0.24986666666666663,0.64909,0.24496895739670307,0.2,0.4410699366241634
740,2010,Spain,Honduras,group_or_knockout,True,0.0,28.8,9.0,53.7,clear,58.57,189.63,A_win,Johannesburg,South Africa,2010-06-21,0.357,2.5,0.089,0.087,60.36,1708,12,537.2,0.18,30.58,0.689,77.4,45.2,19.26,0.2126666666666666,0.84,4.25,0.077,Budweiser,beverage,27.85,350.0,1.0,0.321,0.724,0.933,0.612,real_sponsor_names_with_proxy_commercial_metrics,0.6704472243491213,1414,1,177.5,-0.67,13.05,0.328,62.9,9.5,7.33,0.4183333333333334,0.6726666666666666,3.2266666666666666,0.0066666666666666,Visa,finance,28.19,250.0,1.0,0.46,0.538,0.906,0.82,real_sponsor_names_with_proxy_commercial_metrics,0.6450568641481437,294,359.70000000000005,11,14.500000000000009,0.8500000000000001,0.1673333333333333,-0.2056666666666667,0.7299678934836586,0.5923845266891459,3.751,0.12,0.47823562317533225,0.19159999999999994,0.80913,0.5053725112395633,0.2,0.5402043259518166
741,2010,Greece,Argentina,group_or_knockout,True,0.0,71.0,24.4,57.7,clear,58.57,162.63,B_win,Polokwane,South Africa,2010-06-22,0.2369,1.86,0.123,0.182,47.62,1521,1,305.1,-0.4,17.11,0.443,66.0,32.8,9.21,0.1196666666666666,0.7983333333333333,2.74,0.2183333333333333,Budweiser,beverage,30.87,350.0,1.0,0.603,0.686,0.866,0.554,real_sponsor_names_with_proxy_commercial_metrics,0.6925784352050712,1753,15,591.7,0.26,33.16,0.743,76.8,58.0,19.5,0.2623333333333333,0.8586666666666667,3.813333333333333,0.2106666666666666,Hyundai,automotive,30.74,590.0,1.0,0.338,0.813,0.936,0.851,real_sponsor_names_with_proxy_commercial_metrics,0.7681302767229082,-232,-286.6,-14,-10.799999999999995,-0.66,-0.0603333333333333,-0.1426666666666667,0.2664347481162223,0.4009820994728552,3.366,0.12,0.41659294095509053,0.15246666666666664,0.76772,0.246933918504246,0.2,0.4761452004926347
742,2010,Mexico,Uruguay,group_or_knockout,True,0.0,73.4,34.4,47.5,clear,56.37,255.12,B_win,Rustenburg,South Africa,2010-06-22,0.1462,-0.12,0.089,0.056,56.98,1612,10,421.9,-0.18,26.83,0.584,72.1,37.6,18.89,0.2446666666666666,0.7546666666666667,1.1233333333333333,0.211,Hyundai,automotive,28.5,590.0,1.0,0.636,0.712,0.897,0.88,real_sponsor_names_with_proxy_commercial_metrics,0.7185336170151837,1684,10,508.3,0.07,29.28,0.661,74.8,44.8,20.58,0.1356666666666666,0.8753333333333333,1.923333333333333,0.1913333333333333,Vivo,technology,19.75,76.46,0.542,0.306,0.797,0.741,0.63,real_sponsor_names_with_proxy_commercial_metrics,0.4351767440908576,-72,-86.40000000000003,0,-2.700000000000003,-0.25,-0.1206666666666665,0.109,0.5181915824104364,0.5452525764550481,3.87,0.12,0.44074549178395905,0.24493333333333328,0.83529,0.46297545136658813,0.2,0.5315124878478493
743,2010,Nigeria,South Korea,group_or_knockout,True,0.0,44.7,20.3,69.1,cloudy,62.97,196.34,draw,Durban,South Africa,2010-06-22,0.1644,-0.25,0.21,0.194,69.73,1585,3,384.6,-0.29,21.98,0.529,75.3,31.3,8.190000000000001,0.2983333333333333,0.916,1.92,-0.066,Coca-Cola,beverage,26.63,300.0,1.0,0.555,0.744,0.906,0.879,real_sponsor_names_with_proxy_commercial_metrics,0.6666248313049998,1548,6,343.4,-0.37,22.9,0.505,70.3,20.2,12.829999999999998,0.151,0.8606666666666666,2.8866666666666667,0.2443333333333333,McDonald's,restaurant,25.44,80.72,0.587,0.49,0.67,0.723,0.661,real_sponsor_names_with_proxy_commercial_metrics,0.5004808180408472,37,41.200000000000045,-3,5.0,0.08,0.0553333333333333,0.1473333333333333,0.4667473504417841,0.3743128791734756,3.413,0.22,0.5022662264235765,0.21259999999999996,0.85083,0.3179850852779561,0.2,0.4876110109664885
744,2010,South Africa,France,group_or_knockout,False,0.18,33.8,24.6,81.0,hot,60.77,196.3,A_win,Bloemfontein,South Africa,2010-06-22,0.1478,1.11,0.191,0.187,59.55,1530,1,315.3,-0.11,17.05,0.45,68.0,32.2,12.38,0.1266666666666666,0.7996666666666666,3.4566666666666666,-0.08,Qatar Airways,airline,26.15,81.81,0.598,0.304,0.668,0.76,0.558,real_sponsor_names_with_proxy_commercial_metrics,0.5094985796872883,1748,13,584.8,0.26,32.28,0.733,77.8,46.5,18.67,0.2083333333333333,0.8296666666666667,3.483333333333333,0.3613333333333333,Qatar Airways,airline,24.02,81.37,0.593,0.647,0.801,0.711,0.647,real_sponsor_names_with_proxy_commercial_metrics,0.5007849188790221,-218,-269.49999999999994,-12,-9.799999999999995,-0.37,-0.03,-0.0816666666666666,0.2992007110612221,0.4369774689373308,3.032,0.62,0.4591436046792692,0.1561333333333333,0.6619,0.5528152429886535,0.2,0.43576007136325573
745,2010,Australia,Serbia,group_or_knockout,True,0.0,59.3,29.1,50.6,clear,60.77,232.65,A_win,Nelspruit,South Africa,2010-06-23,0.1787,1.45,0.207,0.142,55.32,1539,3,329.7,-0.4,20.21,0.479,69.8,32.1,7.37,0.2113333333333333,0.8620000000000001,3.056666666666666,0.0496666666666666,Hyundai,automotive,29.32,590.0,1.0,0.218,0.705,0.903,0.913,real_sponsor_names_with_proxy_commercial_metrics,0.7316309656581901,1559,2,352.7,-0.38,20.1,0.495,68.8,36.3,15.31,0.141,0.848,1.7433333333333334,0.1526666666666666,Vivo,technology,23.55,77.75,0.555,0.452,0.729,0.727,0.578,real_sponsor_names_with_proxy_commercial_metrics,0.4728882004869282,-20,-23.0,1,1.0,-0.02,0.0140000000000001,0.0703333333333333,0.3425474064388163,0.3938508772592685,3.69,0.12,0.4732550993679603,0.18199999999999994,0.8387999999999999,0.33850924141868266,0.2,0.5030326972641528
746,2010,Ghana,Germany,group_or_knockout,True,0.0,70.1,22.0,65.8,cloudy,56.37,178.3,B_win,Johannesburg,South Africa,2010-06-23,0.2152,3.39,0.134,0.081,60.07,1600,2,402.0,-0.13,21.31,0.537,68.9,36.1,8.969999999999999,0.3763333333333333,0.8766666666666666,0.7333333333333333,0.2983333333333333,Mengniu,consumer_goods,23.07,63.81,0.408,0.27,0.715,0.668,0.644,real_sponsor_names_with_proxy_commercial_metrics,0.4330502275859767,1798,20,646.1,0.4,35.62,0.797,81.3,65.9,22.15,0.2123333333333333,0.851,5.576666666666667,0.3273333333333333,Coca-Cola,beverage,29.19,300.0,1.0,0.286,0.859,0.907,0.902,real_sponsor_names_with_proxy_commercial_metrics,0.7215038709709707,-198,-244.1,-18,-12.399999999999991,-0.53,0.0256666666666666,0.164,0.4244551084744016,0.3852989248230893,3.059,0.22,0.4167098143373255,0.27513333333333334,0.6373399999999999,0.25950617283950617,0.2,0.38387731643856454
747,2010,Slovenia,England,group_or_knockout,True,0.0,81.4,19.5,54.2,rain,56.37,125.27,B_win,Port Elizabeth,South Africa,2010-06-23,0.5048,4.99,0.083,0.053,58.43,1491,1,267.3,-0.5,14.34,0.4,66.6,28.9,8.67,0.2016666666666666,0.8223333333333334,2.676666666666667,0.2296666666666666,Vivo,technology,14.76,59.17,0.36,0.203,0.658,0.571,0.553,real_sponsor_names_with_proxy_commercial_metrics,0.28302,1695,13,522.2,0.16,30.51,0.678,76.6,52.6,19.34,0.28,0.7986666666666666,2.61,0.1863333333333333,McDonald's,restaurant,20.29,74.13,0.517,0.758,0.819,0.654,0.569,real_sponsor_names_with_proxy_commercial_metrics,0.4256813568338741,-204,-254.90000000000003,-12,-10.0,-0.66,0.0236666666666667,-0.0783333333333333,0.224011998713193,0.3749059539315086,3.164,0.48,0.44687717273554006,0.1920666666666666,0.5668599999999999,0.37841161778348675,0.2,0.34611030164793044
748,2010,United States,Algeria,group_or_knockout,True,0.0,64.7,9.3,63.8,clear,56.37,81.39,A_win,Pretoria,South Africa,2010-06-23,0.3346,3.88,0.119,0.113,46.36,1578,6,379.0,-0.3,23.84,0.536,71.9,31.0,12.75,0.132,0.7943333333333333,0.7200000000000001,0.0636666666666666,Vivo,technology,22.58,68.24,0.455,0.416,0.676,0.652,0.654,real_sponsor_names_with_proxy_commercial_metrics,0.4277412886284749,1543,2,333.4,-0.31,18.82,0.474,72.2,36.3,11.9,0.258,0.887,1.2466666666666666,0.0059999999999999,Hisense,technology,30.28,1070.0,1.0,0.679,0.66,0.889,0.626,real_sponsor_names_with_proxy_commercial_metrics,0.7697599722846784,35,45.60000000000002,4,-0.2999999999999971,0.01,-0.0926666666666666,-0.126,0.4407302164904229,0.3558234523141886,3.181,0.12,0.3520334946106977,0.16146666666666668,0.6269199999999999,0.5412110183401126,0.2,0.3667759748409463
749,2010,Cameroon,Netherlands,group_or_knockout,True,0.0,53.2,26.8,83.1,clear,60.77,151.94,B_win,Cape Town,South Africa,2010-06-24,0.2623,4.38,0.086,0.142,61.96,1542,4,334.5,-0.31,21.28,0.489,68.0,29.1,10.52,0.2513333333333333,0.8450000000000001,2.2433333333333336,0.186,Coca-Cola,beverage,31.97,300.0,1.0,0.241,0.693,0.92,0.885,real_sponsor_names_with_proxy_commercial_metrics,0.7331682968582358,1746,9,581.1,0.35,31.14,0.724,75.8,49.9,15.97,0.1103333333333333,0.742,2.733333333333333,0.1786666666666666,Hisense,technology,32.27,1070.0,1.0,0.505,0.811,0.856,0.664,real_sponsor_names_with_proxy_commercial_metrics,0.8192941476500228,-204,-246.6,-5,-7.799999999999997,-0.6599999999999999,0.103,0.141,0.3361091814289645,0.4240251450959819,3.223,0.12,0.453081955762855,0.21279999999999993,0.83381,0.41911475058873904,0.2,0.5052692230254225
750,2010,Denmark,Japan,group_or_knockout,True,0.0,46.4,22.3,66.1,clear,62.97,222.68,B_win,Rustenburg,South Africa,2010-06-24,0.2415,2.24,0.237,0.136,64.18,1642,4,453.4,0.04,24.3,0.592,71.5,43.1,19.09,0.1573333333333333,0.8273333333333334,2.966666666666667,0.3496666666666666,Coca-Cola,beverage,33.85,300.0,1.0,0.685,0.715,0.895,0.825,real_sponsor_names_with_proxy_commercial_metrics,0.754749779112933,1586,4,387.4,-0.2,22.68,0.535,72.8,37.0,11.9,0.25,0.7706666666666667,4.593333333333333,0.3566666666666667,Adidas,apparel,29.47,1830.0,1.0,0.558,0.648,0.855,0.917,real_sponsor_names_with_proxy_commercial_metrics,0.8586337787056367,56,66.0,0,-1.2999999999999972,0.24,0.0566666666666666,-0.0926666666666666,0.526123570801118,0.642151675853638,3.535,0.12,0.5153643662985514,0.16346666666666662,0.8277999999999999,0.22860593734389492,0.2,0.5860992894858328
751,2010,Paraguay,New Zealand,group_or_knockout,True,0.0,58.1,16.9,29.6,rain,54.17,140.23,draw,Polokwane,South Africa,2010-06-24,0.2737,4.07,0.2,0.175,56.92,1578,4,377.4,-0.11,22.66,0.528,69.9,30.5,12.88,0.1066666666666666,0.8923333333333333,3.733333333333333,0.1686666666666666,Hyundai,automotive,26.2,590.0,1.0,0.401,0.667,0.921,0.802,real_sponsor_names_with_proxy_commercial_metrics,0.6777827610652881,1404,1,163.9,-0.5,11.34,0.308,64.7,15.2,8.370000000000001,0.188,0.8696666666666667,0.58,0.3226666666666666,McDonald's,restaurant,20.14,63.89,0.409,0.46,0.556,0.654,0.629,real_sponsor_names_with_proxy_commercial_metrics,0.3651693464044089,174,213.5,3,5.200000000000003,0.39,0.0226666666666666,-0.0813333333333333,0.4105964679456181,0.4654145477391306,3.695,0.48,0.40808219982314914,0.10706666666666664,0.81069,0.33974537929065873,0.2,0.4976729759872556
752,2010,Slovakia,Italy,group_or_knockout,True,0.0,54.1,23.8,65.3,cloudy,65.17,233.07,A_win,Johannesburg,South Africa,2010-06-24,0.1573,2.49,0.112,0.054,58.25,1525,1,306.2,-0.25,14.23,0.427,72.8,26.2,7.47,0.086,0.8896666666666667,3.143333333333333,0.1973333333333333,Mengniu,consumer_goods,15.95,62.18,0.391,0.258,0.642,0.626,0.565,real_sponsor_names_with_proxy_commercial_metrics,0.3105181790508177,1755,14,594.5,0.34,33.03,0.744,77.8,61.6,11.04,0.3303333333333333,0.8929999999999999,1.3333333333333333,0.0393333333333333,Visa,finance,33.4,250.0,1.0,0.316,0.761,0.842,0.918,real_sponsor_names_with_proxy_commercial_metrics,0.749976237843342,-230,-288.3,-13,-5.0,-0.5900000000000001,-0.0033333333333331,-0.2443333333333333,0.3351757360715924,0.4492404975279891,3.395,0.22,0.4769060900611125,0.09573333333333331,0.58127,0.30416648826090054,0.2,0.38732672029225573
753,2010,Chile,Spain,group_or_knockout,True,0.0,44.8,19.5,77.7,rain,60.77,181.04,B_win,Pretoria,South Africa,2010-06-25,0.2022,1.87,0.046,0.084,56.18,1622,5,430.7,-0.12,24.93,0.579,72.9,38.6,16.65,0.135,0.8083333333333332,3.453333333333333,0.1826666666666666,Hisense,technology,27.36,1070.0,1.0,0.243,0.681,0.911,0.656,real_sponsor_names_with_proxy_commercial_metrics,0.7384557551656803,1708,12,537.2,0.18,30.58,0.689,77.4,45.2,19.26,0.2126666666666666,0.84,4.25,0.077,Budweiser,beverage,27.85,350.0,1.0,0.321,0.724,0.933,0.612,real_sponsor_names_with_proxy_commercial_metrics,0.6704472243491213,-86,-106.50000000000006,-7,-4.5,-0.3,-0.0316666666666667,-0.0776666666666666,0.5136943396293857,0.5521344709246465,3.748,0.48,0.4296433580220429,0.15766666666666673,0.79217,0.47995482766002995,0.2,0.5351995047030729
754,2010,North Korea,Ivory Coast,group_or_knockout,True,0.0,84.6,19.8,54.5,hot,60.77,249.08,B_win,Nelspruit,South Africa,2010-06-25,0.2681,6.78,0.243,0.138,68.4,1482,1,257.6,-0.57,14.55,0.394,66.9,26.9,8.790000000000001,0.1546666666666666,0.706,4.253333333333333,0.251,Adidas,apparel,26.45,1830.0,1.0,0.274,0.656,0.915,0.861,real_sponsor_names_with_proxy_commercial_metrics,0.8228125678496869,1587,1,384.2,-0.22,19.05,0.511,73.8,39.2,8.73,0.1446666666666666,0.7746666666666666,3.723333333333333,0.359,Budweiser,beverage,26.15,350.0,1.0,0.237,0.659,0.897,0.579,real_sponsor_names_with_proxy_commercial_metrics,0.6299883308209375,-105,-126.59999999999997,0,-6.899999999999992,-0.35,-0.0686666666666666,0.01,0.2131752452966871,0.4487390568251109,4.016,0.62,0.5414714535534954,0.21039999999999998,0.8134199999999999,0.4279044458716906,0.2,0.548671042905655
755,2010,Portugal,Brazil,group_or_knockout,True,0.0,81.2,26.6,73.9,rain,54.17,142.52,draw,Durban,South Africa,2010-06-25,0.2029,-2.09,0.131,0.13,53.44,1702,6,527.3,0.14,27.94,0.666,76.8,47.1,14.4,0.2406666666666666,0.7363333333333334,3.2266666666666666,0.0836666666666666,Mengniu,consumer_goods,17.76,59.99,0.368,0.468,0.8,0.643,0.574,real_sponsor_names_with_proxy_commercial_metrics,0.3588124240475937,1829,20,683.6,0.5,36.78,0.83,78.8,57.4,18.61,0.1376666666666667,0.7313333333333333,3.723333333333333,0.206,Adidas,apparel,33.15,1830.0,1.0,0.369,0.809,0.916,0.861,real_sponsor_names_with_proxy_commercial_metrics,0.9383411482254695,-127,-156.30000000000007,-14,-2.0,-0.36,0.0050000000000001,0.1029999999999999,0.6820304126224132,0.4338492963176721,3.523,0.48,0.3706686216444653,0.24986666666666663,0.64909,0.5181593520302576,0.2,0.37360710906926375
756,2010,Switzerland,Honduras,group_or_knockout,True,0.0,72.8,15.0,47.0,windy,54.17,176.45,draw,Bloemfontein,South Africa,2010-06-25,0.1177,-1.13,0.109,0.092,52.17,1632,7,443.7,-0.12,26.09,0.595,72.7,48.1,17.05,0.1836666666666666,0.914,2.223333333333333,0.2486666666666666,Adidas,apparel,31.4,1830.0,1.0,0.14,0.774,0.888,0.845,real_sponsor_names_with_proxy_commercial_metrics,0.90423375782881,1414,1,177.5,-0.67,13.05,0.328,62.9,9.5,7.33,0.4183333333333334,0.6726666666666666,3.2266666666666666,0.0066666666666666,Visa,finance,28.19,250.0,1.0,0.46,0.538,0.906,0.82,real_sponsor_names_with_proxy_commercial_metrics,0.6450568641481437,218,266.2,6,9.800000000000004,0.55,0.2413333333333334,-0.2346666666666667,0.5385464489432931,0.5385133148056426,4.154,0.48,0.35982197905251234,0.14459999999999995,0.85383,0.46435252979376296,0.2,0.5666244258349968
757,2010,Uruguay,South Korea,group_or_knockout,True,0.0,46.0,29.3,34.2,rain,60.77,200.09,A_win,Port Elizabeth,South Africa,2010-06-26,0.2247,3.6,0.244,0.133,68.99,1684,10,508.3,0.07,29.28,0.661,74.8,44.8,20.58,0.1356666666666666,0.8753333333333333,1.923333333333333,0.1913333333333333,Vivo,technology,19.75,76.46,0.542,0.306,0.797,0.741,0.63,real_sponsor_names_with_proxy_commercial_metrics,0.4351767440908576,1548,6,343.4,-0.37,22.9,0.505,70.3,20.2,12.829999999999998,0.151,0.8606666666666666,2.8866666666666667,0.2443333333333333,McDonald's,restaurant,25.44,80.72,0.587,0.49,0.67,0.723,0.661,real_sponsor_names_with_proxy_commercial_metrics,0.5004808180408472,136,164.90000000000003,4,4.5,0.44,0.0146666666666667,-0.0153333333333333,0.6570661125383135,0.6118277932837527,3.689,0.48,0.4934459026218688,0.13126666666666664,0.71205,0.41684735602654677,0.2,0.48225438122563036
758,2010,United States,Ghana,group_or_knockout,True,0.0,69.1,14.6,60.3,hot,60.77,264.42,B_win,Rustenburg,South Africa,2010-06-26,0.2774,2.24,0.079,0.088,52.42,1578,6,379.0,-0.3,23.84,0.536,71.9,31.0,12.75,0.132,0.7943333333333333,0.7200000000000001,0.0636666666666666,Vivo,technology,22.58,68.24,0.455,0.416,0.676,0.652,0.654,real_sponsor_names_with_proxy_commercial_metrics,0.4277412886284749,1600,2,402.0,-0.13,21.31,0.537,68.9,36.1,8.969999999999999,0.3763333333333333,0.8766666666666666,0.7333333333333333,0.2983333333333333,Mengniu,consumer_goods,23.07,63.81,0.408,0.27,0.715,0.668,0.644,real_sponsor_names_with_proxy_commercial_metrics,0.4330502275859767,-22,-23.0,4,3.0,-0.1699999999999999,-0.0823333333333332,-0.2443333333333333,0.4407302164904229,0.439326335600179,3.248,0.62,0.5038608507388507,0.16146666666666668,0.6269199999999999,0.5882262898736887,0.2,0.4205222533866542
759,2010,Argentina,Mexico,group_or_knockout,True,0.0,66.3,19.0,29.9,hot,62.97,111.59,A_win,Johannesburg,South Africa,2010-06-27,0.1938,-0.22,0.094,0.073,58.14,1753,15,591.7,0.26,33.16,0.743,76.8,58.0,19.5,0.2623333333333333,0.8586666666666667,3.813333333333333,0.2106666666666666,Hyundai,automotive,30.74,590.0,1.0,0.338,0.813,0.936,0.851,real_sponsor_names_with_proxy_commercial_metrics,0.7681302767229082,1612,10,421.9,-0.18,26.83,0.584,72.1,37.6,18.89,0.2446666666666666,0.7546666666666667,1.1233333333333333,0.211,Hyundai,automotive,28.5,590.0,1.0,0.636,0.712,0.897,0.88,real_sponsor_names_with_proxy_commercial_metrics,0.7185336170151837,141,169.80000000000007,5,4.700000000000003,0.44,0.1039999999999999,0.0176666666666666,0.8112048561394937,0.6084705758899166,4.156,0.62,0.3897898783133693,0.2139333333333333,0.8831100000000001,0.3424173981303076,0.2,0.5594804033253485
760,2010,Germany,England,group_or_knockout,True,0.0,63.8,34.5,54.2,rain,65.17,163.8,A_win,Bloemfontein,South Africa,2010-06-27,0.3023,0.59,0.101,0.07,68.66,1798,20,646.1,0.4,35.62,0.797,81.3,65.9,22.15,0.2123333333333333,0.851,5.576666666666667,0.3273333333333333,Coca-Cola,beverage,29.19,300.0,1.0,0.286,0.859,0.907,0.902,real_sponsor_names_with_proxy_commercial_metrics,0.7215038709709707,1695,13,522.2,0.16,30.51,0.678,76.6,52.6,19.34,0.28,0.7986666666666666,2.61,0.1863333333333333,McDonald's,restaurant,20.29,74.13,0.517,0.758,0.819,0.654,0.569,real_sponsor_names_with_proxy_commercial_metrics,0.4256813568338741,103,123.89999999999998,7,4.700000000000003,0.24,0.0523333333333333,-0.0676666666666666,0.9510351228677828,0.7338252311554586,4.341,0.48,0.495385212361492,0.18699999999999997,0.90283,0.638527224719903,0.2,0.6088852362288599
761,2010,Brazil,Chile,group_or_knockout,True,0.0,74.2,29.8,78.6,rain,60.77,220.23,A_win,Johannesburg,South Africa,2010-06-28,0.1467,0.86,0.014,0.124,63.0,1829,20,683.6,0.5,36.78,0.83,78.8,57.4,18.61,0.1376666666666667,0.7313333333333333,3.723333333333333,0.206,Adidas,apparel,33.15,1830.0,1.0,0.369,0.809,0.916,0.861,real_sponsor_names_with_proxy_commercial_metrics,0.9383411482254695,1622,5,430.7,-0.12,24.93,0.579,72.9,38.6,16.65,0.135,0.8083333333333332,3.453333333333333,0.1826666666666666,Hisense,technology,27.36,1070.0,1.0,0.243,0.681,0.911,0.656,real_sponsor_names_with_proxy_commercial_metrics,0.7384557551656803,207,252.90000000000003,15,5.899999999999992,0.62,-0.0769999999999999,0.0026666666666666,0.9764150943396226,0.5916886421346691,4.578,0.48,0.46977996098428965,0.19006666666666672,0.87793,0.6217049882252195,0.2,0.612336887568678
762,2010,Netherlands,Slovakia,group_or_knockout,True,0.0,66.3,23.6,27.4,windy,60.77,267.72,A_win,Durban,South Africa,2010-06-28,0.2381,4.67,0.145,0.127,68.55,1746,9,581.1,0.35,31.14,0.724,75.8,49.9,15.97,0.1103333333333333,0.742,2.733333333333333,0.1786666666666666,Hisense,technology,32.27,1070.0,1.0,0.505,0.811,0.856,0.664,real_sponsor_names_with_proxy_commercial_metrics,0.8192941476500228,1525,1,306.2,-0.25,14.23,0.427,72.8,26.2,7.47,0.086,0.8896666666666667,3.143333333333333,0.1973333333333333,Mengniu,consumer_goods,15.95,62.18,0.391,0.258,0.642,0.626,0.565,real_sponsor_names_with_proxy_commercial_metrics,0.3105181790508177,221,274.90000000000003,8,3.0,0.6,-0.1476666666666667,0.0243333333333333,0.7581498473599972,0.5423024682403249,4.216,0.48,0.5446538196435668,0.1694,0.8342200000000001,0.23919874402340685,0.2,0.5800328504720099
763,2010,Paraguay,Japan,group_or_knockout,True,0.0,67.6,17.4,37.5,cloudy,54.17,165.56,draw,Pretoria,South Africa,2010-06-29,0.3674,5.35,0.059,0.018,55.01,1578,4,377.4,-0.11,22.66,0.528,69.9,30.5,12.88,0.1066666666666666,0.8923333333333333,3.733333333333333,0.1686666666666666,Hyundai,automotive,26.2,590.0,1.0,0.401,0.667,0.921,0.802,real_sponsor_names_with_proxy_commercial_metrics,0.6777827610652881,1586,4,387.4,-0.2,22.68,0.535,72.8,37.0,11.9,0.25,0.7706666666666667,4.593333333333333,0.3566666666666667,Adidas,apparel,29.47,1830.0,1.0,0.558,0.648,0.855,0.917,real_sponsor_names_with_proxy_commercial_metrics,0.8586337787056367,-8,-10.0,0,-2.8999999999999915,0.09,0.1216666666666665,-0.1433333333333333,0.4105964679456181,0.4742334179628229,3.81,0.22,0.4100103025537721,0.10706666666666664,0.81069,0.2568754014129737,0.2,0.500527880196014
764,2010,Spain,Portugal,group_or_knockout,True,0.0,66.3,19.8,41.5,cloudy,56.37,148.41,A_win,Cape Town,South Africa,2010-06-29,0.1915,6.24,0.074,0.078,50.32,1708,12,537.2,0.18,30.58,0.689,77.4,45.2,19.26,0.2126666666666666,0.84,4.25,0.077,Budweiser,beverage,27.85,350.0,1.0,0.321,0.724,0.933,0.612,real_sponsor_names_with_proxy_commercial_metrics,0.6704472243491213,1702,6,527.3,0.14,27.94,0.666,76.8,47.1,14.4,0.2406666666666666,0.7363333333333334,3.2266666666666666,0.0836666666666666,Mengniu,consumer_goods,17.76,59.99,0.368,0.468,0.8,0.643,0.574,real_sponsor_names_with_proxy_commercial_metrics,0.3588124240475937,6,9.900000000000093,6,0.6000000000000085,0.0399999999999999,0.1036666666666665,-0.0279999999999999,0.7299678934836586,0.5681437474188551,4.036,0.22,0.36325404739426864,0.19159999999999994,0.80913,0.21173160636551772,0.2,0.5104205925999223
765,2010,Netherlands,Brazil,group_or_knockout,True,0.0,62.4,23.4,57.0,cloudy,60.77,214.67,A_win,Port Elizabeth,South Africa,2010-07-02,0.2954,-0.54,0.063,0.153,56.1,1746,9,581.1,0.35,31.14,0.724,75.8,49.9,15.97,0.1103333333333333,0.742,2.733333333333333,0.1786666666666666,Hisense,technology,32.27,1070.0,1.0,0.505,0.811,0.856,0.664,real_sponsor_names_with_proxy_commercial_metrics,0.8192941476500228,1829,20,683.6,0.5,36.78,0.83,78.8,57.4,18.61,0.1376666666666667,0.7313333333333333,3.723333333333333,0.206,Adidas,apparel,33.15,1830.0,1.0,0.369,0.809,0.916,0.861,real_sponsor_names_with_proxy_commercial_metrics,0.9383411482254695,-83,-102.5,-11,-3.0,-0.15,0.0106666666666667,-0.0273333333333333,0.7581498473599972,0.5238326275231171,4.136,0.22,0.4968752124190508,0.1694,0.8342200000000001,0.2578976664525797,0.2,0.5653055736262885
766,2010,Uruguay,Ghana,group_or_knockout,True,0.0,34.8,23.2,52.1,hot,58.57,213.46,draw,Johannesburg,South Africa,2010-07-02,0.2851,-0.07,0.073,0.081,47.58,1684,10,508.3,0.07,29.28,0.661,74.8,44.8,20.58,0.1356666666666666,0.8753333333333333,1.923333333333333,0.1913333333333333,Vivo,technology,19.75,76.46,0.542,0.306,0.797,0.741,0.63,real_sponsor_names_with_proxy_commercial_metrics,0.4351767440908576,1600,2,402.0,-0.13,21.31,0.537,68.9,36.1,8.969999999999999,0.3763333333333333,0.8766666666666666,0.7333333333333333,0.2983333333333333,Mengniu,consumer_goods,23.07,63.81,0.408,0.27,0.715,0.668,0.644,real_sponsor_names_with_proxy_commercial_metrics,0.4330502275859767,84,106.3,8,5.899999999999992,0.2,-0.0013333333333332,-0.2406666666666667,0.6570661125383135,0.6065930197580872,3.461,0.62,0.4429692579957363,0.13126666666666664,0.71205,0.3915225148076786,0.2,0.4706933157132175
767,2010,Argentina,Germany,group_or_knockout,True,0.0,59.1,22.5,80.4,cloudy,62.97,162.71,B_win,Cape Town,South Africa,2010-07-03,0.1267,-0.21,0.053,0.158,70.06,1753,15,591.7,0.26,33.16,0.743,76.8,58.0,19.5,0.2623333333333333,0.8586666666666667,3.813333333333333,0.2106666666666666,Hyundai,automotive,30.74,590.0,1.0,0.338,0.813,0.936,0.851,real_sponsor_names_with_proxy_commercial_metrics,0.7681302767229082,1798,20,646.1,0.4,35.62,0.797,81.3,65.9,22.15,0.2123333333333333,0.851,5.576666666666667,0.3273333333333333,Coca-Cola,beverage,29.19,300.0,1.0,0.286,0.859,0.907,0.902,real_sponsor_names_with_proxy_commercial_metrics,0.7215038709709707,-45,-54.39999999999998,-5,-4.5,-0.14,0.0076666666666667,0.05,0.8112048561394937,0.6262684695273089,3.941,0.22,0.4590273309929393,0.2139333333333333,0.8831100000000001,0.3355983729394134,0.2,0.5783113040797324
768,2010,Paraguay,Spain,group_or_knockout,True,0.0,50.8,22.8,73.3,rain,56.37,176.69,B_win,Johannesburg,South Africa,2010-07-03,0.1564,5.51,0.139,0.093,46.58,1578,4,377.4,-0.11,22.66,0.528,69.9,30.5,12.88,0.1066666666666666,0.8923333333333333,3.733333333333333,0.1686666666666666,Hyundai,automotive,26.2,590.0,1.0,0.401,0.667,0.921,0.802,real_sponsor_names_with_proxy_commercial_metrics,0.6777827610652881,1708,12,537.2,0.18,30.58,0.689,77.4,45.2,19.26,0.2126666666666666,0.84,4.25,0.077,Budweiser,beverage,27.85,350.0,1.0,0.321,0.724,0.933,0.612,real_sponsor_names_with_proxy_commercial_metrics,0.6704472243491213,-130,-159.80000000000007,-8,-7.5,-0.29,0.0523333333333333,-0.106,0.4105964679456181,0.487998089651949,3.594,0.48,0.3688637382418357,0.10706666666666664,0.81069,0.4167228288018269,0.2,0.49615267540658203
769,2010,Uruguay,Netherlands,group_or_knockout,True,0.0,41.4,21.7,65.9,rain,65.17,259.19,B_win,Cape Town,South Africa,2010-07-06,0.2354,3.68,0.107,0.148,63.64,1684,10,508.3,0.07,29.28,0.661,74.8,44.8,20.58,0.1356666666666666,0.8753333333333333,1.923333333333333,0.1913333333333333,Vivo,technology,19.75,76.46,0.542,0.306,0.797,0.741,0.63,real_sponsor_names_with_proxy_commercial_metrics,0.4351767440908576,1746,9,581.1,0.35,31.14,0.724,75.8,49.9,15.97,0.1103333333333333,0.742,2.733333333333333,0.1786666666666666,Hisense,technology,32.27,1070.0,1.0,0.505,0.811,0.856,0.664,real_sponsor_names_with_proxy_commercial_metrics,0.8192941476500228,-62,-72.80000000000001,1,-1.0,-0.2799999999999999,0.1333333333333333,0.0253333333333333,0.6570661125383135,0.6521833182269803,3.522,0.48,0.5539507927502358,0.13126666666666664,0.71205,0.3717417398130307,0.2,0.5056549062354074
770,2010,Germany,Spain,group_or_knockout,True,0.0,79.9,14.3,60.3,windy,56.37,273.49,B_win,Durban,South Africa,2010-07-07,0.2522,2.97,0.124,0.181,52.11,1798,20,646.1,0.4,35.62,0.797,81.3,65.9,22.15,0.2123333333333333,0.851,5.576666666666667,0.3273333333333333,Coca-Cola,beverage,29.19,300.0,1.0,0.286,0.859,0.907,0.902,real_sponsor_names_with_proxy_commercial_metrics,0.7215038709709707,1708,12,537.2,0.18,30.58,0.689,77.4,45.2,19.26,0.2126666666666666,0.84,4.25,0.077,Budweiser,beverage,27.85,350.0,1.0,0.321,0.724,0.933,0.612,real_sponsor_names_with_proxy_commercial_metrics,0.6704472243491213,90,108.89999999999998,8,3.899999999999992,0.22,0.011,-0.0003333333333333,0.9510351228677828,0.7324561605535364,4.312,0.48,0.5019947681652984,0.18699999999999997,0.90283,0.5400297580817811,0.2,0.6098238076210829
771,2010,Uruguay,Germany,group_or_knockout,True,0.0,80.5,19.9,64.3,clear,65.17,229.28,B_win,Port Elizabeth,South Africa,2010-07-10,0.5589,3.28,0.308,0.269,53.98,1684,10,508.3,0.07,29.28,0.661,74.8,44.8,20.58,0.1356666666666666,0.8753333333333333,1.923333333333333,0.1913333333333333,Vivo,technology,19.75,76.46,0.542,0.306,0.797,0.741,0.63,real_sponsor_names_with_proxy_commercial_metrics,0.4351767440908576,1798,20,646.1,0.4,35.62,0.797,81.3,65.9,22.15,0.2123333333333333,0.851,5.576666666666667,0.3273333333333333,Coca-Cola,beverage,29.19,300.0,1.0,0.286,0.859,0.907,0.902,real_sponsor_names_with_proxy_commercial_metrics,0.7215038709709707,-114,-137.8,-10,-6.5,-0.33,0.0243333333333333,-0.0766666666666666,0.6570661125383135,0.641769879285384,3.858,0.12,0.6269549110769783,0.13126666666666664,0.71205,0.2676489688146721,0.2,0.517339966997109
772,2010,Netherlands,Spain,group_or_knockout,True,0.0,75.7,28.5,44.2,rain,56.37,163.09,B_win,Johannesburg,South Africa,2010-07-11,0.2591,2.68,0.107,0.066,49.91,1746,9,581.1,0.35,31.14,0.724,75.8,49.9,15.97,0.1103333333333333,0.742,2.733333333333333,0.1786666666666666,Hisense,technology,32.27,1070.0,1.0,0.505,0.811,0.856,0.664,real_sponsor_names_with_proxy_commercial_metrics,0.8192941476500228,1708,12,537.2,0.18,30.58,0.689,77.4,45.2,19.26,0.2126666666666666,0.84,4.25,0.077,Budweiser,beverage,27.85,350.0,1.0,0.321,0.724,0.933,0.612,real_sponsor_names_with_proxy_commercial_metrics,0.6704472243491213,38,43.89999999999998,-3,-1.6000000000000083,0.1699999999999999,-0.0979999999999999,-0.1023333333333333,0.7581498473599972,0.4860952590774088,3.962,0.48,0.3889231483248442,0.1694,0.8342200000000001,0.43924798401484333,0.2,0.5331486976426488
773,2014,Brazil,Croatia,group_or_knockout,False,0.18,61.3,14.8,71.7,rain,64.42,181.32,A_win,São Paulo,Brazil,2014-06-12,0.2353,0.45,0.168,0.11,64.94,1829,20,683.6,0.5,36.78,0.83,78.8,57.4,18.61,0.1376666666666667,0.7313333333333333,3.723333333333333,0.206,Adidas,apparel,33.15,1830.0,1.0,0.369,0.809,0.916,0.861,real_sponsor_names_with_proxy_commercial_metrics,0.9383411482254695,1671,5,489.2,0.13,26.28,0.629,75.1,52.8,21.52,0.2903333333333333,0.7756666666666666,3.4933333333333336,0.102,Hisense,technology,28.53,1070.0,1.0,0.267,0.792,0.927,0.587,real_sponsor_names_with_proxy_commercial_metrics,0.7693425818880185,158,194.40000000000003,15,3.700000000000003,0.37,-0.0443333333333333,-0.1526666666666666,0.9764150943396226,0.5945496175571187,4.45,0.48,0.48632178578660445,0.19006666666666672,0.87793,0.5762832369942197,0.2,0.6164463256474269
774,2014,Chile,Australia,group_or_knockout,True,0.0,75.6,21.9,40.2,windy,64.42,215.18,A_win,Cuiabá,Brazil,2014-06-13,0.24,3.88,0.177,0.21,50.97,1622,5,430.7,-0.12,24.93,0.579,72.9,38.6,16.65,0.135,0.8083333333333332,3.453333333333333,0.1826666666666666,Hisense,technology,27.36,1070.0,1.0,0.243,0.681,0.911,0.656,real_sponsor_names_with_proxy_commercial_metrics,0.7384557551656803,1539,3,329.7,-0.4,20.21,0.479,69.8,32.1,7.37,0.2113333333333333,0.8620000000000001,3.056666666666666,0.0496666666666666,Hyundai,automotive,29.32,590.0,1.0,0.218,0.705,0.903,0.913,real_sponsor_names_with_proxy_commercial_metrics,0.7316309656581901,83,101.0,2,3.1000000000000085,0.28,-0.0536666666666668,-0.0763333333333333,0.5136943396293857,0.5804284692385577,4.302,0.48,0.5024599034065691,0.15766666666666673,0.79217,0.2554900449582531,0.2,0.5576851333078733
775,2014,Mexico,Cameroon,group_or_knockout,True,0.0,58.2,18.1,71.4,hot,57.82,159.96,A_win,Natal,Brazil,2014-06-13,0.1884,2.41,0.115,0.088,65.21,1612,10,421.9,-0.18,26.83,0.584,72.1,37.6,18.89,0.2446666666666666,0.7546666666666667,1.1233333333333333,0.211,Hyundai,automotive,28.5,590.0,1.0,0.636,0.712,0.897,0.88,real_sponsor_names_with_proxy_commercial_metrics,0.7185336170151837,1542,4,334.5,-0.31,21.28,0.489,68.0,29.1,10.52,0.2513333333333333,0.8450000000000001,2.2433333333333336,0.186,Coca-Cola,beverage,31.97,300.0,1.0,0.241,0.693,0.92,0.885,real_sponsor_names_with_proxy_commercial_metrics,0.7331682968582358,70,87.39999999999998,6,4.099999999999994,0.13,-0.0903333333333333,-0.0066666666666666,0.5181915824104364,0.5186399412032554,3.861,0.62,0.41779444018990985,0.24493333333333328,0.83529,0.5451487904089061,0.2,0.5194707396585376
776,2014,Spain,Netherlands,group_or_knockout,True,0.0,60.6,23.7,77.0,cloudy,68.82,207.39,B_win,Salvador,Brazil,2014-06-13,0.2947,0.28,0.142,0.191,76.2,1708,12,537.2,0.18,30.58,0.689,77.4,45.2,19.26,0.2126666666666666,0.84,4.25,0.077,Budweiser,beverage,27.85,350.0,1.0,0.321,0.724,0.933,0.612,real_sponsor_names_with_proxy_commercial_metrics,0.6704472243491213,1746,9,581.1,0.35,31.14,0.724,75.8,49.9,15.97,0.1103333333333333,0.742,2.733333333333333,0.1786666666666666,Hisense,technology,32.27,1070.0,1.0,0.505,0.811,0.856,0.664,real_sponsor_names_with_proxy_commercial_metrics,0.8192941476500228,-38,-43.89999999999998,3,1.6000000000000083,-0.1699999999999999,0.0979999999999999,0.1023333333333333,0.7299678934836586,0.6446446612298053,3.93,0.22,0.592851196620345,0.19159999999999994,0.80913,0.35212088774709194,0.2,0.5777602783122038
777,2014,Colombia,Greece,group_or_knockout,True,0.0,43.8,20.7,61.4,cloudy,62.22,132.22,A_win,Belo Horizonte,Brazil,2014-06-14,0.3095,4.01,0.121,0.12,50.43,1650,3,462.8,-0.05,24.41,0.599,74.7,50.9,8.73,0.2533333333333333,0.816,4.703333333333333,0.1769999999999999,Vivo,technology,18.25,73.14,0.507,0.422,0.764,0.653,0.613,real_sponsor_names_with_proxy_commercial_metrics,0.3902368726248783,1521,1,305.1,-0.4,17.11,0.443,66.0,32.8,9.21,0.1196666666666666,0.7983333333333333,2.74,0.2183333333333333,Budweiser,beverage,30.87,350.0,1.0,0.603,0.686,0.866,0.554,real_sponsor_names_with_proxy_commercial_metrics,0.6925784352050712,129,157.7,2,8.700000000000003,0.35,0.0176666666666666,0.1336666666666667,0.5635569682915822,0.4324308517251922,3.33,0.22,0.4255000882551483,0.2256,0.6673399999999999,0.274308856062228,0.2,0.3957291055640543
778,2014,England,Italy,group_or_knockout,True,0.0,63.2,31.9,55.2,clear,62.22,255.66,B_win,Manaus,Brazil,2014-06-14,0.1764,1.91,0.136,0.139,67.98,1695,13,522.2,0.16,30.51,0.678,76.6,52.6,19.34,0.28,0.7986666666666666,2.61,0.1863333333333333,McDonald's,restaurant,20.29,74.13,0.517,0.758,0.819,0.654,0.569,real_sponsor_names_with_proxy_commercial_metrics,0.4256813568338741,1755,14,594.5,0.34,33.03,0.744,77.8,61.6,11.04,0.3303333333333333,0.8929999999999999,1.3333333333333333,0.0393333333333333,Visa,finance,33.4,250.0,1.0,0.316,0.761,0.842,0.918,real_sponsor_names_with_proxy_commercial_metrics,0.749976237843342,-60,-72.29999999999995,-1,-1.2000000000000028,-0.18,-0.0943333333333332,-0.0503333333333333,0.7074856858162286,0.6125771426029871,3.613,0.12,0.527843810103467,0.24853333333333336,0.68589,0.43121815457075574,0.2,0.47636648758965966
779,2014,Ivory Coast,Japan,group_or_knockout,True,0.0,58.8,26.0,64.4,windy,62.22,129.21,A_win,Recife,Brazil,2014-06-14,0.1594,3.28,0.073,0.04,55.89,1587,1,384.2,-0.22,19.05,0.511,73.8,39.2,8.73,0.1446666666666666,0.7746666666666666,3.723333333333333,0.359,Budweiser,beverage,26.15,350.0,1.0,0.237,0.659,0.897,0.579,real_sponsor_names_with_proxy_commercial_metrics,0.6299883308209375,1586,4,387.4,-0.2,22.68,0.535,72.8,37.0,11.9,0.25,0.7706666666666667,4.593333333333333,0.3566666666666667,Adidas,apparel,29.47,1830.0,1.0,0.558,0.648,0.855,0.917,real_sponsor_names_with_proxy_commercial_metrics,0.8586337787056367,1,-3.1999999999999886,-3,1.0,-0.0199999999999999,0.0039999999999998,-0.1053333333333333,0.4439260305258574,0.4362745213860758,3.685,0.48,0.37576111952281077,0.17693333333333333,0.76788,0.4615030328980233,0.2,0.46139348928968843
780,2014,Uruguay,Costa Rica,group_or_knockout,True,0.0,41.1,15.1,15.0,clear,64.42,163.11,B_win,Fortaleza,Brazil,2014-06-14,0.2791,2.54,0.08,0.09,51.81,1684,10,508.3,0.07,29.28,0.661,74.8,44.8,20.58,0.1356666666666666,0.8753333333333333,1.923333333333333,0.1913333333333333,Vivo,technology,19.75,76.46,0.542,0.306,0.797,0.741,0.63,real_sponsor_names_with_proxy_commercial_metrics,0.4351767440908576,1585,3,384.6,-0.19,21.98,0.529,73.1,26.3,15.16,0.1976666666666666,0.8413333333333334,2.26,0.2056666666666666,Visa,finance,31.23,250.0,1.0,0.397,0.677,0.885,0.896,real_sponsor_names_with_proxy_commercial_metrics,0.7111394737514839,99,123.7,7,1.7000000000000028,0.26,0.0339999999999999,-0.062,0.6570661125383135,0.6153607157860179,3.425,0.12,0.4477501977539507,0.13126666666666664,0.71205,0.17947976878612718,0.2,0.474104458552681
781,2014,Argentina,Bosnia and Herzegovina,group_or_knockout,True,0.0,57.3,27.0,62.8,rain,62.22,182.73,A_win,Rio de Janeiro,Brazil,2014-06-15,0.2269,4.67,0.121,0.092,55.39,1753,15,591.7,0.26,33.16,0.743,76.8,58.0,19.5,0.2623333333333333,0.8586666666666667,3.813333333333333,0.2106666666666666,Hyundai,automotive,30.74,590.0,1.0,0.338,0.813,0.936,0.851,real_sponsor_names_with_proxy_commercial_metrics,0.7681302767229082,1562,1,349.3,-0.33,14.65,0.46,71.1,29.9,10.24,0.2696666666666666,0.8313333333333333,3.1366666666666667,0.146,Mengniu,consumer_goods,16.77,64.43,0.415,0.419,0.615,0.658,0.619,real_sponsor_names_with_proxy_commercial_metrics,0.3298396458192227,191,242.40000000000003,14,5.700000000000003,0.5900000000000001,0.0273333333333334,-0.0073333333333333,0.8112048561394937,0.6298671396078888,4.149,0.48,0.44543099159646937,0.2139333333333333,0.8831100000000001,0.48060101334475125,0.2,0.5765996638230009
782,2014,France,Honduras,group_or_knockout,True,0.0,57.0,18.4,56.2,rain,62.22,310.49,A_win,Porto Alegre,Brazil,2014-06-15,0.3119,3.26,-0.038,0.078,66.65,1748,13,584.8,0.26,32.28,0.733,77.8,46.5,18.67,0.2083333333333333,0.8296666666666667,3.483333333333333,0.3613333333333333,Qatar Airways,airline,24.02,81.37,0.593,0.647,0.801,0.711,0.647,real_sponsor_names_with_proxy_commercial_metrics,0.5007849188790221,1414,1,177.5,-0.67,13.05,0.328,62.9,9.5,7.33,0.4183333333333334,0.6726666666666666,3.2266666666666666,0.0066666666666666,Visa,finance,28.19,250.0,1.0,0.46,0.538,0.906,0.82,real_sponsor_names_with_proxy_commercial_metrics,0.6450568641481437,334,407.3,12,14.9,0.93,0.157,-0.21,0.8018213325687816,0.6746524943629931,3.901,0.48,0.5878811787206931,0.19313333333333332,0.7179599999999999,0.41566630985513453,0.2,0.531593714696742
783,2014,Switzerland,Ecuador,group_or_knockout,True,0.0,81.4,19.5,57.2,cloudy,62.22,157.96,A_win,Brasília,Brazil,2014-06-15,0.5082,0.94,0.239,0.216,63.45,1632,7,443.7,-0.12,26.09,0.595,72.7,48.1,17.05,0.1836666666666666,0.914,2.223333333333333,0.2486666666666666,Adidas,apparel,31.4,1830.0,1.0,0.14,0.774,0.888,0.845,real_sponsor_names_with_proxy_commercial_metrics,0.90423375782881,1623,2,428.7,-0.08,21.59,0.558,71.6,42.9,13.81,0.1486666666666666,0.8836666666666666,1.9966666666666668,0.0626666666666666,McDonald's,restaurant,16.55,66.18,0.433,0.554,0.689,0.657,0.645,real_sponsor_names_with_proxy_commercial_metrics,0.3438219070287941,9,15.0,5,1.1000000000000083,-0.0399999999999999,0.0303333333333334,0.035,0.5385464489432931,0.5682630208463133,4.397,0.22,0.5549804363691289,0.14459999999999995,0.85383,0.2873745807464497,0.2,0.6139860349897079
784,2014,Germany,Portugal,group_or_knockout,True,0.0,69.6,24.9,69.3,clear,64.42,152.77,A_win,Salvador,Brazil,2014-06-16,0.3122,3.48,0.293,0.238,55.78,1798,20,646.1,0.4,35.62,0.797,81.3,65.9,22.15,0.2123333333333333,0.851,5.576666666666667,0.3273333333333333,Coca-Cola,beverage,29.19,300.0,1.0,0.286,0.859,0.907,0.902,real_sponsor_names_with_proxy_commercial_metrics,0.7215038709709707,1702,6,527.3,0.14,27.94,0.666,76.8,47.1,14.4,0.2406666666666666,0.7363333333333334,3.2266666666666666,0.0836666666666666,Mengniu,consumer_goods,17.76,59.99,0.368,0.468,0.8,0.643,0.574,real_sponsor_names_with_proxy_commercial_metrics,0.3588124240475937,96,118.80000000000008,14,4.5,0.26,0.1146666666666665,-0.0283333333333333,0.9510351228677828,0.7266135609105098,4.378,0.12,0.494941553066391,0.18699999999999997,0.90283,0.31006315564119025,0.2,0.6067772367012538
785,2014,Ghana,United States,group_or_knockout,True,0.0,58.1,20.0,56.8,clear,62.22,152.39,B_win,Natal,Brazil,2014-06-16,0.3119,3.54,0.133,0.123,64.64,1600,2,402.0,-0.13,21.31,0.537,68.9,36.1,8.969999999999999,0.3763333333333333,0.8766666666666666,0.7333333333333333,0.2983333333333333,Mengniu,consumer_goods,23.07,63.81,0.408,0.27,0.715,0.668,0.644,real_sponsor_names_with_proxy_commercial_metrics,0.4330502275859767,1578,6,379.0,-0.3,23.84,0.536,71.9,31.0,12.75,0.132,0.7943333333333333,0.7200000000000001,0.0636666666666666,Vivo,technology,22.58,68.24,0.455,0.416,0.676,0.652,0.654,real_sponsor_names_with_proxy_commercial_metrics,0.4277412886284749,22,23.0,-4,-3.0,0.1699999999999999,0.0823333333333332,0.2443333333333333,0.4244551084744016,0.402575629467958,2.967,0.12,0.47686414836699703,0.27513333333333334,0.6373399999999999,0.2326404053379005,0.2,0.40074566054506205
786,2014,Iran,Nigeria,group_or_knockout,True,0.0,61.2,28.4,39.8,hot,55.62,252.91,draw,Curitiba,Brazil,2014-06-16,0.2804,3.87,0.173,0.118,57.56,1519,3,305.2,-0.44,19.13,0.455,68.7,30.6,12.34,0.1146666666666666,0.8703333333333333,3.7066666666666666,0.2463333333333333,Visa,finance,29.04,250.0,1.0,0.165,0.637,0.935,0.918,real_sponsor_names_with_proxy_commercial_metrics,0.6830613109122354,1585,3,384.6,-0.29,21.98,0.529,75.3,31.3,8.190000000000001,0.2983333333333333,0.916,1.92,-0.066,Coca-Cola,beverage,26.63,300.0,1.0,0.555,0.744,0.906,0.879,real_sponsor_names_with_proxy_commercial_metrics,0.6666248313049998,-66,-79.40000000000003,0,-6.599999999999994,-0.15,-0.0456666666666666,-0.1836666666666666,0.3004381649565623,0.5106493973964009,3.58,0.62,0.48876710377085614,0.12066666666666664,0.8189899999999999,0.4736344822664668,0.2,0.5280885666441001
787,2014,Belgium,Algeria,group_or_knockout,True,0.0,58.6,18.4,55.7,cloudy,62.22,80.9,A_win,Belo Horizonte,Brazil,2014-06-17,0.3859,4.98,0.206,0.193,65.17,1674,9,495.4,0.02,28.38,0.646,71.5,40.4,23.19,0.142,0.7919999999999999,3.7566666666666655,0.0076666666666666,Visa,finance,26.85,250.0,1.0,0.538,0.72,0.914,0.914,real_sponsor_names_with_proxy_commercial_metrics,0.6636131480729871,1543,2,333.4,-0.31,18.82,0.474,72.2,36.3,11.9,0.258,0.887,1.2466666666666666,0.0059999999999999,Hisense,technology,30.28,1070.0,1.0,0.679,0.66,0.889,0.626,real_sponsor_names_with_proxy_commercial_metrics,0.7697599722846784,131,162.0,7,-0.7000000000000028,0.33,-0.095,-0.116,0.6045045124588039,0.6053041708571002,3.884,0.22,0.46275184781827544,0.16840000000000002,0.8480000000000001,0.3095058160279741,0.2,0.54591869294116
788,2014,Brazil,Mexico,group_or_knockout,False,0.18,55.4,19.3,59.1,clear,55.62,120.03,draw,Fortaleza,Brazil,2014-06-17,0.4732,1.51,0.014,0.061,54.21,1829,20,683.6,0.5,36.78,0.83,78.8,57.4,18.61,0.1376666666666667,0.7313333333333333,3.723333333333333,0.206,Adidas,apparel,33.15,1830.0,1.0,0.369,0.809,0.916,0.861,real_sponsor_names_with_proxy_commercial_metrics,0.9383411482254695,1612,10,421.9,-0.18,26.83,0.584,72.1,37.6,18.89,0.2446666666666666,0.7546666666666667,1.1233333333333333,0.211,Hyundai,automotive,28.5,590.0,1.0,0.636,0.712,0.897,0.88,real_sponsor_names_with_proxy_commercial_metrics,0.7185336170151837,217,261.70000000000005,10,6.700000000000003,0.6799999999999999,-0.0233333333333334,-0.1069999999999999,0.9764150943396226,0.5336523025475022,4.137,0.12,0.42179179575833003,0.19006666666666672,0.87793,0.2607867694283879,0.2,0.5864890794390794
789,2014,Russia,South Korea,group_or_knockout,True,0.0,43.9,19.1,59.8,rain,60.02,368.5,draw,Cuiabá,Brazil,2014-06-17,0.2066,4.2,0.194,0.211,64.51,1676,8,497.3,0.07,27.98,0.645,72.7,49.8,18.23,0.1086666666666666,0.8123333333333332,5.670000000000001,0.13,Hyundai,automotive,26.07,590.0,1.0,0.245,0.69,0.874,0.885,real_sponsor_names_with_proxy_commercial_metrics,0.6793986692072507,1548,6,343.4,-0.37,22.9,0.505,70.3,20.2,12.829999999999998,0.151,0.8606666666666666,2.8866666666666667,0.2443333333333333,McDonald's,restaurant,25.44,80.72,0.587,0.49,0.67,0.723,0.661,real_sponsor_names_with_proxy_commercial_metrics,0.5004808180408472,128,153.90000000000003,2,2.4000000000000057,0.44,-0.0483333333333333,-0.0423333333333333,0.6134810916271758,0.6742910151060558,4.028,0.48,0.6169020008149314,0.14026666666666668,0.82105,0.41301377292514085,0.2,0.5977685650024221
790,2014,Australia,Netherlands,group_or_knockout,True,0.0,56.0,19.6,60.6,clear,66.62,224.63,B_win,Curitiba,Brazil,2014-06-18,0.2909,-0.82,0.086,0.116,67.35,1539,3,329.7,-0.4,20.21,0.479,69.8,32.1,7.37,0.2113333333333333,0.8620000000000001,3.056666666666666,0.0496666666666666,Hyundai,automotive,29.32,590.0,1.0,0.218,0.705,0.903,0.913,real_sponsor_names_with_proxy_commercial_metrics,0.7316309656581901,1746,9,581.1,0.35,31.14,0.724,75.8,49.9,15.97,0.1103333333333333,0.742,2.733333333333333,0.1786666666666666,Hisense,technology,32.27,1070.0,1.0,0.505,0.811,0.856,0.664,real_sponsor_names_with_proxy_commercial_metrics,0.8192941476500228,-207,-251.40000000000003,-6,-6.0,-0.75,0.1200000000000001,0.101,0.3425474064388163,0.4173561483590069,3.487,0.12,0.5528548601901921,0.18199999999999994,0.8387999999999999,0.25946478270177686,0.2,0.525534125336526
791,2014,Cameroon,Croatia,group_or_knockout,True,0.0,48.3,29.6,74.6,hot,64.42,135.06,B_win,Manaus,Brazil,2014-06-18,0.1058,2.55,0.303,0.186,53.16,1542,4,334.5,-0.31,21.28,0.489,68.0,29.1,10.52,0.2513333333333333,0.8450000000000001,2.2433333333333336,0.186,Coca-Cola,beverage,31.97,300.0,1.0,0.241,0.693,0.92,0.885,real_sponsor_names_with_proxy_commercial_metrics,0.7331682968582358,1671,5,489.2,0.13,26.28,0.629,75.1,52.8,21.52,0.2903333333333333,0.7756666666666666,3.4933333333333336,0.102,Hisense,technology,28.53,1070.0,1.0,0.267,0.792,0.927,0.587,real_sponsor_names_with_proxy_commercial_metrics,0.7693425818880185,-129,-154.7,-1,-7.099999999999994,-0.44,0.0693333333333334,-0.0389999999999999,0.3361091814289645,0.434556065683372,3.187,0.62,0.40558734683395703,0.21279999999999993,0.83381,0.6552187254692072,0.2,0.49871895900411223
792,2014,Spain,Chile,group_or_knockout,True,0.0,41.7,26.8,40.6,clear,60.02,169.51,B_win,Rio de Janeiro,Brazil,2014-06-18,0.2372,2.22,0.105,0.146,64.32,1708,12,537.2,0.18,30.58,0.689,77.4,45.2,19.26,0.2126666666666666,0.84,4.25,0.077,Budweiser,beverage,27.85,350.0,1.0,0.321,0.724,0.933,0.612,real_sponsor_names_with_proxy_commercial_metrics,0.6704472243491213,1622,5,430.7,-0.12,24.93,0.579,72.9,38.6,16.65,0.135,0.8083333333333332,3.453333333333333,0.1826666666666666,Hisense,technology,27.36,1070.0,1.0,0.243,0.681,0.911,0.656,real_sponsor_names_with_proxy_commercial_metrics,0.7384557551656803,86,106.50000000000006,7,4.5,0.3,0.0316666666666667,0.0776666666666666,0.7299678934836586,0.5918977509551528,3.652,0.12,0.46193315941997243,0.19159999999999994,0.80913,0.23547277528009708,0.2,0.5368075359952265
793,2014,Colombia,Ivory Coast,group_or_knockout,True,0.0,64.6,33.3,60.8,clear,62.22,181.19,A_win,Brasília,Brazil,2014-06-19,0.4442,5.84,0.192,0.181,55.78,1650,3,462.8,-0.05,24.41,0.599,74.7,50.9,8.73,0.2533333333333333,0.816,4.703333333333333,0.1769999999999999,Vivo,technology,18.25,73.14,0.507,0.422,0.764,0.653,0.613,real_sponsor_names_with_proxy_commercial_metrics,0.3902368726248783,1587,1,384.2,-0.22,19.05,0.511,73.8,39.2,8.73,0.1446666666666666,0.7746666666666666,3.723333333333333,0.359,Budweiser,beverage,26.15,350.0,1.0,0.237,0.659,0.897,0.579,real_sponsor_names_with_proxy_commercial_metrics,0.6299883308209375,63,78.60000000000002,2,0.9000000000000057,0.1699999999999999,0.0413333333333333,0.1086666666666666,0.5635569682915822,0.4494802032788522,3.577,0.12,0.5270325142148438,0.2256,0.6673399999999999,0.4918318704060515,0.2,0.42080940919101817
794,2014,Japan,Greece,group_or_knockout,True,0.0,63.1,36.6,78.6,clear,55.62,201.43,draw,Natal,Brazil,2014-06-19,0.4091,2.47,0.105,0.067,57.5,1586,4,387.4,-0.2,22.68,0.535,72.8,37.0,11.9,0.25,0.7706666666666667,4.593333333333333,0.3566666666666667,Adidas,apparel,29.47,1830.0,1.0,0.558,0.648,0.855,0.917,real_sponsor_names_with_proxy_commercial_metrics,0.8586337787056367,1521,1,305.1,-0.4,17.11,0.443,66.0,32.8,9.21,0.1196666666666666,0.7983333333333333,2.74,0.2183333333333333,Budweiser,beverage,30.87,350.0,1.0,0.603,0.686,0.866,0.554,real_sponsor_names_with_proxy_commercial_metrics,0.6925784352050712,65,82.29999999999995,3,6.799999999999997,0.2,-0.0276666666666666,0.1303333333333333,0.4507401502367096,0.5004834206916327,3.977,0.12,0.47382506699248317,0.2417333333333333,0.8034600000000001,0.6545836009419824,0.2,0.5549528780815067
795,2014,Uruguay,England,group_or_knockout,True,0.0,34.8,16.8,30.2,cloudy,62.22,297.6,A_win,São Paulo,Brazil,2014-06-19,0.2448,4.08,0.295,0.164,63.65,1684,10,508.3,0.07,29.28,0.661,74.8,44.8,20.58,0.1356666666666666,0.8753333333333333,1.923333333333333,0.1913333333333333,Vivo,technology,19.75,76.46,0.542,0.306,0.797,0.741,0.63,real_sponsor_names_with_proxy_commercial_metrics,0.4351767440908576,1695,13,522.2,0.16,30.51,0.678,76.6,52.6,19.34,0.28,0.7986666666666666,2.61,0.1863333333333333,McDonald's,restaurant,20.29,74.13,0.517,0.758,0.819,0.654,0.569,real_sponsor_names_with_proxy_commercial_metrics,0.4256813568338741,-11,-13.900000000000034,-3,-1.7999999999999972,-0.09,0.0766666666666666,-0.1443333333333333,0.6570661125383135,0.6522949735076324,3.679,0.22,0.5732034546993945,0.13126666666666664,0.71205,0.24093912795261543,0.2,0.5095367021038218
796,2014,Honduras,Ecuador,group_or_knockout,True,0.0,56.4,23.4,60.9,cloudy,62.22,198.24,B_win,Curitiba,Brazil,2014-06-20,0.2798,-0.9,0.079,0.165,56.06,1414,1,177.5,-0.67,13.05,0.328,62.9,9.5,7.33,0.4183333333333334,0.6726666666666666,3.2266666666666666,0.0066666666666666,Visa,finance,28.19,250.0,1.0,0.46,0.538,0.906,0.82,real_sponsor_names_with_proxy_commercial_metrics,0.6450568641481437,1623,2,428.7,-0.08,21.59,0.558,71.6,42.9,13.81,0.1486666666666666,0.8836666666666666,1.9966666666666668,0.0626666666666666,McDonald's,restaurant,16.55,66.18,0.433,0.554,0.689,0.657,0.645,real_sponsor_names_with_proxy_commercial_metrics,0.3438219070287941,-209,-251.2,-1,-8.699999999999996,-0.5900000000000001,-0.2109999999999999,0.2696666666666667,0.0690300105224019,0.3429149431798017,3.009,0.22,0.4909114176263408,0.38193333333333335,0.75546,0.2747495183044315,0.2,0.44786051501116714
797,2014,Italy,Costa Rica,group_or_knockout,True,0.0,70.9,15.9,48.6,rain,57.82,142.05,B_win,Recife,Brazil,2014-06-20,0.2851,2.06,0.213,0.182,48.47,1755,14,594.5,0.34,33.03,0.744,77.8,61.6,11.04,0.3303333333333333,0.8929999999999999,1.3333333333333333,0.0393333333333333,Visa,finance,33.4,250.0,1.0,0.316,0.761,0.842,0.918,real_sponsor_names_with_proxy_commercial_metrics,0.749976237843342,1585,3,384.6,-0.19,21.98,0.529,73.1,26.3,15.16,0.1976666666666666,0.8413333333333334,2.26,0.2056666666666666,Visa,finance,31.23,250.0,1.0,0.397,0.677,0.885,0.896,real_sponsor_names_with_proxy_commercial_metrics,0.7111394737514839,170,209.9,11,4.700000000000003,0.53,0.0516666666666665,0.1326666666666667,0.8187106162327391,0.3829939436387434,3.525,0.48,0.4128330044424277,0.24100000000000002,0.84782,0.4478557054163991,0.2,0.4900340021897358
798,2014,Switzerland,France,group_or_knockout,True,0.0,71.8,18.3,52.1,cloudy,71.03,253.02,B_win,Salvador,Brazil,2014-06-20,0.1966,1.02,0.17,0.075,73.17,1632,7,443.7,-0.12,26.09,0.595,72.7,48.1,17.05,0.1836666666666666,0.914,2.223333333333333,0.2486666666666666,Adidas,apparel,31.4,1830.0,1.0,0.14,0.774,0.888,0.845,real_sponsor_names_with_proxy_commercial_metrics,0.90423375782881,1748,13,584.8,0.26,32.28,0.733,77.8,46.5,18.67,0.2083333333333333,0.8296666666666667,3.483333333333333,0.3613333333333333,Qatar Airways,airline,24.02,81.37,0.593,0.647,0.801,0.711,0.647,real_sponsor_names_with_proxy_commercial_metrics,0.5007849188790221,-116,-141.09999999999997,-6,-5.099999999999994,-0.38,0.0843333333333333,-0.0246666666666666,0.5385464489432931,0.640962621960835,4.254,0.22,0.575577433710679,0.14459999999999995,0.85383,0.29655141654178263,0.2,0.6384613227700839
799,2014,Argentina,Iran,group_or_knockout,True,0.0,71.3,19.2,43.5,clear,57.82,135.89,A_win,Belo Horizonte,Brazil,2014-06-21,0.1725,8.0,0.152,0.155,62.77,1753,15,591.7,0.26,33.16,0.743,76.8,58.0,19.5,0.2623333333333333,0.8586666666666667,3.813333333333333,0.2106666666666666,Hyundai,automotive,30.74,590.0,1.0,0.338,0.813,0.936,0.851,real_sponsor_names_with_proxy_commercial_metrics,0.7681302767229082,1519,3,305.2,-0.44,19.13,0.455,68.7,30.6,12.34,0.1146666666666666,0.8703333333333333,3.7066666666666666,0.2463333333333333,Visa,finance,29.04,250.0,1.0,0.165,0.637,0.935,0.918,real_sponsor_names_with_proxy_commercial_metrics,0.6830613109122354,234,286.50000000000006,12,8.099999999999994,0.7,-0.0116666666666666,0.1476666666666666,0.8112048561394937,0.5937800453374786,4.193,0.12,0.4058055284072648,0.2139333333333333,0.8831100000000001,0.1959805180903447,0.2,0.5585701847894451
800,2014,Germany,Ghana,group_or_knockout,True,0.0,58.5,16.7,55.3,clear,64.42,137.84,draw,Fortaleza,Brazil,2014-06-21,0.1011,1.4,0.138,0.101,69.69,1798,20,646.1,0.4,35.62,0.797,81.3,65.9,22.15,0.2123333333333333,0.851,5.576666666666667,0.3273333333333333,Coca-Cola,beverage,29.19,300.0,1.0,0.286,0.859,0.907,0.902,real_sponsor_names_with_proxy_commercial_metrics,0.7215038709709707,1600,2,402.0,-0.13,21.31,0.537,68.9,36.1,8.969999999999999,0.3763333333333333,0.8766666666666666,0.7333333333333333,0.2983333333333333,Mengniu,consumer_goods,23.07,63.81,0.408,0.27,0.715,0.668,0.644,real_sponsor_names_with_proxy_commercial_metrics,0.4330502275859767,198,244.1,18,12.399999999999991,0.53,-0.0256666666666666,-0.164,0.9510351228677828,0.7214155454174294,4.138,0.12,0.42650756690391495,0.18699999999999997,0.90283,0.31199707414543637,0.2,0.5916349951306963
801,2014,Nigeria,Bosnia and Herzegovina,group_or_knockout,True,0.0,47.0,16.7,87.5,clear,57.82,100.94,A_win,Cuiabá,Brazil,2014-06-21,0.1234,2.95,0.066,0.056,58.14,1585,3,384.6,-0.29,21.98,0.529,75.3,31.3,8.190000000000001,0.2983333333333333,0.916,1.92,-0.066,Coca-Cola,beverage,26.63,300.0,1.0,0.555,0.744,0.906,0.879,real_sponsor_names_with_proxy_commercial_metrics,0.6666248313049998,1562,1,349.3,-0.33,14.65,0.46,71.1,29.9,10.24,0.2696666666666666,0.8313333333333333,3.1366666666666667,0.146,Mengniu,consumer_goods,16.77,64.43,0.415,0.419,0.615,0.658,0.619,real_sponsor_names_with_proxy_commercial_metrics,0.3298396458192227,23,35.30000000000001,2,4.200000000000003,0.04,0.0846666666666666,0.0286666666666666,0.4667473504417841,0.3179477033081297,3.404,0.12,0.33092497103002205,0.21259999999999996,0.85083,0.45113287661457213,0.2,0.43756051064548074
802,2014,Belgium,Russia,group_or_knockout,True,0.0,43.9,22.1,37.8,windy,57.82,106.6,A_win,Rio de Janeiro,Brazil,2014-06-22,0.2369,3.07,-0.087,-0.013,49.83,1674,9,495.4,0.02,28.38,0.646,71.5,40.4,23.19,0.142,0.7919999999999999,3.7566666666666655,0.0076666666666666,Visa,finance,26.85,250.0,1.0,0.538,0.72,0.914,0.914,real_sponsor_names_with_proxy_commercial_metrics,0.6636131480729871,1676,8,497.3,0.07,27.98,0.645,72.7,49.8,18.23,0.1086666666666666,0.8123333333333332,5.670000000000001,0.13,Hyundai,automotive,26.07,590.0,1.0,0.245,0.69,0.874,0.885,real_sponsor_names_with_proxy_commercial_metrics,0.6793986692072507,-2,-1.900000000000034,1,-1.2000000000000028,-0.05,-0.0203333333333333,0.0333333333333333,0.6045045124588039,0.5944725383327081,3.754,0.48,0.3293336356681968,0.16840000000000002,0.8480000000000001,0.2451196745878827,0.2,0.5162021934043146
803,2014,South Korea,Algeria,group_or_knockout,True,0.0,62.5,15.7,39.3,clear,68.82,153.01,B_win,Porto Alegre,Brazil,2014-06-22,0.2063,-0.54,0.206,0.212,61.51,1548,6,343.4,-0.37,22.9,0.505,70.3,20.2,12.829999999999998,0.151,0.8606666666666666,2.8866666666666667,0.2443333333333333,McDonald's,restaurant,25.44,80.72,0.587,0.49,0.67,0.723,0.661,real_sponsor_names_with_proxy_commercial_metrics,0.5004808180408472,1543,2,333.4,-0.31,18.82,0.474,72.2,36.3,11.9,0.258,0.887,1.2466666666666666,0.0059999999999999,Hisense,technology,30.28,1070.0,1.0,0.679,0.66,0.889,0.626,real_sponsor_names_with_proxy_commercial_metrics,0.7697599722846784,5,10.0,4,-1.9000000000000057,-0.06,-0.0263333333333334,-0.107,0.3785695739184261,0.525476651527067,3.242,0.12,0.4969851429663976,0.14633333333333337,0.6669599999999999,0.2688728323699422,0.2,0.4672402873506616
804,2014,United States,Portugal,group_or_knockout,True,0.0,62.9,28.1,37.2,windy,64.42,132.38,draw,Manaus,Brazil,2014-06-22,0.1297,1.7,0.081,0.015,67.75,1578,6,379.0,-0.3,23.84,0.536,71.9,31.0,12.75,0.132,0.7943333333333333,0.7200000000000001,0.0636666666666666,Vivo,technology,22.58,68.24,0.455,0.416,0.676,0.652,0.654,real_sponsor_names_with_proxy_commercial_metrics,0.4277412886284749,1702,6,527.3,0.14,27.94,0.666,76.8,47.1,14.4,0.2406666666666666,0.7363333333333334,3.2266666666666666,0.0836666666666666,Mengniu,consumer_goods,17.76,59.99,0.368,0.468,0.8,0.643,0.574,real_sponsor_names_with_proxy_commercial_metrics,0.3588124240475937,-124,-148.29999999999995,0,-4.899999999999992,-0.44,0.0579999999999999,-0.1086666666666666,0.4407302164904229,0.4097632532282166,3.181,0.48,0.4047581631677473,0.16146666666666668,0.6269199999999999,0.39859644615713985,0.2,0.39242405280828413
805,2014,Australia,Spain,group_or_knockout,True,0.0,74.7,17.5,85.6,clear,62.22,194.1,B_win,Curitiba,Brazil,2014-06-23,0.3614,3.65,0.213,0.148,57.73,1539,3,329.7,-0.4,20.21,0.479,69.8,32.1,7.37,0.2113333333333333,0.8620000000000001,3.056666666666666,0.0496666666666666,Hyundai,automotive,29.32,590.0,1.0,0.218,0.705,0.903,0.913,real_sponsor_names_with_proxy_commercial_metrics,0.7316309656581901,1708,12,537.2,0.18,30.58,0.689,77.4,45.2,19.26,0.2126666666666666,0.84,4.25,0.077,Budweiser,beverage,27.85,350.0,1.0,0.321,0.724,0.933,0.612,real_sponsor_names_with_proxy_commercial_metrics,0.6704472243491213,-169,-207.50000000000009,-9,-7.600000000000008,-0.5800000000000001,0.0220000000000001,-0.0013333333333333,0.3425474064388163,0.3869475291517006,3.598,0.12,0.5104537309443398,0.18199999999999994,0.8387999999999999,0.422113751516449,0.2,0.5085394861093097
806,2014,Brazil,Cameroon,group_or_knockout,False,0.18,72.3,39.0,50.6,clear,66.62,136.07,A_win,Brasília,Brazil,2014-06-23,0.3609,2.98,0.148,0.162,69.53,1829,20,683.6,0.5,36.78,0.83,78.8,57.4,18.61,0.1376666666666667,0.7313333333333333,3.723333333333333,0.206,Adidas,apparel,33.15,1830.0,1.0,0.369,0.809,0.916,0.861,real_sponsor_names_with_proxy_commercial_metrics,0.9383411482254695,1542,4,334.5,-0.31,21.28,0.489,68.0,29.1,10.52,0.2513333333333333,0.8450000000000001,2.2433333333333336,0.186,Coca-Cola,beverage,31.97,300.0,1.0,0.241,0.693,0.92,0.885,real_sponsor_names_with_proxy_commercial_metrics,0.7331682968582358,287,349.1,16,10.799999999999995,0.81,-0.1136666666666668,-0.1136666666666666,0.9764150943396226,0.5886850786970239,4.519,0.12,0.5232569050091196,0.19006666666666672,0.87793,0.5960236922857347,0.2,0.6221912786111033
807,2014,Croatia,Mexico,group_or_knockout,True,0.0,56.3,20.3,57.6,clear,64.42,76.34,B_win,Recife,Brazil,2014-06-23,0.1716,-2.03,0.216,0.239,57.42,1671,5,489.2,0.13,26.28,0.629,75.1,52.8,21.52,0.2903333333333333,0.7756666666666666,3.4933333333333336,0.102,Hisense,technology,28.53,1070.0,1.0,0.267,0.792,0.927,0.587,real_sponsor_names_with_proxy_commercial_metrics,0.7693425818880185,1612,10,421.9,-0.18,26.83,0.584,72.1,37.6,18.89,0.2446666666666666,0.7546666666666667,1.1233333333333333,0.211,Hyundai,automotive,28.5,590.0,1.0,0.636,0.712,0.897,0.88,real_sponsor_names_with_proxy_commercial_metrics,0.7185336170151837,59,67.30000000000001,-5,3.0,0.31,0.0209999999999999,0.0456666666666666,0.6114873261612664,0.5937038237833591,3.817,0.12,0.40372988996011083,0.26393333333333335,0.8324399999999998,0.2282937272532648,0.2,0.5483308683044872
808,2014,Netherlands,Chile,group_or_knockout,True,0.0,41.8,23.4,51.6,clear,60.02,128.05,A_win,São Paulo,Brazil,2014-06-23,0.2462,1.61,0.184,0.186,46.95,1746,9,581.1,0.35,31.14,0.724,75.8,49.9,15.97,0.1103333333333333,0.742,2.733333333333333,0.1786666666666666,Hisense,technology,32.27,1070.0,1.0,0.505,0.811,0.856,0.664,real_sponsor_names_with_proxy_commercial_metrics,0.8192941476500228,1622,5,430.7,-0.12,24.93,0.579,72.9,38.6,16.65,0.135,0.8083333333333332,3.453333333333333,0.1826666666666666,Hisense,technology,27.36,1070.0,1.0,0.243,0.681,0.911,0.656,real_sponsor_names_with_proxy_commercial_metrics,0.7384557551656803,124,150.40000000000003,4,2.8999999999999915,0.47,-0.0663333333333332,-0.0246666666666666,0.7581498473599972,0.4903036102505765,3.848,0.12,0.4006063479638595,0.1694,0.8342200000000001,0.19456433311924637,0.2,0.5366636758989388
809,2014,Costa Rica,England,group_or_knockout,True,0.0,53.9,15.2,42.9,rain,55.62,139.27,draw,Belo Horizonte,Brazil,2014-06-24,0.1936,4.94,-0.077,0.0,55.47,1585,3,384.6,-0.19,21.98,0.529,73.1,26.3,15.16,0.1976666666666666,0.8413333333333334,2.26,0.2056666666666666,Visa,finance,31.23,250.0,1.0,0.397,0.677,0.885,0.896,real_sponsor_names_with_proxy_commercial_metrics,0.7111394737514839,1695,13,522.2,0.16,30.51,0.678,76.6,52.6,19.34,0.28,0.7986666666666666,2.61,0.1863333333333333,McDonald's,restaurant,20.29,74.13,0.517,0.758,0.819,0.654,0.569,real_sponsor_names_with_proxy_commercial_metrics,0.4256813568338741,-110,-137.60000000000002,-10,-3.5,-0.35,0.0426666666666667,-0.0823333333333333,0.445992633460652,0.4777617181390382,3.414,0.48,0.34688277987354793,0.1820666666666666,0.8199899999999999,0.4414341682723185,0.2,0.49369791075399644
810,2014,Greece,Ivory Coast,group_or_knockout,True,0.0,60.8,33.2,54.2,cloudy,62.22,150.08,A_win,Fortaleza,Brazil,2014-06-24,0.3688,4.04,0.169,0.236,61.99,1521,1,305.1,-0.4,17.11,0.443,66.0,32.8,9.21,0.1196666666666666,0.7983333333333333,2.74,0.2183333333333333,Budweiser,beverage,30.87,350.0,1.0,0.603,0.686,0.866,0.554,real_sponsor_names_with_proxy_commercial_metrics,0.6925784352050712,1587,1,384.2,-0.22,19.05,0.511,73.8,39.2,8.73,0.1446666666666666,0.7746666666666666,3.723333333333333,0.359,Budweiser,beverage,26.15,350.0,1.0,0.237,0.659,0.897,0.579,real_sponsor_names_with_proxy_commercial_metrics,0.6299883308209375,-66,-79.09999999999997,0,-7.799999999999997,-0.18,0.0236666666666667,-0.025,0.2664347481162223,0.4130205490009712,3.497,0.22,0.5117769674328556,0.15246666666666664,0.76772,0.500712195818169,0.2,0.4985527716560602
811,2014,Italy,Uruguay,group_or_knockout,True,0.0,55.4,29.7,96.0,clear,57.82,252.85,B_win,Natal,Brazil,2014-06-24,0.1902,5.36,0.092,0.053,58.16,1755,14,594.5,0.34,33.03,0.744,77.8,61.6,11.04,0.3303333333333333,0.8929999999999999,1.3333333333333333,0.0393333333333333,Visa,finance,33.4,250.0,1.0,0.316,0.761,0.842,0.918,real_sponsor_names_with_proxy_commercial_metrics,0.749976237843342,1684,10,508.3,0.07,29.28,0.661,74.8,44.8,20.58,0.1356666666666666,0.8753333333333333,1.923333333333333,0.1913333333333333,Vivo,technology,19.75,76.46,0.542,0.306,0.797,0.741,0.63,real_sponsor_names_with_proxy_commercial_metrics,0.4351767440908576,71,86.19999999999999,4,3.0,0.27,0.0176666666666666,0.1946666666666667,0.8187106162327391,0.4215699728841086,3.489,0.12,0.4611428387341121,0.24100000000000002,0.84782,0.5502890173410404,0.2,0.5104972572367749
812,2014,Japan,Colombia,group_or_knockout,True,0.0,50.5,24.8,80.3,rain,66.62,160.33,B_win,Cuiabá,Brazil,2014-06-24,0.3806,0.73,0.213,0.2,58.4,1586,4,387.4,-0.2,22.68,0.535,72.8,37.0,11.9,0.25,0.7706666666666667,4.593333333333333,0.3566666666666667,Adidas,apparel,29.47,1830.0,1.0,0.558,0.648,0.855,0.917,real_sponsor_names_with_proxy_commercial_metrics,0.8586337787056367,1650,3,462.8,-0.05,24.41,0.599,74.7,50.9,8.73,0.2533333333333333,0.816,4.703333333333333,0.1769999999999999,Vivo,technology,18.25,73.14,0.507,0.422,0.764,0.653,0.613,real_sponsor_names_with_proxy_commercial_metrics,0.3902368726248783,-64,-75.40000000000003,1,-1.9000000000000057,-0.15,-0.0453333333333332,-0.0033333333333333,0.4507401502367096,0.5356223853693117,3.814,0.48,0.5284229710313482,0.2417333333333333,0.8034600000000001,0.49899286376935703,0.2,0.5757113689990299
813,2014,Bosnia and Herzegovina,Iran,group_or_knockout,True,0.0,61.3,14.9,44.4,cloudy,64.42,235.59,A_win,Salvador,Brazil,2014-06-25,0.3583,5.49,0.167,0.187,69.06,1562,1,349.3,-0.33,14.65,0.46,71.1,29.9,10.24,0.2696666666666666,0.8313333333333333,3.1366666666666667,0.146,Mengniu,consumer_goods,16.77,64.43,0.415,0.419,0.615,0.658,0.619,real_sponsor_names_with_proxy_commercial_metrics,0.3298396458192227,1519,3,305.2,-0.44,19.13,0.455,68.7,30.6,12.34,0.1146666666666666,0.8703333333333333,3.7066666666666666,0.2463333333333333,Visa,finance,29.04,250.0,1.0,0.165,0.637,0.935,0.918,real_sponsor_names_with_proxy_commercial_metrics,0.6830613109122354,43,44.10000000000002,-2,2.3999999999999915,0.1099999999999999,-0.039,0.1549999999999999,0.3768136051289465,0.4717838786104056,3.459,0.22,0.5893788188733751,0.22926666666666667,0.5903499999999999,0.3517191179618925,0.2,0.4140297647822021
814,2014,Ecuador,France,group_or_knockout,True,0.0,51.4,24.3,68.4,windy,55.62,158.1,draw,Rio de Janeiro,Brazil,2014-06-25,0.2672,2.71,0.168,0.117,53.14,1623,2,428.7,-0.08,21.59,0.558,71.6,42.9,13.81,0.1486666666666666,0.8836666666666666,1.9966666666666668,0.0626666666666666,McDonald's,restaurant,16.55,66.18,0.433,0.554,0.689,0.657,0.645,real_sponsor_names_with_proxy_commercial_metrics,0.3438219070287941,1748,13,584.8,0.26,32.28,0.733,77.8,46.5,18.67,0.2083333333333333,0.8296666666666667,3.483333333333333,0.3613333333333333,Qatar Airways,airline,24.02,81.37,0.593,0.647,0.801,0.711,0.647,real_sponsor_names_with_proxy_commercial_metrics,0.5007849188790221,-125,-156.09999999999997,-11,-6.200000000000003,-0.34,0.0539999999999999,-0.0596666666666666,0.4857367378812579,0.4401735828280054,3.269,0.48,0.40382151250946297,0.13573333333333332,0.62832,0.4345673303361165,0.2,0.3823509633806447
815,2014,Honduras,Switzerland,group_or_knockout,True,0.0,49.8,16.3,44.7,windy,62.22,175.71,B_win,Manaus,Brazil,2014-06-25,0.3084,6.14,0.098,0.16,65.61,1414,1,177.5,-0.67,13.05,0.328,62.9,9.5,7.33,0.4183333333333334,0.6726666666666666,3.2266666666666666,0.0066666666666666,Visa,finance,28.19,250.0,1.0,0.46,0.538,0.906,0.82,real_sponsor_names_with_proxy_commercial_metrics,0.6450568641481437,1632,7,443.7,-0.12,26.09,0.595,72.7,48.1,17.05,0.1836666666666666,0.914,2.223333333333333,0.2486666666666666,Adidas,apparel,31.4,1830.0,1.0,0.14,0.774,0.888,0.845,real_sponsor_names_with_proxy_commercial_metrics,0.90423375782881,-218,-266.2,-6,-9.800000000000004,-0.55,-0.2413333333333334,0.2346666666666667,0.0690300105224019,0.3350709184605049,2.927,0.48,0.5045097216065528,0.38193333333333335,0.75546,0.4205992292870905,0.2,0.44838384888580646
816,2014,Nigeria,Argentina,group_or_knockout,True,0.0,62.0,31.8,29.6,rain,66.62,150.67,B_win,Porto Alegre,Brazil,2014-06-25,0.1063,2.81,0.047,0.062,66.62,1585,3,384.6,-0.29,21.98,0.529,75.3,31.3,8.190000000000001,0.2983333333333333,0.916,1.92,-0.066,Coca-Cola,beverage,26.63,300.0,1.0,0.555,0.744,0.906,0.879,real_sponsor_names_with_proxy_commercial_metrics,0.6666248313049998,1753,15,591.7,0.26,33.16,0.743,76.8,58.0,19.5,0.2623333333333333,0.8586666666666667,3.813333333333333,0.2106666666666666,Hyundai,automotive,30.74,590.0,1.0,0.338,0.813,0.936,0.851,real_sponsor_names_with_proxy_commercial_metrics,0.7681302767229082,-168,-207.1,-12,-1.5,-0.55,0.0573333333333332,0.0359999999999999,0.4667473504417841,0.3748202990210276,3.464,0.48,0.43210135626049695,0.21259999999999996,0.85083,0.46199971455077427,0.2,0.4737201144911871
817,2014,Algeria,Russia,group_or_knockout,True,0.0,52.8,27.9,74.3,rain,60.02,168.72,draw,Curitiba,Brazil,2014-06-26,0.1983,-1.5,0.085,0.143,55.81,1543,2,333.4,-0.31,18.82,0.474,72.2,36.3,11.9,0.258,0.887,1.2466666666666666,0.0059999999999999,Hisense,technology,30.28,1070.0,1.0,0.679,0.66,0.889,0.626,real_sponsor_names_with_proxy_commercial_metrics,0.7697599722846784,1676,8,497.3,0.07,27.98,0.645,72.7,49.8,18.23,0.1086666666666666,0.8123333333333332,5.670000000000001,0.13,Hyundai,automotive,26.07,590.0,1.0,0.245,0.69,0.874,0.885,real_sponsor_names_with_proxy_commercial_metrics,0.6793986692072507,-133,-163.90000000000003,-6,-0.5,-0.38,0.0746666666666667,0.1493333333333333,0.3657175034061077,0.4078290232680094,3.568,0.48,0.4288539988694581,0.19999999999999998,0.77335,0.5537027759937201,0.2,0.496974319637257
818,2014,South Korea,Belgium,group_or_knockout,True,0.0,61.2,23.6,76.6,rain,57.82,133.37,B_win,São Paulo,Brazil,2014-06-26,0.3002,4.58,-0.024,-0.01,59.25,1548,6,343.4,-0.37,22.9,0.505,70.3,20.2,12.829999999999998,0.151,0.8606666666666666,2.8866666666666667,0.2443333333333333,McDonald's,restaurant,25.44,80.72,0.587,0.49,0.67,0.723,0.661,real_sponsor_names_with_proxy_commercial_metrics,0.5004808180408472,1674,9,495.4,0.02,28.38,0.646,71.5,40.4,23.19,0.142,0.7919999999999999,3.7566666666666655,0.0076666666666666,Visa,finance,26.85,250.0,1.0,0.538,0.72,0.914,0.914,real_sponsor_names_with_proxy_commercial_metrics,0.6636131480729871,-126,-152.0,-3,-1.2000000000000028,-0.39,0.0686666666666666,0.009,0.3785695739184261,0.4691905025861796,3.123,0.48,0.3906383717171095,0.14633333333333337,0.6669599999999999,0.45179133661599935,0.2,0.4302108113973555
819,2014,Portugal,Ghana,group_or_knockout,True,0.0,61.6,8.4,74.7,cloudy,62.22,186.47,A_win,Brasília,Brazil,2014-06-26,0.3633,1.87,0.072,0.138,61.41,1702,6,527.3,0.14,27.94,0.666,76.8,47.1,14.4,0.2406666666666666,0.7363333333333334,3.2266666666666666,0.0836666666666666,Mengniu,consumer_goods,17.76,59.99,0.368,0.468,0.8,0.643,0.574,real_sponsor_names_with_proxy_commercial_metrics,0.3588124240475937,1600,2,402.0,-0.13,21.31,0.537,68.9,36.1,8.969999999999999,0.3763333333333333,0.8766666666666666,0.7333333333333333,0.2983333333333333,Mengniu,consumer_goods,23.07,63.81,0.408,0.27,0.715,0.668,0.644,real_sponsor_names_with_proxy_commercial_metrics,0.4330502275859767,102,125.29999999999995,4,7.899999999999991,0.27,-0.1403333333333332,-0.1356666666666666,0.6820304126224132,0.4853380571063627,3.572,0.22,0.5119877352279396,0.24986666666666663,0.64909,0.6517201883964889,0.2,0.41628778480679196
820,2014,United States,Germany,group_or_knockout,True,0.0,43.2,17.1,50.5,rain,57.82,154.65,B_win,Recife,Brazil,2014-06-26,0.3954,2.01,0.003,0.076,55.73,1578,6,379.0,-0.3,23.84,0.536,71.9,31.0,12.75,0.132,0.7943333333333333,0.7200000000000001,0.0636666666666666,Vivo,technology,22.58,68.24,0.455,0.416,0.676,0.652,0.654,real_sponsor_names_with_proxy_commercial_metrics,0.4277412886284749,1798,20,646.1,0.4,35.62,0.797,81.3,65.9,22.15,0.2123333333333333,0.851,5.576666666666667,0.3273333333333333,Coca-Cola,beverage,29.19,300.0,1.0,0.286,0.859,0.907,0.902,real_sponsor_names_with_proxy_commercial_metrics,0.7215038709709707,-220,-267.1,-14,-9.399999999999991,-0.7,-0.0566666666666666,-0.0803333333333333,0.4407302164904229,0.3878477741517858,2.883,0.48,0.44492369103438406,0.16146666666666668,0.6269199999999999,0.424851709127239,0.2,0.3943208242402108
821,2014,Brazil,Chile,group_or_knockout,False,0.18,51.7,27.1,55.3,clear,60.02,131.65,draw,Belo Horizonte,Brazil,2014-06-28,0.0917,-0.25,0.005,0.117,60.83,1829,20,683.6,0.5,36.78,0.83,78.8,57.4,18.61,0.1376666666666667,0.7313333333333333,3.723333333333333,0.206,Adidas,apparel,33.15,1830.0,1.0,0.369,0.809,0.916,0.861,real_sponsor_names_with_proxy_commercial_metrics,0.9383411482254695,1622,5,430.7,-0.12,24.93,0.579,72.9,38.6,16.65,0.135,0.8083333333333332,3.453333333333333,0.1826666666666666,Hisense,technology,27.36,1070.0,1.0,0.243,0.681,0.911,0.656,real_sponsor_names_with_proxy_commercial_metrics,0.7384557551656803,207,252.90000000000003,15,5.899999999999992,0.62,-0.0769999999999999,0.0026666666666666,0.9764150943396226,0.5574772330090516,4.153,0.12,0.37797349819604503,0.19006666666666672,0.87793,0.3067947620067081,0.2,0.5843964004558562
822,2014,Colombia,Uruguay,group_or_knockout,True,0.0,76.7,30.3,70.0,rain,60.02,226.42,A_win,Rio de Janeiro,Brazil,2014-06-28,0.2103,6.21,0.129,0.131,48.67,1650,3,462.8,-0.05,24.41,0.599,74.7,50.9,8.73,0.2533333333333333,0.816,4.703333333333333,0.1769999999999999,Vivo,technology,18.25,73.14,0.507,0.422,0.764,0.653,0.613,real_sponsor_names_with_proxy_commercial_metrics,0.3902368726248783,1684,10,508.3,0.07,29.28,0.661,74.8,44.8,20.58,0.1356666666666666,0.8753333333333333,1.923333333333333,0.1913333333333333,Vivo,technology,19.75,76.46,0.542,0.306,0.797,0.741,0.63,real_sponsor_names_with_proxy_commercial_metrics,0.4351767440908576,-34,-45.5,-7,-0.0999999999999943,-0.12,-0.0593333333333333,0.1176666666666667,0.5635569682915822,0.4553377789567728,3.713,0.48,0.45434718437898436,0.2256,0.6673399999999999,0.5975502747448798,0.2,0.4079124644136641
823,2014,Costa Rica,Greece,group_or_knockout,True,0.0,42.9,29.7,64.3,windy,60.02,193.29,draw,Recife,Brazil,2014-06-29,0.1367,1.71,0.162,0.197,66.48,1585,3,384.6,-0.19,21.98,0.529,73.1,26.3,15.16,0.1976666666666666,0.8413333333333334,2.26,0.2056666666666666,Visa,finance,31.23,250.0,1.0,0.397,0.677,0.885,0.896,real_sponsor_names_with_proxy_commercial_metrics,0.7111394737514839,1521,1,305.1,-0.4,17.11,0.443,66.0,32.8,9.21,0.1196666666666666,0.7983333333333333,2.74,0.2183333333333333,Budweiser,beverage,30.87,350.0,1.0,0.603,0.686,0.866,0.554,real_sponsor_names_with_proxy_commercial_metrics,0.6925784352050712,64,79.5,2,7.099999999999994,0.21,0.043,0.078,0.445992633460652,0.5163485948100054,3.405,0.48,0.4693742213725172,0.1820666666666666,0.8199899999999999,0.5573137086990652,0.2,0.529000524521661
824,2014,Netherlands,Mexico,group_or_knockout,True,0.0,30.5,13.4,51.7,clear,62.22,156.84,A_win,Fortaleza,Brazil,2014-06-29,0.1011,6.11,0.117,0.139,56.04,1746,9,581.1,0.35,31.14,0.724,75.8,49.9,15.97,0.1103333333333333,0.742,2.733333333333333,0.1786666666666666,Hisense,technology,32.27,1070.0,1.0,0.505,0.811,0.856,0.664,real_sponsor_names_with_proxy_commercial_metrics,0.8192941476500228,1612,10,421.9,-0.18,26.83,0.584,72.1,37.6,18.89,0.2446666666666666,0.7546666666666667,1.1233333333333333,0.211,Hyundai,automotive,28.5,590.0,1.0,0.636,0.712,0.897,0.88,real_sponsor_names_with_proxy_commercial_metrics,0.7185336170151837,134,159.20000000000005,-1,3.700000000000003,0.53,-0.0126666666666667,-0.1343333333333333,0.7581498473599972,0.5102167717995687,3.794,0.12,0.40442075506410113,0.1694,0.8342200000000001,0.3822796688788982,0.2,0.5430022425527051
825,2014,France,Nigeria,group_or_knockout,True,0.0,33.8,24.8,32.1,hot,60.02,178.65,A_win,Brasília,Brazil,2014-06-30,0.2499,1.89,0.08,0.109,51.67,1748,13,584.8,0.26,32.28,0.733,77.8,46.5,18.67,0.2083333333333333,0.8296666666666667,3.483333333333333,0.3613333333333333,Qatar Airways,airline,24.02,81.37,0.593,0.647,0.801,0.711,0.647,real_sponsor_names_with_proxy_commercial_metrics,0.5007849188790221,1585,3,384.6,-0.29,21.98,0.529,75.3,31.3,8.190000000000001,0.2983333333333333,0.916,1.92,-0.066,Coca-Cola,beverage,26.63,300.0,1.0,0.555,0.744,0.906,0.879,real_sponsor_names_with_proxy_commercial_metrics,0.6666248313049998,163,200.19999999999996,10,2.5,0.55,-0.0863333333333332,-0.09,0.8018213325687816,0.6188615366611592,3.557,0.62,0.43204257937335294,0.19313333333333332,0.7179599999999999,0.34672125883108545,0.2,0.4848045266707605
826,2014,Germany,Algeria,group_or_knockout,True,0.0,58.4,29.1,59.8,windy,62.22,173.68,A_win,Porto Alegre,Brazil,2014-06-30,0.15,0.85,0.044,0.124,65.82,1798,20,646.1,0.4,35.62,0.797,81.3,65.9,22.15,0.2123333333333333,0.851,5.576666666666667,0.3273333333333333,Coca-Cola,beverage,29.19,300.0,1.0,0.286,0.859,0.907,0.902,real_sponsor_names_with_proxy_commercial_metrics,0.7215038709709707,1543,2,333.4,-0.31,18.82,0.474,72.2,36.3,11.9,0.258,0.887,1.2466666666666666,0.0059999999999999,Hisense,technology,30.28,1070.0,1.0,0.679,0.66,0.889,0.626,real_sponsor_names_with_proxy_commercial_metrics,0.7697599722846784,255,312.70000000000005,18,9.099999999999994,0.71,-0.036,-0.0456666666666666,0.9510351228677828,0.7240039070645379,4.28,0.48,0.45091367798578974,0.18699999999999997,0.90283,0.5222623278384357,0.2,0.5972409586082615
827,2014,Argentina,Switzerland,group_or_knockout,True,0.0,58.4,13.0,75.3,clear,57.82,129.59,A_win,São Paulo,Brazil,2014-07-01,0.2588,5.57,0.094,0.158,49.91,1753,15,591.7,0.26,33.16,0.743,76.8,58.0,19.5,0.2623333333333333,0.8586666666666667,3.813333333333333,0.2106666666666666,Hyundai,automotive,30.74,590.0,1.0,0.338,0.813,0.936,0.851,real_sponsor_names_with_proxy_commercial_metrics,0.7681302767229082,1632,7,443.7,-0.12,26.09,0.595,72.7,48.1,17.05,0.1836666666666666,0.914,2.223333333333333,0.2486666666666666,Adidas,apparel,31.4,1830.0,1.0,0.14,0.774,0.888,0.845,real_sponsor_names_with_proxy_commercial_metrics,0.90423375782881,121,148.00000000000006,8,4.099999999999994,0.38,-0.0553333333333333,0.0786666666666666,0.8112048561394937,0.5915866429525888,4.066,0.12,0.39406179696813864,0.2139333333333333,0.8831100000000001,0.49465960179833013,0.2,0.5556072858338507
828,2014,Belgium,United States,group_or_knockout,True,0.0,56.5,23.0,38.8,cloudy,62.22,181.35,A_win,Salvador,Brazil,2014-07-01,0.2009,2.65,0.054,0.12,70.84,1674,9,495.4,0.02,28.38,0.646,71.5,40.4,23.19,0.142,0.7919999999999999,3.7566666666666655,0.0076666666666666,Visa,finance,26.85,250.0,1.0,0.538,0.72,0.914,0.914,real_sponsor_names_with_proxy_commercial_metrics,0.6636131480729871,1578,6,379.0,-0.3,23.84,0.536,71.9,31.0,12.75,0.132,0.7943333333333333,0.7200000000000001,0.0636666666666666,Vivo,technology,22.58,68.24,0.455,0.416,0.676,0.652,0.654,real_sponsor_names_with_proxy_commercial_metrics,0.4277412886284749,96,116.39999999999998,3,-0.4000000000000057,0.32,-0.0023333333333334,0.0099999999999999,0.6045045124588039,0.6402767533272892,3.993,0.22,0.4821023915968372,0.16840000000000002,0.8480000000000001,0.16885106686648113,0.2,0.5595811247885254
829,2014,Brazil,Colombia,group_or_knockout,False,0.18,73.8,24.6,68.2,windy,62.22,149.42,A_win,Fortaleza,Brazil,2014-07-04,0.2909,2.67,0.115,0.031,57.95,1829,20,683.6,0.5,36.78,0.83,78.8,57.4,18.61,0.1376666666666667,0.7313333333333333,3.723333333333333,0.206,Adidas,apparel,33.15,1830.0,1.0,0.369,0.809,0.916,0.861,real_sponsor_names_with_proxy_commercial_metrics,0.9383411482254695,1650,3,462.8,-0.05,24.41,0.599,74.7,50.9,8.73,0.2533333333333333,0.816,4.703333333333333,0.1769999999999999,Vivo,technology,18.25,73.14,0.507,0.422,0.764,0.653,0.613,real_sponsor_names_with_proxy_commercial_metrics,0.3902368726248783,179,220.8,17,4.099999999999994,0.55,-0.0846666666666666,-0.1156666666666666,0.9764150943396226,0.57355368118003,4.514,0.48,0.4300446719282459,0.19006666666666672,0.87793,0.4415066010133447,0.2,0.5993120406901703
830,2014,France,Germany,group_or_knockout,True,0.0,24.0,21.2,63.3,windy,57.82,126.82,B_win,Rio de Janeiro,Brazil,2014-07-04,0.3296,0.11,-0.002,0.042,51.27,1748,13,584.8,0.26,32.28,0.733,77.8,46.5,18.67,0.2083333333333333,0.8296666666666667,3.483333333333333,0.3613333333333333,Qatar Airways,airline,24.02,81.37,0.593,0.647,0.801,0.711,0.647,real_sponsor_names_with_proxy_commercial_metrics,0.5007849188790221,1798,20,646.1,0.4,35.62,0.797,81.3,65.9,22.15,0.2123333333333333,0.851,5.576666666666667,0.3273333333333333,Coca-Cola,beverage,29.19,300.0,1.0,0.286,0.859,0.907,0.902,real_sponsor_names_with_proxy_commercial_metrics,0.7215038709709707,-50,-61.30000000000007,-7,-3.5,-0.14,-0.0213333333333333,-0.004,0.8018213325687816,0.5909267892474267,3.174,0.48,0.3868609152942724,0.19313333333333332,0.7179599999999999,0.37351295225861697,0.2,0.46794646457909933
831,2014,Argentina,Belgium,group_or_knockout,True,0.0,63.1,11.9,70.0,clear,57.82,104.9,A_win,Brasília,Brazil,2014-07-05,0.22,1.84,0.176,0.217,46.39,1753,15,591.7,0.26,33.16,0.743,76.8,58.0,19.5,0.2623333333333333,0.8586666666666667,3.813333333333333,0.2106666666666666,Hyundai,automotive,30.74,590.0,1.0,0.338,0.813,0.936,0.851,real_sponsor_names_with_proxy_commercial_metrics,0.7681302767229082,1674,9,495.4,0.02,28.38,0.646,71.5,40.4,23.19,0.142,0.7919999999999999,3.7566666666666655,0.0076666666666666,Visa,finance,26.85,250.0,1.0,0.538,0.72,0.914,0.914,real_sponsor_names_with_proxy_commercial_metrics,0.6636131480729871,79,96.30000000000008,6,5.299999999999997,0.24,0.0666666666666667,0.1203333333333333,0.8112048561394937,0.5829905945584727,4.077,0.12,0.3706664771633161,0.2139333333333333,0.8831100000000001,0.5003710839934347,0.2,0.5485213283225336
832,2014,Netherlands,Costa Rica,group_or_knockout,True,0.0,78.3,21.0,72.0,clear,55.62,143.76,draw,Salvador,Brazil,2014-07-05,0.1571,3.7,0.074,0.046,44.22,1746,9,581.1,0.35,31.14,0.724,75.8,49.9,15.97,0.1103333333333333,0.742,2.733333333333333,0.1786666666666666,Hisense,technology,32.27,1070.0,1.0,0.505,0.811,0.856,0.664,real_sponsor_names_with_proxy_commercial_metrics,0.8192941476500228,1585,3,384.6,-0.19,21.98,0.529,73.1,26.3,15.16,0.1976666666666666,0.8413333333333334,2.26,0.2056666666666666,Visa,finance,31.23,250.0,1.0,0.397,0.677,0.885,0.896,real_sponsor_names_with_proxy_commercial_metrics,0.7111394737514839,161,196.5,6,2.700000000000003,0.54,-0.0993333333333333,-0.0873333333333333,0.7581498473599972,0.4759938682301446,4.049,0.12,0.3234953941941848,0.1694,0.8342200000000001,0.2723078569899379,0.2,0.517234757379283
833,2014,Brazil,Germany,group_or_knockout,False,0.18,43.3,21.0,46.9,rain,73.22,245.24,B_win,Belo Horizonte,Brazil,2014-07-08,0.2912,0.07,0.15,0.19,59.62,1829,20,683.6,0.5,36.78,0.83,78.8,57.4,18.61,0.1376666666666667,0.7313333333333333,3.723333333333333,0.206,Adidas,apparel,33.15,1830.0,1.0,0.369,0.809,0.916,0.861,real_sponsor_names_with_proxy_commercial_metrics,0.9383411482254695,1798,20,646.1,0.4,35.62,0.797,81.3,65.9,22.15,0.2123333333333333,0.851,5.576666666666667,0.3273333333333333,Coca-Cola,beverage,29.19,300.0,1.0,0.286,0.859,0.907,0.902,real_sponsor_names_with_proxy_commercial_metrics,0.7215038709709707,31,37.5,0,-2.5,0.0999999999999999,-0.1196666666666667,-0.0746666666666666,0.9764150943396226,0.6563625910226496,4.198,0.48,0.6021225318136544,0.19006666666666672,0.87793,0.3078510668664811,0.2,0.6569141074231855
834,2014,Netherlands,Argentina,group_or_knockout,True,0.0,53.1,22.1,32.1,clear,55.62,130.85,draw,São Paulo,Brazil,2014-07-09,0.11,1.67,0.191,0.182,43.48,1746,9,581.1,0.35,31.14,0.724,75.8,49.9,15.97,0.1103333333333333,0.742,2.733333333333333,0.1786666666666666,Hisense,technology,32.27,1070.0,1.0,0.505,0.811,0.856,0.664,real_sponsor_names_with_proxy_commercial_metrics,0.8192941476500228,1753,15,591.7,0.26,33.16,0.743,76.8,58.0,19.5,0.2623333333333333,0.8586666666666667,3.813333333333333,0.2106666666666666,Hyundai,automotive,30.74,590.0,1.0,0.338,0.813,0.936,0.851,real_sponsor_names_with_proxy_commercial_metrics,0.7681302767229082,-7,-10.600000000000025,-6,-1.0,0.0899999999999999,-0.1166666666666667,-0.152,0.7581498473599972,0.471499134136664,3.801,0.12,0.33203945259628026,0.1694,0.8342200000000001,0.0764900449582531,0.2,0.5176850435135275
835,2014,Brazil,Netherlands,group_or_knockout,False,0.18,48.2,19.6,49.5,clear,62.22,360.13,B_win,Brasília,Brazil,2014-07-12,0.146,1.92,0.146,0.101,55.86,1829,20,683.6,0.5,36.78,0.83,78.8,57.4,18.61,0.1376666666666667,0.7313333333333333,3.723333333333333,0.206,Adidas,apparel,33.15,1830.0,1.0,0.369,0.809,0.916,0.861,real_sponsor_names_with_proxy_commercial_metrics,0.9383411482254695,1746,9,581.1,0.35,31.14,0.724,75.8,49.9,15.97,0.1103333333333333,0.742,2.733333333333333,0.1786666666666666,Hisense,technology,32.27,1070.0,1.0,0.505,0.811,0.856,0.664,real_sponsor_names_with_proxy_commercial_metrics,0.8192941476500228,83,102.5,11,3.0,0.15,-0.0106666666666667,0.0273333333333333,0.9764150943396226,0.6469142869768792,4.249,0.12,0.55760593529556,0.19006666666666672,0.87793,0.21150181973881388,0.2,0.6453652629867509
836,2014,Germany,Argentina,group_or_knockout,True,0.0,46.4,20.3,72.2,clear,57.82,211.73,A_win,Rio de Janeiro,Brazil,2014-07-13,0.1962,2.94,0.184,0.066,51.56,1798,20,646.1,0.4,35.62,0.797,81.3,65.9,22.15,0.2123333333333333,0.851,5.576666666666667,0.3273333333333333,Coca-Cola,beverage,29.19,300.0,1.0,0.286,0.859,0.907,0.902,real_sponsor_names_with_proxy_commercial_metrics,0.7215038709709707,1753,15,591.7,0.26,33.16,0.743,76.8,58.0,19.5,0.2623333333333333,0.8586666666666667,3.813333333333333,0.2106666666666666,Hyundai,automotive,30.74,590.0,1.0,0.338,0.813,0.936,0.851,real_sponsor_names_with_proxy_commercial_metrics,0.7681302767229082,45,54.39999999999998,5,4.5,0.14,-0.0076666666666667,-0.05,0.9510351228677828,0.7174720395327472,4.171,0.12,0.4192554468784157,0.18699999999999997,0.90283,0.2913801470063512,0.2,0.5890803894778853
837,2018,Russia,Saudi Arabia,group_or_knockout,False,0.18,53.8,22.8,49.3,clear,68.08,280.31,A_win,Moscow,Russia,2018-06-14,0.1105,5.91,-0.046,0.019,63.64,1676,8,497.3,0.07,27.98,0.645,72.7,49.8,18.23,0.1086666666666666,0.8123333333333332,5.670000000000001,0.13,Hyundai,automotive,26.07,590.0,1.0,0.245,0.69,0.874,0.885,real_sponsor_names_with_proxy_commercial_metrics,0.6793986692072507,1543,3,334.4,-0.47,20.17,0.482,68.2,34.6,13.01,0.2876666666666667,0.8483333333333333,5.266666666666667,0.2613333333333333,Visa,finance,27.16,250.0,1.0,0.611,0.648,0.864,0.904,real_sponsor_names_with_proxy_commercial_metrics,0.6490998286575382,133,162.90000000000003,5,4.5,0.54,-0.036,-0.179,0.6134810916271758,0.6798189842731307,4.235,0.12,0.5191595296758759,0.14026666666666668,0.82105,0.16901912509812317,0.2,0.579767902141392
838,2018,Egypt,Uruguay,group_or_knockout,True,0.0,76.6,25.7,46.9,cloudy,59.28,211.65,B_win,Ekaterinburg,Russia,2018-06-15,0.0897,2.17,0.08,0.192,51.21,1408,1,169.0,-0.71,11.98,0.316,63.5,15.1,8.15,0.2326666666666666,0.6676666666666667,6.896666666666666,0.1536666666666666,Hyundai,automotive,30.54,590.0,1.0,0.558,0.597,0.912,0.85,real_sponsor_names_with_proxy_commercial_metrics,0.7276662892490042,1684,10,508.3,0.07,29.28,0.661,74.8,44.8,20.58,0.1356666666666666,0.8753333333333333,1.923333333333333,0.1913333333333333,Vivo,technology,19.75,76.46,0.542,0.306,0.797,0.741,0.63,real_sponsor_names_with_proxy_commercial_metrics,0.4351767440908576,-276,-339.3,-9,-11.299999999999995,-0.78,-0.2076666666666665,0.097,0.0646393014452089,0.4429637149313623,3.442,0.22,0.4271289410134563,0.2725333333333333,0.7862399999999998,0.2740822807393135,0.2,0.4938171378032337
839,2018,Morocco,Iran,group_or_knockout,True,0.0,81.9,21.2,28.9,cloudy,59.28,284.6,B_win,Saint Petersburg,Russia,2018-06-15,0.2774,1.35,0.208,0.136,47.58,1552,4,345.5,-0.26,21.17,0.496,69.2,34.3,12.67,0.2156666666666666,0.86,4.223333333333334,-0.0613333333333333,Mengniu,consumer_goods,19.44,62.12,0.391,0.28,0.668,0.598,0.65,real_sponsor_names_with_proxy_commercial_metrics,0.3643404839870979,1519,3,305.2,-0.44,19.13,0.455,68.7,30.6,12.34,0.1146666666666666,0.8703333333333333,3.7066666666666666,0.2463333333333333,Visa,finance,29.04,250.0,1.0,0.165,0.637,0.935,0.918,real_sponsor_names_with_proxy_commercial_metrics,0.6830613109122354,33,40.30000000000001,1,0.5,0.18,-0.0103333333333333,0.1009999999999999,0.3627181368394233,0.4966651815768486,3.411,0.22,0.5105733475744405,0.18539999999999995,0.59794,0.12087097694997503,0.2,0.4172102365133092
840,2018,Portugal,Spain,group_or_knockout,True,0.0,53.6,20.5,86.0,cloudy,70.28,161.12,draw,Sochi,Russia,2018-06-15,0.3301,8.57,0.16,0.123,56.62,1702,6,527.3,0.14,27.94,0.666,76.8,47.1,14.4,0.2406666666666666,0.7363333333333334,3.2266666666666666,0.0836666666666666,Mengniu,consumer_goods,17.76,59.99,0.368,0.468,0.8,0.643,0.574,real_sponsor_names_with_proxy_commercial_metrics,0.3588124240475937,1708,12,537.2,0.18,30.58,0.689,77.4,45.2,19.26,0.2126666666666666,0.84,4.25,0.077,Budweiser,beverage,27.85,350.0,1.0,0.321,0.724,0.933,0.612,real_sponsor_names_with_proxy_commercial_metrics,0.6704472243491213,-6,-9.900000000000093,-6,-0.6000000000000085,-0.0399999999999999,-0.1036666666666665,0.0279999999999999,0.6820304126224132,0.5127443446649426,3.414,0.22,0.5114035052889085,0.24986666666666663,0.64909,0.38580746449725256,0.2,0.42384469933538815
841,2018,France,Australia,group_or_knockout,True,0.0,82.8,23.6,71.2,rain,63.68,88.84,A_win,Kazan,Russia,2018-06-16,0.2643,1.89,0.268,0.156,53.85,1748,13,584.8,0.26,32.28,0.733,77.8,46.5,18.67,0.2083333333333333,0.8296666666666667,3.483333333333333,0.3613333333333333,Qatar Airways,airline,24.02,81.37,0.593,0.647,0.801,0.711,0.647,real_sponsor_names_with_proxy_commercial_metrics,0.5007849188790221,1539,3,329.7,-0.4,20.21,0.479,69.8,32.1,7.37,0.2113333333333333,0.8620000000000001,3.056666666666666,0.0496666666666666,Hyundai,automotive,29.32,590.0,1.0,0.218,0.705,0.903,0.913,real_sponsor_names_with_proxy_commercial_metrics,0.7316309656581901,209,255.1,10,8.0,0.66,-0.0323333333333334,-0.003,0.8018213325687816,0.6040461664538113,3.925,0.48,0.4058024355808141,0.19313333333333332,0.7179599999999999,0.42845800328266614,0.2,0.4754081942541953
842,2018,Argentina,Iceland,group_or_knockout,True,0.0,58.5,11.5,70.3,clear,61.48,155.06,draw,Moscow,Russia,2018-06-16,0.1068,2.4,0.256,0.234,54.96,1753,15,591.7,0.26,33.16,0.743,76.8,58.0,19.5,0.2623333333333333,0.8586666666666667,3.813333333333333,0.2106666666666666,Hyundai,automotive,30.74,590.0,1.0,0.338,0.813,0.936,0.851,real_sponsor_names_with_proxy_commercial_metrics,0.7681302767229082,1388,1,142.7,-0.67,8.65,0.277,64.1,13.5,5.97,0.1969999999999999,0.8216666666666667,5.133333333333334,0.4829999999999999,Adidas,apparel,32.31,1830.0,1.0,0.229,0.583,0.936,0.914,real_sponsor_names_with_proxy_commercial_metrics,0.8970924008350732,365,449.00000000000006,14,12.700000000000005,0.93,0.037,0.0653333333333333,0.8112048561394937,0.6169070547976389,4.005,0.12,0.4211181443776652,0.2139333333333333,0.8831100000000001,0.5120720045671876,0.2,0.56810827063237
843,2018,Peru,Denmark,group_or_knockout,True,0.0,80.8,25.9,73.5,clear,59.28,198.06,B_win,Saransk,Russia,2018-06-16,0.1661,2.05,0.144,0.124,49.4,1576,3,374.1,-0.28,21.13,0.516,66.6,39.7,14.92,0.2316666666666666,0.8953333333333333,3.016666666666667,0.1463333333333333,Hisense,technology,33.45,1070.0,1.0,0.314,0.647,0.931,0.617,real_sponsor_names_with_proxy_commercial_metrics,0.8155266737460563,1642,4,453.4,0.04,24.3,0.592,71.5,43.1,19.09,0.1573333333333333,0.8273333333333334,2.966666666666667,0.3496666666666666,Coca-Cola,beverage,33.85,300.0,1.0,0.685,0.715,0.895,0.825,real_sponsor_names_with_proxy_commercial_metrics,0.754749779112933,-66,-79.29999999999995,-1,-4.900000000000006,-0.32,0.0679999999999999,0.0743333333333333,0.3706351825344051,0.5259901836998595,3.828,0.12,0.4172919734299687,0.18086666666666662,0.7770400000000001,0.35422286448298,0.2,0.540395647821008
844,2018,Croatia,Nigeria,group_or_knockout,True,0.0,56.8,23.0,67.2,clear,61.48,183.3,A_win,Kaliningrad,Russia,2018-06-16,0.3092,2.22,0.1,0.102,56.04,1671,5,489.2,0.13,26.28,0.629,75.1,52.8,21.52,0.2903333333333333,0.7756666666666666,3.4933333333333336,0.102,Hisense,technology,28.53,1070.0,1.0,0.267,0.792,0.927,0.587,real_sponsor_names_with_proxy_commercial_metrics,0.7693425818880185,1585,3,384.6,-0.29,21.98,0.529,75.3,31.3,8.190000000000001,0.2983333333333333,0.916,1.92,-0.066,Coca-Cola,beverage,26.63,300.0,1.0,0.555,0.744,0.906,0.879,real_sponsor_names_with_proxy_commercial_metrics,0.6666248313049998,86,104.59999999999997,2,-0.2000000000000028,0.42,-0.1403333333333333,-0.008,0.6114873261612664,0.6177267389699435,4.148,0.12,0.4687501318616047,0.26393333333333335,0.8324399999999998,0.2515671162491972,0.2,0.5680613329370297
845,2018,Costa Rica,Serbia,group_or_knockout,True,0.0,59.7,23.2,54.1,clear,59.28,182.99,B_win,Samara,Russia,2018-06-17,0.2675,2.96,0.043,0.164,65.92,1585,3,384.6,-0.19,21.98,0.529,73.1,26.3,15.16,0.1976666666666666,0.8413333333333334,2.26,0.2056666666666666,Visa,finance,31.23,250.0,1.0,0.397,0.677,0.885,0.896,real_sponsor_names_with_proxy_commercial_metrics,0.7111394737514839,1559,2,352.7,-0.38,20.1,0.495,68.8,36.3,15.31,0.141,0.848,1.7433333333333334,0.1526666666666666,Vivo,technology,23.55,77.75,0.555,0.452,0.729,0.727,0.578,real_sponsor_names_with_proxy_commercial_metrics,0.4728882004869282,26,31.900000000000038,1,4.299999999999997,0.19,-0.0066666666666665,0.0566666666666666,0.445992633460652,0.5094360337180948,3.454,0.12,0.4846795537866526,0.1820666666666666,0.8199899999999999,0.20016449011632054,0.2,0.5301260738987532
846,2018,Germany,Mexico,group_or_knockout,True,0.0,62.8,28.8,55.4,clear,59.28,245.21,B_win,Moscow,Russia,2018-06-17,0.3756,4.73,0.082,0.155,51.82,1798,20,646.1,0.4,35.62,0.797,81.3,65.9,22.15,0.2123333333333333,0.851,5.576666666666667,0.3273333333333333,Coca-Cola,beverage,29.19,300.0,1.0,0.286,0.859,0.907,0.902,real_sponsor_names_with_proxy_commercial_metrics,0.7215038709709707,1612,10,421.9,-0.18,26.83,0.584,72.1,37.6,18.89,0.2446666666666666,0.7546666666666667,1.1233333333333333,0.211,Hyundai,automotive,28.5,590.0,1.0,0.636,0.712,0.897,0.88,real_sponsor_names_with_proxy_commercial_metrics,0.7185336170151837,186,224.20000000000005,10,9.200000000000005,0.5800000000000001,0.0963333333333332,-0.0323333333333333,0.9510351228677828,0.7356915450294319,4.154,0.12,0.5237016572025223,0.18699999999999997,0.90283,0.3514465139513309,0.2,0.6150710930817784
847,2018,Brazil,Switzerland,group_or_knockout,True,0.0,95.0,11.3,51.2,clear,61.48,195.52,draw,Rostov-on-Don,Russia,2018-06-17,0.5549,3.65,0.087,0.107,51.68,1829,20,683.6,0.5,36.78,0.83,78.8,57.4,18.61,0.1376666666666667,0.7313333333333333,3.723333333333333,0.206,Adidas,apparel,33.15,1830.0,1.0,0.369,0.809,0.916,0.861,real_sponsor_names_with_proxy_commercial_metrics,0.9383411482254695,1632,7,443.7,-0.12,26.09,0.595,72.7,48.1,17.05,0.1836666666666666,0.914,2.223333333333333,0.2486666666666666,Adidas,apparel,31.4,1830.0,1.0,0.14,0.774,0.888,0.845,real_sponsor_names_with_proxy_commercial_metrics,0.90423375782881,197,239.90000000000003,13,6.099999999999994,0.62,-0.1826666666666667,-0.0459999999999999,0.9764150943396226,0.5862772938195148,4.672,0.12,0.5363204401571648,0.19006666666666672,0.87793,0.4347434525083851,0.2,0.6241298058750098
848,2018,Sweden,South Korea,group_or_knockout,True,0.0,69.1,11.2,96.0,clear,59.28,211.87,A_win,Nizhny Novgorod,Russia,2018-06-18,0.2005,5.06,0.072,0.051,60.43,1654,9,471.1,0.0,27.67,0.624,74.4,39.2,19.34,0.1766666666666666,0.6789999999999999,3.783333333333333,0.1453333333333333,Budweiser,beverage,26.29,350.0,1.0,0.625,0.705,0.91,0.618,real_sponsor_names_with_proxy_commercial_metrics,0.6436681220526703,1548,6,343.4,-0.37,22.9,0.505,70.3,20.2,12.829999999999998,0.151,0.8606666666666666,2.8866666666666667,0.2443333333333333,McDonald's,restaurant,25.44,80.72,0.587,0.49,0.67,0.723,0.661,real_sponsor_names_with_proxy_commercial_metrics,0.5004808180408472,106,127.70000000000005,3,4.1000000000000085,0.37,-0.1816666666666666,0.0256666666666666,0.6002235585615322,0.5735940050987136,4.053,0.12,0.4465484992571864,0.2344,0.7963,0.6309248554913295,0.2,0.5178143705717181
849,2018,Belgium,Panama,group_or_knockout,True,0.0,48.8,24.6,66.9,clear,63.68,139.88,A_win,Sochi,Russia,2018-06-18,0.2005,4.99,0.046,0.147,60.92,1674,9,495.4,0.02,28.38,0.646,71.5,40.4,23.19,0.142,0.7919999999999999,3.7566666666666655,0.0076666666666666,Visa,finance,26.85,250.0,1.0,0.538,0.72,0.914,0.914,real_sponsor_names_with_proxy_commercial_metrics,0.6636131480729871,1388,1,142.7,-1.0,8.65,0.277,60.1,12.9,4.46,0.146,0.6433333333333334,2.8366666666666664,0.476,Qatar Airways,airline,19.76,61.75,0.387,0.348,0.609,0.68,0.597,real_sponsor_names_with_proxy_commercial_metrics,0.3654310756313898,286,352.7,8,11.4,1.02,0.1486666666666665,-0.004,0.6045045124588039,0.6324017336259583,3.888,0.12,0.44114444079442605,0.16840000000000002,0.8480000000000001,0.2918893170627275,0.2,0.5491845291116705
850,2018,Tunisia,England,group_or_knockout,True,0.0,70.6,23.0,50.6,rain,63.68,133.91,B_win,Volgograd,Russia,2018-06-18,0.2658,3.24,0.152,0.149,50.75,1519,3,305.2,-0.39,19.13,0.455,66.6,27.6,11.21,0.2033333333333333,0.8946666666666667,3.3266666666666667,0.1976666666666666,Hyundai,automotive,28.75,590.0,1.0,0.7,0.649,0.867,0.833,real_sponsor_names_with_proxy_commercial_metrics,0.7046561013575636,1695,13,522.2,0.16,30.51,0.678,76.6,52.6,19.34,0.28,0.7986666666666666,2.61,0.1863333333333333,McDonald's,restaurant,20.29,74.13,0.517,0.758,0.819,0.654,0.569,real_sponsor_names_with_proxy_commercial_metrics,0.4256813568338741,-176,-217.00000000000009,-10,-10.0,-0.55,0.096,-0.0766666666666666,0.2806268442018452,0.47571685369579,3.594,0.48,0.4302193160025487,0.1641333333333333,0.79428,0.3238387211874688,0.2,0.5057132465611461
851,2018,Colombia,Japan,group_or_knockout,True,0.0,53.3,24.0,65.4,cloudy,63.68,285.95,B_win,Saransk,Russia,2018-06-19,0.1291,3.59,0.255,0.112,67.73,1650,3,462.8,-0.05,24.41,0.599,74.7,50.9,8.73,0.2533333333333333,0.816,4.703333333333333,0.1769999999999999,Vivo,technology,18.25,73.14,0.507,0.422,0.764,0.653,0.613,real_sponsor_names_with_proxy_commercial_metrics,0.3902368726248783,1586,4,387.4,-0.2,22.68,0.535,72.8,37.0,11.9,0.25,0.7706666666666667,4.593333333333333,0.3566666666666667,Adidas,apparel,29.47,1830.0,1.0,0.558,0.648,0.855,0.917,real_sponsor_names_with_proxy_commercial_metrics,0.8586337787056367,64,75.40000000000003,-1,1.9000000000000057,0.15,0.0453333333333332,0.0033333333333333,0.5635569682915822,0.4925164900445768,3.365,0.22,0.5377433470376628,0.2256,0.6673399999999999,0.30980089916506104,0.2,0.4350017360499849
852,2018,Poland,Senegal,group_or_knockout,True,0.0,51.6,20.2,41.8,windy,63.68,187.19,B_win,Moscow,Russia,2018-06-19,0.3623,5.13,0.194,0.097,66.07,1685,6,506.6,0.05,27.64,0.65,72.7,42.5,15.85,0.2053333333333333,0.815,3.9733333333333327,0.268,Coca-Cola,beverage,28.97,300.0,1.0,0.581,0.749,0.899,0.847,real_sponsor_names_with_proxy_commercial_metrics,0.6960284847496763,1638,2,445.8,0.08,21.81,0.572,72.8,30.1,9.94,0.1993333333333333,0.7706666666666666,2.3433333333333333,0.2143333333333333,Budweiser,beverage,31.49,350.0,1.0,0.344,0.754,0.934,0.653,real_sponsor_names_with_proxy_commercial_metrics,0.7276417963741734,47,60.80000000000001,4,-0.0999999999999943,-0.03,0.0443333333333333,0.006,0.616436840876696,0.5803197291838297,3.65,0.48,0.5215544200971876,0.1972,0.84638,0.3066232783843573,0.2,0.5565084445308323
853,2018,Russia,Egypt,group_or_knockout,False,0.18,69.8,27.0,82.1,rain,65.88,158.12,A_win,Saint Petersburg,Russia,2018-06-19,0.1668,0.47,0.094,0.063,74.56,1676,8,497.3,0.07,27.98,0.645,72.7,49.8,18.23,0.1086666666666666,0.8123333333333332,5.670000000000001,0.13,Hyundai,automotive,26.07,590.0,1.0,0.245,0.69,0.874,0.885,real_sponsor_names_with_proxy_commercial_metrics,0.6793986692072507,1408,1,169.0,-0.71,11.98,0.316,63.5,15.1,8.15,0.2326666666666666,0.6676666666666667,6.896666666666666,0.1536666666666666,Hyundai,automotive,30.54,590.0,1.0,0.558,0.597,0.912,0.85,real_sponsor_names_with_proxy_commercial_metrics,0.7276662892490042,268,328.3,7,9.200000000000005,0.78,0.1446666666666665,-0.124,0.6134810916271758,0.6273877619703739,4.255,0.48,0.47027002639337157,0.14026666666666668,0.82105,0.5639960750731463,0.2,0.5553092592401192
854,2018,Portugal,Morocco,group_or_knockout,True,0.0,58.4,28.6,47.4,cloudy,59.28,142.35,A_win,Moscow,Russia,2018-06-20,0.1755,8.05,0.201,0.106,66.26,1702,6,527.3,0.14,27.94,0.666,76.8,47.1,14.4,0.2406666666666666,0.7363333333333334,3.2266666666666666,0.0836666666666666,Mengniu,consumer_goods,17.76,59.99,0.368,0.468,0.8,0.643,0.574,real_sponsor_names_with_proxy_commercial_metrics,0.3588124240475937,1552,4,345.5,-0.26,21.17,0.496,69.2,34.3,12.67,0.2156666666666666,0.86,4.223333333333334,-0.0613333333333333,Mengniu,consumer_goods,19.44,62.12,0.391,0.28,0.668,0.598,0.65,real_sponsor_names_with_proxy_commercial_metrics,0.3643404839870979,150,181.79999999999995,2,7.599999999999994,0.4,-0.1236666666666665,0.0249999999999999,0.6820304126224132,0.4567610941486352,3.473,0.22,0.4159018587568673,0.24986666666666663,0.64909,0.3516763005780348,0.2,0.38906905988441376
855,2018,Uruguay,Saudi Arabia,group_or_knockout,True,0.0,61.6,25.9,66.0,clear,59.28,141.25,A_win,Rostov-on-Don,Russia,2018-06-20,0.2897,1.72,0.147,0.057,58.71,1684,10,508.3,0.07,29.28,0.661,74.8,44.8,20.58,0.1356666666666666,0.8753333333333333,1.923333333333333,0.1913333333333333,Vivo,technology,19.75,76.46,0.542,0.306,0.797,0.741,0.63,real_sponsor_names_with_proxy_commercial_metrics,0.4351767440908576,1543,3,334.4,-0.47,20.17,0.482,68.2,34.6,13.01,0.2876666666666667,0.8483333333333333,5.266666666666667,0.2613333333333333,Visa,finance,27.16,250.0,1.0,0.611,0.648,0.864,0.904,real_sponsor_names_with_proxy_commercial_metrics,0.6490998286575382,141,173.90000000000003,7,6.599999999999994,0.54,0.027,-0.152,0.6570661125383135,0.5846441137790805,3.76,0.12,0.4162261978584608,0.13126666666666664,0.71205,0.32181545707557263,0.2,0.45919901001164054
856,2018,Iran,Spain,group_or_knockout,True,0.0,58.2,21.4,75.1,cloudy,59.28,138.9,B_win,Kazan,Russia,2018-06-20,0.1906,2.06,0.116,0.076,60.88,1519,3,305.2,-0.44,19.13,0.455,68.7,30.6,12.34,0.1146666666666666,0.8703333333333333,3.7066666666666666,0.2463333333333333,Visa,finance,29.04,250.0,1.0,0.165,0.637,0.935,0.918,real_sponsor_names_with_proxy_commercial_metrics,0.6830613109122354,1708,12,537.2,0.18,30.58,0.689,77.4,45.2,19.26,0.2126666666666666,0.84,4.25,0.077,Budweiser,beverage,27.85,350.0,1.0,0.321,0.724,0.933,0.612,real_sponsor_names_with_proxy_commercial_metrics,0.6704472243491213,-189,-232.00000000000009,-9,-8.700000000000003,-0.62,0.0303333333333333,-0.0979999999999999,0.3004381649565623,0.4874085767582061,3.38,0.22,0.3969902509257228,0.12066666666666664,0.8189899999999999,0.3152982944408763,0.2,0.5032257662963787
857,2018,Denmark,Australia,group_or_knockout,True,0.0,62.4,10.4,64.2,clear,61.48,122.66,draw,Samara,Russia,2018-06-21,0.2262,0.26,0.111,0.085,57.02,1642,4,453.4,0.04,24.3,0.592,71.5,43.1,19.09,0.1573333333333333,0.8273333333333334,2.966666666666667,0.3496666666666666,Coca-Cola,beverage,33.85,300.0,1.0,0.685,0.715,0.895,0.825,real_sponsor_names_with_proxy_commercial_metrics,0.754749779112933,1539,3,329.7,-0.4,20.21,0.479,69.8,32.1,7.37,0.2113333333333333,0.8620000000000001,3.056666666666666,0.0496666666666666,Hyundai,automotive,29.32,590.0,1.0,0.218,0.705,0.903,0.913,real_sponsor_names_with_proxy_commercial_metrics,0.7316309656581901,103,123.7,1,1.7000000000000028,0.44,-0.0346666666666667,-0.0539999999999999,0.526123570801118,0.6006308042521775,3.656,0.12,0.39918710363253834,0.16346666666666662,0.8277999999999999,0.5143266966388353,0.2,0.5512379929042213
858,2018,France,Peru,group_or_knockout,True,0.0,63.5,27.6,59.5,cloudy,59.28,111.29,A_win,Ekaterinburg,Russia,2018-06-21,0.1871,0.32,0.104,0.098,65.2,1748,13,584.8,0.26,32.28,0.733,77.8,46.5,18.67,0.2083333333333333,0.8296666666666667,3.483333333333333,0.3613333333333333,Qatar Airways,airline,24.02,81.37,0.593,0.647,0.801,0.711,0.647,real_sponsor_names_with_proxy_commercial_metrics,0.5007849188790221,1576,3,374.1,-0.28,21.13,0.516,66.6,39.7,14.92,0.2316666666666666,0.8953333333333333,3.016666666666667,0.1463333333333333,Hisense,technology,33.45,1070.0,1.0,0.314,0.647,0.931,0.617,real_sponsor_names_with_proxy_commercial_metrics,0.8155266737460563,172,210.69999999999996,10,11.200000000000005,0.54,-0.0656666666666666,-0.0233333333333333,0.8018213325687816,0.5920830168261029,3.747,0.22,0.39158236695943704,0.19313333333333332,0.7179599999999999,0.377948690501677,0.2,0.46921449863416154
859,2018,Argentina,Croatia,group_or_knockout,True,0.0,32.8,30.3,58.2,clear,63.68,172.31,B_win,Nizhny Novgorod,Russia,2018-06-21,0.0939,4.85,0.172,0.217,62.34,1753,15,591.7,0.26,33.16,0.743,76.8,58.0,19.5,0.2623333333333333,0.8586666666666667,3.813333333333333,0.2106666666666666,Hyundai,automotive,30.74,590.0,1.0,0.338,0.813,0.936,0.851,real_sponsor_names_with_proxy_commercial_metrics,0.7681302767229082,1671,5,489.2,0.13,26.28,0.629,75.1,52.8,21.52,0.2903333333333333,0.7756666666666666,3.4933333333333336,0.102,Hisense,technology,28.53,1070.0,1.0,0.267,0.792,0.927,0.587,real_sponsor_names_with_proxy_commercial_metrics,0.7693425818880185,82,102.50000000000006,10,1.7000000000000028,0.13,0.083,-0.0279999999999999,0.8112048561394937,0.6328024602320866,3.714,0.12,0.4560759231613217,0.2139333333333333,0.8831100000000001,0.4025626204238921,0.2,0.5795505399107467
860,2018,Brazil,Costa Rica,group_or_knockout,True,0.0,66.7,26.9,57.1,cloudy,61.48,148.81,A_win,Saint Petersburg,Russia,2018-06-22,0.2466,7.57,0.131,0.125,55.16,1829,20,683.6,0.5,36.78,0.83,78.8,57.4,18.61,0.1376666666666667,0.7313333333333333,3.723333333333333,0.206,Adidas,apparel,33.15,1830.0,1.0,0.369,0.809,0.916,0.861,real_sponsor_names_with_proxy_commercial_metrics,0.9383411482254695,1585,3,384.6,-0.19,21.98,0.529,73.1,26.3,15.16,0.1976666666666666,0.8413333333333334,2.26,0.2056666666666666,Visa,finance,31.23,250.0,1.0,0.397,0.677,0.885,0.896,real_sponsor_names_with_proxy_commercial_metrics,0.7111394737514839,244,299.0,17,5.700000000000003,0.69,-0.1100000000000001,-0.0599999999999999,0.9764150943396226,0.5700147818515453,4.442,0.22,0.42929494126868506,0.19006666666666672,0.87793,0.34937022764575754,0.2,0.5981712027462824
861,2018,Nigeria,Iceland,group_or_knockout,True,0.0,45.2,17.7,48.8,clear,61.48,239.54,A_win,Volgograd,Russia,2018-06-22,0.1049,1.61,0.061,0.084,48.16,1585,3,384.6,-0.29,21.98,0.529,75.3,31.3,8.190000000000001,0.2983333333333333,0.916,1.92,-0.066,Coca-Cola,beverage,26.63,300.0,1.0,0.555,0.744,0.906,0.879,real_sponsor_names_with_proxy_commercial_metrics,0.6666248313049998,1388,1,142.7,-0.67,8.65,0.277,64.1,13.5,5.97,0.1969999999999999,0.8216666666666667,5.133333333333334,0.4829999999999999,Adidas,apparel,32.31,1830.0,1.0,0.229,0.583,0.936,0.914,real_sponsor_names_with_proxy_commercial_metrics,0.8970924008350732,197,241.90000000000003,2,11.200000000000005,0.38,0.0943333333333332,0.1013333333333333,0.4667473504417841,0.3826553551218455,3.566,0.12,0.4299572594996972,0.21259999999999996,0.85083,0.25789909369870834,0.2,0.47548511084725614
862,2018,Serbia,Switzerland,group_or_knockout,True,0.0,39.3,27.0,50.8,rain,63.68,197.54,B_win,Kaliningrad,Russia,2018-06-22,0.3859,3.53,0.058,0.142,63.11,1559,2,352.7,-0.38,20.1,0.495,68.8,36.3,15.31,0.141,0.848,1.7433333333333334,0.1526666666666666,Vivo,technology,23.55,77.75,0.555,0.452,0.729,0.727,0.578,real_sponsor_names_with_proxy_commercial_metrics,0.4728882004869282,1632,7,443.7,-0.12,26.09,0.595,72.7,48.1,17.05,0.1836666666666666,0.914,2.223333333333333,0.2486666666666666,Adidas,apparel,31.4,1830.0,1.0,0.14,0.774,0.888,0.845,real_sponsor_names_with_proxy_commercial_metrics,0.90423375782881,-73,-91.0,-5,-3.9000000000000057,-0.26,-0.066,-0.0426666666666666,0.358888880308777,0.5190044458260239,3.053,0.48,0.5393583216049439,0.1454,0.67453,0.42874916149289943,0.2,0.46839627726913824
863,2018,Belgium,Tunisia,group_or_knockout,True,0.0,57.2,28.2,81.7,hot,72.48,223.1,A_win,Moscow,Russia,2018-06-23,0.4199,3.26,0.144,0.15,70.24,1674,9,495.4,0.02,28.38,0.646,71.5,40.4,23.19,0.142,0.7919999999999999,3.7566666666666655,0.0076666666666666,Visa,finance,26.85,250.0,1.0,0.538,0.72,0.914,0.914,real_sponsor_names_with_proxy_commercial_metrics,0.6636131480729871,1519,3,305.2,-0.39,19.13,0.455,66.6,27.6,11.21,0.2033333333333333,0.8946666666666667,3.3266666666666667,0.1976666666666666,Hyundai,automotive,28.75,590.0,1.0,0.7,0.649,0.867,0.833,real_sponsor_names_with_proxy_commercial_metrics,0.7046561013575636,155,190.2,6,4.900000000000006,0.41,-0.1026666666666668,-0.0613333333333333,0.6045045124588039,0.700934177889644,4.116,0.62,0.633965161943526,0.16840000000000002,0.8480000000000001,0.6494815528437878,0.2,0.6069377577353224
864,2018,South Korea,Mexico,group_or_knockout,True,0.0,59.1,32.4,56.3,rain,63.68,147.79,B_win,Rostov-on-Don,Russia,2018-06-23,0.1959,4.9,0.154,0.161,68.28,1548,6,343.4,-0.37,22.9,0.505,70.3,20.2,12.829999999999998,0.151,0.8606666666666666,2.8866666666666667,0.2443333333333333,McDonald's,restaurant,25.44,80.72,0.587,0.49,0.67,0.723,0.661,real_sponsor_names_with_proxy_commercial_metrics,0.5004808180408472,1612,10,421.9,-0.18,26.83,0.584,72.1,37.6,18.89,0.2446666666666666,0.7546666666666667,1.1233333333333333,0.211,Hyundai,automotive,28.5,590.0,1.0,0.636,0.712,0.897,0.88,real_sponsor_names_with_proxy_commercial_metrics,0.7185336170151837,-64,-78.5,-4,-1.7999999999999972,-0.19,0.1059999999999998,-0.0936666666666666,0.3785695739184261,0.5005534170891087,3.166,0.48,0.4672696945690423,0.14633333333333337,0.6669599999999999,0.5929770213373295,0.2,0.45431869202856223
865,2018,Germany,Sweden,group_or_knockout,True,0.0,49.0,17.7,45.4,cloudy,63.68,175.91,A_win,Sochi,Russia,2018-06-23,0.3556,7.46,0.095,0.145,53.96,1798,20,646.1,0.4,35.62,0.797,81.3,65.9,22.15,0.2123333333333333,0.851,5.576666666666667,0.3273333333333333,Coca-Cola,beverage,29.19,300.0,1.0,0.286,0.859,0.907,0.902,real_sponsor_names_with_proxy_commercial_metrics,0.7215038709709707,1654,9,471.1,0.0,27.67,0.624,74.4,39.2,19.34,0.1766666666666666,0.6789999999999999,3.783333333333333,0.1453333333333333,Budweiser,beverage,26.29,350.0,1.0,0.625,0.705,0.91,0.618,real_sponsor_names_with_proxy_commercial_metrics,0.6436681220526703,144,175.0,11,6.899999999999992,0.4,0.172,0.0356666666666666,0.9510351228677828,0.7313434404139513,4.206,0.22,0.49311954205801684,0.18699999999999997,0.90283,0.283207735674017,0.2,0.6077372007605428
866,2018,England,Panama,group_or_knockout,True,0.0,68.8,21.6,49.7,cloudy,72.48,229.15,A_win,Nizhny Novgorod,Russia,2018-06-24,0.146,5.99,0.029,0.087,77.81,1695,13,522.2,0.16,30.51,0.678,76.6,52.6,19.34,0.28,0.7986666666666666,2.61,0.1863333333333333,McDonald's,restaurant,20.29,74.13,0.517,0.758,0.819,0.654,0.569,real_sponsor_names_with_proxy_commercial_metrics,0.4256813568338741,1388,1,142.7,-1.0,8.65,0.277,60.1,12.9,4.46,0.146,0.6433333333333334,2.8366666666666664,0.476,Qatar Airways,airline,19.76,61.75,0.387,0.348,0.609,0.68,0.597,real_sponsor_names_with_proxy_commercial_metrics,0.3654310756313898,307,379.50000000000006,12,16.499999999999993,1.16,0.1553333333333332,0.134,0.7074856858162286,0.6494692264046144,3.93,0.22,0.5659558006590953,0.24853333333333336,0.68589,0.2003428958823949,0.2,0.49431866916524086
867,2018,Japan,Senegal,group_or_knockout,True,0.0,40.6,27.5,75.6,clear,65.88,230.07,draw,Ekaterinburg,Russia,2018-06-24,0.1934,2.3,0.22,0.297,51.75,1586,4,387.4,-0.2,22.68,0.535,72.8,37.0,11.9,0.25,0.7706666666666667,4.593333333333333,0.3566666666666667,Adidas,apparel,29.47,1830.0,1.0,0.558,0.648,0.855,0.917,real_sponsor_names_with_proxy_commercial_metrics,0.8586337787056367,1638,2,445.8,0.08,21.81,0.572,72.8,30.1,9.94,0.1993333333333333,0.7706666666666666,2.3433333333333333,0.2143333333333333,Budweiser,beverage,31.49,350.0,1.0,0.344,0.754,0.934,0.653,real_sponsor_names_with_proxy_commercial_metrics,0.7276417963741734,-52,-58.400000000000034,2,0.0,-0.28,1.1102230246251563e-16,0.0506666666666666,0.4507401502367096,0.556576479338764,3.875,0.12,0.5313367543011294,0.2417333333333333,0.8034600000000001,0.4049154356668807,0.2,0.5821612719644327
868,2018,Poland,Colombia,group_or_knockout,True,0.0,52.7,23.3,68.8,rain,63.68,177.25,B_win,Kazan,Russia,2018-06-24,0.2395,3.91,0.203,0.21,63.13,1685,6,506.6,0.05,27.64,0.65,72.7,42.5,15.85,0.2053333333333333,0.815,3.9733333333333327,0.268,Coca-Cola,beverage,28.97,300.0,1.0,0.581,0.749,0.899,0.847,real_sponsor_names_with_proxy_commercial_metrics,0.6960284847496763,1650,3,462.8,-0.05,24.41,0.599,74.7,50.9,8.73,0.2533333333333333,0.816,4.703333333333333,0.1769999999999999,Vivo,technology,18.25,73.14,0.507,0.422,0.764,0.653,0.613,real_sponsor_names_with_proxy_commercial_metrics,0.3902368726248783,35,43.80000000000001,3,-2.0,0.1,-0.001,-0.048,0.616436840876696,0.5768590276432257,3.65,0.48,0.5003209268523225,0.1972,0.84638,0.41028416470420326,0.2,0.5512927494504901
869,2018,Russia,Uruguay,group_or_knockout,False,0.18,50.4,16.3,67.0,cloudy,63.68,246.17,B_win,Samara,Russia,2018-06-25,0.1321,4.12,-0.039,0.001,58.77,1676,8,497.3,0.07,27.98,0.645,72.7,49.8,18.23,0.1086666666666666,0.8123333333333332,5.670000000000001,0.13,Hyundai,automotive,26.07,590.0,1.0,0.245,0.69,0.874,0.885,real_sponsor_names_with_proxy_commercial_metrics,0.6793986692072507,1684,10,508.3,0.07,29.28,0.661,74.8,44.8,20.58,0.1356666666666666,0.8753333333333333,1.923333333333333,0.1913333333333333,Vivo,technology,19.75,76.46,0.542,0.306,0.797,0.741,0.63,real_sponsor_names_with_proxy_commercial_metrics,0.4351767440908576,-8,-11.0,-2,-2.0999999999999943,0.0,-0.063,-0.027,0.6134810916271758,0.6481535106833717,3.933,0.22,0.4601345786389259,0.14026666666666668,0.82105,0.4129572539784485,0.2,0.5590965793288695
870,2018,Saudi Arabia,Egypt,group_or_knockout,True,0.0,57.4,25.5,53.9,clear,63.68,182.38,A_win,Volgograd,Russia,2018-06-25,0.0732,2.76,0.227,0.18,57.27,1543,3,334.4,-0.47,20.17,0.482,68.2,34.6,13.01,0.2876666666666667,0.8483333333333333,5.266666666666667,0.2613333333333333,Visa,finance,27.16,250.0,1.0,0.611,0.648,0.864,0.904,real_sponsor_names_with_proxy_commercial_metrics,0.6490998286575382,1408,1,169.0,-0.71,11.98,0.316,63.5,15.1,8.15,0.2326666666666666,0.6676666666666667,6.896666666666666,0.1536666666666666,Hyundai,automotive,30.54,590.0,1.0,0.558,0.597,0.912,0.85,real_sponsor_names_with_proxy_commercial_metrics,0.7276662892490042,135,165.39999999999998,2,4.700000000000003,0.24,0.1806666666666665,0.055,0.3337070048861339,0.5612347612741442,3.72,0.12,0.43631615591249984,0.2332666666666667,0.80376,0.2591268821808321,0.2,0.5147233232170695
871,2018,Spain,Morocco,group_or_knockout,True,0.0,61.6,26.5,67.2,clear,65.88,235.06,draw,Kaliningrad,Russia,2018-06-25,0.2738,0.5,0.103,0.092,61.66,1708,12,537.2,0.18,30.58,0.689,77.4,45.2,19.26,0.2126666666666666,0.84,4.25,0.077,Budweiser,beverage,27.85,350.0,1.0,0.321,0.724,0.933,0.612,real_sponsor_names_with_proxy_commercial_metrics,0.6704472243491213,1552,4,345.5,-0.26,21.17,0.496,69.2,34.3,12.67,0.2156666666666666,0.86,4.223333333333334,-0.0613333333333333,Mengniu,consumer_goods,19.44,62.12,0.391,0.28,0.668,0.598,0.65,real_sponsor_names_with_proxy_commercial_metrics,0.3643404839870979,156,191.70000000000005,8,8.200000000000003,0.44,-0.02,-0.003,0.7299678934836586,0.6410620406865613,4.032,0.12,0.532049742767453,0.19159999999999994,0.80913,0.34260757867694286,0.2,0.564596853789517
872,2018,Iran,Portugal,group_or_knockout,True,0.0,44.9,23.5,47.7,windy,61.48,153.17,draw,Saransk,Russia,2018-06-25,0.2399,1.12,0.135,0.159,52.9,1519,3,305.2,-0.44,19.13,0.455,68.7,30.6,12.34,0.1146666666666666,0.8703333333333333,3.7066666666666666,0.2463333333333333,Visa,finance,29.04,250.0,1.0,0.165,0.637,0.935,0.918,real_sponsor_names_with_proxy_commercial_metrics,0.6830613109122354,1702,6,527.3,0.14,27.94,0.666,76.8,47.1,14.4,0.2406666666666666,0.7363333333333334,3.2266666666666666,0.0836666666666666,Mengniu,consumer_goods,17.76,59.99,0.368,0.468,0.8,0.643,0.574,real_sponsor_names_with_proxy_commercial_metrics,0.3588124240475937,-183,-222.1,-3,-8.099999999999994,-0.5800000000000001,0.1339999999999999,-0.126,0.3004381649565623,0.5022664680486902,3.381,0.48,0.43333247017868665,0.12066666666666664,0.8189899999999999,0.3243136373367587,0.2,0.514654419708307
873,2018,Australia,Peru,group_or_knockout,True,0.0,67.4,24.3,53.8,cloudy,61.48,105.76,B_win,Sochi,Russia,2018-06-26,0.2947,5.21,0.211,0.116,52.01,1539,3,329.7,-0.4,20.21,0.479,69.8,32.1,7.37,0.2113333333333333,0.8620000000000001,3.056666666666666,0.0496666666666666,Hyundai,automotive,29.32,590.0,1.0,0.218,0.705,0.903,0.913,real_sponsor_names_with_proxy_commercial_metrics,0.7316309656581901,1576,3,374.1,-0.28,21.13,0.516,66.6,39.7,14.92,0.2316666666666666,0.8953333333333333,3.016666666666667,0.1463333333333333,Hisense,technology,33.45,1070.0,1.0,0.314,0.647,0.931,0.617,real_sponsor_names_with_proxy_commercial_metrics,0.8155266737460563,-37,-44.400000000000034,0,3.200000000000003,-0.12,-0.0333333333333332,-0.0203333333333333,0.3425474064388163,0.3528646312158523,3.423,0.22,0.4008196871285892,0.18199999999999994,0.8387999999999999,0.26748091058303003,0.2,0.4770694659241221
874,2018,Denmark,France,group_or_knockout,True,0.0,58.8,21.4,73.5,cloudy,57.08,175.84,draw,Moscow,Russia,2018-06-26,0.3031,5.43,0.252,0.148,61.07,1642,4,453.4,0.04,24.3,0.592,71.5,43.1,19.09,0.1573333333333333,0.8273333333333334,2.966666666666667,0.3496666666666666,Coca-Cola,beverage,33.85,300.0,1.0,0.685,0.715,0.895,0.825,real_sponsor_names_with_proxy_commercial_metrics,0.754749779112933,1748,13,584.8,0.26,32.28,0.733,77.8,46.5,18.67,0.2083333333333333,0.8296666666666667,3.483333333333333,0.3613333333333333,Qatar Airways,airline,24.02,81.37,0.593,0.647,0.801,0.711,0.647,real_sponsor_names_with_proxy_commercial_metrics,0.5007849188790221,-106,-131.39999999999998,-9,-6.299999999999997,-0.22,-0.0023333333333332,-0.0509999999999999,0.526123570801118,0.5993665840352098,3.649,0.22,0.46172350643887117,0.16346666666666662,0.8277999999999999,0.30838471419396274,0.2,0.5633912918047368
875,2018,Nigeria,Argentina,group_or_knockout,True,0.0,33.4,31.9,72.0,cloudy,63.68,222.95,B_win,Saint Petersburg,Russia,2018-06-26,0.2433,2.36,0.2,0.184,54.89,1585,3,384.6,-0.29,21.98,0.529,75.3,31.3,8.190000000000001,0.2983333333333333,0.916,1.92,-0.066,Coca-Cola,beverage,26.63,300.0,1.0,0.555,0.744,0.906,0.879,real_sponsor_names_with_proxy_commercial_metrics,0.6666248313049998,1753,15,591.7,0.26,33.16,0.743,76.8,58.0,19.5,0.2623333333333333,0.8586666666666667,3.813333333333333,0.2106666666666666,Hyundai,automotive,30.74,590.0,1.0,0.338,0.813,0.936,0.851,real_sponsor_names_with_proxy_commercial_metrics,0.7681302767229082,-168,-207.1,-12,-1.5,-0.55,0.0573333333333332,0.0359999999999999,0.4667473504417841,0.3867690563174563,3.249,0.22,0.5085571196391184,0.21259999999999996,0.85083,0.5438107471633483,0.2,0.4923569192099114
876,2018,Iceland,Croatia,group_or_knockout,True,0.0,32.5,17.6,42.3,clear,63.68,213.78,B_win,Rostov-on-Don,Russia,2018-06-26,0.4928,3.35,0.139,0.21,66.57,1388,1,142.7,-0.67,8.65,0.277,64.1,13.5,5.97,0.1969999999999999,0.8216666666666667,5.133333333333334,0.4829999999999999,Adidas,apparel,32.31,1830.0,1.0,0.229,0.583,0.936,0.914,real_sponsor_names_with_proxy_commercial_metrics,0.8970924008350732,1671,5,489.2,0.13,26.28,0.629,75.1,52.8,21.52,0.2903333333333333,0.7756666666666666,3.4933333333333336,0.102,Hisense,technology,28.53,1070.0,1.0,0.267,0.792,0.927,0.587,real_sponsor_names_with_proxy_commercial_metrics,0.7693425818880185,-283,-346.5,-4,-11.0,-0.8,0.046,-0.0933333333333333,0.0377358490566037,0.4845615661619309,3.343,0.12,0.6060090661213119,0.18953333333333328,0.79596,0.23241383001498606,0.2,0.5882436279500206
877,2018,South Korea,Germany,group_or_knockout,True,0.0,57.8,19.5,44.3,cloudy,61.48,197.73,A_win,Kazan,Russia,2018-06-27,0.1245,5.31,0.01,0.093,63.7,1548,6,343.4,-0.37,22.9,0.505,70.3,20.2,12.829999999999998,0.151,0.8606666666666666,2.8866666666666667,0.2443333333333333,McDonald's,restaurant,25.44,80.72,0.587,0.49,0.67,0.723,0.661,real_sponsor_names_with_proxy_commercial_metrics,0.5004808180408472,1798,20,646.1,0.4,35.62,0.797,81.3,65.9,22.15,0.2123333333333333,0.851,5.576666666666667,0.3273333333333333,Coca-Cola,beverage,29.19,300.0,1.0,0.286,0.859,0.907,0.902,real_sponsor_names_with_proxy_commercial_metrics,0.7215038709709707,-250,-302.70000000000005,-14,-11.0,-0.77,0.0096666666666666,-0.0613333333333333,0.3785695739184261,0.5080508221690659,3.399,0.22,0.4449664547473883,0.14633333333333337,0.6669599999999999,0.231633840005709,0.2,0.4519573174866195
878,2018,Mexico,Sweden,group_or_knockout,True,0.0,55.1,23.1,59.7,clear,63.68,165.05,B_win,Ekaterinburg,Russia,2018-06-27,0.3295,-0.78,-0.042,0.106,50.44,1612,10,421.9,-0.18,26.83,0.584,72.1,37.6,18.89,0.2446666666666666,0.7546666666666667,1.1233333333333333,0.211,Hyundai,automotive,28.5,590.0,1.0,0.636,0.712,0.897,0.88,real_sponsor_names_with_proxy_commercial_metrics,0.7185336170151837,1654,9,471.1,0.0,27.67,0.624,74.4,39.2,19.34,0.1766666666666666,0.6789999999999999,3.783333333333333,0.1453333333333333,Budweiser,beverage,26.29,350.0,1.0,0.625,0.705,0.91,0.618,real_sponsor_names_with_proxy_commercial_metrics,0.6436681220526703,-42,-49.200000000000045,1,-2.300000000000012,-0.18,0.0756666666666667,0.068,0.5181915824104364,0.5467545312218952,3.674,0.12,0.4597171545235007,0.24493333333333328,0.83529,0.22176086491115396,0.2,0.5357273677304748
879,2018,Serbia,Brazil,group_or_knockout,True,0.0,56.7,28.3,85.6,cloudy,61.48,140.17,B_win,Moscow,Russia,2018-06-27,0.2734,1.86,0.19,0.183,67.45,1559,2,352.7,-0.38,20.1,0.495,68.8,36.3,15.31,0.141,0.848,1.7433333333333334,0.1526666666666666,Vivo,technology,23.55,77.75,0.555,0.452,0.729,0.727,0.578,real_sponsor_names_with_proxy_commercial_metrics,0.4728882004869282,1829,20,683.6,0.5,36.78,0.83,78.8,57.4,18.61,0.1376666666666667,0.7313333333333333,3.723333333333333,0.206,Adidas,apparel,33.15,1830.0,1.0,0.369,0.809,0.916,0.861,real_sponsor_names_with_proxy_commercial_metrics,0.9383411482254695,-270,-330.90000000000003,-18,-10.0,-0.88,0.1166666666666667,0.0033333333333332,0.358888880308777,0.4891408969500234,3.136,0.22,0.4747019125895125,0.1454,0.67453,0.5089345607650039,0.2,0.44710320178077184
880,2018,Switzerland,Costa Rica,group_or_knockout,True,0.0,57.6,14.0,27.4,rain,65.88,219.71,draw,Nizhny Novgorod,Russia,2018-06-27,0.2234,7.04,0.227,0.186,70.11,1632,7,443.7,-0.12,26.09,0.595,72.7,48.1,17.05,0.1836666666666666,0.914,2.223333333333333,0.2486666666666666,Adidas,apparel,31.4,1830.0,1.0,0.14,0.774,0.888,0.845,real_sponsor_names_with_proxy_commercial_metrics,0.90423375782881,1585,3,384.6,-0.19,21.98,0.529,73.1,26.3,15.16,0.1976666666666666,0.8413333333333334,2.26,0.2056666666666666,Visa,finance,31.23,250.0,1.0,0.397,0.677,0.885,0.896,real_sponsor_names_with_proxy_commercial_metrics,0.7111394737514839,47,59.099999999999966,4,-0.3999999999999915,0.07,0.0726666666666666,-0.0139999999999999,0.5385464489432931,0.6062146451554595,4.147,0.48,0.5503598812736074,0.14459999999999995,0.85383,0.4056727324627132,0.2,0.6236883787771645
881,2018,Japan,Poland,group_or_knockout,True,0.0,60.9,15.1,62.5,clear,59.28,190.89,B_win,Volgograd,Russia,2018-06-28,0.2959,3.43,0.055,0.085,63.23,1586,4,387.4,-0.2,22.68,0.535,72.8,37.0,11.9,0.25,0.7706666666666667,4.593333333333333,0.3566666666666667,Adidas,apparel,29.47,1830.0,1.0,0.558,0.648,0.855,0.917,real_sponsor_names_with_proxy_commercial_metrics,0.8586337787056367,1685,6,506.6,0.05,27.64,0.65,72.7,42.5,15.85,0.2053333333333333,0.815,3.9733333333333327,0.268,Coca-Cola,beverage,28.97,300.0,1.0,0.581,0.749,0.899,0.847,real_sponsor_names_with_proxy_commercial_metrics,0.6960284847496763,-99,-119.20000000000005,-2,0.0999999999999943,-0.25,-0.0443333333333332,0.0446666666666666,0.4507401502367096,0.5132666230319392,3.886,0.12,0.47260605236273473,0.2417333333333333,0.8034600000000001,0.3847266823663741,0.2,0.5582883718108428
882,2018,Senegal,Colombia,group_or_knockout,True,0.0,70.3,10.8,36.0,rain,59.28,144.78,B_win,Samara,Russia,2018-06-28,0.1897,0.43,0.098,0.154,63.51,1638,2,445.8,0.08,21.81,0.572,72.8,30.1,9.94,0.1993333333333333,0.7706666666666666,2.3433333333333333,0.2143333333333333,Budweiser,beverage,31.49,350.0,1.0,0.344,0.754,0.934,0.653,real_sponsor_names_with_proxy_commercial_metrics,0.7276417963741734,1650,3,462.8,-0.05,24.41,0.599,74.7,50.9,8.73,0.2533333333333333,0.816,4.703333333333333,0.1769999999999999,Vivo,technology,18.25,73.14,0.507,0.422,0.764,0.653,0.613,real_sponsor_names_with_proxy_commercial_metrics,0.3902368726248783,-12,-17.0,-1,-1.9000000000000057,0.13,-0.0453333333333333,-0.054,0.5202671092235914,0.396124981079425,3.47,0.48,0.4264872066960003,0.21133333333333335,0.82813,0.5260702205095268,0.2,0.4901046671712407
883,2018,Panama,Tunisia,group_or_knockout,True,0.0,43.6,23.2,47.9,clear,63.68,248.27,B_win,Saransk,Russia,2018-06-28,0.3648,3.05,0.075,0.17,63.03,1388,1,142.7,-1.0,8.65,0.277,60.1,12.9,4.46,0.146,0.6433333333333334,2.8366666666666664,0.476,Qatar Airways,airline,19.76,61.75,0.387,0.348,0.609,0.68,0.597,real_sponsor_names_with_proxy_commercial_metrics,0.3654310756313898,1519,3,305.2,-0.39,19.13,0.455,66.6,27.6,11.21,0.2033333333333333,0.8946666666666667,3.3266666666666667,0.1976666666666666,Hyundai,automotive,28.75,590.0,1.0,0.7,0.649,0.867,0.833,real_sponsor_names_with_proxy_commercial_metrics,0.7046561013575636,-131,-162.5,-2,-6.499999999999993,-0.61,-0.2513333333333333,-0.0573333333333333,0.0,0.3881793856877135,2.693,0.12,0.577635090480084,0.23026666666666662,0.58499,0.1733743666595304,0.2,0.39600330424011015
884,2018,England,Belgium,group_or_knockout,True,0.0,42.8,16.3,52.2,rain,59.28,132.3,B_win,Kaliningrad,Russia,2018-06-28,0.5033,4.95,0.073,0.134,67.44,1695,13,522.2,0.16,30.51,0.678,76.6,52.6,19.34,0.28,0.7986666666666666,2.61,0.1863333333333333,McDonald's,restaurant,20.29,74.13,0.517,0.758,0.819,0.654,0.569,real_sponsor_names_with_proxy_commercial_metrics,0.4256813568338741,1674,9,495.4,0.02,28.38,0.646,71.5,40.4,23.19,0.142,0.7919999999999999,3.7566666666666655,0.0076666666666666,Visa,finance,26.85,250.0,1.0,0.538,0.72,0.914,0.914,real_sponsor_names_with_proxy_commercial_metrics,0.6636131480729871,21,26.800000000000068,4,5.099999999999994,0.14,0.0066666666666667,0.138,0.7074856858162286,0.5564120518708667,3.281,0.48,0.5089821652241043,0.24853333333333336,0.68589,0.4530066366944979,0.2,0.45686793320879343
885,2018,France,Argentina,group_or_knockout,True,0.0,43.8,20.7,51.3,cloudy,72.48,175.9,A_win,Kazan,Russia,2018-06-30,0.2392,-2.55,0.206,0.165,61.21,1748,13,584.8,0.26,32.28,0.733,77.8,46.5,18.67,0.2083333333333333,0.8296666666666667,3.483333333333333,0.3613333333333333,Qatar Airways,airline,24.02,81.37,0.593,0.647,0.801,0.711,0.647,real_sponsor_names_with_proxy_commercial_metrics,0.5007849188790221,1753,15,591.7,0.26,33.16,0.743,76.8,58.0,19.5,0.2623333333333333,0.8586666666666667,3.813333333333333,0.2106666666666666,Hyundai,automotive,30.74,590.0,1.0,0.338,0.813,0.936,0.851,real_sponsor_names_with_proxy_commercial_metrics,0.7681302767229082,-5,-6.900000000000091,-2,1.0,0.0,-0.029,-0.054,0.8018213325687816,0.6739155416949537,3.741,0.22,0.5303453336543347,0.19313333333333332,0.7179599999999999,0.23066688075358596,0.2,0.5198801989364192
886,2018,Uruguay,Portugal,group_or_knockout,True,0.0,61.8,27.0,49.5,cloudy,63.68,287.74,A_win,Sochi,Russia,2018-06-30,0.2336,3.17,0.137,0.211,51.33,1684,10,508.3,0.07,29.28,0.661,74.8,44.8,20.58,0.1356666666666666,0.8753333333333333,1.923333333333333,0.1913333333333333,Vivo,technology,19.75,76.46,0.542,0.306,0.797,0.741,0.63,real_sponsor_names_with_proxy_commercial_metrics,0.4351767440908576,1702,6,527.3,0.14,27.94,0.666,76.8,47.1,14.4,0.2406666666666666,0.7363333333333334,3.2266666666666666,0.0836666666666666,Mengniu,consumer_goods,17.76,59.99,0.368,0.468,0.8,0.643,0.574,real_sponsor_names_with_proxy_commercial_metrics,0.3588124240475937,-18,-18.999999999999943,4,-2.0,-0.07,0.1389999999999999,-0.105,0.6570661125383135,0.6554252632327094,3.932,0.22,0.5515684593197897,0.13126666666666664,0.71205,0.3191318775422821,0.2,0.5060861841509224
887,2018,Russia,Spain,group_or_knockout,False,0.18,74.2,19.2,58.1,cloudy,61.48,224.06,draw,Moscow,Russia,2018-07-01,0.1325,2.02,0.101,0.112,63.54,1676,8,497.3,0.07,27.98,0.645,72.7,49.8,18.23,0.1086666666666666,0.8123333333333332,5.670000000000001,0.13,Hyundai,automotive,26.07,590.0,1.0,0.245,0.69,0.874,0.885,real_sponsor_names_with_proxy_commercial_metrics,0.6793986692072507,1708,12,537.2,0.18,30.58,0.689,77.4,45.2,19.26,0.2126666666666666,0.84,4.25,0.077,Budweiser,beverage,27.85,350.0,1.0,0.321,0.724,0.933,0.612,real_sponsor_names_with_proxy_commercial_metrics,0.6704472243491213,-32,-39.900000000000034,-4,-4.700000000000003,-0.1099999999999999,-0.0276666666666667,-0.104,0.6134810916271758,0.6305660519805801,4.206,0.22,0.4708742161419608,0.14026666666666668,0.82105,0.2990669378434311,0.2,0.5563200183926947
888,2018,Croatia,Denmark,group_or_knockout,True,0.0,52.4,24.4,49.4,windy,61.48,158.93,draw,Nizhny Novgorod,Russia,2018-07-01,0.2883,-0.65,0.332,0.235,54.46,1671,5,489.2,0.13,26.28,0.629,75.1,52.8,21.52,0.2903333333333333,0.7756666666666666,3.4933333333333336,0.102,Hisense,technology,28.53,1070.0,1.0,0.267,0.792,0.927,0.587,real_sponsor_names_with_proxy_commercial_metrics,0.7693425818880185,1642,4,453.4,0.04,24.3,0.592,71.5,43.1,19.09,0.1573333333333333,0.8273333333333334,2.966666666666667,0.3496666666666666,Coca-Cola,beverage,33.85,300.0,1.0,0.685,0.715,0.895,0.825,real_sponsor_names_with_proxy_commercial_metrics,0.754749779112933,29,35.80000000000001,1,3.5999999999999943,0.09,-0.0516666666666667,0.1329999999999999,0.6114873261612664,0.6092421014906154,3.962,0.48,0.4732752260354138,0.26393333333333335,0.8324399999999998,0.35506972097338174,0.2,0.5665906532775796
889,2018,Brazil,Mexico,group_or_knockout,True,0.0,25.5,21.2,34.6,cloudy,61.48,190.41,A_win,Samara,Russia,2018-07-02,0.1395,2.97,0.005,0.092,61.42,1829,20,683.6,0.5,36.78,0.83,78.8,57.4,18.61,0.1376666666666667,0.7313333333333333,3.723333333333333,0.206,Adidas,apparel,33.15,1830.0,1.0,0.369,0.809,0.916,0.861,real_sponsor_names_with_proxy_commercial_metrics,0.9383411482254695,1612,10,421.9,-0.18,26.83,0.584,72.1,37.6,18.89,0.2446666666666666,0.7546666666666667,1.1233333333333333,0.211,Hyundai,automotive,28.5,590.0,1.0,0.636,0.712,0.897,0.88,real_sponsor_names_with_proxy_commercial_metrics,0.7185336170151837,217,261.70000000000005,10,6.700000000000003,0.6799999999999999,-0.0233333333333334,-0.1069999999999999,0.9764150943396226,0.584498200773993,4.106,0.22,0.43784050112086487,0.19006666666666672,0.87793,0.14550060657960467,0.2,0.6039356720150038
890,2018,Belgium,Japan,group_or_knockout,True,0.0,35.8,27.0,70.5,rain,68.08,203.17,A_win,Rostov-on-Don,Russia,2018-07-02,0.169,2.51,0.164,0.14,62.7,1674,9,495.4,0.02,28.38,0.646,71.5,40.4,23.19,0.142,0.7919999999999999,3.7566666666666655,0.0076666666666666,Visa,finance,26.85,250.0,1.0,0.538,0.72,0.914,0.914,real_sponsor_names_with_proxy_commercial_metrics,0.6636131480729871,1586,4,387.4,-0.2,22.68,0.535,72.8,37.0,11.9,0.25,0.7706666666666667,4.593333333333333,0.3566666666666667,Adidas,apparel,29.47,1830.0,1.0,0.558,0.648,0.855,0.917,real_sponsor_names_with_proxy_commercial_metrics,0.8586337787056367,88,108.0,5,-1.2999999999999972,0.22,0.0213333333333332,-0.108,0.6045045124588039,0.674216045234692,3.868,0.48,0.5053106977078132,0.16840000000000002,0.8480000000000001,0.5138726182830229,0.2,0.5737257877447933
891,2018,Sweden,Switzerland,group_or_knockout,True,0.0,47.2,25.9,70.0,rain,59.28,78.53,A_win,Saint Petersburg,Russia,2018-07-03,0.2555,2.75,0.036,0.059,53.36,1654,9,471.1,0.0,27.67,0.624,74.4,39.2,19.34,0.1766666666666666,0.6789999999999999,3.783333333333333,0.1453333333333333,Budweiser,beverage,26.29,350.0,1.0,0.625,0.705,0.91,0.618,real_sponsor_names_with_proxy_commercial_metrics,0.6436681220526703,1632,7,443.7,-0.12,26.09,0.595,72.7,48.1,17.05,0.1836666666666666,0.914,2.223333333333333,0.2486666666666666,Adidas,apparel,31.4,1830.0,1.0,0.14,0.774,0.888,0.845,real_sponsor_names_with_proxy_commercial_metrics,0.90423375782881,22,27.400000000000038,2,1.7000000000000028,0.12,-0.2350000000000001,-0.007,0.6002235585615322,0.5271704695429646,3.689,0.48,0.3476373453461627,0.2344,0.7963,0.48309940769285664,0.2,0.48503354983390357
892,2018,Colombia,England,group_or_knockout,True,0.0,50.7,18.8,71.5,clear,61.48,136.31,draw,Moscow,Russia,2018-07-03,0.2496,2.07,0.107,0.144,67.72,1650,3,462.8,-0.05,24.41,0.599,74.7,50.9,8.73,0.2533333333333333,0.816,4.703333333333333,0.1769999999999999,Vivo,technology,18.25,73.14,0.507,0.422,0.764,0.653,0.613,real_sponsor_names_with_proxy_commercial_metrics,0.3902368726248783,1695,13,522.2,0.16,30.51,0.678,76.6,52.6,19.34,0.28,0.7986666666666666,2.61,0.1863333333333333,McDonald's,restaurant,20.29,74.13,0.517,0.758,0.819,0.654,0.569,real_sponsor_names_with_proxy_commercial_metrics,0.4256813568338741,-45,-59.400000000000034,-10,-1.8999999999999917,-0.21,0.0173333333333333,-0.0266666666666666,0.5635569682915822,0.4305283002076571,3.273,0.12,0.4564637414619236,0.2256,0.6673399999999999,0.32737279668878894,0.2,0.4013891217804995
893,2018,Uruguay,France,group_or_knockout,True,0.0,52.7,22.0,33.3,clear,61.48,173.2,B_win,Nizhny Novgorod,Russia,2018-07-06,0.1681,0.66,0.132,0.128,51.1,1684,10,508.3,0.07,29.28,0.661,74.8,44.8,20.58,0.1356666666666666,0.8753333333333333,1.923333333333333,0.1913333333333333,Vivo,technology,19.75,76.46,0.542,0.306,0.797,0.741,0.63,real_sponsor_names_with_proxy_commercial_metrics,0.4351767440908576,1748,13,584.8,0.26,32.28,0.733,77.8,46.5,18.67,0.2083333333333333,0.8296666666666667,3.483333333333333,0.3613333333333333,Qatar Airways,airline,24.02,81.37,0.593,0.647,0.801,0.711,0.647,real_sponsor_names_with_proxy_commercial_metrics,0.5007849188790221,-64,-76.49999999999994,-3,-3.0,-0.19,0.0456666666666666,-0.0726666666666666,0.6570661125383135,0.6056574581116048,3.52,0.12,0.41630427166157846,0.13126666666666664,0.71205,0.07907407407407406,0.2,0.46509836118537085
894,2018,Brazil,Belgium,group_or_knockout,True,0.0,58.5,29.3,62.8,cloudy,63.68,164.68,B_win,Kazan,Russia,2018-07-06,0.4964,-0.26,0.187,0.271,54.0,1829,20,683.6,0.5,36.78,0.83,78.8,57.4,18.61,0.1376666666666667,0.7313333333333333,3.723333333333333,0.206,Adidas,apparel,33.15,1830.0,1.0,0.369,0.809,0.916,0.861,real_sponsor_names_with_proxy_commercial_metrics,0.9383411482254695,1674,9,495.4,0.02,28.38,0.646,71.5,40.4,23.19,0.142,0.7919999999999999,3.7566666666666655,0.0076666666666666,Visa,finance,26.85,250.0,1.0,0.538,0.72,0.914,0.914,real_sponsor_names_with_proxy_commercial_metrics,0.6636131480729871,155,188.20000000000005,11,7.299999999999997,0.48,-0.0606666666666666,-0.0043333333333333,0.9764150943396226,0.5854297277159697,4.191,0.22,0.5544640489817981,0.19006666666666672,0.87793,0.43642760294012706,0.2,0.6275212091309439
895,2018,Sweden,England,group_or_knockout,True,0.0,53.9,25.4,68.8,clear,61.48,188.27,B_win,Samara,Russia,2018-07-07,0.2326,1.35,0.099,0.157,62.74,1654,9,471.1,0.0,27.67,0.624,74.4,39.2,19.34,0.1766666666666666,0.6789999999999999,3.783333333333333,0.1453333333333333,Budweiser,beverage,26.29,350.0,1.0,0.625,0.705,0.91,0.618,real_sponsor_names_with_proxy_commercial_metrics,0.6436681220526703,1695,13,522.2,0.16,30.51,0.678,76.6,52.6,19.34,0.28,0.7986666666666666,2.61,0.1863333333333333,McDonald's,restaurant,20.29,74.13,0.517,0.758,0.819,0.654,0.569,real_sponsor_names_with_proxy_commercial_metrics,0.4256813568338741,-41,-51.10000000000002,-4,-2.1999999999999886,-0.16,-0.1196666666666667,-0.1033333333333333,0.6002235585615322,0.5752671109422484,3.698,0.12,0.48106408041265536,0.2344,0.7963,0.32090844216085057,0.2,0.5251859564390016
896,2018,Russia,Croatia,group_or_knockout,False,0.18,71.6,14.6,41.5,clear,65.88,258.29,draw,Sochi,Russia,2018-07-07,0.2509,4.6,0.09,0.093,69.95,1676,8,497.3,0.07,27.98,0.645,72.7,49.8,18.23,0.1086666666666666,0.8123333333333332,5.670000000000001,0.13,Hyundai,automotive,26.07,590.0,1.0,0.245,0.69,0.874,0.885,real_sponsor_names_with_proxy_commercial_metrics,0.6793986692072507,1671,5,489.2,0.13,26.28,0.629,75.1,52.8,21.52,0.2903333333333333,0.7756666666666666,3.4933333333333336,0.102,Hisense,technology,28.53,1070.0,1.0,0.267,0.792,0.927,0.587,real_sponsor_names_with_proxy_commercial_metrics,0.7693425818880185,5,8.100000000000023,3,-2.3999999999999915,-0.06,0.0366666666666666,-0.1816666666666667,0.6134810916271758,0.6622628598901233,4.246,0.12,0.563581637773861,0.14026666666666668,0.82105,0.30699172197245417,0.2,0.583736608933747
897,2018,France,Belgium,group_or_knockout,True,0.0,49.2,26.9,58.1,clear,59.28,154.82,A_win,Saint Petersburg,Russia,2018-07-10,0.1961,3.29,0.097,0.15,64.0,1748,13,584.8,0.26,32.28,0.733,77.8,46.5,18.67,0.2083333333333333,0.8296666666666667,3.483333333333333,0.3613333333333333,Qatar Airways,airline,24.02,81.37,0.593,0.647,0.801,0.711,0.647,real_sponsor_names_with_proxy_commercial_metrics,0.5007849188790221,1674,9,495.4,0.02,28.38,0.646,71.5,40.4,23.19,0.142,0.7919999999999999,3.7566666666666655,0.0076666666666666,Visa,finance,26.85,250.0,1.0,0.538,0.72,0.914,0.914,real_sponsor_names_with_proxy_commercial_metrics,0.6636131480729871,74,89.39999999999998,4,6.299999999999997,0.24,0.0376666666666667,0.0663333333333333,0.8018213325687816,0.607238382828366,3.668,0.12,0.4359272079728156,0.19313333333333332,0.7179599999999999,0.3136912153000785,0.2,0.48232696931747093
898,2018,Croatia,England,group_or_knockout,True,0.0,46.8,16.5,56.1,cloudy,63.68,135.33,A_win,Moscow,Russia,2018-07-11,0.1678,2.65,0.033,0.099,54.97,1671,5,489.2,0.13,26.28,0.629,75.1,52.8,21.52,0.2903333333333333,0.7756666666666666,3.4933333333333336,0.102,Hisense,technology,28.53,1070.0,1.0,0.267,0.792,0.927,0.587,real_sponsor_names_with_proxy_commercial_metrics,0.7693425818880185,1695,13,522.2,0.16,30.51,0.678,76.6,52.6,19.34,0.28,0.7986666666666666,2.61,0.1863333333333333,McDonald's,restaurant,20.29,74.13,0.517,0.758,0.819,0.654,0.569,real_sponsor_names_with_proxy_commercial_metrics,0.4256813568338741,-24,-33.00000000000006,-8,-1.5,-0.03,-0.023,0.0103333333333333,0.6114873261612664,0.6109152073341502,4.02,0.22,0.40240641977425856,0.26393333333333335,0.8324399999999998,0.3606561764076215,0.2,0.5528853616615382
899,2018,Belgium,England,group_or_knockout,True,0.0,64.2,31.5,87.5,clear,61.48,192.42,A_win,Saint Petersburg,Russia,2018-07-14,0.2425,0.62,0.17,0.214,67.48,1674,9,495.4,0.02,28.38,0.646,71.5,40.4,23.19,0.142,0.7919999999999999,3.7566666666666655,0.0076666666666666,Visa,finance,26.85,250.0,1.0,0.538,0.72,0.914,0.914,real_sponsor_names_with_proxy_commercial_metrics,0.6636131480729871,1695,13,522.2,0.16,30.51,0.678,76.6,52.6,19.34,0.28,0.7986666666666666,2.61,0.1863333333333333,McDonald's,restaurant,20.29,74.13,0.517,0.758,0.819,0.654,0.569,real_sponsor_names_with_proxy_commercial_metrics,0.4256813568338741,-21,-26.800000000000068,-4,-5.099999999999994,-0.14,-0.0066666666666667,-0.138,0.6045045124588039,0.6408043523885685,4.069,0.12,0.5123867266659355,0.16840000000000002,0.8480000000000001,0.5603814315278669,0.2,0.5657857195395032
900,2018,France,Croatia,group_or_knockout,True,0.0,38.0,29.1,88.8,rain,70.28,183.28,A_win,Moscow,Russia,2018-07-15,0.2572,2.01,0.142,0.12,70.24,1748,13,584.8,0.26,32.28,0.733,77.8,46.5,18.67,0.2083333333333333,0.8296666666666667,3.483333333333333,0.3613333333333333,Qatar Airways,airline,24.02,81.37,0.593,0.647,0.801,0.711,0.647,real_sponsor_names_with_proxy_commercial_metrics,0.5007849188790221,1671,5,489.2,0.13,26.28,0.629,75.1,52.8,21.52,0.2903333333333333,0.7756666666666666,3.4933333333333336,0.102,Hisense,technology,28.53,1070.0,1.0,0.267,0.792,0.927,0.587,real_sponsor_names_with_proxy_commercial_metrics,0.7693425818880185,77,95.59999999999997,8,2.700000000000003,0.13,0.054,-0.0819999999999999,0.8018213325687816,0.6665952951080991,3.679,0.48,0.5404681113227179,0.19313333333333332,0.7179599999999999,0.6475709698137444,0.2,0.5198550854257766
901,2022,Qatar,Ecuador,group_or_knockout,False,0.18,63.1,24.7,31.4,cloudy,62.94,172.17,B_win,Al Khor,Qatar,2022-11-20,0.2248,4.35,0.155,0.155,67.75,1388,1,142.7,-1.0,8.65,0.277,63.5,12.4,4.78,0.1089999999999999,0.831,4.1000000000000005,0.2029999999999999,McDonald's,restaurant,21.61,73.65,0.512,0.065,0.619,0.704,0.571,real_sponsor_names_with_proxy_commercial_metrics,0.4172794622948886,1623,2,428.7,-0.08,21.59,0.558,71.6,42.9,13.81,0.1486666666666666,0.8836666666666666,1.9966666666666668,0.0626666666666666,McDonald's,restaurant,16.55,66.18,0.433,0.554,0.689,0.657,0.645,real_sponsor_names_with_proxy_commercial_metrics,0.3438219070287941,-235,-286.0,-1,-8.099999999999994,-0.92,-0.0526666666666666,-0.0396666666666666,0.0320754716981132,0.3793012767293138,2.919,0.22,0.48662057135928766,0.13299999999999995,0.61379,0.18109541140369653,0.2,0.3976261427068387
902,2022,Senegal,Netherlands,group_or_knockout,True,0.0,59.3,23.9,96.0,rain,62.94,165.75,B_win,Doha,Qatar,2022-11-21,0.349,3.86,0.114,0.136,50.65,1638,2,445.8,0.08,21.81,0.572,72.8,30.1,9.94,0.1993333333333333,0.7706666666666666,2.3433333333333333,0.2143333333333333,Budweiser,beverage,31.49,350.0,1.0,0.344,0.754,0.934,0.653,real_sponsor_names_with_proxy_commercial_metrics,0.7276417963741734,1746,9,581.1,0.35,31.14,0.724,75.8,49.9,15.97,0.1103333333333333,0.742,2.733333333333333,0.1786666666666666,Hisense,technology,32.27,1070.0,1.0,0.505,0.811,0.856,0.664,real_sponsor_names_with_proxy_commercial_metrics,0.8192941476500228,-108,-135.3,-7,-3.0,-0.2699999999999999,0.0286666666666666,0.089,0.5202671092235914,0.419878676935268,3.42,0.48,0.46949688782717497,0.21133333333333335,0.82813,0.543421965317919,0.2,0.5053576382371117
903,2022,England,Iran,group_or_knockout,True,0.0,56.1,21.7,43.4,clear,76.14,407.6,A_win,Al Rayyan,Qatar,2022-11-21,0.1956,1.8,0.104,0.123,69.17,1695,13,522.2,0.16,30.51,0.678,76.6,52.6,19.34,0.28,0.7986666666666666,2.61,0.1863333333333333,McDonald's,restaurant,20.29,74.13,0.517,0.758,0.819,0.654,0.569,real_sponsor_names_with_proxy_commercial_metrics,0.4256813568338741,1519,3,305.2,-0.44,19.13,0.455,68.7,30.6,12.34,0.1146666666666666,0.8703333333333333,3.7066666666666666,0.2463333333333333,Visa,finance,29.04,250.0,1.0,0.165,0.637,0.935,0.918,real_sponsor_names_with_proxy_commercial_metrics,0.6830613109122354,176,217.00000000000009,10,7.899999999999991,0.6,-0.0716666666666666,0.1653333333333333,0.7074856858162286,0.7280510187005305,3.974,0.12,0.7185823455236044,0.24853333333333336,0.68589,0.13051951759080854,0.2,0.5468468799809992
904,2022,United States,Wales,group_or_knockout,True,0.0,78.6,27.1,73.7,cloudy,62.94,96.04,draw,Al Rayyan,Qatar,2022-11-21,0.2212,-2.68,0.214,0.132,60.99,1578,6,379.0,-0.3,23.84,0.536,71.9,31.0,12.75,0.132,0.7943333333333333,0.7200000000000001,0.0636666666666666,Vivo,technology,22.58,68.24,0.455,0.416,0.676,0.652,0.654,real_sponsor_names_with_proxy_commercial_metrics,0.4277412886284749,1476,1,251.0,-0.25,14.8,0.391,67.0,18.7,9.44,0.2196666666666666,0.746,2.5966666666666667,0.0486666666666666,Coca-Cola,beverage,33.92,300.0,1.0,0.324,0.631,0.878,0.858,real_sponsor_names_with_proxy_commercial_metrics,0.7423596747287995,102,128.0,5,4.900000000000006,-0.0499999999999999,0.0483333333333333,-0.0876666666666666,0.4407302164904229,0.3904581066732577,3.265,0.22,0.4070498414819073,0.16146666666666668,0.6269199999999999,0.42630093484621423,0.2,0.38747694743572764
905,2022,Argentina,Saudi Arabia,group_or_knockout,True,0.0,49.9,20.8,73.5,clear,65.14,166.97,B_win,Lusail,Qatar,2022-11-22,0.1564,1.38,0.201,0.186,64.34,1753,15,591.7,0.26,33.16,0.743,76.8,58.0,19.5,0.2623333333333333,0.8586666666666667,3.813333333333333,0.2106666666666666,Hyundai,automotive,30.74,590.0,1.0,0.338,0.813,0.936,0.851,real_sponsor_names_with_proxy_commercial_metrics,0.7681302767229082,1543,3,334.4,-0.47,20.17,0.482,68.2,34.6,13.01,0.2876666666666667,0.8483333333333333,5.266666666666667,0.2613333333333333,Visa,finance,27.16,250.0,1.0,0.611,0.648,0.864,0.904,real_sponsor_names_with_proxy_commercial_metrics,0.6490998286575382,210,257.30000000000007,12,8.599999999999994,0.73,0.0103333333333334,-0.0253333333333333,0.8112048561394937,0.637506429128545,3.877,0.12,0.4746152082194525,0.2139333333333333,0.8831100000000001,0.2839916506101477,0.2,0.5845755082133812
906,2022,Mexico,Poland,group_or_knockout,True,0.0,84.8,24.4,42.1,rain,58.54,167.11,draw,Doha,Qatar,2022-11-22,0.2083,1.79,0.233,0.198,47.75,1612,10,421.9,-0.18,26.83,0.584,72.1,37.6,18.89,0.2446666666666666,0.7546666666666667,1.1233333333333333,0.211,Hyundai,automotive,28.5,590.0,1.0,0.636,0.712,0.897,0.88,real_sponsor_names_with_proxy_commercial_metrics,0.7185336170151837,1685,6,506.6,0.05,27.64,0.65,72.7,42.5,15.85,0.2053333333333333,0.815,3.9733333333333327,0.268,Coca-Cola,beverage,28.97,300.0,1.0,0.581,0.749,0.899,0.847,real_sponsor_names_with_proxy_commercial_metrics,0.6960284847496763,-73,-84.70000000000005,4,-0.6000000000000085,-0.2299999999999999,-0.0603333333333332,0.0393333333333333,0.5181915824104364,0.5243658950953651,4.0,0.48,0.4160238159890104,0.24493333333333328,0.83529,0.3235265110968386,0.2,0.5207198819081483
907,2022,Denmark,Tunisia,group_or_knockout,True,0.0,55.1,28.2,65.9,clear,58.54,134.42,draw,Al Rayyan,Qatar,2022-11-22,0.3978,0.9,0.149,0.218,57.01,1642,4,453.4,0.04,24.3,0.592,71.5,43.1,19.09,0.1573333333333333,0.8273333333333334,2.966666666666667,0.3496666666666666,Coca-Cola,beverage,33.85,300.0,1.0,0.685,0.715,0.895,0.825,real_sponsor_names_with_proxy_commercial_metrics,0.754749779112933,1519,3,305.2,-0.39,19.13,0.455,66.6,27.6,11.21,0.2033333333333333,0.8946666666666667,3.3266666666666667,0.1976666666666666,Hyundai,automotive,28.75,590.0,1.0,0.7,0.649,0.867,0.833,real_sponsor_names_with_proxy_commercial_metrics,0.7046561013575636,123,148.2,1,4.900000000000006,0.43,-0.0673333333333333,-0.0459999999999999,0.526123570801118,0.5915089722893145,3.58,0.12,0.47202817571969236,0.16346666666666662,0.8277999999999999,0.38120994790551627,0.2,0.5632520943720505
908,2022,France,Australia,group_or_knockout,True,0.0,41.4,19.6,56.3,windy,69.54,255.66,A_win,Al Wakrah,Qatar,2022-11-22,0.1306,1.93,0.228,0.169,70.9,1748,13,584.8,0.26,32.28,0.733,77.8,46.5,18.67,0.2083333333333333,0.8296666666666667,3.483333333333333,0.3613333333333333,Qatar Airways,airline,24.02,81.37,0.593,0.647,0.801,0.711,0.647,real_sponsor_names_with_proxy_commercial_metrics,0.5007849188790221,1539,3,329.7,-0.4,20.21,0.479,69.8,32.1,7.37,0.2113333333333333,0.8620000000000001,3.056666666666666,0.0496666666666666,Hyundai,automotive,29.32,590.0,1.0,0.218,0.705,0.903,0.913,real_sponsor_names_with_proxy_commercial_metrics,0.7316309656581901,209,255.1,10,8.0,0.66,-0.0323333333333334,-0.003,0.8018213325687816,0.688468529124553,3.77,0.48,0.5685182939497151,0.19313333333333332,0.7179599999999999,0.3848845357881966,0.2,0.5315896274757832
909,2022,Germany,Japan,group_or_knockout,True,0.0,58.9,19.3,66.9,clear,65.14,233.75,B_win,Al Rayyan,Qatar,2022-11-23,0.0901,4.51,0.086,0.083,59.29,1798,20,646.1,0.4,35.62,0.797,81.3,65.9,22.15,0.2123333333333333,0.851,5.576666666666667,0.3273333333333333,Coca-Cola,beverage,29.19,300.0,1.0,0.286,0.859,0.907,0.902,real_sponsor_names_with_proxy_commercial_metrics,0.7215038709709707,1586,4,387.4,-0.2,22.68,0.535,72.8,37.0,11.9,0.25,0.7706666666666667,4.593333333333333,0.3566666666666667,Adidas,apparel,29.47,1830.0,1.0,0.558,0.648,0.855,0.917,real_sponsor_names_with_proxy_commercial_metrics,0.8586337787056367,212,258.70000000000005,16,8.5,0.6000000000000001,0.0803333333333332,-0.0376666666666666,0.9510351228677828,0.7580441017988767,4.153,0.12,0.4682274673126194,0.18699999999999997,0.90283,0.29449047313209165,0.2,0.6102349709992423
910,2022,Spain,Costa Rica,group_or_knockout,True,0.0,44.0,15.8,61.7,cloudy,73.94,208.49,A_win,Doha,Qatar,2022-11-23,0.3541,2.72,0.104,0.172,71.0,1708,12,537.2,0.18,30.58,0.689,77.4,45.2,19.26,0.2126666666666666,0.84,4.25,0.077,Budweiser,beverage,27.85,350.0,1.0,0.321,0.724,0.933,0.612,real_sponsor_names_with_proxy_commercial_metrics,0.6704472243491213,1585,3,384.6,-0.19,21.98,0.529,73.1,26.3,15.16,0.1976666666666666,0.8413333333333334,2.26,0.2056666666666666,Visa,finance,31.23,250.0,1.0,0.397,0.677,0.885,0.896,real_sponsor_names_with_proxy_commercial_metrics,0.7111394737514839,123,152.60000000000002,9,4.300000000000011,0.37,-0.0013333333333334,0.015,0.7299678934836586,0.6680435741325115,4.026,0.22,0.6198905042640954,0.19159999999999994,0.80913,0.4030617997573682,0.2,0.5897198354537115
911,2022,Morocco,Croatia,group_or_knockout,True,0.0,48.2,16.6,77.1,clear,58.54,155.08,draw,Al Khor,Qatar,2022-11-23,0.0501,4.88,0.215,0.12,51.83,1552,4,345.5,-0.26,21.17,0.496,69.2,34.3,12.67,0.2156666666666666,0.86,4.223333333333334,-0.0613333333333333,Mengniu,consumer_goods,19.44,62.12,0.391,0.28,0.668,0.598,0.65,real_sponsor_names_with_proxy_commercial_metrics,0.3643404839870979,1671,5,489.2,0.13,26.28,0.629,75.1,52.8,21.52,0.2903333333333333,0.7756666666666666,3.4933333333333336,0.102,Hisense,technology,28.53,1070.0,1.0,0.267,0.792,0.927,0.587,real_sponsor_names_with_proxy_commercial_metrics,0.7693425818880185,-119,-143.7,-1,-5.899999999999992,-0.39,0.0843333333333333,-0.0746666666666666,0.3627181368394233,0.4482450915442119,3.066,0.12,0.3544484378610574,0.18539999999999995,0.59794,0.408795761078998,0.2,0.3724276293614943
912,2022,Belgium,Canada,group_or_knockout,True,0.0,63.2,12.0,59.2,cloudy,60.74,168.22,A_win,Al Rayyan,Qatar,2022-11-23,0.5461,-0.37,0.187,0.241,66.41,1674,9,495.4,0.02,28.38,0.646,71.5,40.4,23.19,0.142,0.7919999999999999,3.7566666666666655,0.0076666666666666,Visa,finance,26.85,250.0,1.0,0.538,0.72,0.914,0.914,real_sponsor_names_with_proxy_commercial_metrics,0.6636131480729871,1404,1,163.9,-1.0,11.34,0.308,62.1,14.1,8.35,0.1956666666666666,0.8916666666666666,2.7900000000000005,0.2693333333333333,Hisense,technology,28.16,1070.0,1.0,0.586,0.646,0.897,0.559,real_sponsor_names_with_proxy_commercial_metrics,0.7351017050612962,270,331.5,8,9.4,1.02,-0.0996666666666666,-0.0536666666666666,0.6045045124588039,0.6290523796855516,4.03,0.22,0.5785702394044102,0.16840000000000002,0.8480000000000001,0.4911032612574039,0.2,0.5757318697303534
913,2022,Switzerland,Cameroon,group_or_knockout,True,0.0,65.2,27.4,55.3,cloudy,60.74,168.56,A_win,Al Wakrah,Qatar,2022-11-24,0.2848,2.16,0.096,0.174,60.48,1632,7,443.7,-0.12,26.09,0.595,72.7,48.1,17.05,0.1836666666666666,0.914,2.223333333333333,0.2486666666666666,Adidas,apparel,31.4,1830.0,1.0,0.14,0.774,0.888,0.845,real_sponsor_names_with_proxy_commercial_metrics,0.90423375782881,1542,4,334.5,-0.31,21.28,0.489,68.0,29.1,10.52,0.2513333333333333,0.8450000000000001,2.2433333333333336,0.186,Coca-Cola,beverage,31.97,300.0,1.0,0.241,0.693,0.92,0.885,real_sponsor_names_with_proxy_commercial_metrics,0.7331682968582358,90,109.2,3,4.700000000000003,0.19,0.0689999999999999,-0.0676666666666666,0.5385464489432931,0.5653004628543278,4.248,0.22,0.4755594502403978,0.14459999999999995,0.85383,0.3545982302148005,0.2,0.5972723215262058
914,2022,Brazil,Serbia,group_or_knockout,True,0.0,49.9,33.9,75.5,clear,62.94,175.96,A_win,Lusail,Qatar,2022-11-24,0.1295,-1.27,0.036,0.139,61.58,1829,20,683.6,0.5,36.78,0.83,78.8,57.4,18.61,0.1376666666666667,0.7313333333333333,3.723333333333333,0.206,Adidas,apparel,33.15,1830.0,1.0,0.369,0.809,0.916,0.861,real_sponsor_names_with_proxy_commercial_metrics,0.9383411482254695,1559,2,352.7,-0.38,20.1,0.495,68.8,36.3,15.31,0.141,0.848,1.7433333333333334,0.1526666666666666,Vivo,technology,23.55,77.75,0.555,0.452,0.729,0.727,0.578,real_sponsor_names_with_proxy_commercial_metrics,0.4728882004869282,270,330.90000000000003,18,10.0,0.88,-0.1166666666666667,-0.0033333333333332,0.9764150943396226,0.5860304401900787,4.328,0.12,0.44392435098536176,0.19006666666666672,0.87793,0.5709573253407549,0.2,0.6055814690244071
915,2022,Uruguay,South Korea,group_or_knockout,True,0.0,70.8,31.6,67.3,clear,58.54,158.71,draw,Al Rayyan,Qatar,2022-11-24,0.2555,1.9,0.103,0.143,65.56,1684,10,508.3,0.07,29.28,0.661,74.8,44.8,20.58,0.1356666666666666,0.8753333333333333,1.923333333333333,0.1913333333333333,Vivo,technology,19.75,76.46,0.542,0.306,0.797,0.741,0.63,real_sponsor_names_with_proxy_commercial_metrics,0.4351767440908576,1548,6,343.4,-0.37,22.9,0.505,70.3,20.2,12.829999999999998,0.151,0.8606666666666666,2.8866666666666667,0.2443333333333333,McDonald's,restaurant,25.44,80.72,0.587,0.49,0.67,0.723,0.661,real_sponsor_names_with_proxy_commercial_metrics,0.5004808180408472,136,164.90000000000003,4,4.5,0.44,0.0146666666666667,-0.0153333333333333,0.6570661125383135,0.5873964495450339,3.739,0.12,0.4534814703591079,0.13126666666666664,0.71205,0.4756986369799472,0.2,0.4674207185262369
916,2022,Portugal,Ghana,group_or_knockout,True,0.0,73.0,13.2,69.7,clear,69.54,213.28,A_win,Doha,Qatar,2022-11-24,0.3661,0.6,0.065,0.098,70.89,1702,6,527.3,0.14,27.94,0.666,76.8,47.1,14.4,0.2406666666666666,0.7363333333333334,3.2266666666666666,0.0836666666666666,Mengniu,consumer_goods,17.76,59.99,0.368,0.468,0.8,0.643,0.574,real_sponsor_names_with_proxy_commercial_metrics,0.3588124240475937,1600,2,402.0,-0.13,21.31,0.537,68.9,36.1,8.969999999999999,0.3763333333333333,0.8766666666666666,0.7333333333333333,0.2983333333333333,Mengniu,consumer_goods,23.07,63.81,0.408,0.27,0.715,0.668,0.644,real_sponsor_names_with_proxy_commercial_metrics,0.4330502275859767,102,125.29999999999995,4,7.899999999999991,0.27,-0.1403333333333332,-0.1356666666666666,0.6820304126224132,0.5275778015032262,3.759,0.12,0.5851726664695962,0.24986666666666663,0.64909,0.46525975879540427,0.2,0.44275189948624505
917,2022,Qatar,Senegal,group_or_knockout,False,0.18,76.7,27.3,47.4,clear,67.34,237.62,B_win,Doha,Qatar,2022-11-25,0.1776,5.49,0.258,0.193,59.31,1388,1,142.7,-1.0,8.65,0.277,63.5,12.4,4.78,0.1089999999999999,0.831,4.1000000000000005,0.2029999999999999,McDonald's,restaurant,21.61,73.65,0.512,0.065,0.619,0.704,0.571,real_sponsor_names_with_proxy_commercial_metrics,0.4172794622948886,1638,2,445.8,0.08,21.81,0.572,72.8,30.1,9.94,0.1993333333333333,0.7706666666666666,2.3433333333333333,0.2143333333333333,Budweiser,beverage,31.49,350.0,1.0,0.344,0.754,0.934,0.653,real_sponsor_names_with_proxy_commercial_metrics,0.7276417963741734,-250,-303.1,-1,-9.299999999999995,-1.08,0.0603333333333333,-0.0903333333333333,0.0320754716981132,0.4218676120128669,3.139,0.12,0.533736376746971,0.13299999999999995,0.61379,0.2778612716763006,0.2,0.4189678776637702
918,2022,Netherlands,Ecuador,group_or_knockout,True,0.0,64.9,31.5,41.3,windy,62.94,127.45,draw,Al Rayyan,Qatar,2022-11-25,0.4221,3.66,0.18,0.194,63.63,1746,9,581.1,0.35,31.14,0.724,75.8,49.9,15.97,0.1103333333333333,0.742,2.733333333333333,0.1786666666666666,Hisense,technology,32.27,1070.0,1.0,0.505,0.811,0.856,0.664,real_sponsor_names_with_proxy_commercial_metrics,0.8192941476500228,1623,2,428.7,-0.08,21.59,0.558,71.6,42.9,13.81,0.1486666666666666,0.8836666666666666,1.9966666666666668,0.0626666666666666,McDonald's,restaurant,16.55,66.18,0.433,0.554,0.689,0.657,0.645,real_sponsor_names_with_proxy_commercial_metrics,0.3438219070287941,123,152.40000000000003,7,4.200000000000003,0.43,-0.1416666666666666,-0.0383333333333333,0.7581498473599972,0.5032209918593171,3.963,0.48,0.5074896224991794,0.1694,0.8342200000000001,0.5047518018982373,0.2,0.5616571976564503
919,2022,Wales,Iran,group_or_knockout,True,0.0,75.7,20.3,48.9,clear,62.94,134.02,B_win,Al Rayyan,Qatar,2022-11-25,0.2795,4.93,0.058,0.083,70.88,1476,1,251.0,-0.25,14.8,0.391,67.0,18.7,9.44,0.2196666666666666,0.746,2.5966666666666667,0.0486666666666666,Coca-Cola,beverage,33.92,300.0,1.0,0.324,0.631,0.878,0.858,real_sponsor_names_with_proxy_commercial_metrics,0.7423596747287995,1519,3,305.2,-0.44,19.13,0.455,68.7,30.6,12.34,0.1146666666666666,0.8703333333333333,3.7066666666666666,0.2463333333333333,Visa,finance,29.04,250.0,1.0,0.165,0.637,0.935,0.918,real_sponsor_names_with_proxy_commercial_metrics,0.6830613109122354,-43,-54.19999999999999,-2,-1.7000000000000028,0.19,-0.1243333333333333,0.105,0.2049457211070156,0.3705219653653419,3.219,0.12,0.46381611444972737,0.23339999999999994,0.79322,0.19070113466067218,0.2,0.48772249512715304
920,2022,England,United States,group_or_knockout,True,0.0,33.5,23.6,48.1,clear,58.54,102.53,draw,Al Khor,Qatar,2022-11-25,0.1978,1.9,0.036,0.15,46.16,1695,13,522.2,0.16,30.51,0.678,76.6,52.6,19.34,0.28,0.7986666666666666,2.61,0.1863333333333333,McDonald's,restaurant,20.29,74.13,0.517,0.758,0.819,0.654,0.569,real_sponsor_names_with_proxy_commercial_metrics,0.4256813568338741,1578,6,379.0,-0.3,23.84,0.536,71.9,31.0,12.75,0.132,0.7943333333333333,0.7200000000000001,0.0636666666666666,Vivo,technology,22.58,68.24,0.455,0.416,0.676,0.652,0.654,real_sponsor_names_with_proxy_commercial_metrics,0.4277412886284749,117,143.20000000000005,7,4.699999999999989,0.4599999999999999,0.0043333333333333,0.148,0.7074856858162286,0.54272083293232,3.24,0.12,0.34977789662851083,0.24853333333333336,0.68589,0.1846431884678513,0.2,0.4211935381868816
921,2022,Poland,Saudi Arabia,group_or_knockout,True,0.0,53.9,11.0,70.6,windy,62.94,229.24,A_win,Al Rayyan,Qatar,2022-11-26,0.2797,0.66,0.057,0.134,63.29,1685,6,506.6,0.05,27.64,0.65,72.7,42.5,15.85,0.2053333333333333,0.815,3.9733333333333327,0.268,Coca-Cola,beverage,28.97,300.0,1.0,0.581,0.749,0.899,0.847,real_sponsor_names_with_proxy_commercial_metrics,0.6960284847496763,1543,3,334.4,-0.47,20.17,0.482,68.2,34.6,13.01,0.2876666666666667,0.8483333333333333,5.266666666666667,0.2613333333333333,Visa,finance,27.16,250.0,1.0,0.611,0.648,0.864,0.904,real_sponsor_names_with_proxy_commercial_metrics,0.6490998286575382,142,172.20000000000005,3,4.5,0.52,-0.0333333333333333,-0.0823333333333333,0.616436840876696,0.591633297433028,3.914,0.48,0.5279616152248195,0.1972,0.84638,0.6703740812103046,0.2,0.5609576826661341
922,2022,Argentina,Mexico,group_or_knockout,True,0.0,46.7,24.6,73.6,clear,62.94,192.92,A_win,Lusail,Qatar,2022-11-26,0.2603,0.59,0.075,0.073,52.65,1753,15,591.7,0.26,33.16,0.743,76.8,58.0,19.5,0.2623333333333333,0.8586666666666667,3.813333333333333,0.2106666666666666,Hyundai,automotive,30.74,590.0,1.0,0.338,0.813,0.936,0.851,real_sponsor_names_with_proxy_commercial_metrics,0.7681302767229082,1612,10,421.9,-0.18,26.83,0.584,72.1,37.6,18.89,0.2446666666666666,0.7546666666666667,1.1233333333333333,0.211,Hyundai,automotive,28.5,590.0,1.0,0.636,0.712,0.897,0.88,real_sponsor_names_with_proxy_commercial_metrics,0.7185336170151837,141,169.80000000000007,5,4.700000000000003,0.44,0.1039999999999999,0.0176666666666666,0.8112048561394937,0.6366514971904851,4.067,0.12,0.4546841943769416,0.2139333333333333,0.8831100000000001,0.3208399343466781,0.2,0.5803499245022222
923,2022,Tunisia,Australia,group_or_knockout,True,0.0,59.5,16.6,55.5,clear,60.74,199.95,B_win,Al Wakrah,Qatar,2022-11-26,0.111,3.36,0.106,0.197,65.23,1519,3,305.2,-0.39,19.13,0.455,66.6,27.6,11.21,0.2033333333333333,0.8946666666666667,3.3266666666666667,0.1976666666666666,Hyundai,automotive,28.75,590.0,1.0,0.7,0.649,0.867,0.833,real_sponsor_names_with_proxy_commercial_metrics,0.7046561013575636,1539,3,329.7,-0.4,20.21,0.479,69.8,32.1,7.37,0.2113333333333333,0.8620000000000001,3.056666666666666,0.0496666666666666,Hyundai,automotive,29.32,590.0,1.0,0.218,0.705,0.903,0.913,real_sponsor_names_with_proxy_commercial_metrics,0.7316309656581901,-20,-24.5,0,-3.200000000000003,0.01,0.0326666666666666,-0.008,0.2806268442018452,0.4854930981538515,3.54,0.12,0.46792326862759276,0.1641333333333333,0.79428,0.3154624277456647,0.2,0.5159913855344123
924,2022,France,Denmark,group_or_knockout,True,0.0,50.6,24.2,80.9,rain,65.14,124.75,A_win,Doha,Qatar,2022-11-26,0.1283,6.6,0.209,0.165,65.83,1748,13,584.8,0.26,32.28,0.733,77.8,46.5,18.67,0.2083333333333333,0.8296666666666667,3.483333333333333,0.3613333333333333,Qatar Airways,airline,24.02,81.37,0.593,0.647,0.801,0.711,0.647,real_sponsor_names_with_proxy_commercial_metrics,0.5007849188790221,1642,4,453.4,0.04,24.3,0.592,71.5,43.1,19.09,0.1573333333333333,0.8273333333333334,2.966666666666667,0.3496666666666666,Coca-Cola,beverage,33.85,300.0,1.0,0.685,0.715,0.895,0.825,real_sponsor_names_with_proxy_commercial_metrics,0.754749779112933,106,131.39999999999998,9,6.299999999999997,0.22,0.0023333333333332,0.0509999999999999,0.8018213325687816,0.6231116985846678,3.69,0.48,0.43417832601969986,0.19313333333333332,0.7179599999999999,0.4859785199457647,0.2,0.4864217213386123
925,2022,Japan,Costa Rica,group_or_knockout,True,0.0,55.8,13.6,79.9,hot,60.74,286.11,B_win,Al Rayyan,Qatar,2022-11-27,0.1771,3.67,0.042,0.041,67.87,1586,4,387.4,-0.2,22.68,0.535,72.8,37.0,11.9,0.25,0.7706666666666667,4.593333333333333,0.3566666666666667,Adidas,apparel,29.47,1830.0,1.0,0.558,0.648,0.855,0.917,real_sponsor_names_with_proxy_commercial_metrics,0.8586337787056367,1585,3,384.6,-0.19,21.98,0.529,73.1,26.3,15.16,0.1976666666666666,0.8413333333333334,2.26,0.2056666666666666,Visa,finance,31.23,250.0,1.0,0.397,0.677,0.885,0.896,real_sponsor_names_with_proxy_commercial_metrics,0.7111394737514839,1,2.7999999999999545,1,-0.2999999999999971,-0.01,-0.0706666666666666,0.0523333333333333,0.4507401502367096,0.5529814719005446,3.933,0.62,0.5186742335002401,0.2417333333333333,0.8034600000000001,0.6989292085920217,0.2,0.5786221657215533
926,2022,Spain,Germany,group_or_knockout,True,0.0,82.5,26.3,61.9,rain,62.94,151.67,draw,Al Khor,Qatar,2022-11-27,0.1053,2.01,0.303,0.164,64.26,1708,12,537.2,0.18,30.58,0.689,77.4,45.2,19.26,0.2126666666666666,0.84,4.25,0.077,Budweiser,beverage,27.85,350.0,1.0,0.321,0.724,0.933,0.612,real_sponsor_names_with_proxy_commercial_metrics,0.6704472243491213,1798,20,646.1,0.4,35.62,0.797,81.3,65.9,22.15,0.2123333333333333,0.851,5.576666666666667,0.3273333333333333,Coca-Cola,beverage,29.19,300.0,1.0,0.286,0.859,0.907,0.902,real_sponsor_names_with_proxy_commercial_metrics,0.7215038709709707,-90,-108.89999999999998,-8,-3.899999999999992,-0.22,-0.011,0.0003333333333333,0.7299678934836586,0.5988128695296866,4.121,0.48,0.4319199454792514,0.19159999999999994,0.80913,0.4585040319703133,0.2,0.5327411264079518
927,2022,Belgium,Morocco,group_or_knockout,True,0.0,55.8,29.1,44.8,cloudy,62.94,188.53,B_win,Doha,Qatar,2022-11-27,0.2266,2.4,0.044,0.163,49.48,1674,9,495.4,0.02,28.38,0.646,71.5,40.4,23.19,0.142,0.7919999999999999,3.7566666666666655,0.0076666666666666,Visa,finance,26.85,250.0,1.0,0.538,0.72,0.914,0.914,real_sponsor_names_with_proxy_commercial_metrics,0.6636131480729871,1552,4,345.5,-0.26,21.17,0.496,69.2,34.3,12.67,0.2156666666666666,0.86,4.223333333333334,-0.0613333333333333,Mengniu,consumer_goods,19.44,62.12,0.391,0.28,0.668,0.598,0.65,real_sponsor_names_with_proxy_commercial_metrics,0.3643404839870979,122,149.89999999999998,5,2.299999999999997,0.28,-0.068,-0.0736666666666666,0.6045045124588039,0.6460131519926602,3.789,0.22,0.4560989834697955,0.16840000000000002,0.8480000000000001,0.353447513023621,0.2,0.5559866347894209
928,2022,Croatia,Canada,group_or_knockout,True,0.0,63.4,18.3,83.2,windy,69.54,252.43,A_win,Al Rayyan,Qatar,2022-11-27,0.2192,2.73,0.007,0.161,67.02,1671,5,489.2,0.13,26.28,0.629,75.1,52.8,21.52,0.2903333333333333,0.7756666666666666,3.4933333333333336,0.102,Hisense,technology,28.53,1070.0,1.0,0.267,0.792,0.927,0.587,real_sponsor_names_with_proxy_commercial_metrics,0.7693425818880185,1404,1,163.9,-1.0,11.34,0.308,62.1,14.1,8.35,0.1956666666666666,0.8916666666666666,2.7900000000000005,0.2693333333333333,Hisense,technology,28.16,1070.0,1.0,0.586,0.646,0.897,0.559,real_sponsor_names_with_proxy_commercial_metrics,0.7351017050612962,267,325.29999999999995,4,12.999999999999991,1.13,-0.1159999999999999,0.0946666666666666,0.6114873261612664,0.6780270991196974,4.332,0.48,0.5791658169931556,0.26393333333333335,0.8324399999999998,0.5349341325911653,0.2,0.607028570805271
929,2022,Cameroon,Serbia,group_or_knockout,True,0.0,55.0,16.2,57.0,clear,71.74,155.51,draw,Al Wakrah,Qatar,2022-11-28,0.1805,7.06,0.255,0.232,79.3,1542,4,334.5,-0.31,21.28,0.489,68.0,29.1,10.52,0.2513333333333333,0.8450000000000001,2.2433333333333336,0.186,Coca-Cola,beverage,31.97,300.0,1.0,0.241,0.693,0.92,0.885,real_sponsor_names_with_proxy_commercial_metrics,0.7331682968582358,1559,2,352.7,-0.38,20.1,0.495,68.8,36.3,15.31,0.141,0.848,1.7433333333333334,0.1526666666666666,Vivo,technology,23.55,77.75,0.555,0.452,0.729,0.727,0.578,real_sponsor_names_with_proxy_commercial_metrics,0.4728882004869282,-17,-18.19999999999999,2,-0.7999999999999972,0.07,-0.0029999999999998,0.1103333333333333,0.3361091814289645,0.4745815181488226,3.417,0.12,0.5559276741638992,0.21279999999999993,0.83381,0.3323485335046029,0.2,0.5399941511604268
930,2022,Brazil,Switzerland,group_or_knockout,True,0.0,59.0,10.1,60.0,windy,60.74,148.95,A_win,Doha,Qatar,2022-11-28,0.2444,5.39,0.225,0.239,52.46,1829,20,683.6,0.5,36.78,0.83,78.8,57.4,18.61,0.1376666666666667,0.7313333333333333,3.723333333333333,0.206,Adidas,apparel,33.15,1830.0,1.0,0.369,0.809,0.916,0.861,real_sponsor_names_with_proxy_commercial_metrics,0.9383411482254695,1632,7,443.7,-0.12,26.09,0.595,72.7,48.1,17.05,0.1836666666666666,0.914,2.223333333333333,0.2486666666666666,Adidas,apparel,31.4,1830.0,1.0,0.14,0.774,0.888,0.845,real_sponsor_names_with_proxy_commercial_metrics,0.90423375782881,197,239.90000000000003,13,6.099999999999994,0.62,-0.1826666666666667,-0.0459999999999999,0.9764150943396226,0.5667370018545951,4.366,0.48,0.4458344062036003,0.19006666666666672,0.87793,0.6479820166987798,0.2,0.6005613173341194
931,2022,South Korea,Ghana,group_or_knockout,True,0.0,58.1,21.4,52.6,hot,69.54,208.94,B_win,Al Rayyan,Qatar,2022-11-28,0.3566,3.35,0.105,0.191,56.32,1548,6,343.4,-0.37,22.9,0.505,70.3,20.2,12.829999999999998,0.151,0.8606666666666666,2.8866666666666667,0.2443333333333333,McDonald's,restaurant,25.44,80.72,0.587,0.49,0.67,0.723,0.661,real_sponsor_names_with_proxy_commercial_metrics,0.5004808180408472,1600,2,402.0,-0.13,21.31,0.537,68.9,36.1,8.969999999999999,0.3763333333333333,0.8766666666666666,0.7333333333333333,0.2983333333333333,Mengniu,consumer_goods,23.07,63.81,0.408,0.27,0.715,0.668,0.644,real_sponsor_names_with_proxy_commercial_metrics,0.4330502275859767,-52,-58.60000000000002,4,1.3999999999999917,-0.24,-0.016,-0.2253333333333333,0.3785695739184261,0.5481858067421814,3.263,0.62,0.565937959867847,0.14633333333333337,0.6669599999999999,0.37807607221865414,0.2,0.48738941419118353
932,2022,Portugal,Uruguay,group_or_knockout,True,0.0,63.8,19.5,43.8,windy,62.94,400.32,A_win,Lusail,Qatar,2022-11-28,0.2914,3.03,0.15,0.175,65.4,1702,6,527.3,0.14,27.94,0.666,76.8,47.1,14.4,0.2406666666666666,0.7363333333333334,3.2266666666666666,0.0836666666666666,Mengniu,consumer_goods,17.76,59.99,0.368,0.468,0.8,0.643,0.574,real_sponsor_names_with_proxy_commercial_metrics,0.3588124240475937,1684,10,508.3,0.07,29.28,0.661,74.8,44.8,20.58,0.1356666666666666,0.8753333333333333,1.923333333333333,0.1913333333333333,Vivo,technology,19.75,76.46,0.542,0.306,0.797,0.741,0.63,real_sponsor_names_with_proxy_commercial_metrics,0.4351767440908576,18,18.999999999999943,-4,2.0,0.07,-0.1389999999999999,0.105,0.6820304126224132,0.5630284987693839,3.768,0.48,0.6729183776904135,0.24986666666666663,0.64909,0.33347334617854846,0.2,0.47022723696493274
933,2022,Ecuador,Senegal,group_or_knockout,True,0.0,73.1,13.7,34.5,clear,65.14,202.52,B_win,Al Rayyan,Qatar,2022-11-29,0.2835,3.43,0.152,0.166,62.59,1623,2,428.7,-0.08,21.59,0.558,71.6,42.9,13.81,0.1486666666666666,0.8836666666666666,1.9966666666666668,0.0626666666666666,McDonald's,restaurant,16.55,66.18,0.433,0.554,0.689,0.657,0.645,real_sponsor_names_with_proxy_commercial_metrics,0.3438219070287941,1638,2,445.8,0.08,21.81,0.572,72.8,30.1,9.94,0.1993333333333333,0.7706666666666666,2.3433333333333333,0.2143333333333333,Budweiser,beverage,31.49,350.0,1.0,0.344,0.754,0.934,0.653,real_sponsor_names_with_proxy_commercial_metrics,0.7276417963741734,-15,-17.100000000000023,0,-1.2000000000000028,-0.16,0.1129999999999999,-0.0506666666666666,0.4857367378812579,0.4984340699384532,3.498,0.12,0.5269647233373692,0.13573333333333332,0.62832,0.30015521301648473,0.2,0.4232925419371514
934,2022,Qatar,Netherlands,group_or_knockout,False,0.18,79.4,25.7,68.1,clear,62.94,282.02,B_win,Al Khor,Qatar,2022-11-29,0.456,3.84,0.131,0.183,50.17,1388,1,142.7,-1.0,8.65,0.277,63.5,12.4,4.78,0.1089999999999999,0.831,4.1000000000000005,0.2029999999999999,McDonald's,restaurant,21.61,73.65,0.512,0.065,0.619,0.704,0.571,real_sponsor_names_with_proxy_commercial_metrics,0.4172794622948886,1746,9,581.1,0.35,31.14,0.724,75.8,49.9,15.97,0.1103333333333333,0.742,2.733333333333333,0.1786666666666666,Hisense,technology,32.27,1070.0,1.0,0.505,0.811,0.856,0.664,real_sponsor_names_with_proxy_commercial_metrics,0.8192941476500228,-358,-438.4,-8,-12.299999999999995,-1.35,0.0889999999999999,-0.0013333333333333,0.0320754716981132,0.4175465548214018,3.167,0.12,0.5953723227458998,0.13299999999999995,0.61379,0.32568721901091835,0.2,0.4300851708499458
935,2022,Wales,England,group_or_knockout,True,0.0,62.0,20.3,45.5,rain,65.14,260.9,B_win,Al Rayyan,Qatar,2022-11-29,0.3737,1.93,0.016,0.131,57.37,1476,1,251.0,-0.25,14.8,0.391,67.0,18.7,9.44,0.2196666666666666,0.746,2.5966666666666667,0.0486666666666666,Coca-Cola,beverage,33.92,300.0,1.0,0.324,0.631,0.878,0.858,real_sponsor_names_with_proxy_commercial_metrics,0.7423596747287995,1695,13,522.2,0.16,30.51,0.678,76.6,52.6,19.34,0.28,0.7986666666666666,2.61,0.1863333333333333,McDonald's,restaurant,20.29,74.13,0.517,0.758,0.819,0.654,0.569,real_sponsor_names_with_proxy_commercial_metrics,0.4256813568338741,-219,-271.20000000000005,-12,-9.599999999999994,-0.41,-0.0526666666666666,-0.0603333333333333,0.2049457211070156,0.424586053887961,3.233,0.48,0.5737863545935153,0.23339999999999994,0.79322,0.32000977663598085,0.2,0.5248544879422441
936,2022,Iran,United States,group_or_knockout,True,0.0,65.7,16.5,96.0,cloudy,60.74,192.41,B_win,Doha,Qatar,2022-11-29,0.0553,1.03,-0.079,-0.009,54.52,1519,3,305.2,-0.44,19.13,0.455,68.7,30.6,12.34,0.1146666666666666,0.8703333333333333,3.7066666666666666,0.2463333333333333,Visa,finance,29.04,250.0,1.0,0.165,0.637,0.935,0.918,real_sponsor_names_with_proxy_commercial_metrics,0.6830613109122354,1578,6,379.0,-0.3,23.84,0.536,71.9,31.0,12.75,0.132,0.7943333333333333,0.7200000000000001,0.0636666666666666,Vivo,technology,22.58,68.24,0.455,0.416,0.676,0.652,0.654,real_sponsor_names_with_proxy_commercial_metrics,0.4277412886284749,-59,-73.80000000000001,-3,-3.200000000000003,-0.14,0.0759999999999999,-0.0173333333333333,0.3004381649565623,0.5126017092024059,3.517,0.22,0.370557267157488,0.12066666666666664,0.8189899999999999,0.5330635838150289,0.2,0.5049932466271078
937,2022,Poland,Argentina,group_or_knockout,True,0.0,43.0,19.7,40.6,cloudy,62.94,136.35,B_win,Doha,Qatar,2022-11-30,0.1961,4.97,0.052,0.13,64.23,1685,6,506.6,0.05,27.64,0.65,72.7,42.5,15.85,0.2053333333333333,0.815,3.9733333333333327,0.268,Coca-Cola,beverage,28.97,300.0,1.0,0.581,0.749,0.899,0.847,real_sponsor_names_with_proxy_commercial_metrics,0.6960284847496763,1753,15,591.7,0.26,33.16,0.743,76.8,58.0,19.5,0.2623333333333333,0.8586666666666667,3.813333333333333,0.2106666666666666,Hyundai,automotive,30.74,590.0,1.0,0.338,0.813,0.936,0.851,real_sponsor_names_with_proxy_commercial_metrics,0.7681302767229082,-68,-85.10000000000002,-9,-4.099999999999994,-0.21,-0.0436666666666667,-0.057,0.616436840876696,0.559292797824707,3.51,0.22,0.4374254316314543,0.1972,0.84638,0.21044387354599303,0.2,0.5337951060571312
938,2022,Saudi Arabia,Mexico,group_or_knockout,True,0.0,56.9,29.4,37.9,windy,65.14,250.45,B_win,Lusail,Qatar,2022-11-30,0.1499,2.85,0.265,0.254,61.87,1543,3,334.4,-0.47,20.17,0.482,68.2,34.6,13.01,0.2876666666666667,0.8483333333333333,5.266666666666667,0.2613333333333333,Visa,finance,27.16,250.0,1.0,0.611,0.648,0.864,0.904,real_sponsor_names_with_proxy_commercial_metrics,0.6490998286575382,1612,10,421.9,-0.18,26.83,0.584,72.1,37.6,18.89,0.2446666666666666,0.7546666666666667,1.1233333333333333,0.211,Hyundai,automotive,28.5,590.0,1.0,0.636,0.712,0.897,0.88,real_sponsor_names_with_proxy_commercial_metrics,0.7185336170151837,-69,-87.5,-7,-3.899999999999992,-0.29,0.0936666666666665,0.043,0.3337070048861339,0.5914970903412005,3.578,0.48,0.5449685921073683,0.2332666666666667,0.80376,0.43543616641689853,0.2,0.5449272625948189
939,2022,Australia,Denmark,group_or_knockout,True,0.0,70.2,26.6,66.2,cloudy,60.74,114.11,A_win,Al Wakrah,Qatar,2022-11-30,0.1047,4.79,0.268,0.176,58.03,1539,3,329.7,-0.4,20.21,0.479,69.8,32.1,7.37,0.2113333333333333,0.8620000000000001,3.056666666666666,0.0496666666666666,Hyundai,automotive,29.32,590.0,1.0,0.218,0.705,0.903,0.913,real_sponsor_names_with_proxy_commercial_metrics,0.7316309656581901,1642,4,453.4,0.04,24.3,0.592,71.5,43.1,19.09,0.1573333333333333,0.8273333333333334,2.966666666666667,0.3496666666666666,Coca-Cola,beverage,33.85,300.0,1.0,0.685,0.715,0.895,0.825,real_sponsor_names_with_proxy_commercial_metrics,0.754749779112933,-103,-123.7,-1,-1.7000000000000028,-0.44,0.0346666666666667,0.0539999999999999,0.3425474064388163,0.3524452375014332,3.665,0.22,0.3798202503520361,0.18199999999999994,0.8387999999999999,0.38088774709198603,0.2,0.47275214832877416
940,2022,Tunisia,France,group_or_knockout,True,0.0,69.3,22.2,82.5,clear,60.74,271.74,A_win,Al Rayyan,Qatar,2022-11-30,0.2561,6.26,0.099,0.11,65.01,1519,3,305.2,-0.39,19.13,0.455,66.6,27.6,11.21,0.2033333333333333,0.8946666666666667,3.3266666666666667,0.1976666666666666,Hyundai,automotive,28.75,590.0,1.0,0.7,0.649,0.867,0.833,real_sponsor_names_with_proxy_commercial_metrics,0.7046561013575636,1748,13,584.8,0.26,32.28,0.733,77.8,46.5,18.67,0.2083333333333333,0.8296666666666667,3.483333333333333,0.3613333333333333,Qatar Airways,airline,24.02,81.37,0.593,0.647,0.801,0.711,0.647,real_sponsor_names_with_proxy_commercial_metrics,0.5007849188790221,-229,-279.6,-10,-11.200000000000005,-0.65,0.065,-0.005,0.2806268442018452,0.5104874405683348,3.902,0.12,0.5396027938588617,0.1641333333333333,0.79428,0.296868978805395,0.2,0.5373257064567215
941,2022,Japan,Spain,group_or_knockout,True,0.0,60.8,26.7,59.0,clear,65.14,196.87,A_win,Al Rayyan,Qatar,2022-12-01,0.2708,3.89,0.043,0.122,57.34,1586,4,387.4,-0.2,22.68,0.535,72.8,37.0,11.9,0.25,0.7706666666666667,4.593333333333333,0.3566666666666667,Adidas,apparel,29.47,1830.0,1.0,0.558,0.648,0.855,0.917,real_sponsor_names_with_proxy_commercial_metrics,0.8586337787056367,1708,12,537.2,0.18,30.58,0.689,77.4,45.2,19.26,0.2126666666666666,0.84,4.25,0.077,Budweiser,beverage,27.85,350.0,1.0,0.321,0.724,0.933,0.612,real_sponsor_names_with_proxy_commercial_metrics,0.6704472243491213,-122,-149.80000000000007,-8,-4.6000000000000085,-0.38,-0.0693333333333332,0.0373333333333333,0.4507401502367096,0.5416910746573331,4.145,0.12,0.4956501643077353,0.2417333333333333,0.8034600000000001,0.312377792050239,0.2,0.5708560406549533
942,2022,Costa Rica,Germany,group_or_knockout,True,0.0,69.5,16.0,67.2,clear,71.74,97.61,B_win,Al Khor,Qatar,2022-12-01,0.2007,3.55,0.142,0.109,73.33,1585,3,384.6,-0.19,21.98,0.529,73.1,26.3,15.16,0.1976666666666666,0.8413333333333334,2.26,0.2056666666666666,Visa,finance,31.23,250.0,1.0,0.397,0.677,0.885,0.896,real_sponsor_names_with_proxy_commercial_metrics,0.7111394737514839,1798,20,646.1,0.4,35.62,0.797,81.3,65.9,22.15,0.2123333333333333,0.851,5.576666666666667,0.3273333333333333,Coca-Cola,beverage,29.19,300.0,1.0,0.286,0.859,0.907,0.902,real_sponsor_names_with_proxy_commercial_metrics,0.7215038709709707,-213,-261.5,-17,-8.200000000000003,-0.5900000000000001,-0.0096666666666666,-0.0146666666666666,0.445992633460652,0.5357216515989603,3.537,0.12,0.4741441365662458,0.1820666666666666,0.8199899999999999,0.3816249197174053,0.2,0.5353789634613142
943,2022,Croatia,Belgium,group_or_knockout,True,0.0,64.4,23.2,28.5,clear,58.54,152.07,draw,Al Rayyan,Qatar,2022-12-01,0.2928,9.52,0.155,0.094,53.41,1671,5,489.2,0.13,26.28,0.629,75.1,52.8,21.52,0.2903333333333333,0.7756666666666666,3.4933333333333336,0.102,Hisense,technology,28.53,1070.0,1.0,0.267,0.792,0.927,0.587,real_sponsor_names_with_proxy_commercial_metrics,0.7693425818880185,1674,9,495.4,0.02,28.38,0.646,71.5,40.4,23.19,0.142,0.7919999999999999,3.7566666666666655,0.0076666666666666,Visa,finance,26.85,250.0,1.0,0.538,0.72,0.914,0.914,real_sponsor_names_with_proxy_commercial_metrics,0.6636131480729871,-3,-6.199999999999989,-4,3.5999999999999943,0.11,-0.0163333333333333,0.1483333333333333,0.6114873261612664,0.5936375469235223,4.042,0.12,0.41705587023779145,0.26393333333333335,0.8324399999999998,0.08954720616570325,0.2,0.550977506839269
944,2022,Canada,Morocco,group_or_knockout,True,0.0,73.6,23.9,47.2,clear,65.14,223.55,B_win,Doha,Qatar,2022-12-01,0.1696,3.23,0.168,0.198,60.62,1404,1,163.9,-1.0,11.34,0.308,62.1,14.1,8.35,0.1956666666666666,0.8916666666666666,2.7900000000000005,0.2693333333333333,Hisense,technology,28.16,1070.0,1.0,0.586,0.646,0.897,0.559,real_sponsor_names_with_proxy_commercial_metrics,0.7351017050612962,1552,4,345.5,-0.26,21.17,0.496,69.2,34.3,12.67,0.2156666666666666,0.86,4.223333333333334,-0.0613333333333333,Mengniu,consumer_goods,19.44,62.12,0.391,0.28,0.668,0.598,0.65,real_sponsor_names_with_proxy_commercial_metrics,0.3643404839870979,-148,-181.6,-3,-7.100000000000001,-0.74,0.0316666666666666,-0.02,0.0449929391486813,0.4671385530421446,3.663,0.12,0.5138659359747351,0.1607333333333333,0.75942,0.18855776778705485,0.2,0.5226711912614587
945,2022,Serbia,Switzerland,group_or_knockout,True,0.0,61.8,20.2,40.8,rain,69.54,185.96,B_win,Doha,Qatar,2022-12-02,0.1706,0.51,-0.082,0.014,68.16,1559,2,352.7,-0.38,20.1,0.495,68.8,36.3,15.31,0.141,0.848,1.7433333333333334,0.1526666666666666,Vivo,technology,23.55,77.75,0.555,0.452,0.729,0.727,0.578,real_sponsor_names_with_proxy_commercial_metrics,0.4728882004869282,1632,7,443.7,-0.12,26.09,0.595,72.7,48.1,17.05,0.1836666666666666,0.914,2.223333333333333,0.2486666666666666,Adidas,apparel,31.4,1830.0,1.0,0.14,0.774,0.888,0.845,real_sponsor_names_with_proxy_commercial_metrics,0.90423375782881,-73,-91.0,-5,-3.9000000000000057,-0.26,-0.066,-0.0426666666666666,0.358888880308777,0.5413152235024233,3.293,0.48,0.4836995777691692,0.1454,0.67453,0.30230229073003634,0.2,0.4635115462513752
946,2022,Cameroon,Brazil,group_or_knockout,True,0.0,53.4,25.6,27.7,rain,60.74,212.05,A_win,Lusail,Qatar,2022-12-02,0.3523,2.21,0.372,0.258,62.59,1542,4,334.5,-0.31,21.28,0.489,68.0,29.1,10.52,0.2513333333333333,0.8450000000000001,2.2433333333333336,0.186,Coca-Cola,beverage,31.97,300.0,1.0,0.241,0.693,0.92,0.885,real_sponsor_names_with_proxy_commercial_metrics,0.7331682968582358,1829,20,683.6,0.5,36.78,0.83,78.8,57.4,18.61,0.1376666666666667,0.7313333333333333,3.723333333333333,0.206,Adidas,apparel,33.15,1830.0,1.0,0.369,0.809,0.916,0.861,real_sponsor_names_with_proxy_commercial_metrics,0.9383411482254695,-287,-349.1,-16,-10.799999999999995,-0.81,0.1136666666666668,0.1136666666666666,0.3361091814289645,0.4448181301096673,3.496,0.48,0.5520039540036138,0.21279999999999993,0.83381,0.2925181617069864,0.2,0.5308756584774063
947,2022,Ghana,Uruguay,group_or_knockout,True,0.0,62.4,18.3,59.9,cloudy,62.94,141.77,B_win,Al Wakrah,Qatar,2022-12-02,0.2225,6.06,0.21,0.143,70.51,1600,2,402.0,-0.13,21.31,0.537,68.9,36.1,8.969999999999999,0.3763333333333333,0.8766666666666666,0.7333333333333333,0.2983333333333333,Mengniu,consumer_goods,23.07,63.81,0.408,0.27,0.715,0.668,0.644,real_sponsor_names_with_proxy_commercial_metrics,0.4330502275859767,1684,10,508.3,0.07,29.28,0.661,74.8,44.8,20.58,0.1356666666666666,0.8753333333333333,1.923333333333333,0.1913333333333333,Vivo,technology,19.75,76.46,0.542,0.306,0.797,0.741,0.63,real_sponsor_names_with_proxy_commercial_metrics,0.4351767440908576,-84,-106.3,-8,-5.899999999999992,-0.2,0.0013333333333332,0.2406666666666667,0.4244551084744016,0.4021147959982434,2.999,0.22,0.46739079584385634,0.27513333333333334,0.6373399999999999,0.3302551202454863,0.2,0.3987219566689138
948,2022,South Korea,Portugal,group_or_knockout,True,0.0,24.0,26.1,22.1,clear,65.14,129.14,A_win,Al Rayyan,Qatar,2022-12-02,0.1836,0.08,0.104,0.176,57.12,1548,6,343.4,-0.37,22.9,0.505,70.3,20.2,12.829999999999998,0.151,0.8606666666666666,2.8866666666666667,0.2443333333333333,McDonald's,restaurant,25.44,80.72,0.587,0.49,0.67,0.723,0.661,real_sponsor_names_with_proxy_commercial_metrics,0.5004808180408472,1702,6,527.3,0.14,27.94,0.666,76.8,47.1,14.4,0.2406666666666666,0.7363333333333334,3.2266666666666666,0.0836666666666666,Mengniu,consumer_goods,17.76,59.99,0.368,0.468,0.8,0.643,0.574,real_sponsor_names_with_proxy_commercial_metrics,0.3588124240475937,-154,-183.9,0,-6.5,-0.51,0.1243333333333331,-0.0896666666666666,0.3785695739184261,0.5006233882486013,3.003,0.12,0.433930360276659,0.14633333333333337,0.6669599999999999,0.1373264111896097,0.2,0.44767041709474353
949,2022,Netherlands,United States,group_or_knockout,True,0.0,63.0,26.3,36.8,rain,67.34,188.62,A_win,Al Rayyan,Qatar,2022-12-03,0.1033,1.22,0.062,0.13,55.04,1746,9,581.1,0.35,31.14,0.724,75.8,49.9,15.97,0.1103333333333333,0.742,2.733333333333333,0.1786666666666666,Hisense,technology,32.27,1070.0,1.0,0.505,0.811,0.856,0.664,real_sponsor_names_with_proxy_commercial_metrics,0.8192941476500228,1578,6,379.0,-0.3,23.84,0.536,71.9,31.0,12.75,0.132,0.7943333333333333,0.7200000000000001,0.0636666666666666,Vivo,technology,22.58,68.24,0.455,0.416,0.676,0.652,0.654,real_sponsor_names_with_proxy_commercial_metrics,0.4277412886284749,168,202.1,3,3.899999999999992,0.6499999999999999,-0.0523333333333333,-0.0216666666666666,0.7581498473599972,0.54429720615758,4.166,0.48,0.45109463211345385,0.1694,0.8342200000000001,0.3500472418468565,0.2,0.5618795395828188
950,2022,Argentina,Australia,group_or_knockout,True,0.0,24.0,5.5,49.4,rain,65.14,187.8,A_win,Al Rayyan,Qatar,2022-12-03,0.1993,5.12,0.199,0.153,60.86,1753,15,591.7,0.26,33.16,0.743,76.8,58.0,19.5,0.2623333333333333,0.8586666666666667,3.813333333333333,0.2106666666666666,Hyundai,automotive,30.74,590.0,1.0,0.338,0.813,0.936,0.851,real_sponsor_names_with_proxy_commercial_metrics,0.7681302767229082,1539,3,329.7,-0.4,20.21,0.479,69.8,32.1,7.37,0.2113333333333333,0.8620000000000001,3.056666666666666,0.0496666666666666,Hyundai,automotive,29.32,590.0,1.0,0.218,0.705,0.903,0.913,real_sponsor_names_with_proxy_commercial_metrics,0.7316309656581901,214,262.00000000000006,12,7.0,0.66,-0.0033333333333334,0.051,0.8112048561394937,0.6447585833630303,3.745,0.48,0.4853280120627339,0.2139333333333333,0.8831100000000001,0.7218327267537287,0.2,0.5887486721676933
951,2022,France,Poland,group_or_knockout,True,0.0,35.6,30.1,44.7,hot,67.34,174.55,A_win,Doha,Qatar,2022-12-04,0.1682,2.23,0.159,0.089,65.78,1748,13,584.8,0.26,32.28,0.733,77.8,46.5,18.67,0.2083333333333333,0.8296666666666667,3.483333333333333,0.3613333333333333,Qatar Airways,airline,24.02,81.37,0.593,0.647,0.801,0.711,0.647,real_sponsor_names_with_proxy_commercial_metrics,0.5007849188790221,1685,6,506.6,0.05,27.64,0.65,72.7,42.5,15.85,0.2053333333333333,0.815,3.9733333333333327,0.268,Coca-Cola,beverage,28.97,300.0,1.0,0.581,0.749,0.899,0.847,real_sponsor_names_with_proxy_commercial_metrics,0.6960284847496763,63,78.19999999999993,7,5.099999999999994,0.21,0.0146666666666667,0.003,0.8018213325687816,0.6503396830077135,3.625,0.62,0.47521680871410327,0.19313333333333332,0.7179599999999999,0.5390269749518304,0.2,0.5022532535159457
952,2022,England,Senegal,group_or_knockout,True,0.0,63.9,4.7,64.3,cloudy,65.14,262.48,A_win,Al Khor,Qatar,2022-12-04,0.5839,2.57,0.127,0.154,56.16,1695,13,522.2,0.16,30.51,0.678,76.6,52.6,19.34,0.28,0.7986666666666666,2.61,0.1863333333333333,McDonald's,restaurant,20.29,74.13,0.517,0.758,0.819,0.654,0.569,real_sponsor_names_with_proxy_commercial_metrics,0.4256813568338741,1638,2,445.8,0.08,21.81,0.572,72.8,30.1,9.94,0.1993333333333333,0.7706666666666666,2.3433333333333333,0.2143333333333333,Budweiser,beverage,31.49,350.0,1.0,0.344,0.754,0.934,0.653,real_sponsor_names_with_proxy_commercial_metrics,0.7276417963741734,57,76.40000000000003,11,3.799999999999997,0.08,0.028,0.0806666666666666,0.7074856858162286,0.6280778647983758,3.858,0.22,0.635782669226117,0.24853333333333336,0.68589,0.7030246913580247,0.2,0.5022944616288985
953,2022,Japan,Croatia,group_or_knockout,True,0.0,64.2,19.3,62.9,rain,62.94,141.76,draw,Al Wakrah,Qatar,2022-12-05,0.1996,5.05,0.156,0.17,69.27,1586,4,387.4,-0.2,22.68,0.535,72.8,37.0,11.9,0.25,0.7706666666666667,4.593333333333333,0.3566666666666667,Adidas,apparel,29.47,1830.0,1.0,0.558,0.648,0.855,0.917,real_sponsor_names_with_proxy_commercial_metrics,0.8586337787056367,1671,5,489.2,0.13,26.28,0.629,75.1,52.8,21.52,0.2903333333333333,0.7756666666666666,3.4933333333333336,0.102,Hisense,technology,28.53,1070.0,1.0,0.267,0.792,0.927,0.587,real_sponsor_names_with_proxy_commercial_metrics,0.7693425818880185,-85,-101.8,-1,-2.299999999999997,-0.33,-0.0049999999999998,-0.0403333333333333,0.4507401502367096,0.5126143653670232,3.982,0.48,0.46452589343562173,0.2417333333333333,0.8034600000000001,0.4212065225148076,0.2,0.5564897078792438
954,2022,Brazil,South Korea,group_or_knockout,True,0.0,42.9,29.2,72.3,cloudy,69.54,216.93,A_win,Doha,Qatar,2022-12-05,0.1258,1.29,0.111,0.125,74.24,1829,20,683.6,0.5,36.78,0.83,78.8,57.4,18.61,0.1376666666666667,0.7313333333333333,3.723333333333333,0.206,Adidas,apparel,33.15,1830.0,1.0,0.369,0.809,0.916,0.861,real_sponsor_names_with_proxy_commercial_metrics,0.9383411482254695,1548,6,343.4,-0.37,22.9,0.505,70.3,20.2,12.829999999999998,0.151,0.8606666666666666,2.8866666666666667,0.2443333333333333,McDonald's,restaurant,25.44,80.72,0.587,0.49,0.67,0.723,0.661,real_sponsor_names_with_proxy_commercial_metrics,0.5004808180408472,281,340.20000000000005,14,8.5,0.87,-0.1293333333333333,-0.0133333333333333,0.9764150943396226,0.6299635013014996,4.352,0.22,0.5361060488060879,0.19006666666666672,0.87793,0.4748758295868122,0.2,0.6363190656997502
955,2022,Morocco,Spain,group_or_knockout,True,0.0,48.7,21.1,70.0,cloudy,58.54,170.5,draw,Al Rayyan,Qatar,2022-12-06,0.2516,-0.28,0.152,0.153,56.06,1552,4,345.5,-0.26,21.17,0.496,69.2,34.3,12.67,0.2156666666666666,0.86,4.223333333333334,-0.0613333333333333,Mengniu,consumer_goods,19.44,62.12,0.391,0.28,0.668,0.598,0.65,real_sponsor_names_with_proxy_commercial_metrics,0.3643404839870979,1708,12,537.2,0.18,30.58,0.689,77.4,45.2,19.26,0.2126666666666666,0.84,4.25,0.077,Budweiser,beverage,27.85,350.0,1.0,0.321,0.724,0.933,0.612,real_sponsor_names_with_proxy_commercial_metrics,0.6704472243491213,-156,-191.70000000000005,-8,-8.200000000000003,-0.44,0.02,0.003,0.3627181368394233,0.4536137050005615,3.087,0.22,0.4401159109993299,0.18539999999999995,0.59794,0.30106472561193176,0.2,0.3910643357569267
956,2022,Portugal,Switzerland,group_or_knockout,True,0.0,75.8,14.2,76.3,hot,73.94,136.64,A_win,Lusail,Qatar,2022-12-06,0.5619,-0.12,0.178,0.2,69.65,1702,6,527.3,0.14,27.94,0.666,76.8,47.1,14.4,0.2406666666666666,0.7363333333333334,3.2266666666666666,0.0836666666666666,Mengniu,consumer_goods,17.76,59.99,0.368,0.468,0.8,0.643,0.574,real_sponsor_names_with_proxy_commercial_metrics,0.3588124240475937,1632,7,443.7,-0.12,26.09,0.595,72.7,48.1,17.05,0.1836666666666666,0.914,2.223333333333333,0.2486666666666666,Adidas,apparel,31.4,1830.0,1.0,0.14,0.774,0.888,0.845,real_sponsor_names_with_proxy_commercial_metrics,0.90423375782881,70,83.59999999999997,-1,4.099999999999994,0.26,-0.1776666666666666,0.0569999999999999,0.6820304126224132,0.5206742090297943,3.738,0.62,0.627762392111232,0.24986666666666663,0.64909,0.6677667166202812,0.2,0.44933683872201136
957,2022,Croatia,Brazil,group_or_knockout,True,0.0,51.7,16.4,58.0,clear,62.94,124.32,draw,Al Rayyan,Qatar,2022-12-09,0.334,4.02,0.147,0.188,50.02,1671,5,489.2,0.13,26.28,0.629,75.1,52.8,21.52,0.2903333333333333,0.7756666666666666,3.4933333333333336,0.102,Hisense,technology,28.53,1070.0,1.0,0.267,0.792,0.927,0.587,real_sponsor_names_with_proxy_commercial_metrics,0.7693425818880185,1829,20,683.6,0.5,36.78,0.83,78.8,57.4,18.61,0.1376666666666667,0.7313333333333333,3.723333333333333,0.206,Adidas,apparel,33.15,1830.0,1.0,0.369,0.809,0.916,0.861,real_sponsor_names_with_proxy_commercial_metrics,0.9383411482254695,-158,-194.40000000000003,-15,-3.700000000000003,-0.37,0.0443333333333333,0.1526666666666666,0.6114873261612664,0.6037554532750535,3.926,0.12,0.445741780297122,0.26393333333333335,0.8324399999999998,0.33146720902019555,0.2,0.5595477026295639
958,2022,Netherlands,Argentina,group_or_knockout,True,0.0,87.2,29.2,62.9,clear,67.34,193.08,draw,Lusail,Qatar,2022-12-09,0.2002,3.34,0.143,0.137,65.54,1746,9,581.1,0.35,31.14,0.724,75.8,49.9,15.97,0.1103333333333333,0.742,2.733333333333333,0.1786666666666666,Hisense,technology,32.27,1070.0,1.0,0.505,0.811,0.856,0.664,real_sponsor_names_with_proxy_commercial_metrics,0.8192941476500228,1753,15,591.7,0.26,33.16,0.743,76.8,58.0,19.5,0.2623333333333333,0.8586666666666667,3.813333333333333,0.2106666666666666,Hyundai,automotive,30.74,590.0,1.0,0.338,0.813,0.936,0.851,real_sponsor_names_with_proxy_commercial_metrics,0.7681302767229082,-7,-10.600000000000025,-6,-1.0,0.0899999999999999,-0.1166666666666667,-0.152,0.7581498473599972,0.5458499957824385,4.274,0.12,0.5088360365724567,0.1694,0.8342200000000001,0.39425854563619495,0.2,0.5738626015695797
959,2022,Morocco,Portugal,group_or_knockout,True,0.0,58.0,11.5,66.2,clear,60.74,302.28,A_win,Doha,Qatar,2022-12-10,0.2485,1.35,0.231,0.203,60.4,1552,4,345.5,-0.26,21.17,0.496,69.2,34.3,12.67,0.2156666666666666,0.86,4.223333333333334,-0.0613333333333333,Mengniu,consumer_goods,19.44,62.12,0.391,0.28,0.668,0.598,0.65,real_sponsor_names_with_proxy_commercial_metrics,0.3643404839870979,1702,6,527.3,0.14,27.94,0.666,76.8,47.1,14.4,0.2406666666666666,0.7363333333333334,3.2266666666666666,0.0836666666666666,Mengniu,consumer_goods,17.76,59.99,0.368,0.468,0.8,0.643,0.574,real_sponsor_names_with_proxy_commercial_metrics,0.3588124240475937,-150,-181.79999999999995,-2,-7.599999999999994,-0.4,0.1236666666666665,-0.0249999999999999,0.3627181368394233,0.5093837731558728,3.425,0.12,0.571266633387922,0.18539999999999995,0.59794,0.4943559551844715,0.2,0.4329100993181323
960,2022,England,France,group_or_knockout,True,0.0,63.3,29.8,60.3,cloudy,65.14,218.93,B_win,Al Khor,Qatar,2022-12-10,0.3381,0.37,-0.008,0.04,71.72,1695,13,522.2,0.16,30.51,0.678,76.6,52.6,19.34,0.28,0.7986666666666666,2.61,0.1863333333333333,McDonald's,restaurant,20.29,74.13,0.517,0.758,0.819,0.654,0.569,real_sponsor_names_with_proxy_commercial_metrics,0.4256813568338741,1748,13,584.8,0.26,32.28,0.733,77.8,46.5,18.67,0.2083333333333333,0.8296666666666667,3.483333333333333,0.3613333333333333,Qatar Airways,airline,24.02,81.37,0.593,0.647,0.801,0.711,0.647,real_sponsor_names_with_proxy_commercial_metrics,0.5007849188790221,-53,-62.59999999999991,0,-1.2000000000000028,-0.1,-0.031,0.0716666666666666,0.7074856858162286,0.6129155356139385,3.605,0.22,0.546206373640427,0.24853333333333336,0.68589,0.4386309141511454,0.2,0.48013375034011807
961,2022,Argentina,Croatia,group_or_knockout,True,0.0,79.0,22.7,51.6,cloudy,65.14,114.82,A_win,Lusail,Qatar,2022-12-13,0.3341,2.23,0.056,0.227,62.56,1753,15,591.7,0.26,33.16,0.743,76.8,58.0,19.5,0.2623333333333333,0.8586666666666667,3.813333333333333,0.2106666666666666,Hyundai,automotive,30.74,590.0,1.0,0.338,0.813,0.936,0.851,real_sponsor_names_with_proxy_commercial_metrics,0.7681302767229082,1671,5,489.2,0.13,26.28,0.629,75.1,52.8,21.52,0.2903333333333333,0.7756666666666666,3.4933333333333336,0.102,Hisense,technology,28.53,1070.0,1.0,0.267,0.792,0.927,0.587,real_sponsor_names_with_proxy_commercial_metrics,0.7693425818880185,82,102.50000000000006,10,1.7000000000000028,0.13,0.083,-0.0279999999999999,0.8112048561394937,0.6193499316091787,4.294,0.22,0.49081358235360184,0.2139333333333333,0.8831100000000001,0.21635624063369727,0.2,0.5827313637347885
962,2022,France,Morocco,group_or_knockout,True,0.0,59.7,15.8,52.7,rain,62.94,75.28,A_win,Al Khor,Qatar,2022-12-14,0.2431,5.14,0.122,0.12,52.66,1748,13,584.8,0.26,32.28,0.733,77.8,46.5,18.67,0.2083333333333333,0.8296666666666667,3.483333333333333,0.3613333333333333,Qatar Airways,airline,24.02,81.37,0.593,0.647,0.801,0.711,0.647,real_sponsor_names_with_proxy_commercial_metrics,0.5007849188790221,1552,4,345.5,-0.26,21.17,0.496,69.2,34.3,12.67,0.2156666666666666,0.86,4.223333333333334,-0.0613333333333333,Mengniu,consumer_goods,19.44,62.12,0.391,0.28,0.668,0.598,0.65,real_sponsor_names_with_proxy_commercial_metrics,0.3643404839870979,196,239.29999999999995,9,8.599999999999994,0.52,-0.0303333333333333,-0.0073333333333333,0.8018213325687816,0.5959986066674973,3.683,0.48,0.37430296795520396,0.19313333333333332,0.7179599999999999,0.46817291086847923,0.2,0.4668549839889054
963,2022,Croatia,Morocco,group_or_knockout,True,0.0,45.0,19.5,44.9,cloudy,65.14,228.56,A_win,Al Rayyan,Qatar,2022-12-17,0.1789,1.04,0.061,0.108,55.03,1671,5,489.2,0.13,26.28,0.629,75.1,52.8,21.52,0.2903333333333333,0.7756666666666666,3.4933333333333336,0.102,Hisense,technology,28.53,1070.0,1.0,0.267,0.792,0.927,0.587,real_sponsor_names_with_proxy_commercial_metrics,0.7693425818880185,1552,4,345.5,-0.26,21.17,0.496,69.2,34.3,12.67,0.2156666666666666,0.86,4.223333333333334,-0.0613333333333333,Mengniu,consumer_goods,19.44,62.12,0.391,0.28,0.668,0.598,0.65,real_sponsor_names_with_proxy_commercial_metrics,0.3643404839870979,119,143.7,1,5.899999999999992,0.39,-0.0843333333333333,0.0746666666666666,0.6114873261612664,0.6499372195764176,4.109,0.22,0.4845430380831006,0.26393333333333335,0.8324399999999998,0.2342264325983016,0.2,0.5802388487511416
964,2022,Argentina,France,group_or_knockout,True,0.0,56.6,16.9,64.7,clear,71.74,199.56,draw,Lusail,Qatar,2022-12-18,0.3257,1.41,0.088,0.151,60.09,1753,15,591.7,0.26,33.16,0.743,76.8,58.0,19.5,0.2623333333333333,0.8586666666666667,3.813333333333333,0.2106666666666666,Hyundai,automotive,30.74,590.0,1.0,0.338,0.813,0.936,0.851,real_sponsor_names_with_proxy_commercial_metrics,0.7681302767229082,1748,13,584.8,0.26,32.28,0.733,77.8,46.5,18.67,0.2083333333333333,0.8296666666666667,3.483333333333333,0.3613333333333333,Qatar Airways,airline,24.02,81.37,0.593,0.647,0.801,0.711,0.647,real_sponsor_names_with_proxy_commercial_metrics,0.5007849188790221,5,6.900000000000091,2,-1.0,0.0,0.029,0.054,0.8112048561394937,0.6785219169089535,4.11,0.12,0.5617270174163015,0.2139333333333333,0.8831100000000001,0.34741204595732533,0.2,0.6134822066312654
