panel_id,year,match_id,team,opponent,team_side,stage,sponsor,result_for_team,match_points,team_elo,core_player_rating,core_market_value_m,player_followers_m,event_attention_m,media_reposts_k,exposure_score,fan_score_panel,sponsor_spend_m,sponsor_power_index,brand_fit,activation_quality,commercial_momentum,predicted_roi,roi_per_million_spend,attention_segment,commercial_segment,weather,temperature_c,humidity
1966_1_Australia,1966,1,Australia,Netherlands,A,group,Emirates,draw,1,1505,93.1,143.4,5.84,44.85,117.61,0.415,0.275,9.07,0.582,0.797,0.723,0.411,3.712,0.409,Low attention,Scalable,clear,22.7,43.2
2002_2_England,2002,2,England,Saudi Arabia,A,group,Adidas,loss,0,1657,92.1,111.6,17.13,34.61,83.71,0.349,0.391,7.09,0.262,0.339,0.129,0.3,3.446,0.486,Mid attention,Watchlist,rain,20.6,74.1
1938_3_Portugal,1938,3,Portugal,Senegal,A,group,Adidas,draw,1,1416,86.4,101.0,5.55,52.78,127.18,0.493,0.309,12.32,0.731,0.714,0.893,0.488,3.705,0.301,Low attention,Scalable,rain,24.5,36.8
1986_4_Ghana,1986,4,Ghana,Brazil,A,group,Samsung,win,3,1646,87.8,81.7,2.89,59.15,262.94,0.66,0.363,8.2,0.527,0.86,0.717,0.536,3.885,0.474,Mid attention,Scalable,cloudy,24.5,34.7
1998_5_Qatar,1998,5,Qatar,Canada,A,group,Qatar Airways,loss,0,1589,93.0,185.9,3.32,45.57,209.3,0.525,0.284,6.71,0.428,0.445,0.728,0.348,3.774,0.562,Low attention,Watchlist,cloudy,6.9,40.3
2022_6_Mexico,2022,6,Mexico,Qatar,A,group,Mastercard,win,3,1353,87.2,78.0,6.91,37.07,99.32,0.379,0.249,8.52,0.451,0.481,0.718,0.416,3.006,0.353,Low attention,Scalable,clear,21.9,24.7
2022_7_Germany,2022,7,Germany,France,A,group,Qatar Airways,draw,1,1468,91.0,78.5,8.32,35.69,107.19,0.358,0.269,9.37,0.51,0.68,0.549,0.373,3.281,0.35,Low attention,Watchlist,hot,24.6,23.4
1942_8_Nigeria,1942,8,Nigeria,Italy,A,final,Adidas,win,3,1409,93.4,118.0,10.18,63.44,225.76,0.68,0.478,3.77,0.464,0.787,0.819,0.562,4.414,1.171,Mid attention,Scalable,windy,20.8,70.0
1962_9_Japan,1962,9,Japan,Nigeria,A,semi_final,Pepsi,draw,1,1508,92.4,147.9,10.25,38.6,107.12,0.407,0.312,13.35,0.59,0.856,0.917,0.426,3.625,0.272,Low attention,Scalable,windy,30.0,86.1
1982_10_Senegal,1982,10,Senegal,Ghana,A,group,Adidas,loss,0,1511,91.9,152.7,10.6,40.97,100.21,0.41,0.324,15.86,0.559,0.641,0.372,0.387,3.173,0.2,Low attention,Scalable,clear,22.2,84.6
1978_11_Belgium,1978,11,Belgium,France,A,quarter_final,Nike,draw,1,1252,87.3,100.1,7.7,42.81,139.45,0.422,0.306,10.39,0.567,0.776,0.539,0.419,3.512,0.338,Low attention,Scalable,clear,21.3,69.9
2014_12_Morocco,2014,12,Morocco,Portugal,A,group,Sony,win,3,1334,86.7,67.3,6.16,41.56,204.68,0.497,0.309,3.39,0.433,0.526,0.717,0.454,3.466,1.022,Low attention,Scalable,cloudy,14.2,69.8
1970_13_Ghana,1970,13,Ghana,South Korea,A,group,Samsung,loss,0,1646,87.8,81.7,2.89,36.35,71.89,0.352,0.169,8.2,0.527,0.86,0.717,0.307,3.419,0.417,Low attention,Watchlist,rain,30.1,47.9
2022_14_Australia,2022,14,Australia,Canada,A,group,Emirates,draw,1,1505,93.1,143.4,5.84,27.26,40.56,0.268,0.16,9.07,0.582,0.797,0.723,0.341,3.405,0.375,Low attention,Watchlist,clear,34.0,49.8
1982_15_Japan,1982,15,Japan,England,A,round_16,Pepsi,loss,0,1508,92.4,147.9,10.25,55.65,136.38,0.529,0.4,13.35,0.59,0.856,0.917,0.448,3.61,0.27,Mid attention,Scalable,clear,16.0,19.2
1982_16_Germany,1982,16,Germany,Belgium,A,group,Qatar Airways,loss,0,1468,91.0,78.5,8.32,41.3,125.48,0.44,0.302,9.37,0.51,0.68,0.549,0.368,3.413,0.364,Low attention,Watchlist,windy,23.1,69.1
2010_17_Nigeria,2010,17,Nigeria,Senegal,A,semi_final,Adidas,draw,1,1409,93.4,118.0,10.18,48.66,209.3,0.478,0.406,3.77,0.464,0.787,0.819,0.431,4.111,1.09,Mid attention,Scalable,clear,32.3,15.0
1978_18_Germany,1978,18,Germany,South Korea,A,group,Qatar Airways,loss,0,1468,91.0,78.5,8.32,44.18,179.72,0.488,0.342,9.37,0.51,0.68,0.549,0.391,3.471,0.37,Mid attention,Scalable,rain,15.7,47.5
2022_19_Croatia,2022,19,Croatia,Spain,A,group,Qatar Airways,loss,0,1624,92.9,108.1,12.03,31.65,71.83,0.348,0.292,8.24,0.507,0.515,0.83,0.346,3.456,0.419,Low attention,Watchlist,clear,23.8,37.1
1974_20_France,1974,20,France,Canada,A,round_16,Nike,win,3,1520,89.8,66.0,5.59,34.25,104.94,0.337,0.219,5.5,0.394,0.373,0.537,0.378,3.443,0.626,Low attention,Watchlist,cloudy,17.6,42.3
1942_21_Mexico,1942,21,Mexico,Portugal,A,quarter_final,Mastercard,loss,0,1353,87.2,78.0,6.91,48.89,117.38,0.451,0.309,8.52,0.451,0.481,0.718,0.352,3.363,0.395,Low attention,Watchlist,hot,22.0,47.5
1954_22_Portugal,1954,22,Portugal,Germany,A,round_16,Adidas,win,3,1416,86.4,101.0,5.55,41.25,224.39,0.519,0.308,12.32,0.731,0.714,0.893,0.559,3.792,0.308,Low attention,Scalable,clear,22.3,52.5
1958_23_Uruguay,1958,23,Uruguay,Netherlands,A,group,Samsung,draw,1,1542,86.2,160.0,3.94,40.2,109.11,0.392,0.221,7.33,0.424,0.483,0.539,0.332,3.397,0.463,Low attention,Watchlist,cloudy,24.2,53.5
1990_24_Ghana,1990,24,Ghana,Italy,A,group,Samsung,loss,0,1646,87.8,81.7,2.89,42.67,124.14,0.459,0.222,8.2,0.527,0.86,0.717,0.346,3.538,0.431,Low attention,Watchlist,rain,24.6,65.1
1954_25_Canada,1954,25,Canada,Senegal,A,group,Nike,draw,1,1538,88.1,105.0,2.03,40.5,184.44,0.431,0.23,4.93,0.451,0.945,0.713,0.351,3.542,0.718,Low attention,Watchlist,cloudy,31.9,56.3
1978_26_Argentina,1978,26,Argentina,Netherlands,A,final,Nike,win,3,1486,87.3,148.5,3.08,65.28,197.12,0.669,0.359,11.04,0.476,0.575,0.332,0.519,4.037,0.366,Mid attention,Scalable,windy,19.4,68.5
2022_27_Senegal,2022,27,Senegal,Qatar,A,group,Adidas,draw,1,1511,91.9,152.7,10.6,43.46,109.84,0.369,0.34,15.86,0.559,0.641,0.372,0.419,3.223,0.203,Mid attention,Scalable,windy,25.4,49.4
1994_28_Spain,1994,28,Spain,Portugal,A,group,Emirates,draw,1,1583,88.4,104.5,3.79,44.96,264.16,0.536,0.317,12.91,0.551,0.596,0.308,0.437,3.557,0.276,Low attention,Scalable,clear,26.1,74.6
1974_29_South_Korea,1974,29,South Korea,Belgium,A,quarter_final,Sony,win,3,1417,87.2,148.7,5.3,41.75,340.98,0.565,0.365,1.99,0.342,0.904,0.287,0.457,3.782,1.901,Mid attention,Scalable,clear,29.4,36.0
1994_30_Uruguay,1994,30,Uruguay,Nigeria,A,quarter_final,Samsung,draw,1,1542,86.2,160.0,3.94,41.05,140.83,0.41,0.24,7.33,0.424,0.483,0.539,0.343,3.64,0.497,Low attention,Watchlist,clear,13.9,89.0
2006_31_Ghana,2006,31,Ghana,Mexico,A,group,Samsung,win,3,1646,87.8,81.7,2.89,35.59,87.47,0.319,0.173,8.2,0.527,0.86,0.717,0.402,3.448,0.42,Low attention,Scalable,clear,10.2,53.3
1954_32_Canada,1954,32,Canada,Spain,A,group,Nike,draw,1,1538,88.1,105.0,2.03,42.67,168.24,0.478,0.231,4.93,0.451,0.945,0.713,0.36,3.521,0.714,Low attention,Watchlist,windy,15.9,60.9
1934_33_Italy,1934,33,Italy,Saudi Arabia,A,group,Mastercard,loss,0,1557,87.9,148.1,6.17,41.55,169.31,0.464,0.292,13.6,0.667,0.776,0.732,0.421,3.565,0.262,Low attention,Scalable,hot,29.7,59.7
1934_34_Italy,1934,34,Italy,Canada,A,final,Mastercard,win,3,1557,87.9,148.1,6.17,60.43,125.83,0.596,0.351,13.6,0.667,0.776,0.732,0.568,4.065,0.299,Mid attention,Scalable,cloudy,22.0,48.8
1962_35_Ghana,1962,35,Ghana,France,A,group,Samsung,win,3,1646,87.8,81.7,2.89,43.92,172.89,0.476,0.252,8.2,0.527,0.86,0.717,0.461,3.619,0.441,Low attention,Scalable,hot,24.4,59.9
2002_36_Netherlands,2002,36,Netherlands,Nigeria,A,group,Coca-Cola,draw,1,1525,91.0,47.9,3.87,38.36,119.27,0.451,0.217,12.96,0.731,0.68,0.64,0.445,3.567,0.275,Low attention,Scalable,hot,20.3,65.6
1994_37_Qatar,1994,37,Qatar,Argentina,A,final,Qatar Airways,win,3,1589,93.0,185.9,3.32,66.87,178.83,0.688,0.361,6.71,0.428,0.445,0.728,0.506,4.372,0.652,Mid attention,Scalable,clear,26.2,80.7
2018_38_France,2018,38,France,Uruguay,A,round_16,Nike,loss,0,1520,89.8,66.0,5.59,44.38,91.5,0.428,0.256,5.5,0.394,0.373,0.537,0.308,3.533,0.642,Low attention,Watchlist,clear,23.6,71.2
1954_39_Portugal,1954,39,Portugal,Australia,A,group,Adidas,loss,0,1416,86.4,101.0,5.55,31.61,117.35,0.331,0.213,12.32,0.731,0.714,0.893,0.389,3.477,0.282,Low attention,Scalable,cloudy,17.4,81.4
2018_40_Canada,2018,40,Canada,France,A,semi_final,Nike,draw,1,1538,88.1,105.0,2.03,40.91,125.16,0.397,0.202,4.93,0.451,0.945,0.713,0.335,3.714,0.753,Low attention,Watchlist,hot,21.9,36.1
1974_41_Japan,1974,41,Japan,Morocco,A,group,Pepsi,win,3,1508,92.4,147.9,10.25,37.27,107.3,0.336,0.306,13.35,0.59,0.856,0.917,0.478,3.334,0.25,Low attention,Scalable,hot,17.0,26.7
2010_42_Qatar,2010,42,Qatar,Netherlands,A,group,Qatar Airways,win,3,1589,93.0,185.9,3.32,32.72,98.77,0.339,0.173,6.71,0.428,0.445,0.728,0.372,3.519,0.524,Low attention,Watchlist,clear,25.2,24.6
1958_43_England,1958,43,England,Uruguay,A,group,Adidas,win,3,1657,92.1,111.6,17.13,45.22,168.23,0.515,0.479,7.09,0.262,0.339,0.129,0.464,3.637,0.513,Mid attention,Scalable,rain,21.9,49.8
1998_44_Croatia,1998,44,Croatia,Senegal,A,final,Qatar Airways,win,3,1624,92.9,108.1,12.03,59.96,107.1,0.56,0.432,8.24,0.507,0.515,0.83,0.537,4.193,0.509,Mid attention,Scalable,rain,24.1,56.2
1986_45_Japan,1986,45,Japan,Qatar,A,round_16,Pepsi,loss,0,1508,92.4,147.9,10.25,49.1,174.78,0.528,0.391,13.35,0.59,0.856,0.917,0.444,3.62,0.271,Mid attention,Scalable,rain,28.1,95.0
1930_46_Canada,1930,46,Canada,Spain,A,round_16,Nike,win,3,1538,88.1,105.0,2.03,47.54,107.72,0.46,0.221,4.93,0.451,0.945,0.713,0.42,3.6,0.73,Low attention,Scalable,windy,17.7,52.5
1986_47_England,1986,47,England,Japan,A,group,Adidas,win,3,1657,92.1,111.6,17.13,40.09,52.34,0.389,0.399,7.09,0.262,0.339,0.129,0.411,3.439,0.485,Mid attention,Scalable,cloudy,16.7,56.5
2010_48_France,2010,48,France,Belgium,A,group,Nike,win,3,1520,89.8,66.0,5.59,38.44,136.48,0.355,0.253,5.5,0.394,0.373,0.537,0.394,3.457,0.629,Low attention,Scalable,clear,18.5,60.5
1942_49_Senegal,1942,49,Senegal,Portugal,A,round_16,Adidas,loss,0,1511,91.9,152.7,10.6,47.82,49.16,0.394,0.328,15.86,0.559,0.641,0.372,0.386,3.333,0.21,Low attention,Scalable,clear,28.4,74.4
1958_50_France,1958,50,France,Spain,A,group,Nike,draw,1,1520,89.8,66.0,5.59,39.64,152.01,0.459,0.266,5.5,0.394,0.373,0.537,0.351,3.466,0.63,Low attention,Watchlist,rain,25.9,66.3
2006_51_Uruguay,2006,51,Uruguay,USA,A,group,Samsung,win,3,1542,86.2,160.0,3.94,46.48,107.39,0.443,0.247,7.33,0.424,0.483,0.539,0.418,3.5,0.477,Low attention,Scalable,hot,32.2,74.7
1934_52_Netherlands,1934,52,Netherlands,France,A,group,Coca-Cola,win,3,1525,91.0,47.9,3.87,35.63,168.19,0.422,0.229,12.96,0.731,0.68,0.64,0.512,3.545,0.274,Low attention,Scalable,cloudy,20.5,92.8
1966_53_Germany,1966,53,Germany,USA,A,group,Qatar Airways,loss,0,1468,91.0,78.5,8.32,40.42,110.47,0.416,0.291,9.37,0.51,0.68,0.549,0.359,3.345,0.357,Low attention,Watchlist,clear,22.0,65.3
1954_54_Senegal,1954,54,Senegal,Belgium,A,group,Adidas,win,3,1511,91.9,152.7,10.6,38.06,83.39,0.316,0.303,15.86,0.559,0.641,0.372,0.462,3.205,0.202,Low attention,Scalable,rain,34.3,61.1
1938_55_Belgium,1938,55,Belgium,England,A,group,Nike,loss,0,1252,87.3,100.1,7.7,42.48,62.16,0.413,0.266,10.39,0.567,0.776,0.539,0.368,3.204,0.308,Low attention,Watchlist,rain,29.9,84.6
1982_56_Argentina,1982,56,Argentina,Netherlands,A,final,Nike,win,3,1486,87.3,148.5,3.08,74.68,240.41,0.794,0.422,11.04,0.476,0.575,0.332,0.565,4.194,0.38,Mid attention,Scalable,rain,28.6,69.2
1966_57_Spain,1966,57,Spain,Ghana,A,group,Emirates,draw,1,1583,88.4,104.5,3.79,52.43,382.12,0.745,0.408,12.91,0.551,0.596,0.308,0.51,3.727,0.289,Mid attention,Scalable,cloudy,17.0,51.7
1962_58_Croatia,1962,58,Croatia,France,A,group,Qatar Airways,win,3,1624,92.9,108.1,12.03,38.49,137.96,0.411,0.355,8.24,0.507,0.515,0.83,0.481,3.621,0.439,Mid attention,Scalable,rain,35.2,51.6
1934_59_South_Korea,1934,59,South Korea,Australia,A,round_16,Sony,loss,0,1417,87.2,148.7,5.3,34.1,129.45,0.36,0.226,1.99,0.342,0.904,0.287,0.267,3.339,1.678,Low attention,Watchlist,cloudy,28.8,46.9
1966_60_Belgium,1966,60,Belgium,Morocco,A,final,Nike,win,3,1252,87.3,100.1,7.7,59.95,143.75,0.566,0.382,10.39,0.567,0.776,0.539,0.54,3.954,0.381,Mid attention,Scalable,clear,15.9,50.0
2002_61_USA,2002,61,USA,Uruguay,A,round_16,Coca-Cola,loss,0,1462,89.5,45.2,2.34,40.0,99.62,0.357,0.19,8.25,0.558,0.875,0.653,0.326,3.302,0.4,Low attention,Watchlist,hot,26.0,51.6
1958_62_France,1958,62,France,Croatia,A,group,Nike,loss,0,1520,89.8,66.0,5.59,49.66,77.77,0.438,0.272,5.5,0.394,0.373,0.537,0.316,3.501,0.637,Low attention,Watchlist,hot,19.6,69.1
1962_63_Portugal,1962,63,Portugal,Italy,A,group,Adidas,win,3,1416,86.4,101.0,5.55,52.34,225.31,0.575,0.357,12.32,0.731,0.714,0.893,0.588,3.827,0.311,Mid attention,Scalable,clear,23.9,90.8
1930_64_Australia,1930,64,Australia,Ghana,A,round_16,Emirates,win,3,1505,93.1,143.4,5.84,36.53,112.48,0.355,0.236,9.07,0.582,0.797,0.723,0.452,3.653,0.403,Low attention,Scalable,windy,25.9,75.9
1990_65_Mexico,1990,65,Mexico,Senegal,A,group,Mastercard,draw,1,1353,87.2,78.0,6.91,33.33,86.94,0.323,0.227,8.52,0.451,0.481,0.718,0.331,2.97,0.349,Low attention,Watchlist,clear,29.4,72.7
1986_66_Canada,1986,66,Canada,South Korea,A,group,Nike,win,3,1538,88.1,105.0,2.03,33.09,94.18,0.294,0.152,4.93,0.451,0.945,0.713,0.364,3.375,0.685,Low attention,Watchlist,hot,10.6,35.3
1930_67_England,1930,67,England,Canada,A,group,Adidas,draw,1,1657,92.1,111.6,17.13,45.56,167.92,0.492,0.481,7.09,0.262,0.339,0.129,0.394,3.592,0.507,Mid attention,Scalable,hot,20.8,50.2
2018_68_Saudi_Arabia,2018,68,Saudi Arabia,Portugal,A,round_16,Adidas,loss,0,1386,84.3,141.2,33.8,41.07,119.12,0.463,0.699,12.09,0.73,0.618,0.841,0.597,3.974,0.329,High attention,Scalable,clear,17.8,61.9
2006_69_Italy,2006,69,Italy,Netherlands,A,group,Mastercard,win,3,1557,87.9,148.1,6.17,40.84,93.97,0.399,0.251,13.6,0.667,0.776,0.732,0.494,3.44,0.253,Low attention,Scalable,clear,29.7,45.4
1982_70_England,1982,70,England,Mexico,A,round_16,Adidas,win,3,1657,92.1,111.6,17.13,54.77,251.99,0.641,0.563,7.09,0.262,0.339,0.129,0.518,3.94,0.556,Mid attention,Scalable,clear,25.7,76.2
1986_71_South_Korea,1986,71,South Korea,France,A,group,Sony,draw,1,1417,87.2,148.7,5.3,32.84,80.36,0.366,0.196,1.99,0.342,0.904,0.287,0.29,3.183,1.599,Low attention,Watchlist,clear,25.5,72.5
1990_72_Nigeria,1990,72,Nigeria,Italy,A,group,Adidas,loss,0,1409,93.4,118.0,10.18,49.97,146.47,0.505,0.38,3.77,0.464,0.787,0.819,0.393,3.809,1.01,Mid attention,Scalable,clear,11.4,92.1
1986_73_Australia,1986,73,Australia,Belgium,A,group,Emirates,win,3,1505,93.1,143.4,5.84,36.07,61.42,0.34,0.209,9.07,0.582,0.797,0.723,0.438,3.587,0.395,Low attention,Scalable,hot,22.8,76.8
1962_74_Croatia,1962,74,Croatia,Qatar,A,semi_final,Qatar Airways,draw,1,1624,92.9,108.1,12.03,54.71,89.55,0.504,0.401,8.24,0.507,0.515,0.83,0.449,3.988,0.484,Mid attention,Scalable,cloudy,20.6,52.4
2002_75_Brazil,2002,75,Brazil,South Korea,A,semi_final,Hyundai,draw,1,1453,85.5,158.5,4.37,46.77,236.71,0.544,0.32,6.91,0.55,0.803,0.863,0.44,3.867,0.56,Low attention,Scalable,hot,9.3,73.1
2014_76_Australia,2014,76,Australia,Uruguay,A,semi_final,Emirates,loss,0,1505,93.1,143.4,5.84,40.11,267.01,0.528,0.329,9.07,0.582,0.797,0.723,0.418,4.065,0.448,Low attention,Scalable,clear,27.1,25.4
2022_77_Japan,2022,77,Japan,Brazil,A,semi_final,Pepsi,draw,1,1508,92.4,147.9,10.25,39.7,167.38,0.422,0.347,13.35,0.59,0.856,0.917,0.442,3.682,0.276,Mid attention,Scalable,clear,32.9,82.7
2006_78_Nigeria,2006,78,Nigeria,Senegal,A,quarter_final,Adidas,loss,0,1409,93.4,118.0,10.18,54.67,193.6,0.59,0.424,3.77,0.464,0.787,0.819,0.425,4.08,1.082,Mid attention,Scalable,windy,28.4,43.0
1950_79_Ghana,1950,79,Ghana,Croatia,A,group,Samsung,draw,1,1646,87.8,81.7,2.89,28.65,92.47,0.326,0.146,8.2,0.527,0.86,0.717,0.327,3.306,0.403,Low attention,Watchlist,clear,20.2,83.4
1982_80_Spain,1982,80,Spain,England,A,quarter_final,Emirates,win,3,1583,88.4,104.5,3.79,40.28,63.19,0.331,0.195,12.91,0.551,0.596,0.308,0.421,3.419,0.265,Low attention,Scalable,clear,29.8,47.1
1958_81_USA,1958,81,USA,England,A,group,Coca-Cola,loss,0,1462,89.5,45.2,2.34,34.99,99.57,0.34,0.168,8.25,0.558,0.875,0.653,0.315,3.156,0.383,Low attention,Watchlist,cloudy,34.8,61.8
2002_82_Uruguay,2002,82,Uruguay,Nigeria,A,round_16,Samsung,draw,1,1542,86.2,160.0,3.94,38.36,146.6,0.417,0.231,7.33,0.424,0.483,0.539,0.341,3.56,0.486,Low attention,Watchlist,hot,24.0,78.5
2006_83_USA,2006,83,USA,Ghana,A,group,Coca-Cola,loss,0,1462,89.5,45.2,2.34,43.74,124.4,0.442,0.218,8.25,0.558,0.875,0.653,0.352,3.261,0.395,Low attention,Watchlist,cloudy,17.2,40.8
1958_84_Uruguay,1958,84,Uruguay,England,A,round_16,Samsung,draw,1,1542,86.2,160.0,3.94,35.7,117.8,0.407,0.206,7.33,0.424,0.483,0.539,0.329,3.435,0.469,Low attention,Watchlist,windy,18.2,57.6
1970_85_Mexico,1970,85,Mexico,Senegal,A,quarter_final,Mastercard,draw,1,1353,87.2,78.0,6.91,41.53,113.45,0.385,0.275,8.52,0.451,0.481,0.718,0.36,3.247,0.381,Low attention,Watchlist,clear,21.0,60.1
2014_86_Morocco,2014,86,Morocco,Argentina,A,group,Sony,win,3,1334,86.7,67.3,6.16,38.7,62.49,0.352,0.226,3.39,0.433,0.526,0.717,0.396,3.277,0.967,Low attention,Scalable,cloudy,26.6,86.2
1958_87_Mexico,1958,87,Mexico,Saudi Arabia,A,round_16,Mastercard,loss,0,1353,87.2,78.0,6.91,31.69,48.79,0.296,0.2,8.52,0.451,0.481,0.718,0.283,3.01,0.353,Low attention,Watchlist,clear,11.7,53.7
1978_88_France,1978,88,France,Saudi Arabia,A,semi_final,Nike,loss,0,1520,89.8,66.0,5.59,51.27,207.92,0.579,0.344,5.5,0.394,0.373,0.537,0.369,3.938,0.716,Mid attention,Watchlist,hot,25.0,65.1
1986_89_Argentina,1986,89,Argentina,Netherlands,A,semi_final,Nike,loss,0,1486,87.3,148.5,3.08,48.97,188.38,0.466,0.285,11.04,0.476,0.575,0.332,0.354,3.711,0.336,Low attention,Watchlist,hot,26.1,56.0
1950_90_Japan,1950,90,Japan,Nigeria,A,round_16,Pepsi,win,3,1508,92.4,147.9,10.25,45.89,75.12,0.449,0.327,13.35,0.59,0.856,0.917,0.506,3.507,0.263,Low attention,Scalable,clear,16.4,61.2
2002_91_South_Korea,2002,91,South Korea,England,A,group,Sony,loss,0,1417,87.2,148.7,5.3,52.0,132.87,0.486,0.305,1.99,0.342,0.904,0.287,0.32,3.43,1.724,Low attention,Watchlist,hot,15.8,34.6
1978_92_Australia,1978,92,Australia,Japan,A,round_16,Emirates,loss,0,1505,93.1,143.4,5.84,55.94,240.11,0.608,0.384,9.07,0.582,0.797,0.723,0.453,4.042,0.446,Mid attention,Scalable,clear,28.5,43.0
1982_93_Saudi_Arabia,1982,93,Saudi Arabia,Morocco,A,group,Adidas,draw,1,1386,84.3,141.2,33.8,36.54,72.19,0.339,0.656,12.09,0.73,0.618,0.841,0.592,3.791,0.314,Mid attention,Scalable,cloudy,12.7,60.0
1938_94_Ghana,1938,94,Ghana,Canada,A,round_16,Samsung,loss,0,1646,87.8,81.7,2.89,45.03,249.8,0.57,0.296,8.2,0.527,0.86,0.717,0.394,3.792,0.462,Low attention,Scalable,rain,20.2,45.5
2010_95_USA,2010,95,USA,Belgium,A,quarter_final,Coca-Cola,draw,1,1462,89.5,45.2,2.34,40.56,143.42,0.424,0.214,8.25,0.558,0.875,0.653,0.381,3.481,0.422,Low attention,Scalable,rain,42.4,68.0
1982_96_Ghana,1982,96,Ghana,Belgium,A,group,Samsung,win,3,1646,87.8,81.7,2.89,39.16,100.53,0.392,0.195,8.2,0.527,0.86,0.717,0.424,3.504,0.427,Low attention,Scalable,cloudy,24.1,57.0
1966_97_Netherlands,1966,97,Netherlands,Mexico,A,semi_final,Coca-Cola,win,3,1525,91.0,47.9,3.87,48.9,134.14,0.506,0.269,12.96,0.731,0.68,0.64,0.542,3.946,0.304,Low attention,Scalable,clear,22.2,68.3
2010_98_Australia,2010,98,Australia,France,A,group,Emirates,win,3,1505,93.1,143.4,5.84,50.46,133.43,0.459,0.307,9.07,0.582,0.797,0.723,0.497,3.791,0.418,Low attention,Scalable,clear,25.9,33.2
1942_99_Croatia,1942,99,Croatia,Netherlands,A,group,Qatar Airways,win,3,1624,92.9,108.1,12.03,45.69,173.91,0.515,0.404,8.24,0.507,0.515,0.83,0.519,3.713,0.451,Mid attention,Scalable,clear,29.9,30.3
1966_100_Morocco,1966,100,Morocco,France,A,group,Sony,loss,0,1334,86.7,67.3,6.16,24.16,51.22,0.294,0.157,3.39,0.433,0.526,0.717,0.26,3.092,0.912,Low attention,Watchlist,clear,17.6,75.7
1982_101_France,1982,101,France,Croatia,A,semi_final,Nike,loss,0,1520,89.8,66.0,5.59,48.69,115.91,0.473,0.286,5.5,0.394,0.373,0.537,0.328,3.779,0.687,Low attention,Watchlist,windy,31.7,68.4
1986_102_Australia,1986,102,Australia,Morocco,A,group,Emirates,draw,1,1505,93.1,143.4,5.84,34.5,179.88,0.447,0.261,9.07,0.582,0.797,0.723,0.411,3.682,0.406,Low attention,Scalable,rain,33.6,62.4
1982_103_Australia,1982,103,Australia,Argentina,A,round_16,Emirates,draw,1,1505,93.1,143.4,5.84,40.38,207.19,0.553,0.301,9.07,0.582,0.797,0.723,0.445,3.84,0.423,Low attention,Scalable,clear,16.4,35.4
1998_104_Australia,1998,104,Australia,Qatar,A,group,Emirates,win,3,1505,93.1,143.4,5.84,26.14,58.72,0.259,0.165,9.07,0.582,0.797,0.723,0.407,3.395,0.374,Low attention,Scalable,hot,8.3,34.2
1990_105_Nigeria,1990,105,Nigeria,Portugal,A,group,Adidas,loss,0,1409,93.4,118.0,10.18,35.36,94.56,0.363,0.291,3.77,0.464,0.787,0.819,0.334,3.608,0.957,Low attention,Watchlist,hot,27.6,60.5
1946_106_Morocco,1946,106,Morocco,Netherlands,A,group,Sony,loss,0,1334,86.7,67.3,6.16,31.24,69.39,0.288,0.197,3.39,0.433,0.526,0.717,0.274,3.195,0.942,Low attention,Watchlist,clear,15.5,75.6
1962_107_Australia,1962,107,Australia,Netherlands,A,group,Emirates,draw,1,1505,93.1,143.4,5.84,35.59,129.33,0.385,0.241,9.07,0.582,0.797,0.723,0.392,3.621,0.399,Low attention,Scalable,hot,32.0,58.4
1994_108_Morocco,1994,108,Morocco,England,A,quarter_final,Sony,draw,1,1334,86.7,67.3,6.16,59.48,138.78,0.617,0.353,3.39,0.433,0.526,0.717,0.426,3.738,1.103,Mid attention,Scalable,clear,36.8,39.6
2018_109_Germany,2018,109,Germany,Spain,A,quarter_final,Qatar Airways,draw,1,1468,91.0,78.5,8.32,52.37,213.3,0.586,0.394,9.37,0.51,0.68,0.549,0.462,3.745,0.4,Mid attention,Scalable,clear,14.5,52.4
2002_110_France,2002,110,France,Japan,A,group,Nike,loss,0,1520,89.8,66.0,5.59,48.37,146.56,0.488,0.301,5.5,0.394,0.373,0.537,0.336,3.552,0.646,Low attention,Watchlist,clear,18.7,87.6
1954_111_Portugal,1954,111,Portugal,Netherlands,A,round_16,Adidas,win,3,1416,86.4,101.0,5.55,50.2,134.44,0.531,0.302,12.32,0.731,0.714,0.893,0.559,3.838,0.312,Low attention,Scalable,clear,15.8,71.6
1962_112_Japan,1962,112,Japan,Nigeria,A,group,Pepsi,win,3,1508,92.4,147.9,10.25,38.05,88.33,0.419,0.3,13.35,0.59,0.856,0.917,0.49,3.326,0.249,Low attention,Scalable,rain,15.1,57.5
1962_113_Croatia,1962,113,Croatia,England,A,final,Qatar Airways,loss,0,1624,92.9,108.1,12.03,67.99,212.94,0.727,0.52,8.24,0.507,0.515,0.83,0.501,4.375,0.531,Mid attention,Scalable,windy,23.6,57.4
1970_114_Belgium,1970,114,Belgium,Croatia,A,final,Nike,loss,0,1252,87.3,100.1,7.7,57.87,190.36,0.661,0.397,10.39,0.567,0.776,0.539,0.463,3.916,0.377,Mid attention,Scalable,rain,23.4,85.8
1986_115_Australia,1986,115,Australia,Japan,A,group,Emirates,win,3,1505,93.1,143.4,5.84,39.75,275.66,0.56,0.332,9.07,0.582,0.797,0.723,0.525,3.806,0.42,Mid attention,Scalable,hot,28.5,87.3
1934_116_Canada,1934,116,Canada,Belgium,A,group,Nike,win,3,1538,88.1,105.0,2.03,32.51,89.01,0.359,0.147,4.93,0.451,0.945,0.713,0.374,3.39,0.688,Low attention,Watchlist,hot,28.8,93.4
1990_117_Netherlands,1990,117,Netherlands,Argentina,A,group,Coca-Cola,win,3,1525,91.0,47.9,3.87,54.68,134.72,0.53,0.295,12.96,0.731,0.68,0.64,0.556,3.752,0.29,Low attention,Scalable,clear,21.1,60.1
1974_118_Belgium,1974,118,Belgium,Nigeria,A,semi_final,Nike,loss,0,1252,87.3,100.1,7.7,26.6,75.29,0.243,0.204,10.39,0.567,0.776,0.539,0.314,3.357,0.323,Low attention,Watchlist,clear,34.5,65.2
1986_119_Germany,1986,119,Germany,England,A,semi_final,Qatar Airways,loss,0,1468,91.0,78.5,8.32,49.79,219.16,0.561,0.386,9.37,0.51,0.68,0.549,0.421,3.78,0.403,Mid attention,Scalable,rain,28.0,35.9
1930_120_Portugal,1930,120,Portugal,Canada,A,group,Adidas,loss,0,1416,86.4,101.0,5.55,46.13,121.59,0.458,0.278,12.32,0.731,0.714,0.893,0.437,3.64,0.295,Low attention,Scalable,clear,17.8,49.1
1990_121_Qatar,1990,121,Qatar,Germany,A,group,Qatar Airways,win,3,1589,93.0,185.9,3.32,32.32,83.18,0.302,0.164,6.71,0.428,0.445,0.728,0.362,3.519,0.524,Low attention,Watchlist,windy,23.5,49.9
1950_122_Mexico,1950,122,Mexico,Australia,A,group,Mastercard,loss,0,1353,87.2,78.0,6.91,53.17,186.03,0.569,0.362,8.52,0.451,0.481,0.718,0.393,3.312,0.389,Mid attention,Scalable,clear,22.0,58.1
1974_123_Brazil,1974,123,Brazil,Qatar,A,quarter_final,Hyundai,loss,0,1453,85.5,158.5,4.37,52.02,100.6,0.522,0.274,6.91,0.55,0.803,0.863,0.385,3.659,0.53,Low attention,Scalable,cloudy,18.0,57.8
2006_124_Croatia,2006,124,Croatia,France,A,group,Qatar Airways,loss,0,1624,92.9,108.1,12.03,45.34,210.07,0.494,0.421,8.24,0.507,0.515,0.83,0.421,3.763,0.457,Mid attention,Scalable,rain,17.7,60.8
1934_125_England,1934,125,England,South Korea,A,group,Adidas,loss,0,1657,92.1,111.6,17.13,34.51,136.29,0.428,0.417,7.09,0.262,0.339,0.129,0.325,3.492,0.493,Mid attention,Watchlist,clear,28.1,39.7
1998_126_Morocco,1998,126,Morocco,Uruguay,A,group,Sony,win,3,1334,86.7,67.3,6.16,27.09,106.89,0.28,0.198,3.39,0.433,0.526,0.717,0.373,3.191,0.941,Low attention,Watchlist,rain,25.6,79.9
1942_127_USA,1942,127,USA,Germany,A,group,Coca-Cola,loss,0,1462,89.5,45.2,2.34,39.28,143.4,0.428,0.209,8.25,0.558,0.875,0.653,0.346,3.264,0.396,Low attention,Watchlist,clear,28.8,67.8
1978_128_Nigeria,1978,128,Nigeria,Netherlands,A,semi_final,Adidas,loss,0,1409,93.4,118.0,10.18,40.32,188.66,0.467,0.359,3.77,0.464,0.787,0.819,0.378,4.009,1.063,Mid attention,Watchlist,clear,19.6,48.5
1946_129_Morocco,1946,129,Morocco,Senegal,A,group,Sony,loss,0,1334,86.7,67.3,6.16,30.13,121.26,0.329,0.218,3.39,0.433,0.526,0.717,0.289,3.25,0.959,Low attention,Watchlist,clear,25.8,50.8
1930_130_Nigeria,1930,130,Nigeria,Portugal,A,group,Adidas,loss,0,1409,93.4,118.0,10.18,38.3,104.94,0.384,0.308,3.77,0.464,0.787,0.819,0.344,3.632,0.963,Low attention,Watchlist,clear,19.7,44.0
1962_131_Mexico,1962,131,Mexico,France,A,group,Mastercard,draw,1,1353,87.2,78.0,6.91,40.83,88.97,0.379,0.26,8.52,0.451,0.481,0.718,0.354,3.036,0.356,Low attention,Watchlist,hot,26.4,42.2
1942_132_France,1942,132,France,Canada,A,group,Nike,loss,0,1520,89.8,66.0,5.59,44.31,152.04,0.428,0.286,5.5,0.394,0.373,0.537,0.32,3.514,0.639,Low attention,Watchlist,cloudy,30.0,61.2
1954_133_France,1954,133,France,Ghana,A,group,Nike,win,3,1520,89.8,66.0,5.59,30.91,56.46,0.268,0.18,5.5,0.394,0.373,0.537,0.351,3.216,0.585,Low attention,Watchlist,clear,18.9,51.6
1974_134_Spain,1974,134,Spain,Senegal,A,semi_final,Emirates,loss,0,1583,88.4,104.5,3.79,38.3,172.88,0.433,0.242,12.91,0.551,0.596,0.308,0.357,3.623,0.281,Low attention,Watchlist,hot,31.2,50.5
1966_135_Germany,1966,135,Germany,Mexico,A,group,Qatar Airways,win,3,1468,91.0,78.5,8.32,37.56,144.36,0.435,0.296,9.37,0.51,0.68,0.549,0.464,3.37,0.36,Low attention,Scalable,cloudy,20.2,58.7
1930_136_Germany,1930,136,Germany,France,A,group,Qatar Airways,loss,0,1468,91.0,78.5,8.32,53.46,84.22,0.515,0.334,9.37,0.51,0.68,0.549,0.393,3.461,0.369,Mid attention,Scalable,cloudy,34.0,59.5
1942_137_Argentina,1942,137,Argentina,Germany,A,group,Nike,loss,0,1486,87.3,148.5,3.08,28.22,58.2,0.287,0.13,11.04,0.476,0.575,0.332,0.263,3.104,0.281,Low attention,Watchlist,cloudy,13.8,49.9
1938_138_Canada,1938,138,Canada,Saudi Arabia,A,group,Nike,win,3,1538,88.1,105.0,2.03,43.22,142.14,0.426,0.22,4.93,0.451,0.945,0.713,0.414,3.516,0.713,Low attention,Scalable,clear,31.8,42.7
2022_139_Croatia,2022,139,Croatia,Saudi Arabia,A,quarter_final,Qatar Airways,loss,0,1624,92.9,108.1,12.03,47.45,125.22,0.502,0.387,8.24,0.507,0.515,0.83,0.41,3.868,0.469,Mid attention,Scalable,windy,23.7,32.7
1994_140_Brazil,1994,140,Brazil,Argentina,A,group,Hyundai,draw,1,1453,85.5,158.5,4.37,37.84,130.53,0.376,0.228,6.91,0.55,0.803,0.863,0.375,3.417,0.495,Low attention,Watchlist,hot,26.3,87.0
1946_141_France,1946,141,France,Morocco,A,round_16,Nike,draw,1,1520,89.8,66.0,5.59,41.53,174.64,0.461,0.285,5.5,0.394,0.373,0.537,0.359,3.621,0.658,Low attention,Watchlist,clear,21.4,23.5
1946_142_Netherlands,1946,142,Netherlands,Italy,A,group,Coca-Cola,loss,0,1525,91.0,47.9,3.87,35.33,154.53,0.432,0.221,12.96,0.731,0.68,0.64,0.411,3.556,0.274,Low attention,Scalable,cloudy,18.8,76.2
1994_143_Netherlands,1994,143,Netherlands,Japan,A,round_16,Coca-Cola,draw,1,1525,91.0,47.9,3.87,50.37,129.67,0.487,0.274,12.96,0.731,0.68,0.64,0.474,3.796,0.293,Low attention,Scalable,cloudy,28.3,66.0
1986_144_Argentina,1986,144,Argentina,South Korea,A,group,Nike,win,3,1486,87.3,148.5,3.08,58.16,149.59,0.59,0.305,11.04,0.476,0.575,0.332,0.484,3.536,0.32,Low attention,Scalable,rain,27.4,70.7
2018_145_Mexico,2018,145,Mexico,Canada,A,group,Mastercard,loss,0,1353,87.2,78.0,6.91,42.41,72.61,0.391,0.258,8.52,0.451,0.481,0.718,0.322,3.034,0.356,Low attention,Watchlist,clear,19.3,78.4
1934_146_South_Korea,1934,146,South Korea,Italy,A,group,Sony,loss,0,1417,87.2,148.7,5.3,41.71,123.78,0.429,0.256,1.99,0.342,0.904,0.287,0.291,3.315,1.666,Low attention,Watchlist,clear,19.3,53.3
1998_147_France,1998,147,France,Ghana,A,group,Nike,win,3,1520,89.8,66.0,5.59,43.91,238.1,0.506,0.327,5.5,0.394,0.373,0.537,0.449,3.582,0.651,Low attention,Scalable,clear,12.6,51.7
1954_148_Italy,1954,148,Italy,Saudi Arabia,A,round_16,Mastercard,win,3,1557,87.9,148.1,6.17,48.92,110.85,0.453,0.294,13.6,0.667,0.776,0.732,0.52,3.666,0.27,Low attention,Scalable,hot,24.5,65.6
1946_149_Mexico,1946,149,Mexico,Canada,A,group,Mastercard,draw,1,1353,87.2,78.0,6.91,37.52,133.62,0.401,0.268,8.52,0.451,0.481,0.718,0.361,3.066,0.36,Low attention,Watchlist,clear,8.2,61.9
2014_150_Uruguay,2014,150,Uruguay,France,A,group,Samsung,loss,0,1542,86.2,160.0,3.94,37.14,90.19,0.33,0.198,7.33,0.424,0.483,0.539,0.279,3.375,0.46,Low attention,Watchlist,clear,13.7,47.5
1942_151_Qatar,1942,151,Qatar,South Korea,A,semi_final,Qatar Airways,win,3,1589,93.0,185.9,3.32,48.36,144.11,0.541,0.264,6.71,0.428,0.445,0.728,0.443,4.009,0.597,Low attention,Scalable,clear,19.3,56.7
1938_152_Ghana,1938,152,Ghana,Brazil,A,group,Samsung,loss,0,1646,87.8,81.7,2.89,33.92,93.02,0.318,0.169,8.2,0.527,0.86,0.717,0.301,3.386,0.413,Low attention,Watchlist,cloudy,28.1,68.8
2006_153_Saudi_Arabia,2006,153,Saudi Arabia,Belgium,A,semi_final,Adidas,win,3,1386,84.3,141.2,33.8,47.93,126.65,0.443,0.733,12.09,0.73,0.618,0.841,0.706,4.232,0.35,High attention,Premium,rain,15.3,70.8
1958_154_Ghana,1958,154,Ghana,Nigeria,A,group,Samsung,win,3,1646,87.8,81.7,2.89,23.46,72.11,0.197,0.113,8.2,0.527,0.86,0.717,0.358,3.268,0.399,Low attention,Watchlist,rain,24.9,51.6
1962_155_Croatia,1962,155,Croatia,Senegal,A,group,Qatar Airways,win,3,1624,92.9,108.1,12.03,39.22,134.61,0.442,0.356,8.24,0.507,0.515,0.83,0.487,3.626,0.44,Mid attention,Scalable,hot,17.2,95.0
1974_156_Portugal,1974,156,Portugal,Mexico,A,round_16,Adidas,loss,0,1416,86.4,101.0,5.55,40.15,124.92,0.419,0.254,12.32,0.731,0.714,0.893,0.42,3.723,0.302,Low attention,Scalable,cloudy,15.0,67.5
1978_157_Italy,1978,157,Italy,Japan,A,group,Mastercard,draw,1,1557,87.9,148.1,6.17,36.36,90.48,0.387,0.23,13.6,0.667,0.776,0.732,0.417,3.388,0.249,Low attention,Scalable,cloudy,21.7,50.4
2022_158_Senegal,2022,158,Senegal,Argentina,A,group,Adidas,loss,0,1511,91.9,152.7,10.6,48.19,189.69,0.509,0.4,15.86,0.559,0.641,0.372,0.434,3.371,0.213,Mid attention,Scalable,hot,25.7,41.0
1978_159_Belgium,1978,159,Belgium,Australia,A,group,Nike,loss,0,1252,87.3,100.1,7.7,48.8,85.36,0.487,0.305,10.39,0.567,0.776,0.539,0.396,3.353,0.323,Low attention,Scalable,cloudy,10.7,83.6
1942_160_Portugal,1942,160,Portugal,Italy,A,quarter_final,Adidas,loss,0,1416,86.4,101.0,5.55,30.63,125.63,0.336,0.213,12.32,0.731,0.714,0.893,0.39,3.634,0.295,Low attention,Scalable,hot,32.0,58.3
1958_161_Qatar,1958,161,Qatar,Netherlands,A,quarter_final,Qatar Airways,loss,0,1589,93.0,185.9,3.32,49.57,134.92,0.5,0.264,6.71,0.428,0.445,0.728,0.336,3.9,0.581,Low attention,Watchlist,cloudy,22.3,36.2
1986_162_Uruguay,1986,162,Uruguay,Germany,A,group,Samsung,win,3,1542,86.2,160.0,3.94,36.53,72.35,0.362,0.186,7.33,0.424,0.483,0.539,0.38,3.341,0.456,Low attention,Scalable,hot,22.3,81.8
2022_163_France,2022,163,France,Uruguay,A,round_16,Nike,loss,0,1520,89.8,66.0,5.59,39.67,135.04,0.433,0.257,5.5,0.394,0.373,0.537,0.31,3.542,0.644,Low attention,Watchlist,windy,14.2,46.7
1950_164_Morocco,1950,164,Morocco,Belgium,A,group,Sony,win,3,1334,86.7,67.3,6.16,26.7,138.86,0.322,0.212,3.39,0.433,0.526,0.717,0.386,3.232,0.953,Low attention,Scalable,clear,21.8,29.5
1962_165_Croatia,1962,165,Croatia,South Korea,A,group,Qatar Airways,draw,1,1624,92.9,108.1,12.03,37.31,155.61,0.448,0.359,8.24,0.507,0.515,0.83,0.423,3.608,0.438,Mid attention,Scalable,windy,26.5,66.5
1950_166_Nigeria,1950,166,Nigeria,Portugal,A,quarter_final,Adidas,draw,1,1409,93.4,118.0,10.18,42.3,183.43,0.487,0.365,3.77,0.464,0.787,0.819,0.418,3.94,1.045,Mid attention,Scalable,clear,22.1,46.3
1978_167_Ghana,1978,167,Ghana,USA,A,group,Samsung,win,3,1646,87.8,81.7,2.89,46.11,103.73,0.442,0.227,8.2,0.527,0.86,0.717,0.445,3.571,0.435,Low attention,Scalable,hot,22.5,65.4
1970_168_Brazil,1970,168,Brazil,Morocco,A,group,Hyundai,win,3,1453,85.5,158.5,4.37,46.54,180.25,0.526,0.29,6.91,0.55,0.803,0.863,0.492,3.582,0.518,Low attention,Scalable,clear,15.7,66.8
2010_169_Mexico,2010,169,Mexico,Brazil,A,group,Mastercard,win,3,1353,87.2,78.0,6.91,21.8,82.09,0.247,0.174,8.52,0.451,0.481,0.718,0.364,2.842,0.334,Low attention,Watchlist,clear,25.3,68.0
1962_170_Uruguay,1962,170,Uruguay,Spain,A,group,Samsung,draw,1,1542,86.2,160.0,3.94,32.71,157.47,0.387,0.213,7.33,0.424,0.483,0.539,0.328,3.403,0.464,Low attention,Watchlist,hot,18.4,48.2
2018_171_Netherlands,2018,171,Netherlands,USA,A,group,Coca-Cola,win,3,1525,91.0,47.9,3.87,33.81,62.45,0.277,0.168,12.96,0.731,0.68,0.64,0.463,3.427,0.264,Low attention,Scalable,clear,33.8,75.4
1986_172_Uruguay,1986,172,Uruguay,Japan,A,group,Samsung,win,3,1542,86.2,160.0,3.94,44.26,113.04,0.439,0.24,7.33,0.424,0.483,0.539,0.415,3.445,0.47,Low attention,Scalable,clear,28.5,44.2
1930_173_Croatia,1930,173,Croatia,Nigeria,A,group,Qatar Airways,draw,1,1624,92.9,108.1,12.03,33.59,74.06,0.335,0.302,8.24,0.507,0.515,0.83,0.381,3.495,0.424,Low attention,Scalable,cloudy,22.1,63.9
1998_174_Saudi_Arabia,1998,174,Saudi Arabia,Spain,A,final,Adidas,loss,0,1386,84.3,141.2,33.8,72.12,207.23,0.746,0.877,12.09,0.73,0.618,0.841,0.716,4.686,0.388,High attention,Premium,cloudy,29.1,79.4
1982_175_Italy,1982,175,Italy,Morocco,A,group,Mastercard,loss,0,1557,87.9,148.1,6.17,26.94,73.54,0.236,0.181,13.6,0.667,0.776,0.732,0.338,3.303,0.243,Low attention,Watchlist,windy,35.7,56.4
1970_176_USA,1970,176,USA,South Korea,A,group,Coca-Cola,win,3,1462,89.5,45.2,2.34,46.19,156.74,0.494,0.245,8.25,0.558,0.875,0.653,0.472,3.369,0.408,Low attention,Scalable,clear,30.0,70.9
2006_177_Argentina,2006,177,Argentina,Italy,A,round_16,Nike,loss,0,1486,87.3,148.5,3.08,49.46,149.09,0.498,0.267,11.04,0.476,0.575,0.332,0.353,3.534,0.32,Low attention,Watchlist,cloudy,26.2,55.0
1990_178_Uruguay,1990,178,Uruguay,Belgium,A,group,Samsung,loss,0,1542,86.2,160.0,3.94,38.88,144.64,0.375,0.233,7.33,0.424,0.483,0.539,0.3,3.479,0.475,Low attention,Watchlist,clear,14.5,93.5
1970_179_Ghana,1970,179,Ghana,Australia,A,group,Samsung,draw,1,1646,87.8,81.7,2.89,37.13,279.67,0.484,0.277,8.2,0.527,0.86,0.717,0.405,3.611,0.44,Low attention,Scalable,rain,25.9,36.2
1974_180_Japan,1974,180,Japan,Morocco,A,round_16,Pepsi,win,3,1508,92.4,147.9,10.25,52.61,102.88,0.479,0.37,13.35,0.59,0.856,0.917,0.528,3.628,0.272,Mid attention,Scalable,windy,19.1,55.0
1978_181_Qatar,1978,181,Qatar,France,A,round_16,Qatar Airways,win,3,1589,93.0,185.9,3.32,46.01,162.96,0.487,0.263,6.71,0.428,0.445,0.728,0.433,3.839,0.572,Low attention,Scalable,rain,28.2,55.4
1990_182_Argentina,1990,182,Argentina,Croatia,A,group,Nike,draw,1,1486,87.3,148.5,3.08,45.03,172.63,0.502,0.26,11.04,0.476,0.575,0.332,0.384,3.397,0.308,Low attention,Scalable,cloudy,27.2,63.1
1954_183_Ghana,1954,183,Ghana,Qatar,A,group,Samsung,win,3,1646,87.8,81.7,2.89,45.95,373.7,0.657,0.362,8.2,0.527,0.86,0.717,0.535,3.81,0.465,Mid attention,Scalable,rain,25.7,44.8
1990_184_Nigeria,1990,184,Nigeria,Belgium,A,group,Adidas,win,3,1409,93.4,118.0,10.18,29.6,236.88,0.38,0.337,3.77,0.464,0.787,0.819,0.454,3.735,0.991,Mid attention,Scalable,cloudy,18.7,27.2
2002_185_USA,2002,185,USA,Croatia,A,group,Coca-Cola,loss,0,1462,89.5,45.2,2.34,37.32,94.21,0.356,0.175,8.25,0.558,0.875,0.653,0.32,3.157,0.383,Low attention,Watchlist,rain,22.8,71.6
1934_186_USA,1934,186,USA,Brazil,A,group,Coca-Cola,loss,0,1462,89.5,45.2,2.34,24.22,71.12,0.239,0.107,8.25,0.558,0.875,0.653,0.274,3.014,0.365,Low attention,Watchlist,clear,29.3,63.5
1970_187_Portugal,1970,187,Portugal,USA,A,quarter_final,Adidas,loss,0,1416,86.4,101.0,5.55,41.09,88.96,0.365,0.24,12.32,0.731,0.714,0.893,0.405,3.718,0.302,Low attention,Scalable,clear,26.9,67.8
1982_188_Netherlands,1982,188,Netherlands,Portugal,A,group,Coca-Cola,draw,1,1525,91.0,47.9,3.87,24.15,64.65,0.222,0.128,12.96,0.731,0.68,0.64,0.371,3.332,0.257,Low attention,Watchlist,windy,33.5,90.8
1946_189_Argentina,1946,189,Argentina,Germany,A,group,Nike,loss,0,1486,87.3,148.5,3.08,34.69,72.02,0.351,0.165,11.04,0.476,0.575,0.332,0.288,3.207,0.29,Low attention,Watchlist,windy,13.7,54.9
2006_190_Belgium,2006,190,Belgium,Canada,A,group,Nike,loss,0,1252,87.3,100.1,7.7,36.96,107.25,0.401,0.265,10.39,0.567,0.776,0.539,0.366,3.195,0.308,Low attention,Watchlist,clear,5.6,43.0
1982_191_Belgium,1982,191,Belgium,Spain,A,quarter_final,Nike,loss,0,1252,87.3,100.1,7.7,51.57,139.46,0.5,0.344,10.39,0.567,0.776,0.539,0.414,3.615,0.348,Mid attention,Scalable,hot,23.6,61.3
1930_192_Belgium,1930,192,Belgium,Saudi Arabia,A,group,Nike,draw,1,1252,87.3,100.1,7.7,30.78,65.91,0.318,0.217,10.39,0.567,0.776,0.539,0.366,3.125,0.301,Low attention,Watchlist,clear,25.6,62.2
1946_193_Netherlands,1946,193,Netherlands,Portugal,A,group,Coca-Cola,draw,1,1525,91.0,47.9,3.87,41.16,119.91,0.417,0.229,12.96,0.731,0.68,0.64,0.444,3.583,0.276,Low attention,Scalable,cloudy,21.8,54.9
1994_194_Japan,1994,194,Japan,Argentina,A,group,Pepsi,draw,1,1508,92.4,147.9,10.25,57.09,106.78,0.557,0.391,13.35,0.59,0.856,0.917,0.483,3.538,0.265,Mid attention,Scalable,clear,18.3,68.6
2006_195_Spain,2006,195,Spain,England,A,group,Emirates,draw,1,1583,88.4,104.5,3.79,44.36,73.11,0.382,0.218,12.91,0.551,0.596,0.308,0.372,3.316,0.257,Low attention,Watchlist,clear,29.0,36.7
1946_196_Qatar,1946,196,Qatar,Germany,A,group,Qatar Airways,win,3,1589,93.0,185.9,3.32,38.98,134.77,0.39,0.218,6.71,0.428,0.445,0.728,0.399,3.636,0.542,Low attention,Scalable,clear,20.6,36.2
1946_197_Brazil,1946,197,Brazil,Croatia,A,semi_final,Hyundai,draw,1,1453,85.5,158.5,4.37,57.0,121.47,0.555,0.306,6.91,0.55,0.803,0.863,0.437,3.839,0.556,Low attention,Scalable,clear,32.7,44.4
2022_198_Uruguay,2022,198,Uruguay,Japan,A,group,Samsung,win,3,1542,86.2,160.0,3.94,22.37,125.79,0.252,0.152,7.33,0.424,0.483,0.539,0.347,3.222,0.44,Low attention,Watchlist,windy,28.4,29.2
2014_199_USA,2014,199,USA,Qatar,A,group,Coca-Cola,win,3,1462,89.5,45.2,2.34,37.15,77.53,0.318,0.166,8.25,0.558,0.875,0.653,0.41,3.132,0.38,Low attention,Scalable,clear,41.1,29.3
1954_200_Uruguay,1954,200,Uruguay,Qatar,A,group,Samsung,win,3,1542,86.2,160.0,3.94,24.31,83.85,0.255,0.139,7.33,0.424,0.483,0.539,0.343,3.205,0.437,Low attention,Watchlist,clear,21.8,46.3
1946_201_USA,1946,201,USA,Canada,A,group,Coca-Cola,win,3,1462,89.5,45.2,2.34,44.22,91.79,0.442,0.204,8.25,0.558,0.875,0.653,0.447,3.253,0.394,Low attention,Scalable,clear,14.0,32.2
1970_202_Australia,1970,202,Australia,Nigeria,A,semi_final,Emirates,loss,0,1505,93.1,143.4,5.84,53.11,143.42,0.544,0.323,9.07,0.582,0.797,0.723,0.419,4.077,0.45,Low attention,Scalable,rain,24.5,84.6
2006_203_Brazil,2006,203,Brazil,France,A,group,Hyundai,draw,1,1453,85.5,158.5,4.37,46.75,323.49,0.571,0.363,6.91,0.55,0.803,0.863,0.461,3.674,0.532,Mid attention,Scalable,windy,23.6,57.3
1978_204_South_Korea,1978,204,South Korea,England,A,group,Sony,loss,0,1417,87.2,148.7,5.3,33.79,162.27,0.418,0.241,1.99,0.342,0.904,0.287,0.283,3.227,1.622,Low attention,Watchlist,hot,19.6,43.1
1946_205_Portugal,1946,205,Portugal,Netherlands,A,group,Adidas,loss,0,1416,86.4,101.0,5.55,29.8,97.2,0.299,0.195,12.32,0.731,0.714,0.893,0.377,3.428,0.278,Low attention,Watchlist,rain,16.8,29.9
1998_206_South_Korea,1998,206,South Korea,Saudi Arabia,A,group,Sony,loss,0,1417,87.2,148.7,5.3,40.26,74.93,0.398,0.225,1.99,0.342,0.904,0.287,0.273,3.282,1.649,Low attention,Watchlist,rain,26.3,53.4
1934_207_Qatar,1934,207,Qatar,Germany,A,group,Qatar Airways,loss,0,1589,93.0,185.9,3.32,32.5,120.53,0.359,0.183,6.71,0.428,0.445,0.728,0.28,3.546,0.528,Low attention,Watchlist,cloudy,16.8,52.5
1994_208_Italy,1994,208,Italy,Spain,A,round_16,Mastercard,win,3,1557,87.9,148.1,6.17,49.87,134.54,0.522,0.31,13.6,0.667,0.776,0.732,0.539,3.698,0.272,Low attention,Scalable,rain,25.9,95.0
1970_209_Portugal,1970,209,Portugal,Japan,A,group,Adidas,loss,0,1416,86.4,101.0,5.55,38.66,196.91,0.475,0.283,12.32,0.731,0.714,0.893,0.442,3.674,0.298,Low attention,Scalable,cloudy,36.1,61.1
1986_210_Saudi_Arabia,1986,210,Saudi Arabia,Canada,A,group,Adidas,win,3,1386,84.3,141.2,33.8,27.36,102.65,0.262,0.632,12.09,0.73,0.618,0.841,0.635,3.696,0.306,Mid attention,Premium,windy,17.8,40.6
1986_211_Croatia,1986,211,Croatia,Australia,A,final,Qatar Airways,draw,1,1624,92.9,108.1,12.03,70.1,165.22,0.666,0.505,8.24,0.507,0.515,0.83,0.518,4.35,0.528,Mid attention,Scalable,cloudy,25.1,95.0
1942_212_Italy,1942,212,Italy,Germany,A,group,Mastercard,loss,0,1557,87.9,148.1,6.17,31.64,97.09,0.325,0.213,13.6,0.667,0.776,0.732,0.366,3.351,0.246,Low attention,Watchlist,clear,22.8,47.8
1978_213_Senegal,1978,213,Senegal,Belgium,A,group,Adidas,win,3,1511,91.9,152.7,10.6,37.08,121.35,0.41,0.318,15.86,0.559,0.641,0.372,0.485,3.234,0.204,Low attention,Scalable,clear,29.0,68.6
1930_214_Morocco,1930,214,Morocco,Brazil,A,group,Sony,draw,1,1334,86.7,67.3,6.16,29.04,82.56,0.295,0.194,3.39,0.433,0.526,0.717,0.307,3.194,0.942,Low attention,Watchlist,clear,23.3,18.1
1966_215_South_Korea,1966,215,South Korea,Mexico,A,final,Sony,loss,0,1417,87.2,148.7,5.3,57.18,176.53,0.581,0.349,1.99,0.342,0.904,0.287,0.353,3.962,1.991,Mid attention,Watchlist,windy,20.4,77.9
1994_216_Australia,1994,216,Australia,Spain,A,group,Emirates,draw,1,1505,93.1,143.4,5.84,36.23,71.89,0.364,0.215,9.07,0.582,0.797,0.723,0.378,3.511,0.387,Low attention,Watchlist,clear,39.9,59.1
1950_217_Brazil,1950,217,Brazil,Croatia,A,group,Hyundai,draw,1,1453,85.5,158.5,4.37,37.62,99.92,0.391,0.212,6.91,0.55,0.803,0.863,0.371,3.311,0.479,Low attention,Watchlist,clear,25.2,44.0
1934_218_Australia,1934,218,Australia,Ghana,A,group,Emirates,loss,0,1505,93.1,143.4,5.84,44.18,107.25,0.448,0.267,9.07,0.582,0.797,0.723,0.38,3.632,0.4,Low attention,Scalable,rain,19.5,67.8
1934_219_Portugal,1934,219,Portugal,Belgium,A,group,Adidas,draw,1,1416,86.4,101.0,5.55,38.15,163.21,0.406,0.264,12.32,0.731,0.714,0.893,0.455,3.648,0.296,Low attention,Scalable,clear,26.5,71.4
1974_220_Saudi_Arabia,1974,220,Saudi Arabia,Germany,A,quarter_final,Adidas,win,3,1386,84.3,141.2,33.8,46.26,149.13,0.481,0.737,12.09,0.73,0.618,0.841,0.715,4.153,0.344,High attention,Premium,rain,16.6,47.0
1994_221_USA,1994,221,USA,Brazil,A,group,Coca-Cola,draw,1,1462,89.5,45.2,2.34,38.72,233.79,0.478,0.252,8.25,0.558,0.875,0.653,0.405,3.366,0.408,Low attention,Scalable,cloudy,33.9,24.9
1970_222_Portugal,1970,222,Portugal,Belgium,A,group,Adidas,loss,0,1416,86.4,101.0,5.55,27.15,117.88,0.292,0.194,12.32,0.731,0.714,0.893,0.375,3.474,0.282,Low attention,Watchlist,hot,20.1,64.5
2010_223_USA,2010,223,USA,Argentina,A,semi_final,Coca-Cola,loss,0,1462,89.5,45.2,2.34,43.64,156.38,0.475,0.234,8.25,0.558,0.875,0.653,0.364,3.543,0.429,Low attention,Watchlist,cloudy,16.0,39.6
1974_224_Ghana,1974,224,Ghana,USA,A,round_16,Samsung,win,3,1646,87.8,81.7,2.89,42.4,61.08,0.361,0.189,8.2,0.527,0.86,0.717,0.416,3.564,0.435,Low attention,Scalable,clear,20.4,65.4
2014_225_Portugal,2014,225,Portugal,Japan,A,group,Adidas,draw,1,1416,86.4,101.0,5.55,36.66,231.41,0.478,0.292,12.32,0.731,0.714,0.893,0.479,3.67,0.298,Low attention,Scalable,clear,26.8,51.4
2014_226_Spain,2014,226,Spain,USA,A,group,Emirates,loss,0,1583,88.4,104.5,3.79,40.66,60.89,0.333,0.196,12.91,0.551,0.596,0.308,0.322,3.276,0.254,Low attention,Watchlist,rain,9.7,63.7
1954_227_Morocco,1954,227,Morocco,Spain,A,group,Sony,loss,0,1334,86.7,67.3,6.16,44.61,127.92,0.446,0.284,3.39,0.433,0.526,0.717,0.335,3.387,0.999,Low attention,Watchlist,rain,24.2,63.4
2002_228_Portugal,2002,228,Portugal,Ghana,A,group,Adidas,loss,0,1416,86.4,101.0,5.55,50.96,100.86,0.474,0.288,12.32,0.731,0.714,0.893,0.444,3.649,0.296,Low attention,Scalable,cloudy,35.4,67.8
2006_229_Spain,2006,229,Spain,Canada,A,group,Emirates,loss,0,1583,88.4,104.5,3.79,46.15,213.18,0.558,0.296,12.91,0.551,0.596,0.308,0.4,3.507,0.272,Low attention,Scalable,cloudy,28.9,40.7
1994_230_Portugal,1994,230,Portugal,Brazil,A,group,Adidas,loss,0,1416,86.4,101.0,5.55,36.25,107.89,0.353,0.228,12.32,0.731,0.714,0.893,0.399,3.535,0.287,Low attention,Scalable,rain,16.7,44.5
1998_231_Italy,1998,231,Italy,Belgium,A,group,Mastercard,win,3,1557,87.9,148.1,6.17,38.51,171.08,0.395,0.279,13.6,0.667,0.776,0.732,0.504,3.536,0.26,Low attention,Scalable,cloudy,18.5,75.7
1998_232_England,1998,232,England,Ghana,A,round_16,Adidas,loss,0,1657,92.1,111.6,17.13,44.24,149.83,0.488,0.466,7.09,0.262,0.339,0.129,0.354,3.694,0.521,Mid attention,Watchlist,cloudy,19.3,49.4
2014_233_France,2014,233,France,Croatia,A,group,Nike,win,3,1520,89.8,66.0,5.59,53.07,139.66,0.539,0.317,5.5,0.394,0.373,0.537,0.452,3.576,0.65,Low attention,Scalable,cloudy,21.3,71.8
1958_234_Senegal,1958,234,Senegal,England,A,quarter_final,Adidas,draw,1,1511,91.9,152.7,10.6,45.65,158.51,0.526,0.374,15.86,0.559,0.641,0.372,0.46,3.459,0.218,Mid attention,Scalable,rain,19.0,45.8
1950_235_Brazil,1950,235,Brazil,South Korea,A,group,Hyundai,loss,0,1453,85.5,158.5,4.37,39.21,100.86,0.385,0.219,6.91,0.55,0.803,0.863,0.34,3.404,0.493,Low attention,Watchlist,clear,19.4,88.2
2002_236_Belgium,2002,236,Belgium,Canada,A,semi_final,Nike,loss,0,1252,87.3,100.1,7.7,44.67,135.98,0.51,0.312,10.39,0.567,0.776,0.539,0.404,3.591,0.346,Low attention,Scalable,clear,26.4,15.2
2018_237_Nigeria,2018,237,Nigeria,Qatar,A,group,Adidas,win,3,1409,93.4,118.0,10.18,34.18,60.83,0.298,0.269,3.77,0.464,0.787,0.819,0.414,3.531,0.937,Low attention,Scalable,clear,45.2,45.1
1982_238_Senegal,1982,238,Senegal,Germany,A,group,Adidas,loss,0,1511,91.9,152.7,10.6,41.66,178.96,0.427,0.367,15.86,0.559,0.641,0.372,0.406,3.325,0.21,Mid attention,Scalable,hot,36.9,36.5
1958_239_Uruguay,1958,239,Uruguay,Portugal,A,group,Samsung,loss,0,1542,86.2,160.0,3.94,35.62,87.95,0.304,0.19,7.33,0.424,0.483,0.539,0.271,3.338,0.455,Low attention,Watchlist,cloudy,31.9,56.5
1998_240_Argentina,1998,240,Argentina,Germany,A,final,Nike,loss,0,1486,87.3,148.5,3.08,61.91,143.02,0.575,0.318,11.04,0.476,0.575,0.332,0.386,3.938,0.357,Low attention,Scalable,clear,24.6,31.6
1998_241_South_Korea,1998,241,South Korea,Croatia,A,group,Sony,win,3,1417,87.2,148.7,5.3,40.99,144.05,0.429,0.263,1.99,0.342,0.904,0.287,0.393,3.315,1.666,Low attention,Scalable,clear,19.8,18.6
2018_242_Portugal,2018,242,Portugal,Argentina,A,group,Adidas,draw,1,1416,86.4,101.0,5.55,28.58,81.96,0.335,0.182,12.32,0.731,0.714,0.893,0.411,3.42,0.278,Low attention,Scalable,cloudy,30.1,18.4
2010_243_Nigeria,2010,243,Nigeria,Ghana,A,quarter_final,Adidas,loss,0,1409,93.4,118.0,10.18,41.98,71.31,0.408,0.307,3.77,0.464,0.787,0.819,0.348,3.787,1.005,Low attention,Watchlist,hot,21.3,52.9
1998_244_Argentina,1998,244,Argentina,France,A,group,Nike,draw,1,1486,87.3,148.5,3.08,29.96,57.77,0.291,0.137,11.04,0.476,0.575,0.332,0.3,3.132,0.284,Low attention,Watchlist,cloudy,24.5,49.6
1930_245_Italy,1930,245,Italy,Germany,A,group,Mastercard,loss,0,1557,87.9,148.1,6.17,47.27,234.09,0.542,0.349,13.6,0.667,0.776,0.732,0.457,3.648,0.268,Mid attention,Scalable,clear,25.7,57.0
1950_246_South_Korea,1950,246,South Korea,Portugal,A,group,Sony,win,3,1417,87.2,148.7,5.3,44.15,173.36,0.492,0.291,1.99,0.342,0.904,0.287,0.416,3.428,1.723,Low attention,Scalable,rain,26.6,82.4
1934_247_Morocco,1934,247,Morocco,Senegal,A,group,Sony,loss,0,1334,86.7,67.3,6.16,25.94,93.78,0.276,0.186,3.39,0.433,0.526,0.717,0.268,3.14,0.926,Low attention,Watchlist,clear,13.5,57.0
1970_248_Morocco,1970,248,Morocco,Saudi Arabia,A,group,Sony,loss,0,1334,86.7,67.3,6.16,24.02,50.48,0.21,0.156,3.39,0.433,0.526,0.717,0.244,3.104,0.916,Low attention,Watchlist,clear,26.3,19.2
1974_249_England,1974,249,England,Portugal,A,round_16,Adidas,win,3,1657,92.1,111.6,17.13,41.71,297.4,0.553,0.529,7.09,0.262,0.339,0.129,0.49,3.83,0.54,Mid attention,Scalable,rain,14.6,65.3
2022_250_Argentina,2022,250,Argentina,England,A,quarter_final,Nike,loss,0,1486,87.3,148.5,3.08,47.77,142.91,0.516,0.257,11.04,0.476,0.575,0.332,0.352,3.543,0.321,Low attention,Watchlist,clear,19.7,75.8
2006_251_Morocco,2006,251,Morocco,Germany,A,quarter_final,Sony,loss,0,1334,86.7,67.3,6.16,55.53,139.23,0.57,0.337,3.39,0.433,0.526,0.717,0.378,3.709,1.094,Mid attention,Watchlist,rain,19.3,67.2
1998_252_Qatar,1998,252,Qatar,Morocco,A,round_16,Qatar Airways,loss,0,1589,93.0,185.9,3.32,46.45,162.08,0.496,0.264,6.71,0.428,0.445,0.728,0.335,3.859,0.575,Low attention,Watchlist,rain,19.5,88.5
1966_253_Spain,1966,253,Spain,Germany,A,group,Emirates,win,3,1583,88.4,104.5,3.79,41.03,103.46,0.374,0.219,12.91,0.551,0.596,0.308,0.438,3.343,0.259,Low attention,Scalable,rain,20.7,19.3
1998_254_Netherlands,1998,254,Netherlands,Qatar,A,group,Coca-Cola,loss,0,1525,91.0,47.9,3.87,44.96,127.29,0.432,0.249,12.96,0.731,0.68,0.64,0.421,3.634,0.28,Low attention,Scalable,clear,17.6,68.9
1974_255_USA,1974,255,USA,Mexico,A,group,Coca-Cola,loss,0,1462,89.5,45.2,2.34,34.11,97.64,0.341,0.163,8.25,0.558,0.875,0.653,0.313,3.167,0.384,Low attention,Watchlist,clear,11.8,39.0
1962_256_Germany,1962,256,Germany,Portugal,A,group,Qatar Airways,loss,0,1468,91.0,78.5,8.32,31.33,55.7,0.329,0.224,9.37,0.51,0.68,0.549,0.318,3.214,0.343,Low attention,Watchlist,clear,30.4,63.2
1938_257_Senegal,1938,257,Senegal,Argentina,A,group,Adidas,loss,0,1511,91.9,152.7,10.6,42.79,156.64,0.486,0.36,15.86,0.559,0.641,0.372,0.415,3.27,0.206,Mid attention,Scalable,hot,25.9,24.6
1970_258_Morocco,1970,258,Morocco,France,A,group,Sony,loss,0,1334,86.7,67.3,6.16,30.08,168.53,0.393,0.242,3.39,0.433,0.526,0.717,0.31,3.254,0.96,Low attention,Watchlist,hot,19.3,45.6
1942_259_Brazil,1942,259,Brazil,Belgium,A,group,Hyundai,win,3,1453,85.5,158.5,4.37,38.08,119.24,0.378,0.223,6.91,0.55,0.803,0.863,0.44,3.416,0.494,Low attention,Scalable,rain,26.2,53.9
1930_260_Croatia,1930,260,Croatia,France,A,group,Qatar Airways,loss,0,1624,92.9,108.1,12.03,43.28,187.41,0.486,0.4,8.24,0.507,0.515,0.83,0.412,3.744,0.454,Mid attention,Scalable,cloudy,35.5,63.6
2002_261_Argentina,2002,261,Argentina,Morocco,A,group,Nike,loss,0,1486,87.3,148.5,3.08,32.83,116.16,0.371,0.179,11.04,0.476,0.575,0.332,0.297,3.246,0.294,Low attention,Watchlist,cloudy,25.0,81.2
1974_262_Senegal,1974,262,Senegal,Qatar,A,group,Adidas,win,3,1511,91.9,152.7,10.6,45.44,155.03,0.518,0.371,15.86,0.559,0.641,0.372,0.524,3.313,0.209,Mid attention,Scalable,clear,25.7,52.7
1974_263_England,1974,263,England,Portugal,A,semi_final,Adidas,win,3,1657,92.1,111.6,17.13,60.33,174.05,0.631,0.547,7.09,0.262,0.339,0.129,0.51,4.053,0.572,Mid attention,Scalable,cloudy,24.3,57.0
1998_264_Portugal,1998,264,Portugal,Senegal,A,group,Adidas,loss,0,1416,86.4,101.0,5.55,37.59,201.81,0.502,0.281,12.32,0.731,0.714,0.893,0.446,3.645,0.296,Low attention,Scalable,hot,21.0,46.0
1990_265_England,1990,265,England,Canada,A,round_16,Adidas,win,3,1657,92.1,111.6,17.13,48.63,120.95,0.482,0.47,7.09,0.262,0.339,0.129,0.454,3.709,0.523,Mid attention,Scalable,rain,29.9,91.1
1982_266_England,1982,266,England,Brazil,A,group,Adidas,loss,0,1657,92.1,111.6,17.13,33.37,69.58,0.293,0.379,7.09,0.262,0.339,0.129,0.286,3.382,0.477,Mid attention,Watchlist,cloudy,26.2,36.4
1950_267_Italy,1950,267,Italy,Mexico,A,final,Mastercard,win,3,1557,87.9,148.1,6.17,62.35,172.46,0.608,0.383,13.6,0.667,0.776,0.732,0.582,4.178,0.307,Mid attention,Scalable,clear,23.6,44.2
1938_268_Nigeria,1938,268,Nigeria,USA,A,round_16,Adidas,win,3,1409,93.4,118.0,10.18,43.48,74.02,0.384,0.315,3.77,0.464,0.787,0.819,0.447,3.777,1.002,Low attention,Scalable,cloudy,24.5,46.8
2002_269_Portugal,2002,269,Portugal,Ghana,A,group,Adidas,loss,0,1416,86.4,101.0,5.55,48.06,139.3,0.509,0.295,12.32,0.731,0.714,0.893,0.452,3.67,0.298,Low attention,Scalable,rain,37.0,43.8
1942_270_Belgium,1942,270,Belgium,South Korea,A,group,Nike,loss,0,1252,87.3,100.1,7.7,35.71,111.13,0.39,0.261,10.39,0.567,0.776,0.539,0.362,3.241,0.312,Low attention,Watchlist,hot,17.4,38.3
1982_271_Germany,1982,271,Germany,Belgium,A,group,Qatar Airways,loss,0,1468,91.0,78.5,8.32,23.3,76.8,0.242,0.2,9.37,0.51,0.68,0.549,0.293,3.16,0.337,Low attention,Watchlist,cloudy,19.8,77.9
1946_272_South_Korea,1946,272,South Korea,Australia,A,semi_final,Sony,win,3,1417,87.2,148.7,5.3,52.38,172.87,0.549,0.326,1.99,0.342,0.904,0.287,0.439,3.739,1.879,Low attention,Scalable,rain,29.5,49.2
1974_273_South_Korea,1974,273,South Korea,Croatia,A,group,Sony,win,3,1417,87.2,148.7,5.3,42.48,104.04,0.429,0.249,1.99,0.342,0.904,0.287,0.388,3.299,1.658,Low attention,Scalable,clear,20.1,78.0
1986_274_Spain,1986,274,Spain,Nigeria,A,quarter_final,Emirates,win,3,1583,88.4,104.5,3.79,39.53,106.13,0.396,0.214,12.91,0.551,0.596,0.308,0.44,3.512,0.272,Low attention,Scalable,cloudy,21.5,62.4
1930_275_Japan,1930,275,Japan,Portugal,A,round_16,Pepsi,loss,0,1508,92.4,147.9,10.25,60.55,249.25,0.618,0.478,13.35,0.59,0.856,0.917,0.494,3.881,0.291,Mid attention,Scalable,clear,21.3,57.9
1978_276_Belgium,1978,276,Belgium,Morocco,A,group,Nike,draw,1,1252,87.3,100.1,7.7,31.24,64.98,0.296,0.219,10.39,0.567,0.776,0.539,0.363,3.172,0.305,Low attention,Watchlist,clear,25.8,71.6
1966_277_Spain,1966,277,Spain,England,A,round_16,Emirates,win,3,1583,88.4,104.5,3.79,62.09,154.08,0.597,0.335,12.91,0.551,0.596,0.308,0.522,3.672,0.284,Mid attention,Scalable,clear,25.2,73.4
1958_278_Canada,1958,278,Canada,Uruguay,A,group,Nike,draw,1,1538,88.1,105.0,2.03,41.78,134.6,0.413,0.21,4.93,0.451,0.945,0.713,0.341,3.473,0.704,Low attention,Watchlist,rain,31.4,31.0
1990_279_Netherlands,1990,279,Netherlands,Qatar,A,group,Coca-Cola,win,3,1525,91.0,47.9,3.87,44.72,118.91,0.428,0.244,12.96,0.731,0.68,0.64,0.518,3.621,0.279,Low attention,Scalable,hot,14.9,56.7
1998_280_South_Korea,1998,280,South Korea,Italy,A,group,Sony,loss,0,1417,87.2,148.7,5.3,28.38,28.7,0.251,0.151,1.99,0.342,0.904,0.287,0.219,3.044,1.53,Low attention,Watchlist,clear,37.9,68.4
1950_281_Argentina,1950,281,Argentina,Belgium,A,semi_final,Nike,loss,0,1486,87.3,148.5,3.08,47.99,143.46,0.482,0.258,11.04,0.476,0.575,0.332,0.347,3.711,0.336,Low attention,Watchlist,clear,21.0,58.5
1990_282_Spain,1990,282,Spain,Belgium,A,group,Emirates,draw,1,1583,88.4,104.5,3.79,31.55,93.46,0.323,0.173,12.91,0.551,0.596,0.308,0.344,3.25,0.252,Low attention,Watchlist,clear,24.5,51.0
1990_283_Ghana,1990,283,Ghana,Germany,A,round_16,Samsung,win,3,1646,87.8,81.7,2.89,38.06,149.09,0.407,0.215,8.2,0.527,0.86,0.717,0.434,3.615,0.441,Low attention,Scalable,cloudy,19.3,84.5
1934_284_USA,1934,284,USA,Italy,A,round_16,Coca-Cola,win,3,1462,89.5,45.2,2.34,37.08,86.14,0.317,0.17,8.25,0.558,0.875,0.653,0.411,3.246,0.393,Low attention,Scalable,clear,16.4,43.4
1978_285_Brazil,1978,285,Brazil,England,A,round_16,Hyundai,win,3,1453,85.5,158.5,4.37,40.63,167.39,0.416,0.258,6.91,0.55,0.803,0.863,0.46,3.529,0.511,Low attention,Scalable,clear,16.0,57.2
1982_286_Argentina,1982,286,Argentina,Japan,A,round_16,Nike,loss,0,1486,87.3,148.5,3.08,33.58,83.82,0.328,0.166,11.04,0.476,0.575,0.332,0.284,3.282,0.297,Low attention,Watchlist,hot,32.5,31.6
1938_287_Ghana,1938,287,Ghana,Australia,A,group,Samsung,win,3,1646,87.8,81.7,2.89,34.17,106.16,0.357,0.177,8.2,0.527,0.86,0.717,0.41,3.423,0.417,Low attention,Scalable,clear,17.7,52.0
1962_288_Saudi_Arabia,1962,288,Saudi Arabia,Portugal,A,group,Adidas,win,3,1386,84.3,141.2,33.8,31.92,79.34,0.339,0.64,12.09,0.73,0.618,0.841,0.652,3.762,0.311,Mid attention,Premium,clear,28.0,67.4
1954_289_South_Korea,1954,289,South Korea,Nigeria,A,group,Sony,loss,0,1417,87.2,148.7,5.3,36.97,66.46,0.385,0.207,1.99,0.342,0.904,0.287,0.264,3.24,1.628,Low attention,Watchlist,cloudy,22.8,79.2
2022_290_Ghana,2022,290,Ghana,Morocco,A,group,Samsung,win,3,1646,87.8,81.7,2.89,46.49,140.92,0.486,0.247,8.2,0.527,0.86,0.717,0.46,3.623,0.442,Low attention,Scalable,hot,20.9,20.5
1958_291_Japan,1958,291,Japan,Netherlands,A,group,Pepsi,draw,1,1508,92.4,147.9,10.25,34.9,71.64,0.333,0.278,13.35,0.59,0.856,0.917,0.4,3.268,0.245,Low attention,Scalable,cloudy,18.6,67.0
1950_292_Spain,1950,292,Spain,Uruguay,A,group,Emirates,loss,0,1583,88.4,104.5,3.79,46.68,85.46,0.43,0.234,12.91,0.551,0.596,0.308,0.354,3.37,0.261,Low attention,Watchlist,clear,29.8,61.4
1986_293_England,1986,293,England,Saudi Arabia,A,group,Adidas,win,3,1657,92.1,111.6,17.13,43.43,103.26,0.404,0.439,7.09,0.262,0.339,0.129,0.429,3.545,0.5,Mid attention,Scalable,clear,36.1,67.7
1994_294_Mexico,1994,294,Mexico,Senegal,A,group,Mastercard,win,3,1353,87.2,78.0,6.91,32.31,157.61,0.373,0.258,8.52,0.451,0.481,0.718,0.418,3.016,0.354,Low attention,Scalable,cloudy,18.7,55.1
1966_295_Portugal,1966,295,Portugal,England,A,group,Adidas,loss,0,1416,86.4,101.0,5.55,38.55,55.05,0.308,0.212,12.32,0.731,0.714,0.893,0.384,3.479,0.282,Low attention,Scalable,clear,31.9,95.0
2014_296_Australia,2014,296,Australia,Morocco,A,group,Emirates,win,3,1505,93.1,143.4,5.84,32.17,86.02,0.309,0.204,9.07,0.582,0.797,0.723,0.431,3.553,0.392,Low attention,Scalable,windy,24.9,50.6
2006_297_Croatia,2006,297,Croatia,Argentina,A,group,Qatar Airways,loss,0,1624,92.9,108.1,12.03,36.53,85.51,0.343,0.32,8.24,0.507,0.515,0.83,0.356,3.554,0.431,Low attention,Watchlist,hot,25.0,68.1
2006_298_Morocco,2006,298,Morocco,Portugal,A,group,Sony,draw,1,1334,86.7,67.3,6.16,37.19,64.7,0.357,0.22,3.39,0.433,0.526,0.717,0.328,3.236,0.955,Low attention,Watchlist,clear,25.9,49.1
2002_299_Nigeria,2002,299,Nigeria,Uruguay,A,group,Adidas,draw,1,1409,93.4,118.0,10.18,34.86,94.31,0.37,0.288,3.77,0.464,0.787,0.819,0.367,3.583,0.95,Low attention,Watchlist,clear,24.3,41.9
1954_300_Mexico,1954,300,Mexico,Saudi Arabia,A,group,Mastercard,win,3,1353,87.2,78.0,6.91,37.06,67.93,0.33,0.233,8.52,0.451,0.481,0.718,0.401,3.004,0.353,Low attention,Scalable,clear,26.1,72.1
1962_301_Australia,1962,301,Australia,Senegal,A,group,Emirates,loss,0,1505,93.1,143.4,5.84,29.91,62.36,0.309,0.183,9.07,0.582,0.797,0.723,0.323,3.461,0.382,Low attention,Watchlist,clear,18.6,77.7
1934_302_Ghana,1934,302,Ghana,Australia,A,semi_final,Samsung,draw,1,1646,87.8,81.7,2.89,35.06,150.2,0.423,0.203,8.2,0.527,0.86,0.717,0.366,3.704,0.452,Low attention,Watchlist,clear,29.7,80.5
1978_303_Netherlands,1978,303,Netherlands,USA,A,group,Coca-Cola,loss,0,1525,91.0,47.9,3.87,37.84,183.79,0.423,0.247,12.96,0.731,0.68,0.64,0.419,3.612,0.279,Low attention,Scalable,clear,26.6,25.5
1950_304_Canada,1950,304,Canada,France,A,round_16,Nike,loss,0,1538,88.1,105.0,2.03,49.8,148.69,0.514,0.252,4.93,0.451,0.945,0.713,0.341,3.696,0.75,Low attention,Watchlist,clear,31.7,44.8
2022_305_Mexico,2022,305,Mexico,Belgium,A,group,Mastercard,win,3,1353,87.2,78.0,6.91,25.24,103.57,0.277,0.2,8.52,0.451,0.481,0.718,0.379,2.926,0.343,Low attention,Watchlist,cloudy,21.9,64.4
1946_306_Nigeria,1946,306,Nigeria,South Korea,A,round_16,Adidas,loss,0,1409,93.4,118.0,10.18,41.45,167.54,0.488,0.353,3.77,0.464,0.787,0.819,0.38,3.86,1.024,Mid attention,Scalable,clear,24.3,65.5
2010_307_Netherlands,2010,307,Netherlands,Germany,A,group,Coca-Cola,loss,0,1525,91.0,47.9,3.87,47.03,157.18,0.472,0.273,12.96,0.731,0.68,0.64,0.437,3.681,0.284,Low attention,Scalable,windy,18.9,32.1
1958_308_USA,1958,308,USA,Croatia,A,group,Coca-Cola,win,3,1462,89.5,45.2,2.34,55.47,240.02,0.602,0.327,8.25,0.558,0.875,0.653,0.522,3.489,0.423,Low attention,Scalable,cloudy,16.8,42.2
2018_309_Brazil,2018,309,Brazil,Germany,A,group,Hyundai,loss,0,1453,85.5,158.5,4.37,34.99,138.87,0.401,0.22,6.91,0.55,0.803,0.863,0.343,3.38,0.489,Low attention,Watchlist,cloudy,22.7,53.8
1966_310_Morocco,1966,310,Morocco,France,A,group,Sony,draw,1,1334,86.7,67.3,6.16,40.39,101.48,0.405,0.252,3.39,0.433,0.526,0.717,0.349,3.325,0.981,Low attention,Watchlist,cloudy,14.0,52.1
1982_311_France,1982,311,France,Morocco,A,group,Nike,loss,0,1520,89.8,66.0,5.59,35.89,124.62,0.383,0.236,5.5,0.394,0.373,0.537,0.293,3.408,0.62,Low attention,Watchlist,cloudy,14.4,48.3
2022_312_Japan,2022,312,Japan,Netherlands,A,group,Pepsi,draw,1,1508,92.4,147.9,10.25,35.1,80.81,0.369,0.284,13.35,0.59,0.856,0.917,0.408,3.263,0.244,Low attention,Scalable,cloudy,12.2,60.0
1990_313_Australia,1990,313,Australia,Japan,A,quarter_final,Emirates,loss,0,1505,93.1,143.4,5.84,55.68,134.44,0.562,0.33,9.07,0.582,0.797,0.723,0.425,4.012,0.442,Low attention,Scalable,windy,17.9,46.3
2022_314_Spain,2022,314,Spain,Qatar,A,group,Emirates,draw,1,1583,88.4,104.5,3.79,35.69,138.25,0.346,0.213,12.91,0.551,0.596,0.308,0.364,3.312,0.257,Low attention,Watchlist,hot,16.3,76.3
2018_315_Nigeria,2018,315,Nigeria,Senegal,A,final,Adidas,win,3,1409,93.4,118.0,10.18,77.61,226.73,0.822,0.539,3.77,0.464,0.787,0.819,0.611,4.596,1.219,Mid attention,Scalable,clear,11.8,46.0
1962_316_Japan,1962,316,Japan,Argentina,A,group,Pepsi,win,3,1508,92.4,147.9,10.25,42.23,151.72,0.453,0.35,13.35,0.59,0.856,0.917,0.515,3.426,0.257,Mid attention,Scalable,clear,24.8,39.2
1934_317_Argentina,1934,317,Argentina,Canada,A,group,Nike,loss,0,1486,87.3,148.5,3.08,34.16,67.71,0.321,0.16,11.04,0.476,0.575,0.332,0.28,3.183,0.288,Low attention,Watchlist,windy,25.8,49.4
1942_318_Netherlands,1942,318,Netherlands,Japan,A,round_16,Coca-Cola,win,3,1525,91.0,47.9,3.87,37.14,134.68,0.409,0.219,12.96,0.731,0.68,0.64,0.506,3.647,0.281,Low attention,Scalable,hot,29.2,48.1
2010_319_Morocco,2010,319,Morocco,Netherlands,A,quarter_final,Sony,draw,1,1334,86.7,67.3,6.16,50.36,173.26,0.486,0.331,3.39,0.433,0.526,0.717,0.394,3.666,1.081,Mid attention,Scalable,clear,33.5,65.1
1966_320_Nigeria,1966,320,Nigeria,Mexico,A,round_16,Adidas,loss,0,1409,93.4,118.0,10.18,31.32,69.1,0.292,0.26,3.77,0.464,0.787,0.819,0.309,3.658,0.97,Low attention,Watchlist,rain,38.3,46.7
2010_321_Germany,2010,321,Germany,Saudi Arabia,A,semi_final,Qatar Airways,draw,1,1468,91.0,78.5,8.32,49.33,136.71,0.518,0.343,9.37,0.51,0.68,0.549,0.43,3.757,0.401,Mid attention,Scalable,windy,31.4,60.5
1986_322_USA,1986,322,USA,Brazil,A,round_16,Coca-Cola,loss,0,1462,89.5,45.2,2.34,56.69,110.29,0.571,0.267,8.25,0.558,0.875,0.653,0.394,3.503,0.425,Low attention,Scalable,rain,29.5,35.4
1954_323_England,1954,323,England,Brazil,A,group,Adidas,win,3,1657,92.1,111.6,17.13,43.37,168.85,0.451,0.472,7.09,0.262,0.339,0.129,0.449,3.596,0.507,Mid attention,Scalable,cloudy,23.3,30.9
1986_324_Netherlands,1986,324,Netherlands,Croatia,A,group,Coca-Cola,win,3,1525,91.0,47.9,3.87,35.61,213.56,0.403,0.252,12.96,0.731,0.68,0.64,0.517,3.603,0.278,Low attention,Scalable,cloudy,24.9,49.5
1978_325_Germany,1978,325,Germany,Uruguay,A,group,Qatar Airways,win,3,1468,91.0,78.5,8.32,40.81,145.03,0.414,0.31,9.37,0.51,0.68,0.549,0.466,3.355,0.358,Low attention,Scalable,cloudy,18.6,74.7
1942_326_Belgium,1942,326,Belgium,Qatar,A,group,Nike,loss,0,1252,87.3,100.1,7.7,30.43,68.87,0.296,0.217,10.39,0.567,0.776,0.539,0.329,3.136,0.302,Low attention,Watchlist,windy,28.3,65.2
1990_327_Canada,1990,327,Canada,Germany,A,group,Nike,draw,1,1538,88.1,105.0,2.03,35.91,128.15,0.418,0.182,4.93,0.451,0.945,0.713,0.331,3.409,0.691,Low attention,Watchlist,clear,29.0,40.3
2002_328_Brazil,2002,328,Brazil,Germany,A,quarter_final,Hyundai,loss,0,1453,85.5,158.5,4.37,31.29,70.05,0.311,0.169,6.91,0.55,0.803,0.863,0.307,3.428,0.496,Low attention,Watchlist,cloudy,28.9,30.5
1934_329_Argentina,1934,329,Argentina,Senegal,A,round_16,Nike,loss,0,1486,87.3,148.5,3.08,49.87,220.35,0.574,0.305,11.04,0.476,0.575,0.332,0.381,3.568,0.323,Low attention,Scalable,clear,26.8,63.5
1990_330_Argentina,1990,330,Argentina,France,A,round_16,Nike,loss,0,1486,87.3,148.5,3.08,47.49,94.19,0.454,0.231,11.04,0.476,0.575,0.332,0.331,3.44,0.312,Low attention,Watchlist,clear,9.9,56.6
2002_331_Spain,2002,331,Spain,Canada,A,group,Emirates,draw,1,1583,88.4,104.5,3.79,46.76,137.66,0.459,0.261,12.91,0.551,0.596,0.308,0.402,3.433,0.266,Low attention,Scalable,clear,24.0,73.6
1954_332_Australia,1954,332,Australia,Ghana,A,group,Emirates,loss,0,1505,93.1,143.4,5.84,38.0,114.36,0.399,0.244,9.07,0.582,0.797,0.723,0.362,3.614,0.398,Low attention,Watchlist,hot,38.0,48.1
2014_333_Netherlands,2014,333,Netherlands,Qatar,A,group,Coca-Cola,win,3,1525,91.0,47.9,3.87,40.24,171.1,0.473,0.251,12.96,0.731,0.68,0.64,0.529,3.594,0.277,Low attention,Scalable,clear,23.9,52.3
1942_334_Belgium,1942,334,Belgium,USA,A,group,Nike,draw,1,1252,87.3,100.1,7.7,41.73,219.82,0.471,0.342,10.39,0.567,0.776,0.539,0.441,3.415,0.329,Mid attention,Scalable,clear,22.2,41.2
1990_335_Portugal,1990,335,Portugal,Belgium,A,group,Adidas,win,3,1416,86.4,101.0,5.55,37.37,100.64,0.387,0.229,12.32,0.731,0.714,0.893,0.505,3.56,0.289,Low attention,Scalable,hot,32.2,26.3
2010_336_Netherlands,2010,336,Netherlands,Croatia,A,round_16,Coca-Cola,loss,0,1525,91.0,47.9,3.87,37.14,175.06,0.431,0.239,12.96,0.731,0.68,0.64,0.417,3.667,0.283,Low attention,Scalable,cloudy,16.4,67.1
1930_337_USA,1930,337,USA,Mexico,A,final,Coca-Cola,draw,1,1462,89.5,45.2,2.34,67.93,191.74,0.68,0.356,8.25,0.558,0.875,0.653,0.481,4.034,0.489,Mid attention,Scalable,clear,15.5,75.0
1954_338_Senegal,1954,338,Senegal,Australia,A,group,Adidas,win,3,1511,91.9,152.7,10.6,45.28,194.33,0.564,0.39,15.86,0.559,0.641,0.372,0.54,3.357,0.212,Mid attention,Scalable,windy,13.4,63.7
1986_339_Australia,1986,339,Australia,South Korea,A,group,Emirates,win,3,1505,93.1,143.4,5.84,40.22,181.43,0.459,0.287,9.07,0.582,0.797,0.723,0.49,3.739,0.412,Low attention,Scalable,clear,14.7,71.1
1986_340_South_Korea,1986,340,South Korea,England,A,round_16,Sony,loss,0,1417,87.2,148.7,5.3,45.71,167.65,0.472,0.295,1.99,0.342,0.904,0.287,0.313,3.467,1.742,Low attention,Watchlist,cloudy,36.3,39.5
1982_341_Italy,1982,341,Italy,Qatar,A,group,Mastercard,draw,1,1557,87.9,148.1,6.17,39.06,155.64,0.406,0.274,13.6,0.667,0.776,0.732,0.437,3.471,0.255,Low attention,Scalable,clear,23.0,40.4
1978_342_Belgium,1978,342,Belgium,Senegal,A,group,Nike,loss,0,1252,87.3,100.1,7.7,37.76,141.69,0.401,0.286,10.39,0.567,0.776,0.539,0.374,3.296,0.317,Low attention,Watchlist,cloudy,25.9,38.9
1986_343_Brazil,1986,343,Brazil,Belgium,A,group,Hyundai,draw,1,1453,85.5,158.5,4.37,43.49,92.53,0.438,0.233,6.91,0.55,0.803,0.863,0.388,3.442,0.498,Low attention,Scalable,clear,29.6,92.4
1954_344_Netherlands,1954,344,Netherlands,USA,A,group,Coca-Cola,draw,1,1525,91.0,47.9,3.87,40.27,101.81,0.386,0.216,12.96,0.731,0.68,0.64,0.434,3.548,0.274,Low attention,Scalable,clear,28.1,71.0
1942_345_Australia,1942,345,Australia,Brazil,A,round_16,Emirates,loss,0,1505,93.1,143.4,5.84,41.78,126.05,0.401,0.266,9.07,0.582,0.797,0.723,0.371,3.765,0.415,Low attention,Watchlist,rain,25.2,65.7
1954_346_Saudi_Arabia,1954,346,Saudi Arabia,Japan,A,group,Adidas,win,3,1386,84.3,141.2,33.8,36.93,138.83,0.435,0.691,12.09,0.73,0.618,0.841,0.689,3.857,0.319,High attention,Premium,clear,29.7,40.2
1994_347_Australia,1994,347,Australia,Saudi Arabia,A,group,Emirates,draw,1,1505,93.1,143.4,5.84,37.88,112.09,0.383,0.242,9.07,0.582,0.797,0.723,0.392,3.617,0.399,Low attention,Scalable,rain,23.7,45.1
1986_348_Australia,1986,348,Australia,Uruguay,A,quarter_final,Emirates,loss,0,1505,93.1,143.4,5.84,50.66,99.85,0.452,0.291,9.07,0.582,0.797,0.723,0.39,3.907,0.431,Low attention,Scalable,clear,24.9,64.7
1954_349_Croatia,1954,349,Croatia,Nigeria,A,quarter_final,Qatar Airways,win,3,1624,92.9,108.1,12.03,39.46,111.58,0.418,0.346,8.24,0.507,0.515,0.83,0.479,3.787,0.46,Mid attention,Scalable,clear,22.9,68.1
1938_350_Australia,1938,350,Australia,Portugal,A,group,Emirates,loss,0,1505,93.1,143.4,5.84,48.19,173.0,0.576,0.317,9.07,0.582,0.797,0.723,0.422,3.81,0.42,Low attention,Scalable,clear,27.1,34.2
1934_351_Australia,1934,351,Australia,France,A,round_16,Emirates,draw,1,1505,93.1,143.4,5.84,43.97,152.22,0.43,0.288,9.07,0.582,0.797,0.723,0.418,3.821,0.421,Low attention,Scalable,rain,28.3,78.2
1958_352_Qatar,1958,352,Qatar,Senegal,A,group,Qatar Airways,loss,0,1589,93.0,185.9,3.32,50.01,197.63,0.524,0.298,6.71,0.428,0.445,0.728,0.353,3.813,0.568,Low attention,Watchlist,clear,20.1,60.8
1994_353_Australia,1994,353,Australia,Senegal,A,semi_final,Emirates,win,3,1505,93.1,143.4,5.84,48.99,162.84,0.526,0.315,9.07,0.582,0.797,0.723,0.512,4.026,0.444,Low attention,Scalable,rain,26.2,54.6
2002_354_Germany,2002,354,Germany,Italy,A,group,Qatar Airways,loss,0,1468,91.0,78.5,8.32,37.76,133.7,0.374,0.291,9.37,0.51,0.68,0.549,0.351,3.321,0.354,Low attention,Watchlist,hot,22.5,59.8
1978_355_Argentina,1978,355,Argentina,Brazil,A,semi_final,Nike,loss,0,1486,87.3,148.5,3.08,42.35,308.96,0.57,0.317,11.04,0.476,0.575,0.332,0.385,3.777,0.342,Low attention,Scalable,clear,23.3,58.6
1950_356_Nigeria,1950,356,Nigeria,Germany,A,group,Adidas,loss,0,1409,93.4,118.0,10.18,8.0,6.18,0.089,0.128,3.77,0.464,0.787,0.819,0.223,3.198,0.848,Low attention,Watchlist,clear,37.4,22.1
2006_357_Ghana,2006,357,Ghana,Germany,A,group,Samsung,win,3,1646,87.8,81.7,2.89,42.26,234.2,0.53,0.276,8.2,0.527,0.86,0.717,0.479,3.655,0.446,Low attention,Scalable,clear,21.1,24.5
2010_358_Spain,2010,358,Spain,Qatar,A,quarter_final,Emirates,loss,0,1583,88.4,104.5,3.79,48.89,121.23,0.492,0.262,12.91,0.551,0.596,0.308,0.375,3.581,0.277,Low attention,Watchlist,hot,14.0,72.0
1962_359_Spain,1962,359,Spain,Germany,A,round_16,Emirates,draw,1,1583,88.4,104.5,3.79,49.42,143.58,0.51,0.275,12.91,0.551,0.596,0.308,0.417,3.574,0.277,Low attention,Scalable,cloudy,22.1,63.2
1998_360_Mexico,1998,360,Mexico,Japan,A,round_16,Mastercard,loss,0,1353,87.2,78.0,6.91,46.62,78.72,0.433,0.28,8.52,0.451,0.481,0.718,0.338,3.2,0.376,Low attention,Watchlist,rain,21.9,52.1
1974_361_Mexico,1974,361,Mexico,Japan,A,group,Mastercard,draw,1,1353,87.2,78.0,6.91,33.26,161.44,0.369,0.264,8.52,0.451,0.481,0.718,0.353,3.035,0.356,Low attention,Watchlist,clear,17.0,26.8
1974_362_Germany,1974,362,Germany,Italy,A,group,Qatar Airways,loss,0,1468,91.0,78.5,8.32,48.44,117.46,0.492,0.329,9.37,0.51,0.68,0.549,0.387,3.426,0.366,Low attention,Scalable,cloudy,39.4,62.5
2014_363_Australia,2014,363,Australia,Canada,A,group,Emirates,draw,1,1505,93.1,143.4,5.84,31.68,72.01,0.315,0.195,9.07,0.582,0.797,0.723,0.362,3.491,0.385,Low attention,Watchlist,hot,31.1,65.8
2014_364_Morocco,2014,364,Morocco,England,A,quarter_final,Sony,loss,0,1334,86.7,67.3,6.16,44.18,139.98,0.46,0.288,3.39,0.433,0.526,0.717,0.339,3.538,1.044,Low attention,Watchlist,cloudy,20.8,76.7
1970_365_Qatar,1970,365,Qatar,Mexico,A,group,Qatar Airways,draw,1,1589,93.0,185.9,3.32,33.33,161.76,0.418,0.208,6.71,0.428,0.445,0.728,0.333,3.618,0.539,Low attention,Watchlist,clear,14.7,19.2
1986_366_USA,1986,366,USA,Japan,A,group,Coca-Cola,win,3,1462,89.5,45.2,2.34,25.08,94.71,0.302,0.123,8.25,0.558,0.875,0.653,0.391,3.069,0.372,Low attention,Scalable,clear,29.4,78.4
1950_367_England,1950,367,England,Italy,A,semi_final,Adidas,win,3,1657,92.1,111.6,17.13,48.3,106.92,0.477,0.462,7.09,0.262,0.339,0.129,0.45,3.824,0.539,Mid attention,Scalable,windy,26.3,78.1
1958_368_Italy,1958,368,Italy,Mexico,A,group,Mastercard,win,3,1557,87.9,148.1,6.17,53.53,168.44,0.569,0.343,13.6,0.667,0.776,0.732,0.56,3.716,0.273,Mid attention,Scalable,clear,19.8,92.7
2002_369_Saudi_Arabia,2002,369,Saudi Arabia,Ghana,A,semi_final,Adidas,loss,0,1386,84.3,141.2,33.8,50.58,158.28,0.523,0.76,12.09,0.73,0.618,0.841,0.631,4.281,0.354,High attention,Premium,cloudy,31.8,95.0
1990_370_Portugal,1990,370,Portugal,USA,A,quarter_final,Adidas,loss,0,1416,86.4,101.0,5.55,35.88,78.34,0.335,0.212,12.32,0.731,0.714,0.893,0.389,3.64,0.295,Low attention,Scalable,clear,23.6,89.8
1974_371_Germany,1974,371,Germany,Mexico,A,quarter_final,Qatar Airways,win,3,1468,91.0,78.5,8.32,51.19,117.22,0.474,0.341,9.37,0.51,0.68,0.549,0.488,3.656,0.39,Mid attention,Scalable,cloudy,26.7,95.0
1982_372_Croatia,1982,372,Croatia,South Korea,A,quarter_final,Qatar Airways,draw,1,1624,92.9,108.1,12.03,44.44,93.71,0.418,0.358,8.24,0.507,0.515,0.83,0.417,3.805,0.462,Mid attention,Scalable,clear,17.3,55.3
1978_373_Uruguay,1978,373,Uruguay,Ghana,A,group,Samsung,draw,1,1542,86.2,160.0,3.94,37.93,99.66,0.386,0.206,7.33,0.424,0.483,0.539,0.325,3.362,0.459,Low attention,Watchlist,clear,22.1,65.9
1958_374_Australia,1958,374,Australia,Netherlands,A,group,Emirates,win,3,1505,93.1,143.4,5.84,45.21,146.1,0.533,0.291,9.07,0.582,0.797,0.723,0.504,3.723,0.41,Low attention,Scalable,cloudy,21.3,48.3
1958_375_Croatia,1958,375,Croatia,Uruguay,A,group,Qatar Airways,loss,0,1624,92.9,108.1,12.03,35.1,105.02,0.361,0.324,8.24,0.507,0.515,0.83,0.36,3.517,0.427,Low attention,Watchlist,rain,14.0,47.5
1942_376_Mexico,1942,376,Mexico,Portugal,A,group,Mastercard,draw,1,1353,87.2,78.0,6.91,38.52,69.56,0.361,0.24,8.52,0.451,0.481,0.718,0.343,3.03,0.356,Low attention,Watchlist,clear,31.1,77.3
1994_377_Qatar,1994,377,Qatar,Italy,A,group,Qatar Airways,draw,1,1589,93.0,185.9,3.32,49.4,126.01,0.519,0.259,6.71,0.428,0.445,0.728,0.371,3.72,0.554,Low attention,Watchlist,clear,32.4,39.3
1982_378_Mexico,1982,378,Mexico,Germany,A,group,Mastercard,loss,0,1353,87.2,78.0,6.91,38.54,116.7,0.446,0.264,8.52,0.451,0.481,0.718,0.334,3.072,0.361,Low attention,Watchlist,clear,25.2,95.0
1978_379_Nigeria,1978,379,Nigeria,France,A,group,Adidas,loss,0,1409,93.4,118.0,10.18,45.04,177.95,0.522,0.374,3.77,0.464,0.787,0.819,0.394,3.786,1.004,Mid attention,Scalable,hot,21.5,57.1
1938_380_Ghana,1938,380,Ghana,Australia,A,group,Samsung,win,3,1646,87.8,81.7,2.89,46.07,128.28,0.506,0.239,8.2,0.527,0.86,0.717,0.461,3.589,0.438,Low attention,Scalable,hot,38.0,79.4
1946_381_Nigeria,1946,381,Nigeria,Portugal,A,group,Adidas,win,3,1409,93.4,118.0,10.18,33.08,101.22,0.339,0.284,3.77,0.464,0.787,0.819,0.427,3.606,0.956,Low attention,Scalable,clear,24.9,88.9
1998_382_Croatia,1998,382,Croatia,Germany,A,quarter_final,Qatar Airways,win,3,1624,92.9,108.1,12.03,51.4,162.04,0.53,0.423,8.24,0.507,0.515,0.83,0.528,3.96,0.481,Mid attention,Scalable,hot,27.7,63.7
2014_383_Portugal,2014,383,Portugal,Croatia,A,group,Adidas,loss,0,1416,86.4,101.0,5.55,30.17,111.47,0.297,0.204,12.32,0.731,0.714,0.893,0.38,3.444,0.28,Low attention,Watchlist,hot,17.3,56.1
1970_384_Senegal,1970,384,Senegal,Argentina,A,quarter_final,Adidas,draw,1,1511,91.9,152.7,10.6,34.87,129.72,0.351,0.313,15.86,0.559,0.641,0.372,0.405,3.347,0.211,Low attention,Scalable,clear,16.1,71.8
1990_385_Qatar,1990,385,Qatar,Brazil,A,quarter_final,Qatar Airways,win,3,1589,93.0,185.9,3.32,33.87,45.92,0.327,0.152,6.71,0.428,0.445,0.728,0.362,3.647,0.544,Low attention,Watchlist,cloudy,17.8,76.9
1946_386_Nigeria,1946,386,Nigeria,Qatar,A,group,Adidas,loss,0,1409,93.4,118.0,10.18,38.88,101.21,0.367,0.309,3.77,0.464,0.787,0.819,0.341,3.616,0.959,Low attention,Watchlist,hot,29.5,31.9
2014_387_Qatar,2014,387,Qatar,England,A,group,Qatar Airways,loss,0,1589,93.0,185.9,3.32,36.1,115.36,0.375,0.196,6.71,0.428,0.445,0.728,0.287,3.542,0.528,Low attention,Watchlist,clear,24.8,85.5
1974_388_Morocco,1974,388,Morocco,Uruguay,A,quarter_final,Sony,draw,1,1334,86.7,67.3,6.16,40.26,117.79,0.379,0.26,3.39,0.433,0.526,0.717,0.348,3.522,1.039,Low attention,Watchlist,clear,18.7,85.0
2018_389_Argentina,2018,389,Argentina,Mexico,A,group,Nike,loss,0,1486,87.3,148.5,3.08,36.85,99.19,0.359,0.188,11.04,0.476,0.575,0.332,0.298,3.277,0.297,Low attention,Watchlist,clear,9.1,74.6
1942_390_Morocco,1942,390,Morocco,Belgium,A,group,Sony,draw,1,1334,86.7,67.3,6.16,33.37,121.31,0.359,0.232,3.39,0.433,0.526,0.717,0.333,3.292,0.971,Low attention,Watchlist,rain,30.0,68.9
1954_391_Spain,1954,391,Spain,Morocco,A,group,Emirates,win,3,1583,88.4,104.5,3.79,41.69,179.34,0.488,0.26,12.91,0.551,0.596,0.308,0.474,3.451,0.267,Low attention,Scalable,rain,24.3,42.4
2018_392_Netherlands,2018,392,Netherlands,Spain,A,semi_final,Coca-Cola,draw,1,1525,91.0,47.9,3.87,46.59,111.74,0.472,0.248,12.96,0.731,0.68,0.64,0.461,3.837,0.296,Low attention,Scalable,clear,14.6,67.0
2002_393_Croatia,2002,393,Croatia,England,A,round_16,Qatar Airways,draw,1,1624,92.9,108.1,12.03,52.94,119.9,0.507,0.408,8.24,0.507,0.515,0.83,0.452,3.795,0.461,Mid attention,Scalable,rain,19.5,52.5
1938_394_Morocco,1938,394,Morocco,Argentina,A,group,Sony,draw,1,1334,86.7,67.3,6.16,40.74,115.78,0.413,0.261,3.39,0.433,0.526,0.717,0.354,3.355,0.99,Low attention,Watchlist,clear,30.1,48.4
1974_395_Japan,1974,395,Japan,Ghana,A,group,Pepsi,draw,1,1508,92.4,147.9,10.25,44.82,112.22,0.431,0.341,13.35,0.59,0.856,0.917,0.441,3.404,0.255,Mid attention,Scalable,clear,16.6,53.8
1942_396_Mexico,1942,396,Mexico,Saudi Arabia,A,round_16,Mastercard,loss,0,1353,87.2,78.0,6.91,53.58,114.9,0.523,0.328,8.52,0.451,0.481,0.718,0.372,3.347,0.393,Low attention,Watchlist,clear,28.5,70.9
1966_397_Canada,1966,397,Canada,Belgium,A,group,Nike,win,3,1538,88.1,105.0,2.03,16.7,37.76,0.215,0.053,4.93,0.451,0.945,0.713,0.312,3.138,0.637,Low attention,Watchlist,cloudy,17.7,94.9
2022_398_Italy,2022,398,Italy,Senegal,A,group,Mastercard,win,3,1557,87.9,148.1,6.17,44.46,85.06,0.437,0.262,13.6,0.667,0.776,0.732,0.505,3.458,0.254,Low attention,Scalable,rain,36.7,45.7
1970_399_Argentina,1970,399,Argentina,Spain,A,group,Nike,loss,0,1486,87.3,148.5,3.08,46.02,254.42,0.559,0.305,11.04,0.476,0.575,0.332,0.378,3.49,0.316,Low attention,Watchlist,cloudy,21.7,45.2
1958_400_Australia,1958,400,Australia,USA,A,round_16,Emirates,win,3,1505,93.1,143.4,5.84,43.59,217.69,0.509,0.32,9.07,0.582,0.797,0.723,0.511,3.864,0.426,Low attention,Scalable,cloudy,25.0,45.4
1946_401_Brazil,1946,401,Brazil,Germany,A,group,Hyundai,win,3,1453,85.5,158.5,4.37,43.43,154.92,0.459,0.264,6.91,0.55,0.803,0.863,0.47,3.483,0.504,Low attention,Scalable,clear,22.0,31.9
1946_402_Belgium,1946,402,Belgium,Nigeria,A,round_16,Nike,draw,1,1252,87.3,100.1,7.7,47.16,68.3,0.394,0.289,10.39,0.567,0.776,0.539,0.407,3.428,0.33,Low attention,Scalable,windy,29.2,57.6
1962_403_Australia,1962,403,Australia,Mexico,A,semi_final,Emirates,loss,0,1505,93.1,143.4,5.84,43.57,63.64,0.42,0.242,9.07,0.582,0.797,0.723,0.366,3.902,0.43,Low attention,Watchlist,clear,20.8,48.7
2006_404_Qatar,2006,404,Qatar,Spain,A,group,Qatar Airways,loss,0,1589,93.0,185.9,3.32,32.32,85.77,0.32,0.165,6.71,0.428,0.445,0.728,0.266,3.463,0.516,Low attention,Watchlist,rain,36.3,95.0
1958_405_Saudi_Arabia,1958,405,Saudi Arabia,Argentina,A,group,Adidas,draw,1,1386,84.3,141.2,33.8,32.74,96.08,0.375,0.652,12.09,0.73,0.618,0.841,0.597,3.77,0.312,Mid attention,Scalable,clear,27.8,70.1
1998_406_Portugal,1998,406,Portugal,Saudi Arabia,A,group,Adidas,loss,0,1416,86.4,101.0,5.55,47.01,96.6,0.455,0.269,12.32,0.731,0.714,0.893,0.433,3.643,0.296,Low attention,Scalable,cloudy,18.6,58.6
2010_407_Portugal,2010,407,Portugal,Uruguay,A,group,Adidas,loss,0,1416,86.4,101.0,5.55,27.21,76.98,0.284,0.174,12.32,0.731,0.714,0.893,0.366,3.375,0.274,Low attention,Watchlist,clear,24.5,88.9
2022_408_Canada,2022,408,Canada,Belgium,A,group,Nike,draw,1,1538,88.1,105.0,2.03,31.66,67.36,0.303,0.133,4.93,0.451,0.945,0.713,0.291,3.34,0.677,Low attention,Watchlist,cloudy,29.9,68.0
1970_409_Canada,1970,409,Canada,France,A,group,Nike,loss,0,1538,88.1,105.0,2.03,37.52,161.41,0.422,0.205,4.93,0.451,0.945,0.713,0.307,3.456,0.701,Low attention,Watchlist,cloudy,12.6,83.4
1966_410_Mexico,1966,410,Mexico,France,A,semi_final,Mastercard,loss,0,1353,87.2,78.0,6.91,45.56,187.8,0.525,0.33,8.52,0.451,0.481,0.718,0.373,3.468,0.407,Low attention,Watchlist,clear,22.0,57.8
1978_411_Morocco,1978,411,Morocco,Germany,A,round_16,Sony,win,3,1334,86.7,67.3,6.16,43.2,124.16,0.433,0.276,3.39,0.433,0.526,0.717,0.43,3.459,1.02,Low attention,Scalable,clear,23.8,74.1
1982_412_Senegal,1982,412,Senegal,Japan,A,group,Adidas,loss,0,1511,91.9,152.7,10.6,36.62,163.72,0.414,0.337,15.86,0.559,0.641,0.372,0.393,3.226,0.203,Mid attention,Scalable,clear,14.8,39.3
1938_413_Argentina,1938,413,Argentina,Brazil,A,group,Nike,loss,0,1486,87.3,148.5,3.08,31.11,120.19,0.33,0.173,11.04,0.476,0.575,0.332,0.287,3.207,0.29,Low attention,Watchlist,rain,36.7,62.3
1974_414_Canada,1974,414,Canada,Mexico,A,group,Nike,win,3,1538,88.1,105.0,2.03,36.45,97.83,0.34,0.169,4.93,0.451,0.945,0.713,0.379,3.409,0.691,Low attention,Watchlist,rain,17.1,47.9
1954_415_Canada,1954,415,Canada,Brazil,A,group,Nike,draw,1,1538,88.1,105.0,2.03,37.31,331.93,0.545,0.29,4.93,0.451,0.945,0.713,0.395,3.657,0.742,Low attention,Scalable,hot,26.6,21.5
1990_416_Uruguay,1990,416,Uruguay,France,A,group,Samsung,loss,0,1542,86.2,160.0,3.94,23.84,79.05,0.266,0.135,7.33,0.424,0.483,0.539,0.244,3.209,0.438,Low attention,Watchlist,clear,42.0,69.2
1950_417_Mexico,1950,417,Mexico,South Korea,A,round_16,Mastercard,win,3,1353,87.2,78.0,6.91,38.72,60.42,0.392,0.236,8.52,0.451,0.481,0.718,0.414,3.097,0.363,Low attention,Scalable,rain,24.7,47.9
1938_418_Morocco,1938,418,Morocco,Saudi Arabia,A,round_16,Sony,loss,0,1334,86.7,67.3,6.16,36.78,62.71,0.337,0.217,3.39,0.433,0.526,0.717,0.291,3.343,0.986,Low attention,Watchlist,clear,16.4,75.8
1986_419_Canada,1986,419,Canada,Ghana,A,group,Nike,loss,0,1538,88.1,105.0,2.03,44.73,265.74,0.588,0.289,4.93,0.451,0.945,0.713,0.369,3.624,0.735,Low attention,Watchlist,clear,24.5,67.9
1994_420_France,1994,420,France,Nigeria,A,quarter_final,Nike,loss,0,1520,89.8,66.0,5.59,43.17,124.28,0.442,0.267,5.5,0.394,0.373,0.537,0.315,3.655,0.665,Low attention,Watchlist,windy,20.5,63.0
1990_421_South_Korea,1990,421,South Korea,Netherlands,A,group,Sony,win,3,1417,87.2,148.7,5.3,35.39,66.0,0.292,0.2,1.99,0.342,0.904,0.287,0.345,3.179,1.597,Low attention,Watchlist,hot,12.7,25.0
1954_422_USA,1954,422,USA,Mexico,A,round_16,Coca-Cola,win,3,1462,89.5,45.2,2.34,36.33,109.48,0.403,0.179,8.25,0.558,0.875,0.653,0.43,3.289,0.399,Low attention,Scalable,clear,26.5,53.8
1946_423_Argentina,1946,423,Argentina,Germany,A,round_16,Nike,win,3,1486,87.3,148.5,3.08,43.99,192.56,0.517,0.265,11.04,0.476,0.575,0.332,0.456,3.533,0.32,Low attention,Scalable,clear,29.1,78.6
1942_424_Spain,1942,424,Spain,Qatar,A,group,Emirates,win,3,1583,88.4,104.5,3.79,38.15,142.63,0.455,0.226,12.91,0.551,0.596,0.308,0.455,3.322,0.257,Low attention,Scalable,cloudy,17.0,41.0
1974_425_France,1974,425,France,Qatar,A,group,Nike,loss,0,1520,89.8,66.0,5.59,27.22,59.78,0.282,0.166,5.5,0.394,0.373,0.537,0.248,3.176,0.577,Low attention,Watchlist,hot,26.3,57.0
1934_426_Mexico,1934,426,Mexico,Brazil,A,group,Mastercard,win,3,1353,87.2,78.0,6.91,24.55,84.41,0.25,0.187,8.52,0.451,0.481,0.718,0.37,2.885,0.339,Low attention,Watchlist,hot,27.0,56.7
1986_427_South_Korea,1986,427,South Korea,Australia,A,group,Sony,win,3,1417,87.2,148.7,5.3,29.63,54.89,0.298,0.169,1.99,0.342,0.904,0.287,0.334,3.126,1.571,Low attention,Watchlist,cloudy,31.6,40.8
2002_428_Australia,2002,428,Australia,Netherlands,A,group,Emirates,draw,1,1505,93.1,143.4,5.84,33.91,58.24,0.359,0.198,9.07,0.582,0.797,0.723,0.371,3.507,0.387,Low attention,Watchlist,windy,24.5,40.0
2018_429_USA,2018,429,USA,Japan,A,group,Coca-Cola,win,3,1462,89.5,45.2,2.34,37.3,188.49,0.457,0.223,8.25,0.558,0.875,0.653,0.457,3.298,0.4,Low attention,Scalable,clear,5.3,61.7
1966_430_Belgium,1966,430,Belgium,Netherlands,A,final,Nike,draw,1,1252,87.3,100.1,7.7,58.82,199.07,0.598,0.405,10.39,0.567,0.776,0.539,0.488,3.966,0.382,Mid attention,Scalable,clear,25.4,54.4
1966_431_Germany,1966,431,Germany,Saudi Arabia,A,group,Qatar Airways,win,3,1468,91.0,78.5,8.32,40.07,219.91,0.491,0.345,9.37,0.51,0.68,0.549,0.493,3.477,0.371,Mid attention,Scalable,cloudy,32.7,56.4
1946_432_Nigeria,1946,432,Nigeria,Qatar,A,group,Adidas,win,3,1409,93.4,118.0,10.18,40.18,126.28,0.41,0.327,3.77,0.464,0.787,0.819,0.456,3.675,0.975,Low attention,Scalable,cloudy,26.3,57.6
1946_433_Australia,1946,433,Australia,Senegal,A,group,Emirates,loss,0,1505,93.1,143.4,5.84,36.31,114.79,0.397,0.237,9.07,0.582,0.797,0.723,0.359,3.625,0.4,Low attention,Watchlist,rain,24.5,35.8
1974_434_France,1974,434,France,Qatar,A,quarter_final,Nike,win,3,1520,89.8,66.0,5.59,40.61,100.83,0.361,0.244,5.5,0.394,0.373,0.537,0.392,3.55,0.645,Low attention,Scalable,clear,17.9,57.1
1958_435_Argentina,1958,435,Argentina,Qatar,A,group,Nike,loss,0,1486,87.3,148.5,3.08,43.76,100.44,0.413,0.218,11.04,0.476,0.575,0.332,0.319,3.311,0.3,Low attention,Watchlist,cloudy,23.5,57.5
1982_436_Portugal,1982,436,Portugal,Ghana,A,group,Adidas,win,3,1416,86.4,101.0,5.55,25.12,116.93,0.291,0.185,12.32,0.731,0.714,0.893,0.471,3.407,0.277,Low attention,Scalable,cloudy,30.1,66.1
2014_437_Argentina,2014,437,Argentina,Saudi Arabia,A,group,Nike,draw,1,1486,87.3,148.5,3.08,32.17,75.98,0.319,0.156,11.04,0.476,0.575,0.332,0.312,3.165,0.287,Low attention,Watchlist,clear,19.5,65.2
1986_438_South_Korea,1986,438,South Korea,Germany,A,group,Sony,win,3,1417,87.2,148.7,5.3,30.09,131.56,0.352,0.21,1.99,0.342,0.904,0.287,0.359,3.231,1.624,Low attention,Watchlist,cloudy,25.5,77.2
2002_439_Brazil,2002,439,Brazil,Spain,A,quarter_final,Hyundai,win,3,1453,85.5,158.5,4.37,55.44,288.66,0.605,0.383,6.91,0.55,0.803,0.863,0.542,3.907,0.565,Mid attention,Scalable,clear,22.0,52.5
1974_440_Brazil,1974,440,Brazil,Qatar,A,group,Hyundai,win,3,1453,85.5,158.5,4.37,36.4,93.97,0.326,0.203,6.91,0.55,0.803,0.863,0.423,3.32,0.48,Low attention,Scalable,hot,28.5,70.2
1934_441_Japan,1934,441,Japan,Argentina,A,quarter_final,Pepsi,loss,0,1508,92.4,147.9,10.25,45.95,141.19,0.449,0.361,13.35,0.59,0.856,0.917,0.419,3.627,0.272,Mid attention,Scalable,clear,22.2,55.7
1958_442_Argentina,1958,442,Argentina,Croatia,A,group,Nike,loss,0,1486,87.3,148.5,3.08,27.47,124.28,0.327,0.16,11.04,0.476,0.575,0.332,0.281,3.153,0.286,Low attention,Watchlist,rain,20.8,80.7
1986_443_Germany,1986,443,Germany,Qatar,A,group,Qatar Airways,draw,1,1468,91.0,78.5,8.32,49.27,79.94,0.427,0.314,9.37,0.51,0.68,0.549,0.403,3.395,0.362,Low attention,Scalable,clear,20.8,56.6
1962_444_Japan,1962,444,Japan,France,A,group,Pepsi,win,3,1508,92.4,147.9,10.25,41.33,99.0,0.403,0.32,13.35,0.59,0.856,0.917,0.495,3.365,0.252,Low attention,Scalable,clear,21.4,73.2
1958_445_Portugal,1958,445,Portugal,Australia,A,group,Adidas,loss,0,1416,86.4,101.0,5.55,33.15,135.65,0.364,0.229,12.32,0.731,0.714,0.893,0.401,3.516,0.285,Low attention,Scalable,cloudy,23.0,39.9
1954_446_Argentina,1954,446,Argentina,Croatia,A,group,Nike,loss,0,1486,87.3,148.5,3.08,38.63,79.48,0.369,0.185,11.04,0.476,0.575,0.332,0.299,3.197,0.29,Low attention,Watchlist,clear,28.4,46.7
1954_447_Brazil,1954,447,Brazil,Uruguay,A,group,Hyundai,draw,1,1453,85.5,158.5,4.37,45.65,318.83,0.592,0.356,6.91,0.55,0.803,0.863,0.462,3.68,0.533,Mid attention,Scalable,clear,23.0,38.4
1934_448_Morocco,1934,448,Morocco,South Korea,A,round_16,Sony,loss,0,1334,86.7,67.3,6.16,38.52,72.5,0.348,0.23,3.39,0.433,0.526,0.717,0.297,3.388,0.999,Low attention,Watchlist,rain,26.4,51.6
2010_449_Uruguay,2010,449,Uruguay,Argentina,A,round_16,Samsung,loss,0,1542,86.2,160.0,3.94,51.33,125.3,0.518,0.277,7.33,0.424,0.483,0.539,0.343,3.632,0.495,Low attention,Watchlist,clear,22.3,47.8
1998_450_Croatia,1998,450,Croatia,Italy,A,round_16,Qatar Airways,win,3,1624,92.9,108.1,12.03,54.45,264.68,0.623,0.487,8.24,0.507,0.515,0.83,0.57,4.0,0.485,Mid attention,Scalable,clear,18.1,38.3
1962_451_Nigeria,1962,451,Nigeria,Mexico,A,quarter_final,Adidas,loss,0,1409,93.4,118.0,10.18,59.54,154.5,0.527,0.425,3.77,0.464,0.787,0.819,0.414,4.104,1.089,Mid attention,Scalable,clear,23.3,45.1
1954_452_Brazil,1954,452,Brazil,England,A,final,Hyundai,loss,0,1453,85.5,158.5,4.37,57.36,404.07,0.724,0.449,6.91,0.55,0.803,0.863,0.488,4.271,0.618,Mid attention,Scalable,clear,37.9,46.4
1934_453_USA,1934,453,USA,Croatia,A,semi_final,Coca-Cola,draw,1,1462,89.5,45.2,2.34,37.6,77.23,0.351,0.168,8.25,0.558,0.875,0.653,0.35,3.377,0.409,Low attention,Watchlist,clear,22.1,27.0
1986_454_England,1986,454,England,Spain,A,group,Adidas,win,3,1657,92.1,111.6,17.13,45.97,123.23,0.449,0.46,7.09,0.262,0.339,0.129,0.445,3.57,0.504,Mid attention,Scalable,clear,16.4,52.8
1994_455_Mexico,1994,455,Mexico,Senegal,A,group,Mastercard,draw,1,1353,87.2,78.0,6.91,28.84,146.48,0.343,0.237,8.52,0.451,0.481,0.718,0.339,2.985,0.35,Low attention,Watchlist,rain,20.6,51.8
2022_456_Brazil,2022,456,Brazil,Canada,A,group,Hyundai,loss,0,1453,85.5,158.5,4.37,29.84,152.4,0.345,0.204,6.91,0.55,0.803,0.863,0.327,3.311,0.479,Low attention,Watchlist,cloudy,25.7,23.6
1974_457_Senegal,1974,457,Senegal,Netherlands,A,group,Adidas,win,3,1511,91.9,152.7,10.6,46.31,134.32,0.467,0.364,15.86,0.559,0.641,0.372,0.513,3.272,0.206,Mid attention,Scalable,clear,36.8,26.9
1998_458_Australia,1998,458,Australia,Morocco,A,group,Emirates,loss,0,1505,93.1,143.4,5.84,42.64,97.56,0.401,0.255,9.07,0.582,0.797,0.723,0.367,3.689,0.407,Low attention,Watchlist,cloudy,17.0,33.4
1970_459_Nigeria,1970,459,Nigeria,Brazil,A,semi_final,Adidas,loss,0,1409,93.4,118.0,10.18,41.78,119.35,0.441,0.331,3.77,0.464,0.787,0.819,0.363,3.947,1.047,Mid attention,Watchlist,cloudy,23.9,51.4
1982_460_England,1982,460,England,Netherlands,A,group,Adidas,win,3,1657,92.1,111.6,17.13,32.27,87.26,0.367,0.383,7.09,0.262,0.339,0.129,0.401,3.401,0.48,Mid attention,Scalable,rain,34.8,73.9
1934_461_Morocco,1934,461,Morocco,Argentina,A,group,Sony,loss,0,1334,86.7,67.3,6.16,25.51,50.93,0.257,0.163,3.39,0.433,0.526,0.717,0.255,3.098,0.914,Low attention,Watchlist,rain,38.5,58.5
2018_462_Morocco,2018,462,Morocco,Senegal,A,semi_final,Sony,loss,0,1334,86.7,67.3,6.16,51.76,105.61,0.493,0.304,3.39,0.433,0.526,0.717,0.351,3.667,1.082,Low attention,Watchlist,clear,15.9,85.6
1942_463_Uruguay,1942,463,Uruguay,England,A,group,Samsung,loss,0,1542,86.2,160.0,3.94,38.36,102.0,0.394,0.209,7.33,0.424,0.483,0.539,0.295,3.361,0.459,Low attention,Watchlist,cloudy,18.9,59.2
1998_464_Canada,1998,464,Canada,Nigeria,A,group,Nike,draw,1,1538,88.1,105.0,2.03,36.34,83.71,0.37,0.161,4.93,0.451,0.945,0.713,0.314,3.372,0.684,Low attention,Watchlist,rain,28.7,49.9
1934_465_USA,1934,465,USA,Qatar,A,round_16,Coca-Cola,loss,0,1462,89.5,45.2,2.34,39.24,123.55,0.414,0.198,8.25,0.558,0.875,0.653,0.34,3.308,0.401,Low attention,Watchlist,clear,24.3,48.3
2002_466_Australia,2002,466,Australia,Portugal,A,quarter_final,Emirates,loss,0,1505,93.1,143.4,5.84,46.73,86.64,0.468,0.267,9.07,0.582,0.797,0.723,0.384,3.864,0.426,Low attention,Scalable,hot,10.1,15.0
1946_467_Mexico,1946,467,Mexico,Argentina,A,group,Mastercard,win,3,1353,87.2,78.0,6.91,35.69,199.48,0.446,0.293,8.52,0.451,0.481,0.718,0.445,3.113,0.365,Low attention,Scalable,clear,20.4,82.9
1998_468_England,1998,468,England,Saudi Arabia,A,group,Adidas,win,3,1657,92.1,111.6,17.13,20.01,54.09,0.131,0.313,7.09,0.262,0.339,0.129,0.332,3.228,0.455,Low attention,Watchlist,clear,32.9,80.1
1954_469_Brazil,1954,469,Brazil,USA,A,group,Hyundai,win,3,1453,85.5,158.5,4.37,29.68,56.66,0.322,0.156,6.91,0.55,0.803,0.863,0.404,3.201,0.463,Low attention,Scalable,cloudy,39.7,66.6
2006_470_Morocco,2006,470,Morocco,Portugal,A,semi_final,Sony,win,3,1334,86.7,67.3,6.16,43.28,121.18,0.404,0.275,3.39,0.433,0.526,0.717,0.424,3.672,1.083,Low attention,Scalable,clear,31.6,56.1
1974_471_Portugal,1974,471,Portugal,Senegal,A,group,Adidas,draw,1,1416,86.4,101.0,5.55,36.91,97.14,0.373,0.226,12.32,0.731,0.714,0.893,0.435,3.539,0.287,Low attention,Scalable,cloudy,12.1,53.8
1970_472_Australia,1970,472,Australia,Germany,A,group,Emirates,loss,0,1505,93.1,143.4,5.84,30.24,67.46,0.286,0.187,9.07,0.582,0.797,0.723,0.32,3.513,0.387,Low attention,Watchlist,rain,14.3,74.9
1986_473_Portugal,1986,473,Portugal,Croatia,A,quarter_final,Adidas,win,3,1416,86.4,101.0,5.55,39.13,153.36,0.462,0.264,12.32,0.731,0.714,0.893,0.532,3.759,0.305,Low attention,Scalable,hot,18.9,66.4
2014_474_Spain,2014,474,Spain,Qatar,A,round_16,Emirates,win,3,1583,88.4,104.5,3.79,44.43,122.85,0.465,0.243,12.91,0.551,0.596,0.308,0.463,3.462,0.268,Low attention,Scalable,hot,39.0,28.7
2014_475_Argentina,2014,475,Argentina,South Korea,A,group,Nike,win,3,1486,87.3,148.5,3.08,35.14,97.41,0.381,0.179,11.04,0.476,0.575,0.332,0.399,3.235,0.293,Low attention,Scalable,clear,23.8,40.4
1962_476_Brazil,1962,476,Brazil,Qatar,A,group,Hyundai,win,3,1453,85.5,158.5,4.37,39.96,112.22,0.44,0.228,6.91,0.55,0.803,0.863,0.453,3.392,0.491,Low attention,Scalable,hot,20.9,44.9
1986_477_Uruguay,1986,477,Uruguay,Belgium,A,group,Samsung,win,3,1542,86.2,160.0,3.94,35.86,140.91,0.423,0.218,7.33,0.424,0.483,0.539,0.403,3.441,0.469,Low attention,Scalable,windy,37.7,71.7
2006_478_Belgium,2006,478,Belgium,Australia,A,group,Nike,loss,0,1252,87.3,100.1,7.7,34.07,44.88,0.3,0.221,10.39,0.567,0.776,0.539,0.331,3.139,0.302,Low attention,Watchlist,clear,28.3,45.0
1954_479_Saudi_Arabia,1954,479,Saudi Arabia,Morocco,A,group,Adidas,loss,0,1386,84.3,141.2,33.8,43.91,217.22,0.486,0.761,12.09,0.73,0.618,0.841,0.625,4.075,0.337,High attention,Premium,rain,40.8,77.6
1958_480_USA,1958,480,USA,England,A,round_16,Coca-Cola,loss,0,1462,89.5,45.2,2.34,51.51,132.33,0.559,0.256,8.25,0.558,0.875,0.653,0.387,3.448,0.418,Low attention,Scalable,clear,12.9,87.0
2022_481_Uruguay,2022,481,Uruguay,USA,A,group,Samsung,loss,0,1542,86.2,160.0,3.94,33.42,101.61,0.317,0.188,7.33,0.424,0.483,0.539,0.273,3.328,0.454,Low attention,Watchlist,clear,20.3,64.1
1954_482_Mexico,1954,482,Mexico,Germany,A,round_16,Mastercard,win,3,1353,87.2,78.0,6.91,46.61,107.28,0.419,0.294,8.52,0.451,0.481,0.718,0.441,3.237,0.38,Low attention,Scalable,clear,17.8,45.1
1966_483_Uruguay,1966,483,Uruguay,South Korea,A,group,Samsung,win,3,1542,86.2,160.0,3.94,27.2,64.83,0.254,0.142,7.33,0.424,0.483,0.539,0.344,3.239,0.442,Low attention,Watchlist,clear,21.2,50.9
1934_484_Italy,1934,484,Italy,Croatia,A,semi_final,Mastercard,loss,0,1557,87.9,148.1,6.17,57.22,270.07,0.646,0.41,13.6,0.667,0.776,0.732,0.499,4.032,0.296,Mid attention,Scalable,windy,29.4,58.8
2022_485_Croatia,2022,485,Croatia,Japan,A,group,Qatar Airways,draw,1,1624,92.9,108.1,12.03,40.53,91.38,0.384,0.34,8.24,0.507,0.515,0.83,0.404,3.586,0.435,Mid attention,Scalable,hot,20.8,36.2
2014_486_South_Korea,2014,486,South Korea,Canada,A,group,Sony,win,3,1417,87.2,148.7,5.3,51.45,170.12,0.53,0.321,1.99,0.342,0.904,0.287,0.434,3.479,1.748,Low attention,Scalable,clear,25.0,68.3
1950_487_Australia,1950,487,Australia,Netherlands,A,final,Emirates,win,3,1505,93.1,143.4,5.84,70.76,214.57,0.683,0.435,9.07,0.582,0.797,0.723,0.586,4.486,0.495,Mid attention,Scalable,clear,42.3,47.7
2006_488_Italy,2006,488,Italy,Uruguay,A,group,Mastercard,loss,0,1557,87.9,148.1,6.17,42.56,138.25,0.468,0.28,13.6,0.667,0.776,0.732,0.418,3.515,0.258,Low attention,Scalable,clear,8.9,56.5
2022_489_USA,2022,489,USA,Japan,A,group,Coca-Cola,loss,0,1462,89.5,45.2,2.34,41.68,180.12,0.462,0.237,8.25,0.558,0.875,0.653,0.363,3.342,0.405,Low attention,Watchlist,rain,17.6,64.1
2002_490_Australia,2002,490,Australia,Italy,A,group,Emirates,win,3,1505,93.1,143.4,5.84,44.79,111.13,0.442,0.271,9.07,0.582,0.797,0.723,0.481,3.698,0.408,Low attention,Scalable,hot,16.7,27.7
1962_491_Canada,1962,491,Canada,Argentina,A,round_16,Nike,win,3,1538,88.1,105.0,2.03,49.02,137.96,0.526,0.243,4.93,0.451,0.945,0.713,0.44,3.651,0.741,Low attention,Scalable,clear,14.7,68.3
2002_492_Germany,2002,492,Germany,Senegal,A,semi_final,Qatar Airways,win,3,1468,91.0,78.5,8.32,38.81,112.01,0.42,0.285,9.37,0.51,0.68,0.549,0.457,3.577,0.382,Low attention,Scalable,hot,32.2,61.3
1978_493_Japan,1978,493,Japan,South Korea,A,round_16,Pepsi,draw,1,1508,92.4,147.9,10.25,33.35,75.69,0.334,0.274,13.35,0.59,0.856,0.917,0.398,3.342,0.25,Low attention,Scalable,cloudy,23.6,67.3
1930_494_Brazil,1930,494,Brazil,Saudi Arabia,A,group,Hyundai,win,3,1453,85.5,158.5,4.37,32.62,310.39,0.488,0.296,6.91,0.55,0.803,0.863,0.487,3.57,0.517,Low attention,Scalable,clear,41.6,44.1
1930_495_Argentina,1930,495,Argentina,Qatar,A,group,Nike,draw,1,1486,87.3,148.5,3.08,36.05,92.69,0.398,0.181,11.04,0.476,0.575,0.332,0.336,3.216,0.291,Low attention,Watchlist,cloudy,28.0,75.5
1990_496_Japan,1990,496,Japan,Croatia,A,semi_final,Pepsi,loss,0,1508,92.4,147.9,10.25,49.46,160.56,0.523,0.386,13.35,0.59,0.856,0.917,0.441,3.772,0.283,Mid attention,Scalable,clear,25.0,35.5
1942_497_Italy,1942,497,Italy,Mexico,A,quarter_final,Mastercard,draw,1,1557,87.9,148.1,6.17,35.08,88.83,0.392,0.223,13.6,0.667,0.776,0.732,0.416,3.577,0.263,Low attention,Scalable,clear,23.0,56.5
1982_498_Canada,1982,498,Canada,Morocco,A,group,Nike,draw,1,1538,88.1,105.0,2.03,36.6,118.09,0.379,0.179,4.93,0.451,0.945,0.713,0.323,3.463,0.702,Low attention,Watchlist,rain,26.4,50.1
1962_499_Belgium,1962,499,Belgium,Ghana,A,group,Nike,loss,0,1252,87.3,100.1,7.7,32.77,152.75,0.354,0.27,10.39,0.567,0.776,0.539,0.359,3.188,0.307,Low attention,Watchlist,cloudy,31.1,40.6
1958_500_South_Korea,1958,500,South Korea,Mexico,A,group,Sony,draw,1,1417,87.2,148.7,5.3,39.72,187.43,0.473,0.279,1.99,0.342,0.904,0.287,0.341,3.378,1.697,Low attention,Watchlist,clear,24.5,48.6
1950_501_Ghana,1950,501,Ghana,Belgium,A,group,Samsung,win,3,1646,87.8,81.7,2.89,33.56,97.87,0.321,0.17,8.2,0.527,0.86,0.717,0.401,3.433,0.419,Low attention,Scalable,hot,13.6,29.9
1990_502_Netherlands,1990,502,Netherlands,Japan,A,round_16,Coca-Cola,win,3,1525,91.0,47.9,3.87,50.53,183.36,0.538,0.301,12.96,0.731,0.68,0.64,0.56,3.837,0.296,Low attention,Scalable,windy,18.5,60.1
2014_503_Mexico,2014,503,Mexico,USA,A,round_16,Mastercard,win,3,1353,87.2,78.0,6.91,38.48,219.94,0.484,0.316,8.52,0.451,0.481,0.718,0.46,3.31,0.388,Low attention,Scalable,hot,32.2,88.0
1950_504_Germany,1950,504,Germany,France,A,group,Qatar Airways,draw,1,1468,91.0,78.5,8.32,29.97,75.54,0.31,0.229,9.37,0.51,0.68,0.549,0.349,3.198,0.341,Low attention,Watchlist,cloudy,14.8,65.7
2018_505_Saudi_Arabia,2018,505,Saudi Arabia,USA,A,round_16,Adidas,win,3,1386,84.3,141.2,33.8,41.58,128.13,0.47,0.706,12.09,0.73,0.618,0.841,0.701,4.018,0.332,High attention,Premium,hot,19.0,83.0
1998_506_Ghana,1998,506,Ghana,Australia,A,group,Samsung,draw,1,1646,87.8,81.7,2.89,44.58,80.31,0.462,0.208,8.2,0.527,0.86,0.717,0.375,3.523,0.43,Low attention,Watchlist,cloudy,27.3,68.2
1954_507_Mexico,1954,507,Mexico,Senegal,A,quarter_final,Mastercard,draw,1,1353,87.2,78.0,6.91,52.03,90.49,0.462,0.309,8.52,0.451,0.481,0.718,0.387,3.334,0.391,Low attention,Scalable,clear,20.9,80.5
1930_508_Spain,1930,508,Spain,Qatar,A,group,Emirates,loss,0,1583,88.4,104.5,3.79,53.01,175.05,0.536,0.307,12.91,0.551,0.596,0.308,0.4,3.523,0.273,Low attention,Scalable,cloudy,22.6,65.0
1962_509_Croatia,1962,509,Croatia,Uruguay,A,group,Qatar Airways,draw,1,1624,92.9,108.1,12.03,41.64,107.28,0.401,0.353,8.24,0.507,0.515,0.83,0.412,3.604,0.437,Mid attention,Scalable,clear,20.1,55.9
1942_510_Argentina,1942,510,Argentina,Spain,A,final,Nike,win,3,1486,87.3,148.5,3.08,63.08,160.0,0.604,0.331,11.04,0.476,0.575,0.332,0.496,3.954,0.358,Mid attention,Scalable,rain,35.4,58.3
1934_511_Italy,1934,511,Italy,USA,A,group,Mastercard,draw,1,1557,87.9,148.1,6.17,20.37,99.44,0.214,0.165,13.6,0.667,0.776,0.732,0.362,3.207,0.236,Low attention,Watchlist,cloudy,34.2,72.9
1994_512_Netherlands,1994,512,Netherlands,Mexico,A,round_16,Coca-Cola,draw,1,1525,91.0,47.9,3.87,61.63,335.28,0.736,0.425,12.96,0.731,0.68,0.64,0.576,4.145,0.32,Mid attention,Scalable,clear,37.8,55.2
1930_513_Qatar,1930,513,Qatar,Belgium,A,group,Qatar Airways,draw,1,1589,93.0,185.9,3.32,34.24,91.03,0.345,0.176,6.71,0.428,0.445,0.728,0.308,3.546,0.528,Low attention,Watchlist,clear,27.9,24.6
1994_514_Portugal,1994,514,Portugal,Brazil,A,final,Adidas,loss,0,1416,86.4,101.0,5.55,62.43,117.23,0.591,0.346,12.32,0.731,0.714,0.893,0.486,4.219,0.342,Mid attention,Scalable,rain,16.8,60.7
1974_515_Canada,1974,515,Canada,Mexico,A,group,Nike,win,3,1538,88.1,105.0,2.03,36.92,141.05,0.393,0.192,4.93,0.451,0.945,0.713,0.397,3.448,0.699,Low attention,Scalable,rain,27.2,82.3
1930_516_USA,1930,516,USA,Portugal,A,quarter_final,Coca-Cola,loss,0,1462,89.5,45.2,2.34,36.72,83.57,0.314,0.168,8.25,0.558,0.875,0.653,0.31,3.329,0.404,Low attention,Watchlist,hot,14.6,53.4
1990_517_Japan,1990,517,Japan,Germany,A,final,Pepsi,loss,0,1508,92.4,147.9,10.25,65.06,150.59,0.599,0.448,13.35,0.59,0.856,0.917,0.479,4.104,0.307,Mid attention,Scalable,hot,23.4,35.8
1998_518_Saudi_Arabia,1998,518,Saudi Arabia,Argentina,A,group,Adidas,win,3,1386,84.3,141.2,33.8,42.43,75.9,0.379,0.683,12.09,0.73,0.618,0.841,0.676,3.839,0.318,High attention,Premium,windy,24.1,61.3
1958_519_Argentina,1958,519,Argentina,Belgium,A,semi_final,Nike,loss,0,1486,87.3,148.5,3.08,22.69,94.17,0.261,0.124,11.04,0.476,0.575,0.332,0.256,3.377,0.306,Low attention,Watchlist,clear,29.7,41.6
1930_520_Qatar,1930,520,Qatar,France,A,group,Qatar Airways,loss,0,1589,93.0,185.9,3.32,30.79,99.43,0.328,0.165,6.71,0.428,0.445,0.728,0.267,3.498,0.521,Low attention,Watchlist,hot,23.0,67.9
1934_521_Nigeria,1934,521,Nigeria,France,A,group,Adidas,loss,0,1409,93.4,118.0,10.18,31.9,44.58,0.323,0.251,3.77,0.464,0.787,0.819,0.311,3.504,0.929,Low attention,Watchlist,clear,34.1,71.6
1970_522_Morocco,1970,522,Morocco,France,A,group,Sony,loss,0,1334,86.7,67.3,6.16,39.48,183.55,0.429,0.29,3.39,0.433,0.526,0.717,0.335,3.403,1.004,Low attention,Watchlist,hot,23.2,77.6
1962_523_Nigeria,1962,523,Nigeria,France,A,group,Adidas,draw,1,1409,93.4,118.0,10.18,26.08,62.56,0.251,0.235,3.77,0.464,0.787,0.819,0.325,3.475,0.922,Low attention,Watchlist,rain,26.4,84.5
1938_524_Italy,1938,524,Italy,England,A,group,Mastercard,loss,0,1557,87.9,148.1,6.17,42.05,166.5,0.473,0.292,13.6,0.667,0.776,0.732,0.423,3.5,0.257,Low attention,Scalable,rain,21.2,73.1
2022_525_Spain,2022,525,Spain,Nigeria,A,group,Emirates,loss,0,1583,88.4,104.5,3.79,42.33,178.01,0.449,0.262,12.91,0.551,0.596,0.308,0.368,3.43,0.266,Low attention,Watchlist,rain,25.3,15.3
1970_526_Japan,1970,526,Japan,South Korea,A,final,Pepsi,loss,0,1508,92.4,147.9,10.25,66.13,184.95,0.69,0.47,13.35,0.59,0.856,0.917,0.503,4.125,0.309,Mid attention,Scalable,windy,22.5,55.0
1978_527_Qatar,1978,527,Qatar,Croatia,A,round_16,Qatar Airways,loss,0,1589,93.0,185.9,3.32,50.73,125.51,0.488,0.264,6.71,0.428,0.445,0.728,0.334,3.821,0.569,Low attention,Watchlist,clear,11.5,74.9
1934_528_Brazil,1934,528,Brazil,Argentina,A,group,Hyundai,win,3,1453,85.5,158.5,4.37,31.48,105.07,0.315,0.188,6.91,0.55,0.803,0.863,0.415,3.298,0.477,Low attention,Scalable,cloudy,18.6,75.5
1934_529_Mexico,1934,529,Mexico,Senegal,A,round_16,Mastercard,draw,1,1353,87.2,78.0,6.91,47.0,166.77,0.466,0.326,8.52,0.451,0.481,0.718,0.394,3.285,0.386,Low attention,Scalable,cloudy,5.5,64.8
1998_530_Portugal,1998,530,Portugal,Croatia,A,group,Adidas,loss,0,1416,86.4,101.0,5.55,36.38,128.07,0.373,0.239,12.32,0.731,0.714,0.893,0.407,3.531,0.287,Low attention,Scalable,clear,13.5,85.9
2006_531_Qatar,2006,531,Qatar,Saudi Arabia,A,group,Qatar Airways,draw,1,1589,93.0,185.9,3.32,34.85,116.25,0.359,0.191,6.71,0.428,0.445,0.728,0.316,3.572,0.532,Low attention,Watchlist,clear,19.9,32.9
1978_532_Croatia,1978,532,Croatia,USA,A,group,Qatar Airways,win,3,1624,92.9,108.1,12.03,43.98,111.78,0.455,0.365,8.24,0.507,0.515,0.83,0.493,3.622,0.44,Mid attention,Scalable,cloudy,25.1,54.0
2010_533_Argentina,2010,533,Argentina,Japan,A,quarter_final,Nike,win,3,1486,87.3,148.5,3.08,42.46,154.89,0.423,0.24,11.04,0.476,0.575,0.332,0.429,3.52,0.319,Low attention,Scalable,clear,19.4,62.8
1954_534_Uruguay,1954,534,Uruguay,Belgium,A,group,Samsung,win,3,1542,86.2,160.0,3.94,33.56,147.42,0.379,0.211,7.33,0.424,0.483,0.539,0.393,3.437,0.469,Low attention,Scalable,clear,23.8,82.2
2018_535_Belgium,2018,535,Belgium,South Korea,A,group,Nike,loss,0,1252,87.3,100.1,7.7,26.23,82.13,0.246,0.206,10.39,0.567,0.776,0.539,0.315,3.093,0.298,Low attention,Watchlist,rain,37.8,40.8
1946_536_Portugal,1946,536,Portugal,Croatia,A,group,Adidas,loss,0,1416,86.4,101.0,5.55,35.83,107.38,0.391,0.226,12.32,0.731,0.714,0.893,0.405,3.47,0.282,Low attention,Scalable,rain,25.8,31.3
2010_537_Saudi_Arabia,2010,537,Saudi Arabia,Spain,A,round_16,Adidas,win,3,1386,84.3,141.2,33.8,45.41,79.45,0.422,0.698,12.09,0.73,0.618,0.841,0.689,3.962,0.328,High attention,Premium,hot,21.2,79.2
1994_538_France,1994,538,France,Italy,A,round_16,Nike,win,3,1520,89.8,66.0,5.59,52.39,157.64,0.531,0.323,5.5,0.394,0.373,0.537,0.453,3.717,0.676,Low attention,Scalable,rain,22.8,63.9
2006_539_USA,2006,539,USA,Mexico,A,group,Coca-Cola,loss,0,1462,89.5,45.2,2.34,22.31,125.69,0.267,0.127,8.25,0.558,0.875,0.653,0.286,3.086,0.374,Low attention,Watchlist,clear,20.6,75.3
1986_540_Spain,1986,540,Spain,Qatar,A,group,Emirates,win,3,1583,88.4,104.5,3.79,31.25,151.9,0.347,0.201,12.91,0.551,0.596,0.308,0.426,3.249,0.252,Low attention,Scalable,cloudy,27.2,80.1
1954_541_England,1954,541,England,Portugal,A,round_16,Adidas,loss,0,1657,92.1,111.6,17.13,46.63,141.75,0.495,0.472,7.09,0.262,0.339,0.129,0.358,3.706,0.523,Mid attention,Watchlist,clear,20.2,38.1
2018_542_Belgium,2018,542,Belgium,Portugal,A,round_16,Nike,loss,0,1252,87.3,100.1,7.7,37.22,236.72,0.503,0.331,10.39,0.567,0.776,0.539,0.409,3.497,0.337,Mid attention,Scalable,clear,23.1,45.5
1998_543_Saudi_Arabia,1998,543,Saudi Arabia,Brazil,A,group,Adidas,draw,1,1386,84.3,141.2,33.8,58.15,134.36,0.535,0.781,12.09,0.73,0.618,0.841,0.674,4.083,0.338,High attention,Premium,cloudy,22.6,46.7
2010_544_Senegal,2010,544,Senegal,Argentina,A,group,Adidas,win,3,1511,91.9,152.7,10.6,39.66,101.08,0.407,0.319,15.86,0.559,0.641,0.372,0.484,3.2,0.202,Low attention,Scalable,clear,25.8,43.8
1938_545_Netherlands,1938,545,Netherlands,Nigeria,A,group,Coca-Cola,win,3,1525,91.0,47.9,3.87,45.27,58.27,0.395,0.216,12.96,0.731,0.68,0.64,0.502,3.59,0.277,Low attention,Scalable,hot,28.6,48.8
1994_546_Canada,1994,546,Canada,Germany,A,round_16,Nike,win,3,1538,88.1,105.0,2.03,42.14,99.07,0.391,0.194,4.93,0.451,0.945,0.713,0.397,3.57,0.724,Low attention,Scalable,windy,20.1,76.6
1978_547_Uruguay,1978,547,Uruguay,Canada,A,group,Samsung,draw,1,1542,86.2,160.0,3.94,29.43,79.0,0.266,0.159,7.33,0.424,0.483,0.539,0.286,3.271,0.446,Low attention,Watchlist,hot,25.2,67.9
2002_548_Qatar,2002,548,Qatar,Nigeria,A,group,Qatar Airways,draw,1,1589,93.0,185.9,3.32,35.92,76.65,0.344,0.176,6.71,0.428,0.445,0.728,0.307,3.564,0.531,Low attention,Watchlist,hot,17.3,40.5
1954_549_Nigeria,1954,549,Nigeria,Spain,A,group,Adidas,draw,1,1409,93.4,118.0,10.18,41.86,169.56,0.415,0.356,3.77,0.464,0.787,0.819,0.401,3.741,0.992,Mid attention,Scalable,clear,27.1,15.0
2002_550_Brazil,2002,550,Brazil,England,A,round_16,Hyundai,draw,1,1453,85.5,158.5,4.37,56.77,154.46,0.574,0.321,6.91,0.55,0.803,0.863,0.446,3.698,0.535,Low attention,Scalable,windy,9.8,57.8
2014_551_Portugal,2014,551,Portugal,Belgium,A,round_16,Adidas,loss,0,1416,86.4,101.0,5.55,34.35,125.27,0.357,0.229,12.32,0.731,0.714,0.893,0.4,3.671,0.298,Low attention,Scalable,clear,27.4,83.5
1958_552_Morocco,1958,552,Morocco,Canada,A,group,Sony,loss,0,1334,86.7,67.3,6.16,34.39,70.83,0.355,0.211,3.39,0.433,0.526,0.717,0.291,3.203,0.945,Low attention,Watchlist,clear,23.4,38.0
1966_553_England,1966,553,England,Japan,A,group,Adidas,loss,0,1657,92.1,111.6,17.13,32.66,86.67,0.38,0.384,7.09,0.262,0.339,0.129,0.303,3.409,0.481,Mid attention,Watchlist,clear,22.5,68.7
1970_554_Canada,1970,554,Canada,Croatia,A,round_16,Nike,loss,0,1538,88.1,105.0,2.03,40.05,146.5,0.418,0.209,4.93,0.451,0.945,0.713,0.308,3.549,0.72,Low attention,Watchlist,hot,17.7,84.0
1938_555_Uruguay,1938,555,Uruguay,Netherlands,A,group,Samsung,loss,0,1542,86.2,160.0,3.94,30.18,65.39,0.302,0.155,7.33,0.424,0.483,0.539,0.258,3.239,0.442,Low attention,Watchlist,rain,24.8,64.8
1966_556_Mexico,1966,556,Mexico,England,A,quarter_final,Mastercard,loss,0,1353,87.2,78.0,6.91,38.9,123.31,0.417,0.269,8.52,0.451,0.481,0.718,0.33,3.196,0.375,Low attention,Watchlist,clear,33.7,58.3
1946_557_Netherlands,1946,557,Netherlands,Morocco,A,round_16,Coca-Cola,win,3,1525,91.0,47.9,3.87,51.95,189.37,0.548,0.31,12.96,0.731,0.68,0.64,0.565,3.909,0.302,Low attention,Scalable,clear,38.5,95.0
1958_558_Qatar,1958,558,Qatar,Australia,A,group,Qatar Airways,draw,1,1589,93.0,185.9,3.32,37.82,156.69,0.422,0.224,6.71,0.428,0.445,0.728,0.34,3.65,0.544,Low attention,Watchlist,cloudy,7.3,54.6
1950_559_USA,1950,559,USA,Saudi Arabia,A,group,Coca-Cola,draw,1,1462,89.5,45.2,2.34,40.13,92.97,0.422,0.187,8.25,0.558,0.875,0.653,0.37,3.226,0.391,Low attention,Watchlist,cloudy,38.8,27.5
2014_560_Croatia,2014,560,Croatia,Senegal,A,semi_final,Qatar Airways,loss,0,1624,92.9,108.1,12.03,40.74,115.49,0.39,0.353,8.24,0.507,0.515,0.83,0.377,3.835,0.465,Mid attention,Watchlist,hot,21.5,35.9
1942_561_England,1942,561,England,Spain,A,round_16,Adidas,win,3,1657,92.1,111.6,17.13,49.43,178.04,0.516,0.503,7.09,0.262,0.339,0.129,0.473,3.77,0.532,Mid attention,Scalable,cloudy,24.0,70.8
2022_562_Uruguay,2022,562,Uruguay,England,A,final,Samsung,win,3,1542,86.2,160.0,3.94,77.63,143.74,0.699,0.399,7.33,0.424,0.483,0.539,0.522,4.196,0.572,Mid attention,Scalable,cloudy,13.7,46.9
1990_563_Ghana,1990,563,Ghana,USA,A,quarter_final,Samsung,win,3,1646,87.8,81.7,2.89,59.17,362.86,0.729,0.413,8.2,0.527,0.86,0.717,0.567,4.168,0.508,Mid attention,Scalable,clear,14.7,72.3
1970_564_Brazil,1970,564,Brazil,Argentina,A,group,Hyundai,draw,1,1453,85.5,158.5,4.37,42.27,156.42,0.471,0.26,6.91,0.55,0.803,0.863,0.404,3.478,0.503,Low attention,Scalable,rain,14.1,37.7
1974_565_Ghana,1974,565,Ghana,Argentina,A,quarter_final,Samsung,draw,1,1646,87.8,81.7,2.89,43.27,192.08,0.495,0.259,8.2,0.527,0.86,0.717,0.4,3.775,0.46,Low attention,Scalable,clear,28.1,95.0
1950_566_Saudi_Arabia,1950,566,Saudi Arabia,USA,A,group,Adidas,win,3,1386,84.3,141.2,33.8,30.26,124.47,0.291,0.655,12.09,0.73,0.618,0.841,0.65,3.777,0.312,Mid attention,Premium,clear,36.2,48.3
2002_567_Morocco,2002,567,Morocco,England,A,group,Sony,loss,0,1334,86.7,67.3,6.16,42.02,135.41,0.457,0.277,3.39,0.433,0.526,0.717,0.335,3.372,0.995,Low attention,Watchlist,cloudy,23.4,67.5
1970_568_Netherlands,1970,568,Netherlands,Nigeria,A,group,Coca-Cola,win,3,1525,91.0,47.9,3.87,45.95,120.23,0.425,0.25,12.96,0.731,0.68,0.64,0.52,3.673,0.283,Low attention,Scalable,clear,35.5,57.6
2014_569_France,2014,569,France,Japan,A,group,Nike,loss,0,1520,89.8,66.0,5.59,23.07,49.98,0.188,0.143,5.5,0.394,0.373,0.537,0.222,3.173,0.577,Low attention,Watchlist,clear,38.4,38.3
1994_570_Croatia,1994,570,Croatia,USA,A,group,Qatar Airways,win,3,1624,92.9,108.1,12.03,42.52,233.99,0.511,0.421,8.24,0.507,0.515,0.83,0.524,3.799,0.461,Mid attention,Scalable,clear,28.6,86.4
1994_571_South_Korea,1994,571,South Korea,England,A,group,Sony,loss,0,1417,87.2,148.7,5.3,33.14,96.46,0.348,0.205,1.99,0.342,0.904,0.287,0.257,3.199,1.608,Low attention,Watchlist,rain,25.0,56.7
1950_572_Mexico,1950,572,Mexico,Argentina,A,semi_final,Mastercard,draw,1,1353,87.2,78.0,6.91,33.72,117.58,0.346,0.244,8.52,0.451,0.481,0.718,0.342,3.247,0.381,Low attention,Watchlist,clear,20.5,94.7
2010_573_Australia,2010,573,Australia,Germany,A,round_16,Emirates,draw,1,1505,93.1,143.4,5.84,42.44,119.44,0.435,0.265,9.07,0.582,0.797,0.723,0.41,3.759,0.414,Low attention,Scalable,cloudy,11.0,59.8
2022_574_Nigeria,2022,574,Nigeria,Uruguay,A,group,Adidas,loss,0,1409,93.4,118.0,10.18,31.32,71.79,0.334,0.262,3.77,0.464,0.787,0.819,0.317,3.507,0.93,Low attention,Watchlist,clear,28.1,78.7
1998_575_Saudi_Arabia,1998,575,Saudi Arabia,Germany,A,group,Adidas,win,3,1386,84.3,141.2,33.8,40.11,144.9,0.454,0.708,12.09,0.73,0.618,0.841,0.699,3.91,0.323,High attention,Premium,clear,30.4,61.9
1942_576_Germany,1942,576,Germany,Argentina,A,round_16,Qatar Airways,win,3,1468,91.0,78.5,8.32,44.39,139.43,0.428,0.323,9.37,0.51,0.68,0.549,0.473,3.512,0.375,Low attention,Scalable,windy,25.9,87.6
1982_577_Ghana,1982,577,Ghana,South Korea,A,group,Samsung,loss,0,1646,87.8,81.7,2.89,32.11,104.0,0.363,0.167,8.2,0.527,0.86,0.717,0.308,3.408,0.416,Low attention,Watchlist,clear,31.0,64.7
1930_578_Mexico,1930,578,Mexico,Brazil,A,group,Mastercard,loss,0,1353,87.2,78.0,6.91,45.74,166.23,0.525,0.32,8.52,0.451,0.481,0.718,0.369,3.228,0.379,Low attention,Watchlist,clear,21.1,40.8
2002_579_Saudi_Arabia,2002,579,Saudi Arabia,Belgium,A,round_16,Adidas,loss,0,1386,84.3,141.2,33.8,50.22,319.05,0.681,0.839,12.09,0.73,0.618,0.841,0.69,4.361,0.361,High attention,Premium,clear,29.0,33.1
1998_580_Canada,1998,580,Canada,Morocco,A,group,Nike,loss,0,1538,88.1,105.0,2.03,30.95,90.87,0.295,0.141,4.93,0.451,0.945,0.713,0.26,3.347,0.679,Low attention,Watchlist,clear,32.6,36.5
1982_581_South_Korea,1982,581,South Korea,France,A,group,Sony,draw,1,1417,87.2,148.7,5.3,65.24,181.85,0.674,0.386,1.99,0.342,0.904,0.287,0.418,3.639,1.829,Mid attention,Scalable,clear,24.7,34.6
1934_582_Qatar,1934,582,Qatar,Portugal,A,group,Qatar Airways,win,3,1589,93.0,185.9,3.32,29.62,127.4,0.367,0.174,6.71,0.428,0.445,0.728,0.378,3.551,0.529,Low attention,Watchlist,rain,23.7,26.9
1990_583_Uruguay,1990,583,Uruguay,France,A,semi_final,Samsung,win,3,1542,86.2,160.0,3.94,41.11,76.92,0.405,0.208,7.33,0.424,0.483,0.539,0.396,3.63,0.495,Low attention,Scalable,hot,20.7,67.8
2002_584_Senegal,2002,584,Senegal,Croatia,A,group,Adidas,loss,0,1511,91.9,152.7,10.6,29.36,66.29,0.317,0.257,15.86,0.559,0.641,0.372,0.345,3.009,0.19,Low attention,Watchlist,cloudy,33.2,73.5
1938_585_Senegal,1938,585,Senegal,Japan,A,group,Adidas,loss,0,1511,91.9,152.7,10.6,30.94,134.62,0.367,0.298,15.86,0.559,0.641,0.372,0.369,3.126,0.197,Low attention,Watchlist,clear,27.2,85.2
1962_586_Qatar,1962,586,Qatar,South Korea,A,quarter_final,Qatar Airways,draw,1,1589,93.0,185.9,3.32,44.38,103.07,0.444,0.226,6.71,0.428,0.445,0.728,0.344,3.826,0.57,Low attention,Watchlist,hot,28.4,65.1
1998_587_Spain,1998,587,Spain,Mexico,A,quarter_final,Emirates,win,3,1583,88.4,104.5,3.79,45.29,174.21,0.489,0.273,12.91,0.551,0.596,0.308,0.479,3.66,0.284,Low attention,Scalable,clear,20.0,86.5
2014_588_Australia,2014,588,Australia,Qatar,A,round_16,Emirates,win,3,1505,93.1,143.4,5.84,44.53,158.53,0.46,0.294,9.07,0.582,0.797,0.723,0.493,3.814,0.421,Low attention,Scalable,cloudy,19.0,52.1
1950_589_Morocco,1950,589,Morocco,Spain,A,group,Sony,loss,0,1334,86.7,67.3,6.16,38.38,75.4,0.327,0.231,3.39,0.433,0.526,0.717,0.294,3.281,0.968,Low attention,Watchlist,clear,26.9,67.8
1958_590_Senegal,1958,590,Senegal,USA,A,group,Adidas,draw,1,1511,91.9,152.7,10.6,49.54,157.6,0.529,0.39,15.86,0.559,0.641,0.372,0.467,3.382,0.213,Mid attention,Scalable,cloudy,20.1,77.9
2010_591_Qatar,2010,591,Qatar,Canada,A,group,Qatar Airways,draw,1,1589,93.0,185.9,3.32,43.39,133.84,0.429,0.237,6.71,0.428,0.445,0.728,0.346,3.684,0.549,Low attention,Watchlist,rain,33.0,51.7
1994_592_South_Korea,1994,592,South Korea,Qatar,A,group,Sony,draw,1,1417,87.2,148.7,5.3,31.06,125.04,0.314,0.211,1.99,0.342,0.904,0.287,0.286,3.205,1.611,Low attention,Watchlist,clear,26.9,38.2
1950_593_Portugal,1950,593,Portugal,Argentina,A,round_16,Adidas,win,3,1416,86.4,101.0,5.55,50.87,158.54,0.517,0.317,12.32,0.731,0.714,0.893,0.562,3.831,0.311,Low attention,Scalable,cloudy,28.0,33.6
1950_594_Argentina,1950,594,Argentina,Belgium,A,round_16,Nike,loss,0,1486,87.3,148.5,3.08,40.0,79.54,0.371,0.191,11.04,0.476,0.575,0.332,0.301,3.416,0.309,Low attention,Watchlist,rain,25.6,65.4
1930_595_Italy,1930,595,Italy,Netherlands,A,quarter_final,Mastercard,loss,0,1557,87.9,148.1,6.17,39.27,98.11,0.42,0.246,13.6,0.667,0.776,0.732,0.396,3.594,0.264,Low attention,Scalable,clear,25.3,45.9
1958_596_Canada,1958,596,Canada,Netherlands,A,round_16,Nike,loss,0,1538,88.1,105.0,2.03,48.3,151.86,0.508,0.247,4.93,0.451,0.945,0.713,0.338,3.679,0.746,Low attention,Watchlist,cloudy,13.1,62.5
1934_597_Italy,1934,597,Italy,Morocco,A,group,Mastercard,loss,0,1557,87.9,148.1,6.17,41.03,183.12,0.479,0.296,13.6,0.667,0.776,0.732,0.426,3.597,0.264,Low attention,Scalable,rain,27.2,95.0
1934_598_Portugal,1934,598,Portugal,Saudi Arabia,A,group,Adidas,loss,0,1416,86.4,101.0,5.55,37.85,152.62,0.414,0.258,12.32,0.731,0.714,0.893,0.421,3.605,0.293,Low attention,Scalable,clear,21.4,54.8
1938_599_Uruguay,1938,599,Uruguay,Morocco,A,semi_final,Samsung,loss,0,1542,86.2,160.0,3.94,55.1,161.36,0.552,0.311,7.33,0.424,0.483,0.539,0.362,3.948,0.539,Low attention,Watchlist,cloudy,25.3,68.9
2018_600_Argentina,2018,600,Argentina,Australia,A,group,Nike,loss,0,1486,87.3,148.5,3.08,41.83,156.56,0.461,0.238,11.04,0.476,0.575,0.332,0.335,3.367,0.305,Low attention,Watchlist,hot,14.2,67.3
1954_601_Mexico,1954,601,Mexico,Ghana,A,final,Mastercard,loss,0,1353,87.2,78.0,6.91,58.34,354.82,0.719,0.469,8.52,0.451,0.481,0.718,0.461,3.905,0.458,Mid attention,Scalable,cloudy,27.2,66.6
1998_602_Italy,1998,602,Italy,Qatar,A,group,Mastercard,loss,0,1557,87.9,148.1,6.17,36.23,147.31,0.415,0.258,13.6,0.667,0.776,0.732,0.4,3.412,0.251,Low attention,Scalable,clear,22.5,62.3
1930_603_South_Korea,1930,603,South Korea,Nigeria,A,group,Sony,win,3,1417,87.2,148.7,5.3,34.8,155.19,0.425,0.242,1.99,0.342,0.904,0.287,0.385,3.303,1.66,Low attention,Scalable,windy,23.3,30.0
1978_604_Italy,1978,604,Italy,Australia,A,group,Mastercard,draw,1,1557,87.9,148.1,6.17,27.71,74.06,0.287,0.184,13.6,0.667,0.776,0.732,0.382,3.303,0.243,Low attention,Scalable,rain,18.1,32.3
1962_605_South_Korea,1962,605,South Korea,Australia,A,group,Sony,draw,1,1417,87.2,148.7,5.3,21.54,58.29,0.262,0.136,1.99,0.342,0.904,0.287,0.248,3.027,1.521,Low attention,Watchlist,clear,38.6,59.7
2018_606_Belgium,2018,606,Belgium,Saudi Arabia,A,quarter_final,Nike,loss,0,1252,87.3,100.1,7.7,36.89,115.87,0.391,0.269,10.39,0.567,0.776,0.539,0.365,3.464,0.333,Low attention,Watchlist,clear,17.2,66.1
1954_607_Argentina,1954,607,Argentina,Japan,A,group,Nike,draw,1,1486,87.3,148.5,3.08,38.1,86.97,0.418,0.187,11.04,0.476,0.575,0.332,0.341,3.241,0.294,Low attention,Watchlist,cloudy,10.3,56.3
2022_608_Japan,2022,608,Japan,Argentina,A,group,Pepsi,draw,1,1508,92.4,147.9,10.25,47.2,167.96,0.496,0.38,13.35,0.59,0.856,0.917,0.468,3.508,0.263,Mid attention,Scalable,cloudy,18.8,53.9
2010_609_Ghana,2010,609,Ghana,Mexico,A,group,Samsung,draw,1,1646,87.8,81.7,2.89,34.64,135.0,0.408,0.193,8.2,0.527,0.86,0.717,0.359,3.45,0.421,Low attention,Watchlist,clear,21.3,69.4
1994_610_Australia,1994,610,Australia,Japan,A,group,Emirates,draw,1,1505,93.1,143.4,5.84,43.03,179.39,0.462,0.298,9.07,0.582,0.797,0.723,0.428,3.733,0.412,Low attention,Scalable,cloudy,17.6,69.8
1990_611_Morocco,1990,611,Morocco,South Korea,A,group,Sony,loss,0,1334,86.7,67.3,6.16,35.89,112.63,0.402,0.239,3.39,0.433,0.526,0.717,0.31,3.273,0.965,Low attention,Watchlist,clear,23.6,67.6
1974_612_Brazil,1974,612,Brazil,France,A,group,Hyundai,draw,1,1453,85.5,158.5,4.37,36.38,153.87,0.416,0.233,6.91,0.55,0.803,0.863,0.384,3.402,0.492,Low attention,Scalable,clear,30.0,71.5
2022_613_Uruguay,2022,613,Uruguay,South Korea,A,group,Samsung,draw,1,1542,86.2,160.0,3.94,42.35,257.06,0.552,0.304,7.33,0.424,0.483,0.539,0.393,3.636,0.496,Low attention,Scalable,clear,33.8,71.1
1942_614_South_Korea,1942,614,South Korea,Spain,A,group,Sony,draw,1,1417,87.2,148.7,5.3,40.31,100.48,0.417,0.238,1.99,0.342,0.904,0.287,0.315,3.285,1.651,Low attention,Watchlist,rain,20.0,37.9
1974_615_South_Korea,1974,615,South Korea,Netherlands,A,semi_final,Sony,loss,0,1417,87.2,148.7,5.3,36.95,123.21,0.39,0.235,1.99,0.342,0.904,0.287,0.276,3.532,1.775,Low attention,Watchlist,rain,27.9,65.3
1994_616_Spain,1994,616,Spain,South Korea,A,group,Emirates,loss,0,1583,88.4,104.5,3.79,28.99,129.79,0.333,0.18,12.91,0.551,0.596,0.308,0.316,3.243,0.251,Low attention,Watchlist,clear,22.4,59.7
2002_617_USA,2002,617,USA,Italy,A,group,Coca-Cola,draw,1,1462,89.5,45.2,2.34,40.22,110.91,0.455,0.196,8.25,0.558,0.875,0.653,0.38,3.209,0.389,Low attention,Watchlist,clear,27.2,70.4
1974_618_Morocco,1974,618,Morocco,Spain,A,group,Sony,win,3,1334,86.7,67.3,6.16,38.22,103.67,0.367,0.244,3.39,0.433,0.526,0.717,0.406,3.297,0.973,Low attention,Scalable,clear,13.9,37.7
1938_619_Croatia,1938,619,Croatia,Morocco,A,group,Qatar Airways,win,3,1624,92.9,108.1,12.03,35.12,105.64,0.347,0.324,8.24,0.507,0.515,0.83,0.458,3.571,0.433,Low attention,Scalable,rain,30.5,23.7
1994_620_Italy,1994,620,Italy,Belgium,A,final,Mastercard,win,3,1557,87.9,148.1,6.17,58.04,162.88,0.623,0.36,13.6,0.667,0.776,0.732,0.576,4.154,0.305,Mid attention,Scalable,cloudy,21.7,57.0
1934_621_Portugal,1934,621,Portugal,Ghana,A,group,Adidas,loss,0,1416,86.4,101.0,5.55,39.63,132.43,0.404,0.255,12.32,0.731,0.714,0.893,0.418,3.578,0.29,Low attention,Scalable,cloudy,26.3,94.5
1994_622_South_Korea,1994,622,South Korea,Ghana,A,round_16,Sony,loss,0,1417,87.2,148.7,5.3,41.55,134.19,0.423,0.26,1.99,0.342,0.904,0.287,0.291,3.417,1.717,Low attention,Watchlist,clear,39.3,59.7
1974_623_Senegal,1974,623,Senegal,Germany,A,group,Adidas,win,3,1511,91.9,152.7,10.6,35.22,155.67,0.422,0.327,15.86,0.559,0.641,0.372,0.49,3.226,0.203,Low attention,Scalable,rain,23.1,49.1
1938_624_Japan,1938,624,Japan,Mexico,A,group,Pepsi,draw,1,1508,92.4,147.9,10.25,36.13,54.52,0.309,0.275,13.35,0.59,0.856,0.917,0.394,3.285,0.246,Low attention,Scalable,rain,19.0,38.8
1930_625_England,1930,625,England,Netherlands,A,group,Adidas,win,3,1657,92.1,111.6,17.13,52.21,103.3,0.535,0.477,7.09,0.262,0.339,0.129,0.467,3.605,0.508,Mid attention,Scalable,clear,11.4,63.4
2006_626_Australia,2006,626,Australia,England,A,group,Emirates,loss,0,1505,93.1,143.4,5.84,24.72,70.69,0.236,0.164,9.07,0.582,0.797,0.723,0.303,3.396,0.374,Low attention,Watchlist,clear,18.2,59.4
2018_627_Nigeria,2018,627,Nigeria,Portugal,A,group,Adidas,draw,1,1409,93.4,118.0,10.18,38.19,77.99,0.385,0.294,3.77,0.464,0.787,0.819,0.372,3.621,0.96,Low attention,Watchlist,hot,20.1,56.9
1962_628_USA,1962,628,USA,Argentina,A,semi_final,Coca-Cola,loss,0,1462,89.5,45.2,2.34,41.7,119.57,0.413,0.207,8.25,0.558,0.875,0.653,0.343,3.5,0.424,Low attention,Watchlist,clear,21.4,59.7
2002_629_Morocco,2002,629,Morocco,Senegal,A,quarter_final,Sony,loss,0,1334,86.7,67.3,6.16,42.36,84.06,0.423,0.252,3.39,0.433,0.526,0.717,0.319,3.487,1.029,Low attention,Watchlist,clear,16.3,71.8
2010_630_Senegal,2010,630,Senegal,Uruguay,A,round_16,Adidas,win,3,1511,91.9,152.7,10.6,54.13,177.53,0.551,0.42,15.86,0.559,0.641,0.372,0.549,3.52,0.222,Mid attention,Scalable,cloudy,25.6,61.9
1930_631_USA,1930,631,USA,Morocco,A,group,Coca-Cola,loss,0,1462,89.5,45.2,2.34,38.44,105.1,0.38,0.186,8.25,0.558,0.875,0.653,0.329,3.227,0.391,Low attention,Watchlist,cloudy,23.1,68.0
1958_632_Australia,1958,632,Australia,Argentina,A,group,Emirates,win,3,1505,93.1,143.4,5.84,38.84,102.57,0.362,0.241,9.07,0.582,0.797,0.723,0.455,3.616,0.399,Low attention,Scalable,cloudy,13.1,69.4
2010_633_Italy,2010,633,Italy,Croatia,A,round_16,Mastercard,loss,0,1557,87.9,148.1,6.17,48.05,187.74,0.521,0.329,13.6,0.667,0.776,0.732,0.446,3.657,0.269,Low attention,Scalable,hot,27.6,50.6
1986_634_Uruguay,1986,634,Uruguay,Germany,A,round_16,Samsung,draw,1,1542,86.2,160.0,3.94,44.76,141.87,0.398,0.257,7.33,0.424,0.483,0.539,0.347,3.616,0.493,Low attention,Watchlist,rain,21.7,33.6
1958_635_Ghana,1958,635,Ghana,Brazil,A,round_16,Samsung,win,3,1646,87.8,81.7,2.89,38.31,103.7,0.373,0.193,8.2,0.527,0.86,0.717,0.42,3.568,0.435,Low attention,Scalable,clear,21.4,68.7
1970_636_Australia,1970,636,Australia,Spain,A,group,Emirates,win,3,1505,93.1,143.4,5.84,37.0,111.52,0.41,0.238,9.07,0.582,0.797,0.723,0.462,3.597,0.397,Low attention,Scalable,clear,14.5,33.0
1954_637_Nigeria,1954,637,Nigeria,Japan,A,group,Adidas,draw,1,1409,93.4,118.0,10.18,33.41,103.62,0.335,0.287,3.77,0.464,0.787,0.819,0.36,3.598,0.954,Low attention,Watchlist,rain,14.6,47.7
1934_638_Morocco,1934,638,Morocco,Netherlands,A,group,Sony,loss,0,1334,86.7,67.3,6.16,36.28,152.3,0.371,0.26,3.39,0.433,0.526,0.717,0.313,3.332,0.983,Low attention,Watchlist,clear,40.0,65.0
1990_639_Ghana,1990,639,Ghana,Italy,A,group,Samsung,loss,0,1646,87.8,81.7,2.89,40.88,161.97,0.457,0.234,8.2,0.527,0.86,0.717,0.35,3.526,0.43,Low attention,Watchlist,rain,23.0,53.5
2014_640_Croatia,2014,640,Croatia,Morocco,A,group,Qatar Airways,win,3,1624,92.9,108.1,12.03,26.68,91.17,0.254,0.281,8.24,0.507,0.515,0.83,0.425,3.465,0.421,Low attention,Scalable,rain,18.5,19.5
1982_641_Argentina,1982,641,Argentina,South Korea,A,group,Nike,loss,0,1486,87.3,148.5,3.08,31.65,84.25,0.339,0.158,11.04,0.476,0.575,0.332,0.283,3.169,0.287,Low attention,Watchlist,clear,20.6,59.0
2002_642_Mexico,2002,642,Mexico,Italy,A,group,Mastercard,win,3,1353,87.2,78.0,6.91,46.5,139.6,0.484,0.31,8.52,0.451,0.481,0.718,0.458,3.157,0.371,Low attention,Scalable,rain,27.0,60.4
2002_643_Mexico,2002,643,Mexico,Australia,A,round_16,Mastercard,loss,0,1353,87.2,78.0,6.91,31.78,93.34,0.341,0.223,8.52,0.451,0.481,0.718,0.3,3.017,0.354,Low attention,Watchlist,clear,15.9,63.4
2014_644_Saudi_Arabia,2014,644,Saudi Arabia,Spain,A,group,Adidas,loss,0,1386,84.3,141.2,33.8,49.02,250.67,0.622,0.8,12.09,0.73,0.618,0.841,0.664,4.105,0.34,High attention,Premium,hot,14.5,51.7
1930_645_Senegal,1930,645,Senegal,Italy,A,group,Adidas,win,3,1511,91.9,152.7,10.6,47.13,132.44,0.488,0.367,15.86,0.559,0.641,0.372,0.517,3.289,0.207,Mid attention,Scalable,rain,21.6,71.8
1934_646_Portugal,1934,646,Portugal,England,A,quarter_final,Adidas,draw,1,1416,86.4,101.0,5.55,49.55,179.29,0.543,0.321,12.32,0.731,0.714,0.893,0.502,3.891,0.316,Low attention,Scalable,hot,20.3,91.9
2006_647_Morocco,2006,647,Morocco,Spain,A,round_16,Sony,win,3,1334,86.7,67.3,6.16,34.33,134.64,0.396,0.243,3.39,0.433,0.526,0.717,0.411,3.365,0.993,Low attention,Scalable,hot,26.9,53.0
1938_648_Portugal,1938,648,Portugal,USA,A,group,Adidas,win,3,1416,86.4,101.0,5.55,24.45,41.23,0.227,0.144,12.32,0.731,0.714,0.893,0.444,3.317,0.269,Low attention,Scalable,clear,15.9,83.8
1974_649_France,1974,649,France,Portugal,A,final,Nike,win,3,1520,89.8,66.0,5.59,55.79,158.84,0.552,0.339,5.5,0.394,0.373,0.537,0.462,4.053,0.737,Mid attention,Scalable,windy,29.6,81.3
1946_650_Spain,1946,650,Spain,Qatar,A,quarter_final,Emirates,loss,0,1583,88.4,104.5,3.79,40.25,168.19,0.437,0.248,12.91,0.551,0.596,0.308,0.36,3.512,0.272,Low attention,Watchlist,clear,37.5,32.5
1998_651_Germany,1998,651,Germany,South Korea,A,group,Qatar Airways,draw,1,1468,91.0,78.5,8.32,28.25,70.73,0.33,0.219,9.37,0.51,0.68,0.549,0.349,3.183,0.34,Low attention,Watchlist,rain,23.8,83.2
2018_652_Saudi_Arabia,2018,652,Saudi Arabia,Netherlands,A,group,Adidas,win,3,1386,84.3,141.2,33.8,29.43,74.23,0.3,0.627,12.09,0.73,0.618,0.841,0.64,3.692,0.305,Mid attention,Premium,cloudy,14.6,49.6
1930_653_Croatia,1930,653,Croatia,Mexico,A,group,Qatar Airways,draw,1,1624,92.9,108.1,12.03,50.22,141.73,0.505,0.407,8.24,0.507,0.515,0.83,0.452,3.784,0.459,Mid attention,Scalable,clear,20.2,89.7
1946_654_Italy,1946,654,Italy,Portugal,A,round_16,Mastercard,win,3,1557,87.9,148.1,6.17,51.83,91.24,0.514,0.297,13.6,0.667,0.776,0.732,0.532,3.687,0.271,Low attention,Scalable,clear,23.2,42.5
2006_655_Brazil,2006,655,Brazil,Belgium,A,quarter_final,Hyundai,draw,1,1453,85.5,158.5,4.37,27.6,53.02,0.251,0.145,6.91,0.55,0.803,0.863,0.321,3.384,0.49,Low attention,Watchlist,hot,10.9,72.0
1942_656_Saudi_Arabia,1942,656,Saudi Arabia,Italy,A,group,Adidas,win,3,1386,84.3,141.2,33.8,35.64,119.42,0.351,0.676,12.09,0.73,0.618,0.841,0.668,3.804,0.315,High attention,Premium,cloudy,28.0,69.0
1966_657_France,1966,657,France,South Korea,A,round_16,Nike,win,3,1520,89.8,66.0,5.59,40.22,212.57,0.504,0.299,5.5,0.394,0.373,0.537,0.438,3.646,0.663,Low attention,Scalable,clear,14.1,40.1
1974_658_Portugal,1974,658,Portugal,England,A,group,Adidas,draw,1,1416,86.4,101.0,5.55,38.59,53.15,0.377,0.211,12.32,0.731,0.714,0.893,0.43,3.445,0.28,Low attention,Scalable,cloudy,35.1,42.3
1954_659_Senegal,1954,659,Senegal,England,A,group,Adidas,loss,0,1511,91.9,152.7,10.6,31.07,75.51,0.328,0.269,15.86,0.559,0.641,0.372,0.351,3.036,0.191,Low attention,Watchlist,clear,27.6,27.9
1998_660_Senegal,1998,660,Senegal,Portugal,A,round_16,Adidas,loss,0,1511,91.9,152.7,10.6,34.04,115.98,0.406,0.302,15.86,0.559,0.641,0.372,0.378,3.252,0.205,Low attention,Watchlist,clear,31.0,52.0
1986_661_Japan,1986,661,Japan,France,A,final,Pepsi,loss,0,1508,92.4,147.9,10.25,56.59,137.96,0.595,0.405,13.35,0.59,0.856,0.917,0.462,3.981,0.298,Mid attention,Scalable,cloudy,24.4,61.7
2018_662_South_Korea,2018,662,South Korea,Italy,A,group,Sony,loss,0,1417,87.2,148.7,5.3,46.6,181.16,0.494,0.306,1.99,0.342,0.904,0.287,0.321,3.433,1.725,Low attention,Watchlist,windy,8.3,40.1
1958_663_Argentina,1958,663,Argentina,Uruguay,A,quarter_final,Nike,draw,1,1486,87.3,148.5,3.08,34.93,70.95,0.296,0.165,11.04,0.476,0.575,0.332,0.311,3.334,0.302,Low attention,Watchlist,clear,34.1,59.8
1938_664_Argentina,1938,664,Argentina,Saudi Arabia,A,final,Nike,loss,0,1486,87.3,148.5,3.08,57.64,152.07,0.515,0.304,11.04,0.476,0.575,0.332,0.37,3.949,0.358,Low attention,Watchlist,rain,12.2,86.0
2022_665_Ghana,2022,665,Ghana,Canada,A,round_16,Samsung,win,3,1646,87.8,81.7,2.89,44.37,155.41,0.459,0.245,8.2,0.527,0.86,0.717,0.455,3.701,0.451,Low attention,Scalable,clear,26.9,61.3
1962_666_Uruguay,1962,666,Uruguay,England,A,quarter_final,Samsung,draw,1,1542,86.2,160.0,3.94,53.8,211.21,0.591,0.33,7.33,0.424,0.483,0.539,0.41,3.856,0.526,Mid attention,Scalable,cloudy,40.9,83.7
1966_667_Japan,1966,667,Japan,Spain,A,group,Pepsi,loss,0,1508,92.4,147.9,10.25,43.29,121.85,0.468,0.34,13.35,0.59,0.856,0.917,0.414,3.392,0.254,Mid attention,Scalable,hot,15.9,48.8
1986_668_Croatia,1986,668,Croatia,Senegal,A,group,Qatar Airways,loss,0,1624,92.9,108.1,12.03,37.75,227.16,0.452,0.397,8.24,0.507,0.515,0.83,0.405,3.665,0.445,Mid attention,Scalable,hot,27.3,66.1
1954_669_Brazil,1954,669,Brazil,Nigeria,A,semi_final,Hyundai,draw,1,1453,85.5,158.5,4.37,46.93,239.4,0.581,0.322,6.91,0.55,0.803,0.863,0.447,3.877,0.561,Low attention,Scalable,windy,19.3,74.5
1950_670_Belgium,1950,670,Belgium,Qatar,A,group,Nike,win,3,1252,87.3,100.1,7.7,43.03,108.81,0.413,0.292,10.39,0.567,0.776,0.539,0.478,3.293,0.317,Low attention,Scalable,clear,21.0,38.7
2006_671_France,2006,671,France,Morocco,A,group,Nike,win,3,1520,89.8,66.0,5.59,33.05,57.29,0.318,0.19,5.5,0.394,0.373,0.537,0.363,3.322,0.604,Low attention,Watchlist,clear,20.0,47.4
2010_672_Belgium,2010,672,Belgium,USA,A,group,Nike,loss,0,1252,87.3,100.1,7.7,24.14,120.7,0.281,0.216,10.39,0.567,0.776,0.539,0.326,3.124,0.301,Low attention,Watchlist,clear,31.5,50.0
2002_673_Germany,2002,673,Germany,England,A,semi_final,Qatar Airways,loss,0,1468,91.0,78.5,8.32,51.48,206.89,0.535,0.387,9.37,0.51,0.68,0.549,0.417,3.794,0.405,Mid attention,Scalable,rain,25.2,55.9
1998_674_Mexico,1998,674,Mexico,Italy,A,group,Mastercard,loss,0,1353,87.2,78.0,6.91,39.55,94.72,0.387,0.257,8.52,0.451,0.481,0.718,0.321,3.009,0.353,Low attention,Watchlist,hot,18.2,65.2
2006_675_Mexico,2006,675,Mexico,Argentina,A,group,Mastercard,loss,0,1353,87.2,78.0,6.91,42.25,88.79,0.408,0.266,8.52,0.451,0.481,0.718,0.328,3.046,0.358,Low attention,Watchlist,hot,18.3,49.8
1998_676_Argentina,1998,676,Argentina,Brazil,A,group,Nike,loss,0,1486,87.3,148.5,3.08,40.73,150.74,0.463,0.23,11.04,0.476,0.575,0.332,0.333,3.35,0.303,Low attention,Watchlist,cloudy,11.5,64.6
1998_677_Germany,1998,677,Germany,Portugal,A,round_16,Qatar Airways,loss,0,1468,91.0,78.5,8.32,43.0,134.29,0.42,0.314,9.37,0.51,0.68,0.549,0.368,3.488,0.372,Low attention,Watchlist,rain,27.0,66.5
2022_678_Brazil,2022,678,Brazil,France,A,final,Hyundai,win,3,1453,85.5,158.5,4.37,72.23,190.35,0.712,0.406,6.91,0.55,0.803,0.863,0.57,4.226,0.612,Mid attention,Scalable,cloudy,35.6,66.4
2022_679_Italy,2022,679,Italy,Senegal,A,group,Mastercard,loss,0,1557,87.9,148.1,6.17,35.47,93.76,0.412,0.228,13.6,0.667,0.776,0.732,0.388,3.39,0.249,Low attention,Scalable,hot,25.6,56.9
1942_680_Spain,1942,680,Spain,Senegal,A,round_16,Emirates,loss,0,1583,88.4,104.5,3.79,42.0,171.46,0.445,0.257,12.91,0.551,0.596,0.308,0.365,3.512,0.272,Low attention,Watchlist,cloudy,28.0,46.8
2002_681_Morocco,2002,681,Morocco,Netherlands,A,group,Sony,loss,0,1334,86.7,67.3,6.16,33.8,69.59,0.291,0.208,3.39,0.433,0.526,0.717,0.279,3.217,0.949,Low attention,Watchlist,windy,35.5,95.0
2002_682_Saudi_Arabia,2002,682,Saudi Arabia,Mexico,A,round_16,Adidas,loss,0,1386,84.3,141.2,33.8,38.82,99.87,0.38,0.68,12.09,0.73,0.618,0.841,0.575,3.934,0.325,High attention,Scalable,cloudy,17.4,78.6
1982_683_England,1982,683,England,Germany,A,round_16,Adidas,win,3,1657,92.1,111.6,17.13,62.53,162.77,0.588,0.551,7.09,0.262,0.339,0.129,0.504,3.931,0.554,Mid attention,Scalable,cloudy,33.0,60.7
1978_684_Nigeria,1978,684,Nigeria,Portugal,A,group,Adidas,loss,0,1409,93.4,118.0,10.18,26.87,84.2,0.261,0.249,3.77,0.464,0.787,0.819,0.299,3.502,0.929,Low attention,Watchlist,cloudy,16.0,50.4
1954_685_Croatia,1954,685,Croatia,England,A,semi_final,Qatar Airways,loss,0,1624,92.9,108.1,12.03,55.23,85.96,0.502,0.401,8.24,0.507,0.515,0.83,0.415,3.958,0.48,Mid attention,Scalable,clear,25.2,44.6
1966_686_Qatar,1966,686,Qatar,Croatia,A,group,Qatar Airways,win,3,1589,93.0,185.9,3.32,50.28,191.18,0.623,0.295,6.71,0.428,0.445,0.728,0.47,3.806,0.567,Low attention,Scalable,cloudy,32.5,47.8
1982_687_Senegal,1982,687,Senegal,South Korea,A,group,Adidas,loss,0,1511,91.9,152.7,10.6,40.93,71.77,0.384,0.31,15.86,0.559,0.641,0.372,0.377,3.196,0.202,Low attention,Watchlist,windy,33.9,32.6
2018_688_Qatar,2018,688,Qatar,France,A,round_16,Qatar Airways,draw,1,1589,93.0,185.9,3.32,46.26,130.48,0.449,0.248,6.71,0.428,0.445,0.728,0.354,3.799,0.566,Low attention,Watchlist,windy,27.0,52.3
1970_689_Morocco,1970,689,Morocco,USA,A,group,Sony,loss,0,1334,86.7,67.3,6.16,22.5,88.31,0.283,0.169,3.39,0.433,0.526,0.717,0.262,3.107,0.917,Low attention,Watchlist,clear,25.1,57.2
2010_690_Japan,2010,690,Japan,Belgium,A,group,Pepsi,win,3,1508,92.4,147.9,10.25,26.56,97.56,0.297,0.255,13.35,0.59,0.856,0.917,0.451,3.244,0.243,Low attention,Scalable,clear,24.0,76.9
2006_691_Croatia,2006,691,Croatia,Australia,A,group,Qatar Airways,loss,0,1624,92.9,108.1,12.03,40.23,124.06,0.413,0.355,8.24,0.507,0.515,0.83,0.382,3.614,0.439,Mid attention,Scalable,cloudy,22.9,50.6
1930_692_Brazil,1930,692,Brazil,Mexico,A,group,Hyundai,draw,1,1453,85.5,158.5,4.37,31.37,48.91,0.276,0.159,6.91,0.55,0.803,0.863,0.331,3.238,0.469,Low attention,Watchlist,hot,28.5,15.0
1950_693_England,1950,693,England,Morocco,A,final,Adidas,win,3,1657,92.1,111.6,17.13,66.36,210.46,0.644,0.592,7.09,0.262,0.339,0.129,0.53,4.302,0.607,Mid attention,Scalable,rain,25.1,48.1
1978_694_Germany,1978,694,Germany,Qatar,A,group,Qatar Airways,win,3,1468,91.0,78.5,8.32,35.99,85.8,0.361,0.26,9.37,0.51,0.68,0.549,0.437,3.252,0.347,Low attention,Scalable,cloudy,16.2,61.0
1986_695_England,1986,695,England,South Korea,A,group,Adidas,draw,1,1657,92.1,111.6,17.13,34.83,73.05,0.373,0.387,7.09,0.262,0.339,0.129,0.336,3.421,0.483,Mid attention,Watchlist,cloudy,26.9,51.1
1930_696_Croatia,1930,696,Croatia,South Korea,A,round_16,Qatar Airways,win,3,1624,92.9,108.1,12.03,42.63,167.07,0.538,0.387,8.24,0.507,0.515,0.83,0.517,3.791,0.46,Mid attention,Scalable,clear,19.4,20.8
1978_697_Ghana,1978,697,Ghana,Senegal,A,quarter_final,Samsung,draw,1,1646,87.8,81.7,2.89,46.53,131.52,0.476,0.243,8.2,0.527,0.86,0.717,0.39,3.74,0.456,Low attention,Scalable,hot,30.1,65.2
2018_698_England,2018,698,England,Italy,A,group,Adidas,draw,1,1657,92.1,111.6,17.13,43.12,101.62,0.425,0.437,7.09,0.262,0.339,0.129,0.365,3.527,0.497,Mid attention,Watchlist,clear,30.3,70.9
1982_699_Canada,1982,699,Canada,Belgium,A,group,Nike,win,3,1538,88.1,105.0,2.03,41.56,96.91,0.386,0.19,4.93,0.451,0.945,0.713,0.395,3.491,0.708,Low attention,Scalable,clear,24.9,95.0
1942_700_Morocco,1942,700,Morocco,Argentina,A,group,Sony,win,3,1334,86.7,67.3,6.16,39.88,203.82,0.442,0.302,3.39,0.433,0.526,0.717,0.441,3.451,1.018,Low attention,Scalable,rain,11.4,53.9
1930_701_Uruguay,1930,701,Uruguay,Portugal,A,round_16,Samsung,loss,0,1542,86.2,160.0,3.94,59.65,259.77,0.648,0.38,7.33,0.424,0.483,0.539,0.405,3.909,0.533,Mid attention,Scalable,cloudy,22.6,54.2
1990_702_Saudi_Arabia,1990,702,Saudi Arabia,Japan,A,round_16,Adidas,loss,0,1386,84.3,141.2,33.8,49.65,99.39,0.444,0.726,12.09,0.73,0.618,0.841,0.604,4.057,0.336,High attention,Scalable,cloudy,38.1,44.3
1934_703_Belgium,1934,703,Belgium,Brazil,A,quarter_final,Nike,loss,0,1252,87.3,100.1,7.7,33.31,87.22,0.311,0.239,10.39,0.567,0.776,0.539,0.34,3.34,0.321,Low attention,Watchlist,windy,28.9,43.9
1990_704_Uruguay,1990,704,Uruguay,Senegal,A,group,Samsung,win,3,1542,86.2,160.0,3.94,29.85,67.17,0.323,0.155,7.33,0.424,0.483,0.539,0.361,3.286,0.448,Low attention,Watchlist,clear,27.7,42.5
1978_705_Canada,1978,705,Canada,USA,A,group,Nike,draw,1,1538,88.1,105.0,2.03,42.7,147.77,0.444,0.221,4.93,0.451,0.945,0.713,0.35,3.532,0.716,Low attention,Watchlist,windy,28.2,51.7
1986_706_Canada,1986,706,Canada,Germany,A,quarter_final,Nike,win,3,1538,88.1,105.0,2.03,44.79,93.55,0.396,0.202,4.93,0.451,0.945,0.713,0.401,3.64,0.738,Low attention,Scalable,clear,18.7,28.3
1962_707_Australia,1962,707,Australia,Uruguay,A,group,Emirates,win,3,1505,93.1,143.4,5.84,35.99,106.51,0.431,0.231,9.07,0.582,0.797,0.723,0.463,3.567,0.393,Low attention,Scalable,clear,29.4,53.2
1970_708_Nigeria,1970,708,Nigeria,Japan,A,quarter_final,Adidas,loss,0,1409,93.4,118.0,10.18,47.35,147.79,0.463,0.369,3.77,0.464,0.787,0.819,0.381,3.937,1.044,Mid attention,Scalable,cloudy,29.1,57.7
1990_709_Brazil,1990,709,Brazil,Japan,A,group,Hyundai,loss,0,1453,85.5,158.5,4.37,29.99,89.77,0.262,0.174,6.91,0.55,0.803,0.863,0.3,3.234,0.468,Low attention,Watchlist,clear,18.7,36.0
1962_710_USA,1962,710,USA,Nigeria,A,group,Coca-Cola,loss,0,1462,89.5,45.2,2.34,38.25,42.68,0.314,0.154,8.25,0.558,0.875,0.653,0.305,3.144,0.381,Low attention,Watchlist,clear,35.4,52.7
1954_711_South_Korea,1954,711,South Korea,Portugal,A,group,Sony,loss,0,1417,87.2,148.7,5.3,32.91,96.17,0.349,0.204,1.99,0.342,0.904,0.287,0.257,3.234,1.625,Low attention,Watchlist,hot,28.5,53.8
1950_712_Qatar,1950,712,Qatar,Canada,A,group,Qatar Airways,win,3,1589,93.0,185.9,3.32,25.77,176.39,0.338,0.182,6.71,0.428,0.445,0.728,0.375,3.532,0.526,Low attention,Watchlist,clear,35.3,55.9
2018_713_Qatar,2018,713,Qatar,Portugal,A,group,Qatar Airways,draw,1,1589,93.0,185.9,3.32,34.17,87.26,0.364,0.174,6.71,0.428,0.445,0.728,0.31,3.525,0.525,Low attention,Watchlist,rain,31.2,28.4
1970_714_Spain,1970,714,Spain,Nigeria,A,group,Emirates,draw,1,1583,88.4,104.5,3.79,42.0,131.74,0.42,0.237,12.91,0.551,0.596,0.308,0.386,3.374,0.261,Low attention,Scalable,clear,23.0,50.5
1934_715_Belgium,1934,715,Belgium,Japan,A,group,Nike,loss,0,1252,87.3,100.1,7.7,19.76,29.83,0.155,0.152,10.39,0.567,0.776,0.539,0.278,2.972,0.286,Low attention,Watchlist,clear,28.4,53.5
2006_716_Germany,2006,716,Germany,Argentina,A,group,Qatar Airways,win,3,1468,91.0,78.5,8.32,48.1,188.06,0.518,0.363,9.37,0.51,0.68,0.549,0.505,3.522,0.376,Mid attention,Scalable,hot,33.3,39.2
1946_717_Argentina,1946,717,Argentina,Brazil,A,round_16,Nike,draw,1,1486,87.3,148.5,3.08,45.48,135.23,0.478,0.243,11.04,0.476,0.575,0.332,0.374,3.465,0.314,Low attention,Watchlist,clear,19.4,45.3
1986_718_Croatia,1986,718,Croatia,France,A,quarter_final,Qatar Airways,draw,1,1624,92.9,108.1,12.03,36.21,186.76,0.431,0.37,8.24,0.507,0.515,0.83,0.424,3.832,0.465,Mid attention,Scalable,cloudy,28.6,73.1
1994_719_Italy,1994,719,Italy,Portugal,A,group,Mastercard,loss,0,1557,87.9,148.1,6.17,48.58,252.85,0.575,0.364,13.6,0.667,0.776,0.732,0.469,3.724,0.274,Mid attention,Scalable,hot,14.7,69.9
1974_720_Saudi_Arabia,1974,720,Saudi Arabia,USA,A,group,Adidas,win,3,1386,84.3,141.2,33.8,37.88,109.98,0.374,0.681,12.09,0.73,0.618,0.841,0.674,3.843,0.318,High attention,Premium,clear,25.5,59.0
1966_1_Netherlands,1966,1,Netherlands,Australia,B,group,Coca-Cola,draw,1,1525,91.0,47.9,3.87,44.85,117.61,0.415,0.244,12.96,0.731,0.68,0.64,0.449,3.712,0.286,Low attention,Scalable,clear,22.7,43.2
2002_2_Saudi_Arabia,2002,2,Saudi Arabia,England,B,group,Adidas,win,3,1386,84.3,141.2,33.8,34.61,83.71,0.349,0.654,12.09,0.73,0.618,0.841,0.659,3.446,0.285,Mid attention,Premium,rain,20.6,74.1
1938_3_Senegal,1938,3,Senegal,Portugal,B,group,Adidas,draw,1,1511,91.9,152.7,10.6,52.78,127.18,0.493,0.389,15.86,0.559,0.641,0.372,0.46,3.705,0.234,Mid attention,Scalable,rain,24.5,36.8
1986_4_Brazil,1986,4,Brazil,Ghana,B,group,Hyundai,loss,0,1453,85.5,158.5,4.37,59.15,262.94,0.66,0.386,6.91,0.55,0.803,0.863,0.453,3.885,0.562,Mid attention,Scalable,cloudy,24.5,34.7
1998_5_Canada,1998,5,Canada,Qatar,B,group,Nike,win,3,1538,88.1,105.0,2.03,45.57,209.3,0.525,0.264,4.93,0.451,0.945,0.713,0.448,3.774,0.766,Low attention,Scalable,cloudy,6.9,40.3
2022_6_Qatar,2022,6,Qatar,Mexico,B,group,Qatar Airways,loss,0,1589,93.0,185.9,3.32,37.07,99.32,0.379,0.192,6.71,0.428,0.445,0.728,0.287,3.006,0.448,Low attention,Watchlist,clear,21.9,24.7
2022_7_France,2022,7,France,Germany,B,group,Nike,draw,1,1520,89.8,66.0,5.59,35.69,107.19,0.358,0.226,5.5,0.394,0.373,0.537,0.318,3.281,0.597,Low attention,Watchlist,hot,24.6,23.4
1942_8_Italy,1942,8,Italy,Nigeria,B,final,Mastercard,loss,0,1557,87.9,148.1,6.17,63.44,225.76,0.68,0.414,13.6,0.667,0.776,0.732,0.507,4.414,0.325,Mid attention,Scalable,windy,20.8,70.0
1962_9_Nigeria,1962,9,Nigeria,Japan,B,semi_final,Adidas,draw,1,1409,93.4,118.0,10.18,38.6,107.12,0.407,0.311,3.77,0.464,0.787,0.819,0.383,3.625,0.962,Low attention,Scalable,windy,30.0,86.1
1982_10_Ghana,1982,10,Ghana,Senegal,B,group,Samsung,win,3,1646,87.8,81.7,2.89,40.97,100.21,0.41,0.203,8.2,0.527,0.86,0.717,0.43,3.173,0.387,Low attention,Scalable,clear,22.2,84.6
1978_11_France,1978,11,France,Belgium,B,quarter_final,Nike,draw,1,1520,89.8,66.0,5.59,42.81,139.45,0.422,0.273,5.5,0.394,0.373,0.537,0.347,3.512,0.639,Low attention,Watchlist,clear,21.3,69.9
2014_12_Portugal,2014,12,Portugal,Morocco,B,group,Adidas,loss,0,1416,86.4,101.0,5.55,41.56,204.68,0.497,0.3,12.32,0.731,0.714,0.893,0.452,3.466,0.281,Low attention,Scalable,cloudy,14.2,69.8
1970_13_South_Korea,1970,13,South Korea,Ghana,B,group,Sony,win,3,1417,87.2,148.7,5.3,36.35,71.89,0.352,0.207,1.99,0.342,0.904,0.287,0.358,3.419,1.718,Low attention,Watchlist,rain,30.1,47.9
2022_14_Canada,2022,14,Canada,Australia,B,group,Nike,draw,1,1538,88.1,105.0,2.03,27.26,40.56,0.268,0.1,4.93,0.451,0.945,0.713,0.273,3.405,0.691,Low attention,Watchlist,clear,34.0,49.8
1982_15_England,1982,15,England,Japan,B,round_16,Adidas,win,3,1657,92.1,111.6,17.13,55.65,136.38,0.529,0.508,7.09,0.262,0.339,0.129,0.477,3.61,0.509,Mid attention,Scalable,clear,16.0,19.2
1982_16_Belgium,1982,16,Belgium,Germany,B,group,Nike,win,3,1252,87.3,100.1,7.7,41.3,125.48,0.44,0.293,10.39,0.567,0.776,0.539,0.483,3.413,0.328,Low attention,Scalable,windy,23.1,69.1
2010_17_Senegal,2010,17,Senegal,Nigeria,B,semi_final,Adidas,draw,1,1511,91.9,152.7,10.6,48.66,209.3,0.478,0.412,15.86,0.559,0.641,0.372,0.466,4.111,0.259,Mid attention,Scalable,clear,32.3,15.0
1978_18_South_Korea,1978,18,South Korea,Germany,B,group,Sony,win,3,1417,87.2,148.7,5.3,44.18,179.72,0.488,0.295,1.99,0.342,0.904,0.287,0.416,3.471,1.744,Low attention,Scalable,rain,15.7,47.5
2022_19_Spain,2022,19,Spain,Croatia,B,group,Emirates,win,3,1583,88.4,104.5,3.79,31.65,71.83,0.348,0.163,12.91,0.551,0.596,0.308,0.412,3.456,0.268,Low attention,Scalable,clear,23.8,37.1
1974_20_Canada,1974,20,Canada,France,B,round_16,Nike,loss,0,1538,88.1,105.0,2.03,34.25,104.94,0.337,0.163,4.93,0.451,0.945,0.713,0.276,3.443,0.698,Low attention,Watchlist,cloudy,17.6,42.3
1942_21_Portugal,1942,21,Portugal,Mexico,B,quarter_final,Adidas,win,3,1416,86.4,101.0,5.55,48.89,117.38,0.451,0.287,12.32,0.731,0.714,0.893,0.539,3.363,0.273,Low attention,Scalable,hot,22.0,47.5
1954_22_Germany,1954,22,Germany,Portugal,B,round_16,Qatar Airways,loss,0,1468,91.0,78.5,8.32,41.25,224.39,0.519,0.352,9.37,0.51,0.68,0.549,0.401,3.792,0.405,Mid attention,Scalable,clear,22.3,52.5
1958_23_Netherlands,1958,23,Netherlands,Uruguay,B,group,Coca-Cola,draw,1,1525,91.0,47.9,3.87,40.2,109.11,0.392,0.219,12.96,0.731,0.68,0.64,0.436,3.397,0.262,Low attention,Scalable,cloudy,24.2,53.5
1990_24_Italy,1990,24,Italy,Ghana,B,group,Mastercard,win,3,1557,87.9,148.1,6.17,42.67,124.14,0.459,0.274,13.6,0.667,0.776,0.732,0.514,3.538,0.26,Low attention,Scalable,rain,24.6,65.1
1954_25_Senegal,1954,25,Senegal,Canada,B,group,Adidas,draw,1,1511,91.9,152.7,10.6,40.5,184.44,0.431,0.365,15.86,0.559,0.641,0.372,0.439,3.542,0.223,Mid attention,Scalable,cloudy,31.9,56.3
1978_26_Netherlands,1978,26,Netherlands,Argentina,B,final,Coca-Cola,loss,0,1525,91.0,47.9,3.87,65.28,197.12,0.669,0.372,12.96,0.731,0.68,0.64,0.51,4.037,0.311,Mid attention,Scalable,windy,19.4,68.5
2022_27_Qatar,2022,27,Qatar,Senegal,B,group,Qatar Airways,draw,1,1589,93.0,185.9,3.32,43.46,109.84,0.369,0.225,6.71,0.428,0.445,0.728,0.331,3.223,0.48,Low attention,Watchlist,windy,25.4,49.4
1994_28_Portugal,1994,28,Portugal,Spain,B,group,Adidas,draw,1,1416,86.4,101.0,5.55,44.96,264.16,0.536,0.344,12.32,0.731,0.714,0.893,0.509,3.557,0.289,Mid attention,Scalable,clear,26.1,74.6
1974_29_Belgium,1974,29,Belgium,South Korea,B,quarter_final,Nike,loss,0,1252,87.3,100.1,7.7,41.75,340.98,0.565,0.403,10.39,0.567,0.776,0.539,0.448,3.782,0.364,Mid attention,Scalable,clear,29.4,36.0
1994_30_Nigeria,1994,30,Nigeria,Uruguay,B,quarter_final,Adidas,draw,1,1409,93.4,118.0,10.18,41.05,140.83,0.41,0.338,3.77,0.464,0.787,0.819,0.393,3.64,0.966,Mid attention,Scalable,clear,13.9,89.0
2006_31_Mexico,2006,31,Mexico,Ghana,B,group,Mastercard,loss,0,1353,87.2,78.0,6.91,35.59,87.47,0.319,0.237,8.52,0.451,0.481,0.718,0.301,3.448,0.405,Low attention,Watchlist,clear,10.2,53.3
1954_32_Spain,1954,32,Spain,Canada,B,group,Emirates,draw,1,1583,88.4,104.5,3.79,42.67,168.24,0.478,0.259,12.91,0.551,0.596,0.308,0.405,3.521,0.273,Low attention,Scalable,windy,15.9,60.9
1934_33_Saudi_Arabia,1934,33,Saudi Arabia,Italy,B,group,Adidas,win,3,1386,84.3,141.2,33.8,41.55,169.31,0.464,0.727,12.09,0.73,0.618,0.841,0.708,3.565,0.295,High attention,Premium,hot,29.7,59.7
1934_34_Canada,1934,34,Canada,Italy,B,final,Nike,loss,0,1538,88.1,105.0,2.03,60.43,125.83,0.596,0.286,4.93,0.451,0.945,0.713,0.369,4.065,0.825,Low attention,Watchlist,cloudy,22.0,48.8
1962_35_France,1962,35,France,Ghana,B,group,Nike,loss,0,1520,89.8,66.0,5.59,43.92,172.89,0.476,0.295,5.5,0.394,0.373,0.537,0.332,3.619,0.658,Low attention,Watchlist,hot,24.4,59.9
2002_36_Nigeria,2002,36,Nigeria,Netherlands,B,group,Adidas,draw,1,1409,93.4,118.0,10.18,38.36,119.27,0.451,0.316,3.77,0.464,0.787,0.819,0.392,3.567,0.946,Low attention,Scalable,hot,20.3,65.6
1994_37_Argentina,1994,37,Argentina,Qatar,B,final,Nike,loss,0,1486,87.3,148.5,3.08,66.87,178.83,0.688,0.357,11.04,0.476,0.575,0.332,0.421,4.372,0.396,Mid attention,Scalable,clear,26.2,80.7
2018_38_Uruguay,2018,38,Uruguay,France,B,round_16,Samsung,win,3,1542,86.2,160.0,3.94,44.38,91.5,0.428,0.23,7.33,0.424,0.483,0.539,0.409,3.533,0.482,Low attention,Scalable,clear,23.6,71.2
1954_39_Australia,1954,39,Australia,Portugal,B,group,Emirates,win,3,1505,93.1,143.4,5.84,31.61,117.35,0.331,0.218,9.07,0.582,0.797,0.723,0.44,3.477,0.383,Low attention,Scalable,cloudy,17.4,81.4
2018_40_France,2018,40,France,Canada,B,semi_final,Nike,draw,1,1520,89.8,66.0,5.59,40.91,125.16,0.397,0.258,5.5,0.394,0.373,0.537,0.337,3.714,0.675,Low attention,Watchlist,hot,21.9,36.1
1974_41_Morocco,1974,41,Morocco,Japan,B,group,Sony,loss,0,1334,86.7,67.3,6.16,37.27,107.3,0.336,0.242,3.39,0.433,0.526,0.717,0.3,3.334,0.983,Low attention,Watchlist,hot,17.0,26.7
2010_42_Netherlands,2010,42,Netherlands,Qatar,B,group,Coca-Cola,loss,0,1525,91.0,47.9,3.87,32.72,98.77,0.339,0.182,12.96,0.731,0.68,0.64,0.379,3.519,0.272,Low attention,Watchlist,clear,25.2,24.6
1958_43_Uruguay,1958,43,Uruguay,England,B,group,Samsung,loss,0,1542,86.2,160.0,3.94,45.22,168.23,0.515,0.272,7.33,0.424,0.483,0.539,0.34,3.637,0.496,Low attention,Watchlist,rain,21.9,49.8
1998_44_Senegal,1998,44,Senegal,Croatia,B,final,Adidas,loss,0,1511,91.9,152.7,10.6,59.96,107.1,0.56,0.409,15.86,0.559,0.641,0.372,0.446,4.193,0.264,Mid attention,Scalable,rain,24.1,56.2
1986_45_Qatar,1986,45,Qatar,Japan,B,round_16,Qatar Airways,win,3,1589,93.0,185.9,3.32,49.1,174.78,0.528,0.282,6.71,0.428,0.445,0.728,0.448,3.62,0.539,Low attention,Scalable,rain,28.1,95.0
1930_46_Spain,1930,46,Spain,Canada,B,round_16,Emirates,loss,0,1583,88.4,104.5,3.79,47.54,107.72,0.46,0.249,12.91,0.551,0.596,0.308,0.365,3.6,0.279,Low attention,Watchlist,windy,17.7,52.5
1986_47_Japan,1986,47,Japan,England,B,group,Pepsi,loss,0,1508,92.4,147.9,10.25,40.09,52.34,0.389,0.291,13.35,0.59,0.856,0.917,0.381,3.439,0.258,Low attention,Scalable,cloudy,16.7,56.5
2010_48_Belgium,2010,48,Belgium,France,B,group,Nike,loss,0,1252,87.3,100.1,7.7,38.44,136.48,0.355,0.286,10.39,0.567,0.776,0.539,0.365,3.457,0.333,Low attention,Watchlist,clear,18.5,60.5
1942_49_Portugal,1942,49,Portugal,Senegal,B,round_16,Adidas,win,3,1416,86.4,101.0,5.55,47.82,49.16,0.394,0.249,12.32,0.731,0.714,0.893,0.514,3.333,0.271,Low attention,Scalable,clear,28.4,74.4
1958_50_Spain,1958,50,Spain,France,B,group,Emirates,draw,1,1583,88.4,104.5,3.79,39.64,152.01,0.459,0.237,12.91,0.551,0.596,0.308,0.393,3.466,0.268,Low attention,Scalable,rain,25.9,66.3
2006_51_USA,2006,51,USA,Uruguay,B,group,Coca-Cola,loss,0,1462,89.5,45.2,2.34,46.48,107.39,0.443,0.222,8.25,0.558,0.875,0.653,0.354,3.5,0.424,Low attention,Watchlist,hot,32.2,74.7
1934_52_France,1934,52,France,Netherlands,B,group,Nike,loss,0,1520,89.8,66.0,5.59,35.63,168.19,0.422,0.257,5.5,0.394,0.373,0.537,0.308,3.545,0.645,Low attention,Watchlist,cloudy,20.5,92.8
1966_53_USA,1966,53,USA,Germany,B,group,Coca-Cola,win,3,1462,89.5,45.2,2.34,40.42,110.47,0.416,0.197,8.25,0.558,0.875,0.653,0.44,3.345,0.405,Low attention,Scalable,clear,22.0,65.3
1954_54_Belgium,1954,54,Belgium,Senegal,B,group,Nike,loss,0,1252,87.3,100.1,7.7,38.06,83.39,0.316,0.258,10.39,0.567,0.776,0.539,0.348,3.205,0.308,Low attention,Watchlist,rain,34.3,61.1
1938_55_England,1938,55,England,Belgium,B,group,Adidas,win,3,1657,92.1,111.6,17.13,42.48,62.16,0.413,0.414,7.09,0.262,0.339,0.129,0.421,3.204,0.452,Mid attention,Scalable,rain,29.9,84.6
1982_56_Netherlands,1982,56,Netherlands,Argentina,B,final,Coca-Cola,loss,0,1525,91.0,47.9,3.87,74.68,240.41,0.794,0.434,12.96,0.731,0.68,0.64,0.557,4.194,0.324,Mid attention,Scalable,rain,28.6,69.2
1966_57_Ghana,1966,57,Ghana,Spain,B,group,Samsung,draw,1,1646,87.8,81.7,2.89,52.43,382.12,0.745,0.394,8.2,0.527,0.86,0.717,0.496,3.727,0.455,Mid attention,Scalable,cloudy,17.0,51.7
1962_58_France,1962,58,France,Croatia,B,group,Nike,loss,0,1520,89.8,66.0,5.59,38.49,137.96,0.411,0.254,5.5,0.394,0.373,0.537,0.304,3.621,0.658,Low attention,Watchlist,rain,35.2,51.6
1934_59_Australia,1934,59,Australia,South Korea,B,round_16,Emirates,win,3,1505,93.1,143.4,5.84,34.1,129.45,0.36,0.234,9.07,0.582,0.797,0.723,0.452,3.339,0.368,Low attention,Scalable,cloudy,28.8,46.9
1966_60_Morocco,1966,60,Morocco,Belgium,B,final,Sony,loss,0,1334,86.7,67.3,6.16,59.95,143.75,0.566,0.358,3.39,0.433,0.526,0.717,0.385,3.954,1.166,Mid attention,Scalable,clear,15.9,50.0
2002_61_Uruguay,2002,61,Uruguay,USA,B,round_16,Samsung,win,3,1542,86.2,160.0,3.94,40.0,99.62,0.357,0.215,7.33,0.424,0.483,0.539,0.39,3.302,0.45,Low attention,Scalable,hot,26.0,51.6
1958_62_Croatia,1958,62,Croatia,France,B,group,Qatar Airways,win,3,1624,92.9,108.1,12.03,49.66,77.77,0.438,0.373,8.24,0.507,0.515,0.83,0.493,3.501,0.425,Mid attention,Scalable,hot,19.6,69.1
1962_63_Italy,1962,63,Italy,Portugal,B,group,Mastercard,loss,0,1557,87.9,148.1,6.17,52.34,225.31,0.575,0.366,13.6,0.667,0.776,0.732,0.47,3.827,0.281,Mid attention,Scalable,clear,23.9,90.8
1930_64_Ghana,1930,64,Ghana,Australia,B,round_16,Samsung,loss,0,1646,87.8,81.7,2.89,36.53,112.48,0.355,0.19,8.2,0.527,0.86,0.717,0.315,3.653,0.445,Low attention,Watchlist,windy,25.9,75.9
1990_65_Senegal,1990,65,Senegal,Mexico,B,group,Adidas,draw,1,1511,91.9,152.7,10.6,33.33,86.94,0.323,0.285,15.86,0.559,0.641,0.372,0.39,2.97,0.187,Low attention,Scalable,clear,29.4,72.7
1986_66_South_Korea,1986,66,South Korea,Canada,B,group,Sony,loss,0,1417,87.2,148.7,5.3,33.09,94.18,0.294,0.204,1.99,0.342,0.904,0.287,0.247,3.375,1.696,Low attention,Watchlist,hot,10.6,35.3
1930_67_Canada,1930,67,Canada,England,B,group,Nike,draw,1,1538,88.1,105.0,2.03,45.56,167.92,0.492,0.243,4.93,0.451,0.945,0.713,0.368,3.592,0.729,Low attention,Watchlist,hot,20.8,50.2
2018_68_Portugal,2018,68,Portugal,Saudi Arabia,B,round_16,Adidas,win,3,1416,86.4,101.0,5.55,41.07,119.12,0.463,0.255,12.32,0.731,0.714,0.893,0.529,3.974,0.323,Low attention,Scalable,clear,17.8,61.9
2006_69_Netherlands,2006,69,Netherlands,Italy,B,group,Coca-Cola,loss,0,1525,91.0,47.9,3.87,40.84,93.97,0.399,0.215,12.96,0.731,0.68,0.64,0.402,3.44,0.265,Low attention,Scalable,clear,29.7,45.4
1982_70_Mexico,1982,70,Mexico,England,B,round_16,Mastercard,loss,0,1353,87.2,78.0,6.91,54.77,251.99,0.641,0.402,8.52,0.451,0.481,0.718,0.421,3.94,0.462,Mid attention,Scalable,clear,25.7,76.2
1986_71_France,1986,71,France,South Korea,B,group,Nike,draw,1,1520,89.8,66.0,5.59,32.84,80.36,0.366,0.2,5.5,0.394,0.373,0.537,0.309,3.183,0.579,Low attention,Watchlist,clear,25.5,72.5
1990_72_Italy,1990,72,Italy,Nigeria,B,group,Mastercard,win,3,1557,87.9,148.1,6.17,49.97,146.47,0.505,0.317,13.6,0.667,0.776,0.732,0.538,3.809,0.28,Low attention,Scalable,clear,11.4,92.1
1986_73_Belgium,1986,73,Belgium,Australia,B,group,Nike,loss,0,1252,87.3,100.1,7.7,36.07,61.42,0.34,0.238,10.39,0.567,0.776,0.539,0.344,3.587,0.345,Low attention,Watchlist,hot,22.8,76.8
1962_74_Qatar,1962,74,Qatar,Croatia,B,semi_final,Qatar Airways,draw,1,1589,93.0,185.9,3.32,54.71,89.55,0.504,0.263,6.71,0.428,0.445,0.728,0.37,3.988,0.594,Low attention,Watchlist,cloudy,20.6,52.4
2002_75_South_Korea,2002,75,South Korea,Brazil,B,semi_final,Sony,draw,1,1417,87.2,148.7,5.3,46.77,236.71,0.544,0.334,1.99,0.342,0.904,0.287,0.375,3.867,1.943,Mid attention,Watchlist,hot,9.3,73.1
2014_76_Uruguay,2014,76,Uruguay,Australia,B,semi_final,Samsung,win,3,1542,86.2,160.0,3.94,40.11,267.01,0.528,0.3,7.33,0.424,0.483,0.539,0.453,4.065,0.555,Low attention,Scalable,clear,27.1,25.4
2022_77_Brazil,2022,77,Brazil,Japan,B,semi_final,Hyundai,draw,1,1453,85.5,158.5,4.37,39.7,167.38,0.422,0.254,6.91,0.55,0.803,0.863,0.393,3.682,0.533,Low attention,Scalable,clear,32.9,82.7
2006_78_Senegal,2006,78,Senegal,Nigeria,B,quarter_final,Adidas,win,3,1511,91.9,152.7,10.6,54.67,193.6,0.59,0.43,15.86,0.559,0.641,0.372,0.56,4.08,0.257,Mid attention,Scalable,windy,28.4,43.0
1950_79_Croatia,1950,79,Croatia,Ghana,B,group,Qatar Airways,draw,1,1624,92.9,108.1,12.03,28.65,92.47,0.326,0.29,8.24,0.507,0.515,0.83,0.375,3.306,0.401,Low attention,Watchlist,clear,20.2,83.4
1982_80_England,1982,80,England,Spain,B,quarter_final,Adidas,loss,0,1657,92.1,111.6,17.13,40.28,63.19,0.331,0.405,7.09,0.262,0.339,0.129,0.303,3.419,0.482,Mid attention,Watchlist,clear,29.8,47.1
1958_81_England,1958,81,England,USA,B,group,Adidas,win,3,1657,92.1,111.6,17.13,34.99,99.57,0.34,0.401,7.09,0.262,0.339,0.129,0.403,3.156,0.445,Mid attention,Scalable,cloudy,34.8,61.8
2002_82_Nigeria,2002,82,Nigeria,Uruguay,B,round_16,Adidas,draw,1,1409,93.4,118.0,10.18,38.36,146.6,0.417,0.33,3.77,0.464,0.787,0.819,0.392,3.56,0.944,Low attention,Scalable,hot,24.0,78.5
2006_83_Ghana,2006,83,Ghana,USA,B,group,Samsung,win,3,1646,87.8,81.7,2.89,43.74,124.4,0.442,0.227,8.2,0.527,0.86,0.717,0.445,3.261,0.398,Low attention,Scalable,cloudy,17.2,40.8
1958_84_England,1958,84,England,Uruguay,B,round_16,Adidas,draw,1,1657,92.1,111.6,17.13,35.7,117.8,0.407,0.413,7.09,0.262,0.339,0.129,0.352,3.435,0.484,Mid attention,Watchlist,windy,18.2,57.6
1970_85_Senegal,1970,85,Senegal,Mexico,B,quarter_final,Adidas,draw,1,1511,91.9,152.7,10.6,41.53,113.45,0.385,0.333,15.86,0.559,0.641,0.372,0.419,3.247,0.205,Mid attention,Scalable,clear,21.0,60.1
2014_86_Argentina,2014,86,Argentina,Morocco,B,group,Nike,loss,0,1486,87.3,148.5,3.08,38.7,62.49,0.352,0.177,11.04,0.476,0.575,0.332,0.293,3.277,0.297,Low attention,Watchlist,cloudy,26.6,86.2
1958_87_Saudi_Arabia,1958,87,Saudi Arabia,Mexico,B,round_16,Adidas,win,3,1386,84.3,141.2,33.8,31.69,48.79,0.296,0.623,12.09,0.73,0.618,0.841,0.638,3.01,0.249,Mid attention,Premium,clear,11.7,53.7
1978_88_Saudi_Arabia,1978,88,Saudi Arabia,France,B,semi_final,Adidas,win,3,1386,84.3,141.2,33.8,51.27,207.92,0.579,0.788,12.09,0.73,0.618,0.841,0.752,3.938,0.326,High attention,Premium,hot,25.0,65.1
1986_89_Netherlands,1986,89,Netherlands,Argentina,B,semi_final,Coca-Cola,win,3,1525,91.0,47.9,3.87,48.97,188.38,0.466,0.297,12.96,0.731,0.68,0.64,0.545,3.711,0.286,Low attention,Scalable,hot,26.1,56.0
1950_90_Nigeria,1950,90,Nigeria,Japan,B,round_16,Adidas,loss,0,1409,93.4,118.0,10.18,45.89,75.12,0.449,0.326,3.77,0.464,0.787,0.819,0.363,3.507,0.93,Low attention,Watchlist,clear,16.4,61.2
2002_91_England,2002,91,England,South Korea,B,group,Adidas,win,3,1657,92.1,111.6,17.13,52.0,132.87,0.486,0.491,7.09,0.262,0.339,0.129,0.463,3.43,0.484,Mid attention,Scalable,hot,15.8,34.6
1978_92_Japan,1978,92,Japan,Australia,B,round_16,Pepsi,win,3,1508,92.4,147.9,10.25,55.94,240.11,0.608,0.454,13.35,0.59,0.856,0.917,0.582,4.042,0.303,Mid attention,Scalable,clear,28.5,43.0
1982_93_Morocco,1982,93,Morocco,Saudi Arabia,B,group,Sony,draw,1,1334,86.7,67.3,6.16,36.54,72.19,0.339,0.221,3.39,0.433,0.526,0.717,0.326,3.791,1.118,Low attention,Watchlist,cloudy,12.7,60.0
1938_94_Canada,1938,94,Canada,Ghana,B,round_16,Nike,win,3,1538,88.1,105.0,2.03,45.03,249.8,0.57,0.282,4.93,0.451,0.945,0.713,0.463,3.792,0.769,Low attention,Scalable,rain,20.2,45.5
2010_95_Belgium,2010,95,Belgium,USA,B,quarter_final,Nike,draw,1,1252,87.3,100.1,7.7,40.56,143.42,0.424,0.299,10.39,0.567,0.776,0.539,0.416,3.481,0.335,Low attention,Scalable,rain,42.4,68.0
1982_96_Belgium,1982,96,Belgium,Ghana,B,group,Nike,loss,0,1252,87.3,100.1,7.7,39.16,100.53,0.392,0.271,10.39,0.567,0.776,0.539,0.367,3.504,0.337,Low attention,Watchlist,cloudy,24.1,57.0
1966_97_Mexico,1966,97,Mexico,Netherlands,B,semi_final,Mastercard,loss,0,1353,87.2,78.0,6.91,48.9,134.14,0.506,0.317,8.52,0.451,0.481,0.718,0.365,3.946,0.463,Low attention,Watchlist,clear,22.2,68.3
2010_98_France,2010,98,France,Australia,B,group,Nike,loss,0,1520,89.8,66.0,5.59,50.46,133.43,0.459,0.303,5.5,0.394,0.373,0.537,0.332,3.791,0.689,Low attention,Watchlist,clear,25.9,33.2
1942_99_Netherlands,1942,99,Netherlands,Croatia,B,group,Coca-Cola,loss,0,1525,91.0,47.9,3.87,45.69,173.91,0.515,0.276,12.96,0.731,0.68,0.64,0.446,3.713,0.286,Low attention,Scalable,clear,29.9,30.3
1966_100_France,1966,100,France,Morocco,B,group,Nike,win,3,1520,89.8,66.0,5.59,24.16,51.22,0.294,0.148,5.5,0.394,0.373,0.537,0.343,3.092,0.562,Low attention,Watchlist,clear,17.6,75.7
1982_101_Croatia,1982,101,Croatia,France,B,semi_final,Qatar Airways,win,3,1624,92.9,108.1,12.03,48.69,115.91,0.473,0.388,8.24,0.507,0.515,0.83,0.505,3.779,0.459,Mid attention,Scalable,windy,31.7,68.4
1986_102_Morocco,1986,102,Morocco,Australia,B,group,Sony,draw,1,1334,86.7,67.3,6.16,34.5,179.88,0.447,0.266,3.39,0.433,0.526,0.717,0.362,3.682,1.086,Low attention,Watchlist,rain,33.6,62.4
1982_103_Argentina,1982,103,Argentina,Australia,B,round_16,Nike,draw,1,1486,87.3,148.5,3.08,40.38,207.19,0.553,0.257,11.04,0.476,0.575,0.332,0.392,3.84,0.348,Low attention,Scalable,clear,16.4,35.4
1998_104_Qatar,1998,104,Qatar,Australia,B,group,Qatar Airways,loss,0,1589,93.0,185.9,3.32,26.14,58.72,0.259,0.125,6.71,0.428,0.445,0.728,0.239,3.395,0.506,Low attention,Watchlist,hot,8.3,34.2
1990_105_Portugal,1990,105,Portugal,Nigeria,B,group,Adidas,win,3,1416,86.4,101.0,5.55,35.36,94.56,0.363,0.218,12.32,0.731,0.714,0.893,0.497,3.608,0.293,Low attention,Scalable,hot,27.6,60.5
1946_106_Netherlands,1946,106,Netherlands,Morocco,B,group,Coca-Cola,win,3,1525,91.0,47.9,3.87,31.24,69.39,0.288,0.161,12.96,0.731,0.68,0.64,0.462,3.195,0.247,Low attention,Scalable,clear,15.5,75.6
1962_107_Netherlands,1962,107,Netherlands,Australia,B,group,Coca-Cola,draw,1,1525,91.0,47.9,3.87,35.59,129.33,0.385,0.21,12.96,0.731,0.68,0.64,0.431,3.621,0.279,Low attention,Scalable,hot,32.0,58.4
1994_108_England,1994,108,England,Morocco,B,quarter_final,Adidas,draw,1,1657,92.1,111.6,17.13,59.48,138.78,0.617,0.526,7.09,0.262,0.339,0.129,0.433,3.738,0.527,Mid attention,Scalable,clear,36.8,39.6
2018_109_Spain,2018,109,Spain,Germany,B,quarter_final,Emirates,draw,1,1583,88.4,104.5,3.79,52.37,213.3,0.586,0.323,12.91,0.551,0.596,0.308,0.449,3.745,0.29,Low attention,Scalable,clear,14.5,52.4
2002_110_Japan,2002,110,Japan,France,B,group,Pepsi,win,3,1508,92.4,147.9,10.25,48.37,146.56,0.488,0.374,13.35,0.59,0.856,0.917,0.531,3.552,0.266,Mid attention,Scalable,clear,18.7,87.6
1954_111_Netherlands,1954,111,Netherlands,Portugal,B,round_16,Coca-Cola,loss,0,1525,91.0,47.9,3.87,50.2,134.44,0.531,0.275,12.96,0.731,0.68,0.64,0.449,3.838,0.296,Low attention,Scalable,clear,15.8,71.6
1962_112_Nigeria,1962,112,Nigeria,Japan,B,group,Adidas,loss,0,1409,93.4,118.0,10.18,38.05,88.33,0.419,0.299,3.77,0.464,0.787,0.819,0.347,3.326,0.882,Low attention,Watchlist,rain,15.1,57.5
1962_113_England,1962,113,England,Croatia,B,final,Adidas,win,3,1657,92.1,111.6,17.13,67.99,212.94,0.727,0.6,7.09,0.262,0.339,0.129,0.548,4.375,0.617,Mid attention,Scalable,windy,23.6,57.4
1970_114_Croatia,1970,114,Croatia,Belgium,B,final,Qatar Airways,win,3,1624,92.9,108.1,12.03,57.87,190.36,0.661,0.465,8.24,0.507,0.515,0.83,0.568,3.916,0.475,Mid attention,Scalable,rain,23.4,85.8
1986_115_Japan,1986,115,Japan,Australia,B,group,Pepsi,loss,0,1508,92.4,147.9,10.25,39.75,275.66,0.56,0.402,13.35,0.59,0.856,0.917,0.454,3.806,0.285,Mid attention,Scalable,hot,28.5,87.3
1934_116_Belgium,1934,116,Belgium,Canada,B,group,Nike,loss,0,1252,87.3,100.1,7.7,32.51,89.01,0.359,0.236,10.39,0.567,0.776,0.539,0.347,3.39,0.326,Low attention,Watchlist,hot,28.8,93.4
1990_117_Argentina,1990,117,Argentina,Netherlands,B,group,Nike,loss,0,1486,87.3,148.5,3.08,54.68,134.72,0.53,0.282,11.04,0.476,0.575,0.332,0.365,3.752,0.34,Low attention,Watchlist,clear,21.1,60.1
1974_118_Nigeria,1974,118,Nigeria,Belgium,B,semi_final,Adidas,win,3,1409,93.4,118.0,10.18,26.6,75.29,0.243,0.243,3.77,0.464,0.787,0.819,0.394,3.357,0.89,Low attention,Scalable,clear,34.5,65.2
1986_119_England,1986,119,England,Germany,B,semi_final,Adidas,win,3,1657,92.1,111.6,17.13,49.79,219.16,0.561,0.525,7.09,0.262,0.339,0.129,0.489,3.78,0.533,Mid attention,Scalable,rain,28.0,35.9
1930_120_Canada,1930,120,Canada,Portugal,B,group,Nike,win,3,1538,88.1,105.0,2.03,46.13,121.59,0.458,0.222,4.93,0.451,0.945,0.713,0.42,3.64,0.738,Low attention,Scalable,clear,17.8,49.1
1990_121_Germany,1990,121,Germany,Qatar,B,group,Qatar Airways,loss,0,1468,91.0,78.5,8.32,32.32,83.18,0.302,0.242,9.37,0.51,0.68,0.549,0.32,3.519,0.376,Low attention,Watchlist,windy,23.5,49.9
1950_122_Australia,1950,122,Australia,Mexico,B,group,Emirates,win,3,1505,93.1,143.4,5.84,53.17,186.03,0.569,0.345,9.07,0.582,0.797,0.723,0.532,3.312,0.365,Mid attention,Scalable,clear,22.0,58.1
1974_123_Qatar,1974,123,Qatar,Brazil,B,quarter_final,Qatar Airways,win,3,1589,93.0,185.9,3.32,52.02,100.6,0.522,0.257,6.71,0.428,0.445,0.728,0.437,3.659,0.545,Low attention,Scalable,cloudy,18.0,57.8
2006_124_France,2006,124,France,Croatia,B,group,Nike,win,3,1520,89.8,66.0,5.59,45.34,210.07,0.494,0.319,5.5,0.394,0.373,0.537,0.444,3.763,0.684,Low attention,Scalable,rain,17.7,60.8
1934_125_South_Korea,1934,125,South Korea,England,B,group,Sony,win,3,1417,87.2,148.7,5.3,34.51,136.29,0.428,0.231,1.99,0.342,0.904,0.287,0.381,3.492,1.755,Low attention,Scalable,clear,28.1,39.7
1998_126_Uruguay,1998,126,Uruguay,Morocco,B,group,Samsung,loss,0,1542,86.2,160.0,3.94,27.09,106.89,0.28,0.163,7.33,0.424,0.483,0.539,0.257,3.191,0.435,Low attention,Watchlist,rain,25.6,79.9
1942_127_Germany,1942,127,Germany,USA,B,group,Qatar Airways,win,3,1468,91.0,78.5,8.32,39.28,143.4,0.428,0.303,9.37,0.51,0.68,0.549,0.465,3.264,0.348,Low attention,Scalable,clear,28.8,67.8
1978_128_Netherlands,1978,128,Netherlands,Nigeria,B,semi_final,Coca-Cola,win,3,1525,91.0,47.9,3.87,40.32,188.66,0.467,0.26,12.96,0.731,0.68,0.64,0.532,4.009,0.309,Low attention,Scalable,clear,19.6,48.5
1946_129_Senegal,1946,129,Senegal,Morocco,B,group,Adidas,win,3,1511,91.9,152.7,10.6,30.13,121.26,0.329,0.288,15.86,0.559,0.641,0.372,0.459,3.25,0.205,Low attention,Scalable,clear,25.8,50.8
1930_130_Portugal,1930,130,Portugal,Nigeria,B,group,Adidas,win,3,1416,86.4,101.0,5.55,38.3,104.94,0.384,0.236,12.32,0.731,0.714,0.893,0.507,3.632,0.295,Low attention,Scalable,clear,19.7,44.0
1962_131_France,1962,131,France,Mexico,B,group,Nike,draw,1,1520,89.8,66.0,5.59,40.83,88.97,0.379,0.239,5.5,0.394,0.373,0.537,0.327,3.036,0.552,Low attention,Watchlist,hot,26.4,42.2
1942_132_Canada,1942,132,Canada,France,B,group,Nike,win,3,1538,88.1,105.0,2.03,44.31,152.04,0.428,0.23,4.93,0.451,0.945,0.713,0.418,3.514,0.713,Low attention,Scalable,cloudy,30.0,61.2
1954_133_Ghana,1954,133,Ghana,France,B,group,Samsung,loss,0,1646,87.8,81.7,2.89,30.91,56.46,0.268,0.138,8.2,0.527,0.86,0.717,0.28,3.216,0.392,Low attention,Watchlist,clear,18.9,51.6
1974_134_Senegal,1974,134,Senegal,Spain,B,semi_final,Adidas,win,3,1511,91.9,152.7,10.6,38.3,172.88,0.433,0.349,15.86,0.559,0.641,0.372,0.501,3.623,0.228,Mid attention,Scalable,hot,31.2,50.5
1966_135_Mexico,1966,135,Mexico,Germany,B,group,Mastercard,loss,0,1353,87.2,78.0,6.91,37.56,144.36,0.435,0.274,8.52,0.451,0.481,0.718,0.336,3.37,0.396,Low attention,Watchlist,cloudy,20.2,58.7
1930_136_France,1930,136,France,Germany,B,group,Nike,win,3,1520,89.8,66.0,5.59,53.46,84.22,0.515,0.291,5.5,0.394,0.373,0.537,0.437,3.461,0.629,Low attention,Scalable,cloudy,34.0,59.5
1942_137_Germany,1942,137,Germany,Argentina,B,group,Qatar Airways,win,3,1468,91.0,78.5,8.32,28.22,58.2,0.287,0.212,9.37,0.51,0.68,0.549,0.406,3.104,0.331,Low attention,Scalable,cloudy,13.8,49.9
1938_138_Saudi_Arabia,1938,138,Saudi Arabia,Canada,B,group,Adidas,loss,0,1386,84.3,141.2,33.8,43.22,142.14,0.426,0.72,12.09,0.73,0.618,0.841,0.599,3.516,0.291,High attention,Scalable,clear,31.8,42.7
2022_139_Saudi_Arabia,2022,139,Saudi Arabia,Croatia,B,quarter_final,Adidas,win,3,1386,84.3,141.2,33.8,47.45,125.22,0.502,0.73,12.09,0.73,0.618,0.841,0.716,3.868,0.32,High attention,Premium,windy,23.7,32.7
1994_140_Argentina,1994,140,Argentina,Brazil,B,group,Nike,draw,1,1486,87.3,148.5,3.08,37.84,130.53,0.376,0.208,11.04,0.476,0.575,0.332,0.342,3.417,0.31,Low attention,Watchlist,hot,26.3,87.0
1946_141_Morocco,1946,141,Morocco,France,B,round_16,Sony,draw,1,1334,86.7,67.3,6.16,41.53,174.64,0.461,0.294,3.39,0.433,0.526,0.717,0.375,3.621,1.068,Low attention,Watchlist,clear,21.4,23.5
1946_142_Italy,1946,142,Italy,Netherlands,B,group,Mastercard,win,3,1557,87.9,148.1,6.17,35.33,154.53,0.432,0.257,13.6,0.667,0.776,0.732,0.502,3.556,0.261,Low attention,Scalable,cloudy,18.8,76.2
1994_143_Japan,1994,143,Japan,Netherlands,B,round_16,Pepsi,draw,1,1508,92.4,147.9,10.25,50.37,129.67,0.487,0.374,13.35,0.59,0.856,0.917,0.464,3.796,0.284,Mid attention,Scalable,cloudy,28.3,66.0
1986_144_South_Korea,1986,144,South Korea,Argentina,B,group,Sony,loss,0,1417,87.2,148.7,5.3,58.16,149.59,0.59,0.34,1.99,0.342,0.904,0.287,0.351,3.536,1.777,Mid attention,Watchlist,rain,27.4,70.7
2018_145_Canada,2018,145,Canada,Mexico,B,group,Nike,win,3,1538,88.1,105.0,2.03,42.41,72.61,0.391,0.182,4.93,0.451,0.945,0.713,0.393,3.034,0.615,Low attention,Scalable,clear,19.3,78.4
1934_146_Italy,1934,146,Italy,South Korea,B,group,Mastercard,win,3,1557,87.9,148.1,6.17,41.71,123.78,0.429,0.27,13.6,0.667,0.776,0.732,0.507,3.315,0.244,Low attention,Scalable,clear,19.3,53.3
1998_147_Ghana,1998,147,Ghana,France,B,group,Samsung,loss,0,1646,87.8,81.7,2.89,43.91,238.1,0.506,0.285,8.2,0.527,0.86,0.717,0.378,3.582,0.437,Low attention,Watchlist,clear,12.6,51.7
1954_148_Saudi_Arabia,1954,148,Saudi Arabia,Italy,B,round_16,Adidas,loss,0,1386,84.3,141.2,33.8,48.92,110.85,0.453,0.729,12.09,0.73,0.618,0.841,0.607,3.666,0.303,High attention,Scalable,hot,24.5,65.6
1946_149_Canada,1946,149,Canada,Mexico,B,group,Nike,draw,1,1538,88.1,105.0,2.03,37.52,133.62,0.401,0.191,4.93,0.451,0.945,0.713,0.331,3.066,0.622,Low attention,Watchlist,clear,8.2,61.9
2014_150_France,2014,150,France,Uruguay,B,group,Nike,win,3,1520,89.8,66.0,5.59,37.14,90.19,0.33,0.224,5.5,0.394,0.373,0.537,0.379,3.375,0.614,Low attention,Watchlist,clear,13.7,47.5
1942_151_South_Korea,1942,151,South Korea,Qatar,B,semi_final,Sony,loss,0,1417,87.2,148.7,5.3,48.36,144.11,0.541,0.295,1.99,0.342,0.904,0.287,0.326,4.009,2.015,Low attention,Watchlist,clear,19.3,56.7
1938_152_Brazil,1938,152,Brazil,Ghana,B,group,Hyundai,win,3,1453,85.5,158.5,4.37,33.92,93.02,0.318,0.192,6.91,0.55,0.803,0.863,0.417,3.386,0.49,Low attention,Scalable,cloudy,28.1,68.8
2006_153_Belgium,2006,153,Belgium,Saudi Arabia,B,semi_final,Nike,loss,0,1252,87.3,100.1,7.7,47.93,126.65,0.443,0.322,10.39,0.567,0.776,0.539,0.395,4.232,0.407,Low attention,Scalable,rain,15.3,70.8
1958_154_Nigeria,1958,154,Nigeria,Ghana,B,group,Adidas,loss,0,1409,93.4,118.0,10.18,23.46,72.11,0.197,0.228,3.77,0.464,0.787,0.819,0.28,3.268,0.867,Low attention,Watchlist,rain,24.9,51.6
1962_155_Senegal,1962,155,Senegal,Croatia,B,group,Adidas,loss,0,1511,91.9,152.7,10.6,39.22,134.61,0.442,0.334,15.86,0.559,0.641,0.372,0.396,3.626,0.229,Mid attention,Scalable,hot,17.2,95.0
1974_156_Mexico,1974,156,Mexico,Portugal,B,round_16,Mastercard,win,3,1353,87.2,78.0,6.91,40.15,124.92,0.419,0.275,8.52,0.451,0.481,0.718,0.433,3.723,0.437,Low attention,Scalable,cloudy,15.0,67.5
1978_157_Japan,1978,157,Japan,Italy,B,group,Pepsi,draw,1,1508,92.4,147.9,10.25,36.36,90.48,0.387,0.294,13.35,0.59,0.856,0.917,0.415,3.388,0.254,Low attention,Scalable,cloudy,21.7,50.4
2022_158_Argentina,2022,158,Argentina,Senegal,B,group,Nike,win,3,1486,87.3,148.5,3.08,48.19,189.69,0.509,0.282,11.04,0.476,0.575,0.332,0.461,3.371,0.305,Low attention,Scalable,hot,25.7,41.0
1978_159_Australia,1978,159,Australia,Belgium,B,group,Emirates,win,3,1505,93.1,143.4,5.84,48.8,85.36,0.487,0.276,9.07,0.582,0.797,0.723,0.49,3.353,0.37,Low attention,Scalable,cloudy,10.7,83.6
1942_160_Italy,1942,160,Italy,Portugal,B,quarter_final,Mastercard,win,3,1557,87.9,148.1,6.17,30.63,125.63,0.336,0.223,13.6,0.667,0.776,0.732,0.472,3.634,0.267,Low attention,Scalable,hot,32.0,58.3
1958_161_Netherlands,1958,161,Netherlands,Qatar,B,quarter_final,Coca-Cola,win,3,1525,91.0,47.9,3.87,49.57,134.92,0.5,0.273,12.96,0.731,0.68,0.64,0.542,3.9,0.301,Low attention,Scalable,cloudy,22.3,36.2
1986_162_Germany,1986,162,Germany,Uruguay,B,group,Qatar Airways,loss,0,1468,91.0,78.5,8.32,36.53,72.35,0.362,0.255,9.37,0.51,0.68,0.549,0.336,3.341,0.357,Low attention,Watchlist,hot,22.3,81.8
2022_163_Uruguay,2022,163,Uruguay,France,B,round_16,Samsung,win,3,1542,86.2,160.0,3.94,39.67,135.04,0.433,0.231,7.33,0.424,0.483,0.539,0.41,3.542,0.483,Low attention,Scalable,windy,14.2,46.7
1950_164_Belgium,1950,164,Belgium,Morocco,B,group,Nike,loss,0,1252,87.3,100.1,7.7,26.7,138.86,0.322,0.236,10.39,0.567,0.776,0.539,0.341,3.232,0.311,Low attention,Watchlist,clear,21.8,29.5
1962_165_South_Korea,1962,165,South Korea,Croatia,B,group,Sony,draw,1,1417,87.2,148.7,5.3,37.31,155.61,0.448,0.253,1.99,0.342,0.904,0.287,0.326,3.608,1.813,Low attention,Watchlist,windy,26.5,66.5
1950_166_Portugal,1950,166,Portugal,Nigeria,B,quarter_final,Adidas,draw,1,1416,86.4,101.0,5.55,42.3,183.43,0.487,0.292,12.32,0.731,0.714,0.893,0.481,3.94,0.32,Low attention,Scalable,clear,22.1,46.3
1978_167_USA,1978,167,USA,Ghana,B,group,Coca-Cola,loss,0,1462,89.5,45.2,2.34,46.11,103.73,0.442,0.218,8.25,0.558,0.875,0.653,0.352,3.571,0.433,Low attention,Watchlist,hot,22.5,65.4
1970_168_Morocco,1970,168,Morocco,Brazil,B,group,Sony,loss,0,1334,86.7,67.3,6.16,46.54,180.25,0.526,0.319,3.39,0.433,0.526,0.717,0.363,3.582,1.057,Low attention,Watchlist,clear,15.7,66.8
2010_169_Brazil,2010,169,Brazil,Mexico,B,group,Hyundai,loss,0,1453,85.5,158.5,4.37,21.8,82.09,0.247,0.134,6.91,0.55,0.803,0.863,0.283,2.842,0.411,Low attention,Watchlist,clear,25.3,68.0
1962_170_Spain,1962,170,Spain,Uruguay,B,group,Emirates,draw,1,1583,88.4,104.5,3.79,32.71,157.47,0.387,0.21,12.91,0.551,0.596,0.308,0.37,3.403,0.264,Low attention,Watchlist,hot,18.4,48.2
2018_171_USA,2018,171,USA,Netherlands,B,group,Coca-Cola,loss,0,1462,89.5,45.2,2.34,33.81,62.45,0.277,0.144,8.25,0.558,0.875,0.653,0.294,3.427,0.415,Low attention,Watchlist,clear,33.8,75.4
1986_172_Japan,1986,172,Japan,Uruguay,B,group,Pepsi,loss,0,1508,92.4,147.9,10.25,44.26,113.04,0.439,0.339,13.35,0.59,0.856,0.917,0.409,3.445,0.258,Mid attention,Scalable,clear,28.5,44.2
1930_173_Nigeria,1930,173,Nigeria,Croatia,B,group,Adidas,draw,1,1409,93.4,118.0,10.18,33.59,74.06,0.335,0.273,3.77,0.464,0.787,0.819,0.355,3.495,0.927,Low attention,Watchlist,cloudy,22.1,63.9
1998_174_Spain,1998,174,Spain,Saudi Arabia,B,final,Emirates,win,3,1583,88.4,104.5,3.79,72.12,207.23,0.746,0.405,12.91,0.551,0.596,0.308,0.575,4.686,0.363,Mid attention,Scalable,cloudy,29.1,79.4
1982_175_Morocco,1982,175,Morocco,Italy,B,group,Sony,win,3,1334,86.7,67.3,6.16,26.94,73.54,0.236,0.18,3.39,0.433,0.526,0.717,0.358,3.303,0.974,Low attention,Watchlist,windy,35.7,56.4
1970_176_South_Korea,1970,176,South Korea,USA,B,group,Sony,loss,0,1417,87.2,148.7,5.3,46.19,156.74,0.494,0.292,1.99,0.342,0.904,0.287,0.316,3.369,1.693,Low attention,Watchlist,clear,30.0,70.9
2006_177_Italy,2006,177,Italy,Argentina,B,round_16,Mastercard,win,3,1557,87.9,148.1,6.17,49.46,149.09,0.498,0.316,13.6,0.667,0.776,0.732,0.536,3.534,0.26,Low attention,Scalable,cloudy,26.2,55.0
1990_178_Belgium,1990,178,Belgium,Uruguay,B,group,Nike,win,3,1252,87.3,100.1,7.7,38.88,144.64,0.375,0.292,10.39,0.567,0.776,0.539,0.471,3.479,0.335,Low attention,Scalable,clear,14.5,93.5
1970_179_Australia,1970,179,Australia,Ghana,B,group,Emirates,draw,1,1505,93.1,143.4,5.84,37.13,279.67,0.484,0.323,9.07,0.582,0.797,0.723,0.441,3.611,0.398,Low attention,Scalable,rain,25.9,36.2
1974_180_Morocco,1974,180,Morocco,Japan,B,round_16,Sony,loss,0,1334,86.7,67.3,6.16,52.61,102.88,0.479,0.306,3.39,0.433,0.526,0.717,0.35,3.628,1.07,Low attention,Watchlist,windy,19.1,55.0
1978_181_France,1978,181,France,Qatar,B,round_16,Nike,loss,0,1520,89.8,66.0,5.59,46.01,162.96,0.487,0.299,5.5,0.394,0.373,0.537,0.335,3.839,0.698,Low attention,Watchlist,rain,28.2,55.4
1990_182_Croatia,1990,182,Croatia,Argentina,B,group,Qatar Airways,draw,1,1624,92.9,108.1,12.03,45.03,172.63,0.502,0.401,8.24,0.507,0.515,0.83,0.448,3.397,0.412,Mid attention,Scalable,cloudy,27.2,63.1
1954_183_Qatar,1954,183,Qatar,Ghana,B,group,Qatar Airways,loss,0,1589,93.0,185.9,3.32,45.95,373.7,0.657,0.369,6.71,0.428,0.445,0.728,0.404,3.81,0.568,Mid attention,Scalable,rain,25.7,44.8
1990_184_Belgium,1990,184,Belgium,Nigeria,B,group,Nike,loss,0,1252,87.3,100.1,7.7,29.6,236.88,0.38,0.298,10.39,0.567,0.776,0.539,0.375,3.735,0.359,Low attention,Watchlist,cloudy,18.7,27.2
2002_185_Croatia,2002,185,Croatia,USA,B,group,Qatar Airways,win,3,1624,92.9,108.1,12.03,37.32,94.21,0.356,0.328,8.24,0.507,0.515,0.83,0.461,3.157,0.383,Low attention,Scalable,rain,22.8,71.6
1934_186_Brazil,1934,186,Brazil,USA,B,group,Hyundai,win,3,1453,85.5,158.5,4.37,24.22,71.12,0.239,0.139,6.91,0.55,0.803,0.863,0.383,3.014,0.436,Low attention,Scalable,clear,29.3,63.5
1970_187_USA,1970,187,USA,Portugal,B,quarter_final,Coca-Cola,win,3,1462,89.5,45.2,2.34,41.09,88.96,0.365,0.189,8.25,0.558,0.875,0.653,0.427,3.718,0.451,Low attention,Scalable,clear,26.9,67.8
1982_188_Portugal,1982,188,Portugal,Netherlands,B,group,Adidas,draw,1,1416,86.4,101.0,5.55,24.15,64.65,0.222,0.154,12.32,0.731,0.714,0.893,0.381,3.332,0.27,Low attention,Scalable,windy,33.5,90.8
1946_189_Germany,1946,189,Germany,Argentina,B,group,Qatar Airways,win,3,1468,91.0,78.5,8.32,34.69,72.02,0.351,0.247,9.37,0.51,0.68,0.549,0.43,3.207,0.342,Low attention,Scalable,windy,13.7,54.9
2006_190_Canada,2006,190,Canada,Belgium,B,group,Nike,win,3,1538,88.1,105.0,2.03,36.96,107.25,0.401,0.176,4.93,0.451,0.945,0.713,0.392,3.195,0.648,Low attention,Scalable,clear,5.6,43.0
1982_191_Spain,1982,191,Spain,Belgium,B,quarter_final,Emirates,win,3,1583,88.4,104.5,3.79,51.57,139.46,0.5,0.282,12.91,0.551,0.596,0.308,0.485,3.615,0.28,Low attention,Scalable,hot,23.6,61.3
1930_192_Saudi_Arabia,1930,192,Saudi Arabia,Belgium,B,group,Adidas,draw,1,1386,84.3,141.2,33.8,30.78,65.91,0.318,0.628,12.09,0.73,0.618,0.841,0.578,3.125,0.258,Mid attention,Scalable,clear,25.6,62.2
1946_193_Portugal,1946,193,Portugal,Netherlands,B,group,Adidas,draw,1,1416,86.4,101.0,5.55,41.16,119.91,0.417,0.255,12.32,0.731,0.714,0.893,0.454,3.583,0.291,Low attention,Scalable,cloudy,21.8,54.9
1994_194_Argentina,1994,194,Argentina,Japan,B,group,Nike,draw,1,1486,87.3,148.5,3.08,57.09,106.78,0.557,0.279,11.04,0.476,0.575,0.332,0.401,3.538,0.32,Low attention,Scalable,clear,18.3,68.6
2006_195_England,2006,195,England,Spain,B,group,Adidas,draw,1,1657,92.1,111.6,17.13,44.36,73.11,0.382,0.428,7.09,0.262,0.339,0.129,0.354,3.316,0.468,Mid attention,Watchlist,clear,29.0,36.7
1946_196_Germany,1946,196,Germany,Qatar,B,group,Qatar Airways,loss,0,1468,91.0,78.5,8.32,38.98,134.77,0.39,0.297,9.37,0.51,0.68,0.549,0.357,3.636,0.388,Low attention,Watchlist,clear,20.6,36.2
1946_197_Croatia,1946,197,Croatia,Brazil,B,semi_final,Qatar Airways,draw,1,1624,92.9,108.1,12.03,57.0,121.47,0.555,0.426,8.24,0.507,0.515,0.83,0.468,3.839,0.466,Mid attention,Scalable,clear,32.7,44.4
2022_198_Japan,2022,198,Japan,Uruguay,B,group,Pepsi,loss,0,1508,92.4,147.9,10.25,22.37,125.79,0.252,0.251,13.35,0.59,0.856,0.917,0.342,3.222,0.241,Low attention,Watchlist,windy,28.4,29.2
2014_199_Qatar,2014,199,Qatar,USA,B,group,Qatar Airways,loss,0,1589,93.0,185.9,3.32,37.15,77.53,0.318,0.182,6.71,0.428,0.445,0.728,0.272,3.132,0.467,Low attention,Watchlist,clear,41.1,29.3
1954_200_Qatar,1954,200,Qatar,Uruguay,B,group,Qatar Airways,loss,0,1589,93.0,185.9,3.32,24.31,83.85,0.255,0.13,6.71,0.428,0.445,0.728,0.24,3.205,0.478,Low attention,Watchlist,clear,21.8,46.3
1946_201_Canada,1946,201,Canada,USA,B,group,Nike,loss,0,1538,88.1,105.0,2.03,44.22,91.79,0.442,0.199,4.93,0.451,0.945,0.713,0.309,3.253,0.66,Low attention,Watchlist,clear,14.0,32.2
1970_202_Nigeria,1970,202,Nigeria,Australia,B,semi_final,Adidas,win,3,1409,93.4,118.0,10.18,53.11,143.42,0.544,0.392,3.77,0.464,0.787,0.819,0.505,4.077,1.081,Mid attention,Scalable,rain,24.5,84.6
2006_203_France,2006,203,France,Brazil,B,group,Nike,draw,1,1520,89.8,66.0,5.59,46.75,323.49,0.571,0.382,5.5,0.394,0.373,0.537,0.416,3.674,0.668,Mid attention,Scalable,windy,23.6,57.3
1978_204_England,1978,204,England,South Korea,B,group,Adidas,win,3,1657,92.1,111.6,17.13,33.79,162.27,0.418,0.427,7.09,0.262,0.339,0.129,0.426,3.227,0.455,Mid attention,Scalable,hot,19.6,43.1
1946_205_Netherlands,1946,205,Netherlands,Portugal,B,group,Coca-Cola,win,3,1525,91.0,47.9,3.87,29.8,97.2,0.299,0.169,12.96,0.731,0.68,0.64,0.467,3.428,0.265,Low attention,Scalable,rain,16.8,29.9
1998_206_Saudi_Arabia,1998,206,Saudi Arabia,South Korea,B,group,Adidas,win,3,1386,84.3,141.2,33.8,40.26,74.93,0.398,0.674,12.09,0.73,0.618,0.841,0.676,3.282,0.271,High attention,Premium,rain,26.3,53.4
1934_207_Germany,1934,207,Germany,Qatar,B,group,Qatar Airways,win,3,1468,91.0,78.5,8.32,32.5,120.53,0.359,0.262,9.37,0.51,0.68,0.549,0.438,3.546,0.378,Low attention,Scalable,cloudy,16.8,52.5
1994_208_Spain,1994,208,Spain,Italy,B,round_16,Emirates,loss,0,1583,88.4,104.5,3.79,49.87,134.54,0.522,0.273,12.91,0.551,0.596,0.308,0.385,3.698,0.286,Low attention,Scalable,rain,25.9,95.0
1970_209_Japan,1970,209,Japan,Portugal,B,group,Pepsi,win,3,1508,92.4,147.9,10.25,38.66,196.91,0.475,0.357,13.35,0.59,0.856,0.917,0.522,3.674,0.275,Mid attention,Scalable,cloudy,36.1,61.1
1986_210_Canada,1986,210,Canada,Saudi Arabia,B,group,Nike,loss,0,1538,88.1,105.0,2.03,27.36,102.65,0.262,0.132,4.93,0.451,0.945,0.713,0.25,3.696,0.75,Low attention,Watchlist,windy,17.8,40.6
1986_211_Australia,1986,211,Australia,Croatia,B,final,Emirates,draw,1,1505,93.1,143.4,5.84,70.1,165.22,0.666,0.407,9.07,0.582,0.797,0.723,0.506,4.35,0.48,Mid attention,Scalable,cloudy,25.1,95.0
1942_212_Germany,1942,212,Germany,Italy,B,group,Qatar Airways,win,3,1468,91.0,78.5,8.32,31.64,97.09,0.325,0.247,9.37,0.51,0.68,0.549,0.426,3.351,0.358,Low attention,Scalable,clear,22.8,47.8
1978_213_Belgium,1978,213,Belgium,Senegal,B,group,Nike,loss,0,1252,87.3,100.1,7.7,37.08,121.35,0.41,0.272,10.39,0.567,0.776,0.539,0.37,3.234,0.311,Low attention,Watchlist,clear,29.0,68.6
1930_214_Brazil,1930,214,Brazil,Morocco,B,group,Hyundai,draw,1,1453,85.5,158.5,4.37,29.04,82.56,0.295,0.166,6.91,0.55,0.803,0.863,0.337,3.194,0.462,Low attention,Watchlist,clear,23.3,18.1
1966_215_Mexico,1966,215,Mexico,South Korea,B,final,Mastercard,win,3,1353,87.2,78.0,6.91,57.18,176.53,0.581,0.374,8.52,0.451,0.481,0.718,0.5,3.962,0.465,Mid attention,Scalable,windy,20.4,77.9
1994_216_Spain,1994,216,Spain,Australia,B,group,Emirates,draw,1,1583,88.4,104.5,3.79,36.23,71.89,0.364,0.182,12.91,0.551,0.596,0.308,0.355,3.511,0.272,Low attention,Watchlist,clear,39.9,59.1
1950_217_Croatia,1950,217,Croatia,Brazil,B,group,Qatar Airways,draw,1,1624,92.9,108.1,12.03,37.62,99.92,0.391,0.332,8.24,0.507,0.515,0.83,0.402,3.311,0.402,Mid attention,Scalable,clear,25.2,44.0
1934_218_Ghana,1934,218,Ghana,Australia,B,group,Samsung,win,3,1646,87.8,81.7,2.89,44.18,107.25,0.448,0.22,8.2,0.527,0.86,0.717,0.443,3.632,0.443,Low attention,Scalable,rain,19.5,67.8
1934_219_Belgium,1934,219,Belgium,Portugal,B,group,Nike,draw,1,1252,87.3,100.1,7.7,38.15,163.21,0.406,0.298,10.39,0.567,0.776,0.539,0.413,3.648,0.351,Low attention,Scalable,clear,26.5,71.4
1974_220_Germany,1974,220,Germany,Saudi Arabia,B,quarter_final,Qatar Airways,loss,0,1468,91.0,78.5,8.32,46.26,149.13,0.481,0.336,9.37,0.51,0.68,0.549,0.388,4.153,0.443,Mid attention,Scalable,rain,16.6,47.0
1994_221_Brazil,1994,221,Brazil,USA,B,group,Hyundai,draw,1,1453,85.5,158.5,4.37,38.72,233.79,0.478,0.284,6.91,0.55,0.803,0.863,0.414,3.366,0.487,Low attention,Scalable,cloudy,33.9,24.9
1970_222_Belgium,1970,222,Belgium,Portugal,B,group,Nike,win,3,1252,87.3,100.1,7.7,27.15,117.88,0.292,0.228,10.39,0.567,0.776,0.539,0.432,3.474,0.334,Low attention,Scalable,hot,20.1,64.5
2010_223_Argentina,2010,223,Argentina,USA,B,semi_final,Nike,win,3,1486,87.3,148.5,3.08,43.64,156.38,0.475,0.246,11.04,0.476,0.575,0.332,0.441,3.543,0.321,Low attention,Scalable,cloudy,16.0,39.6
1974_224_USA,1974,224,USA,Ghana,B,round_16,Coca-Cola,loss,0,1462,89.5,45.2,2.34,42.4,61.08,0.361,0.181,8.25,0.558,0.875,0.653,0.323,3.564,0.432,Low attention,Watchlist,clear,20.4,65.4
2014_225_Japan,2014,225,Japan,Portugal,B,group,Pepsi,draw,1,1508,92.4,147.9,10.25,36.66,231.41,0.478,0.366,13.35,0.59,0.856,0.917,0.459,3.67,0.275,Mid attention,Scalable,clear,26.8,51.4
2014_226_USA,2014,226,USA,Spain,B,group,Coca-Cola,win,3,1462,89.5,45.2,2.34,40.66,60.89,0.333,0.173,8.25,0.558,0.875,0.653,0.415,3.276,0.397,Low attention,Scalable,rain,9.7,63.7
1954_227_Spain,1954,227,Spain,Morocco,B,group,Emirates,win,3,1583,88.4,104.5,3.79,44.61,127.92,0.446,0.247,12.91,0.551,0.596,0.308,0.461,3.387,0.262,Low attention,Scalable,rain,24.2,63.4
2002_228_Ghana,2002,228,Ghana,Portugal,B,group,Samsung,win,3,1646,87.8,81.7,2.89,50.96,100.86,0.474,0.246,8.2,0.527,0.86,0.717,0.458,3.649,0.445,Low attention,Scalable,cloudy,35.4,67.8
2006_229_Canada,2006,229,Canada,Spain,B,group,Nike,win,3,1538,88.1,105.0,2.03,46.15,213.18,0.558,0.268,4.93,0.451,0.945,0.713,0.456,3.507,0.711,Low attention,Scalable,cloudy,28.9,40.7
1994_230_Brazil,1994,230,Brazil,Portugal,B,group,Hyundai,win,3,1453,85.5,158.5,4.37,36.25,107.89,0.353,0.21,6.91,0.55,0.803,0.863,0.43,3.535,0.512,Low attention,Scalable,rain,16.7,44.5
1998_231_Belgium,1998,231,Belgium,Italy,B,group,Nike,loss,0,1252,87.3,100.1,7.7,38.51,171.08,0.395,0.304,10.39,0.567,0.776,0.539,0.379,3.536,0.34,Low attention,Watchlist,cloudy,18.5,75.7
1998_232_Ghana,1998,232,Ghana,England,B,round_16,Samsung,win,3,1646,87.8,81.7,2.89,44.24,149.83,0.488,0.242,8.2,0.527,0.86,0.717,0.459,3.694,0.45,Low attention,Scalable,cloudy,19.3,49.4
2014_233_Croatia,2014,233,Croatia,France,B,group,Qatar Airways,loss,0,1624,92.9,108.1,12.03,53.07,139.66,0.539,0.419,8.24,0.507,0.515,0.83,0.429,3.576,0.434,Mid attention,Scalable,cloudy,21.3,71.8
1958_234_England,1958,234,England,Senegal,B,quarter_final,Adidas,draw,1,1657,92.1,111.6,17.13,45.65,158.51,0.526,0.476,7.09,0.262,0.339,0.129,0.398,3.459,0.488,Mid attention,Scalable,rain,19.0,45.8
1950_235_South_Korea,1950,235,South Korea,Brazil,B,group,Sony,win,3,1417,87.2,148.7,5.3,39.21,100.86,0.385,0.234,1.99,0.342,0.904,0.287,0.374,3.404,1.711,Low attention,Watchlist,clear,19.4,88.2
2002_236_Canada,2002,236,Canada,Belgium,B,semi_final,Nike,win,3,1538,88.1,105.0,2.03,44.67,135.98,0.51,0.223,4.93,0.451,0.945,0.713,0.43,3.591,0.728,Low attention,Scalable,clear,26.4,15.2
2018_237_Qatar,2018,237,Qatar,Nigeria,B,group,Qatar Airways,loss,0,1589,93.0,185.9,3.32,34.18,60.83,0.298,0.161,6.71,0.428,0.445,0.728,0.26,3.531,0.526,Low attention,Watchlist,clear,45.2,45.1
1982_238_Germany,1982,238,Germany,Senegal,B,group,Qatar Airways,win,3,1468,91.0,78.5,8.32,41.66,178.96,0.427,0.331,9.37,0.51,0.68,0.549,0.476,3.325,0.355,Mid attention,Scalable,hot,36.9,36.5
1958_239_Portugal,1958,239,Portugal,Uruguay,B,group,Adidas,win,3,1416,86.4,101.0,5.55,35.62,87.95,0.304,0.216,12.32,0.731,0.714,0.893,0.485,3.338,0.271,Low attention,Scalable,cloudy,31.9,56.5
1998_240_Germany,1998,240,Germany,Argentina,B,final,Qatar Airways,win,3,1468,91.0,78.5,8.32,61.91,143.02,0.575,0.4,9.37,0.51,0.68,0.549,0.529,3.938,0.42,Mid attention,Scalable,clear,24.6,31.6
1998_241_Croatia,1998,241,Croatia,South Korea,B,group,Qatar Airways,loss,0,1624,92.9,108.1,12.03,40.99,144.05,0.429,0.369,8.24,0.507,0.515,0.83,0.39,3.315,0.402,Mid attention,Scalable,clear,19.8,18.6
2018_242_Argentina,2018,242,Argentina,Portugal,B,group,Nike,draw,1,1486,87.3,148.5,3.08,28.58,81.96,0.335,0.143,11.04,0.476,0.575,0.332,0.31,3.42,0.31,Low attention,Watchlist,cloudy,30.1,18.4
2010_243_Ghana,2010,243,Ghana,Nigeria,B,quarter_final,Samsung,win,3,1646,87.8,81.7,2.89,41.98,71.31,0.408,0.193,8.2,0.527,0.86,0.717,0.426,3.787,0.462,Low attention,Scalable,hot,21.3,52.9
1998_244_France,1998,244,France,Argentina,B,group,Nike,draw,1,1520,89.8,66.0,5.59,29.96,57.77,0.291,0.177,5.5,0.394,0.373,0.537,0.287,3.132,0.569,Low attention,Watchlist,cloudy,24.5,49.6
1930_245_Germany,1930,245,Germany,Italy,B,group,Qatar Airways,win,3,1468,91.0,78.5,8.32,47.27,234.09,0.542,0.383,9.37,0.51,0.68,0.549,0.516,3.648,0.389,Mid attention,Scalable,clear,25.7,57.0
1950_246_Portugal,1950,246,Portugal,South Korea,B,group,Adidas,loss,0,1416,86.4,101.0,5.55,44.15,173.36,0.492,0.295,12.32,0.731,0.714,0.893,0.449,3.428,0.278,Low attention,Scalable,rain,26.6,82.4
1934_247_Senegal,1934,247,Senegal,Morocco,B,group,Adidas,win,3,1511,91.9,152.7,10.6,25.94,93.78,0.276,0.256,15.86,0.559,0.641,0.372,0.437,3.14,0.198,Low attention,Scalable,clear,13.5,57.0
1970_248_Saudi_Arabia,1970,248,Saudi Arabia,Morocco,B,group,Adidas,win,3,1386,84.3,141.2,33.8,24.02,50.48,0.21,0.591,12.09,0.73,0.618,0.841,0.611,3.104,0.257,Mid attention,Scalable,clear,26.3,19.2
1974_249_Portugal,1974,249,Portugal,England,B,round_16,Adidas,loss,0,1416,86.4,101.0,5.55,41.71,297.4,0.553,0.347,12.32,0.731,0.714,0.893,0.48,3.83,0.311,Mid attention,Scalable,rain,14.6,65.3
2022_250_England,2022,250,England,Argentina,B,quarter_final,Adidas,win,3,1657,92.1,111.6,17.13,47.77,142.91,0.516,0.478,7.09,0.262,0.339,0.129,0.463,3.543,0.5,Mid attention,Scalable,clear,19.7,75.8
2006_251_Germany,2006,251,Germany,Morocco,B,quarter_final,Qatar Airways,win,3,1468,91.0,78.5,8.32,55.53,139.23,0.57,0.371,9.37,0.51,0.68,0.549,0.517,3.709,0.396,Mid attention,Scalable,rain,19.3,67.2
1998_252_Morocco,1998,252,Morocco,Qatar,B,round_16,Sony,win,3,1334,86.7,67.3,6.16,46.45,162.08,0.496,0.309,3.39,0.433,0.526,0.717,0.454,3.859,1.138,Low attention,Scalable,rain,19.5,88.5
1966_253_Germany,1966,253,Germany,Spain,B,group,Qatar Airways,loss,0,1468,91.0,78.5,8.32,41.03,103.46,0.374,0.29,9.37,0.51,0.68,0.549,0.351,3.343,0.357,Low attention,Watchlist,rain,20.7,19.3
1998_254_Qatar,1998,254,Qatar,Netherlands,B,group,Qatar Airways,win,3,1589,93.0,185.9,3.32,44.96,127.29,0.432,0.24,6.71,0.428,0.445,0.728,0.415,3.634,0.542,Low attention,Scalable,clear,17.6,68.9
1974_255_Mexico,1974,255,Mexico,USA,B,group,Mastercard,win,3,1353,87.2,78.0,6.91,34.11,97.64,0.341,0.235,8.52,0.451,0.481,0.718,0.404,3.167,0.372,Low attention,Scalable,clear,11.8,39.0
1962_256_Portugal,1962,256,Portugal,Germany,B,group,Adidas,win,3,1416,86.4,101.0,5.55,31.33,55.7,0.329,0.181,12.32,0.731,0.714,0.893,0.477,3.214,0.261,Low attention,Scalable,clear,30.4,63.2
1938_257_Argentina,1938,257,Argentina,Senegal,B,group,Nike,win,3,1486,87.3,148.5,3.08,42.79,156.64,0.486,0.242,11.04,0.476,0.575,0.332,0.441,3.27,0.296,Low attention,Scalable,hot,25.9,24.6
1970_258_France,1970,258,France,Morocco,B,group,Nike,win,3,1520,89.8,66.0,5.59,30.08,168.53,0.393,0.233,5.5,0.394,0.373,0.537,0.393,3.254,0.592,Low attention,Scalable,hot,19.3,45.6
1942_259_Belgium,1942,259,Belgium,Brazil,B,group,Nike,loss,0,1252,87.3,100.1,7.7,38.08,119.24,0.378,0.276,10.39,0.567,0.776,0.539,0.366,3.416,0.329,Low attention,Watchlist,rain,26.2,53.9
1930_260_France,1930,260,France,Croatia,B,group,Nike,win,3,1520,89.8,66.0,5.59,43.28,187.41,0.486,0.299,5.5,0.394,0.373,0.537,0.435,3.744,0.681,Low attention,Scalable,cloudy,35.5,63.6
2002_261_Morocco,2002,261,Morocco,Argentina,B,group,Sony,win,3,1334,86.7,67.3,6.16,32.83,116.16,0.371,0.227,3.39,0.433,0.526,0.717,0.4,3.246,0.958,Low attention,Scalable,cloudy,25.0,81.2
1974_262_Qatar,1974,262,Qatar,Senegal,B,group,Qatar Airways,loss,0,1589,93.0,185.9,3.32,45.44,155.03,0.518,0.256,6.71,0.428,0.445,0.728,0.336,3.313,0.494,Low attention,Watchlist,clear,25.7,52.7
1974_263_Portugal,1974,263,Portugal,England,B,semi_final,Adidas,loss,0,1416,86.4,101.0,5.55,60.33,174.05,0.631,0.365,12.32,0.731,0.714,0.893,0.501,4.053,0.329,Mid attention,Scalable,cloudy,24.3,57.0
1998_264_Senegal,1998,264,Senegal,Portugal,B,group,Adidas,win,3,1511,91.9,152.7,10.6,37.59,201.81,0.502,0.361,15.86,0.559,0.641,0.372,0.517,3.645,0.23,Mid attention,Scalable,hot,21.0,46.0
1990_265_Canada,1990,265,Canada,England,B,round_16,Nike,loss,0,1538,88.1,105.0,2.03,48.63,120.95,0.482,0.233,4.93,0.451,0.945,0.713,0.328,3.709,0.752,Low attention,Watchlist,rain,29.9,91.1
1982_266_Brazil,1982,266,Brazil,England,B,group,Hyundai,win,3,1453,85.5,158.5,4.37,33.37,69.58,0.293,0.178,6.91,0.55,0.803,0.863,0.408,3.382,0.489,Low attention,Scalable,cloudy,26.2,36.4
1950_267_Mexico,1950,267,Mexico,Italy,B,final,Mastercard,loss,0,1353,87.2,78.0,6.91,62.35,172.46,0.608,0.395,8.52,0.451,0.481,0.718,0.413,4.178,0.49,Mid attention,Scalable,clear,23.6,44.2
1938_268_USA,1938,268,USA,Nigeria,B,round_16,Coca-Cola,loss,0,1462,89.5,45.2,2.34,43.48,74.02,0.384,0.192,8.25,0.558,0.875,0.653,0.332,3.777,0.458,Low attention,Watchlist,cloudy,24.5,46.8
2002_269_Ghana,2002,269,Ghana,Portugal,B,group,Samsung,win,3,1646,87.8,81.7,2.89,48.06,139.3,0.509,0.253,8.2,0.527,0.86,0.717,0.467,3.67,0.448,Low attention,Scalable,rain,37.0,43.8
1942_270_South_Korea,1942,270,South Korea,Belgium,B,group,Sony,win,3,1417,87.2,148.7,5.3,35.71,111.13,0.39,0.224,1.99,0.342,0.904,0.287,0.371,3.241,1.629,Low attention,Watchlist,hot,17.4,38.3
1982_271_Belgium,1982,271,Belgium,Germany,B,group,Nike,win,3,1252,87.3,100.1,7.7,23.3,76.8,0.242,0.191,10.39,0.567,0.776,0.539,0.409,3.16,0.304,Low attention,Scalable,cloudy,19.8,77.9
1946_272_Australia,1946,272,Australia,South Korea,B,semi_final,Emirates,loss,0,1505,93.1,143.4,5.84,52.38,172.87,0.549,0.335,9.07,0.582,0.797,0.723,0.424,3.739,0.412,Mid attention,Scalable,rain,29.5,49.2
1974_273_Croatia,1974,273,Croatia,South Korea,B,group,Qatar Airways,loss,0,1624,92.9,108.1,12.03,42.48,104.04,0.429,0.355,8.24,0.507,0.515,0.83,0.385,3.299,0.4,Mid attention,Scalable,clear,20.1,78.0
1986_274_Nigeria,1986,274,Nigeria,Spain,B,quarter_final,Adidas,loss,0,1409,93.4,118.0,10.18,39.53,106.13,0.396,0.314,3.77,0.464,0.787,0.819,0.349,3.512,0.932,Low attention,Watchlist,cloudy,21.5,62.4
1930_275_Portugal,1930,275,Portugal,Japan,B,round_16,Adidas,win,3,1416,86.4,101.0,5.55,60.55,249.25,0.618,0.404,12.32,0.731,0.714,0.893,0.613,3.881,0.315,Mid attention,Scalable,clear,21.3,57.9
1978_276_Morocco,1978,276,Morocco,Belgium,B,group,Sony,draw,1,1334,86.7,67.3,6.16,31.24,64.98,0.296,0.195,3.39,0.433,0.526,0.717,0.308,3.172,0.936,Low attention,Watchlist,clear,25.8,71.6
1966_277_England,1966,277,England,Spain,B,round_16,Adidas,loss,0,1657,92.1,111.6,17.13,62.09,154.08,0.597,0.545,7.09,0.262,0.339,0.129,0.404,3.672,0.518,Mid attention,Scalable,clear,25.2,73.4
1958_278_Uruguay,1958,278,Uruguay,Canada,B,group,Samsung,draw,1,1542,86.2,160.0,3.94,41.78,134.6,0.413,0.24,7.33,0.424,0.483,0.539,0.343,3.473,0.474,Low attention,Watchlist,rain,31.4,31.0
1990_279_Qatar,1990,279,Qatar,Netherlands,B,group,Qatar Airways,loss,0,1589,93.0,185.9,3.32,44.72,118.91,0.428,0.235,6.71,0.428,0.445,0.728,0.312,3.621,0.54,Low attention,Watchlist,hot,14.9,56.7
1998_280_Italy,1998,280,Italy,South Korea,B,group,Mastercard,win,3,1557,87.9,148.1,6.17,28.38,28.7,0.251,0.164,13.6,0.667,0.776,0.732,0.435,3.044,0.224,Low attention,Scalable,clear,37.9,68.4
1950_281_Belgium,1950,281,Belgium,Argentina,B,semi_final,Nike,win,3,1252,87.3,100.1,7.7,47.99,143.46,0.482,0.331,10.39,0.567,0.776,0.539,0.505,3.711,0.357,Mid attention,Scalable,clear,21.0,58.5
1990_282_Belgium,1990,282,Belgium,Spain,B,group,Nike,draw,1,1252,87.3,100.1,7.7,31.55,93.46,0.323,0.235,10.39,0.567,0.776,0.539,0.374,3.25,0.313,Low attention,Watchlist,clear,24.5,51.0
1990_283_Germany,1990,283,Germany,Ghana,B,round_16,Qatar Airways,loss,0,1468,91.0,78.5,8.32,38.06,149.09,0.407,0.3,9.37,0.51,0.68,0.549,0.361,3.615,0.386,Low attention,Watchlist,cloudy,19.3,84.5
1934_284_Italy,1934,284,Italy,USA,B,round_16,Mastercard,loss,0,1557,87.9,148.1,6.17,37.08,86.14,0.317,0.231,13.6,0.667,0.776,0.732,0.372,3.246,0.239,Low attention,Watchlist,clear,16.4,43.4
1978_285_England,1978,285,England,Brazil,B,round_16,Adidas,loss,0,1657,92.1,111.6,17.13,40.63,167.39,0.416,0.459,7.09,0.262,0.339,0.129,0.338,3.529,0.498,Mid attention,Watchlist,clear,16.0,57.2
1982_286_Japan,1982,286,Japan,Argentina,B,round_16,Pepsi,win,3,1508,92.4,147.9,10.25,33.58,83.82,0.328,0.279,13.35,0.59,0.856,0.917,0.466,3.282,0.246,Low attention,Scalable,hot,32.5,31.6
1938_287_Australia,1938,287,Australia,Ghana,B,group,Emirates,loss,0,1505,93.1,143.4,5.84,34.17,106.16,0.357,0.223,9.07,0.582,0.797,0.723,0.347,3.423,0.377,Low attention,Watchlist,clear,17.7,52.0
1962_288_Portugal,1962,288,Portugal,Saudi Arabia,B,group,Adidas,loss,0,1416,86.4,101.0,5.55,31.92,79.34,0.339,0.195,12.32,0.731,0.714,0.893,0.384,3.762,0.305,Low attention,Scalable,clear,28.0,67.4
1954_289_Nigeria,1954,289,Nigeria,South Korea,B,group,Adidas,win,3,1409,93.4,118.0,10.18,36.97,66.46,0.385,0.283,3.77,0.464,0.787,0.819,0.435,3.24,0.859,Low attention,Scalable,cloudy,22.8,79.2
2022_290_Morocco,2022,290,Morocco,Ghana,B,group,Sony,loss,0,1334,86.7,67.3,6.16,46.49,140.92,0.486,0.299,3.39,0.433,0.526,0.717,0.348,3.623,1.069,Low attention,Watchlist,hot,20.9,20.5
1958_291_Netherlands,1958,291,Netherlands,Japan,B,group,Coca-Cola,draw,1,1525,91.0,47.9,3.87,34.9,71.64,0.333,0.178,12.96,0.731,0.68,0.64,0.409,3.268,0.252,Low attention,Scalable,cloudy,18.6,67.0
1950_292_Uruguay,1950,292,Uruguay,Spain,B,group,Samsung,win,3,1542,86.2,160.0,3.94,46.68,85.46,0.43,0.237,7.33,0.424,0.483,0.539,0.412,3.37,0.46,Low attention,Scalable,clear,29.8,61.4
1986_293_Saudi_Arabia,1986,293,Saudi Arabia,England,B,group,Adidas,loss,0,1386,84.3,141.2,33.8,43.43,103.26,0.404,0.701,12.09,0.73,0.618,0.841,0.588,3.545,0.293,High attention,Scalable,clear,36.1,67.7
1994_294_Senegal,1994,294,Senegal,Mexico,B,group,Adidas,loss,0,1511,91.9,152.7,10.6,32.31,157.61,0.373,0.316,15.86,0.559,0.641,0.372,0.377,3.016,0.19,Low attention,Watchlist,cloudy,18.7,55.1
1966_295_England,1966,295,England,Portugal,B,group,Adidas,win,3,1657,92.1,111.6,17.13,38.55,55.05,0.308,0.394,7.09,0.262,0.339,0.129,0.394,3.479,0.491,Mid attention,Scalable,clear,31.9,95.0
2014_296_Morocco,2014,296,Morocco,Australia,B,group,Sony,loss,0,1334,86.7,67.3,6.16,32.17,86.02,0.309,0.209,3.39,0.433,0.526,0.717,0.282,3.553,1.048,Low attention,Watchlist,windy,24.9,50.6
2006_297_Argentina,2006,297,Argentina,Croatia,B,group,Nike,win,3,1486,87.3,148.5,3.08,36.53,85.51,0.343,0.179,11.04,0.476,0.575,0.332,0.392,3.554,0.322,Low attention,Scalable,hot,25.0,68.1
2006_298_Portugal,2006,298,Portugal,Morocco,B,group,Adidas,draw,1,1416,86.4,101.0,5.55,37.19,64.7,0.357,0.211,12.32,0.731,0.714,0.893,0.426,3.236,0.263,Low attention,Scalable,clear,25.9,49.1
2002_299_Uruguay,2002,299,Uruguay,Nigeria,B,group,Samsung,draw,1,1542,86.2,160.0,3.94,34.86,94.31,0.37,0.19,7.33,0.424,0.483,0.539,0.317,3.583,0.489,Low attention,Watchlist,clear,24.3,41.9
1954_300_Saudi_Arabia,1954,300,Saudi Arabia,Mexico,B,group,Adidas,loss,0,1386,84.3,141.2,33.8,37.06,67.93,0.33,0.656,12.09,0.73,0.618,0.841,0.557,3.004,0.248,Mid attention,Scalable,clear,26.1,72.1
1962_301_Senegal,1962,301,Senegal,Australia,B,group,Adidas,win,3,1511,91.9,152.7,10.6,29.91,62.36,0.309,0.258,15.86,0.559,0.641,0.372,0.444,3.461,0.218,Low attention,Scalable,clear,18.6,77.7
1934_302_Australia,1934,302,Australia,Ghana,B,semi_final,Emirates,draw,1,1505,93.1,143.4,5.84,35.06,150.2,0.423,0.249,9.07,0.582,0.797,0.723,0.402,3.704,0.408,Low attention,Scalable,clear,29.7,80.5
1978_303_USA,1978,303,USA,Netherlands,B,group,Coca-Cola,win,3,1462,89.5,45.2,2.34,37.84,183.79,0.423,0.223,8.25,0.558,0.875,0.653,0.45,3.612,0.438,Low attention,Scalable,clear,26.6,25.5
1950_304_France,1950,304,France,Canada,B,round_16,Nike,win,3,1520,89.8,66.0,5.59,49.8,148.69,0.514,0.308,5.5,0.394,0.373,0.537,0.444,3.696,0.672,Low attention,Scalable,clear,31.7,44.8
2022_305_Belgium,2022,305,Belgium,Mexico,B,group,Nike,loss,0,1252,87.3,100.1,7.7,25.24,103.57,0.277,0.212,10.39,0.567,0.776,0.539,0.324,2.926,0.282,Low attention,Watchlist,cloudy,21.9,64.4
1946_306_South_Korea,1946,306,South Korea,Nigeria,B,round_16,Sony,win,3,1417,87.2,148.7,5.3,41.45,167.54,0.488,0.277,1.99,0.342,0.904,0.287,0.409,3.86,1.94,Low attention,Scalable,clear,24.3,65.5
2010_307_Germany,2010,307,Germany,Netherlands,B,group,Qatar Airways,win,3,1468,91.0,78.5,8.32,47.03,157.18,0.472,0.343,9.37,0.51,0.68,0.549,0.489,3.681,0.393,Mid attention,Scalable,windy,18.9,32.1
1958_308_Croatia,1958,308,Croatia,USA,B,group,Qatar Airways,loss,0,1624,92.9,108.1,12.03,55.47,240.02,0.602,0.479,8.24,0.507,0.515,0.83,0.463,3.489,0.423,Mid attention,Scalable,cloudy,16.8,42.2
2018_309_Germany,2018,309,Germany,Brazil,B,group,Qatar Airways,win,3,1468,91.0,78.5,8.32,34.99,138.87,0.401,0.282,9.37,0.51,0.68,0.549,0.453,3.38,0.361,Low attention,Scalable,cloudy,22.7,53.8
1966_310_France,1966,310,France,Morocco,B,group,Nike,draw,1,1520,89.8,66.0,5.59,40.39,101.48,0.405,0.243,5.5,0.394,0.373,0.537,0.333,3.325,0.605,Low attention,Watchlist,cloudy,14.0,52.1
1982_311_Morocco,1982,311,Morocco,France,B,group,Sony,win,3,1334,86.7,67.3,6.16,35.89,124.62,0.383,0.245,3.39,0.433,0.526,0.717,0.409,3.408,1.005,Low attention,Scalable,cloudy,14.4,48.3
2022_312_Netherlands,2022,312,Netherlands,Japan,B,group,Coca-Cola,draw,1,1525,91.0,47.9,3.87,35.1,80.81,0.369,0.183,12.96,0.731,0.68,0.64,0.418,3.263,0.252,Low attention,Scalable,cloudy,12.2,60.0
1990_313_Japan,1990,313,Japan,Australia,B,quarter_final,Pepsi,win,3,1508,92.4,147.9,10.25,55.68,134.44,0.562,0.399,13.35,0.59,0.856,0.917,0.554,4.012,0.301,Mid attention,Scalable,windy,17.9,46.3
2022_314_Qatar,2022,314,Qatar,Spain,B,group,Qatar Airways,draw,1,1589,93.0,185.9,3.32,35.69,138.25,0.346,0.206,6.71,0.428,0.445,0.728,0.319,3.312,0.494,Low attention,Watchlist,hot,16.3,76.3
2018_315_Senegal,2018,315,Senegal,Nigeria,B,final,Adidas,loss,0,1511,91.9,152.7,10.6,77.61,226.73,0.822,0.546,15.86,0.559,0.641,0.372,0.545,4.596,0.29,Mid attention,Scalable,clear,11.8,46.0
1962_316_Argentina,1962,316,Argentina,Japan,B,group,Nike,loss,0,1486,87.3,148.5,3.08,42.23,151.72,0.453,0.237,11.04,0.476,0.575,0.332,0.334,3.426,0.31,Low attention,Watchlist,clear,24.8,39.2
1934_317_Canada,1934,317,Canada,Argentina,B,group,Nike,win,3,1538,88.1,105.0,2.03,34.16,67.71,0.321,0.144,4.93,0.451,0.945,0.713,0.366,3.183,0.646,Low attention,Watchlist,windy,25.8,49.4
1942_318_Japan,1942,318,Japan,Netherlands,B,round_16,Pepsi,loss,0,1508,92.4,147.9,10.25,37.14,134.68,0.409,0.32,13.35,0.59,0.856,0.917,0.396,3.647,0.273,Low attention,Scalable,hot,29.2,48.1
2010_319_Netherlands,2010,319,Netherlands,Morocco,B,quarter_final,Coca-Cola,draw,1,1525,91.0,47.9,3.87,50.36,173.26,0.486,0.295,12.96,0.731,0.68,0.64,0.482,3.666,0.283,Low attention,Scalable,clear,33.5,65.1
1966_320_Mexico,1966,320,Mexico,Nigeria,B,round_16,Mastercard,win,3,1353,87.2,78.0,6.91,31.32,69.1,0.292,0.209,8.52,0.451,0.481,0.718,0.385,3.658,0.429,Low attention,Scalable,rain,38.3,46.7
2010_321_Saudi_Arabia,2010,321,Saudi Arabia,Germany,B,semi_final,Adidas,draw,1,1386,84.3,141.2,33.8,49.33,136.71,0.518,0.744,12.09,0.73,0.618,0.841,0.657,3.757,0.311,High attention,Premium,windy,31.4,60.5
1986_322_Brazil,1986,322,Brazil,USA,B,round_16,Hyundai,win,3,1453,85.5,158.5,4.37,56.69,110.29,0.571,0.299,6.91,0.55,0.803,0.863,0.504,3.503,0.507,Low attention,Scalable,rain,29.5,35.4
1954_323_Brazil,1954,323,Brazil,England,B,group,Hyundai,loss,0,1453,85.5,158.5,4.37,43.37,168.85,0.451,0.271,6.91,0.55,0.803,0.863,0.371,3.596,0.52,Low attention,Watchlist,cloudy,23.3,30.9
1986_324_Croatia,1986,324,Croatia,Netherlands,B,group,Qatar Airways,loss,0,1624,92.9,108.1,12.03,35.61,213.56,0.403,0.381,8.24,0.507,0.515,0.83,0.39,3.603,0.437,Mid attention,Scalable,cloudy,24.9,49.5
1978_325_Uruguay,1978,325,Uruguay,Germany,B,group,Samsung,loss,0,1542,86.2,160.0,3.94,40.81,145.03,0.414,0.241,7.33,0.424,0.483,0.539,0.311,3.355,0.458,Low attention,Watchlist,cloudy,18.6,74.7
1942_326_Qatar,1942,326,Qatar,Belgium,B,group,Qatar Airways,win,3,1589,93.0,185.9,3.32,30.43,68.87,0.296,0.148,6.71,0.428,0.445,0.728,0.355,3.136,0.467,Low attention,Watchlist,windy,28.3,65.2
1990_327_Germany,1990,327,Germany,Canada,B,group,Qatar Airways,draw,1,1468,91.0,78.5,8.32,35.91,128.15,0.418,0.281,9.37,0.51,0.68,0.549,0.388,3.409,0.364,Low attention,Scalable,clear,29.0,40.3
2002_328_Germany,2002,328,Germany,Brazil,B,quarter_final,Qatar Airways,win,3,1468,91.0,78.5,8.32,31.29,70.05,0.311,0.231,9.37,0.51,0.68,0.549,0.417,3.428,0.366,Low attention,Scalable,cloudy,28.9,30.5
1934_329_Senegal,1934,329,Senegal,Argentina,B,round_16,Adidas,win,3,1511,91.9,152.7,10.6,49.87,220.35,0.574,0.423,15.86,0.559,0.641,0.372,0.554,3.568,0.225,Mid attention,Scalable,clear,26.8,63.5
1990_330_France,1990,330,France,Argentina,B,round_16,Nike,win,3,1520,89.8,66.0,5.59,47.49,94.19,0.454,0.27,5.5,0.394,0.373,0.537,0.419,3.44,0.625,Low attention,Scalable,clear,9.9,56.6
2002_331_Canada,2002,331,Canada,Spain,B,group,Nike,draw,1,1538,88.1,105.0,2.03,46.76,137.66,0.459,0.233,4.93,0.451,0.945,0.713,0.358,3.433,0.696,Low attention,Watchlist,clear,24.0,73.6
1954_332_Ghana,1954,332,Ghana,Australia,B,group,Samsung,win,3,1646,87.8,81.7,2.89,38.0,114.36,0.399,0.197,8.2,0.527,0.86,0.717,0.426,3.614,0.441,Low attention,Scalable,hot,38.0,48.1
2014_333_Qatar,2014,333,Qatar,Netherlands,B,group,Qatar Airways,loss,0,1589,93.0,185.9,3.32,40.24,171.1,0.473,0.242,6.71,0.428,0.445,0.728,0.323,3.594,0.536,Low attention,Watchlist,clear,23.9,52.3
1942_334_USA,1942,334,USA,Belgium,B,group,Coca-Cola,draw,1,1462,89.5,45.2,2.34,41.73,219.82,0.471,0.258,8.25,0.558,0.875,0.653,0.406,3.415,0.414,Low attention,Scalable,clear,22.2,41.2
1990_335_Belgium,1990,335,Belgium,Portugal,B,group,Nike,loss,0,1252,87.3,100.1,7.7,37.37,100.64,0.387,0.263,10.39,0.567,0.776,0.539,0.363,3.56,0.343,Low attention,Watchlist,hot,32.2,26.3
2010_336_Croatia,2010,336,Croatia,Netherlands,B,round_16,Qatar Airways,win,3,1624,92.9,108.1,12.03,37.14,175.06,0.431,0.368,8.24,0.507,0.515,0.83,0.49,3.667,0.445,Mid attention,Scalable,cloudy,16.4,67.1
1930_337_Mexico,1930,337,Mexico,USA,B,final,Mastercard,draw,1,1353,87.2,78.0,6.91,67.93,191.74,0.68,0.428,8.52,0.451,0.481,0.718,0.472,4.034,0.473,Mid attention,Scalable,clear,15.5,75.0
1954_338_Australia,1954,338,Australia,Senegal,B,group,Emirates,loss,0,1505,93.1,143.4,5.84,45.28,194.33,0.564,0.315,9.07,0.582,0.797,0.723,0.419,3.357,0.37,Low attention,Scalable,windy,13.4,63.7
1986_339_South_Korea,1986,339,South Korea,Australia,B,group,Sony,loss,0,1417,87.2,148.7,5.3,40.22,181.43,0.459,0.278,1.99,0.342,0.904,0.287,0.305,3.739,1.879,Low attention,Watchlist,clear,14.7,71.1
1986_340_England,1986,340,England,South Korea,B,round_16,Adidas,win,3,1657,92.1,111.6,17.13,45.71,167.65,0.472,0.481,7.09,0.262,0.339,0.129,0.457,3.467,0.489,Mid attention,Scalable,cloudy,36.3,39.5
1982_341_Qatar,1982,341,Qatar,Italy,B,group,Qatar Airways,draw,1,1589,93.0,185.9,3.32,39.06,155.64,0.406,0.229,6.71,0.428,0.445,0.728,0.339,3.471,0.517,Low attention,Watchlist,clear,23.0,40.4
1978_342_Senegal,1978,342,Senegal,Belgium,B,group,Adidas,win,3,1511,91.9,152.7,10.6,37.76,141.69,0.401,0.331,15.86,0.559,0.641,0.372,0.488,3.296,0.208,Mid attention,Scalable,cloudy,25.9,38.9
1986_343_Belgium,1986,343,Belgium,Brazil,B,group,Nike,draw,1,1252,87.3,100.1,7.7,43.49,92.53,0.438,0.286,10.39,0.567,0.776,0.539,0.414,3.442,0.331,Low attention,Scalable,clear,29.6,92.4
1954_344_USA,1954,344,USA,Netherlands,B,group,Coca-Cola,draw,1,1462,89.5,45.2,2.34,40.27,101.81,0.386,0.192,8.25,0.558,0.875,0.653,0.365,3.548,0.43,Low attention,Watchlist,clear,28.1,71.0
1942_345_Brazil,1942,345,Brazil,Australia,B,round_16,Hyundai,win,3,1453,85.5,158.5,4.37,41.78,126.05,0.401,0.243,6.91,0.55,0.803,0.863,0.452,3.765,0.545,Low attention,Scalable,rain,25.2,65.7
1954_346_Japan,1954,346,Japan,Saudi Arabia,B,group,Pepsi,loss,0,1508,92.4,147.9,10.25,36.93,138.83,0.435,0.321,13.35,0.59,0.856,0.917,0.401,3.857,0.289,Low attention,Scalable,clear,29.7,40.2
1994_347_Saudi_Arabia,1994,347,Saudi Arabia,Australia,B,group,Adidas,draw,1,1386,84.3,141.2,33.8,37.88,112.09,0.383,0.682,12.09,0.73,0.618,0.841,0.61,3.617,0.299,High attention,Scalable,rain,23.7,45.1
1986_348_Uruguay,1986,348,Uruguay,Australia,B,quarter_final,Samsung,win,3,1542,86.2,160.0,3.94,50.66,99.85,0.452,0.261,7.33,0.424,0.483,0.539,0.425,3.907,0.533,Low attention,Scalable,clear,24.9,64.7
1954_349_Nigeria,1954,349,Nigeria,Croatia,B,quarter_final,Adidas,loss,0,1409,93.4,118.0,10.18,39.46,111.58,0.418,0.317,3.77,0.464,0.787,0.819,0.353,3.787,1.005,Low attention,Watchlist,clear,22.9,68.1
1938_350_Portugal,1938,350,Portugal,Australia,B,group,Adidas,win,3,1416,86.4,101.0,5.55,48.19,173.0,0.576,0.312,12.32,0.731,0.714,0.893,0.571,3.81,0.309,Low attention,Scalable,clear,27.1,34.2
1934_351_France,1934,351,France,Australia,B,round_16,Nike,draw,1,1520,89.8,66.0,5.59,43.97,152.22,0.43,0.284,5.5,0.394,0.373,0.537,0.353,3.821,0.695,Low attention,Watchlist,rain,28.3,78.2
1958_352_Senegal,1958,352,Senegal,Qatar,B,group,Adidas,win,3,1511,91.9,152.7,10.6,50.01,197.63,0.524,0.412,15.86,0.559,0.641,0.372,0.541,3.813,0.24,Mid attention,Scalable,clear,20.1,60.8
1994_353_Senegal,1994,353,Senegal,Australia,B,semi_final,Adidas,loss,0,1511,91.9,152.7,10.6,48.99,162.84,0.526,0.39,15.86,0.559,0.641,0.372,0.433,4.026,0.254,Mid attention,Scalable,rain,26.2,54.6
2002_354_Italy,2002,354,Italy,Germany,B,group,Mastercard,win,3,1557,87.9,148.1,6.17,37.76,133.7,0.374,0.257,13.6,0.667,0.776,0.732,0.492,3.321,0.244,Low attention,Scalable,hot,22.5,59.8
1978_355_Brazil,1978,355,Brazil,Argentina,B,semi_final,Hyundai,win,3,1453,85.5,158.5,4.37,42.35,308.96,0.57,0.337,6.91,0.55,0.803,0.863,0.518,3.777,0.547,Mid attention,Scalable,clear,23.3,58.6
1950_356_Germany,1950,356,Germany,Nigeria,B,group,Qatar Airways,win,3,1468,91.0,78.5,8.32,8.0,6.18,0.089,0.099,9.37,0.51,0.68,0.549,0.327,3.198,0.341,Low attention,Watchlist,clear,37.4,22.1
2006_357_Germany,2006,357,Germany,Ghana,B,group,Qatar Airways,loss,0,1468,91.0,78.5,8.32,42.26,234.2,0.53,0.361,9.37,0.51,0.68,0.549,0.406,3.655,0.39,Mid attention,Scalable,clear,21.1,24.5
2010_358_Qatar,2010,358,Qatar,Spain,B,quarter_final,Qatar Airways,win,3,1589,93.0,185.9,3.32,48.89,121.23,0.492,0.254,6.71,0.428,0.445,0.728,0.431,3.581,0.534,Low attention,Scalable,hot,14.0,72.0
1962_359_Germany,1962,359,Germany,Spain,B,round_16,Qatar Airways,draw,1,1468,91.0,78.5,8.32,49.42,143.58,0.51,0.347,9.37,0.51,0.68,0.549,0.43,3.574,0.381,Mid attention,Scalable,cloudy,22.1,63.2
1998_360_Japan,1998,360,Japan,Mexico,B,round_16,Pepsi,win,3,1508,92.4,147.9,10.25,46.62,78.72,0.433,0.332,13.35,0.59,0.856,0.917,0.505,3.2,0.24,Mid attention,Scalable,rain,21.9,52.1
1974_361_Japan,1974,361,Japan,Mexico,B,group,Pepsi,draw,1,1508,92.4,147.9,10.25,33.26,161.44,0.369,0.316,13.35,0.59,0.856,0.917,0.421,3.035,0.227,Low attention,Scalable,clear,17.0,26.8
1974_362_Italy,1974,362,Italy,Germany,B,group,Mastercard,win,3,1557,87.9,148.1,6.17,48.44,117.46,0.492,0.295,13.6,0.667,0.776,0.732,0.528,3.426,0.252,Low attention,Scalable,cloudy,39.4,62.5
2014_363_Canada,2014,363,Canada,Australia,B,group,Nike,draw,1,1538,88.1,105.0,2.03,31.68,72.01,0.315,0.135,4.93,0.451,0.945,0.713,0.295,3.491,0.708,Low attention,Watchlist,hot,31.1,65.8
2014_364_England,2014,364,England,Morocco,B,quarter_final,Adidas,win,3,1657,92.1,111.6,17.13,44.18,139.98,0.46,0.461,7.09,0.262,0.339,0.129,0.447,3.538,0.499,Mid attention,Scalable,cloudy,20.8,76.7
1970_365_Mexico,1970,365,Mexico,Qatar,B,group,Mastercard,draw,1,1353,87.2,78.0,6.91,33.33,161.76,0.418,0.264,8.52,0.451,0.481,0.718,0.362,3.618,0.425,Low attention,Watchlist,clear,14.7,19.2
1986_366_Japan,1986,366,Japan,USA,B,group,Pepsi,loss,0,1508,92.4,147.9,10.25,25.08,94.71,0.302,0.247,13.35,0.59,0.856,0.917,0.349,3.069,0.23,Low attention,Watchlist,clear,29.4,78.4
1950_367_Italy,1950,367,Italy,England,B,semi_final,Mastercard,loss,0,1557,87.9,148.1,6.17,48.3,106.92,0.477,0.289,13.6,0.667,0.776,0.732,0.423,3.824,0.281,Low attention,Scalable,windy,26.3,78.1
1958_368_Mexico,1958,368,Mexico,Italy,B,group,Mastercard,loss,0,1353,87.2,78.0,6.91,53.53,168.44,0.569,0.355,8.52,0.451,0.481,0.718,0.39,3.716,0.436,Mid attention,Scalable,clear,19.8,92.7
2002_369_Ghana,2002,369,Ghana,Saudi Arabia,B,semi_final,Samsung,win,3,1646,87.8,81.7,2.89,50.58,158.28,0.523,0.273,8.2,0.527,0.86,0.717,0.477,4.281,0.522,Low attention,Scalable,cloudy,31.8,95.0
1990_370_USA,1990,370,USA,Portugal,B,quarter_final,Coca-Cola,win,3,1462,89.5,45.2,2.34,35.88,78.34,0.335,0.161,8.25,0.558,0.875,0.653,0.411,3.64,0.441,Low attention,Scalable,clear,23.6,89.8
1974_371_Mexico,1974,371,Mexico,Germany,B,quarter_final,Mastercard,loss,0,1353,87.2,78.0,6.91,51.19,117.22,0.474,0.319,8.52,0.451,0.481,0.718,0.36,3.656,0.429,Low attention,Watchlist,cloudy,26.7,95.0
1982_372_South_Korea,1982,372,South Korea,Croatia,B,quarter_final,Sony,draw,1,1417,87.2,148.7,5.3,44.44,93.71,0.418,0.252,1.99,0.342,0.904,0.287,0.321,3.805,1.912,Low attention,Watchlist,clear,17.3,55.3
1978_373_Ghana,1978,373,Ghana,Uruguay,B,group,Samsung,draw,1,1646,87.8,81.7,2.89,37.93,99.66,0.386,0.189,8.2,0.527,0.86,0.717,0.354,3.362,0.41,Low attention,Watchlist,clear,22.1,65.9
1958_374_Netherlands,1958,374,Netherlands,Australia,B,group,Coca-Cola,loss,0,1525,91.0,47.9,3.87,45.21,146.1,0.533,0.26,12.96,0.731,0.68,0.64,0.443,3.723,0.287,Low attention,Scalable,cloudy,21.3,48.3
1958_375_Uruguay,1958,375,Uruguay,Croatia,B,group,Samsung,win,3,1542,86.2,160.0,3.94,35.1,105.02,0.361,0.197,7.33,0.424,0.483,0.539,0.384,3.517,0.48,Low attention,Scalable,rain,14.0,47.5
1942_376_Portugal,1942,376,Portugal,Mexico,B,group,Adidas,draw,1,1416,86.4,101.0,5.55,38.52,69.56,0.361,0.219,12.32,0.731,0.714,0.893,0.43,3.03,0.246,Low attention,Scalable,clear,31.1,77.3
1994_377_Italy,1994,377,Italy,Qatar,B,group,Mastercard,draw,1,1557,87.9,148.1,6.17,49.4,126.01,0.519,0.304,13.6,0.667,0.776,0.732,0.469,3.72,0.274,Low attention,Scalable,clear,32.4,39.3
1982_378_Germany,1982,378,Germany,Mexico,B,group,Qatar Airways,win,3,1468,91.0,78.5,8.32,38.54,116.7,0.446,0.286,9.37,0.51,0.68,0.549,0.462,3.072,0.328,Low attention,Scalable,clear,25.2,95.0
1978_379_France,1978,379,France,Nigeria,B,group,Nike,win,3,1520,89.8,66.0,5.59,45.04,177.95,0.522,0.302,5.5,0.394,0.373,0.537,0.443,3.786,0.688,Low attention,Scalable,hot,21.5,57.1
1938_380_Australia,1938,380,Australia,Ghana,B,group,Emirates,loss,0,1505,93.1,143.4,5.84,46.07,128.28,0.506,0.285,9.07,0.582,0.797,0.723,0.398,3.589,0.396,Low attention,Scalable,hot,38.0,79.4
1946_381_Portugal,1946,381,Portugal,Nigeria,B,group,Adidas,loss,0,1416,86.4,101.0,5.55,33.08,101.22,0.339,0.211,12.32,0.731,0.714,0.893,0.39,3.606,0.293,Low attention,Scalable,clear,24.9,88.9
1998_382_Germany,1998,382,Germany,Croatia,B,quarter_final,Qatar Airways,loss,0,1468,91.0,78.5,8.32,51.4,162.04,0.53,0.364,9.37,0.51,0.68,0.549,0.407,3.96,0.423,Mid attention,Scalable,hot,27.7,63.7
2014_383_Croatia,2014,383,Croatia,Portugal,B,group,Qatar Airways,win,3,1624,92.9,108.1,12.03,30.17,111.47,0.297,0.306,8.24,0.507,0.515,0.83,0.442,3.444,0.418,Low attention,Scalable,hot,17.3,56.1
1970_384_Argentina,1970,384,Argentina,Senegal,B,quarter_final,Nike,draw,1,1486,87.3,148.5,3.08,34.87,129.72,0.351,0.194,11.04,0.476,0.575,0.332,0.332,3.347,0.303,Low attention,Watchlist,clear,16.1,71.8
1990_385_Brazil,1990,385,Brazil,Qatar,B,quarter_final,Hyundai,loss,0,1453,85.5,158.5,4.37,33.87,45.92,0.327,0.168,6.91,0.55,0.803,0.863,0.31,3.647,0.528,Low attention,Watchlist,cloudy,17.8,76.9
1946_386_Qatar,1946,386,Qatar,Nigeria,B,group,Qatar Airways,win,3,1589,93.0,185.9,3.32,38.88,101.21,0.367,0.201,6.71,0.428,0.445,0.728,0.388,3.616,0.539,Low attention,Scalable,hot,29.5,31.9
2014_387_England,2014,387,England,Qatar,B,group,Adidas,win,3,1657,92.1,111.6,17.13,36.1,115.36,0.375,0.414,7.09,0.262,0.339,0.129,0.414,3.542,0.5,Mid attention,Scalable,clear,24.8,85.5
1974_388_Uruguay,1974,388,Uruguay,Morocco,B,quarter_final,Samsung,draw,1,1542,86.2,160.0,3.94,40.26,117.79,0.379,0.225,7.33,0.424,0.483,0.539,0.331,3.522,0.48,Low attention,Watchlist,clear,18.7,85.0
2018_389_Mexico,2018,389,Mexico,Argentina,B,group,Mastercard,win,3,1353,87.2,78.0,6.91,36.85,99.19,0.359,0.248,8.52,0.451,0.481,0.718,0.412,3.277,0.385,Low attention,Scalable,clear,9.1,74.6
1942_390_Belgium,1942,390,Belgium,Morocco,B,group,Nike,draw,1,1252,87.3,100.1,7.7,33.37,121.31,0.359,0.256,10.39,0.567,0.776,0.539,0.388,3.292,0.317,Low attention,Scalable,rain,30.0,68.9
1954_391_Morocco,1954,391,Morocco,Spain,B,group,Sony,loss,0,1334,86.7,67.3,6.16,41.69,179.34,0.488,0.297,3.39,0.433,0.526,0.717,0.348,3.451,1.018,Low attention,Watchlist,rain,24.3,42.4
2018_392_Spain,2018,392,Spain,Netherlands,B,semi_final,Emirates,draw,1,1583,88.4,104.5,3.79,46.59,111.74,0.472,0.247,12.91,0.551,0.596,0.308,0.399,3.837,0.297,Low attention,Scalable,clear,14.6,67.0
2002_393_England,2002,393,England,Croatia,B,round_16,Adidas,draw,1,1657,92.1,111.6,17.13,52.94,119.9,0.507,0.488,7.09,0.262,0.339,0.129,0.399,3.795,0.535,Mid attention,Scalable,rain,19.5,52.5
1938_394_Argentina,1938,394,Argentina,Morocco,B,group,Nike,draw,1,1486,87.3,148.5,3.08,40.74,115.78,0.413,0.213,11.04,0.476,0.575,0.332,0.35,3.355,0.304,Low attention,Watchlist,clear,30.1,48.4
1974_395_Ghana,1974,395,Ghana,Japan,B,group,Samsung,draw,1,1646,87.8,81.7,2.89,44.82,112.22,0.431,0.225,8.2,0.527,0.86,0.717,0.376,3.404,0.415,Low attention,Watchlist,clear,16.6,53.8
1942_396_Saudi_Arabia,1942,396,Saudi Arabia,Mexico,B,round_16,Adidas,win,3,1386,84.3,141.2,33.8,53.58,114.9,0.523,0.751,12.09,0.73,0.618,0.841,0.728,3.347,0.277,High attention,Premium,clear,28.5,70.9
1966_397_Belgium,1966,397,Belgium,Canada,B,group,Nike,loss,0,1252,87.3,100.1,7.7,16.7,37.76,0.215,0.143,10.39,0.567,0.776,0.539,0.286,3.138,0.302,Low attention,Watchlist,cloudy,17.7,94.9
2022_398_Senegal,2022,398,Senegal,Italy,B,group,Adidas,loss,0,1511,91.9,152.7,10.6,44.46,85.06,0.437,0.332,15.86,0.559,0.641,0.372,0.395,3.458,0.218,Mid attention,Scalable,rain,36.7,45.7
1970_399_Spain,1970,399,Spain,Argentina,B,group,Emirates,win,3,1583,88.4,104.5,3.79,46.02,254.42,0.559,0.316,12.91,0.551,0.596,0.308,0.508,3.49,0.27,Low attention,Scalable,cloudy,21.7,45.2
1958_400_USA,1958,400,USA,Australia,B,round_16,Coca-Cola,loss,0,1462,89.5,45.2,2.34,43.59,217.69,0.509,0.265,8.25,0.558,0.875,0.653,0.382,3.864,0.468,Low attention,Scalable,cloudy,25.0,45.4
1946_401_Germany,1946,401,Germany,Brazil,B,group,Qatar Airways,loss,0,1468,91.0,78.5,8.32,43.43,154.92,0.459,0.326,9.37,0.51,0.68,0.549,0.38,3.483,0.372,Low attention,Watchlist,clear,22.0,31.9
1946_402_Nigeria,1946,402,Nigeria,Belgium,B,round_16,Adidas,draw,1,1409,93.4,118.0,10.18,47.16,68.3,0.394,0.328,3.77,0.464,0.787,0.819,0.387,3.428,0.909,Low attention,Scalable,windy,29.2,57.6
1962_403_Mexico,1962,403,Mexico,Australia,B,semi_final,Mastercard,win,3,1353,87.2,78.0,6.91,43.57,63.64,0.42,0.259,8.52,0.451,0.481,0.718,0.427,3.902,0.458,Low attention,Scalable,clear,20.8,48.7
2006_404_Spain,2006,404,Spain,Qatar,B,group,Emirates,win,3,1583,88.4,104.5,3.79,32.32,85.77,0.32,0.172,12.91,0.551,0.596,0.308,0.41,3.463,0.268,Low attention,Scalable,rain,36.3,95.0
1958_405_Argentina,1958,405,Argentina,Saudi Arabia,B,group,Nike,draw,1,1486,87.3,148.5,3.08,32.74,96.08,0.375,0.168,11.04,0.476,0.575,0.332,0.327,3.77,0.341,Low attention,Watchlist,clear,27.8,70.1
1998_406_Saudi_Arabia,1998,406,Saudi Arabia,Portugal,B,group,Adidas,win,3,1386,84.3,141.2,33.8,47.01,96.6,0.455,0.714,12.09,0.73,0.618,0.841,0.701,3.643,0.301,High attention,Premium,cloudy,18.6,58.6
2010_407_Uruguay,2010,407,Uruguay,Portugal,B,group,Samsung,win,3,1542,86.2,160.0,3.94,27.21,76.98,0.284,0.148,7.33,0.424,0.483,0.539,0.352,3.375,0.46,Low attention,Watchlist,clear,24.5,88.9
2022_408_Belgium,2022,408,Belgium,Canada,B,group,Nike,draw,1,1252,87.3,100.1,7.7,31.66,67.36,0.303,0.222,10.39,0.567,0.776,0.539,0.365,3.34,0.321,Low attention,Watchlist,cloudy,29.9,68.0
1970_409_France,1970,409,France,Canada,B,group,Nike,win,3,1520,89.8,66.0,5.59,37.52,161.41,0.422,0.261,5.5,0.394,0.373,0.537,0.409,3.456,0.628,Low attention,Scalable,cloudy,12.6,83.4
1966_410_France,1966,410,France,Mexico,B,semi_final,Nike,win,3,1520,89.8,66.0,5.59,45.56,187.8,0.525,0.309,5.5,0.394,0.373,0.537,0.446,3.468,0.631,Low attention,Scalable,clear,22.0,57.8
1978_411_Germany,1978,411,Germany,Morocco,B,round_16,Qatar Airways,loss,0,1468,91.0,78.5,8.32,43.2,124.16,0.433,0.31,9.37,0.51,0.68,0.549,0.369,3.459,0.369,Low attention,Watchlist,clear,23.8,74.1
1982_412_Japan,1982,412,Japan,Senegal,B,group,Pepsi,win,3,1508,92.4,147.9,10.25,36.62,163.72,0.414,0.332,13.35,0.59,0.856,0.917,0.501,3.226,0.242,Mid attention,Scalable,clear,14.8,39.3
1938_413_Brazil,1938,413,Brazil,Argentina,B,group,Hyundai,win,3,1453,85.5,158.5,4.37,31.11,120.19,0.33,0.194,6.91,0.55,0.803,0.863,0.42,3.207,0.464,Low attention,Scalable,rain,36.7,62.3
1974_414_Mexico,1974,414,Mexico,Canada,B,group,Mastercard,loss,0,1353,87.2,78.0,6.91,36.45,97.83,0.34,0.245,8.52,0.451,0.481,0.718,0.308,3.409,0.4,Low attention,Watchlist,rain,17.1,47.9
1954_415_Brazil,1954,415,Brazil,Canada,B,group,Hyundai,draw,1,1453,85.5,158.5,4.37,37.31,331.93,0.545,0.327,6.91,0.55,0.803,0.863,0.443,3.657,0.529,Low attention,Scalable,hot,26.6,21.5
1990_416_France,1990,416,France,Uruguay,B,group,Nike,win,3,1520,89.8,66.0,5.59,23.84,79.05,0.266,0.161,5.5,0.394,0.373,0.537,0.343,3.209,0.583,Low attention,Watchlist,clear,42.0,69.2
1950_417_South_Korea,1950,417,South Korea,Mexico,B,round_16,Sony,loss,0,1417,87.2,148.7,5.3,38.72,60.42,0.392,0.211,1.99,0.342,0.904,0.287,0.267,3.097,1.556,Low attention,Watchlist,rain,24.7,47.9
1938_418_Saudi_Arabia,1938,418,Saudi Arabia,Morocco,B,round_16,Adidas,win,3,1386,84.3,141.2,33.8,36.78,62.71,0.337,0.652,12.09,0.73,0.618,0.841,0.657,3.343,0.277,Mid attention,Premium,clear,16.4,75.8
1986_419_Ghana,1986,419,Ghana,Canada,B,group,Samsung,win,3,1646,87.8,81.7,2.89,44.73,265.74,0.588,0.302,8.2,0.527,0.86,0.717,0.5,3.624,0.442,Low attention,Scalable,clear,24.5,67.9
1994_420_Nigeria,1994,420,Nigeria,France,B,quarter_final,Adidas,win,3,1409,93.4,118.0,10.18,43.17,124.28,0.442,0.339,3.77,0.464,0.787,0.819,0.466,3.655,0.969,Mid attention,Scalable,windy,20.5,63.0
1990_421_Netherlands,1990,421,Netherlands,South Korea,B,group,Coca-Cola,loss,0,1525,91.0,47.9,3.87,35.39,66.0,0.292,0.177,12.96,0.731,0.68,0.64,0.369,3.179,0.245,Low attention,Watchlist,hot,12.7,25.0
1954_422_Mexico,1954,422,Mexico,USA,B,round_16,Mastercard,loss,0,1353,87.2,78.0,6.91,36.33,109.48,0.403,0.251,8.52,0.451,0.481,0.718,0.321,3.289,0.386,Low attention,Watchlist,clear,26.5,53.8
1946_423_Germany,1946,423,Germany,Argentina,B,round_16,Qatar Airways,loss,0,1468,91.0,78.5,8.32,43.99,192.56,0.517,0.348,9.37,0.51,0.68,0.549,0.399,3.533,0.377,Mid attention,Scalable,clear,29.1,78.6
1942_424_Qatar,1942,424,Qatar,Spain,B,group,Qatar Airways,loss,0,1589,93.0,185.9,3.32,38.15,142.63,0.455,0.219,6.71,0.428,0.445,0.728,0.31,3.322,0.495,Low attention,Watchlist,cloudy,17.0,41.0
1974_425_Qatar,1974,425,Qatar,France,B,group,Qatar Airways,win,3,1589,93.0,185.9,3.32,27.22,59.78,0.282,0.13,6.71,0.428,0.445,0.728,0.345,3.176,0.473,Low attention,Watchlist,hot,26.3,57.0
1934_426_Brazil,1934,426,Brazil,Mexico,B,group,Hyundai,loss,0,1453,85.5,158.5,4.37,24.55,84.41,0.25,0.147,6.91,0.55,0.803,0.863,0.288,2.885,0.418,Low attention,Watchlist,hot,27.0,56.7
1986_427_Australia,1986,427,Australia,South Korea,B,group,Emirates,loss,0,1505,93.1,143.4,5.84,29.63,54.89,0.298,0.178,9.07,0.582,0.797,0.723,0.319,3.126,0.345,Low attention,Watchlist,cloudy,31.6,40.8
2002_428_Netherlands,2002,428,Netherlands,Australia,B,group,Coca-Cola,draw,1,1525,91.0,47.9,3.87,33.91,58.24,0.359,0.167,12.96,0.731,0.68,0.64,0.41,3.507,0.271,Low attention,Scalable,windy,24.5,40.0
2018_429_Japan,2018,429,Japan,USA,B,group,Pepsi,loss,0,1508,92.4,147.9,10.25,37.3,188.49,0.457,0.347,13.35,0.59,0.856,0.917,0.415,3.298,0.247,Mid attention,Scalable,clear,5.3,61.7
1966_430_Netherlands,1966,430,Netherlands,Belgium,B,final,Coca-Cola,draw,1,1525,91.0,47.9,3.87,58.82,199.07,0.598,0.345,12.96,0.731,0.68,0.64,0.521,3.966,0.306,Mid attention,Scalable,clear,25.4,54.4
1966_431_Saudi_Arabia,1966,431,Saudi Arabia,Germany,B,group,Adidas,loss,0,1386,84.3,141.2,33.8,40.07,219.91,0.491,0.746,12.09,0.73,0.618,0.841,0.62,3.477,0.288,High attention,Premium,cloudy,32.7,56.4
1946_432_Qatar,1946,432,Qatar,Nigeria,B,group,Qatar Airways,loss,0,1589,93.0,185.9,3.32,40.18,126.28,0.41,0.219,6.71,0.428,0.445,0.728,0.303,3.675,0.548,Low attention,Watchlist,cloudy,26.3,57.6
1946_433_Senegal,1946,433,Senegal,Australia,B,group,Adidas,win,3,1511,91.9,152.7,10.6,36.31,114.79,0.397,0.311,15.86,0.559,0.641,0.372,0.48,3.625,0.229,Low attention,Scalable,rain,24.5,35.8
1974_434_Qatar,1974,434,Qatar,France,B,quarter_final,Qatar Airways,loss,0,1589,93.0,185.9,3.32,40.61,100.83,0.361,0.208,6.71,0.428,0.445,0.728,0.289,3.55,0.529,Low attention,Watchlist,clear,17.9,57.1
1958_435_Qatar,1958,435,Qatar,Argentina,B,group,Qatar Airways,win,3,1589,93.0,185.9,3.32,43.76,100.44,0.413,0.222,6.71,0.428,0.445,0.728,0.404,3.311,0.493,Low attention,Scalable,cloudy,23.5,57.5
1982_436_Ghana,1982,436,Ghana,Portugal,B,group,Samsung,loss,0,1646,87.8,81.7,2.89,25.12,116.93,0.291,0.143,8.2,0.527,0.86,0.717,0.286,3.407,0.415,Low attention,Watchlist,cloudy,30.1,66.1
2014_437_Saudi_Arabia,2014,437,Saudi Arabia,Argentina,B,group,Adidas,draw,1,1386,84.3,141.2,33.8,32.17,75.98,0.319,0.639,12.09,0.73,0.618,0.841,0.582,3.165,0.262,Mid attention,Scalable,clear,19.5,65.2
1986_438_Germany,1986,438,Germany,South Korea,B,group,Qatar Airways,loss,0,1468,91.0,78.5,8.32,30.09,131.56,0.352,0.257,9.37,0.51,0.68,0.549,0.334,3.231,0.345,Low attention,Watchlist,cloudy,25.5,77.2
2002_439_Spain,2002,439,Spain,Brazil,B,quarter_final,Emirates,loss,0,1583,88.4,104.5,3.79,55.44,288.66,0.605,0.374,12.91,0.551,0.596,0.308,0.438,3.907,0.303,Mid attention,Scalable,clear,22.0,52.5
1974_440_Qatar,1974,440,Qatar,Brazil,B,group,Qatar Airways,loss,0,1589,93.0,185.9,3.32,36.4,93.97,0.326,0.187,6.71,0.428,0.445,0.728,0.275,3.32,0.495,Low attention,Watchlist,hot,28.5,70.2
1934_441_Argentina,1934,441,Argentina,Japan,B,quarter_final,Nike,win,3,1486,87.3,148.5,3.08,45.95,141.19,0.449,0.248,11.04,0.476,0.575,0.332,0.437,3.627,0.329,Low attention,Scalable,clear,22.2,55.7
1958_442_Croatia,1958,442,Croatia,Argentina,B,group,Qatar Airways,win,3,1624,92.9,108.1,12.03,27.47,124.28,0.327,0.301,8.24,0.507,0.515,0.83,0.446,3.153,0.383,Low attention,Scalable,rain,20.8,80.7
1986_443_Qatar,1986,443,Qatar,Germany,B,group,Qatar Airways,draw,1,1589,93.0,185.9,3.32,49.27,79.94,0.427,0.235,6.71,0.428,0.445,0.728,0.345,3.395,0.506,Low attention,Watchlist,clear,20.8,56.6
1962_444_France,1962,444,France,Japan,B,group,Nike,loss,0,1520,89.8,66.0,5.59,41.33,99.0,0.403,0.246,5.5,0.394,0.373,0.537,0.3,3.365,0.612,Low attention,Watchlist,clear,21.4,73.2
1958_445_Australia,1958,445,Australia,Portugal,B,group,Emirates,win,3,1505,93.1,143.4,5.84,33.15,135.65,0.364,0.233,9.07,0.582,0.797,0.723,0.452,3.516,0.388,Low attention,Scalable,cloudy,23.0,39.9
1954_446_Croatia,1954,446,Croatia,Argentina,B,group,Qatar Airways,win,3,1624,92.9,108.1,12.03,38.63,79.48,0.369,0.326,8.24,0.507,0.515,0.83,0.463,3.197,0.388,Low attention,Scalable,clear,28.4,46.7
1954_447_Uruguay,1954,447,Uruguay,Brazil,B,group,Samsung,draw,1,1542,86.2,160.0,3.94,45.65,318.83,0.592,0.349,7.33,0.424,0.483,0.539,0.417,3.68,0.502,Mid attention,Scalable,clear,23.0,38.4
1934_448_South_Korea,1934,448,South Korea,Morocco,B,round_16,Sony,win,3,1417,87.2,148.7,5.3,38.52,72.5,0.348,0.216,1.99,0.342,0.904,0.287,0.361,3.388,1.703,Low attention,Watchlist,rain,26.4,51.6
2010_449_Argentina,2010,449,Argentina,Uruguay,B,round_16,Nike,win,3,1486,87.3,148.5,3.08,51.33,125.3,0.518,0.263,11.04,0.476,0.575,0.332,0.455,3.632,0.329,Low attention,Scalable,clear,22.3,47.8
1998_450_Italy,1998,450,Italy,Croatia,B,round_16,Mastercard,loss,0,1557,87.9,148.1,6.17,54.45,264.68,0.623,0.395,13.6,0.667,0.776,0.732,0.489,4.0,0.294,Mid attention,Scalable,clear,18.1,38.3
1962_451_Mexico,1962,451,Mexico,Nigeria,B,quarter_final,Mastercard,win,3,1353,87.2,78.0,6.91,59.54,154.5,0.527,0.373,8.52,0.451,0.481,0.718,0.49,4.104,0.482,Mid attention,Scalable,clear,23.3,45.1
1954_452_England,1954,452,England,Brazil,B,final,Adidas,win,3,1657,92.1,111.6,17.13,57.36,404.07,0.724,0.65,7.09,0.262,0.339,0.129,0.566,4.271,0.602,Mid attention,Scalable,clear,37.9,46.4
1934_453_Croatia,1934,453,Croatia,USA,B,semi_final,Qatar Airways,draw,1,1624,92.9,108.1,12.03,37.6,77.23,0.351,0.321,8.24,0.507,0.515,0.83,0.391,3.377,0.41,Low attention,Scalable,clear,22.1,27.0
1986_454_Spain,1986,454,Spain,England,B,group,Emirates,loss,0,1583,88.4,104.5,3.79,45.97,123.23,0.449,0.25,12.91,0.551,0.596,0.308,0.363,3.57,0.277,Low attention,Watchlist,clear,16.4,52.8
1994_455_Senegal,1994,455,Senegal,Mexico,B,group,Adidas,draw,1,1511,91.9,152.7,10.6,28.84,146.48,0.343,0.295,15.86,0.559,0.641,0.372,0.397,2.985,0.188,Low attention,Scalable,rain,20.6,51.8
2022_456_Canada,2022,456,Canada,Brazil,B,group,Nike,win,3,1538,88.1,105.0,2.03,29.84,152.4,0.345,0.168,4.93,0.451,0.945,0.713,0.379,3.311,0.672,Low attention,Watchlist,cloudy,25.7,23.6
1974_457_Netherlands,1974,457,Netherlands,Senegal,B,group,Coca-Cola,loss,0,1525,91.0,47.9,3.87,46.31,134.32,0.467,0.258,12.96,0.731,0.68,0.64,0.431,3.272,0.252,Low attention,Scalable,clear,36.8,26.9
1998_458_Morocco,1998,458,Morocco,Australia,B,group,Sony,win,3,1334,86.7,67.3,6.16,42.64,97.56,0.401,0.26,3.39,0.433,0.526,0.717,0.418,3.689,1.088,Low attention,Scalable,cloudy,17.0,33.4
1970_459_Brazil,1970,459,Brazil,Nigeria,B,semi_final,Hyundai,win,3,1453,85.5,158.5,4.37,41.78,119.35,0.441,0.239,6.91,0.55,0.803,0.863,0.457,3.947,0.571,Low attention,Scalable,cloudy,23.9,51.4
1982_460_Netherlands,1982,460,Netherlands,England,B,group,Coca-Cola,loss,0,1525,91.0,47.9,3.87,32.27,87.26,0.367,0.174,12.96,0.731,0.68,0.64,0.381,3.401,0.262,Low attention,Scalable,rain,34.8,73.9
1934_461_Argentina,1934,461,Argentina,Morocco,B,group,Nike,win,3,1486,87.3,148.5,3.08,25.51,50.93,0.257,0.114,11.04,0.476,0.575,0.332,0.352,3.098,0.281,Low attention,Watchlist,rain,38.5,58.5
2018_462_Senegal,2018,462,Senegal,Morocco,B,semi_final,Adidas,win,3,1511,91.9,152.7,10.6,51.76,105.61,0.493,0.373,15.86,0.559,0.641,0.372,0.521,3.667,0.231,Mid attention,Scalable,clear,15.9,85.6
1942_463_England,1942,463,England,Uruguay,B,group,Adidas,win,3,1657,92.1,111.6,17.13,38.36,102.0,0.394,0.417,7.09,0.262,0.339,0.129,0.418,3.361,0.474,Mid attention,Scalable,cloudy,18.9,59.2
1998_464_Nigeria,1998,464,Nigeria,Canada,B,group,Adidas,draw,1,1409,93.4,118.0,10.18,36.34,83.71,0.37,0.289,3.77,0.464,0.787,0.819,0.368,3.372,0.894,Low attention,Watchlist,rain,28.7,49.9
1934_465_Qatar,1934,465,Qatar,USA,B,round_16,Qatar Airways,win,3,1589,93.0,185.9,3.32,39.24,123.55,0.414,0.214,6.71,0.428,0.445,0.728,0.401,3.308,0.493,Low attention,Scalable,clear,24.3,48.3
2002_466_Portugal,2002,466,Portugal,Australia,B,quarter_final,Adidas,win,3,1416,86.4,101.0,5.55,46.73,86.64,0.468,0.263,12.32,0.731,0.714,0.893,0.533,3.864,0.314,Low attention,Scalable,hot,10.1,15.0
1946_467_Argentina,1946,467,Argentina,Mexico,B,group,Nike,loss,0,1486,87.3,148.5,3.08,35.69,199.48,0.446,0.233,11.04,0.476,0.575,0.332,0.331,3.113,0.282,Low attention,Watchlist,clear,20.4,82.9
1998_468_Saudi_Arabia,1998,468,Saudi Arabia,England,B,group,Adidas,loss,0,1386,84.3,141.2,33.8,20.01,54.09,0.131,0.576,12.09,0.73,0.618,0.841,0.491,3.228,0.267,Mid attention,Scalable,clear,32.9,80.1
1954_469_USA,1954,469,USA,Brazil,B,group,Coca-Cola,loss,0,1462,89.5,45.2,2.34,29.68,56.66,0.322,0.124,8.25,0.558,0.875,0.653,0.295,3.201,0.388,Low attention,Watchlist,cloudy,39.7,66.6
2006_470_Portugal,2006,470,Portugal,Morocco,B,semi_final,Adidas,loss,0,1416,86.4,101.0,5.55,43.28,121.18,0.404,0.265,12.32,0.731,0.714,0.893,0.422,3.672,0.298,Low attention,Scalable,clear,31.6,56.1
1974_471_Senegal,1974,471,Senegal,Portugal,B,group,Adidas,draw,1,1511,91.9,152.7,10.6,36.91,97.14,0.373,0.305,15.86,0.559,0.641,0.372,0.406,3.539,0.223,Low attention,Scalable,cloudy,12.1,53.8
1970_472_Germany,1970,472,Germany,Australia,B,group,Qatar Airways,win,3,1468,91.0,78.5,8.32,30.24,67.46,0.286,0.226,9.37,0.51,0.68,0.549,0.411,3.513,0.375,Low attention,Scalable,rain,14.3,74.9
1986_473_Croatia,1986,473,Croatia,Portugal,B,quarter_final,Qatar Airways,loss,0,1624,92.9,108.1,12.03,39.13,153.36,0.462,0.365,8.24,0.507,0.515,0.83,0.395,3.759,0.456,Mid attention,Scalable,hot,18.9,66.4
2014_474_Qatar,2014,474,Qatar,Spain,B,round_16,Qatar Airways,loss,0,1589,93.0,185.9,3.32,44.43,122.85,0.465,0.236,6.71,0.428,0.445,0.728,0.319,3.462,0.516,Low attention,Watchlist,hot,39.0,28.7
2014_475_South_Korea,2014,475,South Korea,Argentina,B,group,Sony,loss,0,1417,87.2,148.7,5.3,35.14,97.41,0.381,0.214,1.99,0.342,0.904,0.287,0.266,3.235,1.626,Low attention,Watchlist,clear,23.8,40.4
1962_476_Qatar,1962,476,Qatar,Brazil,B,group,Qatar Airways,loss,0,1589,93.0,185.9,3.32,39.96,112.22,0.44,0.211,6.71,0.428,0.445,0.728,0.305,3.392,0.506,Low attention,Watchlist,hot,20.9,44.9
1986_477_Belgium,1986,477,Belgium,Uruguay,B,group,Nike,loss,0,1252,87.3,100.1,7.7,35.86,140.91,0.423,0.277,10.39,0.567,0.776,0.539,0.374,3.441,0.331,Low attention,Watchlist,windy,37.7,71.7
2006_478_Australia,2006,478,Australia,Belgium,B,group,Emirates,win,3,1505,93.1,143.4,5.84,34.07,44.88,0.3,0.192,9.07,0.582,0.797,0.723,0.425,3.139,0.346,Low attention,Scalable,clear,28.3,45.0
1954_479_Morocco,1954,479,Morocco,Saudi Arabia,B,group,Sony,win,3,1334,86.7,67.3,6.16,43.91,217.22,0.486,0.326,3.39,0.433,0.526,0.717,0.459,4.075,1.202,Low attention,Scalable,rain,40.8,77.6
1958_480_England,1958,480,England,USA,B,round_16,Adidas,win,3,1657,92.1,111.6,17.13,51.51,132.33,0.559,0.489,7.09,0.262,0.339,0.129,0.475,3.448,0.486,Mid attention,Scalable,clear,12.9,87.0
2022_481_USA,2022,481,USA,Uruguay,B,group,Coca-Cola,win,3,1462,89.5,45.2,2.34,33.42,101.61,0.317,0.162,8.25,0.558,0.875,0.653,0.408,3.328,0.403,Low attention,Scalable,clear,20.3,64.1
1954_482_Germany,1954,482,Germany,Mexico,B,round_16,Qatar Airways,loss,0,1468,91.0,78.5,8.32,46.61,107.28,0.419,0.316,9.37,0.51,0.68,0.549,0.369,3.237,0.345,Low attention,Watchlist,clear,17.8,45.1
1966_483_South_Korea,1966,483,South Korea,Uruguay,B,group,Sony,loss,0,1417,87.2,148.7,5.3,27.2,64.83,0.254,0.164,1.99,0.342,0.904,0.287,0.224,3.239,1.628,Low attention,Watchlist,clear,21.2,50.9
1934_484_Croatia,1934,484,Croatia,Italy,B,semi_final,Qatar Airways,win,3,1624,92.9,108.1,12.03,57.22,270.07,0.646,0.502,8.24,0.507,0.515,0.83,0.58,4.032,0.489,Mid attention,Scalable,windy,29.4,58.8
2022_485_Japan,2022,485,Japan,Croatia,B,group,Pepsi,draw,1,1508,92.4,147.9,10.25,40.53,91.38,0.384,0.312,13.35,0.59,0.856,0.917,0.422,3.586,0.269,Low attention,Scalable,hot,20.8,36.2
2014_486_Canada,2014,486,Canada,South Korea,B,group,Nike,loss,0,1538,88.1,105.0,2.03,51.45,170.12,0.53,0.27,4.93,0.451,0.945,0.713,0.351,3.479,0.706,Low attention,Watchlist,clear,25.0,68.3
1950_487_Netherlands,1950,487,Netherlands,Australia,B,final,Coca-Cola,loss,0,1525,91.0,47.9,3.87,70.76,214.57,0.683,0.404,12.96,0.731,0.68,0.64,0.525,4.486,0.346,Mid attention,Scalable,clear,42.3,47.7
2006_488_Uruguay,2006,488,Uruguay,Italy,B,group,Samsung,win,3,1542,86.2,160.0,3.94,42.56,138.25,0.468,0.245,7.33,0.424,0.483,0.539,0.422,3.515,0.48,Low attention,Scalable,clear,8.9,56.5
2022_489_Japan,2022,489,Japan,USA,B,group,Pepsi,win,3,1508,92.4,147.9,10.25,41.68,180.12,0.462,0.362,13.35,0.59,0.856,0.917,0.521,3.342,0.25,Mid attention,Scalable,rain,17.6,64.1
2002_490_Italy,2002,490,Italy,Australia,B,group,Mastercard,loss,0,1557,87.9,148.1,6.17,44.79,111.13,0.442,0.276,13.6,0.667,0.776,0.732,0.411,3.698,0.272,Low attention,Scalable,hot,16.7,27.7
1962_491_Argentina,1962,491,Argentina,Canada,B,round_16,Nike,loss,0,1486,87.3,148.5,3.08,49.02,137.96,0.526,0.259,11.04,0.476,0.575,0.332,0.355,3.651,0.331,Low attention,Watchlist,clear,14.7,68.3
2002_492_Senegal,2002,492,Senegal,Germany,B,semi_final,Adidas,loss,0,1511,91.9,152.7,10.6,38.81,112.01,0.42,0.321,15.86,0.559,0.641,0.372,0.388,3.577,0.226,Low attention,Scalable,hot,32.2,61.3
1978_493_South_Korea,1978,493,South Korea,Japan,B,round_16,Sony,draw,1,1417,87.2,148.7,5.3,33.35,75.69,0.334,0.196,1.99,0.342,0.904,0.287,0.284,3.342,1.679,Low attention,Watchlist,cloudy,23.6,67.3
1930_494_Saudi_Arabia,1930,494,Saudi Arabia,Brazil,B,group,Adidas,loss,0,1386,84.3,141.2,33.8,32.62,310.39,0.488,0.759,12.09,0.73,0.618,0.841,0.625,3.57,0.295,High attention,Premium,clear,41.6,44.1
1930_495_Qatar,1930,495,Qatar,Argentina,B,group,Qatar Airways,draw,1,1589,93.0,185.9,3.32,36.05,92.69,0.398,0.185,6.71,0.428,0.445,0.728,0.321,3.216,0.479,Low attention,Watchlist,cloudy,28.0,75.5
1990_496_Croatia,1990,496,Croatia,Japan,B,semi_final,Qatar Airways,win,3,1624,92.9,108.1,12.03,49.46,160.56,0.523,0.414,8.24,0.507,0.515,0.83,0.524,3.772,0.458,Mid attention,Scalable,clear,25.0,35.5
1942_497_Mexico,1942,497,Mexico,Italy,B,quarter_final,Mastercard,draw,1,1353,87.2,78.0,6.91,35.08,88.83,0.392,0.235,8.52,0.451,0.481,0.718,0.347,3.577,0.42,Low attention,Watchlist,clear,23.0,56.5
1982_498_Morocco,1982,498,Morocco,Canada,B,group,Sony,draw,1,1334,86.7,67.3,6.16,36.6,118.09,0.379,0.244,3.39,0.433,0.526,0.717,0.342,3.463,1.022,Low attention,Watchlist,rain,26.4,50.1
1962_499_Ghana,1962,499,Ghana,Belgium,B,group,Samsung,win,3,1646,87.8,81.7,2.89,32.77,152.75,0.354,0.194,8.2,0.527,0.86,0.717,0.416,3.188,0.389,Low attention,Scalable,cloudy,31.1,40.6
1958_500_Mexico,1958,500,Mexico,South Korea,B,group,Mastercard,draw,1,1353,87.2,78.0,6.91,39.72,187.43,0.473,0.305,8.52,0.451,0.481,0.718,0.388,3.378,0.396,Low attention,Scalable,clear,24.5,48.6
1950_501_Belgium,1950,501,Belgium,Ghana,B,group,Nike,loss,0,1252,87.3,100.1,7.7,33.56,97.87,0.321,0.245,10.39,0.567,0.776,0.539,0.344,3.433,0.33,Low attention,Watchlist,hot,13.6,29.9
1990_502_Japan,1990,502,Japan,Netherlands,B,round_16,Pepsi,loss,0,1508,92.4,147.9,10.25,50.53,183.36,0.538,0.402,13.35,0.59,0.856,0.917,0.45,3.837,0.287,Mid attention,Scalable,windy,18.5,60.1
2014_503_USA,2014,503,USA,Mexico,B,round_16,Coca-Cola,loss,0,1462,89.5,45.2,2.34,38.48,219.94,0.484,0.244,8.25,0.558,0.875,0.653,0.369,3.31,0.401,Low attention,Watchlist,hot,32.2,88.0
1950_504_France,1950,504,France,Germany,B,group,Nike,draw,1,1520,89.8,66.0,5.59,29.97,75.54,0.31,0.186,5.5,0.394,0.373,0.537,0.294,3.198,0.581,Low attention,Watchlist,cloudy,14.8,65.7
2018_505_USA,2018,505,USA,Saudi Arabia,B,round_16,Coca-Cola,loss,0,1462,89.5,45.2,2.34,41.58,128.13,0.47,0.211,8.25,0.558,0.875,0.653,0.354,4.018,0.487,Low attention,Watchlist,hot,19.0,83.0
1998_506_Australia,1998,506,Australia,Ghana,B,group,Emirates,draw,1,1505,93.1,143.4,5.84,44.58,80.31,0.462,0.255,9.07,0.582,0.797,0.723,0.411,3.523,0.388,Low attention,Scalable,cloudy,27.3,68.2
1954_507_Senegal,1954,507,Senegal,Mexico,B,quarter_final,Adidas,draw,1,1511,91.9,152.7,10.6,52.03,90.49,0.462,0.367,15.86,0.559,0.641,0.372,0.446,3.334,0.21,Mid attention,Scalable,clear,20.9,80.5
1930_508_Qatar,1930,508,Qatar,Spain,B,group,Qatar Airways,win,3,1589,93.0,185.9,3.32,53.01,175.05,0.536,0.299,6.71,0.428,0.445,0.728,0.455,3.523,0.525,Low attention,Scalable,cloudy,22.6,65.0
1962_509_Uruguay,1962,509,Uruguay,Croatia,B,group,Samsung,draw,1,1542,86.2,160.0,3.94,41.64,107.28,0.401,0.226,7.33,0.424,0.483,0.539,0.336,3.604,0.492,Low attention,Watchlist,clear,20.1,55.9
1942_510_Spain,1942,510,Spain,Argentina,B,final,Emirates,loss,0,1583,88.4,104.5,3.79,63.08,160.0,0.604,0.342,12.91,0.551,0.596,0.308,0.426,3.954,0.306,Mid attention,Scalable,rain,35.4,58.3
1934_511_USA,1934,511,USA,Italy,B,group,Coca-Cola,draw,1,1462,89.5,45.2,2.34,20.37,99.44,0.214,0.105,8.25,0.558,0.875,0.653,0.302,3.207,0.389,Low attention,Watchlist,cloudy,34.2,72.9
1994_512_Mexico,1994,512,Mexico,Netherlands,B,round_16,Mastercard,draw,1,1353,87.2,78.0,6.91,61.63,335.28,0.736,0.473,8.52,0.451,0.481,0.718,0.499,4.145,0.487,Mid attention,Scalable,clear,37.8,55.2
1930_513_Belgium,1930,513,Belgium,Qatar,B,group,Nike,draw,1,1252,87.3,100.1,7.7,34.24,91.03,0.345,0.245,10.39,0.567,0.776,0.539,0.382,3.546,0.341,Low attention,Scalable,clear,27.9,24.6
1994_514_Brazil,1994,514,Brazil,Portugal,B,final,Hyundai,win,3,1453,85.5,158.5,4.37,62.43,117.23,0.591,0.327,6.91,0.55,0.803,0.863,0.518,4.219,0.611,Low attention,Scalable,rain,16.8,60.7
1974_515_Mexico,1974,515,Mexico,Canada,B,group,Mastercard,loss,0,1353,87.2,78.0,6.91,36.92,141.05,0.393,0.269,8.52,0.451,0.481,0.718,0.326,3.448,0.405,Low attention,Watchlist,rain,27.2,82.3
1930_516_Portugal,1930,516,Portugal,USA,B,quarter_final,Adidas,win,3,1416,86.4,101.0,5.55,36.72,83.57,0.314,0.218,12.32,0.731,0.714,0.893,0.488,3.329,0.27,Low attention,Scalable,hot,14.6,53.4
1990_517_Germany,1990,517,Germany,Japan,B,final,Qatar Airways,win,3,1468,91.0,78.5,8.32,65.06,150.59,0.599,0.417,9.37,0.51,0.68,0.549,0.54,4.104,0.438,Mid attention,Scalable,hot,23.4,35.8
1998_518_Argentina,1998,518,Argentina,Saudi Arabia,B,group,Nike,loss,0,1486,87.3,148.5,3.08,42.43,75.9,0.379,0.2,11.04,0.476,0.575,0.332,0.306,3.839,0.348,Low attention,Watchlist,windy,24.1,61.3
1958_519_Belgium,1958,519,Belgium,Argentina,B,semi_final,Nike,win,3,1252,87.3,100.1,7.7,22.69,94.17,0.261,0.197,10.39,0.567,0.776,0.539,0.415,3.377,0.325,Low attention,Scalable,clear,29.7,41.6
1930_520_France,1930,520,France,Qatar,B,group,Nike,win,3,1520,89.8,66.0,5.59,30.79,99.43,0.328,0.201,5.5,0.394,0.373,0.537,0.37,3.498,0.636,Low attention,Watchlist,hot,23.0,67.9
1934_521_France,1934,521,France,Nigeria,B,group,Nike,win,3,1520,89.8,66.0,5.59,31.9,44.58,0.323,0.178,5.5,0.394,0.373,0.537,0.36,3.504,0.637,Low attention,Watchlist,clear,34.1,71.6
1970_522_France,1970,522,France,Morocco,B,group,Nike,win,3,1520,89.8,66.0,5.59,39.48,183.55,0.429,0.281,5.5,0.394,0.373,0.537,0.418,3.403,0.619,Low attention,Scalable,hot,23.2,77.6
1962_523_France,1962,523,France,Nigeria,B,group,Nike,draw,1,1520,89.8,66.0,5.59,26.08,62.56,0.251,0.162,5.5,0.394,0.373,0.537,0.274,3.475,0.632,Low attention,Watchlist,rain,26.4,84.5
1938_524_England,1938,524,England,Italy,B,group,Adidas,win,3,1657,92.1,111.6,17.13,42.05,166.5,0.473,0.465,7.09,0.262,0.339,0.129,0.451,3.5,0.494,Mid attention,Scalable,rain,21.2,73.1
2022_525_Nigeria,2022,525,Nigeria,Spain,B,group,Adidas,win,3,1409,93.4,118.0,10.18,42.33,178.01,0.449,0.363,3.77,0.464,0.787,0.819,0.477,3.43,0.91,Mid attention,Scalable,rain,25.3,15.3
1970_526_South_Korea,1970,526,South Korea,Japan,B,final,Sony,win,3,1417,87.2,148.7,5.3,66.13,184.95,0.69,0.392,1.99,0.342,0.904,0.287,0.489,4.125,2.073,Mid attention,Scalable,windy,22.5,55.0
1978_527_Croatia,1978,527,Croatia,Qatar,B,round_16,Qatar Airways,win,3,1624,92.9,108.1,12.03,50.73,125.51,0.488,0.401,8.24,0.507,0.515,0.83,0.513,3.821,0.464,Mid attention,Scalable,clear,11.5,74.9
1934_528_Argentina,1934,528,Argentina,Brazil,B,group,Nike,loss,0,1486,87.3,148.5,3.08,31.48,105.07,0.315,0.167,11.04,0.476,0.575,0.332,0.282,3.298,0.299,Low attention,Watchlist,cloudy,18.6,75.5
1934_529_Senegal,1934,529,Senegal,Mexico,B,round_16,Adidas,draw,1,1511,91.9,152.7,10.6,47.0,166.77,0.466,0.384,15.86,0.559,0.641,0.372,0.453,3.285,0.207,Mid attention,Scalable,cloudy,5.5,64.8
1998_530_Croatia,1998,530,Croatia,Portugal,B,group,Qatar Airways,win,3,1624,92.9,108.1,12.03,36.38,128.07,0.373,0.341,8.24,0.507,0.515,0.83,0.469,3.531,0.429,Mid attention,Scalable,clear,13.5,85.9
2006_531_Saudi_Arabia,2006,531,Saudi Arabia,Qatar,B,group,Adidas,draw,1,1386,84.3,141.2,33.8,34.85,116.25,0.359,0.671,12.09,0.73,0.618,0.841,0.601,3.572,0.295,High attention,Scalable,clear,19.9,32.9
1978_532_USA,1978,532,USA,Croatia,B,group,Coca-Cola,loss,0,1462,89.5,45.2,2.34,43.98,111.78,0.455,0.213,8.25,0.558,0.875,0.653,0.352,3.622,0.439,Low attention,Watchlist,cloudy,25.1,54.0
2010_533_Japan,2010,533,Japan,Argentina,B,quarter_final,Pepsi,loss,0,1508,92.4,147.9,10.25,42.46,154.89,0.423,0.353,13.35,0.59,0.856,0.917,0.411,3.52,0.264,Mid attention,Scalable,clear,19.4,62.8
1954_534_Belgium,1954,534,Belgium,Uruguay,B,group,Nike,loss,0,1252,87.3,100.1,7.7,33.56,147.42,0.379,0.27,10.39,0.567,0.776,0.539,0.364,3.437,0.331,Low attention,Watchlist,clear,23.8,82.2
2018_535_South_Korea,2018,535,South Korea,Belgium,B,group,Sony,win,3,1417,87.2,148.7,5.3,26.23,82.13,0.246,0.168,1.99,0.342,0.904,0.287,0.324,3.093,1.554,Low attention,Watchlist,rain,37.8,40.8
1946_536_Croatia,1946,536,Croatia,Portugal,B,group,Qatar Airways,win,3,1624,92.9,108.1,12.03,35.83,107.38,0.391,0.328,8.24,0.507,0.515,0.83,0.468,3.47,0.421,Low attention,Scalable,rain,25.8,31.3
2010_537_Spain,2010,537,Spain,Saudi Arabia,B,round_16,Emirates,loss,0,1583,88.4,104.5,3.79,45.41,79.45,0.422,0.226,12.91,0.551,0.596,0.308,0.349,3.962,0.307,Low attention,Watchlist,hot,21.2,79.2
1994_538_Italy,1994,538,Italy,France,B,round_16,Mastercard,loss,0,1557,87.9,148.1,6.17,52.39,157.64,0.531,0.333,13.6,0.667,0.776,0.732,0.449,3.717,0.273,Mid attention,Scalable,rain,22.8,63.9
2006_539_Mexico,2006,539,Mexico,USA,B,group,Mastercard,win,3,1353,87.2,78.0,6.91,22.31,125.69,0.267,0.199,8.52,0.451,0.481,0.718,0.377,3.086,0.362,Low attention,Watchlist,clear,20.6,75.3
1986_540_Qatar,1986,540,Qatar,Spain,B,group,Qatar Airways,loss,0,1589,93.0,185.9,3.32,31.25,151.9,0.347,0.194,6.71,0.428,0.445,0.728,0.281,3.249,0.484,Low attention,Watchlist,cloudy,27.2,80.1
1954_541_Portugal,1954,541,Portugal,England,B,round_16,Adidas,win,3,1416,86.4,101.0,5.55,46.63,141.75,0.495,0.29,12.32,0.731,0.714,0.893,0.548,3.706,0.301,Low attention,Scalable,clear,20.2,38.1
2018_542_Portugal,2018,542,Portugal,Belgium,B,round_16,Adidas,win,3,1416,86.4,101.0,5.55,37.22,236.72,0.503,0.297,12.32,0.731,0.714,0.893,0.552,3.497,0.284,Low attention,Scalable,clear,23.1,45.5
1998_543_Brazil,1998,543,Brazil,Saudi Arabia,B,group,Hyundai,draw,1,1453,85.5,158.5,4.37,58.15,134.36,0.535,0.317,6.91,0.55,0.803,0.863,0.437,4.083,0.591,Low attention,Scalable,cloudy,22.6,46.7
2010_544_Argentina,2010,544,Argentina,Senegal,B,group,Nike,loss,0,1486,87.3,148.5,3.08,39.66,101.08,0.407,0.201,11.04,0.476,0.575,0.332,0.311,3.2,0.29,Low attention,Watchlist,clear,25.8,43.8
1938_545_Nigeria,1938,545,Nigeria,Netherlands,B,group,Adidas,loss,0,1409,93.4,118.0,10.18,45.27,58.27,0.395,0.315,3.77,0.464,0.787,0.819,0.349,3.59,0.952,Low attention,Watchlist,hot,28.6,48.8
1994_546_Germany,1994,546,Germany,Canada,B,round_16,Qatar Airways,loss,0,1468,91.0,78.5,8.32,42.14,99.07,0.391,0.293,9.37,0.51,0.68,0.549,0.355,3.57,0.381,Low attention,Watchlist,windy,20.1,76.6
1978_547_Canada,1978,547,Canada,Uruguay,B,group,Nike,draw,1,1538,88.1,105.0,2.03,29.43,79.0,0.266,0.129,4.93,0.451,0.945,0.713,0.283,3.271,0.663,Low attention,Watchlist,hot,25.2,67.9
2002_548_Nigeria,2002,548,Nigeria,Qatar,B,group,Adidas,draw,1,1409,93.4,118.0,10.18,35.92,76.65,0.344,0.284,3.77,0.464,0.787,0.819,0.361,3.564,0.945,Low attention,Watchlist,hot,17.3,40.5
1954_549_Spain,1954,549,Spain,Nigeria,B,group,Emirates,draw,1,1583,88.4,104.5,3.79,41.86,169.56,0.415,0.256,12.91,0.551,0.596,0.308,0.392,3.741,0.29,Low attention,Scalable,clear,27.1,15.0
2002_550_England,2002,550,England,Brazil,B,round_16,Adidas,draw,1,1657,92.1,111.6,17.13,56.77,154.46,0.574,0.522,7.09,0.262,0.339,0.129,0.424,3.698,0.522,Mid attention,Scalable,windy,9.8,57.8
2014_551_Belgium,2014,551,Belgium,Portugal,B,round_16,Nike,win,3,1252,87.3,100.1,7.7,34.35,125.27,0.357,0.263,10.39,0.567,0.776,0.539,0.457,3.671,0.353,Low attention,Scalable,clear,27.4,83.5
1958_552_Canada,1958,552,Canada,Morocco,B,group,Nike,win,3,1538,88.1,105.0,2.03,34.39,70.83,0.355,0.146,4.93,0.451,0.945,0.713,0.373,3.203,0.65,Low attention,Watchlist,clear,23.4,38.0
1966_553_Japan,1966,553,Japan,England,B,group,Pepsi,win,3,1508,92.4,147.9,10.25,32.66,86.67,0.38,0.276,13.35,0.59,0.856,0.917,0.474,3.409,0.255,Low attention,Scalable,clear,22.5,68.7
1970_554_Croatia,1970,554,Croatia,Canada,B,round_16,Qatar Airways,win,3,1624,92.9,108.1,12.03,40.05,146.5,0.418,0.366,8.24,0.507,0.515,0.83,0.487,3.549,0.431,Mid attention,Scalable,hot,17.7,84.0
1938_555_Netherlands,1938,555,Netherlands,Uruguay,B,group,Coca-Cola,win,3,1525,91.0,47.9,3.87,30.18,65.39,0.302,0.154,12.96,0.731,0.68,0.64,0.462,3.239,0.25,Low attention,Scalable,rain,24.8,64.8
1966_556_England,1966,556,England,Mexico,B,quarter_final,Adidas,win,3,1657,92.1,111.6,17.13,38.9,123.31,0.417,0.43,7.09,0.262,0.339,0.129,0.427,3.196,0.451,Mid attention,Scalable,clear,33.7,58.3
1946_557_Morocco,1946,557,Morocco,Netherlands,B,round_16,Sony,loss,0,1334,86.7,67.3,6.16,51.95,189.37,0.548,0.346,3.39,0.433,0.526,0.717,0.378,3.909,1.153,Mid attention,Watchlist,clear,38.5,95.0
1958_558_Australia,1958,558,Australia,Qatar,B,group,Emirates,draw,1,1505,93.1,143.4,5.84,37.82,156.69,0.422,0.264,9.07,0.582,0.797,0.723,0.408,3.65,0.402,Low attention,Scalable,cloudy,7.3,54.6
1950_559_Saudi_Arabia,1950,559,Saudi Arabia,USA,B,group,Adidas,draw,1,1386,84.3,141.2,33.8,40.13,92.97,0.422,0.682,12.09,0.73,0.618,0.841,0.617,3.226,0.267,High attention,Scalable,cloudy,38.8,27.5
2014_560_Senegal,2014,560,Senegal,Croatia,B,semi_final,Adidas,win,3,1511,91.9,152.7,10.6,40.74,115.49,0.39,0.331,15.86,0.559,0.641,0.372,0.486,3.835,0.242,Mid attention,Scalable,hot,21.5,35.9
1942_561_Spain,1942,561,Spain,England,B,round_16,Emirates,loss,0,1583,88.4,104.5,3.79,49.43,178.04,0.516,0.293,12.91,0.551,0.596,0.308,0.391,3.77,0.292,Low attention,Scalable,cloudy,24.0,70.8
2022_562_England,2022,562,England,Uruguay,B,final,Adidas,loss,0,1657,92.1,111.6,17.13,77.63,143.74,0.699,0.607,7.09,0.262,0.339,0.129,0.445,4.196,0.592,Mid attention,Scalable,cloudy,13.7,46.9
1990_563_USA,1990,563,USA,Ghana,B,quarter_final,Coca-Cola,loss,0,1462,89.5,45.2,2.34,59.17,362.86,0.729,0.405,8.25,0.558,0.875,0.653,0.475,4.168,0.505,Mid attention,Scalable,clear,14.7,72.3
1970_564_Argentina,1970,564,Argentina,Brazil,B,group,Nike,draw,1,1486,87.3,148.5,3.08,42.27,156.42,0.471,0.24,11.04,0.476,0.575,0.332,0.371,3.478,0.315,Low attention,Watchlist,rain,14.1,37.7
1974_565_Argentina,1974,565,Argentina,Ghana,B,quarter_final,Nike,draw,1,1486,87.3,148.5,3.08,43.27,192.08,0.495,0.262,11.04,0.476,0.575,0.332,0.384,3.775,0.342,Low attention,Scalable,clear,28.1,95.0
1950_566_USA,1950,566,USA,Saudi Arabia,B,group,Coca-Cola,loss,0,1462,89.5,45.2,2.34,30.26,124.47,0.291,0.16,8.25,0.558,0.875,0.653,0.303,3.777,0.458,Low attention,Watchlist,clear,36.2,48.3
2002_567_England,2002,567,England,Morocco,B,group,Adidas,win,3,1657,92.1,111.6,17.13,42.02,135.41,0.457,0.449,7.09,0.262,0.339,0.129,0.442,3.372,0.476,Mid attention,Scalable,cloudy,23.4,67.5
1970_568_Nigeria,1970,568,Nigeria,Netherlands,B,group,Adidas,loss,0,1409,93.4,118.0,10.18,45.95,120.23,0.425,0.349,3.77,0.464,0.787,0.819,0.367,3.673,0.974,Mid attention,Watchlist,clear,35.5,57.6
2014_569_Japan,2014,569,Japan,France,B,group,Pepsi,win,3,1508,92.4,147.9,10.25,23.07,49.98,0.188,0.216,13.35,0.59,0.856,0.917,0.417,3.173,0.238,Low attention,Scalable,clear,38.4,38.3
1994_570_USA,1994,570,USA,Croatia,B,group,Coca-Cola,loss,0,1462,89.5,45.2,2.34,42.52,233.99,0.511,0.268,8.25,0.558,0.875,0.653,0.384,3.799,0.46,Low attention,Scalable,clear,28.6,86.4
1994_571_England,1994,571,England,South Korea,B,group,Adidas,win,3,1657,92.1,111.6,17.13,33.14,96.46,0.348,0.391,7.09,0.262,0.339,0.129,0.4,3.199,0.451,Mid attention,Scalable,rain,25.0,56.7
1950_572_Argentina,1950,572,Argentina,Mexico,B,semi_final,Nike,draw,1,1486,87.3,148.5,3.08,33.72,117.58,0.346,0.183,11.04,0.476,0.575,0.332,0.327,3.247,0.294,Low attention,Watchlist,clear,20.5,94.7
2010_573_Germany,2010,573,Germany,Australia,B,round_16,Qatar Airways,draw,1,1468,91.0,78.5,8.32,42.44,119.44,0.435,0.304,9.37,0.51,0.68,0.549,0.401,3.759,0.401,Low attention,Scalable,cloudy,11.0,59.8
2022_574_Uruguay,2022,574,Uruguay,Nigeria,B,group,Samsung,win,3,1542,86.2,160.0,3.94,31.32,71.79,0.334,0.164,7.33,0.424,0.483,0.539,0.367,3.507,0.478,Low attention,Watchlist,clear,28.1,78.7
1998_575_Germany,1998,575,Germany,Saudi Arabia,B,group,Qatar Airways,loss,0,1468,91.0,78.5,8.32,40.11,144.9,0.454,0.307,9.37,0.51,0.68,0.549,0.372,3.91,0.417,Low attention,Watchlist,clear,30.4,61.9
1942_576_Argentina,1942,576,Argentina,Germany,B,round_16,Nike,loss,0,1486,87.3,148.5,3.08,44.39,139.43,0.428,0.24,11.04,0.476,0.575,0.332,0.33,3.512,0.318,Low attention,Watchlist,windy,25.9,87.6
1982_577_South_Korea,1982,577,South Korea,Ghana,B,group,Sony,win,3,1417,87.2,148.7,5.3,32.11,104.0,0.363,0.205,1.99,0.342,0.904,0.287,0.359,3.408,1.713,Low attention,Watchlist,clear,31.0,64.7
1930_578_Brazil,1930,578,Brazil,Mexico,B,group,Hyundai,win,3,1453,85.5,158.5,4.37,45.74,166.23,0.525,0.28,6.91,0.55,0.803,0.863,0.488,3.228,0.467,Low attention,Scalable,clear,21.1,40.8
2002_579_Belgium,2002,579,Belgium,Saudi Arabia,B,round_16,Nike,win,3,1252,87.3,100.1,7.7,50.22,319.05,0.681,0.428,10.39,0.567,0.776,0.539,0.578,4.361,0.42,Mid attention,Scalable,clear,29.0,33.1
1998_580_Morocco,1998,580,Morocco,Canada,B,group,Sony,win,3,1334,86.7,67.3,6.16,30.95,90.87,0.295,0.206,3.39,0.433,0.526,0.717,0.379,3.347,0.987,Low attention,Watchlist,clear,32.6,36.5
1982_581_France,1982,581,France,South Korea,B,group,Nike,draw,1,1520,89.8,66.0,5.59,65.24,181.85,0.674,0.391,5.5,0.394,0.373,0.537,0.437,3.639,0.662,Mid attention,Scalable,clear,24.7,34.6
1934_582_Portugal,1934,582,Portugal,Qatar,B,group,Adidas,loss,0,1416,86.4,101.0,5.55,29.62,127.4,0.367,0.209,12.32,0.731,0.714,0.893,0.394,3.551,0.288,Low attention,Scalable,rain,23.7,26.9
1990_583_France,1990,583,France,Uruguay,B,semi_final,Nike,loss,0,1520,89.8,66.0,5.59,41.11,76.92,0.405,0.234,5.5,0.394,0.373,0.537,0.296,3.63,0.66,Low attention,Watchlist,hot,20.7,67.8
2002_584_Croatia,2002,584,Croatia,Senegal,B,group,Qatar Airways,win,3,1624,92.9,108.1,12.03,29.36,66.29,0.317,0.28,8.24,0.507,0.515,0.83,0.436,3.009,0.365,Low attention,Scalable,cloudy,33.2,73.5
1938_585_Japan,1938,585,Japan,Senegal,B,group,Pepsi,win,3,1508,92.4,147.9,10.25,30.94,134.62,0.367,0.293,13.35,0.59,0.856,0.917,0.478,3.126,0.234,Low attention,Scalable,clear,27.2,85.2
1962_586_South_Korea,1962,586,South Korea,Qatar,B,quarter_final,Sony,draw,1,1417,87.2,148.7,5.3,44.38,103.07,0.444,0.257,1.99,0.342,0.904,0.287,0.327,3.826,1.923,Low attention,Watchlist,hot,28.4,65.1
1998_587_Mexico,1998,587,Mexico,Spain,B,quarter_final,Mastercard,loss,0,1353,87.2,78.0,6.91,45.29,174.21,0.489,0.322,8.52,0.451,0.481,0.718,0.364,3.66,0.43,Low attention,Watchlist,clear,20.0,86.5
2014_588_Qatar,2014,588,Qatar,Australia,B,round_16,Qatar Airways,loss,0,1589,93.0,185.9,3.32,44.53,158.53,0.46,0.254,6.71,0.428,0.445,0.728,0.325,3.814,0.568,Low attention,Watchlist,cloudy,19.0,52.1
1950_589_Spain,1950,589,Spain,Morocco,B,group,Emirates,win,3,1583,88.4,104.5,3.79,38.38,75.4,0.327,0.193,12.91,0.551,0.596,0.308,0.42,3.281,0.254,Low attention,Scalable,clear,26.9,67.8
1958_590_USA,1958,590,USA,Senegal,B,group,Coca-Cola,draw,1,1462,89.5,45.2,2.34,49.54,157.6,0.529,0.26,8.25,0.558,0.875,0.653,0.417,3.382,0.41,Low attention,Scalable,cloudy,20.1,77.9
2010_591_Canada,2010,591,Canada,Qatar,B,group,Nike,draw,1,1538,88.1,105.0,2.03,43.39,133.84,0.429,0.217,4.93,0.451,0.945,0.713,0.346,3.684,0.747,Low attention,Watchlist,rain,33.0,51.7
1994_592_Qatar,1994,592,Qatar,South Korea,B,group,Qatar Airways,draw,1,1589,93.0,185.9,3.32,31.06,125.04,0.314,0.179,6.71,0.428,0.445,0.728,0.303,3.205,0.478,Low attention,Watchlist,clear,26.9,38.2
1950_593_Argentina,1950,593,Argentina,Portugal,B,round_16,Nike,loss,0,1486,87.3,148.5,3.08,50.87,158.54,0.517,0.278,11.04,0.476,0.575,0.332,0.36,3.831,0.347,Low attention,Watchlist,cloudy,28.0,33.6
1950_594_Belgium,1950,594,Belgium,Argentina,B,round_16,Nike,win,3,1252,87.3,100.1,7.7,40.0,79.54,0.371,0.264,10.39,0.567,0.776,0.539,0.46,3.416,0.329,Low attention,Scalable,rain,25.6,65.4
1930_595_Netherlands,1930,595,Netherlands,Italy,B,quarter_final,Coca-Cola,win,3,1525,91.0,47.9,3.87,39.27,98.11,0.42,0.21,12.96,0.731,0.68,0.64,0.504,3.594,0.277,Low attention,Scalable,clear,25.3,45.9
1958_596_Netherlands,1958,596,Netherlands,Canada,B,round_16,Coca-Cola,win,3,1525,91.0,47.9,3.87,48.3,151.86,0.508,0.276,12.96,0.731,0.68,0.64,0.545,3.679,0.284,Low attention,Scalable,cloudy,13.1,62.5
1934_597_Morocco,1934,597,Morocco,Italy,B,group,Sony,win,3,1334,86.7,67.3,6.16,41.03,183.12,0.479,0.296,3.39,0.433,0.526,0.717,0.446,3.597,1.061,Low attention,Scalable,rain,27.2,95.0
1934_598_Saudi_Arabia,1934,598,Saudi Arabia,Portugal,B,group,Adidas,win,3,1386,84.3,141.2,33.8,37.85,152.62,0.414,0.702,12.09,0.73,0.618,0.841,0.69,3.605,0.298,High attention,Premium,clear,21.4,54.8
1938_599_Morocco,1938,599,Morocco,Uruguay,B,semi_final,Sony,win,3,1334,86.7,67.3,6.16,55.1,161.36,0.552,0.346,3.39,0.433,0.526,0.717,0.478,3.948,1.165,Mid attention,Scalable,cloudy,25.3,68.9
2018_600_Australia,2018,600,Australia,Argentina,B,group,Emirates,win,3,1505,93.1,143.4,5.84,41.83,156.56,0.461,0.281,9.07,0.582,0.797,0.723,0.488,3.367,0.371,Low attention,Scalable,hot,14.2,67.3
1954_601_Ghana,1954,601,Ghana,Mexico,B,final,Samsung,win,3,1646,87.8,81.7,2.89,58.34,354.82,0.719,0.406,8.2,0.527,0.86,0.717,0.563,3.905,0.476,Mid attention,Scalable,cloudy,27.2,66.6
1998_602_Qatar,1998,602,Qatar,Italy,B,group,Qatar Airways,win,3,1589,93.0,185.9,3.32,36.23,147.31,0.415,0.213,6.71,0.428,0.445,0.728,0.401,3.412,0.508,Low attention,Scalable,clear,22.5,62.3
1930_603_Nigeria,1930,603,Nigeria,South Korea,B,group,Adidas,loss,0,1409,93.4,118.0,10.18,34.8,155.19,0.425,0.319,3.77,0.464,0.787,0.819,0.355,3.303,0.876,Low attention,Watchlist,windy,23.3,30.0
1978_604_Australia,1978,604,Australia,Italy,B,group,Emirates,draw,1,1505,93.1,143.4,5.84,27.71,74.06,0.287,0.179,9.07,0.582,0.797,0.723,0.351,3.303,0.364,Low attention,Watchlist,rain,18.1,32.3
1962_605_Australia,1962,605,Australia,South Korea,B,group,Emirates,draw,1,1505,93.1,143.4,5.84,21.54,58.29,0.262,0.144,9.07,0.582,0.797,0.723,0.333,3.027,0.334,Low attention,Watchlist,clear,38.6,59.7
2018_606_Saudi_Arabia,2018,606,Saudi Arabia,Belgium,B,quarter_final,Adidas,win,3,1386,84.3,141.2,33.8,36.89,115.87,0.391,0.68,12.09,0.73,0.618,0.841,0.677,3.464,0.287,High attention,Premium,clear,17.2,66.1
1954_607_Japan,1954,607,Japan,Argentina,B,group,Pepsi,draw,1,1508,92.4,147.9,10.25,38.1,86.97,0.418,0.3,13.35,0.59,0.856,0.917,0.423,3.241,0.243,Low attention,Scalable,cloudy,10.3,56.3
2022_608_Argentina,2022,608,Argentina,Japan,B,group,Nike,draw,1,1486,87.3,148.5,3.08,47.2,167.96,0.496,0.267,11.04,0.476,0.575,0.332,0.386,3.508,0.318,Low attention,Scalable,cloudy,18.8,53.9
2010_609_Mexico,2010,609,Mexico,Ghana,B,group,Mastercard,draw,1,1353,87.2,78.0,6.91,34.64,135.0,0.408,0.256,8.52,0.451,0.481,0.718,0.358,3.45,0.405,Low attention,Watchlist,clear,21.3,69.4
1994_610_Japan,1994,610,Japan,Australia,B,group,Pepsi,draw,1,1508,92.4,147.9,10.25,43.03,179.39,0.462,0.367,13.35,0.59,0.856,0.917,0.457,3.733,0.28,Mid attention,Scalable,cloudy,17.6,69.8
1990_611_South_Korea,1990,611,South Korea,Morocco,B,group,Sony,win,3,1417,87.2,148.7,5.3,35.89,112.63,0.402,0.225,1.99,0.342,0.904,0.287,0.374,3.273,1.645,Low attention,Watchlist,clear,23.6,67.6
1974_612_France,1974,612,France,Brazil,B,group,Nike,draw,1,1520,89.8,66.0,5.59,36.38,153.87,0.416,0.253,5.5,0.394,0.373,0.537,0.338,3.402,0.619,Low attention,Watchlist,clear,30.0,71.5
2022_613_South_Korea,2022,613,South Korea,Uruguay,B,group,Sony,draw,1,1417,87.2,148.7,5.3,42.35,257.06,0.552,0.326,1.99,0.342,0.904,0.287,0.373,3.636,1.827,Low attention,Watchlist,clear,33.8,71.1
1942_614_Spain,1942,614,Spain,South Korea,B,group,Emirates,draw,1,1583,88.4,104.5,3.79,40.31,100.48,0.417,0.214,12.91,0.551,0.596,0.308,0.377,3.285,0.254,Low attention,Watchlist,rain,20.0,37.9
1974_615_Netherlands,1974,615,Netherlands,South Korea,B,semi_final,Coca-Cola,win,3,1525,91.0,47.9,3.87,36.95,123.21,0.39,0.213,12.96,0.731,0.68,0.64,0.5,3.532,0.273,Low attention,Scalable,rain,27.9,65.3
1994_616_South_Korea,1994,616,South Korea,Spain,B,group,Sony,win,3,1417,87.2,148.7,5.3,28.99,129.79,0.333,0.204,1.99,0.342,0.904,0.287,0.354,3.243,1.63,Low attention,Watchlist,clear,22.4,59.7
2002_617_Italy,2002,617,Italy,USA,B,group,Mastercard,draw,1,1557,87.9,148.1,6.17,40.22,110.91,0.455,0.257,13.6,0.667,0.776,0.732,0.44,3.209,0.236,Low attention,Scalable,clear,27.2,70.4
1974_618_Spain,1974,618,Spain,Morocco,B,group,Emirates,loss,0,1583,88.4,104.5,3.79,38.22,103.67,0.367,0.207,12.91,0.551,0.596,0.308,0.332,3.297,0.255,Low attention,Watchlist,clear,13.9,37.7
1938_619_Morocco,1938,619,Morocco,Croatia,B,group,Sony,loss,0,1334,86.7,67.3,6.16,35.12,105.64,0.347,0.232,3.39,0.433,0.526,0.717,0.298,3.571,1.053,Low attention,Watchlist,rain,30.5,23.7
1994_620_Belgium,1994,620,Belgium,Italy,B,final,Nike,loss,0,1252,87.3,100.1,7.7,58.04,162.88,0.623,0.384,10.39,0.567,0.776,0.539,0.451,4.154,0.4,Mid attention,Scalable,cloudy,21.7,57.0
1934_621_Ghana,1934,621,Ghana,Portugal,B,group,Samsung,win,3,1646,87.8,81.7,2.89,39.63,132.43,0.404,0.213,8.2,0.527,0.86,0.717,0.433,3.578,0.436,Low attention,Scalable,cloudy,26.3,94.5
1994_622_Ghana,1994,622,Ghana,South Korea,B,round_16,Samsung,win,3,1646,87.8,81.7,2.89,41.55,134.19,0.423,0.222,8.2,0.527,0.86,0.717,0.44,3.417,0.417,Low attention,Scalable,clear,39.3,59.7
1974_623_Germany,1974,623,Germany,Senegal,B,group,Qatar Airways,loss,0,1468,91.0,78.5,8.32,35.22,155.67,0.422,0.291,9.37,0.51,0.68,0.549,0.36,3.226,0.344,Low attention,Watchlist,rain,23.1,49.1
1938_624_Mexico,1938,624,Mexico,Japan,B,group,Mastercard,draw,1,1353,87.2,78.0,6.91,36.13,54.52,0.309,0.222,8.52,0.451,0.481,0.718,0.327,3.285,0.386,Low attention,Watchlist,rain,19.0,38.8
1930_625_Netherlands,1930,625,Netherlands,England,B,group,Coca-Cola,loss,0,1525,91.0,47.9,3.87,52.21,103.3,0.535,0.268,12.96,0.731,0.68,0.64,0.447,3.605,0.278,Low attention,Scalable,clear,11.4,63.4
2006_626_England,2006,626,England,Australia,B,group,Adidas,win,3,1657,92.1,111.6,17.13,24.72,70.69,0.236,0.342,7.09,0.262,0.339,0.129,0.361,3.396,0.479,Mid attention,Watchlist,clear,18.2,59.4
2018_627_Portugal,2018,627,Portugal,Nigeria,B,group,Adidas,draw,1,1416,86.4,101.0,5.55,38.19,77.99,0.385,0.222,12.32,0.731,0.714,0.893,0.436,3.621,0.294,Low attention,Scalable,hot,20.1,56.9
1962_628_Argentina,1962,628,Argentina,USA,B,semi_final,Nike,win,3,1486,87.3,148.5,3.08,41.7,119.57,0.413,0.219,11.04,0.476,0.575,0.332,0.419,3.5,0.317,Low attention,Scalable,clear,21.4,59.7
2002_629_Senegal,2002,629,Senegal,Morocco,B,quarter_final,Adidas,win,3,1511,91.9,152.7,10.6,42.36,84.06,0.423,0.322,15.86,0.559,0.641,0.372,0.489,3.487,0.22,Low attention,Scalable,clear,16.3,71.8
2010_630_Uruguay,2010,630,Uruguay,Senegal,B,round_16,Samsung,loss,0,1542,86.2,160.0,3.94,54.13,177.53,0.551,0.315,7.33,0.424,0.483,0.539,0.363,3.52,0.48,Low attention,Watchlist,cloudy,25.6,61.9
1930_631_Morocco,1930,631,Morocco,USA,B,group,Sony,win,3,1334,86.7,67.3,6.16,38.44,105.1,0.38,0.246,3.39,0.433,0.526,0.717,0.409,3.227,0.952,Low attention,Scalable,cloudy,23.1,68.0
1958_632_Argentina,1958,632,Argentina,Australia,B,group,Nike,loss,0,1486,87.3,148.5,3.08,38.84,102.57,0.362,0.198,11.04,0.476,0.575,0.332,0.302,3.616,0.328,Low attention,Watchlist,cloudy,13.1,69.4
2010_633_Croatia,2010,633,Croatia,Italy,B,round_16,Qatar Airways,win,3,1624,92.9,108.1,12.03,48.05,187.74,0.521,0.421,8.24,0.507,0.515,0.83,0.526,3.657,0.444,Mid attention,Scalable,hot,27.6,50.6
1986_634_Germany,1986,634,Germany,Uruguay,B,round_16,Qatar Airways,draw,1,1468,91.0,78.5,8.32,44.76,141.87,0.398,0.326,9.37,0.51,0.68,0.549,0.402,3.616,0.386,Low attention,Scalable,rain,21.7,33.6
1958_635_Brazil,1958,635,Brazil,Ghana,B,round_16,Hyundai,loss,0,1453,85.5,158.5,4.37,38.31,103.7,0.373,0.216,6.91,0.55,0.803,0.863,0.336,3.568,0.516,Low attention,Watchlist,clear,21.4,68.7
1970_636_Spain,1970,636,Spain,Australia,B,group,Emirates,loss,0,1583,88.4,104.5,3.79,37.0,111.52,0.41,0.206,12.91,0.551,0.596,0.308,0.339,3.597,0.279,Low attention,Watchlist,clear,14.5,33.0
1954_637_Japan,1954,637,Japan,Nigeria,B,group,Pepsi,draw,1,1508,92.4,147.9,10.25,33.41,103.62,0.335,0.288,13.35,0.59,0.856,0.917,0.404,3.598,0.27,Low attention,Scalable,rain,14.6,47.7
1934_638_Netherlands,1934,638,Netherlands,Morocco,B,group,Coca-Cola,win,3,1525,91.0,47.9,3.87,36.28,152.3,0.371,0.224,12.96,0.731,0.68,0.64,0.501,3.332,0.257,Low attention,Scalable,clear,40.0,65.0
1990_639_Italy,1990,639,Italy,Ghana,B,group,Mastercard,win,3,1557,87.9,148.1,6.17,40.88,161.97,0.457,0.285,13.6,0.667,0.776,0.732,0.518,3.526,0.259,Low attention,Scalable,rain,23.0,53.5
2014_640_Morocco,2014,640,Morocco,Croatia,B,group,Sony,loss,0,1334,86.7,67.3,6.16,26.68,91.17,0.254,0.188,3.39,0.433,0.526,0.717,0.264,3.465,1.022,Low attention,Watchlist,rain,18.5,19.5
1982_641_South_Korea,1982,641,South Korea,Argentina,B,group,Sony,win,3,1417,87.2,148.7,5.3,31.65,84.25,0.339,0.193,1.99,0.342,0.904,0.287,0.351,3.169,1.592,Low attention,Watchlist,clear,20.6,59.0
2002_642_Italy,2002,642,Italy,Mexico,B,group,Mastercard,loss,0,1557,87.9,148.1,6.17,46.5,139.6,0.484,0.298,13.6,0.667,0.776,0.732,0.427,3.157,0.232,Low attention,Scalable,rain,27.0,60.4
2002_643_Australia,2002,643,Australia,Mexico,B,round_16,Emirates,win,3,1505,93.1,143.4,5.84,31.78,93.34,0.341,0.206,9.07,0.582,0.797,0.723,0.438,3.017,0.333,Low attention,Scalable,clear,15.9,63.4
2014_644_Spain,2014,644,Spain,Saudi Arabia,B,group,Emirates,win,3,1583,88.4,104.5,3.79,49.02,250.67,0.622,0.327,12.91,0.551,0.596,0.308,0.523,4.105,0.318,Low attention,Scalable,hot,14.5,51.7
1930_645_Italy,1930,645,Italy,Senegal,B,group,Mastercard,loss,0,1557,87.9,148.1,6.17,47.13,132.44,0.488,0.297,13.6,0.667,0.776,0.732,0.428,3.289,0.242,Low attention,Scalable,rain,21.6,71.8
1934_646_England,1934,646,England,Portugal,B,quarter_final,Adidas,draw,1,1657,92.1,111.6,17.13,49.55,179.29,0.543,0.504,7.09,0.262,0.339,0.129,0.411,3.891,0.549,Mid attention,Scalable,hot,20.3,91.9
2006_647_Spain,2006,647,Spain,Morocco,B,round_16,Emirates,loss,0,1583,88.4,104.5,3.79,34.33,134.64,0.396,0.206,12.91,0.551,0.596,0.308,0.337,3.365,0.261,Low attention,Watchlist,hot,26.9,53.0
1938_648_USA,1938,648,USA,Portugal,B,group,Coca-Cola,loss,0,1462,89.5,45.2,2.34,24.45,41.23,0.227,0.093,8.25,0.558,0.875,0.653,0.266,3.317,0.402,Low attention,Watchlist,clear,15.9,83.8
1974_649_Portugal,1974,649,Portugal,France,B,final,Adidas,loss,0,1416,86.4,101.0,5.55,55.79,158.84,0.552,0.338,12.32,0.731,0.714,0.893,0.476,4.053,0.329,Mid attention,Scalable,windy,29.6,81.3
1946_650_Qatar,1946,650,Qatar,Spain,B,quarter_final,Qatar Airways,win,3,1589,93.0,185.9,3.32,40.25,168.19,0.437,0.241,6.71,0.428,0.445,0.728,0.416,3.512,0.523,Low attention,Scalable,clear,37.5,32.5
1998_651_South_Korea,1998,651,South Korea,Germany,B,group,Sony,draw,1,1417,87.2,148.7,5.3,28.25,70.73,0.33,0.171,1.99,0.342,0.904,0.287,0.274,3.183,1.599,Low attention,Watchlist,rain,23.8,83.2
2018_652_Netherlands,2018,652,Netherlands,Saudi Arabia,B,group,Coca-Cola,loss,0,1525,91.0,47.9,3.87,29.43,74.23,0.3,0.155,12.96,0.731,0.68,0.64,0.362,3.692,0.285,Low attention,Watchlist,cloudy,14.6,49.6
1930_653_Mexico,1930,653,Mexico,Croatia,B,group,Mastercard,draw,1,1353,87.2,78.0,6.91,50.22,141.73,0.505,0.327,8.52,0.451,0.481,0.718,0.402,3.784,0.444,Low attention,Scalable,clear,20.2,89.7
1946_654_Portugal,1946,654,Portugal,Italy,B,round_16,Adidas,loss,0,1416,86.4,101.0,5.55,51.83,91.24,0.514,0.287,12.32,0.731,0.714,0.893,0.45,3.687,0.299,Low attention,Scalable,clear,23.2,42.5
2006_655_Belgium,2006,655,Belgium,Brazil,B,quarter_final,Nike,draw,1,1252,87.3,100.1,7.7,27.6,53.02,0.251,0.197,10.39,0.567,0.776,0.539,0.346,3.384,0.326,Low attention,Watchlist,hot,10.9,72.0
1942_656_Italy,1942,656,Italy,Saudi Arabia,B,group,Mastercard,loss,0,1557,87.9,148.1,6.17,35.64,119.42,0.351,0.241,13.6,0.667,0.776,0.732,0.382,3.804,0.28,Low attention,Scalable,cloudy,28.0,69.0
1966_657_South_Korea,1966,657,South Korea,France,B,round_16,Sony,loss,0,1417,87.2,148.7,5.3,40.22,212.57,0.504,0.294,1.99,0.342,0.904,0.287,0.319,3.646,1.832,Low attention,Watchlist,clear,14.1,40.1
1974_658_England,1974,658,England,Portugal,B,group,Adidas,draw,1,1657,92.1,111.6,17.13,38.59,53.15,0.377,0.393,7.09,0.262,0.339,0.129,0.339,3.445,0.486,Mid attention,Watchlist,cloudy,35.1,42.3
1954_659_England,1954,659,England,Senegal,B,group,Adidas,win,3,1657,92.1,111.6,17.13,31.07,75.51,0.328,0.372,7.09,0.262,0.339,0.129,0.389,3.036,0.428,Mid attention,Scalable,clear,27.6,27.9
1998_660_Portugal,1998,660,Portugal,Senegal,B,round_16,Adidas,win,3,1416,86.4,101.0,5.55,34.04,115.98,0.406,0.223,12.32,0.731,0.714,0.893,0.506,3.252,0.264,Low attention,Scalable,clear,31.0,52.0
1986_661_France,1986,661,France,Japan,B,final,Nike,win,3,1520,89.8,66.0,5.59,56.59,137.96,0.595,0.332,5.5,0.394,0.373,0.537,0.467,3.981,0.724,Mid attention,Scalable,cloudy,24.4,61.7
2018_662_Italy,2018,662,Italy,South Korea,B,group,Mastercard,win,3,1557,87.9,148.1,6.17,46.6,181.16,0.494,0.319,13.6,0.667,0.776,0.732,0.537,3.433,0.252,Low attention,Scalable,windy,8.3,40.1
1958_663_Uruguay,1958,663,Uruguay,Argentina,B,quarter_final,Samsung,draw,1,1542,86.2,160.0,3.94,34.93,70.95,0.296,0.179,7.33,0.424,0.483,0.539,0.299,3.334,0.455,Low attention,Watchlist,clear,34.1,59.8
1938_664_Saudi_Arabia,1938,664,Saudi Arabia,Argentina,B,final,Adidas,win,3,1386,84.3,141.2,33.8,57.64,152.07,0.515,0.787,12.09,0.73,0.618,0.841,0.74,3.949,0.327,High attention,Premium,rain,12.2,86.0
2022_665_Canada,2022,665,Canada,Ghana,B,round_16,Nike,loss,0,1538,88.1,105.0,2.03,44.37,155.41,0.459,0.232,4.93,0.451,0.945,0.713,0.324,3.701,0.751,Low attention,Watchlist,clear,26.9,61.3
1962_666_England,1962,666,England,Uruguay,B,quarter_final,Adidas,draw,1,1657,92.1,111.6,17.13,53.8,211.21,0.591,0.538,7.09,0.262,0.339,0.129,0.433,3.856,0.544,Mid attention,Scalable,cloudy,40.9,83.7
1966_667_Spain,1966,667,Spain,Japan,B,group,Emirates,win,3,1583,88.4,104.5,3.79,43.29,121.85,0.468,0.238,12.91,0.551,0.596,0.308,0.462,3.392,0.263,Low attention,Scalable,hot,15.9,48.8
1986_668_Senegal,1986,668,Senegal,Croatia,B,group,Adidas,win,3,1511,91.9,152.7,10.6,37.75,227.16,0.452,0.374,15.86,0.559,0.641,0.372,0.514,3.665,0.231,Mid attention,Scalable,hot,27.3,66.1
1954_669_Nigeria,1954,669,Nigeria,Brazil,B,semi_final,Adidas,draw,1,1409,93.4,118.0,10.18,46.93,239.4,0.581,0.413,3.77,0.464,0.787,0.819,0.453,3.877,1.028,Mid attention,Scalable,windy,19.3,74.5
1950_670_Qatar,1950,670,Qatar,Belgium,B,group,Qatar Airways,loss,0,1589,93.0,185.9,3.32,43.03,108.81,0.413,0.223,6.71,0.428,0.445,0.728,0.304,3.293,0.491,Low attention,Watchlist,clear,21.0,38.7
2006_671_Morocco,2006,671,Morocco,France,B,group,Sony,loss,0,1334,86.7,67.3,6.16,33.05,57.29,0.318,0.199,3.39,0.433,0.526,0.717,0.28,3.322,0.98,Low attention,Watchlist,clear,20.0,47.4
2010_672_USA,2010,672,USA,Belgium,B,group,Coca-Cola,win,3,1462,89.5,45.2,2.34,24.14,120.7,0.281,0.132,8.25,0.558,0.875,0.653,0.39,3.124,0.379,Low attention,Scalable,clear,31.5,50.0
2002_673_England,2002,673,England,Germany,B,semi_final,Adidas,win,3,1657,92.1,111.6,17.13,51.48,206.89,0.535,0.526,7.09,0.262,0.339,0.129,0.485,3.794,0.535,Mid attention,Scalable,rain,25.2,55.9
1998_674_Italy,1998,674,Italy,Mexico,B,group,Mastercard,win,3,1557,87.9,148.1,6.17,39.55,94.72,0.387,0.246,13.6,0.667,0.776,0.732,0.49,3.009,0.221,Low attention,Scalable,hot,18.2,65.2
2006_675_Argentina,2006,675,Argentina,Mexico,B,group,Nike,win,3,1486,87.3,148.5,3.08,42.25,88.79,0.408,0.206,11.04,0.476,0.575,0.332,0.413,3.046,0.276,Low attention,Scalable,hot,18.3,49.8
1998_676_Brazil,1998,676,Brazil,Argentina,B,group,Hyundai,win,3,1453,85.5,158.5,4.37,40.73,150.74,0.463,0.251,6.91,0.55,0.803,0.863,0.466,3.35,0.485,Low attention,Scalable,cloudy,11.5,64.6
1998_677_Portugal,1998,677,Portugal,Germany,B,round_16,Adidas,win,3,1416,86.4,101.0,5.55,43.0,134.29,0.42,0.271,12.32,0.731,0.714,0.893,0.527,3.488,0.283,Low attention,Scalable,rain,27.0,66.5
2022_678_France,2022,678,France,Brazil,B,final,Nike,loss,0,1520,89.8,66.0,5.59,72.23,190.35,0.712,0.425,5.5,0.394,0.373,0.537,0.424,4.226,0.768,Mid attention,Scalable,cloudy,35.6,66.4
2022_679_Senegal,2022,679,Senegal,Italy,B,group,Adidas,win,3,1511,91.9,152.7,10.6,35.47,93.76,0.412,0.297,15.86,0.559,0.641,0.372,0.477,3.39,0.214,Low attention,Scalable,hot,25.6,56.9
1942_680_Senegal,1942,680,Senegal,Spain,B,round_16,Adidas,win,3,1511,91.9,152.7,10.6,42.0,171.46,0.445,0.364,15.86,0.559,0.641,0.372,0.509,3.512,0.221,Mid attention,Scalable,cloudy,28.0,46.8
2002_681_Netherlands,2002,681,Netherlands,Morocco,B,group,Coca-Cola,win,3,1525,91.0,47.9,3.87,33.8,69.59,0.291,0.172,12.96,0.731,0.68,0.64,0.467,3.217,0.248,Low attention,Scalable,windy,35.5,95.0
2002_682_Mexico,2002,682,Mexico,Saudi Arabia,B,round_16,Mastercard,win,3,1353,87.2,78.0,6.91,38.82,99.87,0.38,0.257,8.52,0.451,0.481,0.718,0.419,3.934,0.462,Low attention,Scalable,cloudy,17.4,78.6
1982_683_Germany,1982,683,Germany,England,B,round_16,Qatar Airways,loss,0,1468,91.0,78.5,8.32,62.53,162.77,0.588,0.413,9.37,0.51,0.68,0.549,0.436,3.931,0.42,Mid attention,Scalable,cloudy,33.0,60.7
1978_684_Portugal,1978,684,Portugal,Nigeria,B,group,Adidas,win,3,1416,86.4,101.0,5.55,26.87,84.2,0.261,0.176,12.32,0.731,0.714,0.893,0.463,3.502,0.284,Low attention,Scalable,cloudy,16.0,50.4
1954_685_England,1954,685,England,Croatia,B,semi_final,Adidas,win,3,1657,92.1,111.6,17.13,55.23,85.96,0.502,0.481,7.09,0.262,0.339,0.129,0.462,3.958,0.558,Mid attention,Scalable,clear,25.2,44.6
1966_686_Croatia,1966,686,Croatia,Qatar,B,group,Qatar Airways,loss,0,1624,92.9,108.1,12.03,50.28,191.18,0.623,0.433,8.24,0.507,0.515,0.83,0.449,3.806,0.462,Mid attention,Scalable,cloudy,32.5,47.8
1982_687_South_Korea,1982,687,South Korea,Senegal,B,group,Sony,win,3,1417,87.2,148.7,5.3,40.93,71.77,0.384,0.226,1.99,0.342,0.904,0.287,0.371,3.196,1.606,Low attention,Watchlist,windy,33.9,32.6
2018_688_France,2018,688,France,Qatar,B,round_16,Nike,draw,1,1520,89.8,66.0,5.59,46.26,130.48,0.449,0.283,5.5,0.394,0.373,0.537,0.356,3.799,0.691,Low attention,Watchlist,windy,27.0,52.3
1970_689_USA,1970,689,USA,Morocco,B,group,Coca-Cola,win,3,1462,89.5,45.2,2.34,22.5,88.31,0.283,0.109,8.25,0.558,0.875,0.653,0.382,3.107,0.377,Low attention,Scalable,clear,25.1,57.2
2010_690_Belgium,2010,690,Belgium,Japan,B,group,Nike,loss,0,1252,87.3,100.1,7.7,26.56,97.56,0.297,0.215,10.39,0.567,0.776,0.539,0.328,3.244,0.312,Low attention,Watchlist,clear,24.0,76.9
2006_691_Australia,2006,691,Australia,Croatia,B,group,Emirates,win,3,1505,93.1,143.4,5.84,40.23,124.06,0.413,0.258,9.07,0.582,0.797,0.723,0.47,3.614,0.398,Low attention,Scalable,cloudy,22.9,50.6
1930_692_Mexico,1930,692,Mexico,Brazil,B,group,Mastercard,draw,1,1353,87.2,78.0,6.91,31.37,48.91,0.276,0.199,8.52,0.451,0.481,0.718,0.312,3.238,0.38,Low attention,Watchlist,hot,28.5,15.0
1950_693_Morocco,1950,693,Morocco,England,B,final,Sony,loss,0,1334,86.7,67.3,6.16,66.36,210.46,0.644,0.419,3.39,0.433,0.526,0.717,0.422,4.302,1.269,Mid attention,Scalable,rain,25.1,48.1
1978_694_Qatar,1978,694,Qatar,Germany,B,group,Qatar Airways,loss,0,1589,93.0,185.9,3.32,35.99,85.8,0.361,0.181,6.71,0.428,0.445,0.728,0.279,3.252,0.485,Low attention,Watchlist,cloudy,16.2,61.0
1986_695_South_Korea,1986,695,South Korea,England,B,group,Sony,draw,1,1417,87.2,148.7,5.3,34.83,73.05,0.373,0.201,1.99,0.342,0.904,0.287,0.293,3.421,1.719,Low attention,Watchlist,cloudy,26.9,51.1
1930_696_South_Korea,1930,696,South Korea,Croatia,B,round_16,Sony,loss,0,1417,87.2,148.7,5.3,42.63,167.07,0.538,0.282,1.99,0.342,0.904,0.287,0.32,3.791,1.905,Low attention,Watchlist,clear,19.4,20.8
1978_697_Senegal,1978,697,Senegal,Ghana,B,quarter_final,Adidas,draw,1,1511,91.9,152.7,10.6,46.53,131.52,0.476,0.364,15.86,0.559,0.641,0.372,0.447,3.74,0.236,Mid attention,Scalable,hot,30.1,65.2
2018_698_Italy,2018,698,Italy,England,B,group,Mastercard,draw,1,1557,87.9,148.1,6.17,43.12,101.62,0.425,0.264,13.6,0.667,0.776,0.732,0.437,3.527,0.259,Low attention,Scalable,clear,30.3,70.9
1982_699_Belgium,1982,699,Belgium,Canada,B,group,Nike,loss,0,1252,87.3,100.1,7.7,41.56,96.91,0.386,0.279,10.39,0.567,0.776,0.539,0.369,3.491,0.336,Low attention,Watchlist,clear,24.9,95.0
1942_700_Argentina,1942,700,Argentina,Morocco,B,group,Nike,loss,0,1486,87.3,148.5,3.08,39.88,203.82,0.442,0.253,11.04,0.476,0.575,0.332,0.338,3.451,0.313,Low attention,Watchlist,rain,11.4,53.9
1930_701_Portugal,1930,701,Portugal,Uruguay,B,round_16,Adidas,win,3,1416,86.4,101.0,5.55,59.65,259.77,0.648,0.405,12.32,0.731,0.714,0.893,0.619,3.909,0.317,Mid attention,Scalable,cloudy,22.6,54.2
1990_702_Japan,1990,702,Japan,Saudi Arabia,B,round_16,Pepsi,win,3,1508,92.4,147.9,10.25,49.65,99.39,0.444,0.356,13.35,0.59,0.856,0.917,0.516,4.057,0.304,Mid attention,Scalable,cloudy,38.1,44.3
1934_703_Brazil,1934,703,Brazil,Belgium,B,quarter_final,Hyundai,win,3,1453,85.5,158.5,4.37,33.31,87.22,0.311,0.187,6.91,0.55,0.803,0.863,0.414,3.34,0.483,Low attention,Scalable,windy,28.9,43.9
1990_704_Senegal,1990,704,Senegal,Uruguay,B,group,Adidas,loss,0,1511,91.9,152.7,10.6,29.85,67.17,0.323,0.26,15.86,0.559,0.641,0.372,0.347,3.286,0.207,Low attention,Watchlist,clear,27.7,42.5
1978_705_USA,1978,705,USA,Canada,B,group,Coca-Cola,draw,1,1462,89.5,45.2,2.34,42.7,147.77,0.444,0.226,8.25,0.558,0.875,0.653,0.389,3.532,0.428,Low attention,Scalable,windy,28.2,51.7
1986_706_Germany,1986,706,Germany,Canada,B,quarter_final,Qatar Airways,loss,0,1468,91.0,78.5,8.32,44.79,93.55,0.396,0.301,9.37,0.51,0.68,0.549,0.359,3.64,0.388,Low attention,Watchlist,clear,18.7,28.3
1962_707_Uruguay,1962,707,Uruguay,Australia,B,group,Samsung,loss,0,1542,86.2,160.0,3.94,35.99,106.51,0.431,0.201,7.33,0.424,0.483,0.539,0.298,3.567,0.487,Low attention,Watchlist,clear,29.4,53.2
1970_708_Japan,1970,708,Japan,Nigeria,B,quarter_final,Pepsi,win,3,1508,92.4,147.9,10.25,47.35,147.79,0.463,0.37,13.35,0.59,0.856,0.917,0.525,3.937,0.295,Mid attention,Scalable,cloudy,29.1,57.7
1990_709_Japan,1990,709,Japan,Brazil,B,group,Pepsi,win,3,1508,92.4,147.9,10.25,29.99,89.77,0.262,0.266,13.35,0.59,0.856,0.917,0.449,3.234,0.242,Low attention,Scalable,clear,18.7,36.0
1962_710_Nigeria,1962,710,Nigeria,USA,B,group,Adidas,win,3,1409,93.4,118.0,10.18,38.25,42.68,0.314,0.277,3.77,0.464,0.787,0.819,0.42,3.144,0.834,Low attention,Scalable,clear,35.4,52.7
1954_711_Portugal,1954,711,Portugal,South Korea,B,group,Adidas,win,3,1416,86.4,101.0,5.55,32.91,96.17,0.349,0.208,12.32,0.731,0.714,0.893,0.49,3.234,0.262,Low attention,Scalable,hot,28.5,53.8
1950_712_Canada,1950,712,Canada,Qatar,B,group,Nike,loss,0,1538,88.1,105.0,2.03,25.77,176.39,0.338,0.162,4.93,0.451,0.945,0.713,0.276,3.532,0.716,Low attention,Watchlist,clear,35.3,55.9
2018_713_Portugal,2018,713,Portugal,Qatar,B,group,Adidas,draw,1,1416,86.4,101.0,5.55,34.17,87.26,0.364,0.209,12.32,0.731,0.714,0.893,0.427,3.525,0.286,Low attention,Scalable,rain,31.2,28.4
1970_714_Nigeria,1970,714,Nigeria,Spain,B,group,Adidas,draw,1,1409,93.4,118.0,10.18,42.0,131.74,0.42,0.338,3.77,0.464,0.787,0.819,0.395,3.374,0.895,Mid attention,Scalable,clear,23.0,50.5
1934_715_Japan,1934,715,Japan,Belgium,B,group,Pepsi,win,3,1508,92.4,147.9,10.25,19.76,29.83,0.155,0.192,13.35,0.59,0.856,0.917,0.402,2.972,0.223,Low attention,Scalable,clear,28.4,53.5
2006_716_Argentina,2006,716,Argentina,Germany,B,group,Nike,loss,0,1486,87.3,148.5,3.08,48.1,188.06,0.518,0.281,11.04,0.476,0.575,0.332,0.362,3.522,0.319,Low attention,Watchlist,hot,33.3,39.2
1946_717_Brazil,1946,717,Brazil,Argentina,B,round_16,Hyundai,draw,1,1453,85.5,158.5,4.37,45.48,135.23,0.478,0.263,6.91,0.55,0.803,0.863,0.407,3.465,0.501,Low attention,Scalable,clear,19.4,45.3
1986_718_France,1986,718,France,Croatia,B,quarter_final,Nike,draw,1,1520,89.8,66.0,5.59,36.21,186.76,0.431,0.268,5.5,0.394,0.373,0.537,0.347,3.832,0.697,Low attention,Watchlist,cloudy,28.6,73.1
1994_719_Portugal,1994,719,Portugal,Italy,B,group,Adidas,win,3,1416,86.4,101.0,5.55,48.58,252.85,0.575,0.354,12.32,0.731,0.714,0.893,0.587,3.724,0.302,Mid attention,Scalable,hot,14.7,69.9
1974_720_USA,1974,720,USA,Saudi Arabia,B,group,Coca-Cola,loss,0,1462,89.5,45.2,2.34,37.88,109.98,0.374,0.186,8.25,0.558,0.875,0.653,0.328,3.843,0.466,Low attention,Watchlist,clear,25.5,59.0
