match_id,year,team_a,team_b,stage,neutral_site,host_advantage_a,stadium_capacity_k,temperature_c,humidity,weather,event_attention_m,media_reposts_k,result,city,country,date,engagement_rate,fan_growth_7d_pct,news_sentiment_score,text_signal_score,time_decay_attention,a_elo,a_coach_wc_matches,a_squad_market_value_m,a_recent_goal_diff,a_social_followers_m,a_brand_globality,a_core_player_rating,a_core_market_value_m,a_player_followers_m,a_avg_injury_risk,a_avg_availability_score,a_player_fan_growth_30d_pct,a_player_sentiment_score,a_sponsor,a_sponsor_category,a_sponsor_spend_m,a_ad_exposure_m,a_brand_heat_index,a_paid_media_share,a_brand_fit,a_activation_quality,a_historical_sports_presence,a_data_origin,a_sponsor_power_index,b_elo,b_coach_wc_matches,b_squad_market_value_m,b_recent_goal_diff,b_social_followers_m,b_brand_globality,b_core_player_rating,b_core_market_value_m,b_player_followers_m,b_avg_injury_risk,b_avg_availability_score,b_player_fan_growth_30d_pct,b_player_sentiment_score,b_sponsor,b_sponsor_category,b_sponsor_spend_m,b_ad_exposure_m,b_brand_heat_index,b_paid_media_share,b_brand_fit,b_activation_quality,b_historical_sports_presence,b_data_origin,b_sponsor_power_index,elo_diff,market_value_diff_m,coach_exp_diff,core_rating_diff,recent_goal_diff_delta,availability_diff,injury_risk_diff,team_a_strength,fan_score,sponsor_roi,weather_severity,media_exposure_index,injury_risk_score,sponsor_team_fit_score,weather_impact_score,stage_premium_score,commercial_momentum_score,predicted_roi,roi_lift_vs_spend
1,1930,Belgium,United States,tournament,True,0.0,62.0,22.8,71.9,clear,31.6,68.87,B_win,Montevideo,Uruguay,1930-07-13,0.2021,4.94,0.061,0.103,28.79,1674,9,495.4,0.02,28.38,0.646,71.5,40.4,23.19,0.142,0.7919999999999999,3.7566666666666655,0.0076666666666666,Visa,finance,26.85,190.0,1.0,0.538,0.72,0.914,0.914,real_sponsor_names_with_proxy_commercial_metrics,0.712621177050387,1578,6,379.0,-0.3,23.84,0.536,71.9,31.0,12.75,0.132,0.7943333333333333,0.7200000000000001,0.0636666666666666,Vivo,technology,22.58,68.24,0.455,0.416,0.676,0.652,0.654,real_sponsor_names_with_proxy_commercial_metrics,0.4316086395935045,96,116.39999999999998,3,-0.4000000000000057,0.32,-0.0023333333333334,0.0099999999999999,0.6045045124588039,0.4634697195173332,3.43,0.12,0.1207802686022231,0.1684,0.8480000000000001,0.2666734460857775,0.2,0.4495726576773908,3.532,0.132
2,1930,France,Mexico,tournament,True,0.0,44.5,14.8,69.7,clear,36.0,187.48,A_win,Montevideo,Uruguay,1930-07-13,0.1971,4.72,0.127,0.17,39.57,1748,13,584.8,0.26,32.28,0.733,77.8,46.5,18.67,0.2083333333333333,0.8296666666666667,3.483333333333333,0.3613333333333333,Qatar Airways,airline,24.02,81.37,0.593,0.647,0.801,0.711,0.647,real_sponsor_names_with_proxy_commercial_metrics,0.5102507613733611,1612,10,421.9,-0.18,26.83,0.584,72.1,37.6,18.89,0.2446666666666666,0.7546666666666667,1.1233333333333333,0.211,Hyundai,automotive,28.5,420.0,1.0,0.636,0.712,0.897,0.88,real_sponsor_names_with_proxy_commercial_metrics,0.853187632551073,136,162.89999999999998,3,5.700000000000003,0.44,0.0749999999999999,-0.0363333333333333,0.8018213325687816,0.5139586667566008,3.469,0.12,0.2734037141360808,0.1931333333333333,0.7179599999999999,0.4236412616855777,0.2,0.425975752248671,3.493,0.145
3,1930,Brazil,Yugoslavia,tournament,True,0.0,67.8,21.5,30.5,hot,31.6,85.92,B_win,Montevideo,Uruguay,1930-07-14,0.3487,4.13,0.183,0.218,27.41,1829,20,683.6,0.5,36.78,0.83,78.8,57.4,18.61,0.1376666666666667,0.7313333333333333,3.723333333333333,0.206,Adidas,apparel,33.15,430.0,1.0,0.369,0.809,0.916,0.861,real_sponsor_names_with_proxy_commercial_metrics,0.9383411482254695,1669,5,487.0,0.06,26.56,0.629,74.2,37.3,11.34,0.1803333333333333,0.851,3.0733333333333337,0.222,Qatar Airways,airline,17.82,67.59,0.448,0.779,0.762,0.645,0.666,real_sponsor_names_with_proxy_commercial_metrics,0.3790951727656917,160,196.6,15,4.599999999999994,0.44,-0.1196666666666667,-0.0426666666666666,0.9764150943396226,0.4137994805148214,3.725,0.62,0.1985698974190086,0.1900666666666667,0.87793,0.2799810889887961,0.2,0.5082859096020644,3.82,0.115
4,1930,Peru,Romania,tournament,True,0.0,70.2,18.5,51.5,rain,33.8,77.75,B_win,Montevideo,Uruguay,1930-07-14,0.5358,6.91,0.325,0.214,26.75,1576,3,374.1,-0.28,21.13,0.516,66.6,39.7,14.92,0.2316666666666666,0.8953333333333333,3.016666666666667,0.1463333333333333,Hisense,technology,33.45,200.0,1.0,0.314,0.647,0.931,0.617,real_sponsor_names_with_proxy_commercial_metrics,0.7773160705953475,1634,3,443.7,0.0,23.69,0.581,73.6,37.4,11.0,0.1443333333333333,0.7826666666666666,1.6033333333333335,0.135,Qatar Airways,airline,19.84,68.58,0.459,0.365,0.75,0.711,0.645,real_sponsor_names_with_proxy_commercial_metrics,0.4142103836358286,-58,-69.59999999999997,0,-7.0,-0.28,0.1126666666666666,0.0873333333333333,0.3706351825344051,0.3695629079591615,3.125,0.48,0.253448881802626,0.1808666666666666,0.7770400000000001,0.3927565118104617,0.2,0.4546568475319739,3.191,0.095
5,1930,Argentina,France,tournament,True,0.0,32.6,28.5,44.2,windy,27.2,116.04,A_win,Montevideo,Uruguay,1930-07-15,0.2153,1.67,0.174,0.129,27.37,1753,15,591.7,0.26,33.16,0.743,76.8,58.0,19.5,0.2623333333333333,0.8586666666666667,3.813333333333333,0.2106666666666666,Hyundai,automotive,30.74,420.0,1.0,0.338,0.813,0.936,0.851,real_sponsor_names_with_proxy_commercial_metrics,0.9027842922587972,1748,13,584.8,0.26,32.28,0.733,77.8,46.5,18.67,0.2083333333333333,0.8296666666666667,3.483333333333333,0.3613333333333333,Qatar Airways,airline,24.02,81.37,0.593,0.647,0.801,0.711,0.647,real_sponsor_names_with_proxy_commercial_metrics,0.5102507613733611,5,6.900000000000091,2,-1.0,0.0,0.029,0.054,0.8112048561394937,0.4492229897675783,3.615,0.48,0.138779664569502,0.2139333333333333,0.8831100000000001,0.4392479840148433,0.2,0.4970060001909336,3.748,0.122
6,1930,Chile,Mexico,tournament,True,0.0,41.1,23.2,78.7,clear,31.6,97.72,A_win,Montevideo,Uruguay,1930-07-16,0.1342,2.47,0.152,0.222,30.43,1622,5,430.7,-0.12,24.93,0.579,72.9,38.6,16.65,0.135,0.8083333333333332,3.453333333333333,0.1826666666666666,Hisense,technology,27.36,200.0,1.0,0.243,0.681,0.911,0.656,real_sponsor_names_with_proxy_commercial_metrics,0.7002451520149715,1612,10,421.9,-0.18,26.83,0.584,72.1,37.6,18.89,0.2446666666666666,0.7546666666666667,1.1233333333333333,0.211,Hyundai,automotive,28.5,420.0,1.0,0.636,0.712,0.897,0.88,real_sponsor_names_with_proxy_commercial_metrics,0.853187632551073,10,8.800000000000011,-5,0.8000000000000114,0.06,0.0536666666666665,-0.1096666666666666,0.5136943396293857,0.3919979422580586,3.335,0.12,0.1562941110846321,0.1576666666666667,0.79217,0.3064607864126168,0.2,0.426520882532776,3.386,0.124
7,1930,Bolivia,Yugoslavia,tournament,True,0.0,59.7,21.3,36.4,cloudy,33.8,113.56,B_win,Montevideo,Uruguay,1930-07-17,0.2741,2.35,0.225,0.212,37.72,1404,1,163.9,-0.83,11.34,0.308,64.1,13.8,5.97,0.2236666666666666,0.8046666666666668,3.263333333333333,0.1586666666666666,Qatar Airways,airline,24.48,76.99,0.547,0.397,0.575,0.669,0.621,real_sponsor_names_with_proxy_commercial_metrics,0.4624106641384555,1669,5,487.0,0.06,26.56,0.629,74.2,37.3,11.34,0.1803333333333333,0.851,3.0733333333333337,0.222,Qatar Airways,airline,17.82,67.59,0.448,0.779,0.762,0.645,0.666,real_sponsor_names_with_proxy_commercial_metrics,0.3790951727656917,-265,-323.1,-4,-10.100000000000009,-0.8899999999999999,-0.0463333333333332,0.0433333333333333,0.0638608636769832,0.2185897005653997,2.502,0.22,0.2340097166418246,0.2123333333333332,0.6003599999999999,0.1506772282880182,0.2,0.3062960188799062,2.52,0.103
8,1930,Paraguay,United States,tournament,True,0.0,53.9,22.4,83.7,clear,31.6,86.88,B_win,Montevideo,Uruguay,1930-07-17,0.1618,2.03,0.212,0.156,29.46,1578,4,377.4,-0.11,22.66,0.528,69.9,30.5,12.88,0.1066666666666666,0.8923333333333333,3.733333333333333,0.1686666666666666,Hyundai,automotive,26.2,420.0,1.0,0.401,0.667,0.921,0.802,real_sponsor_names_with_proxy_commercial_metrics,0.8124367766011774,1578,6,379.0,-0.3,23.84,0.536,71.9,31.0,12.75,0.132,0.7943333333333333,0.7200000000000001,0.0636666666666666,Vivo,technology,22.58,68.24,0.455,0.416,0.676,0.652,0.654,real_sponsor_names_with_proxy_commercial_metrics,0.4316086395935045,0,-1.6000000000000227,-2,-2.0,0.19,0.0979999999999999,-0.0253333333333333,0.4105964679456181,0.3453813299881239,3.371,0.12,0.1374797099718253,0.1070666666666666,0.81069,0.3072564761293084,0.2,0.4422601407753224,3.544,0.135
9,1930,Uruguay,Peru,tournament,False,0.18,57.8,24.3,57.5,cloudy,27.2,71.09,A_win,Montevideo,Uruguay,1930-07-18,0.3183,-1.38,0.11,0.146,22.54,1684,10,508.3,0.07,29.28,0.661,74.8,44.8,20.58,0.1356666666666666,0.8753333333333333,1.923333333333333,0.1913333333333333,Vivo,technology,19.75,76.46,0.542,0.306,0.797,0.741,0.63,real_sponsor_names_with_proxy_commercial_metrics,0.4425490151146019,1576,3,374.1,-0.28,21.13,0.516,66.6,39.7,14.92,0.2316666666666666,0.8953333333333333,3.016666666666667,0.1463333333333333,Hisense,technology,33.45,200.0,1.0,0.314,0.647,0.931,0.617,real_sponsor_names_with_proxy_commercial_metrics,0.7773160705953475,108,134.2,7,8.200000000000003,0.35,-0.02,-0.096,0.6570661125383135,0.4160080349128613,3.341,0.22,0.1262806085659213,0.1312666666666666,0.71205,0.2834685649040177,0.2,0.3557611351162899,3.33,0.169
10,1930,Argentina,Mexico,tournament,True,0.0,46.9,26.7,39.4,clear,44.8,122.09,A_win,Montevideo,Uruguay,1930-07-19,0.1508,5.69,0.34,0.287,40.26,1753,15,591.7,0.26,33.16,0.743,76.8,58.0,19.5,0.2623333333333333,0.8586666666666667,3.813333333333333,0.2106666666666666,Hyundai,automotive,30.74,420.0,1.0,0.338,0.813,0.936,0.851,real_sponsor_names_with_proxy_commercial_metrics,0.9027842922587972,1612,10,421.9,-0.18,26.83,0.584,72.1,37.6,18.89,0.2446666666666666,0.7546666666666667,1.1233333333333333,0.211,Hyundai,automotive,28.5,420.0,1.0,0.636,0.712,0.897,0.88,real_sponsor_names_with_proxy_commercial_metrics,0.853187632551073,141,169.80000000000007,5,4.700000000000003,0.44,0.1039999999999999,0.0176666666666666,0.8112048561394937,0.5304466388485226,3.924,0.12,0.2891011161544674,0.2139333333333333,0.8831100000000001,0.2276864340255476,0.2,0.5498129122505913,3.948,0.128
11,1930,Chile,France,tournament,True,0.0,69.4,17.0,47.2,clear,27.2,52.78,A_win,Montevideo,Uruguay,1930-07-19,0.2444,0.65,0.154,0.206,25.07,1622,5,430.7,-0.12,24.93,0.579,72.9,38.6,16.65,0.135,0.8083333333333332,3.453333333333333,0.1826666666666666,Hisense,technology,27.36,200.0,1.0,0.243,0.681,0.911,0.656,real_sponsor_names_with_proxy_commercial_metrics,0.7002451520149715,1748,13,584.8,0.26,32.28,0.733,77.8,46.5,18.67,0.2083333333333333,0.8296666666666667,3.483333333333333,0.3613333333333333,Qatar Airways,airline,24.02,81.37,0.593,0.647,0.801,0.711,0.647,real_sponsor_names_with_proxy_commercial_metrics,0.5102507613733611,-126,-154.09999999999997,-8,-4.899999999999992,-0.38,-0.0213333333333334,-0.0733333333333333,0.5136943396293857,0.3565723502942026,3.466,0.12,0.1130900836227563,0.1576666666666667,0.79217,0.2691936059373438,0.2,0.4079609112905211,3.269,0.119
12,1930,Belgium,Paraguay,tournament,True,0.0,68.1,16.8,45.2,cloudy,27.2,75.84,B_win,Montevideo,Uruguay,1930-07-20,0.2494,3.16,0.175,0.108,26.93,1674,9,495.4,0.02,28.38,0.646,71.5,40.4,23.19,0.142,0.7919999999999999,3.7566666666666655,0.0076666666666666,Visa,finance,26.85,190.0,1.0,0.538,0.72,0.914,0.914,real_sponsor_names_with_proxy_commercial_metrics,0.712621177050387,1578,4,377.4,-0.11,22.66,0.528,69.9,30.5,12.88,0.1066666666666666,0.8923333333333333,3.733333333333333,0.1686666666666666,Hyundai,automotive,26.2,420.0,1.0,0.401,0.667,0.921,0.802,real_sponsor_names_with_proxy_commercial_metrics,0.8124367766011774,96,118.0,5,1.5999999999999943,0.13,-0.1003333333333333,0.0353333333333333,0.6045045124588039,0.4461170668867524,3.454,0.22,0.1122939556899124,0.1684,0.8480000000000001,0.3057539427674303,0.2,0.443016652358366,3.518,0.131
13,1930,Bolivia,Brazil,tournament,True,0.0,58.9,29.6,37.6,clear,33.8,104.94,B_win,Montevideo,Uruguay,1930-07-20,0.4292,-0.19,0.2,0.277,29.7,1404,1,163.9,-0.83,11.34,0.308,64.1,13.8,5.97,0.2236666666666666,0.8046666666666668,3.263333333333333,0.1586666666666666,Qatar Airways,airline,24.48,76.99,0.547,0.397,0.575,0.669,0.621,real_sponsor_names_with_proxy_commercial_metrics,0.4624106641384555,1829,20,683.6,0.5,36.78,0.83,78.8,57.4,18.61,0.1376666666666667,0.7313333333333333,3.723333333333333,0.206,Adidas,apparel,33.15,430.0,1.0,0.369,0.809,0.916,0.861,real_sponsor_names_with_proxy_commercial_metrics,0.9383411482254695,-425,-519.7,-19,-14.700000000000005,-1.33,0.0733333333333334,0.086,0.0638608636769832,0.2155885690482964,2.483,0.12,0.2666268488156589,0.2123333333333332,0.6003599999999999,0.2953421822593306,0.2,0.3119791284898842,2.451,0.1
14,1930,Uruguay,Romania,tournament,False,0.18,72.7,20.5,59.5,cloudy,33.8,162.16,A_win,Montevideo,Uruguay,1930-07-21,0.3319,4.1,0.184,0.23,33.06,1684,10,508.3,0.07,29.28,0.661,74.8,44.8,20.58,0.1356666666666666,0.8753333333333333,1.923333333333333,0.1913333333333333,Vivo,technology,19.75,76.46,0.542,0.306,0.797,0.741,0.63,real_sponsor_names_with_proxy_commercial_metrics,0.4425490151146019,1634,3,443.7,0.0,23.69,0.581,73.6,37.4,11.0,0.1443333333333333,0.7826666666666666,1.6033333333333335,0.135,Qatar Airways,airline,19.84,68.58,0.459,0.365,0.75,0.711,0.645,real_sponsor_names_with_proxy_commercial_metrics,0.4142103836358286,50,64.60000000000002,7,1.2000000000000028,0.07,0.0926666666666666,-0.0086666666666666,0.6570661125383135,0.4773838673707874,3.672,0.22,0.278862283137017,0.1312666666666666,0.71205,0.2713012916577463,0.2,0.4034627031187283,3.48,0.176
15,1930,Argentina,Chile,tournament,True,0.0,64.1,14.5,38.4,cloudy,33.8,98.94,A_win,Montevideo,Uruguay,1930-07-22,0.1986,1.15,0.278,0.208,37.41,1753,15,591.7,0.26,33.16,0.743,76.8,58.0,19.5,0.2623333333333333,0.8586666666666667,3.813333333333333,0.2106666666666666,Hyundai,automotive,30.74,420.0,1.0,0.338,0.813,0.936,0.851,real_sponsor_names_with_proxy_commercial_metrics,0.9027842922587972,1622,5,430.7,-0.12,24.93,0.579,72.9,38.6,16.65,0.135,0.8083333333333332,3.453333333333333,0.1826666666666666,Hisense,technology,27.36,200.0,1.0,0.243,0.681,0.911,0.656,real_sponsor_names_with_proxy_commercial_metrics,0.7002451520149715,131,161.00000000000006,10,3.899999999999992,0.38,0.0503333333333334,0.1273333333333333,0.8112048561394937,0.4729384514360537,3.949,0.22,0.200538669713468,0.2139333333333333,0.8831100000000001,0.3361978163134232,0.2,0.5159981304869001,3.818,0.124
16,1930,Argentina,United States,tournament,True,0.0,46.8,25.7,23.1,clear,40.4,60.05,A_win,Montevideo,Uruguay,1930-07-26,0.4507,0.41,0.109,0.111,37.67,1753,15,591.7,0.26,33.16,0.743,76.8,58.0,19.5,0.2623333333333333,0.8586666666666667,3.813333333333333,0.2106666666666666,Hyundai,automotive,30.74,420.0,1.0,0.338,0.813,0.936,0.851,real_sponsor_names_with_proxy_commercial_metrics,0.9027842922587972,1578,6,379.0,-0.3,23.84,0.536,71.9,31.0,12.75,0.132,0.7943333333333333,0.7200000000000001,0.0636666666666666,Vivo,technology,22.58,68.24,0.455,0.416,0.676,0.652,0.654,real_sponsor_names_with_proxy_commercial_metrics,0.4316086395935045,175,212.70000000000005,9,4.899999999999992,0.56,0.0643333333333333,0.1303333333333333,0.8112048561394937,0.4890675261256797,3.782,0.12,0.2537289228228999,0.2139333333333333,0.8831100000000001,0.1312427745664739,0.2,0.5311523220218818,3.851,0.125
17,1930,Uruguay,Yugoslavia,tournament,False,0.18,62.8,25.8,51.9,windy,40.4,112.45,A_win,Montevideo,Uruguay,1930-07-27,0.1696,3.21,0.219,0.233,40.99,1684,10,508.3,0.07,29.28,0.661,74.8,44.8,20.58,0.1356666666666666,0.8753333333333333,1.923333333333333,0.1913333333333333,Vivo,technology,19.75,76.46,0.542,0.306,0.797,0.741,0.63,real_sponsor_names_with_proxy_commercial_metrics,0.4425490151146019,1669,5,487.0,0.06,26.56,0.629,74.2,37.3,11.34,0.1803333333333333,0.851,3.0733333333333337,0.222,Qatar Airways,airline,17.82,67.59,0.448,0.779,0.762,0.645,0.666,real_sponsor_names_with_proxy_commercial_metrics,0.3790951727656917,15,21.30000000000001,5,0.5999999999999943,0.01,0.0243333333333333,-0.0446666666666666,0.6570661125383135,0.4897458605041422,3.584,0.48,0.25247193738501,0.1312666666666666,0.71205,0.4022883750802826,0.2,0.4016459920456663,3.469,0.176
18,1930,Uruguay,Argentina,tournament,False,0.18,45.5,13.8,29.2,cloudy,38.2,235.07,A_win,Montevideo,Uruguay,1930-07-30,0.0369,1.33,0.169,0.172,32.94,1684,10,508.3,0.07,29.28,0.661,74.8,44.8,20.58,0.1356666666666666,0.8753333333333333,1.923333333333333,0.1913333333333333,Vivo,technology,19.75,76.46,0.542,0.306,0.797,0.741,0.63,real_sponsor_names_with_proxy_commercial_metrics,0.4425490151146019,1753,15,591.7,0.26,33.16,0.743,76.8,58.0,19.5,0.2623333333333333,0.8586666666666667,3.813333333333333,0.2106666666666666,Hyundai,automotive,30.74,420.0,1.0,0.338,0.813,0.936,0.851,real_sponsor_names_with_proxy_commercial_metrics,0.9027842922587972,-69,-83.40000000000003,-5,-2.0,-0.19,0.0166666666666666,-0.1266666666666667,0.6570661125383135,0.5225474696053372,3.534,0.22,0.2600500855630835,0.1312666666666666,0.71205,0.3146528223792193,0.2,0.4123460722296156,3.524,0.178
19,1934,Argentina,Sweden,tournament,True,0.0,69.4,24.4,46.0,rain,37.46,136.44,B_win,Bologna,Italy,1934-05-27,0.149,1.59,0.235,0.125,40.03,1753,15,591.7,0.26,33.16,0.743,76.8,58.0,19.5,0.2623333333333333,0.8586666666666667,3.813333333333333,0.2106666666666666,Hyundai,automotive,30.74,420.0,1.0,0.338,0.813,0.936,0.851,real_sponsor_names_with_proxy_commercial_metrics,0.9027842922587972,1654,9,471.1,0.0,27.67,0.624,74.4,39.2,19.34,0.1766666666666666,0.6789999999999999,3.783333333333333,0.1453333333333333,Budweiser,beverage,26.29,200.0,1.0,0.625,0.705,0.91,0.618,real_sponsor_names_with_proxy_commercial_metrics,0.6867753190295852,99,120.60000000000002,6,2.3999999999999915,0.26,0.1796666666666667,0.0856666666666667,0.8112048561394937,0.5024472173589174,3.873,0.48,0.220265015719043,0.2139333333333333,0.8831100000000001,0.3403783629486904,0.2,0.5282058541464169,3.884,0.126
20,1934,Austria,France,tournament,True,0.0,57.4,27.4,43.5,cloudy,37.46,85.3,A_win,Turin,Italy,1934-05-27,0.3255,3.16,0.139,0.155,32.86,1660,5,475.8,-0.03,25.77,0.617,70.5,44.6,14.99,0.1396666666666666,0.88,2.703333333333333,0.218,McDonald's,restaurant,21.71,77.28,0.55,0.451,0.702,0.72,0.649,real_sponsor_names_with_proxy_commercial_metrics,0.4544283435251633,1748,13,584.8,0.26,32.28,0.733,77.8,46.5,18.67,0.2083333333333333,0.8296666666666667,3.483333333333333,0.3613333333333333,Qatar Airways,airline,24.02,81.37,0.593,0.647,0.801,0.711,0.647,real_sponsor_names_with_proxy_commercial_metrics,0.5102507613733611,-88,-108.99999999999994,-8,-7.299999999999997,-0.29,0.0503333333333333,-0.0686666666666666,0.5506732285488857,0.3933309283724592,3.268,0.22,0.220939030448301,0.1317999999999999,0.6711900000000001,0.3036105758938129,0.2,0.365441868479988,3.168,0.146
21,1934,Belgium,Germany,tournament,True,0.0,55.6,25.2,44.1,rain,41.86,141.15,B_win,Florence,Italy,1934-05-27,0.252,4.48,0.128,0.294,41.39,1674,9,495.4,0.02,28.38,0.646,71.5,40.4,23.19,0.142,0.7919999999999999,3.7566666666666655,0.0076666666666666,Visa,finance,26.85,190.0,1.0,0.538,0.72,0.914,0.914,real_sponsor_names_with_proxy_commercial_metrics,0.712621177050387,1798,20,646.1,0.4,35.62,0.797,81.3,65.9,22.15,0.2123333333333333,0.851,5.576666666666667,0.3273333333333333,Coca-Cola,beverage,29.19,180.0,1.0,0.286,0.859,0.907,0.902,real_sponsor_names_with_proxy_commercial_metrics,0.7594715235889338,-124,-150.70000000000005,-11,-9.799999999999995,-0.38,-0.059,-0.0703333333333333,0.6045045124588039,0.5347564416686862,3.575,0.48,0.3201101625161568,0.1684,0.8480000000000001,0.3529777349603938,0.2,0.5093989186625565,3.596,0.134
22,1934,Brazil,Spain,tournament,True,0.0,49.1,26.8,90.0,rain,35.26,81.86,B_win,Genoa,Italy,1934-05-27,0.3091,1.08,0.215,0.199,31.31,1829,20,683.6,0.5,36.78,0.83,78.8,57.4,18.61,0.1376666666666667,0.7313333333333333,3.723333333333333,0.206,Adidas,apparel,33.15,430.0,1.0,0.369,0.809,0.916,0.861,real_sponsor_names_with_proxy_commercial_metrics,0.9383411482254695,1708,12,537.2,0.18,30.58,0.689,77.4,45.2,19.26,0.2126666666666666,0.84,4.25,0.077,Budweiser,beverage,27.85,200.0,1.0,0.321,0.724,0.933,0.612,real_sponsor_names_with_proxy_commercial_metrics,0.7135544213260362,121,146.39999999999998,8,1.3999999999999917,0.32,-0.1086666666666666,-0.0749999999999999,0.9764150943396226,0.428838753879586,3.582,0.48,0.2090385441595204,0.1900666666666667,0.87793,0.5929295654035539,0.2,0.5145906354923009,3.835,0.116
23,1934,Czechoslovakia,Romania,tournament,True,0.0,73.9,14.6,58.9,hot,33.06,64.67,A_win,Trieste,Italy,1934-05-27,0.1108,0.72,0.185,0.131,26.59,1636,5,447.8,-0.1,25.08,0.592,72.1,45.6,14.05,0.2196666666666666,0.848,2.25,0.1806666666666666,Visa,finance,31.09,190.0,1.0,0.557,0.715,0.89,0.868,real_sponsor_names_with_proxy_commercial_metrics,0.763017711497151,1634,3,443.7,0.0,23.69,0.581,73.6,37.4,11.0,0.1443333333333333,0.7826666666666666,1.6033333333333335,0.135,Qatar Airways,airline,19.84,68.58,0.459,0.365,0.75,0.711,0.645,real_sponsor_names_with_proxy_commercial_metrics,0.4142103836358286,2,4.100000000000023,2,-1.5,-0.1,0.0653333333333333,0.0753333333333333,0.5283363782801519,0.3284425220745803,3.443,0.62,0.1015167876351783,0.1925999999999999,0.8329999999999999,0.5821769071576393,0.2,0.4164555144672344,3.227,0.104
24,1934,Egypt,Hungary,tournament,True,0.0,56.0,25.0,61.9,cloudy,39.66,102.8,B_win,Naples,Italy,1934-05-27,0.2154,2.85,0.091,0.087,35.5,1408,1,169.0,-0.71,11.98,0.316,63.5,15.1,8.15,0.2326666666666666,0.6676666666666667,6.896666666666666,0.1536666666666666,Hyundai,automotive,30.54,420.0,1.0,0.558,0.597,0.912,0.85,real_sponsor_names_with_proxy_commercial_metrics,0.8623203047848934,1691,5,513.5,0.03,27.22,0.652,78.9,42.6,16.61,0.1083333333333333,0.8380000000000001,2.99,0.2826666666666667,Adidas,apparel,33.47,430.0,1.0,0.501,0.712,0.937,0.887,real_sponsor_names_with_proxy_commercial_metrics,0.931713528183716,-283,-344.5,-4,-15.400000000000006,-0.74,-0.1703333333333333,0.1243333333333333,0.0646393014452089,0.3168688027318037,3.046,0.22,0.2050473425398689,0.2725333333333333,0.7862399999999998,0.3206890030685791,0.2,0.4464112064212532,3.097,0.101
25,1934,Italy,United States,tournament,False,0.18,52.4,21.2,29.6,clear,44.06,129.18,A_win,Rome,Italy,1934-05-27,0.1764,3.93,0.264,0.286,37.73,1755,14,594.5,0.34,33.03,0.744,77.8,61.6,11.04,0.3303333333333333,0.8929999999999999,1.3333333333333333,0.0393333333333333,Visa,finance,33.4,190.0,1.0,0.316,0.761,0.842,0.918,real_sponsor_names_with_proxy_commercial_metrics,0.7989842668207419,1578,6,379.0,-0.3,23.84,0.536,71.9,31.0,12.75,0.132,0.7943333333333333,0.7200000000000001,0.0636666666666666,Vivo,technology,22.58,68.24,0.455,0.416,0.676,0.652,0.654,real_sponsor_names_with_proxy_commercial_metrics,0.4316086395935045,177,215.5,8,5.899999999999992,0.64,0.0986666666666665,0.1983333333333333,0.8187106162327391,0.3166578028487203,3.446,0.12,0.2910242568836148,0.241,0.84782,0.0838956683079997,0.2,0.4588600602113426,3.488,0.104
26,1934,Netherlands,Switzerland,tournament,True,0.0,53.4,20.1,47.5,clear,37.46,63.38,B_win,Milan,Italy,1934-05-27,0.3884,5.87,0.215,0.244,41.26,1746,9,581.1,0.35,31.14,0.724,75.8,49.9,15.97,0.1103333333333333,0.742,2.733333333333333,0.1786666666666666,Hisense,technology,32.27,200.0,1.0,0.505,0.811,0.856,0.664,real_sponsor_names_with_proxy_commercial_metrics,0.781083544499314,1632,7,443.7,-0.12,26.09,0.595,72.7,48.1,17.05,0.1836666666666666,0.914,2.223333333333333,0.2486666666666666,Adidas,apparel,31.4,430.0,1.0,0.14,0.774,0.888,0.845,real_sponsor_names_with_proxy_commercial_metrics,0.90423375782881,114,137.40000000000003,2,3.0999999999999943,0.47,-0.172,-0.0733333333333333,0.7581498473599972,0.3663741843926204,3.217,0.12,0.264508437158693,0.1694,0.8342200000000001,0.1898540640833511,0.2,0.4655733097415077,3.486,0.108
27,1934,Austria,Hungary,tournament,True,0.0,64.9,28.2,61.4,cloudy,33.06,68.48,A_win,Bologna,Italy,1934-05-31,0.2267,0.55,0.15,0.224,28.95,1660,5,475.8,-0.03,25.77,0.617,70.5,44.6,14.99,0.1396666666666666,0.88,2.703333333333333,0.218,McDonald's,restaurant,21.71,77.28,0.55,0.451,0.702,0.72,0.649,real_sponsor_names_with_proxy_commercial_metrics,0.4544283435251633,1691,5,513.5,0.03,27.22,0.652,78.9,42.6,16.61,0.1083333333333333,0.8380000000000001,2.99,0.2826666666666667,Adidas,apparel,33.47,430.0,1.0,0.501,0.712,0.937,0.887,real_sponsor_names_with_proxy_commercial_metrics,0.931713528183716,-31,-37.69999999999999,0,-8.400000000000006,-0.06,0.0419999999999999,0.0313333333333333,0.5506732285488857,0.3676955705456038,3.265,0.22,0.164880757996599,0.1317999999999999,0.6711900000000001,0.4017655034610718,0.2,0.347052313798128,3.099,0.143
28,1934,Czechoslovakia,Switzerland,tournament,True,0.0,62.8,31.9,41.6,clear,37.46,107.36,A_win,Turin,Italy,1934-05-31,0.3293,2.13,0.119,0.168,42.36,1636,5,447.8,-0.1,25.08,0.592,72.1,45.6,14.05,0.2196666666666666,0.848,2.25,0.1806666666666666,Visa,finance,31.09,190.0,1.0,0.557,0.715,0.89,0.868,real_sponsor_names_with_proxy_commercial_metrics,0.763017711497151,1632,7,443.7,-0.12,26.09,0.595,72.7,48.1,17.05,0.1836666666666666,0.914,2.223333333333333,0.2486666666666666,Adidas,apparel,31.4,430.0,1.0,0.14,0.774,0.888,0.845,real_sponsor_names_with_proxy_commercial_metrics,0.90423375782881,4,4.100000000000023,-2,-0.6000000000000085,0.0199999999999999,-0.066,0.036,0.5283363782801519,0.3630847560438329,3.454,0.12,0.2649057412511754,0.1925999999999999,0.8329999999999999,0.3724527224719902,0.2,0.4588331307018245,3.302,0.106
29,1934,Germany,Sweden,tournament,True,0.0,63.4,33.8,72.5,clear,33.06,84.27,A_win,Milan,Italy,1934-05-31,0.2765,5.27,0.185,0.238,31.65,1798,20,646.1,0.4,35.62,0.797,81.3,65.9,22.15,0.2123333333333333,0.851,5.576666666666667,0.3273333333333333,Coca-Cola,beverage,29.19,180.0,1.0,0.286,0.859,0.907,0.902,real_sponsor_names_with_proxy_commercial_metrics,0.7594715235889338,1654,9,471.1,0.0,27.67,0.624,74.4,39.2,19.34,0.1766666666666666,0.6789999999999999,3.783333333333333,0.1453333333333333,Budweiser,beverage,26.29,200.0,1.0,0.625,0.705,0.91,0.618,real_sponsor_names_with_proxy_commercial_metrics,0.6867753190295852,144,175.0,11,6.899999999999992,0.4,0.172,0.0356666666666666,0.9510351228677828,0.5617920424295676,3.934,0.12,0.2004238136002518,0.1869999999999999,0.90283,0.5553932063084278,0.2,0.5108359002616734,3.835,0.131
30,1934,Italy,Spain,tournament,False,0.18,63.6,30.9,38.8,clear,30.86,98.5,draw,Florence,Italy,1934-05-31,0.2356,6.94,0.209,0.15,26.53,1755,14,594.5,0.34,33.03,0.744,77.8,61.6,11.04,0.3303333333333333,0.8929999999999999,1.3333333333333333,0.0393333333333333,Visa,finance,33.4,190.0,1.0,0.316,0.761,0.842,0.918,real_sponsor_names_with_proxy_commercial_metrics,0.7989842668207419,1708,12,537.2,0.18,30.58,0.689,77.4,45.2,19.26,0.2126666666666666,0.84,4.25,0.077,Budweiser,beverage,27.85,200.0,1.0,0.321,0.724,0.933,0.612,real_sponsor_names_with_proxy_commercial_metrics,0.7135544213260362,47,57.29999999999996,2,0.3999999999999915,0.16,0.0529999999999999,0.1176666666666667,0.8187106162327391,0.2466383165384908,3.264,0.12,0.1539057571868309,0.241,0.84782,0.3343423963462498,0.2,0.4118309041051217,3.358,0.101
31,1934,Italy,Spain,tournament,False,0.18,85.8,22.3,53.4,cloudy,28.66,58.29,A_win,Florence,Italy,1934-06-01,0.2084,0.71,0.029,0.111,26.39,1755,14,594.5,0.34,33.03,0.744,77.8,61.6,11.04,0.3303333333333333,0.8929999999999999,1.3333333333333333,0.0393333333333333,Visa,finance,33.4,190.0,1.0,0.316,0.761,0.842,0.918,real_sponsor_names_with_proxy_commercial_metrics,0.7989842668207419,1708,12,537.2,0.18,30.58,0.689,77.4,45.2,19.26,0.2126666666666666,0.84,4.25,0.077,Budweiser,beverage,27.85,200.0,1.0,0.321,0.724,0.933,0.612,real_sponsor_names_with_proxy_commercial_metrics,0.7135544213260362,47,57.29999999999996,2,0.3999999999999915,0.16,0.0529999999999999,0.1176666666666667,0.8187106162327391,0.2227491779679999,3.493,0.22,0.0951047039645494,0.241,0.84782,0.2137293941340184,0.2,0.3933817346609279,3.236,0.097
32,1934,Czechoslovakia,Germany,tournament,True,0.0,52.7,25.1,48.6,clear,35.26,123.06,A_win,Rome,Italy,1934-06-03,0.1694,1.25,0.186,0.184,29.83,1636,5,447.8,-0.1,25.08,0.592,72.1,45.6,14.05,0.2196666666666666,0.848,2.25,0.1806666666666666,Visa,finance,31.09,190.0,1.0,0.557,0.715,0.89,0.868,real_sponsor_names_with_proxy_commercial_metrics,0.763017711497151,1798,20,646.1,0.4,35.62,0.797,81.3,65.9,22.15,0.2123333333333333,0.851,5.576666666666667,0.3273333333333333,Coca-Cola,beverage,29.19,180.0,1.0,0.286,0.859,0.907,0.902,real_sponsor_names_with_proxy_commercial_metrics,0.7594715235889338,-162,-198.3,-15,-9.200000000000005,-0.5,-0.003,0.0073333333333333,0.5283363782801519,0.3586611932414679,3.362,0.12,0.1935179824061535,0.1925999999999999,0.8329999999999999,0.2258210233354742,0.2,0.443316981348158,3.238,0.104
33,1934,Italy,Austria,tournament,False,0.18,51.3,27.6,60.6,cloudy,28.66,58.79,A_win,Milan,Italy,1934-06-03,0.1528,3.6,0.208,0.241,30.96,1755,14,594.5,0.34,33.03,0.744,77.8,61.6,11.04,0.3303333333333333,0.8929999999999999,1.3333333333333333,0.0393333333333333,Visa,finance,33.4,190.0,1.0,0.316,0.761,0.842,0.918,real_sponsor_names_with_proxy_commercial_metrics,0.7989842668207419,1660,5,475.8,-0.03,25.77,0.617,70.5,44.6,14.99,0.1396666666666666,0.88,2.703333333333333,0.218,McDonald's,restaurant,21.71,77.28,0.55,0.451,0.702,0.72,0.649,real_sponsor_names_with_proxy_commercial_metrics,0.4544283435251633,95,118.7,9,7.299999999999997,0.37,0.0129999999999999,0.1906666666666667,0.8187106162327391,0.2229232575223562,3.176,0.22,0.1229535551874442,0.241,0.84782,0.3827017769214301,0.2,0.3990002471807266,3.27,0.098
34,1934,Austria,Germany,tournament,True,0.0,47.4,23.7,47.8,rain,37.46,169.57,B_win,Naples,Italy,1934-06-07,0.4122,1.59,-0.032,0.111,30.84,1660,5,475.8,-0.03,25.77,0.617,70.5,44.6,14.99,0.1396666666666666,0.88,2.703333333333333,0.218,McDonald's,restaurant,21.71,77.28,0.55,0.451,0.702,0.72,0.649,real_sponsor_names_with_proxy_commercial_metrics,0.4544283435251633,1798,20,646.1,0.4,35.62,0.797,81.3,65.9,22.15,0.2123333333333333,0.851,5.576666666666667,0.3273333333333333,Coca-Cola,beverage,29.19,180.0,1.0,0.286,0.859,0.907,0.902,real_sponsor_names_with_proxy_commercial_metrics,0.7594715235889338,-138,-170.3,-15,-10.799999999999995,-0.43,0.029,-0.0726666666666666,0.5506732285488857,0.4226702964636769,3.075,0.48,0.2916240346065324,0.1317999999999999,0.6711900000000001,0.329948048240919,0.2,0.3877938923771752,3.211,0.148
35,1934,Italy,Czechoslovakia,tournament,False,0.18,66.0,23.8,53.7,hot,33.06,58.43,A_win,Rome,Italy,1934-06-10,0.1964,1.21,0.172,0.139,36.18,1755,14,594.5,0.34,33.03,0.744,77.8,61.6,11.04,0.3303333333333333,0.8929999999999999,1.3333333333333333,0.0393333333333333,Visa,finance,33.4,190.0,1.0,0.316,0.761,0.842,0.918,real_sponsor_names_with_proxy_commercial_metrics,0.7989842668207419,1636,5,447.8,-0.1,25.08,0.592,72.1,45.6,14.05,0.2196666666666666,0.848,2.25,0.1806666666666666,Visa,finance,31.09,190.0,1.0,0.557,0.715,0.89,0.868,real_sponsor_names_with_proxy_commercial_metrics,0.763017711497151,119,146.7,9,5.700000000000003,0.44,0.0449999999999999,0.1106666666666666,0.8187106162327391,0.2425772418615277,3.355,0.62,0.1462150293128519,0.241,0.84782,0.4140430314707771,0.2,0.4091556576207762,3.322,0.099
36,1938,Germany,Switzerland,tournament,True,0.0,72.7,27.9,54.2,clear,32.32,68.02,draw,Paris,France,1938-06-04,0.1171,3.31,0.212,0.18,25.74,1798,20,646.1,0.4,35.62,0.797,81.3,65.9,22.15,0.2123333333333333,0.851,5.576666666666667,0.3273333333333333,Coca-Cola,beverage,29.19,180.0,1.0,0.286,0.859,0.907,0.902,real_sponsor_names_with_proxy_commercial_metrics,0.7594715235889338,1632,7,443.7,-0.12,26.09,0.595,72.7,48.1,17.05,0.1836666666666666,0.914,2.223333333333333,0.2486666666666666,Adidas,apparel,31.4,430.0,1.0,0.14,0.774,0.888,0.845,real_sponsor_names_with_proxy_commercial_metrics,0.90423375782881,166,202.40000000000003,13,8.599999999999994,0.52,-0.063,0.0286666666666666,0.9510351228677828,0.5528079346408165,3.863,0.12,0.1116276685034072,0.1869999999999999,0.90283,0.3228509241418682,0.2,0.4905611210614542,3.808,0.13
37,1938,Brazil,Poland,tournament,True,0.0,56.5,22.6,46.2,cloudy,52.12,167.4,A_win,Strasbourg,France,1938-06-05,0.1257,6.05,0.203,0.099,46.28,1829,20,683.6,0.5,36.78,0.83,78.8,57.4,18.61,0.1376666666666667,0.7313333333333333,3.723333333333333,0.206,Adidas,apparel,33.15,430.0,1.0,0.369,0.809,0.916,0.861,real_sponsor_names_with_proxy_commercial_metrics,0.9383411482254695,1685,6,506.6,0.05,27.64,0.65,72.7,42.5,15.85,0.2053333333333333,0.815,3.9733333333333327,0.268,Coca-Cola,beverage,28.97,180.0,1.0,0.581,0.749,0.899,0.847,real_sponsor_names_with_proxy_commercial_metrics,0.7339961373676395,144,177.0,14,6.099999999999994,0.45,-0.0836666666666666,-0.0676666666666666,0.9764150943396226,0.5344110482399312,4.121,0.22,0.3236918359308984,0.1900666666666667,0.87793,0.1904217512309998,0.2,0.5670815362674732,4.084,0.123
38,1938,Cuba,Romania,tournament,True,0.0,47.1,18.6,65.8,cloudy,41.12,187.26,draw,Toulouse,France,1938-06-05,0.2873,0.05,0.22,0.094,34.14,1562,1,349.3,0.0,14.65,0.46,72.5,37.1,8.19,0.1583333333333333,0.8770000000000001,2.04,0.1403333333333333,Vivo,technology,18.81,74.54,0.521,0.309,0.682,0.673,0.556,real_sponsor_names_with_proxy_commercial_metrics,0.3925577590612764,1634,3,443.7,0.0,23.69,0.581,73.6,37.4,11.0,0.1443333333333333,0.7826666666666666,1.6033333333333335,0.135,Qatar Airways,airline,19.84,68.58,0.459,0.365,0.75,0.711,0.645,real_sponsor_names_with_proxy_commercial_metrics,0.4142103836358286,-72,-94.39999999999998,-2,-1.0999999999999943,0.0,0.0943333333333334,0.014,0.3900211522987579,0.303537869484626,2.99,0.22,0.2935581211637149,0.1441999999999999,0.63187,0.3479454791978876,0.2,0.3337258898631446,3.12,0.166
39,1938,Czechoslovakia,Netherlands,tournament,True,0.0,47.3,20.5,61.8,cloudy,34.52,107.74,A_win,Le Havre,France,1938-06-05,0.2939,5.95,0.13,0.195,35.44,1636,5,447.8,-0.1,25.08,0.592,72.1,45.6,14.05,0.2196666666666666,0.848,2.25,0.1806666666666666,Visa,finance,31.09,190.0,1.0,0.557,0.715,0.89,0.868,real_sponsor_names_with_proxy_commercial_metrics,0.763017711497151,1746,9,581.1,0.35,31.14,0.724,75.8,49.9,15.97,0.1103333333333333,0.742,2.733333333333333,0.1786666666666666,Hisense,technology,32.27,200.0,1.0,0.505,0.811,0.856,0.664,real_sponsor_names_with_proxy_commercial_metrics,0.781083544499314,-110,-133.3,-4,-3.700000000000003,-0.4499999999999999,0.1059999999999999,0.1093333333333333,0.5283363782801519,0.3500008734238196,3.284,0.22,0.2292571423078847,0.1925999999999999,0.8329999999999999,0.2812395632626846,0.2,0.4480399237795626,3.255,0.105
40,1938,France,Belgium,tournament,False,0.18,66.5,26.8,56.6,cloudy,36.72,122.84,A_win,Colombes,France,1938-06-05,0.1674,1.59,0.073,0.103,35.41,1748,13,584.8,0.26,32.28,0.733,77.8,46.5,18.67,0.2083333333333333,0.8296666666666667,3.483333333333333,0.3613333333333333,Qatar Airways,airline,24.02,81.37,0.593,0.647,0.801,0.711,0.647,real_sponsor_names_with_proxy_commercial_metrics,0.5102507613733611,1674,9,495.4,0.02,28.38,0.646,71.5,40.4,23.19,0.142,0.7919999999999999,3.7566666666666655,0.0076666666666666,Visa,finance,26.85,190.0,1.0,0.538,0.72,0.914,0.914,real_sponsor_names_with_proxy_commercial_metrics,0.712621177050387,74,89.39999999999998,4,6.299999999999997,0.24,0.0376666666666667,0.0663333333333333,0.8018213325687816,0.4946902782342271,3.606,0.22,0.1946247174808847,0.1931333333333333,0.7179599999999999,0.3446085777492329,0.2,0.4048248041313673,3.462,0.144
41,1938,Hungary,Indonesia,tournament,True,0.0,67.7,23.0,51.1,clear,41.12,118.09,A_win,Reims,France,1938-06-05,0.221,3.53,0.012,0.086,45.98,1691,5,513.5,0.03,27.22,0.652,78.9,42.6,16.61,0.1083333333333333,0.8380000000000001,2.99,0.2826666666666667,Adidas,apparel,33.47,430.0,1.0,0.501,0.712,0.937,0.887,real_sponsor_names_with_proxy_commercial_metrics,0.931713528183716,1369,1,116.3,-1.0,5.33,0.239,64.9,11.7,4.28,0.2033333333333333,0.7996666666666666,0.0366666666666666,0.207,Coca-Cola,beverage,32.51,180.0,1.0,0.345,0.569,0.881,0.852,real_sponsor_names_with_proxy_commercial_metrics,0.7512437156557397,322,397.2,4,14.0,1.03,0.0383333333333334,-0.095,0.6789758272283496,0.4564992206130808,3.904,0.12,0.2512734174104321,0.1297999999999999,0.84634,0.1819992150146293,0.2,0.5283853120178409,3.748,0.112
42,1938,Italy,Norway,tournament,True,0.0,65.1,25.0,70.7,windy,34.52,74.01,A_win,Marseille,France,1938-06-05,0.3982,6.14,0.244,0.257,31.48,1755,14,594.5,0.34,33.03,0.744,77.8,61.6,11.04,0.3303333333333333,0.8929999999999999,1.3333333333333333,0.0393333333333333,Visa,finance,33.4,190.0,1.0,0.316,0.761,0.842,0.918,real_sponsor_names_with_proxy_commercial_metrics,0.7989842668207419,1541,1,328.5,-0.12,17.05,0.46,69.8,29.1,10.21,0.1593333333333333,0.8300000000000001,0.6766666666666666,0.2416666666666666,McDonald's,restaurant,20.44,68.0,0.453,0.453,0.651,0.632,0.639,real_sponsor_names_with_proxy_commercial_metrics,0.394429534256985,214,266.0,13,8.0,0.46,0.0629999999999998,0.171,0.8187106162327391,0.2545646993122554,3.393,0.48,0.2385073627029111,0.241,0.84782,0.4627136944266038,0.2,0.4309706123849918,3.351,0.1
43,1938,Cuba,Romania,tournament,True,0.0,49.3,27.0,54.2,clear,34.52,86.0,A_win,Toulouse,France,1938-06-09,0.2221,3.48,0.212,0.251,27.43,1562,1,349.3,0.0,14.65,0.46,72.5,37.1,8.19,0.1583333333333333,0.8770000000000001,2.04,0.1403333333333333,Vivo,technology,18.81,74.54,0.521,0.309,0.682,0.673,0.556,real_sponsor_names_with_proxy_commercial_metrics,0.3925577590612764,1634,3,443.7,0.0,23.69,0.581,73.6,37.4,11.0,0.1443333333333333,0.7826666666666666,1.6033333333333335,0.135,Qatar Airways,airline,19.84,68.58,0.459,0.365,0.75,0.711,0.645,real_sponsor_names_with_proxy_commercial_metrics,0.4142103836358286,-72,-94.39999999999998,-2,-1.0999999999999943,0.0,0.0943333333333334,0.014,0.3900211522987579,0.2386142957089177,2.944,0.12,0.1871409541585708,0.1441999999999999,0.63187,0.2994405195175908,0.2,0.2942638558049175,2.942,0.156
44,1938,Germany,Switzerland,tournament,True,0.0,61.0,20.8,53.1,hot,41.12,83.69,B_win,Paris,France,1938-06-09,0.2552,2.18,0.25,0.233,43.35,1798,20,646.1,0.4,35.62,0.797,81.3,65.9,22.15,0.2123333333333333,0.851,5.576666666666667,0.3273333333333333,Coca-Cola,beverage,29.19,180.0,1.0,0.286,0.859,0.907,0.902,real_sponsor_names_with_proxy_commercial_metrics,0.7594715235889338,1632,7,443.7,-0.12,26.09,0.595,72.7,48.1,17.05,0.1836666666666666,0.914,2.223333333333333,0.2486666666666666,Adidas,apparel,31.4,430.0,1.0,0.14,0.774,0.888,0.845,real_sponsor_names_with_proxy_commercial_metrics,0.90423375782881,166,202.40000000000003,13,8.599999999999994,0.52,-0.063,0.0286666666666666,0.9510351228677828,0.5978222311109604,3.777,0.62,0.2645558471382486,0.1869999999999999,0.90283,0.3958435024619995,0.2,0.5337507598000628,3.898,0.134
45,1938,Brazil,Czechoslovakia,tournament,True,0.0,59.5,27.5,59.7,cloudy,32.32,64.56,draw,Bordeaux,France,1938-06-12,0.1439,4.31,0.098,0.216,31.95,1829,20,683.6,0.5,36.78,0.83,78.8,57.4,18.61,0.1376666666666667,0.7313333333333333,3.723333333333333,0.206,Adidas,apparel,33.15,430.0,1.0,0.369,0.809,0.916,0.861,real_sponsor_names_with_proxy_commercial_metrics,0.9383411482254695,1636,5,447.8,-0.1,25.08,0.592,72.1,45.6,14.05,0.2196666666666666,0.848,2.25,0.1806666666666666,Visa,finance,31.09,190.0,1.0,0.557,0.715,0.89,0.868,real_sponsor_names_with_proxy_commercial_metrics,0.763017711497151,193,235.8,15,6.700000000000003,0.6,-0.1166666666666667,-0.0819999999999999,0.9764150943396226,0.4095994182175325,3.707,0.22,0.1405637181530556,0.1900666666666667,0.87793,0.376211731963177,0.2,0.4955086563056328,3.784,0.114
46,1938,Cuba,Sweden,tournament,True,0.0,60.8,25.3,85.1,clear,45.52,145.57,B_win,Antibes,France,1938-06-12,0.3043,2.44,0.221,0.223,49.06,1562,1,349.3,0.0,14.65,0.46,72.5,37.1,8.19,0.1583333333333333,0.8770000000000001,2.04,0.1403333333333333,Vivo,technology,18.81,74.54,0.521,0.309,0.682,0.673,0.556,real_sponsor_names_with_proxy_commercial_metrics,0.3925577590612764,1654,9,471.1,0.0,27.67,0.624,74.4,39.2,19.34,0.1766666666666666,0.6789999999999999,3.783333333333333,0.1453333333333333,Budweiser,beverage,26.29,200.0,1.0,0.625,0.705,0.91,0.618,real_sponsor_names_with_proxy_commercial_metrics,0.6867753190295852,-92,-121.8,-8,-1.9000000000000057,0.0,0.1980000000000001,-0.0183333333333333,0.3900211522987579,0.3088024378607025,3.022,0.12,0.3589680434608842,0.1441999999999999,0.63187,0.3887393848569185,0.2,0.3482819534678799,3.095,0.165
47,1938,France,Italy,tournament,False,0.18,69.3,15.6,36.6,rain,36.72,76.62,B_win,Colombes,France,1938-06-12,0.2995,3.89,0.036,0.13,34.27,1748,13,584.8,0.26,32.28,0.733,77.8,46.5,18.67,0.2083333333333333,0.8296666666666667,3.483333333333333,0.3613333333333333,Qatar Airways,airline,24.02,81.37,0.593,0.647,0.801,0.711,0.647,real_sponsor_names_with_proxy_commercial_metrics,0.5102507613733611,1755,14,594.5,0.34,33.03,0.744,77.8,61.6,11.04,0.3303333333333333,0.8929999999999999,1.3333333333333333,0.0393333333333333,Visa,finance,33.4,190.0,1.0,0.316,0.761,0.842,0.918,real_sponsor_names_with_proxy_commercial_metrics,0.7989842668207419,-7,-9.700000000000044,-1,0.0,-0.08,-0.0633333333333332,-0.122,0.8018213325687816,0.4785983642295269,3.353,0.48,0.2007813404861386,0.1931333333333333,0.7179599999999999,0.4038073217726396,0.2,0.4015503928111019,3.407,0.142
48,1938,Hungary,Switzerland,tournament,True,0.0,60.9,31.7,70.3,clear,32.32,101.0,A_win,Lille,France,1938-06-12,0.3959,2.37,0.087,0.16,33.8,1691,5,513.5,0.03,27.22,0.652,78.9,42.6,16.61,0.1083333333333333,0.8380000000000001,2.99,0.2826666666666667,Adidas,apparel,33.47,430.0,1.0,0.501,0.712,0.937,0.887,real_sponsor_names_with_proxy_commercial_metrics,0.931713528183716,1632,7,443.7,-0.12,26.09,0.595,72.7,48.1,17.05,0.1836666666666666,0.914,2.223333333333333,0.2486666666666666,Adidas,apparel,31.4,430.0,1.0,0.14,0.774,0.888,0.845,real_sponsor_names_with_proxy_commercial_metrics,0.90423375782881,59,69.80000000000001,-2,6.200000000000003,0.15,-0.0759999999999999,-0.0753333333333333,0.6789758272283496,0.4109905382085648,3.735,0.12,0.2282863085868197,0.1297999999999999,0.84634,0.4912627560122742,0.2,0.5110454591798539,3.598,0.107
49,1938,Brazil,Czechoslovakia,tournament,True,0.0,66.8,20.0,27.7,rain,34.52,68.51,A_win,Bordeaux,France,1938-06-14,0.2171,4.61,0.166,0.109,29.05,1829,20,683.6,0.5,36.78,0.83,78.8,57.4,18.61,0.1376666666666667,0.7313333333333333,3.723333333333333,0.206,Adidas,apparel,33.15,430.0,1.0,0.369,0.809,0.916,0.861,real_sponsor_names_with_proxy_commercial_metrics,0.9383411482254695,1636,5,447.8,-0.1,25.08,0.592,72.1,45.6,14.05,0.2196666666666666,0.848,2.25,0.1806666666666666,Visa,finance,31.09,190.0,1.0,0.557,0.715,0.89,0.868,real_sponsor_names_with_proxy_commercial_metrics,0.763017711497151,193,235.8,15,6.700000000000003,0.6,-0.1166666666666667,-0.0819999999999999,0.9764150943396226,0.4208643075061017,3.924,0.48,0.1422828272416755,0.1900666666666667,0.87793,0.2508996645971597,0.2,0.4990066471241562,3.849,0.116
50,1938,Brazil,Italy,tournament,True,0.0,58.9,13.1,61.5,cloudy,34.52,107.18,B_win,Marseille,France,1938-06-16,0.3029,-0.13,0.209,0.238,39.35,1829,20,683.6,0.5,36.78,0.83,78.8,57.4,18.61,0.1376666666666667,0.7313333333333333,3.723333333333333,0.206,Adidas,apparel,33.15,430.0,1.0,0.369,0.809,0.916,0.861,real_sponsor_names_with_proxy_commercial_metrics,0.9383411482254695,1755,14,594.5,0.34,33.03,0.744,77.8,61.6,11.04,0.3303333333333333,0.8929999999999999,1.3333333333333333,0.0393333333333333,Visa,finance,33.4,190.0,1.0,0.316,0.761,0.842,0.918,real_sponsor_names_with_proxy_commercial_metrics,0.7989842668207419,74,89.10000000000002,6,1.0,0.1599999999999999,-0.1616666666666666,-0.1926666666666666,0.9764150943396226,0.4343276202400211,3.705,0.22,0.2514363341138531,0.1900666666666667,0.87793,0.4724288160993364,0.2,0.5246070760640893,3.817,0.115
51,1938,Hungary,Sweden,tournament,True,0.0,61.8,16.7,83.2,clear,41.12,102.48,A_win,Paris,France,1938-06-16,0.3759,0.67,0.291,0.129,34.64,1691,5,513.5,0.03,27.22,0.652,78.9,42.6,16.61,0.1083333333333333,0.8380000000000001,2.99,0.2826666666666667,Adidas,apparel,33.47,430.0,1.0,0.501,0.712,0.937,0.887,real_sponsor_names_with_proxy_commercial_metrics,0.931713528183716,1654,9,471.1,0.0,27.67,0.624,74.4,39.2,19.34,0.1766666666666666,0.6789999999999999,3.783333333333333,0.1453333333333333,Budweiser,beverage,26.29,200.0,1.0,0.625,0.705,0.91,0.618,real_sponsor_names_with_proxy_commercial_metrics,0.6867753190295852,37,42.39999999999998,-4,4.5,0.03,0.1590000000000001,-0.0683333333333333,0.6789758272283496,0.4510644569260759,3.828,0.12,0.2651252615627911,0.1297999999999999,0.84634,0.4325526297009919,0.2,0.5296339470159513,3.703,0.111
52,1938,Brazil,Sweden,tournament,True,0.0,66.2,16.9,65.8,clear,41.12,174.22,A_win,Bordeaux,France,1938-06-19,0.1472,-0.16,0.137,0.12,44.36,1829,20,683.6,0.5,36.78,0.83,78.8,57.4,18.61,0.1376666666666667,0.7313333333333333,3.723333333333333,0.206,Adidas,apparel,33.15,430.0,1.0,0.369,0.809,0.916,0.861,real_sponsor_names_with_proxy_commercial_metrics,0.9383411482254695,1654,9,471.1,0.0,27.67,0.624,74.4,39.2,19.34,0.1766666666666666,0.6789999999999999,3.783333333333333,0.1453333333333333,Budweiser,beverage,26.29,200.0,1.0,0.625,0.705,0.91,0.618,real_sponsor_names_with_proxy_commercial_metrics,0.6867753190295852,175,212.5,11,4.399999999999992,0.5,0.0523333333333333,-0.0389999999999999,0.9764150943396226,0.4873371893155814,4.124,0.12,0.276625875976084,0.1900666666666667,0.87793,0.3521651323770784,0.2,0.5444876637776923,3.962,0.12
53,1938,Hungary,Italy,tournament,True,0.0,39.1,23.3,60.7,rain,41.12,128.66,B_win,Colombes,France,1938-06-19,0.4804,2.68,0.087,0.158,35.22,1691,5,513.5,0.03,27.22,0.652,78.9,42.6,16.61,0.1083333333333333,0.8380000000000001,2.99,0.2826666666666667,Adidas,apparel,33.47,430.0,1.0,0.501,0.712,0.937,0.887,real_sponsor_names_with_proxy_commercial_metrics,0.931713528183716,1755,14,594.5,0.34,33.03,0.744,77.8,61.6,11.04,0.3303333333333333,0.8929999999999999,1.3333333333333333,0.0393333333333333,Visa,finance,33.4,190.0,1.0,0.316,0.761,0.842,0.918,real_sponsor_names_with_proxy_commercial_metrics,0.7989842668207419,-64,-81.0,-9,1.1000000000000083,-0.31,-0.0549999999999998,-0.222,0.6789758272283496,0.4601792623921739,3.443,0.48,0.3219283037484609,0.1297999999999999,0.84634,0.3752841647042032,0.2,0.5435467009835927,3.67,0.11
54,1950,Brazil,Mexico,tournament,False,0.18,53.8,21.4,49.0,clear,41.09,165.97,A_win,Rio de Janeiro,Brazil,1950-06-24,0.2422,-0.41,0.083,0.096,43.63,1829,20,683.6,0.5,36.78,0.83,78.8,57.4,18.61,0.1376666666666667,0.7313333333333333,3.723333333333333,0.206,Adidas,apparel,33.15,430.0,1.0,0.369,0.809,0.916,0.861,real_sponsor_names_with_proxy_commercial_metrics,0.9383411482254695,1612,10,421.9,-0.18,26.83,0.584,72.1,37.6,18.89,0.2446666666666666,0.7546666666666667,1.1233333333333333,0.211,Hyundai,automotive,28.5,420.0,1.0,0.636,0.712,0.897,0.88,real_sponsor_names_with_proxy_commercial_metrics,0.853187632551073,217,261.70000000000005,10,6.700000000000003,0.6799999999999999,-0.0233333333333334,-0.1069999999999999,0.9764150943396226,0.4843300176576679,4.001,0.12,0.2890462426576566,0.1900666666666667,0.87793,0.1625205166630985,0.2,0.5461297290497911,4.022,0.121
55,1950,Chile,England,tournament,True,0.0,51.9,21.0,58.5,hot,36.69,84.85,B_win,Rio de Janeiro,Brazil,1950-06-25,0.4377,1.35,0.101,0.139,39.99,1622,5,430.7,-0.12,24.93,0.579,72.9,38.6,16.65,0.135,0.8083333333333332,3.453333333333333,0.1826666666666666,Hisense,technology,27.36,200.0,1.0,0.243,0.681,0.911,0.656,real_sponsor_names_with_proxy_commercial_metrics,0.7002451520149715,1695,13,522.2,0.16,30.51,0.678,76.6,52.6,19.34,0.28,0.7986666666666666,2.61,0.1863333333333333,McDonald's,restaurant,20.29,74.13,0.517,0.758,0.819,0.654,0.569,real_sponsor_names_with_proxy_commercial_metrics,0.4320601407850143,-73,-91.50000000000006,-8,-3.6999999999999886,-0.28,0.0096666666666666,-0.145,0.5136943396293857,0.4103982134010147,3.253,0.62,0.2612962470660624,0.1576666666666667,0.79217,0.4139745236566046,0.2,0.4526733856490897,3.423,0.125
56,1950,Italy,Sweden,tournament,True,0.0,49.7,26.7,54.0,rain,43.29,125.67,B_win,São Paulo,Brazil,1950-06-25,0.1162,0.47,0.334,0.315,47.43,1755,14,594.5,0.34,33.03,0.744,77.8,61.6,11.04,0.3303333333333333,0.8929999999999999,1.3333333333333333,0.0393333333333333,Visa,finance,33.4,190.0,1.0,0.316,0.761,0.842,0.918,real_sponsor_names_with_proxy_commercial_metrics,0.7989842668207419,1654,9,471.1,0.0,27.67,0.624,74.4,39.2,19.34,0.1766666666666666,0.6789999999999999,3.783333333333333,0.1453333333333333,Budweiser,beverage,26.29,200.0,1.0,0.625,0.705,0.91,0.618,real_sponsor_names_with_proxy_commercial_metrics,0.6867753190295852,101,123.39999999999998,5,3.3999999999999915,0.34,0.2139999999999999,0.1536666666666667,0.8187106162327391,0.3119743830939349,3.2,0.48,0.2986352060512639,0.241,0.84782,0.434772853778634,0.2,0.4590708925135326,3.388,0.101
57,1950,Spain,United States,tournament,True,0.0,54.4,25.0,45.4,rain,41.09,89.22,A_win,Curitiba,Brazil,1950-06-25,0.3129,5.91,0.217,0.249,39.09,1708,12,537.2,0.18,30.58,0.689,77.4,45.2,19.26,0.2126666666666666,0.84,4.25,0.077,Budweiser,beverage,27.85,200.0,1.0,0.321,0.724,0.933,0.612,real_sponsor_names_with_proxy_commercial_metrics,0.7135544213260362,1578,6,379.0,-0.3,23.84,0.536,71.9,31.0,12.75,0.132,0.7943333333333333,0.7200000000000001,0.0636666666666666,Vivo,technology,22.58,68.24,0.455,0.416,0.676,0.652,0.654,real_sponsor_names_with_proxy_commercial_metrics,0.4316086395935045,130,158.20000000000005,6,5.5,0.48,0.0456666666666666,0.0806666666666666,0.7299678934836586,0.4788480201542087,3.691,0.48,0.2778567905820038,0.1915999999999999,0.80913,0.3533927067722828,0.2,0.4786840648778279,3.66,0.131
58,1950,Switzerland,Yugoslavia,tournament,True,0.0,77.4,24.9,53.4,clear,38.89,98.98,B_win,Belo Horizonte,Brazil,1950-06-25,0.3476,0.72,0.245,0.185,36.34,1632,7,443.7,-0.12,26.09,0.595,72.7,48.1,17.05,0.1836666666666666,0.914,2.223333333333333,0.2486666666666666,Adidas,apparel,31.4,430.0,1.0,0.14,0.774,0.888,0.845,real_sponsor_names_with_proxy_commercial_metrics,0.90423375782881,1669,5,487.0,0.06,26.56,0.629,74.2,37.3,11.34,0.1803333333333333,0.851,3.0733333333333337,0.222,Qatar Airways,airline,17.82,67.59,0.448,0.779,0.762,0.645,0.666,real_sponsor_names_with_proxy_commercial_metrics,0.3790951727656917,-37,-43.30000000000001,2,-1.5,-0.18,0.063,0.0033333333333333,0.5385464489432931,0.4428532390337283,3.708,0.12,0.2606582416203011,0.1445999999999999,0.85383,0.2413594519374865,0.2,0.5200068571324186,3.644,0.116
59,1950,Brazil,Switzerland,tournament,False,0.18,46.7,25.5,61.2,rain,41.09,109.11,draw,São Paulo,Brazil,1950-06-28,0.2114,0.1,0.137,0.132,44.38,1829,20,683.6,0.5,36.78,0.83,78.8,57.4,18.61,0.1376666666666667,0.7313333333333333,3.723333333333333,0.206,Adidas,apparel,33.15,430.0,1.0,0.369,0.809,0.916,0.861,real_sponsor_names_with_proxy_commercial_metrics,0.9383411482254695,1632,7,443.7,-0.12,26.09,0.595,72.7,48.1,17.05,0.1836666666666666,0.914,2.223333333333333,0.2486666666666666,Adidas,apparel,31.4,430.0,1.0,0.14,0.774,0.888,0.845,real_sponsor_names_with_proxy_commercial_metrics,0.90423375782881,197,239.90000000000003,13,6.099999999999994,0.62,-0.1826666666666667,-0.0459999999999999,0.9764150943396226,0.4645336907362649,3.746,0.48,0.2490495724785325,0.1900666666666667,0.87793,0.4346700920573753,0.2,0.5325874234759733,3.972,0.12
60,1950,Mexico,Yugoslavia,tournament,True,0.0,70.6,26.7,45.7,windy,43.29,100.96,B_win,Porto Alegre,Brazil,1950-06-28,0.1145,3.32,0.156,0.095,42.8,1612,10,421.9,-0.18,26.83,0.584,72.1,37.6,18.89,0.2446666666666666,0.7546666666666667,1.1233333333333333,0.211,Hyundai,automotive,28.5,420.0,1.0,0.636,0.712,0.897,0.88,real_sponsor_names_with_proxy_commercial_metrics,0.853187632551073,1669,5,487.0,0.06,26.56,0.629,74.2,37.3,11.34,0.1803333333333333,0.851,3.0733333333333337,0.222,Qatar Airways,airline,17.82,67.59,0.448,0.779,0.762,0.645,0.666,real_sponsor_names_with_proxy_commercial_metrics,0.3790951727656917,-57,-65.10000000000002,5,-2.1000000000000085,-0.24,-0.0963333333333332,0.0643333333333333,0.5181915824104364,0.4327818394451124,3.652,0.48,0.2149673650185266,0.2449333333333332,0.83529,0.3989086562477699,0.2,0.4871820198605943,3.62,0.127
61,1950,Chile,Spain,tournament,True,0.0,36.1,10.4,45.1,clear,36.69,74.6,B_win,Rio de Janeiro,Brazil,1950-06-29,0.1123,6.34,0.212,0.209,36.82,1622,5,430.7,-0.12,24.93,0.579,72.9,38.6,16.65,0.135,0.8083333333333332,3.453333333333333,0.1826666666666666,Hisense,technology,27.36,200.0,1.0,0.243,0.681,0.911,0.656,real_sponsor_names_with_proxy_commercial_metrics,0.7002451520149715,1708,12,537.2,0.18,30.58,0.689,77.4,45.2,19.26,0.2126666666666666,0.84,4.25,0.077,Budweiser,beverage,27.85,200.0,1.0,0.321,0.724,0.933,0.612,real_sponsor_names_with_proxy_commercial_metrics,0.7135544213260362,-86,-106.50000000000006,-7,-4.5,-0.3,-0.0316666666666667,-0.0776666666666666,0.5136943396293857,0.4068295825367097,3.09,0.12,0.1727629185147172,0.1576666666666667,0.79217,0.4317958324413045,0.2,0.4339675032968153,3.415,0.125
62,1950,England,United States,tournament,True,0.0,53.6,20.8,36.2,clear,34.49,66.35,B_win,Belo Horizonte,Brazil,1950-06-29,0.1685,2.56,0.116,0.128,29.83,1695,13,522.2,0.16,30.51,0.678,76.6,52.6,19.34,0.28,0.7986666666666666,2.61,0.1863333333333333,McDonald's,restaurant,20.29,74.13,0.517,0.758,0.819,0.654,0.569,real_sponsor_names_with_proxy_commercial_metrics,0.4320601407850143,1578,6,379.0,-0.3,23.84,0.536,71.9,31.0,12.75,0.132,0.7943333333333333,0.7200000000000001,0.0636666666666666,Vivo,technology,22.58,68.24,0.455,0.416,0.676,0.652,0.654,real_sponsor_names_with_proxy_commercial_metrics,0.4316086395935045,117,143.20000000000005,7,4.699999999999989,0.4599999999999999,0.0043333333333333,0.148,0.7074856858162286,0.4220124625335701,3.072,0.12,0.1336046729508512,0.2485333333333333,0.68589,0.1228188111039748,0.2,0.3456914578879733,3.271,0.161
63,1950,Paraguay,Sweden,tournament,True,0.0,60.1,9.9,64.3,clear,41.09,60.99,draw,Curitiba,Brazil,1950-06-29,0.289,2.72,0.133,0.071,38.65,1578,4,377.4,-0.11,22.66,0.528,69.9,30.5,12.88,0.1066666666666666,0.8923333333333333,3.733333333333333,0.1686666666666666,Hyundai,automotive,26.2,420.0,1.0,0.401,0.667,0.921,0.802,real_sponsor_names_with_proxy_commercial_metrics,0.8124367766011774,1654,9,471.1,0.0,27.67,0.624,74.4,39.2,19.34,0.1766666666666666,0.6789999999999999,3.783333333333333,0.1453333333333333,Budweiser,beverage,26.29,200.0,1.0,0.625,0.705,0.91,0.618,real_sponsor_names_with_proxy_commercial_metrics,0.6867753190295852,-76,-93.70000000000005,-5,-4.5,-0.11,0.2133333333333333,-0.0699999999999999,0.4105964679456181,0.3790278911539491,3.56,0.12,0.2059816971358314,0.1070666666666666,0.81069,0.5277645757510883,0.2,0.4653815753345546,3.602,0.137
64,1950,Brazil,Yugoslavia,tournament,False,0.18,65.6,23.2,66.7,clear,36.69,78.0,A_win,Rio de Janeiro,Brazil,1950-07-01,0.4526,5.51,0.102,0.166,33.5,1829,20,683.6,0.5,36.78,0.83,78.8,57.4,18.61,0.1376666666666667,0.7313333333333333,3.723333333333333,0.206,Adidas,apparel,33.15,430.0,1.0,0.369,0.809,0.916,0.861,real_sponsor_names_with_proxy_commercial_metrics,0.9383411482254695,1669,5,487.0,0.06,26.56,0.629,74.2,37.3,11.34,0.1803333333333333,0.851,3.0733333333333337,0.222,Qatar Airways,airline,17.82,67.59,0.448,0.779,0.762,0.645,0.666,real_sponsor_names_with_proxy_commercial_metrics,0.3790951727656917,160,196.6,15,4.599999999999994,0.44,-0.1196666666666667,-0.0426666666666666,0.9764150943396226,0.4339231392459052,3.951,0.12,0.2509140127501538,0.1900666666666667,0.87793,0.2546089345607649,0.2,0.524389357112997,3.926,0.118
65,1950,Bolivia,Uruguay,tournament,True,0.0,67.2,23.0,61.7,rain,49.89,169.95,B_win,Belo Horizonte,Brazil,1950-07-02,0.1607,4.64,0.12,0.16,50.86,1404,1,163.9,-0.83,11.34,0.308,64.1,13.8,5.97,0.2236666666666666,0.8046666666666668,3.263333333333333,0.1586666666666666,Qatar Airways,airline,24.48,76.99,0.547,0.397,0.575,0.669,0.621,real_sponsor_names_with_proxy_commercial_metrics,0.4624106641384555,1684,10,508.3,0.07,29.28,0.661,74.8,44.8,20.58,0.1356666666666666,0.8753333333333333,1.923333333333333,0.1913333333333333,Vivo,technology,19.75,76.46,0.542,0.306,0.797,0.741,0.63,real_sponsor_names_with_proxy_commercial_metrics,0.4425490151146019,-280,-344.4,-9,-10.700000000000005,-0.8999999999999999,-0.0706666666666665,0.088,0.0638608636769832,0.3105517756235665,2.783,0.48,0.3495575610004521,0.2123333333333332,0.6003599999999999,0.3718016841504318,0.2,0.3551549687679184,2.704,0.11
66,1950,Chile,United States,tournament,True,0.0,68.3,29.3,73.4,cloudy,47.69,87.11,A_win,Recife,Brazil,1950-07-02,0.0753,3.69,0.16,0.193,40.57,1622,5,430.7,-0.12,24.93,0.579,72.9,38.6,16.65,0.135,0.8083333333333332,3.453333333333333,0.1826666666666666,Hisense,technology,27.36,200.0,1.0,0.243,0.681,0.911,0.656,real_sponsor_names_with_proxy_commercial_metrics,0.7002451520149715,1578,6,379.0,-0.3,23.84,0.536,71.9,31.0,12.75,0.132,0.7943333333333333,0.7200000000000001,0.0636666666666666,Vivo,technology,22.58,68.24,0.455,0.416,0.676,0.652,0.654,real_sponsor_names_with_proxy_commercial_metrics,0.4316086395935045,44,51.69999999999999,-1,1.0,0.18,0.0139999999999999,0.003,0.5136943396293857,0.4606333570324756,3.717,0.22,0.2355652069296408,0.1576666666666667,0.79217,0.4822300720759296,0.2,0.4615930178386145,3.536,0.129
67,1950,England,Spain,tournament,True,0.0,53.5,30.1,59.4,cloudy,34.49,67.19,B_win,Rio de Janeiro,Brazil,1950-07-02,0.2193,1.58,0.09,0.129,31.94,1695,13,522.2,0.16,30.51,0.678,76.6,52.6,19.34,0.28,0.7986666666666666,2.61,0.1863333333333333,McDonald's,restaurant,20.29,74.13,0.517,0.758,0.819,0.654,0.569,real_sponsor_names_with_proxy_commercial_metrics,0.4320601407850143,1708,12,537.2,0.18,30.58,0.689,77.4,45.2,19.26,0.2126666666666666,0.84,4.25,0.077,Budweiser,beverage,27.85,200.0,1.0,0.321,0.724,0.933,0.612,real_sponsor_names_with_proxy_commercial_metrics,0.7135544213260362,-13,-15.0,1,-0.8000000000000114,-0.0199999999999999,-0.0413333333333333,0.0673333333333333,0.7074856858162286,0.4223049161848887,3.072,0.22,0.1537478554150743,0.2485333333333333,0.68589,0.442545493470349,0.2,0.3498019814031872,3.237,0.16
68,1950,Italy,Paraguay,tournament,True,0.0,52.0,24.2,64.3,clear,36.69,173.11,A_win,São Paulo,Brazil,1950-07-02,0.1789,3.76,0.179,0.152,39.83,1755,14,594.5,0.34,33.03,0.744,77.8,61.6,11.04,0.3303333333333333,0.8929999999999999,1.3333333333333333,0.0393333333333333,Visa,finance,33.4,190.0,1.0,0.316,0.761,0.842,0.918,real_sponsor_names_with_proxy_commercial_metrics,0.7989842668207419,1578,4,377.4,-0.11,22.66,0.528,69.9,30.5,12.88,0.1066666666666666,0.8923333333333333,3.733333333333333,0.1686666666666666,Hyundai,automotive,26.2,420.0,1.0,0.401,0.667,0.921,0.802,real_sponsor_names_with_proxy_commercial_metrics,0.8124367766011774,177,217.1,10,7.899999999999991,0.45,0.0006666666666665,0.2236666666666666,0.8187106162327391,0.2988220687838023,3.425,0.12,0.2576600234345653,0.241,0.84782,0.2702501248840362,0.2,0.4471932079833557,3.426,0.103
69,1950,Mexico,Switzerland,tournament,True,0.0,69.2,20.0,62.9,clear,38.89,92.99,B_win,Porto Alegre,Brazil,1950-07-02,0.1349,-0.06,0.179,0.254,37.98,1612,10,421.9,-0.18,26.83,0.584,72.1,37.6,18.89,0.2446666666666666,0.7546666666666667,1.1233333333333333,0.211,Hyundai,automotive,28.5,420.0,1.0,0.636,0.712,0.897,0.88,real_sponsor_names_with_proxy_commercial_metrics,0.853187632551073,1632,7,443.7,-0.12,26.09,0.595,72.7,48.1,17.05,0.1836666666666666,0.914,2.223333333333333,0.2486666666666666,Adidas,apparel,31.4,430.0,1.0,0.14,0.774,0.888,0.845,real_sponsor_names_with_proxy_commercial_metrics,0.90423375782881,-20,-21.80000000000001,3,-0.6000000000000085,-0.06,-0.1593333333333333,0.061,0.5181915824104364,0.4102276897303641,3.587,0.12,0.2181210927115822,0.2449333333333332,0.83529,0.2589984300292585,0.2,0.4814976034790759,3.534,0.124
70,1950,Brazil,Sweden,tournament,False,0.18,55.5,25.9,56.5,clear,49.89,155.98,A_win,Rio de Janeiro,Brazil,1950-07-09,0.1356,1.49,0.142,0.148,55.01,1829,20,683.6,0.5,36.78,0.83,78.8,57.4,18.61,0.1376666666666667,0.7313333333333333,3.723333333333333,0.206,Adidas,apparel,33.15,430.0,1.0,0.369,0.809,0.916,0.861,real_sponsor_names_with_proxy_commercial_metrics,0.9383411482254695,1654,9,471.1,0.0,27.67,0.624,74.4,39.2,19.34,0.1766666666666666,0.6789999999999999,3.783333333333333,0.1453333333333333,Budweiser,beverage,26.29,200.0,1.0,0.625,0.705,0.91,0.618,real_sponsor_names_with_proxy_commercial_metrics,0.6867753190295852,175,212.5,11,4.399999999999992,0.5,0.0523333333333333,-0.0389999999999999,0.9764150943396226,0.5204105513982444,4.081,0.12,0.3395861925170135,0.1900666666666667,0.87793,0.2807660743595233,0.2,0.5663402684690239,4.077,0.123
71,1950,Spain,Uruguay,tournament,True,0.0,41.4,19.8,49.5,hot,41.09,140.56,draw,São Paulo,Brazil,1950-07-09,0.4139,5.81,0.09,0.184,35.49,1708,12,537.2,0.18,30.58,0.689,77.4,45.2,19.26,0.2126666666666666,0.84,4.25,0.077,Budweiser,beverage,27.85,200.0,1.0,0.321,0.724,0.933,0.612,real_sponsor_names_with_proxy_commercial_metrics,0.7135544213260362,1684,10,508.3,0.07,29.28,0.661,74.8,44.8,20.58,0.1356666666666666,0.8753333333333333,1.923333333333333,0.1913333333333333,Vivo,technology,19.75,76.46,0.542,0.306,0.797,0.741,0.63,real_sponsor_names_with_proxy_commercial_metrics,0.4425490151146019,24,28.90000000000004,2,2.6000000000000085,0.1099999999999999,-0.0353333333333333,0.077,0.7299678934836586,0.4967225087955177,3.521,0.62,0.3191372608254069,0.1915999999999999,0.80913,0.4062995076000856,0.2,0.491945015746075,3.678,0.132
72,1950,Brazil,Spain,tournament,False,0.18,43.3,23.0,93.4,cloudy,47.69,164.06,A_win,Rio de Janeiro,Brazil,1950-07-13,0.1428,5.53,0.165,0.134,44.75,1829,20,683.6,0.5,36.78,0.83,78.8,57.4,18.61,0.1376666666666667,0.7313333333333333,3.723333333333333,0.206,Adidas,apparel,33.15,430.0,1.0,0.369,0.809,0.916,0.861,real_sponsor_names_with_proxy_commercial_metrics,0.9383411482254695,1708,12,537.2,0.18,30.58,0.689,77.4,45.2,19.26,0.2126666666666666,0.84,4.25,0.077,Budweiser,beverage,27.85,200.0,1.0,0.321,0.724,0.933,0.612,real_sponsor_names_with_proxy_commercial_metrics,0.7135544213260362,121,146.39999999999998,8,1.3999999999999917,0.32,-0.1086666666666666,-0.0749999999999999,0.9764150943396226,0.5133340161874889,3.958,0.22,0.3071602610424365,0.1900666666666667,0.87793,0.4047769927924071,0.2,0.5578736523150969,4.085,0.123
73,1950,Sweden,Uruguay,tournament,True,0.0,46.0,28.9,50.8,clear,43.29,80.78,B_win,São Paulo,Brazil,1950-07-13,0.3583,3.72,0.116,0.189,41.56,1654,9,471.1,0.0,27.67,0.624,74.4,39.2,19.34,0.1766666666666666,0.6789999999999999,3.783333333333333,0.1453333333333333,Budweiser,beverage,26.29,200.0,1.0,0.625,0.705,0.91,0.618,real_sponsor_names_with_proxy_commercial_metrics,0.6867753190295852,1684,10,508.3,0.07,29.28,0.661,74.8,44.8,20.58,0.1356666666666666,0.8753333333333333,1.923333333333333,0.1913333333333333,Vivo,technology,19.75,76.46,0.542,0.306,0.797,0.741,0.63,real_sponsor_names_with_proxy_commercial_metrics,0.4425490151146019,-30,-37.19999999999999,-1,-0.3999999999999915,-0.07,-0.1963333333333333,0.041,0.6002235585615322,0.4560739746564893,3.313,0.12,0.2873811037794178,0.2344,0.7963,0.3341711268108184,0.2,0.463421010226801,3.54,0.135
74,1950,Brazil,Uruguay,tournament,False,0.18,64.5,19.7,47.3,rain,38.89,104.17,B_win,Rio de Janeiro,Brazil,1950-07-16,0.2232,-1.25,0.16,0.099,35.94,1829,20,683.6,0.5,36.78,0.83,78.8,57.4,18.61,0.1376666666666667,0.7313333333333333,3.723333333333333,0.206,Adidas,apparel,33.15,430.0,1.0,0.369,0.809,0.916,0.861,real_sponsor_names_with_proxy_commercial_metrics,0.9383411482254695,1684,10,508.3,0.07,29.28,0.661,74.8,44.8,20.58,0.1356666666666666,0.8753333333333333,1.923333333333333,0.1913333333333333,Vivo,technology,19.75,76.46,0.542,0.306,0.797,0.741,0.63,real_sponsor_names_with_proxy_commercial_metrics,0.4425490151146019,145,175.3,10,4.0,0.43,-0.144,0.002,0.9764150943396226,0.4529241239300702,3.793,0.48,0.2081343992423494,0.1900666666666667,0.87793,0.3433944908299436,0.2,0.5211537101230023,3.938,0.119
75,1950,Spain,Sweden,tournament,True,0.0,59.9,27.8,64.9,clear,41.09,74.64,B_win,São Paulo,Brazil,1950-07-16,0.3205,0.26,0.244,0.191,42.18,1708,12,537.2,0.18,30.58,0.689,77.4,45.2,19.26,0.2126666666666666,0.84,4.25,0.077,Budweiser,beverage,27.85,200.0,1.0,0.321,0.724,0.933,0.612,real_sponsor_names_with_proxy_commercial_metrics,0.7135544213260362,1654,9,471.1,0.0,27.67,0.624,74.4,39.2,19.34,0.1766666666666666,0.6789999999999999,3.783333333333333,0.1453333333333333,Budweiser,beverage,26.29,200.0,1.0,0.625,0.705,0.91,0.618,real_sponsor_names_with_proxy_commercial_metrics,0.6867753190295852,54,66.10000000000002,3,3.0,0.18,0.161,0.036,0.7299678934836586,0.4737718603491778,3.506,0.12,0.2626937592073868,0.1915999999999999,0.80913,0.3664843359737387,0.2,0.4742301338574958,3.612,0.13
76,1954,Austria,Scotland,tournament,True,0.0,67.0,27.1,62.0,clear,35.95,203.79,A_win,Zürich,Switzerland,1954-06-16,0.2029,1.37,0.056,0.061,29.97,1660,5,475.8,-0.03,25.77,0.617,70.5,44.6,14.99,0.1396666666666666,0.88,2.703333333333333,0.218,McDonald's,restaurant,21.71,77.28,0.55,0.451,0.702,0.72,0.649,real_sponsor_names_with_proxy_commercial_metrics,0.4544283435251633,1529,4,318.6,-0.35,20.39,0.472,67.9,31.6,17.66,0.1853333333333333,0.9116666666666668,1.8866666666666667,0.2256666666666666,Budweiser,beverage,26.35,200.0,1.0,0.459,0.686,0.905,0.601,real_sponsor_names_with_proxy_commercial_metrics,0.6827095152717566,131,157.2,1,2.5999999999999943,0.3199999999999999,-0.0316666666666667,-0.0456666666666666,0.5506732285488857,0.427796397608451,3.485,0.12,0.2366285315450552,0.1317999999999999,0.6711900000000001,0.3357453792906587,0.2,0.3782301000854166,3.319,0.153
77,1954,Brazil,Mexico,tournament,True,0.0,52.4,17.3,35.5,clear,44.75,81.82,A_win,Geneva,Switzerland,1954-06-16,0.4294,2.44,0.33,0.235,43.27,1829,20,683.6,0.5,36.78,0.83,78.8,57.4,18.61,0.1376666666666667,0.7313333333333333,3.723333333333333,0.206,Adidas,apparel,33.15,430.0,1.0,0.369,0.809,0.916,0.861,real_sponsor_names_with_proxy_commercial_metrics,0.9383411482254695,1612,10,421.9,-0.18,26.83,0.584,72.1,37.6,18.89,0.2446666666666666,0.7546666666666667,1.1233333333333333,0.211,Hyundai,automotive,28.5,420.0,1.0,0.636,0.712,0.897,0.88,real_sponsor_names_with_proxy_commercial_metrics,0.853187632551073,217,261.70000000000005,10,6.700000000000003,0.6799999999999999,-0.0233333333333334,-0.1069999999999999,0.9764150943396226,0.4714852280056339,3.909,0.12,0.3310084634846207,0.1900666666666667,0.87793,0.2108345821736958,0.2,0.5509256321126144,3.963,0.12
78,1954,Czechoslovakia,Uruguay,tournament,True,0.0,60.1,28.8,76.0,windy,38.15,81.3,B_win,Bern,Switzerland,1954-06-16,0.2191,0.17,0.15,0.216,31.66,1636,5,447.8,-0.1,25.08,0.592,72.1,45.6,14.05,0.2196666666666666,0.848,2.25,0.1806666666666666,Visa,finance,31.09,190.0,1.0,0.557,0.715,0.89,0.868,real_sponsor_names_with_proxy_commercial_metrics,0.763017711497151,1684,10,508.3,0.07,29.28,0.661,74.8,44.8,20.58,0.1356666666666666,0.8753333333333333,1.923333333333333,0.1913333333333333,Vivo,technology,19.75,76.46,0.542,0.306,0.797,0.741,0.63,real_sponsor_names_with_proxy_commercial_metrics,0.4425490151146019,-48,-60.5,-5,-2.700000000000003,-0.17,-0.0273333333333333,0.084,0.5283363782801519,0.3571134869245605,3.185,0.48,0.2040401663060056,0.1925999999999999,0.8329999999999999,0.5844588596303433,0.2,0.4449880603593943,3.251,0.105
79,1954,France,Yugoslavia,tournament,True,0.0,66.1,27.2,56.5,rain,35.95,76.77,B_win,Lausanne,Switzerland,1954-06-16,0.2744,2.28,0.189,0.155,36.18,1748,13,584.8,0.26,32.28,0.733,77.8,46.5,18.67,0.2083333333333333,0.8296666666666667,3.483333333333333,0.3613333333333333,Qatar Airways,airline,24.02,81.37,0.593,0.647,0.801,0.711,0.647,real_sponsor_names_with_proxy_commercial_metrics,0.5102507613733611,1669,5,487.0,0.06,26.56,0.629,74.2,37.3,11.34,0.1803333333333333,0.851,3.0733333333333337,0.222,Qatar Airways,airline,17.82,67.59,0.448,0.779,0.762,0.645,0.666,real_sponsor_names_with_proxy_commercial_metrics,0.3790951727656917,79,97.79999999999995,8,3.5999999999999943,0.2,-0.0213333333333333,0.0279999999999999,0.8018213325687816,0.4751892068126299,3.316,0.48,0.2006377055932097,0.1931333333333333,0.7179599999999999,0.4585811032612574,0.2,0.400567101755785,3.381,0.141
80,1954,Belgium,England,tournament,True,0.0,54.0,23.6,40.2,cloudy,51.35,96.51,draw,Basel,Switzerland,1954-06-17,0.2554,6.51,0.096,0.171,55.4,1674,9,495.4,0.02,28.38,0.646,71.5,40.4,23.19,0.142,0.7919999999999999,3.7566666666666655,0.0076666666666666,Visa,finance,26.85,190.0,1.0,0.538,0.72,0.914,0.914,real_sponsor_names_with_proxy_commercial_metrics,0.712621177050387,1695,13,522.2,0.16,30.51,0.678,76.6,52.6,19.34,0.28,0.7986666666666666,2.61,0.1863333333333333,McDonald's,restaurant,20.29,74.13,0.517,0.758,0.819,0.654,0.569,real_sponsor_names_with_proxy_commercial_metrics,0.4320601407850143,-21,-26.800000000000068,-4,-5.099999999999994,-0.14,-0.0066666666666667,-0.138,0.6045045124588039,0.5618750195461485,3.672,0.22,0.3430898104055893,0.1684,0.8480000000000001,0.1905073859987155,0.2,0.5215880500461323,3.69,0.137
81,1954,Germany,Turkey,tournament,True,0.0,63.9,18.4,77.0,clear,44.75,186.76,A_win,Bern,Switzerland,1954-06-17,0.1626,3.64,0.248,0.266,35.23,1798,20,646.1,0.4,35.62,0.797,81.3,65.9,22.15,0.2123333333333333,0.851,5.576666666666667,0.3273333333333333,Coca-Cola,beverage,29.19,180.0,1.0,0.286,0.859,0.907,0.902,real_sponsor_names_with_proxy_commercial_metrics,0.7594715235889338,1677,1,491.1,0.1,22.51,0.608,74.3,49.4,16.02,0.292,0.8846666666666666,2.2533333333333334,0.3329999999999999,Mengniu,consumer_goods,18.0,60.85,0.377,0.48,0.714,0.662,0.611,real_sponsor_names_with_proxy_commercial_metrics,0.355802672637474,121,155.0,19,7.0,0.3,-0.0336666666666666,-0.0796666666666666,0.9510351228677828,0.6500249307810808,4.175,0.12,0.3224370088927306,0.1869999999999999,0.90283,0.3615428530650111,0.2,0.5599437480585929,4.007,0.137
82,1954,Hungary,South Korea,tournament,True,0.0,49.4,17.8,68.0,clear,53.55,301.54,A_win,Zürich,Switzerland,1954-06-17,0.1861,3.26,0.146,0.153,50.58,1691,5,513.5,0.03,27.22,0.652,78.9,42.6,16.61,0.1083333333333333,0.8380000000000001,2.99,0.2826666666666667,Adidas,apparel,33.47,430.0,1.0,0.501,0.712,0.937,0.887,real_sponsor_names_with_proxy_commercial_metrics,0.931713528183716,1548,6,343.4,-0.37,22.9,0.505,70.3,20.2,12.829999999999998,0.151,0.8606666666666666,2.8866666666666667,0.2443333333333333,McDonald's,restaurant,25.44,80.72,0.587,0.49,0.67,0.723,0.661,real_sponsor_names_with_proxy_commercial_metrics,0.5096695074891809,143,170.10000000000002,-1,8.600000000000009,0.4,-0.0226666666666665,-0.0426666666666666,0.6789758272283496,0.5762455926781428,4.017,0.12,0.4710014139615409,0.1297999999999999,0.84634,0.3382609005923071,0.2,0.60585989550628,3.988,0.119
83,1954,Switzerland,Italy,tournament,False,0.18,53.3,19.8,37.8,cloudy,40.35,100.93,A_win,Lausanne,Switzerland,1954-06-17,0.2801,0.66,0.125,0.199,38.63,1632,7,443.7,-0.12,26.09,0.595,72.7,48.1,17.05,0.1836666666666666,0.914,2.223333333333333,0.2486666666666666,Adidas,apparel,31.4,430.0,1.0,0.14,0.774,0.888,0.845,real_sponsor_names_with_proxy_commercial_metrics,0.90423375782881,1755,14,594.5,0.34,33.03,0.744,77.8,61.6,11.04,0.3303333333333333,0.8929999999999999,1.3333333333333333,0.0393333333333333,Visa,finance,33.4,190.0,1.0,0.316,0.761,0.842,0.918,real_sponsor_names_with_proxy_commercial_metrics,0.7989842668207419,-123,-150.8,-7,-5.099999999999994,-0.46,0.0210000000000001,-0.1466666666666667,0.5385464489432931,0.450095287832702,3.711,0.22,0.2602090227082608,0.1445999999999999,0.85383,0.19574395204453,0.2,0.5219447870137232,3.657,0.116
84,1954,Austria,Czechoslovakia,tournament,True,0.0,53.0,26.3,86.4,clear,44.75,88.36,A_win,Zürich,Switzerland,1954-06-19,0.4633,-0.64,0.11,0.19,46.51,1660,5,475.8,-0.03,25.77,0.617,70.5,44.6,14.99,0.1396666666666666,0.88,2.703333333333333,0.218,McDonald's,restaurant,21.71,77.28,0.55,0.451,0.702,0.72,0.649,real_sponsor_names_with_proxy_commercial_metrics,0.4544283435251633,1636,5,447.8,-0.1,25.08,0.592,72.1,45.6,14.05,0.2196666666666666,0.848,2.25,0.1806666666666666,Visa,finance,31.09,190.0,1.0,0.557,0.715,0.89,0.868,real_sponsor_names_with_proxy_commercial_metrics,0.763017711497151,24,28.0,0,-1.5999999999999943,0.07,0.032,-0.08,0.5506732285488857,0.4271670349263624,3.298,0.12,0.3422883258876401,0.1317999999999999,0.6711900000000001,0.4203682295011775,0.2,0.3991858374029486,3.245,0.149
85,1954,Brazil,Yugoslavia,tournament,True,0.0,42.5,17.3,68.5,windy,38.15,58.28,draw,Lausanne,Switzerland,1954-06-19,0.2198,0.22,0.135,0.158,30.78,1829,20,683.6,0.5,36.78,0.83,78.8,57.4,18.61,0.1376666666666667,0.7313333333333333,3.723333333333333,0.206,Adidas,apparel,33.15,430.0,1.0,0.369,0.809,0.916,0.861,real_sponsor_names_with_proxy_commercial_metrics,0.9383411482254695,1669,5,487.0,0.06,26.56,0.629,74.2,37.3,11.34,0.1803333333333333,0.851,3.0733333333333337,0.222,Qatar Airways,airline,17.82,67.59,0.448,0.779,0.762,0.645,0.666,real_sponsor_names_with_proxy_commercial_metrics,0.3790951727656917,160,196.6,15,4.599999999999994,0.44,-0.1196666666666667,-0.0426666666666666,0.9764150943396226,0.4336205801590752,3.592,0.48,0.170929142667462,0.1900666666666667,0.87793,0.4974271747662884,0.2,0.5083076665521462,3.827,0.115
86,1954,France,Mexico,tournament,True,0.0,64.3,25.6,57.8,rain,44.75,119.43,A_win,Geneva,Switzerland,1954-06-19,0.1907,-0.73,0.19,0.209,41.45,1748,13,584.8,0.26,32.28,0.733,77.8,46.5,18.67,0.2083333333333333,0.8296666666666667,3.483333333333333,0.3613333333333333,Qatar Airways,airline,24.02,81.37,0.593,0.647,0.801,0.711,0.647,real_sponsor_names_with_proxy_commercial_metrics,0.5102507613733611,1612,10,421.9,-0.18,26.83,0.584,72.1,37.6,18.89,0.2446666666666666,0.7546666666666667,1.1233333333333333,0.211,Hyundai,automotive,28.5,420.0,1.0,0.636,0.712,0.897,0.88,real_sponsor_names_with_proxy_commercial_metrics,0.853187632551073,136,162.89999999999998,3,5.700000000000003,0.44,0.0749999999999999,-0.0363333333333333,0.8018213325687816,0.5296003176269293,3.655,0.48,0.2818904484361096,0.1931333333333333,0.7179599999999999,0.4225798901020481,0.2,0.4320527613523688,3.476,0.145
87,1954,Scotland,Uruguay,tournament,True,0.0,51.9,15.5,83.4,cloudy,49.15,128.55,B_win,Basel,Switzerland,1954-06-19,0.2843,2.96,0.17,0.258,52.24,1529,4,318.6,-0.35,20.39,0.472,67.9,31.6,17.66,0.1853333333333333,0.9116666666666668,1.8866666666666667,0.2256666666666666,Budweiser,beverage,26.35,200.0,1.0,0.459,0.686,0.905,0.601,real_sponsor_names_with_proxy_commercial_metrics,0.6827095152717566,1684,10,508.3,0.07,29.28,0.661,74.8,44.8,20.58,0.1356666666666666,0.8753333333333333,1.923333333333333,0.1913333333333333,Vivo,technology,19.75,76.46,0.542,0.306,0.797,0.741,0.63,real_sponsor_names_with_proxy_commercial_metrics,0.4425490151146019,-155,-189.7,-6,-6.899999999999992,-0.42,0.0363333333333334,0.0496666666666666,0.3145516160739996,0.4985812034319665,3.363,0.22,0.3764740086374664,0.1465333333333332,0.7845199999999999,0.5046307000642261,0.2,0.4957886223536655,3.46,0.131
88,1954,Belgium,Italy,tournament,True,0.0,58.2,21.8,60.5,rain,44.75,106.56,B_win,Lugano,Switzerland,1954-06-20,0.1681,3.61,0.153,0.127,43.48,1674,9,495.4,0.02,28.38,0.646,71.5,40.4,23.19,0.142,0.7919999999999999,3.7566666666666655,0.0076666666666666,Visa,finance,26.85,190.0,1.0,0.538,0.72,0.914,0.914,real_sponsor_names_with_proxy_commercial_metrics,0.712621177050387,1755,14,594.5,0.34,33.03,0.744,77.8,61.6,11.04,0.3303333333333333,0.8929999999999999,1.3333333333333333,0.0393333333333333,Visa,finance,33.4,190.0,1.0,0.316,0.761,0.842,0.918,real_sponsor_names_with_proxy_commercial_metrics,0.7989842668207419,-81,-99.10000000000002,-5,-6.299999999999997,-0.32,-0.1009999999999999,-0.1883333333333333,0.6045045124588039,0.5357050361612486,3.58,0.48,0.2511752181086588,0.1684,0.8480000000000001,0.3458072504103332,0.2,0.4958775362389742,3.63,0.135
89,1954,Germany,Hungary,tournament,True,0.0,64.2,23.7,57.6,windy,57.95,176.19,B_win,Basel,Switzerland,1954-06-20,0.2724,0.77,0.099,0.099,60.84,1798,20,646.1,0.4,35.62,0.797,81.3,65.9,22.15,0.2123333333333333,0.851,5.576666666666667,0.3273333333333333,Coca-Cola,beverage,29.19,180.0,1.0,0.286,0.859,0.907,0.902,real_sponsor_names_with_proxy_commercial_metrics,0.7594715235889338,1691,5,513.5,0.03,27.22,0.652,78.9,42.6,16.61,0.1083333333333333,0.8380000000000001,2.99,0.2826666666666667,Adidas,apparel,33.47,430.0,1.0,0.501,0.712,0.937,0.887,real_sponsor_names_with_proxy_commercial_metrics,0.931713528183716,107,132.60000000000002,15,2.3999999999999915,0.37,0.0129999999999999,0.104,0.9510351228677828,0.7056828538569122,4.066,0.48,0.4377236207990153,0.1869999999999999,0.90283,0.3722937272532648,0.2,0.5985852889010826,4.104,0.141
90,1954,South Korea,Turkey,tournament,True,0.0,63.8,37.7,47.4,cloudy,49.15,156.89,B_win,Geneva,Switzerland,1954-06-20,0.2476,3.11,0.095,0.092,44.78,1548,6,343.4,-0.37,22.9,0.505,70.3,20.2,12.829999999999998,0.151,0.8606666666666666,2.8866666666666667,0.2443333333333333,McDonald's,restaurant,25.44,80.72,0.587,0.49,0.67,0.723,0.661,real_sponsor_names_with_proxy_commercial_metrics,0.5096695074891809,1677,1,491.1,0.1,22.51,0.608,74.3,49.4,16.02,0.292,0.8846666666666666,2.2533333333333334,0.3329999999999999,Mengniu,consumer_goods,18.0,60.85,0.377,0.48,0.714,0.662,0.611,real_sponsor_names_with_proxy_commercial_metrics,0.355802672637474,-129,-147.70000000000005,5,-4.0,-0.47,-0.024,-0.141,0.3785695739184261,0.4384049506342993,3.112,0.22,0.3285082272920446,0.1463333333333333,0.6669599999999999,0.5883815028901735,0.2,0.4113701134334161,3.09,0.121
91,1954,Switzerland,England,tournament,False,0.18,66.7,14.7,67.3,cloudy,38.15,119.34,B_win,Bern,Switzerland,1954-06-20,0.3383,5.88,0.119,0.203,42.39,1632,7,443.7,-0.12,26.09,0.595,72.7,48.1,17.05,0.1836666666666666,0.914,2.223333333333333,0.2486666666666666,Adidas,apparel,31.4,430.0,1.0,0.14,0.774,0.888,0.845,real_sponsor_names_with_proxy_commercial_metrics,0.90423375782881,1695,13,522.2,0.16,30.51,0.678,76.6,52.6,19.34,0.28,0.7986666666666666,2.61,0.1863333333333333,McDonald's,restaurant,20.29,74.13,0.517,0.758,0.819,0.654,0.569,real_sponsor_names_with_proxy_commercial_metrics,0.4320601407850143,-63,-78.50000000000006,-6,-3.899999999999992,-0.28,0.1153333333333334,-0.0963333333333333,0.5385464489432931,0.4466152362149485,3.63,0.22,0.2885128074681914,0.1445999999999999,0.85383,0.4558720473845714,0.2,0.5266311295127383,3.711,0.118
92,1954,Germany,Turkey,tournament,True,0.0,56.7,31.8,65.6,hot,53.55,140.06,A_win,Zürich,Switzerland,1954-06-23,0.1724,6.91,0.193,0.225,43.26,1798,20,646.1,0.4,35.62,0.797,81.3,65.9,22.15,0.2123333333333333,0.851,5.576666666666667,0.3273333333333333,Coca-Cola,beverage,29.19,180.0,1.0,0.286,0.859,0.907,0.902,real_sponsor_names_with_proxy_commercial_metrics,0.7594715235889338,1677,1,491.1,0.1,22.51,0.608,74.3,49.4,16.02,0.292,0.8846666666666666,2.2533333333333334,0.3329999999999999,Mengniu,consumer_goods,18.0,60.85,0.377,0.48,0.714,0.662,0.611,real_sponsor_names_with_proxy_commercial_metrics,0.355802672637474,121,155.0,19,7.0,0.3,-0.0336666666666666,-0.0796666666666666,0.9510351228677828,0.6733245436408148,4.132,0.62,0.3471893891307027,0.1869999999999999,0.90283,0.6735552701063299,0.2,0.5714181157069129,4.062,0.139
93,1954,Switzerland,Italy,tournament,False,0.18,52.5,23.9,58.2,clear,44.75,93.94,A_win,Basel,Switzerland,1954-06-23,0.2197,4.42,0.209,0.162,36.37,1632,7,443.7,-0.12,26.09,0.595,72.7,48.1,17.05,0.1836666666666666,0.914,2.223333333333333,0.2486666666666666,Adidas,apparel,31.4,430.0,1.0,0.14,0.774,0.888,0.845,real_sponsor_names_with_proxy_commercial_metrics,0.90423375782881,1755,14,594.5,0.34,33.03,0.744,77.8,61.6,11.04,0.3303333333333333,0.8929999999999999,1.3333333333333333,0.0393333333333333,Visa,finance,33.4,190.0,1.0,0.316,0.761,0.842,0.918,real_sponsor_names_with_proxy_commercial_metrics,0.7989842668207419,-123,-150.8,-7,-5.099999999999994,-0.46,0.0210000000000001,-0.1466666666666667,0.5385464489432931,0.4674409772811085,3.732,0.12,0.2471079304668756,0.1445999999999999,0.85383,0.2360886319845856,0.2,0.5241813616109999,3.729,0.119
94,1954,England,Uruguay,tournament,True,0.0,57.0,25.5,45.4,hot,46.95,161.66,B_win,Basel,Switzerland,1954-06-26,0.4117,2.43,0.22,0.115,45.55,1695,13,522.2,0.16,30.51,0.678,76.6,52.6,19.34,0.28,0.7986666666666666,2.61,0.1863333333333333,McDonald's,restaurant,20.29,74.13,0.517,0.758,0.819,0.654,0.569,real_sponsor_names_with_proxy_commercial_metrics,0.4320601407850143,1684,10,508.3,0.07,29.28,0.661,74.8,44.8,20.58,0.1356666666666666,0.8753333333333333,1.923333333333333,0.1913333333333333,Vivo,technology,19.75,76.46,0.542,0.306,0.797,0.741,0.63,real_sponsor_names_with_proxy_commercial_metrics,0.4425490151146019,11,13.900000000000034,3,1.7999999999999972,0.09,-0.0766666666666666,0.1443333333333333,0.7074856858162286,0.5112069497677302,3.351,0.62,0.3733054644103748,0.2485333333333333,0.68589,0.4223984871191036,0.2,0.4186060726054429,3.488,0.172
95,1954,Switzerland,Austria,tournament,False,0.18,36.1,23.7,60.1,clear,60.15,172.49,B_win,Lausanne,Switzerland,1954-06-26,0.4296,4.35,0.156,0.153,57.11,1632,7,443.7,-0.12,26.09,0.595,72.7,48.1,17.05,0.1836666666666666,0.914,2.223333333333333,0.2486666666666666,Adidas,apparel,31.4,430.0,1.0,0.14,0.774,0.888,0.845,real_sponsor_names_with_proxy_commercial_metrics,0.90423375782881,1660,5,475.8,-0.03,25.77,0.617,70.5,44.6,14.99,0.1396666666666666,0.88,2.703333333333333,0.218,McDonald's,restaurant,21.71,77.28,0.55,0.451,0.702,0.72,0.649,real_sponsor_names_with_proxy_commercial_metrics,0.4544283435251633,-28,-32.10000000000002,2,2.200000000000003,-0.09,0.034,0.044,0.5385464489432931,0.5640165009345682,3.595,0.12,0.4941569677109172,0.1445999999999999,0.85383,0.2390961963890672,0.2,0.600632315682777,3.97,0.126
96,1954,Brazil,Hungary,tournament,True,0.0,39.2,25.7,56.9,cloudy,46.95,172.06,B_win,Bern,Switzerland,1954-06-27,0.1524,5.64,0.187,0.194,47.41,1829,20,683.6,0.5,36.78,0.83,78.8,57.4,18.61,0.1376666666666667,0.7313333333333333,3.723333333333333,0.206,Adidas,apparel,33.15,430.0,1.0,0.369,0.809,0.916,0.861,real_sponsor_names_with_proxy_commercial_metrics,0.9383411482254695,1691,5,513.5,0.03,27.22,0.652,78.9,42.6,16.61,0.1083333333333333,0.8380000000000001,2.99,0.2826666666666667,Adidas,apparel,33.47,430.0,1.0,0.501,0.712,0.937,0.887,real_sponsor_names_with_proxy_commercial_metrics,0.931713528183716,138,170.10000000000002,15,-0.1000000000000085,0.47,-0.1066666666666668,0.0293333333333333,0.9764150943396226,0.5127927667850204,3.713,0.22,0.3329579345492685,0.1900666666666667,0.87793,0.3172921572825233,0.2,0.5628816371837722,4.021,0.121
97,1954,Germany,Yugoslavia,tournament,True,0.0,40.8,22.1,36.7,rain,38.15,136.01,A_win,Geneva,Switzerland,1954-06-27,0.2819,-1.42,0.143,0.16,32.9,1798,20,646.1,0.4,35.62,0.797,81.3,65.9,22.15,0.2123333333333333,0.851,5.576666666666667,0.3273333333333333,Coca-Cola,beverage,29.19,180.0,1.0,0.286,0.859,0.907,0.902,real_sponsor_names_with_proxy_commercial_metrics,0.7594715235889338,1669,5,487.0,0.06,26.56,0.629,74.2,37.3,11.34,0.1803333333333333,0.851,3.0733333333333337,0.222,Qatar Airways,airline,17.82,67.59,0.448,0.779,0.762,0.645,0.666,real_sponsor_names_with_proxy_commercial_metrics,0.3790951727656917,129,159.10000000000002,15,7.099999999999994,0.34,0.0,0.032,0.9510351228677828,0.60268687358645,3.848,0.48,0.2513569791510596,0.1869999999999999,0.90283,0.2403665881681296,0.2,0.532473086095762,3.888,0.133
98,1954,Austria,Germany,tournament,True,0.0,45.0,31.7,34.5,cloudy,49.15,94.33,B_win,Basel,Switzerland,1954-06-30,0.5463,5.91,0.017,0.141,42.34,1660,5,475.8,-0.03,25.77,0.617,70.5,44.6,14.99,0.1396666666666666,0.88,2.703333333333333,0.218,McDonald's,restaurant,21.71,77.28,0.55,0.451,0.702,0.72,0.649,real_sponsor_names_with_proxy_commercial_metrics,0.4544283435251633,1798,20,646.1,0.4,35.62,0.797,81.3,65.9,22.15,0.2123333333333333,0.851,5.576666666666667,0.3273333333333333,Coca-Cola,beverage,29.19,180.0,1.0,0.286,0.859,0.907,0.902,real_sponsor_names_with_proxy_commercial_metrics,0.7594715235889338,-138,-170.3,-15,-10.799999999999995,-0.43,0.029,-0.0726666666666666,0.5506732285488857,0.4490248664236853,3.061,0.22,0.3708756439809454,0.1317999999999999,0.6711900000000001,0.3765713979875829,0.2,0.4110234938408602,3.276,0.151
99,1954,Hungary,Uruguay,tournament,True,0.0,63.2,20.3,67.0,cloudy,46.95,89.79,A_win,Lausanne,Switzerland,1954-06-30,0.4165,1.66,0.139,0.151,49.28,1691,5,513.5,0.03,27.22,0.652,78.9,42.6,16.61,0.1083333333333333,0.8380000000000001,2.99,0.2826666666666667,Adidas,apparel,33.47,430.0,1.0,0.501,0.712,0.937,0.887,real_sponsor_names_with_proxy_commercial_metrics,0.931713528183716,1684,10,508.3,0.07,29.28,0.661,74.8,44.8,20.58,0.1356666666666666,0.8753333333333333,1.923333333333333,0.1913333333333333,Vivo,technology,19.75,76.46,0.542,0.306,0.797,0.741,0.63,real_sponsor_names_with_proxy_commercial_metrics,0.4425490151146019,7,5.199999999999989,-5,4.1000000000000085,-0.04,-0.0373333333333332,-0.0273333333333333,0.6789758272283496,0.4728539189807702,3.872,0.22,0.3394170846111762,0.1297999999999999,0.84634,0.3089110112038821,0.2,0.5505933610009428,3.699,0.111
100,1954,Austria,Uruguay,tournament,True,0.0,46.2,29.8,16.4,cloudy,42.55,98.41,A_win,Zürich,Switzerland,1954-07-03,0.298,1.68,0.126,0.203,37.66,1660,5,475.8,-0.03,25.77,0.617,70.5,44.6,14.99,0.1396666666666666,0.88,2.703333333333333,0.218,McDonald's,restaurant,21.71,77.28,0.55,0.451,0.702,0.72,0.649,real_sponsor_names_with_proxy_commercial_metrics,0.4544283435251633,1684,10,508.3,0.07,29.28,0.661,74.8,44.8,20.58,0.1356666666666666,0.8753333333333333,1.923333333333333,0.1913333333333333,Vivo,technology,19.75,76.46,0.542,0.306,0.797,0.741,0.63,real_sponsor_names_with_proxy_commercial_metrics,0.4425490151146019,-24,-32.5,-5,-4.299999999999997,-0.1,0.0046666666666667,0.004,0.5506732285488857,0.4207763731597707,3.232,0.22,0.2735717380075818,0.1317999999999999,0.6711900000000001,0.248939556126454,0.2,0.3836531345322913,3.217,0.148
101,1954,Germany,Hungary,tournament,True,0.0,53.1,19.1,61.3,clear,44.75,95.14,A_win,Bern,Switzerland,1954-07-04,0.238,2.05,0.073,0.143,46.62,1798,20,646.1,0.4,35.62,0.797,81.3,65.9,22.15,0.2123333333333333,0.851,5.576666666666667,0.3273333333333333,Coca-Cola,beverage,29.19,180.0,1.0,0.286,0.859,0.907,0.902,real_sponsor_names_with_proxy_commercial_metrics,0.7594715235889338,1691,5,513.5,0.03,27.22,0.652,78.9,42.6,16.61,0.1083333333333333,0.8380000000000001,2.99,0.2826666666666667,Adidas,apparel,33.47,430.0,1.0,0.501,0.712,0.937,0.887,real_sponsor_names_with_proxy_commercial_metrics,0.931713528183716,107,132.60000000000002,15,2.3999999999999915,0.37,0.0129999999999999,0.104,0.9510351228677828,0.6181265932408249,3.965,0.12,0.2737275963804115,0.1869999999999999,0.90283,0.2754952544066223,0.2,0.5412703310448574,3.902,0.134
102,1958,Argentina,Germany,tournament,True,0.0,74.9,22.6,50.4,clear,44.01,155.38,B_win,Malmö,Sweden,1958-06-08,0.2512,3.47,0.111,0.172,44.48,1753,15,591.7,0.26,33.16,0.743,76.8,58.0,19.5,0.2623333333333333,0.8586666666666667,3.813333333333333,0.2106666666666666,Hyundai,automotive,30.74,420.0,1.0,0.338,0.813,0.936,0.851,real_sponsor_names_with_proxy_commercial_metrics,0.9027842922587972,1798,20,646.1,0.4,35.62,0.797,81.3,65.9,22.15,0.2123333333333333,0.851,5.576666666666667,0.3273333333333333,Coca-Cola,beverage,29.19,180.0,1.0,0.286,0.859,0.907,0.902,real_sponsor_names_with_proxy_commercial_metrics,0.7594715235889338,-45,-54.39999999999998,-5,-4.5,-0.14,0.0076666666666667,0.05,0.8112048561394937,0.5384855682870079,4.005,0.12,0.3197944785649618,0.2139333333333333,0.8831100000000001,0.1685698993791479,0.2,0.558202484975466,3.894,0.127
103,1958,Austria,Brazil,tournament,True,0.0,53.4,16.6,78.9,clear,41.81,131.83,B_win,Uddevalla,Sweden,1958-06-08,0.0777,0.47,0.167,0.16,33.87,1660,5,475.8,-0.03,25.77,0.617,70.5,44.6,14.99,0.1396666666666666,0.88,2.703333333333333,0.218,McDonald's,restaurant,21.71,77.28,0.55,0.451,0.702,0.72,0.649,real_sponsor_names_with_proxy_commercial_metrics,0.4544283435251633,1829,20,683.6,0.5,36.78,0.83,78.8,57.4,18.61,0.1376666666666667,0.7313333333333333,3.723333333333333,0.206,Adidas,apparel,33.15,430.0,1.0,0.369,0.809,0.916,0.861,real_sponsor_names_with_proxy_commercial_metrics,0.9383411482254695,-169,-207.8,-15,-8.299999999999997,-0.53,0.1486666666666667,0.0019999999999999,0.5506732285488857,0.4290853283007786,3.126,0.12,0.2135273999338331,0.1317999999999999,0.6711900000000001,0.4165735388567758,0.2,0.3739707743570238,3.198,0.147
104,1958,Czechoslovakia,Northern Ireland,tournament,True,0.0,67.6,25.7,50.1,cloudy,37.41,145.43,B_win,Halmstad,Sweden,1958-06-08,0.1467,2.2,0.066,0.138,38.76,1636,5,447.8,-0.1,25.08,0.592,72.1,45.6,14.05,0.2196666666666666,0.848,2.25,0.1806666666666666,Visa,finance,31.09,190.0,1.0,0.557,0.715,0.89,0.868,real_sponsor_names_with_proxy_commercial_metrics,0.763017711497151,1543,2,333.4,-0.15,18.82,0.474,66.3,29.3,14.28,0.151,0.5943333333333333,4.053333333333334,0.075,Qatar Airways,airline,21.11,77.31,0.551,0.318,0.682,0.667,0.62,real_sponsor_names_with_proxy_commercial_metrics,0.4343625610241698,93,114.40000000000003,3,5.799999999999997,0.0499999999999999,0.2536666666666667,0.0686666666666666,0.5283363782801519,0.3761144082941348,3.337,0.22,0.226041918287137,0.1925999999999999,0.8329999999999999,0.2879094412331406,0.2,0.4547086687391014,3.343,0.108
105,1958,England,Russia,tournament,True,0.0,45.9,31.7,68.6,cloudy,44.01,140.53,draw,Gothenburg,Sweden,1958-06-08,0.3356,3.9,0.099,0.169,48.26,1695,13,522.2,0.16,30.51,0.678,76.6,52.6,19.34,0.28,0.7986666666666666,2.61,0.1863333333333333,McDonald's,restaurant,20.29,74.13,0.517,0.758,0.819,0.654,0.569,real_sponsor_names_with_proxy_commercial_metrics,0.4320601407850143,1676,8,497.3,0.07,27.98,0.645,72.7,49.8,18.23,0.1086666666666666,0.8123333333333332,5.670000000000001,0.13,Hyundai,automotive,26.07,420.0,1.0,0.245,0.69,0.874,0.885,real_sponsor_names_with_proxy_commercial_metrics,0.81405268474314,19,24.90000000000004,5,3.899999999999992,0.09,-0.0136666666666666,0.1713333333333334,0.7074856858162286,0.4906341647193071,3.289,0.22,0.3407849665306744,0.2485333333333333,0.68589,0.5239170769999285,0.2,0.4063415932159444,3.412,0.168
106,1958,France,Paraguay,tournament,True,0.0,55.3,22.5,51.6,clear,57.21,173.32,A_win,Norrköping,Sweden,1958-06-08,0.1902,3.26,0.28,0.173,61.44,1748,13,584.8,0.26,32.28,0.733,77.8,46.5,18.67,0.2083333333333333,0.8296666666666667,3.483333333333333,0.3613333333333333,Qatar Airways,airline,24.02,81.37,0.593,0.647,0.801,0.711,0.647,real_sponsor_names_with_proxy_commercial_metrics,0.5102507613733611,1578,4,377.4,-0.11,22.66,0.528,69.9,30.5,12.88,0.1066666666666666,0.8923333333333333,3.733333333333333,0.1686666666666666,Hyundai,automotive,26.2,420.0,1.0,0.401,0.667,0.921,0.802,real_sponsor_names_with_proxy_commercial_metrics,0.8124367766011774,170,207.4,9,7.899999999999991,0.37,-0.0626666666666666,0.1016666666666666,0.8018213325687816,0.60437405457821,3.737,0.12,0.42836918952757,0.1931333333333333,0.7179599999999999,0.1711539284949689,0.2,0.4822851559170195,3.68,0.153
107,1958,Hungary,Wales,tournament,True,0.0,45.6,21.8,59.8,hot,39.61,158.38,draw,Sandviken,Sweden,1958-06-08,0.2068,3.6,0.028,0.121,31.02,1691,5,513.5,0.03,27.22,0.652,78.9,42.6,16.61,0.1083333333333333,0.8380000000000001,2.99,0.2826666666666667,Adidas,apparel,33.47,430.0,1.0,0.501,0.712,0.937,0.887,real_sponsor_names_with_proxy_commercial_metrics,0.931713528183716,1476,1,251.0,-0.25,14.8,0.391,67.0,18.7,9.44,0.2196666666666666,0.746,2.5966666666666667,0.0486666666666666,Coca-Cola,beverage,33.92,180.0,1.0,0.324,0.631,0.878,0.858,real_sponsor_names_with_proxy_commercial_metrics,0.7803273273467628,215,262.5,4,11.900000000000006,0.28,0.092,-0.1113333333333333,0.6789758272283496,0.4637386475477407,3.615,0.62,0.2407367169136674,0.1297999999999999,0.84634,0.3987825590523085,0.2,0.5283050114601928,3.746,0.112
108,1958,Scotland,Yugoslavia,tournament,True,0.0,53.6,16.3,69.8,clear,39.61,129.1,draw,Västerås,Sweden,1958-06-08,0.1705,2.12,0.142,0.187,38.59,1529,4,318.6,-0.35,20.39,0.472,67.9,31.6,17.66,0.1853333333333333,0.9116666666666668,1.8866666666666667,0.2256666666666666,Budweiser,beverage,26.35,200.0,1.0,0.459,0.686,0.905,0.601,real_sponsor_names_with_proxy_commercial_metrics,0.6827095152717566,1669,5,487.0,0.06,26.56,0.629,74.2,37.3,11.34,0.1803333333333333,0.851,3.0733333333333337,0.222,Qatar Airways,airline,17.82,67.59,0.448,0.779,0.762,0.645,0.666,real_sponsor_names_with_proxy_commercial_metrics,0.3790951727656917,-140,-168.39999999999998,-1,-6.299999999999997,-0.41,0.0606666666666667,0.005,0.3145516160739996,0.4558875254329722,3.387,0.12,0.2437375397452771,0.1465333333333332,0.7845199999999999,0.3850560194105473,0.2,0.4572870987355092,3.379,0.128
109,1958,Sweden,Mexico,tournament,False,0.18,68.9,21.6,50.6,cloudy,41.81,121.78,A_win,Solna,Sweden,1958-06-08,0.129,4.26,0.063,0.164,46.36,1654,9,471.1,0.0,27.67,0.624,74.4,39.2,19.34,0.1766666666666666,0.6789999999999999,3.783333333333333,0.1453333333333333,Budweiser,beverage,26.29,200.0,1.0,0.625,0.705,0.91,0.618,real_sponsor_names_with_proxy_commercial_metrics,0.6867753190295852,1612,10,421.9,-0.18,26.83,0.584,72.1,37.6,18.89,0.2446666666666666,0.7546666666666667,1.1233333333333333,0.211,Hyundai,automotive,28.5,420.0,1.0,0.636,0.712,0.897,0.88,real_sponsor_names_with_proxy_commercial_metrics,0.853187632551073,42,49.200000000000045,-1,2.300000000000012,0.18,-0.0756666666666667,-0.068,0.6002235585615322,0.4636954535693692,3.782,0.22,0.2520842911774149,0.2344,0.7963,0.2042317847712838,0.2,0.4584956618020068,3.62,0.138
110,1958,Argentina,Northern Ireland,tournament,True,0.0,35.5,13.4,73.9,clear,44.01,190.37,A_win,Halmstad,Sweden,1958-06-11,0.1402,5.02,0.096,0.146,43.81,1753,15,591.7,0.26,33.16,0.743,76.8,58.0,19.5,0.2623333333333333,0.8586666666666667,3.813333333333333,0.2106666666666666,Hyundai,automotive,30.74,420.0,1.0,0.338,0.813,0.936,0.851,real_sponsor_names_with_proxy_commercial_metrics,0.9027842922587972,1543,2,333.4,-0.15,18.82,0.474,66.3,29.3,14.28,0.151,0.5943333333333333,4.053333333333334,0.075,Qatar Airways,airline,21.11,77.31,0.551,0.318,0.682,0.667,0.62,real_sponsor_names_with_proxy_commercial_metrics,0.4343625610241698,210,258.30000000000007,13,10.5,0.41,0.2643333333333334,0.1113333333333333,0.8112048561394937,0.5506676555008646,3.888,0.12,0.3069539981390202,0.2139333333333333,0.8831100000000001,0.478205594804824,0.2,0.5590453733101576,4.013,0.131
111,1958,Austria,Russia,tournament,True,0.0,63.6,17.5,42.1,clear,39.61,116.9,B_win,Borås,Sweden,1958-06-11,0.2522,4.89,0.14,0.115,35.04,1660,5,475.8,-0.03,25.77,0.617,70.5,44.6,14.99,0.1396666666666666,0.88,2.703333333333333,0.218,McDonald's,restaurant,21.71,77.28,0.55,0.451,0.702,0.72,0.649,real_sponsor_names_with_proxy_commercial_metrics,0.4544283435251633,1676,8,497.3,0.07,27.98,0.645,72.7,49.8,18.23,0.1086666666666666,0.8123333333333332,5.670000000000001,0.13,Hyundai,automotive,26.07,420.0,1.0,0.245,0.69,0.874,0.885,real_sponsor_names_with_proxy_commercial_metrics,0.81405268474314,-16,-21.5,-3,-2.200000000000003,-0.1,0.0676666666666667,0.031,0.5506732285488857,0.4139976519985442,3.182,0.12,0.2310828120898634,0.1317999999999999,0.6711900000000001,0.234150788553486,0.2,0.3732573074236043,3.248,0.15
112,1958,Brazil,England,tournament,True,0.0,61.1,24.4,62.7,rain,35.21,92.4,draw,Gothenburg,Sweden,1958-06-11,0.2791,3.7,0.077,0.096,29.93,1829,20,683.6,0.5,36.78,0.83,78.8,57.4,18.61,0.1376666666666667,0.7313333333333333,3.723333333333333,0.206,Adidas,apparel,33.15,430.0,1.0,0.369,0.809,0.916,0.861,real_sponsor_names_with_proxy_commercial_metrics,0.9383411482254695,1695,13,522.2,0.16,30.51,0.678,76.6,52.6,19.34,0.28,0.7986666666666666,2.61,0.1863333333333333,McDonald's,restaurant,20.29,74.13,0.517,0.758,0.819,0.654,0.569,real_sponsor_names_with_proxy_commercial_metrics,0.4320601407850143,134,161.39999999999998,7,2.200000000000003,0.3399999999999999,-0.0673333333333333,-0.1423333333333333,0.9764150943396226,0.4322835858670278,3.8,0.48,0.1798098798118249,0.1900666666666667,0.87793,0.4125388567758509,0.2,0.5097094555792455,3.851,0.116
113,1958,Czechoslovakia,Germany,tournament,True,0.0,50.3,30.9,72.8,cloudy,44.01,99.47,draw,Helsingborg,Sweden,1958-06-11,0.1306,4.77,0.202,0.155,45.18,1636,5,447.8,-0.1,25.08,0.592,72.1,45.6,14.05,0.2196666666666666,0.848,2.25,0.1806666666666666,Visa,finance,31.09,190.0,1.0,0.557,0.715,0.89,0.868,real_sponsor_names_with_proxy_commercial_metrics,0.763017711497151,1798,20,646.1,0.4,35.62,0.797,81.3,65.9,22.15,0.2123333333333333,0.851,5.576666666666667,0.3273333333333333,Coca-Cola,beverage,29.19,180.0,1.0,0.286,0.859,0.907,0.902,real_sponsor_names_with_proxy_commercial_metrics,0.7594715235889338,-162,-198.3,-15,-9.200000000000005,-0.5,-0.003,0.0073333333333333,0.5283363782801519,0.3897819980851621,3.267,0.22,0.2426106153026655,0.1925999999999999,0.8329999999999999,0.5212559765931635,0.2,0.4618493332836947,3.321,0.107
114,1958,France,Yugoslavia,tournament,True,0.0,39.2,39.0,68.6,clear,46.21,160.78,B_win,Västerås,Sweden,1958-06-11,0.189,4.63,0.264,0.216,48.87,1748,13,584.8,0.26,32.28,0.733,77.8,46.5,18.67,0.2083333333333333,0.8296666666666667,3.483333333333333,0.3613333333333333,Qatar Airways,airline,24.02,81.37,0.593,0.647,0.801,0.711,0.647,real_sponsor_names_with_proxy_commercial_metrics,0.5102507613733611,1669,5,487.0,0.06,26.56,0.629,74.2,37.3,11.34,0.1803333333333333,0.851,3.0733333333333337,0.222,Qatar Airways,airline,17.82,67.59,0.448,0.779,0.762,0.645,0.666,real_sponsor_names_with_proxy_commercial_metrics,0.3790951727656917,79,97.79999999999995,8,3.5999999999999943,0.2,-0.0213333333333333,0.0279999999999999,0.8018213325687816,0.5505598353091827,3.274,0.12,0.339771952482737,0.1931333333333333,0.7179599999999999,0.6738014700635124,0.2,0.4494977271127253,3.559,0.148
115,1958,Mexico,Wales,tournament,True,0.0,58.9,19.5,88.7,windy,39.61,160.05,draw,Solna,Sweden,1958-06-11,0.1883,8.42,0.224,0.184,43.91,1612,10,421.9,-0.18,26.83,0.584,72.1,37.6,18.89,0.2446666666666666,0.7546666666666667,1.1233333333333333,0.211,Hyundai,automotive,28.5,420.0,1.0,0.636,0.712,0.897,0.88,real_sponsor_names_with_proxy_commercial_metrics,0.853187632551073,1476,1,251.0,-0.25,14.8,0.391,67.0,18.7,9.44,0.2196666666666666,0.746,2.5966666666666667,0.0486666666666666,Coca-Cola,beverage,33.92,180.0,1.0,0.324,0.631,0.878,0.858,real_sponsor_names_with_proxy_commercial_metrics,0.7803273273467628,136,170.89999999999998,9,5.099999999999994,0.07,0.0086666666666667,0.0249999999999999,0.5181915824104364,0.4368118558254507,3.675,0.48,0.2839594695359116,0.2449333333333332,0.83529,0.5274856918575608,0.2,0.502108845350566,3.732,0.131
116,1958,Paraguay,Scotland,tournament,True,0.0,51.1,31.6,45.8,rain,46.21,130.19,A_win,Norrköping,Sweden,1958-06-11,0.1621,5.36,0.238,0.143,51.11,1578,4,377.4,-0.11,22.66,0.528,69.9,30.5,12.88,0.1066666666666666,0.8923333333333333,3.733333333333333,0.1686666666666666,Hyundai,automotive,26.2,420.0,1.0,0.401,0.667,0.921,0.802,real_sponsor_names_with_proxy_commercial_metrics,0.8124367766011774,1529,4,318.6,-0.35,20.39,0.472,67.9,31.6,17.66,0.1853333333333333,0.9116666666666668,1.8866666666666667,0.2256666666666666,Budweiser,beverage,26.35,200.0,1.0,0.459,0.686,0.905,0.601,real_sponsor_names_with_proxy_commercial_metrics,0.6827095152717566,49,58.79999999999996,0,2.0,0.24,-0.0193333333333334,-0.0786666666666666,0.4105964679456181,0.4261364393599888,3.752,0.48,0.2974618920960857,0.1070666666666666,0.81069,0.526797402412046,0.2,0.4968680078242966,3.753,0.143
117,1958,Sweden,Hungary,tournament,False,0.18,61.0,24.5,35.9,rain,41.81,172.32,A_win,Solna,Sweden,1958-06-12,0.2216,2.61,0.046,0.062,37.72,1654,9,471.1,0.0,27.67,0.624,74.4,39.2,19.34,0.1766666666666666,0.6789999999999999,3.783333333333333,0.1453333333333333,Budweiser,beverage,26.29,200.0,1.0,0.625,0.705,0.91,0.618,real_sponsor_names_with_proxy_commercial_metrics,0.6867753190295852,1691,5,513.5,0.03,27.22,0.652,78.9,42.6,16.61,0.1083333333333333,0.8380000000000001,2.99,0.2826666666666667,Adidas,apparel,33.47,430.0,1.0,0.501,0.712,0.937,0.887,real_sponsor_names_with_proxy_commercial_metrics,0.931713528183716,-37,-42.39999999999998,4,-4.5,-0.03,-0.1590000000000001,0.0683333333333333,0.6002235585615322,0.4812914149237082,3.767,0.48,0.26901741285773,0.2344,0.7963,0.2993375437094127,0.2,0.4668091553172847,3.669,0.14
118,1958,Argentina,Czechoslovakia,tournament,True,0.0,58.3,22.1,42.1,hot,50.61,83.31,B_win,Helsingborg,Sweden,1958-06-15,0.3398,0.89,0.137,0.071,50.48,1753,15,591.7,0.26,33.16,0.743,76.8,58.0,19.5,0.2623333333333333,0.8586666666666667,3.813333333333333,0.2106666666666666,Hyundai,automotive,30.74,420.0,1.0,0.338,0.813,0.936,0.851,real_sponsor_names_with_proxy_commercial_metrics,0.9027842922587972,1636,5,447.8,-0.1,25.08,0.592,72.1,45.6,14.05,0.2196666666666666,0.848,2.25,0.1806666666666666,Visa,finance,31.09,190.0,1.0,0.557,0.715,0.89,0.868,real_sponsor_names_with_proxy_commercial_metrics,0.763017711497151,117,143.90000000000003,10,4.700000000000003,0.36,0.0106666666666667,0.0426666666666666,0.8112048561394937,0.5430627237495472,3.811,0.62,0.3163242868185793,0.2139333333333333,0.8831100000000001,0.319699921501463,0.2,0.5587900501557006,3.954,0.129
119,1958,Austria,England,tournament,True,0.0,78.8,25.6,68.6,hot,44.01,123.83,draw,Borås,Sweden,1958-06-15,0.2713,2.25,0.194,0.044,35.94,1660,5,475.8,-0.03,25.77,0.617,70.5,44.6,14.99,0.1396666666666666,0.88,2.703333333333333,0.218,McDonald's,restaurant,21.71,77.28,0.55,0.451,0.702,0.72,0.649,real_sponsor_names_with_proxy_commercial_metrics,0.4544283435251633,1695,13,522.2,0.16,30.51,0.678,76.6,52.6,19.34,0.28,0.7986666666666666,2.61,0.1863333333333333,McDonald's,restaurant,20.29,74.13,0.517,0.758,0.819,0.654,0.569,real_sponsor_names_with_proxy_commercial_metrics,0.4320601407850143,-35,-46.400000000000034,-8,-6.099999999999994,-0.19,0.0813333333333333,-0.1403333333333333,0.5506732285488857,0.4361897162402312,3.461,0.62,0.2498325606171086,0.1317999999999999,0.6711900000000001,0.5252465567687148,0.2,0.3832210351167257,3.309,0.152
120,1958,Brazil,Russia,tournament,True,0.0,54.9,23.4,66.0,clear,39.61,111.93,A_win,Gothenburg,Sweden,1958-06-15,0.2099,2.1,0.226,0.187,32.24,1829,20,683.6,0.5,36.78,0.83,78.8,57.4,18.61,0.1376666666666667,0.7313333333333333,3.723333333333333,0.206,Adidas,apparel,33.15,430.0,1.0,0.369,0.809,0.916,0.861,real_sponsor_names_with_proxy_commercial_metrics,0.9383411482254695,1676,8,497.3,0.07,27.98,0.645,72.7,49.8,18.23,0.1086666666666666,0.8123333333333332,5.670000000000001,0.13,Hyundai,automotive,26.07,420.0,1.0,0.245,0.69,0.874,0.885,real_sponsor_names_with_proxy_commercial_metrics,0.81405268474314,153,186.3,12,6.099999999999994,0.43,-0.0809999999999999,0.029,0.9764150943396226,0.4588624548784946,3.932,0.12,0.2262878884238269,0.1900666666666667,0.87793,0.2567865553414686,0.2,0.5264471406248566,3.902,0.118
121,1958,France,Scotland,tournament,True,0.0,44.7,23.7,59.6,cloudy,41.81,97.47,A_win,Örebro,Sweden,1958-06-15,0.2467,3.87,0.296,0.332,33.69,1748,13,584.8,0.26,32.28,0.733,77.8,46.5,18.67,0.2083333333333333,0.8296666666666667,3.483333333333333,0.3613333333333333,Qatar Airways,airline,24.02,81.37,0.593,0.647,0.801,0.711,0.647,real_sponsor_names_with_proxy_commercial_metrics,0.5102507613733611,1529,4,318.6,-0.35,20.39,0.472,67.9,31.6,17.66,0.1853333333333333,0.9116666666666668,1.8866666666666667,0.2256666666666666,Budweiser,beverage,26.35,200.0,1.0,0.459,0.686,0.905,0.601,real_sponsor_names_with_proxy_commercial_metrics,0.6827095152717566,219,266.19999999999993,9,9.899999999999991,0.61,-0.082,0.0229999999999999,0.8018213325687816,0.5087385605182747,3.417,0.22,0.2763079061616766,0.1931333333333333,0.7179599999999999,0.2769357025619068,0.2,0.4250949609070589,3.474,0.145
122,1958,Germany,Northern Ireland,tournament,True,0.0,60.3,20.6,40.0,cloudy,44.01,245.16,draw,Malmö,Sweden,1958-06-15,0.3757,1.33,0.242,0.298,49.02,1798,20,646.1,0.4,35.62,0.797,81.3,65.9,22.15,0.2123333333333333,0.851,5.576666666666667,0.3273333333333333,Coca-Cola,beverage,29.19,180.0,1.0,0.286,0.859,0.907,0.902,real_sponsor_names_with_proxy_commercial_metrics,0.7594715235889338,1543,2,333.4,-0.15,18.82,0.474,66.3,29.3,14.28,0.151,0.5943333333333333,4.053333333333334,0.075,Qatar Airways,airline,21.11,77.31,0.551,0.318,0.682,0.667,0.62,real_sponsor_names_with_proxy_commercial_metrics,0.4343625610241698,255,312.70000000000005,18,15.0,0.55,0.2566666666666667,0.0613333333333333,0.9510351228677828,0.6670309004577314,4.069,0.22,0.462546311225248,0.1869999999999999,0.90283,0.1844408763291229,0.2,0.5927272800345587,4.086,0.14
123,1958,Hungary,Mexico,tournament,True,0.0,60.9,14.6,70.3,clear,44.01,123.46,A_win,Sandviken,Sweden,1958-06-15,0.2539,5.3,0.228,0.154,36.74,1691,5,513.5,0.03,27.22,0.652,78.9,42.6,16.61,0.1083333333333333,0.8380000000000001,2.99,0.2826666666666667,Adidas,apparel,33.47,430.0,1.0,0.501,0.712,0.937,0.887,real_sponsor_names_with_proxy_commercial_metrics,0.931713528183716,1612,10,421.9,-0.18,26.83,0.584,72.1,37.6,18.89,0.2446666666666666,0.7546666666666667,1.1233333333333333,0.211,Hyundai,automotive,28.5,420.0,1.0,0.636,0.712,0.897,0.88,real_sponsor_names_with_proxy_commercial_metrics,0.853187632551073,79,91.60000000000002,-5,6.800000000000011,0.21,0.0833333333333333,-0.1363333333333333,0.6789758272283496,0.4713602530898021,3.874,0.12,0.2734590749898179,0.1297999999999999,0.84634,0.4314361664168986,0.2,0.5369835326272,3.755,0.112
124,1958,Paraguay,Yugoslavia,tournament,True,0.0,75.7,13.7,38.4,clear,48.41,123.41,draw,Eskilstuna,Sweden,1958-06-15,0.2775,-0.12,0.367,0.27,46.17,1578,4,377.4,-0.11,22.66,0.528,69.9,30.5,12.88,0.1066666666666666,0.8923333333333333,3.733333333333333,0.1686666666666666,Hyundai,automotive,26.2,420.0,1.0,0.401,0.667,0.921,0.802,real_sponsor_names_with_proxy_commercial_metrics,0.8124367766011774,1669,5,487.0,0.06,26.56,0.629,74.2,37.3,11.34,0.1803333333333333,0.851,3.0733333333333337,0.222,Qatar Airways,airline,17.82,67.59,0.448,0.779,0.762,0.645,0.666,real_sponsor_names_with_proxy_commercial_metrics,0.3790951727656917,-91,-109.60000000000002,-1,-4.299999999999997,-0.1699999999999999,0.0413333333333333,-0.0736666666666666,0.4105964679456181,0.4336655814120709,3.869,0.12,0.3548020718283588,0.1070666666666666,0.81069,0.3170070648683365,0.2,0.5104442035453343,3.697,0.141
125,1958,Sweden,Wales,tournament,False,0.18,68.9,26.9,76.5,clear,35.21,101.35,draw,Solna,Sweden,1958-06-15,0.184,-0.63,0.164,0.097,32.95,1654,9,471.1,0.0,27.67,0.624,74.4,39.2,19.34,0.1766666666666666,0.6789999999999999,3.783333333333333,0.1453333333333333,Budweiser,beverage,26.29,200.0,1.0,0.625,0.705,0.91,0.618,real_sponsor_names_with_proxy_commercial_metrics,0.6867753190295852,1476,1,251.0,-0.25,14.8,0.391,67.0,18.7,9.44,0.2196666666666666,0.746,2.5966666666666667,0.0486666666666666,Coca-Cola,beverage,33.92,180.0,1.0,0.324,0.631,0.878,0.858,real_sponsor_names_with_proxy_commercial_metrics,0.7803273273467628,178,220.1,8,7.400000000000006,0.25,-0.067,-0.043,0.6002235585615322,0.426913580550907,3.572,0.12,0.1677759546155661,0.2344,0.7963,0.3931973881395846,0.2,0.4313350700444676,3.606,0.137
126,1958,Czechoslovakia,Northern Ireland,tournament,True,0.0,62.6,21.3,96.0,cloudy,41.81,68.19,B_win,Malmö,Sweden,1958-06-17,0.1189,2.52,0.133,0.083,37.5,1636,5,447.8,-0.1,25.08,0.592,72.1,45.6,14.05,0.2196666666666666,0.848,2.25,0.1806666666666666,Visa,finance,31.09,190.0,1.0,0.557,0.715,0.89,0.868,real_sponsor_names_with_proxy_commercial_metrics,0.763017711497151,1543,2,333.4,-0.15,18.82,0.474,66.3,29.3,14.28,0.151,0.5943333333333333,4.053333333333334,0.075,Qatar Airways,airline,21.11,77.31,0.551,0.318,0.682,0.667,0.62,real_sponsor_names_with_proxy_commercial_metrics,0.4343625610241698,93,114.40000000000003,3,5.799999999999997,0.0499999999999999,0.2536666666666667,0.0686666666666666,0.5283363782801519,0.3690019203554753,3.218,0.22,0.1680886859833858,0.1925999999999999,0.8329999999999999,0.4082080924855491,0.2,0.4411265256555265,3.335,0.107
127,1958,England,Russia,tournament,True,0.0,77.0,19.4,63.9,rain,37.41,86.42,B_win,Gothenburg,Sweden,1958-06-17,0.0673,1.03,0.17,0.099,36.42,1695,13,522.2,0.16,30.51,0.678,76.6,52.6,19.34,0.28,0.7986666666666666,2.61,0.1863333333333333,McDonald's,restaurant,20.29,74.13,0.517,0.758,0.819,0.654,0.569,real_sponsor_names_with_proxy_commercial_metrics,0.4320601407850143,1676,8,497.3,0.07,27.98,0.645,72.7,49.8,18.23,0.1086666666666666,0.8123333333333332,5.670000000000001,0.13,Hyundai,automotive,26.07,420.0,1.0,0.245,0.69,0.874,0.885,real_sponsor_names_with_proxy_commercial_metrics,0.81405268474314,19,24.90000000000004,5,3.899999999999992,0.09,-0.0136666666666666,0.1713333333333334,0.7074856858162286,0.4421262929194017,3.353,0.48,0.1451312736268732,0.2485333333333333,0.68589,0.4229263540997645,0.2,0.3536286505312106,3.294,0.162
128,1958,Hungary,Wales,tournament,True,0.0,42.5,23.1,67.3,rain,41.81,157.35,B_win,Solna,Sweden,1958-06-17,0.1835,0.16,0.083,0.116,32.65,1691,5,513.5,0.03,27.22,0.652,78.9,42.6,16.61,0.1083333333333333,0.8380000000000001,2.99,0.2826666666666667,Adidas,apparel,33.47,430.0,1.0,0.501,0.712,0.937,0.887,real_sponsor_names_with_proxy_commercial_metrics,0.931713528183716,1476,1,251.0,-0.25,14.8,0.391,67.0,18.7,9.44,0.2196666666666666,0.746,2.5966666666666667,0.0486666666666666,Coca-Cola,beverage,33.92,180.0,1.0,0.324,0.631,0.878,0.858,real_sponsor_names_with_proxy_commercial_metrics,0.7803273273467628,215,262.5,4,11.900000000000006,0.28,0.092,-0.1113333333333333,0.6789758272283496,0.4732697044749208,3.515,0.48,0.2480118090214705,0.1297999999999999,0.84634,0.3986003710839934,0.2,0.5324287258213638,3.755,0.112
129,1958,Brazil,Wales,tournament,True,0.0,49.7,27.8,50.1,clear,37.41,89.64,A_win,Gothenburg,Sweden,1958-06-19,0.2429,1.46,0.162,0.159,34.3,1829,20,683.6,0.5,36.78,0.83,78.8,57.4,18.61,0.1376666666666667,0.7313333333333333,3.723333333333333,0.206,Adidas,apparel,33.15,430.0,1.0,0.369,0.809,0.916,0.861,real_sponsor_names_with_proxy_commercial_metrics,0.9383411482254695,1476,1,251.0,-0.25,14.8,0.391,67.0,18.7,9.44,0.2196666666666666,0.746,2.5966666666666667,0.0486666666666666,Coca-Cola,beverage,33.92,180.0,1.0,0.324,0.631,0.878,0.858,real_sponsor_names_with_proxy_commercial_metrics,0.7803273273467628,353,432.6,19,11.799999999999995,0.75,-0.0146666666666667,-0.0819999999999999,0.9764150943396226,0.4412123275361349,3.831,0.12,0.2055243296717079,0.1900666666666667,0.87793,0.302533718689788,0.2,0.5173523932185721,3.915,0.118
130,1958,France,Northern Ireland,tournament,True,0.0,46.0,24.1,29.0,clear,44.01,99.72,A_win,Norrköping,Sweden,1958-06-19,0.237,1.2,0.018,0.113,41.92,1748,13,584.8,0.26,32.28,0.733,77.8,46.5,18.67,0.2083333333333333,0.8296666666666667,3.483333333333333,0.3613333333333333,Qatar Airways,airline,24.02,81.37,0.593,0.647,0.801,0.711,0.647,real_sponsor_names_with_proxy_commercial_metrics,0.5102507613733611,1543,2,333.4,-0.15,18.82,0.474,66.3,29.3,14.28,0.151,0.5943333333333333,4.053333333333334,0.075,Qatar Airways,airline,21.11,77.31,0.551,0.318,0.682,0.667,0.62,real_sponsor_names_with_proxy_commercial_metrics,0.4343625610241698,205,251.4,11,11.5,0.41,0.2353333333333334,0.0573333333333333,0.8018213325687816,0.5194115793220323,3.451,0.12,0.2540201557341491,0.1931333333333333,0.7179599999999999,0.1151181046171412,0.2,0.4236258560866056,3.465,0.144
131,1958,Germany,Yugoslavia,tournament,True,0.0,52.9,19.1,48.4,cloudy,37.41,154.25,A_win,Malmö,Sweden,1958-06-19,0.1073,2.82,0.114,0.162,40.0,1798,20,646.1,0.4,35.62,0.797,81.3,65.9,22.15,0.2123333333333333,0.851,5.576666666666667,0.3273333333333333,Coca-Cola,beverage,29.19,180.0,1.0,0.286,0.859,0.907,0.902,real_sponsor_names_with_proxy_commercial_metrics,0.7594715235889338,1669,5,487.0,0.06,26.56,0.629,74.2,37.3,11.34,0.1803333333333333,0.851,3.0733333333333337,0.222,Qatar Airways,airline,17.82,67.59,0.448,0.779,0.762,0.645,0.666,real_sponsor_names_with_proxy_commercial_metrics,0.3790951727656917,129,159.10000000000002,15,7.099999999999994,0.34,0.0,0.032,0.9510351228677828,0.6057107734571993,3.974,0.22,0.2305458412436088,0.1869999999999999,0.90283,0.2597545136658816,0.2,0.5291575504780817,3.899,0.134
132,1958,Sweden,Russia,tournament,False,0.18,40.1,30.4,40.5,cloudy,39.61,164.74,A_win,Solna,Sweden,1958-06-19,0.1452,1.5,0.147,0.136,40.89,1654,9,471.1,0.0,27.67,0.624,74.4,39.2,19.34,0.1766666666666666,0.6789999999999999,3.783333333333333,0.1453333333333333,Budweiser,beverage,26.29,200.0,1.0,0.625,0.705,0.91,0.618,real_sponsor_names_with_proxy_commercial_metrics,0.6867753190295852,1676,8,497.3,0.07,27.98,0.645,72.7,49.8,18.23,0.1086666666666666,0.8123333333333332,5.670000000000001,0.13,Hyundai,automotive,26.07,420.0,1.0,0.245,0.69,0.874,0.885,real_sponsor_names_with_proxy_commercial_metrics,0.81405268474314,-22,-26.19999999999999,1,1.7000000000000028,-0.07,-0.1333333333333333,0.068,0.6002235585615322,0.4687627080705119,3.546,0.22,0.2563677742507966,0.2344,0.7963,0.3686822950117747,0.2,0.4607711896770031,3.639,0.138
133,1958,Brazil,France,tournament,True,0.0,66.3,32.5,34.8,hot,50.61,167.15,A_win,Solna,Sweden,1958-06-24,0.291,1.67,0.232,0.206,54.96,1829,20,683.6,0.5,36.78,0.83,78.8,57.4,18.61,0.1376666666666667,0.7313333333333333,3.723333333333333,0.206,Adidas,apparel,33.15,430.0,1.0,0.369,0.809,0.916,0.861,real_sponsor_names_with_proxy_commercial_metrics,0.9383411482254695,1748,13,584.8,0.26,32.28,0.733,77.8,46.5,18.67,0.2083333333333333,0.8296666666666667,3.483333333333333,0.3613333333333333,Qatar Airways,airline,24.02,81.37,0.593,0.647,0.801,0.711,0.647,real_sponsor_names_with_proxy_commercial_metrics,0.5102507613733611,81,98.80000000000008,7,1.0,0.24,-0.0983333333333333,-0.0706666666666666,0.9764150943396226,0.5275361049073792,4.198,0.62,0.4087090103896493,0.1900666666666667,0.87793,0.5586769428387925,0.2,0.5821599870261088,4.034,0.122
134,1958,Sweden,Germany,tournament,False,0.18,55.1,26.0,85.6,hot,44.01,110.72,A_win,Gothenburg,Sweden,1958-06-24,0.2267,2.79,0.245,0.154,40.29,1654,9,471.1,0.0,27.67,0.624,74.4,39.2,19.34,0.1766666666666666,0.6789999999999999,3.783333333333333,0.1453333333333333,Budweiser,beverage,26.29,200.0,1.0,0.625,0.705,0.91,0.618,real_sponsor_names_with_proxy_commercial_metrics,0.6867753190295852,1798,20,646.1,0.4,35.62,0.797,81.3,65.9,22.15,0.2123333333333333,0.851,5.576666666666667,0.3273333333333333,Coca-Cola,beverage,29.19,180.0,1.0,0.286,0.859,0.907,0.902,real_sponsor_names_with_proxy_commercial_metrics,0.7594715235889338,-144,-175.0,-11,-6.899999999999992,-0.4,-0.172,-0.0356666666666666,0.6002235585615322,0.4697344746361611,3.659,0.62,0.2652539180862316,0.2344,0.7963,0.6091079711696281,0.2,0.4628205130824719,3.625,0.138
135,1958,France,Germany,tournament,True,0.0,38.9,28.8,62.4,hot,55.01,147.0,A_win,Gothenburg,Sweden,1958-06-28,0.2896,4.93,0.079,0.074,45.7,1748,13,584.8,0.26,32.28,0.733,77.8,46.5,18.67,0.2083333333333333,0.8296666666666667,3.483333333333333,0.3613333333333333,Qatar Airways,airline,24.02,81.37,0.593,0.647,0.801,0.711,0.647,real_sponsor_names_with_proxy_commercial_metrics,0.5102507613733611,1798,20,646.1,0.4,35.62,0.797,81.3,65.9,22.15,0.2123333333333333,0.851,5.576666666666667,0.3273333333333333,Coca-Cola,beverage,29.19,180.0,1.0,0.286,0.859,0.907,0.902,real_sponsor_names_with_proxy_commercial_metrics,0.7594715235889338,-50,-61.30000000000007,-7,-3.5,-0.14,-0.0213333333333333,-0.004,0.8018213325687816,0.5853208460277382,3.539,0.62,0.3618516705142218,0.1931333333333333,0.7179599999999999,0.5816934275315778,0.2,0.4636467537202178,3.588,0.149
136,1958,Sweden,Brazil,tournament,False,0.18,44.8,30.5,64.1,hot,50.61,115.47,B_win,Solna,Sweden,1958-06-29,0.5211,5.89,0.322,0.2,46.78,1654,9,471.1,0.0,27.67,0.624,74.4,39.2,19.34,0.1766666666666666,0.6789999999999999,3.783333333333333,0.1453333333333333,Budweiser,beverage,26.29,200.0,1.0,0.625,0.705,0.91,0.618,real_sponsor_names_with_proxy_commercial_metrics,0.6867753190295852,1829,20,683.6,0.5,36.78,0.83,78.8,57.4,18.61,0.1376666666666667,0.7313333333333333,3.723333333333333,0.206,Adidas,apparel,33.15,430.0,1.0,0.369,0.809,0.916,0.861,real_sponsor_names_with_proxy_commercial_metrics,0.9383411482254695,-175,-212.5,-11,-4.399999999999992,-0.5,-0.0523333333333333,0.0389999999999999,0.6002235585615322,0.5010572128300086,3.417,0.62,0.4125884529072625,0.2344,0.7963,0.6332587597231143,0.2,0.5010577867409554,3.724,0.142
137,1962,Argentina,Bulgaria,tournament,True,0.0,62.1,29.8,53.1,windy,38.87,84.07,A_win,Rancagua,Chile,1962-05-30,0.2335,3.11,0.168,0.198,43.79,1753,15,591.7,0.26,33.16,0.743,76.8,58.0,19.5,0.2623333333333333,0.8586666666666667,3.813333333333333,0.2106666666666666,Hyundai,automotive,30.74,420.0,1.0,0.338,0.813,0.936,0.851,real_sponsor_names_with_proxy_commercial_metrics,0.9027842922587972,1502,4,286.8,-0.46,19.9,0.447,65.2,28.9,10.5,0.3979999999999999,0.719,2.9800000000000004,-0.0613333333333333,Hisense,technology,33.88,200.0,1.0,0.2,0.675,0.918,0.633,real_sponsor_names_with_proxy_commercial_metrics,0.7870611436642407,251,304.90000000000003,11,11.599999999999994,0.72,0.1396666666666667,-0.1356666666666666,0.8112048561394937,0.4905524983542284,3.955,0.48,0.2394462007558295,0.2139333333333333,0.8831100000000001,0.5115198030400343,0.2,0.5287115698324613,3.88,0.126
138,1962,Brazil,Mexico,tournament,True,0.0,68.9,26.7,55.2,cloudy,41.07,87.61,A_win,Viña del Mar,Chile,1962-05-30,0.1948,3.27,0.175,0.153,35.2,1829,20,683.6,0.5,36.78,0.83,78.8,57.4,18.61,0.1376666666666667,0.7313333333333333,3.723333333333333,0.206,Adidas,apparel,33.15,430.0,1.0,0.369,0.809,0.916,0.861,real_sponsor_names_with_proxy_commercial_metrics,0.9383411482254695,1612,10,421.9,-0.18,26.83,0.584,72.1,37.6,18.89,0.2446666666666666,0.7546666666666667,1.1233333333333333,0.211,Hyundai,automotive,28.5,420.0,1.0,0.636,0.712,0.897,0.88,real_sponsor_names_with_proxy_commercial_metrics,0.853187632551073,217,261.70000000000005,10,6.700000000000003,0.6799999999999999,-0.0233333333333334,-0.1069999999999999,0.9764150943396226,0.4569583638915862,4.038,0.22,0.2109014317793128,0.1900666666666667,0.87793,0.3359580389638193,0.2,0.5228367038196194,3.915,0.118
139,1962,Chile,Switzerland,tournament,False,0.18,84.0,26.6,73.4,clear,45.47,109.29,A_win,Santiago,Chile,1962-05-30,0.2316,2.42,0.027,0.021,38.33,1622,5,430.7,-0.12,24.93,0.579,72.9,38.6,16.65,0.135,0.8083333333333332,3.453333333333333,0.1826666666666666,Hisense,technology,27.36,200.0,1.0,0.243,0.681,0.911,0.656,real_sponsor_names_with_proxy_commercial_metrics,0.7002451520149715,1632,7,443.7,-0.12,26.09,0.595,72.7,48.1,17.05,0.1836666666666666,0.914,2.223333333333333,0.2486666666666666,Adidas,apparel,31.4,430.0,1.0,0.14,0.774,0.888,0.845,real_sponsor_names_with_proxy_commercial_metrics,0.90423375782881,-10,-13.0,-2,0.2000000000000028,0.0,-0.1056666666666668,-0.0486666666666666,0.5136943396293857,0.4583759592472129,3.876,0.12,0.2361351197380242,0.1576666666666667,0.79217,0.3719988582030972,0.2,0.4610749290204176,3.599,0.132
140,1962,Colombia,Uruguay,tournament,True,0.0,95.0,26.1,57.5,clear,43.27,92.55,B_win,Arica,Chile,1962-05-30,0.2388,3.81,0.107,0.14,48.46,1650,3,462.8,-0.05,24.41,0.599,74.7,50.9,8.73,0.2533333333333333,0.816,4.703333333333333,0.1769999999999999,Vivo,technology,18.25,73.14,0.507,0.422,0.764,0.653,0.613,real_sponsor_names_with_proxy_commercial_metrics,0.3961935311674871,1684,10,508.3,0.07,29.28,0.661,74.8,44.8,20.58,0.1356666666666666,0.8753333333333333,1.923333333333333,0.1913333333333333,Vivo,technology,19.75,76.46,0.542,0.306,0.797,0.741,0.63,real_sponsor_names_with_proxy_commercial_metrics,0.4425490151146019,-34,-45.5,-7,-0.0999999999999943,-0.12,-0.0593333333333333,0.1176666666666667,0.5635569682915822,0.3334334379128013,3.396,0.12,0.2679792914825897,0.2256,0.6673399999999999,0.2902893741525726,0.2,0.3379352683922992,3.187,0.175
141,1962,Czechoslovakia,Spain,tournament,True,0.0,63.4,16.4,66.5,clear,38.87,71.69,A_win,Viña del Mar,Chile,1962-05-31,0.2719,3.62,0.24,0.149,43.61,1636,5,447.8,-0.1,25.08,0.592,72.1,45.6,14.05,0.2196666666666666,0.848,2.25,0.1806666666666666,Visa,finance,31.09,190.0,1.0,0.557,0.715,0.89,0.868,real_sponsor_names_with_proxy_commercial_metrics,0.763017711497151,1708,12,537.2,0.18,30.58,0.689,77.4,45.2,19.26,0.2126666666666666,0.84,4.25,0.077,Budweiser,beverage,27.85,200.0,1.0,0.321,0.724,0.933,0.612,real_sponsor_names_with_proxy_commercial_metrics,0.7135544213260362,-72,-89.40000000000003,-7,-5.300000000000011,-0.28,0.008,0.007,0.5283363782801519,0.3570042941546457,3.415,0.12,0.2285668931054124,0.1925999999999999,0.8329999999999999,0.368195604081924,0.2,0.4498628317436995,3.288,0.106
142,1962,England,Hungary,tournament,True,0.0,45.1,27.2,54.9,clear,43.27,131.48,B_win,Rancagua,Chile,1962-05-31,0.2323,5.58,0.17,0.245,36.08,1695,13,522.2,0.16,30.51,0.678,76.6,52.6,19.34,0.28,0.7986666666666666,2.61,0.1863333333333333,McDonald's,restaurant,20.29,74.13,0.517,0.758,0.819,0.654,0.569,real_sponsor_names_with_proxy_commercial_metrics,0.4320601407850143,1691,5,513.5,0.03,27.22,0.652,78.9,42.6,16.61,0.1083333333333333,0.8380000000000001,2.99,0.2826666666666667,Adidas,apparel,33.47,430.0,1.0,0.501,0.712,0.937,0.887,real_sponsor_names_with_proxy_commercial_metrics,0.931713528183716,4,8.700000000000045,8,-2.300000000000012,0.13,-0.0393333333333334,0.1716666666666667,0.7074856858162286,0.4841568025132874,3.175,0.12,0.2899766842479442,0.2485333333333333,0.68589,0.3076675230143438,0.2,0.3943662753417128,3.385,0.167
143,1962,Germany,Italy,tournament,True,0.0,30.3,14.9,52.5,clear,36.67,111.9,draw,Santiago,Chile,1962-05-31,0.4363,-1.17,0.165,0.162,38.76,1798,20,646.1,0.4,35.62,0.797,81.3,65.9,22.15,0.2123333333333333,0.851,5.576666666666667,0.3273333333333333,Coca-Cola,beverage,29.19,180.0,1.0,0.286,0.859,0.907,0.902,real_sponsor_names_with_proxy_commercial_metrics,0.7594715235889338,1755,14,594.5,0.34,33.03,0.744,77.8,61.6,11.04,0.3303333333333333,0.8929999999999999,1.3333333333333333,0.0393333333333333,Visa,finance,33.4,190.0,1.0,0.316,0.761,0.842,0.918,real_sponsor_names_with_proxy_commercial_metrics,0.7989842668207419,43,51.60000000000002,6,3.5,0.06,-0.0419999999999999,-0.118,0.9510351228677828,0.5876397129310472,3.586,0.12,0.2833736224830737,0.1869999999999999,0.90283,0.3467191179618925,0.2,0.5346632097786521,3.848,0.132
144,1962,Russia,Yugoslavia,tournament,True,0.0,61.5,18.2,35.5,windy,41.07,188.95,A_win,Arica,Chile,1962-05-31,0.2123,2.31,0.174,0.2,38.39,1676,8,497.3,0.07,27.98,0.645,72.7,49.8,18.23,0.1086666666666666,0.8123333333333332,5.670000000000001,0.13,Hyundai,automotive,26.07,420.0,1.0,0.245,0.69,0.874,0.885,real_sponsor_names_with_proxy_commercial_metrics,0.81405268474314,1669,5,487.0,0.06,26.56,0.629,74.2,37.3,11.34,0.1803333333333333,0.851,3.0733333333333337,0.222,Qatar Airways,airline,17.82,67.59,0.448,0.779,0.762,0.645,0.666,real_sponsor_names_with_proxy_commercial_metrics,0.3790951727656917,7,10.300000000000011,3,-1.5,0.01,-0.0386666666666667,-0.0716666666666667,0.6134810916271758,0.5265931051669349,4.088,0.48,0.3100218054909899,0.1402666666666666,0.82105,0.3314241775494184,0.2,0.5273540748832934,3.95,0.152
145,1962,Argentina,England,tournament,True,0.0,47.4,30.8,26.4,clear,45.47,107.76,B_win,Rancagua,Chile,1962-06-02,0.5098,3.51,0.041,0.189,43.52,1753,15,591.7,0.26,33.16,0.743,76.8,58.0,19.5,0.2623333333333333,0.8586666666666667,3.813333333333333,0.2106666666666666,Hyundai,automotive,30.74,420.0,1.0,0.338,0.813,0.936,0.851,real_sponsor_names_with_proxy_commercial_metrics,0.9027842922587972,1695,13,522.2,0.16,30.51,0.678,76.6,52.6,19.34,0.28,0.7986666666666666,2.61,0.1863333333333333,McDonald's,restaurant,20.29,74.13,0.517,0.758,0.819,0.654,0.569,real_sponsor_names_with_proxy_commercial_metrics,0.4320601407850143,58,69.5,2,0.2000000000000028,0.1,0.06,-0.0176666666666666,0.8112048561394937,0.5284693700670942,3.705,0.12,0.3657310731060947,0.2139333333333333,0.8831100000000001,0.2781609933633054,0.2,0.5645852683821168,3.9,0.127
146,1962,Brazil,Czechoslovakia,tournament,True,0.0,52.6,28.0,53.8,windy,36.67,113.85,draw,Viña del Mar,Chile,1962-06-02,0.2391,2.74,0.148,0.118,35.19,1829,20,683.6,0.5,36.78,0.83,78.8,57.4,18.61,0.1376666666666667,0.7313333333333333,3.723333333333333,0.206,Adidas,apparel,33.15,430.0,1.0,0.369,0.809,0.916,0.861,real_sponsor_names_with_proxy_commercial_metrics,0.9383411482254695,1636,5,447.8,-0.1,25.08,0.592,72.1,45.6,14.05,0.2196666666666666,0.848,2.25,0.1806666666666666,Visa,finance,31.09,190.0,1.0,0.557,0.715,0.89,0.868,real_sponsor_names_with_proxy_commercial_metrics,0.763017711497151,193,235.8,15,6.700000000000003,0.6,-0.1166666666666667,-0.0819999999999999,0.9764150943396226,0.4463147372858989,3.766,0.48,0.2106772751474598,0.1900666666666667,0.87793,0.467723685149504,0.2,0.5198116570436564,3.902,0.118
147,1962,Chile,Italy,tournament,False,0.18,50.0,31.9,58.9,rain,41.07,128.1,A_win,Santiago,Chile,1962-06-02,0.1477,0.83,0.269,0.21,46.35,1622,5,430.7,-0.12,24.93,0.579,72.9,38.6,16.65,0.135,0.8083333333333332,3.453333333333333,0.1826666666666666,Hisense,technology,27.36,200.0,1.0,0.243,0.681,0.911,0.656,real_sponsor_names_with_proxy_commercial_metrics,0.7002451520149715,1755,14,594.5,0.34,33.03,0.744,77.8,61.6,11.04,0.3303333333333333,0.8929999999999999,1.3333333333333333,0.0393333333333333,Visa,finance,33.4,190.0,1.0,0.316,0.761,0.842,0.918,real_sponsor_names_with_proxy_commercial_metrics,0.7989842668207419,-133,-163.8,-9,-4.899999999999992,-0.46,-0.0846666666666666,-0.1953333333333333,0.5136943396293857,0.4451455104637903,3.549,0.48,0.2691703212823224,0.1576666666666667,0.79217,0.5912058088917433,0.2,0.4639774436699189,3.536,0.129
148,1962,Uruguay,Yugoslavia,tournament,True,0.0,56.2,21.4,37.4,cloudy,45.47,121.02,B_win,Arica,Chile,1962-06-02,0.1465,0.07,0.243,0.219,38.49,1684,10,508.3,0.07,29.28,0.661,74.8,44.8,20.58,0.1356666666666666,0.8753333333333333,1.923333333333333,0.1913333333333333,Vivo,technology,19.75,76.46,0.542,0.306,0.797,0.741,0.63,real_sponsor_names_with_proxy_commercial_metrics,0.4425490151146019,1669,5,487.0,0.06,26.56,0.629,74.2,37.3,11.34,0.1803333333333333,0.851,3.0733333333333337,0.222,Qatar Airways,airline,17.82,67.59,0.448,0.779,0.762,0.645,0.666,real_sponsor_names_with_proxy_commercial_metrics,0.3790951727656917,15,21.30000000000001,5,0.5999999999999943,0.01,0.0243333333333333,-0.0446666666666666,0.6570661125383135,0.5155207569305422,3.368,0.22,0.2697769259388116,0.1312666666666666,0.71205,0.1523970598729751,0.2,0.4123239607558187,3.443,0.174
149,1962,Bulgaria,Hungary,tournament,True,0.0,71.9,16.1,57.4,rain,52.07,183.28,B_win,Rancagua,Chile,1962-06-03,0.2803,4.49,0.146,0.169,55.11,1502,4,286.8,-0.46,19.9,0.447,65.2,28.9,10.5,0.3979999999999999,0.719,2.9800000000000004,-0.0613333333333333,Hisense,technology,33.88,200.0,1.0,0.2,0.675,0.918,0.633,real_sponsor_names_with_proxy_commercial_metrics,0.7870611436642407,1691,5,513.5,0.03,27.22,0.652,78.9,42.6,16.61,0.1083333333333333,0.8380000000000001,2.99,0.2826666666666667,Adidas,apparel,33.47,430.0,1.0,0.501,0.712,0.937,0.887,real_sponsor_names_with_proxy_commercial_metrics,0.931713528183716,-189,-226.7,-1,-13.700000000000005,-0.49,-0.1190000000000001,0.2896666666666666,0.2468311715404268,0.3386733662081519,3.123,0.48,0.4168076087359696,0.3511999999999999,0.78795,0.4806780846356954,0.2,0.4723257387648942,3.038,0.09
150,1962,Colombia,Russia,tournament,True,0.0,60.0,21.6,58.9,clear,54.27,192.68,draw,Arica,Chile,1962-06-03,0.1743,1.21,0.281,0.23,42.44,1650,3,462.8,-0.05,24.41,0.599,74.7,50.9,8.73,0.2533333333333333,0.816,4.703333333333333,0.1769999999999999,Vivo,technology,18.25,73.14,0.507,0.422,0.764,0.653,0.613,real_sponsor_names_with_proxy_commercial_metrics,0.3961935311674871,1676,8,497.3,0.07,27.98,0.645,72.7,49.8,18.23,0.1086666666666666,0.8123333333333332,5.670000000000001,0.13,Hyundai,automotive,26.07,420.0,1.0,0.245,0.69,0.874,0.885,real_sponsor_names_with_proxy_commercial_metrics,0.81405268474314,-26,-34.5,-5,2.0,-0.12,0.0036666666666667,0.1446666666666667,0.5635569682915822,0.4177429135139723,3.368,0.12,0.3896644133958373,0.2256,0.6673399999999999,0.2000959823021479,0.2,0.3858789459432766,3.372,0.185
151,1962,Germany,Switzerland,tournament,True,0.0,55.9,23.6,23.5,cloudy,43.27,135.52,A_win,Santiago,Chile,1962-06-03,0.332,-0.89,0.055,0.068,43.54,1798,20,646.1,0.4,35.62,0.797,81.3,65.9,22.15,0.2123333333333333,0.851,5.576666666666667,0.3273333333333333,Coca-Cola,beverage,29.19,180.0,1.0,0.286,0.859,0.907,0.902,real_sponsor_names_with_proxy_commercial_metrics,0.7594715235889338,1632,7,443.7,-0.12,26.09,0.595,72.7,48.1,17.05,0.1836666666666666,0.914,2.223333333333333,0.2486666666666666,Adidas,apparel,31.4,430.0,1.0,0.14,0.774,0.888,0.845,real_sponsor_names_with_proxy_commercial_metrics,0.90423375782881,166,202.40000000000003,13,8.599999999999994,0.52,-0.063,0.0286666666666666,0.9510351228677828,0.625532213506303,4.033,0.22,0.2959483777821812,0.1869999999999999,0.90283,0.118346892171555,0.2,0.5477880609995451,3.948,0.135
152,1962,Mexico,Spain,tournament,True,0.0,44.5,23.5,43.4,clear,38.87,103.4,B_win,Viña del Mar,Chile,1962-06-03,0.1476,4.6,0.078,0.145,39.45,1612,10,421.9,-0.18,26.83,0.584,72.1,37.6,18.89,0.2446666666666666,0.7546666666666667,1.1233333333333333,0.211,Hyundai,automotive,28.5,420.0,1.0,0.636,0.712,0.897,0.88,real_sponsor_names_with_proxy_commercial_metrics,0.853187632551073,1708,12,537.2,0.18,30.58,0.689,77.4,45.2,19.26,0.2126666666666666,0.84,4.25,0.077,Budweiser,beverage,27.85,200.0,1.0,0.321,0.724,0.933,0.612,real_sponsor_names_with_proxy_commercial_metrics,0.7135544213260362,-96,-115.30000000000008,-2,-5.300000000000011,-0.36,-0.0853333333333332,0.032,0.5181915824104364,0.4137621200447072,3.375,0.12,0.2063563354040696,0.2449333333333332,0.83529,0.1617333904231784,0.2,0.4801342925055895,3.55,0.125
153,1962,Argentina,Hungary,tournament,True,0.0,36.2,29.8,64.5,windy,36.67,94.81,draw,Rancagua,Chile,1962-06-06,0.1099,3.76,0.305,0.197,38.55,1753,15,591.7,0.26,33.16,0.743,76.8,58.0,19.5,0.2623333333333333,0.8586666666666667,3.813333333333333,0.2106666666666666,Hyundai,automotive,30.74,420.0,1.0,0.338,0.813,0.936,0.851,real_sponsor_names_with_proxy_commercial_metrics,0.9027842922587972,1691,5,513.5,0.03,27.22,0.652,78.9,42.6,16.61,0.1083333333333333,0.8380000000000001,2.99,0.2826666666666667,Adidas,apparel,33.47,430.0,1.0,0.501,0.712,0.937,0.887,real_sponsor_names_with_proxy_commercial_metrics,0.931713528183716,62,78.20000000000005,10,-2.1000000000000085,0.23,0.0206666666666666,0.154,0.8112048561394937,0.4844020663726486,3.593,0.48,0.1882930281802521,0.2139333333333333,0.8831100000000001,0.5607790622992935,0.2,0.5167588143625035,3.839,0.125
154,1962,Brazil,Spain,tournament,True,0.0,51.7,20.8,64.2,clear,43.27,84.31,A_win,Viña del Mar,Chile,1962-06-06,0.1267,2.56,0.202,0.19,48.17,1829,20,683.6,0.5,36.78,0.83,78.8,57.4,18.61,0.1376666666666667,0.7313333333333333,3.723333333333333,0.206,Adidas,apparel,33.15,430.0,1.0,0.369,0.809,0.916,0.861,real_sponsor_names_with_proxy_commercial_metrics,0.9383411482254695,1708,12,537.2,0.18,30.58,0.689,77.4,45.2,19.26,0.2126666666666666,0.84,4.25,0.077,Budweiser,beverage,27.85,200.0,1.0,0.321,0.724,0.933,0.612,real_sponsor_names_with_proxy_commercial_metrics,0.7135544213260362,121,146.39999999999998,8,1.3999999999999917,0.32,-0.1086666666666666,-0.0749999999999999,0.9764150943396226,0.4656990996419884,3.893,0.12,0.242268376627977,0.1900666666666667,0.87793,0.2438064654249625,0.2,0.5315574987994649,3.884,0.117
155,1962,Chile,Germany,tournament,False,0.18,57.3,25.1,39.5,clear,41.07,93.66,B_win,Santiago,Chile,1962-06-06,0.3625,0.88,0.133,0.208,43.18,1622,5,430.7,-0.12,24.93,0.579,72.9,38.6,16.65,0.135,0.8083333333333332,3.453333333333333,0.1826666666666666,Hisense,technology,27.36,200.0,1.0,0.243,0.681,0.911,0.656,real_sponsor_names_with_proxy_commercial_metrics,0.7002451520149715,1798,20,646.1,0.4,35.62,0.797,81.3,65.9,22.15,0.2123333333333333,0.851,5.576666666666667,0.3273333333333333,Coca-Cola,beverage,29.19,180.0,1.0,0.286,0.859,0.907,0.902,real_sponsor_names_with_proxy_commercial_metrics,0.7594715235889338,-176,-215.40000000000003,-15,-8.399999999999991,-0.52,-0.0426666666666667,-0.0773333333333333,0.5136943396293857,0.4331549107597256,3.358,0.12,0.2948956315106078,0.1576666666666667,0.79217,0.1865000356811532,0.2,0.4657651377984378,3.472,0.127
156,1962,Russia,Uruguay,tournament,True,0.0,81.0,17.1,60.5,rain,43.27,103.89,A_win,Arica,Chile,1962-06-06,0.1194,2.56,0.152,0.181,45.16,1676,8,497.3,0.07,27.98,0.645,72.7,49.8,18.23,0.1086666666666666,0.8123333333333332,5.670000000000001,0.13,Hyundai,automotive,26.07,420.0,1.0,0.245,0.69,0.874,0.885,real_sponsor_names_with_proxy_commercial_metrics,0.81405268474314,1684,10,508.3,0.07,29.28,0.661,74.8,44.8,20.58,0.1356666666666666,0.8753333333333333,1.923333333333333,0.1913333333333333,Vivo,technology,19.75,76.46,0.542,0.306,0.797,0.741,0.63,real_sponsor_names_with_proxy_commercial_metrics,0.4425490151146019,-8,-11.0,-2,-2.0999999999999943,0.0,-0.063,-0.027,0.6134810916271758,0.5068683521889883,4.188,0.48,0.2451192425613608,0.1402666666666666,0.82105,0.4680615856704488,0.2,0.5088506314635425,3.879,0.149
157,1962,Bulgaria,England,tournament,True,0.0,59.7,25.7,74.4,cloudy,36.67,76.5,draw,Rancagua,Chile,1962-06-07,0.3273,5.35,0.092,0.16,31.95,1502,4,286.8,-0.46,19.9,0.447,65.2,28.9,10.5,0.3979999999999999,0.719,2.9800000000000004,-0.0613333333333333,Hisense,technology,33.88,200.0,1.0,0.2,0.675,0.918,0.633,real_sponsor_names_with_proxy_commercial_metrics,0.7870611436642407,1695,13,522.2,0.16,30.51,0.678,76.6,52.6,19.34,0.28,0.7986666666666666,2.61,0.1863333333333333,McDonald's,restaurant,20.29,74.13,0.517,0.758,0.819,0.654,0.569,real_sponsor_names_with_proxy_commercial_metrics,0.4320601407850143,-193,-235.40000000000003,-9,-11.399999999999991,-0.62,-0.0796666666666666,0.1179999999999999,0.2468311715404268,0.2322693109157333,2.828,0.22,0.2097014379941891,0.3511999999999999,0.78795,0.3929094412331406,0.2,0.4011113691346609,2.805,0.083
158,1962,Colombia,Yugoslavia,tournament,True,0.0,70.8,23.0,70.4,cloudy,47.67,154.08,B_win,Arica,Chile,1962-06-07,0.283,-0.59,0.178,0.207,54.22,1650,3,462.8,-0.05,24.41,0.599,74.7,50.9,8.73,0.2533333333333333,0.816,4.703333333333333,0.1769999999999999,Vivo,technology,18.25,73.14,0.507,0.422,0.764,0.653,0.613,real_sponsor_names_with_proxy_commercial_metrics,0.3961935311674871,1669,5,487.0,0.06,26.56,0.629,74.2,37.3,11.34,0.1803333333333333,0.851,3.0733333333333337,0.222,Qatar Airways,airline,17.82,67.59,0.448,0.779,0.762,0.645,0.666,real_sponsor_names_with_proxy_commercial_metrics,0.3790951727656917,-19,-24.19999999999999,-2,0.5,-0.11,-0.035,0.073,0.5635569682915822,0.3746349894902007,3.283,0.22,0.3796217253712615,0.2256,0.6673399999999999,0.3053942767430243,0.2,0.3718001896117054,3.266,0.179
159,1962,Czechoslovakia,Mexico,tournament,True,0.0,51.5,18.5,56.5,cloudy,45.47,181.65,B_win,Viña del Mar,Chile,1962-06-07,0.3573,-0.48,0.172,0.214,43.13,1636,5,447.8,-0.1,25.08,0.592,72.1,45.6,14.05,0.2196666666666666,0.848,2.25,0.1806666666666666,Visa,finance,31.09,190.0,1.0,0.557,0.715,0.89,0.868,real_sponsor_names_with_proxy_commercial_metrics,0.763017711497151,1612,10,421.9,-0.18,26.83,0.584,72.1,37.6,18.89,0.2446666666666666,0.7546666666666667,1.1233333333333333,0.211,Hyundai,automotive,28.5,420.0,1.0,0.636,0.712,0.897,0.88,real_sponsor_names_with_proxy_commercial_metrics,0.853187632551073,24,25.90000000000004,-5,0.0,0.0799999999999999,0.0933333333333332,-0.0249999999999999,0.5283363782801519,0.4249568521761544,3.3,0.22,0.3832645237283259,0.1925999999999999,0.8329999999999999,0.3103614500820667,0.2,0.4998290741143046,3.434,0.11
160,1962,Italy,Switzerland,tournament,True,0.0,42.6,21.6,50.5,clear,43.27,95.89,A_win,Santiago,Chile,1962-06-07,0.3713,1.48,0.158,0.246,40.25,1755,14,594.5,0.34,33.03,0.744,77.8,61.6,11.04,0.3303333333333333,0.8929999999999999,1.3333333333333333,0.0393333333333333,Visa,finance,33.4,190.0,1.0,0.316,0.761,0.842,0.918,real_sponsor_names_with_proxy_commercial_metrics,0.7989842668207419,1632,7,443.7,-0.12,26.09,0.595,72.7,48.1,17.05,0.1836666666666666,0.914,2.223333333333333,0.2486666666666666,Adidas,apparel,31.4,430.0,1.0,0.14,0.774,0.888,0.845,real_sponsor_names_with_proxy_commercial_metrics,0.90423375782881,123,150.8,7,5.099999999999994,0.46,-0.0210000000000001,0.1466666666666667,0.8187106162327391,0.3015162988291153,3.303,0.12,0.3126845009873834,0.241,0.84782,0.1637996860058516,0.2,0.458952487906607,3.368,0.101
161,1962,Brazil,England,tournament,True,0.0,45.5,21.9,47.9,rain,45.47,140.67,A_win,Viña del Mar,Chile,1962-06-10,0.1842,2.74,0.063,0.116,43.68,1829,20,683.6,0.5,36.78,0.83,78.8,57.4,18.61,0.1376666666666667,0.7313333333333333,3.723333333333333,0.206,Adidas,apparel,33.15,430.0,1.0,0.369,0.809,0.916,0.861,real_sponsor_names_with_proxy_commercial_metrics,0.9383411482254695,1695,13,522.2,0.16,30.51,0.678,76.6,52.6,19.34,0.28,0.7986666666666666,2.61,0.1863333333333333,McDonald's,restaurant,20.29,74.13,0.517,0.758,0.819,0.654,0.569,real_sponsor_names_with_proxy_commercial_metrics,0.4320601407850143,134,161.39999999999998,7,2.200000000000003,0.3399999999999999,-0.0673333333333333,-0.1423333333333333,0.9764150943396226,0.4952110078181893,3.933,0.48,0.282515241202242,0.1900666666666667,0.87793,0.2887616498965246,0.2,0.5478702060036541,3.958,0.119
162,1962,Chile,Russia,tournament,False,0.18,48.6,21.4,65.5,clear,43.27,92.56,A_win,Arica,Chile,1962-06-10,0.276,1.76,0.177,0.185,39.89,1622,5,430.7,-0.12,24.93,0.579,72.9,38.6,16.65,0.135,0.8083333333333332,3.453333333333333,0.1826666666666666,Hisense,technology,27.36,200.0,1.0,0.243,0.681,0.911,0.656,real_sponsor_names_with_proxy_commercial_metrics,0.7002451520149715,1676,8,497.3,0.07,27.98,0.645,72.7,49.8,18.23,0.1086666666666666,0.8123333333333332,5.670000000000001,0.13,Hyundai,automotive,26.07,420.0,1.0,0.245,0.69,0.874,0.885,real_sponsor_names_with_proxy_commercial_metrics,0.81405268474314,-54,-66.60000000000002,-3,0.2000000000000028,-0.19,-0.004,0.0263333333333333,0.5136943396293857,0.4426615965492957,3.505,0.12,0.2680971088764957,0.1576666666666667,0.79217,0.2338168129593948,0.2,0.4630673052926951,3.539,0.129
163,1962,Czechoslovakia,Hungary,tournament,True,0.0,85.7,33.6,61.1,clear,38.87,101.99,A_win,Rancagua,Chile,1962-06-10,0.295,4.15,0.114,0.193,38.63,1636,5,447.8,-0.1,25.08,0.592,72.1,45.6,14.05,0.2196666666666666,0.848,2.25,0.1806666666666666,Visa,finance,31.09,190.0,1.0,0.557,0.715,0.89,0.868,real_sponsor_names_with_proxy_commercial_metrics,0.763017711497151,1691,5,513.5,0.03,27.22,0.652,78.9,42.6,16.61,0.1083333333333333,0.8380000000000001,2.99,0.2826666666666667,Adidas,apparel,33.47,430.0,1.0,0.501,0.712,0.937,0.887,real_sponsor_names_with_proxy_commercial_metrics,0.931713528183716,-55,-65.69999999999999,0,-6.800000000000011,-0.13,0.0099999999999998,0.1113333333333333,0.5283363782801519,0.3675535151486399,3.671,0.12,0.2557996546325413,0.1925999999999999,0.8329999999999999,0.5009316349104403,0.2,0.4582631659274437,3.297,0.106
164,1962,Germany,Yugoslavia,tournament,True,0.0,47.3,22.4,68.1,clear,38.87,91.55,B_win,Santiago,Chile,1962-06-10,0.3795,5.09,0.077,0.121,35.21,1798,20,646.1,0.4,35.62,0.797,81.3,65.9,22.15,0.2123333333333333,0.851,5.576666666666667,0.3273333333333333,Coca-Cola,beverage,29.19,180.0,1.0,0.286,0.859,0.907,0.902,real_sponsor_names_with_proxy_commercial_metrics,0.7594715235889338,1669,5,487.0,0.06,26.56,0.629,74.2,37.3,11.34,0.1803333333333333,0.851,3.0733333333333337,0.222,Qatar Airways,airline,17.82,67.59,0.448,0.779,0.762,0.645,0.666,real_sponsor_names_with_proxy_commercial_metrics,0.3790951727656917,129,159.10000000000002,15,7.099999999999994,0.34,0.0,0.032,0.9510351228677828,0.5904443358778982,3.643,0.12,0.2455434330380712,0.1869999999999999,0.90283,0.239849068721901,0.2,0.5278824663147699,3.89,0.133
165,1962,Chile,Brazil,tournament,False,0.18,68.9,21.5,60.1,clear,49.87,168.67,B_win,Santiago,Chile,1962-06-13,0.0905,3.39,0.258,0.136,43.21,1622,5,430.7,-0.12,24.93,0.579,72.9,38.6,16.65,0.135,0.8083333333333332,3.453333333333333,0.1826666666666666,Hisense,technology,27.36,200.0,1.0,0.243,0.681,0.911,0.656,real_sponsor_names_with_proxy_commercial_metrics,0.7002451520149715,1829,20,683.6,0.5,36.78,0.83,78.8,57.4,18.61,0.1376666666666667,0.7313333333333333,3.723333333333333,0.206,Adidas,apparel,33.15,430.0,1.0,0.369,0.809,0.916,0.861,real_sponsor_names_with_proxy_commercial_metrics,0.9383411482254695,-207,-252.90000000000003,-15,-5.899999999999992,-0.62,0.0769999999999999,-0.0026666666666666,0.5136943396293857,0.49882896874088,3.635,0.12,0.3043505511826395,0.1576666666666667,0.79217,0.2078823235566973,0.2,0.4860448579675674,3.642,0.133
166,1962,Czechoslovakia,Yugoslavia,tournament,True,0.0,46.3,10.4,71.1,clear,45.47,107.45,A_win,Viña del Mar,Chile,1962-06-13,0.1381,3.98,0.33,0.255,50.66,1636,5,447.8,-0.1,25.08,0.592,72.1,45.6,14.05,0.2196666666666666,0.848,2.25,0.1806666666666666,Visa,finance,31.09,190.0,1.0,0.557,0.715,0.89,0.868,real_sponsor_names_with_proxy_commercial_metrics,0.763017711497151,1669,5,487.0,0.06,26.56,0.629,74.2,37.3,11.34,0.1803333333333333,0.851,3.0733333333333337,0.222,Qatar Airways,airline,17.82,67.59,0.448,0.779,0.762,0.645,0.666,real_sponsor_names_with_proxy_commercial_metrics,0.3790951727656917,-33,-39.19999999999999,0,-2.1000000000000085,-0.16,-0.003,0.0393333333333333,0.5283363782801519,0.3991234463096734,3.374,0.12,0.2961815123218045,0.1925999999999999,0.8329999999999999,0.5441415114536502,0.2,0.4751791181903857,3.378,0.109
167,1962,Chile,Yugoslavia,tournament,False,0.18,70.1,17.6,59.5,cloudy,38.87,147.45,A_win,Santiago,Chile,1962-06-16,0.1786,3.37,0.312,0.219,43.3,1622,5,430.7,-0.12,24.93,0.579,72.9,38.6,16.65,0.135,0.8083333333333332,3.453333333333333,0.1826666666666666,Hisense,technology,27.36,200.0,1.0,0.243,0.681,0.911,0.656,real_sponsor_names_with_proxy_commercial_metrics,0.7002451520149715,1669,5,487.0,0.06,26.56,0.629,74.2,37.3,11.34,0.1803333333333333,0.851,3.0733333333333337,0.222,Qatar Airways,airline,17.82,67.59,0.448,0.779,0.762,0.645,0.666,real_sponsor_names_with_proxy_commercial_metrics,0.3790951727656917,-47,-56.30000000000001,0,-1.2999999999999972,-0.18,-0.0426666666666667,-0.0453333333333333,0.5136943396293857,0.4419927284082267,3.737,0.22,0.2750248283219709,0.1576666666666667,0.79217,0.346734817669307,0.2,0.4642655661022908,3.577,0.131
168,1962,Brazil,Czechoslovakia,tournament,True,0.0,63.0,21.4,70.6,clear,45.47,121.3,A_win,Santiago,Chile,1962-06-17,0.2252,2.82,0.208,0.132,43.59,1829,20,683.6,0.5,36.78,0.83,78.8,57.4,18.61,0.1376666666666667,0.7313333333333333,3.723333333333333,0.206,Adidas,apparel,33.15,430.0,1.0,0.369,0.809,0.916,0.861,real_sponsor_names_with_proxy_commercial_metrics,0.9383411482254695,1636,5,447.8,-0.1,25.08,0.592,72.1,45.6,14.05,0.2196666666666666,0.848,2.25,0.1806666666666666,Visa,finance,31.09,190.0,1.0,0.557,0.715,0.89,0.868,real_sponsor_names_with_proxy_commercial_metrics,0.763017711497151,193,235.8,15,6.700000000000003,0.6,-0.1166666666666667,-0.0819999999999999,0.9764150943396226,0.4884671658824246,4.071,0.12,0.2832122560915504,0.1900666666666667,0.87793,0.2558538499964318,0.2,0.5461213332395017,3.985,0.12
169,1966,England,Uruguay,tournament,False,0.18,56.0,18.9,71.9,clear,38.12,90.82,draw,London,England,1966-07-11,0.4271,0.08,0.135,0.196,42.94,1695,13,522.2,0.16,30.51,0.678,76.6,52.6,19.34,0.28,0.7986666666666666,2.61,0.1863333333333333,McDonald's,restaurant,20.29,74.13,0.517,0.758,0.819,0.654,0.569,real_sponsor_names_with_proxy_commercial_metrics,0.4320601407850143,1684,10,508.3,0.07,29.28,0.661,74.8,44.8,20.58,0.1356666666666666,0.8753333333333333,1.923333333333333,0.1913333333333333,Vivo,technology,19.75,76.46,0.542,0.306,0.797,0.741,0.63,real_sponsor_names_with_proxy_commercial_metrics,0.4425490151146019,11,13.900000000000034,3,1.7999999999999972,0.09,-0.0766666666666666,0.1443333333333333,0.7074856858162286,0.4468498562588736,3.262,0.12,0.291509831398407,0.2485333333333333,0.68589,0.3265000356811532,0.2,0.3842269598205695,3.355,0.165
170,1966,Brazil,Bulgaria,tournament,True,0.0,57.5,31.3,45.1,cloudy,42.52,85.55,A_win,Liverpool,England,1966-07-12,0.2985,0.64,0.151,0.232,39.53,1829,20,683.6,0.5,36.78,0.83,78.8,57.4,18.61,0.1376666666666667,0.7313333333333333,3.723333333333333,0.206,Adidas,apparel,33.15,430.0,1.0,0.369,0.809,0.916,0.861,real_sponsor_names_with_proxy_commercial_metrics,0.9383411482254695,1502,4,286.8,-0.46,19.9,0.447,65.2,28.9,10.5,0.3979999999999999,0.719,2.9800000000000004,-0.0613333333333333,Hisense,technology,33.88,200.0,1.0,0.2,0.675,0.918,0.633,real_sponsor_names_with_proxy_commercial_metrics,0.7870611436642407,327,396.8,16,13.599999999999994,0.96,0.0123333333333333,-0.2603333333333333,0.9764150943396226,0.4627593416609442,3.942,0.22,0.2757006414396074,0.1900666666666667,0.87793,0.4119692428459288,0.2,0.5374208195270985,3.931,0.119
171,1966,Germany,Switzerland,tournament,True,0.0,49.5,22.0,29.1,clear,49.12,150.68,A_win,Sheffield,England,1966-07-12,0.2114,-0.04,0.189,0.103,45.16,1798,20,646.1,0.4,35.62,0.797,81.3,65.9,22.15,0.2123333333333333,0.851,5.576666666666667,0.3273333333333333,Coca-Cola,beverage,29.19,180.0,1.0,0.286,0.859,0.907,0.902,real_sponsor_names_with_proxy_commercial_metrics,0.7594715235889338,1632,7,443.7,-0.12,26.09,0.595,72.7,48.1,17.05,0.1836666666666666,0.914,2.223333333333333,0.2486666666666666,Adidas,apparel,31.4,430.0,1.0,0.14,0.774,0.888,0.845,real_sponsor_names_with_proxy_commercial_metrics,0.90423375782881,166,202.40000000000003,13,8.599999999999994,0.52,-0.063,0.0286666666666666,0.9510351228677828,0.6571078127460015,4.041,0.12,0.3173372613668516,0.1869999999999999,0.90283,0.0609259259259259,0.2,0.5609070055035948,4.022,0.138
172,1966,North Korea,Russia,tournament,True,0.0,63.8,30.7,82.7,rain,44.72,164.2,B_win,Middlesbrough,England,1966-07-12,0.275,2.49,0.123,0.199,49.64,1482,1,257.6,-0.57,14.55,0.394,66.9,26.9,8.790000000000001,0.1546666666666666,0.706,4.253333333333333,0.251,Adidas,apparel,26.45,430.0,1.0,0.274,0.656,0.915,0.861,real_sponsor_names_with_proxy_commercial_metrics,0.8228125678496869,1676,8,497.3,0.07,27.98,0.645,72.7,49.8,18.23,0.1086666666666666,0.8123333333333332,5.670000000000001,0.13,Hyundai,automotive,26.07,420.0,1.0,0.245,0.69,0.874,0.885,real_sponsor_names_with_proxy_commercial_metrics,0.81405268474314,-194,-239.7,-7,-5.799999999999997,-0.6399999999999999,-0.1063333333333332,0.046,0.2131752452966871,0.3470377407744318,3.439,0.48,0.3559782511324662,0.2103999999999999,0.8134199999999999,0.6628314422322129,0.2,0.4830960339272589,3.453,0.131
173,1966,Argentina,Spain,tournament,True,0.0,52.1,23.4,62.1,windy,44.72,137.96,A_win,Birmingham,England,1966-07-13,0.2922,3.29,0.262,0.103,45.07,1753,15,591.7,0.26,33.16,0.743,76.8,58.0,19.5,0.2623333333333333,0.8586666666666667,3.813333333333333,0.2106666666666666,Hyundai,automotive,30.74,420.0,1.0,0.338,0.813,0.936,0.851,real_sponsor_names_with_proxy_commercial_metrics,0.9027842922587972,1708,12,537.2,0.18,30.58,0.689,77.4,45.2,19.26,0.2126666666666666,0.84,4.25,0.077,Budweiser,beverage,27.85,200.0,1.0,0.321,0.724,0.933,0.612,real_sponsor_names_with_proxy_commercial_metrics,0.7135544213260362,45,54.5,3,-0.6000000000000085,0.08,0.0186666666666667,0.0496666666666666,0.8112048561394937,0.5356122998743691,3.99,0.48,0.3067146879153226,0.2139333333333333,0.8831100000000001,0.3839347034896167,0.2,0.5547820116899993,3.964,0.129
174,1966,Chile,Italy,tournament,True,0.0,42.1,23.2,30.6,cloudy,42.52,227.43,B_win,Sunderland,England,1966-07-13,0.2494,-0.24,-0.007,0.074,44.84,1622,5,430.7,-0.12,24.93,0.579,72.9,38.6,16.65,0.135,0.8083333333333332,3.453333333333333,0.1826666666666666,Hisense,technology,27.36,200.0,1.0,0.243,0.681,0.911,0.656,real_sponsor_names_with_proxy_commercial_metrics,0.7002451520149715,1755,14,594.5,0.34,33.03,0.744,77.8,61.6,11.04,0.3303333333333333,0.8929999999999999,1.3333333333333333,0.0393333333333333,Visa,finance,33.4,190.0,1.0,0.316,0.761,0.842,0.918,real_sponsor_names_with_proxy_commercial_metrics,0.7989842668207419,-133,-163.8,-9,-4.899999999999992,-0.46,-0.0846666666666666,-0.1953333333333333,0.5136943396293857,0.4862463402655271,3.381,0.22,0.341743469141418,0.1576666666666667,0.79217,0.1386212802397773,0.2,0.4900003055862243,3.551,0.13
175,1966,France,Mexico,tournament,True,0.0,41.4,22.5,46.6,hot,42.52,181.33,draw,London,England,1966-07-13,0.3248,2.95,0.133,0.245,39.48,1748,13,584.8,0.26,32.28,0.733,77.8,46.5,18.67,0.2083333333333333,0.8296666666666667,3.483333333333333,0.3613333333333333,Qatar Airways,airline,24.02,81.37,0.593,0.647,0.801,0.711,0.647,real_sponsor_names_with_proxy_commercial_metrics,0.5102507613733611,1612,10,421.9,-0.18,26.83,0.584,72.1,37.6,18.89,0.2446666666666666,0.7546666666666667,1.1233333333333333,0.211,Hyundai,automotive,28.5,420.0,1.0,0.636,0.712,0.897,0.88,real_sponsor_names_with_proxy_commercial_metrics,0.853187632551073,136,162.89999999999998,3,5.700000000000003,0.44,0.0749999999999999,-0.0363333333333333,0.8018213325687816,0.5411268466360563,3.374,0.62,0.3568865430678146,0.1931333333333333,0.7179599999999999,0.349548990223364,0.2,0.4502794084012654,3.527,0.147
176,1966,Hungary,Portugal,tournament,True,0.0,60.2,23.0,70.3,clear,46.92,123.02,B_win,Manchester,England,1966-07-13,0.1875,0.96,0.22,0.173,43.47,1691,5,513.5,0.03,27.22,0.652,78.9,42.6,16.61,0.1083333333333333,0.8380000000000001,2.99,0.2826666666666667,Adidas,apparel,33.47,430.0,1.0,0.501,0.712,0.937,0.887,real_sponsor_names_with_proxy_commercial_metrics,0.931713528183716,1702,6,527.3,0.14,27.94,0.666,76.8,47.1,14.4,0.2406666666666666,0.7363333333333334,3.2266666666666666,0.0836666666666666,Mengniu,consumer_goods,17.76,59.99,0.368,0.468,0.8,0.643,0.574,real_sponsor_names_with_proxy_commercial_metrics,0.3591620632748621,-11,-13.799999999999956,-1,2.1000000000000085,-0.11,0.1016666666666666,-0.1323333333333333,0.6789758272283496,0.4842883871522586,3.682,0.12,0.291416888899691,0.1297999999999999,0.84634,0.2649621779775922,0.2,0.5441949729466624,3.712,0.111
177,1966,Brazil,Hungary,tournament,True,0.0,78.5,33.3,53.5,clear,46.92,122.66,B_win,Liverpool,England,1966-07-15,0.3451,0.55,0.089,0.149,38.0,1829,20,683.6,0.5,36.78,0.83,78.8,57.4,18.61,0.1376666666666667,0.7313333333333333,3.723333333333333,0.206,Adidas,apparel,33.15,430.0,1.0,0.369,0.809,0.916,0.861,real_sponsor_names_with_proxy_commercial_metrics,0.9383411482254695,1691,5,513.5,0.03,27.22,0.652,78.9,42.6,16.61,0.1083333333333333,0.8380000000000001,2.99,0.2826666666666667,Adidas,apparel,33.47,430.0,1.0,0.501,0.712,0.937,0.887,real_sponsor_names_with_proxy_commercial_metrics,0.931713528183716,138,170.10000000000002,15,-0.1000000000000085,0.47,-0.1066666666666668,0.0293333333333333,0.9764150943396226,0.49545884780358,4.019,0.12,0.3154860144016294,0.1900666666666667,0.87793,0.4602886605295082,0.2,0.554533755839441,3.961,0.119
178,1966,Chile,North Korea,tournament,True,0.0,60.1,9.1,49.8,rain,42.52,138.59,draw,Middlesbrough,England,1966-07-15,0.1048,1.49,0.137,0.177,47.96,1622,5,430.7,-0.12,24.93,0.579,72.9,38.6,16.65,0.135,0.8083333333333332,3.453333333333333,0.1826666666666666,Hisense,technology,27.36,200.0,1.0,0.243,0.681,0.911,0.656,real_sponsor_names_with_proxy_commercial_metrics,0.7002451520149715,1482,1,257.6,-0.57,14.55,0.394,66.9,26.9,8.790000000000001,0.1546666666666666,0.706,4.253333333333333,0.251,Adidas,apparel,26.45,430.0,1.0,0.274,0.656,0.915,0.861,real_sponsor_names_with_proxy_commercial_metrics,0.8228125678496869,140,173.09999999999997,4,6.0,0.4499999999999999,0.1023333333333332,-0.0196666666666666,0.5136943396293857,0.4553158850474925,3.547,0.48,0.2686958378849411,0.1576666666666667,0.79217,0.6299195033183472,0.2,0.4667302518738793,3.562,0.13
179,1966,France,Uruguay,tournament,True,0.0,56.5,11.0,80.4,rain,44.72,101.07,B_win,London,England,1966-07-15,0.1903,0.45,0.204,0.104,38.55,1748,13,584.8,0.26,32.28,0.733,77.8,46.5,18.67,0.2083333333333333,0.8296666666666667,3.483333333333333,0.3613333333333333,Qatar Airways,airline,24.02,81.37,0.593,0.647,0.801,0.711,0.647,real_sponsor_names_with_proxy_commercial_metrics,0.5102507613733611,1684,10,508.3,0.07,29.28,0.661,74.8,44.8,20.58,0.1356666666666666,0.8753333333333333,1.923333333333333,0.1913333333333333,Vivo,technology,19.75,76.46,0.542,0.306,0.797,0.741,0.63,real_sponsor_names_with_proxy_commercial_metrics,0.4425490151146019,64,76.49999999999994,3,3.0,0.19,-0.0456666666666666,0.0726666666666666,0.8018213325687816,0.5230732573799305,3.346,0.48,0.235351982111424,0.1931333333333333,0.7179599999999999,0.7127197602226504,0.2,0.4209174912182721,3.479,0.145
180,1966,Spain,Switzerland,tournament,True,0.0,61.7,19.7,41.2,hot,44.72,177.15,A_win,Sheffield,England,1966-07-15,0.4429,4.07,0.278,0.243,42.84,1708,12,537.2,0.18,30.58,0.689,77.4,45.2,19.26,0.2126666666666666,0.84,4.25,0.077,Budweiser,beverage,27.85,200.0,1.0,0.321,0.724,0.933,0.612,real_sponsor_names_with_proxy_commercial_metrics,0.7135544213260362,1632,7,443.7,-0.12,26.09,0.595,72.7,48.1,17.05,0.1836666666666666,0.914,2.223333333333333,0.2486666666666666,Adidas,apparel,31.4,430.0,1.0,0.14,0.774,0.888,0.845,real_sponsor_names_with_proxy_commercial_metrics,0.90423375782881,76,93.50000000000006,5,4.700000000000003,0.3,-0.074,0.0289999999999999,0.7299678934836586,0.525779590918419,3.9,0.62,0.4060027217719243,0.1915999999999999,0.80913,0.3730364661385856,0.2,0.517454090929791,3.774,0.136
181,1966,Argentina,Germany,tournament,True,0.0,75.0,23.1,45.2,clear,38.12,120.54,draw,Birmingham,England,1966-07-16,0.3619,2.45,0.053,0.133,31.31,1753,15,591.7,0.26,33.16,0.743,76.8,58.0,19.5,0.2623333333333333,0.8586666666666667,3.813333333333333,0.2106666666666666,Hyundai,automotive,30.74,420.0,1.0,0.338,0.813,0.936,0.851,real_sponsor_names_with_proxy_commercial_metrics,0.9027842922587972,1798,20,646.1,0.4,35.62,0.797,81.3,65.9,22.15,0.2123333333333333,0.851,5.576666666666667,0.3273333333333333,Coca-Cola,beverage,29.19,180.0,1.0,0.286,0.859,0.907,0.902,real_sponsor_names_with_proxy_commercial_metrics,0.7594715235889338,-45,-54.39999999999998,-5,-4.5,-0.14,0.0076666666666667,0.05,0.8112048561394937,0.4998783857731319,4.001,0.12,0.2514292551044599,0.2139333333333333,0.8831100000000001,0.1591065439234996,0.2,0.5337194291794803,3.814,0.124
182,1966,Bulgaria,Portugal,tournament,True,0.0,60.9,27.1,61.4,rain,44.72,137.31,B_win,Manchester,England,1966-07-16,0.3449,4.51,0.047,0.21,45.3,1502,4,286.8,-0.46,19.9,0.447,65.2,28.9,10.5,0.3979999999999999,0.719,2.9800000000000004,-0.0613333333333333,Hisense,technology,33.88,200.0,1.0,0.2,0.675,0.918,0.633,real_sponsor_names_with_proxy_commercial_metrics,0.7870611436642407,1702,6,527.3,0.14,27.94,0.666,76.8,47.1,14.4,0.2406666666666666,0.7363333333333334,3.2266666666666666,0.0836666666666666,Mengniu,consumer_goods,17.76,59.99,0.368,0.468,0.8,0.643,0.574,real_sponsor_names_with_proxy_commercial_metrics,0.3591620632748621,-200,-240.5,-2,-11.599999999999994,-0.6000000000000001,-0.0173333333333334,0.1573333333333333,0.2468311715404268,0.2896280342773198,2.91,0.48,0.3474199160299499,0.3511999999999999,0.78795,0.4771527866980661,0.2,0.4447155072830573,2.907,0.086
183,1966,England,Mexico,tournament,False,0.18,52.7,25.8,64.2,clear,42.52,147.28,A_win,London,England,1966-07-16,0.3018,1.87,0.081,0.081,39.15,1695,13,522.2,0.16,30.51,0.678,76.6,52.6,19.34,0.28,0.7986666666666666,2.61,0.1863333333333333,McDonald's,restaurant,20.29,74.13,0.517,0.758,0.819,0.654,0.569,real_sponsor_names_with_proxy_commercial_metrics,0.4320601407850143,1612,10,421.9,-0.18,26.83,0.584,72.1,37.6,18.89,0.2446666666666666,0.7546666666666667,1.1233333333333333,0.211,Hyundai,automotive,28.5,420.0,1.0,0.636,0.712,0.897,0.88,real_sponsor_names_with_proxy_commercial_metrics,0.853187632551073,83,100.30000000000008,3,4.5,0.3399999999999999,0.0439999999999999,0.0353333333333333,0.7074856858162286,0.4862862411550998,3.467,0.12,0.2846305108451761,0.2485333333333333,0.68589,0.3114365232284307,0.2,0.3938932834808666,3.482,0.172
184,1966,Italy,Russia,tournament,True,0.0,72.4,20.7,65.9,clear,40.33,186.7,B_win,Sunderland,England,1966-07-16,0.3444,1.95,0.033,0.102,42.6,1755,14,594.5,0.34,33.03,0.744,77.8,61.6,11.04,0.3303333333333333,0.8929999999999999,1.3333333333333333,0.0393333333333333,Visa,finance,33.4,190.0,1.0,0.316,0.761,0.842,0.918,real_sponsor_names_with_proxy_commercial_metrics,0.7989842668207419,1676,8,497.3,0.07,27.98,0.645,72.7,49.8,18.23,0.1086666666666666,0.8123333333333332,5.670000000000001,0.13,Hyundai,automotive,26.07,420.0,1.0,0.245,0.69,0.874,0.885,real_sponsor_names_with_proxy_commercial_metrics,0.81405268474314,79,97.2,6,5.099999999999994,0.27,0.0806666666666666,0.2216666666666667,0.8187106162327391,0.3199164444099899,3.451,0.12,0.3275785413506272,0.241,0.84782,0.2537533005066724,0.2,0.4670833367419006,3.428,0.103
185,1966,Argentina,Switzerland,tournament,True,0.0,63.6,29.1,72.6,clear,42.52,127.47,A_win,Sheffield,England,1966-07-19,0.3861,6.73,0.039,0.085,41.25,1753,15,591.7,0.26,33.16,0.743,76.8,58.0,19.5,0.2623333333333333,0.8586666666666667,3.813333333333333,0.2106666666666666,Hyundai,automotive,30.74,420.0,1.0,0.338,0.813,0.936,0.851,real_sponsor_names_with_proxy_commercial_metrics,0.9027842922587972,1632,7,443.7,-0.12,26.09,0.595,72.7,48.1,17.05,0.1836666666666666,0.914,2.223333333333333,0.2486666666666666,Adidas,apparel,31.4,430.0,1.0,0.14,0.774,0.888,0.845,real_sponsor_names_with_proxy_commercial_metrics,0.90423375782881,121,148.00000000000006,8,4.099999999999994,0.38,-0.0553333333333333,0.0786666666666666,0.8112048561394937,0.522070450014819,4.064,0.12,0.2994820611564418,0.2139333333333333,0.8831100000000001,0.4335709698137444,0.2,0.5495437683775491,3.946,0.128
186,1966,Brazil,Portugal,tournament,True,0.0,78.0,29.2,61.2,windy,46.92,129.9,B_win,Liverpool,England,1966-07-19,0.2321,-0.61,0.078,0.082,38.78,1829,20,683.6,0.5,36.78,0.83,78.8,57.4,18.61,0.1376666666666667,0.7313333333333333,3.723333333333333,0.206,Adidas,apparel,33.15,430.0,1.0,0.369,0.809,0.916,0.861,real_sponsor_names_with_proxy_commercial_metrics,0.9383411482254695,1702,6,527.3,0.14,27.94,0.666,76.8,47.1,14.4,0.2406666666666666,0.7363333333333334,3.2266666666666666,0.0836666666666666,Mengniu,consumer_goods,17.76,59.99,0.368,0.468,0.8,0.643,0.574,real_sponsor_names_with_proxy_commercial_metrics,0.3591620632748621,127,156.30000000000007,14,2.0,0.36,-0.0050000000000001,-0.1029999999999999,0.9764150943396226,0.4979795197506598,4.023,0.48,0.2751677820747761,0.1900666666666667,0.87793,0.5309128666238493,0.2,0.5471758975192527,3.963,0.12
187,1966,Italy,North Korea,tournament,True,0.0,60.4,24.1,65.8,clear,40.33,175.83,B_win,Middlesbrough,England,1966-07-19,0.1791,5.5,0.255,0.254,31.61,1755,14,594.5,0.34,33.03,0.744,77.8,61.6,11.04,0.3303333333333333,0.8929999999999999,1.3333333333333333,0.0393333333333333,Visa,finance,33.4,190.0,1.0,0.316,0.761,0.842,0.918,real_sponsor_names_with_proxy_commercial_metrics,0.7989842668207419,1482,1,257.6,-0.57,14.55,0.394,66.9,26.9,8.790000000000001,0.1546666666666666,0.706,4.253333333333333,0.251,Adidas,apparel,26.45,430.0,1.0,0.274,0.656,0.915,0.861,real_sponsor_names_with_proxy_commercial_metrics,0.8228125678496869,273,336.9,13,10.899999999999991,0.91,0.1869999999999999,0.1756666666666667,0.8187106162327391,0.316131954898283,3.329,0.12,0.2835933483004772,0.241,0.84782,0.2741304502961535,0.2,0.4572266410685927,3.49,0.104
188,1966,Mexico,Uruguay,tournament,True,0.0,42.1,28.8,53.9,hot,38.12,142.83,draw,London,England,1966-07-19,0.1715,6.27,0.131,0.148,32.65,1612,10,421.9,-0.18,26.83,0.584,72.1,37.6,18.89,0.2446666666666666,0.7546666666666667,1.1233333333333333,0.211,Hyundai,automotive,28.5,420.0,1.0,0.636,0.712,0.897,0.88,real_sponsor_names_with_proxy_commercial_metrics,0.853187632551073,1684,10,508.3,0.07,29.28,0.661,74.8,44.8,20.58,0.1356666666666666,0.8753333333333333,1.923333333333333,0.1913333333333333,Vivo,technology,19.75,76.46,0.542,0.306,0.797,0.741,0.63,real_sponsor_names_with_proxy_commercial_metrics,0.4425490151146019,-72,-86.40000000000003,0,-2.700000000000003,-0.25,-0.1206666666666665,0.109,0.5181915824104364,0.4241185584254003,3.487,0.62,0.2221223071379552,0.2449333333333332,0.83529,0.5449650324698494,0.2,0.4861872895989607,3.621,0.127
189,1966,Bulgaria,Hungary,tournament,True,0.0,40.2,24.6,59.0,cloudy,46.92,122.56,B_win,Manchester,England,1966-07-20,0.3327,4.41,0.159,0.15,48.83,1502,4,286.8,-0.46,19.9,0.447,65.2,28.9,10.5,0.3979999999999999,0.719,2.9800000000000004,-0.0613333333333333,Hisense,technology,33.88,200.0,1.0,0.2,0.675,0.918,0.633,real_sponsor_names_with_proxy_commercial_metrics,0.7870611436642407,1691,5,513.5,0.03,27.22,0.652,78.9,42.6,16.61,0.1083333333333333,0.8380000000000001,2.99,0.2826666666666667,Adidas,apparel,33.47,430.0,1.0,0.501,0.712,0.937,0.887,real_sponsor_names_with_proxy_commercial_metrics,0.931713528183716,-189,-226.7,-1,-13.700000000000005,-0.49,-0.1190000000000001,0.2896666666666666,0.2468311715404268,0.2943823482329618,2.72,0.22,0.3389322335204665,0.3511999999999999,0.78795,0.2977535145935917,0.2,0.4443491786887403,2.943,0.087
190,1966,Chile,Russia,tournament,True,0.0,79.5,19.6,59.7,rain,44.72,127.98,B_win,Sunderland,England,1966-07-20,0.1087,2.11,0.08,0.094,48.22,1622,5,430.7,-0.12,24.93,0.579,72.9,38.6,16.65,0.135,0.8083333333333332,3.453333333333333,0.1826666666666666,Hisense,technology,27.36,200.0,1.0,0.243,0.681,0.911,0.656,real_sponsor_names_with_proxy_commercial_metrics,0.7002451520149715,1676,8,497.3,0.07,27.98,0.645,72.7,49.8,18.23,0.1086666666666666,0.8123333333333332,5.670000000000001,0.13,Hyundai,automotive,26.07,420.0,1.0,0.245,0.69,0.874,0.885,real_sponsor_names_with_proxy_commercial_metrics,0.81405268474314,-54,-66.60000000000002,-3,0.2000000000000028,-0.19,-0.004,0.0263333333333333,0.5136943396293857,0.4615115777132049,3.642,0.48,0.2540733610952443,0.1576666666666667,0.79217,0.3995758938128879,0.2,0.4655405504623394,3.518,0.129
191,1966,England,France,tournament,False,0.18,80.4,27.2,61.4,rain,42.52,128.34,A_win,London,England,1966-07-20,0.3048,5.8,0.207,0.169,38.39,1695,13,522.2,0.16,30.51,0.678,76.6,52.6,19.34,0.28,0.7986666666666666,2.61,0.1863333333333333,McDonald's,restaurant,20.29,74.13,0.517,0.758,0.819,0.654,0.569,real_sponsor_names_with_proxy_commercial_metrics,0.4320601407850143,1748,13,584.8,0.26,32.28,0.733,77.8,46.5,18.67,0.2083333333333333,0.8296666666666667,3.483333333333333,0.3613333333333333,Qatar Airways,airline,24.02,81.37,0.593,0.647,0.801,0.711,0.647,real_sponsor_names_with_proxy_commercial_metrics,0.5102507613733611,-53,-62.59999999999991,0,-1.2000000000000028,-0.1,-0.031,0.0716666666666666,0.7074856858162286,0.4796921076360816,3.7,0.48,0.2909727466998498,0.2485333333333333,0.68589,0.4797539427674302,0.2,0.3933153732664763,3.455,0.17
192,1966,Germany,Spain,tournament,True,0.0,55.7,23.7,70.4,hot,44.72,141.42,A_win,Birmingham,England,1966-07-20,0.3795,2.12,0.306,0.225,43.51,1798,20,646.1,0.4,35.62,0.797,81.3,65.9,22.15,0.2123333333333333,0.851,5.576666666666667,0.3273333333333333,Coca-Cola,beverage,29.19,180.0,1.0,0.286,0.859,0.907,0.902,real_sponsor_names_with_proxy_commercial_metrics,0.7594715235889338,1708,12,537.2,0.18,30.58,0.689,77.4,45.2,19.26,0.2126666666666666,0.84,4.25,0.077,Budweiser,beverage,27.85,200.0,1.0,0.321,0.724,0.933,0.612,real_sponsor_names_with_proxy_commercial_metrics,0.7135544213260362,90,108.89999999999998,8,3.899999999999992,0.22,0.011,-0.0003333333333333,0.9510351228677828,0.6341045377810138,4.05,0.62,0.3592789487680945,0.1869999999999999,0.90283,0.4836023692285734,0.2,0.5628544259936469,3.988,0.137
193,1966,England,Argentina,tournament,False,0.18,53.0,23.0,66.9,clear,40.33,78.83,A_win,London,England,1966-07-23,0.1682,1.32,0.085,0.069,34.94,1695,13,522.2,0.16,30.51,0.678,76.6,52.6,19.34,0.28,0.7986666666666666,2.61,0.1863333333333333,McDonald's,restaurant,20.29,74.13,0.517,0.758,0.819,0.654,0.569,real_sponsor_names_with_proxy_commercial_metrics,0.4320601407850143,1753,15,591.7,0.26,33.16,0.743,76.8,58.0,19.5,0.2623333333333333,0.8586666666666667,3.813333333333333,0.2106666666666666,Hyundai,automotive,30.74,420.0,1.0,0.338,0.813,0.936,0.851,real_sponsor_names_with_proxy_commercial_metrics,0.9027842922587972,-58,-69.5,-2,-0.2000000000000028,-0.1,-0.06,0.0176666666666666,0.7074856858162286,0.4526100423582406,3.355,0.12,0.1720379249230169,0.2485333333333333,0.68589,0.2502708199529009,0.2,0.3619454306333142,3.345,0.165
194,1966,Germany,Uruguay,tournament,True,0.0,77.0,31.8,58.7,clear,46.92,87.06,A_win,Sheffield,England,1966-07-23,0.1779,1.98,0.294,0.209,51.47,1798,20,646.1,0.4,35.62,0.797,81.3,65.9,22.15,0.2123333333333333,0.851,5.576666666666667,0.3273333333333333,Coca-Cola,beverage,29.19,180.0,1.0,0.286,0.859,0.907,0.902,real_sponsor_names_with_proxy_commercial_metrics,0.7594715235889338,1684,10,508.3,0.07,29.28,0.661,74.8,44.8,20.58,0.1356666666666666,0.8753333333333333,1.923333333333333,0.1913333333333333,Vivo,technology,19.75,76.46,0.542,0.306,0.797,0.741,0.63,real_sponsor_names_with_proxy_commercial_metrics,0.4425490151146019,114,137.8,10,6.5,0.33,-0.0243333333333333,0.0766666666666666,0.9510351228677828,0.6250682694405466,4.191,0.12,0.2906386266909552,0.1869999999999999,0.90283,0.443740455291515,0.2,0.5465962064428882,3.942,0.135
195,1966,Hungary,Russia,tournament,True,0.0,43.6,8.3,45.1,cloudy,44.72,99.68,B_win,Sunderland,England,1966-07-23,0.296,1.6,0.185,0.167,50.42,1691,5,513.5,0.03,27.22,0.652,78.9,42.6,16.61,0.1083333333333333,0.8380000000000001,2.99,0.2826666666666667,Adidas,apparel,33.47,430.0,1.0,0.501,0.712,0.937,0.887,real_sponsor_names_with_proxy_commercial_metrics,0.931713528183716,1676,8,497.3,0.07,27.98,0.645,72.7,49.8,18.23,0.1086666666666666,0.8123333333333332,5.670000000000001,0.13,Hyundai,automotive,26.07,420.0,1.0,0.245,0.69,0.874,0.885,real_sponsor_names_with_proxy_commercial_metrics,0.81405268474314,15,16.19999999999999,-3,6.200000000000003,-0.04,0.0256666666666668,-0.0003333333333333,0.6789758272283496,0.4662726927457505,3.478,0.22,0.3082047014590467,0.1297999999999999,0.84634,0.5264201098979518,0.2,0.5425081410247113,3.692,0.11
196,1966,North Korea,Portugal,tournament,True,0.0,46.4,14.5,59.1,clear,55.72,121.54,B_win,Liverpool,England,1966-07-23,0.133,0.81,0.158,0.12,58.56,1482,1,257.6,-0.57,14.55,0.394,66.9,26.9,8.790000000000001,0.1546666666666666,0.706,4.253333333333333,0.251,Adidas,apparel,26.45,430.0,1.0,0.274,0.656,0.915,0.861,real_sponsor_names_with_proxy_commercial_metrics,0.8228125678496869,1702,6,527.3,0.14,27.94,0.666,76.8,47.1,14.4,0.2406666666666666,0.7363333333333334,3.2266666666666666,0.0836666666666666,Mengniu,consumer_goods,17.76,59.99,0.368,0.468,0.8,0.643,0.574,real_sponsor_names_with_proxy_commercial_metrics,0.3591620632748621,-220,-269.69999999999993,-5,-9.899999999999991,-0.71,-0.0303333333333334,-0.086,0.2131752452966871,0.3816335772425191,3.32,0.12,0.3463061108948714,0.2103999999999999,0.8134199999999999,0.3856422607578676,0.2,0.4908484400908044,3.492,0.132
197,1966,Germany,Russia,tournament,True,0.0,66.4,15.9,57.6,clear,44.72,106.71,A_win,Liverpool,England,1966-07-25,0.2569,5.13,0.188,0.188,36.31,1798,20,646.1,0.4,35.62,0.797,81.3,65.9,22.15,0.2123333333333333,0.851,5.576666666666667,0.3273333333333333,Coca-Cola,beverage,29.19,180.0,1.0,0.286,0.859,0.907,0.902,real_sponsor_names_with_proxy_commercial_metrics,0.7594715235889338,1676,8,497.3,0.07,27.98,0.645,72.7,49.8,18.23,0.1086666666666666,0.8123333333333332,5.670000000000001,0.13,Hyundai,automotive,26.07,420.0,1.0,0.245,0.69,0.874,0.885,real_sponsor_names_with_proxy_commercial_metrics,0.81405268474314,122,148.8,12,8.599999999999994,0.33,0.0386666666666667,0.1036666666666667,0.9510351228677828,0.6220199351175967,4.104,0.12,0.2728767763691412,0.1869999999999999,0.90283,0.3427445943052879,0.2,0.5421903027680994,3.952,0.135
198,1966,England,Portugal,tournament,False,0.18,52.9,20.8,61.1,clear,44.72,152.65,A_win,London,England,1966-07-26,0.2943,1.18,0.187,0.195,41.92,1695,13,522.2,0.16,30.51,0.678,76.6,52.6,19.34,0.28,0.7986666666666666,2.61,0.1863333333333333,McDonald's,restaurant,20.29,74.13,0.517,0.758,0.819,0.654,0.569,real_sponsor_names_with_proxy_commercial_metrics,0.4320601407850143,1702,6,527.3,0.14,27.94,0.666,76.8,47.1,14.4,0.2406666666666666,0.7363333333333334,3.2266666666666666,0.0836666666666666,Mengniu,consumer_goods,17.76,59.99,0.368,0.468,0.8,0.643,0.574,real_sponsor_names_with_proxy_commercial_metrics,0.3591620632748621,-7,-5.099999999999909,7,-0.2000000000000028,0.0199999999999999,0.0623333333333332,0.0393333333333333,0.7074856858162286,0.498045516378041,3.494,0.12,0.3327659813238384,0.2485333333333333,0.68589,0.2304114036965674,0.2,0.4068129746390226,3.467,0.171
199,1966,Portugal,Russia,tournament,True,0.0,57.9,21.5,93.3,clear,44.72,121.89,A_win,London,England,1966-07-28,0.2277,2.74,0.305,0.205,50.83,1702,6,527.3,0.14,27.94,0.666,76.8,47.1,14.4,0.2406666666666666,0.7363333333333334,3.2266666666666666,0.0836666666666666,Mengniu,consumer_goods,17.76,59.99,0.368,0.468,0.8,0.643,0.574,real_sponsor_names_with_proxy_commercial_metrics,0.3591620632748621,1676,8,497.3,0.07,27.98,0.645,72.7,49.8,18.23,0.1086666666666666,0.8123333333333332,5.670000000000001,0.13,Hyundai,automotive,26.07,420.0,1.0,0.245,0.69,0.874,0.885,real_sponsor_names_with_proxy_commercial_metrics,0.81405268474314,26,29.999999999999943,-2,4.099999999999994,0.07,-0.0759999999999998,0.132,0.6820304126224132,0.3841861854292449,3.325,0.12,0.3159653232681869,0.2498666666666666,0.64909,0.3513391136801541,0.2,0.3488446917597928,3.235,0.182
200,1966,England,Germany,tournament,False,0.18,55.9,14.0,49.6,clear,51.32,154.95,A_win,London,England,1966-07-30,0.3099,-0.23,0.198,0.184,44.27,1695,13,522.2,0.16,30.51,0.678,76.6,52.6,19.34,0.28,0.7986666666666666,2.61,0.1863333333333333,McDonald's,restaurant,20.29,74.13,0.517,0.758,0.819,0.654,0.569,real_sponsor_names_with_proxy_commercial_metrics,0.4320601407850143,1798,20,646.1,0.4,35.62,0.797,81.3,65.9,22.15,0.2123333333333333,0.851,5.576666666666667,0.3273333333333333,Coca-Cola,beverage,29.19,180.0,1.0,0.286,0.859,0.907,0.902,real_sponsor_names_with_proxy_commercial_metrics,0.7594715235889338,-103,-123.89999999999998,-7,-4.700000000000003,-0.24,-0.0523333333333333,0.0676666666666666,0.7074856858162286,0.5285152647555423,3.58,0.12,0.3769745100143302,0.2485333333333333,0.68589,0.3575986583886391,0.2,0.4241862099228213,3.5,0.172
201,1970,Mexico,Russia,tournament,False,0.18,62.4,17.1,64.8,clear,39.58,80.28,draw,Mexico City,Mexico,1970-05-31,0.3692,2.86,0.199,0.294,40.43,1612,10,421.9,-0.18,26.83,0.584,72.1,37.6,18.89,0.2446666666666666,0.7546666666666667,1.1233333333333333,0.211,Hyundai,automotive,28.5,420.0,1.0,0.636,0.712,0.897,0.88,real_sponsor_names_with_proxy_commercial_metrics,0.853187632551073,1676,8,497.3,0.07,27.98,0.645,72.7,49.8,18.23,0.1086666666666666,0.8123333333333332,5.670000000000001,0.13,Hyundai,automotive,26.07,420.0,1.0,0.245,0.69,0.874,0.885,real_sponsor_names_with_proxy_commercial_metrics,0.81405268474314,-64,-75.40000000000003,2,-0.6000000000000085,-0.25,-0.0576666666666665,0.136,0.5181915824104364,0.4089043447124061,3.6,0.12,0.2930659320771805,0.2449333333333332,0.83529,0.3426418325840291,0.2,0.4961160347471673,3.608,0.127
202,1970,Bulgaria,Peru,tournament,True,0.0,76.3,17.8,75.1,hot,50.58,127.01,B_win,León,Mexico,1970-06-02,0.1494,0.37,0.122,0.235,56.54,1502,4,286.8,-0.46,19.9,0.447,65.2,28.9,10.5,0.3979999999999999,0.719,2.9800000000000004,-0.0613333333333333,Hisense,technology,33.88,200.0,1.0,0.2,0.675,0.918,0.633,real_sponsor_names_with_proxy_commercial_metrics,0.7870611436642407,1576,3,374.1,-0.28,21.13,0.516,66.6,39.7,14.92,0.2316666666666666,0.8953333333333333,3.016666666666667,0.1463333333333333,Hisense,technology,33.45,200.0,1.0,0.314,0.647,0.931,0.617,real_sponsor_names_with_proxy_commercial_metrics,0.7773160705953475,-74,-87.30000000000001,1,-1.3999999999999917,-0.18,-0.1763333333333333,0.1663333333333333,0.2468311715404268,0.3123844556128714,3.089,0.62,0.3505708983195789,0.3511999999999999,0.78795,0.5689399129379862,0.2,0.4517175017149376,2.954,0.087
203,1970,England,Romania,tournament,True,0.0,59.2,37.7,59.6,clear,41.78,140.73,A_win,Guadalajara,Mexico,1970-06-02,0.3202,0.32,0.223,0.155,44.22,1695,13,522.2,0.16,30.51,0.678,76.6,52.6,19.34,0.28,0.7986666666666666,2.61,0.1863333333333333,McDonald's,restaurant,20.29,74.13,0.517,0.758,0.819,0.654,0.569,real_sponsor_names_with_proxy_commercial_metrics,0.4320601407850143,1634,3,443.7,0.0,23.69,0.581,73.6,37.4,11.0,0.1443333333333333,0.7826666666666666,1.6033333333333335,0.135,Qatar Airways,airline,19.84,68.58,0.459,0.365,0.75,0.711,0.645,real_sponsor_names_with_proxy_commercial_metrics,0.4142103836358286,61,78.50000000000006,10,3.0,0.16,0.016,0.1356666666666666,0.7074856858162286,0.4806792767208617,3.513,0.12,0.3114501705494839,0.2485333333333333,0.68589,0.6010975522728895,0.2,0.3976872653801415,3.416,0.168
204,1970,Israel,Uruguay,tournament,True,0.0,66.4,33.8,95.4,windy,43.98,148.46,B_win,Puebla,Mexico,1970-06-02,0.2053,2.57,0.08,0.086,43.94,1388,1,142.7,-0.33,8.65,0.277,61.1,14.8,4.76,0.2046666666666666,0.9086666666666666,3.2100000000000004,-0.0766666666666666,Budweiser,beverage,29.1,200.0,1.0,0.2,0.524,0.881,0.598,real_sponsor_names_with_proxy_commercial_metrics,0.6907768430379361,1684,10,508.3,0.07,29.28,0.661,74.8,44.8,20.58,0.1356666666666666,0.8753333333333333,1.923333333333333,0.1913333333333333,Vivo,technology,19.75,76.46,0.542,0.306,0.797,0.741,0.63,real_sponsor_names_with_proxy_commercial_metrics,0.4425490151146019,-296,-365.6,-9,-13.699999999999996,-0.4,0.0333333333333333,0.069,0.0094339622641509,0.2354650281311138,2.931,0.48,0.2795550035981983,0.1593333333333333,0.71003,0.7983438235923784,0.2,0.3934718509254561,2.898,0.1
205,1970,Belgium,El Salvador,tournament,True,0.0,31.3,20.5,52.0,windy,46.18,107.73,A_win,Mexico City,Mexico,1970-06-03,0.2721,5.02,0.165,0.124,44.44,1674,9,495.4,0.02,28.38,0.646,71.5,40.4,23.19,0.142,0.7919999999999999,3.7566666666666655,0.0076666666666666,Visa,finance,26.85,190.0,1.0,0.538,0.72,0.914,0.914,real_sponsor_names_with_proxy_commercial_metrics,0.712621177050387,1404,1,163.9,-1.0,11.34,0.308,61.9,14.8,7.67,0.297,0.8106666666666666,3.016666666666666,0.3783333333333333,Budweiser,beverage,33.75,200.0,1.0,0.547,0.582,0.92,0.654,real_sponsor_names_with_proxy_commercial_metrics,0.7721470518062034,270,331.5,8,9.6,1.02,-0.0186666666666667,-0.155,0.6045045124588039,0.5425406618443926,3.556,0.48,0.2900895661704809,0.1684,0.8480000000000001,0.3428938842503389,0.2,0.505574381042619,3.766,0.14
206,1970,Brazil,Czechoslovakia,tournament,True,0.0,57.4,20.8,63.2,clear,50.58,151.23,A_win,Guadalajara,Mexico,1970-06-03,0.1503,3.72,0.387,0.307,56.36,1829,20,683.6,0.5,36.78,0.83,78.8,57.4,18.61,0.1376666666666667,0.7313333333333333,3.723333333333333,0.206,Adidas,apparel,33.15,430.0,1.0,0.369,0.809,0.916,0.861,real_sponsor_names_with_proxy_commercial_metrics,0.9383411482254695,1636,5,447.8,-0.1,25.08,0.592,72.1,45.6,14.05,0.2196666666666666,0.848,2.25,0.1806666666666666,Visa,finance,31.09,190.0,1.0,0.557,0.715,0.89,0.868,real_sponsor_names_with_proxy_commercial_metrics,0.763017711497151,193,235.8,15,6.700000000000003,0.6,-0.1166666666666667,-0.0819999999999999,0.9764150943396226,0.5218585528856394,4.099,0.12,0.3858027472533539,0.1900666666666667,0.87793,0.2394854777706415,0.2,0.5759890198327626,4.048,0.122
207,1970,Germany,Morocco,tournament,True,0.0,47.0,16.1,45.2,rain,46.18,244.26,A_win,León,Mexico,1970-06-03,0.2616,3.87,-0.044,0.059,42.58,1798,20,646.1,0.4,35.62,0.797,81.3,65.9,22.15,0.2123333333333333,0.851,5.576666666666667,0.3273333333333333,Coca-Cola,beverage,29.19,180.0,1.0,0.286,0.859,0.907,0.902,real_sponsor_names_with_proxy_commercial_metrics,0.7594715235889338,1552,4,345.5,-0.26,21.17,0.496,69.2,34.3,12.67,0.2156666666666666,0.86,4.223333333333334,-0.0613333333333333,Mengniu,consumer_goods,19.44,62.12,0.391,0.28,0.668,0.598,0.65,real_sponsor_names_with_proxy_commercial_metrics,0.365598332426661,246,300.6,16,12.099999999999994,0.66,-0.009,-0.0033333333333333,0.9510351228677828,0.6764723590580102,4.084,0.48,0.367797418877259,0.1869999999999999,0.90283,0.4279620352529794,0.2,0.5764211099730387,4.111,0.141
208,1970,Italy,Sweden,tournament,True,0.0,42.2,11.6,52.4,cloudy,41.78,118.81,A_win,Toluca,Mexico,1970-06-03,0.1958,2.53,0.175,0.179,46.14,1755,14,594.5,0.34,33.03,0.744,77.8,61.6,11.04,0.3303333333333333,0.8929999999999999,1.3333333333333333,0.0393333333333333,Visa,finance,33.4,190.0,1.0,0.316,0.761,0.842,0.918,real_sponsor_names_with_proxy_commercial_metrics,0.7989842668207419,1654,9,471.1,0.0,27.67,0.624,74.4,39.2,19.34,0.1766666666666666,0.6789999999999999,3.783333333333333,0.1453333333333333,Budweiser,beverage,26.29,200.0,1.0,0.625,0.705,0.91,0.618,real_sponsor_names_with_proxy_commercial_metrics,0.6867753190295852,101,123.39999999999998,5,3.3999999999999915,0.34,0.2139999999999999,0.1536666666666667,0.8187106162327391,0.3027981080527919,3.318,0.22,0.2713393771580502,0.241,0.84782,0.4721251694854778,0.2,0.4510423697233698,3.388,0.101
209,1970,Belgium,Russia,tournament,True,0.0,46.6,22.3,62.0,rain,50.58,119.04,B_win,Mexico City,Mexico,1970-06-06,0.2679,2.1,0.178,0.267,47.3,1674,9,495.4,0.02,28.38,0.646,71.5,40.4,23.19,0.142,0.7919999999999999,3.7566666666666655,0.0076666666666666,Visa,finance,26.85,190.0,1.0,0.538,0.72,0.914,0.914,real_sponsor_names_with_proxy_commercial_metrics,0.712621177050387,1676,8,497.3,0.07,27.98,0.645,72.7,49.8,18.23,0.1086666666666666,0.8123333333333332,5.670000000000001,0.13,Hyundai,automotive,26.07,420.0,1.0,0.245,0.69,0.874,0.885,real_sponsor_names_with_proxy_commercial_metrics,0.81405268474314,-2,-1.900000000000034,1,-1.2000000000000028,-0.05,-0.0203333333333333,0.0333333333333333,0.6045045124588039,0.5662576629822413,3.539,0.48,0.3624953831264247,0.1684,0.8480000000000001,0.3548898879611789,0.2,0.5266963047524054,3.689,0.137
210,1970,Czechoslovakia,Romania,tournament,True,0.0,53.7,17.0,71.5,clear,46.18,125.7,B_win,Guadalajara,Mexico,1970-06-06,0.2197,4.46,0.138,0.154,48.6,1636,5,447.8,-0.1,25.08,0.592,72.1,45.6,14.05,0.2196666666666666,0.848,2.25,0.1806666666666666,Visa,finance,31.09,190.0,1.0,0.557,0.715,0.89,0.868,real_sponsor_names_with_proxy_commercial_metrics,0.763017711497151,1634,3,443.7,0.0,23.69,0.581,73.6,37.4,11.0,0.1443333333333333,0.7826666666666666,1.6033333333333335,0.135,Qatar Airways,airline,19.84,68.58,0.459,0.365,0.75,0.711,0.645,real_sponsor_names_with_proxy_commercial_metrics,0.4142103836358286,2,4.100000000000023,2,-1.5,-0.1,0.0653333333333333,0.0753333333333333,0.5283363782801519,0.4086690133048159,3.263,0.12,0.3064225671658868,0.1925999999999999,0.8329999999999999,0.3741936059373438,0.2,0.4799000879178421,3.402,0.109
211,1970,Italy,Uruguay,tournament,True,0.0,69.9,22.5,63.1,clear,39.58,116.06,draw,Puebla,Mexico,1970-06-06,0.2593,1.62,0.14,0.191,43.92,1755,14,594.5,0.34,33.03,0.744,77.8,61.6,11.04,0.3303333333333333,0.8929999999999999,1.3333333333333333,0.0393333333333333,Visa,finance,33.4,190.0,1.0,0.316,0.761,0.842,0.918,real_sponsor_names_with_proxy_commercial_metrics,0.7989842668207419,1684,10,508.3,0.07,29.28,0.661,74.8,44.8,20.58,0.1356666666666666,0.8753333333333333,1.923333333333333,0.1913333333333333,Vivo,technology,19.75,76.46,0.542,0.306,0.797,0.741,0.63,real_sponsor_names_with_proxy_commercial_metrics,0.4425490151146019,71,86.19999999999999,4,3.0,0.27,0.0176666666666666,0.1946666666666667,0.8187106162327391,0.291951009694678,3.431,0.12,0.2726520225458541,0.241,0.84782,0.2208452865196603,0.2,0.4482677112606588,3.342,0.1
212,1970,Morocco,Peru,tournament,True,0.0,40.8,13.4,78.1,clear,46.18,126.5,B_win,León,Mexico,1970-06-06,0.3398,4.55,0.164,0.201,45.17,1552,4,345.5,-0.26,21.17,0.496,69.2,34.3,12.67,0.2156666666666666,0.86,4.223333333333334,-0.0613333333333333,Mengniu,consumer_goods,19.44,62.12,0.391,0.28,0.668,0.598,0.65,real_sponsor_names_with_proxy_commercial_metrics,0.365598332426661,1576,3,374.1,-0.28,21.13,0.516,66.6,39.7,14.92,0.2316666666666666,0.8953333333333333,3.016666666666667,0.1463333333333333,Hisense,technology,33.45,200.0,1.0,0.314,0.647,0.931,0.617,real_sponsor_names_with_proxy_commercial_metrics,0.7773160705953475,-24,-28.600000000000023,1,2.6000000000000085,0.02,-0.0353333333333333,-0.0159999999999999,0.3627181368394233,0.3827327916712288,2.773,0.12,0.3432566445371919,0.1853999999999999,0.59794,0.4963537429529722,0.2,0.3521477103577811,3.03,0.156
213,1970,Brazil,England,tournament,True,0.0,58.4,18.4,56.5,cloudy,41.78,118.35,A_win,Guadalajara,Mexico,1970-06-07,0.3637,5.4,0.136,0.141,37.25,1829,20,683.6,0.5,36.78,0.83,78.8,57.4,18.61,0.1376666666666667,0.7313333333333333,3.723333333333333,0.206,Adidas,apparel,33.15,430.0,1.0,0.369,0.809,0.916,0.861,real_sponsor_names_with_proxy_commercial_metrics,0.9383411482254695,1695,13,522.2,0.16,30.51,0.678,76.6,52.6,19.34,0.28,0.7986666666666666,2.61,0.1863333333333333,McDonald's,restaurant,20.29,74.13,0.517,0.758,0.819,0.654,0.569,real_sponsor_names_with_proxy_commercial_metrics,0.4320601407850143,134,161.39999999999998,7,2.200000000000003,0.3399999999999999,-0.0673333333333333,-0.1423333333333333,0.9764150943396226,0.4708524381545502,3.993,0.22,0.286348370309721,0.1900666666666667,0.87793,0.3129626061514309,0.2,0.541816432319331,3.946,0.119
214,1970,Bulgaria,Germany,tournament,True,0.0,51.7,23.9,52.7,windy,54.98,104.88,B_win,León,Mexico,1970-06-07,0.3195,1.03,0.174,0.228,43.89,1502,4,286.8,-0.46,19.9,0.447,65.2,28.9,10.5,0.3979999999999999,0.719,2.9800000000000004,-0.0613333333333333,Hisense,technology,33.88,200.0,1.0,0.2,0.675,0.918,0.633,real_sponsor_names_with_proxy_commercial_metrics,0.7870611436642407,1798,20,646.1,0.4,35.62,0.797,81.3,65.9,22.15,0.2123333333333333,0.851,5.576666666666667,0.3273333333333333,Coca-Cola,beverage,29.19,180.0,1.0,0.286,0.859,0.907,0.902,real_sponsor_names_with_proxy_commercial_metrics,0.7594715235889338,-296,-359.3,-16,-16.099999999999994,-0.8600000000000001,-0.132,0.1856666666666666,0.2468311715404268,0.3244590161553678,2.868,0.48,0.3717965309139377,0.3511999999999999,0.78795,0.3563231998858203,0.2,0.4593435051857083,2.932,0.087
215,1970,Israel,Sweden,tournament,True,0.0,53.7,25.2,96.0,rain,43.98,95.99,draw,Toluca,Mexico,1970-06-07,0.2371,1.34,0.117,0.108,47.12,1388,1,142.7,-0.33,8.65,0.277,61.1,14.8,4.76,0.2046666666666666,0.9086666666666666,3.2100000000000004,-0.0766666666666666,Budweiser,beverage,29.1,200.0,1.0,0.2,0.524,0.881,0.598,real_sponsor_names_with_proxy_commercial_metrics,0.6907768430379361,1654,9,471.1,0.0,27.67,0.624,74.4,39.2,19.34,0.1766666666666666,0.6789999999999999,3.783333333333333,0.1453333333333333,Budweiser,beverage,26.29,200.0,1.0,0.625,0.705,0.91,0.618,real_sponsor_names_with_proxy_commercial_metrics,0.6867753190295852,-266,-328.40000000000003,-8,-13.300000000000004,-0.33,0.2296666666666666,0.0279999999999999,0.0094339622641509,0.2171971196969594,2.836,0.48,0.262739014147194,0.1593333333333333,0.71003,0.5772369942196531,0.2,0.3849936386736921,2.848,0.098
216,1970,Mexico,El Salvador,tournament,False,0.18,71.0,25.5,64.3,rain,48.38,132.59,A_win,Mexico City,Mexico,1970-06-07,0.2266,1.65,0.318,0.296,48.57,1612,10,421.9,-0.18,26.83,0.584,72.1,37.6,18.89,0.2446666666666666,0.7546666666666667,1.1233333333333333,0.211,Hyundai,automotive,28.5,420.0,1.0,0.636,0.712,0.897,0.88,real_sponsor_names_with_proxy_commercial_metrics,0.853187632551073,1404,1,163.9,-1.0,11.34,0.308,61.9,14.8,7.67,0.297,0.8106666666666666,3.016666666666666,0.3783333333333333,Budweiser,beverage,33.75,200.0,1.0,0.547,0.582,0.92,0.654,real_sponsor_names_with_proxy_commercial_metrics,0.7721470518062034,208,258.0,9,10.199999999999996,0.8200000000000001,-0.0559999999999999,-0.0523333333333333,0.5181915824104364,0.4666751909257828,3.952,0.48,0.3595743638123444,0.2449333333333332,0.83529,0.4480651537857704,0.2,0.5255935580339455,3.818,0.134
217,1970,Brazil,Romania,tournament,True,0.0,65.0,15.1,46.5,windy,50.58,138.0,A_win,Guadalajara,Mexico,1970-06-10,0.0895,-0.28,0.136,0.114,44.24,1829,20,683.6,0.5,36.78,0.83,78.8,57.4,18.61,0.1376666666666667,0.7313333333333333,3.723333333333333,0.206,Adidas,apparel,33.15,430.0,1.0,0.369,0.809,0.916,0.861,real_sponsor_names_with_proxy_commercial_metrics,0.9383411482254695,1634,3,443.7,0.0,23.69,0.581,73.6,37.4,11.0,0.1443333333333333,0.7826666666666666,1.6033333333333335,0.135,Qatar Airways,airline,19.84,68.58,0.459,0.365,0.75,0.711,0.645,real_sponsor_names_with_proxy_commercial_metrics,0.4142103836358286,195,239.90000000000003,17,5.200000000000003,0.5,-0.0513333333333333,-0.0066666666666666,0.9764150943396226,0.5172524078773706,4.154,0.48,0.2823456086178989,0.1900666666666667,0.87793,0.4595908798972382,0.2,0.5540078715033563,4.012,0.121
218,1970,El Salvador,Russia,tournament,True,0.0,75.4,28.1,46.9,rain,43.98,107.25,B_win,Mexico City,Mexico,1970-06-10,0.2043,1.81,0.202,0.16,48.2,1404,1,163.9,-1.0,11.34,0.308,61.9,14.8,7.67,0.297,0.8106666666666666,3.016666666666666,0.3783333333333333,Budweiser,beverage,33.75,200.0,1.0,0.547,0.582,0.92,0.654,real_sponsor_names_with_proxy_commercial_metrics,0.7721470518062034,1676,8,497.3,0.07,27.98,0.645,72.7,49.8,18.23,0.1086666666666666,0.8123333333333332,5.670000000000001,0.13,Hyundai,automotive,26.07,420.0,1.0,0.245,0.69,0.874,0.885,real_sponsor_names_with_proxy_commercial_metrics,0.81405268474314,-272,-333.4,-7,-10.800000000000004,-1.07,-0.0016666666666665,0.1883333333333333,0.0431061466958511,0.3264429866226495,2.975,0.48,0.2772905448525635,0.2539333333333333,0.7525399999999999,0.4405100264040533,0.2,0.4382970376583434,2.833,0.084
219,1970,Germany,Peru,tournament,True,0.0,56.0,18.2,42.9,clear,48.38,131.57,A_win,León,Mexico,1970-06-10,0.3513,5.53,0.103,0.103,53.77,1798,20,646.1,0.4,35.62,0.797,81.3,65.9,22.15,0.2123333333333333,0.851,5.576666666666667,0.3273333333333333,Coca-Cola,beverage,29.19,180.0,1.0,0.286,0.859,0.907,0.902,real_sponsor_names_with_proxy_commercial_metrics,0.7594715235889338,1576,3,374.1,-0.28,21.13,0.516,66.6,39.7,14.92,0.2316666666666666,0.8953333333333333,3.016666666666667,0.1463333333333333,Hisense,technology,33.45,200.0,1.0,0.314,0.647,0.931,0.617,real_sponsor_names_with_proxy_commercial_metrics,0.7773160705953475,222,272.0,17,14.700000000000005,0.68,-0.0443333333333333,-0.0193333333333333,0.9510351228677828,0.6471279699063321,4.072,0.12,0.3592638245548302,0.1869999999999999,0.90283,0.2193994861913937,0.2,0.5664979621460833,4.042,0.138
220,1970,Sweden,Uruguay,tournament,True,0.0,49.0,26.8,73.0,hot,41.78,121.45,A_win,Puebla,Mexico,1970-06-10,0.389,0.6,0.231,0.172,45.93,1654,9,471.1,0.0,27.67,0.624,74.4,39.2,19.34,0.1766666666666666,0.6789999999999999,3.783333333333333,0.1453333333333333,Budweiser,beverage,26.29,200.0,1.0,0.625,0.705,0.91,0.618,real_sponsor_names_with_proxy_commercial_metrics,0.6867753190295852,1684,10,508.3,0.07,29.28,0.661,74.8,44.8,20.58,0.1356666666666666,0.8753333333333333,1.923333333333333,0.1913333333333333,Vivo,technology,19.75,76.46,0.542,0.306,0.797,0.741,0.63,real_sponsor_names_with_proxy_commercial_metrics,0.4425490151146019,-30,-37.19999999999999,-1,-0.3999999999999915,-0.07,-0.1963333333333333,0.041,0.6002235585615322,0.4634457020524601,3.597,0.62,0.3245986945779924,0.2344,0.7963,0.575472775280097,0.2,0.4729286120573878,3.584,0.136
221,1970,Bulgaria,Morocco,tournament,True,0.0,55.1,22.9,52.2,clear,43.98,161.22,draw,León,Mexico,1970-06-11,0.3313,5.58,0.215,0.181,43.83,1502,4,286.8,-0.46,19.9,0.447,65.2,28.9,10.5,0.3979999999999999,0.719,2.9800000000000004,-0.0613333333333333,Hisense,technology,33.88,200.0,1.0,0.2,0.675,0.918,0.633,real_sponsor_names_with_proxy_commercial_metrics,0.7870611436642407,1552,4,345.5,-0.26,21.17,0.496,69.2,34.3,12.67,0.2156666666666666,0.86,4.223333333333334,-0.0613333333333333,Mengniu,consumer_goods,19.44,62.12,0.391,0.28,0.668,0.598,0.65,real_sponsor_names_with_proxy_commercial_metrics,0.365598332426661,-50,-58.69999999999999,0,-4.0,-0.2,-0.141,0.1823333333333333,0.2468311715404268,0.29462599629447,2.967,0.12,0.3467327432232856,0.3511999999999999,0.78795,0.1841511453650181,0.2,0.4459775020865265,3.003,0.089
222,1970,Czechoslovakia,England,tournament,True,0.0,61.2,14.7,60.0,clear,41.78,116.12,B_win,Guadalajara,Mexico,1970-06-11,0.1081,1.89,0.19,0.057,47.28,1636,5,447.8,-0.1,25.08,0.592,72.1,45.6,14.05,0.2196666666666666,0.848,2.25,0.1806666666666666,Visa,finance,31.09,190.0,1.0,0.557,0.715,0.89,0.868,real_sponsor_names_with_proxy_commercial_metrics,0.763017711497151,1695,13,522.2,0.16,30.51,0.678,76.6,52.6,19.34,0.28,0.7986666666666666,2.61,0.1863333333333333,McDonald's,restaurant,20.29,74.13,0.517,0.758,0.819,0.654,0.569,real_sponsor_names_with_proxy_commercial_metrics,0.4320601407850143,-59,-74.40000000000003,-8,-4.5,-0.26,0.0493333333333333,-0.0603333333333333,0.5283363782801519,0.3855543274250403,3.281,0.12,0.2181980304648904,0.1925999999999999,0.8329999999999999,0.3843288375080282,0.2,0.4557830685313056,3.346,0.108
223,1970,Israel,Italy,tournament,True,0.0,60.3,21.1,57.0,cloudy,39.58,126.48,draw,Toluca,Mexico,1970-06-11,0.1335,7.24,0.074,0.107,43.34,1388,1,142.7,-0.33,8.65,0.277,61.1,14.8,4.76,0.2046666666666666,0.9086666666666666,3.2100000000000004,-0.0766666666666666,Budweiser,beverage,29.1,200.0,1.0,0.2,0.524,0.881,0.598,real_sponsor_names_with_proxy_commercial_metrics,0.6907768430379361,1755,14,594.5,0.34,33.03,0.744,77.8,61.6,11.04,0.3303333333333333,0.8929999999999999,1.3333333333333333,0.0393333333333333,Visa,finance,33.4,190.0,1.0,0.316,0.761,0.842,0.918,real_sponsor_names_with_proxy_commercial_metrics,0.7989842668207419,-367,-451.8,-13,-16.699999999999996,-0.67,0.0156666666666667,-0.1256666666666667,0.0094339622641509,0.2080331693033009,2.9,0.22,0.2236520096955597,0.1593333333333333,0.71003,0.2448918861057589,0.2,0.3746103316731408,2.815,0.097
224,1970,Mexico,Belgium,tournament,False,0.18,43.9,25.2,69.7,windy,41.78,102.59,A_win,Mexico City,Mexico,1970-06-11,0.195,1.37,0.096,0.11,34.16,1612,10,421.9,-0.18,26.83,0.584,72.1,37.6,18.89,0.2446666666666666,0.7546666666666667,1.1233333333333333,0.211,Hyundai,automotive,28.5,420.0,1.0,0.636,0.712,0.897,0.88,real_sponsor_names_with_proxy_commercial_metrics,0.853187632551073,1674,9,495.4,0.02,28.38,0.646,71.5,40.4,23.19,0.142,0.7919999999999999,3.7566666666666655,0.0076666666666666,Visa,finance,26.85,190.0,1.0,0.538,0.72,0.914,0.914,real_sponsor_names_with_proxy_commercial_metrics,0.712621177050387,-62,-73.5,1,0.5999999999999943,-0.1999999999999999,-0.0373333333333332,0.1026666666666666,0.5181915824104364,0.4265614352369401,3.604,0.48,0.2127904686660742,0.2449333333333332,0.83529,0.4635950189110112,0.2,0.4850049274118156,3.651,0.128
225,1970,Brazil,Peru,tournament,True,0.0,59.2,26.7,44.5,clear,52.78,177.03,A_win,Guadalajara,Mexico,1970-06-14,0.4946,2.5,0.291,0.286,59.81,1829,20,683.6,0.5,36.78,0.83,78.8,57.4,18.61,0.1376666666666667,0.7313333333333333,3.723333333333333,0.206,Adidas,apparel,33.15,430.0,1.0,0.369,0.809,0.916,0.861,real_sponsor_names_with_proxy_commercial_metrics,0.9383411482254695,1576,3,374.1,-0.28,21.13,0.516,66.6,39.7,14.92,0.2316666666666666,0.8953333333333333,3.016666666666667,0.1463333333333333,Hisense,technology,33.45,200.0,1.0,0.314,0.647,0.931,0.617,real_sponsor_names_with_proxy_commercial_metrics,0.7773160705953475,253,309.5,17,12.200000000000005,0.78,-0.164,-0.0939999999999999,0.9764150943396226,0.5407307186995807,4.161,0.12,0.5153701230193379,0.1900666666666667,0.87793,0.2497234710625847,0.2,0.6071867014138629,4.118,0.124
226,1970,England,Germany,tournament,True,0.0,61.0,22.2,40.8,cloudy,50.58,160.57,B_win,León,Mexico,1970-06-14,0.1081,0.89,0.095,0.143,49.45,1695,13,522.2,0.16,30.51,0.678,76.6,52.6,19.34,0.28,0.7986666666666666,2.61,0.1863333333333333,McDonald's,restaurant,20.29,74.13,0.517,0.758,0.819,0.654,0.569,real_sponsor_names_with_proxy_commercial_metrics,0.4320601407850143,1798,20,646.1,0.4,35.62,0.797,81.3,65.9,22.15,0.2123333333333333,0.851,5.576666666666667,0.3273333333333333,Coca-Cola,beverage,29.19,180.0,1.0,0.286,0.859,0.907,0.902,real_sponsor_names_with_proxy_commercial_metrics,0.7594715235889338,-103,-123.89999999999998,-7,-4.700000000000003,-0.24,-0.0523333333333333,0.0676666666666666,0.7074856858162286,0.5271453966743376,3.417,0.22,0.3240991730231452,0.2485333333333333,0.68589,0.1566837936202098,0.2,0.413227579461847,3.41,0.168
227,1970,Mexico,Italy,tournament,False,0.18,90.7,32.2,61.6,clear,50.58,184.19,B_win,Toluca,Mexico,1970-06-14,0.3065,1.36,0.207,0.162,56.21,1612,10,421.9,-0.18,26.83,0.584,72.1,37.6,18.89,0.2446666666666666,0.7546666666666667,1.1233333333333333,0.211,Hyundai,automotive,28.5,420.0,1.0,0.636,0.712,0.897,0.88,real_sponsor_names_with_proxy_commercial_metrics,0.853187632551073,1755,14,594.5,0.34,33.03,0.744,77.8,61.6,11.04,0.3303333333333333,0.8929999999999999,1.3333333333333333,0.0393333333333333,Visa,finance,33.4,190.0,1.0,0.316,0.761,0.842,0.918,real_sponsor_names_with_proxy_commercial_metrics,0.7989842668207419,-143,-172.60000000000002,-4,-5.700000000000003,-0.52,-0.1383333333333332,-0.0856666666666667,0.5181915824104364,0.4945298617445112,3.999,0.12,0.4178348315640979,0.2449333333333332,0.83529,0.4666759437665025,0.2,0.5450449594135403,3.796,0.133
228,1970,Russia,Uruguay,tournament,True,0.0,82.4,29.0,67.6,clear,41.78,145.79,B_win,Mexico City,Mexico,1970-06-14,0.2297,5.61,0.081,0.109,44.02,1676,8,497.3,0.07,27.98,0.645,72.7,49.8,18.23,0.1086666666666666,0.8123333333333332,5.670000000000001,0.13,Hyundai,automotive,26.07,420.0,1.0,0.245,0.69,0.874,0.885,real_sponsor_names_with_proxy_commercial_metrics,0.81405268474314,1684,10,508.3,0.07,29.28,0.661,74.8,44.8,20.58,0.1356666666666666,0.8753333333333333,1.923333333333333,0.1913333333333333,Vivo,technology,19.75,76.46,0.542,0.306,0.797,0.741,0.63,real_sponsor_names_with_proxy_commercial_metrics,0.4425490151146019,-8,-11.0,-2,-2.0999999999999943,0.0,-0.063,-0.027,0.6134810916271758,0.5147582212960317,4.032,0.12,0.2784419252206411,0.1402666666666666,0.82105,0.4093648754727752,0.2,0.5177243313453708,3.933,0.151
229,1970,Brazil,Uruguay,tournament,True,0.0,46.9,21.5,63.3,clear,48.38,163.03,A_win,Guadalajara,Mexico,1970-06-17,0.2484,3.8,0.237,0.191,49.01,1829,20,683.6,0.5,36.78,0.83,78.8,57.4,18.61,0.1376666666666667,0.7313333333333333,3.723333333333333,0.206,Adidas,apparel,33.15,430.0,1.0,0.369,0.809,0.916,0.861,real_sponsor_names_with_proxy_commercial_metrics,0.9383411482254695,1684,10,508.3,0.07,29.28,0.661,74.8,44.8,20.58,0.1356666666666666,0.8753333333333333,1.923333333333333,0.1913333333333333,Vivo,technology,19.75,76.46,0.542,0.306,0.797,0.741,0.63,real_sponsor_names_with_proxy_commercial_metrics,0.4425490151146019,145,175.3,10,4.0,0.43,-0.144,0.002,0.9764150943396226,0.516077169559295,3.997,0.12,0.3636881028193146,0.1900666666666667,0.87793,0.2217094840505244,0.2,0.5699473036145782,4.033,0.122
230,1970,Germany,Italy,tournament,True,0.0,54.3,27.5,45.0,rain,54.98,152.84,B_win,Mexico City,Mexico,1970-06-17,0.28,4.96,0.101,0.211,49.35,1798,20,646.1,0.4,35.62,0.797,81.3,65.9,22.15,0.2123333333333333,0.851,5.576666666666667,0.3273333333333333,Coca-Cola,beverage,29.19,180.0,1.0,0.286,0.859,0.907,0.902,real_sponsor_names_with_proxy_commercial_metrics,0.7594715235889338,1755,14,594.5,0.34,33.03,0.744,77.8,61.6,11.04,0.3303333333333333,0.8929999999999999,1.3333333333333333,0.0393333333333333,Visa,finance,33.4,190.0,1.0,0.316,0.761,0.842,0.918,real_sponsor_names_with_proxy_commercial_metrics,0.7989842668207419,43,51.60000000000002,6,3.5,0.06,-0.0419999999999999,-0.118,0.9510351228677828,0.684202296576113,3.926,0.48,0.4056691459302076,0.1869999999999999,0.90283,0.4166932134446585,0.2,0.5861598378886972,4.039,0.138
231,1970,Germany,Uruguay,tournament,True,0.0,39.0,34.6,68.8,hot,41.78,127.87,A_win,Mexico City,Mexico,1970-06-20,0.1357,0.04,0.079,0.082,32.99,1798,20,646.1,0.4,35.62,0.797,81.3,65.9,22.15,0.2123333333333333,0.851,5.576666666666667,0.3273333333333333,Coca-Cola,beverage,29.19,180.0,1.0,0.286,0.859,0.907,0.902,real_sponsor_names_with_proxy_commercial_metrics,0.7594715235889338,1684,10,508.3,0.07,29.28,0.661,74.8,44.8,20.58,0.1356666666666666,0.8753333333333333,1.923333333333333,0.1913333333333333,Vivo,technology,19.75,76.46,0.542,0.306,0.797,0.741,0.63,real_sponsor_names_with_proxy_commercial_metrics,0.4425490151146019,114,137.8,10,6.5,0.33,-0.0243333333333333,0.0766666666666666,0.9510351228677828,0.6161707987766329,3.854,0.62,0.2053701091198536,0.1869999999999999,0.90283,0.7602148005423535,0.2,0.5270512111427721,3.922,0.134
232,1970,Brazil,Italy,tournament,True,0.0,50.3,34.8,46.1,clear,50.58,194.68,A_win,Mexico City,Mexico,1970-06-21,0.1692,4.18,0.099,0.099,44.49,1829,20,683.6,0.5,36.78,0.83,78.8,57.4,18.61,0.1376666666666667,0.7313333333333333,3.723333333333333,0.206,Adidas,apparel,33.15,430.0,1.0,0.369,0.809,0.916,0.861,real_sponsor_names_with_proxy_commercial_metrics,0.9383411482254695,1755,14,594.5,0.34,33.03,0.744,77.8,61.6,11.04,0.3303333333333333,0.8929999999999999,1.3333333333333333,0.0393333333333333,Visa,finance,33.4,190.0,1.0,0.316,0.761,0.842,0.918,real_sponsor_names_with_proxy_commercial_metrics,0.7989842668207419,74,89.10000000000002,6,1.0,0.1599999999999999,-0.1616666666666666,-0.1926666666666666,0.9764150943396226,0.5369860661592054,4.079,0.12,0.3433298079272904,0.1900666666666667,0.87793,0.4673306929279953,0.2,0.5717301356841483,4.058,0.122
233,1974,Brazil,Yugoslavia,tournament,True,0.0,62.1,15.6,49.7,clear,41.04,97.71,draw,Frankfurt am Main,Germany,1974-06-13,0.2731,0.76,0.112,0.097,42.14,1829,20,683.6,0.5,36.78,0.83,78.8,57.4,18.61,0.1376666666666667,0.7313333333333333,3.723333333333333,0.206,Adidas,apparel,33.15,430.0,1.0,0.369,0.809,0.916,0.861,real_sponsor_names_with_proxy_commercial_metrics,0.9383411482254695,1669,5,487.0,0.06,26.56,0.629,74.2,37.3,11.34,0.1803333333333333,0.851,3.0733333333333337,0.222,Qatar Airways,airline,17.82,67.59,0.448,0.779,0.762,0.645,0.666,real_sponsor_names_with_proxy_commercial_metrics,0.3790951727656917,160,196.6,15,4.599999999999994,0.44,-0.1196666666666667,-0.0426666666666666,0.9764150943396226,0.4603399118785504,3.871,0.12,0.243408174173333,0.1900666666666667,0.87793,0.3164122600442446,0.2,0.5302848857347734,3.899,0.118
234,1974,DR Congo,Scotland,tournament,True,0.0,73.7,17.4,42.9,clear,45.44,108.9,B_win,Dortmund,Germany,1974-06-14,0.2334,-0.01,0.189,0.112,49.56,1388,1,142.7,-1.0,8.65,0.277,63.8,14.7,5.99,0.2876666666666667,0.7743333333333333,3.18,0.129,Visa,finance,33.01,190.0,1.0,0.563,0.521,0.896,0.811,real_sponsor_names_with_proxy_commercial_metrics,0.7548219912466291,1529,4,318.6,-0.35,20.39,0.472,67.9,31.6,17.66,0.1853333333333333,0.9116666666666668,1.8866666666666667,0.2256666666666666,Budweiser,beverage,26.35,200.0,1.0,0.459,0.686,0.905,0.601,real_sponsor_names_with_proxy_commercial_metrics,0.6827095152717566,-141,-175.90000000000003,-3,-4.1000000000000085,-0.65,-0.1373333333333334,0.1023333333333333,0.0349056603773584,0.256306335463004,2.88,0.12,0.2860126391856627,0.2628666666666667,0.74447,0.240208734746307,0.2,0.4145793796659647,2.781,0.084
235,1974,German DR,Australia,tournament,True,0.0,48.5,31.9,78.8,clear,45.44,136.62,A_win,Hamburg,Germany,1974-06-14,0.3273,3.3,0.162,0.19,35.48,1577,1,370.6,0.0,17.34,0.491,72.0,38.2,12.35,0.1909999999999999,0.8003333333333332,3.3866666666666667,0.1413333333333333,Adidas,apparel,33.59,430.0,1.0,0.443,0.653,0.937,0.841,real_sponsor_names_with_proxy_commercial_metrics,0.9206819206680584,1539,3,329.7,-0.4,20.21,0.479,69.8,32.1,7.37,0.2113333333333333,0.8620000000000001,3.056666666666666,0.0496666666666666,Hyundai,automotive,29.32,420.0,1.0,0.218,0.705,0.903,0.913,real_sponsor_names_with_proxy_commercial_metrics,0.8662849811940794,38,40.900000000000034,-2,2.200000000000003,0.4,-0.0616666666666668,-0.0203333333333333,0.4104549968879859,0.3849059264850829,3.49,0.12,0.3167739185482546,0.1944666666666666,0.8146599999999999,0.533193463212731,0.2,0.5104765040858081,3.471,0.103
236,1974,Germany,Chile,tournament,False,0.18,49.5,16.7,68.1,cloudy,43.24,138.8,A_win,Berlin,Germany,1974-06-14,0.2076,3.28,0.069,0.131,36.96,1798,20,646.1,0.4,35.62,0.797,81.3,65.9,22.15,0.2123333333333333,0.851,5.576666666666667,0.3273333333333333,Coca-Cola,beverage,29.19,180.0,1.0,0.286,0.859,0.907,0.902,real_sponsor_names_with_proxy_commercial_metrics,0.7594715235889338,1622,5,430.7,-0.12,24.93,0.579,72.9,38.6,16.65,0.135,0.8083333333333332,3.453333333333333,0.1826666666666666,Hisense,technology,27.36,200.0,1.0,0.243,0.681,0.911,0.656,real_sponsor_names_with_proxy_commercial_metrics,0.7002451520149715,176,215.40000000000003,15,8.399999999999991,0.52,0.0426666666666667,0.0773333333333333,0.9510351228677828,0.6265393163718467,3.977,0.22,0.2628399398659745,0.1869999999999999,0.90283,0.4073057161207449,0.2,0.5414483622186561,4.022,0.138
237,1974,Italy,Haiti,tournament,True,0.0,30.1,15.1,67.7,rain,49.84,113.08,A_win,Munich,Germany,1974-06-15,0.4625,2.91,0.154,0.243,50.95,1755,14,594.5,0.34,33.03,0.744,77.8,61.6,11.04,0.3303333333333333,0.8929999999999999,1.3333333333333333,0.0393333333333333,Visa,finance,33.4,190.0,1.0,0.316,0.761,0.842,0.918,real_sponsor_names_with_proxy_commercial_metrics,0.7989842668207419,1388,1,142.7,-1.0,8.65,0.277,62.3,12.0,6.44,0.31,0.874,0.8133333333333334,0.2476666666666666,Coca-Cola,beverage,32.91,180.0,1.0,0.378,0.561,0.904,0.889,real_sponsor_names_with_proxy_commercial_metrics,0.7609716906035475,367,451.8,13,15.5,1.34,0.0189999999999999,0.0203333333333333,0.8187106162327391,0.3370352773243146,3.268,0.48,0.4112356703428035,0.241,0.84782,0.5511958181688432,0.2,0.4886080357563468,3.537,0.106
238,1974,Poland,Argentina,tournament,True,0.0,55.9,20.1,78.0,cloudy,52.04,145.63,A_win,Stuttgart,Germany,1974-06-15,0.2308,4.31,0.065,0.169,45.9,1685,6,506.6,0.05,27.64,0.65,72.7,42.5,15.85,0.2053333333333333,0.815,3.9733333333333327,0.268,Coca-Cola,beverage,28.97,180.0,1.0,0.581,0.749,0.899,0.847,real_sponsor_names_with_proxy_commercial_metrics,0.7339961373676395,1753,15,591.7,0.26,33.16,0.743,76.8,58.0,19.5,0.2623333333333333,0.8586666666666667,3.813333333333333,0.2106666666666666,Hyundai,automotive,30.74,420.0,1.0,0.338,0.813,0.936,0.851,real_sponsor_names_with_proxy_commercial_metrics,0.9027842922587972,-68,-85.10000000000002,-9,-4.099999999999994,-0.21,-0.0436666666666667,-0.057,0.616436840876696,0.5135249403445701,3.736,0.22,0.352362601454314,0.1972,0.84638,0.3616441875401412,0.2,0.513079776555576,3.601,0.124
239,1974,Sweden,Bulgaria,tournament,True,0.0,44.2,25.5,96.0,clear,41.04,114.23,draw,Düsseldorf,Germany,1974-06-15,0.3171,4.63,0.208,0.304,34.1,1654,9,471.1,0.0,27.67,0.624,74.4,39.2,19.34,0.1766666666666666,0.6789999999999999,3.783333333333333,0.1453333333333333,Budweiser,beverage,26.29,200.0,1.0,0.625,0.705,0.91,0.618,real_sponsor_names_with_proxy_commercial_metrics,0.6867753190295852,1502,4,286.8,-0.46,19.9,0.447,65.2,28.9,10.5,0.3979999999999999,0.719,2.9800000000000004,-0.0613333333333333,Hisense,technology,33.88,200.0,1.0,0.2,0.675,0.918,0.633,real_sponsor_names_with_proxy_commercial_metrics,0.7870611436642407,152,184.3,5,9.200000000000005,0.46,-0.04,-0.2213333333333333,0.6002235585615322,0.4576054710153845,3.417,0.12,0.2983240210316322,0.2344,0.7963,0.4410404624277456,0.2,0.4660384126577346,3.603,0.137
240,1974,Uruguay,Netherlands,tournament,True,0.0,51.1,22.4,30.7,cloudy,45.44,69.83,B_win,Hanover,Germany,1974-06-15,0.1542,5.89,0.222,0.182,36.78,1684,10,508.3,0.07,29.28,0.661,74.8,44.8,20.58,0.1356666666666666,0.8753333333333333,1.923333333333333,0.1913333333333333,Vivo,technology,19.75,76.46,0.542,0.306,0.797,0.741,0.63,real_sponsor_names_with_proxy_commercial_metrics,0.4425490151146019,1746,9,581.1,0.35,31.14,0.724,75.8,49.9,15.97,0.1103333333333333,0.742,2.733333333333333,0.1786666666666666,Hisense,technology,32.27,200.0,1.0,0.505,0.811,0.856,0.664,real_sponsor_names_with_proxy_commercial_metrics,0.781083544499314,-62,-72.80000000000001,1,-1.0,-0.2799999999999999,0.1333333333333333,0.0253333333333333,0.6570661125383135,0.4975636331445061,3.241,0.22,0.2206638072779357,0.1312666666666666,0.71205,0.1182441304502961,0.2,0.3974733423635533,3.407,0.173
241,1974,Chile,German DR,tournament,True,0.0,46.6,19.1,46.2,clear,45.44,122.11,draw,Berlin,Germany,1974-06-18,0.1806,0.3,0.154,0.146,45.88,1622,5,430.7,-0.12,24.93,0.579,72.9,38.6,16.65,0.135,0.8083333333333332,3.453333333333333,0.1826666666666666,Hisense,technology,27.36,200.0,1.0,0.243,0.681,0.911,0.656,real_sponsor_names_with_proxy_commercial_metrics,0.7002451520149715,1577,1,370.6,0.0,17.34,0.491,72.0,38.2,12.35,0.1909999999999999,0.8003333333333332,3.3866666666666667,0.1413333333333333,Adidas,apparel,33.59,430.0,1.0,0.443,0.653,0.937,0.841,real_sponsor_names_with_proxy_commercial_metrics,0.9206819206680584,45,60.099999999999966,4,0.9000000000000057,-0.12,0.008,-0.0559999999999999,0.5136943396293857,0.4627045000098755,3.428,0.12,0.2803482731315603,0.1576666666666667,0.79217,0.2102483408263755,0.2,0.4711295511126704,3.542,0.129
242,1974,Germany,Australia,tournament,False,0.18,56.8,19.0,48.1,clear,47.64,130.27,A_win,Hamburg,Germany,1974-06-18,0.3179,5.95,0.178,0.124,47.36,1798,20,646.1,0.4,35.62,0.797,81.3,65.9,22.15,0.2123333333333333,0.851,5.576666666666667,0.3273333333333333,Coca-Cola,beverage,29.19,180.0,1.0,0.286,0.859,0.907,0.902,real_sponsor_names_with_proxy_commercial_metrics,0.7594715235889338,1539,3,329.7,-0.4,20.21,0.479,69.8,32.1,7.37,0.2113333333333333,0.8620000000000001,3.056666666666666,0.0496666666666666,Hyundai,automotive,29.32,420.0,1.0,0.218,0.705,0.903,0.913,real_sponsor_names_with_proxy_commercial_metrics,0.8662849811940794,259,316.40000000000003,17,11.5,0.8,-0.0110000000000001,0.001,0.9510351228677828,0.6433488407928356,4.072,0.12,0.3344131419959333,0.1869999999999999,0.90283,0.2210593734389495,0.2,0.5604696694825249,4.115,0.141
243,1974,Scotland,Brazil,tournament,True,0.0,35.1,18.7,44.4,windy,41.04,112.13,draw,Frankfurt am Main,Germany,1974-06-18,0.2257,6.75,0.296,0.257,44.7,1529,4,318.6,-0.35,20.39,0.472,67.9,31.6,17.66,0.1853333333333333,0.9116666666666668,1.8866666666666667,0.2256666666666666,Budweiser,beverage,26.35,200.0,1.0,0.459,0.686,0.905,0.601,real_sponsor_names_with_proxy_commercial_metrics,0.6827095152717566,1829,20,683.6,0.5,36.78,0.83,78.8,57.4,18.61,0.1376666666666667,0.7313333333333333,3.723333333333333,0.206,Adidas,apparel,33.15,430.0,1.0,0.369,0.809,0.916,0.861,real_sponsor_names_with_proxy_commercial_metrics,0.9383411482254695,-300,-365.0,-16,-10.899999999999991,-0.85,0.1803333333333334,0.0476666666666666,0.3145516160739996,0.4564075448840681,3.207,0.48,0.2861645057188379,0.1465333333333332,0.7845199999999999,0.3568751873260544,0.2,0.4659180973765283,3.37,0.128
244,1974,Yugoslavia,DR Congo,tournament,True,0.0,38.9,17.7,40.8,rain,60.84,258.45,A_win,Gelsenkirchen,Germany,1974-06-18,0.2569,2.03,0.144,0.166,54.35,1669,5,487.0,0.06,26.56,0.629,74.2,37.3,11.34,0.1803333333333333,0.851,3.0733333333333337,0.222,Qatar Airways,airline,17.82,67.59,0.448,0.779,0.762,0.645,0.666,real_sponsor_names_with_proxy_commercial_metrics,0.3790951727656917,1388,1,142.7,-1.0,8.65,0.277,63.8,14.7,5.99,0.2876666666666667,0.7743333333333333,3.18,0.129,Visa,finance,33.01,190.0,1.0,0.563,0.521,0.896,0.811,real_sponsor_names_with_proxy_commercial_metrics,0.7548219912466291,281,344.3,4,10.400000000000006,1.06,0.0766666666666666,-0.1073333333333333,0.5999391199848352,0.4986967358756085,3.453,0.48,0.5099259491770697,0.1678,0.66183,0.3673311924641405,0.2,0.4311913173443503,3.59,0.201
245,1974,Argentina,Italy,tournament,True,0.0,85.7,36.7,53.2,windy,45.44,92.39,draw,Stuttgart,Germany,1974-06-19,0.5529,-0.7,0.081,0.191,37.68,1753,15,591.7,0.26,33.16,0.743,76.8,58.0,19.5,0.2623333333333333,0.8586666666666667,3.813333333333333,0.2106666666666666,Hyundai,automotive,30.74,420.0,1.0,0.338,0.813,0.936,0.851,real_sponsor_names_with_proxy_commercial_metrics,0.9027842922587972,1755,14,594.5,0.34,33.03,0.744,77.8,61.6,11.04,0.3303333333333333,0.8929999999999999,1.3333333333333333,0.0393333333333333,Visa,finance,33.4,190.0,1.0,0.316,0.761,0.842,0.918,real_sponsor_names_with_proxy_commercial_metrics,0.7989842668207419,-2,-2.7999999999999545,1,-1.0,-0.08,-0.0343333333333332,-0.068,0.8112048561394937,0.5229833055551463,4.125,0.48,0.3522230903534774,0.2139333333333333,0.8831100000000001,0.6914316705915936,0.2,0.5603475737682478,3.869,0.126
246,1974,Bulgaria,Uruguay,tournament,True,0.0,41.3,24.8,38.5,hot,45.44,103.08,draw,Hanover,Germany,1974-06-19,0.2728,-0.11,0.203,0.138,48.52,1502,4,286.8,-0.46,19.9,0.447,65.2,28.9,10.5,0.3979999999999999,0.719,2.9800000000000004,-0.0613333333333333,Hisense,technology,33.88,200.0,1.0,0.2,0.675,0.918,0.633,real_sponsor_names_with_proxy_commercial_metrics,0.7870611436642407,1684,10,508.3,0.07,29.28,0.661,74.8,44.8,20.58,0.1356666666666666,0.8753333333333333,1.923333333333333,0.1913333333333333,Vivo,technology,19.75,76.46,0.542,0.306,0.797,0.741,0.63,real_sponsor_names_with_proxy_commercial_metrics,0.4425490151146019,-182,-221.5,-6,-9.599999999999994,-0.53,-0.1563333333333333,0.2623333333333333,0.2468311715404268,0.2809471642508988,2.78,0.62,0.2963795904029483,0.3511999999999999,0.78795,0.3743755798187397,0.2,0.4320767985502591,2.898,0.086
247,1974,Haiti,Poland,tournament,True,0.0,43.7,28.3,63.4,cloudy,56.44,77.62,B_win,Munich,Germany,1974-06-19,0.221,1.83,0.066,0.138,64.1,1388,1,142.7,-1.0,8.65,0.277,62.3,12.0,6.44,0.31,0.874,0.8133333333333334,0.2476666666666666,Coca-Cola,beverage,32.91,180.0,1.0,0.378,0.561,0.904,0.889,real_sponsor_names_with_proxy_commercial_metrics,0.7609716906035475,1685,6,506.6,0.05,27.64,0.65,72.7,42.5,15.85,0.2053333333333333,0.815,3.9733333333333327,0.268,Coca-Cola,beverage,28.97,180.0,1.0,0.581,0.749,0.899,0.847,real_sponsor_names_with_proxy_commercial_metrics,0.7339961373676395,-297,-363.9,-5,-10.400000000000006,-1.05,0.059,0.1046666666666666,0.020754716981132,0.29983451638586,2.659,0.22,0.3600594487258375,0.2364,0.77497,0.413008634839078,0.2,0.4489105600780598,2.785,0.085
248,1974,Netherlands,Sweden,tournament,True,0.0,81.9,20.1,58.8,windy,41.04,102.5,draw,Dortmund,Germany,1974-06-19,0.3582,7.03,0.139,0.178,37.34,1746,9,581.1,0.35,31.14,0.724,75.8,49.9,15.97,0.1103333333333333,0.742,2.733333333333333,0.1786666666666666,Hisense,technology,32.27,200.0,1.0,0.505,0.811,0.856,0.664,real_sponsor_names_with_proxy_commercial_metrics,0.781083544499314,1654,9,471.1,0.0,27.67,0.624,74.4,39.2,19.34,0.1766666666666666,0.6789999999999999,3.783333333333333,0.1453333333333333,Budweiser,beverage,26.29,200.0,1.0,0.625,0.705,0.91,0.618,real_sponsor_names_with_proxy_commercial_metrics,0.6867753190295852,92,110.0,0,1.3999999999999917,0.35,0.063,-0.0663333333333333,0.7581498473599972,0.3960873440421748,3.671,0.48,0.2783857594210021,0.1694,0.8342200000000001,0.3826812245771782,0.2,0.4766684588958448,3.557,0.11
249,1974,Australia,Chile,tournament,True,0.0,95.0,21.9,65.7,clear,41.04,104.98,draw,Berlin,Germany,1974-06-22,0.2854,2.84,0.108,0.154,44.8,1539,3,329.7,-0.4,20.21,0.479,69.8,32.1,7.37,0.2113333333333333,0.8620000000000001,3.056666666666666,0.0496666666666666,Hyundai,automotive,29.32,420.0,1.0,0.218,0.705,0.903,0.913,real_sponsor_names_with_proxy_commercial_metrics,0.8662849811940794,1622,5,430.7,-0.12,24.93,0.579,72.9,38.6,16.65,0.135,0.8083333333333332,3.453333333333333,0.1826666666666666,Hisense,technology,27.36,200.0,1.0,0.243,0.681,0.911,0.656,real_sponsor_names_with_proxy_commercial_metrics,0.7002451520149715,-83,-101.0,-2,-3.1000000000000085,-0.28,0.0536666666666668,0.0763333333333333,0.3425474064388163,0.2607091275932796,3.685,0.12,0.2726156646393682,0.1819999999999999,0.8387999999999999,0.2216752301434383,0.2,0.4579420841405709,3.335,0.114
250,1974,DR Congo,Brazil,tournament,True,0.0,42.8,18.7,66.1,clear,47.64,118.02,B_win,Gelsenkirchen,Germany,1974-06-22,0.3146,1.5,0.1,0.116,50.24,1388,1,142.7,-1.0,8.65,0.277,63.8,14.7,5.99,0.2876666666666667,0.7743333333333333,3.18,0.129,Visa,finance,33.01,190.0,1.0,0.563,0.521,0.896,0.811,real_sponsor_names_with_proxy_commercial_metrics,0.7548219912466291,1829,20,683.6,0.5,36.78,0.83,78.8,57.4,18.61,0.1376666666666667,0.7313333333333333,3.723333333333333,0.206,Adidas,apparel,33.15,430.0,1.0,0.369,0.809,0.916,0.861,real_sponsor_names_with_proxy_commercial_metrics,0.9383411482254695,-441,-540.9000000000001,-19,-15.0,-1.5,0.043,0.15,0.0349056603773584,0.2693712073436177,2.626,0.12,0.3295941624000458,0.2628666666666667,0.74447,0.3066406194248198,0.2,0.4269538484354132,2.719,0.082
251,1974,Germany,German DR,tournament,False,0.18,53.2,7.1,67.6,clear,43.24,168.5,B_win,Hamburg,Germany,1974-06-22,0.2084,1.36,0.136,0.206,47.92,1798,20,646.1,0.4,35.62,0.797,81.3,65.9,22.15,0.2123333333333333,0.851,5.576666666666667,0.3273333333333333,Coca-Cola,beverage,29.19,180.0,1.0,0.286,0.859,0.907,0.902,real_sponsor_names_with_proxy_commercial_metrics,0.7594715235889338,1577,1,370.6,0.0,17.34,0.491,72.0,38.2,12.35,0.1909999999999999,0.8003333333333332,3.3866666666666667,0.1413333333333333,Adidas,apparel,33.59,430.0,1.0,0.443,0.653,0.937,0.841,real_sponsor_names_with_proxy_commercial_metrics,0.9206819206680584,221,275.5,19,9.299999999999995,0.4,0.0506666666666667,0.0213333333333333,0.9510351228677828,0.6368796419006133,3.834,0.12,0.3303049763555883,0.1869999999999999,0.90283,0.614856204952544,0.2,0.5578366606646336,4.053,0.139
252,1974,Scotland,Yugoslavia,tournament,True,0.0,62.4,14.7,52.0,clear,45.44,165.23,draw,Frankfurt am Main,Germany,1974-06-22,0.1954,0.02,0.228,0.285,42.39,1529,4,318.6,-0.35,20.39,0.472,67.9,31.6,17.66,0.1853333333333333,0.9116666666666668,1.8866666666666667,0.2256666666666666,Budweiser,beverage,26.35,200.0,1.0,0.459,0.686,0.905,0.601,real_sponsor_names_with_proxy_commercial_metrics,0.6827095152717566,1669,5,487.0,0.06,26.56,0.629,74.2,37.3,11.34,0.1803333333333333,0.851,3.0733333333333337,0.222,Qatar Airways,airline,17.82,67.59,0.448,0.779,0.762,0.645,0.666,real_sponsor_names_with_proxy_commercial_metrics,0.3790951727656917,-140,-168.39999999999998,-1,-6.299999999999997,-0.41,0.0606666666666667,0.005,0.3145516160739996,0.4946741151750196,3.561,0.12,0.3415416635987451,0.1465333333333332,0.7845199999999999,0.3497609362734603,0.2,0.4877081686339761,3.447,0.131
253,1974,Argentina,Haiti,tournament,True,0.0,80.5,12.1,91.9,clear,52.04,151.99,A_win,Munich,Germany,1974-06-23,0.1248,4.64,0.245,0.143,42.49,1753,15,591.7,0.26,33.16,0.743,76.8,58.0,19.5,0.2623333333333333,0.8586666666666667,3.813333333333333,0.2106666666666666,Hyundai,automotive,30.74,420.0,1.0,0.338,0.813,0.936,0.851,real_sponsor_names_with_proxy_commercial_metrics,0.9027842922587972,1388,1,142.7,-1.0,8.65,0.277,62.3,12.0,6.44,0.31,0.874,0.8133333333333334,0.2476666666666666,Coca-Cola,beverage,32.91,180.0,1.0,0.378,0.561,0.904,0.889,real_sponsor_names_with_proxy_commercial_metrics,0.7609716906035475,365,449.00000000000006,14,14.5,1.26,-0.0153333333333333,-0.0476666666666666,0.8112048561394937,0.5734025708618844,4.33,0.12,0.3129675303069216,0.2139333333333333,0.8831100000000001,0.589798401484336,0.2,0.5666138560448234,4.12,0.134
254,1974,Bulgaria,Netherlands,tournament,True,0.0,45.2,9.5,61.8,clear,52.04,134.05,B_win,Dortmund,Germany,1974-06-23,0.1768,2.61,0.23,0.224,42.81,1502,4,286.8,-0.46,19.9,0.447,65.2,28.9,10.5,0.3979999999999999,0.719,2.9800000000000004,-0.0613333333333333,Hisense,technology,33.88,200.0,1.0,0.2,0.675,0.918,0.633,real_sponsor_names_with_proxy_commercial_metrics,0.7870611436642407,1746,9,581.1,0.35,31.14,0.724,75.8,49.9,15.97,0.1103333333333333,0.742,2.733333333333333,0.1786666666666666,Hisense,technology,32.27,200.0,1.0,0.505,0.811,0.856,0.664,real_sponsor_names_with_proxy_commercial_metrics,0.781083544499314,-244,-294.3,-5,-10.599999999999994,-0.81,-0.023,0.2876666666666666,0.2468311715404268,0.3213986342751927,2.823,0.12,0.3345868207711082,0.3511999999999999,0.78795,0.5273667308927423,0.2,0.4510446562306934,2.963,0.087
255,1974,Poland,Italy,tournament,True,0.0,54.8,15.8,28.2,rain,47.64,181.45,A_win,Stuttgart,Germany,1974-06-23,0.2693,7.21,0.183,0.05,50.25,1685,6,506.6,0.05,27.64,0.65,72.7,42.5,15.85,0.2053333333333333,0.815,3.9733333333333327,0.268,Coca-Cola,beverage,28.97,180.0,1.0,0.581,0.749,0.899,0.847,real_sponsor_names_with_proxy_commercial_metrics,0.7339961373676395,1755,14,594.5,0.34,33.03,0.744,77.8,61.6,11.04,0.3303333333333333,0.8929999999999999,1.3333333333333333,0.0393333333333333,Visa,finance,33.4,190.0,1.0,0.316,0.761,0.842,0.918,real_sponsor_names_with_proxy_commercial_metrics,0.7989842668207419,-70,-87.89999999999998,-8,-5.099999999999994,-0.29,-0.0779999999999999,-0.125,0.616436840876696,0.5062166780003502,3.728,0.48,0.3479477186223604,0.1972,0.84638,0.362308713337615,0.2,0.5101504865328037,3.666,0.127
256,1974,Sweden,Uruguay,tournament,True,0.0,68.1,30.9,42.0,rain,47.64,135.39,A_win,Düsseldorf,Germany,1974-06-23,0.3303,4.12,0.136,0.195,51.97,1654,9,471.1,0.0,27.67,0.624,74.4,39.2,19.34,0.1766666666666666,0.6789999999999999,3.783333333333333,0.1453333333333333,Budweiser,beverage,26.29,200.0,1.0,0.625,0.705,0.91,0.618,real_sponsor_names_with_proxy_commercial_metrics,0.6867753190295852,1684,10,508.3,0.07,29.28,0.661,74.8,44.8,20.58,0.1356666666666666,0.8753333333333333,1.923333333333333,0.1913333333333333,Vivo,technology,19.75,76.46,0.542,0.306,0.797,0.741,0.63,real_sponsor_names_with_proxy_commercial_metrics,0.4425490151146019,-30,-37.19999999999999,-1,-0.3999999999999915,-0.07,-0.1963333333333333,0.041,0.6002235585615322,0.4946415001832071,3.842,0.48,0.3702716661064079,0.2344,0.7963,0.492169556840077,0.2,0.4907980298396799,3.634,0.138
257,1974,Brazil,German DR,tournament,True,0.0,63.7,22.7,30.2,cloudy,43.24,98.26,A_win,Hanover,Germany,1974-06-26,0.3138,4.54,-0.032,0.003,40.84,1829,20,683.6,0.5,36.78,0.83,78.8,57.4,18.61,0.1376666666666667,0.7313333333333333,3.723333333333333,0.206,Adidas,apparel,33.15,430.0,1.0,0.369,0.809,0.916,0.861,real_sponsor_names_with_proxy_commercial_metrics,0.9383411482254695,1577,1,370.6,0.0,17.34,0.491,72.0,38.2,12.35,0.1909999999999999,0.8003333333333332,3.3866666666666667,0.1413333333333333,Adidas,apparel,33.59,430.0,1.0,0.443,0.653,0.937,0.841,real_sponsor_names_with_proxy_commercial_metrics,0.9206819206680584,252,313.0,19,6.799999999999997,0.5,-0.0689999999999999,-0.0533333333333332,0.9764150943396226,0.4704210601974964,4.026,0.22,0.2407152133179724,0.1900666666666667,0.87793,0.1238871048312281,0.2,0.5325690150930061,3.957,0.119
258,1974,Germany,Yugoslavia,tournament,False,0.18,53.1,30.7,58.3,clear,45.44,80.31,A_win,Düsseldorf,Germany,1974-06-26,0.2512,2.29,0.186,0.156,36.42,1798,20,646.1,0.4,35.62,0.797,81.3,65.9,22.15,0.2123333333333333,0.851,5.576666666666667,0.3273333333333333,Coca-Cola,beverage,29.19,180.0,1.0,0.286,0.859,0.907,0.902,real_sponsor_names_with_proxy_commercial_metrics,0.7594715235889338,1669,5,487.0,0.06,26.56,0.629,74.2,37.3,11.34,0.1803333333333333,0.851,3.0733333333333337,0.222,Qatar Airways,airline,17.82,67.59,0.448,0.779,0.762,0.645,0.666,real_sponsor_names_with_proxy_commercial_metrics,0.3790951727656917,129,159.10000000000002,15,7.099999999999994,0.34,0.0,0.032,0.9510351228677828,0.6160651509123959,3.946,0.12,0.248081114738378,0.1869999999999999,0.90283,0.4133993434667807,0.2,0.5355638308644906,3.987,0.137
259,1974,Netherlands,Argentina,tournament,True,0.0,56.3,25.5,56.1,rain,49.84,125.87,A_win,Gelsenkirchen,Germany,1974-06-26,0.386,0.51,-0.026,0.038,40.07,1746,9,581.1,0.35,31.14,0.724,75.8,49.9,15.97,0.1103333333333333,0.742,2.733333333333333,0.1786666666666666,Hisense,technology,32.27,200.0,1.0,0.505,0.811,0.856,0.664,real_sponsor_names_with_proxy_commercial_metrics,0.781083544499314,1753,15,591.7,0.26,33.16,0.743,76.8,58.0,19.5,0.2623333333333333,0.8586666666666667,3.813333333333333,0.2106666666666666,Hyundai,automotive,30.74,420.0,1.0,0.338,0.813,0.936,0.851,real_sponsor_names_with_proxy_commercial_metrics,0.9027842922587972,-7,-10.600000000000025,-6,-1.0,0.0899999999999999,-0.1166666666666667,-0.152,0.7581498473599972,0.4437824656494065,3.662,0.48,0.3228199781293721,0.1694,0.8342200000000001,0.4126330550203382,0.2,0.4989099366875436,3.594,0.111
260,1974,Sweden,Poland,tournament,True,0.0,40.1,27.7,50.5,clear,43.24,152.64,B_win,Stuttgart,Germany,1974-06-26,0.615,0.97,0.002,0.123,43.05,1654,9,471.1,0.0,27.67,0.624,74.4,39.2,19.34,0.1766666666666666,0.6789999999999999,3.783333333333333,0.1453333333333333,Budweiser,beverage,26.29,200.0,1.0,0.625,0.705,0.91,0.618,real_sponsor_names_with_proxy_commercial_metrics,0.6867753190295852,1685,6,506.6,0.05,27.64,0.65,72.7,42.5,15.85,0.2053333333333333,0.815,3.9733333333333327,0.268,Coca-Cola,beverage,28.97,180.0,1.0,0.581,0.749,0.899,0.847,real_sponsor_names_with_proxy_commercial_metrics,0.7339961373676395,-31,-35.5,3,1.7000000000000028,-0.05,-0.136,-0.0286666666666666,0.6002235585615322,0.4808679231901928,3.356,0.12,0.3990257077895287,0.2344,0.7963,0.3016609576821523,0.2,0.4926922366182601,3.607,0.137
261,1974,Argentina,Brazil,tournament,True,0.0,54.9,17.6,90.2,clear,47.64,257.52,B_win,Hanover,Germany,1974-06-30,0.3027,-0.08,0.143,0.203,52.91,1753,15,591.7,0.26,33.16,0.743,76.8,58.0,19.5,0.2623333333333333,0.8586666666666667,3.813333333333333,0.2106666666666666,Hyundai,automotive,30.74,420.0,1.0,0.338,0.813,0.936,0.851,real_sponsor_names_with_proxy_commercial_metrics,0.9027842922587972,1829,20,683.6,0.5,36.78,0.83,78.8,57.4,18.61,0.1376666666666667,0.7313333333333333,3.723333333333333,0.206,Adidas,apparel,33.15,430.0,1.0,0.369,0.809,0.916,0.861,real_sponsor_names_with_proxy_commercial_metrics,0.9383411482254695,-76,-91.89999999999998,-5,-2.0,-0.24,0.1273333333333334,0.1246666666666666,0.8112048561394937,0.5903644799860255,3.948,0.12,0.4572453108008469,0.2139333333333333,0.8831100000000001,0.4393891386569614,0.2,0.6002187466983679,4.004,0.13
262,1974,German DR,Netherlands,tournament,True,0.0,54.5,26.1,66.8,clear,45.44,132.11,B_win,Gelsenkirchen,Germany,1974-06-30,0.1218,4.71,0.177,0.078,41.98,1577,1,370.6,0.0,17.34,0.491,72.0,38.2,12.35,0.1909999999999999,0.8003333333333332,3.3866666666666667,0.1413333333333333,Adidas,apparel,33.59,430.0,1.0,0.443,0.653,0.937,0.841,real_sponsor_names_with_proxy_commercial_metrics,0.9206819206680584,1746,9,581.1,0.35,31.14,0.724,75.8,49.9,15.97,0.1103333333333333,0.742,2.733333333333333,0.1786666666666666,Hisense,technology,32.27,200.0,1.0,0.505,0.811,0.856,0.664,real_sponsor_names_with_proxy_commercial_metrics,0.781083544499314,-169,-210.5,-8,-3.799999999999997,-0.35,0.0583333333333332,0.0806666666666666,0.4104549968879859,0.3833357289047887,3.33,0.12,0.24530165380775,0.1944666666666666,0.8146599999999999,0.3304745593377578,0.2,0.4957423958152248,3.416,0.102
263,1974,Germany,Sweden,tournament,False,0.18,61.0,27.4,69.6,clear,54.24,125.1,A_win,Düsseldorf,Germany,1974-06-30,0.1803,1.99,0.12,0.126,55.01,1798,20,646.1,0.4,35.62,0.797,81.3,65.9,22.15,0.2123333333333333,0.851,5.576666666666667,0.3273333333333333,Coca-Cola,beverage,29.19,180.0,1.0,0.286,0.859,0.907,0.902,real_sponsor_names_with_proxy_commercial_metrics,0.7594715235889338,1654,9,471.1,0.0,27.67,0.624,74.4,39.2,19.34,0.1766666666666666,0.6789999999999999,3.783333333333333,0.1453333333333333,Budweiser,beverage,26.29,200.0,1.0,0.625,0.705,0.91,0.618,real_sponsor_names_with_proxy_commercial_metrics,0.6867753190295852,144,175.0,11,6.899999999999992,0.4,0.172,0.0356666666666666,0.9510351228677828,0.6712178406282533,4.159,0.12,0.346884555570121,0.1869999999999999,0.90283,0.3763883536715906,0.2,0.5707672721512793,4.091,0.14
264,1974,Poland,Yugoslavia,tournament,True,0.0,50.8,19.5,43.1,clear,47.64,97.7,A_win,Frankfurt am Main,Germany,1974-06-30,0.2694,4.8,0.279,0.2,46.45,1685,6,506.6,0.05,27.64,0.65,72.7,42.5,15.85,0.2053333333333333,0.815,3.9733333333333327,0.268,Coca-Cola,beverage,28.97,180.0,1.0,0.581,0.749,0.899,0.847,real_sponsor_names_with_proxy_commercial_metrics,0.7339961373676395,1669,5,487.0,0.06,26.56,0.629,74.2,37.3,11.34,0.1803333333333333,0.851,3.0733333333333337,0.222,Qatar Airways,airline,17.82,67.59,0.448,0.779,0.762,0.645,0.666,real_sponsor_names_with_proxy_commercial_metrics,0.3790951727656917,16,19.600000000000023,1,-1.5,-0.0099999999999999,-0.036,0.0249999999999999,0.616436840876696,0.4770583526456631,3.59,0.12,0.3131153487271572,0.1972,0.84638,0.1864486548205238,0.2,0.4950196814544506,3.578,0.124
265,1974,Argentina,German DR,tournament,True,0.0,64.1,26.4,42.0,rain,45.44,151.55,draw,Gelsenkirchen,Germany,1974-07-03,0.2467,3.09,0.193,0.253,50.0,1753,15,591.7,0.26,33.16,0.743,76.8,58.0,19.5,0.2623333333333333,0.8586666666666667,3.813333333333333,0.2106666666666666,Hyundai,automotive,30.74,420.0,1.0,0.338,0.813,0.936,0.851,real_sponsor_names_with_proxy_commercial_metrics,0.9027842922587972,1577,1,370.6,0.0,17.34,0.491,72.0,38.2,12.35,0.1909999999999999,0.8003333333333332,3.3866666666666667,0.1413333333333333,Adidas,apparel,33.59,430.0,1.0,0.443,0.653,0.937,0.841,real_sponsor_names_with_proxy_commercial_metrics,0.9206819206680584,176,221.1,14,4.799999999999997,0.26,0.0583333333333334,0.0713333333333333,0.8112048561394937,0.5435803984265886,4.004,0.48,0.3566224976003795,0.2139333333333333,0.8831100000000001,0.3751175337186897,0.2,0.5669946412216321,3.967,0.129
266,1974,Germany,Poland,tournament,False,0.18,71.2,26.4,58.6,rain,43.24,75.39,A_win,Frankfurt am Main,Germany,1974-07-03,0.1012,2.19,0.136,0.161,46.68,1798,20,646.1,0.4,35.62,0.797,81.3,65.9,22.15,0.2123333333333333,0.851,5.576666666666667,0.3273333333333333,Coca-Cola,beverage,29.19,180.0,1.0,0.286,0.859,0.907,0.902,real_sponsor_names_with_proxy_commercial_metrics,0.7594715235889338,1685,6,506.6,0.05,27.64,0.65,72.7,42.5,15.85,0.2053333333333333,0.815,3.9733333333333327,0.268,Coca-Cola,beverage,28.97,180.0,1.0,0.581,0.749,0.899,0.847,real_sponsor_names_with_proxy_commercial_metrics,0.7339961373676395,113,139.5,14,8.599999999999994,0.35,0.036,0.007,0.9510351228677828,0.6044625472883755,4.085,0.48,0.2177180476942335,0.1869999999999999,0.90283,0.4468459287804182,0.2,0.526242488440936,3.933,0.135
267,1974,Netherlands,Brazil,tournament,True,0.0,60.0,19.7,60.8,rain,45.44,151.49,A_win,Dortmund,Germany,1974-07-03,0.4149,0.34,0.267,0.179,38.7,1746,9,581.1,0.35,31.14,0.724,75.8,49.9,15.97,0.1103333333333333,0.742,2.733333333333333,0.1786666666666666,Hisense,technology,32.27,200.0,1.0,0.505,0.811,0.856,0.664,real_sponsor_names_with_proxy_commercial_metrics,0.781083544499314,1829,20,683.6,0.5,36.78,0.83,78.8,57.4,18.61,0.1376666666666667,0.7313333333333333,3.723333333333333,0.206,Adidas,apparel,33.15,430.0,1.0,0.369,0.809,0.916,0.861,real_sponsor_names_with_proxy_commercial_metrics,0.9383411482254695,-83,-102.5,-11,-3.0,-0.15,0.0106666666666667,-0.0273333333333333,0.7581498473599972,0.4329229803963171,3.69,0.48,0.3573124148954974,0.1694,0.8342200000000001,0.401727824163277,0.2,0.5027677681699037,3.585,0.111
268,1974,Sweden,Yugoslavia,tournament,True,0.0,62.6,16.3,28.3,clear,47.64,171.17,A_win,Düsseldorf,Germany,1974-07-03,0.2915,3.43,0.281,0.205,48.78,1654,9,471.1,0.0,27.67,0.624,74.4,39.2,19.34,0.1766666666666666,0.6789999999999999,3.783333333333333,0.1453333333333333,Budweiser,beverage,26.29,200.0,1.0,0.625,0.705,0.91,0.618,real_sponsor_names_with_proxy_commercial_metrics,0.6867753190295852,1669,5,487.0,0.06,26.56,0.629,74.2,37.3,11.34,0.1803333333333333,0.851,3.0733333333333337,0.222,Qatar Airways,airline,17.82,67.59,0.448,0.779,0.762,0.645,0.666,real_sponsor_names_with_proxy_commercial_metrics,0.3790951727656917,-15,-15.899999999999975,4,0.2000000000000028,-0.06,-0.172,-0.0036666666666666,0.6002235585615322,0.5070986330929469,3.831,0.12,0.3805568906998701,0.2344,0.7963,0.2057350317562263,0.2,0.4963430719730996,3.684,0.14
269,1974,Brazil,Poland,tournament,True,0.0,58.7,15.9,55.1,rain,43.24,139.62,B_win,Munich,Germany,1974-07-06,0.2102,2.34,0.197,0.25,46.92,1829,20,683.6,0.5,36.78,0.83,78.8,57.4,18.61,0.1376666666666667,0.7313333333333333,3.723333333333333,0.206,Adidas,apparel,33.15,430.0,1.0,0.369,0.809,0.916,0.861,real_sponsor_names_with_proxy_commercial_metrics,0.9383411482254695,1685,6,506.6,0.05,27.64,0.65,72.7,42.5,15.85,0.2053333333333333,0.815,3.9733333333333327,0.268,Coca-Cola,beverage,28.97,180.0,1.0,0.581,0.749,0.899,0.847,real_sponsor_names_with_proxy_commercial_metrics,0.7339961373676395,144,177.0,14,6.099999999999994,0.45,-0.0836666666666666,-0.0676666666666666,0.9764150943396226,0.484820920933853,3.825,0.48,0.3176697059813113,0.1900666666666667,0.87793,0.4759421251694854,0.2,0.5519918746318538,3.942,0.119
270,1974,Germany,Netherlands,tournament,False,0.18,58.0,23.5,58.2,rain,47.64,128.02,A_win,Munich,Germany,1974-07-07,0.2575,4.69,0.094,0.171,53.11,1798,20,646.1,0.4,35.62,0.797,81.3,65.9,22.15,0.2123333333333333,0.851,5.576666666666667,0.3273333333333333,Coca-Cola,beverage,29.19,180.0,1.0,0.286,0.859,0.907,0.902,real_sponsor_names_with_proxy_commercial_metrics,0.7594715235889338,1746,9,581.1,0.35,31.14,0.724,75.8,49.9,15.97,0.1103333333333333,0.742,2.733333333333333,0.1786666666666666,Hisense,technology,32.27,200.0,1.0,0.505,0.811,0.856,0.664,real_sponsor_names_with_proxy_commercial_metrics,0.781083544499314,52,65.0,11,5.5,0.05,0.1089999999999999,0.102,0.9510351228677828,0.6425654827982321,4.08,0.48,0.341625723415345,0.1869999999999999,0.90283,0.369684007707129,0.2,0.5616928455279181,4.016,0.138
271,1978,Germany,Poland,tournament,True,0.0,48.6,25.0,54.6,clear,42.5,142.26,draw,Buenos Aires,Argentina,1978-06-01,0.235,1.3,0.112,0.103,42.18,1798,20,646.1,0.4,35.62,0.797,81.3,65.9,22.15,0.2123333333333333,0.851,5.576666666666667,0.3273333333333333,Coca-Cola,beverage,29.19,180.0,1.0,0.286,0.859,0.907,0.902,real_sponsor_names_with_proxy_commercial_metrics,0.7594715235889338,1685,6,506.6,0.05,27.64,0.65,72.7,42.5,15.85,0.2053333333333333,0.815,3.9733333333333327,0.268,Coca-Cola,beverage,28.97,180.0,1.0,0.581,0.749,0.899,0.847,real_sponsor_names_with_proxy_commercial_metrics,0.7339961373676395,113,139.5,14,8.599999999999994,0.35,0.036,0.007,0.9510351228677828,0.6244174246158225,3.846,0.12,0.2751263847782121,0.1869999999999999,0.90283,0.2491457931920359,0.2,0.5433115215094169,3.942,0.135
272,1978,Argentina,Hungary,tournament,False,0.18,62.1,18.2,45.0,cloudy,49.1,147.19,A_win,Buenos Aires,Argentina,1978-06-02,0.2387,4.09,0.04,0.1,41.41,1753,15,591.7,0.26,33.16,0.743,76.8,58.0,19.5,0.2623333333333333,0.8586666666666667,3.813333333333333,0.2106666666666666,Hyundai,automotive,30.74,420.0,1.0,0.338,0.813,0.936,0.851,real_sponsor_names_with_proxy_commercial_metrics,0.9027842922587972,1691,5,513.5,0.03,27.22,0.652,78.9,42.6,16.61,0.1083333333333333,0.8380000000000001,2.99,0.2826666666666667,Adidas,apparel,33.47,430.0,1.0,0.501,0.712,0.937,0.887,real_sponsor_names_with_proxy_commercial_metrics,0.931713528183716,62,78.20000000000005,10,-2.1000000000000085,0.23,0.0206666666666666,0.154,0.8112048561394937,0.5585152240587394,4.131,0.22,0.3122335099231917,0.2139333333333333,0.8831100000000001,0.2684735602654677,0.2,0.5622985948631968,4.028,0.131
273,1978,France,Italy,tournament,True,0.0,56.7,23.2,49.4,cloudy,49.1,112.84,B_win,Mar del Plata,Argentina,1978-06-02,0.1241,6.25,0.153,0.141,48.17,1748,13,584.8,0.26,32.28,0.733,77.8,46.5,18.67,0.2083333333333333,0.8296666666666667,3.483333333333333,0.3613333333333333,Qatar Airways,airline,24.02,81.37,0.593,0.647,0.801,0.711,0.647,real_sponsor_names_with_proxy_commercial_metrics,0.5102507613733611,1755,14,594.5,0.34,33.03,0.744,77.8,61.6,11.04,0.3303333333333333,0.8929999999999999,1.3333333333333333,0.0393333333333333,Visa,finance,33.4,190.0,1.0,0.316,0.761,0.842,0.918,real_sponsor_names_with_proxy_commercial_metrics,0.7989842668207419,-7,-9.700000000000044,-1,0.0,-0.08,-0.0633333333333332,-0.122,0.8018213325687816,0.546860505700431,3.403,0.22,0.2817133512485354,0.1931333333333333,0.7179599999999999,0.2198558481410119,0.2,0.4368501945754344,3.498,0.146
274,1978,Mexico,Tunisia,tournament,True,0.0,85.2,26.4,55.2,cloudy,51.3,246.12,B_win,Rosario,Argentina,1978-06-02,0.2709,3.37,0.072,0.105,52.31,1612,10,421.9,-0.18,26.83,0.584,72.1,37.6,18.89,0.2446666666666666,0.7546666666666667,1.1233333333333333,0.211,Hyundai,automotive,28.5,420.0,1.0,0.636,0.712,0.897,0.88,real_sponsor_names_with_proxy_commercial_metrics,0.853187632551073,1519,3,305.2,-0.39,19.13,0.455,66.6,27.6,11.21,0.2033333333333333,0.8946666666666667,3.3266666666666667,0.1976666666666666,Hyundai,automotive,28.75,420.0,1.0,0.7,0.649,0.867,0.833,real_sponsor_names_with_proxy_commercial_metrics,0.8393101168934529,93,116.7,7,5.5,0.21,-0.14,0.0413333333333333,0.5181915824104364,0.5193279716119017,4.01,0.22,0.4341354510323228,0.2449333333333332,0.83529,0.3281545707557268,0.2,0.5552485540700545,3.862,0.136
275,1978,Austria,Spain,tournament,True,0.0,78.5,26.7,59.5,clear,49.1,127.15,A_win,Buenos Aires,Argentina,1978-06-03,0.2083,4.45,0.13,0.073,43.11,1660,5,475.8,-0.03,25.77,0.617,70.5,44.6,14.99,0.1396666666666666,0.88,2.703333333333333,0.218,McDonald's,restaurant,21.71,77.28,0.55,0.451,0.702,0.72,0.649,real_sponsor_names_with_proxy_commercial_metrics,0.4544283435251633,1708,12,537.2,0.18,30.58,0.689,77.4,45.2,19.26,0.2126666666666666,0.84,4.25,0.077,Budweiser,beverage,27.85,200.0,1.0,0.321,0.724,0.933,0.612,real_sponsor_names_with_proxy_commercial_metrics,0.7135544213260362,-48,-61.400000000000034,-7,-6.900000000000006,-0.21,0.04,-0.073,0.5506732285488857,0.4602266833532456,3.625,0.12,0.2866125496862084,0.1317999999999999,0.6711900000000001,0.3145382858773995,0.2,0.3973073837221896,3.331,0.153
276,1978,Brazil,Sweden,tournament,True,0.0,63.0,32.3,67.7,cloudy,46.9,166.54,draw,Mar del Plata,Argentina,1978-06-03,0.304,4.0,0.177,0.15,53.01,1829,20,683.6,0.5,36.78,0.83,78.8,57.4,18.61,0.1376666666666667,0.7313333333333333,3.723333333333333,0.206,Adidas,apparel,33.15,430.0,1.0,0.369,0.809,0.916,0.861,real_sponsor_names_with_proxy_commercial_metrics,0.9383411482254695,1654,9,471.1,0.0,27.67,0.624,74.4,39.2,19.34,0.1766666666666666,0.6789999999999999,3.783333333333333,0.1453333333333333,Budweiser,beverage,26.29,200.0,1.0,0.625,0.705,0.91,0.618,real_sponsor_names_with_proxy_commercial_metrics,0.6867753190295852,175,212.5,11,4.399999999999992,0.5,0.0523333333333333,-0.0389999999999999,0.9764150943396226,0.5106461634865365,4.017,0.22,0.3737227762210597,0.1900666666666667,0.87793,0.5356351245272246,0.2,0.5704335565945549,4.044,0.122
277,1978,Iran,Netherlands,tournament,True,0.0,48.1,30.7,75.3,clear,49.1,71.28,B_win,Mendoza,Argentina,1978-06-03,0.2006,6.79,-0.002,0.152,42.35,1519,3,305.2,-0.44,19.13,0.455,68.7,30.6,12.34,0.1146666666666666,0.8703333333333333,3.7066666666666666,0.2463333333333333,Visa,finance,29.04,190.0,1.0,0.165,0.637,0.935,0.918,real_sponsor_names_with_proxy_commercial_metrics,0.7320693398896354,1746,9,581.1,0.35,31.14,0.724,75.8,49.9,15.97,0.1103333333333333,0.742,2.733333333333333,0.1786666666666666,Hisense,technology,32.27,200.0,1.0,0.505,0.811,0.856,0.664,real_sponsor_names_with_proxy_commercial_metrics,0.781083544499314,-227,-275.90000000000003,-6,-7.099999999999994,-0.79,0.1283333333333333,0.0043333333333333,0.3004381649565623,0.418103900082878,3.116,0.12,0.2604796693092233,0.1206666666666666,0.8189899999999999,0.4868561335902376,0.2,0.468280267458563,3.251,0.112
278,1978,Peru,Scotland,tournament,True,0.0,43.5,17.0,53.3,clear,51.3,209.58,A_win,Córdoba,Argentina,1978-06-03,0.1564,3.58,0.055,0.093,56.84,1576,3,374.1,-0.28,21.13,0.516,66.6,39.7,14.92,0.2316666666666666,0.8953333333333333,3.016666666666667,0.1463333333333333,Hisense,technology,33.45,200.0,1.0,0.314,0.647,0.931,0.617,real_sponsor_names_with_proxy_commercial_metrics,0.7773160705953475,1529,4,318.6,-0.35,20.39,0.472,67.9,31.6,17.66,0.1853333333333333,0.9116666666666668,1.8866666666666667,0.2256666666666666,Budweiser,beverage,26.35,200.0,1.0,0.459,0.686,0.905,0.601,real_sponsor_names_with_proxy_commercial_metrics,0.6827095152717566,47,55.5,-1,-1.3000000000000114,0.0699999999999999,-0.0163333333333334,0.0463333333333333,0.3706351825344051,0.4941284796972071,3.406,0.12,0.3836348616454155,0.1808666666666666,0.7770400000000001,0.2955516306287019,0.2,0.5155724035871845,3.412,0.102
279,1978,Argentina,France,tournament,False,0.18,73.5,33.1,50.7,clear,49.1,211.69,A_win,Buenos Aires,Argentina,1978-06-06,0.2065,4.27,0.116,0.139,45.81,1753,15,591.7,0.26,33.16,0.743,76.8,58.0,19.5,0.2623333333333333,0.8586666666666667,3.813333333333333,0.2106666666666666,Hyundai,automotive,30.74,420.0,1.0,0.338,0.813,0.936,0.851,real_sponsor_names_with_proxy_commercial_metrics,0.9027842922587972,1748,13,584.8,0.26,32.28,0.733,77.8,46.5,18.67,0.2083333333333333,0.8296666666666667,3.483333333333333,0.3613333333333333,Qatar Airways,airline,24.02,81.37,0.593,0.647,0.801,0.711,0.647,real_sponsor_names_with_proxy_commercial_metrics,0.5102507613733611,5,6.900000000000091,2,-1.0,0.0,0.029,0.054,0.8112048561394937,0.5809714865707074,4.302,0.12,0.3713680231339686,0.2139333333333333,0.8831100000000001,0.4429875829586813,0.2,0.5804132510087032,4.082,0.133
280,1978,Germany,Mexico,tournament,True,0.0,61.4,19.8,65.0,windy,55.7,160.51,A_win,Córdoba,Argentina,1978-06-06,0.4143,2.72,0.152,0.186,43.46,1798,20,646.1,0.4,35.62,0.797,81.3,65.9,22.15,0.2123333333333333,0.851,5.576666666666667,0.3273333333333333,Coca-Cola,beverage,29.19,180.0,1.0,0.286,0.859,0.907,0.902,real_sponsor_names_with_proxy_commercial_metrics,0.7594715235889338,1612,10,421.9,-0.18,26.83,0.584,72.1,37.6,18.89,0.2446666666666666,0.7546666666666667,1.1233333333333333,0.211,Hyundai,automotive,28.5,420.0,1.0,0.636,0.712,0.897,0.88,real_sponsor_names_with_proxy_commercial_metrics,0.853187632551073,186,224.20000000000005,10,9.200000000000005,0.5800000000000001,0.0963333333333332,-0.0323333333333333,0.9510351228677828,0.6901092932047534,4.216,0.48,0.4317698744195959,0.1869999999999999,0.90283,0.4172748162420608,0.2,0.5930339426425943,4.111,0.141
281,1978,Hungary,Italy,tournament,True,0.0,64.2,29.3,67.8,clear,51.3,171.43,B_win,Mar del Plata,Argentina,1978-06-06,0.3398,1.17,0.117,0.257,50.05,1691,5,513.5,0.03,27.22,0.652,78.9,42.6,16.61,0.1083333333333333,0.8380000000000001,2.99,0.2826666666666667,Adidas,apparel,33.47,430.0,1.0,0.501,0.712,0.937,0.887,real_sponsor_names_with_proxy_commercial_metrics,0.931713528183716,1755,14,594.5,0.34,33.03,0.744,77.8,61.6,11.04,0.3303333333333333,0.8929999999999999,1.3333333333333333,0.0393333333333333,Visa,finance,33.4,190.0,1.0,0.316,0.761,0.842,0.918,real_sponsor_names_with_proxy_commercial_metrics,0.7989842668207419,-64,-81.0,-9,1.1000000000000083,-0.31,-0.0549999999999998,-0.222,0.6789758272283496,0.5208321852159917,3.812,0.12,0.4293518913039061,0.1297999999999999,0.84634,0.4180325412117319,0.2,0.5820142368853508,3.759,0.112
282,1978,Poland,Tunisia,tournament,True,0.0,35.3,23.4,51.1,clear,44.7,149.36,A_win,Rosario,Argentina,1978-06-06,0.3161,0.26,0.135,0.163,44.98,1685,6,506.6,0.05,27.64,0.65,72.7,42.5,15.85,0.2053333333333333,0.815,3.9733333333333327,0.268,Coca-Cola,beverage,28.97,180.0,1.0,0.581,0.749,0.899,0.847,real_sponsor_names_with_proxy_commercial_metrics,0.7339961373676395,1519,3,305.2,-0.39,19.13,0.455,66.6,27.6,11.21,0.2033333333333333,0.8946666666666667,3.3266666666666667,0.1976666666666666,Hyundai,automotive,28.75,420.0,1.0,0.7,0.649,0.867,0.833,real_sponsor_names_with_proxy_commercial_metrics,0.8393101168934529,166,201.40000000000003,3,6.1000000000000085,0.44,-0.0796666666666667,0.002,0.616436840876696,0.4818280691204362,3.489,0.12,0.3360317857317428,0.1972,0.84638,0.1924038392920858,0.2,0.5009384894683042,3.607,0.125
283,1978,Austria,Sweden,tournament,True,0.0,70.1,20.5,70.6,clear,44.7,106.7,A_win,Buenos Aires,Argentina,1978-06-07,0.3239,5.46,0.1,0.197,48.86,1660,5,475.8,-0.03,25.77,0.617,70.5,44.6,14.99,0.1396666666666666,0.88,2.703333333333333,0.218,McDonald's,restaurant,21.71,77.28,0.55,0.451,0.702,0.72,0.649,real_sponsor_names_with_proxy_commercial_metrics,0.4544283435251633,1654,9,471.1,0.0,27.67,0.624,74.4,39.2,19.34,0.1766666666666666,0.6789999999999999,3.783333333333333,0.1453333333333333,Budweiser,beverage,26.29,200.0,1.0,0.625,0.705,0.91,0.618,real_sponsor_names_with_proxy_commercial_metrics,0.6867753190295852,6,4.699999999999989,-4,-3.9000000000000057,-0.03,0.201,-0.037,0.5506732285488857,0.4333275079617631,3.483,0.12,0.3244688865188995,0.1317999999999999,0.6711900000000001,0.2792642546207093,0.2,0.3973468819791128,3.269,0.151
284,1978,Brazil,Spain,tournament,True,0.0,63.9,12.2,73.7,hot,42.5,141.56,draw,Mar del Plata,Argentina,1978-06-07,0.1759,0.68,0.04,0.079,41.42,1829,20,683.6,0.5,36.78,0.83,78.8,57.4,18.61,0.1376666666666667,0.7313333333333333,3.723333333333333,0.206,Adidas,apparel,33.15,430.0,1.0,0.369,0.809,0.916,0.861,real_sponsor_names_with_proxy_commercial_metrics,0.9383411482254695,1708,12,537.2,0.18,30.58,0.689,77.4,45.2,19.26,0.2126666666666666,0.84,4.25,0.077,Budweiser,beverage,27.85,200.0,1.0,0.321,0.724,0.933,0.612,real_sponsor_names_with_proxy_commercial_metrics,0.7135544213260362,121,146.39999999999998,8,1.3999999999999917,0.32,-0.1086666666666666,-0.0749999999999999,0.9764150943396226,0.4821698273325855,3.959,0.62,0.2505243613501133,0.1900666666666667,0.87793,0.7085552701063298,0.2,0.5378204994972593,3.935,0.119
285,1978,Iran,Scotland,tournament,True,0.0,43.6,22.0,78.7,cloudy,46.9,106.87,draw,Córdoba,Argentina,1978-06-07,0.272,4.37,0.113,0.137,38.17,1519,3,305.2,-0.44,19.13,0.455,68.7,30.6,12.34,0.1146666666666666,0.8703333333333333,3.7066666666666666,0.2463333333333333,Visa,finance,29.04,190.0,1.0,0.165,0.637,0.935,0.918,real_sponsor_names_with_proxy_commercial_metrics,0.7320693398896354,1529,4,318.6,-0.35,20.39,0.472,67.9,31.6,17.66,0.1853333333333333,0.9116666666666668,1.8866666666666667,0.2256666666666666,Budweiser,beverage,26.35,200.0,1.0,0.459,0.686,0.905,0.601,real_sponsor_names_with_proxy_commercial_metrics,0.6827095152717566,-10,-13.400000000000034,-1,0.7999999999999972,-0.09,-0.0413333333333334,-0.0706666666666666,0.3004381649565623,0.4206052219528083,3.204,0.22,0.2809466701998293,0.1206666666666666,0.8189899999999999,0.3152469135802469,0.2,0.4730740377602647,3.345,0.115
286,1978,Netherlands,Peru,tournament,True,0.0,51.9,13.6,86.5,hot,42.5,102.42,draw,Mendoza,Argentina,1978-06-07,0.3403,3.67,0.139,0.167,47.33,1746,9,581.1,0.35,31.14,0.724,75.8,49.9,15.97,0.1103333333333333,0.742,2.733333333333333,0.1786666666666666,Hisense,technology,32.27,200.0,1.0,0.505,0.811,0.856,0.664,real_sponsor_names_with_proxy_commercial_metrics,0.781083544499314,1576,3,374.1,-0.28,21.13,0.516,66.6,39.7,14.92,0.2316666666666666,0.8953333333333333,3.016666666666667,0.1463333333333333,Hisense,technology,33.45,200.0,1.0,0.314,0.647,0.931,0.617,real_sponsor_names_with_proxy_commercial_metrics,0.7773160705953475,170,207.0,6,9.200000000000005,0.63,-0.1533333333333333,-0.1213333333333333,0.7581498473599972,0.4026226298504618,3.407,0.62,0.3030896168110453,0.1694,0.8342200000000001,0.7274477271105402,0.2,0.4834391104001738,3.584,0.111
287,1978,Argentina,Italy,tournament,False,0.18,61.4,28.8,44.1,clear,44.7,175.13,B_win,Buenos Aires,Argentina,1978-06-10,0.1053,4.73,0.131,0.105,43.96,1753,15,591.7,0.26,33.16,0.743,76.8,58.0,19.5,0.2623333333333333,0.8586666666666667,3.813333333333333,0.2106666666666666,Hyundai,automotive,30.74,420.0,1.0,0.338,0.813,0.936,0.851,real_sponsor_names_with_proxy_commercial_metrics,0.9027842922587972,1755,14,594.5,0.34,33.03,0.744,77.8,61.6,11.04,0.3303333333333333,0.8929999999999999,1.3333333333333333,0.0393333333333333,Visa,finance,33.4,190.0,1.0,0.316,0.761,0.842,0.918,real_sponsor_names_with_proxy_commercial_metrics,0.7989842668207419,-2,-2.7999999999999545,1,-1.0,-0.08,-0.0343333333333332,-0.068,0.8112048561394937,0.5484634679378636,3.907,0.12,0.2800758744805763,0.2139333333333333,0.8831100000000001,0.3026193534575038,0.2,0.5530525760608286,4.007,0.13
288,1978,France,Hungary,tournament,True,0.0,58.7,32.1,58.2,clear,51.3,192.6,A_win,Mar del Plata,Argentina,1978-06-10,0.5728,1.72,0.165,0.193,45.03,1748,13,584.8,0.26,32.28,0.733,77.8,46.5,18.67,0.2083333333333333,0.8296666666666667,3.483333333333333,0.3613333333333333,Qatar Airways,airline,24.02,81.37,0.593,0.647,0.801,0.711,0.647,real_sponsor_names_with_proxy_commercial_metrics,0.5102507613733611,1691,5,513.5,0.03,27.22,0.652,78.9,42.6,16.61,0.1083333333333333,0.8380000000000001,2.99,0.2826666666666667,Adidas,apparel,33.47,430.0,1.0,0.501,0.712,0.937,0.887,real_sponsor_names_with_proxy_commercial_metrics,0.931713528183716,57,71.29999999999995,8,-1.1000000000000083,0.23,-0.0083333333333334,0.1,0.8018213325687816,0.5845193370205085,3.739,0.12,0.4816228654073327,0.1931333333333333,0.7179599999999999,0.449383429672447,0.2,0.4873765701768156,3.625,0.151
289,1978,Germany,Tunisia,tournament,True,0.0,54.2,18.2,58.2,cloudy,42.5,99.66,draw,Córdoba,Argentina,1978-06-10,0.2327,1.14,0.19,0.219,46.9,1798,20,646.1,0.4,35.62,0.797,81.3,65.9,22.15,0.2123333333333333,0.851,5.576666666666667,0.3273333333333333,Coca-Cola,beverage,29.19,180.0,1.0,0.286,0.859,0.907,0.902,real_sponsor_names_with_proxy_commercial_metrics,0.7594715235889338,1519,3,305.2,-0.39,19.13,0.455,66.6,27.6,11.21,0.2033333333333333,0.8946666666666667,3.3266666666666667,0.1976666666666666,Hyundai,automotive,28.75,420.0,1.0,0.7,0.649,0.867,0.833,real_sponsor_names_with_proxy_commercial_metrics,0.8393101168934529,279,340.90000000000003,17,14.700000000000005,0.79,-0.0436666666666667,0.009,0.9510351228677828,0.6095858465846623,3.842,0.22,0.2828207526243724,0.1869999999999999,0.90283,0.3255105973025048,0.2,0.5406975532299241,3.939,0.135
290,1978,Mexico,Poland,tournament,True,0.0,56.7,24.8,56.4,clear,51.3,119.38,B_win,Rosario,Argentina,1978-06-10,0.1281,3.59,0.211,0.142,42.25,1612,10,421.9,-0.18,26.83,0.584,72.1,37.6,18.89,0.2446666666666666,0.7546666666666667,1.1233333333333333,0.211,Hyundai,automotive,28.5,420.0,1.0,0.636,0.712,0.897,0.88,real_sponsor_names_with_proxy_commercial_metrics,0.853187632551073,1685,6,506.6,0.05,27.64,0.65,72.7,42.5,15.85,0.2053333333333333,0.815,3.9733333333333327,0.268,Coca-Cola,beverage,28.97,180.0,1.0,0.581,0.749,0.899,0.847,real_sponsor_names_with_proxy_commercial_metrics,0.7339961373676395,-73,-84.70000000000005,4,-0.6000000000000085,-0.2299999999999999,-0.0603333333333332,0.0393333333333333,0.5181915824104364,0.4752022861736563,3.617,0.12,0.2849892060224799,0.2449333333333332,0.83529,0.2517212588310854,0.2,0.5130641131453773,3.7,0.13
291,1978,Austria,Brazil,tournament,True,0.0,54.7,18.6,47.6,rain,44.7,106.61,B_win,Mar del Plata,Argentina,1978-06-11,0.0607,2.19,0.106,0.124,36.43,1660,5,475.8,-0.03,25.77,0.617,70.5,44.6,14.99,0.1396666666666666,0.88,2.703333333333333,0.218,McDonald's,restaurant,21.71,77.28,0.55,0.451,0.702,0.72,0.649,real_sponsor_names_with_proxy_commercial_metrics,0.4544283435251633,1829,20,683.6,0.5,36.78,0.83,78.8,57.4,18.61,0.1376666666666667,0.7313333333333333,3.723333333333333,0.206,Adidas,apparel,33.15,430.0,1.0,0.369,0.809,0.916,0.861,real_sponsor_names_with_proxy_commercial_metrics,0.9383411482254695,-169,-207.8,-15,-8.299999999999997,-0.53,0.1486666666666667,0.0019999999999999,0.5506732285488857,0.433296173641979,3.131,0.48,0.2030728173395753,0.1317999999999999,0.6711900000000001,0.3733035038892456,0.2,0.3730588945337084,3.2,0.147
292,1978,Iran,Peru,tournament,True,0.0,60.0,19.2,34.2,hot,53.5,187.7,B_win,Córdoba,Argentina,1978-06-11,0.1633,0.21,0.03,0.132,52.03,1519,3,305.2,-0.44,19.13,0.455,68.7,30.6,12.34,0.1146666666666666,0.8703333333333333,3.7066666666666666,0.2463333333333333,Visa,finance,29.04,190.0,1.0,0.165,0.637,0.935,0.918,real_sponsor_names_with_proxy_commercial_metrics,0.7320693398896354,1576,3,374.1,-0.28,21.13,0.516,66.6,39.7,14.92,0.2316666666666666,0.8953333333333333,3.016666666666667,0.1463333333333333,Hisense,technology,33.45,200.0,1.0,0.314,0.647,0.931,0.617,real_sponsor_names_with_proxy_commercial_metrics,0.7773160705953475,-57,-68.90000000000003,0,2.1000000000000085,-0.1599999999999999,-0.025,-0.1169999999999999,0.3004381649565623,0.4784159051375166,3.414,0.62,0.3786659303238867,0.1206666666666666,0.8189899999999999,0.3557953329051595,0.2,0.5088048810767946,3.416,0.118
293,1978,Netherlands,Scotland,tournament,True,0.0,77.1,27.6,59.5,cloudy,53.5,115.55,B_win,Mendoza,Argentina,1978-06-11,0.2518,6.87,0.258,0.175,53.77,1746,9,581.1,0.35,31.14,0.724,75.8,49.9,15.97,0.1103333333333333,0.742,2.733333333333333,0.1786666666666666,Hisense,technology,32.27,200.0,1.0,0.505,0.811,0.856,0.664,real_sponsor_names_with_proxy_commercial_metrics,0.781083544499314,1529,4,318.6,-0.35,20.39,0.472,67.9,31.6,17.66,0.1853333333333333,0.9116666666666668,1.8866666666666667,0.2256666666666666,Budweiser,beverage,26.35,200.0,1.0,0.459,0.686,0.905,0.601,real_sponsor_names_with_proxy_commercial_metrics,0.6827095152717566,217,262.5,5,7.899999999999991,0.7,-0.1696666666666667,-0.075,0.7581498473599972,0.4566422629936296,3.661,0.22,0.3645533015567669,0.1694,0.8342200000000001,0.377948690501677,0.2,0.5108573446294052,3.724,0.115
294,1978,Spain,Sweden,tournament,True,0.0,24.6,22.8,45.7,windy,44.7,141.15,A_win,Buenos Aires,Argentina,1978-06-11,0.2379,1.14,0.187,0.228,43.09,1708,12,537.2,0.18,30.58,0.689,77.4,45.2,19.26,0.2126666666666666,0.84,4.25,0.077,Budweiser,beverage,27.85,200.0,1.0,0.321,0.724,0.933,0.612,real_sponsor_names_with_proxy_commercial_metrics,0.7135544213260362,1654,9,471.1,0.0,27.67,0.624,74.4,39.2,19.34,0.1766666666666666,0.6789999999999999,3.783333333333333,0.1453333333333333,Budweiser,beverage,26.29,200.0,1.0,0.625,0.705,0.91,0.618,real_sponsor_names_with_proxy_commercial_metrics,0.6867753190295852,54,66.10000000000002,3,3.0,0.18,0.161,0.036,0.7299678934836586,0.5131559569974065,3.519,0.48,0.3194360683673669,0.1915999999999999,0.80913,0.2974635695425676,0.2,0.4966061427509958,3.682,0.132
295,1978,Argentina,Poland,tournament,False,0.18,54.9,33.4,59.4,cloudy,46.9,165.2,A_win,Rosario,Argentina,1978-06-14,0.5201,0.71,0.08,0.161,52.27,1753,15,591.7,0.26,33.16,0.743,76.8,58.0,19.5,0.2623333333333333,0.8586666666666667,3.813333333333333,0.2106666666666666,Hyundai,automotive,30.74,420.0,1.0,0.338,0.813,0.936,0.851,real_sponsor_names_with_proxy_commercial_metrics,0.9027842922587972,1685,6,506.6,0.05,27.64,0.65,72.7,42.5,15.85,0.2053333333333333,0.815,3.9733333333333327,0.268,Coca-Cola,beverage,28.97,180.0,1.0,0.581,0.749,0.899,0.847,real_sponsor_names_with_proxy_commercial_metrics,0.7339961373676395,68,85.10000000000002,9,4.099999999999994,0.21,0.0436666666666667,0.057,0.8112048561394937,0.5548959087975006,4.066,0.22,0.4334516457192008,0.2139333333333333,0.8831100000000001,0.5283836437593663,0.2,0.5855288137492517,4.034,0.131
296,1978,Austria,Netherlands,tournament,True,0.0,60.3,20.1,45.3,clear,55.7,155.29,B_win,Córdoba,Argentina,1978-06-14,0.3932,2.29,0.178,0.182,48.72,1660,5,475.8,-0.03,25.77,0.617,70.5,44.6,14.99,0.1396666666666666,0.88,2.703333333333333,0.218,McDonald's,restaurant,21.71,77.28,0.55,0.451,0.702,0.72,0.649,real_sponsor_names_with_proxy_commercial_metrics,0.4544283435251633,1746,9,581.1,0.35,31.14,0.724,75.8,49.9,15.97,0.1103333333333333,0.742,2.733333333333333,0.1786666666666666,Hisense,technology,32.27,200.0,1.0,0.505,0.811,0.856,0.664,real_sponsor_names_with_proxy_commercial_metrics,0.781083544499314,-86,-105.3,-4,-5.299999999999997,-0.38,0.138,0.0293333333333333,0.5506732285488857,0.4996928630998826,3.334,0.12,0.434063425455743,0.1317999999999999,0.6711900000000001,0.1803478912438449,0.2,0.4378480892051549,3.388,0.156
297,1978,Brazil,Peru,tournament,True,0.0,61.8,29.0,40.4,cloudy,49.1,186.17,A_win,Mendoza,Argentina,1978-06-14,0.2457,5.43,0.242,0.113,55.8,1829,20,683.6,0.5,36.78,0.83,78.8,57.4,18.61,0.1376666666666667,0.7313333333333333,3.723333333333333,0.206,Adidas,apparel,33.15,430.0,1.0,0.369,0.809,0.916,0.861,real_sponsor_names_with_proxy_commercial_metrics,0.9383411482254695,1576,3,374.1,-0.28,21.13,0.516,66.6,39.7,14.92,0.2316666666666666,0.8953333333333333,3.016666666666667,0.1463333333333333,Hisense,technology,33.45,200.0,1.0,0.314,0.647,0.931,0.617,real_sponsor_names_with_proxy_commercial_metrics,0.7773160705953475,253,309.5,17,12.200000000000005,0.78,-0.164,-0.0939999999999999,0.9764150943396226,0.5273701875997204,4.164,0.22,0.381666155291162,0.1900666666666667,0.87793,0.3318340112752443,0.2,0.5767049591602669,4.122,0.124
298,1978,Germany,Italy,tournament,True,0.0,53.2,23.6,61.7,clear,42.5,111.53,draw,Buenos Aires,Argentina,1978-06-14,0.1965,-1.75,0.295,0.206,33.45,1798,20,646.1,0.4,35.62,0.797,81.3,65.9,22.15,0.2123333333333333,0.851,5.576666666666667,0.3273333333333333,Coca-Cola,beverage,29.19,180.0,1.0,0.286,0.859,0.907,0.902,real_sponsor_names_with_proxy_commercial_metrics,0.7594715235889338,1755,14,594.5,0.34,33.03,0.744,77.8,61.6,11.04,0.3303333333333333,0.8929999999999999,1.3333333333333333,0.0393333333333333,Visa,finance,33.4,190.0,1.0,0.316,0.761,0.842,0.918,real_sponsor_names_with_proxy_commercial_metrics,0.7989842668207419,43,51.60000000000002,6,3.5,0.06,-0.0419999999999999,-0.118,0.9510351228677828,0.6137184952050818,3.85,0.12,0.2452375214857867,0.1869999999999999,0.90283,0.2434086205666167,0.2,0.5343380486159244,3.887,0.133
299,1978,Argentina,Brazil,tournament,False,0.18,35.2,27.8,60.4,rain,42.5,114.39,draw,Rosario,Argentina,1978-06-18,0.115,5.26,0.176,0.178,34.96,1753,15,591.7,0.26,33.16,0.743,76.8,58.0,19.5,0.2623333333333333,0.8586666666666667,3.813333333333333,0.2106666666666666,Hyundai,automotive,30.74,420.0,1.0,0.338,0.813,0.936,0.851,real_sponsor_names_with_proxy_commercial_metrics,0.9027842922587972,1829,20,683.6,0.5,36.78,0.83,78.8,57.4,18.61,0.1376666666666667,0.7313333333333333,3.723333333333333,0.206,Adidas,apparel,33.15,430.0,1.0,0.369,0.809,0.916,0.861,real_sponsor_names_with_proxy_commercial_metrics,0.9383411482254695,-76,-91.89999999999998,-5,-2.0,-0.24,0.1273333333333334,0.1246666666666666,0.8112048561394937,0.5174266228655012,3.665,0.48,0.2216897495242782,0.2139333333333333,0.8831100000000001,0.4910398915292943,0.2,0.5326850344493074,3.912,0.127
300,1978,Austria,Italy,tournament,True,0.0,62.3,20.3,67.3,clear,44.7,97.16,B_win,Buenos Aires,Argentina,1978-06-18,0.2917,0.89,0.241,0.287,37.85,1660,5,475.8,-0.03,25.77,0.617,70.5,44.6,14.99,0.1396666666666666,0.88,2.703333333333333,0.218,McDonald's,restaurant,21.71,77.28,0.55,0.451,0.702,0.72,0.649,real_sponsor_names_with_proxy_commercial_metrics,0.4544283435251633,1755,14,594.5,0.34,33.03,0.744,77.8,61.6,11.04,0.3303333333333333,0.8929999999999999,1.3333333333333333,0.0393333333333333,Visa,finance,33.4,190.0,1.0,0.316,0.761,0.842,0.918,real_sponsor_names_with_proxy_commercial_metrics,0.7989842668207419,-95,-118.7,-9,-7.299999999999997,-0.37,-0.0129999999999999,-0.1906666666666667,0.5506732285488857,0.4300060700646441,3.187,0.12,0.3032178407845834,0.1317999999999999,0.6711900000000001,0.2702073075001783,0.2,0.3921666702210562,3.213,0.148
301,1978,Germany,Netherlands,tournament,True,0.0,80.5,22.7,93.0,clear,51.3,194.9,draw,Córdoba,Argentina,1978-06-18,0.2327,3.36,0.059,0.146,41.48,1798,20,646.1,0.4,35.62,0.797,81.3,65.9,22.15,0.2123333333333333,0.851,5.576666666666667,0.3273333333333333,Coca-Cola,beverage,29.19,180.0,1.0,0.286,0.859,0.907,0.902,real_sponsor_names_with_proxy_commercial_metrics,0.7594715235889338,1746,9,581.1,0.35,31.14,0.724,75.8,49.9,15.97,0.1103333333333333,0.742,2.733333333333333,0.1786666666666666,Hisense,technology,32.27,200.0,1.0,0.505,0.811,0.856,0.664,real_sponsor_names_with_proxy_commercial_metrics,0.781083544499314,52,65.0,11,5.5,0.05,0.1089999999999999,0.102,0.9510351228677828,0.6823031633350743,4.271,0.12,0.3689147283727799,0.1869999999999999,0.90283,0.3552451295225861,0.2,0.5782771970697209,4.044,0.139
302,1978,Peru,Poland,tournament,True,0.0,38.1,22.3,62.4,cloudy,44.7,103.06,B_win,Mendoza,Argentina,1978-06-18,0.2656,1.38,0.153,0.216,41.92,1576,3,374.1,-0.28,21.13,0.516,66.6,39.7,14.92,0.2316666666666666,0.8953333333333333,3.016666666666667,0.1463333333333333,Hisense,technology,33.45,200.0,1.0,0.314,0.647,0.931,0.617,real_sponsor_names_with_proxy_commercial_metrics,0.7773160705953475,1685,6,506.6,0.05,27.64,0.65,72.7,42.5,15.85,0.2053333333333333,0.815,3.9733333333333327,0.268,Coca-Cola,beverage,28.97,180.0,1.0,0.581,0.749,0.899,0.847,real_sponsor_names_with_proxy_commercial_metrics,0.7339961373676395,-109,-132.5,-3,-6.1000000000000085,-0.33,0.0803333333333333,0.0263333333333333,0.3706351825344051,0.4273735890096701,2.969,0.22,0.2931261779040034,0.1808666666666666,0.7770400000000001,0.2526182830229073,0.2,0.4787792974463918,3.199,0.096
303,1978,Argentina,Peru,tournament,False,0.18,69.2,18.0,65.8,clear,55.7,175.55,A_win,Rosario,Argentina,1978-06-21,0.3818,6.98,0.129,0.112,60.8,1753,15,591.7,0.26,33.16,0.743,76.8,58.0,19.5,0.2623333333333333,0.8586666666666667,3.813333333333333,0.2106666666666666,Hyundai,automotive,30.74,420.0,1.0,0.338,0.813,0.936,0.851,real_sponsor_names_with_proxy_commercial_metrics,0.9027842922587972,1576,3,374.1,-0.28,21.13,0.516,66.6,39.7,14.92,0.2316666666666666,0.8953333333333333,3.016666666666667,0.1463333333333333,Hisense,technology,33.45,200.0,1.0,0.314,0.647,0.931,0.617,real_sponsor_names_with_proxy_commercial_metrics,0.7773160705953475,177,217.6,12,10.200000000000005,0.54,-0.0366666666666666,0.0306666666666667,0.8112048561394937,0.5980579988092933,4.281,0.12,0.4586685188225799,0.2139333333333333,0.8831100000000001,0.3235524156140726,0.2,0.6026575735732296,4.186,0.136
304,1978,Austria,Germany,tournament,True,0.0,53.7,27.0,40.8,clear,53.5,149.86,A_win,Córdoba,Argentina,1978-06-21,0.1599,3.06,0.184,0.164,57.54,1660,5,475.8,-0.03,25.77,0.617,70.5,44.6,14.99,0.1396666666666666,0.88,2.703333333333333,0.218,McDonald's,restaurant,21.71,77.28,0.55,0.451,0.702,0.72,0.649,real_sponsor_names_with_proxy_commercial_metrics,0.4544283435251633,1798,20,646.1,0.4,35.62,0.797,81.3,65.9,22.15,0.2123333333333333,0.851,5.576666666666667,0.3273333333333333,Coca-Cola,beverage,29.19,180.0,1.0,0.286,0.859,0.907,0.902,real_sponsor_names_with_proxy_commercial_metrics,0.7594715235889338,-138,-170.3,-15,-10.799999999999995,-0.43,0.029,-0.0726666666666666,0.5506732285488857,0.4879126983304186,3.46,0.12,0.3711001949191806,0.1317999999999999,0.6711900000000001,0.2415392849496895,0.2,0.4219569969623925,3.338,0.154
305,1978,Brazil,Poland,tournament,True,0.0,57.2,26.9,37.4,rain,51.3,109.17,A_win,Mendoza,Argentina,1978-06-21,0.2027,1.31,0.285,0.274,53.77,1829,20,683.6,0.5,36.78,0.83,78.8,57.4,18.61,0.1376666666666667,0.7313333333333333,3.723333333333333,0.206,Adidas,apparel,33.15,430.0,1.0,0.369,0.809,0.916,0.861,real_sponsor_names_with_proxy_commercial_metrics,0.9383411482254695,1685,6,506.6,0.05,27.64,0.65,72.7,42.5,15.85,0.2053333333333333,0.815,3.9733333333333327,0.268,Coca-Cola,beverage,28.97,180.0,1.0,0.581,0.749,0.899,0.847,real_sponsor_names_with_proxy_commercial_metrics,0.7339961373676395,144,177.0,14,6.099999999999994,0.45,-0.0836666666666666,-0.0676666666666666,0.9764150943396226,0.510451597037998,4.051,0.48,0.3586151003347841,0.1900666666666667,0.87793,0.368246770855634,0.2,0.567357542811709,3.983,0.12
306,1978,Italy,Netherlands,tournament,True,0.0,44.3,26.6,83.3,clear,49.1,118.31,B_win,Buenos Aires,Argentina,1978-06-21,0.0766,2.17,0.176,0.117,38.43,1755,14,594.5,0.34,33.03,0.744,77.8,61.6,11.04,0.3303333333333333,0.8929999999999999,1.3333333333333333,0.0393333333333333,Visa,finance,33.4,190.0,1.0,0.316,0.761,0.842,0.918,real_sponsor_names_with_proxy_commercial_metrics,0.7989842668207419,1746,9,581.1,0.35,31.14,0.724,75.8,49.9,15.97,0.1103333333333333,0.742,2.733333333333333,0.1786666666666666,Hisense,technology,32.27,200.0,1.0,0.505,0.811,0.856,0.664,real_sponsor_names_with_proxy_commercial_metrics,0.781083544499314,9,13.399999999999975,5,2.0,-0.0099999999999999,0.1509999999999999,0.22,0.8187106162327391,0.3355296271907119,3.19,0.12,0.2427405189283879,0.241,0.84782,0.4147766359808749,0.2,0.4544874234360549,3.425,0.103
307,1978,Brazil,Italy,tournament,True,0.0,53.7,32.2,43.2,cloudy,49.1,206.66,A_win,Buenos Aires,Argentina,1978-06-24,0.2784,2.99,0.081,0.178,53.6,1829,20,683.6,0.5,36.78,0.83,78.8,57.4,18.61,0.1376666666666667,0.7313333333333333,3.723333333333333,0.206,Adidas,apparel,33.15,430.0,1.0,0.369,0.809,0.916,0.861,real_sponsor_names_with_proxy_commercial_metrics,0.9383411482254695,1755,14,594.5,0.34,33.03,0.744,77.8,61.6,11.04,0.3303333333333333,0.8929999999999999,1.3333333333333333,0.0393333333333333,Visa,finance,33.4,190.0,1.0,0.316,0.761,0.842,0.918,real_sponsor_names_with_proxy_commercial_metrics,0.7989842668207419,74,89.10000000000002,6,1.0,0.1599999999999999,-0.1616666666666666,-0.1926666666666666,0.9764150943396226,0.5345039677372433,4.108,0.22,0.4162641185723879,0.1900666666666667,0.87793,0.4271697709269965,0.2,0.5856220102550185,4.036,0.122
308,1978,Argentina,Netherlands,tournament,False,0.18,74.9,31.7,41.3,clear,51.3,155.11,A_win,Buenos Aires,Argentina,1978-06-25,0.2586,3.17,0.055,0.154,47.34,1753,15,591.7,0.26,33.16,0.743,76.8,58.0,19.5,0.2623333333333333,0.8586666666666667,3.813333333333333,0.2106666666666666,Hyundai,automotive,30.74,420.0,1.0,0.338,0.813,0.936,0.851,real_sponsor_names_with_proxy_commercial_metrics,0.9027842922587972,1746,9,581.1,0.35,31.14,0.724,75.8,49.9,15.97,0.1103333333333333,0.742,2.733333333333333,0.1786666666666666,Hisense,technology,32.27,200.0,1.0,0.505,0.811,0.856,0.664,real_sponsor_names_with_proxy_commercial_metrics,0.781083544499314,7,10.600000000000025,6,1.0,-0.0899999999999999,0.1166666666666667,0.152,0.8112048561394937,0.571162305008898,4.276,0.12,0.363051319137875,0.2139333333333333,0.8831100000000001,0.3659541140369656,0.2,0.5760033393721778,4.028,0.131
309,1982,Argentina,Belgium,tournament,True,0.0,65.6,20.8,57.4,clear,46.16,99.44,B_win,Barcelona,Spain,1982-06-13,0.2862,3.72,0.288,0.241,48.16,1753,15,591.7,0.26,33.16,0.743,76.8,58.0,19.5,0.2623333333333333,0.8586666666666667,3.813333333333333,0.2106666666666666,Hyundai,automotive,30.74,420.0,1.0,0.338,0.813,0.936,0.851,real_sponsor_names_with_proxy_commercial_metrics,0.9027842922587972,1674,9,495.4,0.02,28.38,0.646,71.5,40.4,23.19,0.142,0.7919999999999999,3.7566666666666655,0.0076666666666666,Visa,finance,26.85,190.0,1.0,0.538,0.72,0.914,0.914,real_sponsor_names_with_proxy_commercial_metrics,0.712621177050387,79,96.30000000000008,6,5.299999999999997,0.24,0.0666666666666667,0.1203333333333333,0.8112048561394937,0.5286744435363847,3.866,0.12,0.3253817977758222,0.2139333333333333,0.8831100000000001,0.2144237493755798,0.2,0.5565728338874636,3.919,0.127
310,1982,Brazil,Russia,tournament,True,0.0,80.5,25.2,56.6,clear,50.56,157.38,A_win,Seville,Spain,1982-06-14,0.4251,2.8,0.197,0.187,52.67,1829,20,683.6,0.5,36.78,0.83,78.8,57.4,18.61,0.1376666666666667,0.7313333333333333,3.723333333333333,0.206,Adidas,apparel,33.15,430.0,1.0,0.369,0.809,0.916,0.861,real_sponsor_names_with_proxy_commercial_metrics,0.9383411482254695,1676,8,497.3,0.07,27.98,0.645,72.7,49.8,18.23,0.1086666666666666,0.8123333333333332,5.670000000000001,0.13,Hyundai,automotive,26.07,420.0,1.0,0.245,0.69,0.874,0.885,real_sponsor_names_with_proxy_commercial_metrics,0.81405268474314,153,186.3,12,6.099999999999994,0.43,-0.0809999999999999,0.029,0.9764150943396226,0.5239098253968665,4.319,0.12,0.4280992879519043,0.1900666666666667,0.87793,0.2629900806394062,0.2,0.5850226842756162,4.052,0.122
311,1982,Italy,Poland,tournament,True,0.0,73.3,19.3,43.6,rain,43.96,120.59,draw,Vigo,Spain,1982-06-14,0.1929,-0.09,0.192,0.132,37.1,1755,14,594.5,0.34,33.03,0.744,77.8,61.6,11.04,0.3303333333333333,0.8929999999999999,1.3333333333333333,0.0393333333333333,Visa,finance,33.4,190.0,1.0,0.316,0.761,0.842,0.918,real_sponsor_names_with_proxy_commercial_metrics,0.7989842668207419,1685,6,506.6,0.05,27.64,0.65,72.7,42.5,15.85,0.2053333333333333,0.815,3.9733333333333327,0.268,Coca-Cola,beverage,28.97,180.0,1.0,0.581,0.749,0.899,0.847,real_sponsor_names_with_proxy_commercial_metrics,0.7339961373676395,70,87.89999999999998,8,5.099999999999994,0.29,0.0779999999999999,0.125,0.8187106162327391,0.3132175860680987,3.507,0.48,0.2497084056852457,0.241,0.84782,0.3378114607864125,0.2,0.4496336292730948,3.397,0.102
312,1982,Hungary,El Salvador,tournament,True,0.0,63.7,23.1,53.1,windy,68.16,512.34,A_win,Elche,Spain,1982-06-15,0.3371,2.09,0.129,0.242,65.81,1691,5,513.5,0.03,27.22,0.652,78.9,42.6,16.61,0.1083333333333333,0.8380000000000001,2.99,0.2826666666666667,Adidas,apparel,33.47,430.0,1.0,0.501,0.712,0.937,0.887,real_sponsor_names_with_proxy_commercial_metrics,0.931713528183716,1404,1,163.9,-1.0,11.34,0.308,61.9,14.8,7.67,0.297,0.8106666666666666,3.016666666666666,0.3783333333333333,Budweiser,beverage,33.75,200.0,1.0,0.547,0.582,0.92,0.654,real_sponsor_names_with_proxy_commercial_metrics,0.7721470518062034,287,349.6,4,17.000000000000007,1.03,0.0273333333333334,-0.1886666666666666,0.6789758272283496,0.7153138711682946,4.405,0.48,0.8056179945869066,0.1297999999999999,0.84634,0.3372423463926354,0.2,0.7117223296085957,4.337,0.13
313,1982,Peru,Cameroon,tournament,True,0.0,80.7,19.4,77.7,clear,43.96,136.06,draw,La Coruña,Spain,1982-06-15,0.1718,4.07,0.178,0.196,48.95,1576,3,374.1,-0.28,21.13,0.516,66.6,39.7,14.92,0.2316666666666666,0.8953333333333333,3.016666666666667,0.1463333333333333,Hisense,technology,33.45,200.0,1.0,0.314,0.647,0.931,0.617,real_sponsor_names_with_proxy_commercial_metrics,0.7773160705953475,1542,4,334.5,-0.31,21.28,0.489,68.0,29.1,10.52,0.2513333333333333,0.8450000000000001,2.2433333333333336,0.186,Coca-Cola,beverage,31.97,180.0,1.0,0.241,0.693,0.92,0.885,real_sponsor_names_with_proxy_commercial_metrics,0.7711359494761991,34,39.60000000000002,-1,-1.4000000000000057,0.0299999999999999,0.0503333333333332,-0.0196666666666666,0.3706351825344051,0.4355363173250186,3.49,0.12,0.3000985660523451,0.1808666666666666,0.7770400000000001,0.3385559837293941,0.2,0.4824593390043576,3.283,0.098
314,1982,Scotland,New Zealand,tournament,True,0.0,63.7,32.7,45.1,windy,59.36,152.48,A_win,Málaga,Spain,1982-06-15,0.2938,1.39,0.077,0.15,51.92,1529,4,318.6,-0.35,20.39,0.472,67.9,31.6,17.66,0.1853333333333333,0.9116666666666668,1.8866666666666667,0.2256666666666666,Budweiser,beverage,26.35,200.0,1.0,0.459,0.686,0.905,0.601,real_sponsor_names_with_proxy_commercial_metrics,0.6827095152717566,1404,1,163.9,-0.5,11.34,0.308,64.7,15.2,8.370000000000001,0.188,0.8696666666666667,0.58,0.3226666666666666,McDonald's,restaurant,20.14,63.89,0.409,0.46,0.556,0.654,0.629,real_sponsor_names_with_proxy_commercial_metrics,0.3671819039077099,125,154.70000000000002,3,3.200000000000003,0.15,0.042,-0.0026666666666666,0.3145516160739996,0.5528096676586713,3.793,0.48,0.4240015609920852,0.1465333333333332,0.7845199999999999,0.5523854278170272,0.2,0.5204781028080666,3.653,0.139
315,1982,England,France,tournament,True,0.0,68.8,25.2,35.7,cloudy,52.76,224.38,A_win,Bilbao,Spain,1982-06-16,0.0919,4.21,0.187,0.145,54.73,1695,13,522.2,0.16,30.51,0.678,76.6,52.6,19.34,0.28,0.7986666666666666,2.61,0.1863333333333333,McDonald's,restaurant,20.29,74.13,0.517,0.758,0.819,0.654,0.569,real_sponsor_names_with_proxy_commercial_metrics,0.4320601407850143,1748,13,584.8,0.26,32.28,0.733,77.8,46.5,18.67,0.2083333333333333,0.8296666666666667,3.483333333333333,0.3613333333333333,Qatar Airways,airline,24.02,81.37,0.593,0.647,0.801,0.711,0.647,real_sponsor_names_with_proxy_commercial_metrics,0.5102507613733611,-53,-62.59999999999991,0,-1.2000000000000028,-0.1,-0.031,0.0716666666666666,0.7074856858162286,0.5591611842030919,3.779,0.22,0.3919111236376856,0.2485333333333333,0.68589,0.2126814386640976,0.2,0.4357543900928063,3.539,0.174
316,1982,Germany,Algeria,tournament,True,0.0,54.1,21.7,73.1,cloudy,50.56,86.29,B_win,Gijón,Spain,1982-06-16,0.3868,2.87,0.062,0.139,56.87,1798,20,646.1,0.4,35.62,0.797,81.3,65.9,22.15,0.2123333333333333,0.851,5.576666666666667,0.3273333333333333,Coca-Cola,beverage,29.19,180.0,1.0,0.286,0.859,0.907,0.902,real_sponsor_names_with_proxy_commercial_metrics,0.7594715235889338,1543,2,333.4,-0.31,18.82,0.474,72.2,36.3,11.9,0.258,0.887,1.2466666666666666,0.0059999999999999,Hisense,technology,30.28,200.0,1.0,0.679,0.66,0.889,0.626,real_sponsor_names_with_proxy_commercial_metrics,0.7315493691339694,255,312.70000000000005,18,9.099999999999994,0.71,-0.036,-0.0456666666666666,0.9510351228677828,0.6411630802656201,3.799,0.22,0.3635808212519423,0.1869999999999999,0.90283,0.2988528509241419,0.2,0.5656911923861062,4.002,0.137
317,1982,Spain,Honduras,tournament,False,0.18,58.9,30.2,65.9,rain,48.36,141.89,draw,Valencia,Spain,1982-06-16,0.5366,2.34,0.127,0.189,44.0,1708,12,537.2,0.18,30.58,0.689,77.4,45.2,19.26,0.2126666666666666,0.84,4.25,0.077,Budweiser,beverage,27.85,200.0,1.0,0.321,0.724,0.933,0.612,real_sponsor_names_with_proxy_commercial_metrics,0.7135544213260362,1414,1,177.5,-0.67,13.05,0.328,62.9,9.5,7.33,0.4183333333333334,0.6726666666666666,3.2266666666666666,0.0066666666666666,Visa,finance,28.19,190.0,1.0,0.46,0.538,0.906,0.82,real_sponsor_names_with_proxy_commercial_metrics,0.6940648931255435,294,359.70000000000005,11,14.500000000000009,0.8500000000000001,0.1673333333333333,-0.2056666666666667,0.7299678934836586,0.529866394083992,3.747,0.48,0.4149441394540992,0.1915999999999999,0.80913,0.5772330692927995,0.2,0.5203866793525864,3.882,0.139
318,1982,Chile,Austria,tournament,True,0.0,48.9,10.0,48.1,rain,46.16,230.57,B_win,Oviedo,Spain,1982-06-17,0.204,5.31,0.105,0.156,42.45,1622,5,430.7,-0.12,24.93,0.579,72.9,38.6,16.65,0.135,0.8083333333333332,3.453333333333333,0.1826666666666666,Hisense,technology,27.36,200.0,1.0,0.243,0.681,0.911,0.656,real_sponsor_names_with_proxy_commercial_metrics,0.7002451520149715,1660,5,475.8,-0.03,25.77,0.617,70.5,44.6,14.99,0.1396666666666666,0.88,2.703333333333333,0.218,McDonald's,restaurant,21.71,77.28,0.55,0.451,0.702,0.72,0.649,real_sponsor_names_with_proxy_commercial_metrics,0.4544283435251633,-38,-45.10000000000002,0,2.4000000000000057,-0.09,-0.0716666666666667,-0.0046666666666666,0.5136943396293857,0.5037024532056671,3.478,0.48,0.3648706259240603,0.1576666666666667,0.79217,0.5991634196817242,0.2,0.499513448565992,3.656,0.134
319,1982,Czechoslovakia,Kuwait,tournament,True,0.0,70.9,10.9,32.7,rain,48.36,133.77,draw,Valladolid,Spain,1982-06-17,0.2175,-0.85,-0.104,0.078,45.6,1636,5,447.8,-0.1,25.08,0.592,72.1,45.6,14.05,0.2196666666666666,0.848,2.25,0.1806666666666666,Visa,finance,31.09,190.0,1.0,0.557,0.715,0.89,0.868,real_sponsor_names_with_proxy_commercial_metrics,0.763017711497151,1388,1,142.7,-0.67,8.65,0.277,63.0,11.2,4.47,0.1966666666666666,0.806,3.07,0.312,Hisense,technology,27.08,200.0,1.0,0.514,0.628,0.865,0.575,real_sponsor_names_with_proxy_commercial_metrics,0.676315569551506,248,305.1,4,9.099999999999994,0.5700000000000001,0.0419999999999999,0.023,0.5283363782801519,0.4212784121139253,3.54,0.48,0.2974852566729356,0.1925999999999999,0.8329999999999999,0.5092098051809034,0.2,0.4816432574858024,3.446,0.111
320,1982,Yugoslavia,Northern Ireland,tournament,True,0.0,42.7,27.8,46.1,cloudy,43.96,77.32,draw,Zaragoza,Spain,1982-06-17,0.1339,1.38,0.128,0.106,47.09,1669,5,487.0,0.06,26.56,0.629,74.2,37.3,11.34,0.1803333333333333,0.851,3.0733333333333337,0.222,Qatar Airways,airline,17.82,67.59,0.448,0.779,0.762,0.645,0.666,real_sponsor_names_with_proxy_commercial_metrics,0.3790951727656917,1543,2,333.4,-0.15,18.82,0.474,66.3,29.3,14.28,0.151,0.5943333333333333,4.053333333333334,0.075,Qatar Airways,airline,21.11,77.31,0.551,0.318,0.682,0.667,0.62,real_sponsor_names_with_proxy_commercial_metrics,0.4343625610241698,126,153.60000000000002,3,7.900000000000006,0.21,0.2566666666666667,0.0293333333333333,0.5999391199848352,0.3597540063060619,3.025,0.22,0.2196680085054726,0.1678,0.66183,0.3252497680725041,0.2,0.3342357649305579,3.224,0.181
321,1982,Argentina,Hungary,tournament,True,0.0,68.2,23.4,57.1,cloudy,54.96,140.58,A_win,Alicante,Spain,1982-06-18,0.3219,5.39,0.084,0.074,51.56,1753,15,591.7,0.26,33.16,0.743,76.8,58.0,19.5,0.2623333333333333,0.8586666666666667,3.813333333333333,0.2106666666666666,Hyundai,automotive,30.74,420.0,1.0,0.338,0.813,0.936,0.851,real_sponsor_names_with_proxy_commercial_metrics,0.9027842922587972,1691,5,513.5,0.03,27.22,0.652,78.9,42.6,16.61,0.1083333333333333,0.8380000000000001,2.99,0.2826666666666667,Adidas,apparel,33.47,430.0,1.0,0.501,0.712,0.937,0.887,real_sponsor_names_with_proxy_commercial_metrics,0.931713528183716,62,78.20000000000005,10,-2.1000000000000085,0.23,0.0206666666666666,0.154,0.8112048561394937,0.5825563525054408,4.227,0.22,0.3802388647960304,0.2139333333333333,0.8831100000000001,0.2583297652180118,0.2,0.5826311818028409,4.039,0.131
322,1982,Brazil,Scotland,tournament,True,0.0,55.5,24.5,76.7,clear,54.96,236.01,A_win,Seville,Spain,1982-06-18,0.2856,6.64,0.139,0.165,52.49,1829,20,683.6,0.5,36.78,0.83,78.8,57.4,18.61,0.1376666666666667,0.7313333333333333,3.723333333333333,0.206,Adidas,apparel,33.15,430.0,1.0,0.369,0.809,0.916,0.861,real_sponsor_names_with_proxy_commercial_metrics,0.9383411482254695,1529,4,318.6,-0.35,20.39,0.472,67.9,31.6,17.66,0.1853333333333333,0.9116666666666668,1.8866666666666667,0.2256666666666666,Budweiser,beverage,26.35,200.0,1.0,0.459,0.686,0.905,0.601,real_sponsor_names_with_proxy_commercial_metrics,0.6827095152717566,300,365.0,16,10.899999999999991,0.85,-0.1803333333333334,-0.0476666666666666,0.9764150943396226,0.5710648977332528,4.2,0.12,0.4652061943879896,0.1900666666666667,0.87793,0.3316338400057089,0.2,0.6056474858170214,4.212,0.127
323,1982,Italy,Peru,tournament,True,0.0,73.2,15.0,41.4,clear,48.36,153.54,draw,Vigo,Spain,1982-06-18,0.2295,7.6,0.156,0.085,41.59,1755,14,594.5,0.34,33.03,0.744,77.8,61.6,11.04,0.3303333333333333,0.8929999999999999,1.3333333333333333,0.0393333333333333,Visa,finance,33.4,190.0,1.0,0.316,0.761,0.842,0.918,real_sponsor_names_with_proxy_commercial_metrics,0.7989842668207419,1576,3,374.1,-0.28,21.13,0.516,66.6,39.7,14.92,0.2316666666666666,0.8953333333333333,3.016666666666667,0.1463333333333333,Hisense,technology,33.45,200.0,1.0,0.314,0.647,0.931,0.617,real_sponsor_names_with_proxy_commercial_metrics,0.7773160705953475,179,220.4,11,11.200000000000005,0.6200000000000001,-0.0023333333333334,0.0986666666666667,0.8187106162327391,0.3444687503184896,3.584,0.12,0.3072478269009224,0.241,0.84782,0.2961549989295653,0.2,0.4698918395063396,3.544,0.106
324,1982,Belgium,El Salvador,tournament,True,0.0,67.8,22.9,56.6,rain,46.16,104.3,A_win,Elche,Spain,1982-06-19,0.3468,2.91,0.298,0.225,52.43,1674,9,495.4,0.02,28.38,0.646,71.5,40.4,23.19,0.142,0.7919999999999999,3.7566666666666655,0.0076666666666666,Visa,finance,26.85,190.0,1.0,0.538,0.72,0.914,0.914,real_sponsor_names_with_proxy_commercial_metrics,0.712621177050387,1404,1,163.9,-1.0,11.34,0.308,61.9,14.8,7.67,0.297,0.8106666666666666,3.016666666666666,0.3783333333333333,Budweiser,beverage,33.75,200.0,1.0,0.547,0.582,0.92,0.654,real_sponsor_names_with_proxy_commercial_metrics,0.7721470518062034,270,331.5,8,9.6,1.02,-0.0186666666666667,-0.155,0.6045045124588039,0.5412565700941523,3.887,0.48,0.3524081856612425,0.1684,0.8480000000000001,0.3471634910440305,0.2,0.517678559250704,3.76,0.14
325,1982,Poland,Cameroon,tournament,True,0.0,81.7,35.0,68.8,clear,43.96,103.69,draw,La Coruña,Spain,1982-06-19,0.2886,3.76,0.181,0.158,48.41,1685,6,506.6,0.05,27.64,0.65,72.7,42.5,15.85,0.2053333333333333,0.815,3.9733333333333327,0.268,Coca-Cola,beverage,28.97,180.0,1.0,0.581,0.749,0.899,0.847,real_sponsor_names_with_proxy_commercial_metrics,0.7339961373676395,1542,4,334.5,-0.31,21.28,0.489,68.0,29.1,10.52,0.2513333333333333,0.8450000000000001,2.2433333333333336,0.186,Coca-Cola,beverage,31.97,180.0,1.0,0.241,0.693,0.92,0.885,real_sponsor_names_with_proxy_commercial_metrics,0.7711359494761991,143,172.10000000000002,2,4.700000000000003,0.36,-0.0300000000000001,-0.046,0.616436840876696,0.4626011203533581,3.732,0.12,0.2979375116518446,0.1972,0.84638,0.5706194248198101,0.2,0.4879360889975427,3.587,0.124
326,1982,Russia,New Zealand,tournament,True,0.0,67.5,27.9,19.9,clear,50.56,123.53,A_win,Málaga,Spain,1982-06-19,0.3116,4.52,0.183,0.206,50.36,1676,8,497.3,0.07,27.98,0.645,72.7,49.8,18.23,0.1086666666666666,0.8123333333333332,5.670000000000001,0.13,Hyundai,automotive,26.07,420.0,1.0,0.245,0.69,0.874,0.885,real_sponsor_names_with_proxy_commercial_metrics,0.81405268474314,1404,1,163.9,-0.5,11.34,0.308,64.7,15.2,8.370000000000001,0.188,0.8696666666666667,0.58,0.3226666666666666,McDonald's,restaurant,20.14,63.89,0.409,0.46,0.556,0.654,0.629,real_sponsor_names_with_proxy_commercial_metrics,0.3671819039077099,272,333.4,7,8.0,0.5700000000000001,-0.0573333333333334,-0.0793333333333333,0.6134810916271758,0.5464769367653477,4.153,0.12,0.3705328719969358,0.1402666666666666,0.82105,0.1746410475986583,0.2,0.5450237610320382,4.06,0.156
327,1982,England,Czechoslovakia,tournament,True,0.0,37.6,24.0,74.5,clear,48.36,152.9,A_win,Bilbao,Spain,1982-06-20,0.2337,5.48,0.196,0.271,54.44,1695,13,522.2,0.16,30.51,0.678,76.6,52.6,19.34,0.28,0.7986666666666666,2.61,0.1863333333333333,McDonald's,restaurant,20.29,74.13,0.517,0.758,0.819,0.654,0.569,real_sponsor_names_with_proxy_commercial_metrics,0.4320601407850143,1636,5,447.8,-0.1,25.08,0.592,72.1,45.6,14.05,0.2196666666666666,0.848,2.25,0.1806666666666666,Visa,finance,31.09,190.0,1.0,0.557,0.715,0.89,0.868,real_sponsor_names_with_proxy_commercial_metrics,0.763017711497151,59,74.40000000000003,8,4.5,0.26,-0.0493333333333333,0.0603333333333333,0.7074856858162286,0.5144954494940013,3.384,0.12,0.3848607635466549,0.2485333333333333,0.68589,0.309121886819382,0.2,0.4218379123560548,3.461,0.171
328,1982,Germany,Chile,tournament,True,0.0,57.1,20.4,39.1,clear,54.96,228.45,A_win,Gijón,Spain,1982-06-20,0.4689,3.46,0.226,0.131,56.46,1798,20,646.1,0.4,35.62,0.797,81.3,65.9,22.15,0.2123333333333333,0.851,5.576666666666667,0.3273333333333333,Coca-Cola,beverage,29.19,180.0,1.0,0.286,0.859,0.907,0.902,real_sponsor_names_with_proxy_commercial_metrics,0.7594715235889338,1622,5,430.7,-0.12,24.93,0.579,72.9,38.6,16.65,0.135,0.8083333333333332,3.453333333333333,0.1826666666666666,Hisense,technology,27.36,200.0,1.0,0.243,0.681,0.911,0.656,real_sponsor_names_with_proxy_commercial_metrics,0.7002451520149715,176,215.40000000000003,15,8.399999999999991,0.52,0.0426666666666667,0.0773333333333333,0.9510351228677828,0.710436700778523,4.236,0.12,0.511921086730643,0.1869999999999999,0.90283,0.1457542995789624,0.2,0.6147558592254592,4.192,0.144
329,1982,Spain,Yugoslavia,tournament,False,0.18,42.8,20.6,63.3,cloudy,50.56,194.0,A_win,Valencia,Spain,1982-06-20,0.1141,4.74,0.193,0.271,56.89,1708,12,537.2,0.18,30.58,0.689,77.4,45.2,19.26,0.2126666666666666,0.84,4.25,0.077,Budweiser,beverage,27.85,200.0,1.0,0.321,0.724,0.933,0.612,real_sponsor_names_with_proxy_commercial_metrics,0.7135544213260362,1669,5,487.0,0.06,26.56,0.629,74.2,37.3,11.34,0.1803333333333333,0.851,3.0733333333333337,0.222,Qatar Airways,airline,17.82,67.59,0.448,0.779,0.762,0.645,0.666,real_sponsor_names_with_proxy_commercial_metrics,0.3790951727656917,39,50.200000000000045,7,3.200000000000003,0.12,-0.011,0.0323333333333333,0.7299678934836586,0.557898626048164,3.792,0.22,0.3998635854676021,0.1915999999999999,0.80913,0.2851198886748018,0.2,0.5252195935052552,3.835,0.138
330,1982,Algeria,Austria,tournament,True,0.0,51.3,10.2,61.9,cloudy,48.36,157.02,B_win,Oviedo,Spain,1982-06-21,0.2633,3.77,0.179,0.167,40.53,1543,2,333.4,-0.31,18.82,0.474,72.2,36.3,11.9,0.258,0.887,1.2466666666666666,0.0059999999999999,Hisense,technology,30.28,200.0,1.0,0.679,0.66,0.889,0.626,real_sponsor_names_with_proxy_commercial_metrics,0.7315493691339694,1660,5,475.8,-0.03,25.77,0.617,70.5,44.6,14.99,0.1396666666666666,0.88,2.703333333333333,0.218,McDonald's,restaurant,21.71,77.28,0.55,0.451,0.702,0.72,0.649,real_sponsor_names_with_proxy_commercial_metrics,0.4544283435251633,-117,-142.40000000000003,-3,1.7000000000000028,-0.28,0.007,0.1183333333333333,0.3657175034061077,0.3513403594075544,3.122,0.22,0.3365114779653833,0.1999999999999999,0.77335,0.5495907371726254,0.2,0.4535184448193445,3.252,0.107
331,1982,France,Kuwait,tournament,True,0.0,77.6,24.5,75.4,cloudy,54.96,108.17,A_win,Valladolid,Spain,1982-06-21,0.3202,3.9,0.213,0.214,47.33,1748,13,584.8,0.26,32.28,0.733,77.8,46.5,18.67,0.2083333333333333,0.8296666666666667,3.483333333333333,0.3613333333333333,Qatar Airways,airline,24.02,81.37,0.593,0.647,0.801,0.711,0.647,real_sponsor_names_with_proxy_commercial_metrics,0.5102507613733611,1388,1,142.7,-0.67,8.65,0.277,63.0,11.2,4.47,0.1966666666666666,0.806,3.07,0.312,Hisense,technology,27.08,200.0,1.0,0.514,0.628,0.865,0.575,real_sponsor_names_with_proxy_commercial_metrics,0.676315569551506,360,442.1,12,14.799999999999995,0.93,0.0236666666666666,0.0116666666666666,0.8018213325687816,0.5715770628180349,3.847,0.22,0.3793988745568903,0.1931333333333333,0.7179599999999999,0.3660165560550917,0.2,0.4633079352300345,3.655,0.152
332,1982,Honduras,Northern Ireland,tournament,True,0.0,66.3,28.1,66.8,clear,48.36,95.28,draw,Zaragoza,Spain,1982-06-21,0.3648,0.87,-0.038,0.026,53.13,1414,1,177.5,-0.67,13.05,0.328,62.9,9.5,7.33,0.4183333333333334,0.6726666666666666,3.2266666666666666,0.0066666666666666,Visa,finance,28.19,190.0,1.0,0.46,0.538,0.906,0.82,real_sponsor_names_with_proxy_commercial_metrics,0.6940648931255435,1543,2,333.4,-0.15,18.82,0.474,66.3,29.3,14.28,0.151,0.5943333333333333,4.053333333333334,0.075,Qatar Airways,airline,21.11,77.31,0.551,0.318,0.682,0.667,0.62,real_sponsor_names_with_proxy_commercial_metrics,0.4343625610241698,-129,-155.89999999999998,-1,-3.3999999999999986,-0.52,0.0783333333333333,0.2673333333333334,0.0690300105224019,0.2447636182490733,2.97,0.12,0.3157470541947763,0.3819333333333333,0.75546,0.382497680725041,0.2,0.3971071982988263,2.851,0.101
333,1982,Belgium,Hungary,tournament,True,0.0,48.9,13.5,20.0,cloudy,48.36,160.45,draw,Elche,Spain,1982-06-22,0.2109,2.11,0.323,0.282,45.03,1674,9,495.4,0.02,28.38,0.646,71.5,40.4,23.19,0.142,0.7919999999999999,3.7566666666666655,0.0076666666666666,Visa,finance,26.85,190.0,1.0,0.538,0.72,0.914,0.914,real_sponsor_names_with_proxy_commercial_metrics,0.712621177050387,1691,5,513.5,0.03,27.22,0.652,78.9,42.6,16.61,0.1083333333333333,0.8380000000000001,2.99,0.2826666666666667,Adidas,apparel,33.47,430.0,1.0,0.501,0.712,0.937,0.887,real_sponsor_names_with_proxy_commercial_metrics,0.931713528183716,-17,-18.100000000000023,4,-7.400000000000006,-0.0099999999999999,-0.0460000000000001,0.0336666666666666,0.6045045124588039,0.5706953648575235,3.681,0.22,0.3635945446540531,0.1684,0.8480000000000001,0.2827032041675587,0.2,0.52815869358301,3.723,0.139
334,1982,Poland,Peru,tournament,True,0.0,44.8,19.0,45.4,clear,57.16,112.07,A_win,La Coruña,Spain,1982-06-22,0.2877,1.7,0.283,0.228,52.22,1685,6,506.6,0.05,27.64,0.65,72.7,42.5,15.85,0.2053333333333333,0.815,3.9733333333333327,0.268,Coca-Cola,beverage,28.97,180.0,1.0,0.581,0.749,0.899,0.847,real_sponsor_names_with_proxy_commercial_metrics,0.7339961373676395,1576,3,374.1,-0.28,21.13,0.516,66.6,39.7,14.92,0.2316666666666666,0.8953333333333333,3.016666666666667,0.1463333333333333,Hisense,technology,33.45,200.0,1.0,0.314,0.647,0.931,0.617,real_sponsor_names_with_proxy_commercial_metrics,0.7773160705953475,109,132.5,3,6.1000000000000085,0.33,-0.0803333333333333,-0.0263333333333333,0.616436840876696,0.5248566585392948,3.633,0.12,0.4004334344638108,0.1972,0.84638,0.2093927067722829,0.2,0.5258668242519983,3.68,0.127
335,1982,Russia,Scotland,tournament,True,0.0,58.4,16.1,60.2,rain,52.76,141.54,draw,Málaga,Spain,1982-06-22,0.1777,0.3,0.174,0.164,55.48,1676,8,497.3,0.07,27.98,0.645,72.7,49.8,18.23,0.1086666666666666,0.8123333333333332,5.670000000000001,0.13,Hyundai,automotive,26.07,420.0,1.0,0.245,0.69,0.874,0.885,real_sponsor_names_with_proxy_commercial_metrics,0.81405268474314,1529,4,318.6,-0.35,20.39,0.472,67.9,31.6,17.66,0.1853333333333333,0.9116666666666668,1.8866666666666667,0.2256666666666666,Budweiser,beverage,26.35,200.0,1.0,0.459,0.686,0.905,0.601,real_sponsor_names_with_proxy_commercial_metrics,0.6827095152717566,147,178.7,4,4.799999999999997,0.42,-0.0993333333333335,-0.0766666666666667,0.6134810916271758,0.5626369431224171,3.989,0.48,0.360863861234962,0.1402666666666666,0.82105,0.4927768500677941,0.2,0.5476147606596228,4.041,0.155
336,1982,Argentina,El Salvador,tournament,True,0.0,42.2,17.2,54.9,cloudy,48.36,150.48,A_win,Alicante,Spain,1982-06-23,0.3484,-0.67,0.043,0.037,48.69,1753,15,591.7,0.26,33.16,0.743,76.8,58.0,19.5,0.2623333333333333,0.8586666666666667,3.813333333333333,0.2106666666666666,Hyundai,automotive,30.74,420.0,1.0,0.338,0.813,0.936,0.851,real_sponsor_names_with_proxy_commercial_metrics,0.9027842922587972,1404,1,163.9,-1.0,11.34,0.308,61.9,14.8,7.67,0.297,0.8106666666666666,3.016666666666666,0.3783333333333333,Budweiser,beverage,33.75,200.0,1.0,0.547,0.582,0.92,0.654,real_sponsor_names_with_proxy_commercial_metrics,0.7721470518062034,349,427.80000000000007,14,14.9,1.26,0.048,-0.0346666666666666,0.8112048561394937,0.5563341452542341,3.945,0.22,0.3437658799519718,0.2139333333333333,0.8831100000000001,0.3372628987368872,0.2,0.5679943668036913,4.05,0.132
337,1982,Brazil,New Zealand,tournament,True,0.0,49.3,23.3,65.6,cloudy,52.76,109.64,A_win,Seville,Spain,1982-06-23,0.2254,1.91,0.253,0.21,47.69,1829,20,683.6,0.5,36.78,0.83,78.8,57.4,18.61,0.1376666666666667,0.7313333333333333,3.723333333333333,0.206,Adidas,apparel,33.15,430.0,1.0,0.369,0.809,0.916,0.861,real_sponsor_names_with_proxy_commercial_metrics,0.9383411482254695,1404,1,163.9,-0.5,11.34,0.308,64.7,15.2,8.370000000000001,0.188,0.8696666666666667,0.58,0.3226666666666666,McDonald's,restaurant,20.14,63.89,0.409,0.46,0.556,0.654,0.629,real_sponsor_names_with_proxy_commercial_metrics,0.3671819039077099,425,519.7,19,14.099999999999994,1.0,-0.1383333333333334,-0.0503333333333333,0.9764150943396226,0.517178370356077,3.99,0.22,0.3424495307627996,0.1900666666666667,0.87793,0.2924570042103761,0.2,0.5660079254263742,4.091,0.123
338,1982,Italy,Cameroon,tournament,True,0.0,62.1,10.5,70.6,cloudy,48.36,103.74,draw,Vigo,Spain,1982-06-23,0.2699,2.25,0.101,0.181,44.65,1755,14,594.5,0.34,33.03,0.744,77.8,61.6,11.04,0.3303333333333333,0.8929999999999999,1.3333333333333333,0.0393333333333333,Visa,finance,33.4,190.0,1.0,0.316,0.761,0.842,0.918,real_sponsor_names_with_proxy_commercial_metrics,0.7989842668207419,1542,4,334.5,-0.31,21.28,0.489,68.0,29.1,10.52,0.2513333333333333,0.8450000000000001,2.2433333333333336,0.186,Coca-Cola,beverage,31.97,180.0,1.0,0.241,0.693,0.92,0.885,real_sponsor_names_with_proxy_commercial_metrics,0.7711359494761991,213,260.0,10,9.799999999999995,0.65,0.0479999999999998,0.079,0.8187106162327391,0.3271304267045981,3.418,0.22,0.3124877812196206,0.241,0.84782,0.5793798615571255,0.2,0.4660850997581897,3.456,0.103
339,1982,Algeria,Chile,tournament,True,0.0,73.0,26.7,67.7,windy,54.96,152.97,A_win,Oviedo,Spain,1982-06-24,0.212,3.02,0.199,0.171,50.95,1543,2,333.4,-0.31,18.82,0.474,72.2,36.3,11.9,0.258,0.887,1.2466666666666666,0.0059999999999999,Hisense,technology,30.28,200.0,1.0,0.679,0.66,0.889,0.626,real_sponsor_names_with_proxy_commercial_metrics,0.7315493691339694,1622,5,430.7,-0.12,24.93,0.579,72.9,38.6,16.65,0.135,0.8083333333333332,3.453333333333333,0.1826666666666666,Hisense,technology,27.36,200.0,1.0,0.243,0.681,0.911,0.656,real_sponsor_names_with_proxy_commercial_metrics,0.7002451520149715,-79,-97.3,-3,-0.7000000000000028,-0.19,0.0786666666666667,0.123,0.3657175034061077,0.3795992974447303,3.582,0.48,0.3810396053484181,0.1999999999999999,0.77335,0.4939703846428316,0.2,0.4703365729463608,3.307,0.109
340,1982,France,Czechoslovakia,tournament,True,0.0,65.9,27.5,54.6,rain,48.36,159.13,draw,Valladolid,Spain,1982-06-24,0.2294,3.97,0.054,0.171,39.92,1748,13,584.8,0.26,32.28,0.733,77.8,46.5,18.67,0.2083333333333333,0.8296666666666667,3.483333333333333,0.3613333333333333,Qatar Airways,airline,24.02,81.37,0.593,0.647,0.801,0.711,0.647,real_sponsor_names_with_proxy_commercial_metrics,0.5102507613733611,1636,5,447.8,-0.1,25.08,0.592,72.1,45.6,14.05,0.2196666666666666,0.848,2.25,0.1806666666666666,Visa,finance,31.09,190.0,1.0,0.557,0.715,0.89,0.868,real_sponsor_names_with_proxy_commercial_metrics,0.763017711497151,112,136.99999999999994,8,5.700000000000003,0.36,-0.0183333333333333,-0.0113333333333333,0.8018213325687816,0.559650268570571,3.627,0.48,0.3281485729659202,0.1931333333333333,0.7179599999999999,0.45817469492614,0.2,0.4497183725225506,3.55,0.148
341,1982,Honduras,Yugoslavia,tournament,True,0.0,28.2,21.5,28.5,cloudy,46.16,177.57,B_win,Zaragoza,Spain,1982-06-24,0.3253,3.2,0.334,0.304,39.82,1414,1,177.5,-0.67,13.05,0.328,62.9,9.5,7.33,0.4183333333333334,0.6726666666666666,3.2266666666666666,0.0066666666666666,Visa,finance,28.19,190.0,1.0,0.46,0.538,0.906,0.82,real_sponsor_names_with_proxy_commercial_metrics,0.6940648931255435,1669,5,487.0,0.06,26.56,0.629,74.2,37.3,11.34,0.1803333333333333,0.851,3.0733333333333337,0.222,Qatar Airways,airline,17.82,67.59,0.448,0.779,0.762,0.645,0.666,real_sponsor_names_with_proxy_commercial_metrics,0.3790951727656917,-255,-309.5,-4,-11.300000000000004,-0.73,-0.1783333333333333,0.238,0.0690300105224019,0.2635239704958858,2.61,0.22,0.388766365422286,0.3819333333333333,0.75546,0.1113391136801541,0.2,0.4169639591734357,2.887,0.102
342,1982,England,Kuwait,tournament,True,0.0,62.0,8.1,50.7,cloudy,46.16,156.35,A_win,Bilbao,Spain,1982-06-25,0.4434,2.26,0.041,0.104,44.94,1695,13,522.2,0.16,30.51,0.678,76.6,52.6,19.34,0.28,0.7986666666666666,2.61,0.1863333333333333,McDonald's,restaurant,20.29,74.13,0.517,0.758,0.819,0.654,0.569,real_sponsor_names_with_proxy_commercial_metrics,0.4320601407850143,1388,1,142.7,-0.67,8.65,0.277,63.0,11.2,4.47,0.1966666666666666,0.806,3.07,0.312,Hisense,technology,27.08,200.0,1.0,0.514,0.628,0.865,0.575,real_sponsor_names_with_proxy_commercial_metrics,0.676315569551506,307,379.50000000000006,12,13.599999999999994,0.8300000000000001,-0.0073333333333334,0.0833333333333333,0.7074856858162286,0.5058069376099059,3.594,0.22,0.3697831104584194,0.2485333333333333,0.68589,0.5558199529008778,0.2,0.416389598410861,3.536,0.174
343,1982,Germany,Austria,tournament,True,0.0,58.9,17.0,64.7,clear,46.16,134.66,A_win,Gijón,Spain,1982-06-25,0.3654,0.88,0.162,0.252,49.0,1798,20,646.1,0.4,35.62,0.797,81.3,65.9,22.15,0.2123333333333333,0.851,5.576666666666667,0.3273333333333333,Coca-Cola,beverage,29.19,180.0,1.0,0.286,0.859,0.907,0.902,real_sponsor_names_with_proxy_commercial_metrics,0.7594715235889338,1660,5,475.8,-0.03,25.77,0.617,70.5,44.6,14.99,0.1396666666666666,0.88,2.703333333333333,0.218,McDonald's,restaurant,21.71,77.28,0.55,0.451,0.702,0.72,0.649,real_sponsor_names_with_proxy_commercial_metrics,0.4544283435251633,138,170.3,15,10.799999999999995,0.43,-0.029,0.0726666666666666,0.9510351228677828,0.6382242147357443,4.085,0.12,0.3781279844828766,0.1869999999999999,0.90283,0.3448108898879611,0.2,0.5677777426839279,3.96,0.136
344,1982,Spain,Northern Ireland,tournament,False,0.18,63.4,30.4,40.6,windy,46.16,107.04,B_win,Valencia,Spain,1982-06-25,0.2455,4.64,-0.014,0.091,42.97,1708,12,537.2,0.18,30.58,0.689,77.4,45.2,19.26,0.2126666666666666,0.84,4.25,0.077,Budweiser,beverage,27.85,200.0,1.0,0.321,0.724,0.933,0.612,real_sponsor_names_with_proxy_commercial_metrics,0.7135544213260362,1543,2,333.4,-0.15,18.82,0.474,66.3,29.3,14.28,0.151,0.5943333333333333,4.053333333333334,0.075,Qatar Airways,airline,21.11,77.31,0.551,0.318,0.682,0.667,0.62,real_sponsor_names_with_proxy_commercial_metrics,0.4343625610241698,165,203.80000000000007,10,11.100000000000009,0.3299999999999999,0.2456666666666667,0.0616666666666666,0.7299678934836586,0.5078433883362009,3.635,0.48,0.2704531612226076,0.1915999999999999,0.80913,0.4731143937772069,0.2,0.4853220420969065,3.77,0.135
345,1982,Austria,France,tournament,True,0.0,79.0,6.3,68.1,clear,46.16,97.73,B_win,Madrid,Spain,1982-06-28,0.2483,2.59,0.153,0.166,42.38,1660,5,475.8,-0.03,25.77,0.617,70.5,44.6,14.99,0.1396666666666666,0.88,2.703333333333333,0.218,McDonald's,restaurant,21.71,77.28,0.55,0.451,0.702,0.72,0.649,real_sponsor_names_with_proxy_commercial_metrics,0.4544283435251633,1748,13,584.8,0.26,32.28,0.733,77.8,46.5,18.67,0.2083333333333333,0.8296666666666667,3.483333333333333,0.3613333333333333,Qatar Airways,airline,24.02,81.37,0.593,0.647,0.801,0.711,0.647,real_sponsor_names_with_proxy_commercial_metrics,0.5102507613733611,-88,-108.99999999999994,-8,-7.299999999999997,-0.29,0.0503333333333333,-0.0686666666666666,0.5506732285488857,0.4367676592935944,3.355,0.12,0.281122842996756,0.1317999999999999,0.6711900000000001,0.6378259473346177,0.2,0.3896409156475968,3.253,0.15
346,1982,Poland,Belgium,tournament,True,0.0,31.2,20.9,72.5,clear,50.56,125.23,A_win,Barcelona,Spain,1982-06-28,0.1392,1.89,0.122,0.144,51.28,1685,6,506.6,0.05,27.64,0.65,72.7,42.5,15.85,0.2053333333333333,0.815,3.9733333333333327,0.268,Coca-Cola,beverage,28.97,180.0,1.0,0.581,0.749,0.899,0.847,real_sponsor_names_with_proxy_commercial_metrics,0.7339961373676395,1674,9,495.4,0.02,28.38,0.646,71.5,40.4,23.19,0.142,0.7919999999999999,3.7566666666666655,0.0076666666666666,Visa,finance,26.85,190.0,1.0,0.538,0.72,0.914,0.914,real_sponsor_names_with_proxy_commercial_metrics,0.712621177050387,11,11.200000000000044,-3,1.2000000000000028,0.03,0.023,0.0633333333333333,0.616436840876696,0.4997694499824914,3.471,0.12,0.311220229407525,0.1972,0.84638,0.2770695068864626,0.2,0.5009997648448361,3.585,0.124
347,1982,Germany,England,tournament,True,0.0,50.3,15.9,60.0,windy,43.96,140.9,draw,Madrid,Spain,1982-06-29,0.1313,2.41,0.247,0.198,36.78,1798,20,646.1,0.4,35.62,0.797,81.3,65.9,22.15,0.2123333333333333,0.851,5.576666666666667,0.3273333333333333,Coca-Cola,beverage,29.19,180.0,1.0,0.286,0.859,0.907,0.902,real_sponsor_names_with_proxy_commercial_metrics,0.7594715235889338,1695,13,522.2,0.16,30.51,0.678,76.6,52.6,19.34,0.28,0.7986666666666666,2.61,0.1863333333333333,McDonald's,restaurant,20.29,74.13,0.517,0.758,0.819,0.654,0.569,real_sponsor_names_with_proxy_commercial_metrics,0.4320601407850143,103,123.89999999999998,7,4.700000000000003,0.24,0.0523333333333333,-0.0676666666666666,0.9510351228677828,0.6305070667649574,3.873,0.48,0.2629275232961063,0.1869999999999999,0.90283,0.4971149646756583,0.2,0.5425768490147536,3.961,0.136
348,1982,Italy,Argentina,tournament,True,0.0,65.7,27.8,15.0,rain,50.56,158.76,A_win,Barcelona,Spain,1982-06-29,0.2074,1.26,0.122,0.027,46.37,1755,14,594.5,0.34,33.03,0.744,77.8,61.6,11.04,0.3303333333333333,0.8929999999999999,1.3333333333333333,0.0393333333333333,Visa,finance,33.4,190.0,1.0,0.316,0.761,0.842,0.918,real_sponsor_names_with_proxy_commercial_metrics,0.7989842668207419,1753,15,591.7,0.26,33.16,0.743,76.8,58.0,19.5,0.2623333333333333,0.8586666666666667,3.813333333333333,0.2106666666666666,Hyundai,automotive,30.74,420.0,1.0,0.338,0.813,0.936,0.851,real_sponsor_names_with_proxy_commercial_metrics,0.9027842922587972,2,2.7999999999999545,-1,1.0,0.08,0.0343333333333332,0.068,0.8187106162327391,0.3561758016751239,3.658,0.48,0.3143613863386736,0.241,0.84782,0.2948670520231214,0.2,0.4745925257737474,3.485,0.104
349,1982,Austria,Northern Ireland,tournament,True,0.0,37.4,18.9,37.6,clear,52.76,83.75,draw,Madrid,Spain,1982-07-01,0.3546,1.69,0.247,0.209,45.11,1660,5,475.8,-0.03,25.77,0.617,70.5,44.6,14.99,0.1396666666666666,0.88,2.703333333333333,0.218,McDonald's,restaurant,21.71,77.28,0.55,0.451,0.702,0.72,0.649,real_sponsor_names_with_proxy_commercial_metrics,0.4544283435251633,1543,2,333.4,-0.15,18.82,0.474,66.3,29.3,14.28,0.151,0.5943333333333333,4.053333333333334,0.075,Qatar Airways,airline,21.11,77.31,0.551,0.318,0.682,0.667,0.62,real_sponsor_names_with_proxy_commercial_metrics,0.4343625610241698,117,142.40000000000003,3,4.200000000000003,0.12,0.2856666666666667,-0.0113333333333333,0.5506732285488857,0.4615693773812533,3.094,0.12,0.3524833070397471,0.1317999999999999,0.6711900000000001,0.1782901591379433,0.2,0.4108574895207396,3.356,0.155
350,1982,Belgium,Russia,tournament,True,0.0,77.2,25.4,88.2,clear,46.16,105.86,B_win,Barcelona,Spain,1982-07-01,0.1678,1.62,0.074,0.059,46.83,1674,9,495.4,0.02,28.38,0.646,71.5,40.4,23.19,0.142,0.7919999999999999,3.7566666666666655,0.0076666666666666,Visa,finance,26.85,190.0,1.0,0.538,0.72,0.914,0.914,real_sponsor_names_with_proxy_commercial_metrics,0.712621177050387,1676,8,497.3,0.07,27.98,0.645,72.7,49.8,18.23,0.1086666666666666,0.8123333333333332,5.670000000000001,0.13,Hyundai,automotive,26.07,420.0,1.0,0.245,0.69,0.874,0.885,real_sponsor_names_with_proxy_commercial_metrics,0.81405268474314,-2,-1.900000000000034,1,-1.2000000000000028,-0.05,-0.0203333333333333,0.0333333333333333,0.6045045124588039,0.5417996983037441,3.766,0.12,0.249792927980444,0.1684,0.8480000000000001,0.4047356026546778,0.2,0.4973075836132301,3.655,0.136
351,1982,Argentina,Brazil,tournament,True,0.0,62.8,26.4,49.3,clear,52.76,211.24,B_win,Barcelona,Spain,1982-07-02,0.217,2.2,0.134,0.226,43.29,1753,15,591.7,0.26,33.16,0.743,76.8,58.0,19.5,0.2623333333333333,0.8586666666666667,3.813333333333333,0.2106666666666666,Hyundai,automotive,30.74,420.0,1.0,0.338,0.813,0.936,0.851,real_sponsor_names_with_proxy_commercial_metrics,0.9027842922587972,1829,20,683.6,0.5,36.78,0.83,78.8,57.4,18.61,0.1376666666666667,0.7313333333333333,3.723333333333333,0.206,Adidas,apparel,33.15,430.0,1.0,0.369,0.809,0.916,0.861,real_sponsor_names_with_proxy_commercial_metrics,0.9383411482254695,-76,-91.89999999999998,-5,-2.0,-0.24,0.1273333333333334,0.1246666666666666,0.8112048561394937,0.5972676143179249,4.023,0.12,0.4083277187118096,0.2139333333333333,0.8831100000000001,0.2626607435952329,0.2,0.5923681058934923,3.998,0.13
352,1982,Spain,Germany,tournament,False,0.18,69.0,34.0,26.3,cloudy,50.56,147.72,B_win,Madrid,Spain,1982-07-02,0.2828,4.18,0.135,0.231,47.59,1708,12,537.2,0.18,30.58,0.689,77.4,45.2,19.26,0.2126666666666666,0.84,4.25,0.077,Budweiser,beverage,27.85,200.0,1.0,0.321,0.724,0.933,0.612,real_sponsor_names_with_proxy_commercial_metrics,0.7135544213260362,1798,20,646.1,0.4,35.62,0.797,81.3,65.9,22.15,0.2123333333333333,0.851,5.576666666666667,0.3273333333333333,Coca-Cola,beverage,29.19,180.0,1.0,0.286,0.859,0.907,0.902,real_sponsor_names_with_proxy_commercial_metrics,0.7594715235889338,-90,-108.89999999999998,-8,-3.899999999999992,-0.22,-0.011,0.0003333333333333,0.7299678934836586,0.541785822496941,3.775,0.22,0.3796972396243544,0.1915999999999999,0.80913,0.4009658888175266,0.2,0.5166747393422632,3.767,0.135
353,1982,France,Northern Ireland,tournament,True,0.0,50.6,21.8,77.8,clear,54.96,105.62,A_win,Madrid,Spain,1982-07-04,0.3291,3.65,0.196,0.23,54.66,1748,13,584.8,0.26,32.28,0.733,77.8,46.5,18.67,0.2083333333333333,0.8296666666666667,3.483333333333333,0.3613333333333333,Qatar Airways,airline,24.02,81.37,0.593,0.647,0.801,0.711,0.647,real_sponsor_names_with_proxy_commercial_metrics,0.5102507613733611,1543,2,333.4,-0.15,18.82,0.474,66.3,29.3,14.28,0.151,0.5943333333333333,4.053333333333334,0.075,Qatar Airways,airline,21.11,77.31,0.551,0.318,0.682,0.667,0.62,real_sponsor_names_with_proxy_commercial_metrics,0.4343625610241698,205,251.4,11,11.5,0.41,0.2353333333333334,0.0573333333333333,0.8018213325687816,0.5706892570908175,3.594,0.12,0.4019482518635596,0.1931333333333333,0.7179599999999999,0.2765603368300863,0.2,0.4675692250877475,3.596,0.15
354,1982,Poland,Russia,tournament,True,0.0,68.6,25.3,58.2,windy,43.96,242.96,draw,Barcelona,Spain,1982-07-04,0.3286,6.05,0.186,0.176,47.48,1685,6,506.6,0.05,27.64,0.65,72.7,42.5,15.85,0.2053333333333333,0.815,3.9733333333333327,0.268,Coca-Cola,beverage,28.97,180.0,1.0,0.581,0.749,0.899,0.847,real_sponsor_names_with_proxy_commercial_metrics,0.7339961373676395,1676,8,497.3,0.07,27.98,0.645,72.7,49.8,18.23,0.1086666666666666,0.8123333333333332,5.670000000000001,0.13,Hyundai,automotive,26.07,420.0,1.0,0.245,0.69,0.874,0.885,real_sponsor_names_with_proxy_commercial_metrics,0.81405268474314,9,9.300000000000011,-2,0.0,-0.02,0.0026666666666667,0.0966666666666666,0.616436840876696,0.5110892394237733,3.76,0.48,0.414139833314379,0.1972,0.84638,0.416504816955684,0.2,0.5247532266697659,3.689,0.127
355,1982,Italy,Brazil,tournament,True,0.0,71.9,14.1,75.7,windy,54.96,155.79,A_win,Barcelona,Spain,1982-07-05,0.1872,5.34,0.214,0.14,57.2,1755,14,594.5,0.34,33.03,0.744,77.8,61.6,11.04,0.3303333333333333,0.8929999999999999,1.3333333333333333,0.0393333333333333,Visa,finance,33.4,190.0,1.0,0.316,0.761,0.842,0.918,real_sponsor_names_with_proxy_commercial_metrics,0.7989842668207419,1829,20,683.6,0.5,36.78,0.83,78.8,57.4,18.61,0.1376666666666667,0.7313333333333333,3.723333333333333,0.206,Adidas,apparel,33.15,430.0,1.0,0.369,0.809,0.916,0.861,real_sponsor_names_with_proxy_commercial_metrics,0.9383411482254695,-74,-89.10000000000002,-6,-1.0,-0.1599999999999999,0.1616666666666666,0.1926666666666666,0.8187106162327391,0.3749210907405553,3.748,0.48,0.384132877175579,0.241,0.84782,0.6117752800970527,0.2,0.4937955048794493,3.517,0.105
356,1982,Spain,England,tournament,False,0.18,61.0,30.1,62.4,cloudy,43.96,139.9,draw,Madrid,Spain,1982-07-05,0.2634,6.91,0.178,0.147,49.21,1708,12,537.2,0.18,30.58,0.689,77.4,45.2,19.26,0.2126666666666666,0.84,4.25,0.077,Budweiser,beverage,27.85,200.0,1.0,0.321,0.724,0.933,0.612,real_sponsor_names_with_proxy_commercial_metrics,0.7135544213260362,1695,13,522.2,0.16,30.51,0.678,76.6,52.6,19.34,0.28,0.7986666666666666,2.61,0.1863333333333333,McDonald's,restaurant,20.29,74.13,0.517,0.758,0.819,0.654,0.569,real_sponsor_names_with_proxy_commercial_metrics,0.4320601407850143,13,15.0,-1,0.8000000000000114,0.0199999999999999,0.0413333333333333,-0.0673333333333333,0.7299678934836586,0.5093942358393457,3.727,0.22,0.3170438141579389,0.1915999999999999,0.80913,0.4555084564333119,0.2,0.4950744099848532,3.775,0.136
357,1982,Germany,France,tournament,True,0.0,61.0,18.4,65.3,cloudy,57.16,182.68,draw,Seville,Spain,1982-07-08,0.1908,3.97,0.209,0.271,58.58,1798,20,646.1,0.4,35.62,0.797,81.3,65.9,22.15,0.2123333333333333,0.851,5.576666666666667,0.3273333333333333,Coca-Cola,beverage,29.19,180.0,1.0,0.286,0.859,0.907,0.902,real_sponsor_names_with_proxy_commercial_metrics,0.7594715235889338,1748,13,584.8,0.26,32.28,0.733,77.8,46.5,18.67,0.2083333333333333,0.8296666666666667,3.483333333333333,0.3613333333333333,Qatar Airways,airline,24.02,81.37,0.593,0.647,0.801,0.711,0.647,real_sponsor_names_with_proxy_commercial_metrics,0.5102507613733611,50,61.30000000000007,7,3.5,0.14,0.0213333333333333,0.004,0.9510351228677828,0.7043911191818976,4.127,0.22,0.451970197050601,0.1869999999999999,0.90283,0.3509872975094555,0.2,0.6010729184423956,4.079,0.14
358,1982,Poland,Italy,tournament,True,0.0,61.5,19.6,63.8,clear,48.36,124.68,B_win,Barcelona,Spain,1982-07-08,0.2212,3.94,0.084,0.099,43.8,1685,6,506.6,0.05,27.64,0.65,72.7,42.5,15.85,0.2053333333333333,0.815,3.9733333333333327,0.268,Coca-Cola,beverage,28.97,180.0,1.0,0.581,0.749,0.899,0.847,real_sponsor_names_with_proxy_commercial_metrics,0.7339961373676395,1755,14,594.5,0.34,33.03,0.744,77.8,61.6,11.04,0.3303333333333333,0.8929999999999999,1.3333333333333333,0.0393333333333333,Visa,finance,33.4,190.0,1.0,0.316,0.761,0.842,0.918,real_sponsor_names_with_proxy_commercial_metrics,0.7989842668207419,-70,-87.89999999999998,-8,-5.099999999999994,-0.29,-0.0779999999999999,-0.125,0.616436840876696,0.4896883016635454,3.522,0.12,0.2924518534701619,0.1972,0.84638,0.273291943195604,0.2,0.4944233681280586,3.564,0.123
359,1982,Poland,France,tournament,True,0.0,46.8,22.9,69.2,clear,54.96,128.11,A_win,Alicante,Spain,1982-07-10,0.1937,1.78,0.187,0.068,47.45,1685,6,506.6,0.05,27.64,0.65,72.7,42.5,15.85,0.2053333333333333,0.815,3.9733333333333327,0.268,Coca-Cola,beverage,28.97,180.0,1.0,0.581,0.749,0.899,0.847,real_sponsor_names_with_proxy_commercial_metrics,0.7339961373676395,1748,13,584.8,0.26,32.28,0.733,77.8,46.5,18.67,0.2083333333333333,0.8296666666666667,3.483333333333333,0.3613333333333333,Qatar Airways,airline,24.02,81.37,0.593,0.647,0.801,0.711,0.647,real_sponsor_names_with_proxy_commercial_metrics,0.5102507613733611,-63,-78.19999999999993,-7,-5.099999999999994,-0.21,-0.0146666666666667,-0.003,0.616436840876696,0.5205514698338921,3.655,0.12,0.3238987649769324,0.1972,0.84638,0.2576079354884749,0.2,0.5093544375171098,3.638,0.126
360,1982,Italy,Germany,tournament,True,0.0,56.1,13.6,94.4,rain,52.76,273.1,A_win,Madrid,Spain,1982-07-11,0.2642,4.53,0.285,0.271,42.23,1755,14,594.5,0.34,33.03,0.744,77.8,61.6,11.04,0.3303333333333333,0.8929999999999999,1.3333333333333333,0.0393333333333333,Visa,finance,33.4,190.0,1.0,0.316,0.761,0.842,0.918,real_sponsor_names_with_proxy_commercial_metrics,0.7989842668207419,1798,20,646.1,0.4,35.62,0.797,81.3,65.9,22.15,0.2123333333333333,0.851,5.576666666666667,0.3273333333333333,Coca-Cola,beverage,29.19,180.0,1.0,0.286,0.859,0.907,0.902,real_sponsor_names_with_proxy_commercial_metrics,0.7594715235889338,-43,-51.60000000000002,-6,-3.5,-0.06,0.0419999999999999,0.118,0.8187106162327391,0.4058739749744859,3.693,0.48,0.4754986406033876,0.241,0.84782,0.7055835295796761,0.2,0.5207354651505116,3.612,0.108
361,1986,Bulgaria,Italy,group_or_knockout,True,0.0,56.0,24.4,73.5,clear,49.82,188.54,draw,Mexico City,Mexico,1986-05-31,0.2827,1.42,0.022,0.176,43.84,1502,4,286.8,-0.46,19.9,0.447,65.2,28.9,10.5,0.3979999999999999,0.719,2.9800000000000004,-0.0613333333333333,Hisense,technology,33.88,200.0,1.0,0.2,0.675,0.918,0.633,real_sponsor_names_with_proxy_commercial_metrics,0.7870611436642407,1755,14,594.5,0.34,33.03,0.744,77.8,61.6,11.04,0.3303333333333333,0.8929999999999999,1.3333333333333333,0.0393333333333333,Visa,finance,33.4,190.0,1.0,0.316,0.761,0.842,0.918,real_sponsor_names_with_proxy_commercial_metrics,0.7989842668207419,-253,-307.7,-10,-12.599999999999994,-0.8,-0.1739999999999999,0.0676666666666666,0.2468311715404268,0.3303902572924367,3.054,0.12,0.3833150498725868,0.3511999999999999,0.78795,0.3152055234425176,0.2,0.4633079564958174,2.96,0.087
362,1986,Canada,France,group_or_knockout,True,0.0,63.0,28.8,32.7,clear,47.62,171.3,B_win,León,Mexico,1986-06-01,0.2936,-0.29,0.195,0.262,39.49,1404,1,163.9,-1.0,11.34,0.308,62.1,14.1,8.35,0.1956666666666666,0.8916666666666666,2.7900000000000005,0.2693333333333333,Hisense,technology,28.16,200.0,1.0,0.586,0.646,0.897,0.559,real_sponsor_names_with_proxy_commercial_metrics,0.6968911019105875,1748,13,584.8,0.26,32.28,0.733,77.8,46.5,18.67,0.2083333333333333,0.8296666666666667,3.483333333333333,0.3613333333333333,Qatar Airways,airline,24.02,81.37,0.593,0.647,0.801,0.711,0.647,real_sponsor_names_with_proxy_commercial_metrics,0.5102507613733611,-344,-420.9,-12,-15.699999999999996,-1.26,0.0619999999999999,-0.0126666666666666,0.0449929391486813,0.3701895771680982,3.14,0.12,0.3720747824976296,0.1607333333333333,0.75942,0.2533600941982445,0.2,0.4579967025651345,3.076,0.109
363,1986,Spain,Brazil,group_or_knockout,True,0.0,71.0,24.8,65.1,clear,47.62,159.91,B_win,Guadalajara,Mexico,1986-06-01,0.1761,6.01,0.21,0.229,43.47,1708,12,537.2,0.18,30.58,0.689,77.4,45.2,19.26,0.2126666666666666,0.84,4.25,0.077,Budweiser,beverage,27.85,200.0,1.0,0.321,0.724,0.933,0.612,real_sponsor_names_with_proxy_commercial_metrics,0.7135544213260362,1829,20,683.6,0.5,36.78,0.83,78.8,57.4,18.61,0.1376666666666667,0.7313333333333333,3.723333333333333,0.206,Adidas,apparel,33.15,430.0,1.0,0.369,0.809,0.916,0.861,real_sponsor_names_with_proxy_commercial_metrics,0.9383411482254695,-121,-146.39999999999998,-8,-1.3999999999999917,-0.32,0.1086666666666666,0.0749999999999999,0.7299678934836586,0.5328136989508245,3.783,0.12,0.3328869965112032,0.1915999999999999,0.80913,0.289313851423678,0.2,0.5048004961267203,3.699,0.133
364,1986,Argentina,South Korea,group_or_knockout,True,0.0,44.2,13.5,76.3,clear,54.22,116.99,A_win,Mexico City,Mexico,1986-06-02,0.2379,0.18,0.273,0.271,56.01,1753,15,591.7,0.26,33.16,0.743,76.8,58.0,19.5,0.2623333333333333,0.8586666666666667,3.813333333333333,0.2106666666666666,Hyundai,automotive,30.74,420.0,1.0,0.338,0.813,0.936,0.851,real_sponsor_names_with_proxy_commercial_metrics,0.9027842922587972,1548,6,343.4,-0.37,22.9,0.505,70.3,20.2,12.829999999999998,0.151,0.8606666666666666,2.8866666666666667,0.2443333333333333,McDonald's,restaurant,25.44,80.72,0.587,0.49,0.67,0.723,0.661,real_sponsor_names_with_proxy_commercial_metrics,0.5096695074891809,205,248.30000000000007,9,6.5,0.63,-0.0019999999999998,0.1113333333333333,0.8112048561394937,0.5710167568587386,3.971,0.12,0.3944612348847758,0.2139333333333333,0.8831100000000001,0.4859748091058302,0.2,0.5822445690395134,4.015,0.131
365,1986,Morocco,Poland,group_or_knockout,True,0.0,56.4,22.3,77.2,cloudy,45.42,185.61,draw,Monterrey,Mexico,1986-06-02,0.2008,3.72,0.214,0.189,46.74,1552,4,345.5,-0.26,21.17,0.496,69.2,34.3,12.67,0.2156666666666666,0.86,4.223333333333334,-0.0613333333333333,Mengniu,consumer_goods,19.44,62.12,0.391,0.28,0.668,0.598,0.65,real_sponsor_names_with_proxy_commercial_metrics,0.365598332426661,1685,6,506.6,0.05,27.64,0.65,72.7,42.5,15.85,0.2053333333333333,0.815,3.9733333333333327,0.268,Coca-Cola,beverage,28.97,180.0,1.0,0.581,0.749,0.899,0.847,real_sponsor_names_with_proxy_commercial_metrics,0.7339961373676395,-133,-161.10000000000002,-2,-3.5,-0.31,0.045,0.0103333333333333,0.3627181368394233,0.3998960483077095,3.066,0.22,0.3453953086033465,0.1853999999999999,0.59794,0.3165689003068579,0.2,0.3573811550292265,3.038,0.156
366,1986,Russia,Hungary,group_or_knockout,True,0.0,77.3,27.5,51.2,rain,58.62,132.29,A_win,Irapuato,Mexico,1986-06-02,0.1453,0.95,0.164,0.065,52.44,1676,8,497.3,0.07,27.98,0.645,72.7,49.8,18.23,0.1086666666666666,0.8123333333333332,5.670000000000001,0.13,Hyundai,automotive,26.07,420.0,1.0,0.245,0.69,0.874,0.885,real_sponsor_names_with_proxy_commercial_metrics,0.81405268474314,1691,5,513.5,0.03,27.22,0.652,78.9,42.6,16.61,0.1083333333333333,0.8380000000000001,2.99,0.2826666666666667,Adidas,apparel,33.47,430.0,1.0,0.501,0.712,0.937,0.887,real_sponsor_names_with_proxy_commercial_metrics,0.931713528183716,-15,-16.19999999999999,3,-6.200000000000003,0.04,-0.0256666666666668,0.0003333333333333,0.6134810916271758,0.585758931522117,4.319,0.48,0.3446047199259539,0.1402666666666666,0.82105,0.4434833369014487,0.2,0.5508370891497372,4.055,0.156
367,1986,Algeria,Northern Ireland,group_or_knockout,True,0.0,48.3,11.7,76.6,rain,49.82,154.12,draw,Guadalajara,Mexico,1986-06-03,0.1702,5.17,0.191,0.175,47.98,1543,2,333.4,-0.31,18.82,0.474,72.2,36.3,11.9,0.258,0.887,1.2466666666666666,0.0059999999999999,Hisense,technology,30.28,200.0,1.0,0.679,0.66,0.889,0.626,real_sponsor_names_with_proxy_commercial_metrics,0.7315493691339694,1543,2,333.4,-0.15,18.82,0.474,66.3,29.3,14.28,0.151,0.5943333333333333,4.053333333333334,0.075,Qatar Airways,airline,21.11,77.31,0.551,0.318,0.682,0.667,0.62,real_sponsor_names_with_proxy_commercial_metrics,0.4343625610241698,0,0.0,0,5.900000000000006,-0.16,0.2926666666666667,0.107,0.3657175034061077,0.3568938365292717,3.194,0.48,0.3366498461683732,0.1999999999999999,0.77335,0.6780919146506815,0.2,0.4551010920540233,3.298,0.109
368,1986,Mexico,Belgium,group_or_knockout,False,0.18,47.3,16.6,72.8,cloudy,52.02,93.93,A_win,Mexico City,Mexico,1986-06-03,0.2812,5.45,0.097,0.17,44.64,1612,10,421.9,-0.18,26.83,0.584,72.1,37.6,18.89,0.2446666666666666,0.7546666666666667,1.1233333333333333,0.211,Hyundai,automotive,28.5,420.0,1.0,0.636,0.712,0.897,0.88,real_sponsor_names_with_proxy_commercial_metrics,0.853187632551073,1674,9,495.4,0.02,28.38,0.646,71.5,40.4,23.19,0.142,0.7919999999999999,3.7566666666666655,0.0076666666666666,Visa,finance,26.85,190.0,1.0,0.538,0.72,0.914,0.914,real_sponsor_names_with_proxy_commercial_metrics,0.712621177050387,-62,-73.5,1,0.5999999999999943,-0.1999999999999999,-0.0373333333333332,0.1026666666666666,0.5181915824104364,0.4695782531217327,3.71,0.22,0.3251054252114689,0.2449333333333332,0.83529,0.4302155141654178,0.2,0.5195126277286365,3.744,0.131
369,1986,Portugal,England,group_or_knockout,True,0.0,60.6,28.3,96.0,hot,47.62,76.85,A_win,Monterrey,Mexico,1986-06-03,0.3781,3.91,0.125,0.158,45.77,1702,6,527.3,0.14,27.94,0.666,76.8,47.1,14.4,0.2406666666666666,0.7363333333333334,3.2266666666666666,0.0836666666666666,Mengniu,consumer_goods,17.76,59.99,0.368,0.468,0.8,0.643,0.574,real_sponsor_names_with_proxy_commercial_metrics,0.3591620632748621,1695,13,522.2,0.16,30.51,0.678,76.6,52.6,19.34,0.28,0.7986666666666666,2.61,0.1863333333333333,McDonald's,restaurant,20.29,74.13,0.517,0.758,0.819,0.654,0.569,real_sponsor_names_with_proxy_commercial_metrics,0.4320601407850143,7,5.099999999999909,-7,0.2000000000000028,-0.0199999999999999,-0.0623333333333332,-0.0393333333333333,0.6820304126224132,0.3815414702394379,3.306,0.62,0.3158089061083831,0.2498666666666666,0.64909,0.7138728323699421,0.2,0.3480728880746861,3.218,0.181
370,1986,Paraguay,Iraq,group_or_knockout,True,0.0,69.0,24.6,46.0,clear,47.62,148.77,A_win,Toluca,Mexico,1986-06-04,0.1469,5.42,0.049,0.099,45.89,1578,4,377.4,-0.11,22.66,0.528,69.9,30.5,12.88,0.1066666666666666,0.8923333333333333,3.733333333333333,0.1686666666666666,Hyundai,automotive,26.2,420.0,1.0,0.401,0.667,0.921,0.802,real_sponsor_names_with_proxy_commercial_metrics,0.8124367766011774,1388,1,142.7,-1.0,8.65,0.277,63.6,11.4,6.1,0.3003333333333333,0.7483333333333334,3.106666666666667,0.309,Hyundai,automotive,29.12,420.0,1.0,0.425,0.596,0.858,0.816,real_sponsor_names_with_proxy_commercial_metrics,0.8334909937201753,190,234.7,3,6.300000000000004,0.89,0.1439999999999999,-0.1936666666666666,0.4105964679456181,0.4389436091184646,3.951,0.12,0.2909133623685747,0.1070666666666666,0.81069,0.2015806750874188,0.2,0.4991443094111676,3.788,0.145
371,1986,Scotland,Denmark,group_or_knockout,True,0.0,58.1,25.5,49.9,hot,47.62,108.5,B_win,Nezahualcóyotl,Mexico,1986-06-04,0.2064,2.82,0.275,0.171,42.31,1529,4,318.6,-0.35,20.39,0.472,67.9,31.6,17.66,0.1853333333333333,0.9116666666666668,1.8866666666666667,0.2256666666666666,Budweiser,beverage,26.35,200.0,1.0,0.459,0.686,0.905,0.601,real_sponsor_names_with_proxy_commercial_metrics,0.6827095152717566,1642,4,453.4,0.04,24.3,0.592,71.5,43.1,19.09,0.1573333333333333,0.8273333333333334,2.966666666666667,0.3496666666666666,Coca-Cola,beverage,33.85,180.0,1.0,0.685,0.715,0.895,0.825,real_sponsor_names_with_proxy_commercial_metrics,0.7927174317308963,-113,-134.79999999999995,0,-3.5999999999999943,-0.3899999999999999,0.0843333333333333,0.0279999999999999,0.3145516160739996,0.4847228037395473,3.382,0.62,0.2862820498597401,0.1465333333333332,0.7845199999999999,0.4418429315635481,0.2,0.4738698786842429,3.473,0.132
372,1986,Uruguay,Germany,group_or_knockout,True,0.0,75.3,34.2,53.1,cloudy,49.82,81.57,draw,Querétaro,Mexico,1986-06-04,0.3869,7.49,0.192,0.15,43.51,1684,10,508.3,0.07,29.28,0.661,74.8,44.8,20.58,0.1356666666666666,0.8753333333333333,1.923333333333333,0.1913333333333333,Vivo,technology,19.75,76.46,0.542,0.306,0.797,0.741,0.63,real_sponsor_names_with_proxy_commercial_metrics,0.4425490151146019,1798,20,646.1,0.4,35.62,0.797,81.3,65.9,22.15,0.2123333333333333,0.851,5.576666666666667,0.3273333333333333,Coca-Cola,beverage,29.19,180.0,1.0,0.286,0.859,0.907,0.902,real_sponsor_names_with_proxy_commercial_metrics,0.7594715235889338,-114,-137.8,-10,-6.5,-0.33,0.0243333333333333,-0.0766666666666666,0.6570661125383135,0.5213404366917451,3.613,0.22,0.3259071343687557,0.1312666666666666,0.71205,0.5219706700920574,0.2,0.4251795127749442,3.481,0.176
373,1986,France,Russia,group_or_knockout,True,0.0,69.1,25.8,50.2,clear,49.82,165.64,draw,León,Mexico,1986-06-05,0.1401,4.37,0.083,0.204,56.43,1748,13,584.8,0.26,32.28,0.733,77.8,46.5,18.67,0.2083333333333333,0.8296666666666667,3.483333333333333,0.3613333333333333,Qatar Airways,airline,24.02,81.37,0.593,0.647,0.801,0.711,0.647,real_sponsor_names_with_proxy_commercial_metrics,0.5102507613733611,1676,8,497.3,0.07,27.98,0.645,72.7,49.8,18.23,0.1086666666666666,0.8123333333333332,5.670000000000001,0.13,Hyundai,automotive,26.07,420.0,1.0,0.245,0.69,0.874,0.885,real_sponsor_names_with_proxy_commercial_metrics,0.81405268474314,72,87.49999999999994,5,5.099999999999994,0.19,0.0173333333333334,0.0996666666666667,0.8018213325687816,0.5684799229052746,3.676,0.12,0.3647273617435717,0.1931333333333333,0.7179599999999999,0.2509426960679369,0.2,0.4595064334917979,3.54,0.147
374,1986,Italy,Argentina,group_or_knockout,True,0.0,68.9,26.9,43.8,windy,49.82,257.76,draw,Puebla,Mexico,1986-06-05,0.1775,0.91,0.178,0.253,48.49,1755,14,594.5,0.34,33.03,0.744,77.8,61.6,11.04,0.3303333333333333,0.8929999999999999,1.3333333333333333,0.0393333333333333,Visa,finance,33.4,190.0,1.0,0.316,0.761,0.842,0.918,real_sponsor_names_with_proxy_commercial_metrics,0.7989842668207419,1753,15,591.7,0.26,33.16,0.743,76.8,58.0,19.5,0.2623333333333333,0.8586666666666667,3.813333333333333,0.2106666666666666,Hyundai,automotive,30.74,420.0,1.0,0.338,0.813,0.936,0.851,real_sponsor_names_with_proxy_commercial_metrics,0.9027842922587972,2,2.7999999999999545,-1,1.0,0.08,0.0343333333333332,0.068,0.8187106162327391,0.3873170311655094,3.655,0.48,0.4355736328537604,0.241,0.84782,0.3959010918432883,0.2,0.5075545193340728,3.531,0.106
375,1986,South Korea,Bulgaria,group_or_knockout,True,0.0,65.2,39.0,15.0,clear,49.82,210.08,draw,Mexico City,Mexico,1986-06-05,0.2652,2.95,0.249,0.209,48.94,1548,6,343.4,-0.37,22.9,0.505,70.3,20.2,12.829999999999998,0.151,0.8606666666666666,2.8866666666666667,0.2443333333333333,McDonald's,restaurant,25.44,80.72,0.587,0.49,0.67,0.723,0.661,real_sponsor_names_with_proxy_commercial_metrics,0.5096695074891809,1502,4,286.8,-0.46,19.9,0.447,65.2,28.9,10.5,0.3979999999999999,0.719,2.9800000000000004,-0.0613333333333333,Hisense,technology,33.88,200.0,1.0,0.2,0.675,0.918,0.633,real_sponsor_names_with_proxy_commercial_metrics,0.7870611436642407,46,56.599999999999966,2,5.099999999999994,0.09,0.1416666666666666,-0.2469999999999999,0.3785695739184261,0.459935384873151,3.274,0.12,0.4150063684041551,0.1463333333333333,0.6669599999999999,0.4421965317919075,0.2,0.4346982632427167,3.197,0.126
376,1986,Brazil,Algeria,group_or_knockout,True,0.0,88.3,21.7,51.0,clear,47.62,126.62,A_win,Guadalajara,Mexico,1986-06-06,0.2622,2.48,0.236,0.215,37.28,1829,20,683.6,0.5,36.78,0.83,78.8,57.4,18.61,0.1376666666666667,0.7313333333333333,3.723333333333333,0.206,Adidas,apparel,33.15,430.0,1.0,0.369,0.809,0.916,0.861,real_sponsor_names_with_proxy_commercial_metrics,0.9383411482254695,1543,2,333.4,-0.31,18.82,0.474,72.2,36.3,11.9,0.258,0.887,1.2466666666666666,0.0059999999999999,Hisense,technology,30.28,200.0,1.0,0.679,0.66,0.889,0.626,real_sponsor_names_with_proxy_commercial_metrics,0.7315493691339694,286,350.20000000000005,18,6.599999999999994,0.81,-0.1556666666666667,-0.1203333333333333,0.9764150943396226,0.4999842681315403,4.33,0.12,0.313439822923013,0.1900666666666667,0.87793,0.163359023763648,0.2,0.5553916352355466,4.022,0.121
377,1986,England,Morocco,group_or_knockout,True,0.0,55.3,18.2,63.9,clear,45.42,130.12,draw,Monterrey,Mexico,1986-06-06,0.4991,2.27,0.082,0.113,38.4,1695,13,522.2,0.16,30.51,0.678,76.6,52.6,19.34,0.28,0.7986666666666666,2.61,0.1863333333333333,McDonald's,restaurant,20.29,74.13,0.517,0.758,0.819,0.654,0.569,real_sponsor_names_with_proxy_commercial_metrics,0.4320601407850143,1552,4,345.5,-0.26,21.17,0.496,69.2,34.3,12.67,0.2156666666666666,0.86,4.223333333333334,-0.0613333333333333,Mengniu,consumer_goods,19.44,62.12,0.391,0.28,0.668,0.598,0.65,real_sponsor_names_with_proxy_commercial_metrics,0.365598332426661,143,176.70000000000005,9,7.399999999999991,0.42,-0.0613333333333333,0.0643333333333333,0.7074856858162286,0.4933482019162024,3.376,0.12,0.3479349217832136,0.2485333333333333,0.68589,0.3101402269321344,0.2,0.4085315146815829,3.461,0.171
378,1986,Hungary,Canada,group_or_knockout,True,0.0,32.0,25.6,50.1,clear,49.82,182.54,A_win,Irapuato,Mexico,1986-06-06,0.2257,-0.68,-0.095,0.079,45.26,1691,5,513.5,0.03,27.22,0.652,78.9,42.6,16.61,0.1083333333333333,0.8380000000000001,2.99,0.2826666666666667,Adidas,apparel,33.47,430.0,1.0,0.501,0.712,0.937,0.887,real_sponsor_names_with_proxy_commercial_metrics,0.931713528183716,1404,1,163.9,-1.0,11.34,0.308,62.1,14.1,8.35,0.1956666666666666,0.8916666666666666,2.7900000000000005,0.2693333333333333,Hisense,technology,28.16,200.0,1.0,0.586,0.646,0.897,0.559,real_sponsor_names_with_proxy_commercial_metrics,0.6968911019105875,287,349.6,4,16.800000000000004,1.03,-0.0536666666666665,-0.0873333333333333,0.6789758272283496,0.5180471883694496,3.723,0.12,0.342999957666733,0.1297999999999999,0.84634,0.2453082851637765,0.2,0.5639640510408843,3.835,0.115
379,1986,Mexico,Paraguay,group_or_knockout,False,0.18,78.9,25.6,89.0,clear,49.82,194.92,draw,Mexico City,Mexico,1986-06-07,0.2381,3.61,0.188,0.258,56.18,1612,10,421.9,-0.18,26.83,0.584,72.1,37.6,18.89,0.2446666666666666,0.7546666666666667,1.1233333333333333,0.211,Hyundai,automotive,28.5,420.0,1.0,0.636,0.712,0.897,0.88,real_sponsor_names_with_proxy_commercial_metrics,0.853187632551073,1578,4,377.4,-0.11,22.66,0.528,69.9,30.5,12.88,0.1066666666666666,0.8923333333333333,3.733333333333333,0.1686666666666666,Hyundai,automotive,26.2,420.0,1.0,0.401,0.667,0.921,0.802,real_sponsor_names_with_proxy_commercial_metrics,0.8124367766011774,34,44.5,6,2.1999999999999886,-0.0699999999999999,-0.1376666666666666,0.138,0.5181915824104364,0.4948491807014723,3.983,0.12,0.4260548819111276,0.2449333333333332,0.83529,0.4133947049168629,0.2,0.5467783787908953,3.831,0.134
380,1986,Northern Ireland,Spain,group_or_knockout,True,0.0,52.0,19.8,58.2,cloudy,52.02,135.02,B_win,Guadalajara,Mexico,1986-06-07,0.2482,-0.11,0.085,0.064,43.86,1543,2,333.4,-0.15,18.82,0.474,66.3,29.3,14.28,0.151,0.5943333333333333,4.053333333333334,0.075,Qatar Airways,airline,21.11,77.31,0.551,0.318,0.682,0.667,0.62,real_sponsor_names_with_proxy_commercial_metrics,0.4343625610241698,1708,12,537.2,0.18,30.58,0.689,77.4,45.2,19.26,0.2126666666666666,0.84,4.25,0.077,Budweiser,beverage,27.85,200.0,1.0,0.321,0.724,0.933,0.612,real_sponsor_names_with_proxy_commercial_metrics,0.7135544213260362,-165,-203.80000000000007,-10,-11.100000000000009,-0.3299999999999999,-0.2456666666666667,-0.0616666666666666,0.3100571260476171,0.4034207381427296,2.939,0.22,0.3186637256988415,0.2528666666666667,0.64537,0.2838921001926782,0.2,0.3721173664655333,3.071,0.145
381,1986,Poland,Portugal,group_or_knockout,True,0.0,59.4,16.8,78.7,hot,47.62,137.39,A_win,Monterrey,Mexico,1986-06-07,0.2567,-2.5,0.206,0.21,42.34,1685,6,506.6,0.05,27.64,0.65,72.7,42.5,15.85,0.2053333333333333,0.815,3.9733333333333327,0.268,Coca-Cola,beverage,28.97,180.0,1.0,0.581,0.749,0.899,0.847,real_sponsor_names_with_proxy_commercial_metrics,0.7339961373676395,1702,6,527.3,0.14,27.94,0.666,76.8,47.1,14.4,0.2406666666666666,0.7363333333333334,3.2266666666666666,0.0836666666666666,Mengniu,consumer_goods,17.76,59.99,0.368,0.468,0.8,0.643,0.574,real_sponsor_names_with_proxy_commercial_metrics,0.3591620632748621,-17,-20.69999999999993,0,-4.099999999999994,-0.09,0.0786666666666665,-0.0353333333333333,0.616436840876696,0.4907868816631135,3.722,0.62,0.3311489138024536,0.1972,0.84638,0.6105070291871832,0.2,0.502470382594396,3.563,0.123
382,1986,Denmark,Uruguay,group_or_knockout,True,0.0,75.0,36.9,62.2,clear,60.82,189.06,A_win,Nezahualcóyotl,Mexico,1986-06-08,0.0832,2.08,0.232,0.207,69.12,1642,4,453.4,0.04,24.3,0.592,71.5,43.1,19.09,0.1573333333333333,0.8273333333333334,2.966666666666667,0.3496666666666666,Coca-Cola,beverage,33.85,180.0,1.0,0.685,0.715,0.895,0.825,real_sponsor_names_with_proxy_commercial_metrics,0.7927174317308963,1684,10,508.3,0.07,29.28,0.661,74.8,44.8,20.58,0.1356666666666666,0.8753333333333333,1.923333333333333,0.1913333333333333,Vivo,technology,19.75,76.46,0.542,0.306,0.797,0.741,0.63,real_sponsor_names_with_proxy_commercial_metrics,0.4425490151146019,-42,-54.900000000000034,-6,-3.299999999999997,-0.03,-0.0479999999999999,0.0216666666666666,0.526123570801118,0.6207816708279534,3.934,0.12,0.4567587708059475,0.1634666666666666,0.8277999999999999,0.5915228716192107,0.2,0.5775068056084316,3.617,0.107
383,1986,Germany,Scotland,group_or_knockout,True,0.0,37.2,25.0,71.2,cloudy,52.02,173.59,A_win,Querétaro,Mexico,1986-06-08,0.2499,1.21,0.245,0.229,49.59,1798,20,646.1,0.4,35.62,0.797,81.3,65.9,22.15,0.2123333333333333,0.851,5.576666666666667,0.3273333333333333,Coca-Cola,beverage,29.19,180.0,1.0,0.286,0.859,0.907,0.902,real_sponsor_names_with_proxy_commercial_metrics,0.7594715235889338,1529,4,318.6,-0.35,20.39,0.472,67.9,31.6,17.66,0.1853333333333333,0.9116666666666668,1.8866666666666667,0.2256666666666666,Budweiser,beverage,26.35,200.0,1.0,0.459,0.686,0.905,0.601,real_sponsor_names_with_proxy_commercial_metrics,0.6827095152717566,269,327.5,16,13.399999999999991,0.75,-0.0606666666666667,0.0269999999999999,0.9510351228677828,0.6781205089932212,3.976,0.22,0.4019250409931418,0.1869999999999999,0.90283,0.3608741882537644,0.2,0.5837081163780744,4.1,0.14
384,1986,Iraq,Belgium,group_or_knockout,True,0.0,41.7,18.6,62.5,clear,52.02,143.22,B_win,Toluca,Mexico,1986-06-08,0.2336,0.99,0.296,0.301,46.54,1388,1,142.7,-1.0,8.65,0.277,63.6,11.4,6.1,0.3003333333333333,0.7483333333333334,3.106666666666667,0.309,Hyundai,automotive,29.12,420.0,1.0,0.425,0.596,0.858,0.816,real_sponsor_names_with_proxy_commercial_metrics,0.8334909937201753,1674,9,495.4,0.02,28.38,0.646,71.5,40.4,23.19,0.142,0.7919999999999999,3.7566666666666655,0.0076666666666666,Visa,finance,26.85,190.0,1.0,0.538,0.72,0.914,0.914,real_sponsor_names_with_proxy_commercial_metrics,0.712621177050387,-286,-352.7,-8,-7.899999999999999,-1.02,-0.0436666666666665,0.1583333333333333,0.0330188679245283,0.3247215682155827,3.008,0.12,0.3849249226151126,0.2808666666666666,0.7672199999999999,0.2936862199386283,0.2,0.4745036621162278,3.173,0.109
385,1986,Hungary,France,group_or_knockout,True,0.0,37.2,28.5,79.9,hot,52.02,143.74,B_win,León,Mexico,1986-06-09,0.3979,-3.72,0.255,0.317,52.46,1691,5,513.5,0.03,27.22,0.652,78.9,42.6,16.61,0.1083333333333333,0.8380000000000001,2.99,0.2826666666666667,Adidas,apparel,33.47,430.0,1.0,0.501,0.712,0.937,0.887,real_sponsor_names_with_proxy_commercial_metrics,0.931713528183716,1748,13,584.8,0.26,32.28,0.733,77.8,46.5,18.67,0.2083333333333333,0.8296666666666667,3.483333333333333,0.3613333333333333,Qatar Airways,airline,24.02,81.37,0.593,0.647,0.801,0.711,0.647,real_sponsor_names_with_proxy_commercial_metrics,0.5102507613733611,-57,-71.29999999999995,-8,1.1000000000000083,-0.23,0.0083333333333334,-0.1,0.6789758272283496,0.5144282757605517,3.537,0.62,0.4493215187389474,0.1297999999999999,0.84634,0.6495072432741026,0.2,0.5842150677248358,3.739,0.112
386,1986,Russia,Canada,group_or_knockout,True,0.0,47.7,22.3,58.9,clear,49.82,209.51,A_win,Irapuato,Mexico,1986-06-09,0.1809,1.01,0.296,0.211,47.76,1676,8,497.3,0.07,27.98,0.645,72.7,49.8,18.23,0.1086666666666666,0.8123333333333332,5.670000000000001,0.13,Hyundai,automotive,26.07,420.0,1.0,0.245,0.69,0.874,0.885,real_sponsor_names_with_proxy_commercial_metrics,0.81405268474314,1404,1,163.9,-1.0,11.34,0.308,62.1,14.1,8.35,0.1956666666666666,0.8916666666666666,2.7900000000000005,0.2693333333333333,Hisense,technology,28.16,200.0,1.0,0.586,0.646,0.897,0.559,real_sponsor_names_with_proxy_commercial_metrics,0.6968911019105875,272,333.4,7,10.6,1.07,-0.0793333333333333,-0.087,0.6134810916271758,0.573085134660294,4.056,0.12,0.388805087722217,0.1402666666666666,0.82105,0.1974948262327838,0.2,0.5561284995876794,4.128,0.158
387,1986,Argentina,Bulgaria,group_or_knockout,True,0.0,63.7,21.5,65.9,clear,49.82,199.75,A_win,Mexico City,Mexico,1986-06-10,0.1941,2.44,0.267,0.24,56.03,1753,15,591.7,0.26,33.16,0.743,76.8,58.0,19.5,0.2623333333333333,0.8586666666666667,3.813333333333333,0.2106666666666666,Hyundai,automotive,30.74,420.0,1.0,0.338,0.813,0.936,0.851,real_sponsor_names_with_proxy_commercial_metrics,0.9027842922587972,1502,4,286.8,-0.46,19.9,0.447,65.2,28.9,10.5,0.3979999999999999,0.719,2.9800000000000004,-0.0613333333333333,Hisense,technology,33.88,200.0,1.0,0.2,0.675,0.918,0.633,real_sponsor_names_with_proxy_commercial_metrics,0.7870611436642407,251,304.90000000000003,11,11.599999999999994,0.72,0.1396666666666667,-0.1356666666666666,0.8112048561394937,0.5800510830774921,4.206,0.12,0.4126911797587856,0.2139333333333333,0.8831100000000001,0.232944051951759,0.2,0.5884201693555664,4.077,0.133
388,1986,South Korea,Italy,group_or_knockout,True,0.0,64.8,26.4,63.9,cloudy,56.42,184.29,B_win,Puebla,Mexico,1986-06-10,0.3754,1.47,0.274,0.235,45.7,1548,6,343.4,-0.37,22.9,0.505,70.3,20.2,12.829999999999998,0.151,0.8606666666666666,2.8866666666666667,0.2443333333333333,McDonald's,restaurant,25.44,80.72,0.587,0.49,0.67,0.723,0.661,real_sponsor_names_with_proxy_commercial_metrics,0.5096695074891809,1755,14,594.5,0.34,33.03,0.744,77.8,61.6,11.04,0.3303333333333333,0.8929999999999999,1.3333333333333333,0.0393333333333333,Visa,finance,33.4,190.0,1.0,0.316,0.761,0.842,0.918,real_sponsor_names_with_proxy_commercial_metrics,0.7989842668207419,-207,-251.1,-8,-7.5,-0.71,-0.0323333333333333,-0.1793333333333333,0.3785695739184261,0.4806253438869132,3.209,0.22,0.4598509459426278,0.1463333333333333,0.6669599999999999,0.3657471633483193,0.2,0.4494603672742646,3.154,0.124
389,1986,England,Poland,group_or_knockout,True,0.0,61.6,15.2,53.4,rain,52.02,240.56,A_win,Monterrey,Mexico,1986-06-11,0.119,3.61,0.153,0.123,55.38,1695,13,522.2,0.16,30.51,0.678,76.6,52.6,19.34,0.28,0.7986666666666666,2.61,0.1863333333333333,McDonald's,restaurant,20.29,74.13,0.517,0.758,0.819,0.654,0.569,real_sponsor_names_with_proxy_commercial_metrics,0.4320601407850143,1685,6,506.6,0.05,27.64,0.65,72.7,42.5,15.85,0.2053333333333333,0.815,3.9733333333333327,0.268,Coca-Cola,beverage,28.97,180.0,1.0,0.581,0.749,0.899,0.847,real_sponsor_names_with_proxy_commercial_metrics,0.7339961373676395,10,15.600000000000025,7,3.899999999999992,0.11,-0.0163333333333333,0.0746666666666666,0.7074856858162286,0.5614678763098931,3.721,0.48,0.4037121379887071,0.2485333333333333,0.68589,0.4868045386426889,0.2,0.4387604667529149,3.572,0.176
390,1986,Mexico,Iraq,group_or_knockout,False,0.18,39.6,25.1,64.5,rain,47.62,122.13,A_win,Mexico City,Mexico,1986-06-11,0.2371,5.72,0.053,0.13,41.93,1612,10,421.9,-0.18,26.83,0.584,72.1,37.6,18.89,0.2446666666666666,0.7546666666666667,1.1233333333333333,0.211,Hyundai,automotive,28.5,420.0,1.0,0.636,0.712,0.897,0.88,real_sponsor_names_with_proxy_commercial_metrics,0.853187632551073,1388,1,142.7,-1.0,8.65,0.277,63.6,11.4,6.1,0.3003333333333333,0.7483333333333334,3.106666666666667,0.309,Hyundai,automotive,29.12,420.0,1.0,0.425,0.596,0.858,0.816,real_sponsor_names_with_proxy_commercial_metrics,0.8334909937201753,224,279.2,9,8.499999999999993,0.8200000000000001,0.0063333333333333,-0.0556666666666666,0.5181915824104364,0.4596170183691221,3.642,0.48,0.2939646226673416,0.2449333333333332,0.83529,0.438524727039178,0.2,0.51049532148908,3.816,0.134
391,1986,Paraguay,Belgium,group_or_knockout,True,0.0,28.0,34.5,93.8,cloudy,54.22,244.08,draw,Toluca,Mexico,1986-06-11,0.1459,3.88,0.355,0.275,58.04,1578,4,377.4,-0.11,22.66,0.528,69.9,30.5,12.88,0.1066666666666666,0.8923333333333333,3.733333333333333,0.1686666666666666,Hyundai,automotive,26.2,420.0,1.0,0.401,0.667,0.921,0.802,real_sponsor_names_with_proxy_commercial_metrics,0.8124367766011774,1674,9,495.4,0.02,28.38,0.646,71.5,40.4,23.19,0.142,0.7919999999999999,3.7566666666666655,0.0076666666666666,Visa,finance,26.85,190.0,1.0,0.538,0.72,0.914,0.914,real_sponsor_names_with_proxy_commercial_metrics,0.712621177050387,-96,-118.0,-5,-1.5999999999999943,-0.13,0.1003333333333333,-0.0353333333333333,0.4105964679456181,0.5017956361973325,3.599,0.22,0.4689782642850538,0.1070666666666666,0.81069,0.705638335831014,0.2,0.5523558573765466,3.876,0.148
392,1986,Portugal,Morocco,group_or_knockout,True,0.0,58.7,25.8,53.7,rain,54.22,180.36,B_win,Guadalajara,Mexico,1986-06-11,0.0399,4.96,0.161,0.157,58.84,1702,6,527.3,0.14,27.94,0.666,76.8,47.1,14.4,0.2406666666666666,0.7363333333333334,3.2266666666666666,0.0836666666666666,Mengniu,consumer_goods,17.76,59.99,0.368,0.468,0.8,0.643,0.574,real_sponsor_names_with_proxy_commercial_metrics,0.3591620632748621,1552,4,345.5,-0.26,21.17,0.496,69.2,34.3,12.67,0.2156666666666666,0.86,4.223333333333334,-0.0613333333333333,Mengniu,consumer_goods,19.44,62.12,0.391,0.28,0.668,0.598,0.65,real_sponsor_names_with_proxy_commercial_metrics,0.365598332426661,150,181.79999999999995,2,7.599999999999994,0.4,-0.1236666666666665,0.0249999999999999,0.6820304126224132,0.4472484020097498,3.267,0.48,0.365748591290526,0.2498666666666666,0.64909,0.4100661528580603,0.2,0.376458766006802,3.387,0.191
393,1986,Algeria,Spain,group_or_knockout,True,0.0,51.9,20.7,64.7,clear,52.02,371.49,B_win,Monterrey,Mexico,1986-06-12,0.3154,5.13,0.255,0.177,56.48,1543,2,333.4,-0.31,18.82,0.474,72.2,36.3,11.9,0.258,0.887,1.2466666666666666,0.0059999999999999,Hisense,technology,30.28,200.0,1.0,0.679,0.66,0.889,0.626,real_sponsor_names_with_proxy_commercial_metrics,0.7315493691339694,1708,12,537.2,0.18,30.58,0.689,77.4,45.2,19.26,0.2126666666666666,0.84,4.25,0.077,Budweiser,beverage,27.85,200.0,1.0,0.321,0.724,0.933,0.612,real_sponsor_names_with_proxy_commercial_metrics,0.7135544213260362,-165,-203.80000000000007,-10,-5.200000000000003,-0.49,0.047,0.0453333333333333,0.3657175034061077,0.4424628427993014,3.338,0.12,0.5708358245023187,0.1999999999999999,0.77335,0.2485681153214872,0.2,0.5258976094764207,3.487,0.115
394,1986,Northern Ireland,Brazil,group_or_knockout,True,0.0,64.0,20.0,78.1,clear,52.02,106.46,B_win,Guadalajara,Mexico,1986-06-12,0.2101,0.66,0.112,0.121,56.81,1543,2,333.4,-0.15,18.82,0.474,66.3,29.3,14.28,0.151,0.5943333333333333,4.053333333333334,0.075,Qatar Airways,airline,21.11,77.31,0.551,0.318,0.682,0.667,0.62,real_sponsor_names_with_proxy_commercial_metrics,0.4343625610241698,1829,20,683.6,0.5,36.78,0.83,78.8,57.4,18.61,0.1376666666666667,0.7313333333333333,3.723333333333333,0.206,Adidas,apparel,33.15,430.0,1.0,0.369,0.809,0.916,0.861,real_sponsor_names_with_proxy_commercial_metrics,0.9383411482254695,-286,-350.20000000000005,-18,-12.5,-0.65,-0.137,0.0133333333333333,0.3100571260476171,0.3934773139978954,3.011,0.12,0.3327799988010813,0.2528666666666667,0.64537,0.3246774423749374,0.2,0.3721564623254277,2.999,0.142
395,1986,Denmark,Germany,group_or_knockout,True,0.0,67.1,20.5,76.2,clear,49.82,117.38,A_win,Querétaro,Mexico,1986-06-13,0.4451,3.72,0.233,0.199,51.74,1642,4,453.4,0.04,24.3,0.592,71.5,43.1,19.09,0.1573333333333333,0.8273333333333334,2.966666666666667,0.3496666666666666,Coca-Cola,beverage,33.85,180.0,1.0,0.685,0.715,0.895,0.825,real_sponsor_names_with_proxy_commercial_metrics,0.7927174317308963,1798,20,646.1,0.4,35.62,0.797,81.3,65.9,22.15,0.2123333333333333,0.851,5.576666666666667,0.3273333333333333,Coca-Cola,beverage,29.19,180.0,1.0,0.286,0.859,0.907,0.902,real_sponsor_names_with_proxy_commercial_metrics,0.7594715235889338,-156,-192.70000000000005,-16,-9.799999999999995,-0.36,-0.0236666666666666,-0.0549999999999999,0.526123570801118,0.546377321869658,3.692,0.12,0.4007395023485906,0.1634666666666666,0.8277999999999999,0.3034617854849069,0.2,0.5454697342086374,3.459,0.102
396,1986,Scotland,Uruguay,group_or_knockout,True,0.0,59.8,21.5,58.2,clear,45.42,145.94,draw,Nezahualcóyotl,Mexico,1986-06-13,0.3274,4.89,-0.039,0.048,37.76,1529,4,318.6,-0.35,20.39,0.472,67.9,31.6,17.66,0.1853333333333333,0.9116666666666668,1.8866666666666667,0.2256666666666666,Budweiser,beverage,26.35,200.0,1.0,0.459,0.686,0.905,0.601,real_sponsor_names_with_proxy_commercial_metrics,0.6827095152717566,1684,10,508.3,0.07,29.28,0.661,74.8,44.8,20.58,0.1356666666666666,0.8753333333333333,1.923333333333333,0.1913333333333333,Vivo,technology,19.75,76.46,0.542,0.306,0.797,0.741,0.63,real_sponsor_names_with_proxy_commercial_metrics,0.4425490151146019,-155,-189.7,-6,-6.899999999999992,-0.42,0.0363333333333334,0.0496666666666666,0.3145516160739996,0.4878682199605961,3.515,0.12,0.2946854655038157,0.1465333333333332,0.7845199999999999,0.1996724470134874,0.2,0.4764312783549517,3.46,0.131
397,1986,Mexico,Bulgaria,group_or_knockout,False,0.18,67.9,20.7,19.9,clear,49.82,159.12,A_win,Mexico City,Mexico,1986-06-15,0.2521,1.88,0.123,0.165,39.79,1612,10,421.9,-0.18,26.83,0.584,72.1,37.6,18.89,0.2446666666666666,0.7546666666666667,1.1233333333333333,0.211,Hyundai,automotive,28.5,420.0,1.0,0.636,0.712,0.897,0.88,real_sponsor_names_with_proxy_commercial_metrics,0.853187632551073,1502,4,286.8,-0.46,19.9,0.447,65.2,28.9,10.5,0.3979999999999999,0.719,2.9800000000000004,-0.0613333333333333,Hisense,technology,33.88,200.0,1.0,0.2,0.675,0.918,0.633,real_sponsor_names_with_proxy_commercial_metrics,0.7870611436642407,110,135.09999999999997,6,6.899999999999992,0.28,0.0356666666666667,-0.1533333333333333,0.5181915824104364,0.4823850846095583,3.965,0.12,0.3404070526160155,0.2449333333333332,0.83529,0.0549878684079069,0.2,0.5261588660261369,3.812,0.134
398,1986,Russia,Belgium,group_or_knockout,True,0.0,61.0,28.5,66.3,cloudy,60.82,300.05,B_win,León,Mexico,1986-06-15,0.2067,1.14,0.148,0.176,54.9,1676,8,497.3,0.07,27.98,0.645,72.7,49.8,18.23,0.1086666666666666,0.8123333333333332,5.670000000000001,0.13,Hyundai,automotive,26.07,420.0,1.0,0.245,0.69,0.874,0.885,real_sponsor_names_with_proxy_commercial_metrics,0.81405268474314,1674,9,495.4,0.02,28.38,0.646,71.5,40.4,23.19,0.142,0.7919999999999999,3.7566666666666655,0.0076666666666666,Visa,finance,26.85,190.0,1.0,0.538,0.72,0.914,0.914,real_sponsor_names_with_proxy_commercial_metrics,0.712621177050387,2,1.900000000000034,-1,1.2000000000000028,0.05,0.0203333333333333,-0.0333333333333333,0.6134810916271758,0.6540557644089106,4.132,0.22,0.530477204403804,0.1402666666666666,0.82105,0.4307418111753371,0.2,0.6071346992536093,4.217,0.162
399,1986,Argentina,Uruguay,group_or_knockout,True,0.0,64.9,12.6,22.5,clear,47.62,112.86,A_win,Puebla,Mexico,1986-06-16,0.1925,3.91,0.193,0.22,45.63,1753,15,591.7,0.26,33.16,0.743,76.8,58.0,19.5,0.2623333333333333,0.8586666666666667,3.813333333333333,0.2106666666666666,Hyundai,automotive,30.74,420.0,1.0,0.338,0.813,0.936,0.851,real_sponsor_names_with_proxy_commercial_metrics,0.9027842922587972,1684,10,508.3,0.07,29.28,0.661,74.8,44.8,20.58,0.1356666666666666,0.8753333333333333,1.923333333333333,0.1913333333333333,Vivo,technology,19.75,76.46,0.542,0.306,0.797,0.741,0.63,real_sponsor_names_with_proxy_commercial_metrics,0.4425490151146019,69,83.40000000000003,5,2.0,0.19,-0.0166666666666666,0.1266666666666667,0.8112048561394937,0.539909877312293,4.102,0.12,0.3057604948595409,0.2139333333333333,0.8831100000000001,0.2769160779276386,0.2,0.5557944947614617,3.923,0.128
400,1986,Brazil,Poland,group_or_knockout,True,0.0,48.8,28.2,81.5,cloudy,54.22,199.62,A_win,Guadalajara,Mexico,1986-06-16,0.1452,-0.31,0.242,0.155,48.2,1829,20,683.6,0.5,36.78,0.83,78.8,57.4,18.61,0.1376666666666667,0.7313333333333333,3.723333333333333,0.206,Adidas,apparel,33.15,430.0,1.0,0.369,0.809,0.916,0.861,real_sponsor_names_with_proxy_commercial_metrics,0.9383411482254695,1685,6,506.6,0.05,27.64,0.65,72.7,42.5,15.85,0.2053333333333333,0.815,3.9733333333333327,0.268,Coca-Cola,beverage,28.97,180.0,1.0,0.581,0.749,0.899,0.847,real_sponsor_names_with_proxy_commercial_metrics,0.7339961373676395,144,177.0,14,6.099999999999994,0.45,-0.0836666666666666,-0.0676666666666666,0.9764150943396226,0.5550688654950282,4.099,0.22,0.3824411820142245,0.1900666666666667,0.87793,0.4886173553129237,0.2,0.5846155943155655,4.104,0.124
401,1986,Italy,France,group_or_knockout,True,0.0,55.7,20.7,60.7,cloudy,49.82,197.14,B_win,Mexico City,Mexico,1986-06-17,0.3368,0.52,0.069,0.109,52.17,1755,14,594.5,0.34,33.03,0.744,77.8,61.6,11.04,0.3303333333333333,0.8929999999999999,1.3333333333333333,0.0393333333333333,Visa,finance,33.4,190.0,1.0,0.316,0.761,0.842,0.918,real_sponsor_names_with_proxy_commercial_metrics,0.7989842668207419,1748,13,584.8,0.26,32.28,0.733,77.8,46.5,18.67,0.2083333333333333,0.8296666666666667,3.483333333333333,0.3613333333333333,Qatar Airways,airline,24.02,81.37,0.593,0.647,0.801,0.711,0.647,real_sponsor_names_with_proxy_commercial_metrics,0.5102507613733611,7,9.700000000000044,1,0.0,0.08,0.0633333333333332,0.122,0.8187106162327391,0.3662116259953466,3.389,0.22,0.4089204797488894,0.241,0.84782,0.2712841647042032,0.2,0.4963143752654529,3.493,0.105
402,1986,Morocco,Germany,group_or_knockout,True,0.0,60.6,25.3,74.0,rain,47.62,165.76,B_win,Monterrey,Mexico,1986-06-17,0.1861,1.4,0.209,0.253,49.53,1552,4,345.5,-0.26,21.17,0.496,69.2,34.3,12.67,0.2156666666666666,0.86,4.223333333333334,-0.0613333333333333,Mengniu,consumer_goods,19.44,62.12,0.391,0.28,0.668,0.598,0.65,real_sponsor_names_with_proxy_commercial_metrics,0.365598332426661,1798,20,646.1,0.4,35.62,0.797,81.3,65.9,22.15,0.2123333333333333,0.851,5.576666666666667,0.3273333333333333,Coca-Cola,beverage,29.19,180.0,1.0,0.286,0.859,0.907,0.902,real_sponsor_names_with_proxy_commercial_metrics,0.7594715235889338,-246,-300.6,-16,-12.099999999999994,-0.66,0.009,0.0033333333333333,0.3627181368394233,0.4028747508089169,3.014,0.48,0.3607685710360717,0.1853999999999999,0.59794,0.4847764218939556,0.2,0.3612898442161097,2.98,0.153
403,1986,Denmark,Spain,group_or_knockout,True,0.0,68.7,16.2,43.6,rain,58.62,128.0,B_win,Querétaro,Mexico,1986-06-18,0.2602,3.75,0.254,0.203,66.23,1642,4,453.4,0.04,24.3,0.592,71.5,43.1,19.09,0.1573333333333333,0.8273333333333334,2.966666666666667,0.3496666666666666,Coca-Cola,beverage,33.85,180.0,1.0,0.685,0.715,0.895,0.825,real_sponsor_names_with_proxy_commercial_metrics,0.7927174317308963,1708,12,537.2,0.18,30.58,0.689,77.4,45.2,19.26,0.2126666666666666,0.84,4.25,0.077,Budweiser,beverage,27.85,200.0,1.0,0.321,0.724,0.933,0.612,real_sponsor_names_with_proxy_commercial_metrics,0.7135544213260362,-66,-83.80000000000007,-8,-5.900000000000006,-0.1399999999999999,-0.0126666666666666,-0.0553333333333333,0.526123570801118,0.5896334148408029,3.581,0.48,0.4408335889285308,0.1634666666666666,0.8277999999999999,0.4184472989367016,0.2,0.5656002575565461,3.558,0.105
404,1986,England,Paraguay,group_or_knockout,True,0.0,52.9,31.0,33.2,clear,52.02,220.48,A_win,Mexico City,Mexico,1986-06-18,0.1848,3.26,0.344,0.245,48.08,1695,13,522.2,0.16,30.51,0.678,76.6,52.6,19.34,0.28,0.7986666666666666,2.61,0.1863333333333333,McDonald's,restaurant,20.29,74.13,0.517,0.758,0.819,0.654,0.569,real_sponsor_names_with_proxy_commercial_metrics,0.4320601407850143,1578,4,377.4,-0.11,22.66,0.528,69.9,30.5,12.88,0.1066666666666666,0.8923333333333333,3.733333333333333,0.1686666666666666,Hyundai,automotive,26.2,420.0,1.0,0.401,0.667,0.921,0.802,real_sponsor_names_with_proxy_commercial_metrics,0.8124367766011774,117,144.80000000000007,9,6.699999999999989,0.27,-0.0936666666666666,0.1733333333333333,0.7074856858162286,0.5544768414069425,3.623,0.12,0.4187461568279684,0.2485333333333333,0.68589,0.3127460215514165,0.2,0.4398097807479411,3.594,0.177
405,1986,Brazil,France,group_or_knockout,True,0.0,64.8,30.5,62.2,clear,49.82,200.86,draw,Guadalajara,Mexico,1986-06-21,0.1111,4.97,0.213,0.17,52.95,1829,20,683.6,0.5,36.78,0.83,78.8,57.4,18.61,0.1376666666666667,0.7313333333333333,3.723333333333333,0.206,Adidas,apparel,33.15,430.0,1.0,0.369,0.809,0.916,0.861,real_sponsor_names_with_proxy_commercial_metrics,0.9383411482254695,1748,13,584.8,0.26,32.28,0.733,77.8,46.5,18.67,0.2083333333333333,0.8296666666666667,3.483333333333333,0.3613333333333333,Qatar Airways,airline,24.02,81.37,0.593,0.647,0.801,0.711,0.647,real_sponsor_names_with_proxy_commercial_metrics,0.5102507613733611,81,98.80000000000008,7,1.0,0.24,-0.0983333333333333,-0.0706666666666666,0.9764150943396226,0.5357212611715239,4.092,0.12,0.3658989956688798,0.1900666666666667,0.87793,0.4250488831799043,0.2,0.5758898278359154,4.062,0.123
406,1986,Mexico,Germany,group_or_knockout,False,0.18,54.5,28.8,57.5,cloudy,45.42,153.52,draw,Monterrey,Mexico,1986-06-21,0.2659,0.86,0.119,0.202,47.55,1612,10,421.9,-0.18,26.83,0.584,72.1,37.6,18.89,0.2446666666666666,0.7546666666666667,1.1233333333333333,0.211,Hyundai,automotive,28.5,420.0,1.0,0.636,0.712,0.897,0.88,real_sponsor_names_with_proxy_commercial_metrics,0.853187632551073,1798,20,646.1,0.4,35.62,0.797,81.3,65.9,22.15,0.2123333333333333,0.851,5.576666666666667,0.3273333333333333,Coca-Cola,beverage,29.19,180.0,1.0,0.286,0.859,0.907,0.902,real_sponsor_names_with_proxy_commercial_metrics,0.7594715235889338,-186,-224.20000000000005,-10,-9.200000000000005,-0.5800000000000001,-0.0963333333333332,0.0323333333333333,0.5181915824104364,0.4606560719824591,3.679,0.22,0.3448489004644188,0.2449333333333332,0.83529,0.400520588025405,0.2,0.5209631120602298,3.677,0.129
407,1986,Argentina,England,group_or_knockout,True,0.0,56.5,13.9,50.1,cloudy,52.02,157.41,A_win,Mexico City,Mexico,1986-06-22,0.2014,0.75,0.054,0.167,59.09,1753,15,591.7,0.26,33.16,0.743,76.8,58.0,19.5,0.2623333333333333,0.8586666666666667,3.813333333333333,0.2106666666666666,Hyundai,automotive,30.74,420.0,1.0,0.338,0.813,0.936,0.851,real_sponsor_names_with_proxy_commercial_metrics,0.9027842922587972,1695,13,522.2,0.16,30.51,0.678,76.6,52.6,19.34,0.28,0.7986666666666666,2.61,0.1863333333333333,McDonald's,restaurant,20.29,74.13,0.517,0.758,0.819,0.654,0.569,real_sponsor_names_with_proxy_commercial_metrics,0.4320601407850143,58,69.5,2,0.2000000000000028,0.1,0.06,-0.0176666666666666,0.8112048561394937,0.5751996872237511,4.115,0.22,0.3848734960484591,0.2139333333333333,0.8831100000000001,0.4023603082851638,0.2,0.5814982417744535,3.969,0.129
408,1986,Spain,Belgium,group_or_knockout,True,0.0,68.8,28.0,59.4,clear,49.82,151.67,draw,Puebla,Mexico,1986-06-22,0.2323,3.9,0.303,0.28,52.73,1708,12,537.2,0.18,30.58,0.689,77.4,45.2,19.26,0.2126666666666666,0.84,4.25,0.077,Budweiser,beverage,27.85,200.0,1.0,0.321,0.724,0.933,0.612,real_sponsor_names_with_proxy_commercial_metrics,0.7135544213260362,1674,9,495.4,0.02,28.38,0.646,71.5,40.4,23.19,0.142,0.7919999999999999,3.7566666666666655,0.0076666666666666,Visa,finance,26.85,190.0,1.0,0.538,0.72,0.914,0.914,real_sponsor_names_with_proxy_commercial_metrics,0.712621177050387,34,41.80000000000007,3,5.900000000000006,0.16,0.048,0.0706666666666666,0.7299678934836586,0.5398345287041861,3.862,0.12,0.3892900186666529,0.1915999999999999,0.80913,0.3479212160137016,0.2,0.5180469328887515,3.755,0.135
409,1986,Argentina,Belgium,group_or_knockout,True,0.0,32.1,25.4,96.0,clear,49.82,139.26,A_win,Mexico City,Mexico,1986-06-25,0.2771,1.12,0.215,0.196,43.95,1753,15,591.7,0.26,33.16,0.743,76.8,58.0,19.5,0.2623333333333333,0.8586666666666667,3.813333333333333,0.2106666666666666,Hyundai,automotive,30.74,420.0,1.0,0.338,0.813,0.936,0.851,real_sponsor_names_with_proxy_commercial_metrics,0.9027842922587972,1674,9,495.4,0.02,28.38,0.646,71.5,40.4,23.19,0.142,0.7919999999999999,3.7566666666666655,0.0076666666666666,Visa,finance,26.85,190.0,1.0,0.538,0.72,0.914,0.914,real_sponsor_names_with_proxy_commercial_metrics,0.712621177050387,79,96.30000000000008,6,5.299999999999997,0.24,0.0666666666666667,0.1203333333333333,0.8112048561394937,0.558990938591462,3.851,0.12,0.3504388824212425,0.2139333333333333,0.8831100000000001,0.4384393063583814,0.2,0.5700728694319693,3.977,0.129
410,1986,France,Germany,group_or_knockout,True,0.0,41.1,13.4,71.4,rain,49.82,170.35,B_win,Guadalajara,Mexico,1986-06-25,0.276,1.53,0.154,0.128,39.13,1748,13,584.8,0.26,32.28,0.733,77.8,46.5,18.67,0.2083333333333333,0.8296666666666667,3.483333333333333,0.3613333333333333,Qatar Airways,airline,24.02,81.37,0.593,0.647,0.801,0.711,0.647,real_sponsor_names_with_proxy_commercial_metrics,0.5102507613733611,1798,20,646.1,0.4,35.62,0.797,81.3,65.9,22.15,0.2123333333333333,0.851,5.576666666666667,0.3273333333333333,Coca-Cola,beverage,29.19,180.0,1.0,0.286,0.859,0.907,0.902,real_sponsor_names_with_proxy_commercial_metrics,0.7594715235889338,-50,-61.30000000000007,-7,-3.5,-0.14,-0.0213333333333333,-0.004,0.8018213325687816,0.5701197523073114,3.333,0.48,0.3447120847070099,0.1931333333333333,0.7179599999999999,0.6114031256690217,0.2,0.4559625303170558,3.551,0.148
411,1986,France,Belgium,group_or_knockout,True,0.0,38.7,22.9,74.8,cloudy,58.62,168.98,A_win,Puebla,Mexico,1986-06-28,0.0909,-1.1,0.027,0.178,66.16,1748,13,584.8,0.26,32.28,0.733,77.8,46.5,18.67,0.2083333333333333,0.8296666666666667,3.483333333333333,0.3613333333333333,Qatar Airways,airline,24.02,81.37,0.593,0.647,0.801,0.711,0.647,real_sponsor_names_with_proxy_commercial_metrics,0.5102507613733611,1674,9,495.4,0.02,28.38,0.646,71.5,40.4,23.19,0.142,0.7919999999999999,3.7566666666666655,0.0076666666666666,Visa,finance,26.85,190.0,1.0,0.538,0.72,0.914,0.914,real_sponsor_names_with_proxy_commercial_metrics,0.712621177050387,74,89.39999999999998,4,6.299999999999997,0.24,0.0376666666666667,0.0663333333333333,0.8018213325687816,0.6092014175649912,3.59,0.22,0.4179957450990047,0.1931333333333333,0.7179599999999999,0.3218054663526725,0.2,0.4815621286676052,3.581,0.149
412,1986,Argentina,Germany,group_or_knockout,True,0.0,27.7,25.2,71.5,clear,56.42,127.13,A_win,Mexico City,Mexico,1986-06-29,0.1245,3.41,0.082,0.158,58.55,1753,15,591.7,0.26,33.16,0.743,76.8,58.0,19.5,0.2623333333333333,0.8586666666666667,3.813333333333333,0.2106666666666666,Hyundai,automotive,30.74,420.0,1.0,0.338,0.813,0.936,0.851,real_sponsor_names_with_proxy_commercial_metrics,0.9027842922587972,1798,20,646.1,0.4,35.62,0.797,81.3,65.9,22.15,0.2123333333333333,0.851,5.576666666666667,0.3273333333333333,Coca-Cola,beverage,29.19,180.0,1.0,0.286,0.859,0.907,0.902,real_sponsor_names_with_proxy_commercial_metrics,0.7594715235889338,-45,-54.39999999999998,-5,-4.5,-0.14,0.0076666666666667,0.05,0.8112048561394937,0.5844367510302393,3.849,0.12,0.3610211685799723,0.2139333333333333,0.8831100000000001,0.3273727966887889,0.2,0.579314154146573,3.961,0.129
413,1990,Argentina,Cameroon,group_or_knockout,True,0.0,49.2,26.3,81.7,cloudy,49.08,104.57,B_win,Milan,Italy,1990-06-08,0.1739,6.04,0.207,0.16,52.64,1753,15,591.7,0.26,33.16,0.743,76.8,58.0,19.5,0.2623333333333333,0.8586666666666667,3.813333333333333,0.2106666666666666,Hyundai,automotive,30.74,420.0,1.0,0.338,0.813,0.936,0.851,real_sponsor_names_with_proxy_commercial_metrics,0.9027842922587972,1542,4,334.5,-0.31,21.28,0.489,68.0,29.1,10.52,0.2513333333333333,0.8450000000000001,2.2433333333333336,0.186,Coca-Cola,beverage,31.97,180.0,1.0,0.241,0.693,0.92,0.885,real_sponsor_names_with_proxy_commercial_metrics,0.7711359494761991,211,257.20000000000005,11,8.799999999999997,0.5700000000000001,0.0136666666666666,0.011,0.8112048561394937,0.5435867768380489,3.747,0.22,0.3049312054669985,0.2139333333333333,0.8831100000000001,0.4400595875258689,0.2,0.5566581687501648,3.998,0.13
414,1990,Italy,Austria,group_or_knockout,False,0.18,67.7,24.1,55.0,hot,49.08,113.62,A_win,Rome,Italy,1990-06-09,0.0908,0.64,0.185,0.227,52.3,1755,14,594.5,0.34,33.03,0.744,77.8,61.6,11.04,0.3303333333333333,0.8929999999999999,1.3333333333333333,0.0393333333333333,Visa,finance,33.4,190.0,1.0,0.316,0.761,0.842,0.918,real_sponsor_names_with_proxy_commercial_metrics,0.7989842668207419,1660,5,475.8,-0.03,25.77,0.617,70.5,44.6,14.99,0.1396666666666666,0.88,2.703333333333333,0.218,McDonald's,restaurant,21.71,77.28,0.55,0.451,0.702,0.72,0.649,real_sponsor_names_with_proxy_commercial_metrics,0.4544283435251633,95,118.7,9,7.299999999999997,0.37,0.0129999999999999,0.1906666666666667,0.8187106162327391,0.3338068549634935,3.61,0.62,0.3040569812322136,0.241,0.84782,0.4274637836294869,0.2,0.4662683396731989,3.472,0.104
415,1990,Russia,Romania,group_or_knockout,True,0.0,54.3,24.7,25.1,clear,51.28,155.94,B_win,Bari,Italy,1990-06-09,0.2367,4.95,0.0,0.07,53.58,1676,8,497.3,0.07,27.98,0.645,72.7,49.8,18.23,0.1086666666666666,0.8123333333333332,5.670000000000001,0.13,Hyundai,automotive,26.07,420.0,1.0,0.245,0.69,0.874,0.885,real_sponsor_names_with_proxy_commercial_metrics,0.81405268474314,1634,3,443.7,0.0,23.69,0.581,73.6,37.4,11.0,0.1443333333333333,0.7826666666666666,1.6033333333333335,0.135,Qatar Airways,airline,19.84,68.58,0.459,0.365,0.75,0.711,0.645,real_sponsor_names_with_proxy_commercial_metrics,0.4142103836358286,42,53.60000000000002,5,-0.8999999999999915,0.07,0.0296666666666666,-0.0356666666666666,0.6134810916271758,0.5609973897435397,3.865,0.12,0.3524573050738879,0.1402666666666666,0.82105,0.1138731891814743,0.2,0.5454743744813223,4.018,0.154
416,1990,United Arab Emirates,Colombia,group_or_knockout,True,0.0,60.6,31.8,55.0,hot,51.28,145.44,B_win,Bologna,Italy,1990-06-09,0.3445,2.68,0.207,0.261,53.87,1388,1,142.7,-1.0,8.65,0.277,64.1,14.2,5.74,0.2066666666666666,0.868,3.97,0.257,Adidas,apparel,28.56,430.0,1.0,0.29,0.554,0.935,0.829,real_sponsor_names_with_proxy_commercial_metrics,0.8354851356993738,1650,3,462.8,-0.05,24.41,0.599,74.7,50.9,8.73,0.2533333333333333,0.816,4.703333333333333,0.1769999999999999,Vivo,technology,18.25,73.14,0.507,0.422,0.764,0.653,0.613,real_sponsor_names_with_proxy_commercial_metrics,0.3961935311674871,-262,-320.1,-2,-10.600000000000009,-0.95,0.052,-0.0466666666666666,0.0377358490566037,0.3487889225626053,3.278,0.62,0.4217141584596563,0.1767999999999999,0.77078,0.6277528009705273,0.2,0.4958213625773105,3.274,0.115
417,1990,Brazil,Sweden,group_or_knockout,True,0.0,72.2,30.4,71.0,clear,53.48,162.33,A_win,Turin,Italy,1990-06-10,0.0967,-0.91,0.031,0.16,59.61,1829,20,683.6,0.5,36.78,0.83,78.8,57.4,18.61,0.1376666666666667,0.7313333333333333,3.723333333333333,0.206,Adidas,apparel,33.15,430.0,1.0,0.369,0.809,0.916,0.861,real_sponsor_names_with_proxy_commercial_metrics,0.9383411482254695,1654,9,471.1,0.0,27.67,0.624,74.4,39.2,19.34,0.1766666666666666,0.6789999999999999,3.783333333333333,0.1453333333333333,Budweiser,beverage,26.29,200.0,1.0,0.625,0.705,0.91,0.618,real_sponsor_names_with_proxy_commercial_metrics,0.6867753190295852,175,212.5,11,4.399999999999992,0.5,0.0523333333333333,-0.0389999999999999,0.9764150943396226,0.5387594900589623,4.271,0.12,0.3668431675908418,0.1900666666666667,0.87793,0.4604724184685648,0.2,0.5769293663087905,4.018,0.121
418,1990,Germany,Yugoslavia,group_or_knockout,True,0.0,75.3,5.8,42.5,cloudy,57.88,190.3,A_win,Milan,Italy,1990-06-10,0.4996,0.92,0.265,0.198,64.19,1798,20,646.1,0.4,35.62,0.797,81.3,65.9,22.15,0.2123333333333333,0.851,5.576666666666667,0.3273333333333333,Coca-Cola,beverage,29.19,180.0,1.0,0.286,0.859,0.907,0.902,real_sponsor_names_with_proxy_commercial_metrics,0.7594715235889338,1669,5,487.0,0.06,26.56,0.629,74.2,37.3,11.34,0.1803333333333333,0.851,3.0733333333333337,0.222,Qatar Airways,airline,17.82,67.59,0.448,0.779,0.762,0.645,0.666,real_sponsor_names_with_proxy_commercial_metrics,0.3790951727656917,129,159.10000000000002,15,7.099999999999994,0.34,0.0,0.032,0.9510351228677828,0.7102807078551023,4.391,0.22,0.5430726370988816,0.1869999999999999,0.90283,0.5802144437308213,0.2,0.6209424912805491,4.159,0.142
419,1990,United States,Czechoslovakia,group_or_knockout,True,0.0,57.1,21.1,55.2,cloudy,60.08,144.03,B_win,Florence,Italy,1990-06-10,0.1256,0.79,0.173,0.187,55.06,1578,6,379.0,-0.3,23.84,0.536,71.9,31.0,12.75,0.132,0.7943333333333333,0.7200000000000001,0.0636666666666666,Vivo,technology,22.58,68.24,0.455,0.416,0.676,0.652,0.654,real_sponsor_names_with_proxy_commercial_metrics,0.4316086395935045,1636,5,447.8,-0.1,25.08,0.592,72.1,45.6,14.05,0.2196666666666666,0.848,2.25,0.1806666666666666,Visa,finance,31.09,190.0,1.0,0.557,0.715,0.89,0.868,real_sponsor_names_with_proxy_commercial_metrics,0.763017711497151,-58,-68.80000000000001,1,-0.1999999999999886,-0.1999999999999999,-0.0536666666666666,-0.0876666666666666,0.4407302164904229,0.394309703248479,3.021,0.22,0.391716902983496,0.1614666666666666,0.6269199999999999,0.2371141083279811,0.2,0.3864169710087144,3.072,0.136
420,1990,Costa Rica,Scotland,group_or_knockout,True,0.0,75.6,22.0,46.9,clear,49.08,211.42,A_win,Genoa,Italy,1990-06-11,0.2863,2.14,0.119,0.187,38.83,1585,3,384.6,-0.19,21.98,0.529,73.1,26.3,15.16,0.1976666666666666,0.8413333333333334,2.26,0.2056666666666666,Visa,finance,31.23,190.0,1.0,0.397,0.677,0.885,0.896,real_sponsor_names_with_proxy_commercial_metrics,0.7601475027288838,1529,4,318.6,-0.35,20.39,0.472,67.9,31.6,17.66,0.1853333333333333,0.9116666666666668,1.8866666666666667,0.2256666666666666,Budweiser,beverage,26.35,200.0,1.0,0.459,0.686,0.905,0.601,real_sponsor_names_with_proxy_commercial_metrics,0.6827095152717566,56,66.0,-1,5.199999999999989,0.1599999999999999,-0.0703333333333333,0.0123333333333333,0.445992633460652,0.4734821334272638,3.767,0.12,0.3876260628100028,0.1820666666666666,0.8199899999999999,0.1378395061728395,0.2,0.5124102105765665,3.441,0.11
421,1990,England,Republic of Ireland,group_or_knockout,True,0.0,59.2,12.5,82.0,hot,51.28,135.96,draw,Cagliari,Italy,1990-06-11,0.1936,3.68,0.235,0.313,40.71,1695,13,522.2,0.16,30.51,0.678,76.6,52.6,19.34,0.28,0.7986666666666666,2.61,0.1863333333333333,McDonald's,restaurant,20.29,74.13,0.517,0.758,0.819,0.654,0.569,real_sponsor_names_with_proxy_commercial_metrics,0.4320601407850143,1503,2,285.7,-0.08,17.44,0.431,66.8,21.0,11.42,0.122,0.863,3.5500000000000003,0.4016666666666666,McDonald's,restaurant,22.06,77.85,0.556,0.61,0.646,0.669,0.593,real_sponsor_names_with_proxy_commercial_metrics,0.4410552400981446,192,236.50000000000009,11,9.799999999999995,0.24,-0.0643333333333333,0.158,0.7074856858162286,0.5217239112663766,3.468,0.62,0.3530784037678035,0.2485333333333333,0.68589,0.7366159994291015,0.2,0.4175054096965496,3.509,0.173
422,1990,Belgium,South Korea,group_or_knockout,True,0.0,47.1,23.6,70.0,cloudy,51.28,129.79,A_win,Verona,Italy,1990-06-12,0.2446,6.68,0.184,0.144,48.24,1674,9,495.4,0.02,28.38,0.646,71.5,40.4,23.19,0.142,0.7919999999999999,3.7566666666666655,0.0076666666666666,Visa,finance,26.85,190.0,1.0,0.538,0.72,0.914,0.914,real_sponsor_names_with_proxy_commercial_metrics,0.712621177050387,1548,6,343.4,-0.37,22.9,0.505,70.3,20.2,12.829999999999998,0.151,0.8606666666666666,2.8866666666666667,0.2443333333333333,McDonald's,restaurant,25.44,80.72,0.587,0.49,0.67,0.723,0.661,real_sponsor_names_with_proxy_commercial_metrics,0.5096695074891809,126,152.0,3,1.2000000000000028,0.39,-0.0686666666666666,-0.009,0.6045045124588039,0.5731470836583608,3.773,0.22,0.3401219146950274,0.1684,0.8480000000000001,0.319272818097481,0.2,0.5241506488554394,3.793,0.141
423,1990,Netherlands,Egypt,group_or_knockout,True,0.0,50.3,30.5,68.4,windy,51.28,167.73,draw,Palermo,Italy,1990-06-12,0.1821,-0.21,0.262,0.271,55.41,1746,9,581.1,0.35,31.14,0.724,75.8,49.9,15.97,0.1103333333333333,0.742,2.733333333333333,0.1786666666666666,Hisense,technology,32.27,200.0,1.0,0.505,0.811,0.856,0.664,real_sponsor_names_with_proxy_commercial_metrics,0.781083544499314,1408,1,169.0,-0.71,11.98,0.316,63.5,15.1,8.15,0.2326666666666666,0.6676666666666667,6.896666666666666,0.1536666666666666,Hyundai,automotive,30.54,420.0,1.0,0.558,0.597,0.912,0.85,real_sponsor_names_with_proxy_commercial_metrics,0.8623203047848934,338,412.1,8,12.299999999999995,1.06,0.0743333333333332,-0.1223333333333333,0.7581498473599972,0.4648296384697474,3.547,0.48,0.3994421366710354,0.1694,0.8342200000000001,0.5958390066366945,0.2,0.5201275767855719,3.731,0.116
424,1990,Argentina,Russia,group_or_knockout,True,0.0,38.8,16.5,67.9,clear,51.28,87.63,A_win,Naples,Italy,1990-06-13,0.1863,1.78,0.163,0.163,55.65,1753,15,591.7,0.26,33.16,0.743,76.8,58.0,19.5,0.2623333333333333,0.8586666666666667,3.813333333333333,0.2106666666666666,Hyundai,automotive,30.74,420.0,1.0,0.338,0.813,0.936,0.851,real_sponsor_names_with_proxy_commercial_metrics,0.9027842922587972,1676,8,497.3,0.07,27.98,0.645,72.7,49.8,18.23,0.1086666666666666,0.8123333333333332,5.670000000000001,0.13,Hyundai,automotive,26.07,420.0,1.0,0.245,0.69,0.874,0.885,real_sponsor_names_with_proxy_commercial_metrics,0.81405268474314,77,94.40000000000003,7,4.099999999999994,0.19,0.0463333333333334,0.1536666666666667,0.8112048561394937,0.5475786223456102,3.853,0.12,0.315675286352029,0.2139333333333333,0.8831100000000001,0.3716438307286092,0.2,0.5599247016692881,3.928,0.128
425,1990,Uruguay,Spain,group_or_knockout,True,0.0,46.5,25.0,57.4,hot,46.88,107.37,draw,Udine,Italy,1990-06-13,0.165,0.92,0.167,0.106,43.39,1684,10,508.3,0.07,29.28,0.661,74.8,44.8,20.58,0.1356666666666666,0.8753333333333333,1.923333333333333,0.1913333333333333,Vivo,technology,19.75,76.46,0.542,0.306,0.797,0.741,0.63,real_sponsor_names_with_proxy_commercial_metrics,0.4425490151146019,1708,12,537.2,0.18,30.58,0.689,77.4,45.2,19.26,0.2126666666666666,0.84,4.25,0.077,Budweiser,beverage,27.85,200.0,1.0,0.321,0.724,0.933,0.612,real_sponsor_names_with_proxy_commercial_metrics,0.7135544213260362,-24,-28.90000000000004,-2,-2.6000000000000085,-0.1099999999999999,0.0353333333333333,-0.077,0.6570661125383135,0.5171067586152084,3.362,0.62,0.2569031557631205,0.1312666666666666,0.71205,0.4612445586241347,0.2,0.4101932871923869,3.456,0.175
426,1990,Cameroon,Romania,group_or_knockout,True,0.0,53.3,17.5,61.2,windy,53.48,201.14,A_win,Bari,Italy,1990-06-14,0.2401,0.14,0.133,0.149,47.52,1542,4,334.5,-0.31,21.28,0.489,68.0,29.1,10.52,0.2513333333333333,0.8450000000000001,2.2433333333333336,0.186,Coca-Cola,beverage,31.97,180.0,1.0,0.241,0.693,0.92,0.885,real_sponsor_names_with_proxy_commercial_metrics,0.7711359494761991,1634,3,443.7,0.0,23.69,0.581,73.6,37.4,11.0,0.1443333333333333,0.7826666666666666,1.6033333333333335,0.135,Qatar Airways,airline,19.84,68.58,0.459,0.365,0.75,0.711,0.645,real_sponsor_names_with_proxy_commercial_metrics,0.4142103836358286,-92,-109.2,1,-5.599999999999994,-0.31,0.0623333333333334,0.107,0.3361091814289645,0.4083838335634035,3.401,0.48,0.402790322206813,0.2127999999999999,0.83381,0.4606816527510169,0.2,0.4999435657134033,3.269,0.102
427,1990,Italy,United States,group_or_knockout,False,0.18,68.4,19.0,39.0,cloudy,49.08,86.23,A_win,Rome,Italy,1990-06-14,0.1633,3.0,0.177,0.166,47.23,1755,14,594.5,0.34,33.03,0.744,77.8,61.6,11.04,0.3303333333333333,0.8929999999999999,1.3333333333333333,0.0393333333333333,Visa,finance,33.4,190.0,1.0,0.316,0.761,0.842,0.918,real_sponsor_names_with_proxy_commercial_metrics,0.7989842668207419,1578,6,379.0,-0.3,23.84,0.536,71.9,31.0,12.75,0.132,0.7943333333333333,0.7200000000000001,0.0636666666666666,Vivo,technology,22.58,68.24,0.455,0.416,0.676,0.652,0.654,real_sponsor_names_with_proxy_commercial_metrics,0.4316086395935045,177,215.5,8,5.899999999999992,0.64,0.0986666666666665,0.1983333333333333,0.8187106162327391,0.3242707769758531,3.576,0.22,0.2765408969763236,0.241,0.84782,0.2217383857846285,0.2,0.4580950209854816,3.496,0.105
428,1990,Yugoslavia,Colombia,group_or_knockout,True,0.0,80.4,31.9,23.0,clear,49.08,191.78,A_win,Bologna,Italy,1990-06-14,0.3004,2.8,0.292,0.184,52.99,1669,5,487.0,0.06,26.56,0.629,74.2,37.3,11.34,0.1803333333333333,0.851,3.0733333333333337,0.222,Qatar Airways,airline,17.82,67.59,0.448,0.779,0.762,0.645,0.666,real_sponsor_names_with_proxy_commercial_metrics,0.3790951727656917,1650,3,462.8,-0.05,24.41,0.599,74.7,50.9,8.73,0.2533333333333333,0.816,4.703333333333333,0.1769999999999999,Vivo,technology,18.25,73.14,0.507,0.422,0.764,0.653,0.613,real_sponsor_names_with_proxy_commercial_metrics,0.3961935311674871,19,24.19999999999999,2,-0.5,0.11,0.035,-0.073,0.5999391199848352,0.4226202357724377,3.681,0.12,0.4111985817004635,0.1678,0.66183,0.2920823521016198,0.2,0.3901444238201412,3.38,0.19
429,1990,Austria,Czechoslovakia,group_or_knockout,True,0.0,40.0,19.7,60.4,rain,49.08,214.13,B_win,Florence,Italy,1990-06-15,0.2505,-1.01,0.116,0.161,49.53,1660,5,475.8,-0.03,25.77,0.617,70.5,44.6,14.99,0.1396666666666666,0.88,2.703333333333333,0.218,McDonald's,restaurant,21.71,77.28,0.55,0.451,0.702,0.72,0.649,real_sponsor_names_with_proxy_commercial_metrics,0.4544283435251633,1636,5,447.8,-0.1,25.08,0.592,72.1,45.6,14.05,0.2196666666666666,0.848,2.25,0.1806666666666666,Visa,finance,31.09,190.0,1.0,0.557,0.715,0.89,0.868,real_sponsor_names_with_proxy_commercial_metrics,0.763017711497151,24,28.0,0,-1.5999999999999943,0.07,0.032,-0.08,0.5506732285488857,0.4904196566217186,3.152,0.48,0.3997822369685402,0.1317999999999999,0.6711900000000001,0.3999994291015485,0.2,0.4283953536938285,3.389,0.156
430,1990,Germany,United Arab Emirates,group_or_knockout,True,0.0,63.1,25.8,63.2,cloudy,60.08,154.81,A_win,Milan,Italy,1990-06-15,0.2698,2.84,0.208,0.234,49.89,1798,20,646.1,0.4,35.62,0.797,81.3,65.9,22.15,0.2123333333333333,0.851,5.576666666666667,0.3273333333333333,Coca-Cola,beverage,29.19,180.0,1.0,0.286,0.859,0.907,0.902,real_sponsor_names_with_proxy_commercial_metrics,0.7594715235889338,1388,1,142.7,-1.0,8.65,0.277,64.1,14.2,5.74,0.2066666666666666,0.868,3.97,0.257,Adidas,apparel,28.56,430.0,1.0,0.29,0.554,0.935,0.829,real_sponsor_names_with_proxy_commercial_metrics,0.8354851356993738,410,503.4,19,17.200000000000003,1.4,-0.017,0.0056666666666666,0.9510351228677828,0.7078142018960433,4.26,0.22,0.438319737708791,0.1869999999999999,0.90283,0.3471155355741098,0.2,0.5993012897339944,4.194,0.144
431,1990,Brazil,Costa Rica,group_or_knockout,True,0.0,44.5,11.8,77.3,windy,49.08,152.19,A_win,Turin,Italy,1990-06-16,0.3842,0.27,0.086,0.158,44.68,1829,20,683.6,0.5,36.78,0.83,78.8,57.4,18.61,0.1376666666666667,0.7313333333333333,3.723333333333333,0.206,Adidas,apparel,33.15,430.0,1.0,0.369,0.809,0.916,0.861,real_sponsor_names_with_proxy_commercial_metrics,0.9383411482254695,1585,3,384.6,-0.19,21.98,0.529,73.1,26.3,15.16,0.1976666666666666,0.8413333333333334,2.26,0.2056666666666666,Visa,finance,31.23,190.0,1.0,0.397,0.677,0.885,0.896,real_sponsor_names_with_proxy_commercial_metrics,0.7601475027288838,244,299.0,17,5.700000000000003,0.69,-0.1100000000000001,-0.0599999999999999,0.9764150943396226,0.5154498350783077,3.968,0.48,0.3783062432051642,0.1900666666666667,0.87793,0.678515449939342,0.2,0.5726952780370717,4.043,0.122
432,1990,England,Netherlands,group_or_knockout,True,0.0,64.2,34.2,83.1,cloudy,46.88,183.27,draw,Cagliari,Italy,1990-06-16,0.3751,2.82,-0.009,0.079,45.94,1695,13,522.2,0.16,30.51,0.678,76.6,52.6,19.34,0.28,0.7986666666666666,2.61,0.1863333333333333,McDonald's,restaurant,20.29,74.13,0.517,0.758,0.819,0.654,0.569,real_sponsor_names_with_proxy_commercial_metrics,0.4320601407850143,1746,9,581.1,0.35,31.14,0.724,75.8,49.9,15.97,0.1103333333333333,0.742,2.733333333333333,0.1786666666666666,Hisense,technology,32.27,200.0,1.0,0.505,0.811,0.856,0.664,real_sponsor_names_with_proxy_commercial_metrics,0.781083544499314,-51,-58.89999999999998,4,0.7999999999999972,-0.1899999999999999,0.0566666666666666,0.1696666666666667,0.7074856858162286,0.5184159970812654,3.529,0.22,0.3709895629362236,0.2485333333333333,0.68589,0.651600299721687,0.2,0.4201614255584025,3.458,0.17
433,1990,Sweden,Scotland,group_or_knockout,True,0.0,56.3,26.6,83.1,clear,53.48,134.1,B_win,Genoa,Italy,1990-06-16,0.1442,5.47,0.173,0.156,52.08,1654,9,471.1,0.0,27.67,0.624,74.4,39.2,19.34,0.1766666666666666,0.6789999999999999,3.783333333333333,0.1453333333333333,Budweiser,beverage,26.29,200.0,1.0,0.625,0.705,0.91,0.618,real_sponsor_names_with_proxy_commercial_metrics,0.6867753190295852,1529,4,318.6,-0.35,20.39,0.472,67.9,31.6,17.66,0.1853333333333333,0.9116666666666668,1.8866666666666667,0.2256666666666666,Budweiser,beverage,26.35,200.0,1.0,0.459,0.686,0.905,0.601,real_sponsor_names_with_proxy_commercial_metrics,0.6827095152717566,125,152.5,5,6.5,0.35,-0.2326666666666668,-0.0086666666666666,0.6002235585615322,0.520444929080904,3.57,0.12,0.3395718747549963,0.2344,0.7963,0.4139124384500107,0.2,0.4918830316607528,3.733,0.142
434,1990,Belgium,Uruguay,group_or_knockout,True,0.0,34.2,21.9,42.0,clear,55.68,202.88,A_win,Verona,Italy,1990-06-17,0.2279,3.77,0.186,0.177,60.08,1674,9,495.4,0.02,28.38,0.646,71.5,40.4,23.19,0.142,0.7919999999999999,3.7566666666666655,0.0076666666666666,Visa,finance,26.85,190.0,1.0,0.538,0.72,0.914,0.914,real_sponsor_names_with_proxy_commercial_metrics,0.712621177050387,1684,10,508.3,0.07,29.28,0.661,74.8,44.8,20.58,0.1356666666666666,0.8753333333333333,1.923333333333333,0.1913333333333333,Vivo,technology,19.75,76.46,0.542,0.306,0.797,0.741,0.63,real_sponsor_names_with_proxy_commercial_metrics,0.4425490151146019,-10,-12.900000000000034,-1,-3.299999999999997,-0.05,-0.0833333333333333,0.0063333333333333,0.6045045124588039,0.6183733545324788,3.768,0.12,0.4501734736300284,0.1684,0.8480000000000001,0.1192678227360308,0.2,0.5588243164871927,3.828,0.143
435,1990,Republic of Ireland,Egypt,group_or_knockout,True,0.0,70.1,26.5,52.4,rain,46.88,111.02,draw,Palermo,Italy,1990-06-17,0.0872,3.17,0.147,0.155,52.3,1503,2,285.7,-0.08,17.44,0.431,66.8,21.0,11.42,0.122,0.863,3.5500000000000003,0.4016666666666666,McDonald's,restaurant,22.06,77.85,0.556,0.61,0.646,0.669,0.593,real_sponsor_names_with_proxy_commercial_metrics,0.4410552400981446,1408,1,169.0,-0.71,11.98,0.316,63.5,15.1,8.15,0.2326666666666666,0.6676666666666667,6.896666666666666,0.1536666666666666,Hyundai,automotive,30.54,420.0,1.0,0.558,0.597,0.912,0.85,real_sponsor_names_with_proxy_commercial_metrics,0.8623203047848934,95,116.7,1,3.299999999999997,0.63,0.1953333333333332,-0.1106666666666666,0.2519111916307775,0.4294905277098104,3.185,0.48,0.2719406390083819,0.128,0.6276,0.4226569613929921,0.2,0.376682733183978,3.11,0.141
436,1990,South Korea,Spain,group_or_knockout,True,0.0,50.1,14.5,65.7,windy,55.68,139.2,B_win,Udine,Italy,1990-06-17,0.4593,1.69,0.037,0.183,45.44,1548,6,343.4,-0.37,22.9,0.505,70.3,20.2,12.829999999999998,0.151,0.8606666666666666,2.8866666666666667,0.2443333333333333,McDonald's,restaurant,25.44,80.72,0.587,0.49,0.67,0.723,0.661,real_sponsor_names_with_proxy_commercial_metrics,0.5096695074891809,1708,12,537.2,0.18,30.58,0.689,77.4,45.2,19.26,0.2126666666666666,0.84,4.25,0.077,Budweiser,beverage,27.85,200.0,1.0,0.321,0.724,0.933,0.612,real_sponsor_names_with_proxy_commercial_metrics,0.7135544213260362,-160,-193.80000000000007,-6,-7.1000000000000085,-0.55,0.0206666666666666,-0.0616666666666666,0.3785695739184261,0.4616003274028883,3.019,0.48,0.4325192020704209,0.1463333333333333,0.6669599999999999,0.5581607792763862,0.2,0.4386670138842963,3.098,0.122
437,1990,Argentina,Romania,group_or_knockout,True,0.0,51.1,30.1,96.0,clear,51.28,117.15,draw,Naples,Italy,1990-06-18,0.184,2.94,0.181,0.182,44.14,1753,15,591.7,0.26,33.16,0.743,76.8,58.0,19.5,0.2623333333333333,0.8586666666666667,3.813333333333333,0.2106666666666666,Hyundai,automotive,30.74,420.0,1.0,0.338,0.813,0.936,0.851,real_sponsor_names_with_proxy_commercial_metrics,0.9027842922587972,1634,3,443.7,0.0,23.69,0.581,73.6,37.4,11.0,0.1443333333333333,0.7826666666666666,1.6033333333333335,0.135,Qatar Airways,airline,19.84,68.58,0.459,0.365,0.75,0.711,0.645,real_sponsor_names_with_proxy_commercial_metrics,0.4142103836358286,119,148.00000000000006,12,3.200000000000003,0.26,0.076,0.118,0.8112048561394937,0.5578562792348086,3.89,0.12,0.3131084397905607,0.2139333333333333,0.8831100000000001,0.5606936416184971,0.2,0.56228907628597,3.982,0.13
438,1990,Cameroon,Russia,group_or_knockout,True,0.0,44.1,21.1,81.7,rain,55.68,175.14,B_win,Bari,Italy,1990-06-18,0.5121,3.98,0.178,0.139,51.29,1542,4,334.5,-0.31,21.28,0.489,68.0,29.1,10.52,0.2513333333333333,0.8450000000000001,2.2433333333333336,0.186,Coca-Cola,beverage,31.97,180.0,1.0,0.241,0.693,0.92,0.885,real_sponsor_names_with_proxy_commercial_metrics,0.7711359494761991,1676,8,497.3,0.07,27.98,0.645,72.7,49.8,18.23,0.1086666666666666,0.8123333333333332,5.670000000000001,0.13,Hyundai,automotive,26.07,420.0,1.0,0.245,0.69,0.874,0.885,real_sponsor_names_with_proxy_commercial_metrics,0.81405268474314,-134,-162.8,-4,-4.700000000000003,-0.38,0.0326666666666668,0.1426666666666667,0.3361091814289645,0.4092213575460278,3.098,0.48,0.4774673609103614,0.2127999999999999,0.83381,0.4556202811674873,0.2,0.5151134801692479,3.305,0.103
439,1990,Austria,United States,group_or_knockout,True,0.0,49.5,21.8,75.9,windy,53.48,211.35,A_win,Florence,Italy,1990-06-19,0.2644,3.77,0.085,0.11,47.42,1660,5,475.8,-0.03,25.77,0.617,70.5,44.6,14.99,0.1396666666666666,0.88,2.703333333333333,0.218,McDonald's,restaurant,21.71,77.28,0.55,0.451,0.702,0.72,0.649,real_sponsor_names_with_proxy_commercial_metrics,0.4544283435251633,1578,6,379.0,-0.3,23.84,0.536,71.9,31.0,12.75,0.132,0.7943333333333333,0.7200000000000001,0.0636666666666666,Vivo,technology,22.58,68.24,0.455,0.416,0.676,0.652,0.654,real_sponsor_names_with_proxy_commercial_metrics,0.4316086395935045,82,96.8,-1,-1.4000000000000057,0.27,0.0856666666666666,0.0076666666666666,0.5506732285488857,0.5092310959178056,3.483,0.48,0.4073464720243693,0.1317999999999999,0.6711900000000001,0.4123504602868764,0.2,0.4351754037078986,3.473,0.16
440,1990,Germany,Colombia,group_or_knockout,True,0.0,63.6,20.1,51.8,clear,51.28,139.18,draw,Milan,Italy,1990-06-19,0.3715,2.59,0.048,0.137,47.54,1798,20,646.1,0.4,35.62,0.797,81.3,65.9,22.15,0.2123333333333333,0.851,5.576666666666667,0.3273333333333333,Coca-Cola,beverage,29.19,180.0,1.0,0.286,0.859,0.907,0.902,real_sponsor_names_with_proxy_commercial_metrics,0.7594715235889338,1650,3,462.8,-0.05,24.41,0.599,74.7,50.9,8.73,0.2533333333333333,0.816,4.703333333333333,0.1769999999999999,Vivo,technology,18.25,73.14,0.507,0.422,0.764,0.653,0.613,real_sponsor_names_with_proxy_commercial_metrics,0.3961935311674871,148,183.3,17,6.599999999999994,0.45,0.035,-0.041,0.9510351228677828,0.6628138317902478,4.056,0.12,0.378798063967655,0.1869999999999999,0.90283,0.2084343109969313,0.2,0.5747968513561446,4.021,0.138
441,1990,Italy,Czechoslovakia,group_or_knockout,False,0.18,55.5,19.5,43.9,clear,51.28,102.65,A_win,Rome,Italy,1990-06-19,0.2458,3.26,0.136,0.207,40.75,1755,14,594.5,0.34,33.03,0.744,77.8,61.6,11.04,0.3303333333333333,0.8929999999999999,1.3333333333333333,0.0393333333333333,Visa,finance,33.4,190.0,1.0,0.316,0.761,0.842,0.918,real_sponsor_names_with_proxy_commercial_metrics,0.7989842668207419,1636,5,447.8,-0.1,25.08,0.592,72.1,45.6,14.05,0.2196666666666666,0.848,2.25,0.1806666666666666,Visa,finance,31.09,190.0,1.0,0.557,0.715,0.89,0.868,real_sponsor_names_with_proxy_commercial_metrics,0.763017711497151,119,146.7,9,5.700000000000003,0.44,0.0449999999999999,0.1106666666666666,0.8187106162327391,0.3398772103500694,3.5,0.12,0.3172200409095502,0.241,0.84782,0.1899054449439806,0.2,0.4706006511169075,3.505,0.105
442,1990,Yugoslavia,United Arab Emirates,group_or_knockout,True,0.0,62.3,27.2,70.6,rain,57.88,122.15,A_win,Bologna,Italy,1990-06-19,0.1411,0.04,0.208,0.236,46.52,1669,5,487.0,0.06,26.56,0.629,74.2,37.3,11.34,0.1803333333333333,0.851,3.0733333333333337,0.222,Qatar Airways,airline,17.82,67.59,0.448,0.779,0.762,0.645,0.666,real_sponsor_names_with_proxy_commercial_metrics,0.3790951727656917,1388,1,142.7,-1.0,8.65,0.277,64.1,14.2,5.74,0.2066666666666666,0.868,3.97,0.257,Adidas,apparel,28.56,430.0,1.0,0.29,0.554,0.935,0.829,real_sponsor_names_with_proxy_commercial_metrics,0.8354851356993738,281,344.3,4,10.100000000000009,1.06,-0.017,-0.0263333333333333,0.5999391199848352,0.4379365602693899,3.508,0.48,0.3589865178880237,0.1678,0.66183,0.5195070291871833,0.2,0.3839905819167999,3.417,0.192
443,1990,Brazil,Scotland,group_or_knockout,True,0.0,62.7,24.5,40.4,cloudy,49.08,156.64,A_win,Turin,Italy,1990-06-20,0.2652,1.26,0.19,0.262,53.1,1829,20,683.6,0.5,36.78,0.83,78.8,57.4,18.61,0.1376666666666667,0.7313333333333333,3.723333333333333,0.206,Adidas,apparel,33.15,430.0,1.0,0.369,0.809,0.916,0.861,real_sponsor_names_with_proxy_commercial_metrics,0.9383411482254695,1529,4,318.6,-0.35,20.39,0.472,67.9,31.6,17.66,0.1853333333333333,0.9116666666666668,1.8866666666666667,0.2256666666666666,Budweiser,beverage,26.35,200.0,1.0,0.459,0.686,0.905,0.601,real_sponsor_names_with_proxy_commercial_metrics,0.6827095152717566,300,365.0,16,10.899999999999991,0.85,-0.1803333333333334,-0.0476666666666666,0.9764150943396226,0.5169991431120791,4.141,0.22,0.3946863605141233,0.1900666666666667,0.87793,0.2147819881538571,0.2,0.5764051077483195,4.04,0.122
444,1990,Sweden,Costa Rica,group_or_knockout,True,0.0,75.2,26.9,54.2,clear,53.48,256.12,B_win,Genoa,Italy,1990-06-20,0.3218,4.29,0.086,0.147,43.69,1654,9,471.1,0.0,27.67,0.624,74.4,39.2,19.34,0.1766666666666666,0.6789999999999999,3.783333333333333,0.1453333333333333,Budweiser,beverage,26.29,200.0,1.0,0.625,0.705,0.91,0.618,real_sponsor_names_with_proxy_commercial_metrics,0.6867753190295852,1585,3,384.6,-0.19,21.98,0.529,73.1,26.3,15.16,0.1976666666666666,0.8413333333333334,2.26,0.2056666666666666,Visa,finance,31.23,190.0,1.0,0.397,0.677,0.885,0.896,real_sponsor_names_with_proxy_commercial_metrics,0.7601475027288838,69,86.5,6,1.3000000000000114,0.19,-0.1623333333333334,-0.0209999999999999,0.6002235585615322,0.5629273035260254,3.864,0.12,0.4561685679069396,0.2344,0.7963,0.2968393634482266,0.2,0.5270974351357756,3.825,0.145
445,1990,Belgium,Spain,group_or_knockout,True,0.0,53.5,22.9,56.2,hot,53.48,170.64,B_win,Verona,Italy,1990-06-21,0.2017,4.57,0.167,0.2,57.58,1674,9,495.4,0.02,28.38,0.646,71.5,40.4,23.19,0.142,0.7919999999999999,3.7566666666666655,0.0076666666666666,Visa,finance,26.85,190.0,1.0,0.538,0.72,0.914,0.914,real_sponsor_names_with_proxy_commercial_metrics,0.712621177050387,1708,12,537.2,0.18,30.58,0.689,77.4,45.2,19.26,0.2126666666666666,0.84,4.25,0.077,Budweiser,beverage,27.85,200.0,1.0,0.321,0.724,0.933,0.612,real_sponsor_names_with_proxy_commercial_metrics,0.7135544213260362,-34,-41.80000000000007,-3,-5.900000000000006,-0.16,-0.048,-0.0706666666666666,0.6045045124588039,0.5972590440584279,3.687,0.62,0.4068009681964964,0.1684,0.8480000000000001,0.4014350959823021,0.2,0.544237808467752,3.773,0.141
446,1990,England,Egypt,group_or_knockout,True,0.0,38.8,26.1,83.5,cloudy,49.08,125.85,A_win,Cagliari,Italy,1990-06-21,0.4892,3.0,0.227,0.156,43.7,1695,13,522.2,0.16,30.51,0.678,76.6,52.6,19.34,0.28,0.7986666666666666,2.61,0.1863333333333333,McDonald's,restaurant,20.29,74.13,0.517,0.758,0.819,0.654,0.569,real_sponsor_names_with_proxy_commercial_metrics,0.4320601407850143,1408,1,169.0,-0.71,11.98,0.316,63.5,15.1,8.15,0.2326666666666666,0.6676666666666667,6.896666666666666,0.1536666666666666,Hyundai,automotive,30.54,420.0,1.0,0.558,0.597,0.912,0.85,real_sponsor_names_with_proxy_commercial_metrics,0.8623203047848934,287,353.20000000000005,12,13.099999999999994,0.87,0.1309999999999999,0.0473333333333333,0.7074856858162286,0.5083143618681373,3.369,0.22,0.385005739488428,0.2485333333333333,0.68589,0.4426350531649182,0.2,0.4201362030091675,3.555,0.175
447,1990,Republic of Ireland,Netherlands,group_or_knockout,True,0.0,71.9,20.5,52.3,hot,51.28,181.6,draw,Palermo,Italy,1990-06-21,0.3277,5.91,0.062,0.15,45.71,1503,2,285.7,-0.08,17.44,0.431,66.8,21.0,11.42,0.122,0.863,3.5500000000000003,0.4016666666666666,McDonald's,restaurant,22.06,77.85,0.556,0.61,0.646,0.669,0.593,real_sponsor_names_with_proxy_commercial_metrics,0.4410552400981446,1746,9,581.1,0.35,31.14,0.724,75.8,49.9,15.97,0.1103333333333333,0.742,2.733333333333333,0.1786666666666666,Hisense,technology,32.27,200.0,1.0,0.505,0.811,0.856,0.664,real_sponsor_names_with_proxy_commercial_metrics,0.781083544499314,-243,-295.40000000000003,-7,-9.0,-0.43,0.121,0.0116666666666666,0.2519111916307775,0.4738429192210596,3.321,0.62,0.3966945171171562,0.128,0.6276,0.4001901805466352,0.2,0.4140521784288826,3.137,0.142
448,1990,South Korea,Uruguay,group_or_knockout,True,0.0,53.7,36.4,19.0,hot,49.08,131.16,B_win,Udine,Italy,1990-06-21,0.3547,3.87,0.161,0.13,40.06,1548,6,343.4,-0.37,22.9,0.505,70.3,20.2,12.829999999999998,0.151,0.8606666666666666,2.8866666666666667,0.2443333333333333,McDonald's,restaurant,25.44,80.72,0.587,0.49,0.67,0.723,0.661,real_sponsor_names_with_proxy_commercial_metrics,0.5096695074891809,1684,10,508.3,0.07,29.28,0.661,74.8,44.8,20.58,0.1356666666666666,0.8753333333333333,1.923333333333333,0.1913333333333333,Vivo,technology,19.75,76.46,0.542,0.306,0.797,0.741,0.63,real_sponsor_names_with_proxy_commercial_metrics,0.4425490151146019,-136,-164.90000000000003,-4,-4.5,-0.44,-0.0146666666666667,0.0153333333333333,0.3785695739184261,0.4291321457413762,2.988,0.62,0.3363705854357465,0.1463333333333333,0.6669599999999999,0.5918504246057232,0.2,0.410346199692138,3.082,0.121
449,1990,Cameroon,Colombia,group_or_knockout,True,0.0,72.5,13.6,66.1,rain,53.48,137.47,A_win,Naples,Italy,1990-06-23,0.4058,2.31,0.263,0.226,41.97,1542,4,334.5,-0.31,21.28,0.489,68.0,29.1,10.52,0.2513333333333333,0.8450000000000001,2.2433333333333336,0.186,Coca-Cola,beverage,31.97,180.0,1.0,0.241,0.693,0.92,0.885,real_sponsor_names_with_proxy_commercial_metrics,0.7711359494761991,1650,3,462.8,-0.05,24.41,0.599,74.7,50.9,8.73,0.2533333333333333,0.816,4.703333333333333,0.1769999999999999,Vivo,technology,18.25,73.14,0.507,0.422,0.764,0.653,0.613,real_sponsor_names_with_proxy_commercial_metrics,0.3961935311674871,-108,-128.3,1,-6.700000000000003,-0.26,0.0290000000000001,-0.002,0.3361091814289645,0.3862165431116671,3.51,0.48,0.4066263583432916,0.2127999999999999,0.83381,0.583299578962392,0.2,0.4945039316142129,3.243,0.101
450,1990,Czechoslovakia,Costa Rica,group_or_knockout,True,0.0,63.0,30.6,46.8,cloudy,57.88,126.47,A_win,Bari,Italy,1990-06-23,0.4071,0.24,0.054,0.272,52.55,1636,5,447.8,-0.1,25.08,0.592,72.1,45.6,14.05,0.2196666666666666,0.848,2.25,0.1806666666666666,Visa,finance,31.09,190.0,1.0,0.557,0.715,0.89,0.868,real_sponsor_names_with_proxy_commercial_metrics,0.763017711497151,1585,3,384.6,-0.19,21.98,0.529,73.1,26.3,15.16,0.1976666666666666,0.8413333333333334,2.26,0.2056666666666666,Visa,finance,31.23,190.0,1.0,0.397,0.677,0.885,0.896,real_sponsor_names_with_proxy_commercial_metrics,0.7601475027288838,51,63.19999999999999,2,-1.0,0.09,0.0066666666666665,0.022,0.5283363782801519,0.4615321101217531,3.656,0.22,0.4595051197969469,0.1925999999999999,0.8329999999999999,0.4011068293727253,0.2,0.5253182655527965,3.468,0.112
451,1990,Brazil,Argentina,group_or_knockout,True,0.0,56.3,31.2,58.7,clear,49.08,208.06,B_win,Turin,Italy,1990-06-24,0.1279,5.82,0.249,0.209,53.04,1829,20,683.6,0.5,36.78,0.83,78.8,57.4,18.61,0.1376666666666667,0.7313333333333333,3.723333333333333,0.206,Adidas,apparel,33.15,430.0,1.0,0.369,0.809,0.916,0.861,real_sponsor_names_with_proxy_commercial_metrics,0.9383411482254695,1753,15,591.7,0.26,33.16,0.743,76.8,58.0,19.5,0.2623333333333333,0.8586666666666667,3.813333333333333,0.2106666666666666,Hyundai,automotive,30.74,420.0,1.0,0.338,0.813,0.936,0.851,real_sponsor_names_with_proxy_commercial_metrics,0.9027842922587972,76,91.89999999999998,5,2.0,0.24,-0.1273333333333334,-0.1246666666666666,0.9764150943396226,0.5349014844820852,3.924,0.12,0.3816542114212171,0.1900666666666667,0.87793,0.42813351887533,0.2,0.57881133351334,4.065,0.123
452,1990,Germany,Netherlands,group_or_knockout,True,0.0,62.5,17.9,56.6,cloudy,53.48,75.06,A_win,Milan,Italy,1990-06-24,0.163,4.42,0.286,0.176,59.43,1798,20,646.1,0.4,35.62,0.797,81.3,65.9,22.15,0.2123333333333333,0.851,5.576666666666667,0.3273333333333333,Coca-Cola,beverage,29.19,180.0,1.0,0.286,0.859,0.907,0.902,real_sponsor_names_with_proxy_commercial_metrics,0.7594715235889338,1746,9,581.1,0.35,31.14,0.724,75.8,49.9,15.97,0.1103333333333333,0.742,2.733333333333333,0.1786666666666666,Hisense,technology,32.27,200.0,1.0,0.505,0.811,0.856,0.664,real_sponsor_names_with_proxy_commercial_metrics,0.781083544499314,52,65.0,11,5.5,0.05,0.1089999999999999,0.102,0.9510351228677828,0.6503795305487448,4.091,0.22,0.3240925767155042,0.1869999999999999,0.90283,0.3264004852636838,0.2,0.5603741495580935,3.981,0.136
453,1990,Republic of Ireland,Romania,group_or_knockout,True,0.0,83.4,36.4,53.6,clear,46.88,167.5,draw,Genoa,Italy,1990-06-25,0.3151,6.58,0.138,0.182,37.61,1503,2,285.7,-0.08,17.44,0.431,66.8,21.0,11.42,0.122,0.863,3.5500000000000003,0.4016666666666666,McDonald's,restaurant,22.06,77.85,0.556,0.61,0.646,0.669,0.593,real_sponsor_names_with_proxy_commercial_metrics,0.4410552400981446,1634,3,443.7,0.0,23.69,0.581,73.6,37.4,11.0,0.1443333333333333,0.7826666666666666,1.6033333333333335,0.135,Qatar Airways,airline,19.84,68.58,0.459,0.365,0.75,0.711,0.645,real_sponsor_names_with_proxy_commercial_metrics,0.4142103836358286,-131,-158.0,-1,-6.799999999999997,-0.08,0.0803333333333333,-0.0223333333333333,0.2519111916307775,0.4491545541699027,3.375,0.12,0.3471986926470094,0.128,0.6276,0.5413565974452295,0.2,0.3972402713205293,3.135,0.142
454,1990,Italy,Uruguay,group_or_knockout,False,0.18,85.0,29.0,70.6,cloudy,51.28,128.7,A_win,Rome,Italy,1990-06-25,0.2381,7.35,0.129,0.129,40.57,1755,14,594.5,0.34,33.03,0.744,77.8,61.6,11.04,0.3303333333333333,0.8929999999999999,1.3333333333333333,0.0393333333333333,Visa,finance,33.4,190.0,1.0,0.316,0.761,0.842,0.918,real_sponsor_names_with_proxy_commercial_metrics,0.7989842668207419,1684,10,508.3,0.07,29.28,0.661,74.8,44.8,20.58,0.1356666666666666,0.8753333333333333,1.923333333333333,0.1913333333333333,Vivo,technology,19.75,76.46,0.542,0.306,0.797,0.741,0.63,real_sponsor_names_with_proxy_commercial_metrics,0.4425490151146019,71,86.19999999999999,4,3.0,0.27,0.0176666666666666,0.1946666666666667,0.8187106162327391,0.3489467551320347,3.807,0.22,0.3149489913029126,0.241,0.84782,0.4623278384357382,0.2,0.4726859137345303,3.562,0.107
455,1990,England,Belgium,group_or_knockout,True,0.0,58.9,28.8,33.5,clear,49.08,125.03,A_win,Bologna,Italy,1990-06-26,0.1344,0.1,0.239,0.148,41.09,1695,13,522.2,0.16,30.51,0.678,76.6,52.6,19.34,0.28,0.7986666666666666,2.61,0.1863333333333333,McDonald's,restaurant,20.29,74.13,0.517,0.758,0.819,0.654,0.569,real_sponsor_names_with_proxy_commercial_metrics,0.4320601407850143,1674,9,495.4,0.02,28.38,0.646,71.5,40.4,23.19,0.142,0.7919999999999999,3.7566666666666655,0.0076666666666666,Visa,finance,26.85,190.0,1.0,0.538,0.72,0.914,0.914,real_sponsor_names_with_proxy_commercial_metrics,0.712621177050387,21,26.800000000000068,4,5.099999999999994,0.14,0.0066666666666667,0.138,0.7074856858162286,0.5080288713989929,3.554,0.12,0.2777184755019977,0.2485333333333333,0.68589,0.2568168843217013,0.2,0.398598812880521,3.429,0.169
456,1990,Spain,Yugoslavia,group_or_knockout,True,0.0,60.1,23.2,49.7,cloudy,53.48,245.47,B_win,Verona,Italy,1990-06-26,0.3071,0.1,0.141,0.259,56.47,1708,12,537.2,0.18,30.58,0.689,77.4,45.2,19.26,0.2126666666666666,0.84,4.25,0.077,Budweiser,beverage,27.85,200.0,1.0,0.321,0.724,0.933,0.612,real_sponsor_names_with_proxy_commercial_metrics,0.7135544213260362,1669,5,487.0,0.06,26.56,0.629,74.2,37.3,11.34,0.1803333333333333,0.851,3.0733333333333337,0.222,Qatar Airways,airline,17.82,67.59,0.448,0.779,0.762,0.645,0.666,real_sponsor_names_with_proxy_commercial_metrics,0.3790951727656917,39,50.200000000000045,7,3.200000000000003,0.12,-0.011,0.0323333333333333,0.7299678934836586,0.5889446524475737,3.812,0.22,0.5029728844476944,0.1915999999999999,0.80913,0.2211521444373082,0.2,0.5545343406931083,3.832,0.138
457,1990,Italy,Republic of Ireland,group_or_knockout,False,0.18,72.0,21.7,68.9,clear,49.08,114.83,A_win,Rome,Italy,1990-06-30,0.1728,-3.21,-0.032,0.121,41.9,1755,14,594.5,0.34,33.03,0.744,77.8,61.6,11.04,0.3303333333333333,0.8929999999999999,1.3333333333333333,0.0393333333333333,Visa,finance,33.4,190.0,1.0,0.316,0.761,0.842,0.918,real_sponsor_names_with_proxy_commercial_metrics,0.7989842668207419,1503,2,285.7,-0.08,17.44,0.431,66.8,21.0,11.42,0.122,0.863,3.5500000000000003,0.4016666666666666,McDonald's,restaurant,22.06,77.85,0.556,0.61,0.646,0.669,0.593,real_sponsor_names_with_proxy_commercial_metrics,0.4410552400981446,252,308.8,12,11.0,0.42,0.0299999999999999,0.2083333333333333,0.8187106162327391,0.3342281274850358,3.651,0.12,0.2762434194607567,0.241,0.84782,0.2407047027759937,0.2,0.4608235836249393,3.484,0.104
458,1990,Yugoslavia,Argentina,group_or_knockout,True,0.0,47.0,21.7,48.2,clear,46.88,110.74,draw,Florence,Italy,1990-06-30,0.2165,4.73,0.148,0.174,40.46,1669,5,487.0,0.06,26.56,0.629,74.2,37.3,11.34,0.1803333333333333,0.851,3.0733333333333337,0.222,Qatar Airways,airline,17.82,67.59,0.448,0.779,0.762,0.645,0.666,real_sponsor_names_with_proxy_commercial_metrics,0.3790951727656917,1753,15,591.7,0.26,33.16,0.743,76.8,58.0,19.5,0.2623333333333333,0.8586666666666667,3.813333333333333,0.2106666666666666,Hyundai,automotive,30.74,420.0,1.0,0.338,0.813,0.936,0.851,real_sponsor_names_with_proxy_commercial_metrics,0.9027842922587972,-84,-104.70000000000005,-10,-2.5999999999999943,-0.2,-0.0076666666666667,-0.082,0.5999391199848352,0.3845157607932079,3.142,0.12,0.2829725679706515,0.1678,0.66183,0.1512602583315493,0.2,0.3538299680799945,3.229,0.181
459,1990,Cameroon,England,group_or_knockout,True,0.0,62.3,25.3,32.3,clear,57.88,159.47,B_win,Naples,Italy,1990-07-01,0.1505,4.18,0.194,0.155,63.67,1542,4,334.5,-0.31,21.28,0.489,68.0,29.1,10.52,0.2513333333333333,0.8450000000000001,2.2433333333333336,0.186,Coca-Cola,beverage,31.97,180.0,1.0,0.241,0.693,0.92,0.885,real_sponsor_names_with_proxy_commercial_metrics,0.7711359494761991,1695,13,522.2,0.16,30.51,0.678,76.6,52.6,19.34,0.28,0.7986666666666666,2.61,0.1863333333333333,McDonald's,restaurant,20.29,74.13,0.517,0.758,0.819,0.654,0.569,real_sponsor_names_with_proxy_commercial_metrics,0.4320601407850143,-153,-187.70000000000005,-9,-8.599999999999994,-0.47,0.0463333333333334,-0.0286666666666666,0.3361091814289645,0.4136553651216542,3.267,0.12,0.4118064224083425,0.2127999999999999,0.83381,0.1605912367087704,0.2,0.5032228145900195,3.261,0.102
460,1990,Germany,Czechoslovakia,group_or_knockout,True,0.0,57.7,31.4,68.7,cloudy,49.08,157.48,A_win,Milan,Italy,1990-07-01,0.2434,3.01,0.215,0.177,53.74,1798,20,646.1,0.4,35.62,0.797,81.3,65.9,22.15,0.2123333333333333,0.851,5.576666666666667,0.3273333333333333,Coca-Cola,beverage,29.19,180.0,1.0,0.286,0.859,0.907,0.902,real_sponsor_names_with_proxy_commercial_metrics,0.7594715235889338,1636,5,447.8,-0.1,25.08,0.592,72.1,45.6,14.05,0.2196666666666666,0.848,2.25,0.1806666666666666,Visa,finance,31.09,190.0,1.0,0.557,0.715,0.89,0.868,real_sponsor_names_with_proxy_commercial_metrics,0.763017711497151,162,198.3,15,9.200000000000005,0.5,0.003,-0.0073333333333333,0.9510351228677828,0.6592954826705358,4.124,0.22,0.3701779973406763,0.1869999999999999,0.90283,0.5165457075572683,0.2,0.5720877002772294,4.046,0.139
461,1990,Italy,Argentina,group_or_knockout,False,0.18,62.1,24.1,76.0,rain,51.28,129.49,draw,Naples,Italy,1990-07-03,0.392,0.23,0.086,0.217,52.37,1755,14,594.5,0.34,33.03,0.744,77.8,61.6,11.04,0.3303333333333333,0.8929999999999999,1.3333333333333333,0.0393333333333333,Visa,finance,33.4,190.0,1.0,0.316,0.761,0.842,0.918,real_sponsor_names_with_proxy_commercial_metrics,0.7989842668207419,1753,15,591.7,0.26,33.16,0.743,76.8,58.0,19.5,0.2623333333333333,0.8586666666666667,3.813333333333333,0.2106666666666666,Hyundai,automotive,30.74,420.0,1.0,0.338,0.813,0.936,0.851,real_sponsor_names_with_proxy_commercial_metrics,0.9027842922587972,2,2.7999999999999545,-1,1.0,0.08,0.0343333333333332,0.068,0.8187106162327391,0.3492218008279177,3.477,0.48,0.4086747839023795,0.241,0.84782,0.4622045243702276,0.2,0.4915080850492709,3.487,0.104
462,1990,Germany,England,group_or_knockout,True,0.0,47.2,17.5,57.3,clear,51.28,94.31,draw,Turin,Italy,1990-07-04,0.1381,2.61,0.135,0.159,43.03,1798,20,646.1,0.4,35.62,0.797,81.3,65.9,22.15,0.2123333333333333,0.851,5.576666666666667,0.3273333333333333,Coca-Cola,beverage,29.19,180.0,1.0,0.286,0.859,0.907,0.902,real_sponsor_names_with_proxy_commercial_metrics,0.7594715235889338,1695,13,522.2,0.16,30.51,0.678,76.6,52.6,19.34,0.28,0.7986666666666666,2.61,0.1863333333333333,McDonald's,restaurant,20.29,74.13,0.517,0.758,0.819,0.654,0.569,real_sponsor_names_with_proxy_commercial_metrics,0.4320601407850143,103,123.89999999999998,7,4.700000000000003,0.24,0.0523333333333333,-0.0676666666666666,0.9510351228677828,0.6471919325823098,3.844,0.12,0.2751633502817057,0.1869999999999999,0.90283,0.299829800899165,0.2,0.549695776840732,3.96,0.136
463,1990,Italy,England,group_or_knockout,False,0.18,37.3,27.9,26.6,hot,53.48,119.93,A_win,Bari,Italy,1990-07-07,0.293,3.19,0.234,0.066,49.05,1755,14,594.5,0.34,33.03,0.744,77.8,61.6,11.04,0.3303333333333333,0.8929999999999999,1.3333333333333333,0.0393333333333333,Visa,finance,33.4,190.0,1.0,0.316,0.761,0.842,0.918,real_sponsor_names_with_proxy_commercial_metrics,0.7989842668207419,1695,13,522.2,0.16,30.51,0.678,76.6,52.6,19.34,0.28,0.7986666666666666,2.61,0.1863333333333333,McDonald's,restaurant,20.29,74.13,0.517,0.758,0.819,0.654,0.569,real_sponsor_names_with_proxy_commercial_metrics,0.4320601407850143,60,72.29999999999995,1,1.2000000000000028,0.18,0.0943333333333332,0.0503333333333333,0.8187106162327391,0.3557830605577786,3.374,0.62,0.3409554782265404,0.241,0.84782,0.403591664882609,0.2,0.4798013766384641,3.583,0.107
464,1990,Germany,Argentina,group_or_knockout,True,0.0,31.1,28.5,69.3,hot,49.08,200.78,A_win,Rome,Italy,1990-07-08,0.1831,4.44,0.151,0.265,42.46,1798,20,646.1,0.4,35.62,0.797,81.3,65.9,22.15,0.2123333333333333,0.851,5.576666666666667,0.3273333333333333,Coca-Cola,beverage,29.19,180.0,1.0,0.286,0.859,0.907,0.902,real_sponsor_names_with_proxy_commercial_metrics,0.7594715235889338,1753,15,591.7,0.26,33.16,0.743,76.8,58.0,19.5,0.2623333333333333,0.8586666666666667,3.813333333333333,0.2106666666666666,Hyundai,automotive,30.74,420.0,1.0,0.338,0.813,0.936,0.851,real_sponsor_names_with_proxy_commercial_metrics,0.9027842922587972,45,54.39999999999998,5,4.5,0.14,-0.0076666666666667,-0.05,0.9510351228677828,0.6743707720777949,3.922,0.62,0.3790825813954824,0.1869999999999999,0.90283,0.6037047741383001,0.2,0.5780896981222232,4.028,0.138
465,1994,Germany,Bolivia,group_or_knockout,True,0.0,43.5,26.9,31.4,clear,50.53,147.45,A_win,Chicago,United States,1994-06-17,0.465,3.37,0.034,0.141,51.63,1798,20,646.1,0.4,35.62,0.797,81.3,65.9,22.15,0.2123333333333333,0.851,5.576666666666667,0.3273333333333333,Coca-Cola,beverage,29.19,180.0,1.0,0.286,0.859,0.907,0.902,real_sponsor_names_with_proxy_commercial_metrics,0.7594715235889338,1404,1,163.9,-0.83,11.34,0.308,64.1,13.8,5.97,0.2236666666666666,0.8046666666666668,3.263333333333333,0.1586666666666666,Qatar Airways,airline,24.48,76.99,0.547,0.397,0.575,0.669,0.621,real_sponsor_names_with_proxy_commercial_metrics,0.4624106641384555,394,482.2000000000001,19,17.200000000000003,1.23,0.0463333333333332,-0.0113333333333333,0.9510351228677828,0.6623216323434538,3.994,0.12,0.4178970524113495,0.1869999999999999,0.90283,0.198320844929708,0.2,0.5824788331997811,4.102,0.141
466,1994,Spain,South Korea,group_or_knockout,True,0.0,52.0,27.5,62.9,cloudy,57.13,185.24,draw,Dallas,United States,1994-06-17,0.2894,4.19,0.255,0.23,60.6,1708,12,537.2,0.18,30.58,0.689,77.4,45.2,19.26,0.2126666666666666,0.84,4.25,0.077,Budweiser,beverage,27.85,200.0,1.0,0.321,0.724,0.933,0.612,real_sponsor_names_with_proxy_commercial_metrics,0.7135544213260362,1548,6,343.4,-0.37,22.9,0.505,70.3,20.2,12.829999999999998,0.151,0.8606666666666666,2.8866666666666667,0.2443333333333333,McDonald's,restaurant,25.44,80.72,0.587,0.49,0.67,0.723,0.661,real_sponsor_names_with_proxy_commercial_metrics,0.5096695074891809,160,193.80000000000007,6,7.1000000000000085,0.55,-0.0206666666666666,0.0616666666666666,0.7299678934836586,0.5843828756722691,3.802,0.22,0.4760348042005267,0.1915999999999999,0.80913,0.3900388924570042,0.2,0.5478694271465895,3.895,0.14
467,1994,Colombia,Romania,group_or_knockout,True,0.0,54.2,21.4,43.8,clear,57.13,151.73,B_win,Pasadena,United States,1994-06-18,0.4659,2.54,0.139,0.228,47.48,1650,3,462.8,-0.05,24.41,0.599,74.7,50.9,8.73,0.2533333333333333,0.816,4.703333333333333,0.1769999999999999,Vivo,technology,18.25,73.14,0.507,0.422,0.764,0.653,0.613,real_sponsor_names_with_proxy_commercial_metrics,0.3961935311674871,1634,3,443.7,0.0,23.69,0.581,73.6,37.4,11.0,0.1443333333333333,0.7826666666666666,1.6033333333333335,0.135,Qatar Airways,airline,19.84,68.58,0.459,0.365,0.75,0.711,0.645,real_sponsor_names_with_proxy_commercial_metrics,0.4142103836358286,16,19.100000000000023,0,1.1000000000000083,-0.05,0.0333333333333333,0.109,0.5635569682915822,0.4163423570640884,3.204,0.12,0.4672951816757007,0.2256,0.6673399999999999,0.1400513808606294,0.2,0.4010129437932818,3.372,0.185
468,1994,Italy,Republic of Ireland,group_or_knockout,True,0.0,83.2,17.4,39.4,clear,50.53,120.05,B_win,East Rutherford,United States,1994-06-18,0.3074,5.28,0.244,0.232,55.75,1755,14,594.5,0.34,33.03,0.744,77.8,61.6,11.04,0.3303333333333333,0.8929999999999999,1.3333333333333333,0.0393333333333333,Visa,finance,33.4,190.0,1.0,0.316,0.761,0.842,0.918,real_sponsor_names_with_proxy_commercial_metrics,0.7989842668207419,1503,2,285.7,-0.08,17.44,0.431,66.8,21.0,11.42,0.122,0.863,3.5500000000000003,0.4016666666666666,McDonald's,restaurant,22.06,77.85,0.556,0.61,0.646,0.669,0.593,real_sponsor_names_with_proxy_commercial_metrics,0.4410552400981446,252,308.8,12,11.0,0.42,0.0299999999999999,0.2083333333333333,0.8187106162327391,0.3425637035658221,3.563,0.12,0.3862520046743615,0.241,0.84782,0.2250852779561835,0.2,0.4851592619702806,3.525,0.106
469,1994,United States,Switzerland,group_or_knockout,False,0.18,72.4,17.8,50.9,cloudy,52.73,241.03,draw,Pontiac,United States,1994-06-18,0.1383,4.13,0.045,0.138,49.92,1578,6,379.0,-0.3,23.84,0.536,71.9,31.0,12.75,0.132,0.7943333333333333,0.7200000000000001,0.0636666666666666,Vivo,technology,22.58,68.24,0.455,0.416,0.676,0.652,0.654,real_sponsor_names_with_proxy_commercial_metrics,0.4316086395935045,1632,7,443.7,-0.12,26.09,0.595,72.7,48.1,17.05,0.1836666666666666,0.914,2.223333333333333,0.2486666666666666,Adidas,apparel,31.4,430.0,1.0,0.14,0.774,0.888,0.845,real_sponsor_names_with_proxy_commercial_metrics,0.90423375782881,-54,-64.69999999999999,-1,-0.7999999999999972,-0.18,-0.1196666666666667,-0.0516666666666666,0.4407302164904229,0.395040679090299,3.289,0.22,0.4033590968093861,0.1614666666666666,0.6269199999999999,0.3043720117034182,0.2,0.388950083009602,3.17,0.14
470,1994,Belgium,Morocco,group_or_knockout,True,0.0,45.5,13.2,55.1,clear,50.53,136.99,A_win,Orlando,United States,1994-06-19,0.1707,0.31,0.147,0.135,53.88,1674,9,495.4,0.02,28.38,0.646,71.5,40.4,23.19,0.142,0.7919999999999999,3.7566666666666655,0.0076666666666666,Visa,finance,26.85,190.0,1.0,0.538,0.72,0.914,0.914,real_sponsor_names_with_proxy_commercial_metrics,0.712621177050387,1552,4,345.5,-0.26,21.17,0.496,69.2,34.3,12.67,0.2156666666666666,0.86,4.223333333333334,-0.0613333333333333,Mengniu,consumer_goods,19.44,62.12,0.391,0.28,0.668,0.598,0.65,real_sponsor_names_with_proxy_commercial_metrics,0.365598332426661,122,149.89999999999998,5,2.299999999999997,0.28,-0.068,-0.0736666666666666,0.6045045124588039,0.5722823539652441,3.761,0.12,0.3327129685507,0.1684,0.8480000000000001,0.4021733390423178,0.2,0.5224267353125013,3.748,0.14
471,1994,Cameroon,Sweden,group_or_knockout,True,0.0,62.5,24.4,47.7,hot,57.13,144.2,draw,Pasadena,United States,1994-06-19,0.2443,5.72,0.197,0.128,45.62,1542,4,334.5,-0.31,21.28,0.489,68.0,29.1,10.52,0.2513333333333333,0.8450000000000001,2.2433333333333336,0.186,Coca-Cola,beverage,31.97,180.0,1.0,0.241,0.693,0.92,0.885,real_sponsor_names_with_proxy_commercial_metrics,0.7711359494761991,1654,9,471.1,0.0,27.67,0.624,74.4,39.2,19.34,0.1766666666666666,0.6789999999999999,3.783333333333333,0.1453333333333333,Budweiser,beverage,26.29,200.0,1.0,0.625,0.705,0.91,0.618,real_sponsor_names_with_proxy_commercial_metrics,0.6867753190295852,-112,-136.60000000000002,-5,-6.400000000000006,-0.31,0.1660000000000001,0.0746666666666666,0.3361091814289645,0.4049675002557636,3.336,0.62,0.371425863706861,0.2127999999999999,0.83381,0.4037240419610362,0.2,0.4927141006872738,3.286,0.103
472,1994,Norway,Mexico,group_or_knockout,True,0.0,52.7,22.5,67.4,windy,50.53,196.27,A_win,"Washington, D.C.",United States,1994-06-19,0.3782,5.37,0.149,0.188,45.97,1541,1,328.5,-0.12,17.05,0.46,69.8,29.1,10.21,0.1593333333333333,0.8300000000000001,0.6766666666666666,0.2416666666666666,McDonald's,restaurant,20.44,68.0,0.453,0.453,0.651,0.632,0.639,real_sponsor_names_with_proxy_commercial_metrics,0.394429534256985,1612,10,421.9,-0.18,26.83,0.584,72.1,37.6,18.89,0.2446666666666666,0.7546666666666667,1.1233333333333333,0.211,Hyundai,automotive,28.5,420.0,1.0,0.636,0.712,0.897,0.88,real_sponsor_names_with_proxy_commercial_metrics,0.853187632551073,-71,-93.39999999999998,-9,-2.299999999999997,0.06,0.0753333333333333,-0.0853333333333333,0.3335072758056016,0.3651228276023178,3.145,0.48,0.427435962423028,0.1635999999999999,0.6088100000000001,0.3834255334332406,0.2,0.3738020724349311,3.08,0.151
473,1994,Brazil,Russia,group_or_knockout,True,0.0,54.3,20.4,50.9,hot,52.73,123.09,A_win,Palo Alto,United States,1994-06-20,0.4348,3.78,0.062,0.206,41.41,1829,20,683.6,0.5,36.78,0.83,78.8,57.4,18.61,0.1376666666666667,0.7313333333333333,3.723333333333333,0.206,Adidas,apparel,33.15,430.0,1.0,0.369,0.809,0.916,0.861,real_sponsor_names_with_proxy_commercial_metrics,0.9383411482254695,1676,8,497.3,0.07,27.98,0.645,72.7,49.8,18.23,0.1086666666666666,0.8123333333333332,5.670000000000001,0.13,Hyundai,automotive,26.07,420.0,1.0,0.245,0.69,0.874,0.885,real_sponsor_names_with_proxy_commercial_metrics,0.81405268474314,153,186.3,12,6.099999999999994,0.43,-0.0809999999999999,0.029,0.9764150943396226,0.5217262513572287,4.054,0.62,0.3937930167603788,0.1900666666666667,0.87793,0.39674195389995,0.2,0.5775500293062126,4.02,0.121
474,1994,Netherlands,Saudi Arabia,group_or_knockout,True,0.0,60.4,5.3,73.7,cloudy,54.93,132.89,A_win,"Washington, D.C.",United States,1994-06-20,0.1695,3.39,-0.035,0.042,57.05,1746,9,581.1,0.35,31.14,0.724,75.8,49.9,15.97,0.1103333333333333,0.742,2.733333333333333,0.1786666666666666,Hisense,technology,32.27,200.0,1.0,0.505,0.811,0.856,0.664,real_sponsor_names_with_proxy_commercial_metrics,0.781083544499314,1543,3,334.4,-0.47,20.17,0.482,68.2,34.6,13.01,0.2876666666666667,0.8483333333333333,5.266666666666667,0.2613333333333333,Visa,finance,27.16,190.0,1.0,0.611,0.648,0.864,0.904,real_sponsor_names_with_proxy_commercial_metrics,0.6981078576349381,203,246.70000000000005,6,7.599999999999994,0.82,-0.1063333333333332,-0.1773333333333333,0.7581498473599972,0.4691076214646577,3.75,0.22,0.3379276378695767,0.1694,0.8342200000000001,0.728035038892457,0.2,0.509022512263855,3.705,0.115
475,1994,Argentina,Greece,group_or_knockout,True,0.0,66.0,15.5,62.5,cloudy,57.13,163.73,A_win,Foxborough,United States,1994-06-21,0.4543,6.28,0.278,0.208,46.2,1753,15,591.7,0.26,33.16,0.743,76.8,58.0,19.5,0.2623333333333333,0.8586666666666667,3.813333333333333,0.2106666666666666,Hyundai,automotive,30.74,420.0,1.0,0.338,0.813,0.936,0.851,real_sponsor_names_with_proxy_commercial_metrics,0.9027842922587972,1521,1,305.1,-0.4,17.11,0.443,66.0,32.8,9.21,0.1196666666666666,0.7983333333333333,2.74,0.2183333333333333,Budweiser,beverage,30.87,200.0,1.0,0.603,0.686,0.866,0.554,real_sponsor_names_with_proxy_commercial_metrics,0.7356856321819861,232,286.6,14,10.799999999999995,0.66,0.0603333333333333,0.1426666666666667,0.8112048561394937,0.6003710376702596,4.251,0.22,0.4649390731583283,0.2139333333333333,0.8831100000000001,0.4143220580889174,0.2,0.6045593353214498,4.16,0.135
476,1994,Germany,Spain,group_or_knockout,True,0.0,53.6,29.7,46.8,windy,52.73,150.7,draw,Chicago,United States,1994-06-21,0.1863,-0.63,0.176,0.223,47.55,1798,20,646.1,0.4,35.62,0.797,81.3,65.9,22.15,0.2123333333333333,0.851,5.576666666666667,0.3273333333333333,Coca-Cola,beverage,29.19,180.0,1.0,0.286,0.859,0.907,0.902,real_sponsor_names_with_proxy_commercial_metrics,0.7594715235889338,1708,12,537.2,0.18,30.58,0.689,77.4,45.2,19.26,0.2126666666666666,0.84,4.25,0.077,Budweiser,beverage,27.85,200.0,1.0,0.321,0.724,0.933,0.612,real_sponsor_names_with_proxy_commercial_metrics,0.7135544213260362,90,108.89999999999998,8,3.899999999999992,0.22,0.011,-0.0003333333333333,0.9510351228677828,0.673342810255924,3.989,0.48,0.3646509931766296,0.1869999999999999,0.90283,0.4816964247484478,0.2,0.5749155511683288,4.008,0.137
477,1994,Nigeria,Bulgaria,group_or_knockout,True,0.0,71.8,19.0,44.1,clear,54.93,168.81,A_win,Dallas,United States,1994-06-21,0.2857,5.41,0.25,0.191,58.3,1585,3,384.6,-0.29,21.98,0.529,75.3,31.3,8.190000000000001,0.2983333333333333,0.916,1.92,-0.066,Coca-Cola,beverage,26.63,180.0,1.0,0.555,0.744,0.906,0.879,real_sponsor_names_with_proxy_commercial_metrics,0.704592483922963,1502,4,286.8,-0.46,19.9,0.447,65.2,28.9,10.5,0.3979999999999999,0.719,2.9800000000000004,-0.0613333333333333,Hisense,technology,33.88,200.0,1.0,0.2,0.675,0.918,0.633,real_sponsor_names_with_proxy_commercial_metrics,0.7870611436642407,83,97.8,-1,10.099999999999994,0.17,0.1969999999999999,-0.0996666666666666,0.4667473504417841,0.3285858439535252,3.666,0.12,0.4360101028238973,0.2125999999999999,0.85083,0.2037754228216656,0.2,0.4706684530132776,3.445,0.129
478,1994,Romania,Switzerland,group_or_knockout,True,0.0,43.2,25.2,31.6,clear,59.33,304.53,B_win,Pontiac,United States,1994-06-22,0.2665,1.8,0.23,0.182,62.27,1634,3,443.7,0.0,23.69,0.581,73.6,37.4,11.0,0.1443333333333333,0.7826666666666666,1.6033333333333335,0.135,Qatar Airways,airline,19.84,68.58,0.459,0.365,0.75,0.711,0.645,real_sponsor_names_with_proxy_commercial_metrics,0.4142103836358286,1632,7,443.7,-0.12,26.09,0.595,72.7,48.1,17.05,0.1836666666666666,0.914,2.223333333333333,0.2486666666666666,Adidas,apparel,31.4,430.0,1.0,0.14,0.774,0.888,0.845,real_sponsor_names_with_proxy_commercial_metrics,0.90423375782881,2,0.0,-4,0.8999999999999915,0.12,-0.1313333333333334,-0.0393333333333333,0.5280251997286122,0.4442598025322332,3.155,0.12,0.5620807715798463,0.1735333333333333,0.67212,0.1549653892813815,0.2,0.4359041910975935,3.395,0.171
479,1994,United States,Colombia,group_or_knockout,False,0.18,58.1,14.7,62.7,cloudy,54.93,172.47,A_win,Pasadena,United States,1994-06-22,0.2165,5.1,0.204,0.167,55.51,1578,6,379.0,-0.3,23.84,0.536,71.9,31.0,12.75,0.132,0.7943333333333333,0.7200000000000001,0.0636666666666666,Vivo,technology,22.58,68.24,0.455,0.416,0.676,0.652,0.654,real_sponsor_names_with_proxy_commercial_metrics,0.4316086395935045,1650,3,462.8,-0.05,24.41,0.599,74.7,50.9,8.73,0.2533333333333333,0.816,4.703333333333333,0.1769999999999999,Vivo,technology,18.25,73.14,0.507,0.422,0.764,0.653,0.613,real_sponsor_names_with_proxy_commercial_metrics,0.3961935311674871,-72,-83.80000000000001,3,-2.799999999999997,-0.25,-0.0216666666666666,-0.1213333333333333,0.4407302164904229,0.3810605514061116,3.23,0.22,0.4068285117611055,0.1614666666666666,0.6269199999999999,0.4359955041746949,0.2,0.3857295302483735,3.157,0.14
480,1994,Italy,Norway,group_or_knockout,True,0.0,91.8,31.6,52.3,clear,50.53,74.2,A_win,East Rutherford,United States,1994-06-23,0.1648,3.05,0.13,0.142,52.04,1755,14,594.5,0.34,33.03,0.744,77.8,61.6,11.04,0.3303333333333333,0.8929999999999999,1.3333333333333333,0.0393333333333333,Visa,finance,33.4,190.0,1.0,0.316,0.761,0.842,0.918,real_sponsor_names_with_proxy_commercial_metrics,0.7989842668207419,1541,1,328.5,-0.12,17.05,0.46,69.8,29.1,10.21,0.1593333333333333,0.8300000000000001,0.6766666666666666,0.2416666666666666,McDonald's,restaurant,20.44,68.0,0.453,0.453,0.651,0.632,0.639,real_sponsor_names_with_proxy_commercial_metrics,0.394429534256985,214,266.0,13,8.0,0.46,0.0629999999999998,0.171,0.8187106162327391,0.3266006084313456,3.782,0.12,0.2817876536196369,0.241,0.84782,0.4108838221651324,0.2,0.4597967251216822,3.45,0.103
481,1994,South Korea,Bolivia,group_or_knockout,True,0.0,60.9,22.1,20.0,clear,48.33,151.32,draw,Foxborough,United States,1994-06-23,0.2512,0.19,0.195,0.112,49.03,1548,6,343.4,-0.37,22.9,0.505,70.3,20.2,12.829999999999998,0.151,0.8606666666666666,2.8866666666666667,0.2443333333333333,McDonald's,restaurant,25.44,80.72,0.587,0.49,0.67,0.723,0.661,real_sponsor_names_with_proxy_commercial_metrics,0.5096695074891809,1404,1,163.9,-0.83,11.34,0.308,64.1,13.8,5.97,0.2236666666666666,0.8046666666666668,3.263333333333333,0.1586666666666666,Qatar Airways,airline,24.48,76.99,0.547,0.397,0.575,0.669,0.621,real_sponsor_names_with_proxy_commercial_metrics,0.4624106641384555,144,179.49999999999997,5,6.200000000000003,0.4599999999999999,0.0559999999999998,-0.0726666666666666,0.3785695739184261,0.4327795580971759,3.162,0.12,0.3363743139336475,0.1463333333333333,0.6669599999999999,0.0242060943409691,0.2,0.4113682208513421,3.14,0.123
482,1994,Brazil,Cameroon,group_or_knockout,True,0.0,76.6,24.7,49.4,clear,54.93,158.64,A_win,Palo Alto,United States,1994-06-24,0.2059,1.76,0.271,0.188,55.53,1829,20,683.6,0.5,36.78,0.83,78.8,57.4,18.61,0.1376666666666667,0.7313333333333333,3.723333333333333,0.206,Adidas,apparel,33.15,430.0,1.0,0.369,0.809,0.916,0.861,real_sponsor_names_with_proxy_commercial_metrics,0.9383411482254695,1542,4,334.5,-0.31,21.28,0.489,68.0,29.1,10.52,0.2513333333333333,0.8450000000000001,2.2433333333333336,0.186,Coca-Cola,beverage,31.97,180.0,1.0,0.241,0.693,0.92,0.885,real_sponsor_names_with_proxy_commercial_metrics,0.7711359494761991,287,349.1,16,10.799999999999995,0.81,-0.1136666666666668,-0.1136666666666666,0.9764150943396226,0.5439929684811187,4.32,0.12,0.398815524214234,0.1900666666666667,0.87793,0.2188731891814743,0.2,0.5847892115916727,4.118,0.124
483,1994,Mexico,Republic of Ireland,group_or_knockout,True,0.0,59.2,37.0,43.6,cloudy,54.93,158.89,A_win,Orlando,United States,1994-06-24,0.4235,4.95,0.163,0.196,49.76,1612,10,421.9,-0.18,26.83,0.584,72.1,37.6,18.89,0.2446666666666666,0.7546666666666667,1.1233333333333333,0.211,Hyundai,automotive,28.5,420.0,1.0,0.636,0.712,0.897,0.88,real_sponsor_names_with_proxy_commercial_metrics,0.853187632551073,1503,2,285.7,-0.08,17.44,0.431,66.8,21.0,11.42,0.122,0.863,3.5500000000000003,0.4016666666666666,McDonald's,restaurant,22.06,77.85,0.556,0.61,0.646,0.669,0.593,real_sponsor_names_with_proxy_commercial_metrics,0.4410552400981446,109,136.2,8,5.299999999999997,-0.0999999999999999,-0.1083333333333332,0.1226666666666666,0.5181915824104364,0.5052759928939986,3.927,0.22,0.4470002050547809,0.2449333333333332,0.83529,0.5537536573182046,0.2,0.5538869508335332,3.841,0.135
484,1994,Sweden,Russia,group_or_knockout,True,0.0,65.6,32.1,83.2,clear,57.13,174.9,A_win,Pontiac,United States,1994-06-24,0.2497,2.36,0.308,0.244,45.14,1654,9,471.1,0.0,27.67,0.624,74.4,39.2,19.34,0.1766666666666666,0.6789999999999999,3.783333333333333,0.1453333333333333,Budweiser,beverage,26.29,200.0,1.0,0.625,0.705,0.91,0.618,real_sponsor_names_with_proxy_commercial_metrics,0.6867753190295852,1676,8,497.3,0.07,27.98,0.645,72.7,49.8,18.23,0.1086666666666666,0.8123333333333332,5.670000000000001,0.13,Hyundai,automotive,26.07,420.0,1.0,0.245,0.69,0.874,0.885,real_sponsor_names_with_proxy_commercial_metrics,0.81405268474314,-22,-26.19999999999999,1,1.7000000000000028,-0.07,-0.1333333333333333,0.068,0.6002235585615322,0.5510576670588415,3.94,0.12,0.4226577232564626,0.2344,0.7963,0.5574081210304718,0.2,0.5170717679948686,3.765,0.143
485,1994,Argentina,Nigeria,group_or_knockout,True,0.0,57.3,21.2,30.8,clear,54.93,155.72,A_win,Foxborough,United States,1994-06-25,0.3094,1.49,0.036,0.17,51.58,1753,15,591.7,0.26,33.16,0.743,76.8,58.0,19.5,0.2623333333333333,0.8586666666666667,3.813333333333333,0.2106666666666666,Hyundai,automotive,30.74,420.0,1.0,0.338,0.813,0.936,0.851,real_sponsor_names_with_proxy_commercial_metrics,0.9027842922587972,1585,3,384.6,-0.29,21.98,0.529,75.3,31.3,8.190000000000001,0.2983333333333333,0.916,1.92,-0.066,Coca-Cola,beverage,26.63,180.0,1.0,0.555,0.744,0.906,0.879,real_sponsor_names_with_proxy_commercial_metrics,0.704592483922963,168,207.1,12,1.5,0.55,-0.0573333333333332,-0.0359999999999999,0.8112048561394937,0.5876926224003169,4.144,0.12,0.4112102936175226,0.2139333333333333,0.8831100000000001,0.0890808534931849,0.2,0.5902636231377048,4.026,0.131
486,1994,Belgium,Netherlands,group_or_knockout,True,0.0,55.8,19.4,34.9,clear,50.53,142.29,A_win,Orlando,United States,1994-06-25,0.2463,1.48,0.028,0.19,40.24,1674,9,495.4,0.02,28.38,0.646,71.5,40.4,23.19,0.142,0.7919999999999999,3.7566666666666655,0.0076666666666666,Visa,finance,26.85,190.0,1.0,0.538,0.72,0.914,0.914,real_sponsor_names_with_proxy_commercial_metrics,0.712621177050387,1746,9,581.1,0.35,31.14,0.724,75.8,49.9,15.97,0.1103333333333333,0.742,2.733333333333333,0.1786666666666666,Hisense,technology,32.27,200.0,1.0,0.505,0.811,0.856,0.664,real_sponsor_names_with_proxy_commercial_metrics,0.781083544499314,-72,-85.70000000000005,0,-4.299999999999997,-0.3299999999999999,0.0499999999999999,0.0316666666666666,0.6045045124588039,0.5741275972414213,3.862,0.12,0.3373096114044938,0.1684,0.8480000000000001,0.1536177121244558,0.2,0.5238627320005896,3.668,0.137
487,1994,Saudi Arabia,Morocco,group_or_knockout,True,0.0,47.9,21.0,75.8,clear,54.93,186.37,A_win,East Rutherford,United States,1994-06-25,0.1981,4.15,0.235,0.264,52.12,1543,3,334.4,-0.47,20.17,0.482,68.2,34.6,13.01,0.2876666666666667,0.8483333333333333,5.266666666666667,0.2613333333333333,Visa,finance,27.16,190.0,1.0,0.611,0.648,0.864,0.904,real_sponsor_names_with_proxy_commercial_metrics,0.6981078576349381,1552,4,345.5,-0.26,21.17,0.496,69.2,34.3,12.67,0.2156666666666666,0.86,4.223333333333334,-0.0613333333333333,Mengniu,consumer_goods,19.44,62.12,0.391,0.28,0.668,0.598,0.65,real_sponsor_names_with_proxy_commercial_metrics,0.365598332426661,-9,-11.100000000000025,-1,-1.0,-0.2099999999999999,-0.0116666666666667,0.072,0.3337070048861339,0.5232900378996813,3.579,0.12,0.427239627958523,0.2332666666666667,0.80376,0.2887276100763576,0.2,0.5140454220360006,3.535,0.13
488,1994,Bulgaria,Greece,group_or_knockout,True,0.0,63.6,26.1,79.7,hot,57.13,140.27,A_win,Chicago,United States,1994-06-26,0.2643,6.48,0.091,0.179,54.11,1502,4,286.8,-0.46,19.9,0.447,65.2,28.9,10.5,0.3979999999999999,0.719,2.9800000000000004,-0.0613333333333333,Hisense,technology,33.88,200.0,1.0,0.2,0.675,0.918,0.633,real_sponsor_names_with_proxy_commercial_metrics,0.7870611436642407,1521,1,305.1,-0.4,17.11,0.443,66.0,32.8,9.21,0.1196666666666666,0.7983333333333333,2.74,0.2183333333333333,Budweiser,beverage,30.87,200.0,1.0,0.603,0.686,0.866,0.554,real_sponsor_names_with_proxy_commercial_metrics,0.7356856321819861,-19,-18.30000000000001,3,-0.7999999999999972,-0.06,-0.0793333333333333,0.2783333333333333,0.2468311715404268,0.3464452628034739,3.251,0.62,0.4074013380701738,0.3511999999999999,0.78795,0.5862153000784986,0.2,0.4726206156784253,3.089,0.091
489,1994,Switzerland,Colombia,group_or_knockout,True,0.0,46.9,22.4,46.1,clear,52.73,115.56,B_win,Palo Alto,United States,1994-06-26,0.1559,-1.7,0.32,0.223,44.52,1632,7,443.7,-0.12,26.09,0.595,72.7,48.1,17.05,0.1836666666666666,0.914,2.223333333333333,0.2486666666666666,Adidas,apparel,31.4,430.0,1.0,0.14,0.774,0.888,0.845,real_sponsor_names_with_proxy_commercial_metrics,0.90423375782881,1650,3,462.8,-0.05,24.41,0.599,74.7,50.9,8.73,0.2533333333333333,0.816,4.703333333333333,0.1769999999999999,Vivo,technology,18.25,73.14,0.507,0.422,0.764,0.653,0.613,real_sponsor_names_with_proxy_commercial_metrics,0.3961935311674871,-18,-19.100000000000023,4,-2.0,-0.0699999999999999,0.098,-0.0696666666666666,0.5385464489432931,0.5108406741464991,3.569,0.12,0.3227571604162343,0.1445999999999999,0.85383,0.1447873403268393,0.2,0.551463122723181,3.755,0.12
490,1994,United States,Romania,group_or_knockout,False,0.18,66.7,20.6,47.9,rain,50.53,336.71,B_win,Pasadena,United States,1994-06-26,0.2576,8.68,0.263,0.186,53.68,1578,6,379.0,-0.3,23.84,0.536,71.9,31.0,12.75,0.132,0.7943333333333333,0.7200000000000001,0.0636666666666666,Vivo,technology,22.58,68.24,0.455,0.416,0.676,0.652,0.654,real_sponsor_names_with_proxy_commercial_metrics,0.4316086395935045,1634,3,443.7,0.0,23.69,0.581,73.6,37.4,11.0,0.1443333333333333,0.7826666666666666,1.6033333333333335,0.135,Qatar Airways,airline,19.84,68.58,0.459,0.365,0.75,0.711,0.645,real_sponsor_names_with_proxy_commercial_metrics,0.4142103836358286,-56,-64.69999999999999,3,-1.6999999999999886,-0.3,0.0116666666666667,-0.0123333333333333,0.4407302164904229,0.4184628818027743,3.203,0.48,0.5164570730036436,0.1614666666666666,0.6269199999999999,0.3225766787982587,0.2,0.4181278950079466,3.308,0.147
491,1994,Bolivia,Spain,group_or_knockout,True,0.0,72.1,31.8,67.9,rain,57.13,133.61,B_win,Chicago,United States,1994-06-27,0.2368,3.23,0.283,0.222,59.04,1404,1,163.9,-0.83,11.34,0.308,64.1,13.8,5.97,0.2236666666666666,0.8046666666666668,3.263333333333333,0.1586666666666666,Qatar Airways,airline,24.48,76.99,0.547,0.397,0.575,0.669,0.621,real_sponsor_names_with_proxy_commercial_metrics,0.4624106641384555,1708,12,537.2,0.18,30.58,0.689,77.4,45.2,19.26,0.2126666666666666,0.84,4.25,0.077,Budweiser,beverage,27.85,200.0,1.0,0.321,0.724,0.933,0.612,real_sponsor_names_with_proxy_commercial_metrics,0.7135544213260362,-304,-373.30000000000007,-11,-13.300000000000011,-1.01,-0.0353333333333332,0.011,0.0638608636769832,0.3304456482758001,2.846,0.48,0.4174710141156789,0.2123333333333332,0.6003599999999999,0.6274935417112681,0.2,0.3743079437335892,2.748,0.112
492,1994,Germany,South Korea,group_or_knockout,True,0.0,62.8,22.3,20.8,clear,59.33,174.37,A_win,Dallas,United States,1994-06-27,0.2248,4.02,0.227,0.221,58.23,1798,20,646.1,0.4,35.62,0.797,81.3,65.9,22.15,0.2123333333333333,0.851,5.576666666666667,0.3273333333333333,Coca-Cola,beverage,29.19,180.0,1.0,0.286,0.859,0.907,0.902,real_sponsor_names_with_proxy_commercial_metrics,0.7594715235889338,1548,6,343.4,-0.37,22.9,0.505,70.3,20.2,12.829999999999998,0.151,0.8606666666666666,2.8866666666666667,0.2443333333333333,McDonald's,restaurant,25.44,80.72,0.587,0.49,0.67,0.723,0.661,real_sponsor_names_with_proxy_commercial_metrics,0.5096695074891809,250,302.70000000000005,14,11.0,0.77,-0.0096666666666666,0.0613333333333333,0.9510351228677828,0.7112527187866153,4.271,0.12,0.4537489379846917,0.1869999999999999,0.90283,0.0328651966031542,0.2,0.6033499145185348,4.157,0.142
493,1994,Brazil,Sweden,group_or_knockout,True,0.0,54.3,36.8,28.2,hot,52.73,99.13,draw,Pontiac,United States,1994-06-28,0.2015,1.88,0.082,0.164,58.71,1829,20,683.6,0.5,36.78,0.83,78.8,57.4,18.61,0.1376666666666667,0.7313333333333333,3.723333333333333,0.206,Adidas,apparel,33.15,430.0,1.0,0.369,0.809,0.916,0.861,real_sponsor_names_with_proxy_commercial_metrics,0.9383411482254695,1654,9,471.1,0.0,27.67,0.624,74.4,39.2,19.34,0.1766666666666666,0.6789999999999999,3.783333333333333,0.1453333333333333,Budweiser,beverage,26.29,200.0,1.0,0.625,0.705,0.91,0.618,real_sponsor_names_with_proxy_commercial_metrics,0.6867753190295852,175,212.5,11,4.399999999999992,0.5,0.0523333333333333,-0.0389999999999999,0.9764150943396226,0.5133843591124728,3.901,0.62,0.343888638939684,0.1900666666666667,0.87793,0.642008135302933,0.2,0.5652334239135419,3.99,0.12
494,1994,Republic of Ireland,Norway,group_or_knockout,True,0.0,63.9,23.5,53.5,rain,48.33,142.69,draw,East Rutherford,United States,1994-06-28,0.27,2.79,0.023,0.136,42.69,1503,2,285.7,-0.08,17.44,0.431,66.8,21.0,11.42,0.122,0.863,3.5500000000000003,0.4016666666666666,McDonald's,restaurant,22.06,77.85,0.556,0.61,0.646,0.669,0.593,real_sponsor_names_with_proxy_commercial_metrics,0.4410552400981446,1541,1,328.5,-0.12,17.05,0.46,69.8,29.1,10.21,0.1593333333333333,0.8300000000000001,0.6766666666666666,0.2416666666666666,McDonald's,restaurant,20.44,68.0,0.453,0.453,0.651,0.632,0.639,real_sponsor_names_with_proxy_commercial_metrics,0.394429534256985,-38,-42.80000000000001,1,-3.0,0.0399999999999999,0.0329999999999999,-0.0373333333333333,0.2519111916307775,0.4470349122160471,3.18,0.48,0.3253961620564132,0.128,0.6276,0.3493753657318204,0.2,0.3922862654553306,3.108,0.141
495,1994,Italy,Mexico,group_or_knockout,True,0.0,54.0,33.7,82.8,cloudy,52.73,116.03,draw,"Washington, D.C.",United States,1994-06-28,0.2582,3.2,0.276,0.215,46.1,1755,14,594.5,0.34,33.03,0.744,77.8,61.6,11.04,0.3303333333333333,0.8929999999999999,1.3333333333333333,0.0393333333333333,Visa,finance,33.4,190.0,1.0,0.316,0.761,0.842,0.918,real_sponsor_names_with_proxy_commercial_metrics,0.7989842668207419,1612,10,421.9,-0.18,26.83,0.584,72.1,37.6,18.89,0.2446666666666666,0.7546666666666667,1.1233333333333333,0.211,Hyundai,automotive,28.5,420.0,1.0,0.636,0.712,0.897,0.88,real_sponsor_names_with_proxy_commercial_metrics,0.853187632551073,143,172.60000000000002,4,5.700000000000003,0.52,0.1383333333333332,0.0856666666666667,0.8187106162327391,0.3510537647579511,3.397,0.22,0.3533990180497906,0.241,0.84782,0.63729822307857,0.2,0.4809658817791624,3.517,0.105
496,1994,Russia,Cameroon,group_or_knockout,True,0.0,70.2,25.1,51.0,clear,63.73,160.9,A_win,Palo Alto,United States,1994-06-28,0.3364,0.6,0.036,0.156,53.92,1676,8,497.3,0.07,27.98,0.645,72.7,49.8,18.23,0.1086666666666666,0.8123333333333332,5.670000000000001,0.13,Hyundai,automotive,26.07,420.0,1.0,0.245,0.69,0.874,0.885,real_sponsor_names_with_proxy_commercial_metrics,0.81405268474314,1542,4,334.5,-0.31,21.28,0.489,68.0,29.1,10.52,0.2513333333333333,0.8450000000000001,2.2433333333333336,0.186,Coca-Cola,beverage,31.97,180.0,1.0,0.241,0.693,0.92,0.885,real_sponsor_names_with_proxy_commercial_metrics,0.7711359494761991,134,162.8,4,4.700000000000003,0.38,-0.0326666666666668,-0.1426666666666667,0.6134810916271758,0.618690748501831,4.326,0.12,0.471641569260845,0.1402666666666666,0.82105,0.2361913937058445,0.2,0.5854653677710353,4.133,0.159
497,1994,Belgium,Saudi Arabia,group_or_knockout,True,0.0,34.2,28.8,59.6,clear,50.53,193.48,B_win,"Washington, D.C.",United States,1994-06-29,0.1342,1.11,0.283,0.268,49.32,1674,9,495.4,0.02,28.38,0.646,71.5,40.4,23.19,0.142,0.7919999999999999,3.7566666666666655,0.0076666666666666,Visa,finance,26.85,190.0,1.0,0.538,0.72,0.914,0.914,real_sponsor_names_with_proxy_commercial_metrics,0.712621177050387,1543,3,334.4,-0.47,20.17,0.482,68.2,34.6,13.01,0.2876666666666667,0.8483333333333333,5.266666666666667,0.2613333333333333,Visa,finance,27.16,190.0,1.0,0.611,0.648,0.864,0.904,real_sponsor_names_with_proxy_commercial_metrics,0.6981078576349381,131,161.0,6,3.299999999999997,0.49,-0.0563333333333333,-0.1456666666666667,0.6045045124588039,0.5919498620164235,3.507,0.12,0.3854871318469404,0.1684,0.8480000000000001,0.369594662099479,0.2,0.5384884702260796,3.802,0.142
498,1994,Morocco,Netherlands,group_or_knockout,True,0.0,53.6,18.7,76.1,windy,54.93,179.15,B_win,Orlando,United States,1994-06-29,0.0997,5.29,0.21,0.214,46.91,1552,4,345.5,-0.26,21.17,0.496,69.2,34.3,12.67,0.2156666666666666,0.86,4.223333333333334,-0.0613333333333333,Mengniu,consumer_goods,19.44,62.12,0.391,0.28,0.668,0.598,0.65,real_sponsor_names_with_proxy_commercial_metrics,0.365598332426661,1746,9,581.1,0.35,31.14,0.724,75.8,49.9,15.97,0.1103333333333333,0.742,2.733333333333333,0.1786666666666666,Hisense,technology,32.27,200.0,1.0,0.505,0.811,0.856,0.664,real_sponsor_names_with_proxy_commercial_metrics,0.781083544499314,-194,-235.6,-5,-6.599999999999994,-0.61,0.118,0.1053333333333333,0.3627181368394233,0.4403972469631779,3.024,0.48,0.3696275299639344,0.1853999999999999,0.59794,0.4938504959680296,0.2,0.3735679349248753,3.094,0.159
499,1994,Argentina,Bulgaria,group_or_knockout,True,0.0,32.1,17.9,91.7,rain,52.73,176.68,B_win,Dallas,United States,1994-06-30,0.307,-0.46,0.15,0.167,57.62,1753,15,591.7,0.26,33.16,0.743,76.8,58.0,19.5,0.2623333333333333,0.8586666666666667,3.813333333333333,0.2106666666666666,Hyundai,automotive,30.74,420.0,1.0,0.338,0.813,0.936,0.851,real_sponsor_names_with_proxy_commercial_metrics,0.9027842922587972,1502,4,286.8,-0.46,19.9,0.447,65.2,28.9,10.5,0.3979999999999999,0.719,2.9800000000000004,-0.0613333333333333,Hisense,technology,33.88,200.0,1.0,0.2,0.675,0.918,0.633,real_sponsor_names_with_proxy_commercial_metrics,0.7870611436642407,251,304.90000000000003,11,11.599999999999994,0.72,0.1396666666666667,-0.1356666666666666,0.8112048561394937,0.5851003765097806,3.706,0.48,0.4285329291717514,0.2139333333333333,0.8831100000000001,0.5820671519303504,0.2,0.5930023213992003,4.078,0.133
500,1994,Greece,Nigeria,group_or_knockout,True,0.0,38.6,25.8,48.8,windy,52.73,91.77,B_win,Foxborough,United States,1994-06-30,0.1612,3.73,0.192,0.135,46.91,1521,1,305.1,-0.4,17.11,0.443,66.0,32.8,9.21,0.1196666666666666,0.7983333333333333,2.74,0.2183333333333333,Budweiser,beverage,30.87,200.0,1.0,0.603,0.686,0.866,0.554,real_sponsor_names_with_proxy_commercial_metrics,0.7356856321819861,1585,3,384.6,-0.29,21.98,0.529,75.3,31.3,8.190000000000001,0.2983333333333333,0.916,1.92,-0.066,Coca-Cola,beverage,26.63,180.0,1.0,0.555,0.744,0.906,0.879,real_sponsor_names_with_proxy_commercial_metrics,0.704592483922963,-64,-79.5,-2,-9.299999999999995,-0.11,-0.1176666666666665,-0.1786666666666667,0.2664347481162223,0.3500589908815383,2.901,0.48,0.29112160207568,0.1524666666666666,0.76772,0.3888933133518875,0.2,0.4471381895856434,3.246,0.105
501,1994,Germany,Belgium,group_or_knockout,True,0.0,75.7,28.9,57.7,hot,59.33,283.57,A_win,Chicago,United States,1994-07-02,0.4281,2.02,0.193,0.161,56.76,1798,20,646.1,0.4,35.62,0.797,81.3,65.9,22.15,0.2123333333333333,0.851,5.576666666666667,0.3273333333333333,Coca-Cola,beverage,29.19,180.0,1.0,0.286,0.859,0.907,0.902,real_sponsor_names_with_proxy_commercial_metrics,0.7594715235889338,1674,9,495.4,0.02,28.38,0.646,71.5,40.4,23.19,0.142,0.7919999999999999,3.7566666666666655,0.0076666666666666,Visa,finance,26.85,190.0,1.0,0.538,0.72,0.914,0.914,real_sponsor_names_with_proxy_commercial_metrics,0.712621177050387,124,150.70000000000005,11,9.799999999999995,0.38,0.059,0.0703333333333333,0.9510351228677828,0.7492716934580402,4.488,0.62,0.5726482581380311,0.1869999999999999,0.90283,0.5639859416256333,0.2,0.6377750914572016,4.254,0.146
502,1994,Spain,Switzerland,group_or_knockout,True,0.0,69.6,23.2,87.2,clear,54.93,112.43,A_win,"Washington, D.C.",United States,1994-07-02,0.1001,0.78,0.14,0.113,53.32,1708,12,537.2,0.18,30.58,0.689,77.4,45.2,19.26,0.2126666666666666,0.84,4.25,0.077,Budweiser,beverage,27.85,200.0,1.0,0.321,0.724,0.933,0.612,real_sponsor_names_with_proxy_commercial_metrics,0.7135544213260362,1632,7,443.7,-0.12,26.09,0.595,72.7,48.1,17.05,0.1836666666666666,0.914,2.223333333333333,0.2486666666666666,Adidas,apparel,31.4,430.0,1.0,0.14,0.774,0.888,0.845,real_sponsor_names_with_proxy_commercial_metrics,0.90423375782881,76,93.50000000000006,5,4.700000000000003,0.3,-0.074,0.0289999999999999,0.7299678934836586,0.5491437501577447,3.983,0.12,0.3116275112727668,0.1915999999999999,0.80913,0.3431891814743452,0.2,0.5051210134169707,3.751,0.135
503,1994,Romania,Argentina,group_or_knockout,True,0.0,48.6,15.3,33.6,rain,59.33,260.11,A_win,Pasadena,United States,1994-07-03,0.2797,6.94,0.27,0.231,52.85,1634,3,443.7,0.0,23.69,0.581,73.6,37.4,11.0,0.1443333333333333,0.7826666666666666,1.6033333333333335,0.135,Qatar Airways,airline,19.84,68.58,0.459,0.365,0.75,0.711,0.645,real_sponsor_names_with_proxy_commercial_metrics,0.4142103836358286,1753,15,591.7,0.26,33.16,0.743,76.8,58.0,19.5,0.2623333333333333,0.8586666666666667,3.813333333333333,0.2106666666666666,Hyundai,automotive,30.74,420.0,1.0,0.338,0.813,0.936,0.851,real_sponsor_names_with_proxy_commercial_metrics,0.9027842922587972,-119,-148.00000000000006,-12,-3.200000000000003,-0.26,-0.076,-0.118,0.5280251997286122,0.4287945749232159,3.38,0.48,0.5215544567182637,0.1735333333333333,0.67212,0.3986478270177691,0.2,0.4234686643947521,3.351,0.169
504,1994,Saudi Arabia,Sweden,group_or_knockout,True,0.0,38.5,14.8,74.4,cloudy,57.13,217.32,B_win,Dallas,United States,1994-07-03,0.2583,0.8,0.268,0.24,59.75,1543,3,334.4,-0.47,20.17,0.482,68.2,34.6,13.01,0.2876666666666667,0.8483333333333333,5.266666666666667,0.2613333333333333,Visa,finance,27.16,190.0,1.0,0.611,0.648,0.864,0.904,real_sponsor_names_with_proxy_commercial_metrics,0.6981078576349381,1654,9,471.1,0.0,27.67,0.624,74.4,39.2,19.34,0.1766666666666666,0.6789999999999999,3.783333333333333,0.1453333333333333,Budweiser,beverage,26.29,200.0,1.0,0.625,0.705,0.91,0.618,real_sponsor_names_with_proxy_commercial_metrics,0.6867753190295852,-111,-136.70000000000005,-6,-6.200000000000003,-0.47,0.1693333333333333,0.111,0.3337070048861339,0.5439552231234929,3.329,0.22,0.4914875902807589,0.2332666666666667,0.80376,0.4839499036608863,0.2,0.532681266363115,3.557,0.131
505,1994,Netherlands,Republic of Ireland,group_or_knockout,True,0.0,24.0,14.4,41.7,rain,52.73,177.12,A_win,Orlando,United States,1994-07-04,0.3812,0.43,0.169,0.121,54.27,1746,9,581.1,0.35,31.14,0.724,75.8,49.9,15.97,0.1103333333333333,0.742,2.733333333333333,0.1786666666666666,Hisense,technology,32.27,200.0,1.0,0.505,0.811,0.856,0.664,real_sponsor_names_with_proxy_commercial_metrics,0.781083544499314,1503,2,285.7,-0.08,17.44,0.431,66.8,21.0,11.42,0.122,0.863,3.5500000000000003,0.4016666666666666,McDonald's,restaurant,22.06,77.85,0.556,0.61,0.646,0.669,0.593,real_sponsor_names_with_proxy_commercial_metrics,0.4410552400981446,243,295.40000000000003,7,9.0,0.43,-0.121,-0.0116666666666666,0.7581498473599972,0.4746170380338654,3.404,0.48,0.4299673666712459,0.1694,0.8342200000000001,0.4570582316420466,0.2,0.528973094663567,3.758,0.116
506,1994,United States,Brazil,group_or_knockout,False,0.18,50.9,12.4,59.6,clear,50.53,113.66,B_win,Palo Alto,United States,1994-07-04,0.2236,2.41,0.108,0.119,53.25,1578,6,379.0,-0.3,23.84,0.536,71.9,31.0,12.75,0.132,0.7943333333333333,0.7200000000000001,0.0636666666666666,Vivo,technology,22.58,68.24,0.455,0.416,0.676,0.652,0.654,real_sponsor_names_with_proxy_commercial_metrics,0.4316086395935045,1829,20,683.6,0.5,36.78,0.83,78.8,57.4,18.61,0.1376666666666667,0.7313333333333333,3.723333333333333,0.206,Adidas,apparel,33.15,430.0,1.0,0.369,0.809,0.916,0.861,real_sponsor_names_with_proxy_commercial_metrics,0.9383411482254695,-251,-304.6,-14,-6.899999999999992,-0.8,0.063,-0.0056666666666666,0.4407302164904229,0.3408059926044107,2.849,0.12,0.32466405189936,0.1614666666666666,0.6269199999999999,0.4424270320416755,0.2,0.3580253618115481,2.99,0.132
507,1994,Mexico,Bulgaria,group_or_knockout,True,0.0,89.5,23.7,54.1,clear,52.73,157.22,draw,East Rutherford,United States,1994-07-05,0.1641,1.19,0.261,0.215,52.63,1612,10,421.9,-0.18,26.83,0.584,72.1,37.6,18.89,0.2446666666666666,0.7546666666666667,1.1233333333333333,0.211,Hyundai,automotive,28.5,420.0,1.0,0.636,0.712,0.897,0.88,real_sponsor_names_with_proxy_commercial_metrics,0.853187632551073,1502,4,286.8,-0.46,19.9,0.447,65.2,28.9,10.5,0.3979999999999999,0.719,2.9800000000000004,-0.0613333333333333,Hisense,technology,33.88,200.0,1.0,0.2,0.675,0.918,0.633,real_sponsor_names_with_proxy_commercial_metrics,0.7870611436642407,110,135.09999999999997,6,6.899999999999992,0.28,0.0356666666666667,-0.1533333333333333,0.5181915824104364,0.4948049063732943,4.066,0.12,0.3739088685292158,0.2449333333333332,0.83529,0.2131702704631413,0.2,0.536336779302623,3.782,0.133
508,1994,Nigeria,Italy,group_or_knockout,True,0.0,63.7,29.8,42.7,rain,54.93,137.58,B_win,Foxborough,United States,1994-07-05,0.2339,2.81,-0.006,0.05,51.95,1585,3,384.6,-0.29,21.98,0.529,75.3,31.3,8.190000000000001,0.2983333333333333,0.916,1.92,-0.066,Coca-Cola,beverage,26.63,180.0,1.0,0.555,0.744,0.906,0.879,real_sponsor_names_with_proxy_commercial_metrics,0.704592483922963,1755,14,594.5,0.34,33.03,0.744,77.8,61.6,11.04,0.3303333333333333,0.8929999999999999,1.3333333333333333,0.0393333333333333,Visa,finance,33.4,190.0,1.0,0.316,0.761,0.842,0.918,real_sponsor_names_with_proxy_commercial_metrics,0.7989842668207419,-170,-209.9,-11,-2.5,-0.63,0.023,-0.032,0.4667473504417841,0.3177128349884281,3.346,0.48,0.3486055671170949,0.2125999999999999,0.85083,0.4665815314350959,0.2,0.45014310336169,3.313,0.124
509,1994,Italy,Spain,group_or_knockout,True,0.0,50.7,22.9,42.3,rain,54.93,158.25,A_win,Foxborough,United States,1994-07-09,0.2236,3.13,0.192,0.199,51.72,1755,14,594.5,0.34,33.03,0.744,77.8,61.6,11.04,0.3303333333333333,0.8929999999999999,1.3333333333333333,0.0393333333333333,Visa,finance,33.4,190.0,1.0,0.316,0.761,0.842,0.918,real_sponsor_names_with_proxy_commercial_metrics,0.7989842668207419,1708,12,537.2,0.18,30.58,0.689,77.4,45.2,19.26,0.2126666666666666,0.84,4.25,0.077,Budweiser,beverage,27.85,200.0,1.0,0.321,0.724,0.933,0.612,real_sponsor_names_with_proxy_commercial_metrics,0.7135544213260362,47,57.29999999999996,2,0.3999999999999915,0.16,0.0529999999999999,0.1176666666666667,0.8187106162327391,0.3756427031369547,3.555,0.48,0.3967080981419045,0.241,0.84782,0.2853733675872403,0.2,0.4965126005437063,3.52,0.105
510,1994,Netherlands,Brazil,group_or_knockout,True,0.0,64.0,9.4,62.4,cloudy,59.33,158.09,B_win,Dallas,United States,1994-07-09,0.2862,3.29,0.215,0.182,61.58,1746,9,581.1,0.35,31.14,0.724,75.8,49.9,15.97,0.1103333333333333,0.742,2.733333333333333,0.1786666666666666,Hisense,technology,32.27,200.0,1.0,0.505,0.811,0.856,0.664,real_sponsor_names_with_proxy_commercial_metrics,0.781083544499314,1829,20,683.6,0.5,36.78,0.83,78.8,57.4,18.61,0.1376666666666667,0.7313333333333333,3.723333333333333,0.206,Adidas,apparel,33.15,430.0,1.0,0.369,0.809,0.916,0.861,real_sponsor_names_with_proxy_commercial_metrics,0.9383411482254695,-83,-102.5,-11,-3.0,-0.15,0.0106666666666667,-0.0273333333333333,0.7581498473599972,0.4976605526225254,3.638,0.22,0.4574948802345135,0.1694,0.8342200000000001,0.5725604795546992,0.2,0.5409307814610452,3.704,0.115
511,1994,Bulgaria,Germany,group_or_knockout,True,0.0,37.7,21.9,73.9,clear,54.93,88.7,A_win,East Rutherford,United States,1994-07-10,0.2346,2.54,0.09,0.102,50.3,1502,4,286.8,-0.46,19.9,0.447,65.2,28.9,10.5,0.3979999999999999,0.719,2.9800000000000004,-0.0613333333333333,Hisense,technology,33.88,200.0,1.0,0.2,0.675,0.918,0.633,real_sponsor_names_with_proxy_commercial_metrics,0.7870611436642407,1798,20,646.1,0.4,35.62,0.797,81.3,65.9,22.15,0.2123333333333333,0.851,5.576666666666667,0.3273333333333333,Coca-Cola,beverage,29.19,180.0,1.0,0.286,0.859,0.907,0.902,real_sponsor_names_with_proxy_commercial_metrics,0.7594715235889338,-296,-359.3,-16,-16.099999999999994,-0.8600000000000001,-0.132,0.1856666666666666,0.2468311715404268,0.3186010367580068,2.924,0.12,0.3212108256155576,0.3511999999999999,0.78795,0.2571073289088703,0.2,0.4475861298947713,2.925,0.086
512,1994,Romania,Sweden,group_or_knockout,True,0.0,54.1,22.0,55.9,clear,57.13,223.5,draw,Palo Alto,United States,1994-07-10,0.4073,1.33,0.234,0.219,53.55,1634,3,443.7,0.0,23.69,0.581,73.6,37.4,11.0,0.1443333333333333,0.7826666666666666,1.6033333333333335,0.135,Qatar Airways,airline,19.84,68.58,0.459,0.365,0.75,0.711,0.645,real_sponsor_names_with_proxy_commercial_metrics,0.4142103836358286,1654,9,471.1,0.0,27.67,0.624,74.4,39.2,19.34,0.1766666666666666,0.6789999999999999,3.783333333333333,0.1453333333333333,Budweiser,beverage,26.29,200.0,1.0,0.625,0.705,0.91,0.618,real_sponsor_names_with_proxy_commercial_metrics,0.6867753190295852,-20,-27.40000000000004,-6,-0.8000000000000114,0.0,0.1036666666666666,-0.0323333333333333,0.5280251997286122,0.4061588091440906,3.263,0.12,0.5169415383607182,0.1735333333333333,0.67212,0.1767283950617283,0.2,0.4162080663050879,3.297,0.166
513,1994,Bulgaria,Italy,group_or_knockout,True,0.0,59.3,35.6,59.1,windy,54.93,153.45,B_win,East Rutherford,United States,1994-07-13,0.295,4.15,0.154,0.187,46.08,1502,4,286.8,-0.46,19.9,0.447,65.2,28.9,10.5,0.3979999999999999,0.719,2.9800000000000004,-0.0613333333333333,Hisense,technology,33.88,200.0,1.0,0.2,0.675,0.918,0.633,real_sponsor_names_with_proxy_commercial_metrics,0.7870611436642407,1755,14,594.5,0.34,33.03,0.744,77.8,61.6,11.04,0.3303333333333333,0.8929999999999999,1.3333333333333333,0.0393333333333333,Visa,finance,33.4,190.0,1.0,0.316,0.761,0.842,0.918,real_sponsor_names_with_proxy_commercial_metrics,0.7989842668207419,-253,-307.7,-10,-12.599999999999994,-0.8,-0.1739999999999999,0.0676666666666666,0.2468311715404268,0.341144339047153,2.999,0.48,0.3961091746149186,0.3511999999999999,0.78795,0.6883127809890817,0.2,0.4688779243356044,3.02,0.089
514,1994,Sweden,Brazil,group_or_knockout,True,0.0,56.9,14.3,67.1,cloudy,50.53,126.07,B_win,Pasadena,United States,1994-07-13,0.2432,2.57,0.113,0.107,51.78,1654,9,471.1,0.0,27.67,0.624,74.4,39.2,19.34,0.1766666666666666,0.6789999999999999,3.783333333333333,0.1453333333333333,Budweiser,beverage,26.29,200.0,1.0,0.625,0.705,0.91,0.618,real_sponsor_names_with_proxy_commercial_metrics,0.6867753190295852,1829,20,683.6,0.5,36.78,0.83,78.8,57.4,18.61,0.1376666666666667,0.7313333333333333,3.723333333333333,0.206,Adidas,apparel,33.15,430.0,1.0,0.369,0.809,0.916,0.861,real_sponsor_names_with_proxy_commercial_metrics,0.9383411482254695,-175,-212.5,-11,-4.399999999999992,-0.5,-0.0523333333333333,0.0389999999999999,0.6002235585615322,0.5043880753529392,3.541,0.22,0.3327319154056393,0.2344,0.7963,0.4654124741311638,0.2,0.4860191207470513,3.606,0.137
515,1994,Sweden,Bulgaria,group_or_knockout,True,0.0,68.3,20.7,42.5,cloudy,57.13,139.55,A_win,Pasadena,United States,1994-07-16,0.3264,1.76,0.233,0.197,46.14,1654,9,471.1,0.0,27.67,0.624,74.4,39.2,19.34,0.1766666666666666,0.6789999999999999,3.783333333333333,0.1453333333333333,Budweiser,beverage,26.29,200.0,1.0,0.625,0.705,0.91,0.618,real_sponsor_names_with_proxy_commercial_metrics,0.6867753190295852,1502,4,286.8,-0.46,19.9,0.447,65.2,28.9,10.5,0.3979999999999999,0.719,2.9800000000000004,-0.0613333333333333,Hisense,technology,33.88,200.0,1.0,0.2,0.675,0.918,0.633,real_sponsor_names_with_proxy_commercial_metrics,0.7870611436642407,152,184.3,5,9.200000000000005,0.46,-0.04,-0.2213333333333333,0.6002235585615322,0.5387502425658482,3.926,0.22,0.4087922081061295,0.2344,0.7963,0.1926421893955613,0.2,0.5108525861067639,3.771,0.143
516,1994,Brazil,Italy,group_or_knockout,True,0.0,62.5,33.2,69.8,cloudy,48.33,152.69,draw,Pasadena,United States,1994-07-17,0.2011,5.91,0.069,0.143,54.93,1829,20,683.6,0.5,36.78,0.83,78.8,57.4,18.61,0.1376666666666667,0.7313333333333333,3.723333333333333,0.206,Adidas,apparel,33.15,430.0,1.0,0.369,0.809,0.916,0.861,real_sponsor_names_with_proxy_commercial_metrics,0.9383411482254695,1755,14,594.5,0.34,33.03,0.744,77.8,61.6,11.04,0.3303333333333333,0.8929999999999999,1.3333333333333333,0.0393333333333333,Visa,finance,33.4,190.0,1.0,0.316,0.761,0.842,0.918,real_sponsor_names_with_proxy_commercial_metrics,0.7989842668207419,74,89.10000000000002,6,1.0,0.1599999999999999,-0.1616666666666666,-0.1926666666666666,0.9764150943396226,0.512252439356816,4.009,0.22,0.3455981353974682,0.1900666666666667,0.87793,0.5681196032255763,0.2,0.5652583856735148,3.996,0.121
517,1998,Brazil,Scotland,group_or_knockout,True,0.0,66.7,25.7,71.1,clear,56.39,125.47,A_win,Saint-Denis,France,1998-06-10,0.2268,2.55,0.226,0.16,46.9,1829,20,683.6,0.5,36.78,0.83,78.8,57.4,18.61,0.1376666666666667,0.7313333333333333,3.723333333333333,0.206,Adidas,apparel,33.15,430.0,1.0,0.369,0.809,0.916,0.861,real_sponsor_names_with_proxy_commercial_metrics,0.9383411482254695,1529,4,318.6,-0.35,20.39,0.472,67.9,31.6,17.66,0.1853333333333333,0.9116666666666668,1.8866666666666667,0.2256666666666666,Budweiser,beverage,26.35,200.0,1.0,0.459,0.686,0.905,0.601,real_sponsor_names_with_proxy_commercial_metrics,0.6827095152717566,300,365.0,16,10.899999999999991,0.85,-0.1803333333333334,-0.0476666666666666,0.9764150943396226,0.539007669382103,4.201,0.12,0.3597272678521912,0.1900666666666667,0.87793,0.3386501819738813,0.2,0.5755756765715397,4.111,0.124
518,1998,Morocco,Norway,group_or_knockout,True,0.0,49.1,26.4,96.0,cloudy,58.59,89.04,draw,Montpellier,France,1998-06-10,0.2151,5.09,-0.002,0.016,53.78,1552,4,345.5,-0.26,21.17,0.496,69.2,34.3,12.67,0.2156666666666666,0.86,4.223333333333334,-0.0613333333333333,Mengniu,consumer_goods,19.44,62.12,0.391,0.28,0.668,0.598,0.65,real_sponsor_names_with_proxy_commercial_metrics,0.365598332426661,1541,1,328.5,-0.12,17.05,0.46,69.8,29.1,10.21,0.1593333333333333,0.8300000000000001,0.6766666666666666,0.2416666666666666,McDonald's,restaurant,20.44,68.0,0.453,0.453,0.651,0.632,0.639,real_sponsor_names_with_proxy_commercial_metrics,0.394429534256985,11,17.0,3,-0.5999999999999943,-0.14,0.0299999999999999,0.0563333333333333,0.3627181368394233,0.4254774290232164,2.988,0.22,0.3231757499325542,0.1853999999999999,0.59794,0.5044508670520231,0.2,0.3601000298954101,3.11,0.16
519,1998,Cameroon,Austria,group_or_knockout,True,0.0,69.7,23.7,52.0,cloudy,54.19,173.55,draw,Toulouse,France,1998-06-11,0.1037,5.38,0.179,0.092,46.91,1542,4,334.5,-0.31,21.28,0.489,68.0,29.1,10.52,0.2513333333333333,0.8450000000000001,2.2433333333333336,0.186,Coca-Cola,beverage,31.97,180.0,1.0,0.241,0.693,0.92,0.885,real_sponsor_names_with_proxy_commercial_metrics,0.7711359494761991,1660,5,475.8,-0.03,25.77,0.617,70.5,44.6,14.99,0.1396666666666666,0.88,2.703333333333333,0.218,McDonald's,restaurant,21.71,77.28,0.55,0.451,0.702,0.72,0.649,real_sponsor_names_with_proxy_commercial_metrics,0.4544283435251633,-118,-141.3,-1,-2.5,-0.28,-0.0349999999999999,0.1116666666666666,0.3361091814289645,0.4019697870151567,3.41,0.22,0.3329956423577022,0.2127999999999999,0.83381,0.2440961963890672,0.2,0.4841886967100721,3.273,0.102
520,1998,Italy,Chile,group_or_knockout,True,0.0,79.2,25.0,50.7,hot,58.59,193.62,draw,Bordeaux,France,1998-06-11,0.1736,5.5,0.16,0.141,51.83,1755,14,594.5,0.34,33.03,0.744,77.8,61.6,11.04,0.3303333333333333,0.8929999999999999,1.3333333333333333,0.0393333333333333,Visa,finance,33.4,190.0,1.0,0.316,0.761,0.842,0.918,real_sponsor_names_with_proxy_commercial_metrics,0.7989842668207419,1622,5,430.7,-0.12,24.93,0.579,72.9,38.6,16.65,0.135,0.8083333333333332,3.453333333333333,0.1826666666666666,Hisense,technology,27.36,200.0,1.0,0.243,0.681,0.911,0.656,real_sponsor_names_with_proxy_commercial_metrics,0.7002451520149715,133,163.8,9,4.899999999999992,0.46,0.0846666666666666,0.1953333333333333,0.8187106162327391,0.4044098901582603,3.763,0.62,0.4146358163955829,0.241,0.84782,0.4322939413401841,0.2,0.5081529565604075,3.63,0.109
521,1998,France,South Africa,group_or_knockout,False,0.18,45.4,27.7,70.3,hot,56.39,152.38,A_win,Marseille,France,1998-06-12,0.1706,4.25,0.113,0.079,50.53,1748,13,584.8,0.26,32.28,0.733,77.8,46.5,18.67,0.2083333333333333,0.8296666666666667,3.483333333333333,0.3613333333333333,Qatar Airways,airline,24.02,81.37,0.593,0.647,0.801,0.711,0.647,real_sponsor_names_with_proxy_commercial_metrics,0.5102507613733611,1530,1,315.3,-0.11,17.05,0.45,68.0,32.2,12.38,0.1266666666666666,0.7996666666666666,3.4566666666666666,-0.08,Qatar Airways,airline,26.15,81.81,0.598,0.304,0.668,0.76,0.558,real_sponsor_names_with_proxy_commercial_metrics,0.5191520334743079,218,269.49999999999994,12,9.799999999999995,0.37,0.03,0.0816666666666666,0.8018213325687816,0.5933974565401727,3.616,0.62,0.3533234878265149,0.1931333333333333,0.7179599999999999,0.5872165132377078,0.2,0.464202568126158,3.733,0.155
522,1998,Paraguay,Bulgaria,group_or_knockout,True,0.0,46.5,18.1,71.1,windy,49.79,103.17,draw,Montpellier,France,1998-06-12,0.1768,2.8,0.187,0.156,51.71,1578,4,377.4,-0.11,22.66,0.528,69.9,30.5,12.88,0.1066666666666666,0.8923333333333333,3.733333333333333,0.1686666666666666,Hyundai,automotive,26.2,420.0,1.0,0.401,0.667,0.921,0.802,real_sponsor_names_with_proxy_commercial_metrics,0.8124367766011774,1502,4,286.8,-0.46,19.9,0.447,65.2,28.9,10.5,0.3979999999999999,0.719,2.9800000000000004,-0.0613333333333333,Hisense,technology,33.88,200.0,1.0,0.2,0.675,0.918,0.633,real_sponsor_names_with_proxy_commercial_metrics,0.7870611436642407,76,90.59999999999997,0,4.700000000000003,0.35,0.1733333333333333,-0.2913333333333333,0.4105964679456181,0.4328223555592865,3.583,0.48,0.3052043322372675,0.1070666666666666,0.81069,0.4878524941126096,0.2,0.5002885523883364,3.739,0.143
523,1998,Saudi Arabia,Denmark,group_or_knockout,True,0.0,75.4,28.3,49.4,cloudy,51.99,152.32,B_win,Lens,France,1998-06-12,0.2413,2.67,0.15,0.237,43.86,1543,3,334.4,-0.47,20.17,0.482,68.2,34.6,13.01,0.2876666666666667,0.8483333333333333,5.266666666666667,0.2613333333333333,Visa,finance,27.16,190.0,1.0,0.611,0.648,0.864,0.904,real_sponsor_names_with_proxy_commercial_metrics,0.6981078576349381,1642,4,453.4,0.04,24.3,0.592,71.5,43.1,19.09,0.1573333333333333,0.8273333333333334,2.966666666666667,0.3496666666666666,Coca-Cola,beverage,33.85,180.0,1.0,0.685,0.715,0.895,0.825,real_sponsor_names_with_proxy_commercial_metrics,0.7927174317308963,-99,-119.0,-1,-3.299999999999997,-0.51,0.0209999999999999,0.1303333333333333,0.3337070048861339,0.4982190371666904,3.563,0.22,0.3714587638711053,0.2332666666666667,0.80376,0.3525148076785842,0.2,0.4958693690132796,3.44,0.127
524,1998,South Korea,Mexico,group_or_knockout,True,0.0,55.5,14.8,51.5,cloudy,58.59,111.11,B_win,Lyon,France,1998-06-13,0.3113,2.29,0.241,0.148,51.27,1548,6,343.4,-0.37,22.9,0.505,70.3,20.2,12.829999999999998,0.151,0.8606666666666666,2.8866666666666667,0.2443333333333333,McDonald's,restaurant,25.44,80.72,0.587,0.49,0.67,0.723,0.661,real_sponsor_names_with_proxy_commercial_metrics,0.5096695074891809,1612,10,421.9,-0.18,26.83,0.584,72.1,37.6,18.89,0.2446666666666666,0.7546666666666667,1.1233333333333333,0.211,Hyundai,automotive,28.5,420.0,1.0,0.636,0.712,0.897,0.88,real_sponsor_names_with_proxy_commercial_metrics,0.853187632551073,-64,-78.5,-4,-1.7999999999999972,-0.19,0.1059999999999998,-0.0936666666666666,0.3785695739184261,0.4649018621094393,3.056,0.22,0.3920625628689391,0.1463333333333333,0.6669599999999999,0.3849992863769357,0.2,0.4315001157618342,3.156,0.124
525,1998,Netherlands,Belgium,group_or_knockout,True,0.0,76.2,25.0,66.7,rain,49.79,106.72,draw,Saint-Denis,France,1998-06-13,0.4049,-1.75,0.201,0.189,40.65,1746,9,581.1,0.35,31.14,0.724,75.8,49.9,15.97,0.1103333333333333,0.742,2.733333333333333,0.1786666666666666,Hisense,technology,32.27,200.0,1.0,0.505,0.811,0.856,0.664,real_sponsor_names_with_proxy_commercial_metrics,0.781083544499314,1674,9,495.4,0.02,28.38,0.646,71.5,40.4,23.19,0.142,0.7919999999999999,3.7566666666666655,0.0076666666666666,Visa,finance,26.85,190.0,1.0,0.538,0.72,0.914,0.914,real_sponsor_names_with_proxy_commercial_metrics,0.712621177050387,72,85.70000000000005,0,4.299999999999997,0.3299999999999999,-0.0499999999999999,-0.0316666666666666,0.7581498473599972,0.4368904536991687,3.7,0.48,0.3517706200513109,0.1694,0.8342200000000001,0.4454297438093199,0.2,0.5027703017258649,3.599,0.112
526,1998,Spain,Nigeria,group_or_knockout,True,0.0,52.2,24.1,44.8,hot,60.79,140.78,B_win,Nantes,France,1998-06-13,0.1988,4.31,0.192,0.272,54.67,1708,12,537.2,0.18,30.58,0.689,77.4,45.2,19.26,0.2126666666666666,0.84,4.25,0.077,Budweiser,beverage,27.85,200.0,1.0,0.321,0.724,0.933,0.612,real_sponsor_names_with_proxy_commercial_metrics,0.7135544213260362,1585,3,384.6,-0.29,21.98,0.529,75.3,31.3,8.190000000000001,0.2983333333333333,0.916,1.92,-0.066,Coca-Cola,beverage,26.63,180.0,1.0,0.555,0.744,0.906,0.879,real_sponsor_names_with_proxy_commercial_metrics,0.704592483922963,123,152.60000000000002,9,2.1000000000000085,0.47,-0.0759999999999999,-0.0856666666666666,0.7299678934836586,0.5853565210450413,3.695,0.62,0.4330712720790486,0.1915999999999999,0.80913,0.3833897095554128,0.2,0.5395493414266701,3.845,0.138
527,1998,Argentina,Japan,group_or_knockout,True,0.0,76.9,19.3,51.4,cloudy,51.99,188.17,A_win,Toulouse,France,1998-06-14,0.2253,3.31,0.18,0.192,58.17,1753,15,591.7,0.26,33.16,0.743,76.8,58.0,19.5,0.2623333333333333,0.8586666666666667,3.813333333333333,0.2106666666666666,Hyundai,automotive,30.74,420.0,1.0,0.338,0.813,0.936,0.851,real_sponsor_names_with_proxy_commercial_metrics,0.9027842922587972,1586,4,387.4,-0.2,22.68,0.535,72.8,37.0,11.9,0.25,0.7706666666666667,4.593333333333333,0.3566666666666667,Adidas,apparel,29.47,430.0,1.0,0.558,0.648,0.855,0.917,real_sponsor_names_with_proxy_commercial_metrics,0.8586337787056367,167,204.30000000000007,11,4.0,0.46,0.0879999999999999,0.0123333333333333,0.8112048561394937,0.5857742023967194,4.335,0.22,0.4179028786728308,0.2139333333333333,0.8831100000000001,0.2675151644901162,0.2,0.591064982547759,4.062,0.132
528,1998,Jamaica,Croatia,group_or_knockout,True,0.0,59.7,22.9,59.4,rain,58.59,151.26,B_win,Lens,France,1998-06-14,0.3489,4.53,0.118,0.142,53.72,1562,1,349.3,-0.33,14.65,0.46,70.7,37.4,8.73,0.0876666666666666,0.8119999999999999,3.2533333333333334,0.2296666666666666,Adidas,apparel,33.24,430.0,1.0,0.445,0.601,0.904,0.813,real_sponsor_names_with_proxy_commercial_metrics,0.9013624425887266,1671,5,489.2,0.13,26.28,0.629,75.1,52.8,21.52,0.2903333333333333,0.7756666666666666,3.4933333333333336,0.102,Hisense,technology,28.53,200.0,1.0,0.267,0.792,0.927,0.587,real_sponsor_names_with_proxy_commercial_metrics,0.7311319787373097,-109,-139.89999999999998,-4,-4.399999999999992,-0.46,0.0363333333333333,-0.2026666666666666,0.3730400202232862,0.4036970010647086,3.455,0.48,0.4367681998716135,0.1278,0.78037,0.3592622564761293,0.2,0.5342995864937355,3.54,0.106
529,1998,Serbia,Iran,group_or_knockout,True,0.0,61.4,19.3,73.9,rain,51.99,131.06,A_win,Saint-Étienne,France,1998-06-14,0.1437,2.55,0.132,0.137,55.1,1559,2,352.7,-0.38,20.1,0.495,68.8,36.3,15.31,0.141,0.848,1.7433333333333334,0.1526666666666666,Vivo,technology,23.55,77.75,0.555,0.452,0.729,0.727,0.578,real_sponsor_names_with_proxy_commercial_metrics,0.4808105137096679,1519,3,305.2,-0.44,19.13,0.455,68.7,30.6,12.34,0.1146666666666666,0.8703333333333333,3.7066666666666666,0.2463333333333333,Visa,finance,29.04,190.0,1.0,0.165,0.637,0.935,0.918,real_sponsor_names_with_proxy_commercial_metrics,0.7320693398896354,40,47.5,-1,0.0999999999999943,0.06,-0.0223333333333333,0.0263333333333333,0.358888880308777,0.4433087669792544,3.31,0.48,0.3320972730465881,0.1454,0.67453,0.4687373867123385,0.2,0.4076506326538291,3.169,0.135
530,1998,England,Tunisia,group_or_knockout,True,0.0,78.3,16.6,48.3,rain,54.19,267.68,A_win,Marseille,France,1998-06-15,0.4381,4.2,0.176,0.213,51.28,1695,13,522.2,0.16,30.51,0.678,76.6,52.6,19.34,0.28,0.7986666666666666,2.61,0.1863333333333333,McDonald's,restaurant,20.29,74.13,0.517,0.758,0.819,0.654,0.569,real_sponsor_names_with_proxy_commercial_metrics,0.4320601407850143,1519,3,305.2,-0.39,19.13,0.455,66.6,27.6,11.21,0.2033333333333333,0.8946666666666667,3.3266666666666667,0.1976666666666666,Hyundai,automotive,28.75,420.0,1.0,0.7,0.649,0.867,0.833,real_sponsor_names_with_proxy_commercial_metrics,0.8393101168934529,176,217.00000000000009,10,10.0,0.55,-0.096,0.0766666666666666,0.7074856858162286,0.5806647531363012,3.916,0.48,0.5354836496246238,0.2485333333333333,0.68589,0.4283513166345536,0.2,0.4704898945914926,3.679,0.181
531,1998,Germany,United States,group_or_knockout,True,0.0,53.3,20.9,28.5,rain,54.19,170.92,A_win,Paris,France,1998-06-15,0.4756,-0.09,0.142,0.258,51.04,1798,20,646.1,0.4,35.62,0.797,81.3,65.9,22.15,0.2123333333333333,0.851,5.576666666666667,0.3273333333333333,Coca-Cola,beverage,29.19,180.0,1.0,0.286,0.859,0.907,0.902,real_sponsor_names_with_proxy_commercial_metrics,0.7594715235889338,1578,6,379.0,-0.3,23.84,0.536,71.9,31.0,12.75,0.132,0.7943333333333333,0.7200000000000001,0.0636666666666666,Vivo,technology,22.58,68.24,0.455,0.416,0.676,0.652,0.654,real_sponsor_names_with_proxy_commercial_metrics,0.4316086395935045,220,267.1,14,9.399999999999991,0.7,0.0566666666666666,0.0803333333333333,0.9510351228677828,0.6869457259710785,4.14,0.48,0.4846366080505784,0.1869999999999999,0.90283,0.2309460500963391,0.2,0.6027214905433618,4.083,0.14
532,1998,Romania,Colombia,group_or_knockout,True,0.0,45.8,16.4,27.3,clear,51.99,163.36,A_win,Lyon,France,1998-06-15,0.193,0.34,0.245,0.176,55.97,1634,3,443.7,0.0,23.69,0.581,73.6,37.4,11.0,0.1443333333333333,0.7826666666666666,1.6033333333333335,0.135,Qatar Airways,airline,19.84,68.58,0.459,0.365,0.75,0.711,0.645,real_sponsor_names_with_proxy_commercial_metrics,0.4142103836358286,1650,3,462.8,-0.05,24.41,0.599,74.7,50.9,8.73,0.2533333333333333,0.816,4.703333333333333,0.1769999999999999,Vivo,technology,18.25,73.14,0.507,0.422,0.764,0.653,0.613,real_sponsor_names_with_proxy_commercial_metrics,0.3961935311674871,-16,-19.100000000000023,0,-1.1000000000000083,0.05,-0.0333333333333333,-0.109,0.5280251997286122,0.3621146764556318,3.205,0.12,0.3812818155909855,0.1735333333333333,0.67212,0.1988128880325412,0.2,0.3767437645983729,3.185,0.161
533,1998,Brazil,Morocco,group_or_knockout,True,0.0,52.2,24.9,37.8,cloudy,56.39,145.3,A_win,Nantes,France,1998-06-16,0.1082,-2.4,0.164,0.121,44.53,1829,20,683.6,0.5,36.78,0.83,78.8,57.4,18.61,0.1376666666666667,0.7313333333333333,3.723333333333333,0.206,Adidas,apparel,33.15,430.0,1.0,0.369,0.809,0.916,0.861,real_sponsor_names_with_proxy_commercial_metrics,0.9383411482254695,1552,4,345.5,-0.26,21.17,0.496,69.2,34.3,12.67,0.2156666666666666,0.86,4.223333333333334,-0.0613333333333333,Mengniu,consumer_goods,19.44,62.12,0.391,0.28,0.668,0.598,0.65,real_sponsor_names_with_proxy_commercial_metrics,0.365598332426661,277,338.1,16,9.599999999999994,0.76,-0.1286666666666667,-0.0779999999999999,0.9764150943396226,0.5459116645078755,4.091,0.22,0.3262110665920796,0.1900666666666667,0.87793,0.2139520445300791,0.2,0.5708055549547338,4.08,0.123
534,1998,Scotland,Norway,group_or_knockout,True,0.0,63.9,16.1,37.0,cloudy,54.19,131.04,draw,Bordeaux,France,1998-06-16,0.2139,2.52,0.186,0.113,59.14,1529,4,318.6,-0.35,20.39,0.472,67.9,31.6,17.66,0.1853333333333333,0.9116666666666668,1.8866666666666667,0.2256666666666666,Budweiser,beverage,26.35,200.0,1.0,0.459,0.686,0.905,0.601,real_sponsor_names_with_proxy_commercial_metrics,0.6827095152717566,1541,1,328.5,-0.12,17.05,0.46,69.8,29.1,10.21,0.1593333333333333,0.8300000000000001,0.6766666666666666,0.2416666666666666,McDonald's,restaurant,20.44,68.0,0.453,0.453,0.651,0.632,0.639,real_sponsor_names_with_proxy_commercial_metrics,0.394429534256985,-12,-9.899999999999975,3,-1.899999999999992,-0.2299999999999999,0.0816666666666666,0.0259999999999999,0.3145516160739996,0.5221044334663595,3.608,0.22,0.3673481313482644,0.1465333333333332,0.7845199999999999,0.2885299364875472,0.2,0.5005499513054551,3.568,0.135
535,1998,Chile,Austria,group_or_knockout,True,0.0,37.6,27.3,55.5,clear,54.19,83.96,draw,Saint-Étienne,France,1998-06-17,0.3371,1.18,0.044,0.129,51.73,1622,5,430.7,-0.12,24.93,0.579,72.9,38.6,16.65,0.135,0.8083333333333332,3.453333333333333,0.1826666666666666,Hisense,technology,27.36,200.0,1.0,0.243,0.681,0.911,0.656,real_sponsor_names_with_proxy_commercial_metrics,0.7002451520149715,1660,5,475.8,-0.03,25.77,0.617,70.5,44.6,14.99,0.1396666666666666,0.88,2.703333333333333,0.218,McDonald's,restaurant,21.71,77.28,0.55,0.451,0.702,0.72,0.649,real_sponsor_names_with_proxy_commercial_metrics,0.4544283435251633,-38,-45.10000000000002,0,2.4000000000000057,-0.09,-0.0716666666666667,-0.0046666666666666,0.5136943396293857,0.4887561082307132,3.362,0.12,0.3522628518421444,0.1576666666666667,0.79217,0.3128612716763005,0.2,0.4928069171566217,3.558,0.13
536,1998,Italy,Cameroon,group_or_knockout,True,0.0,66.3,15.9,39.0,hot,56.39,211.36,A_win,Montpellier,France,1998-06-17,0.4141,0.9,0.232,0.153,51.11,1755,14,594.5,0.34,33.03,0.744,77.8,61.6,11.04,0.3303333333333333,0.8929999999999999,1.3333333333333333,0.0393333333333333,Visa,finance,33.4,190.0,1.0,0.316,0.761,0.842,0.918,real_sponsor_names_with_proxy_commercial_metrics,0.7989842668207419,1542,4,334.5,-0.31,21.28,0.489,68.0,29.1,10.52,0.2513333333333333,0.8450000000000001,2.2433333333333336,0.186,Coca-Cola,beverage,31.97,180.0,1.0,0.241,0.693,0.92,0.885,real_sponsor_names_with_proxy_commercial_metrics,0.7711359494761991,213,260.0,10,9.799999999999995,0.65,0.0479999999999998,0.079,0.8187106162327391,0.4006965719376693,3.763,0.62,0.4838455507056923,0.241,0.84782,0.4623742239349175,0.2,0.520955174320664,3.66,0.11
537,1998,France,Saudi Arabia,group_or_knockout,False,0.18,51.0,19.6,46.8,cloudy,58.59,189.82,A_win,Saint-Denis,France,1998-06-18,0.3566,3.5,0.11,0.135,64.83,1748,13,584.8,0.26,32.28,0.733,77.8,46.5,18.67,0.2083333333333333,0.8296666666666667,3.483333333333333,0.3613333333333333,Qatar Airways,airline,24.02,81.37,0.593,0.647,0.801,0.711,0.647,real_sponsor_names_with_proxy_commercial_metrics,0.5102507613733611,1543,3,334.4,-0.47,20.17,0.482,68.2,34.6,13.01,0.2876666666666667,0.8483333333333333,5.266666666666667,0.2613333333333333,Visa,finance,27.16,190.0,1.0,0.611,0.648,0.864,0.904,real_sponsor_names_with_proxy_commercial_metrics,0.6981078576349381,205,250.4,10,9.599999999999994,0.73,-0.0186666666666666,-0.0793333333333333,0.8018213325687816,0.6163221943795296,3.724,0.22,0.4931306226438985,0.1931333333333333,0.7179599999999999,0.2398351530721472,0.2,0.4985829216846547,3.77,0.157
538,1998,South Africa,Denmark,group_or_knockout,True,0.0,72.9,19.3,45.6,clear,54.19,147.28,draw,Toulouse,France,1998-06-18,0.398,1.91,0.073,0.102,48.9,1530,1,315.3,-0.11,17.05,0.45,68.0,32.2,12.38,0.1266666666666666,0.7996666666666666,3.4566666666666666,-0.08,Qatar Airways,airline,26.15,81.81,0.598,0.304,0.668,0.76,0.558,real_sponsor_names_with_proxy_commercial_metrics,0.5191520334743079,1642,4,453.4,0.04,24.3,0.592,71.5,43.1,19.09,0.1573333333333333,0.8273333333333334,2.966666666666667,0.3496666666666666,Coca-Cola,beverage,33.85,180.0,1.0,0.685,0.715,0.895,0.825,real_sponsor_names_with_proxy_commercial_metrics,0.7927174317308963,-112,-138.09999999999997,-3,-3.5,-0.15,-0.0276666666666667,-0.0306666666666666,0.2992007110612221,0.3903316330081288,3.178,0.12,0.4024361860240608,0.1561333333333333,0.6619,0.2024534360950545,0.2,0.4136745824809222,3.013,0.115
539,1998,Nigeria,Bulgaria,group_or_knockout,True,0.0,26.9,31.0,51.0,rain,51.99,142.97,A_win,Paris,France,1998-06-19,0.1371,-0.21,0.288,0.262,58.85,1585,3,384.6,-0.29,21.98,0.529,75.3,31.3,8.190000000000001,0.2983333333333333,0.916,1.92,-0.066,Coca-Cola,beverage,26.63,180.0,1.0,0.555,0.744,0.906,0.879,real_sponsor_names_with_proxy_commercial_metrics,0.704592483922963,1502,4,286.8,-0.46,19.9,0.447,65.2,28.9,10.5,0.3979999999999999,0.719,2.9800000000000004,-0.0613333333333333,Hisense,technology,33.88,200.0,1.0,0.2,0.675,0.918,0.633,real_sponsor_names_with_proxy_commercial_metrics,0.7870611436642407,83,97.8,-1,10.099999999999994,0.17,0.1969999999999999,-0.0996666666666666,0.4667473504417841,0.3063732295030654,3.199,0.48,0.3787248168786106,0.2125999999999999,0.85083,0.53365960179833,0.2,0.4529918637780916,3.353,0.126
540,1998,Spain,Paraguay,group_or_knockout,True,0.0,47.8,25.0,79.2,rain,49.79,174.85,draw,Saint-Étienne,France,1998-06-19,0.1191,8.14,0.212,0.155,55.62,1708,12,537.2,0.18,30.58,0.689,77.4,45.2,19.26,0.2126666666666666,0.84,4.25,0.077,Budweiser,beverage,27.85,200.0,1.0,0.321,0.724,0.933,0.612,real_sponsor_names_with_proxy_commercial_metrics,0.7135544213260362,1578,4,377.4,-0.11,22.66,0.528,69.9,30.5,12.88,0.1066666666666666,0.8923333333333333,3.733333333333333,0.1686666666666666,Hyundai,automotive,26.2,420.0,1.0,0.401,0.667,0.921,0.802,real_sponsor_names_with_proxy_commercial_metrics,0.8124367766011774,130,159.80000000000007,8,7.5,0.29,-0.0523333333333333,0.106,0.7299678934836586,0.5477699978331121,3.692,0.48,0.351651042538221,0.1915999999999999,0.80913,0.4994420894883322,0.2,0.5127410690191644,3.832,0.138
541,1998,Belgium,Mexico,group_or_knockout,True,0.0,36.1,21.7,68.6,rain,58.59,108.34,draw,Bordeaux,France,1998-06-20,0.1563,2.72,0.234,0.209,51.35,1674,9,495.4,0.02,28.38,0.646,71.5,40.4,23.19,0.142,0.7919999999999999,3.7566666666666655,0.0076666666666666,Visa,finance,26.85,190.0,1.0,0.538,0.72,0.914,0.914,real_sponsor_names_with_proxy_commercial_metrics,0.712621177050387,1612,10,421.9,-0.18,26.83,0.584,72.1,37.6,18.89,0.2446666666666666,0.7546666666666667,1.1233333333333333,0.211,Hyundai,automotive,28.5,420.0,1.0,0.636,0.712,0.897,0.88,real_sponsor_names_with_proxy_commercial_metrics,0.853187632551073,62,73.5,-1,-0.5999999999999943,0.1999999999999999,0.0373333333333332,-0.1026666666666666,0.6045045124588039,0.598539716465072,3.582,0.48,0.3621004633992228,0.1684,0.8480000000000001,0.3834084064796974,0.2,0.5356562957821576,3.784,0.141
542,1998,Japan,Croatia,group_or_knockout,True,0.0,47.3,26.0,58.3,clear,51.99,125.95,B_win,Nantes,France,1998-06-20,0.3353,0.53,0.193,0.119,46.93,1586,4,387.4,-0.2,22.68,0.535,72.8,37.0,11.9,0.25,0.7706666666666667,4.593333333333333,0.3566666666666667,Adidas,apparel,29.47,430.0,1.0,0.558,0.648,0.855,0.917,real_sponsor_names_with_proxy_commercial_metrics,0.8586337787056367,1671,5,489.2,0.13,26.28,0.629,75.1,52.8,21.52,0.2903333333333333,0.7756666666666666,3.4933333333333336,0.102,Hisense,technology,28.53,200.0,1.0,0.267,0.792,0.927,0.587,real_sponsor_names_with_proxy_commercial_metrics,0.7311319787373097,-85,-101.8,-1,-2.299999999999997,-0.33,-0.0049999999999998,-0.0403333333333333,0.4507401502367096,0.4578864308308952,3.456,0.12,0.3568712468440751,0.2417333333333333,0.8034600000000001,0.2911450082066652,0.2,0.5196349568908186,3.646,0.124
543,1998,Netherlands,South Korea,group_or_knockout,True,0.0,61.2,10.4,50.6,hot,60.79,126.38,A_win,Marseille,France,1998-06-20,0.359,1.39,0.149,0.179,65.19,1746,9,581.1,0.35,31.14,0.724,75.8,49.9,15.97,0.1103333333333333,0.742,2.733333333333333,0.1786666666666666,Hisense,technology,32.27,200.0,1.0,0.505,0.811,0.856,0.664,real_sponsor_names_with_proxy_commercial_metrics,0.781083544499314,1548,6,343.4,-0.37,22.9,0.505,70.3,20.2,12.829999999999998,0.151,0.8606666666666666,2.8866666666666667,0.2443333333333333,McDonald's,restaurant,25.44,80.72,0.587,0.49,0.67,0.723,0.661,real_sponsor_names_with_proxy_commercial_metrics,0.5096695074891809,198,237.70000000000005,3,5.5,0.72,-0.1186666666666665,-0.0406666666666666,0.7581498473599972,0.4931835658222303,3.796,0.62,0.4701350338323716,0.1694,0.8342200000000001,0.6555612645400699,0.2,0.5422052558765343,3.755,0.116
544,1998,Argentina,Jamaica,group_or_knockout,True,0.0,55.7,22.7,51.1,clear,60.79,285.27,A_win,Paris,France,1998-06-21,0.3463,2.44,0.134,0.111,51.7,1753,15,591.7,0.26,33.16,0.743,76.8,58.0,19.5,0.2623333333333333,0.8586666666666667,3.813333333333333,0.2106666666666666,Hyundai,automotive,30.74,420.0,1.0,0.338,0.813,0.936,0.851,real_sponsor_names_with_proxy_commercial_metrics,0.9027842922587972,1562,1,349.3,-0.33,14.65,0.46,70.7,37.4,8.73,0.0876666666666666,0.8119999999999999,3.2533333333333334,0.2296666666666666,Adidas,apparel,33.24,430.0,1.0,0.445,0.601,0.904,0.813,real_sponsor_names_with_proxy_commercial_metrics,0.9013624425887266,191,242.40000000000003,14,6.099999999999994,0.5900000000000001,0.0466666666666667,0.1746666666666667,0.8112048561394937,0.659139095089337,4.293,0.12,0.5343609770736479,0.2139333333333333,0.8831100000000001,0.1741957468065367,0.2,0.6348987721818554,4.251,0.138
545,1998,Germany,Serbia,group_or_knockout,True,0.0,54.7,35.0,63.2,cloudy,58.59,213.95,draw,Lens,France,1998-06-21,0.3909,2.43,0.219,0.189,61.14,1798,20,646.1,0.4,35.62,0.797,81.3,65.9,22.15,0.2123333333333333,0.851,5.576666666666667,0.3273333333333333,Coca-Cola,beverage,29.19,180.0,1.0,0.286,0.859,0.907,0.902,real_sponsor_names_with_proxy_commercial_metrics,0.7594715235889338,1559,2,352.7,-0.38,20.1,0.495,68.8,36.3,15.31,0.141,0.848,1.7433333333333334,0.1526666666666666,Vivo,technology,23.55,77.75,0.555,0.452,0.729,0.727,0.578,real_sponsor_names_with_proxy_commercial_metrics,0.4808105137096679,239,293.40000000000003,18,12.5,0.78,0.003,0.0713333333333333,0.9510351228677828,0.7217063340372932,4.11,0.22,0.524514982782802,0.1869999999999999,0.90283,0.5864218939556126,0.2,0.6204301357483466,4.213,0.144
546,1998,United States,Iran,group_or_knockout,True,0.0,55.9,23.8,67.3,clear,56.39,86.97,B_win,Lyon,France,1998-06-21,0.3211,5.53,0.247,0.313,46.61,1578,6,379.0,-0.3,23.84,0.536,71.9,31.0,12.75,0.132,0.7943333333333333,0.7200000000000001,0.0636666666666666,Vivo,technology,22.58,68.24,0.455,0.416,0.676,0.652,0.654,real_sponsor_names_with_proxy_commercial_metrics,0.4316086395935045,1519,3,305.2,-0.44,19.13,0.455,68.7,30.6,12.34,0.1146666666666666,0.8703333333333333,3.7066666666666666,0.2463333333333333,Visa,finance,29.04,190.0,1.0,0.165,0.637,0.935,0.918,real_sponsor_names_with_proxy_commercial_metrics,0.7320693398896354,59,73.80000000000001,3,3.200000000000003,0.14,-0.0759999999999999,0.0173333333333333,0.4407302164904229,0.3578560861481614,2.903,0.12,0.3938577599910761,0.1614666666666666,0.6269199999999999,0.2728084635695425,0.2,0.3766381296221415,3.051,0.135
547,1998,Colombia,Tunisia,group_or_knockout,True,0.0,60.6,23.4,43.5,cloudy,51.99,97.24,A_win,Montpellier,France,1998-06-22,0.3798,2.63,0.151,0.218,44.4,1650,3,462.8,-0.05,24.41,0.599,74.7,50.9,8.73,0.2533333333333333,0.816,4.703333333333333,0.1769999999999999,Vivo,technology,18.25,73.14,0.507,0.422,0.764,0.653,0.613,real_sponsor_names_with_proxy_commercial_metrics,0.3961935311674871,1519,3,305.2,-0.39,19.13,0.455,66.6,27.6,11.21,0.2033333333333333,0.8946666666666667,3.3266666666666667,0.1976666666666666,Hyundai,automotive,28.75,420.0,1.0,0.7,0.649,0.867,0.833,real_sponsor_names_with_proxy_commercial_metrics,0.8393101168934529,131,157.60000000000002,0,8.100000000000009,0.34,-0.0786666666666667,0.05,0.5635569682915822,0.3742653233398562,3.362,0.22,0.3657919001944361,0.2256,0.6673399999999999,0.1995643331192463,0.2,0.3689307180542439,3.31,0.181
548,1998,Romania,England,group_or_knockout,True,0.0,44.9,26.3,58.6,rain,56.39,155.28,A_win,Toulouse,France,1998-06-22,0.1755,6.7,0.322,0.227,54.14,1634,3,443.7,0.0,23.69,0.581,73.6,37.4,11.0,0.1443333333333333,0.7826666666666666,1.6033333333333335,0.135,Qatar Airways,airline,19.84,68.58,0.459,0.365,0.75,0.711,0.645,real_sponsor_names_with_proxy_commercial_metrics,0.4142103836358286,1695,13,522.2,0.16,30.51,0.678,76.6,52.6,19.34,0.28,0.7986666666666666,2.61,0.1863333333333333,McDonald's,restaurant,20.29,74.13,0.517,0.758,0.819,0.654,0.569,real_sponsor_names_with_proxy_commercial_metrics,0.4320601407850143,-61,-78.50000000000006,-10,-3.0,-0.16,-0.016,-0.1356666666666666,0.5280251997286122,0.3790808724755414,3.224,0.48,0.4017185677751864,0.1735333333333333,0.67212,0.444244772711054,0.2,0.3855816499207878,3.245,0.164
549,1998,Brazil,Norway,group_or_knockout,True,0.0,67.2,28.4,25.5,cloudy,56.39,141.18,B_win,Marseille,France,1998-06-23,0.4196,1.89,0.14,0.319,59.13,1829,20,683.6,0.5,36.78,0.83,78.8,57.4,18.61,0.1376666666666667,0.7313333333333333,3.723333333333333,0.206,Adidas,apparel,33.15,430.0,1.0,0.369,0.809,0.916,0.861,real_sponsor_names_with_proxy_commercial_metrics,0.9383411482254695,1541,1,328.5,-0.12,17.05,0.46,69.8,29.1,10.21,0.1593333333333333,0.8300000000000001,0.6766666666666666,0.2416666666666666,McDonald's,restaurant,20.44,68.0,0.453,0.453,0.651,0.632,0.639,real_sponsor_names_with_proxy_commercial_metrics,0.394429534256985,288,355.1,19,9.0,0.62,-0.0986666666666667,-0.0216666666666666,0.9764150943396226,0.5444772489799793,4.015,0.22,0.493593770566349,0.1900666666666667,0.87793,0.2518443588096767,0.2,0.6038804594017767,4.078,0.123
550,1998,Chile,Cameroon,group_or_knockout,True,0.0,66.6,11.0,61.4,cloudy,54.19,106.88,draw,Nantes,France,1998-06-23,0.2227,3.7,0.045,0.072,56.69,1622,5,430.7,-0.12,24.93,0.579,72.9,38.6,16.65,0.135,0.8083333333333332,3.453333333333333,0.1826666666666666,Hisense,technology,27.36,200.0,1.0,0.243,0.681,0.911,0.656,real_sponsor_names_with_proxy_commercial_metrics,0.7002451520149715,1542,4,334.5,-0.31,21.28,0.489,68.0,29.1,10.52,0.2513333333333333,0.8450000000000001,2.2433333333333336,0.186,Coca-Cola,beverage,31.97,180.0,1.0,0.241,0.693,0.92,0.885,real_sponsor_names_with_proxy_commercial_metrics,0.7711359494761991,80,96.2,1,4.900000000000006,0.19,-0.0366666666666668,-0.1163333333333333,0.5136943396293857,0.4967359150024078,3.665,0.22,0.3358990981539997,0.1576666666666667,0.79217,0.5266209947905517,0.2,0.4917685123150672,3.637,0.133
551,1998,Italy,Austria,group_or_knockout,True,0.0,63.0,12.9,70.2,rain,56.39,277.78,A_win,Saint-Denis,France,1998-06-23,0.2978,4.95,0.018,0.161,56.35,1755,14,594.5,0.34,33.03,0.744,77.8,61.6,11.04,0.3303333333333333,0.8929999999999999,1.3333333333333333,0.0393333333333333,Visa,finance,33.4,190.0,1.0,0.316,0.761,0.842,0.918,real_sponsor_names_with_proxy_commercial_metrics,0.7989842668207419,1660,5,475.8,-0.03,25.77,0.617,70.5,44.6,14.99,0.1396666666666666,0.88,2.703333333333333,0.218,McDonald's,restaurant,21.71,77.28,0.55,0.451,0.702,0.72,0.649,real_sponsor_names_with_proxy_commercial_metrics,0.4544283435251633,95,118.7,9,7.299999999999997,0.37,0.0129999999999999,0.1906666666666667,0.8187106162327391,0.4238212999383656,3.79,0.48,0.5156344561575289,0.241,0.84782,0.6192237208306571,0.2,0.5337878792512262,3.66,0.11
552,1998,Scotland,Morocco,group_or_knockout,True,0.0,65.2,24.3,53.5,rain,56.39,175.88,B_win,Saint-Étienne,France,1998-06-23,0.2645,5.31,0.021,0.037,49.51,1529,4,318.6,-0.35,20.39,0.472,67.9,31.6,17.66,0.1853333333333333,0.9116666666666668,1.8866666666666667,0.2256666666666666,Budweiser,beverage,26.35,200.0,1.0,0.459,0.686,0.905,0.601,real_sponsor_names_with_proxy_commercial_metrics,0.6827095152717566,1552,4,345.5,-0.26,21.17,0.496,69.2,34.3,12.67,0.2156666666666666,0.86,4.223333333333334,-0.0613333333333333,Mengniu,consumer_goods,19.44,62.12,0.391,0.28,0.668,0.598,0.65,real_sponsor_names_with_proxy_commercial_metrics,0.365598332426661,-23,-26.899999999999977,0,-1.2999999999999972,-0.0899999999999999,0.0516666666666667,-0.0303333333333333,0.3145516160739996,0.5476055487101903,3.599,0.48,0.3839961450084911,0.1465333333333332,0.7845199999999999,0.3701846142867337,0.2,0.511019866305773,3.635,0.138
553,1998,France,Denmark,group_or_knockout,False,0.18,61.9,18.7,87.1,clear,56.39,184.06,A_win,Lyon,France,1998-06-24,0.2225,5.55,0.123,0.137,52.42,1748,13,584.8,0.26,32.28,0.733,77.8,46.5,18.67,0.2083333333333333,0.8296666666666667,3.483333333333333,0.3613333333333333,Qatar Airways,airline,24.02,81.37,0.593,0.647,0.801,0.711,0.647,real_sponsor_names_with_proxy_commercial_metrics,0.5102507613733611,1642,4,453.4,0.04,24.3,0.592,71.5,43.1,19.09,0.1573333333333333,0.8273333333333334,2.966666666666667,0.3496666666666666,Coca-Cola,beverage,33.85,180.0,1.0,0.685,0.715,0.895,0.825,real_sponsor_names_with_proxy_commercial_metrics,0.7927174317308963,106,131.39999999999998,9,6.299999999999997,0.22,0.0023333333333332,0.0509999999999999,0.8018213325687816,0.6044271371041905,3.801,0.12,0.4099055802333793,0.1931333333333333,0.7179599999999999,0.3973813601655605,0.2,0.4786072971654559,3.725,0.155
554,1998,Nigeria,Paraguay,group_or_knockout,True,0.0,84.5,30.9,43.9,windy,58.59,137.94,B_win,Toulouse,France,1998-06-24,0.1809,2.23,0.138,0.09,50.89,1585,3,384.6,-0.29,21.98,0.529,75.3,31.3,8.190000000000001,0.2983333333333333,0.916,1.92,-0.066,Coca-Cola,beverage,26.63,180.0,1.0,0.555,0.744,0.906,0.879,real_sponsor_names_with_proxy_commercial_metrics,0.704592483922963,1578,4,377.4,-0.11,22.66,0.528,69.9,30.5,12.88,0.1066666666666666,0.8923333333333333,3.733333333333333,0.1686666666666666,Hyundai,automotive,26.2,420.0,1.0,0.401,0.667,0.921,0.802,real_sponsor_names_with_proxy_commercial_metrics,0.8124367766011774,7,7.2000000000000455,-1,5.399999999999992,-0.18,0.0236666666666666,0.1916666666666666,0.4667473504417841,0.3342909716137029,3.567,0.48,0.3607443525783403,0.2125999999999999,0.85083,0.5003794333832869,0.2,0.4572127387090161,3.41,0.128
555,1998,South Africa,Saudi Arabia,group_or_knockout,True,0.0,56.9,21.1,61.5,rain,58.59,204.96,draw,Bordeaux,France,1998-06-24,0.232,2.79,0.211,0.2,51.54,1530,1,315.3,-0.11,17.05,0.45,68.0,32.2,12.38,0.1266666666666666,0.7996666666666666,3.4566666666666666,-0.08,Qatar Airways,airline,26.15,81.81,0.598,0.304,0.668,0.76,0.558,real_sponsor_names_with_proxy_commercial_metrics,0.5191520334743079,1543,3,334.4,-0.47,20.17,0.482,68.2,34.6,13.01,0.2876666666666667,0.8483333333333333,5.266666666666667,0.2613333333333333,Visa,finance,27.16,190.0,1.0,0.611,0.648,0.864,0.904,real_sponsor_names_with_proxy_commercial_metrics,0.6981078576349381,-13,-19.09999999999997,-2,-0.2000000000000028,0.36,-0.0486666666666666,-0.161,0.2992007110612221,0.4301927720169844,3.124,0.48,0.4528365678984776,0.1561333333333333,0.6619,0.3683363305502033,0.2,0.4349157777782851,3.134,0.12
556,1998,Spain,Bulgaria,group_or_knockout,True,0.0,54.0,11.4,57.4,windy,65.19,167.47,A_win,Lens,France,1998-06-24,0.2321,-2.41,0.154,0.165,58.43,1708,12,537.2,0.18,30.58,0.689,77.4,45.2,19.26,0.2126666666666666,0.84,4.25,0.077,Budweiser,beverage,27.85,200.0,1.0,0.321,0.724,0.933,0.612,real_sponsor_names_with_proxy_commercial_metrics,0.7135544213260362,1502,4,286.8,-0.46,19.9,0.447,65.2,28.9,10.5,0.3979999999999999,0.719,2.9800000000000004,-0.0613333333333333,Hisense,technology,33.88,200.0,1.0,0.2,0.675,0.918,0.633,real_sponsor_names_with_proxy_commercial_metrics,0.7870611436642407,206,250.40000000000003,8,12.200000000000005,0.64,0.121,-0.1853333333333333,0.7299678934836586,0.614428209274891,3.984,0.48,0.4686748091965219,0.1915999999999999,0.80913,0.6029324198958109,0.2,0.5548101215545226,3.922,0.141
557,1998,Belgium,South Korea,group_or_knockout,True,0.0,48.2,15.4,56.4,windy,54.19,143.05,draw,Paris,France,1998-06-25,0.3026,2.39,0.224,0.187,53.95,1674,9,495.4,0.02,28.38,0.646,71.5,40.4,23.19,0.142,0.7919999999999999,3.7566666666666655,0.0076666666666666,Visa,finance,26.85,190.0,1.0,0.538,0.72,0.914,0.914,real_sponsor_names_with_proxy_commercial_metrics,0.712621177050387,1548,6,343.4,-0.37,22.9,0.505,70.3,20.2,12.829999999999998,0.151,0.8606666666666666,2.8866666666666667,0.2443333333333333,McDonald's,restaurant,25.44,80.72,0.587,0.49,0.67,0.723,0.661,real_sponsor_names_with_proxy_commercial_metrics,0.5096695074891809,126,152.0,3,1.2000000000000028,0.39,-0.0686666666666666,-0.009,0.6045045124588039,0.590844997510181,3.703,0.48,0.4060006584377975,0.1684,0.8480000000000001,0.4945651894669235,0.2,0.5422818134825031,3.815,0.142
558,1998,Germany,Iran,group_or_knockout,True,0.0,44.6,6.5,56.2,hot,54.19,183.75,A_win,Montpellier,France,1998-06-25,0.1676,5.09,0.16,0.208,46.32,1798,20,646.1,0.4,35.62,0.797,81.3,65.9,22.15,0.2123333333333333,0.851,5.576666666666667,0.3273333333333333,Coca-Cola,beverage,29.19,180.0,1.0,0.286,0.859,0.907,0.902,real_sponsor_names_with_proxy_commercial_metrics,0.7594715235889338,1519,3,305.2,-0.44,19.13,0.455,68.7,30.6,12.34,0.1146666666666666,0.8703333333333333,3.7066666666666666,0.2463333333333333,Visa,finance,29.04,190.0,1.0,0.165,0.637,0.935,0.918,real_sponsor_names_with_proxy_commercial_metrics,0.7320693398896354,279,340.90000000000003,17,12.599999999999994,0.8400000000000001,-0.0193333333333333,0.0976666666666666,0.9510351228677828,0.6914126073358622,4.072,0.62,0.3849969832801082,0.1869999999999999,0.90283,0.7812038821094698,0.2,0.5840442923714071,4.145,0.142
559,1998,Netherlands,Mexico,group_or_knockout,True,0.0,41.8,21.6,59.7,rain,58.59,106.11,draw,Saint-Étienne,France,1998-06-25,0.2296,4.68,0.157,0.138,46.6,1746,9,581.1,0.35,31.14,0.724,75.8,49.9,15.97,0.1103333333333333,0.742,2.733333333333333,0.1786666666666666,Hisense,technology,32.27,200.0,1.0,0.505,0.811,0.856,0.664,real_sponsor_names_with_proxy_commercial_metrics,0.781083544499314,1612,10,421.9,-0.18,26.83,0.584,72.1,37.6,18.89,0.2446666666666666,0.7546666666666667,1.1233333333333333,0.211,Hyundai,automotive,28.5,420.0,1.0,0.636,0.712,0.897,0.88,real_sponsor_names_with_proxy_commercial_metrics,0.853187632551073,134,159.20000000000005,-1,3.700000000000003,0.53,-0.0126666666666667,-0.1343333333333333,0.7581498473599972,0.4762367198794702,3.453,0.48,0.3517780239368283,0.1694,0.8342200000000001,0.3475527724256048,0.2,0.5137887370334527,3.71,0.115
560,1998,United States,Serbia,group_or_knockout,True,0.0,46.4,21.9,71.6,cloudy,51.99,232.34,B_win,Nantes,France,1998-06-25,0.1581,2.62,0.11,0.15,53.51,1578,6,379.0,-0.3,23.84,0.536,71.9,31.0,12.75,0.132,0.7943333333333333,0.7200000000000001,0.0636666666666666,Vivo,technology,22.58,68.24,0.455,0.416,0.676,0.652,0.654,real_sponsor_names_with_proxy_commercial_metrics,0.4316086395935045,1559,2,352.7,-0.38,20.1,0.495,68.8,36.3,15.31,0.141,0.848,1.7433333333333334,0.1526666666666666,Vivo,technology,23.55,77.75,0.555,0.452,0.729,0.727,0.578,real_sponsor_names_with_proxy_commercial_metrics,0.4808105137096679,19,26.30000000000001,4,3.1000000000000085,0.08,-0.0536666666666666,-0.0089999999999999,0.4407302164904229,0.3886886541634158,2.946,0.22,0.4102569283810419,0.1614666666666666,0.6269199999999999,0.287169057303932,0.2,0.3885510823444059,3.12,0.138
561,1998,Argentina,Croatia,group_or_knockout,True,0.0,57.1,20.5,80.0,clear,51.99,156.35,A_win,Bordeaux,France,1998-06-26,0.0926,6.37,0.27,0.238,40.96,1753,15,591.7,0.26,33.16,0.743,76.8,58.0,19.5,0.2623333333333333,0.8586666666666667,3.813333333333333,0.2106666666666666,Hyundai,automotive,30.74,420.0,1.0,0.338,0.813,0.936,0.851,real_sponsor_names_with_proxy_commercial_metrics,0.9027842922587972,1671,5,489.2,0.13,26.28,0.629,75.1,52.8,21.52,0.2903333333333333,0.7756666666666666,3.4933333333333336,0.102,Hisense,technology,28.53,200.0,1.0,0.267,0.792,0.927,0.587,real_sponsor_names_with_proxy_commercial_metrics,0.7311319787373097,82,102.50000000000006,10,1.7000000000000028,0.13,0.083,-0.0279999999999999,0.8112048561394937,0.5746957795574819,4.119,0.12,0.3263330721797413,0.2139333333333333,0.8831100000000001,0.3198815385713266,0.2,0.5696490628541546,4.023,0.131
562,1998,Colombia,England,group_or_knockout,True,0.0,62.3,29.5,58.0,cloudy,54.19,221.66,B_win,Lens,France,1998-06-26,0.2379,1.99,0.034,0.043,61.21,1650,3,462.8,-0.05,24.41,0.599,74.7,50.9,8.73,0.2533333333333333,0.816,4.703333333333333,0.1769999999999999,Vivo,technology,18.25,73.14,0.507,0.422,0.764,0.653,0.613,real_sponsor_names_with_proxy_commercial_metrics,0.3961935311674871,1695,13,522.2,0.16,30.51,0.678,76.6,52.6,19.34,0.28,0.7986666666666666,2.61,0.1863333333333333,McDonald's,restaurant,20.29,74.13,0.517,0.758,0.819,0.654,0.569,real_sponsor_names_with_proxy_commercial_metrics,0.4320601407850143,-45,-59.400000000000034,-10,-1.899999999999992,-0.21,0.0173333333333333,-0.0266666666666666,0.5635569682915822,0.4274729404550421,3.326,0.22,0.4291259148829699,0.2256,0.6673399999999999,0.4208891743381147,0.2,0.3964956537842027,3.4,0.186
563,1998,Japan,Jamaica,group_or_knockout,True,0.0,58.7,30.2,71.0,rain,56.39,119.24,B_win,Lyon,France,1998-06-26,0.6866,1.3,0.18,0.186,51.1,1586,4,387.4,-0.2,22.68,0.535,72.8,37.0,11.9,0.25,0.7706666666666667,4.593333333333333,0.3566666666666667,Adidas,apparel,29.47,430.0,1.0,0.558,0.648,0.855,0.917,real_sponsor_names_with_proxy_commercial_metrics,0.8586337787056367,1562,1,349.3,-0.33,14.65,0.46,70.7,37.4,8.73,0.0876666666666666,0.8119999999999999,3.2533333333333334,0.2296666666666666,Adidas,apparel,33.24,430.0,1.0,0.445,0.601,0.904,0.813,real_sponsor_names_with_proxy_commercial_metrics,0.9013624425887266,24,38.099999999999966,3,2.0999999999999943,0.13,-0.0413333333333332,0.1623333333333333,0.4507401502367096,0.4753296048297412,3.588,0.48,0.4991876981778155,0.2417333333333333,0.8034600000000001,0.5992701063298366,0.2,0.5529823358772435,3.735,0.127
564,1998,Romania,Tunisia,group_or_knockout,True,0.0,48.0,22.0,46.8,cloudy,54.19,119.58,draw,Saint-Denis,France,1998-06-26,0.248,1.82,0.142,0.162,42.4,1634,3,443.7,0.0,23.69,0.581,73.6,37.4,11.0,0.1443333333333333,0.7826666666666666,1.6033333333333335,0.135,Qatar Airways,airline,19.84,68.58,0.459,0.365,0.75,0.711,0.645,real_sponsor_names_with_proxy_commercial_metrics,0.4142103836358286,1519,3,305.2,-0.39,19.13,0.455,66.6,27.6,11.21,0.2033333333333333,0.8946666666666667,3.3266666666666667,0.1976666666666666,Hyundai,automotive,28.75,420.0,1.0,0.7,0.649,0.867,0.833,real_sponsor_names_with_proxy_commercial_metrics,0.8393101168934529,115,138.5,0,7.0,0.39,-0.1120000000000001,-0.059,0.5280251997286122,0.3567619314853446,3.073,0.22,0.338942276957138,0.1735333333333333,0.67212,0.1774074074074074,0.2,0.366777088279923,3.198,0.161
565,1998,Brazil,Chile,group_or_knockout,True,0.0,69.7,10.2,70.3,hot,60.79,125.47,A_win,Paris,France,1998-06-27,0.1862,0.44,0.219,0.216,66.77,1829,20,683.6,0.5,36.78,0.83,78.8,57.4,18.61,0.1376666666666667,0.7313333333333333,3.723333333333333,0.206,Adidas,apparel,33.15,430.0,1.0,0.369,0.809,0.916,0.861,real_sponsor_names_with_proxy_commercial_metrics,0.9383411482254695,1622,5,430.7,-0.12,24.93,0.579,72.9,38.6,16.65,0.135,0.8083333333333332,3.453333333333333,0.1826666666666666,Hisense,technology,27.36,200.0,1.0,0.243,0.681,0.911,0.656,real_sponsor_names_with_proxy_commercial_metrics,0.7002451520149715,207,252.90000000000003,15,5.899999999999992,0.62,-0.0769999999999999,0.0026666666666666,0.9764150943396226,0.5587869910004112,4.263,0.62,0.4344814487126385,0.1900666666666667,0.87793,0.7458870334689216,0.2,0.5960647227967556,4.101,0.124
566,1998,Italy,Norway,group_or_knockout,True,0.0,67.6,26.7,45.8,clear,51.99,159.36,A_win,Marseille,France,1998-06-27,0.1719,4.11,0.155,0.221,51.78,1755,14,594.5,0.34,33.03,0.744,77.8,61.6,11.04,0.3303333333333333,0.8929999999999999,1.3333333333333333,0.0393333333333333,Visa,finance,33.4,190.0,1.0,0.316,0.761,0.842,0.918,real_sponsor_names_with_proxy_commercial_metrics,0.7989842668207419,1541,1,328.5,-0.12,17.05,0.46,69.8,29.1,10.21,0.1593333333333333,0.8300000000000001,0.6766666666666666,0.2416666666666666,McDonald's,restaurant,20.44,68.0,0.453,0.453,0.651,0.632,0.639,real_sponsor_names_with_proxy_commercial_metrics,0.394429534256985,214,266.0,13,8.0,0.46,0.0629999999999998,0.171,0.8187106162327391,0.3628129766663017,3.688,0.12,0.3730841946573816,0.241,0.84782,0.2553407550132019,0.2,0.4881954964350188,3.532,0.106
567,1998,France,Paraguay,group_or_knockout,False,0.18,55.9,26.3,75.5,clear,51.99,151.34,A_win,Lens,France,1998-06-28,0.4233,3.41,0.157,0.174,55.85,1748,13,584.8,0.26,32.28,0.733,77.8,46.5,18.67,0.2083333333333333,0.8296666666666667,3.483333333333333,0.3613333333333333,Qatar Airways,airline,24.02,81.37,0.593,0.647,0.801,0.711,0.647,real_sponsor_names_with_proxy_commercial_metrics,0.5102507613733611,1578,4,377.4,-0.11,22.66,0.528,69.9,30.5,12.88,0.1066666666666666,0.8923333333333333,3.733333333333333,0.1686666666666666,Hyundai,automotive,26.2,420.0,1.0,0.401,0.667,0.921,0.802,real_sponsor_names_with_proxy_commercial_metrics,0.8124367766011774,170,207.4,9,7.899999999999991,0.37,-0.0626666666666666,0.1016666666666666,0.8018213325687816,0.5732560494488035,3.677,0.12,0.4354114892814073,0.1931333333333333,0.7179599999999999,0.3732694640690787,0.2,0.4749805744315531,3.678,0.153
568,1998,Nigeria,Denmark,group_or_knockout,True,0.0,49.5,24.9,93.4,cloudy,60.79,152.53,B_win,Saint-Denis,France,1998-06-28,0.2108,4.08,0.135,0.138,56.94,1585,3,384.6,-0.29,21.98,0.529,75.3,31.3,8.190000000000001,0.2983333333333333,0.916,1.92,-0.066,Coca-Cola,beverage,26.63,180.0,1.0,0.555,0.744,0.906,0.879,real_sponsor_names_with_proxy_commercial_metrics,0.704592483922963,1642,4,453.4,0.04,24.3,0.592,71.5,43.1,19.09,0.1573333333333333,0.8273333333333334,2.966666666666667,0.3496666666666666,Coca-Cola,beverage,33.85,180.0,1.0,0.685,0.715,0.895,0.825,real_sponsor_names_with_proxy_commercial_metrics,0.7927174317308963,-57,-68.79999999999995,-1,3.799999999999997,-0.3299999999999999,0.0886666666666665,0.141,0.4667473504417841,0.3492602738189749,3.279,0.22,0.4181044079473784,0.2125999999999999,0.85083,0.4541989581103262,0.2,0.4728761544002998,3.422,0.129
569,1998,Germany,Mexico,group_or_knockout,True,0.0,65.1,28.9,56.0,cloudy,56.39,121.31,A_win,Montpellier,France,1998-06-29,0.3237,1.93,0.268,0.184,51.17,1798,20,646.1,0.4,35.62,0.797,81.3,65.9,22.15,0.2123333333333333,0.851,5.576666666666667,0.3273333333333333,Coca-Cola,beverage,29.19,180.0,1.0,0.286,0.859,0.907,0.902,real_sponsor_names_with_proxy_commercial_metrics,0.7594715235889338,1612,10,421.9,-0.18,26.83,0.584,72.1,37.6,18.89,0.2446666666666666,0.7546666666666667,1.1233333333333333,0.211,Hyundai,automotive,28.5,420.0,1.0,0.636,0.712,0.897,0.88,real_sponsor_names_with_proxy_commercial_metrics,0.853187632551073,186,224.20000000000005,10,9.200000000000005,0.5800000000000001,0.0963333333333332,-0.0323333333333333,0.9510351228677828,0.6795632133969964,4.209,0.22,0.3998637091516018,0.1869999999999999,0.90283,0.3966402626132876,0.2,0.5836998072428236,4.089,0.14
570,1998,Netherlands,Serbia,group_or_knockout,True,0.0,60.4,16.0,22.9,clear,56.39,113.03,A_win,Toulouse,France,1998-06-29,0.207,2.68,0.156,0.176,57.28,1746,9,581.1,0.35,31.14,0.724,75.8,49.9,15.97,0.1103333333333333,0.742,2.733333333333333,0.1786666666666666,Hisense,technology,32.27,200.0,1.0,0.505,0.811,0.856,0.664,real_sponsor_names_with_proxy_commercial_metrics,0.781083544499314,1559,2,352.7,-0.38,20.1,0.495,68.8,36.3,15.31,0.141,0.848,1.7433333333333334,0.1526666666666666,Vivo,technology,23.55,77.75,0.555,0.452,0.729,0.727,0.578,real_sponsor_names_with_proxy_commercial_metrics,0.4808105137096679,187,228.40000000000003,7,7.0,0.73,-0.1059999999999999,-0.0306666666666666,0.7581498473599972,0.4687563201026079,3.737,0.12,0.3745311875763596,0.1694,0.8342200000000001,0.1902051666309855,0.2,0.5162448578238376,3.685,0.114
571,1998,Argentina,England,group_or_knockout,True,0.0,39.2,35.1,49.2,clear,58.59,165.17,draw,Saint-Étienne,France,1998-06-30,0.1118,-1.77,0.314,0.209,54.26,1753,15,591.7,0.26,33.16,0.743,76.8,58.0,19.5,0.2623333333333333,0.8586666666666667,3.813333333333333,0.2106666666666666,Hyundai,automotive,30.74,420.0,1.0,0.338,0.813,0.936,0.851,real_sponsor_names_with_proxy_commercial_metrics,0.9027842922587972,1695,13,522.2,0.16,30.51,0.678,76.6,52.6,19.34,0.28,0.7986666666666666,2.61,0.1863333333333333,McDonald's,restaurant,20.29,74.13,0.517,0.758,0.819,0.654,0.569,real_sponsor_names_with_proxy_commercial_metrics,0.4320601407850143,58,69.5,2,0.2000000000000028,0.1,0.06,-0.0176666666666666,0.8112048561394937,0.6074355253237899,3.896,0.12,0.3989942856927447,0.2139333333333333,0.8831100000000001,0.488529222864483,0.2,0.5933484343713216,4.057,0.132
572,1998,Romania,Croatia,group_or_knockout,True,0.0,57.1,17.2,77.7,hot,51.99,130.41,B_win,Bordeaux,France,1998-06-30,0.3439,3.59,0.178,0.173,50.96,1634,3,443.7,0.0,23.69,0.581,73.6,37.4,11.0,0.1443333333333333,0.7826666666666666,1.6033333333333335,0.135,Qatar Airways,airline,19.84,68.58,0.459,0.365,0.75,0.711,0.645,real_sponsor_names_with_proxy_commercial_metrics,0.4142103836358286,1671,5,489.2,0.13,26.28,0.629,75.1,52.8,21.52,0.2903333333333333,0.7756666666666666,3.4933333333333336,0.102,Hisense,technology,28.53,200.0,1.0,0.267,0.792,0.927,0.587,real_sponsor_names_with_proxy_commercial_metrics,0.7311319787373097,-37,-45.5,-2,-1.5,-0.13,0.007,-0.146,0.5280251997286122,0.3506428338235489,3.062,0.62,0.3856243606867547,0.1735333333333333,0.67212,0.5957814172554057,0.2,0.3744001576805436,3.178,0.16
573,1998,Brazil,Denmark,group_or_knockout,True,0.0,61.4,27.5,66.8,cloudy,60.79,143.37,A_win,Nantes,France,1998-07-03,0.1529,3.01,0.158,0.153,53.5,1829,20,683.6,0.5,36.78,0.83,78.8,57.4,18.61,0.1376666666666667,0.7313333333333333,3.723333333333333,0.206,Adidas,apparel,33.15,430.0,1.0,0.369,0.809,0.916,0.861,real_sponsor_names_with_proxy_commercial_metrics,0.9383411482254695,1642,4,453.4,0.04,24.3,0.592,71.5,43.1,19.09,0.1573333333333333,0.8273333333333334,2.966666666666667,0.3496666666666666,Coca-Cola,beverage,33.85,180.0,1.0,0.685,0.715,0.895,0.825,real_sponsor_names_with_proxy_commercial_metrics,0.7927174317308963,187,230.20000000000005,16,7.299999999999997,0.46,-0.096,-0.0196666666666666,0.9764150943396226,0.5650190390463682,4.209,0.22,0.390448809017208,0.1900666666666667,0.87793,0.4068907443088561,0.2,0.5890031683105375,4.118,0.124
574,1998,France,Italy,group_or_knockout,False,0.18,46.3,12.9,62.0,clear,49.79,219.42,draw,Saint-Denis,France,1998-07-03,0.1041,0.49,0.145,0.171,44.8,1748,13,584.8,0.26,32.28,0.733,77.8,46.5,18.67,0.2083333333333333,0.8296666666666667,3.483333333333333,0.3613333333333333,Qatar Airways,airline,24.02,81.37,0.593,0.647,0.801,0.711,0.647,real_sponsor_names_with_proxy_commercial_metrics,0.5102507613733611,1755,14,594.5,0.34,33.03,0.744,77.8,61.6,11.04,0.3303333333333333,0.8929999999999999,1.3333333333333333,0.0393333333333333,Visa,finance,33.4,190.0,1.0,0.316,0.761,0.842,0.918,real_sponsor_names_with_proxy_commercial_metrics,0.7989842668207419,-7,-9.700000000000044,-1,0.0,-0.08,-0.0633333333333332,-0.122,0.8018213325687816,0.5870690607608087,3.518,0.12,0.3576726319163074,0.1931333333333333,0.7179599999999999,0.4397916220652251,0.2,0.4633004461258946,3.631,0.151
575,1998,Germany,Croatia,group_or_knockout,True,0.0,60.5,17.4,74.1,clear,56.39,157.47,B_win,Lyon,France,1998-07-04,0.349,2.58,0.201,0.17,45.65,1798,20,646.1,0.4,35.62,0.797,81.3,65.9,22.15,0.2123333333333333,0.851,5.576666666666667,0.3273333333333333,Coca-Cola,beverage,29.19,180.0,1.0,0.286,0.859,0.907,0.902,real_sponsor_names_with_proxy_commercial_metrics,0.7594715235889338,1671,5,489.2,0.13,26.28,0.629,75.1,52.8,21.52,0.2903333333333333,0.7756666666666666,3.4933333333333336,0.102,Hisense,technology,28.53,200.0,1.0,0.267,0.792,0.927,0.587,real_sponsor_names_with_proxy_commercial_metrics,0.7311319787373097,127,156.90000000000003,15,6.200000000000003,0.27,0.0753333333333333,-0.0779999999999999,0.9510351228677828,0.692152646768047,3.999,0.12,0.4166061667073659,0.1869999999999999,0.90283,0.3750235495611217,0.2,0.5905733400978705,4.102,0.141
576,1998,Netherlands,Argentina,group_or_knockout,True,0.0,39.1,32.1,65.8,cloudy,56.39,229.96,A_win,Marseille,France,1998-07-04,0.131,2.26,0.109,0.098,59.85,1746,9,581.1,0.35,31.14,0.724,75.8,49.9,15.97,0.1103333333333333,0.742,2.733333333333333,0.1786666666666666,Hisense,technology,32.27,200.0,1.0,0.505,0.811,0.856,0.664,real_sponsor_names_with_proxy_commercial_metrics,0.781083544499314,1753,15,591.7,0.26,33.16,0.743,76.8,58.0,19.5,0.2623333333333333,0.8586666666666667,3.813333333333333,0.2106666666666666,Hyundai,automotive,30.74,420.0,1.0,0.338,0.813,0.936,0.851,real_sponsor_names_with_proxy_commercial_metrics,0.9027842922587972,-7,-10.600000000000025,-6,-1.0,0.0899999999999999,-0.1166666666666667,-0.152,0.7581498473599972,0.5094665646843818,3.664,0.22,0.4273569911286022,0.1694,0.8342200000000001,0.5222229358452866,0.2,0.538208887017183,3.748,0.116
577,1998,Brazil,Netherlands,group_or_knockout,True,0.0,75.4,21.4,77.5,clear,54.19,133.38,draw,Marseille,France,1998-07-07,0.2489,6.51,0.168,0.19,49.07,1829,20,683.6,0.5,36.78,0.83,78.8,57.4,18.61,0.1376666666666667,0.7313333333333333,3.723333333333333,0.206,Adidas,apparel,33.15,430.0,1.0,0.369,0.809,0.916,0.861,real_sponsor_names_with_proxy_commercial_metrics,0.9383411482254695,1746,9,581.1,0.35,31.14,0.724,75.8,49.9,15.97,0.1103333333333333,0.742,2.733333333333333,0.1786666666666666,Hisense,technology,32.27,200.0,1.0,0.505,0.811,0.856,0.664,real_sponsor_names_with_proxy_commercial_metrics,0.781083544499314,83,102.5,11,3.0,0.15,-0.0106666666666667,0.0273333333333333,0.9764150943396226,0.5318719471228662,4.153,0.12,0.3726616258783726,0.1900666666666667,0.87793,0.2856686648112467,0.2,0.5761645459441898,4.039,0.122
578,1998,France,Croatia,group_or_knockout,False,0.18,74.2,28.0,72.7,rain,56.39,172.57,A_win,Saint-Denis,France,1998-07-08,0.2776,0.57,0.157,0.033,63.78,1748,13,584.8,0.26,32.28,0.733,77.8,46.5,18.67,0.2083333333333333,0.8296666666666667,3.483333333333333,0.3613333333333333,Qatar Airways,airline,24.02,81.37,0.593,0.647,0.801,0.711,0.647,real_sponsor_names_with_proxy_commercial_metrics,0.5102507613733611,1671,5,489.2,0.13,26.28,0.629,75.1,52.8,21.52,0.2903333333333333,0.7756666666666666,3.4933333333333336,0.102,Hisense,technology,28.53,200.0,1.0,0.267,0.792,0.927,0.587,real_sponsor_names_with_proxy_commercial_metrics,0.7311319787373097,77,95.59999999999997,8,2.700000000000003,0.13,0.054,-0.0819999999999999,0.8018213325687816,0.6004267889450817,3.904,0.48,0.4194013259588094,0.1931333333333333,0.7179599999999999,0.5493903518161707,0.2,0.4793863488259915,3.716,0.155
579,1998,Netherlands,Croatia,group_or_knockout,True,0.0,54.7,24.4,82.3,rain,56.39,158.66,B_win,Paris,France,1998-07-11,0.2253,3.5,0.182,0.148,49.26,1746,9,581.1,0.35,31.14,0.724,75.8,49.9,15.97,0.1103333333333333,0.742,2.733333333333333,0.1786666666666666,Hisense,technology,32.27,200.0,1.0,0.505,0.811,0.856,0.664,real_sponsor_names_with_proxy_commercial_metrics,0.781083544499314,1671,5,489.2,0.13,26.28,0.629,75.1,52.8,21.52,0.2903333333333333,0.7756666666666666,3.4933333333333336,0.102,Hisense,technology,28.53,200.0,1.0,0.267,0.792,0.927,0.587,real_sponsor_names_with_proxy_commercial_metrics,0.7311319787373097,75,91.90000000000003,4,0.7000000000000028,0.2199999999999999,-0.0336666666666666,-0.18,0.7581498473599972,0.4846428202331675,3.529,0.48,0.3867699857449472,0.1694,0.8342200000000001,0.4972302148005423,0.2,0.5231408374941119,3.723,0.115
580,1998,France,Brazil,group_or_knockout,False,0.18,62.7,22.4,63.7,clear,56.39,100.18,A_win,Saint-Denis,France,1998-07-12,0.2987,0.51,0.184,0.131,53.63,1748,13,584.8,0.26,32.28,0.733,77.8,46.5,18.67,0.2083333333333333,0.8296666666666667,3.483333333333333,0.3613333333333333,Qatar Airways,airline,24.02,81.37,0.593,0.647,0.801,0.711,0.647,real_sponsor_names_with_proxy_commercial_metrics,0.5102507613733611,1829,20,683.6,0.5,36.78,0.83,78.8,57.4,18.61,0.1376666666666667,0.7313333333333333,3.723333333333333,0.206,Adidas,apparel,33.15,430.0,1.0,0.369,0.809,0.916,0.861,real_sponsor_names_with_proxy_commercial_metrics,0.9383411482254695,-81,-98.80000000000008,-7,-1.0,-0.24,0.0983333333333333,0.0706666666666666,0.8018213325687816,0.5752235510653707,3.709,0.12,0.3704847715897828,0.1931333333333333,0.7179599999999999,0.2208367230428887,0.2,0.462546131345867,3.578,0.149
581,2002,France,Senegal,group_or_knockout,True,0.0,26.7,31.2,72.5,cloudy,53.45,227.85,B_win,Seoul,South Korea,2002-05-31,0.2335,1.63,0.188,0.233,47.57,1748,13,584.8,0.26,32.28,0.733,77.8,46.5,18.67,0.2083333333333333,0.8296666666666667,3.483333333333333,0.3613333333333333,Qatar Airways,airline,24.02,81.37,0.593,0.647,0.801,0.711,0.647,real_sponsor_names_with_proxy_commercial_metrics,0.5102507613733611,1638,2,445.8,0.08,21.81,0.572,72.8,30.1,9.94,0.1993333333333333,0.7706666666666666,2.3433333333333333,0.2143333333333333,Budweiser,beverage,31.49,200.0,1.0,0.344,0.754,0.934,0.653,real_sponsor_names_with_proxy_commercial_metrics,0.7707489933510884,110,138.99999999999994,11,5.0,0.18,0.059,0.009,0.8018213325687816,0.6064568413933947,3.284,0.22,0.4411123411407487,0.1931333333333333,0.7179599999999999,0.5277631485049596,0.2,0.485416966547907,3.659,0.152
582,2002,Germany,Saudi Arabia,group_or_knockout,True,0.0,43.0,21.6,53.1,clear,68.85,189.44,A_win,Sapporo,Japan,2002-06-01,0.1844,3.38,0.164,0.143,70.9,1798,20,646.1,0.4,35.62,0.797,81.3,65.9,22.15,0.2123333333333333,0.851,5.576666666666667,0.3273333333333333,Coca-Cola,beverage,29.19,180.0,1.0,0.286,0.859,0.907,0.902,real_sponsor_names_with_proxy_commercial_metrics,0.7594715235889338,1543,3,334.4,-0.47,20.17,0.482,68.2,34.6,13.01,0.2876666666666667,0.8483333333333333,5.266666666666667,0.2613333333333333,Visa,finance,27.16,190.0,1.0,0.611,0.648,0.864,0.904,real_sponsor_names_with_proxy_commercial_metrics,0.6981078576349381,255,311.70000000000005,17,13.099999999999994,0.87,0.0026666666666667,-0.0753333333333333,0.9510351228677828,0.7592947360563458,4.177,0.12,0.5165659713269812,0.1869999999999999,0.90283,0.1750342539070862,0.2,0.6293650860225173,4.254,0.146
583,2002,Republic of Ireland,Cameroon,group_or_knockout,True,0.0,54.2,12.3,48.4,clear,55.65,195.99,draw,Niigata,Japan,2002-06-01,0.2262,2.36,0.282,0.195,59.6,1503,2,285.7,-0.08,17.44,0.431,66.8,21.0,11.42,0.122,0.863,3.5500000000000003,0.4016666666666666,McDonald's,restaurant,22.06,77.85,0.556,0.61,0.646,0.669,0.593,real_sponsor_names_with_proxy_commercial_metrics,0.4410552400981446,1542,4,334.5,-0.31,21.28,0.489,68.0,29.1,10.52,0.2513333333333333,0.8450000000000001,2.2433333333333336,0.186,Coca-Cola,beverage,31.97,180.0,1.0,0.241,0.693,0.92,0.885,real_sponsor_names_with_proxy_commercial_metrics,0.7711359494761991,-39,-48.80000000000001,-2,-1.2000000000000028,0.2299999999999999,0.0179999999999999,-0.1293333333333333,0.2519111916307775,0.4984973914027093,3.207,0.12,0.4476385909884883,0.128,0.6276,0.3966331263826446,0.2,0.431144245414011,3.25,0.147
584,2002,Uruguay,Denmark,group_or_knockout,True,0.0,44.1,18.2,85.3,hot,57.85,133.93,B_win,Ulsan,South Korea,2002-06-01,0.2019,2.79,0.19,0.174,55.27,1684,10,508.3,0.07,29.28,0.661,74.8,44.8,20.58,0.1356666666666666,0.8753333333333333,1.923333333333333,0.1913333333333333,Vivo,technology,19.75,76.46,0.542,0.306,0.797,0.741,0.63,real_sponsor_names_with_proxy_commercial_metrics,0.4425490151146019,1642,4,453.4,0.04,24.3,0.592,71.5,43.1,19.09,0.1573333333333333,0.8273333333333334,2.966666666666667,0.3496666666666666,Coca-Cola,beverage,33.85,180.0,1.0,0.685,0.715,0.895,0.825,real_sponsor_names_with_proxy_commercial_metrics,0.7927174317308963,42,54.900000000000034,6,3.299999999999997,0.03,0.0479999999999999,-0.0216666666666666,0.6570661125383135,0.5756673095773535,3.375,0.62,0.3908932417268956,0.1312666666666666,0.71205,0.6026093627346036,0.2,0.4533882586545426,3.598,0.182
585,2002,Argentina,Nigeria,group_or_knockout,True,0.0,67.3,26.3,61.5,cloudy,53.45,145.85,A_win,Kashima,Japan,2002-06-02,0.2274,3.5,0.365,0.231,48.75,1753,15,591.7,0.26,33.16,0.743,76.8,58.0,19.5,0.2623333333333333,0.8586666666666667,3.813333333333333,0.2106666666666666,Hyundai,automotive,30.74,420.0,1.0,0.338,0.813,0.936,0.851,real_sponsor_names_with_proxy_commercial_metrics,0.9027842922587972,1585,3,384.6,-0.29,21.98,0.529,75.3,31.3,8.190000000000001,0.2983333333333333,0.916,1.92,-0.066,Coca-Cola,beverage,26.63,180.0,1.0,0.555,0.744,0.906,0.879,real_sponsor_names_with_proxy_commercial_metrics,0.704592483922963,168,207.1,12,1.5,0.55,-0.0573333333333332,-0.0359999999999999,0.8112048561394937,0.5776032474529827,4.213,0.22,0.3811797838372715,0.2139333333333333,0.8831100000000001,0.3527756369085849,0.2,0.5814324961964009,4.067,0.132
586,2002,England,Sweden,group_or_knockout,True,0.0,84.0,25.4,70.9,hot,55.65,124.76,draw,Saitama,Japan,2002-06-02,0.1843,1.76,0.16,0.143,58.33,1695,13,522.2,0.16,30.51,0.678,76.6,52.6,19.34,0.28,0.7986666666666666,2.61,0.1863333333333333,McDonald's,restaurant,20.29,74.13,0.517,0.758,0.819,0.654,0.569,real_sponsor_names_with_proxy_commercial_metrics,0.4320601407850143,1654,9,471.1,0.0,27.67,0.624,74.4,39.2,19.34,0.1766666666666666,0.6789999999999999,3.783333333333333,0.1453333333333333,Budweiser,beverage,26.29,200.0,1.0,0.625,0.705,0.91,0.618,real_sponsor_names_with_proxy_commercial_metrics,0.6867753190295852,41,51.10000000000002,4,2.1999999999999886,0.16,0.1196666666666667,0.1033333333333333,0.7074856858162286,0.5374689918560688,3.718,0.62,0.3675546234678599,0.2485333333333333,0.68589,0.5299825162349248,0.2,0.4248092762016748,3.494,0.172
587,2002,Paraguay,South Africa,group_or_knockout,True,0.0,42.7,13.6,60.0,clear,60.05,242.56,draw,Busan,South Korea,2002-06-02,0.3621,4.66,0.233,0.216,50.98,1578,4,377.4,-0.11,22.66,0.528,69.9,30.5,12.88,0.1066666666666666,0.8923333333333333,3.733333333333333,0.1686666666666666,Hyundai,automotive,26.2,420.0,1.0,0.401,0.667,0.921,0.802,real_sponsor_names_with_proxy_commercial_metrics,0.8124367766011774,1530,1,315.3,-0.11,17.05,0.45,68.0,32.2,12.38,0.1266666666666666,0.7996666666666666,3.4566666666666666,-0.08,Qatar Airways,airline,26.15,81.81,0.598,0.304,0.668,0.76,0.558,real_sponsor_names_with_proxy_commercial_metrics,0.5191520334743079,48,62.099999999999966,3,1.9000000000000057,0.0,0.0926666666666666,-0.02,0.4105964679456181,0.5274740354963475,3.78,0.12,0.5269645683919633,0.1070666666666666,0.81069,0.4129415542710341,0.2,0.5711430700016527,3.972,0.152
588,2002,Spain,Slovenia,group_or_knockout,True,0.0,47.1,18.7,48.6,clear,60.05,187.24,A_win,Gwangju,South Korea,2002-06-02,0.1241,2.16,0.098,0.108,59.8,1708,12,537.2,0.18,30.58,0.689,77.4,45.2,19.26,0.2126666666666666,0.84,4.25,0.077,Budweiser,beverage,27.85,200.0,1.0,0.321,0.724,0.933,0.612,real_sponsor_names_with_proxy_commercial_metrics,0.7135544213260362,1491,1,267.3,-0.5,14.34,0.4,66.6,28.9,8.67,0.2016666666666666,0.8223333333333334,2.676666666666667,0.2296666666666666,Vivo,technology,14.76,59.17,0.36,0.203,0.658,0.571,0.553,real_sponsor_names_with_proxy_commercial_metrics,0.28302,217,269.90000000000003,11,10.800000000000011,0.6799999999999999,0.0176666666666666,0.011,0.7299678934836586,0.5982054709636626,3.901,0.12,0.4155919577733933,0.1915999999999999,0.80913,0.2310233354742025,0.2,0.539651184542753,3.906,0.14
589,2002,Brazil,Turkey,group_or_knockout,True,0.0,61.1,19.5,58.2,cloudy,57.85,183.21,A_win,Ulsan,South Korea,2002-06-03,0.3972,2.6,0.268,0.211,60.4,1829,20,683.6,0.5,36.78,0.83,78.8,57.4,18.61,0.1376666666666667,0.7313333333333333,3.723333333333333,0.206,Adidas,apparel,33.15,430.0,1.0,0.369,0.809,0.916,0.861,real_sponsor_names_with_proxy_commercial_metrics,0.9383411482254695,1677,1,491.1,0.1,22.51,0.608,74.3,49.4,16.02,0.292,0.8846666666666666,2.2533333333333334,0.3329999999999999,Mengniu,consumer_goods,18.0,60.85,0.377,0.48,0.714,0.662,0.611,real_sponsor_names_with_proxy_commercial_metrics,0.355802672637474,152,192.5,19,4.5,0.4,-0.1533333333333333,-0.1543333333333333,0.9764150943396226,0.5656735148561574,4.225,0.22,0.5031107509023828,0.1900666666666667,0.87793,0.2916955684007707,0.2,0.6117188099143134,4.143,0.125
590,2002,Croatia,Mexico,group_or_knockout,True,0.0,78.9,20.8,81.0,cloudy,53.45,223.42,B_win,Niigata,Japan,2002-06-03,0.1583,3.56,0.1,0.086,46.87,1671,5,489.2,0.13,26.28,0.629,75.1,52.8,21.52,0.2903333333333333,0.7756666666666666,3.4933333333333336,0.102,Hisense,technology,28.53,200.0,1.0,0.267,0.792,0.927,0.587,real_sponsor_names_with_proxy_commercial_metrics,0.7311319787373097,1612,10,421.9,-0.18,26.83,0.584,72.1,37.6,18.89,0.2446666666666666,0.7546666666666667,1.1233333333333333,0.211,Hyundai,automotive,28.5,420.0,1.0,0.636,0.712,0.897,0.88,real_sponsor_names_with_proxy_commercial_metrics,0.853187632551073,59,67.30000000000001,-5,3.0,0.31,0.0209999999999999,0.0456666666666666,0.6114873261612664,0.5955976204580838,3.881,0.22,0.37952937829078,0.2639333333333333,0.8324399999999998,0.3563990580175551,0.2,0.5348504842833739,3.793,0.133
591,2002,Italy,Ecuador,group_or_knockout,True,0.0,42.1,14.7,66.9,windy,55.65,219.83,A_win,Sapporo,Japan,2002-06-03,0.2858,3.28,0.193,0.134,56.54,1755,14,594.5,0.34,33.03,0.744,77.8,61.6,11.04,0.3303333333333333,0.8929999999999999,1.3333333333333333,0.0393333333333333,Visa,finance,33.4,190.0,1.0,0.316,0.761,0.842,0.918,real_sponsor_names_with_proxy_commercial_metrics,0.7989842668207419,1623,2,428.7,-0.08,21.59,0.558,71.6,42.9,13.81,0.1486666666666666,0.8836666666666666,1.9966666666666668,0.0626666666666666,McDonald's,restaurant,16.55,66.18,0.433,0.554,0.689,0.657,0.645,real_sponsor_names_with_proxy_commercial_metrics,0.3468108960326372,132,165.8,12,6.200000000000003,0.42,0.0093333333333333,0.1816666666666667,0.8187106162327391,0.4003189573162956,3.542,0.48,0.4594081723946007,0.241,0.84782,0.5581436523228431,0.2,0.515961966564461,3.638,0.109
592,2002,China,Costa Rica,group_or_knockout,True,0.0,61.2,19.2,30.6,clear,55.65,197.03,B_win,Gwangju,South Korea,2002-06-04,0.1982,4.15,0.135,0.153,58.14,1388,1,142.7,-1.0,8.65,0.277,65.6,13.7,7.63,0.2816666666666667,0.8653333333333334,3.116666666666667,0.3423333333333334,Mengniu,consumer_goods,22.33,66.05,0.432,0.329,0.58,0.661,0.607,real_sponsor_names_with_proxy_commercial_metrics,0.4054150210386822,1585,3,384.6,-0.19,21.98,0.529,73.1,26.3,15.16,0.1976666666666666,0.8413333333333334,2.26,0.2056666666666666,Visa,finance,31.23,190.0,1.0,0.397,0.677,0.885,0.896,real_sponsor_names_with_proxy_commercial_metrics,0.7601475027288838,-197,-241.90000000000003,-2,-7.5,-0.81,0.024,0.084,0.0518867924528301,0.4166537592969989,2.848,0.12,0.42683670260214,0.2228666666666666,0.57766,0.1402397773496039,0.2,0.3828303981728714,2.813,0.126
593,2002,Japan,Belgium,group_or_knockout,False,0.18,81.7,18.6,54.6,hot,60.05,115.25,draw,Saitama,Japan,2002-06-04,0.3705,3.47,0.192,0.208,49.38,1586,4,387.4,-0.2,22.68,0.535,72.8,37.0,11.9,0.25,0.7706666666666667,4.593333333333333,0.3566666666666667,Adidas,apparel,29.47,430.0,1.0,0.558,0.648,0.855,0.917,real_sponsor_names_with_proxy_commercial_metrics,0.8586337787056367,1674,9,495.4,0.02,28.38,0.646,71.5,40.4,23.19,0.142,0.7919999999999999,3.7566666666666655,0.0076666666666666,Visa,finance,26.85,190.0,1.0,0.538,0.72,0.914,0.914,real_sponsor_names_with_proxy_commercial_metrics,0.712621177050387,-88,-108.0,-5,1.2999999999999972,-0.22,-0.0213333333333332,0.108,0.4507401502367096,0.4903932493321157,3.914,0.62,0.4292112771570831,0.2417333333333333,0.8034600000000001,0.4595504174694926,0.2,0.543204872133762,3.766,0.128
594,2002,South Korea,Poland,group_or_knockout,False,0.18,36.5,27.6,86.5,hot,55.65,130.88,A_win,Busan,South Korea,2002-06-04,0.2753,3.78,0.137,0.095,49.9,1548,6,343.4,-0.37,22.9,0.505,70.3,20.2,12.829999999999998,0.151,0.8606666666666666,2.8866666666666667,0.2443333333333333,McDonald's,restaurant,25.44,80.72,0.587,0.49,0.67,0.723,0.661,real_sponsor_names_with_proxy_commercial_metrics,0.5096695074891809,1685,6,506.6,0.05,27.64,0.65,72.7,42.5,15.85,0.2053333333333333,0.815,3.9733333333333327,0.268,Coca-Cola,beverage,28.97,180.0,1.0,0.581,0.749,0.899,0.847,real_sponsor_names_with_proxy_commercial_metrics,0.7339961373676395,-137,-163.20000000000005,0,-2.4000000000000057,-0.42,0.0456666666666666,-0.0543333333333333,0.3785695739184261,0.4585687846073649,3.093,0.62,0.3648295244543053,0.1463333333333333,0.6669599999999999,0.6546153571683437,0.2,0.4242802463783267,3.192,0.125
595,2002,Germany,Republic of Ireland,group_or_knockout,True,0.0,41.3,27.9,54.6,cloudy,55.65,120.06,draw,Kashima,Japan,2002-06-05,0.2742,2.12,0.093,0.174,51.55,1798,20,646.1,0.4,35.62,0.797,81.3,65.9,22.15,0.2123333333333333,0.851,5.576666666666667,0.3273333333333333,Coca-Cola,beverage,29.19,180.0,1.0,0.286,0.859,0.907,0.902,real_sponsor_names_with_proxy_commercial_metrics,0.7594715235889338,1503,2,285.7,-0.08,17.44,0.431,66.8,21.0,11.42,0.122,0.863,3.5500000000000003,0.4016666666666666,McDonald's,restaurant,22.06,77.85,0.556,0.61,0.646,0.669,0.593,real_sponsor_names_with_proxy_commercial_metrics,0.4410552400981446,295,360.4,18,14.5,0.48,-0.012,0.0903333333333333,0.9510351228677828,0.6758014922389355,3.862,0.22,0.3797992139916086,0.1869999999999999,0.90283,0.3645793192035966,0.2,0.5786336262865678,4.076,0.14
596,2002,Russia,Tunisia,group_or_knockout,True,0.0,52.5,22.1,29.2,clear,55.65,194.96,A_win,Kobe,Japan,2002-06-05,0.2335,0.56,0.134,0.189,58.95,1676,8,497.3,0.07,27.98,0.645,72.7,49.8,18.23,0.1086666666666666,0.8123333333333332,5.670000000000001,0.13,Hyundai,automotive,26.07,420.0,1.0,0.245,0.69,0.874,0.885,real_sponsor_names_with_proxy_commercial_metrics,0.81405268474314,1519,3,305.2,-0.39,19.13,0.455,66.6,27.6,11.21,0.2033333333333333,0.8946666666666667,3.3266666666666667,0.1976666666666666,Hyundai,automotive,28.75,420.0,1.0,0.7,0.649,0.867,0.833,real_sponsor_names_with_proxy_commercial_metrics,0.8393101168934529,157,192.1,5,6.1000000000000085,0.46,-0.0823333333333334,-0.0946666666666666,0.6134810916271758,0.5942270207727828,4.134,0.12,0.4458368213645354,0.1402666666666666,0.82105,0.0639591807607222,0.2,0.5734545744276399,4.099,0.157
597,2002,United States,Portugal,group_or_knockout,True,0.0,51.2,20.6,88.3,cloudy,62.25,186.6,A_win,Suwon,South Korea,2002-06-05,0.1874,-0.2,0.28,0.259,61.27,1578,6,379.0,-0.3,23.84,0.536,71.9,31.0,12.75,0.132,0.7943333333333333,0.7200000000000001,0.0636666666666666,Vivo,technology,22.58,68.24,0.455,0.416,0.676,0.652,0.654,real_sponsor_names_with_proxy_commercial_metrics,0.4316086395935045,1702,6,527.3,0.14,27.94,0.666,76.8,47.1,14.4,0.2406666666666666,0.7363333333333334,3.2266666666666666,0.0836666666666666,Mengniu,consumer_goods,17.76,59.99,0.368,0.468,0.8,0.643,0.574,real_sponsor_names_with_proxy_commercial_metrics,0.3591620632748621,-124,-148.29999999999995,0,-4.899999999999992,-0.44,0.0579999999999999,-0.1086666666666666,0.4407302164904229,0.418885638304498,3.239,0.22,0.4846866853008135,0.1614666666666666,0.6269199999999999,0.3931445800328266,0.2,0.4118921892878632,3.12,0.138
598,2002,Cameroon,Saudi Arabia,group_or_knockout,True,0.0,68.6,23.8,68.9,clear,53.45,103.48,A_win,Saitama,Japan,2002-06-06,0.3529,-0.71,0.194,0.206,50.34,1542,4,334.5,-0.31,21.28,0.489,68.0,29.1,10.52,0.2513333333333333,0.8450000000000001,2.2433333333333336,0.186,Coca-Cola,beverage,31.97,180.0,1.0,0.241,0.693,0.92,0.885,real_sponsor_names_with_proxy_commercial_metrics,0.7711359494761991,1543,3,334.4,-0.47,20.17,0.482,68.2,34.6,13.01,0.2876666666666667,0.8483333333333333,5.266666666666667,0.2613333333333333,Visa,finance,27.16,190.0,1.0,0.611,0.648,0.864,0.904,real_sponsor_names_with_proxy_commercial_metrics,0.6981078576349381,-1,0.1000000000000227,1,-0.2000000000000028,0.1599999999999999,-0.0033333333333331,-0.0363333333333333,0.3361091814289645,0.3742477559954891,3.429,0.12,0.3824454856254734,0.2127999999999999,0.83381,0.2797220438164561,0.2,0.4863164966781194,3.201,0.1
599,2002,Denmark,Senegal,group_or_knockout,True,0.0,61.1,18.1,56.9,rain,55.65,150.84,draw,Daegu,South Korea,2002-06-06,0.3868,6.5,0.053,0.162,49.79,1642,4,453.4,0.04,24.3,0.592,71.5,43.1,19.09,0.1573333333333333,0.8273333333333334,2.966666666666667,0.3496666666666666,Coca-Cola,beverage,33.85,180.0,1.0,0.685,0.715,0.895,0.825,real_sponsor_names_with_proxy_commercial_metrics,0.7927174317308963,1638,2,445.8,0.08,21.81,0.572,72.8,30.1,9.94,0.1993333333333333,0.7706666666666666,2.3433333333333333,0.2143333333333333,Budweiser,beverage,31.49,200.0,1.0,0.344,0.754,0.934,0.653,real_sponsor_names_with_proxy_commercial_metrics,0.7707489933510884,4,7.599999999999966,2,-1.2999999999999972,-0.04,0.0566666666666667,-0.0419999999999999,0.526123570801118,0.5842343267914426,3.605,0.48,0.4265083490788331,0.1634666666666666,0.8277999999999999,0.4264944694212517,0.2,0.5612234649327856,3.574,0.106
600,2002,France,Uruguay,group_or_knockout,True,0.0,34.9,16.1,52.1,cloudy,51.25,96.39,draw,Busan,South Korea,2002-06-06,0.3138,-1.85,0.244,0.31,40.05,1748,13,584.8,0.26,32.28,0.733,77.8,46.5,18.67,0.2083333333333333,0.8296666666666667,3.483333333333333,0.3613333333333333,Qatar Airways,airline,24.02,81.37,0.593,0.647,0.801,0.711,0.647,real_sponsor_names_with_proxy_commercial_metrics,0.5102507613733611,1684,10,508.3,0.07,29.28,0.661,74.8,44.8,20.58,0.1356666666666666,0.8753333333333333,1.923333333333333,0.1913333333333333,Vivo,technology,19.75,76.46,0.542,0.306,0.797,0.741,0.63,real_sponsor_names_with_proxy_commercial_metrics,0.4425490151146019,64,76.49999999999994,3,3.0,0.19,-0.0456666666666666,0.0726666666666666,0.8018213325687816,0.5507981841528716,3.285,0.22,0.3545877646023772,0.1931333333333333,0.7179599999999999,0.3537768500677941,0.2,0.4525276272128862,3.48,0.145
601,2002,Argentina,England,group_or_knockout,True,0.0,64.7,17.4,75.3,windy,53.45,150.48,B_win,Sapporo,Japan,2002-06-07,0.2011,5.31,0.085,0.115,42.08,1753,15,591.7,0.26,33.16,0.743,76.8,58.0,19.5,0.2623333333333333,0.8586666666666667,3.813333333333333,0.2106666666666666,Hyundai,automotive,30.74,420.0,1.0,0.338,0.813,0.936,0.851,real_sponsor_names_with_proxy_commercial_metrics,0.9027842922587972,1695,13,522.2,0.16,30.51,0.678,76.6,52.6,19.34,0.28,0.7986666666666666,2.61,0.1863333333333333,McDonald's,restaurant,20.29,74.13,0.517,0.758,0.819,0.654,0.569,real_sponsor_names_with_proxy_commercial_metrics,0.4320601407850143,58,69.5,2,0.2000000000000028,0.1,0.06,-0.0176666666666666,0.8112048561394937,0.5792152241263224,3.984,0.48,0.3326603808746853,0.2139333333333333,0.8831100000000001,0.524208734746307,0.2,0.5721799690724187,4.024,0.131
602,2002,Spain,Paraguay,group_or_knockout,True,0.0,50.5,19.2,49.3,cloudy,60.05,107.95,A_win,Jeonju,South Korea,2002-06-07,0.4781,1.08,0.216,0.168,52.04,1708,12,537.2,0.18,30.58,0.689,77.4,45.2,19.26,0.2126666666666666,0.84,4.25,0.077,Budweiser,beverage,27.85,200.0,1.0,0.321,0.724,0.933,0.612,real_sponsor_names_with_proxy_commercial_metrics,0.7135544213260362,1578,4,377.4,-0.11,22.66,0.528,69.9,30.5,12.88,0.1066666666666666,0.8923333333333333,3.733333333333333,0.1686666666666666,Hyundai,automotive,26.2,420.0,1.0,0.401,0.667,0.921,0.802,real_sponsor_names_with_proxy_commercial_metrics,0.8124367766011774,130,159.80000000000007,8,7.5,0.29,-0.0523333333333333,0.106,0.7299678934836586,0.570599935233834,3.84,0.22,0.4504556554887673,0.1915999999999999,0.80913,0.2610422464854064,0.2,0.5388943740814758,3.842,0.138
603,2002,Sweden,Nigeria,group_or_knockout,True,0.0,74.6,16.0,76.4,cloudy,57.85,191.7,A_win,Kobe,Japan,2002-06-07,0.2882,5.29,0.2,0.12,47.55,1654,9,471.1,0.0,27.67,0.624,74.4,39.2,19.34,0.1766666666666666,0.6789999999999999,3.783333333333333,0.1453333333333333,Budweiser,beverage,26.29,200.0,1.0,0.625,0.705,0.91,0.618,real_sponsor_names_with_proxy_commercial_metrics,0.6867753190295852,1585,3,384.6,-0.29,21.98,0.529,75.3,31.3,8.190000000000001,0.2983333333333333,0.916,1.92,-0.066,Coca-Cola,beverage,26.63,180.0,1.0,0.555,0.744,0.906,0.879,real_sponsor_names_with_proxy_commercial_metrics,0.704592483922963,69,86.5,6,-0.8999999999999915,0.29,-0.237,-0.1216666666666666,0.6002235585615322,0.5601433563500287,4.046,0.22,0.4253709081375224,0.2344,0.7963,0.4613780061371584,0.2,0.520158397972613,3.836,0.146
604,2002,Brazil,China,group_or_knockout,True,0.0,49.8,24.0,66.7,rain,60.05,190.76,A_win,Seogwipo,South Korea,2002-06-08,0.1991,-1.83,0.206,0.262,49.42,1829,20,683.6,0.5,36.78,0.83,78.8,57.4,18.61,0.1376666666666667,0.7313333333333333,3.723333333333333,0.206,Adidas,apparel,33.15,430.0,1.0,0.369,0.809,0.916,0.861,real_sponsor_names_with_proxy_commercial_metrics,0.9383411482254695,1388,1,142.7,-1.0,8.65,0.277,65.6,13.7,7.63,0.2816666666666667,0.8653333333333334,3.116666666666667,0.3423333333333334,Mengniu,consumer_goods,22.33,66.05,0.432,0.329,0.58,0.661,0.607,real_sponsor_names_with_proxy_commercial_metrics,0.4054150210386822,441,540.9000000000001,19,13.200000000000005,1.5,-0.1340000000000001,-0.144,0.9764150943396226,0.5781917769360921,4.146,0.48,0.4508192804136218,0.1900666666666667,0.87793,0.4194181831156782,0.2,0.6047656291989428,4.195,0.127
605,2002,Italy,Croatia,group_or_knockout,True,0.0,49.7,27.4,61.9,cloudy,57.85,282.05,B_win,Kashima,Japan,2002-06-08,0.3202,2.31,0.304,0.319,57.68,1755,14,594.5,0.34,33.03,0.744,77.8,61.6,11.04,0.3303333333333333,0.8929999999999999,1.3333333333333333,0.0393333333333333,Visa,finance,33.4,190.0,1.0,0.316,0.761,0.842,0.918,real_sponsor_names_with_proxy_commercial_metrics,0.7989842668207419,1671,5,489.2,0.13,26.28,0.629,75.1,52.8,21.52,0.2903333333333333,0.7756666666666666,3.4933333333333336,0.102,Hisense,technology,28.53,200.0,1.0,0.267,0.792,0.927,0.587,real_sponsor_names_with_proxy_commercial_metrics,0.7311319787373097,84,105.3,9,2.700000000000003,0.21,0.1173333333333332,0.04,0.8187106162327391,0.4318710778695528,3.472,0.22,0.5744558746248921,0.241,0.84782,0.383116748733319,0.2,0.5478061007654312,3.675,0.11
606,2002,South Africa,Slovenia,group_or_knockout,True,0.0,65.0,13.5,60.3,hot,53.45,193.67,A_win,Daegu,South Korea,2002-06-08,0.3455,5.85,0.09,0.104,53.34,1530,1,315.3,-0.11,17.05,0.45,68.0,32.2,12.38,0.1266666666666666,0.7996666666666666,3.4566666666666666,-0.08,Qatar Airways,airline,26.15,81.81,0.598,0.304,0.668,0.76,0.558,real_sponsor_names_with_proxy_commercial_metrics,0.5191520334743079,1491,1,267.3,-0.5,14.34,0.4,66.6,28.9,8.67,0.2016666666666666,0.8223333333333334,2.676666666666667,0.2296666666666666,Vivo,technology,14.76,59.17,0.36,0.203,0.658,0.571,0.553,real_sponsor_names_with_proxy_commercial_metrics,0.28302,39,48.0,0,1.4000000000000057,0.39,-0.0226666666666667,-0.0749999999999999,0.2992007110612221,0.4031562117891401,3.268,0.62,0.4297184529582219,0.1561333333333333,0.6619,0.6168390066366944,0.2,0.4227219179264376,3.125,0.12
607,2002,Costa Rica,Turkey,group_or_knockout,True,0.0,67.9,23.2,55.2,clear,55.65,141.27,draw,Incheon,South Korea,2002-06-09,0.4157,4.3,0.205,0.171,44.3,1585,3,384.6,-0.19,21.98,0.529,73.1,26.3,15.16,0.1976666666666666,0.8413333333333334,2.26,0.2056666666666666,Visa,finance,31.23,190.0,1.0,0.397,0.677,0.885,0.896,real_sponsor_names_with_proxy_commercial_metrics,0.7601475027288838,1677,1,491.1,0.1,22.51,0.608,74.3,49.4,16.02,0.292,0.8846666666666666,2.2533333333333334,0.3329999999999999,Mengniu,consumer_goods,18.0,60.85,0.377,0.48,0.714,0.662,0.611,real_sponsor_names_with_proxy_commercial_metrics,0.355802672637474,-92,-106.5,2,-1.2000000000000028,-0.29,-0.0433333333333332,-0.0943333333333333,0.445992633460652,0.4785928953674975,3.558,0.12,0.4160820943931266,0.1820666666666666,0.8199899999999999,0.2049175765360736,0.2,0.5195324302364567,3.431,0.11
608,2002,Japan,Russia,group_or_knockout,False,0.18,63.8,21.7,74.7,windy,53.45,192.06,A_win,Yokohama,Japan,2002-06-09,0.0637,2.09,0.257,0.178,53.12,1586,4,387.4,-0.2,22.68,0.535,72.8,37.0,11.9,0.25,0.7706666666666667,4.593333333333333,0.3566666666666667,Adidas,apparel,29.47,430.0,1.0,0.558,0.648,0.855,0.917,real_sponsor_names_with_proxy_commercial_metrics,0.8586337787056367,1676,8,497.3,0.07,27.98,0.645,72.7,49.8,18.23,0.1086666666666666,0.8123333333333332,5.670000000000001,0.13,Hyundai,automotive,26.07,420.0,1.0,0.245,0.69,0.874,0.885,real_sponsor_names_with_proxy_commercial_metrics,0.81405268474314,-90,-109.90000000000003,-4,0.0999999999999943,-0.27,-0.0416666666666665,0.1413333333333333,0.4507401502367096,0.4874663680448746,3.904,0.48,0.3679056421719994,0.2417333333333333,0.8034600000000001,0.4097664311710555,0.2,0.5301242183763177,3.766,0.128
609,2002,Mexico,Ecuador,group_or_knockout,True,0.0,36.1,25.0,44.2,rain,57.85,111.78,A_win,Rifu,Japan,2002-06-09,0.072,-1.28,0.105,0.18,48.16,1612,10,421.9,-0.18,26.83,0.584,72.1,37.6,18.89,0.2446666666666666,0.7546666666666667,1.1233333333333333,0.211,Hyundai,automotive,28.5,420.0,1.0,0.636,0.712,0.897,0.88,real_sponsor_names_with_proxy_commercial_metrics,0.853187632551073,1623,2,428.7,-0.08,21.59,0.558,71.6,42.9,13.81,0.1486666666666666,0.8836666666666666,1.9966666666666668,0.0626666666666666,McDonald's,restaurant,16.55,66.18,0.433,0.554,0.689,0.657,0.645,real_sponsor_names_with_proxy_commercial_metrics,0.3468108960326372,-11,-6.800000000000011,8,0.5,-0.0999999999999999,-0.1289999999999999,0.096,0.5181915824104364,0.5020004943565123,3.679,0.48,0.3224388783960536,0.2449333333333332,0.83529,0.3482075215870976,0.2,0.5280575459112917,3.708,0.13
610,2002,South Korea,United States,group_or_knockout,False,0.18,65.0,22.9,32.0,hot,55.65,121.46,draw,Daegu,South Korea,2002-06-10,0.1681,0.02,0.097,0.073,50.96,1548,6,343.4,-0.37,22.9,0.505,70.3,20.2,12.829999999999998,0.151,0.8606666666666666,2.8866666666666667,0.2443333333333333,McDonald's,restaurant,25.44,80.72,0.587,0.49,0.67,0.723,0.661,real_sponsor_names_with_proxy_commercial_metrics,0.5096695074891809,1578,6,379.0,-0.3,23.84,0.536,71.9,31.0,12.75,0.132,0.7943333333333333,0.7200000000000001,0.0636666666666666,Vivo,technology,22.58,68.24,0.455,0.416,0.676,0.652,0.654,real_sponsor_names_with_proxy_commercial_metrics,0.4316086395935045,-30,-35.60000000000002,0,-1.6000000000000083,-0.07,0.0663333333333332,0.0189999999999999,0.3785695739184261,0.4552891258032914,3.224,0.62,0.3254253612138542,0.1463333333333333,0.6669599999999999,0.2968671947477342,0.2,0.4154811092650958,3.172,0.125
611,2002,Portugal,Poland,group_or_knockout,True,0.0,44.6,14.3,67.8,cloudy,60.05,188.38,A_win,Jeonju,South Korea,2002-06-10,0.1675,5.72,0.133,0.059,68.23,1702,6,527.3,0.14,27.94,0.666,76.8,47.1,14.4,0.2406666666666666,0.7363333333333334,3.2266666666666666,0.0836666666666666,Mengniu,consumer_goods,17.76,59.99,0.368,0.468,0.8,0.643,0.574,real_sponsor_names_with_proxy_commercial_metrics,0.3591620632748621,1685,6,506.6,0.05,27.64,0.65,72.7,42.5,15.85,0.2053333333333333,0.815,3.9733333333333327,0.268,Coca-Cola,beverage,28.97,180.0,1.0,0.581,0.749,0.899,0.847,real_sponsor_names_with_proxy_commercial_metrics,0.7339961373676395,17,20.69999999999993,0,4.099999999999994,0.09,-0.0786666666666665,0.0353333333333333,0.6820304126224132,0.4762482392058838,3.401,0.22,0.4373373025185899,0.2498666666666666,0.64909,0.4684371654891885,0.2,0.3988964626673323,3.437,0.194
612,2002,Tunisia,Belgium,group_or_knockout,True,0.0,61.1,15.4,68.1,hot,55.65,86.9,draw,Ōita,Japan,2002-06-10,0.4314,2.07,0.182,0.293,53.86,1519,3,305.2,-0.39,19.13,0.455,66.6,27.6,11.21,0.2033333333333333,0.8946666666666667,3.3266666666666667,0.1976666666666666,Hyundai,automotive,28.75,420.0,1.0,0.7,0.649,0.867,0.833,real_sponsor_names_with_proxy_commercial_metrics,0.8393101168934529,1674,9,495.4,0.02,28.38,0.646,71.5,40.4,23.19,0.142,0.7919999999999999,3.7566666666666655,0.0076666666666666,Visa,finance,26.85,190.0,1.0,0.538,0.72,0.914,0.914,real_sponsor_names_with_proxy_commercial_metrics,0.712621177050387,-155,-190.2,-6,-4.900000000000006,-0.41,0.1026666666666668,0.0613333333333333,0.2806268442018452,0.4232526320417946,3.548,0.62,0.4334524358316036,0.1641333333333333,0.79428,0.6011207450224791,0.2,0.523986852192452,3.504,0.122
613,2002,Cameroon,Germany,group_or_knockout,True,0.0,39.5,23.2,65.7,clear,55.65,157.38,B_win,Fukuroi,Japan,2002-06-11,0.2704,2.65,0.043,0.131,44.09,1542,4,334.5,-0.31,21.28,0.489,68.0,29.1,10.52,0.2513333333333333,0.8450000000000001,2.2433333333333336,0.186,Coca-Cola,beverage,31.97,180.0,1.0,0.241,0.693,0.92,0.885,real_sponsor_names_with_proxy_commercial_metrics,0.7711359494761991,1798,20,646.1,0.4,35.62,0.797,81.3,65.9,22.15,0.2123333333333333,0.851,5.576666666666667,0.3273333333333333,Coca-Cola,beverage,29.19,180.0,1.0,0.286,0.859,0.907,0.902,real_sponsor_names_with_proxy_commercial_metrics,0.7594715235889338,-256,-311.6,-16,-13.299999999999995,-0.71,-0.0059999999999998,0.039,0.3361091814289645,0.4029031927642567,3.036,0.12,0.3775009695706973,0.2127999999999999,0.83381,0.250287946906444,0.2,0.4933511157624192,3.195,0.1
614,2002,Denmark,France,group_or_knockout,True,0.0,63.8,29.2,64.5,rain,55.65,119.51,A_win,Incheon,South Korea,2002-06-11,0.198,3.4,0.2,0.201,50.37,1642,4,453.4,0.04,24.3,0.592,71.5,43.1,19.09,0.1573333333333333,0.8273333333333334,2.966666666666667,0.3496666666666666,Coca-Cola,beverage,33.85,180.0,1.0,0.685,0.715,0.895,0.825,real_sponsor_names_with_proxy_commercial_metrics,0.7927174317308963,1748,13,584.8,0.26,32.28,0.733,77.8,46.5,18.67,0.2083333333333333,0.8296666666666667,3.483333333333333,0.3613333333333333,Qatar Airways,airline,24.02,81.37,0.593,0.647,0.801,0.711,0.647,real_sponsor_names_with_proxy_commercial_metrics,0.5102507613733611,-106,-131.39999999999998,-9,-6.299999999999997,-0.22,-0.0023333333333332,-0.0509999999999999,0.526123570801118,0.5733265019154743,3.712,0.48,0.3619358700947989,0.1634666666666666,0.8277999999999999,0.5451721258831086,0.2,0.5452547781707077,3.502,0.103
615,2002,Saudi Arabia,Republic of Ireland,group_or_knockout,True,0.0,47.5,9.7,52.9,clear,57.85,170.07,B_win,Yokohama,Japan,2002-06-11,0.2417,0.06,0.044,0.105,59.1,1543,3,334.4,-0.47,20.17,0.482,68.2,34.6,13.01,0.2876666666666667,0.8483333333333333,5.266666666666667,0.2613333333333333,Visa,finance,27.16,190.0,1.0,0.611,0.648,0.864,0.904,real_sponsor_names_with_proxy_commercial_metrics,0.6981078576349381,1503,2,285.7,-0.08,17.44,0.431,66.8,21.0,11.42,0.122,0.863,3.5500000000000003,0.4016666666666666,McDonald's,restaurant,22.06,77.85,0.556,0.61,0.646,0.669,0.593,real_sponsor_names_with_proxy_commercial_metrics,0.4410552400981446,40,48.69999999999999,1,1.4000000000000057,-0.3899999999999999,-0.0146666666666667,0.1656666666666666,0.3337070048861339,0.5307413215016327,3.372,0.12,0.4213262965676101,0.2332666666666667,0.80376,0.4837076286305574,0.2,0.5149491151663643,3.544,0.13
616,2002,Senegal,Uruguay,group_or_knockout,True,0.0,41.3,25.1,70.6,clear,64.45,136.2,draw,Suwon,South Korea,2002-06-11,0.3365,3.66,0.26,0.242,55.48,1638,2,445.8,0.08,21.81,0.572,72.8,30.1,9.94,0.1993333333333333,0.7706666666666666,2.3433333333333333,0.2143333333333333,Budweiser,beverage,31.49,200.0,1.0,0.344,0.754,0.934,0.653,real_sponsor_names_with_proxy_commercial_metrics,0.7707489933510884,1684,10,508.3,0.07,29.28,0.661,74.8,44.8,20.58,0.1356666666666666,0.8753333333333333,1.923333333333333,0.1913333333333333,Vivo,technology,19.75,76.46,0.542,0.306,0.797,0.741,0.63,real_sponsor_names_with_proxy_commercial_metrics,0.4425490151146019,-46,-62.5,-8,-2.0,0.0099999999999999,-0.1046666666666666,0.0636666666666666,0.5202671092235914,0.4163784788281822,3.294,0.12,0.4819799993164663,0.2113333333333333,0.82813,0.3208827517305359,0.2,0.5172199323394455,3.465,0.11
617,2002,Nigeria,England,group_or_knockout,True,0.0,67.3,30.1,57.3,cloudy,51.25,164.93,draw,Osaka,Japan,2002-06-12,0.2229,1.92,0.197,0.113,57.77,1585,3,384.6,-0.29,21.98,0.529,75.3,31.3,8.190000000000001,0.2983333333333333,0.916,1.92,-0.066,Coca-Cola,beverage,26.63,180.0,1.0,0.555,0.744,0.906,0.879,real_sponsor_names_with_proxy_commercial_metrics,0.704592483922963,1695,13,522.2,0.16,30.51,0.678,76.6,52.6,19.34,0.28,0.7986666666666666,2.61,0.1863333333333333,McDonald's,restaurant,20.29,74.13,0.517,0.758,0.819,0.654,0.569,real_sponsor_names_with_proxy_commercial_metrics,0.4320601407850143,-110,-137.60000000000002,-10,-1.2999999999999972,-0.4499999999999999,0.1173333333333332,0.0183333333333333,0.4667473504417841,0.3106922812582259,3.47,0.22,0.3759164375810588,0.2125999999999999,0.85083,0.4334714193962748,0.2,0.4536395224100262,3.343,0.126
618,2002,Slovenia,Paraguay,group_or_knockout,True,0.0,61.1,22.1,50.2,clear,60.05,172.53,B_win,Seogwipo,South Korea,2002-06-12,0.3356,3.42,0.309,0.205,56.03,1491,1,267.3,-0.5,14.34,0.4,66.6,28.9,8.67,0.2016666666666666,0.8223333333333334,2.676666666666667,0.2296666666666666,Vivo,technology,14.76,59.17,0.36,0.203,0.658,0.571,0.553,real_sponsor_names_with_proxy_commercial_metrics,0.28302,1578,4,377.4,-0.11,22.66,0.528,69.9,30.5,12.88,0.1066666666666666,0.8923333333333333,3.733333333333333,0.1686666666666666,Hyundai,automotive,26.2,420.0,1.0,0.401,0.667,0.921,0.802,real_sponsor_names_with_proxy_commercial_metrics,0.8124367766011774,-87,-110.09999999999997,-3,-3.300000000000012,-0.39,-0.0699999999999999,0.0949999999999999,0.224011998713193,0.407902658762764,3.061,0.12,0.4775930386044583,0.1920666666666666,0.5668599999999999,0.1546999215014629,0.2,0.3614925521744656,3.168,0.215
619,2002,South Africa,Spain,group_or_knockout,True,0.0,50.0,26.3,53.0,clear,62.25,263.29,B_win,Daejeon,South Korea,2002-06-12,0.2153,1.59,0.21,0.191,49.03,1530,1,315.3,-0.11,17.05,0.45,68.0,32.2,12.38,0.1266666666666666,0.7996666666666666,3.4566666666666666,-0.08,Qatar Airways,airline,26.15,81.81,0.598,0.304,0.668,0.76,0.558,real_sponsor_names_with_proxy_commercial_metrics,0.5191520334743079,1708,12,537.2,0.18,30.58,0.689,77.4,45.2,19.26,0.2126666666666666,0.84,4.25,0.077,Budweiser,beverage,27.85,200.0,1.0,0.321,0.724,0.933,0.612,real_sponsor_names_with_proxy_commercial_metrics,0.7135544213260362,-178,-221.90000000000003,-11,-9.400000000000006,-0.29,-0.0403333333333333,-0.086,0.2992007110612221,0.4669536921743332,3.05,0.12,0.5024293618122105,0.1561333333333333,0.6619,0.2760472418468565,0.2,0.4551273942050893,3.164,0.121
620,2002,Sweden,Argentina,group_or_knockout,True,0.0,76.9,18.8,90.3,hot,55.65,159.33,draw,Rifu,Japan,2002-06-12,0.2667,-0.5,0.132,0.054,54.24,1654,9,471.1,0.0,27.67,0.624,74.4,39.2,19.34,0.1766666666666666,0.6789999999999999,3.783333333333333,0.1453333333333333,Budweiser,beverage,26.29,200.0,1.0,0.625,0.705,0.91,0.618,real_sponsor_names_with_proxy_commercial_metrics,0.6867753190295852,1753,15,591.7,0.26,33.16,0.743,76.8,58.0,19.5,0.2623333333333333,0.8586666666666667,3.813333333333333,0.2106666666666666,Hyundai,automotive,30.74,420.0,1.0,0.338,0.813,0.936,0.851,real_sponsor_names_with_proxy_commercial_metrics,0.9027842922587972,-99,-120.60000000000002,-6,-2.3999999999999915,-0.26,-0.1796666666666667,-0.0856666666666667,0.6002235585615322,0.5389837851918451,3.896,0.62,0.3842303972014683,0.2344,0.7963,0.6086073645900234,0.2,0.5060056158611107,3.709,0.141
621,2002,Costa Rica,Brazil,group_or_knockout,True,0.0,52.3,22.3,30.2,clear,66.65,153.58,B_win,Suwon,South Korea,2002-06-13,0.299,1.9,0.092,0.128,68.21,1585,3,384.6,-0.19,21.98,0.529,73.1,26.3,15.16,0.1976666666666666,0.8413333333333334,2.26,0.2056666666666666,Visa,finance,31.23,190.0,1.0,0.397,0.677,0.885,0.896,real_sponsor_names_with_proxy_commercial_metrics,0.7601475027288838,1829,20,683.6,0.5,36.78,0.83,78.8,57.4,18.61,0.1376666666666667,0.7313333333333333,3.723333333333333,0.206,Adidas,apparel,33.15,430.0,1.0,0.369,0.809,0.916,0.861,real_sponsor_names_with_proxy_commercial_metrics,0.9383411482254695,-244,-299.0,-17,-5.700000000000003,-0.69,0.1100000000000001,0.0599999999999999,0.445992633460652,0.5323270380415209,3.423,0.12,0.4998152637618606,0.1820666666666666,0.8199899999999999,0.0734824805537715,0.2,0.5513246240589301,3.449,0.11
622,2002,Ecuador,Croatia,group_or_knockout,True,0.0,58.4,13.3,66.0,rain,53.45,142.54,A_win,Yokohama,Japan,2002-06-13,0.2622,4.15,0.175,0.159,50.47,1623,2,428.7,-0.08,21.59,0.558,71.6,42.9,13.81,0.1486666666666666,0.8836666666666666,1.9966666666666668,0.0626666666666666,McDonald's,restaurant,16.55,66.18,0.433,0.554,0.689,0.657,0.645,real_sponsor_names_with_proxy_commercial_metrics,0.3468108960326372,1671,5,489.2,0.13,26.28,0.629,75.1,52.8,21.52,0.2903333333333333,0.7756666666666666,3.4933333333333336,0.102,Hisense,technology,28.53,200.0,1.0,0.267,0.792,0.927,0.587,real_sponsor_names_with_proxy_commercial_metrics,0.7311319787373097,-48,-60.5,-3,-3.5,-0.21,0.1079999999999999,-0.1416666666666666,0.4857367378812579,0.4250014252983159,3.421,0.48,0.375107118105951,0.1357333333333333,0.62832,0.5906709484050524,0.2,0.3730772377525516,3.31,0.2
623,2002,Mexico,Italy,group_or_knockout,True,0.0,61.5,8.9,31.1,clear,55.65,109.15,draw,Ōita,Japan,2002-06-13,0.087,3.63,0.154,0.135,62.0,1612,10,421.9,-0.18,26.83,0.584,72.1,37.6,18.89,0.2446666666666666,0.7546666666666667,1.1233333333333333,0.211,Hyundai,automotive,28.5,420.0,1.0,0.636,0.712,0.897,0.88,real_sponsor_names_with_proxy_commercial_metrics,0.853187632551073,1755,14,594.5,0.34,33.03,0.744,77.8,61.6,11.04,0.3303333333333333,0.8929999999999999,1.3333333333333333,0.0393333333333333,Visa,finance,33.4,190.0,1.0,0.316,0.761,0.842,0.918,real_sponsor_names_with_proxy_commercial_metrics,0.7989842668207419,-143,-172.60000000000002,-4,-5.700000000000003,-0.52,-0.1383333333333332,-0.0856666666666667,0.5181915824104364,0.4911951750914438,3.773,0.12,0.3361555541768831,0.2449333333333332,0.83529,0.4103193463212731,0.2,0.5277753916732384,3.694,0.13
624,2002,Turkey,China,group_or_knockout,True,0.0,49.9,28.7,56.3,rain,57.85,185.23,A_win,Seoul,South Korea,2002-06-13,0.252,2.86,0.251,0.184,63.91,1677,1,491.1,0.1,22.51,0.608,74.3,49.4,16.02,0.292,0.8846666666666666,2.2533333333333334,0.3329999999999999,Mengniu,consumer_goods,18.0,60.85,0.377,0.48,0.714,0.662,0.611,real_sponsor_names_with_proxy_commercial_metrics,0.355802672637474,1388,1,142.7,-1.0,8.65,0.277,65.6,13.7,7.63,0.2816666666666667,0.8653333333333334,3.116666666666667,0.3423333333333334,Mengniu,consumer_goods,22.33,66.05,0.432,0.329,0.58,0.661,0.607,real_sponsor_names_with_proxy_commercial_metrics,0.4054150210386822,289,348.40000000000003,0,8.700000000000003,1.1,0.0193333333333332,0.0103333333333333,0.5898881397701872,0.5500294755598316,3.485,0.48,0.4664695821728966,0.2213333333333333,0.6248900000000001,0.4967342467708555,0.2,0.422899411024326,3.515,0.195
625,2002,Belgium,Russia,group_or_knockout,True,0.0,64.1,17.1,51.1,rain,62.25,209.83,A_win,Fukuroi,Japan,2002-06-14,0.1555,4.69,0.082,0.078,51.67,1674,9,495.4,0.02,28.38,0.646,71.5,40.4,23.19,0.142,0.7919999999999999,3.7566666666666655,0.0076666666666666,Visa,finance,26.85,190.0,1.0,0.538,0.72,0.914,0.914,real_sponsor_names_with_proxy_commercial_metrics,0.712621177050387,1676,8,497.3,0.07,27.98,0.645,72.7,49.8,18.23,0.1086666666666666,0.8123333333333332,5.670000000000001,0.13,Hyundai,automotive,26.07,420.0,1.0,0.245,0.69,0.874,0.885,real_sponsor_names_with_proxy_commercial_metrics,0.81405268474314,-2,-1.900000000000034,1,-1.2000000000000028,-0.05,-0.0203333333333333,0.0333333333333333,0.6045045124588039,0.6503271837544602,4.102,0.48,0.4253443943181125,0.1684,0.8480000000000001,0.4274443017198316,0.2,0.5628055728069643,3.905,0.145
626,2002,Japan,Tunisia,group_or_knockout,False,0.18,51.1,20.3,24.6,clear,55.65,317.49,A_win,Osaka,Japan,2002-06-14,0.1626,2.37,0.318,0.148,45.01,1586,4,387.4,-0.2,22.68,0.535,72.8,37.0,11.9,0.25,0.7706666666666667,4.593333333333333,0.3566666666666667,Adidas,apparel,29.47,430.0,1.0,0.558,0.648,0.855,0.917,real_sponsor_names_with_proxy_commercial_metrics,0.8586337787056367,1519,3,305.2,-0.39,19.13,0.455,66.6,27.6,11.21,0.2033333333333333,0.8946666666666667,3.3266666666666667,0.1976666666666666,Hyundai,automotive,28.75,420.0,1.0,0.7,0.649,0.867,0.833,real_sponsor_names_with_proxy_commercial_metrics,0.8393101168934529,67,82.19999999999999,1,6.200000000000003,0.19,-0.124,0.0466666666666666,0.4507401502367096,0.5410256258598605,3.909,0.12,0.4724932989485658,0.2417333333333333,0.8034600000000001,0.0857011346606722,0.2,0.566038341919827,3.972,0.135
627,2002,South Korea,Portugal,group_or_knockout,False,0.18,52.6,14.7,64.2,rain,53.45,128.33,A_win,Incheon,South Korea,2002-06-14,0.1921,2.92,0.258,0.212,47.7,1548,6,343.4,-0.37,22.9,0.505,70.3,20.2,12.829999999999998,0.151,0.8606666666666666,2.8866666666666667,0.2443333333333333,McDonald's,restaurant,25.44,80.72,0.587,0.49,0.67,0.723,0.661,real_sponsor_names_with_proxy_commercial_metrics,0.5096695074891809,1702,6,527.3,0.14,27.94,0.666,76.8,47.1,14.4,0.2406666666666666,0.7363333333333334,3.2266666666666666,0.0836666666666666,Mengniu,consumer_goods,17.76,59.99,0.368,0.468,0.8,0.643,0.574,real_sponsor_names_with_proxy_commercial_metrics,0.3591620632748621,-154,-183.9,0,-6.5,-0.51,0.1243333333333331,-0.0896666666666666,0.3785695739184261,0.4477913180709935,3.221,0.48,0.3512280090065152,0.1463333333333333,0.6669599999999999,0.5464769856561764,0.2,0.4185422526585847,3.149,0.124
628,2002,Poland,United States,group_or_knockout,True,0.0,75.7,14.5,51.9,hot,60.05,159.21,A_win,Daejeon,South Korea,2002-06-14,0.2135,1.79,0.14,0.141,59.99,1685,6,506.6,0.05,27.64,0.65,72.7,42.5,15.85,0.2053333333333333,0.815,3.9733333333333327,0.268,Coca-Cola,beverage,28.97,180.0,1.0,0.581,0.749,0.899,0.847,real_sponsor_names_with_proxy_commercial_metrics,0.7339961373676395,1578,6,379.0,-0.3,23.84,0.536,71.9,31.0,12.75,0.132,0.7943333333333333,0.7200000000000001,0.0636666666666666,Vivo,technology,22.58,68.24,0.455,0.416,0.676,0.652,0.654,real_sponsor_names_with_proxy_commercial_metrics,0.4316086395935045,107,127.60000000000002,0,0.7999999999999972,0.35,0.0206666666666666,0.0733333333333333,0.616436840876696,0.5542602969869447,3.998,0.62,0.4281156062836871,0.1972,0.84638,0.5545311496467566,0.2,0.5396362773813156,3.743,0.129
629,2002,Denmark,England,group_or_knockout,True,0.0,44.5,22.0,24.4,rain,57.85,140.7,B_win,Niigata,Japan,2002-06-15,0.3049,4.81,0.3,0.174,57.65,1642,4,453.4,0.04,24.3,0.592,71.5,43.1,19.09,0.1573333333333333,0.8273333333333334,2.966666666666667,0.3496666666666666,Coca-Cola,beverage,33.85,180.0,1.0,0.685,0.715,0.895,0.825,real_sponsor_names_with_proxy_commercial_metrics,0.7927174317308963,1695,13,522.2,0.16,30.51,0.678,76.6,52.6,19.34,0.28,0.7986666666666666,2.61,0.1863333333333333,McDonald's,restaurant,20.29,74.13,0.517,0.758,0.819,0.654,0.569,real_sponsor_names_with_proxy_commercial_metrics,0.4320601407850143,-53,-68.80000000000007,-9,-5.099999999999994,-0.12,0.0286666666666667,-0.1226666666666666,0.526123570801118,0.5905936542382502,3.367,0.48,0.4303085244226274,0.1634666666666666,0.8277999999999999,0.1846172839506172,0.2,0.5637641116866506,3.588,0.106
630,2002,Germany,Paraguay,group_or_knockout,True,0.0,26.6,18.6,71.4,clear,53.45,162.09,A_win,Seogwipo,South Korea,2002-06-15,0.1228,3.41,0.094,0.127,46.92,1798,20,646.1,0.4,35.62,0.797,81.3,65.9,22.15,0.2123333333333333,0.851,5.576666666666667,0.3273333333333333,Coca-Cola,beverage,29.19,180.0,1.0,0.286,0.859,0.907,0.902,real_sponsor_names_with_proxy_commercial_metrics,0.7594715235889338,1578,4,377.4,-0.11,22.66,0.528,69.9,30.5,12.88,0.1066666666666666,0.8923333333333333,3.733333333333333,0.1686666666666666,Hyundai,automotive,26.2,420.0,1.0,0.401,0.667,0.921,0.802,real_sponsor_names_with_proxy_commercial_metrics,0.8124367766011774,220,268.70000000000005,16,11.399999999999991,0.51,-0.0413333333333333,0.1056666666666666,0.9510351228677828,0.6805449587689755,3.878,0.12,0.3344127297942816,0.1869999999999999,0.90283,0.3321430100620852,0.2,0.5708845000755136,4.08,0.14
631,2002,Spain,Republic of Ireland,group_or_knockout,True,0.0,78.9,25.3,81.0,cloudy,55.65,176.97,draw,Suwon,South Korea,2002-06-16,0.3464,1.63,0.173,0.17,62.46,1708,12,537.2,0.18,30.58,0.689,77.4,45.2,19.26,0.2126666666666666,0.84,4.25,0.077,Budweiser,beverage,27.85,200.0,1.0,0.321,0.724,0.933,0.612,real_sponsor_names_with_proxy_commercial_metrics,0.7135544213260362,1503,2,285.7,-0.08,17.44,0.431,66.8,21.0,11.42,0.122,0.863,3.5500000000000003,0.4016666666666666,McDonald's,restaurant,22.06,77.85,0.556,0.61,0.646,0.669,0.593,real_sponsor_names_with_proxy_commercial_metrics,0.4410552400981446,205,251.50000000000009,10,10.600000000000009,0.26,-0.023,0.0906666666666666,0.7299678934836586,0.5748505552988752,4.03,0.22,0.4678436302025681,0.1915999999999999,0.80913,0.4110233354742025,0.2,0.5435621426424475,3.877,0.139
632,2002,Sweden,Senegal,group_or_knockout,True,0.0,91.1,25.7,81.8,rain,57.85,162.86,B_win,Ōita,Japan,2002-06-16,0.2485,-0.33,0.054,0.099,51.52,1654,9,471.1,0.0,27.67,0.624,74.4,39.2,19.34,0.1766666666666666,0.6789999999999999,3.783333333333333,0.1453333333333333,Budweiser,beverage,26.29,200.0,1.0,0.625,0.705,0.91,0.618,real_sponsor_names_with_proxy_commercial_metrics,0.6867753190295852,1638,2,445.8,0.08,21.81,0.572,72.8,30.1,9.94,0.1993333333333333,0.7706666666666666,2.3433333333333333,0.2143333333333333,Budweiser,beverage,31.49,200.0,1.0,0.344,0.754,0.934,0.653,real_sponsor_names_with_proxy_commercial_metrics,0.7707489933510884,16,25.30000000000001,7,1.6000000000000083,-0.08,-0.0916666666666666,-0.0226666666666666,0.6002235585615322,0.5501024476547549,3.959,0.48,0.3977207787193787,0.2344,0.7963,0.5288847498751159,0.2,0.5118169176543076,3.737,0.142
633,2002,Brazil,Belgium,group_or_knockout,True,0.0,52.7,24.9,63.7,clear,55.65,215.56,A_win,Kobe,Japan,2002-06-17,0.2878,5.12,0.304,0.139,59.52,1829,20,683.6,0.5,36.78,0.83,78.8,57.4,18.61,0.1376666666666667,0.7313333333333333,3.723333333333333,0.206,Adidas,apparel,33.15,430.0,1.0,0.369,0.809,0.916,0.861,real_sponsor_names_with_proxy_commercial_metrics,0.9383411482254695,1674,9,495.4,0.02,28.38,0.646,71.5,40.4,23.19,0.142,0.7919999999999999,3.7566666666666655,0.0076666666666666,Visa,finance,26.85,190.0,1.0,0.538,0.72,0.914,0.914,real_sponsor_names_with_proxy_commercial_metrics,0.712621177050387,155,188.20000000000005,11,7.299999999999997,0.48,-0.0606666666666666,-0.0043333333333333,0.9764150943396226,0.5670468012138585,4.162,0.12,0.4653692176987973,0.1900666666666667,0.87793,0.2858656247769928,0.2,0.6045550234537526,4.184,0.126
634,2002,Mexico,United States,group_or_knockout,True,0.0,32.8,24.4,58.7,rain,55.65,133.8,B_win,Jeonju,South Korea,2002-06-17,0.1171,1.24,0.024,0.123,60.07,1612,10,421.9,-0.18,26.83,0.584,72.1,37.6,18.89,0.2446666666666666,0.7546666666666667,1.1233333333333333,0.211,Hyundai,automotive,28.5,420.0,1.0,0.636,0.712,0.897,0.88,real_sponsor_names_with_proxy_commercial_metrics,0.853187632551073,1578,6,379.0,-0.3,23.84,0.536,71.9,31.0,12.75,0.132,0.7943333333333333,0.7200000000000001,0.0636666666666666,Vivo,technology,22.58,68.24,0.455,0.416,0.676,0.652,0.654,real_sponsor_names_with_proxy_commercial_metrics,0.4316086395935045,34,42.89999999999998,4,0.1999999999999886,0.12,-0.0396666666666666,0.1126666666666666,0.5181915824104364,0.4997772971212114,3.45,0.48,0.3550534692077057,0.2449333333333332,0.83529,0.3952549061585669,0.2,0.5339579688477378,3.737,0.131
635,2002,Japan,Turkey,group_or_knockout,False,0.18,54.0,32.5,79.3,clear,53.45,201.32,B_win,Rifu,Japan,2002-06-18,0.1235,2.95,0.041,0.046,43.59,1586,4,387.4,-0.2,22.68,0.535,72.8,37.0,11.9,0.25,0.7706666666666667,4.593333333333333,0.3566666666666667,Adidas,apparel,29.47,430.0,1.0,0.558,0.648,0.855,0.917,real_sponsor_names_with_proxy_commercial_metrics,0.8586337787056367,1677,1,491.1,0.1,22.51,0.608,74.3,49.4,16.02,0.292,0.8846666666666666,2.2533333333333334,0.3329999999999999,Mengniu,consumer_goods,18.0,60.85,0.377,0.48,0.714,0.662,0.611,real_sponsor_names_with_proxy_commercial_metrics,0.355802672637474,-91,-103.70000000000005,3,-1.5,-0.3,-0.1139999999999998,-0.0419999999999999,0.4507401502367096,0.490690321391554,3.612,0.12,0.3357209350682321,0.2417333333333333,0.8034600000000001,0.5509608934560765,0.2,0.5245899838926344,3.778,0.128
636,2002,South Korea,Italy,group_or_knockout,False,0.18,54.3,16.6,84.9,rain,57.85,192.22,A_win,Daejeon,South Korea,2002-06-18,0.2323,7.74,0.105,0.144,49.97,1548,6,343.4,-0.37,22.9,0.505,70.3,20.2,12.829999999999998,0.151,0.8606666666666666,2.8866666666666667,0.2443333333333333,McDonald's,restaurant,25.44,80.72,0.587,0.49,0.67,0.723,0.661,real_sponsor_names_with_proxy_commercial_metrics,0.5096695074891809,1755,14,594.5,0.34,33.03,0.744,77.8,61.6,11.04,0.3303333333333333,0.8929999999999999,1.3333333333333333,0.0393333333333333,Visa,finance,33.4,190.0,1.0,0.316,0.761,0.842,0.918,real_sponsor_names_with_proxy_commercial_metrics,0.7989842668207419,-207,-251.1,-8,-7.5,-0.71,-0.0323333333333333,-0.1793333333333333,0.3785695739184261,0.4898145251449549,3.341,0.48,0.4220733345476881,0.1463333333333333,0.6669599999999999,0.5864994647827018,0.2,0.4444778157475284,3.247,0.128
637,2002,England,Brazil,group_or_knockout,True,0.0,55.5,22.7,76.1,clear,57.85,164.76,B_win,Fukuroi,Japan,2002-06-21,0.5826,4.48,0.262,0.21,49.6,1695,13,522.2,0.16,30.51,0.678,76.6,52.6,19.34,0.28,0.7986666666666666,2.61,0.1863333333333333,McDonald's,restaurant,20.29,74.13,0.517,0.758,0.819,0.654,0.569,real_sponsor_names_with_proxy_commercial_metrics,0.4320601407850143,1829,20,683.6,0.5,36.78,0.83,78.8,57.4,18.61,0.1376666666666667,0.7313333333333333,3.723333333333333,0.206,Adidas,apparel,33.15,430.0,1.0,0.369,0.809,0.916,0.861,real_sponsor_names_with_proxy_commercial_metrics,0.9383411482254695,-134,-161.39999999999998,-7,-2.200000000000003,-0.3399999999999999,0.0673333333333333,0.1423333333333333,0.7074856858162286,0.5612850170137301,3.43,0.12,0.5139443444488448,0.2485333333333333,0.68589,0.2822204381645614,0.2,0.4607557074420169,3.549,0.175
638,2002,Germany,United States,group_or_knockout,True,0.0,43.5,29.8,42.9,clear,53.45,139.85,A_win,Ulsan,South Korea,2002-06-21,0.3476,6.18,0.233,0.192,59.39,1798,20,646.1,0.4,35.62,0.797,81.3,65.9,22.15,0.2123333333333333,0.851,5.576666666666667,0.3273333333333333,Coca-Cola,beverage,29.19,180.0,1.0,0.286,0.859,0.907,0.902,real_sponsor_names_with_proxy_commercial_metrics,0.7594715235889338,1578,6,379.0,-0.3,23.84,0.536,71.9,31.0,12.75,0.132,0.7943333333333333,0.7200000000000001,0.0636666666666666,Vivo,technology,22.58,68.24,0.455,0.416,0.676,0.652,0.654,real_sponsor_names_with_proxy_commercial_metrics,0.4316086395935045,220,267.1,14,9.399999999999991,0.7,0.0566666666666666,0.0803333333333333,0.9510351228677828,0.6728019001912054,4.009,0.12,0.4268028299923132,0.1869999999999999,0.90283,0.3234457289659602,0.2,0.5871944637133444,4.103,0.141
639,2002,South Korea,Spain,group_or_knockout,False,0.18,65.5,30.6,61.2,windy,51.25,288.93,draw,Gwangju,South Korea,2002-06-22,0.4706,1.67,0.166,0.244,46.45,1548,6,343.4,-0.37,22.9,0.505,70.3,20.2,12.829999999999998,0.151,0.8606666666666666,2.8866666666666667,0.2443333333333333,McDonald's,restaurant,25.44,80.72,0.587,0.49,0.67,0.723,0.661,real_sponsor_names_with_proxy_commercial_metrics,0.5096695074891809,1708,12,537.2,0.18,30.58,0.689,77.4,45.2,19.26,0.2126666666666666,0.84,4.25,0.077,Budweiser,beverage,27.85,200.0,1.0,0.321,0.724,0.933,0.612,real_sponsor_names_with_proxy_commercial_metrics,0.7135544213260362,-160,-193.80000000000007,-6,-7.1000000000000085,-0.55,0.0206666666666666,-0.0616666666666666,0.3785695739184261,0.4938160101210962,3.355,0.48,0.5402149143639552,0.1463333333333333,0.6669599999999999,0.5673290515949476,0.2,0.4692265475041014,3.275,0.129
640,2002,Senegal,Turkey,group_or_knockout,True,0.0,64.8,14.5,65.0,hot,53.45,121.51,B_win,Osaka,Japan,2002-06-22,0.2615,5.05,0.238,0.227,57.79,1638,2,445.8,0.08,21.81,0.572,72.8,30.1,9.94,0.1993333333333333,0.7706666666666666,2.3433333333333333,0.2143333333333333,Budweiser,beverage,31.49,200.0,1.0,0.344,0.754,0.934,0.653,real_sponsor_names_with_proxy_commercial_metrics,0.7707489933510884,1677,1,491.1,0.1,22.51,0.608,74.3,49.4,16.02,0.292,0.8846666666666666,2.2533333333333334,0.3329999999999999,Mengniu,consumer_goods,18.0,60.85,0.377,0.48,0.714,0.662,0.611,real_sponsor_names_with_proxy_commercial_metrics,0.355802672637474,-39,-45.30000000000001,1,-1.5,-0.02,-0.1139999999999999,-0.0926666666666666,0.5202671092235914,0.3618157174754225,3.316,0.62,0.3939443097686749,0.2113333333333333,0.82813,0.6111360879183616,0.2,0.4843352212511145,3.367,0.107
641,2002,South Korea,Germany,group_or_knockout,False,0.18,38.6,21.1,29.0,hot,53.45,166.03,B_win,Seoul,South Korea,2002-06-25,0.0906,2.86,0.147,0.196,50.89,1548,6,343.4,-0.37,22.9,0.505,70.3,20.2,12.829999999999998,0.151,0.8606666666666666,2.8866666666666667,0.2443333333333333,McDonald's,restaurant,25.44,80.72,0.587,0.49,0.67,0.723,0.661,real_sponsor_names_with_proxy_commercial_metrics,0.5096695074891809,1798,20,646.1,0.4,35.62,0.797,81.3,65.9,22.15,0.2123333333333333,0.851,5.576666666666667,0.3273333333333333,Coca-Cola,beverage,29.19,180.0,1.0,0.286,0.859,0.907,0.902,real_sponsor_names_with_proxy_commercial_metrics,0.7594715235889338,-250,-302.70000000000005,-14,-11.0,-0.77,0.0096666666666666,-0.0613333333333333,0.3785695739184261,0.4609169164694616,2.924,0.62,0.3549768740709652,0.1463333333333333,0.6669599999999999,0.2839042317847712,0.2,0.4229671932230457,3.121,0.123
642,2002,Brazil,Turkey,group_or_knockout,True,0.0,67.1,31.1,65.5,windy,53.45,123.8,A_win,Saitama,Japan,2002-06-26,0.1684,3.57,0.19,0.187,50.49,1829,20,683.6,0.5,36.78,0.83,78.8,57.4,18.61,0.1376666666666667,0.7313333333333333,3.723333333333333,0.206,Adidas,apparel,33.15,430.0,1.0,0.369,0.809,0.916,0.861,real_sponsor_names_with_proxy_commercial_metrics,0.9383411482254695,1677,1,491.1,0.1,22.51,0.608,74.3,49.4,16.02,0.292,0.8846666666666666,2.2533333333333334,0.3329999999999999,Mengniu,consumer_goods,18.0,60.85,0.377,0.48,0.714,0.662,0.611,real_sponsor_names_with_proxy_commercial_metrics,0.355802672637474,152,192.5,19,4.5,0.4,-0.1533333333333333,-0.1543333333333333,0.9764150943396226,0.5252100605892288,4.179,0.48,0.342113014361774,0.1900666666666667,0.87793,0.5989150788553486,0.2,0.5681894954114516,4.035,0.122
643,2002,South Korea,Turkey,group_or_knockout,False,0.18,84.7,26.0,94.4,cloudy,62.25,293.28,B_win,Daegu,South Korea,2002-06-29,0.1707,7.04,0.288,0.235,68.8,1548,6,343.4,-0.37,22.9,0.505,70.3,20.2,12.829999999999998,0.151,0.8606666666666666,2.8866666666666667,0.2443333333333333,McDonald's,restaurant,25.44,80.72,0.587,0.49,0.67,0.723,0.661,real_sponsor_names_with_proxy_commercial_metrics,0.5096695074891809,1677,1,491.1,0.1,22.51,0.608,74.3,49.4,16.02,0.292,0.8846666666666666,2.2533333333333334,0.3329999999999999,Mengniu,consumer_goods,18.0,60.85,0.377,0.48,0.714,0.662,0.611,real_sponsor_names_with_proxy_commercial_metrics,0.355802672637474,-129,-147.70000000000005,5,-4.0,-0.47,-0.024,-0.141,0.3785695739184261,0.5447788062897666,3.533,0.22,0.5717229360701892,0.1463333333333333,0.6669599999999999,0.4871326625276528,0.2,0.4897977347725759,3.404,0.134
644,2002,Germany,Brazil,group_or_knockout,True,0.0,60.2,24.2,68.2,clear,55.65,203.85,B_win,Yokohama,Japan,2002-06-30,0.2109,2.21,0.136,0.072,52.24,1798,20,646.1,0.4,35.62,0.797,81.3,65.9,22.15,0.2123333333333333,0.851,5.576666666666667,0.3273333333333333,Coca-Cola,beverage,29.19,180.0,1.0,0.286,0.859,0.907,0.902,real_sponsor_names_with_proxy_commercial_metrics,0.7594715235889338,1829,20,683.6,0.5,36.78,0.83,78.8,57.4,18.61,0.1376666666666667,0.7313333333333333,3.723333333333333,0.206,Adidas,apparel,33.15,430.0,1.0,0.369,0.809,0.916,0.861,real_sponsor_names_with_proxy_commercial_metrics,0.9383411482254695,-31,-37.5,0,2.5,-0.0999999999999999,0.1196666666666667,0.0746666666666666,0.9510351228677828,0.7049737439579712,4.038,0.12,0.4011523951128379,0.1869999999999999,0.90283,0.287101976735888,0.2,0.5910724929921436,4.085,0.14
645,2006,Germany,Costa Rica,group_or_knockout,False,0.18,53.6,21.7,81.6,clear,65.91,155.77,A_win,Munich,Germany,2006-06-09,0.3038,2.84,0.095,0.129,69.08,1798,20,646.1,0.4,35.62,0.797,81.3,65.9,22.15,0.2123333333333333,0.851,5.576666666666667,0.3273333333333333,Coca-Cola,beverage,29.19,180.0,1.0,0.286,0.859,0.907,0.902,real_sponsor_names_with_proxy_commercial_metrics,0.7594715235889338,1585,3,384.6,-0.19,21.98,0.529,73.1,26.3,15.16,0.1976666666666666,0.8413333333333334,2.26,0.2056666666666666,Visa,finance,31.23,190.0,1.0,0.397,0.677,0.885,0.896,real_sponsor_names_with_proxy_commercial_metrics,0.7601475027288838,213,261.5,17,8.200000000000003,0.5900000000000001,0.0096666666666666,0.0146666666666666,0.9510351228677828,0.7343560357846658,4.218,0.12,0.5012230477268546,0.1869999999999999,0.90283,0.2955812459858702,0.2,0.6193136652264215,4.245,0.145
646,2006,Poland,Ecuador,group_or_knockout,True,0.0,56.2,20.7,60.9,cloudy,57.11,188.39,B_win,Gelsenkirchen,Germany,2006-06-09,0.1826,0.9,0.194,0.166,53.27,1685,6,506.6,0.05,27.64,0.65,72.7,42.5,15.85,0.2053333333333333,0.815,3.9733333333333327,0.268,Coca-Cola,beverage,28.97,180.0,1.0,0.581,0.749,0.899,0.847,real_sponsor_names_with_proxy_commercial_metrics,0.7339961373676395,1623,2,428.7,-0.08,21.59,0.558,71.6,42.9,13.81,0.1486666666666666,0.8836666666666666,1.9966666666666668,0.0626666666666666,McDonald's,restaurant,16.55,66.18,0.433,0.554,0.689,0.657,0.645,real_sponsor_names_with_proxy_commercial_metrics,0.3468108960326372,62,77.90000000000003,4,1.1000000000000083,0.13,-0.0686666666666666,0.0566666666666666,0.616436840876696,0.5512033966978567,3.615,0.22,0.4150280570092888,0.1972,0.84638,0.2721483622350674,0.2,0.5361628354454911,3.723,0.129
647,2006,Argentina,Ivory Coast,group_or_knockout,True,0.0,66.0,24.7,56.8,clear,59.31,182.17,A_win,Hamburg,Germany,2006-06-10,0.2018,4.67,0.215,0.242,48.44,1753,15,591.7,0.26,33.16,0.743,76.8,58.0,19.5,0.2623333333333333,0.8586666666666667,3.813333333333333,0.2106666666666666,Hyundai,automotive,30.74,420.0,1.0,0.338,0.813,0.936,0.851,real_sponsor_names_with_proxy_commercial_metrics,0.9027842922587972,1587,1,384.2,-0.22,19.05,0.511,73.8,39.2,8.73,0.1446666666666666,0.7746666666666666,3.723333333333333,0.359,Budweiser,beverage,26.15,200.0,1.0,0.237,0.659,0.897,0.579,real_sponsor_names_with_proxy_commercial_metrics,0.6730955277978524,166,207.50000000000009,14,3.0,0.48,0.084,0.1176666666666667,0.8112048561394937,0.6165908464367196,4.287,0.12,0.4340003470428876,0.2139333333333333,0.8831100000000001,0.2508484978234496,0.2,0.6029131365529704,4.12,0.134
648,2006,England,Paraguay,group_or_knockout,True,0.0,35.5,21.5,64.1,windy,54.91,135.78,A_win,Frankfurt am Main,Germany,2006-06-10,0.3815,1.62,0.165,0.16,43.88,1695,13,522.2,0.16,30.51,0.678,76.6,52.6,19.34,0.28,0.7986666666666666,2.61,0.1863333333333333,McDonald's,restaurant,20.29,74.13,0.517,0.758,0.819,0.654,0.569,real_sponsor_names_with_proxy_commercial_metrics,0.4320601407850143,1578,4,377.4,-0.11,22.66,0.528,69.9,30.5,12.88,0.1066666666666666,0.8923333333333333,3.733333333333333,0.1686666666666666,Hyundai,automotive,26.2,420.0,1.0,0.401,0.667,0.921,0.802,real_sponsor_names_with_proxy_commercial_metrics,0.8124367766011774,117,144.80000000000007,9,6.699999999999989,0.27,-0.0936666666666666,0.1733333333333333,0.7074856858162286,0.5379791829619125,3.399,0.48,0.3949031834743736,0.2485333333333333,0.68589,0.3691662741739813,0.2,0.4304218417126137,3.533,0.174
649,2006,Trinidad and Tobago,Sweden,group_or_knockout,True,0.0,60.1,22.7,44.9,clear,52.71,186.25,draw,Dortmund,Germany,2006-06-10,0.3493,4.95,0.236,0.223,45.07,1388,1,142.7,-0.67,8.65,0.277,61.5,12.4,5.13,0.2713333333333333,0.8013333333333333,2.563333333333333,0.1939999999999999,Mengniu,consumer_goods,22.28,69.91,0.473,0.575,0.531,0.623,0.622,real_sponsor_names_with_proxy_commercial_metrics,0.4024683406359722,1654,9,471.1,0.0,27.67,0.624,74.4,39.2,19.34,0.1766666666666666,0.6789999999999999,3.783333333333333,0.1453333333333333,Budweiser,beverage,26.29,200.0,1.0,0.625,0.705,0.91,0.618,real_sponsor_names_with_proxy_commercial_metrics,0.6867753190295852,-266,-328.40000000000003,-8,-12.900000000000006,-0.67,0.1223333333333334,0.0946666666666667,0.0132075471698113,0.3070004131910677,2.774,0.12,0.4298883057941827,0.2422666666666666,0.55721,0.1474056233497466,0.2,0.3480035786049688,2.699,0.121
650,2006,Angola,Portugal,group_or_knockout,True,0.0,52.9,23.5,42.6,clear,54.91,174.99,B_win,Cologne,Germany,2006-06-11,0.2833,-0.66,0.14,0.172,57.11,1388,1,142.7,-0.33,8.65,0.277,62.0,14.2,4.22,0.122,0.887,3.546666666666667,0.135,Vivo,technology,18.09,72.51,0.5,0.399,0.538,0.708,0.616,real_sponsor_names_with_proxy_commercial_metrics,0.3636225628532777,1702,6,527.3,0.14,27.94,0.666,76.8,47.1,14.4,0.2406666666666666,0.7363333333333334,3.2266666666666666,0.0836666666666666,Mengniu,consumer_goods,17.76,59.99,0.368,0.468,0.8,0.643,0.574,real_sponsor_names_with_proxy_commercial_metrics,0.3591620632748621,-314,-384.6,-5,-14.799999999999995,-0.47,0.1506666666666666,-0.1186666666666666,0.0179245283018867,0.3240959695601614,2.811,0.12,0.4322559010932431,0.1184,0.58536,0.1582766002997216,0.2,0.3553138667802804,2.844,0.157
651,2006,Mexico,Iran,group_or_knockout,True,0.0,82.0,18.9,78.3,clear,61.51,186.72,A_win,Nuremberg,Germany,2006-06-11,0.3144,3.95,0.166,0.229,56.25,1612,10,421.9,-0.18,26.83,0.584,72.1,37.6,18.89,0.2446666666666666,0.7546666666666667,1.1233333333333333,0.211,Hyundai,automotive,28.5,420.0,1.0,0.636,0.712,0.897,0.88,real_sponsor_names_with_proxy_commercial_metrics,0.853187632551073,1519,3,305.2,-0.44,19.13,0.455,68.7,30.6,12.34,0.1146666666666666,0.8703333333333333,3.7066666666666666,0.2463333333333333,Visa,finance,29.04,190.0,1.0,0.165,0.637,0.935,0.918,real_sponsor_names_with_proxy_commercial_metrics,0.7320693398896354,93,116.7,7,3.3999999999999915,0.26,-0.1156666666666665,0.13,0.5181915824104364,0.5445443373095789,4.218,0.12,0.4963527996341919,0.2449333333333332,0.83529,0.3541543566688075,0.2,0.574752606185778,3.89,0.136
652,2006,Serbia,Netherlands,group_or_knockout,True,0.0,55.7,26.2,80.0,clear,54.91,155.08,B_win,Leipzig,Germany,2006-06-11,0.2497,1.45,0.186,0.173,51.81,1559,2,352.7,-0.38,20.1,0.495,68.8,36.3,15.31,0.141,0.848,1.7433333333333334,0.1526666666666666,Vivo,technology,23.55,77.75,0.555,0.452,0.729,0.727,0.578,real_sponsor_names_with_proxy_commercial_metrics,0.4808105137096679,1746,9,581.1,0.35,31.14,0.724,75.8,49.9,15.97,0.1103333333333333,0.742,2.733333333333333,0.1786666666666666,Hisense,technology,32.27,200.0,1.0,0.505,0.811,0.856,0.664,real_sponsor_names_with_proxy_commercial_metrics,0.781083544499314,-187,-228.40000000000003,-7,-7.0,-0.73,0.1059999999999999,0.0306666666666666,0.358888880308777,0.4647978258445011,3.1,0.12,0.3953873873628714,0.1454,0.67453,0.3901127524441589,0.2,0.4263255919993549,3.155,0.134
653,2006,Australia,Japan,group_or_knockout,True,0.0,79.7,39.0,42.1,clear,61.51,198.32,A_win,Kaiserslautern,Germany,2006-06-12,0.4304,4.33,0.179,0.231,50.23,1539,3,329.7,-0.4,20.21,0.479,69.8,32.1,7.37,0.2113333333333333,0.8620000000000001,3.056666666666666,0.0496666666666666,Hyundai,automotive,29.32,420.0,1.0,0.218,0.705,0.903,0.913,real_sponsor_names_with_proxy_commercial_metrics,0.8662849811940794,1586,4,387.4,-0.2,22.68,0.535,72.8,37.0,11.9,0.25,0.7706666666666667,4.593333333333333,0.3566666666666667,Adidas,apparel,29.47,430.0,1.0,0.558,0.648,0.855,0.917,real_sponsor_names_with_proxy_commercial_metrics,0.8586337787056367,-47,-57.69999999999999,-1,-3.0,-0.2,0.0913333333333333,-0.0386666666666666,0.3425474064388163,0.3852250973293321,3.933,0.12,0.5227106688084497,0.1819999999999999,0.8387999999999999,0.5592952972240063,0.2,0.542825556500482,3.636,0.124
654,2006,Italy,Ghana,group_or_knockout,True,0.0,43.7,12.3,73.5,cloudy,57.11,174.03,A_win,Hanover,Germany,2006-06-12,0.1978,2.77,0.285,0.142,57.36,1755,14,594.5,0.34,33.03,0.744,77.8,61.6,11.04,0.3303333333333333,0.8929999999999999,1.3333333333333333,0.0393333333333333,Visa,finance,33.4,190.0,1.0,0.316,0.761,0.842,0.918,real_sponsor_names_with_proxy_commercial_metrics,0.7989842668207419,1600,2,402.0,-0.13,21.31,0.537,68.9,36.1,8.969999999999999,0.3763333333333333,0.8766666666666666,0.7333333333333333,0.2983333333333333,Mengniu,consumer_goods,23.07,63.81,0.408,0.27,0.715,0.668,0.644,real_sponsor_names_with_proxy_commercial_metrics,0.4350286739451539,155,192.5,12,8.899999999999991,0.47,0.0163333333333333,-0.0459999999999999,0.8187106162327391,0.3909364086742389,3.524,0.22,0.4128673801380716,0.241,0.84782,0.5450899165061014,0.2,0.5040266944933792,3.619,0.108
655,2006,United States,Czech Republic,group_or_knockout,True,0.0,65.6,24.9,56.6,clear,59.31,172.31,B_win,Gelsenkirchen,Germany,2006-06-12,0.2848,1.68,0.186,0.11,63.42,1578,6,379.0,-0.3,23.84,0.536,71.9,31.0,12.75,0.132,0.7943333333333333,0.7200000000000001,0.0636666666666666,Vivo,technology,22.58,68.24,0.455,0.416,0.676,0.652,0.654,real_sponsor_names_with_proxy_commercial_metrics,0.4316086395935045,1562,1,349.3,-0.33,14.65,0.46,68.1,35.4,7.390000000000001,0.1939999999999999,0.7926666666666667,2.3633333333333333,0.118,Coca-Cola,beverage,28.08,180.0,1.0,0.457,0.72,0.846,0.838,real_sponsor_names_with_proxy_commercial_metrics,0.7097588931087668,16,29.69999999999999,5,3.8000000000000114,0.03,0.0016666666666665,-0.0619999999999999,0.4407302164904229,0.4006942615596697,3.125,0.12,0.4545520627675745,0.1614666666666666,0.6269199999999999,0.2551866124313137,0.2,0.4007716792926635,3.151,0.14
656,2006,Brazil,Croatia,group_or_knockout,True,0.0,62.2,18.4,63.4,cloudy,54.91,131.13,A_win,Berlin,Germany,2006-06-13,0.264,1.99,0.132,0.053,55.18,1829,20,683.6,0.5,36.78,0.83,78.8,57.4,18.61,0.1376666666666667,0.7313333333333333,3.723333333333333,0.206,Adidas,apparel,33.15,430.0,1.0,0.369,0.809,0.916,0.861,real_sponsor_names_with_proxy_commercial_metrics,0.9383411482254695,1671,5,489.2,0.13,26.28,0.629,75.1,52.8,21.52,0.2903333333333333,0.7756666666666666,3.4933333333333336,0.102,Hisense,technology,28.53,200.0,1.0,0.267,0.792,0.927,0.587,real_sponsor_names_with_proxy_commercial_metrics,0.7311319787373097,158,194.40000000000003,15,3.700000000000003,0.37,-0.0443333333333333,-0.1526666666666666,0.9764150943396226,0.5343252053930768,4.154,0.22,0.3607629536373666,0.1900666666666667,0.87793,0.3427774209662456,0.2,0.5744717238116476,4.067,0.123
657,2006,France,Switzerland,group_or_knockout,True,0.0,46.7,26.5,65.4,hot,52.71,242.03,draw,Stuttgart,Germany,2006-06-13,0.2549,1.01,0.198,0.22,59.8,1748,13,584.8,0.26,32.28,0.733,77.8,46.5,18.67,0.2083333333333333,0.8296666666666667,3.483333333333333,0.3613333333333333,Qatar Airways,airline,24.02,81.37,0.593,0.647,0.801,0.711,0.647,real_sponsor_names_with_proxy_commercial_metrics,0.5102507613733611,1632,7,443.7,-0.12,26.09,0.595,72.7,48.1,17.05,0.1836666666666666,0.914,2.223333333333333,0.2486666666666666,Adidas,apparel,31.4,430.0,1.0,0.14,0.774,0.888,0.845,real_sponsor_names_with_proxy_commercial_metrics,0.90423375782881,116,141.09999999999997,6,5.099999999999994,0.38,-0.0843333333333333,0.0246666666666666,0.8018213325687816,0.6080672152827706,3.565,0.62,0.480605306596892,0.1931333333333333,0.7179599999999999,0.5348298008991651,0.2,0.4937664643281609,3.669,0.153
658,2006,South Korea,Togo,group_or_knockout,True,0.0,60.3,23.3,73.9,cloudy,59.31,126.3,A_win,Frankfurt am Main,Germany,2006-06-13,0.2485,4.56,0.237,0.232,46.61,1548,6,343.4,-0.37,22.9,0.505,70.3,20.2,12.829999999999998,0.151,0.8606666666666666,2.8866666666666667,0.2443333333333333,McDonald's,restaurant,25.44,80.72,0.587,0.49,0.67,0.723,0.661,real_sponsor_names_with_proxy_commercial_metrics,0.5096695074891809,1388,1,142.7,-1.0,8.65,0.277,62.3,11.8,6.61,0.2046666666666667,0.9693333333333332,3.8766666666666665,0.268,Vivo,technology,18.08,76.7,0.544,0.502,0.56,0.661,0.579,real_sponsor_names_with_proxy_commercial_metrics,0.3684866590732508,160,200.7,5,8.0,0.63,-0.1086666666666666,-0.0536666666666666,0.3785695739184261,0.473427015235599,3.336,0.22,0.3986585182515169,0.1463333333333333,0.6669599999999999,0.3283212017412402,0.2,0.4352063497136745,3.229,0.127
659,2006,Germany,Poland,group_or_knockout,False,0.18,73.8,27.6,59.3,rain,54.91,176.87,A_win,Dortmund,Germany,2006-06-14,0.3554,0.6,0.218,0.244,43.14,1798,20,646.1,0.4,35.62,0.797,81.3,65.9,22.15,0.2123333333333333,0.851,5.576666666666667,0.3273333333333333,Coca-Cola,beverage,29.19,180.0,1.0,0.286,0.859,0.907,0.902,real_sponsor_names_with_proxy_commercial_metrics,0.7594715235889338,1685,6,506.6,0.05,27.64,0.65,72.7,42.5,15.85,0.2053333333333333,0.815,3.9733333333333327,0.268,Coca-Cola,beverage,28.97,180.0,1.0,0.581,0.749,0.899,0.847,real_sponsor_names_with_proxy_commercial_metrics,0.7339961373676395,113,139.5,14,8.599999999999994,0.35,0.036,0.007,0.9510351228677828,0.692253888932733,4.341,0.48,0.4366724044248514,0.1869999999999999,0.90283,0.4810844929708128,0.2,0.5946149354474797,4.143,0.142
660,2006,Spain,Ukraine,group_or_knockout,True,0.0,53.8,30.1,80.6,clear,61.51,160.7,A_win,Leipzig,Germany,2006-06-14,0.1962,2.24,0.214,0.156,59.05,1708,12,537.2,0.18,30.58,0.689,77.4,45.2,19.26,0.2126666666666666,0.84,4.25,0.077,Budweiser,beverage,27.85,200.0,1.0,0.321,0.724,0.933,0.612,real_sponsor_names_with_proxy_commercial_metrics,0.7135544213260362,1608,1,406.1,0.0,17.8,0.52,69.7,40.1,8.260000000000002,0.1853333333333333,0.7766666666666667,3.1833333333333336,0.245,Qatar Airways,airline,21.7,62.39,0.394,0.507,0.637,0.665,0.635,real_sponsor_names_with_proxy_commercial_metrics,0.3996520101682413,100,131.10000000000002,11,7.700000000000003,0.18,0.0633333333333332,0.0273333333333333,0.7299678934836586,0.5955284667554122,3.947,0.12,0.4335103023728028,0.1915999999999999,0.80913,0.4941504317419539,0.2,0.5424852922843247,3.885,0.139
661,2006,Tunisia,Saudi Arabia,group_or_knockout,True,0.0,36.0,24.2,63.0,clear,61.51,287.69,draw,Munich,Germany,2006-06-14,0.1934,3.53,0.036,0.081,53.88,1519,3,305.2,-0.39,19.13,0.455,66.6,27.6,11.21,0.2033333333333333,0.8946666666666667,3.3266666666666667,0.1976666666666666,Hyundai,automotive,28.75,420.0,1.0,0.7,0.649,0.867,0.833,real_sponsor_names_with_proxy_commercial_metrics,0.8393101168934529,1543,3,334.4,-0.47,20.17,0.482,68.2,34.6,13.01,0.2876666666666667,0.8483333333333333,5.266666666666667,0.2613333333333333,Visa,finance,27.16,190.0,1.0,0.611,0.648,0.864,0.904,real_sponsor_names_with_proxy_commercial_metrics,0.6981078576349381,-24,-29.19999999999999,0,-1.6000000000000083,0.0799999999999999,0.0463333333333334,-0.0843333333333333,0.2806268442018452,0.5195019596355062,3.574,0.12,0.4956975807537581,0.1641333333333333,0.79428,0.2646328409334189,0.2,0.5633856929031221,3.781,0.132
662,2006,Ecuador,Costa Rica,group_or_knockout,True,0.0,57.8,29.8,68.0,clear,59.31,131.6,A_win,Hamburg,Germany,2006-06-15,0.3547,6.19,-0.043,0.081,60.92,1623,2,428.7,-0.08,21.59,0.558,71.6,42.9,13.81,0.1486666666666666,0.8836666666666666,1.9966666666666668,0.0626666666666666,McDonald's,restaurant,16.55,66.18,0.433,0.554,0.689,0.657,0.645,real_sponsor_names_with_proxy_commercial_metrics,0.3468108960326372,1585,3,384.6,-0.19,21.98,0.529,73.1,26.3,15.16,0.1976666666666666,0.8413333333333334,2.26,0.2056666666666666,Visa,finance,31.23,190.0,1.0,0.397,0.677,0.885,0.896,real_sponsor_names_with_proxy_commercial_metrics,0.7601475027288838,38,44.099999999999966,-1,-1.5,0.11,0.0423333333333332,-0.0489999999999999,0.4857367378812579,0.4475350248042914,3.449,0.12,0.4305811286000466,0.1357333333333333,0.62832,0.4319025190894169,0.2,0.3904814477130439,3.362,0.203
663,2006,England,Trinidad and Tobago,group_or_knockout,True,0.0,46.3,8.9,44.7,windy,57.11,132.83,A_win,Nuremberg,Germany,2006-06-15,0.2921,2.78,0.258,0.281,60.85,1695,13,522.2,0.16,30.51,0.678,76.6,52.6,19.34,0.28,0.7986666666666666,2.61,0.1863333333333333,McDonald's,restaurant,20.29,74.13,0.517,0.758,0.819,0.654,0.569,real_sponsor_names_with_proxy_commercial_metrics,0.4320601407850143,1388,1,142.7,-0.67,8.65,0.277,61.5,12.4,5.13,0.2713333333333333,0.8013333333333333,2.563333333333333,0.1939999999999999,Mengniu,consumer_goods,22.28,69.91,0.473,0.575,0.531,0.623,0.622,real_sponsor_names_with_proxy_commercial_metrics,0.4024683406359722,307,379.50000000000006,12,15.099999999999994,0.8300000000000001,-0.0026666666666667,0.0086666666666666,0.7074856858162286,0.5468417744003643,3.512,0.48,0.4509195213020125,0.2485333333333333,0.68589,0.6130847784200385,0.2,0.444106634880908,3.597,0.177
664,2006,Sweden,Paraguay,group_or_knockout,True,0.0,53.5,32.5,92.5,cloudy,54.91,119.6,A_win,Berlin,Germany,2006-06-15,0.3254,2.29,0.191,0.265,44.85,1654,9,471.1,0.0,27.67,0.624,74.4,39.2,19.34,0.1766666666666666,0.6789999999999999,3.783333333333333,0.1453333333333333,Budweiser,beverage,26.29,200.0,1.0,0.625,0.705,0.91,0.618,real_sponsor_names_with_proxy_commercial_metrics,0.6867753190295852,1578,4,377.4,-0.11,22.66,0.528,69.9,30.5,12.88,0.1066666666666666,0.8923333333333333,3.733333333333333,0.1686666666666666,Hyundai,automotive,26.2,420.0,1.0,0.401,0.667,0.921,0.802,real_sponsor_names_with_proxy_commercial_metrics,0.8124367766011774,76,93.70000000000005,5,4.5,0.11,-0.2133333333333333,0.0699999999999999,0.6002235585615322,0.5218249015305202,3.748,0.22,0.3953144896596062,0.2344,0.7963,0.6479979304931136,0.2,0.5034179469275674,3.703,0.141
665,2006,Argentina,Serbia,group_or_knockout,True,0.0,56.9,25.3,65.5,clear,65.91,206.2,A_win,Gelsenkirchen,Germany,2006-06-16,0.1515,3.37,0.154,0.191,73.18,1753,15,591.7,0.26,33.16,0.743,76.8,58.0,19.5,0.2623333333333333,0.8586666666666667,3.813333333333333,0.2106666666666666,Hyundai,automotive,30.74,420.0,1.0,0.338,0.813,0.936,0.851,real_sponsor_names_with_proxy_commercial_metrics,0.9027842922587972,1559,2,352.7,-0.38,20.1,0.495,68.8,36.3,15.31,0.141,0.848,1.7433333333333334,0.1526666666666666,Vivo,technology,23.55,77.75,0.555,0.452,0.729,0.727,0.578,real_sponsor_names_with_proxy_commercial_metrics,0.4808105137096679,194,239.00000000000009,13,8.0,0.64,0.0106666666666667,0.1213333333333333,0.8112048561394937,0.6546260922465474,4.277,0.12,0.5215269675509323,0.2139333333333333,0.8831100000000001,0.3040480268322272,0.2,0.6310683294813313,4.193,0.136
666,2006,Mexico,Angola,group_or_knockout,True,0.0,35.8,29.5,69.4,cloudy,52.71,102.55,draw,Hanover,Germany,2006-06-16,0.1335,-1.55,0.212,0.194,41.68,1612,10,421.9,-0.18,26.83,0.584,72.1,37.6,18.89,0.2446666666666666,0.7546666666666667,1.1233333333333333,0.211,Hyundai,automotive,28.5,420.0,1.0,0.636,0.712,0.897,0.88,real_sponsor_names_with_proxy_commercial_metrics,0.853187632551073,1388,1,142.7,-0.33,8.65,0.277,62.0,14.2,4.22,0.122,0.887,3.546666666666667,0.135,Vivo,technology,18.09,72.51,0.5,0.399,0.538,0.708,0.616,real_sponsor_names_with_proxy_commercial_metrics,0.3636225628532777,224,279.2,9,10.099999999999994,0.15,-0.1323333333333333,0.1226666666666666,0.5181915824104364,0.4756811418926161,3.503,0.22,0.2927630681152386,0.2449333333333332,0.83529,0.4701484335973739,0.2,0.5147529651652378,3.751,0.132
667,2006,Netherlands,Ivory Coast,group_or_knockout,True,0.0,37.0,15.7,32.3,hot,59.31,148.23,A_win,Stuttgart,Germany,2006-06-16,0.3005,0.28,0.31,0.3,60.96,1746,9,581.1,0.35,31.14,0.724,75.8,49.9,15.97,0.1103333333333333,0.742,2.733333333333333,0.1786666666666666,Hisense,technology,32.27,200.0,1.0,0.505,0.811,0.856,0.664,real_sponsor_names_with_proxy_commercial_metrics,0.781083544499314,1587,1,384.2,-0.22,19.05,0.511,73.8,39.2,8.73,0.1446666666666666,0.7746666666666666,3.723333333333333,0.359,Budweiser,beverage,26.15,200.0,1.0,0.237,0.659,0.897,0.579,real_sponsor_names_with_proxy_commercial_metrics,0.6730955277978524,159,196.90000000000003,8,2.0,0.57,-0.0326666666666666,-0.0343333333333333,0.7581498473599972,0.4941377978032625,3.587,0.62,0.4812194156620011,0.1694,0.8342200000000001,0.4386259187896953,0.2,0.5446893171971492,3.739,0.116
668,2006,Czech Republic,Ghana,group_or_knockout,True,0.0,64.3,18.0,44.8,rain,57.11,89.33,B_win,Cologne,Germany,2006-06-17,0.1622,2.01,0.269,0.196,52.45,1562,1,349.3,-0.33,14.65,0.46,68.1,35.4,7.390000000000001,0.1939999999999999,0.7926666666666667,2.3633333333333333,0.118,Coca-Cola,beverage,28.08,180.0,1.0,0.457,0.72,0.846,0.838,real_sponsor_names_with_proxy_commercial_metrics,0.7097588931087668,1600,2,402.0,-0.13,21.31,0.537,68.9,36.1,8.969999999999999,0.3763333333333333,0.8766666666666666,0.7333333333333333,0.2983333333333333,Mengniu,consumer_goods,23.07,63.81,0.408,0.27,0.715,0.668,0.644,real_sponsor_names_with_proxy_commercial_metrics,0.4350286739451539,-38,-52.69999999999999,-1,-0.8000000000000114,-0.2,-0.0839999999999998,-0.1823333333333333,0.3485117183364937,0.3120120335701045,3.194,0.48,0.3413601366514758,0.1993333333333332,0.8195999999999999,0.3768116748733319,0.2,0.4447615310760285,3.298,0.117
669,2006,Italy,United States,group_or_knockout,True,0.0,51.2,23.9,77.8,cloudy,57.11,174.57,draw,Kaiserslautern,Germany,2006-06-17,0.2463,1.3,0.233,0.182,58.27,1755,14,594.5,0.34,33.03,0.744,77.8,61.6,11.04,0.3303333333333333,0.8929999999999999,1.3333333333333333,0.0393333333333333,Visa,finance,33.4,190.0,1.0,0.316,0.761,0.842,0.918,real_sponsor_names_with_proxy_commercial_metrics,0.7989842668207419,1578,6,379.0,-0.3,23.84,0.536,71.9,31.0,12.75,0.132,0.7943333333333333,0.7200000000000001,0.0636666666666666,Vivo,technology,22.58,68.24,0.455,0.416,0.676,0.652,0.654,real_sponsor_names_with_proxy_commercial_metrics,0.4316086395935045,177,215.5,8,5.899999999999992,0.64,0.0986666666666665,0.1983333333333333,0.8187106162327391,0.3911244145929438,3.474,0.22,0.4386748458012961,0.241,0.84782,0.3607799900092771,0.2,0.5092408292832615,3.597,0.108
670,2006,Portugal,Iran,group_or_knockout,True,0.0,24.7,22.9,62.6,hot,57.11,141.87,A_win,Frankfurt am Main,Germany,2006-06-17,0.3829,-0.56,0.085,0.141,46.55,1702,6,527.3,0.14,27.94,0.666,76.8,47.1,14.4,0.2406666666666666,0.7363333333333334,3.2266666666666666,0.0836666666666666,Mengniu,consumer_goods,17.76,59.99,0.368,0.468,0.8,0.643,0.574,real_sponsor_names_with_proxy_commercial_metrics,0.3591620632748621,1519,3,305.2,-0.44,19.13,0.455,68.7,30.6,12.34,0.1146666666666666,0.8703333333333333,3.7066666666666666,0.2463333333333333,Visa,finance,29.04,190.0,1.0,0.165,0.637,0.935,0.918,real_sponsor_names_with_proxy_commercial_metrics,0.7320693398896354,183,222.1,3,8.099999999999994,0.5800000000000001,-0.1339999999999999,0.126,0.6820304126224132,0.4468391759783329,3.145,0.62,0.4134500127098751,0.2498666666666666,0.64909,0.4290894169699564,0.2,0.3858844670018752,3.377,0.19
671,2006,Brazil,Australia,group_or_knockout,True,0.0,68.2,24.7,27.4,rain,57.11,107.59,A_win,Munich,Germany,2006-06-18,0.2416,4.6,0.096,0.093,63.81,1829,20,683.6,0.5,36.78,0.83,78.8,57.4,18.61,0.1376666666666667,0.7313333333333333,3.723333333333333,0.206,Adidas,apparel,33.15,430.0,1.0,0.369,0.809,0.916,0.861,real_sponsor_names_with_proxy_commercial_metrics,0.9383411482254695,1539,3,329.7,-0.4,20.21,0.479,69.8,32.1,7.37,0.2113333333333333,0.8620000000000001,3.056666666666666,0.0496666666666666,Hyundai,automotive,29.32,420.0,1.0,0.218,0.705,0.903,0.913,real_sponsor_names_with_proxy_commercial_metrics,0.8662849811940794,290,353.90000000000003,17,9.0,0.9,-0.1306666666666668,-0.0736666666666666,0.9764150943396226,0.5360192007831344,4.197,0.48,0.3798415651272155,0.1900666666666667,0.87793,0.2678114607864126,0.2,0.5787617648188335,4.094,0.123
672,2006,France,South Korea,group_or_knockout,True,0.0,61.5,29.5,74.6,cloudy,57.11,221.17,draw,Leipzig,Germany,2006-06-18,0.1782,3.35,-0.035,0.065,63.82,1748,13,584.8,0.26,32.28,0.733,77.8,46.5,18.67,0.2083333333333333,0.8296666666666667,3.483333333333333,0.3613333333333333,Qatar Airways,airline,24.02,81.37,0.593,0.647,0.801,0.711,0.647,real_sponsor_names_with_proxy_commercial_metrics,0.5102507613733611,1548,6,343.4,-0.37,22.9,0.505,70.3,20.2,12.829999999999998,0.151,0.8606666666666666,2.8866666666666667,0.2443333333333333,McDonald's,restaurant,25.44,80.72,0.587,0.49,0.67,0.723,0.661,real_sponsor_names_with_proxy_commercial_metrics,0.5096695074891809,200,241.4,7,7.5,0.63,-0.0309999999999999,0.0573333333333333,0.8018213325687816,0.6205839378933322,3.719,0.22,0.4395235018134095,0.1931333333333333,0.7179599999999999,0.4926175693998429,0.2,0.4890547857024216,3.705,0.154
673,2006,Japan,Croatia,group_or_knockout,True,0.0,48.7,12.4,49.3,clear,52.71,104.44,draw,Nuremberg,Germany,2006-06-18,0.2414,3.09,0.207,0.137,50.97,1586,4,387.4,-0.2,22.68,0.535,72.8,37.0,11.9,0.25,0.7706666666666667,4.593333333333333,0.3566666666666667,Adidas,apparel,29.47,430.0,1.0,0.558,0.648,0.855,0.917,real_sponsor_names_with_proxy_commercial_metrics,0.8586337787056367,1671,5,489.2,0.13,26.28,0.629,75.1,52.8,21.52,0.2903333333333333,0.7756666666666666,3.4933333333333336,0.102,Hisense,technology,28.53,200.0,1.0,0.267,0.792,0.927,0.587,real_sponsor_names_with_proxy_commercial_metrics,0.7311319787373097,-85,-101.8,-1,-2.299999999999997,-0.33,-0.0049999999999998,-0.0403333333333333,0.4507401502367096,0.4536341446672994,3.537,0.12,0.3331090008624611,0.2417333333333333,0.8034600000000001,0.3979208592021693,0.2,0.513691867568689,3.638,0.123
674,2006,Saudi Arabia,Ukraine,group_or_knockout,True,0.0,40.9,28.8,80.6,clear,61.51,219.72,B_win,Hamburg,Germany,2006-06-19,0.408,1.34,0.245,0.268,59.26,1543,3,334.4,-0.47,20.17,0.482,68.2,34.6,13.01,0.2876666666666667,0.8483333333333333,5.266666666666667,0.2613333333333333,Visa,finance,27.16,190.0,1.0,0.611,0.648,0.864,0.904,real_sponsor_names_with_proxy_commercial_metrics,0.6981078576349381,1608,1,406.1,0.0,17.8,0.52,69.7,40.1,8.260000000000002,0.1853333333333333,0.7766666666666667,3.1833333333333336,0.245,Qatar Airways,airline,21.7,62.39,0.394,0.507,0.637,0.665,0.635,real_sponsor_names_with_proxy_commercial_metrics,0.3996520101682413,-65,-71.70000000000005,2,-1.5,-0.47,0.0716666666666665,0.1023333333333333,0.3337070048861339,0.5644802205953555,3.387,0.12,0.563606950832576,0.2332666666666667,0.80376,0.4603354028402198,0.2,0.5528521377655999,3.615,0.133
675,2006,Spain,Tunisia,group_or_knockout,True,0.0,68.9,23.0,56.6,windy,61.51,144.45,A_win,Stuttgart,Germany,2006-06-19,0.2575,2.97,0.251,0.234,62.03,1708,12,537.2,0.18,30.58,0.689,77.4,45.2,19.26,0.2126666666666666,0.84,4.25,0.077,Budweiser,beverage,27.85,200.0,1.0,0.321,0.724,0.933,0.612,real_sponsor_names_with_proxy_commercial_metrics,0.7135544213260362,1519,3,305.2,-0.39,19.13,0.455,66.6,27.6,11.21,0.2033333333333333,0.8946666666666667,3.3266666666666667,0.1976666666666666,Hyundai,automotive,28.75,420.0,1.0,0.7,0.649,0.867,0.833,real_sponsor_names_with_proxy_commercial_metrics,0.8393101168934529,189,232.00000000000009,9,10.800000000000011,0.5700000000000001,-0.0546666666666667,0.0093333333333333,0.7299678934836586,0.5898708812388309,4.068,0.48,0.4647879681781964,0.1915999999999999,0.80913,0.3497646471133947,0.2,0.5471567015007607,3.89,0.14
676,2006,Togo,Switzerland,group_or_knockout,True,0.0,62.5,21.8,61.3,cloudy,57.11,255.55,B_win,Dortmund,Germany,2006-06-19,0.0683,3.88,0.21,0.236,56.47,1388,1,142.7,-1.0,8.65,0.277,62.3,11.8,6.61,0.2046666666666667,0.9693333333333332,3.8766666666666665,0.268,Vivo,technology,18.08,76.7,0.544,0.502,0.56,0.661,0.579,real_sponsor_names_with_proxy_commercial_metrics,0.3684866590732508,1632,7,443.7,-0.12,26.09,0.595,72.7,48.1,17.05,0.1836666666666666,0.914,2.223333333333333,0.2486666666666666,Adidas,apparel,31.4,430.0,1.0,0.14,0.774,0.888,0.845,real_sponsor_names_with_proxy_commercial_metrics,0.90423375782881,-244,-301.0,-6,-10.400000000000006,-0.88,0.0553333333333332,0.021,0.020754716981132,0.4498066366023595,3.114,0.22,0.45796281992113,0.1350666666666667,0.5852200000000001,0.24526404053379,0.2,0.3958020204104669,3.085,0.171
677,2006,Costa Rica,Poland,group_or_knockout,True,0.0,89.0,14.2,76.9,clear,59.31,209.07,B_win,Hanover,Germany,2006-06-20,0.205,2.24,0.144,0.082,57.87,1585,3,384.6,-0.19,21.98,0.529,73.1,26.3,15.16,0.1976666666666666,0.8413333333333334,2.26,0.2056666666666666,Visa,finance,31.23,190.0,1.0,0.397,0.677,0.885,0.896,real_sponsor_names_with_proxy_commercial_metrics,0.7601475027288838,1685,6,506.6,0.05,27.64,0.65,72.7,42.5,15.85,0.2053333333333333,0.815,3.9733333333333327,0.268,Coca-Cola,beverage,28.97,180.0,1.0,0.581,0.749,0.899,0.847,real_sponsor_names_with_proxy_commercial_metrics,0.7339961373676395,-100,-122.0,-3,0.3999999999999915,-0.24,0.0263333333333334,-0.0076666666666666,0.445992633460652,0.5186508822843554,3.761,0.12,0.439142117609442,0.1820666666666666,0.8199899999999999,0.4703593092128738,0.2,0.53536067121644,3.509,0.112
678,2006,Germany,Ecuador,group_or_knockout,False,0.18,63.5,26.0,43.6,cloudy,59.31,127.81,A_win,Berlin,Germany,2006-06-20,0.2378,3.73,0.111,0.229,58.84,1798,20,646.1,0.4,35.62,0.797,81.3,65.9,22.15,0.2123333333333333,0.851,5.576666666666667,0.3273333333333333,Coca-Cola,beverage,29.19,180.0,1.0,0.286,0.859,0.907,0.902,real_sponsor_names_with_proxy_commercial_metrics,0.7594715235889338,1623,2,428.7,-0.08,21.59,0.558,71.6,42.9,13.81,0.1486666666666666,0.8836666666666666,1.9966666666666668,0.0626666666666666,McDonald's,restaurant,16.55,66.18,0.433,0.554,0.689,0.657,0.645,real_sponsor_names_with_proxy_commercial_metrics,0.3468108960326372,175,217.40000000000003,18,9.700000000000005,0.48,-0.0326666666666666,0.0636666666666666,0.9510351228677828,0.6949525246775969,4.225,0.22,0.4262473549646173,0.1869999999999999,0.90283,0.2676264896881467,0.2,0.5932855435639948,4.131,0.142
679,2006,Paraguay,Trinidad and Tobago,group_or_knockout,True,0.0,63.0,8.5,42.1,clear,57.11,126.24,A_win,Kaiserslautern,Germany,2006-06-20,0.3409,1.13,0.09,0.074,62.2,1578,4,377.4,-0.11,22.66,0.528,69.9,30.5,12.88,0.1066666666666666,0.8923333333333333,3.733333333333333,0.1686666666666666,Hyundai,automotive,26.2,420.0,1.0,0.401,0.667,0.921,0.802,real_sponsor_names_with_proxy_commercial_metrics,0.8124367766011774,1388,1,142.7,-0.67,8.65,0.277,61.5,12.4,5.13,0.2713333333333333,0.8013333333333333,2.563333333333333,0.1939999999999999,Mengniu,consumer_goods,22.28,69.91,0.473,0.575,0.531,0.623,0.622,real_sponsor_names_with_proxy_commercial_metrics,0.4024683406359722,190,234.7,3,8.400000000000006,0.56,0.0909999999999999,-0.1646666666666666,0.4105964679456181,0.4737599848895643,3.947,0.12,0.4125595375976044,0.1070666666666666,0.81069,0.4682548347962606,0.2,0.5332221296728815,3.86,0.147
680,2006,Sweden,England,group_or_knockout,True,0.0,55.8,26.9,54.9,hot,61.51,208.25,draw,Cologne,Germany,2006-06-20,0.2663,3.0,0.143,0.107,61.51,1654,9,471.1,0.0,27.67,0.624,74.4,39.2,19.34,0.1766666666666666,0.6789999999999999,3.783333333333333,0.1453333333333333,Budweiser,beverage,26.29,200.0,1.0,0.625,0.705,0.91,0.618,real_sponsor_names_with_proxy_commercial_metrics,0.6867753190295852,1695,13,522.2,0.16,30.51,0.678,76.6,52.6,19.34,0.28,0.7986666666666666,2.61,0.1863333333333333,McDonald's,restaurant,20.29,74.13,0.517,0.758,0.819,0.654,0.569,real_sponsor_names_with_proxy_commercial_metrics,0.4320601407850143,-41,-51.10000000000002,-4,-2.1999999999999886,-0.16,-0.1196666666666667,-0.1033333333333333,0.6002235585615322,0.5823581889453616,3.797,0.62,0.4822636353297346,0.2344,0.7963,0.4998640548062513,0.2,0.5377570965377487,3.827,0.146
681,2006,Iran,Angola,group_or_knockout,True,0.0,68.6,14.0,71.2,clear,57.11,151.64,draw,Leipzig,Germany,2006-06-21,0.2903,5.2,0.078,0.106,48.57,1519,3,305.2,-0.44,19.13,0.455,68.7,30.6,12.34,0.1146666666666666,0.8703333333333333,3.7066666666666666,0.2463333333333333,Visa,finance,29.04,190.0,1.0,0.165,0.637,0.935,0.918,real_sponsor_names_with_proxy_commercial_metrics,0.7320693398896354,1388,1,142.7,-0.33,8.65,0.277,62.0,14.2,4.22,0.122,0.887,3.546666666666667,0.135,Vivo,technology,18.09,72.51,0.5,0.399,0.538,0.708,0.616,real_sponsor_names_with_proxy_commercial_metrics,0.3636225628532777,131,162.5,2,6.700000000000003,-0.1099999999999999,-0.0166666666666667,-0.0073333333333333,0.3004381649565623,0.4820893220050855,3.575,0.12,0.391495057012588,0.1206666666666666,0.8189899999999999,0.4509319917219724,0.2,0.512399263137454,3.524,0.121
682,2006,Ivory Coast,Serbia,group_or_knockout,True,0.0,66.1,23.3,36.7,rain,63.71,173.63,A_win,Munich,Germany,2006-06-21,0.2719,5.39,0.297,0.29,70.65,1587,1,384.2,-0.22,19.05,0.511,73.8,39.2,8.73,0.1446666666666666,0.7746666666666666,3.723333333333333,0.359,Budweiser,beverage,26.15,200.0,1.0,0.237,0.659,0.897,0.579,real_sponsor_names_with_proxy_commercial_metrics,0.6730955277978524,1559,2,352.7,-0.38,20.1,0.495,68.8,36.3,15.31,0.141,0.848,1.7433333333333334,0.1526666666666666,Vivo,technology,23.55,77.75,0.555,0.452,0.729,0.727,0.578,real_sponsor_names_with_proxy_commercial_metrics,0.4808105137096679,28,31.5,-1,5.0,0.16,-0.0733333333333333,0.0036666666666666,0.4439260305258574,0.4584377465431112,3.786,0.48,0.5369322317020413,0.1769333333333333,0.76788,0.2715804610004995,0.2,0.5101791420439641,3.667,0.14
683,2006,Netherlands,Argentina,group_or_knockout,True,0.0,74.3,22.3,31.3,cloudy,52.71,215.08,draw,Frankfurt am Main,Germany,2006-06-21,0.1457,5.59,0.052,0.119,45.21,1746,9,581.1,0.35,31.14,0.724,75.8,49.9,15.97,0.1103333333333333,0.742,2.733333333333333,0.1786666666666666,Hisense,technology,32.27,200.0,1.0,0.505,0.811,0.856,0.664,real_sponsor_names_with_proxy_commercial_metrics,0.781083544499314,1753,15,591.7,0.26,33.16,0.743,76.8,58.0,19.5,0.2623333333333333,0.8586666666666667,3.813333333333333,0.2106666666666666,Hyundai,automotive,30.74,420.0,1.0,0.338,0.813,0.936,0.851,real_sponsor_names_with_proxy_commercial_metrics,0.9027842922587972,-7,-10.600000000000025,-6,-1.0,0.0899999999999999,-0.1166666666666667,-0.152,0.7581498473599972,0.4877432517932429,3.826,0.22,0.3698668254664412,0.1694,0.8342200000000001,0.1182355669735246,0.2,0.5206283262752317,3.697,0.115
684,2006,Portugal,Mexico,group_or_knockout,True,0.0,51.2,30.0,71.2,clear,59.31,137.43,A_win,Gelsenkirchen,Germany,2006-06-21,0.1467,3.4,0.14,0.137,49.79,1702,6,527.3,0.14,27.94,0.666,76.8,47.1,14.4,0.2406666666666666,0.7363333333333334,3.2266666666666666,0.0836666666666666,Mengniu,consumer_goods,17.76,59.99,0.368,0.468,0.8,0.643,0.574,real_sponsor_names_with_proxy_commercial_metrics,0.3591620632748621,1612,10,421.9,-0.18,26.83,0.584,72.1,37.6,18.89,0.2446666666666666,0.7546666666666667,1.1233333333333333,0.211,Hyundai,automotive,28.5,420.0,1.0,0.636,0.712,0.897,0.88,real_sponsor_names_with_proxy_commercial_metrics,0.853187632551073,90,105.39999999999998,-4,4.700000000000003,0.32,-0.0183333333333333,-0.004,0.6820304126224132,0.4551830103448027,3.402,0.12,0.3634323778541933,0.2498666666666666,0.64909,0.4509319917219724,0.2,0.3782172136533503,3.377,0.19
685,2006,Croatia,Australia,group_or_knockout,True,0.0,52.3,21.9,48.4,clear,61.51,180.33,draw,Stuttgart,Germany,2006-06-22,0.2243,2.87,0.001,0.058,70.06,1671,5,489.2,0.13,26.28,0.629,75.1,52.8,21.52,0.2903333333333333,0.7756666666666666,3.4933333333333336,0.102,Hisense,technology,28.53,200.0,1.0,0.267,0.792,0.927,0.587,real_sponsor_names_with_proxy_commercial_metrics,0.7311319787373097,1539,3,329.7,-0.4,20.21,0.479,69.8,32.1,7.37,0.2113333333333333,0.8620000000000001,3.056666666666666,0.0496666666666666,Hyundai,automotive,29.32,420.0,1.0,0.218,0.705,0.903,0.913,real_sponsor_names_with_proxy_commercial_metrics,0.8662849811940794,132,159.5,2,5.299999999999997,0.53,-0.0863333333333334,0.0789999999999999,0.6114873261612664,0.6168275654281007,3.749,0.12,0.4591451169619833,0.2639333333333333,0.8324399999999998,0.1469221437236851,0.2,0.5567180166092193,3.82,0.134
686,2006,Czech Republic,Italy,group_or_knockout,True,0.0,51.8,18.8,51.7,rain,57.11,213.21,B_win,Hamburg,Germany,2006-06-22,0.0992,1.86,0.18,0.099,48.93,1562,1,349.3,-0.33,14.65,0.46,68.1,35.4,7.390000000000001,0.1939999999999999,0.7926666666666667,2.3633333333333333,0.118,Coca-Cola,beverage,28.08,180.0,1.0,0.457,0.72,0.846,0.838,real_sponsor_names_with_proxy_commercial_metrics,0.7097588931087668,1755,14,594.5,0.34,33.03,0.744,77.8,61.6,11.04,0.3303333333333333,0.8929999999999999,1.3333333333333333,0.0393333333333333,Visa,finance,33.4,190.0,1.0,0.316,0.761,0.842,0.918,real_sponsor_names_with_proxy_commercial_metrics,0.7989842668207419,-193,-245.2,-13,-9.700000000000005,-0.67,-0.1003333333333331,-0.1363333333333334,0.3485117183364937,0.3551419839574314,3.223,0.48,0.3832882749068761,0.1993333333333332,0.8195999999999999,0.3858172411332334,0.2,0.4652235448355601,3.37,0.12
687,2006,Ghana,United States,group_or_knockout,True,0.0,68.3,20.0,28.3,clear,59.31,212.58,A_win,Nuremberg,Germany,2006-06-22,0.2527,-1.0,0.156,0.217,48.4,1600,2,402.0,-0.13,21.31,0.537,68.9,36.1,8.969999999999999,0.3763333333333333,0.8766666666666666,0.7333333333333333,0.2983333333333333,Mengniu,consumer_goods,23.07,63.81,0.408,0.27,0.715,0.668,0.644,real_sponsor_names_with_proxy_commercial_metrics,0.4350286739451539,1578,6,379.0,-0.3,23.84,0.536,71.9,31.0,12.75,0.132,0.7943333333333333,0.7200000000000001,0.0636666666666666,Vivo,technology,22.58,68.24,0.455,0.416,0.676,0.652,0.654,real_sponsor_names_with_proxy_commercial_metrics,0.4316086395935045,22,23.0,-4,-3.0,0.1699999999999999,0.0823333333333332,0.2443333333333333,0.4244551084744016,0.4104500021510842,3.31,0.12,0.4644230286437386,0.2751333333333333,0.6373399999999999,0.1094922571897523,0.2,0.4009370880778882,3.045,0.132
688,2006,Japan,Brazil,group_or_knockout,True,0.0,77.5,30.6,47.1,clear,63.71,174.1,B_win,Dortmund,Germany,2006-06-22,0.181,-0.02,0.128,0.182,62.58,1586,4,387.4,-0.2,22.68,0.535,72.8,37.0,11.9,0.25,0.7706666666666667,4.593333333333333,0.3566666666666667,Adidas,apparel,29.47,430.0,1.0,0.558,0.648,0.855,0.917,real_sponsor_names_with_proxy_commercial_metrics,0.8586337787056367,1829,20,683.6,0.5,36.78,0.83,78.8,57.4,18.61,0.1376666666666667,0.7313333333333333,3.723333333333333,0.206,Adidas,apparel,33.15,430.0,1.0,0.369,0.809,0.916,0.861,real_sponsor_names_with_proxy_commercial_metrics,0.9383411482254695,-243,-296.20000000000005,-16,-6.0,-0.7,0.0393333333333334,0.1123333333333333,0.4507401502367096,0.5273352122259952,3.882,0.12,0.4659297638111974,0.2417333333333333,0.8034600000000001,0.3624031256690216,0.2,0.5608923190748711,3.702,0.126
689,2006,Saudi Arabia,Spain,group_or_knockout,True,0.0,52.0,26.2,57.9,rain,54.91,144.72,B_win,Kaiserslautern,Germany,2006-06-23,0.1255,2.45,0.082,0.18,59.18,1543,3,334.4,-0.47,20.17,0.482,68.2,34.6,13.01,0.2876666666666667,0.8483333333333333,5.266666666666667,0.2613333333333333,Visa,finance,27.16,190.0,1.0,0.611,0.648,0.864,0.904,real_sponsor_names_with_proxy_commercial_metrics,0.6981078576349381,1708,12,537.2,0.18,30.58,0.689,77.4,45.2,19.26,0.2126666666666666,0.84,4.25,0.077,Budweiser,beverage,27.85,200.0,1.0,0.321,0.724,0.933,0.612,real_sponsor_names_with_proxy_commercial_metrics,0.7135544213260362,-165,-202.80000000000007,-9,-9.200000000000005,-0.6499999999999999,0.0083333333333333,0.075,0.3337070048861339,0.5086993050144422,3.363,0.48,0.3731933592512104,0.2332666666666667,0.80376,0.4386189252836651,0.2,0.499150763086671,3.426,0.126
690,2006,Switzerland,South Korea,group_or_knockout,True,0.0,52.5,20.7,72.9,clear,57.11,100.29,A_win,Hanover,Germany,2006-06-23,0.3215,2.57,0.156,0.191,45.79,1632,7,443.7,-0.12,26.09,0.595,72.7,48.1,17.05,0.1836666666666666,0.914,2.223333333333333,0.2486666666666666,Adidas,apparel,31.4,430.0,1.0,0.14,0.774,0.888,0.845,real_sponsor_names_with_proxy_commercial_metrics,0.90423375782881,1548,6,343.4,-0.37,22.9,0.505,70.3,20.2,12.829999999999998,0.151,0.8606666666666666,2.8866666666666667,0.2443333333333333,McDonald's,restaurant,25.44,80.72,0.587,0.49,0.67,0.723,0.661,real_sponsor_names_with_proxy_commercial_metrics,0.5096695074891809,84,100.3,1,2.4000000000000057,0.25,0.0533333333333334,0.0326666666666666,0.5385464489432931,0.5252137001674088,3.844,0.12,0.3759601113033912,0.1445999999999999,0.85383,0.2840002140869193,0.2,0.566128160186467,3.824,0.122
691,2006,Togo,France,group_or_knockout,True,0.0,62.1,21.6,45.7,clear,57.11,121.42,B_win,Cologne,Germany,2006-06-23,0.1409,5.77,0.113,0.016,54.62,1388,1,142.7,-1.0,8.65,0.277,62.3,11.8,6.61,0.2046666666666667,0.9693333333333332,3.8766666666666665,0.268,Vivo,technology,18.08,76.7,0.544,0.502,0.56,0.661,0.579,real_sponsor_names_with_proxy_commercial_metrics,0.3684866590732508,1748,13,584.8,0.26,32.28,0.733,77.8,46.5,18.67,0.2083333333333333,0.8296666666666667,3.483333333333333,0.3613333333333333,Qatar Airways,airline,24.02,81.37,0.593,0.647,0.801,0.711,0.647,real_sponsor_names_with_proxy_commercial_metrics,0.5102507613733611,-360,-442.1,-12,-15.5,-1.26,0.1396666666666666,-0.0036666666666666,0.020754716981132,0.4031080553507274,2.974,0.12,0.3207837201680876,0.1350666666666667,0.5852200000000001,0.1430589452651109,0.2,0.3552905977094014,2.967,0.164
692,2006,Ukraine,Tunisia,group_or_knockout,True,0.0,54.8,13.6,84.5,clear,54.91,171.54,A_win,Berlin,Germany,2006-06-23,0.3112,5.56,0.145,0.111,44.18,1608,1,406.1,0.0,17.8,0.52,69.7,40.1,8.260000000000002,0.1853333333333333,0.7766666666666667,3.1833333333333336,0.245,Qatar Airways,airline,21.7,62.39,0.394,0.507,0.637,0.665,0.635,real_sponsor_names_with_proxy_commercial_metrics,0.3996520101682413,1519,3,305.2,-0.39,19.13,0.455,66.6,27.6,11.21,0.2033333333333333,0.8946666666666667,3.3266666666666667,0.1976666666666666,Hyundai,automotive,28.75,420.0,1.0,0.7,0.649,0.867,0.833,real_sponsor_names_with_proxy_commercial_metrics,0.8393101168934529,89,100.90000000000003,-2,3.1000000000000085,0.39,-0.118,-0.0179999999999999,0.4367973755288697,0.3801425665327565,3.156,0.12,0.3907081766998023,0.2005333333333332,0.59996,0.5188057518018983,0.2,0.3684604364095102,3.135,0.144
693,2006,Argentina,Mexico,group_or_knockout,True,0.0,70.4,25.3,47.0,hot,59.31,163.07,A_win,Leipzig,Germany,2006-06-24,0.4405,1.36,0.313,0.276,55.42,1753,15,591.7,0.26,33.16,0.743,76.8,58.0,19.5,0.2623333333333333,0.8586666666666667,3.813333333333333,0.2106666666666666,Hyundai,automotive,30.74,420.0,1.0,0.338,0.813,0.936,0.851,real_sponsor_names_with_proxy_commercial_metrics,0.9027842922587972,1612,10,421.9,-0.18,26.83,0.584,72.1,37.6,18.89,0.2446666666666666,0.7546666666666667,1.1233333333333333,0.211,Hyundai,automotive,28.5,420.0,1.0,0.636,0.712,0.897,0.88,real_sponsor_names_with_proxy_commercial_metrics,0.853187632551073,141,169.80000000000007,5,4.700000000000003,0.44,0.1039999999999999,0.0176666666666666,0.8112048561394937,0.6099410074603073,4.307,0.62,0.5114853269147983,0.2139333333333333,0.8831100000000001,0.424109755227289,0.2,0.6165481776139572,4.113,0.134
694,2006,Germany,Sweden,group_or_knockout,False,0.18,28.7,12.4,47.1,clear,57.11,166.66,A_win,Munich,Germany,2006-06-24,0.1602,4.52,0.17,0.146,51.62,1798,20,646.1,0.4,35.62,0.797,81.3,65.9,22.15,0.2123333333333333,0.851,5.576666666666667,0.3273333333333333,Coca-Cola,beverage,29.19,180.0,1.0,0.286,0.859,0.907,0.902,real_sponsor_names_with_proxy_commercial_metrics,0.7594715235889338,1654,9,471.1,0.0,27.67,0.624,74.4,39.2,19.34,0.1766666666666666,0.6789999999999999,3.783333333333333,0.1453333333333333,Budweiser,beverage,26.29,200.0,1.0,0.625,0.705,0.91,0.618,real_sponsor_names_with_proxy_commercial_metrics,0.6867753190295852,144,175.0,11,6.899999999999992,0.4,0.172,0.0356666666666666,0.9510351228677828,0.6985888452419305,3.932,0.12,0.3838124444356035,0.1869999999999999,0.90283,0.3884146863626632,0.2,0.5858167312162055,4.174,0.143
695,2006,England,Ecuador,group_or_knockout,True,0.0,47.3,27.5,82.6,clear,54.91,209.91,A_win,Stuttgart,Germany,2006-06-25,0.182,1.8,0.199,0.153,45.54,1695,13,522.2,0.16,30.51,0.678,76.6,52.6,19.34,0.28,0.7986666666666666,2.61,0.1863333333333333,McDonald's,restaurant,20.29,74.13,0.517,0.758,0.819,0.654,0.569,real_sponsor_names_with_proxy_commercial_metrics,0.4320601407850143,1623,2,428.7,-0.08,21.59,0.558,71.6,42.9,13.81,0.1486666666666666,0.8836666666666666,1.9966666666666668,0.0626666666666666,McDonald's,restaurant,16.55,66.18,0.433,0.554,0.689,0.657,0.645,real_sponsor_names_with_proxy_commercial_metrics,0.3468108960326372,72,93.50000000000006,11,5.0,0.24,-0.0849999999999999,0.1313333333333333,0.7074856858162286,0.5637882176907837,3.585,0.12,0.3968680234678826,0.2485333333333333,0.68589,0.4351623492471276,0.2,0.4380413394353994,3.584,0.177
696,2006,Portugal,Netherlands,group_or_knockout,True,0.0,47.8,23.8,61.4,clear,54.91,112.53,A_win,Nuremberg,Germany,2006-06-25,0.1515,4.23,0.119,0.089,61.23,1702,6,527.3,0.14,27.94,0.666,76.8,47.1,14.4,0.2406666666666666,0.7363333333333334,3.2266666666666666,0.0836666666666666,Mengniu,consumer_goods,17.76,59.99,0.368,0.468,0.8,0.643,0.574,real_sponsor_names_with_proxy_commercial_metrics,0.3591620632748621,1746,9,581.1,0.35,31.14,0.724,75.8,49.9,15.97,0.1103333333333333,0.742,2.733333333333333,0.1786666666666666,Hisense,technology,32.27,200.0,1.0,0.505,0.811,0.856,0.664,real_sponsor_names_with_proxy_commercial_metrics,0.781083544499314,-44,-53.80000000000007,-3,1.0,-0.2099999999999999,-0.0056666666666665,0.1303333333333333,0.6820304126224132,0.4267345269195488,3.304,0.12,0.3395100133862926,0.2498666666666666,0.64909,0.2473146364090487,0.2,0.3654671654006991,3.279,0.185
697,2006,Italy,Australia,group_or_knockout,True,0.0,27.8,37.3,49.2,clear,54.91,146.87,A_win,Kaiserslautern,Germany,2006-06-26,0.3333,4.49,0.093,0.188,55.38,1755,14,594.5,0.34,33.03,0.744,77.8,61.6,11.04,0.3303333333333333,0.8929999999999999,1.3333333333333333,0.0393333333333333,Visa,finance,33.4,190.0,1.0,0.316,0.761,0.842,0.918,real_sponsor_names_with_proxy_commercial_metrics,0.7989842668207419,1539,3,329.7,-0.4,20.21,0.479,69.8,32.1,7.37,0.2113333333333333,0.8620000000000001,3.056666666666666,0.0496666666666666,Hyundai,automotive,29.32,420.0,1.0,0.218,0.705,0.903,0.913,real_sponsor_names_with_proxy_commercial_metrics,0.8662849811940794,216,264.8,11,8.0,0.74,0.0309999999999998,0.119,0.8187106162327391,0.3715907464724484,3.331,0.12,0.4249276888896047,0.241,0.84782,0.5457546563904945,0.2,0.5010219708271846,3.565,0.107
698,2006,Switzerland,Ukraine,group_or_knockout,True,0.0,45.5,16.4,55.5,clear,52.71,158.8,draw,Cologne,Germany,2006-06-26,0.2628,5.41,0.154,0.186,57.11,1632,7,443.7,-0.12,26.09,0.595,72.7,48.1,17.05,0.1836666666666666,0.914,2.223333333333333,0.2486666666666666,Adidas,apparel,31.4,430.0,1.0,0.14,0.774,0.888,0.845,real_sponsor_names_with_proxy_commercial_metrics,0.90423375782881,1608,1,406.1,0.0,17.8,0.52,69.7,40.1,8.260000000000002,0.1853333333333333,0.7766666666666667,3.1833333333333336,0.245,Qatar Airways,airline,21.7,62.39,0.394,0.507,0.637,0.665,0.635,real_sponsor_names_with_proxy_commercial_metrics,0.3996520101682413,24,37.599999999999966,6,3.0,-0.12,0.1373333333333333,-0.0016666666666666,0.5385464489432931,0.5258051679998796,3.698,0.12,0.4063148521146351,0.1445999999999999,0.85383,0.3206647398843931,0.2,0.5723647193418078,3.834,0.122
699,2006,Brazil,Ghana,group_or_knockout,True,0.0,46.1,22.4,79.6,clear,59.31,139.16,A_win,Dortmund,Germany,2006-06-27,0.1781,1.77,0.357,0.271,65.61,1829,20,683.6,0.5,36.78,0.83,78.8,57.4,18.61,0.1376666666666667,0.7313333333333333,3.723333333333333,0.206,Adidas,apparel,33.15,430.0,1.0,0.369,0.809,0.916,0.861,real_sponsor_names_with_proxy_commercial_metrics,0.9383411482254695,1600,2,402.0,-0.13,21.31,0.537,68.9,36.1,8.969999999999999,0.3763333333333333,0.8766666666666666,0.7333333333333333,0.2983333333333333,Mengniu,consumer_goods,23.07,63.81,0.408,0.27,0.715,0.668,0.644,real_sponsor_names_with_proxy_commercial_metrics,0.4350286739451539,229,281.6,18,9.899999999999991,0.63,-0.1453333333333333,-0.2386666666666666,0.9764150943396226,0.5569002446543478,4.051,0.12,0.4450157210541009,0.1900666666666667,0.87793,0.2895404267465923,0.2,0.5976432882881503,4.116,0.124
700,2006,Spain,France,group_or_knockout,True,0.0,55.4,33.8,81.5,clear,61.51,262.44,B_win,Hanover,Germany,2006-06-27,0.3626,4.93,0.133,0.138,68.58,1708,12,537.2,0.18,30.58,0.689,77.4,45.2,19.26,0.2126666666666666,0.84,4.25,0.077,Budweiser,beverage,27.85,200.0,1.0,0.321,0.724,0.933,0.612,real_sponsor_names_with_proxy_commercial_metrics,0.7135544213260362,1748,13,584.8,0.26,32.28,0.733,77.8,46.5,18.67,0.2083333333333333,0.8296666666666667,3.483333333333333,0.3613333333333333,Qatar Airways,airline,24.02,81.37,0.593,0.647,0.801,0.711,0.647,real_sponsor_names_with_proxy_commercial_metrics,0.5102507613733611,-40,-47.59999999999991,-1,-0.3999999999999915,-0.08,0.0103333333333333,0.0043333333333333,0.7299678934836586,0.6309501744758403,3.846,0.12,0.5740117992292595,0.1915999999999999,0.80913,0.5942820951973167,0.2,0.580503669817336,3.959,0.142
701,2006,Germany,Argentina,group_or_knockout,False,0.18,72.5,30.1,44.9,clear,57.11,210.48,draw,Berlin,Germany,2006-06-30,0.214,-1.13,0.185,0.183,59.93,1798,20,646.1,0.4,35.62,0.797,81.3,65.9,22.15,0.2123333333333333,0.851,5.576666666666667,0.3273333333333333,Coca-Cola,beverage,29.19,180.0,1.0,0.286,0.859,0.907,0.902,real_sponsor_names_with_proxy_commercial_metrics,0.7594715235889338,1753,15,591.7,0.26,33.16,0.743,76.8,58.0,19.5,0.2623333333333333,0.8586666666666667,3.813333333333333,0.2106666666666666,Hyundai,automotive,30.74,420.0,1.0,0.338,0.813,0.936,0.851,real_sponsor_names_with_proxy_commercial_metrics,0.9027842922587972,45,54.39999999999998,5,4.5,0.14,-0.0076666666666667,-0.05,0.9510351228677828,0.7138451773857203,4.259,0.12,0.460631280406703,0.1869999999999999,0.90283,0.3398911724826946,0.2,0.6054522714106865,4.152,0.142
702,2006,Italy,Ukraine,group_or_knockout,True,0.0,54.8,18.8,57.3,hot,59.31,183.83,A_win,Hamburg,Germany,2006-06-30,0.1506,5.52,0.09,0.065,52.82,1755,14,594.5,0.34,33.03,0.744,77.8,61.6,11.04,0.3303333333333333,0.8929999999999999,1.3333333333333333,0.0393333333333333,Visa,finance,33.4,190.0,1.0,0.316,0.761,0.842,0.918,real_sponsor_names_with_proxy_commercial_metrics,0.7989842668207419,1608,1,406.1,0.0,17.8,0.52,69.7,40.1,8.260000000000002,0.1853333333333333,0.7766666666666667,3.1833333333333336,0.245,Qatar Airways,airline,21.7,62.39,0.394,0.507,0.637,0.665,0.635,real_sponsor_names_with_proxy_commercial_metrics,0.3996520101682413,147,188.4,13,8.099999999999994,0.34,0.1163333333333331,0.145,0.8187106162327391,0.4042380287487772,3.654,0.62,0.3888073388194623,0.241,0.84782,0.4660147719974309,0.2,0.5029391398505282,3.633,0.109
703,2006,Brazil,France,group_or_knockout,True,0.0,44.6,24.3,59.4,clear,54.91,259.32,B_win,Frankfurt am Main,Germany,2006-07-01,0.2226,2.75,-0.064,0.058,59.22,1829,20,683.6,0.5,36.78,0.83,78.8,57.4,18.61,0.1376666666666667,0.7313333333333333,3.723333333333333,0.206,Adidas,apparel,33.15,430.0,1.0,0.369,0.809,0.916,0.861,real_sponsor_names_with_proxy_commercial_metrics,0.9383411482254695,1748,13,584.8,0.26,32.28,0.733,77.8,46.5,18.67,0.2083333333333333,0.8296666666666667,3.483333333333333,0.3613333333333333,Qatar Airways,airline,24.02,81.37,0.593,0.647,0.801,0.711,0.647,real_sponsor_names_with_proxy_commercial_metrics,0.5102507613733611,81,98.80000000000008,7,1.0,0.24,-0.0983333333333333,-0.0706666666666666,0.9764150943396226,0.5789557215389555,3.908,0.12,0.4553134606478793,0.1900666666666667,0.87793,0.2516784414472276,0.2,0.6058783697345961,4.124,0.124
704,2006,England,Portugal,group_or_knockout,True,0.0,57.3,23.0,42.2,clear,52.71,99.0,draw,Gelsenkirchen,Germany,2006-07-01,0.1998,2.79,0.093,0.018,50.98,1695,13,522.2,0.16,30.51,0.678,76.6,52.6,19.34,0.28,0.7986666666666666,2.61,0.1863333333333333,McDonald's,restaurant,20.29,74.13,0.517,0.758,0.819,0.654,0.569,real_sponsor_names_with_proxy_commercial_metrics,0.4320601407850143,1702,6,527.3,0.14,27.94,0.666,76.8,47.1,14.4,0.2406666666666666,0.7363333333333334,3.2266666666666666,0.0836666666666666,Mengniu,consumer_goods,17.76,59.99,0.368,0.468,0.8,0.643,0.574,real_sponsor_names_with_proxy_commercial_metrics,0.3591620632748621,-7,-5.099999999999909,7,-0.2000000000000028,0.0199999999999999,0.0623333333333332,0.0393333333333333,0.7074856858162286,0.515284230134306,3.413,0.12,0.2886474572320253,0.2485333333333333,0.68589,0.1435424248911725,0.2,0.4028161096724142,3.443,0.17
705,2006,Germany,Italy,group_or_knockout,False,0.18,71.6,24.7,57.1,hot,57.11,162.85,B_win,Dortmund,Germany,2006-07-04,0.1072,-1.48,0.347,0.166,50.13,1798,20,646.1,0.4,35.62,0.797,81.3,65.9,22.15,0.2123333333333333,0.851,5.576666666666667,0.3273333333333333,Coca-Cola,beverage,29.19,180.0,1.0,0.286,0.859,0.907,0.902,real_sponsor_names_with_proxy_commercial_metrics,0.7594715235889338,1755,14,594.5,0.34,33.03,0.744,77.8,61.6,11.04,0.3303333333333333,0.8929999999999999,1.3333333333333333,0.0393333333333333,Visa,finance,33.4,190.0,1.0,0.316,0.761,0.842,0.918,real_sponsor_names_with_proxy_commercial_metrics,0.7989842668207419,43,51.60000000000002,6,3.5,0.06,-0.0419999999999999,-0.118,0.9510351228677828,0.6972623590377353,4.114,0.62,0.3674980596405919,0.1869999999999999,0.90283,0.4521447941197459,0.2,0.5821824381200285,4.136,0.142
706,2006,Portugal,France,group_or_knockout,True,0.0,45.3,18.8,58.1,hot,54.91,173.86,B_win,Munich,Germany,2006-07-05,0.0901,1.98,0.204,0.157,50.46,1702,6,527.3,0.14,27.94,0.666,76.8,47.1,14.4,0.2406666666666666,0.7363333333333334,3.2266666666666666,0.0836666666666666,Mengniu,consumer_goods,17.76,59.99,0.368,0.468,0.8,0.643,0.574,real_sponsor_names_with_proxy_commercial_metrics,0.3591620632748621,1748,13,584.8,0.26,32.28,0.733,77.8,46.5,18.67,0.2083333333333333,0.8296666666666667,3.483333333333333,0.3613333333333333,Qatar Airways,airline,24.02,81.37,0.593,0.647,0.801,0.711,0.647,real_sponsor_names_with_proxy_commercial_metrics,0.5102507613733611,-46,-57.5,-7,-1.0,-0.12,-0.0933333333333332,0.0323333333333333,0.6820304126224132,0.4480871250568976,3.143,0.62,0.3578438286851842,0.2498666666666666,0.64909,0.4694715621208877,0.2,0.375112655938935,3.33,0.188
707,2006,Germany,Portugal,group_or_knockout,False,0.18,46.2,22.5,76.2,rain,61.51,136.06,A_win,Stuttgart,Germany,2006-07-08,0.1029,5.65,0.287,0.317,54.65,1798,20,646.1,0.4,35.62,0.797,81.3,65.9,22.15,0.2123333333333333,0.851,5.576666666666667,0.3273333333333333,Coca-Cola,beverage,29.19,180.0,1.0,0.286,0.859,0.907,0.902,real_sponsor_names_with_proxy_commercial_metrics,0.7594715235889338,1702,6,527.3,0.14,27.94,0.666,76.8,47.1,14.4,0.2406666666666666,0.7363333333333334,3.2266666666666666,0.0836666666666666,Mengniu,consumer_goods,17.76,59.99,0.368,0.468,0.8,0.643,0.574,real_sponsor_names_with_proxy_commercial_metrics,0.3591620632748621,96,118.80000000000008,14,4.5,0.26,0.1146666666666665,-0.0283333333333333,0.9510351228677828,0.7077144981336306,4.093,0.48,0.4177280611156094,0.1869999999999999,0.90283,0.4214502247912652,0.2,0.5951550373618826,4.153,0.142
708,2006,Italy,France,group_or_knockout,True,0.0,65.3,13.4,77.3,clear,57.11,177.54,draw,Berlin,Germany,2006-07-09,0.0776,1.9,0.128,0.055,54.13,1755,14,594.5,0.34,33.03,0.744,77.8,61.6,11.04,0.3303333333333333,0.8929999999999999,1.3333333333333333,0.0393333333333333,Visa,finance,33.4,190.0,1.0,0.316,0.761,0.842,0.918,real_sponsor_names_with_proxy_commercial_metrics,0.7989842668207419,1748,13,584.8,0.26,32.28,0.733,77.8,46.5,18.67,0.2083333333333333,0.8296666666666667,3.483333333333333,0.3613333333333333,Qatar Airways,airline,24.02,81.37,0.593,0.647,0.801,0.711,0.647,real_sponsor_names_with_proxy_commercial_metrics,0.5102507613733611,7,9.700000000000044,1,0.0,0.08,0.0633333333333332,0.122,0.8187106162327391,0.3921584471458204,3.607,0.12,0.3530407948292506,0.241,0.84782,0.4928969528295154,0.2,0.4924035482036578,3.552,0.106
709,2010,South Africa,Mexico,group_or_knockout,False,0.18,55.1,23.8,52.7,clear,58.57,122.78,draw,Johannesburg,South Africa,2010-06-11,0.1334,4.3,-0.032,0.013,62.16,1530,1,315.3,-0.11,17.05,0.45,68.0,32.2,12.38,0.1266666666666666,0.7996666666666666,3.4566666666666666,-0.08,Qatar Airways,airline,26.15,81.81,0.598,0.304,0.668,0.76,0.558,real_sponsor_names_with_proxy_commercial_metrics,0.5191520334743079,1612,10,421.9,-0.18,26.83,0.584,72.1,37.6,18.89,0.2446666666666666,0.7546666666666667,1.1233333333333333,0.211,Hyundai,automotive,28.5,420.0,1.0,0.636,0.712,0.897,0.88,real_sponsor_names_with_proxy_commercial_metrics,0.853187632551073,-82,-106.59999999999997,-9,-4.099999999999994,0.0699999999999999,0.0449999999999999,-0.118,0.2992007110612221,0.4014911504556203,3.019,0.12,0.3453365750094024,0.1561333333333333,0.6619,0.2097220438164561,0.2,0.4053793251632882,3.081,0.118
710,2010,Uruguay,France,group_or_knockout,True,0.0,66.4,25.7,54.6,clear,54.17,187.82,draw,Cape Town,South Africa,2010-06-11,0.2769,2.87,0.068,0.138,51.71,1684,10,508.3,0.07,29.28,0.661,74.8,44.8,20.58,0.1356666666666666,0.8753333333333333,1.923333333333333,0.1913333333333333,Vivo,technology,19.75,76.46,0.542,0.306,0.797,0.741,0.63,real_sponsor_names_with_proxy_commercial_metrics,0.4425490151146019,1748,13,584.8,0.26,32.28,0.733,77.8,46.5,18.67,0.2083333333333333,0.8296666666666667,3.483333333333333,0.3613333333333333,Qatar Airways,airline,24.02,81.37,0.593,0.647,0.801,0.711,0.647,real_sponsor_names_with_proxy_commercial_metrics,0.5102507613733611,-64,-76.49999999999994,-3,-3.0,-0.19,0.0456666666666666,-0.0726666666666666,0.6570661125383135,0.5778868985923858,3.7,0.12,0.4144568373274725,0.1312666666666666,0.71205,0.267353885677585,0.2,0.4587224626988671,3.569,0.181
711,2010,Argentina,Nigeria,group_or_knockout,True,0.0,57.8,21.6,68.6,clear,56.37,216.62,A_win,Johannesburg,South Africa,2010-06-12,0.2574,5.03,0.188,0.26,49.4,1753,15,591.7,0.26,33.16,0.743,76.8,58.0,19.5,0.2623333333333333,0.8586666666666667,3.813333333333333,0.2106666666666666,Hyundai,automotive,30.74,420.0,1.0,0.338,0.813,0.936,0.851,real_sponsor_names_with_proxy_commercial_metrics,0.9027842922587972,1585,3,384.6,-0.29,21.98,0.529,75.3,31.3,8.190000000000001,0.2983333333333333,0.916,1.92,-0.066,Coca-Cola,beverage,26.63,180.0,1.0,0.555,0.744,0.906,0.879,real_sponsor_names_with_proxy_commercial_metrics,0.704592483922963,168,207.1,12,1.5,0.55,-0.0573333333333332,-0.0359999999999999,0.8112048561394937,0.6153687446505474,4.221,0.12,0.4660174413552783,0.2139333333333333,0.8831100000000001,0.2420095625490615,0.2,0.6089743669153204,4.126,0.134
712,2010,England,United States,group_or_knockout,True,0.0,67.1,13.3,48.6,clear,58.57,180.63,draw,Rustenburg,South Africa,2010-06-12,0.3553,3.2,0.175,0.193,47.53,1695,13,522.2,0.16,30.51,0.678,76.6,52.6,19.34,0.28,0.7986666666666666,2.61,0.1863333333333333,McDonald's,restaurant,20.29,74.13,0.517,0.758,0.819,0.654,0.569,real_sponsor_names_with_proxy_commercial_metrics,0.4320601407850143,1578,6,379.0,-0.3,23.84,0.536,71.9,31.0,12.75,0.132,0.7943333333333333,0.7200000000000001,0.0636666666666666,Vivo,technology,22.58,68.24,0.455,0.416,0.676,0.652,0.654,real_sponsor_names_with_proxy_commercial_metrics,0.4316086395935045,117,143.20000000000005,7,4.699999999999989,0.4599999999999999,0.0043333333333333,0.148,0.7074856858162286,0.5700469183338145,3.649,0.12,0.4572975401334791,0.2485333333333333,0.68589,0.3714857632198672,0.2,0.4518796789485674,3.607,0.178
713,2010,South Korea,Greece,group_or_knockout,True,0.0,44.5,28.9,67.4,cloudy,58.57,99.63,A_win,Port Elizabeth,South Africa,2010-06-12,0.2418,0.84,0.155,0.196,63.73,1548,6,343.4,-0.37,22.9,0.505,70.3,20.2,12.829999999999998,0.151,0.8606666666666666,2.8866666666666667,0.2443333333333333,McDonald's,restaurant,25.44,80.72,0.587,0.49,0.67,0.723,0.661,real_sponsor_names_with_proxy_commercial_metrics,0.5096695074891809,1521,1,305.1,-0.4,17.11,0.443,66.0,32.8,9.21,0.1196666666666666,0.7983333333333333,2.74,0.2183333333333333,Budweiser,beverage,30.87,200.0,1.0,0.603,0.686,0.866,0.554,real_sponsor_names_with_proxy_commercial_metrics,0.7356856321819861,27,38.29999999999996,5,4.299999999999997,0.03,0.0623333333333332,0.0313333333333333,0.3785695739184261,0.4608150895340618,3.148,0.22,0.406612571092838,0.1463333333333333,0.6669599999999999,0.4458995218725469,0.2,0.4332658210855084,3.129,0.123
714,2010,Algeria,Slovenia,group_or_knockout,True,0.0,57.8,25.2,56.6,clear,56.37,122.88,B_win,Polokwane,South Africa,2010-06-13,0.2143,2.92,0.114,0.128,52.44,1543,2,333.4,-0.31,18.82,0.474,72.2,36.3,11.9,0.258,0.887,1.2466666666666666,0.0059999999999999,Hisense,technology,30.28,200.0,1.0,0.679,0.66,0.889,0.626,real_sponsor_names_with_proxy_commercial_metrics,0.7315493691339694,1491,1,267.3,-0.5,14.34,0.4,66.6,28.9,8.67,0.2016666666666666,0.8223333333333334,2.676666666666667,0.2296666666666666,Vivo,technology,14.76,59.17,0.36,0.203,0.658,0.571,0.553,real_sponsor_names_with_proxy_commercial_metrics,0.28302,52,66.09999999999997,1,5.6000000000000085,0.19,0.0646666666666666,0.0563333333333333,0.3657175034061077,0.3754615633821598,3.207,0.12,0.3601250952576459,0.1999999999999999,0.77335,0.2629900806394062,0.2,0.4649951053906865,3.314,0.109
715,2010,Germany,Australia,group_or_knockout,True,0.0,55.3,18.6,42.5,cloudy,62.97,210.77,A_win,Durban,South Africa,2010-06-13,0.1938,6.16,0.231,0.171,59.13,1798,20,646.1,0.4,35.62,0.797,81.3,65.9,22.15,0.2123333333333333,0.851,5.576666666666667,0.3273333333333333,Coca-Cola,beverage,29.19,180.0,1.0,0.286,0.859,0.907,0.902,real_sponsor_names_with_proxy_commercial_metrics,0.7594715235889338,1539,3,329.7,-0.4,20.21,0.479,69.8,32.1,7.37,0.2113333333333333,0.8620000000000001,3.056666666666666,0.0496666666666666,Hyundai,automotive,29.32,420.0,1.0,0.218,0.705,0.903,0.913,real_sponsor_names_with_proxy_commercial_metrics,0.8662849811940794,259,316.40000000000003,17,11.5,0.8,-0.0110000000000001,0.001,0.9510351228677828,0.7402886036825391,4.266,0.22,0.4814902489930889,0.1869999999999999,0.90283,0.2472664668522086,0.2,0.617028224491073,4.253,0.146
716,2010,Serbia,Ghana,group_or_knockout,True,0.0,42.2,21.3,42.7,clear,56.37,162.04,B_win,Pretoria,South Africa,2010-06-13,0.1807,3.85,0.116,0.144,59.47,1559,2,352.7,-0.38,20.1,0.495,68.8,36.3,15.31,0.141,0.848,1.7433333333333334,0.1526666666666666,Vivo,technology,23.55,77.75,0.555,0.452,0.729,0.727,0.578,real_sponsor_names_with_proxy_commercial_metrics,0.4808105137096679,1600,2,402.0,-0.13,21.31,0.537,68.9,36.1,8.969999999999999,0.3763333333333333,0.8766666666666666,0.7333333333333333,0.2983333333333333,Mengniu,consumer_goods,23.07,63.81,0.408,0.27,0.715,0.668,0.644,real_sponsor_names_with_proxy_commercial_metrics,0.4350286739451539,-41,-49.30000000000001,0,-0.1000000000000085,-0.25,-0.0286666666666666,-0.2353333333333333,0.358888880308777,0.4737841517781254,2.994,0.12,0.4010184970193697,0.1454,0.67453,0.1378994505102404,0.2,0.4299679851920693,3.207,0.136
717,2010,Italy,Paraguay,group_or_knockout,True,0.0,37.7,14.0,81.2,clear,58.57,78.72,draw,Cape Town,South Africa,2010-06-14,0.1983,2.56,0.181,0.142,63.6,1755,14,594.5,0.34,33.03,0.744,77.8,61.6,11.04,0.3303333333333333,0.8929999999999999,1.3333333333333333,0.0393333333333333,Visa,finance,33.4,190.0,1.0,0.316,0.761,0.842,0.918,real_sponsor_names_with_proxy_commercial_metrics,0.7989842668207419,1578,4,377.4,-0.11,22.66,0.528,69.9,30.5,12.88,0.1066666666666666,0.8923333333333333,3.733333333333333,0.1686666666666666,Hyundai,automotive,26.2,420.0,1.0,0.401,0.667,0.921,0.802,real_sponsor_names_with_proxy_commercial_metrics,0.8124367766011774,177,217.1,10,7.899999999999991,0.45,0.0006666666666665,0.2236666666666666,0.8187106162327391,0.3643165025598173,3.236,0.12,0.3656394926873288,0.241,0.84782,0.4941418682651823,0.2,0.4871275432911927,3.523,0.105
718,2010,Japan,Cameroon,group_or_knockout,True,0.0,66.9,16.8,55.5,rain,56.37,228.13,A_win,Bloemfontein,South Africa,2010-06-14,0.2348,7.54,0.172,0.204,54.34,1586,4,387.4,-0.2,22.68,0.535,72.8,37.0,11.9,0.25,0.7706666666666667,4.593333333333333,0.3566666666666667,Adidas,apparel,29.47,430.0,1.0,0.558,0.648,0.855,0.917,real_sponsor_names_with_proxy_commercial_metrics,0.8586337787056367,1542,4,334.5,-0.31,21.28,0.489,68.0,29.1,10.52,0.2513333333333333,0.8450000000000001,2.2433333333333336,0.186,Coca-Cola,beverage,31.97,180.0,1.0,0.241,0.693,0.92,0.885,real_sponsor_names_with_proxy_commercial_metrics,0.7711359494761991,44,52.89999999999998,0,4.799999999999997,0.1099999999999999,-0.0743333333333333,-0.0013333333333333,0.4507401502367096,0.5131507441701092,3.989,0.48,0.4668392423543163,0.2417333333333333,0.8034600000000001,0.4542601156069363,0.2,0.5571025637278467,3.827,0.13
719,2010,Netherlands,Denmark,group_or_knockout,True,0.0,53.4,19.8,84.2,hot,58.57,173.9,A_win,Johannesburg,South Africa,2010-06-14,0.3049,5.23,0.127,0.086,59.02,1746,9,581.1,0.35,31.14,0.724,75.8,49.9,15.97,0.1103333333333333,0.742,2.733333333333333,0.1786666666666666,Hisense,technology,32.27,200.0,1.0,0.505,0.811,0.856,0.664,real_sponsor_names_with_proxy_commercial_metrics,0.781083544499314,1642,4,453.4,0.04,24.3,0.592,71.5,43.1,19.09,0.1573333333333333,0.8273333333333334,2.966666666666667,0.3496666666666666,Coca-Cola,beverage,33.85,180.0,1.0,0.685,0.715,0.895,0.825,real_sponsor_names_with_proxy_commercial_metrics,0.7927174317308963,104,127.70000000000005,5,4.299999999999997,0.31,-0.0853333333333333,-0.047,0.7581498473599972,0.4997485198517469,3.761,0.62,0.4406772054394449,0.1694,0.8342200000000001,0.5562377792050239,0.2,0.5381518773262136,3.784,0.117
720,2010,Brazil,North Korea,group_or_knockout,True,0.0,44.7,30.4,49.8,clear,60.77,138.07,A_win,Johannesburg,South Africa,2010-06-15,0.0939,4.52,0.086,0.158,52.63,1829,20,683.6,0.5,36.78,0.83,78.8,57.4,18.61,0.1376666666666667,0.7313333333333333,3.723333333333333,0.206,Adidas,apparel,33.15,430.0,1.0,0.369,0.809,0.916,0.861,real_sponsor_names_with_proxy_commercial_metrics,0.9383411482254695,1482,1,257.6,-0.57,14.55,0.394,66.9,26.9,8.790000000000001,0.1546666666666666,0.706,4.253333333333333,0.251,Adidas,apparel,26.45,430.0,1.0,0.274,0.656,0.915,0.861,real_sponsor_names_with_proxy_commercial_metrics,0.8228125678496869,347,426.0,19,11.899999999999991,1.0699999999999998,0.0253333333333333,-0.0169999999999999,0.9764150943396226,0.5630838897628351,4.048,0.12,0.3691453367450193,0.1900666666666667,0.87793,0.3688674801969599,0.2,0.5842006320567104,4.146,0.125
721,2010,Ivory Coast,Portugal,group_or_knockout,True,0.0,56.7,19.2,62.7,cloudy,54.17,204.53,draw,Port Elizabeth,South Africa,2010-06-15,0.2723,3.47,0.122,0.154,60.49,1587,1,384.2,-0.22,19.05,0.511,73.8,39.2,8.73,0.1446666666666666,0.7746666666666666,3.723333333333333,0.359,Budweiser,beverage,26.15,200.0,1.0,0.237,0.659,0.897,0.579,real_sponsor_names_with_proxy_commercial_metrics,0.6730955277978524,1702,6,527.3,0.14,27.94,0.666,76.8,47.1,14.4,0.2406666666666666,0.7363333333333334,3.2266666666666666,0.0836666666666666,Mengniu,consumer_goods,17.76,59.99,0.368,0.468,0.8,0.643,0.574,real_sponsor_names_with_proxy_commercial_metrics,0.3591620632748621,-115,-143.09999999999997,-5,-3.0,-0.36,0.0383333333333332,-0.096,0.4439260305258574,0.4263106974935468,3.535,0.22,0.4510917710743976,0.1769333333333333,0.76788,0.3189434810533077,0.2,0.4840154761845572,3.562,0.136
722,2010,New Zealand,Slovakia,group_or_knockout,True,0.0,72.7,26.8,96.0,clear,58.57,138.45,draw,Rustenburg,South Africa,2010-06-15,0.1725,4.33,0.306,0.216,57.66,1404,1,163.9,-0.5,11.34,0.308,64.7,15.2,8.370000000000001,0.188,0.8696666666666667,0.58,0.3226666666666666,McDonald's,restaurant,20.14,63.89,0.409,0.46,0.556,0.654,0.629,real_sponsor_names_with_proxy_commercial_metrics,0.3671819039077099,1525,1,306.2,-0.25,14.23,0.427,72.8,26.2,7.47,0.086,0.8896666666666667,3.143333333333333,0.1973333333333333,Mengniu,consumer_goods,15.95,62.18,0.391,0.258,0.642,0.626,0.565,real_sponsor_names_with_proxy_commercial_metrics,0.3118016108484736,-121,-142.29999999999998,0,-8.099999999999994,-0.25,-0.02,0.102,0.0695212410354738,0.3711090230606479,3.023,0.12,0.4060248665194776,0.1649333333333333,0.5649900000000001,0.4748554913294798,0.2,0.3584417566987273,2.866,0.142
723,2010,Honduras,Chile,group_or_knockout,True,0.0,28.4,19.8,41.1,clear,56.37,132.84,B_win,Nelspruit,South Africa,2010-06-16,0.3536,4.4,0.245,0.142,58.57,1414,1,177.5,-0.67,13.05,0.328,62.9,9.5,7.33,0.4183333333333334,0.6726666666666666,3.2266666666666666,0.0066666666666666,Visa,finance,28.19,190.0,1.0,0.46,0.538,0.906,0.82,real_sponsor_names_with_proxy_commercial_metrics,0.6940648931255435,1622,5,430.7,-0.12,24.93,0.579,72.9,38.6,16.65,0.135,0.8083333333333332,3.453333333333333,0.1826666666666666,Hisense,technology,27.36,200.0,1.0,0.243,0.681,0.911,0.656,real_sponsor_names_with_proxy_commercial_metrics,0.7002451520149715,-208,-253.2,-4,-10.000000000000009,-0.55,-0.1356666666666666,0.2833333333333334,0.0690300105224019,0.2938478303183781,2.646,0.12,0.4246111376507303,0.3819333333333333,0.75546,0.1700032113037893,0.2,0.4326235943694224,2.972,0.105
724,2010,South Africa,Uruguay,group_or_knockout,False,0.18,38.5,24.5,27.6,rain,60.77,191.99,B_win,Pretoria,South Africa,2010-06-16,0.2667,-1.78,0.238,0.16,49.9,1530,1,315.3,-0.11,17.05,0.45,68.0,32.2,12.38,0.1266666666666666,0.7996666666666666,3.4566666666666666,-0.08,Qatar Airways,airline,26.15,81.81,0.598,0.304,0.668,0.76,0.558,real_sponsor_names_with_proxy_commercial_metrics,0.5191520334743079,1684,10,508.3,0.07,29.28,0.661,74.8,44.8,20.58,0.1356666666666666,0.8753333333333333,1.923333333333333,0.1913333333333333,Vivo,technology,19.75,76.46,0.542,0.306,0.797,0.741,0.63,real_sponsor_names_with_proxy_commercial_metrics,0.4425490151146019,-154,-193.0,-9,-6.799999999999997,-0.18,-0.0756666666666666,-0.0089999999999999,0.2992007110612221,0.4354769031787791,2.87,0.48,0.4506645179586597,0.1561333333333333,0.6619,0.2634733461785484,0.2,0.435960924515624,3.148,0.12
725,2010,Spain,Switzerland,group_or_knockout,True,0.0,46.0,22.2,78.6,clear,56.37,265.24,B_win,Durban,South Africa,2010-06-16,0.1138,3.63,0.093,0.177,56.89,1708,12,537.2,0.18,30.58,0.689,77.4,45.2,19.26,0.2126666666666666,0.84,4.25,0.077,Budweiser,beverage,27.85,200.0,1.0,0.321,0.724,0.933,0.612,real_sponsor_names_with_proxy_commercial_metrics,0.7135544213260362,1632,7,443.7,-0.12,26.09,0.595,72.7,48.1,17.05,0.1836666666666666,0.914,2.223333333333333,0.2486666666666666,Adidas,apparel,31.4,430.0,1.0,0.14,0.774,0.888,0.845,real_sponsor_names_with_proxy_commercial_metrics,0.90423375782881,76,93.50000000000006,5,4.700000000000003,0.3,-0.074,0.0289999999999999,0.7299678934836586,0.6088191760897577,3.721,0.12,0.4604957609789268,0.1915999999999999,0.80913,0.2800171269535431,0.2,0.5516037826191662,3.9,0.14
726,2010,Argentina,South Korea,group_or_knockout,True,0.0,77.0,28.2,44.8,cloudy,65.17,293.42,A_win,Johannesburg,South Africa,2010-06-17,0.2622,2.46,0.041,0.105,59.49,1753,15,591.7,0.26,33.16,0.743,76.8,58.0,19.5,0.2623333333333333,0.8586666666666667,3.813333333333333,0.2106666666666666,Hyundai,automotive,30.74,420.0,1.0,0.338,0.813,0.936,0.851,real_sponsor_names_with_proxy_commercial_metrics,0.9027842922587972,1548,6,343.4,-0.37,22.9,0.505,70.3,20.2,12.829999999999998,0.151,0.8606666666666666,2.8866666666666667,0.2443333333333333,McDonald's,restaurant,25.44,80.72,0.587,0.49,0.67,0.723,0.661,real_sponsor_names_with_proxy_commercial_metrics,0.5096695074891809,205,248.30000000000007,9,6.5,0.63,-0.0019999999999998,0.1113333333333333,0.8112048561394937,0.6816660074362976,4.53,0.22,0.5581152511994596,0.2139333333333333,0.8831100000000001,0.3300371083993434,0.2,0.6459571624641667,4.279,0.139
727,2010,France,Mexico,group_or_knockout,True,0.0,61.7,19.8,57.7,cloudy,58.57,185.11,B_win,Polokwane,South Africa,2010-06-17,0.1203,1.75,0.244,0.205,55.17,1748,13,584.8,0.26,32.28,0.733,77.8,46.5,18.67,0.2083333333333333,0.8296666666666667,3.483333333333333,0.3613333333333333,Qatar Airways,airline,24.02,81.37,0.593,0.647,0.801,0.711,0.647,real_sponsor_names_with_proxy_commercial_metrics,0.5102507613733611,1612,10,421.9,-0.18,26.83,0.584,72.1,37.6,18.89,0.2446666666666666,0.7546666666666667,1.1233333333333333,0.211,Hyundai,automotive,28.5,420.0,1.0,0.636,0.712,0.897,0.88,real_sponsor_names_with_proxy_commercial_metrics,0.853187632551073,136,162.89999999999998,3,5.700000000000003,0.44,0.0749999999999999,-0.0363333333333333,0.8018213325687816,0.614592458970137,3.608,0.22,0.4172672320489756,0.1931333333333333,0.7179599999999999,0.2817316063655177,0.2,0.4829259176510402,3.669,0.153
728,2010,Greece,Nigeria,group_or_knockout,True,0.0,68.0,13.6,48.6,clear,60.77,197.66,A_win,Bloemfontein,South Africa,2010-06-17,0.1449,2.39,0.229,0.148,62.32,1521,1,305.1,-0.4,17.11,0.443,66.0,32.8,9.21,0.1196666666666666,0.7983333333333333,2.74,0.2183333333333333,Budweiser,beverage,30.87,200.0,1.0,0.603,0.686,0.866,0.554,real_sponsor_names_with_proxy_commercial_metrics,0.7356856321819861,1585,3,384.6,-0.29,21.98,0.529,75.3,31.3,8.190000000000001,0.2983333333333333,0.916,1.92,-0.066,Coca-Cola,beverage,26.63,180.0,1.0,0.555,0.744,0.906,0.879,real_sponsor_names_with_proxy_commercial_metrics,0.704592483922963,-64,-79.5,-2,-9.299999999999995,-0.11,-0.1176666666666665,-0.1786666666666667,0.2664347481162223,0.4230677738602145,3.572,0.12,0.4488309110657699,0.1524666666666666,0.76772,0.3636822950117748,0.2,0.4991225106176907,3.408,0.11
729,2010,England,Algeria,group_or_knockout,True,0.0,43.2,14.7,62.3,clear,54.17,193.2,draw,Cape Town,South Africa,2010-06-18,0.2266,-0.47,0.167,0.167,57.78,1695,13,522.2,0.16,30.51,0.678,76.6,52.6,19.34,0.28,0.7986666666666666,2.61,0.1863333333333333,McDonald's,restaurant,20.29,74.13,0.517,0.758,0.819,0.654,0.569,real_sponsor_names_with_proxy_commercial_metrics,0.4320601407850143,1543,2,333.4,-0.31,18.82,0.474,72.2,36.3,11.9,0.258,0.887,1.2466666666666666,0.0059999999999999,Hisense,technology,30.28,200.0,1.0,0.679,0.66,0.889,0.626,real_sponsor_names_with_proxy_commercial_metrics,0.7315493691339694,152,188.80000000000007,11,4.399999999999992,0.47,-0.0883333333333333,0.022,0.7074856858162286,0.5546439567120247,3.405,0.12,0.4265249865914409,0.2485333333333333,0.68589,0.3942671091129665,0.2,0.4414123389860586,3.564,0.176
730,2010,Germany,Serbia,group_or_knockout,True,0.0,43.4,19.8,42.8,clear,56.37,113.29,B_win,Port Elizabeth,South Africa,2010-06-18,0.17,-0.99,0.127,0.083,51.06,1798,20,646.1,0.4,35.62,0.797,81.3,65.9,22.15,0.2123333333333333,0.851,5.576666666666667,0.3273333333333333,Coca-Cola,beverage,29.19,180.0,1.0,0.286,0.859,0.907,0.902,real_sponsor_names_with_proxy_commercial_metrics,0.7594715235889338,1559,2,352.7,-0.38,20.1,0.495,68.8,36.3,15.31,0.141,0.848,1.7433333333333334,0.1526666666666666,Vivo,technology,23.55,77.75,0.555,0.452,0.729,0.727,0.578,real_sponsor_names_with_proxy_commercial_metrics,0.4808105137096679,239,293.40000000000003,18,12.5,0.78,0.003,0.0713333333333333,0.9510351228677828,0.6766810713377647,3.788,0.12,0.3264106361500475,0.1869999999999999,0.90283,0.177348890316135,0.2,0.5682021928659278,4.056,0.139
731,2010,Slovenia,United States,group_or_knockout,True,0.0,63.8,15.5,55.1,windy,62.97,215.51,draw,Johannesburg,South Africa,2010-06-18,0.3337,5.42,0.039,0.126,68.91,1491,1,267.3,-0.5,14.34,0.4,66.6,28.9,8.67,0.2016666666666666,0.8223333333333334,2.676666666666667,0.2296666666666666,Vivo,technology,14.76,59.17,0.36,0.203,0.658,0.571,0.553,real_sponsor_names_with_proxy_commercial_metrics,0.28302,1578,6,379.0,-0.3,23.84,0.536,71.9,31.0,12.75,0.132,0.7943333333333333,0.7200000000000001,0.0636666666666666,Vivo,technology,22.58,68.24,0.455,0.416,0.676,0.652,0.654,real_sponsor_names_with_proxy_commercial_metrics,0.4316086395935045,-87,-111.7,-5,-5.300000000000011,-0.2,0.028,0.0696666666666666,0.224011998713193,0.4359928143292032,3.239,0.48,0.5369368813680014,0.1920666666666666,0.5668599999999999,0.4863467494469421,0.2,0.3812265642857772,3.216,0.218
732,2010,Cameroon,Denmark,group_or_knockout,True,0.0,58.8,25.5,65.2,cloudy,60.77,141.39,B_win,Pretoria,South Africa,2010-06-19,0.2251,3.77,0.226,0.211,52.19,1542,4,334.5,-0.31,21.28,0.489,68.0,29.1,10.52,0.2513333333333333,0.8450000000000001,2.2433333333333336,0.186,Coca-Cola,beverage,31.97,180.0,1.0,0.241,0.693,0.92,0.885,real_sponsor_names_with_proxy_commercial_metrics,0.7711359494761991,1642,4,453.4,0.04,24.3,0.592,71.5,43.1,19.09,0.1573333333333333,0.8273333333333334,2.966666666666667,0.3496666666666666,Coca-Cola,beverage,33.85,180.0,1.0,0.685,0.715,0.895,0.825,real_sponsor_names_with_proxy_commercial_metrics,0.7927174317308963,-100,-118.89999999999998,0,-3.5,-0.35,0.0176666666666667,0.094,0.3361091814289645,0.4203520664990631,3.236,0.22,0.419752950125783,0.2127999999999999,0.83381,0.3479540426746592,0.2,0.506687196519182,3.29,0.103
733,2010,Ghana,Australia,group_or_knockout,True,0.0,65.1,20.2,41.9,clear,58.57,182.98,draw,Rustenburg,South Africa,2010-06-19,0.1633,-2.27,0.251,0.214,57.55,1600,2,402.0,-0.13,21.31,0.537,68.9,36.1,8.969999999999999,0.3763333333333333,0.8766666666666666,0.7333333333333333,0.2983333333333333,Mengniu,consumer_goods,23.07,63.81,0.408,0.27,0.715,0.668,0.644,real_sponsor_names_with_proxy_commercial_metrics,0.4350286739451539,1539,3,329.7,-0.4,20.21,0.479,69.8,32.1,7.37,0.2113333333333333,0.8620000000000001,3.056666666666666,0.0496666666666666,Hyundai,automotive,29.32,420.0,1.0,0.218,0.705,0.903,0.913,real_sponsor_names_with_proxy_commercial_metrics,0.8662849811940794,61,72.30000000000001,-1,-0.8999999999999915,0.27,0.0146666666666664,0.165,0.4244551084744016,0.3968179702610188,3.127,0.12,0.435663348653759,0.2751333333333333,0.6373399999999999,0.1630553771497895,0.2,0.3913681831506739,3.026,0.131
734,2010,Netherlands,Japan,group_or_knockout,True,0.0,55.6,37.2,46.8,clear,56.37,151.15,A_win,Durban,South Africa,2010-06-19,0.2299,1.59,0.102,0.099,47.04,1746,9,581.1,0.35,31.14,0.724,75.8,49.9,15.97,0.1103333333333333,0.742,2.733333333333333,0.1786666666666666,Hisense,technology,32.27,200.0,1.0,0.505,0.811,0.856,0.664,real_sponsor_names_with_proxy_commercial_metrics,0.781083544499314,1586,4,387.4,-0.2,22.68,0.535,72.8,37.0,11.9,0.25,0.7706666666666667,4.593333333333333,0.3566666666666667,Adidas,apparel,29.47,430.0,1.0,0.558,0.648,0.855,0.917,real_sponsor_names_with_proxy_commercial_metrics,0.8586337787056367,160,193.70000000000005,5,3.0,0.55,-0.0286666666666667,-0.1396666666666666,0.7581498473599972,0.4819382393193794,3.739,0.12,0.3649914026483328,0.1694,0.8342200000000001,0.53278312995076,0.2,0.5180278382189283,3.728,0.116
735,2010,Brazil,Ivory Coast,group_or_knockout,True,0.0,61.6,12.6,52.4,cloudy,62.97,207.06,A_win,Johannesburg,South Africa,2010-06-20,0.1397,4.65,0.095,0.112,55.67,1829,20,683.6,0.5,36.78,0.83,78.8,57.4,18.61,0.1376666666666667,0.7313333333333333,3.723333333333333,0.206,Adidas,apparel,33.15,430.0,1.0,0.369,0.809,0.916,0.861,real_sponsor_names_with_proxy_commercial_metrics,0.9383411482254695,1587,1,384.2,-0.22,19.05,0.511,73.8,39.2,8.73,0.1446666666666666,0.7746666666666666,3.723333333333333,0.359,Budweiser,beverage,26.15,200.0,1.0,0.237,0.659,0.897,0.579,real_sponsor_names_with_proxy_commercial_metrics,0.6730955277978524,242,299.40000000000003,19,5.0,0.72,-0.0433333333333333,-0.0069999999999999,0.9764150943396226,0.5969930474820769,4.293,0.22,0.4408763098506508,0.1900666666666667,0.87793,0.4461136087918361,0.2,0.6080413908392244,4.219,0.127
736,2010,Italy,New Zealand,group_or_knockout,True,0.0,60.1,24.2,35.1,clear,58.57,173.0,draw,Nelspruit,South Africa,2010-06-20,0.2897,2.21,0.255,0.238,64.56,1755,14,594.5,0.34,33.03,0.744,77.8,61.6,11.04,0.3303333333333333,0.8929999999999999,1.3333333333333333,0.0393333333333333,Visa,finance,33.4,190.0,1.0,0.316,0.761,0.842,0.918,real_sponsor_names_with_proxy_commercial_metrics,0.7989842668207419,1404,1,163.9,-0.5,11.34,0.308,64.7,15.2,8.370000000000001,0.188,0.8696666666666667,0.58,0.3226666666666666,McDonald's,restaurant,20.14,63.89,0.409,0.46,0.556,0.654,0.629,real_sponsor_names_with_proxy_commercial_metrics,0.3671819039077099,351,430.6,13,13.099999999999994,0.8400000000000001,0.0233333333333332,0.1423333333333333,0.8187106162327391,0.397140943329249,3.566,0.12,0.486425215579803,0.241,0.84782,0.1440772853778634,0.2,0.5204755312851284,3.652,0.109
737,2010,Slovakia,Paraguay,group_or_knockout,True,0.0,68.1,16.2,51.2,cloudy,58.57,70.79,B_win,Bloemfontein,South Africa,2010-06-20,0.0629,5.41,0.105,0.114,45.93,1525,1,306.2,-0.25,14.23,0.427,72.8,26.2,7.47,0.086,0.8896666666666667,3.143333333333333,0.1973333333333333,Mengniu,consumer_goods,15.95,62.18,0.391,0.258,0.642,0.626,0.565,real_sponsor_names_with_proxy_commercial_metrics,0.3118016108484736,1578,4,377.4,-0.11,22.66,0.528,69.9,30.5,12.88,0.1066666666666666,0.8923333333333333,3.733333333333333,0.1686666666666666,Hyundai,automotive,26.2,420.0,1.0,0.401,0.667,0.921,0.802,real_sponsor_names_with_proxy_commercial_metrics,0.8124367766011774,-53,-71.19999999999999,-3,2.8999999999999915,-0.14,-0.0026666666666665,-0.0206666666666666,0.3351757360715924,0.3630722549386329,3.07,0.22,0.2718678581862089,0.0957333333333333,0.58127,0.3472868051095412,0.2,0.3224999896236927,3.107,0.195
738,2010,Chile,Switzerland,group_or_knockout,True,0.0,68.5,20.0,59.9,rain,56.37,169.36,A_win,Port Elizabeth,South Africa,2010-06-21,0.091,5.0,0.299,0.201,62.55,1622,5,430.7,-0.12,24.93,0.579,72.9,38.6,16.65,0.135,0.8083333333333332,3.453333333333333,0.1826666666666666,Hisense,technology,27.36,200.0,1.0,0.243,0.681,0.911,0.656,real_sponsor_names_with_proxy_commercial_metrics,0.7002451520149715,1632,7,443.7,-0.12,26.09,0.595,72.7,48.1,17.05,0.1836666666666666,0.914,2.223333333333333,0.2486666666666666,Adidas,apparel,31.4,430.0,1.0,0.14,0.774,0.888,0.845,real_sponsor_names_with_proxy_commercial_metrics,0.90423375782881,-10,-13.0,-2,0.2000000000000028,0.0,-0.1056666666666668,-0.0486666666666666,0.5136943396293857,0.5282886509165743,3.895,0.48,0.4030397236418335,0.1576666666666667,0.79217,0.3900354670662955,0.2,0.5140314034686007,3.7,0.135
739,2010,Portugal,North Korea,group_or_knockout,True,0.0,36.9,23.8,51.6,cloudy,69.57,237.97,A_win,Cape Town,South Africa,2010-06-21,0.2019,-0.05,0.147,0.242,62.49,1702,6,527.3,0.14,27.94,0.666,76.8,47.1,14.4,0.2406666666666666,0.7363333333333334,3.2266666666666666,0.0836666666666666,Mengniu,consumer_goods,17.76,59.99,0.368,0.468,0.8,0.643,0.574,real_sponsor_names_with_proxy_commercial_metrics,0.3591620632748621,1482,1,257.6,-0.57,14.55,0.394,66.9,26.9,8.790000000000001,0.1546666666666666,0.706,4.253333333333333,0.251,Adidas,apparel,26.45,430.0,1.0,0.274,0.656,0.915,0.861,real_sponsor_names_with_proxy_commercial_metrics,0.8228125678496869,220,269.69999999999993,5,9.899999999999991,0.71,0.0303333333333334,0.086,0.6820304126224132,0.5363087089083761,3.449,0.22,0.5644732651299167,0.2498666666666666,0.64909,0.244968957396703,0.2,0.4411405867062955,3.554,0.2
740,2010,Spain,Honduras,group_or_knockout,True,0.0,28.8,9.0,53.7,clear,58.57,189.63,A_win,Johannesburg,South Africa,2010-06-21,0.357,2.5,0.125,0.119,60.36,1708,12,537.2,0.18,30.58,0.689,77.4,45.2,19.26,0.2126666666666666,0.84,4.25,0.077,Budweiser,beverage,27.85,200.0,1.0,0.321,0.724,0.933,0.612,real_sponsor_names_with_proxy_commercial_metrics,0.7135544213260362,1414,1,177.5,-0.67,13.05,0.328,62.9,9.5,7.33,0.4183333333333334,0.6726666666666666,3.2266666666666666,0.0066666666666666,Visa,finance,28.19,190.0,1.0,0.46,0.538,0.906,0.82,real_sponsor_names_with_proxy_commercial_metrics,0.6940648931255435,294,359.70000000000005,11,14.500000000000009,0.8500000000000001,0.1673333333333333,-0.2056666666666667,0.7299678934836586,0.5923845266891459,3.723,0.12,0.478078673741787,0.1915999999999999,0.80913,0.5053725112395633,0.2,0.550518663339567,3.951,0.142
741,2010,Greece,Argentina,group_or_knockout,True,0.0,71.0,24.4,57.7,clear,58.57,162.63,B_win,Polokwane,South Africa,2010-06-22,0.2369,1.86,0.16,0.214,47.62,1521,1,305.1,-0.4,17.11,0.443,66.0,32.8,9.21,0.1196666666666666,0.7983333333333333,2.74,0.2183333333333333,Budweiser,beverage,30.87,200.0,1.0,0.603,0.686,0.866,0.554,real_sponsor_names_with_proxy_commercial_metrics,0.7356856321819861,1753,15,591.7,0.26,33.16,0.743,76.8,58.0,19.5,0.2623333333333333,0.8586666666666667,3.813333333333333,0.2106666666666666,Hyundai,automotive,30.74,420.0,1.0,0.338,0.813,0.936,0.851,real_sponsor_names_with_proxy_commercial_metrics,0.9027842922587972,-232,-286.6,-14,-10.799999999999995,-0.66,-0.0603333333333333,-0.1426666666666667,0.2664347481162223,0.4009820994728552,3.338,0.12,0.4165059924426101,0.1524666666666666,0.76772,0.246933918504246,0.2,0.4864735380645981,3.282,0.106
742,2010,Mexico,Uruguay,group_or_knockout,True,0.0,73.4,34.4,47.5,clear,56.37,255.12,B_win,Rustenburg,South Africa,2010-06-22,0.1462,-0.12,0.125,0.089,56.98,1612,10,421.9,-0.18,26.83,0.584,72.1,37.6,18.89,0.2446666666666666,0.7546666666666667,1.1233333333333333,0.211,Hyundai,automotive,28.5,420.0,1.0,0.636,0.712,0.897,0.88,real_sponsor_names_with_proxy_commercial_metrics,0.853187632551073,1684,10,508.3,0.07,29.28,0.661,74.8,44.8,20.58,0.1356666666666666,0.8753333333333333,1.923333333333333,0.1913333333333333,Vivo,technology,19.75,76.46,0.542,0.306,0.797,0.741,0.63,real_sponsor_names_with_proxy_commercial_metrics,0.4425490151146019,-72,-86.40000000000003,0,-2.700000000000003,-0.25,-0.1206666666666665,0.109,0.5181915824104364,0.5452525764550481,3.95,0.12,0.4408088610388176,0.2449333333333332,0.83529,0.4629754513665881,0.2,0.5638421254274345,3.853,0.135
743,2010,Nigeria,South Korea,group_or_knockout,True,0.0,44.7,20.3,69.1,cloudy,62.97,196.34,draw,Durban,South Africa,2010-06-22,0.1644,-0.25,0.246,0.227,69.73,1585,3,384.6,-0.29,21.98,0.529,75.3,31.3,8.190000000000001,0.2983333333333333,0.916,1.92,-0.066,Coca-Cola,beverage,26.63,180.0,1.0,0.555,0.744,0.906,0.879,real_sponsor_names_with_proxy_commercial_metrics,0.704592483922963,1548,6,343.4,-0.37,22.9,0.505,70.3,20.2,12.829999999999998,0.151,0.8606666666666666,2.8866666666666667,0.2443333333333333,McDonald's,restaurant,25.44,80.72,0.587,0.49,0.67,0.723,0.661,real_sponsor_names_with_proxy_commercial_metrics,0.5096695074891809,37,41.200000000000045,-3,5.0,0.08,0.0553333333333333,0.1473333333333333,0.4667473504417841,0.3743128791734756,3.387,0.22,0.5024312812269293,0.2125999999999999,0.85083,0.3179850852779561,0.2,0.4967562585554702,3.478,0.131
744,2010,South Africa,France,group_or_knockout,False,0.18,33.8,24.6,81.0,hot,60.77,196.3,A_win,Bloemfontein,South Africa,2010-06-22,0.1478,1.11,0.227,0.219,59.55,1530,1,315.3,-0.11,17.05,0.45,68.0,32.2,12.38,0.1266666666666666,0.7996666666666666,3.4566666666666666,-0.08,Qatar Airways,airline,26.15,81.81,0.598,0.304,0.668,0.76,0.558,real_sponsor_names_with_proxy_commercial_metrics,0.5191520334743079,1748,13,584.8,0.26,32.28,0.733,77.8,46.5,18.67,0.2083333333333333,0.8296666666666667,3.483333333333333,0.3613333333333333,Qatar Airways,airline,24.02,81.37,0.593,0.647,0.801,0.711,0.647,real_sponsor_names_with_proxy_commercial_metrics,0.5102507613733611,-218,-269.49999999999994,-12,-9.799999999999995,-0.37,-0.03,-0.0816666666666666,0.2992007110612221,0.4369774689373308,3.04,0.62,0.4590603404257921,0.1561333333333333,0.6619,0.5528152429886535,0.2,0.438060247421445,3.13,0.12
745,2010,Australia,Serbia,group_or_knockout,True,0.0,59.3,29.1,50.6,clear,60.77,232.65,A_win,Nelspruit,South Africa,2010-06-23,0.1787,1.45,0.243,0.174,55.32,1539,3,329.7,-0.4,20.21,0.479,69.8,32.1,7.37,0.2113333333333333,0.8620000000000001,3.056666666666666,0.0496666666666666,Hyundai,automotive,29.32,420.0,1.0,0.218,0.705,0.903,0.913,real_sponsor_names_with_proxy_commercial_metrics,0.8662849811940794,1559,2,352.7,-0.38,20.1,0.495,68.8,36.3,15.31,0.141,0.848,1.7433333333333334,0.1526666666666666,Vivo,technology,23.55,77.75,0.555,0.452,0.729,0.727,0.578,real_sponsor_names_with_proxy_commercial_metrics,0.4808105137096679,-20,-23.0,1,1.0,-0.02,0.0140000000000001,0.0703333333333333,0.3425474064388163,0.3938508772592685,3.77,0.12,0.4731386767834526,0.1819999999999999,0.8387999999999999,0.3385092414186826,0.2,0.5353263764758647,3.651,0.125
746,2010,Ghana,Germany,group_or_knockout,True,0.0,70.1,22.0,65.8,cloudy,56.37,178.3,B_win,Johannesburg,South Africa,2010-06-23,0.2152,3.39,0.171,0.114,60.07,1600,2,402.0,-0.13,21.31,0.537,68.9,36.1,8.969999999999999,0.3763333333333333,0.8766666666666666,0.7333333333333333,0.2983333333333333,Mengniu,consumer_goods,23.07,63.81,0.408,0.27,0.715,0.668,0.644,real_sponsor_names_with_proxy_commercial_metrics,0.4350286739451539,1798,20,646.1,0.4,35.62,0.797,81.3,65.9,22.15,0.2123333333333333,0.851,5.576666666666667,0.3273333333333333,Coca-Cola,beverage,29.19,180.0,1.0,0.286,0.859,0.907,0.902,real_sponsor_names_with_proxy_commercial_metrics,0.7594715235889338,-198,-244.1,-18,-12.399999999999991,-0.53,0.0256666666666666,0.164,0.4244551084744016,0.3852989248230893,3.061,0.22,0.4167916048872011,0.2751333333333333,0.6373399999999999,0.2595061728395061,0.2,0.3843685016747422,2.971,0.129
747,2010,Slovenia,England,group_or_knockout,True,0.0,81.4,19.5,54.2,rain,56.37,125.27,B_win,Port Elizabeth,South Africa,2010-06-23,0.5048,4.99,0.12,0.086,58.43,1491,1,267.3,-0.5,14.34,0.4,66.6,28.9,8.67,0.2016666666666666,0.8223333333333334,2.676666666666667,0.2296666666666666,Vivo,technology,14.76,59.17,0.36,0.203,0.658,0.571,0.553,real_sponsor_names_with_proxy_commercial_metrics,0.28302,1695,13,522.2,0.16,30.51,0.678,76.6,52.6,19.34,0.28,0.7986666666666666,2.61,0.1863333333333333,McDonald's,restaurant,20.29,74.13,0.517,0.758,0.819,0.654,0.569,real_sponsor_names_with_proxy_commercial_metrics,0.4320601407850143,-204,-254.90000000000003,-12,-10.0,-0.66,0.0236666666666667,-0.0783333333333333,0.224011998713193,0.3749059539315086,3.164,0.48,0.4469383314349966,0.1920666666666666,0.5668599999999999,0.3784116177834867,0.2,0.3461225333878218,3.076,0.208
748,2010,United States,Algeria,group_or_knockout,True,0.0,64.7,9.3,63.8,clear,56.37,81.39,A_win,Pretoria,South Africa,2010-06-23,0.3346,3.88,0.155,0.146,46.36,1578,6,379.0,-0.3,23.84,0.536,71.9,31.0,12.75,0.132,0.7943333333333333,0.7200000000000001,0.0636666666666666,Vivo,technology,22.58,68.24,0.455,0.416,0.676,0.652,0.654,real_sponsor_names_with_proxy_commercial_metrics,0.4316086395935045,1543,2,333.4,-0.31,18.82,0.474,72.2,36.3,11.9,0.258,0.887,1.2466666666666666,0.0059999999999999,Hisense,technology,30.28,200.0,1.0,0.679,0.66,0.889,0.626,real_sponsor_names_with_proxy_commercial_metrics,0.7315493691339694,35,45.60000000000002,4,-0.2999999999999971,0.01,-0.0926666666666666,-0.126,0.4407302164904229,0.3558234523141886,3.185,0.12,0.3521388644181952,0.1614666666666666,0.6269199999999999,0.5412110183401126,0.2,0.367725213034053,3.058,0.135
749,2010,Cameroon,Netherlands,group_or_knockout,True,0.0,53.2,26.8,83.1,clear,60.77,151.94,B_win,Cape Town,South Africa,2010-06-24,0.2623,4.38,0.122,0.175,61.96,1542,4,334.5,-0.31,21.28,0.489,68.0,29.1,10.52,0.2513333333333333,0.8450000000000001,2.2433333333333336,0.186,Coca-Cola,beverage,31.97,180.0,1.0,0.241,0.693,0.92,0.885,real_sponsor_names_with_proxy_commercial_metrics,0.7711359494761991,1746,9,581.1,0.35,31.14,0.724,75.8,49.9,15.97,0.1103333333333333,0.742,2.733333333333333,0.1786666666666666,Hisense,technology,32.27,200.0,1.0,0.505,0.811,0.856,0.664,real_sponsor_names_with_proxy_commercial_metrics,0.781083544499314,-204,-246.6,-5,-7.799999999999997,-0.6599999999999999,0.103,0.141,0.3361091814289645,0.4240251450959819,3.197,0.12,0.4532086942725722,0.2127999999999999,0.83381,0.419114750588739,0.2,0.5144068073556771,3.264,0.102
750,2010,Denmark,Japan,group_or_knockout,True,0.0,46.4,22.3,66.1,clear,62.97,222.68,B_win,Rustenburg,South Africa,2010-06-24,0.2415,2.24,0.274,0.169,64.18,1642,4,453.4,0.04,24.3,0.592,71.5,43.1,19.09,0.1573333333333333,0.8273333333333334,2.966666666666667,0.3496666666666666,Coca-Cola,beverage,33.85,180.0,1.0,0.685,0.715,0.895,0.825,real_sponsor_names_with_proxy_commercial_metrics,0.7927174317308963,1586,4,387.4,-0.2,22.68,0.535,72.8,37.0,11.9,0.25,0.7706666666666667,4.593333333333333,0.3566666666666667,Adidas,apparel,29.47,430.0,1.0,0.558,0.648,0.855,0.917,real_sponsor_names_with_proxy_commercial_metrics,0.8586337787056367,56,66.0,0,-1.2999999999999972,0.24,0.0566666666666666,-0.0926666666666666,0.526123570801118,0.642151675853638,3.508,0.12,0.5154866836974645,0.1634666666666666,0.8277999999999999,0.2286059373438949,0.2,0.5952359895939265,3.719,0.11
751,2010,Paraguay,New Zealand,group_or_knockout,True,0.0,58.1,16.9,29.6,rain,54.17,140.23,draw,Polokwane,South Africa,2010-06-24,0.2737,4.07,0.236,0.208,56.92,1578,4,377.4,-0.11,22.66,0.528,69.9,30.5,12.88,0.1066666666666666,0.8923333333333333,3.733333333333333,0.1686666666666666,Hyundai,automotive,26.2,420.0,1.0,0.401,0.667,0.921,0.802,real_sponsor_names_with_proxy_commercial_metrics,0.8124367766011774,1404,1,163.9,-0.5,11.34,0.308,64.7,15.2,8.370000000000001,0.188,0.8696666666666667,0.58,0.3226666666666666,McDonald's,restaurant,20.14,63.89,0.409,0.46,0.556,0.654,0.629,real_sponsor_names_with_proxy_commercial_metrics,0.3671819039077099,174,213.5,3,5.200000000000003,0.39,0.0226666666666666,-0.0813333333333333,0.4105964679456181,0.4654145477391306,3.775,0.48,0.4082332544422888,0.1070666666666666,0.81069,0.3397453792906587,0.2,0.530020150639697,3.849,0.147
752,2010,Slovakia,Italy,group_or_knockout,True,0.0,54.1,23.8,65.3,cloudy,65.17,233.07,A_win,Johannesburg,South Africa,2010-06-24,0.1573,2.49,0.149,0.087,58.25,1525,1,306.2,-0.25,14.23,0.427,72.8,26.2,7.47,0.086,0.8896666666666667,3.143333333333333,0.1973333333333333,Mengniu,consumer_goods,15.95,62.18,0.391,0.258,0.642,0.626,0.565,real_sponsor_names_with_proxy_commercial_metrics,0.3118016108484736,1755,14,594.5,0.34,33.03,0.744,77.8,61.6,11.04,0.3303333333333333,0.8929999999999999,1.3333333333333333,0.0393333333333333,Visa,finance,33.4,190.0,1.0,0.316,0.761,0.842,0.918,real_sponsor_names_with_proxy_commercial_metrics,0.7989842668207419,-230,-288.3,-13,-5.0,-0.5900000000000001,-0.0033333333333331,-0.2443333333333333,0.3351757360715924,0.4492404975279891,3.397,0.22,0.4769679856123697,0.0957333333333333,0.58127,0.3041664882609005,0.2,0.3876471230339446,3.27,0.205
753,2010,Chile,Spain,group_or_knockout,True,0.0,44.8,19.5,77.7,rain,60.77,181.04,B_win,Pretoria,South Africa,2010-06-25,0.2022,1.87,0.082,0.117,56.18,1622,5,430.7,-0.12,24.93,0.579,72.9,38.6,16.65,0.135,0.8083333333333332,3.453333333333333,0.1826666666666666,Hisense,technology,27.36,200.0,1.0,0.243,0.681,0.911,0.656,real_sponsor_names_with_proxy_commercial_metrics,0.7002451520149715,1708,12,537.2,0.18,30.58,0.689,77.4,45.2,19.26,0.2126666666666666,0.84,4.25,0.077,Budweiser,beverage,27.85,200.0,1.0,0.321,0.724,0.933,0.612,real_sponsor_names_with_proxy_commercial_metrics,0.7135544213260362,-86,-106.50000000000006,-7,-4.5,-0.3,-0.0316666666666667,-0.0776666666666666,0.5136943396293857,0.5521344709246465,3.513,0.48,0.4297273591273206,0.1576666666666667,0.79217,0.4799548276600299,0.2,0.5260457601679583,3.7,0.135
754,2010,North Korea,Ivory Coast,group_or_knockout,True,0.0,84.6,19.8,54.5,hot,60.77,249.08,B_win,Nelspruit,South Africa,2010-06-25,0.2681,6.78,0.279,0.171,68.4,1482,1,257.6,-0.57,14.55,0.394,66.9,26.9,8.790000000000001,0.1546666666666666,0.706,4.253333333333333,0.251,Adidas,apparel,26.45,430.0,1.0,0.274,0.656,0.915,0.861,real_sponsor_names_with_proxy_commercial_metrics,0.8228125678496869,1587,1,384.2,-0.22,19.05,0.511,73.8,39.2,8.73,0.1446666666666666,0.7746666666666666,3.723333333333333,0.359,Budweiser,beverage,26.15,200.0,1.0,0.237,0.659,0.897,0.579,real_sponsor_names_with_proxy_commercial_metrics,0.6730955277978524,-105,-126.59999999999997,0,-6.899999999999992,-0.35,-0.0686666666666666,0.01,0.2131752452966871,0.4487390568251109,3.842,0.62,0.5415952446560098,0.2103999999999999,0.8134199999999999,0.4279044458716906,0.2,0.548695801126158,3.746,0.142
755,2010,Portugal,Brazil,group_or_knockout,True,0.0,81.2,26.6,73.9,rain,54.17,142.52,draw,Durban,South Africa,2010-06-25,0.2029,-2.09,0.167,0.162,53.44,1702,6,527.3,0.14,27.94,0.666,76.8,47.1,14.4,0.2406666666666666,0.7363333333333334,3.2266666666666666,0.0836666666666666,Mengniu,consumer_goods,17.76,59.99,0.368,0.468,0.8,0.643,0.574,real_sponsor_names_with_proxy_commercial_metrics,0.3591620632748621,1829,20,683.6,0.5,36.78,0.83,78.8,57.4,18.61,0.1376666666666667,0.7313333333333333,3.723333333333333,0.206,Adidas,apparel,33.15,430.0,1.0,0.369,0.809,0.916,0.861,real_sponsor_names_with_proxy_commercial_metrics,0.9383411482254695,-127,-156.30000000000007,-14,-2.0,-0.36,0.0050000000000001,0.1029999999999999,0.6820304126224132,0.4338492963176721,3.524,0.48,0.3705433568383494,0.2498666666666666,0.64909,0.5181593520302576,0.2,0.373665969522585,3.25,0.183
756,2010,Switzerland,Honduras,group_or_knockout,True,0.0,72.8,15.0,47.0,windy,54.17,176.45,draw,Bloemfontein,South Africa,2010-06-25,0.1177,-1.13,0.146,0.125,52.17,1632,7,443.7,-0.12,26.09,0.595,72.7,48.1,17.05,0.1836666666666666,0.914,2.223333333333333,0.2486666666666666,Adidas,apparel,31.4,430.0,1.0,0.14,0.774,0.888,0.845,real_sponsor_names_with_proxy_commercial_metrics,0.90423375782881,1414,1,177.5,-0.67,13.05,0.328,62.9,9.5,7.33,0.4183333333333334,0.6726666666666666,3.2266666666666666,0.0066666666666666,Visa,finance,28.19,190.0,1.0,0.46,0.538,0.906,0.82,real_sponsor_names_with_proxy_commercial_metrics,0.6940648931255435,218,266.2,6,9.800000000000004,0.55,0.2413333333333334,-0.2346666666666667,0.5385464489432931,0.5385133148056426,3.98,0.48,0.3599118749721954,0.1445999999999999,0.85383,0.4643525297937629,0.2,0.5666424050189335,3.891,0.124
757,2010,Uruguay,South Korea,group_or_knockout,True,0.0,46.0,29.3,34.2,rain,60.77,200.09,A_win,Port Elizabeth,South Africa,2010-06-26,0.2247,3.6,0.28,0.165,68.99,1684,10,508.3,0.07,29.28,0.661,74.8,44.8,20.58,0.1356666666666666,0.8753333333333333,1.923333333333333,0.1913333333333333,Vivo,technology,19.75,76.46,0.542,0.306,0.797,0.741,0.63,real_sponsor_names_with_proxy_commercial_metrics,0.4425490151146019,1548,6,343.4,-0.37,22.9,0.505,70.3,20.2,12.829999999999998,0.151,0.8606666666666666,2.8866666666666667,0.2443333333333333,McDonald's,restaurant,25.44,80.72,0.587,0.49,0.67,0.723,0.661,real_sponsor_names_with_proxy_commercial_metrics,0.5096695074891809,136,164.90000000000003,4,4.5,0.44,0.0146666666666667,-0.0153333333333333,0.6570661125383135,0.6118277932837527,3.696,0.48,0.493322848371155,0.1312666666666666,0.71205,0.4168473560265467,0.2,0.4839991154211862,3.732,0.189
758,2010,United States,Ghana,group_or_knockout,True,0.0,69.1,14.6,60.3,hot,60.77,264.42,B_win,Rustenburg,South Africa,2010-06-26,0.2774,2.24,0.115,0.12,52.42,1578,6,379.0,-0.3,23.84,0.536,71.9,31.0,12.75,0.132,0.7943333333333333,0.7200000000000001,0.0636666666666666,Vivo,technology,22.58,68.24,0.455,0.416,0.676,0.652,0.654,real_sponsor_names_with_proxy_commercial_metrics,0.4316086395935045,1600,2,402.0,-0.13,21.31,0.537,68.9,36.1,8.969999999999999,0.3763333333333333,0.8766666666666666,0.7333333333333333,0.2983333333333333,Mengniu,consumer_goods,23.07,63.81,0.408,0.27,0.715,0.668,0.644,real_sponsor_names_with_proxy_commercial_metrics,0.4350286739451539,-22,-23.0,4,3.0,-0.1699999999999999,-0.0823333333333332,-0.2443333333333333,0.4407302164904229,0.439326335600179,3.252,0.62,0.5037046381571062,0.1614666666666666,0.6269199999999999,0.5882262898736887,0.2,0.4214191751019124,3.239,0.143
759,2010,Argentina,Mexico,group_or_knockout,True,0.0,66.3,19.0,29.9,hot,62.97,111.59,A_win,Johannesburg,South Africa,2010-06-27,0.1938,-0.22,0.131,0.107,58.14,1753,15,591.7,0.26,33.16,0.743,76.8,58.0,19.5,0.2623333333333333,0.8586666666666667,3.813333333333333,0.2106666666666666,Hyundai,automotive,30.74,420.0,1.0,0.338,0.813,0.936,0.851,real_sponsor_names_with_proxy_commercial_metrics,0.9027842922587972,1612,10,421.9,-0.18,26.83,0.584,72.1,37.6,18.89,0.2446666666666666,0.7546666666666667,1.1233333333333333,0.211,Hyundai,automotive,28.5,420.0,1.0,0.636,0.712,0.897,0.88,real_sponsor_names_with_proxy_commercial_metrics,0.853187632551073,141,169.80000000000007,5,4.700000000000003,0.44,0.1039999999999999,0.0176666666666666,0.8112048561394937,0.6084705758899166,4.236,0.62,0.3901089351430644,0.2139333333333333,0.8831100000000001,0.3424173981303076,0.2,0.5918611784199009,4.065,0.132
760,2010,Germany,England,group_or_knockout,True,0.0,63.8,34.5,54.2,rain,65.17,163.8,A_win,Bloemfontein,South Africa,2010-06-27,0.3023,0.59,0.138,0.104,68.66,1798,20,646.1,0.4,35.62,0.797,81.3,65.9,22.15,0.2123333333333333,0.851,5.576666666666667,0.3273333333333333,Coca-Cola,beverage,29.19,180.0,1.0,0.286,0.859,0.907,0.902,real_sponsor_names_with_proxy_commercial_metrics,0.7594715235889338,1695,13,522.2,0.16,30.51,0.678,76.6,52.6,19.34,0.28,0.7986666666666666,2.61,0.1863333333333333,McDonald's,restaurant,20.29,74.13,0.517,0.758,0.819,0.654,0.569,real_sponsor_names_with_proxy_commercial_metrics,0.4320601407850143,103,123.89999999999998,7,4.700000000000003,0.24,0.0523333333333333,-0.0676666666666666,0.9510351228677828,0.7338252311554586,4.315,0.48,0.4957020586357851,0.1869999999999999,0.90283,0.638527224719903,0.2,0.6180608421120296,4.167,0.143
761,2010,Brazil,Chile,group_or_knockout,True,0.0,74.2,29.8,78.6,rain,60.77,220.23,A_win,Johannesburg,South Africa,2010-06-28,0.1467,0.86,0.051,0.156,63.0,1829,20,683.6,0.5,36.78,0.83,78.8,57.4,18.61,0.1376666666666667,0.7313333333333333,3.723333333333333,0.206,Adidas,apparel,33.15,430.0,1.0,0.369,0.809,0.916,0.861,real_sponsor_names_with_proxy_commercial_metrics,0.9383411482254695,1622,5,430.7,-0.12,24.93,0.579,72.9,38.6,16.65,0.135,0.8083333333333332,3.453333333333333,0.1826666666666666,Hisense,technology,27.36,200.0,1.0,0.243,0.681,0.911,0.656,real_sponsor_names_with_proxy_commercial_metrics,0.7002451520149715,207,252.90000000000003,15,5.899999999999992,0.62,-0.0769999999999999,0.0026666666666666,0.9764150943396226,0.5916886421346691,4.405,0.48,0.4696502750673696,0.1900666666666667,0.87793,0.6217049882252195,0.2,0.612310950385294,4.168,0.126
762,2010,Netherlands,Slovakia,group_or_knockout,True,0.0,66.3,23.6,27.4,windy,60.77,267.72,A_win,Durban,South Africa,2010-06-28,0.2381,4.67,0.181,0.159,68.55,1746,9,581.1,0.35,31.14,0.724,75.8,49.9,15.97,0.1103333333333333,0.742,2.733333333333333,0.1786666666666666,Hisense,technology,32.27,200.0,1.0,0.505,0.811,0.856,0.664,real_sponsor_names_with_proxy_commercial_metrics,0.781083544499314,1525,1,306.2,-0.25,14.23,0.427,72.8,26.2,7.47,0.086,0.8896666666666667,3.143333333333333,0.1973333333333333,Mengniu,consumer_goods,15.95,62.18,0.391,0.258,0.642,0.626,0.565,real_sponsor_names_with_proxy_commercial_metrics,0.3118016108484736,221,274.90000000000003,8,3.0,0.6,-0.1476666666666667,0.0243333333333333,0.7581498473599972,0.5423024682403249,3.981,0.48,0.5445263442820489,0.1694,0.8342200000000001,0.2391987440234068,0.2,0.5708368106435362,3.901,0.121
763,2010,Paraguay,Japan,group_or_knockout,True,0.0,67.6,17.4,37.5,cloudy,54.17,165.56,draw,Pretoria,South Africa,2010-06-29,0.3674,5.35,0.095,0.051,55.01,1578,4,377.4,-0.11,22.66,0.528,69.9,30.5,12.88,0.1066666666666666,0.8923333333333333,3.733333333333333,0.1686666666666666,Hyundai,automotive,26.2,420.0,1.0,0.401,0.667,0.921,0.802,real_sponsor_names_with_proxy_commercial_metrics,0.8124367766011774,1586,4,387.4,-0.2,22.68,0.535,72.8,37.0,11.9,0.25,0.7706666666666667,4.593333333333333,0.3566666666666667,Adidas,apparel,29.47,430.0,1.0,0.558,0.648,0.855,0.917,real_sponsor_names_with_proxy_commercial_metrics,0.8586337787056367,-8,-10.0,0,-2.8999999999999915,0.09,0.1216666666666665,-0.1433333333333333,0.4105964679456181,0.4742334179628229,3.891,0.22,0.4100456714402048,0.1070666666666666,0.81069,0.2568754014129737,0.2,0.532851917701914,3.84,0.147
764,2010,Spain,Portugal,group_or_knockout,True,0.0,66.3,19.8,41.5,cloudy,56.37,148.41,A_win,Cape Town,South Africa,2010-06-29,0.1915,6.24,0.111,0.111,50.32,1708,12,537.2,0.18,30.58,0.689,77.4,45.2,19.26,0.2126666666666666,0.84,4.25,0.077,Budweiser,beverage,27.85,200.0,1.0,0.321,0.724,0.933,0.612,real_sponsor_names_with_proxy_commercial_metrics,0.7135544213260362,1702,6,527.3,0.14,27.94,0.666,76.8,47.1,14.4,0.2406666666666666,0.7363333333333334,3.2266666666666666,0.0836666666666666,Mengniu,consumer_goods,17.76,59.99,0.368,0.468,0.8,0.643,0.574,real_sponsor_names_with_proxy_commercial_metrics,0.3591620632748621,6,9.900000000000093,6,0.6000000000000085,0.0399999999999999,0.1036666666666665,-0.0279999999999999,0.7299678934836586,0.5681437474188551,4.008,0.22,0.3633336273887422,0.1915999999999999,0.80913,0.2117316063655177,0.2,0.5207822358732767,3.806,0.137
765,2010,Netherlands,Brazil,group_or_knockout,True,0.0,62.4,23.4,57.0,cloudy,60.77,214.67,A_win,Port Elizabeth,South Africa,2010-07-02,0.2954,-0.54,0.1,0.186,56.1,1746,9,581.1,0.35,31.14,0.724,75.8,49.9,15.97,0.1103333333333333,0.742,2.733333333333333,0.1786666666666666,Hisense,technology,32.27,200.0,1.0,0.505,0.811,0.856,0.664,real_sponsor_names_with_proxy_commercial_metrics,0.781083544499314,1829,20,683.6,0.5,36.78,0.83,78.8,57.4,18.61,0.1376666666666667,0.7313333333333333,3.723333333333333,0.206,Adidas,apparel,33.15,430.0,1.0,0.369,0.809,0.916,0.861,real_sponsor_names_with_proxy_commercial_metrics,0.9383411482254695,-83,-102.5,-11,-3.0,-0.15,0.0106666666666667,-0.0273333333333333,0.7581498473599972,0.5238326275231171,3.9,0.22,0.4970100562985755,0.1694,0.8342200000000001,0.2578976664525797,0.2,0.5561619976460234,3.72,0.115
766,2010,Uruguay,Ghana,group_or_knockout,True,0.0,34.8,23.2,52.1,hot,58.57,213.46,draw,Johannesburg,South Africa,2010-07-02,0.2851,-0.07,0.109,0.114,47.58,1684,10,508.3,0.07,29.28,0.661,74.8,44.8,20.58,0.1356666666666666,0.8753333333333333,1.923333333333333,0.1913333333333333,Vivo,technology,19.75,76.46,0.542,0.306,0.797,0.741,0.63,real_sponsor_names_with_proxy_commercial_metrics,0.4425490151146019,1600,2,402.0,-0.13,21.31,0.537,68.9,36.1,8.969999999999999,0.3763333333333333,0.8766666666666666,0.7333333333333333,0.2983333333333333,Mengniu,consumer_goods,23.07,63.81,0.408,0.27,0.715,0.668,0.644,real_sponsor_names_with_proxy_commercial_metrics,0.4350286739451539,84,106.3,8,5.899999999999992,0.2,-0.0013333333333332,-0.2406666666666667,0.6570661125383135,0.6065930197580872,3.468,0.62,0.4430510485456119,0.1312666666666666,0.71205,0.3915225148076786,0.2,0.4724790188688912,3.678,0.186
767,2010,Argentina,Germany,group_or_knockout,True,0.0,59.1,22.5,80.4,cloudy,62.97,162.71,B_win,Cape Town,South Africa,2010-07-03,0.1267,-0.21,0.089,0.19,70.06,1753,15,591.7,0.26,33.16,0.743,76.8,58.0,19.5,0.2623333333333333,0.8586666666666667,3.813333333333333,0.2106666666666666,Hyundai,automotive,30.74,420.0,1.0,0.338,0.813,0.936,0.851,real_sponsor_names_with_proxy_commercial_metrics,0.9027842922587972,1798,20,646.1,0.4,35.62,0.797,81.3,65.9,22.15,0.2123333333333333,0.851,5.576666666666667,0.3273333333333333,Coca-Cola,beverage,29.19,180.0,1.0,0.286,0.859,0.907,0.902,real_sponsor_names_with_proxy_commercial_metrics,0.7594715235889338,-45,-54.39999999999998,-5,-4.5,-0.14,0.0076666666666667,0.05,0.8112048561394937,0.6262684695273089,4.021,0.22,0.4589226980372425,0.2139333333333333,0.8831100000000001,0.3355983729394134,0.2,0.6106073412172064,4.024,0.131
768,2010,Paraguay,Spain,group_or_knockout,True,0.0,50.8,22.8,73.3,rain,56.37,176.69,B_win,Johannesburg,South Africa,2010-07-03,0.1564,5.51,0.176,0.127,46.58,1578,4,377.4,-0.11,22.66,0.528,69.9,30.5,12.88,0.1066666666666666,0.8923333333333333,3.733333333333333,0.1686666666666666,Hyundai,automotive,26.2,420.0,1.0,0.401,0.667,0.921,0.802,real_sponsor_names_with_proxy_commercial_metrics,0.8124367766011774,1708,12,537.2,0.18,30.58,0.689,77.4,45.2,19.26,0.2126666666666666,0.84,4.25,0.077,Budweiser,beverage,27.85,200.0,1.0,0.321,0.724,0.933,0.612,real_sponsor_names_with_proxy_commercial_metrics,0.7135544213260362,-130,-159.80000000000007,-8,-7.5,-0.29,0.0523333333333333,-0.106,0.4105964679456181,0.487998089651949,3.674,0.48,0.3691975321075444,0.1070666666666666,0.81069,0.4167228288018269,0.2,0.5285363979083373,3.822,0.146
769,2010,Uruguay,Netherlands,group_or_knockout,True,0.0,41.4,21.7,65.9,rain,65.17,259.19,B_win,Cape Town,South Africa,2010-07-06,0.2354,3.68,0.144,0.181,63.64,1684,10,508.3,0.07,29.28,0.661,74.8,44.8,20.58,0.1356666666666666,0.8753333333333333,1.923333333333333,0.1913333333333333,Vivo,technology,19.75,76.46,0.542,0.306,0.797,0.741,0.63,real_sponsor_names_with_proxy_commercial_metrics,0.4425490151146019,1746,9,581.1,0.35,31.14,0.724,75.8,49.9,15.97,0.1103333333333333,0.742,2.733333333333333,0.1786666666666666,Hisense,technology,32.27,200.0,1.0,0.505,0.811,0.856,0.664,real_sponsor_names_with_proxy_commercial_metrics,0.781083544499314,-62,-72.80000000000001,1,-1.0,-0.2799999999999999,0.1333333333333333,0.0253333333333333,0.6570661125383135,0.6521833182269803,3.529,0.48,0.5540819523707572,0.1312666666666666,0.71205,0.3717417398130307,0.2,0.5074504832052104,3.739,0.189
770,2010,Germany,Spain,group_or_knockout,True,0.0,79.9,14.3,60.3,windy,56.37,273.49,B_win,Durban,South Africa,2010-07-07,0.2522,2.97,0.16,0.214,52.11,1798,20,646.1,0.4,35.62,0.797,81.3,65.9,22.15,0.2123333333333333,0.851,5.576666666666667,0.3273333333333333,Coca-Cola,beverage,29.19,180.0,1.0,0.286,0.859,0.907,0.902,real_sponsor_names_with_proxy_commercial_metrics,0.7594715235889338,1708,12,537.2,0.18,30.58,0.689,77.4,45.2,19.26,0.2126666666666666,0.84,4.25,0.077,Budweiser,beverage,27.85,200.0,1.0,0.321,0.724,0.933,0.612,real_sponsor_names_with_proxy_commercial_metrics,0.7135544213260362,90,108.89999999999998,8,3.899999999999992,0.22,0.011,-0.0003333333333333,0.9510351228677828,0.7324561605535364,4.285,0.48,0.5021502438952423,0.1869999999999999,0.90283,0.5400297580817811,0.2,0.6189671393953828,4.181,0.143
771,2010,Uruguay,Germany,group_or_knockout,True,0.0,80.5,19.9,64.3,clear,65.17,229.28,B_win,Port Elizabeth,South Africa,2010-07-10,0.5589,3.28,0.345,0.302,53.98,1684,10,508.3,0.07,29.28,0.661,74.8,44.8,20.58,0.1356666666666666,0.8753333333333333,1.923333333333333,0.1913333333333333,Vivo,technology,19.75,76.46,0.542,0.306,0.797,0.741,0.63,real_sponsor_names_with_proxy_commercial_metrics,0.4425490151146019,1798,20,646.1,0.4,35.62,0.797,81.3,65.9,22.15,0.2123333333333333,0.851,5.576666666666667,0.3273333333333333,Coca-Cola,beverage,29.19,180.0,1.0,0.286,0.859,0.907,0.902,real_sponsor_names_with_proxy_commercial_metrics,0.7594715235889338,-114,-137.8,-10,-6.5,-0.33,0.0243333333333333,-0.0766666666666666,0.6570661125383135,0.641769879285384,3.864,0.12,0.6271752297653821,0.1312666666666666,0.71205,0.2676489688146721,0.2,0.5191533757804884,3.732,0.189
772,2010,Netherlands,Spain,group_or_knockout,True,0.0,75.7,28.5,44.2,rain,56.37,163.09,B_win,Johannesburg,South Africa,2010-07-11,0.2591,2.68,0.144,0.099,49.91,1746,9,581.1,0.35,31.14,0.724,75.8,49.9,15.97,0.1103333333333333,0.742,2.733333333333333,0.1786666666666666,Hisense,technology,32.27,200.0,1.0,0.505,0.811,0.856,0.664,real_sponsor_names_with_proxy_commercial_metrics,0.781083544499314,1708,12,537.2,0.18,30.58,0.689,77.4,45.2,19.26,0.2126666666666666,0.84,4.25,0.077,Budweiser,beverage,27.85,200.0,1.0,0.321,0.724,0.933,0.612,real_sponsor_names_with_proxy_commercial_metrics,0.7135544213260362,38,43.89999999999998,-3,-1.6000000000000083,0.1699999999999999,-0.0979999999999999,-0.1023333333333333,0.7581498473599972,0.4860952590774088,3.727,0.48,0.3889938860977096,0.1694,0.8342200000000001,0.4392479840148433,0.2,0.5239923004410518,3.717,0.115
773,2014,Brazil,Croatia,group_or_knockout,False,0.18,61.3,14.8,71.7,rain,64.42,181.32,A_win,São Paulo,Brazil,2014-06-12,0.2353,0.45,0.205,0.144,64.94,1829,20,683.6,0.5,36.78,0.83,78.8,57.4,18.61,0.1376666666666667,0.7313333333333333,3.723333333333333,0.206,Adidas,apparel,33.15,430.0,1.0,0.369,0.809,0.916,0.861,real_sponsor_names_with_proxy_commercial_metrics,0.9383411482254695,1671,5,489.2,0.13,26.28,0.629,75.1,52.8,21.52,0.2903333333333333,0.7756666666666666,3.4933333333333336,0.102,Hisense,technology,28.53,200.0,1.0,0.267,0.792,0.927,0.587,real_sponsor_names_with_proxy_commercial_metrics,0.7311319787373097,158,194.40000000000003,15,3.700000000000003,0.37,-0.0443333333333333,-0.1526666666666666,0.9764150943396226,0.5945496175571187,4.276,0.48,0.4866681061329247,0.1900666666666667,0.87793,0.5762832369942197,0.2,0.6165155897166908,4.244,0.128
774,2014,Chile,Australia,group_or_knockout,True,0.0,75.6,21.9,40.2,windy,64.42,215.18,A_win,Cuiabá,Brazil,2014-06-13,0.24,3.88,0.214,0.243,50.97,1622,5,430.7,-0.12,24.93,0.579,72.9,38.6,16.65,0.135,0.8083333333333332,3.453333333333333,0.1826666666666666,Hisense,technology,27.36,200.0,1.0,0.243,0.681,0.911,0.656,real_sponsor_names_with_proxy_commercial_metrics,0.7002451520149715,1539,3,329.7,-0.4,20.21,0.479,69.8,32.1,7.37,0.2113333333333333,0.8620000000000001,3.056666666666666,0.0496666666666666,Hyundai,automotive,29.32,420.0,1.0,0.218,0.705,0.903,0.913,real_sponsor_names_with_proxy_commercial_metrics,0.8662849811940794,83,101.0,2,3.1000000000000085,0.28,-0.0536666666666668,-0.0763333333333333,0.5136943396293857,0.5804284692385577,4.067,0.48,0.5026367478387327,0.1576666666666667,0.79217,0.2554900449582531,0.2,0.548549957438136,3.819,0.14
775,2014,Mexico,Cameroon,group_or_knockout,True,0.0,58.2,18.1,71.4,hot,57.82,159.96,A_win,Natal,Brazil,2014-06-13,0.1884,2.41,0.151,0.121,65.21,1612,10,421.9,-0.18,26.83,0.584,72.1,37.6,18.89,0.2446666666666666,0.7546666666666667,1.1233333333333333,0.211,Hyundai,automotive,28.5,420.0,1.0,0.636,0.712,0.897,0.88,real_sponsor_names_with_proxy_commercial_metrics,0.853187632551073,1542,4,334.5,-0.31,21.28,0.489,68.0,29.1,10.52,0.2513333333333333,0.8450000000000001,2.2433333333333336,0.186,Coca-Cola,beverage,31.97,180.0,1.0,0.241,0.693,0.92,0.885,real_sponsor_names_with_proxy_commercial_metrics,0.7711359494761991,70,87.39999999999998,6,4.099999999999994,0.13,-0.0903333333333333,-0.0066666666666666,0.5181915824104364,0.5186399412032554,3.941,0.62,0.4178813887023902,0.2449333333333332,0.83529,0.5451487904089061,0.2,0.551805093089647,3.832,0.134
776,2014,Spain,Netherlands,group_or_knockout,True,0.0,60.6,23.7,77.0,cloudy,68.82,207.39,B_win,Salvador,Brazil,2014-06-13,0.2947,0.28,0.178,0.224,76.2,1708,12,537.2,0.18,30.58,0.689,77.4,45.2,19.26,0.2126666666666666,0.84,4.25,0.077,Budweiser,beverage,27.85,200.0,1.0,0.321,0.724,0.933,0.612,real_sponsor_names_with_proxy_commercial_metrics,0.7135544213260362,1746,9,581.1,0.35,31.14,0.724,75.8,49.9,15.97,0.1103333333333333,0.742,2.733333333333333,0.1786666666666666,Hisense,technology,32.27,200.0,1.0,0.505,0.811,0.856,0.664,real_sponsor_names_with_proxy_commercial_metrics,0.781083544499314,-38,-43.89999999999998,3,1.6000000000000083,-0.1699999999999999,0.0979999999999999,0.1023333333333333,0.7299678934836586,0.6446446612298053,3.902,0.22,0.5930140408682956,0.1915999999999999,0.80913,0.3521208877470919,0.2,0.5881385744362534,3.92,0.141
777,2014,Colombia,Greece,group_or_knockout,True,0.0,43.8,20.7,61.4,cloudy,62.22,132.22,A_win,Belo Horizonte,Brazil,2014-06-14,0.3095,4.01,0.158,0.153,50.43,1650,3,462.8,-0.05,24.41,0.599,74.7,50.9,8.73,0.2533333333333333,0.816,4.703333333333333,0.1769999999999999,Vivo,technology,18.25,73.14,0.507,0.422,0.764,0.653,0.613,real_sponsor_names_with_proxy_commercial_metrics,0.3961935311674871,1521,1,305.1,-0.4,17.11,0.443,66.0,32.8,9.21,0.1196666666666666,0.7983333333333333,2.74,0.2183333333333333,Budweiser,beverage,30.87,200.0,1.0,0.603,0.686,0.866,0.554,real_sponsor_names_with_proxy_commercial_metrics,0.7356856321819861,129,157.7,2,8.700000000000003,0.35,0.0176666666666666,0.1336666666666667,0.5635569682915822,0.4324308517251922,3.335,0.22,0.4256106160252505,0.2256,0.6673399999999999,0.274308856062228,0.2,0.3971808091683008,3.448,0.189
778,2014,England,Italy,group_or_knockout,True,0.0,63.2,31.9,55.2,clear,62.22,255.66,B_win,Manaus,Brazil,2014-06-14,0.1764,1.91,0.172,0.172,67.98,1695,13,522.2,0.16,30.51,0.678,76.6,52.6,19.34,0.28,0.7986666666666666,2.61,0.1863333333333333,McDonald's,restaurant,20.29,74.13,0.517,0.758,0.819,0.654,0.569,real_sponsor_names_with_proxy_commercial_metrics,0.4320601407850143,1755,14,594.5,0.34,33.03,0.744,77.8,61.6,11.04,0.3303333333333333,0.8929999999999999,1.3333333333333333,0.0393333333333333,Visa,finance,33.4,190.0,1.0,0.316,0.761,0.842,0.918,real_sponsor_names_with_proxy_commercial_metrics,0.7989842668207419,-60,-72.29999999999995,-1,-1.2000000000000028,-0.18,-0.0943333333333332,-0.0503333333333333,0.7074856858162286,0.6125771426029871,3.619,0.12,0.5279683380577822,0.2485333333333333,0.68589,0.4312181545707557,0.2,0.4779223013287964,3.637,0.179
779,2014,Ivory Coast,Japan,group_or_knockout,True,0.0,58.8,26.0,64.4,windy,62.22,129.21,A_win,Recife,Brazil,2014-06-14,0.1594,3.28,0.109,0.073,55.89,1587,1,384.2,-0.22,19.05,0.511,73.8,39.2,8.73,0.1446666666666666,0.7746666666666666,3.723333333333333,0.359,Budweiser,beverage,26.15,200.0,1.0,0.237,0.659,0.897,0.579,real_sponsor_names_with_proxy_commercial_metrics,0.6730955277978524,1586,4,387.4,-0.2,22.68,0.535,72.8,37.0,11.9,0.25,0.7706666666666667,4.593333333333333,0.3566666666666667,Adidas,apparel,29.47,430.0,1.0,0.558,0.648,0.855,0.917,real_sponsor_names_with_proxy_commercial_metrics,0.8586337787056367,1,-3.1999999999999886,-3,1.0,-0.0199999999999999,0.0039999999999998,-0.1053333333333333,0.4439260305258574,0.4362745213860758,3.657,0.48,0.3758126991488585,0.1769333333333333,0.76788,0.4615030328980233,0.2,0.4717495324893575,3.604,0.138
780,2014,Uruguay,Costa Rica,group_or_knockout,True,0.0,41.1,15.1,15.0,clear,64.42,163.11,B_win,Fortaleza,Brazil,2014-06-14,0.2791,2.54,0.117,0.123,51.81,1684,10,508.3,0.07,29.28,0.661,74.8,44.8,20.58,0.1356666666666666,0.8753333333333333,1.923333333333333,0.1913333333333333,Vivo,technology,19.75,76.46,0.542,0.306,0.797,0.741,0.63,real_sponsor_names_with_proxy_commercial_metrics,0.4425490151146019,1585,3,384.6,-0.19,21.98,0.529,73.1,26.3,15.16,0.1976666666666666,0.8413333333333334,2.26,0.2056666666666666,Visa,finance,31.23,190.0,1.0,0.397,0.677,0.885,0.896,real_sponsor_names_with_proxy_commercial_metrics,0.7601475027288838,99,123.7,7,1.7000000000000028,0.26,0.0339999999999999,-0.062,0.6570661125383135,0.6153607157860179,3.431,0.12,0.4478386199700325,0.1312666666666666,0.71205,0.1794797687861271,0.2,0.475891488041596,3.69,0.187
781,2014,Argentina,Bosnia and Herzegovina,group_or_knockout,True,0.0,57.3,27.0,62.8,rain,62.22,182.73,A_win,Rio de Janeiro,Brazil,2014-06-15,0.2269,4.67,0.158,0.125,55.39,1753,15,591.7,0.26,33.16,0.743,76.8,58.0,19.5,0.2623333333333333,0.8586666666666667,3.813333333333333,0.2106666666666666,Hyundai,automotive,30.74,420.0,1.0,0.338,0.813,0.936,0.851,real_sponsor_names_with_proxy_commercial_metrics,0.9027842922587972,1562,1,349.3,-0.33,14.65,0.46,71.1,29.9,10.24,0.2696666666666666,0.8313333333333333,3.1366666666666667,0.146,Mengniu,consumer_goods,16.77,64.43,0.415,0.419,0.615,0.658,0.619,real_sponsor_names_with_proxy_commercial_metrics,0.3320824535453589,191,242.40000000000003,14,5.700000000000003,0.5900000000000001,0.0273333333333334,-0.0073333333333333,0.8112048561394937,0.6298671396078888,4.23,0.48,0.4455208875161525,0.2139333333333333,0.8831100000000001,0.4806010133447512,0.2,0.6089346067355508,4.176,0.136
782,2014,France,Honduras,group_or_knockout,True,0.0,57.0,18.4,56.2,rain,62.22,310.49,A_win,Porto Alegre,Brazil,2014-06-15,0.3119,3.26,-0.002,0.111,66.65,1748,13,584.8,0.26,32.28,0.733,77.8,46.5,18.67,0.2083333333333333,0.8296666666666667,3.483333333333333,0.3613333333333333,Qatar Airways,airline,24.02,81.37,0.593,0.647,0.801,0.711,0.647,real_sponsor_names_with_proxy_commercial_metrics,0.5102507613733611,1414,1,177.5,-0.67,13.05,0.328,62.9,9.5,7.33,0.4183333333333334,0.6726666666666666,3.2266666666666666,0.0066666666666666,Visa,finance,28.19,190.0,1.0,0.46,0.538,0.906,0.82,real_sponsor_names_with_proxy_commercial_metrics,0.6940648931255435,334,407.3,12,14.9,0.93,0.157,-0.21,0.8018213325687816,0.6746524943629931,3.91,0.48,0.5879607587151667,0.1931333333333333,0.7179599999999999,0.4156663098551345,0.2,0.5338814328942781,3.878,0.161
783,2014,Switzerland,Ecuador,group_or_knockout,True,0.0,81.4,19.5,57.2,cloudy,62.22,157.96,A_win,Brasília,Brazil,2014-06-15,0.5082,0.94,0.276,0.25,63.45,1632,7,443.7,-0.12,26.09,0.595,72.7,48.1,17.05,0.1836666666666666,0.914,2.223333333333333,0.2486666666666666,Adidas,apparel,31.4,430.0,1.0,0.14,0.774,0.888,0.845,real_sponsor_names_with_proxy_commercial_metrics,0.90423375782881,1623,2,428.7,-0.08,21.59,0.558,71.6,42.9,13.81,0.1486666666666666,0.8836666666666666,1.9966666666666668,0.0626666666666666,McDonald's,restaurant,16.55,66.18,0.433,0.554,0.689,0.657,0.645,real_sponsor_names_with_proxy_commercial_metrics,0.3468108960326372,9,15.0,5,1.1000000000000083,-0.0399999999999999,0.0303333333333334,0.035,0.5385464489432931,0.5682630208463133,4.223,0.22,0.5554048630063215,0.1445999999999999,0.85383,0.2873745807464497,0.2,0.6140709203171465,3.916,0.125
784,2014,Germany,Portugal,group_or_knockout,True,0.0,69.6,24.9,69.3,clear,64.42,152.77,A_win,Salvador,Brazil,2014-06-16,0.3122,3.48,0.329,0.27,55.78,1798,20,646.1,0.4,35.62,0.797,81.3,65.9,22.15,0.2123333333333333,0.851,5.576666666666667,0.3273333333333333,Coca-Cola,beverage,29.19,180.0,1.0,0.286,0.859,0.907,0.902,real_sponsor_names_with_proxy_commercial_metrics,0.7594715235889338,1702,6,527.3,0.14,27.94,0.666,76.8,47.1,14.4,0.2406666666666666,0.7363333333333334,3.2266666666666666,0.0836666666666666,Mengniu,consumer_goods,17.76,59.99,0.368,0.468,0.8,0.643,0.574,real_sponsor_names_with_proxy_commercial_metrics,0.3591620632748621,96,118.80000000000008,14,4.5,0.26,0.1146666666666665,-0.0283333333333333,0.9510351228677828,0.7266135609105098,4.351,0.12,0.4948958682547487,0.1869999999999999,0.90283,0.3100631556411902,0.2,0.6158803363672367,4.157,0.142
785,2014,Ghana,United States,group_or_knockout,True,0.0,58.1,20.0,56.8,clear,62.22,152.39,B_win,Natal,Brazil,2014-06-16,0.3119,3.54,0.17,0.156,64.64,1600,2,402.0,-0.13,21.31,0.537,68.9,36.1,8.969999999999999,0.3763333333333333,0.8766666666666666,0.7333333333333333,0.2983333333333333,Mengniu,consumer_goods,23.07,63.81,0.408,0.27,0.715,0.668,0.644,real_sponsor_names_with_proxy_commercial_metrics,0.4350286739451539,1578,6,379.0,-0.3,23.84,0.536,71.9,31.0,12.75,0.132,0.7943333333333333,0.7200000000000001,0.0636666666666666,Vivo,technology,22.58,68.24,0.455,0.416,0.676,0.652,0.654,real_sponsor_names_with_proxy_commercial_metrics,0.4316086395935045,22,23.0,-4,-3.0,0.1699999999999999,0.0823333333333332,0.2443333333333333,0.4244551084744016,0.402575629467958,2.969,0.12,0.4769768866925012,0.2751333333333333,0.6373399999999999,0.2326404053379005,0.2,0.4012430353363653,3.058,0.133
786,2014,Iran,Nigeria,group_or_knockout,True,0.0,61.2,28.4,39.8,hot,55.62,252.91,draw,Curitiba,Brazil,2014-06-16,0.2804,3.87,0.209,0.15,57.56,1519,3,305.2,-0.44,19.13,0.455,68.7,30.6,12.34,0.1146666666666666,0.8703333333333333,3.7066666666666666,0.2463333333333333,Visa,finance,29.04,190.0,1.0,0.165,0.637,0.935,0.918,real_sponsor_names_with_proxy_commercial_metrics,0.7320693398896354,1585,3,384.6,-0.29,21.98,0.529,75.3,31.3,8.190000000000001,0.2983333333333333,0.916,1.92,-0.066,Coca-Cola,beverage,26.63,180.0,1.0,0.555,0.744,0.906,0.879,real_sponsor_names_with_proxy_commercial_metrics,0.704592483922963,-66,-79.40000000000003,0,-6.599999999999994,-0.15,-0.0456666666666666,-0.1836666666666666,0.3004381649565623,0.5106493973964009,3.591,0.62,0.4886329967431321,0.1206666666666666,0.8189899999999999,0.4736344822664668,0.2,0.5398236721931312,3.557,0.122
787,2014,Belgium,Algeria,group_or_knockout,True,0.0,58.6,18.4,55.7,cloudy,62.22,80.9,A_win,Belo Horizonte,Brazil,2014-06-17,0.3859,4.98,0.243,0.226,65.17,1674,9,495.4,0.02,28.38,0.646,71.5,40.4,23.19,0.142,0.7919999999999999,3.7566666666666655,0.0076666666666666,Visa,finance,26.85,190.0,1.0,0.538,0.72,0.914,0.914,real_sponsor_names_with_proxy_commercial_metrics,0.712621177050387,1543,2,333.4,-0.31,18.82,0.474,72.2,36.3,11.9,0.258,0.887,1.2466666666666666,0.0059999999999999,Hisense,technology,30.28,200.0,1.0,0.679,0.66,0.889,0.626,real_sponsor_names_with_proxy_commercial_metrics,0.7315493691339694,131,162.0,7,-0.7000000000000028,0.33,-0.095,-0.116,0.6045045124588039,0.6053041708571002,3.895,0.22,0.4629161657698274,0.1684,0.8480000000000001,0.3095058160279741,0.2,0.5577134834860464,3.834,0.143
788,2014,Brazil,Mexico,group_or_knockout,False,0.18,55.4,19.3,59.1,clear,55.62,120.03,draw,Fortaleza,Brazil,2014-06-17,0.4732,1.51,0.05,0.094,54.21,1829,20,683.6,0.5,36.78,0.83,78.8,57.4,18.61,0.1376666666666667,0.7313333333333333,3.723333333333333,0.206,Adidas,apparel,33.15,430.0,1.0,0.369,0.809,0.916,0.861,real_sponsor_names_with_proxy_commercial_metrics,0.9383411482254695,1612,10,421.9,-0.18,26.83,0.584,72.1,37.6,18.89,0.2446666666666666,0.7546666666666667,1.1233333333333333,0.211,Hyundai,automotive,28.5,420.0,1.0,0.636,0.712,0.897,0.88,real_sponsor_names_with_proxy_commercial_metrics,0.853187632551073,217,261.70000000000005,10,6.700000000000003,0.6799999999999999,-0.0233333333333334,-0.1069999999999999,0.9764150943396226,0.5336523025475022,3.963,0.12,0.4218588492721921,0.1900666666666667,0.87793,0.2607867694283879,0.2,0.5865024901418517,4.127,0.124
789,2014,Russia,South Korea,group_or_knockout,True,0.0,43.9,19.1,59.8,rain,60.02,368.5,draw,Cuiabá,Brazil,2014-06-17,0.2066,4.2,0.23,0.243,64.51,1676,8,497.3,0.07,27.98,0.645,72.7,49.8,18.23,0.1086666666666666,0.8123333333333332,5.670000000000001,0.13,Hyundai,automotive,26.07,420.0,1.0,0.245,0.69,0.874,0.885,real_sponsor_names_with_proxy_commercial_metrics,0.81405268474314,1548,6,343.4,-0.37,22.9,0.505,70.3,20.2,12.829999999999998,0.151,0.8606666666666666,2.8866666666666667,0.2443333333333333,McDonald's,restaurant,25.44,80.72,0.587,0.49,0.67,0.723,0.661,real_sponsor_names_with_proxy_commercial_metrics,0.5096695074891809,128,153.90000000000003,2,2.4000000000000057,0.44,-0.0483333333333333,-0.0423333333333333,0.6134810916271758,0.6742910151060558,4.109,0.48,0.6168364210046708,0.1402666666666666,0.82105,0.4130137729251408,0.2,0.6300724127689835,4.327,0.166
790,2014,Australia,Netherlands,group_or_knockout,True,0.0,56.0,19.6,60.6,clear,66.62,224.63,B_win,Curitiba,Brazil,2014-06-18,0.2909,-0.82,0.122,0.149,67.35,1539,3,329.7,-0.4,20.21,0.479,69.8,32.1,7.37,0.2113333333333333,0.8620000000000001,3.056666666666666,0.0496666666666666,Hyundai,automotive,29.32,420.0,1.0,0.218,0.705,0.903,0.913,real_sponsor_names_with_proxy_commercial_metrics,0.8662849811940794,1746,9,581.1,0.35,31.14,0.724,75.8,49.9,15.97,0.1103333333333333,0.742,2.733333333333333,0.1786666666666666,Hisense,technology,32.27,200.0,1.0,0.505,0.811,0.856,0.664,real_sponsor_names_with_proxy_commercial_metrics,0.781083544499314,-207,-251.40000000000003,-6,-6.0,-0.75,0.1200000000000001,0.101,0.3425474064388163,0.4173561483590069,3.568,0.12,0.5529624405530916,0.1819999999999999,0.8387999999999999,0.2594647827017768,0.2,0.5578726051377193,3.614,0.123
791,2014,Cameroon,Croatia,group_or_knockout,True,0.0,48.3,29.6,74.6,hot,64.42,135.06,B_win,Manaus,Brazil,2014-06-18,0.1058,2.55,0.339,0.219,53.16,1542,4,334.5,-0.31,21.28,0.489,68.0,29.1,10.52,0.2513333333333333,0.8450000000000001,2.2433333333333336,0.186,Coca-Cola,beverage,31.97,180.0,1.0,0.241,0.693,0.92,0.885,real_sponsor_names_with_proxy_commercial_metrics,0.7711359494761991,1671,5,489.2,0.13,26.28,0.629,75.1,52.8,21.52,0.2903333333333333,0.7756666666666666,3.4933333333333336,0.102,Hisense,technology,28.53,200.0,1.0,0.267,0.792,0.927,0.587,real_sponsor_names_with_proxy_commercial_metrics,0.7311319787373097,-129,-154.7,-1,-7.099999999999994,-0.44,0.0693333333333334,-0.0389999999999999,0.3361091814289645,0.434556065683372,3.16,0.62,0.4057465068229042,0.2127999999999999,0.83381,0.6552187254692072,0.2,0.5078630276302128,3.319,0.104
792,2014,Spain,Chile,group_or_knockout,True,0.0,41.7,26.8,40.6,clear,60.02,169.51,B_win,Rio de Janeiro,Brazil,2014-06-18,0.2372,2.22,0.141,0.178,64.32,1708,12,537.2,0.18,30.58,0.689,77.4,45.2,19.26,0.2126666666666666,0.84,4.25,0.077,Budweiser,beverage,27.85,200.0,1.0,0.321,0.724,0.933,0.612,real_sponsor_names_with_proxy_commercial_metrics,0.7135544213260362,1622,5,430.7,-0.12,24.93,0.579,72.9,38.6,16.65,0.135,0.8083333333333332,3.453333333333333,0.1826666666666666,Hisense,technology,27.36,200.0,1.0,0.243,0.681,0.911,0.656,real_sponsor_names_with_proxy_commercial_metrics,0.7002451520149715,86,106.50000000000006,7,4.5,0.3,0.0316666666666667,0.0776666666666666,0.7299678934836586,0.5918977509551528,3.623,0.12,0.4618196842426674,0.1915999999999999,0.80913,0.235472775280097,0.2,0.547130568234225,3.852,0.138
793,2014,Colombia,Ivory Coast,group_or_knockout,True,0.0,64.6,33.3,60.8,clear,62.22,181.19,A_win,Brasília,Brazil,2014-06-19,0.4442,5.84,0.229,0.215,55.78,1650,3,462.8,-0.05,24.41,0.599,74.7,50.9,8.73,0.2533333333333333,0.816,4.703333333333333,0.1769999999999999,Vivo,technology,18.25,73.14,0.507,0.422,0.764,0.653,0.613,real_sponsor_names_with_proxy_commercial_metrics,0.3961935311674871,1587,1,384.2,-0.22,19.05,0.511,73.8,39.2,8.73,0.1446666666666666,0.7746666666666666,3.723333333333333,0.359,Budweiser,beverage,26.15,200.0,1.0,0.237,0.659,0.897,0.579,real_sponsor_names_with_proxy_commercial_metrics,0.6730955277978524,63,78.60000000000002,2,0.9000000000000057,0.1699999999999999,0.0413333333333333,0.1086666666666666,0.5635569682915822,0.4494802032788522,3.582,0.12,0.5274311510390125,0.2256,0.6673399999999999,0.4918318704060515,0.2,0.422318734606078,3.503,0.192
794,2014,Japan,Greece,group_or_knockout,True,0.0,63.1,36.6,78.6,clear,55.62,201.43,draw,Natal,Brazil,2014-06-19,0.4091,2.47,0.142,0.1,57.5,1586,4,387.4,-0.2,22.68,0.535,72.8,37.0,11.9,0.25,0.7706666666666667,4.593333333333333,0.3566666666666667,Adidas,apparel,29.47,430.0,1.0,0.558,0.648,0.855,0.917,real_sponsor_names_with_proxy_commercial_metrics,0.8586337787056367,1521,1,305.1,-0.4,17.11,0.443,66.0,32.8,9.21,0.1196666666666666,0.7983333333333333,2.74,0.2183333333333333,Budweiser,beverage,30.87,200.0,1.0,0.603,0.686,0.866,0.554,real_sponsor_names_with_proxy_commercial_metrics,0.7356856321819861,65,82.29999999999995,3,6.799999999999997,0.2,-0.0276666666666666,0.1303333333333333,0.4507401502367096,0.5004834206916327,3.803,0.12,0.4738965416171492,0.2417333333333333,0.8034600000000001,0.6545836009419824,0.2,0.5549671730064399,3.813,0.129
795,2014,Uruguay,England,group_or_knockout,True,0.0,34.8,16.8,30.2,cloudy,62.22,297.6,A_win,São Paulo,Brazil,2014-06-19,0.2448,4.08,0.332,0.196,63.65,1684,10,508.3,0.07,29.28,0.661,74.8,44.8,20.58,0.1356666666666666,0.8753333333333333,1.923333333333333,0.1913333333333333,Vivo,technology,19.75,76.46,0.542,0.306,0.797,0.741,0.63,real_sponsor_names_with_proxy_commercial_metrics,0.4425490151146019,1695,13,522.2,0.16,30.51,0.678,76.6,52.6,19.34,0.28,0.7986666666666666,2.61,0.1863333333333333,McDonald's,restaurant,20.29,74.13,0.517,0.758,0.819,0.654,0.569,real_sponsor_names_with_proxy_commercial_metrics,0.4320601407850143,-11,-13.900000000000034,-3,-1.7999999999999972,-0.09,0.0766666666666666,-0.1443333333333333,0.6570661125383135,0.6522949735076324,3.686,0.22,0.5731032428545018,0.1312666666666666,0.71205,0.2409391279526154,0.2,0.511286004780542,3.798,0.192
796,2014,Honduras,Ecuador,group_or_knockout,True,0.0,56.4,23.4,60.9,cloudy,62.22,198.24,B_win,Curitiba,Brazil,2014-06-20,0.2798,-0.9,0.115,0.198,56.06,1414,1,177.5,-0.67,13.05,0.328,62.9,9.5,7.33,0.4183333333333334,0.6726666666666666,3.2266666666666666,0.0066666666666666,Visa,finance,28.19,190.0,1.0,0.46,0.538,0.906,0.82,real_sponsor_names_with_proxy_commercial_metrics,0.6940648931255435,1623,2,428.7,-0.08,21.59,0.558,71.6,42.9,13.81,0.1486666666666666,0.8836666666666666,1.9966666666666668,0.0626666666666666,McDonald's,restaurant,16.55,66.18,0.433,0.554,0.689,0.657,0.645,real_sponsor_names_with_proxy_commercial_metrics,0.3468108960326372,-209,-251.2,-1,-8.699999999999996,-0.5900000000000001,-0.2109999999999999,0.2696666666666667,0.0690300105224019,0.3429149431798017,3.021,0.22,0.4910551037274736,0.3819333333333333,0.75546,0.2747495183044315,0.2,0.4596511791859696,3.015,0.107
797,2014,Italy,Costa Rica,group_or_knockout,True,0.0,70.9,15.9,48.6,rain,57.82,142.05,B_win,Recife,Brazil,2014-06-20,0.2851,2.06,0.249,0.215,48.47,1755,14,594.5,0.34,33.03,0.744,77.8,61.6,11.04,0.3303333333333333,0.8929999999999999,1.3333333333333333,0.0393333333333333,Visa,finance,33.4,190.0,1.0,0.316,0.761,0.842,0.918,real_sponsor_names_with_proxy_commercial_metrics,0.7989842668207419,1585,3,384.6,-0.19,21.98,0.529,73.1,26.3,15.16,0.1976666666666666,0.8413333333333334,2.26,0.2056666666666666,Visa,finance,31.23,190.0,1.0,0.397,0.677,0.885,0.896,real_sponsor_names_with_proxy_commercial_metrics,0.7601475027288838,170,209.9,11,4.700000000000003,0.53,0.0516666666666665,0.1326666666666667,0.8187106162327391,0.3829939436387434,3.537,0.48,0.4129892170241722,0.241,0.84782,0.4478557054163991,0.2,0.5018271716606606,3.578,0.107
798,2014,Switzerland,France,group_or_knockout,True,0.0,71.8,18.3,52.1,cloudy,71.03,253.02,B_win,Salvador,Brazil,2014-06-20,0.1966,1.02,0.206,0.107,73.17,1632,7,443.7,-0.12,26.09,0.595,72.7,48.1,17.05,0.1836666666666666,0.914,2.223333333333333,0.2486666666666666,Adidas,apparel,31.4,430.0,1.0,0.14,0.774,0.888,0.845,real_sponsor_names_with_proxy_commercial_metrics,0.90423375782881,1748,13,584.8,0.26,32.28,0.733,77.8,46.5,18.67,0.2083333333333333,0.8296666666666667,3.483333333333333,0.3613333333333333,Qatar Airways,airline,24.02,81.37,0.593,0.647,0.801,0.711,0.647,real_sponsor_names_with_proxy_commercial_metrics,0.5102507613733611,-116,-141.09999999999997,-6,-5.099999999999994,-0.38,0.0843333333333333,-0.0246666666666666,0.5385464489432931,0.640962621960835,4.081,0.22,0.5754116420555256,0.1445999999999999,0.85383,0.2965514165417826,0.2,0.6384281644390533,4.035,0.129
799,2014,Argentina,Iran,group_or_knockout,True,0.0,71.3,19.2,43.5,clear,57.82,135.89,A_win,Belo Horizonte,Brazil,2014-06-21,0.1725,8.0,0.189,0.188,62.77,1753,15,591.7,0.26,33.16,0.743,76.8,58.0,19.5,0.2623333333333333,0.8586666666666667,3.813333333333333,0.2106666666666666,Hyundai,automotive,30.74,420.0,1.0,0.338,0.813,0.936,0.851,real_sponsor_names_with_proxy_commercial_metrics,0.9027842922587972,1519,3,305.2,-0.44,19.13,0.455,68.7,30.6,12.34,0.1146666666666666,0.8703333333333333,3.7066666666666666,0.2463333333333333,Visa,finance,29.04,190.0,1.0,0.165,0.637,0.935,0.918,real_sponsor_names_with_proxy_commercial_metrics,0.7320693398896354,234,286.50000000000006,12,8.099999999999994,0.7,-0.0116666666666666,0.1476666666666666,0.8112048561394937,0.5937800453374786,4.274,0.12,0.4059418459903909,0.2139333333333333,0.8831100000000001,0.1959805180903447,0.2,0.5909144120346836,4.101,0.133
800,2014,Germany,Ghana,group_or_knockout,True,0.0,58.5,16.7,55.3,clear,64.42,137.84,draw,Fortaleza,Brazil,2014-06-21,0.1011,1.4,0.175,0.134,69.69,1798,20,646.1,0.4,35.62,0.797,81.3,65.9,22.15,0.2123333333333333,0.851,5.576666666666667,0.3273333333333333,Coca-Cola,beverage,29.19,180.0,1.0,0.286,0.859,0.907,0.902,real_sponsor_names_with_proxy_commercial_metrics,0.7594715235889338,1600,2,402.0,-0.13,21.31,0.537,68.9,36.1,8.969999999999999,0.3763333333333333,0.8766666666666666,0.7333333333333333,0.2983333333333333,Mengniu,consumer_goods,23.07,63.81,0.408,0.27,0.715,0.668,0.644,real_sponsor_names_with_proxy_commercial_metrics,0.4350286739451539,198,244.1,18,12.399999999999991,0.53,-0.0256666666666666,-0.164,0.9510351228677828,0.7214155454174294,4.111,0.12,0.4266040944898042,0.1869999999999999,0.90283,0.3119970741454363,0.2,0.6007665372761852,4.141,0.142
801,2014,Nigeria,Bosnia and Herzegovina,group_or_knockout,True,0.0,47.0,16.7,87.5,clear,57.82,100.94,A_win,Cuiabá,Brazil,2014-06-21,0.1234,2.95,0.103,0.09,58.14,1585,3,384.6,-0.29,21.98,0.529,75.3,31.3,8.190000000000001,0.2983333333333333,0.916,1.92,-0.066,Coca-Cola,beverage,26.63,180.0,1.0,0.555,0.744,0.906,0.879,real_sponsor_names_with_proxy_commercial_metrics,0.704592483922963,1562,1,349.3,-0.33,14.65,0.46,71.1,29.9,10.24,0.2696666666666666,0.8313333333333333,3.1366666666666667,0.146,Mengniu,consumer_goods,16.77,64.43,0.415,0.419,0.615,0.658,0.619,real_sponsor_names_with_proxy_commercial_metrics,0.3320824535453589,23,35.30000000000001,2,4.200000000000003,0.04,0.0846666666666666,0.0286666666666666,0.4667473504417841,0.3179477033081297,3.377,0.12,0.3312315013791056,0.2125999999999999,0.85083,0.4511328766145721,0.2,0.4467340533436086,3.361,0.126
802,2014,Belgium,Russia,group_or_knockout,True,0.0,43.9,22.1,37.8,windy,57.82,106.6,A_win,Rio de Janeiro,Brazil,2014-06-22,0.2369,3.07,-0.051,0.02,49.83,1674,9,495.4,0.02,28.38,0.646,71.5,40.4,23.19,0.142,0.7919999999999999,3.7566666666666655,0.0076666666666666,Visa,finance,26.85,190.0,1.0,0.538,0.72,0.914,0.914,real_sponsor_names_with_proxy_commercial_metrics,0.712621177050387,1676,8,497.3,0.07,27.98,0.645,72.7,49.8,18.23,0.1086666666666666,0.8123333333333332,5.670000000000001,0.13,Hyundai,automotive,26.07,420.0,1.0,0.245,0.69,0.874,0.885,real_sponsor_names_with_proxy_commercial_metrics,0.81405268474314,-2,-1.900000000000034,1,-1.2000000000000028,-0.05,-0.0203333333333333,0.0333333333333333,0.6045045124588039,0.5944725383327081,3.766,0.48,0.3293461621488083,0.1684,0.8480000000000001,0.2451196745878827,0.2,0.5279666256550128,3.749,0.14
803,2014,South Korea,Algeria,group_or_knockout,True,0.0,62.5,15.7,39.3,clear,68.82,153.01,B_win,Porto Alegre,Brazil,2014-06-22,0.2063,-0.54,0.242,0.245,61.51,1548,6,343.4,-0.37,22.9,0.505,70.3,20.2,12.829999999999998,0.151,0.8606666666666666,2.8866666666666667,0.2443333333333333,McDonald's,restaurant,25.44,80.72,0.587,0.49,0.67,0.723,0.661,real_sponsor_names_with_proxy_commercial_metrics,0.5096695074891809,1543,2,333.4,-0.31,18.82,0.474,72.2,36.3,11.9,0.258,0.887,1.2466666666666666,0.0059999999999999,Hisense,technology,30.28,200.0,1.0,0.679,0.66,0.889,0.626,real_sponsor_names_with_proxy_commercial_metrics,0.7315493691339694,5,10.0,4,-1.9000000000000057,-0.06,-0.0263333333333334,-0.107,0.3785695739184261,0.525476651527067,3.25,0.12,0.4971634611021626,0.1463333333333333,0.6669599999999999,0.2688728323699422,0.2,0.4694812364454147,3.253,0.128
804,2014,United States,Portugal,group_or_knockout,True,0.0,62.9,28.1,37.2,windy,64.42,132.38,draw,Manaus,Brazil,2014-06-22,0.1297,1.7,0.117,0.048,67.75,1578,6,379.0,-0.3,23.84,0.536,71.9,31.0,12.75,0.132,0.7943333333333333,0.7200000000000001,0.0636666666666666,Vivo,technology,22.58,68.24,0.455,0.416,0.676,0.652,0.654,real_sponsor_names_with_proxy_commercial_metrics,0.4316086395935045,1702,6,527.3,0.14,27.94,0.666,76.8,47.1,14.4,0.2406666666666666,0.7363333333333334,3.2266666666666666,0.0836666666666666,Mengniu,consumer_goods,17.76,59.99,0.368,0.468,0.8,0.643,0.574,real_sponsor_names_with_proxy_commercial_metrics,0.3591620632748621,-124,-148.29999999999995,0,-4.899999999999992,-0.44,0.0579999999999999,-0.1086666666666666,0.4407302164904229,0.4097632532282166,3.184,0.48,0.404791321498778,0.1614666666666666,0.6269199999999999,0.3985964461571398,0.2,0.3933588487060974,3.106,0.138
805,2014,Australia,Spain,group_or_knockout,True,0.0,74.7,17.5,85.6,clear,62.22,194.1,B_win,Curitiba,Brazil,2014-06-23,0.3614,3.65,0.25,0.181,57.73,1539,3,329.7,-0.4,20.21,0.479,69.8,32.1,7.37,0.2113333333333333,0.8620000000000001,3.056666666666666,0.0496666666666666,Hyundai,automotive,29.32,420.0,1.0,0.218,0.705,0.903,0.913,real_sponsor_names_with_proxy_commercial_metrics,0.8662849811940794,1708,12,537.2,0.18,30.58,0.689,77.4,45.2,19.26,0.2126666666666666,0.84,4.25,0.077,Budweiser,beverage,27.85,200.0,1.0,0.321,0.724,0.933,0.612,real_sponsor_names_with_proxy_commercial_metrics,0.7135544213260362,-169,-207.50000000000009,-9,-7.600000000000008,-0.5800000000000001,0.0220000000000001,-0.0013333333333333,0.3425474064388163,0.3869475291517006,3.679,0.12,0.5105848905648611,0.1819999999999999,0.8387999999999999,0.422113751516449,0.2,0.5408826817620275,3.613,0.123
806,2014,Brazil,Cameroon,group_or_knockout,False,0.18,72.3,39.0,50.6,clear,66.62,136.07,A_win,Brasília,Brazil,2014-06-23,0.3609,2.98,0.184,0.194,69.53,1829,20,683.6,0.5,36.78,0.83,78.8,57.4,18.61,0.1376666666666667,0.7313333333333333,3.723333333333333,0.206,Adidas,apparel,33.15,430.0,1.0,0.369,0.809,0.916,0.861,real_sponsor_names_with_proxy_commercial_metrics,0.9383411482254695,1542,4,334.5,-0.31,21.28,0.489,68.0,29.1,10.52,0.2513333333333333,0.8450000000000001,2.2433333333333336,0.186,Coca-Cola,beverage,31.97,180.0,1.0,0.241,0.693,0.92,0.885,real_sponsor_names_with_proxy_commercial_metrics,0.7711359494761991,287,349.1,16,10.799999999999995,0.81,-0.1136666666666668,-0.1136666666666666,0.9764150943396226,0.5886850786970239,4.345,0.12,0.5231552194606255,0.1900666666666667,0.87793,0.5960236922857347,0.2,0.6221709415014045,4.266,0.129
807,2014,Croatia,Mexico,group_or_knockout,True,0.0,56.3,20.3,57.6,clear,64.42,76.34,B_win,Recife,Brazil,2014-06-23,0.1716,-2.03,0.252,0.272,57.42,1671,5,489.2,0.13,26.28,0.629,75.1,52.8,21.52,0.2903333333333333,0.7756666666666666,3.4933333333333336,0.102,Hisense,technology,28.53,200.0,1.0,0.267,0.792,0.927,0.587,real_sponsor_names_with_proxy_commercial_metrics,0.7311319787373097,1612,10,421.9,-0.18,26.83,0.584,72.1,37.6,18.89,0.2446666666666666,0.7546666666666667,1.1233333333333333,0.211,Hyundai,automotive,28.5,420.0,1.0,0.636,0.712,0.897,0.88,real_sponsor_names_with_proxy_commercial_metrics,0.853187632551073,59,67.30000000000001,-5,3.0,0.31,0.0209999999999999,0.0456666666666666,0.6114873261612664,0.5937038237833591,3.582,0.12,0.4039281030944942,0.2639333333333333,0.8324399999999998,0.2282937272532648,0.2,0.5391999661751937,3.699,0.13
808,2014,Netherlands,Chile,group_or_knockout,True,0.0,41.8,23.4,51.6,clear,60.02,128.05,A_win,São Paulo,Brazil,2014-06-23,0.2462,1.61,0.22,0.219,46.95,1746,9,581.1,0.35,31.14,0.724,75.8,49.9,15.97,0.1103333333333333,0.742,2.733333333333333,0.1786666666666666,Hisense,technology,32.27,200.0,1.0,0.505,0.811,0.856,0.664,real_sponsor_names_with_proxy_commercial_metrics,0.781083544499314,1622,5,430.7,-0.12,24.93,0.579,72.9,38.6,16.65,0.135,0.8083333333333332,3.453333333333333,0.1826666666666666,Hisense,technology,27.36,200.0,1.0,0.243,0.681,0.911,0.656,real_sponsor_names_with_proxy_commercial_metrics,0.7002451520149715,124,150.40000000000003,4,2.8999999999999915,0.47,-0.0663333333333332,-0.0246666666666666,0.7581498473599972,0.4903036102505765,3.613,0.12,0.4007655079528067,0.1694,0.8342200000000001,0.1945643331192463,0.2,0.5275249631405582,3.714,0.115
809,2014,Costa Rica,England,group_or_knockout,True,0.0,53.9,15.2,42.9,rain,55.62,139.27,draw,Belo Horizonte,Brazil,2014-06-24,0.1936,4.94,-0.041,0.033,55.47,1585,3,384.6,-0.19,21.98,0.529,73.1,26.3,15.16,0.1976666666666666,0.8413333333333334,2.26,0.2056666666666666,Visa,finance,31.23,190.0,1.0,0.397,0.677,0.885,0.896,real_sponsor_names_with_proxy_commercial_metrics,0.7601475027288838,1695,13,522.2,0.16,30.51,0.678,76.6,52.6,19.34,0.28,0.7986666666666666,2.61,0.1863333333333333,McDonald's,restaurant,20.29,74.13,0.517,0.758,0.819,0.654,0.569,real_sponsor_names_with_proxy_commercial_metrics,0.4320601407850143,-110,-137.60000000000002,-10,-3.5,-0.35,0.0426666666666667,-0.0823333333333333,0.445992633460652,0.4777617181390382,3.425,0.48,0.3469048854275683,0.1820666666666666,0.8199899999999999,0.4414341682723185,0.2,0.5054642588193765,3.395,0.109
810,2014,Greece,Ivory Coast,group_or_knockout,True,0.0,60.8,33.2,54.2,cloudy,62.22,150.08,A_win,Fortaleza,Brazil,2014-06-24,0.3688,4.04,0.205,0.268,61.99,1521,1,305.1,-0.4,17.11,0.443,66.0,32.8,9.21,0.1196666666666666,0.7983333333333333,2.74,0.2183333333333333,Budweiser,beverage,30.87,200.0,1.0,0.603,0.686,0.866,0.554,real_sponsor_names_with_proxy_commercial_metrics,0.7356856321819861,1587,1,384.2,-0.22,19.05,0.511,73.8,39.2,8.73,0.1446666666666666,0.7746666666666666,3.723333333333333,0.359,Budweiser,beverage,26.15,200.0,1.0,0.237,0.659,0.897,0.579,real_sponsor_names_with_proxy_commercial_metrics,0.6730955277978524,-66,-79.09999999999997,0,-7.799999999999997,-0.18,0.0236666666666667,-0.025,0.2664347481162223,0.4130205490009712,3.468,0.22,0.511729808917612,0.1524666666666666,0.76772,0.500712195818169,0.2,0.508889067227471,3.375,0.109
811,2014,Italy,Uruguay,group_or_knockout,True,0.0,55.4,29.7,96.0,clear,57.82,252.85,B_win,Natal,Brazil,2014-06-24,0.1902,5.36,0.129,0.087,58.16,1755,14,594.5,0.34,33.03,0.744,77.8,61.6,11.04,0.3303333333333333,0.8929999999999999,1.3333333333333333,0.0393333333333333,Visa,finance,33.4,190.0,1.0,0.316,0.761,0.842,0.918,real_sponsor_names_with_proxy_commercial_metrics,0.7989842668207419,1684,10,508.3,0.07,29.28,0.661,74.8,44.8,20.58,0.1356666666666666,0.8753333333333333,1.923333333333333,0.1913333333333333,Vivo,technology,19.75,76.46,0.542,0.306,0.797,0.741,0.63,real_sponsor_names_with_proxy_commercial_metrics,0.4425490151146019,71,86.19999999999999,4,3.0,0.27,0.0176666666666666,0.1946666666666667,0.8187106162327391,0.4215699728841086,3.5,0.12,0.4614471585277935,0.241,0.84782,0.5502890173410404,0.2,0.5223200481500871,3.671,0.11
812,2014,Japan,Colombia,group_or_knockout,True,0.0,50.5,24.8,80.3,rain,66.62,160.33,B_win,Cuiabá,Brazil,2014-06-24,0.3806,0.73,0.249,0.232,58.4,1586,4,387.4,-0.2,22.68,0.535,72.8,37.0,11.9,0.25,0.7706666666666667,4.593333333333333,0.3566666666666667,Adidas,apparel,29.47,430.0,1.0,0.558,0.648,0.855,0.917,real_sponsor_names_with_proxy_commercial_metrics,0.8586337787056367,1650,3,462.8,-0.05,24.41,0.599,74.7,50.9,8.73,0.2533333333333333,0.816,4.703333333333333,0.1769999999999999,Vivo,technology,18.25,73.14,0.507,0.422,0.764,0.653,0.613,real_sponsor_names_with_proxy_commercial_metrics,0.3961935311674871,-64,-75.40000000000003,1,-1.9000000000000057,-0.15,-0.0453333333333332,-0.0033333333333333,0.4507401502367096,0.5356223853693117,3.641,0.48,0.52834928585128,0.2417333333333333,0.8034600000000001,0.498992863769357,0.2,0.5756966319630162,3.805,0.129
813,2014,Bosnia and Herzegovina,Iran,group_or_knockout,True,0.0,61.3,14.9,44.4,cloudy,64.42,235.59,A_win,Salvador,Brazil,2014-06-25,0.3583,5.49,0.204,0.22,69.06,1562,1,349.3,-0.33,14.65,0.46,71.1,29.9,10.24,0.2696666666666666,0.8313333333333333,3.1366666666666667,0.146,Mengniu,consumer_goods,16.77,64.43,0.415,0.419,0.615,0.658,0.619,real_sponsor_names_with_proxy_commercial_metrics,0.3320824535453589,1519,3,305.2,-0.44,19.13,0.455,68.7,30.6,12.34,0.1146666666666666,0.8703333333333333,3.7066666666666666,0.2463333333333333,Visa,finance,29.04,190.0,1.0,0.165,0.637,0.935,0.918,real_sponsor_names_with_proxy_commercial_metrics,0.7320693398896354,43,44.10000000000002,-2,2.3999999999999915,0.1099999999999999,-0.039,0.1549999999999999,0.3768136051289465,0.4717838786104056,3.461,0.22,0.589538715714123,0.2292666666666666,0.5903499999999999,0.3517191179618925,0.2,0.4146000180046243,3.331,0.199
814,2014,Ecuador,France,group_or_knockout,True,0.0,51.4,24.3,68.4,windy,55.62,158.1,draw,Rio de Janeiro,Brazil,2014-06-25,0.2672,2.71,0.204,0.149,53.14,1623,2,428.7,-0.08,21.59,0.558,71.6,42.9,13.81,0.1486666666666666,0.8836666666666666,1.9966666666666668,0.0626666666666666,McDonald's,restaurant,16.55,66.18,0.433,0.554,0.689,0.657,0.645,real_sponsor_names_with_proxy_commercial_metrics,0.3468108960326372,1748,13,584.8,0.26,32.28,0.733,77.8,46.5,18.67,0.2083333333333333,0.8296666666666667,3.483333333333333,0.3613333333333333,Qatar Airways,airline,24.02,81.37,0.593,0.647,0.801,0.711,0.647,real_sponsor_names_with_proxy_commercial_metrics,0.5102507613733611,-125,-156.09999999999997,-11,-6.200000000000003,-0.34,0.0539999999999999,-0.0596666666666666,0.4857367378812579,0.4401735828280054,3.272,0.48,0.4036866686299382,0.1357333333333333,0.62832,0.4345673303361165,0.2,0.3830413519656621,3.316,0.2
815,2014,Honduras,Switzerland,group_or_knockout,True,0.0,49.8,16.3,44.7,windy,62.22,175.71,B_win,Manaus,Brazil,2014-06-25,0.3084,6.14,0.134,0.193,65.61,1414,1,177.5,-0.67,13.05,0.328,62.9,9.5,7.33,0.4183333333333334,0.6726666666666666,3.2266666666666666,0.0066666666666666,Visa,finance,28.19,190.0,1.0,0.46,0.538,0.906,0.82,real_sponsor_names_with_proxy_commercial_metrics,0.6940648931255435,1632,7,443.7,-0.12,26.09,0.595,72.7,48.1,17.05,0.1836666666666666,0.914,2.223333333333333,0.2486666666666666,Adidas,apparel,31.4,430.0,1.0,0.14,0.774,0.888,0.845,real_sponsor_names_with_proxy_commercial_metrics,0.90423375782881,-218,-266.2,-6,-9.800000000000004,-0.55,-0.2413333333333334,0.2346666666666667,0.0690300105224019,0.3350709184605049,2.938,0.48,0.5046497234486823,0.3819333333333333,0.75546,0.4205992292870905,0.2,0.4601737762088083,3.038,0.108
816,2014,Nigeria,Argentina,group_or_knockout,True,0.0,62.0,31.8,29.6,rain,66.62,150.67,B_win,Porto Alegre,Brazil,2014-06-25,0.1063,2.81,0.083,0.095,66.62,1585,3,384.6,-0.29,21.98,0.529,75.3,31.3,8.190000000000001,0.2983333333333333,0.916,1.92,-0.066,Coca-Cola,beverage,26.63,180.0,1.0,0.555,0.744,0.906,0.879,real_sponsor_names_with_proxy_commercial_metrics,0.704592483922963,1753,15,591.7,0.26,33.16,0.743,76.8,58.0,19.5,0.2623333333333333,0.8586666666666667,3.813333333333333,0.2106666666666666,Hyundai,automotive,30.74,420.0,1.0,0.338,0.813,0.936,0.851,real_sponsor_names_with_proxy_commercial_metrics,0.9027842922587972,-168,-207.1,-12,-1.5,-0.55,0.0573333333333332,0.0359999999999999,0.4667473504417841,0.3748202990210276,3.437,0.48,0.4321691466261596,0.2125999999999999,0.85083,0.4619997145507742,0.2,0.4828459091926308,3.419,0.128
817,2014,Algeria,Russia,group_or_knockout,True,0.0,52.8,27.9,74.3,rain,60.02,168.72,draw,Curitiba,Brazil,2014-06-26,0.1983,-1.5,0.122,0.176,55.81,1543,2,333.4,-0.31,18.82,0.474,72.2,36.3,11.9,0.258,0.887,1.2466666666666666,0.0059999999999999,Hisense,technology,30.28,200.0,1.0,0.679,0.66,0.889,0.626,real_sponsor_names_with_proxy_commercial_metrics,0.7315493691339694,1676,8,497.3,0.07,27.98,0.645,72.7,49.8,18.23,0.1086666666666666,0.8123333333333332,5.670000000000001,0.13,Hyundai,automotive,26.07,420.0,1.0,0.245,0.69,0.874,0.885,real_sponsor_names_with_proxy_commercial_metrics,0.81405268474314,-133,-163.90000000000003,-6,-0.5,-0.38,0.0746666666666667,0.1493333333333333,0.3657175034061077,0.4078290232680094,3.332,0.48,0.428981474230976,0.1999999999999999,0.77335,0.5537027759937201,0.2,0.4878292699533905,3.309,0.109
818,2014,South Korea,Belgium,group_or_knockout,True,0.0,61.2,23.6,76.6,rain,57.82,133.37,B_win,São Paulo,Brazil,2014-06-26,0.3002,4.58,0.012,0.023,59.25,1548,6,343.4,-0.37,22.9,0.505,70.3,20.2,12.829999999999998,0.151,0.8606666666666666,2.8866666666666667,0.2443333333333333,McDonald's,restaurant,25.44,80.72,0.587,0.49,0.67,0.723,0.661,real_sponsor_names_with_proxy_commercial_metrics,0.5096695074891809,1674,9,495.4,0.02,28.38,0.646,71.5,40.4,23.19,0.142,0.7919999999999999,3.7566666666666655,0.0076666666666666,Visa,finance,26.85,190.0,1.0,0.538,0.72,0.914,0.914,real_sponsor_names_with_proxy_commercial_metrics,0.712621177050387,-126,-152.0,-3,-1.2000000000000028,-0.39,0.0686666666666666,0.009,0.3785695739184261,0.4691905025861796,3.131,0.48,0.3906531087531232,0.1463333333333333,0.6669599999999999,0.4517913366159993,0.2,0.4324190442721584,3.148,0.124
819,2014,Portugal,Ghana,group_or_knockout,True,0.0,61.6,8.4,74.7,cloudy,62.22,186.47,A_win,Brasília,Brazil,2014-06-26,0.3633,1.87,0.109,0.171,61.41,1702,6,527.3,0.14,27.94,0.666,76.8,47.1,14.4,0.2406666666666666,0.7363333333333334,3.2266666666666666,0.0836666666666666,Mengniu,consumer_goods,17.76,59.99,0.368,0.468,0.8,0.643,0.574,real_sponsor_names_with_proxy_commercial_metrics,0.3591620632748621,1600,2,402.0,-0.13,21.31,0.537,68.9,36.1,8.969999999999999,0.3763333333333333,0.8766666666666666,0.7333333333333333,0.2983333333333333,Mengniu,consumer_goods,23.07,63.81,0.408,0.27,0.715,0.668,0.644,real_sponsor_names_with_proxy_commercial_metrics,0.4350286739451539,102,125.29999999999995,4,7.899999999999991,0.27,-0.1403333333333332,-0.1356666666666666,0.6820304126224132,0.4853380571063627,3.573,0.22,0.5121115263304541,0.2498666666666666,0.64909,0.6517201883964889,0.2,0.4163964564418393,3.452,0.194
820,2014,United States,Germany,group_or_knockout,True,0.0,43.2,17.1,50.5,rain,57.82,154.65,B_win,Recife,Brazil,2014-06-26,0.3954,2.01,0.039,0.109,55.73,1578,6,379.0,-0.3,23.84,0.536,71.9,31.0,12.75,0.132,0.7943333333333333,0.7200000000000001,0.0636666666666666,Vivo,technology,22.58,68.24,0.455,0.416,0.676,0.652,0.654,real_sponsor_names_with_proxy_commercial_metrics,0.4316086395935045,1798,20,646.1,0.4,35.62,0.797,81.3,65.9,22.15,0.2123333333333333,0.851,5.576666666666667,0.3273333333333333,Coca-Cola,beverage,29.19,180.0,1.0,0.286,0.859,0.907,0.902,real_sponsor_names_with_proxy_commercial_metrics,0.7594715235889338,-220,-267.1,-14,-9.399999999999991,-0.7,-0.0566666666666666,-0.0803333333333333,0.4407302164904229,0.3878477741517858,2.887,0.48,0.4450017973252563,0.1614666666666666,0.6269199999999999,0.424851709127239,0.2,0.3952646097299924,3.042,0.135
821,2014,Brazil,Chile,group_or_knockout,False,0.18,51.7,27.1,55.3,clear,60.02,131.65,draw,Belo Horizonte,Brazil,2014-06-28,0.0917,-0.25,0.041,0.15,60.83,1829,20,683.6,0.5,36.78,0.83,78.8,57.4,18.61,0.1376666666666667,0.7313333333333333,3.723333333333333,0.206,Adidas,apparel,33.15,430.0,1.0,0.369,0.809,0.916,0.861,real_sponsor_names_with_proxy_commercial_metrics,0.9383411482254695,1622,5,430.7,-0.12,24.93,0.579,72.9,38.6,16.65,0.135,0.8083333333333332,3.453333333333333,0.1826666666666666,Hisense,technology,27.36,200.0,1.0,0.243,0.681,0.911,0.656,real_sponsor_names_with_proxy_commercial_metrics,0.7002451520149715,207,252.90000000000003,15,5.899999999999992,0.62,-0.0769999999999999,0.0026666666666666,0.9764150943396226,0.5574772330090516,3.979,0.12,0.3780818154107452,0.1900666666666667,0.87793,0.3067947620067081,0.2,0.5844180638987962,4.116,0.124
822,2014,Colombia,Uruguay,group_or_knockout,True,0.0,76.7,30.3,70.0,rain,60.02,226.42,A_win,Rio de Janeiro,Brazil,2014-06-28,0.2103,6.21,0.166,0.164,48.67,1650,3,462.8,-0.05,24.41,0.599,74.7,50.9,8.73,0.2533333333333333,0.816,4.703333333333333,0.1769999999999999,Vivo,technology,18.25,73.14,0.507,0.422,0.764,0.653,0.613,real_sponsor_names_with_proxy_commercial_metrics,0.3961935311674871,1684,10,508.3,0.07,29.28,0.661,74.8,44.8,20.58,0.1356666666666666,0.8753333333333333,1.923333333333333,0.1913333333333333,Vivo,technology,19.75,76.46,0.542,0.306,0.797,0.741,0.63,real_sponsor_names_with_proxy_commercial_metrics,0.4425490151146019,-34,-45.5,-7,-0.0999999999999943,-0.12,-0.0593333333333333,0.1176666666666667,0.5635569682915822,0.4553377789567728,3.719,0.48,0.4544658175188941,0.2256,0.6673399999999999,0.5975502747448798,0.2,0.4093657890918721,3.484,0.191
823,2014,Costa Rica,Greece,group_or_knockout,True,0.0,42.9,29.7,64.3,windy,60.02,193.29,draw,Recife,Brazil,2014-06-29,0.1367,1.71,0.199,0.23,66.48,1585,3,384.6,-0.19,21.98,0.529,73.1,26.3,15.16,0.1976666666666666,0.8413333333333334,2.26,0.2056666666666666,Visa,finance,31.23,190.0,1.0,0.397,0.677,0.885,0.896,real_sponsor_names_with_proxy_commercial_metrics,0.7601475027288838,1521,1,305.1,-0.4,17.11,0.443,66.0,32.8,9.21,0.1196666666666666,0.7983333333333333,2.74,0.2183333333333333,Budweiser,beverage,30.87,200.0,1.0,0.603,0.686,0.866,0.554,real_sponsor_names_with_proxy_commercial_metrics,0.7356856321819861,64,79.5,2,7.099999999999994,0.21,0.043,0.078,0.445992633460652,0.5163485948100054,3.416,0.48,0.4695414867312719,0.1820666666666666,0.8199899999999999,0.5573137086990652,0.2,0.540795904547988,3.517,0.113
824,2014,Netherlands,Mexico,group_or_knockout,True,0.0,30.5,13.4,51.7,clear,62.22,156.84,A_win,Fortaleza,Brazil,2014-06-29,0.1011,6.11,0.154,0.173,56.04,1746,9,581.1,0.35,31.14,0.724,75.8,49.9,15.97,0.1103333333333333,0.742,2.733333333333333,0.1786666666666666,Hisense,technology,32.27,200.0,1.0,0.505,0.811,0.856,0.664,real_sponsor_names_with_proxy_commercial_metrics,0.781083544499314,1612,10,421.9,-0.18,26.83,0.584,72.1,37.6,18.89,0.2446666666666666,0.7546666666666667,1.1233333333333333,0.211,Hyundai,automotive,28.5,420.0,1.0,0.636,0.712,0.897,0.88,real_sponsor_names_with_proxy_commercial_metrics,0.853187632551073,134,159.20000000000005,-1,3.700000000000003,0.53,-0.0126666666666667,-0.1343333333333333,0.7581498473599972,0.5102167717995687,3.559,0.12,0.4047884441126412,0.1694,0.8342200000000001,0.3822796688788982,0.2,0.5339052356062429,3.776,0.117
825,2014,France,Nigeria,group_or_knockout,True,0.0,33.8,24.8,32.1,hot,60.02,178.65,A_win,Brasília,Brazil,2014-06-30,0.2499,1.89,0.116,0.142,51.67,1748,13,584.8,0.26,32.28,0.733,77.8,46.5,18.67,0.2083333333333333,0.8296666666666667,3.483333333333333,0.3613333333333333,Qatar Airways,airline,24.02,81.37,0.593,0.647,0.801,0.711,0.647,real_sponsor_names_with_proxy_commercial_metrics,0.5102507613733611,1585,3,384.6,-0.29,21.98,0.529,75.3,31.3,8.190000000000001,0.2983333333333333,0.916,1.92,-0.066,Coca-Cola,beverage,26.63,180.0,1.0,0.555,0.744,0.906,0.879,real_sponsor_names_with_proxy_commercial_metrics,0.704592483922963,163,200.2,10,2.5,0.55,-0.0863333333333332,-0.09,0.8018213325687816,0.6188615366611592,3.565,0.62,0.4321450017736477,0.1931333333333333,0.7179599999999999,0.3467212588310854,0.2,0.4870968133494608,3.687,0.153
826,2014,Germany,Algeria,group_or_knockout,True,0.0,58.4,29.1,59.8,windy,62.22,173.68,A_win,Porto Alegre,Brazil,2014-06-30,0.15,0.85,0.08,0.157,65.82,1798,20,646.1,0.4,35.62,0.797,81.3,65.9,22.15,0.2123333333333333,0.851,5.576666666666667,0.3273333333333333,Coca-Cola,beverage,29.19,180.0,1.0,0.286,0.859,0.907,0.902,real_sponsor_names_with_proxy_commercial_metrics,0.7594715235889338,1543,2,333.4,-0.31,18.82,0.474,72.2,36.3,11.9,0.258,0.887,1.2466666666666666,0.0059999999999999,Hisense,technology,30.28,200.0,1.0,0.679,0.66,0.889,0.626,real_sponsor_names_with_proxy_commercial_metrics,0.7315493691339694,255,312.70000000000005,18,9.099999999999994,0.71,-0.036,-0.0456666666666666,0.9510351228677828,0.7240039070645379,4.253,0.48,0.4510271531630947,0.1869999999999999,0.90283,0.5222623278384357,0.2,0.6063758902720336,4.158,0.142
827,2014,Argentina,Switzerland,group_or_knockout,True,0.0,58.4,13.0,75.3,clear,57.82,129.59,A_win,São Paulo,Brazil,2014-07-01,0.2588,5.57,0.131,0.191,49.91,1753,15,591.7,0.26,33.16,0.743,76.8,58.0,19.5,0.2623333333333333,0.8586666666666667,3.813333333333333,0.2106666666666666,Hyundai,automotive,30.74,420.0,1.0,0.338,0.813,0.936,0.851,real_sponsor_names_with_proxy_commercial_metrics,0.9027842922587972,1632,7,443.7,-0.12,26.09,0.595,72.7,48.1,17.05,0.1836666666666666,0.914,2.223333333333333,0.2486666666666666,Adidas,apparel,31.4,430.0,1.0,0.14,0.774,0.888,0.845,real_sponsor_names_with_proxy_commercial_metrics,0.90423375782881,121,148.00000000000006,8,4.099999999999994,0.38,-0.0553333333333333,0.0786666666666666,0.8112048561394937,0.5915866429525888,4.147,0.12,0.3942003251066667,0.2139333333333333,0.8831100000000001,0.4946596017983301,0.2,0.5879519551901696,4.056,0.132
828,2014,Belgium,United States,group_or_knockout,True,0.0,56.5,23.0,38.8,cloudy,62.22,181.35,A_win,Salvador,Brazil,2014-07-01,0.2009,2.65,0.09,0.152,70.84,1674,9,495.4,0.02,28.38,0.646,71.5,40.4,23.19,0.142,0.7919999999999999,3.7566666666666655,0.0076666666666666,Visa,finance,26.85,190.0,1.0,0.538,0.72,0.914,0.914,real_sponsor_names_with_proxy_commercial_metrics,0.712621177050387,1578,6,379.0,-0.3,23.84,0.536,71.9,31.0,12.75,0.132,0.7943333333333333,0.7200000000000001,0.0636666666666666,Vivo,technology,22.58,68.24,0.455,0.416,0.676,0.652,0.654,real_sponsor_names_with_proxy_commercial_metrics,0.4316086395935045,96,116.39999999999998,3,-0.4000000000000057,0.32,-0.0023333333333334,0.0099999999999999,0.6045045124588039,0.6402767533272892,4.004,0.22,0.4819697582727145,0.1684,0.8480000000000001,0.1688510668664811,0.2,0.5713165250782768,3.872,0.144
829,2014,Brazil,Colombia,group_or_knockout,False,0.18,73.8,24.6,68.2,windy,62.22,149.42,A_win,Fortaleza,Brazil,2014-07-04,0.2909,2.67,0.151,0.064,57.95,1829,20,683.6,0.5,36.78,0.83,78.8,57.4,18.61,0.1376666666666667,0.7313333333333333,3.723333333333333,0.206,Adidas,apparel,33.15,430.0,1.0,0.369,0.809,0.916,0.861,real_sponsor_names_with_proxy_commercial_metrics,0.9383411482254695,1650,3,462.8,-0.05,24.41,0.599,74.7,50.9,8.73,0.2533333333333333,0.816,4.703333333333333,0.1769999999999999,Vivo,technology,18.25,73.14,0.507,0.422,0.764,0.653,0.613,real_sponsor_names_with_proxy_commercial_metrics,0.3961935311674871,179,220.8,17,4.099999999999994,0.55,-0.0846666666666666,-0.1156666666666666,0.9764150943396226,0.57355368118003,4.341,0.48,0.4300896198880874,0.1900666666666667,0.87793,0.4415066010133447,0.2,0.5993210302821387,4.222,0.127
830,2014,France,Germany,group_or_knockout,True,0.0,24.0,21.2,63.3,windy,57.82,126.82,B_win,Rio de Janeiro,Brazil,2014-07-04,0.3296,0.11,0.034,0.074,51.27,1748,13,584.8,0.26,32.28,0.733,77.8,46.5,18.67,0.2083333333333333,0.8296666666666667,3.483333333333333,0.3613333333333333,Qatar Airways,airline,24.02,81.37,0.593,0.647,0.801,0.711,0.647,real_sponsor_names_with_proxy_commercial_metrics,0.5102507613733611,1798,20,646.1,0.4,35.62,0.797,81.3,65.9,22.15,0.2123333333333333,0.851,5.576666666666667,0.3273333333333333,Coca-Cola,beverage,29.19,180.0,1.0,0.286,0.859,0.907,0.902,real_sponsor_names_with_proxy_commercial_metrics,0.7594715235889338,-50,-61.30000000000007,-7,-3.5,-0.14,-0.0213333333333333,-0.004,0.8018213325687816,0.5909267892474267,3.183,0.48,0.3866708075296965,0.1931333333333333,0.7179599999999999,0.3735129522586169,0.2,0.4701802452248255,3.554,0.148
831,2014,Argentina,Belgium,group_or_knockout,True,0.0,63.1,11.9,70.0,clear,57.82,104.9,A_win,Brasília,Brazil,2014-07-05,0.22,1.84,0.212,0.25,46.39,1753,15,591.7,0.26,33.16,0.743,76.8,58.0,19.5,0.2623333333333333,0.8586666666666667,3.813333333333333,0.2106666666666666,Hyundai,automotive,30.74,420.0,1.0,0.338,0.813,0.936,0.851,real_sponsor_names_with_proxy_commercial_metrics,0.9027842922587972,1674,9,495.4,0.02,28.38,0.646,71.5,40.4,23.19,0.142,0.7919999999999999,3.7566666666666655,0.0076666666666666,Visa,finance,26.85,190.0,1.0,0.538,0.72,0.914,0.914,real_sponsor_names_with_proxy_commercial_metrics,0.712621177050387,79,96.30000000000008,6,5.299999999999997,0.24,0.0666666666666667,0.1203333333333333,0.8112048561394937,0.5829905945584727,4.157,0.12,0.3708484795580844,0.2139333333333333,0.8831100000000001,0.5003710839934347,0.2,0.5808746925301006,4.0,0.13
832,2014,Netherlands,Costa Rica,group_or_knockout,True,0.0,78.3,21.0,72.0,clear,55.62,143.76,draw,Salvador,Brazil,2014-07-05,0.1571,3.7,0.111,0.08,44.22,1746,9,581.1,0.35,31.14,0.724,75.8,49.9,15.97,0.1103333333333333,0.742,2.733333333333333,0.1786666666666666,Hisense,technology,32.27,200.0,1.0,0.505,0.811,0.856,0.664,real_sponsor_names_with_proxy_commercial_metrics,0.781083544499314,1585,3,384.6,-0.19,21.98,0.529,73.1,26.3,15.16,0.1976666666666666,0.8413333333333334,2.26,0.2056666666666666,Visa,finance,31.23,190.0,1.0,0.397,0.677,0.885,0.896,real_sponsor_names_with_proxy_commercial_metrics,0.7601475027288838,161,196.5,6,2.700000000000003,0.54,-0.0993333333333333,-0.0873333333333333,0.7581498473599972,0.4759938682301446,3.814,0.12,0.3237945560252615,0.1694,0.8342200000000001,0.2723078569899379,0.2,0.5081240449893282,3.719,0.115
833,2014,Brazil,Germany,group_or_knockout,False,0.18,43.3,21.0,46.9,rain,73.22,245.24,B_win,Belo Horizonte,Brazil,2014-07-08,0.2912,0.07,0.186,0.223,59.62,1829,20,683.6,0.5,36.78,0.83,78.8,57.4,18.61,0.1376666666666667,0.7313333333333333,3.723333333333333,0.206,Adidas,apparel,33.15,430.0,1.0,0.369,0.809,0.916,0.861,real_sponsor_names_with_proxy_commercial_metrics,0.9383411482254695,1798,20,646.1,0.4,35.62,0.797,81.3,65.9,22.15,0.2123333333333333,0.851,5.576666666666667,0.3273333333333333,Coca-Cola,beverage,29.19,180.0,1.0,0.286,0.859,0.907,0.902,real_sponsor_names_with_proxy_commercial_metrics,0.7594715235889338,31,37.5,0,-2.5,0.0999999999999999,-0.1196666666666667,-0.0746666666666666,0.9764150943396226,0.6563625910226496,4.025,0.48,0.6022846392098044,0.1900666666666667,0.87793,0.3078510668664811,0.2,0.6569465289024154,4.317,0.13
834,2014,Netherlands,Argentina,group_or_knockout,True,0.0,53.1,22.1,32.1,clear,55.62,130.85,draw,São Paulo,Brazil,2014-07-09,0.11,1.67,0.227,0.215,43.48,1746,9,581.1,0.35,31.14,0.724,75.8,49.9,15.97,0.1103333333333333,0.742,2.733333333333333,0.1786666666666666,Hisense,technology,32.27,200.0,1.0,0.505,0.811,0.856,0.664,real_sponsor_names_with_proxy_commercial_metrics,0.781083544499314,1753,15,591.7,0.26,33.16,0.743,76.8,58.0,19.5,0.2623333333333333,0.8586666666666667,3.813333333333333,0.2106666666666666,Hyundai,automotive,30.74,420.0,1.0,0.338,0.813,0.936,0.851,real_sponsor_names_with_proxy_commercial_metrics,0.9027842922587972,-7,-10.600000000000025,-6,-1.0,0.0899999999999999,-0.1166666666666667,-0.152,0.7581498473599972,0.471499134136664,3.566,0.12,0.3321956651780248,0.1694,0.8342200000000001,0.0764900449582531,0.2,0.5085457412737063,3.629,0.112
835,2014,Brazil,Netherlands,group_or_knockout,False,0.18,48.2,19.6,49.5,clear,62.22,360.13,B_win,Brasília,Brazil,2014-07-12,0.146,1.92,0.182,0.134,55.86,1829,20,683.6,0.5,36.78,0.83,78.8,57.4,18.61,0.1376666666666667,0.7313333333333333,3.723333333333333,0.206,Adidas,apparel,33.15,430.0,1.0,0.369,0.809,0.916,0.861,real_sponsor_names_with_proxy_commercial_metrics,0.9383411482254695,1746,9,581.1,0.35,31.14,0.724,75.8,49.9,15.97,0.1103333333333333,0.742,2.733333333333333,0.1786666666666666,Hisense,technology,32.27,200.0,1.0,0.505,0.811,0.856,0.664,real_sponsor_names_with_proxy_commercial_metrics,0.781083544499314,83,102.5,11,3.0,0.15,-0.0106666666666667,0.0273333333333333,0.9764150943396226,0.6469142869768792,4.075,0.12,0.5577024628814493,0.1900666666666667,0.87793,0.2115018197388138,0.2,0.6453845685039288,4.363,0.132
836,2014,Germany,Argentina,group_or_knockout,True,0.0,46.4,20.3,72.2,clear,57.82,211.73,A_win,Rio de Janeiro,Brazil,2014-07-13,0.1962,2.94,0.22,0.099,51.56,1798,20,646.1,0.4,35.62,0.797,81.3,65.9,22.15,0.2123333333333333,0.851,5.576666666666667,0.3273333333333333,Coca-Cola,beverage,29.19,180.0,1.0,0.286,0.859,0.907,0.902,real_sponsor_names_with_proxy_commercial_metrics,0.7594715235889338,1753,15,591.7,0.26,33.16,0.743,76.8,58.0,19.5,0.2623333333333333,0.8586666666666667,3.813333333333333,0.2106666666666666,Hyundai,automotive,30.74,420.0,1.0,0.338,0.813,0.936,0.851,real_sponsor_names_with_proxy_commercial_metrics,0.9027842922587972,45,54.39999999999998,5,4.5,0.14,-0.0076666666666667,-0.05,0.9510351228677828,0.7174720395327472,4.145,0.12,0.4193261846512811,0.1869999999999999,0.90283,0.2913801470063512,0.2,0.5982067736607696,4.147,0.142
837,2018,Russia,Saudi Arabia,group_or_knockout,False,0.18,53.8,22.8,49.3,clear,68.08,280.31,A_win,Moscow,Russia,2018-06-14,0.1105,5.91,-0.009,0.052,63.64,1676,8,497.3,0.07,27.98,0.645,72.7,49.8,18.23,0.1086666666666666,0.8123333333333332,5.670000000000001,0.13,Hyundai,automotive,26.07,420.0,1.0,0.245,0.69,0.874,0.885,real_sponsor_names_with_proxy_commercial_metrics,0.81405268474314,1543,3,334.4,-0.47,20.17,0.482,68.2,34.6,13.01,0.2876666666666667,0.8483333333333333,5.266666666666667,0.2613333333333333,Visa,finance,27.16,190.0,1.0,0.611,0.648,0.864,0.904,real_sponsor_names_with_proxy_commercial_metrics,0.6981078576349381,133,162.90000000000003,5,4.5,0.54,-0.036,-0.179,0.6134810916271758,0.6798189842731307,4.316,0.12,0.5191956354141092,0.1402666666666666,0.82105,0.1690191250981231,0.2,0.612092087017652,4.362,0.167
838,2018,Egypt,Uruguay,group_or_knockout,True,0.0,76.6,25.7,46.9,cloudy,59.28,211.65,B_win,Ekaterinburg,Russia,2018-06-15,0.0897,2.17,0.117,0.225,51.21,1408,1,169.0,-0.71,11.98,0.316,63.5,15.1,8.15,0.2326666666666666,0.6676666666666667,6.896666666666666,0.1536666666666666,Hyundai,automotive,30.54,420.0,1.0,0.558,0.597,0.912,0.85,real_sponsor_names_with_proxy_commercial_metrics,0.8623203047848934,1684,10,508.3,0.07,29.28,0.661,74.8,44.8,20.58,0.1356666666666666,0.8753333333333333,1.923333333333333,0.1913333333333333,Vivo,technology,19.75,76.46,0.542,0.306,0.797,0.741,0.63,real_sponsor_names_with_proxy_commercial_metrics,0.4425490151146019,-276,-339.3,-9,-11.299999999999995,-0.78,-0.2076666666666665,0.097,0.0646393014452089,0.4429637149313623,3.523,0.22,0.4272925221132075,0.2725333333333333,0.7862399999999998,0.2740822807393135,0.2,0.5261668177517973,3.325,0.109
839,2018,Morocco,Iran,group_or_knockout,True,0.0,81.9,21.2,28.9,cloudy,59.28,284.6,B_win,Saint Petersburg,Russia,2018-06-15,0.2774,1.35,0.244,0.169,47.58,1552,4,345.5,-0.26,21.17,0.496,69.2,34.3,12.67,0.2156666666666666,0.86,4.223333333333334,-0.0613333333333333,Mengniu,consumer_goods,19.44,62.12,0.391,0.28,0.668,0.598,0.65,real_sponsor_names_with_proxy_commercial_metrics,0.365598332426661,1519,3,305.2,-0.44,19.13,0.455,68.7,30.6,12.34,0.1146666666666666,0.8703333333333333,3.7066666666666666,0.2463333333333333,Visa,finance,29.04,190.0,1.0,0.165,0.637,0.935,0.918,real_sponsor_names_with_proxy_commercial_metrics,0.7320693398896354,33,40.30000000000001,1,0.5,0.18,-0.0103333333333333,0.1009999999999999,0.3627181368394233,0.4966651815768486,3.412,0.22,0.5106956649733536,0.1853999999999999,0.59794,0.120870976949975,0.2,0.4175365836185869,3.299,0.17
840,2018,Portugal,Spain,group_or_knockout,True,0.0,53.6,20.5,86.0,cloudy,70.28,161.12,draw,Sochi,Russia,2018-06-15,0.3301,8.57,0.197,0.156,56.62,1702,6,527.3,0.14,27.94,0.666,76.8,47.1,14.4,0.2406666666666666,0.7363333333333334,3.2266666666666666,0.0836666666666666,Mengniu,consumer_goods,17.76,59.99,0.368,0.468,0.8,0.643,0.574,real_sponsor_names_with_proxy_commercial_metrics,0.3591620632748621,1708,12,537.2,0.18,30.58,0.689,77.4,45.2,19.26,0.2126666666666666,0.84,4.25,0.077,Budweiser,beverage,27.85,200.0,1.0,0.321,0.724,0.933,0.612,real_sponsor_names_with_proxy_commercial_metrics,0.7135544213260362,-6,-9.900000000000093,-6,-0.6000000000000085,-0.0399999999999999,-0.1036666666666665,0.0279999999999999,0.6820304126224132,0.5127443446649426,3.414,0.22,0.5115162436144128,0.2498666666666666,0.64909,0.3858074644972525,0.2,0.4239511604150334,3.512,0.198
841,2018,France,Australia,group_or_knockout,True,0.0,82.8,23.6,71.2,rain,63.68,88.84,A_win,Kazan,Russia,2018-06-16,0.2643,1.89,0.304,0.188,53.85,1748,13,584.8,0.26,32.28,0.733,77.8,46.5,18.67,0.2083333333333333,0.8296666666666667,3.483333333333333,0.3613333333333333,Qatar Airways,airline,24.02,81.37,0.593,0.647,0.801,0.711,0.647,real_sponsor_names_with_proxy_commercial_metrics,0.5102507613733611,1539,3,329.7,-0.4,20.21,0.479,69.8,32.1,7.37,0.2113333333333333,0.8620000000000001,3.056666666666666,0.0496666666666666,Hyundai,automotive,29.32,420.0,1.0,0.218,0.705,0.903,0.913,real_sponsor_names_with_proxy_commercial_metrics,0.8662849811940794,209,255.1,10,8.0,0.66,-0.0323333333333334,-0.003,0.8018213325687816,0.6040461664538113,3.934,0.48,0.4056963289215159,0.1931333333333333,0.7179599999999999,0.4284580032826661,0.2,0.477658775120977,3.676,0.153
842,2018,Argentina,Iceland,group_or_knockout,True,0.0,58.5,11.5,70.3,clear,61.48,155.06,draw,Moscow,Russia,2018-06-16,0.1068,2.4,0.293,0.268,54.96,1753,15,591.7,0.26,33.16,0.743,76.8,58.0,19.5,0.2623333333333333,0.8586666666666667,3.813333333333333,0.2106666666666666,Hyundai,automotive,30.74,420.0,1.0,0.338,0.813,0.936,0.851,real_sponsor_names_with_proxy_commercial_metrics,0.9027842922587972,1388,1,142.7,-0.67,8.65,0.277,64.1,13.5,5.97,0.1969999999999999,0.8216666666666667,5.133333333333334,0.4829999999999999,Adidas,apparel,32.31,430.0,1.0,0.229,0.583,0.936,0.914,real_sponsor_names_with_proxy_commercial_metrics,0.8970924008350732,365,449.00000000000006,14,12.700000000000005,0.93,0.037,0.0653333333333333,0.8112048561394937,0.6169070547976389,4.086,0.12,0.42155583434727,0.2139333333333333,0.8831100000000001,0.5120720045671876,0.2,0.6005127723549043,4.167,0.136
843,2018,Peru,Denmark,group_or_knockout,True,0.0,80.8,25.9,73.5,clear,59.28,198.06,B_win,Saransk,Russia,2018-06-16,0.1661,2.05,0.18,0.157,49.4,1576,3,374.1,-0.28,21.13,0.516,66.6,39.7,14.92,0.2316666666666666,0.8953333333333333,3.016666666666667,0.1463333333333333,Hisense,technology,33.45,200.0,1.0,0.314,0.647,0.931,0.617,real_sponsor_names_with_proxy_commercial_metrics,0.7773160705953475,1642,4,453.4,0.04,24.3,0.592,71.5,43.1,19.09,0.1573333333333333,0.8273333333333334,2.966666666666667,0.3496666666666666,Coca-Cola,beverage,33.85,180.0,1.0,0.685,0.715,0.895,0.825,real_sponsor_names_with_proxy_commercial_metrics,0.7927174317308963,-66,-79.29999999999995,-1,-4.900000000000006,-0.32,0.0679999999999999,0.0743333333333333,0.3706351825344051,0.5259901836998595,3.593,0.12,0.4174054486072737,0.1808666666666666,0.7770400000000001,0.35422286448298,0.2,0.5312477981002989,3.443,0.103
844,2018,Croatia,Nigeria,group_or_knockout,True,0.0,56.8,23.0,67.2,clear,61.48,183.3,A_win,Kaliningrad,Russia,2018-06-16,0.3092,2.22,0.136,0.134,56.04,1671,5,489.2,0.13,26.28,0.629,75.1,52.8,21.52,0.2903333333333333,0.7756666666666666,3.4933333333333336,0.102,Hisense,technology,28.53,200.0,1.0,0.267,0.792,0.927,0.587,real_sponsor_names_with_proxy_commercial_metrics,0.7311319787373097,1585,3,384.6,-0.29,21.98,0.529,75.3,31.3,8.190000000000001,0.2983333333333333,0.916,1.92,-0.066,Coca-Cola,beverage,26.63,180.0,1.0,0.555,0.744,0.906,0.879,real_sponsor_names_with_proxy_commercial_metrics,0.704592483922963,86,104.59999999999997,2,-0.2000000000000028,0.42,-0.1403333333333333,-0.008,0.6114873261612664,0.6177267389699435,3.913,0.12,0.4686042352050697,0.2639333333333333,0.8324399999999998,0.2515671162491972,0.2,0.5588616088495525,3.828,0.134
845,2018,Costa Rica,Serbia,group_or_knockout,True,0.0,59.7,23.2,54.1,clear,59.28,182.99,B_win,Samara,Russia,2018-06-17,0.2675,2.96,0.08,0.197,65.92,1585,3,384.6,-0.19,21.98,0.529,73.1,26.3,15.16,0.1976666666666666,0.8413333333333334,2.26,0.2056666666666666,Visa,finance,31.23,190.0,1.0,0.397,0.677,0.885,0.896,real_sponsor_names_with_proxy_commercial_metrics,0.7601475027288838,1559,2,352.7,-0.38,20.1,0.495,68.8,36.3,15.31,0.141,0.848,1.7433333333333334,0.1526666666666666,Vivo,technology,23.55,77.75,0.555,0.452,0.729,0.727,0.578,real_sponsor_names_with_proxy_commercial_metrics,0.4808105137096679,26,31.90000000000004,1,4.299999999999997,0.19,-0.0066666666666665,0.0566666666666666,0.445992633460652,0.5094360337180948,3.466,0.12,0.4848225030359848,0.1820666666666666,0.8199899999999999,0.2001644901163205,0.2,0.5419165907031955,3.482,0.111
846,2018,Germany,Mexico,group_or_knockout,True,0.0,62.8,28.8,55.4,clear,59.28,245.21,B_win,Moscow,Russia,2018-06-17,0.3756,4.73,0.118,0.187,51.82,1798,20,646.1,0.4,35.62,0.797,81.3,65.9,22.15,0.2123333333333333,0.851,5.576666666666667,0.3273333333333333,Coca-Cola,beverage,29.19,180.0,1.0,0.286,0.859,0.907,0.902,real_sponsor_names_with_proxy_commercial_metrics,0.7594715235889338,1612,10,421.9,-0.18,26.83,0.584,72.1,37.6,18.89,0.2446666666666666,0.7546666666666667,1.1233333333333333,0.211,Hyundai,automotive,28.5,420.0,1.0,0.636,0.712,0.897,0.88,real_sponsor_names_with_proxy_commercial_metrics,0.853187632551073,186,224.20000000000005,10,9.200000000000005,0.5800000000000001,0.0963333333333332,-0.0323333333333333,0.9510351228677828,0.7356915450294319,4.127,0.12,0.5235948136914235,0.1869999999999999,0.90283,0.3514465139513309,0.2,0.6241619610078697,4.22,0.145
847,2018,Brazil,Switzerland,group_or_knockout,True,0.0,95.0,11.3,51.2,clear,61.48,195.52,draw,Rostov-on-Don,Russia,2018-06-17,0.5549,3.65,0.124,0.14,51.68,1829,20,683.6,0.5,36.78,0.83,78.8,57.4,18.61,0.1376666666666667,0.7313333333333333,3.723333333333333,0.206,Adidas,apparel,33.15,430.0,1.0,0.369,0.809,0.916,0.861,real_sponsor_names_with_proxy_commercial_metrics,0.9383411482254695,1632,7,443.7,-0.12,26.09,0.595,72.7,48.1,17.05,0.1836666666666666,0.914,2.223333333333333,0.2486666666666666,Adidas,apparel,31.4,430.0,1.0,0.14,0.774,0.888,0.845,real_sponsor_names_with_proxy_commercial_metrics,0.90423375782881,197,239.90000000000003,13,6.099999999999994,0.62,-0.1826666666666667,-0.0459999999999999,0.9764150943396226,0.5862772938195148,4.499,0.12,0.5364213888538581,0.1900666666666667,0.87793,0.4347434525083851,0.2,0.6241499956143485,4.213,0.127
848,2018,Sweden,South Korea,group_or_knockout,True,0.0,69.1,11.2,96.0,clear,59.28,211.87,A_win,Nizhny Novgorod,Russia,2018-06-18,0.2005,5.06,0.109,0.084,60.43,1654,9,471.1,0.0,27.67,0.624,74.4,39.2,19.34,0.1766666666666666,0.6789999999999999,3.783333333333333,0.1453333333333333,Budweiser,beverage,26.29,200.0,1.0,0.625,0.705,0.91,0.618,real_sponsor_names_with_proxy_commercial_metrics,0.6867753190295852,1548,6,343.4,-0.37,22.9,0.505,70.3,20.2,12.829999999999998,0.151,0.8606666666666666,2.8866666666666667,0.2443333333333333,McDonald's,restaurant,25.44,80.72,0.587,0.49,0.67,0.723,0.661,real_sponsor_names_with_proxy_commercial_metrics,0.5096695074891809,106,127.70000000000005,3,4.1000000000000085,0.37,-0.1816666666666666,0.0256666666666666,0.6002235585615322,0.5735940050987136,4.025,0.12,0.4466081842530416,0.2344,0.7963,0.6309248554913295,0.2,0.5281720348453487,3.862,0.147
849,2018,Belgium,Panama,group_or_knockout,True,0.0,48.8,24.6,66.9,clear,63.68,139.88,A_win,Sochi,Russia,2018-06-18,0.2005,4.99,0.083,0.18,60.92,1674,9,495.4,0.02,28.38,0.646,71.5,40.4,23.19,0.142,0.7919999999999999,3.7566666666666655,0.0076666666666666,Visa,finance,26.85,190.0,1.0,0.538,0.72,0.914,0.914,real_sponsor_names_with_proxy_commercial_metrics,0.712621177050387,1388,1,142.7,-1.0,8.65,0.277,60.1,12.9,4.46,0.146,0.6433333333333334,2.8366666666666664,0.476,Qatar Airways,airline,19.76,61.75,0.387,0.348,0.609,0.68,0.597,real_sponsor_names_with_proxy_commercial_metrics,0.3665311600293806,286,352.7,8,11.4,1.02,0.1486666666666665,-0.004,0.6045045124588039,0.6324017336259583,3.899,0.12,0.4412748635631467,0.1684,0.8480000000000001,0.2918893170627275,0.2,0.5609725406199906,3.911,0.146
850,2018,Tunisia,England,group_or_knockout,True,0.0,70.6,23.0,50.6,rain,63.68,133.91,B_win,Volgograd,Russia,2018-06-18,0.2658,3.24,0.188,0.182,50.75,1519,3,305.2,-0.39,19.13,0.455,66.6,27.6,11.21,0.2033333333333333,0.8946666666666667,3.3266666666666667,0.1976666666666666,Hyundai,automotive,28.75,420.0,1.0,0.7,0.649,0.867,0.833,real_sponsor_names_with_proxy_commercial_metrics,0.8393101168934529,1695,13,522.2,0.16,30.51,0.678,76.6,52.6,19.34,0.28,0.7986666666666666,2.61,0.1863333333333333,McDonald's,restaurant,20.29,74.13,0.517,0.758,0.819,0.654,0.569,real_sponsor_names_with_proxy_commercial_metrics,0.4320601407850143,-176,-217.00000000000009,-10,-10.0,-0.55,0.096,-0.0766666666666666,0.2806268442018452,0.47571685369579,3.675,0.48,0.4303512124748707,0.1641333333333333,0.79428,0.3238387211874688,0.2,0.5380565895842241,3.623,0.126
851,2018,Colombia,Japan,group_or_knockout,True,0.0,53.3,24.0,65.4,cloudy,63.68,285.95,B_win,Saransk,Russia,2018-06-19,0.1291,3.59,0.292,0.145,67.73,1650,3,462.8,-0.05,24.41,0.599,74.7,50.9,8.73,0.2533333333333333,0.816,4.703333333333333,0.1769999999999999,Vivo,technology,18.25,73.14,0.507,0.422,0.764,0.653,0.613,real_sponsor_names_with_proxy_commercial_metrics,0.3961935311674871,1586,4,387.4,-0.2,22.68,0.535,72.8,37.0,11.9,0.25,0.7706666666666667,4.593333333333333,0.3566666666666667,Adidas,apparel,29.47,430.0,1.0,0.558,0.648,0.855,0.917,real_sponsor_names_with_proxy_commercial_metrics,0.8586337787056367,64,75.40000000000003,-1,1.9000000000000057,0.15,0.0453333333333332,0.0033333333333333,0.5635569682915822,0.4925164900445768,3.37,0.22,0.5378479799933595,0.2256,0.6673399999999999,0.309800899165061,0.2,0.4364522606913503,3.596,0.197
852,2018,Poland,Senegal,group_or_knockout,True,0.0,51.6,20.2,41.8,windy,63.68,187.19,B_win,Moscow,Russia,2018-06-19,0.3623,5.13,0.231,0.13,66.07,1685,6,506.6,0.05,27.64,0.65,72.7,42.5,15.85,0.2053333333333333,0.815,3.9733333333333327,0.268,Coca-Cola,beverage,28.97,180.0,1.0,0.581,0.749,0.899,0.847,real_sponsor_names_with_proxy_commercial_metrics,0.7339961373676395,1638,2,445.8,0.08,21.81,0.572,72.8,30.1,9.94,0.1993333333333333,0.7706666666666666,2.3433333333333333,0.2143333333333333,Budweiser,beverage,31.49,200.0,1.0,0.344,0.754,0.934,0.653,real_sponsor_names_with_proxy_commercial_metrics,0.7707489933510884,47,60.80000000000001,4,-0.0999999999999943,-0.03,0.0443333333333333,0.006,0.616436840876696,0.5803197291838297,3.623,0.48,0.5216480002758741,0.1972,0.84638,0.3066232783843573,0.2,0.5656393971948807,3.826,0.132
853,2018,Russia,Egypt,group_or_knockout,False,0.18,69.8,27.0,82.1,rain,65.88,158.12,A_win,Saint Petersburg,Russia,2018-06-19,0.1668,0.47,0.13,0.095,74.56,1676,8,497.3,0.07,27.98,0.645,72.7,49.8,18.23,0.1086666666666666,0.8123333333333332,5.670000000000001,0.13,Hyundai,automotive,26.07,420.0,1.0,0.245,0.69,0.874,0.885,real_sponsor_names_with_proxy_commercial_metrics,0.81405268474314,1408,1,169.0,-0.71,11.98,0.316,63.5,15.1,8.15,0.2326666666666666,0.6676666666666667,6.896666666666666,0.1536666666666666,Hyundai,automotive,30.54,420.0,1.0,0.558,0.597,0.912,0.85,real_sponsor_names_with_proxy_commercial_metrics,0.8623203047848934,268,328.3,7,9.200000000000005,0.78,0.1446666666666665,-0.124,0.6134810916271758,0.6273877619703739,4.336,0.48,0.47009539251661,0.1402666666666666,0.82105,0.5639960750731463,0.2,0.5875912961933804,4.269,0.164
854,2018,Portugal,Morocco,group_or_knockout,True,0.0,58.4,28.6,47.4,cloudy,59.28,142.35,A_win,Moscow,Russia,2018-06-20,0.1755,8.05,0.237,0.139,66.26,1702,6,527.3,0.14,27.94,0.666,76.8,47.1,14.4,0.2406666666666666,0.7363333333333334,3.2266666666666666,0.0836666666666666,Mengniu,consumer_goods,17.76,59.99,0.368,0.468,0.8,0.643,0.574,real_sponsor_names_with_proxy_commercial_metrics,0.3591620632748621,1552,4,345.5,-0.26,21.17,0.496,69.2,34.3,12.67,0.2156666666666666,0.86,4.223333333333334,-0.0613333333333333,Mengniu,consumer_goods,19.44,62.12,0.391,0.28,0.668,0.598,0.65,real_sponsor_names_with_proxy_commercial_metrics,0.365598332426661,150,181.79999999999995,2,7.599999999999994,0.4,-0.1236666666666665,0.0249999999999999,0.6820304126224132,0.4567610941486352,3.474,0.22,0.41600207060176,0.2498666666666666,0.64909,0.3516763005780348,0.2,0.3891730156679367,3.438,0.194
855,2018,Uruguay,Saudi Arabia,group_or_knockout,True,0.0,61.6,25.9,66.0,clear,59.28,141.25,A_win,Rostov-on-Don,Russia,2018-06-20,0.2897,1.72,0.184,0.09,58.71,1684,10,508.3,0.07,29.28,0.661,74.8,44.8,20.58,0.1356666666666666,0.8753333333333333,1.923333333333333,0.1913333333333333,Vivo,technology,19.75,76.46,0.542,0.306,0.797,0.741,0.63,real_sponsor_names_with_proxy_commercial_metrics,0.4425490151146019,1543,3,334.4,-0.47,20.17,0.482,68.2,34.6,13.01,0.2876666666666667,0.8483333333333333,5.266666666666667,0.2613333333333333,Visa,finance,27.16,190.0,1.0,0.611,0.648,0.864,0.904,real_sponsor_names_with_proxy_commercial_metrics,0.6981078576349381,141,173.90000000000003,7,6.599999999999994,0.54,0.027,-0.152,0.6570661125383135,0.5846441137790805,3.767,0.12,0.4162903039651201,0.1312666666666666,0.71205,0.3218154570755726,0.2,0.4609811762786711,3.658,0.185
856,2018,Iran,Spain,group_or_knockout,True,0.0,58.2,21.4,75.1,cloudy,59.28,138.9,B_win,Kazan,Russia,2018-06-20,0.1906,2.06,0.153,0.109,60.88,1519,3,305.2,-0.44,19.13,0.455,68.7,30.6,12.34,0.1146666666666666,0.8703333333333333,3.7066666666666666,0.2463333333333333,Visa,finance,29.04,190.0,1.0,0.165,0.637,0.935,0.918,real_sponsor_names_with_proxy_commercial_metrics,0.7320693398896354,1708,12,537.2,0.18,30.58,0.689,77.4,45.2,19.26,0.2126666666666666,0.84,4.25,0.077,Budweiser,beverage,27.85,200.0,1.0,0.321,0.724,0.933,0.612,real_sponsor_names_with_proxy_commercial_metrics,0.7135544213260362,-189,-232.00000000000009,-9,-8.700000000000003,-0.62,0.0303333333333333,-0.0979999999999999,0.3004381649565623,0.4874085767582061,3.391,0.22,0.397068357216595,0.1206666666666666,0.8189899999999999,0.3152982944408763,0.2,0.5150033145091292,3.419,0.118
857,2018,Denmark,Australia,group_or_knockout,True,0.0,62.4,10.4,64.2,clear,61.48,122.66,draw,Samara,Russia,2018-06-21,0.2262,0.26,0.148,0.118,57.02,1642,4,453.4,0.04,24.3,0.592,71.5,43.1,19.09,0.1573333333333333,0.8273333333333334,2.966666666666667,0.3496666666666666,Coca-Cola,beverage,33.85,180.0,1.0,0.685,0.715,0.895,0.825,real_sponsor_names_with_proxy_commercial_metrics,0.7927174317308963,1539,3,329.7,-0.4,20.21,0.479,69.8,32.1,7.37,0.2113333333333333,0.8620000000000001,3.056666666666666,0.0496666666666666,Hyundai,automotive,29.32,420.0,1.0,0.218,0.705,0.903,0.913,real_sponsor_names_with_proxy_commercial_metrics,0.8662849811940794,103,123.7,1,1.7000000000000028,0.44,-0.0346666666666667,-0.0539999999999999,0.526123570801118,0.6006308042521775,3.629,0.12,0.3992718415896167,0.1634666666666666,0.8277999999999999,0.5143266966388353,0.2,0.5603671771239481,3.609,0.107
858,2018,France,Peru,group_or_knockout,True,0.0,63.5,27.6,59.5,cloudy,59.28,111.29,A_win,Ekaterinburg,Russia,2018-06-21,0.1871,0.32,0.14,0.131,65.2,1748,13,584.8,0.26,32.28,0.733,77.8,46.5,18.67,0.2083333333333333,0.8296666666666667,3.483333333333333,0.3613333333333333,Qatar Airways,airline,24.02,81.37,0.593,0.647,0.801,0.711,0.647,real_sponsor_names_with_proxy_commercial_metrics,0.5102507613733611,1576,3,374.1,-0.28,21.13,0.516,66.6,39.7,14.92,0.2316666666666666,0.8953333333333333,3.016666666666667,0.1463333333333333,Hisense,technology,33.45,200.0,1.0,0.314,0.647,0.931,0.617,real_sponsor_names_with_proxy_commercial_metrics,0.7773160705953475,172,210.7,10,11.200000000000005,0.54,-0.0656666666666666,-0.0233333333333333,0.8018213325687816,0.5920830168261029,3.755,0.22,0.3916766839899243,0.1931333333333333,0.7179599999999999,0.377948690501677,0.2,0.4715051642389004,3.611,0.15
859,2018,Argentina,Croatia,group_or_knockout,True,0.0,32.8,30.3,58.2,clear,63.68,172.31,B_win,Nizhny Novgorod,Russia,2018-06-21,0.0939,4.85,0.208,0.249,62.34,1753,15,591.7,0.26,33.16,0.743,76.8,58.0,19.5,0.2623333333333333,0.8586666666666667,3.813333333333333,0.2106666666666666,Hyundai,automotive,30.74,420.0,1.0,0.338,0.813,0.936,0.851,real_sponsor_names_with_proxy_commercial_metrics,0.9027842922587972,1671,5,489.2,0.13,26.28,0.629,75.1,52.8,21.52,0.2903333333333333,0.7756666666666666,3.4933333333333336,0.102,Hisense,technology,28.53,200.0,1.0,0.267,0.792,0.927,0.587,real_sponsor_names_with_proxy_commercial_metrics,0.7311319787373097,82,102.50000000000006,10,1.7000000000000028,0.13,0.083,-0.0279999999999999,0.8112048561394937,0.6328024602320866,3.794,0.12,0.4560147644618651,0.2139333333333333,0.8831100000000001,0.4025626204238921,0.2,0.6118552718994688,4.114,0.134
860,2018,Brazil,Costa Rica,group_or_knockout,True,0.0,66.7,26.9,57.1,cloudy,61.48,148.81,A_win,Saint Petersburg,Russia,2018-06-22,0.2466,7.57,0.167,0.158,55.16,1829,20,683.6,0.5,36.78,0.83,78.8,57.4,18.61,0.1376666666666667,0.7313333333333333,3.723333333333333,0.206,Adidas,apparel,33.15,430.0,1.0,0.369,0.809,0.916,0.861,real_sponsor_names_with_proxy_commercial_metrics,0.9383411482254695,1585,3,384.6,-0.19,21.98,0.529,73.1,26.3,15.16,0.1976666666666666,0.8413333333333334,2.26,0.2056666666666666,Visa,finance,31.23,190.0,1.0,0.397,0.677,0.885,0.896,real_sponsor_names_with_proxy_commercial_metrics,0.7601475027288838,244,299.0,17,5.700000000000003,0.69,-0.1100000000000001,-0.0599999999999999,0.9764150943396226,0.5700147818515453,4.269,0.22,0.4294091532977906,0.1900666666666667,0.87793,0.3493702276457575,0.2,0.5981940451521035,4.177,0.126
861,2018,Nigeria,Iceland,group_or_knockout,True,0.0,45.2,17.7,48.8,clear,61.48,239.54,A_win,Volgograd,Russia,2018-06-22,0.1049,1.61,0.098,0.117,48.16,1585,3,384.6,-0.29,21.98,0.529,75.3,31.3,8.190000000000001,0.2983333333333333,0.916,1.92,-0.066,Coca-Cola,beverage,26.63,180.0,1.0,0.555,0.744,0.906,0.879,real_sponsor_names_with_proxy_commercial_metrics,0.704592483922963,1388,1,142.7,-0.67,8.65,0.277,64.1,13.5,5.97,0.1969999999999999,0.8216666666666667,5.133333333333334,0.4829999999999999,Adidas,apparel,32.31,430.0,1.0,0.229,0.583,0.936,0.914,real_sponsor_names_with_proxy_commercial_metrics,0.8970924008350732,197,241.90000000000003,2,11.200000000000005,0.38,0.0943333333333332,0.1013333333333333,0.4667473504417841,0.3826553551218455,3.539,0.12,0.4300412606049749,0.2125999999999999,0.85083,0.2578990936987083,0.2,0.4846141476966228,3.557,0.134
862,2018,Serbia,Switzerland,group_or_knockout,True,0.0,39.3,27.0,50.8,rain,63.68,197.54,B_win,Kaliningrad,Russia,2018-06-22,0.3859,3.53,0.094,0.174,63.11,1559,2,352.7,-0.38,20.1,0.495,68.8,36.3,15.31,0.141,0.848,1.7433333333333334,0.1526666666666666,Vivo,technology,23.55,77.75,0.555,0.452,0.729,0.727,0.578,real_sponsor_names_with_proxy_commercial_metrics,0.4808105137096679,1632,7,443.7,-0.12,26.09,0.595,72.7,48.1,17.05,0.1836666666666666,0.914,2.223333333333333,0.2486666666666666,Adidas,apparel,31.4,430.0,1.0,0.14,0.774,0.888,0.845,real_sponsor_names_with_proxy_commercial_metrics,0.90423375782881,-73,-91.0,-5,-3.9000000000000057,-0.26,-0.066,-0.0426666666666666,0.358888880308777,0.5190044458260239,3.06,0.48,0.5392418990204362,0.1454,0.67453,0.4287491614928994,0.2,0.4702743479256942,3.307,0.14
863,2018,Belgium,Tunisia,group_or_knockout,True,0.0,57.2,28.2,81.7,hot,72.48,223.1,A_win,Moscow,Russia,2018-06-23,0.4199,3.26,0.181,0.183,70.24,1674,9,495.4,0.02,28.38,0.646,71.5,40.4,23.19,0.142,0.7919999999999999,3.7566666666666655,0.0076666666666666,Visa,finance,26.85,190.0,1.0,0.538,0.72,0.914,0.914,real_sponsor_names_with_proxy_commercial_metrics,0.712621177050387,1519,3,305.2,-0.39,19.13,0.455,66.6,27.6,11.21,0.2033333333333333,0.8946666666666667,3.3266666666666667,0.1976666666666666,Hyundai,automotive,28.75,420.0,1.0,0.7,0.649,0.867,0.833,real_sponsor_names_with_proxy_commercial_metrics,0.8393101168934529,155,190.2,6,4.900000000000006,0.41,-0.1026666666666668,-0.0613333333333333,0.6045045124588039,0.700934177889644,4.128,0.62,0.6340977952676486,0.1684,0.8480000000000001,0.6494815528437878,0.2,0.6187262113547229,4.065,0.151
864,2018,South Korea,Mexico,group_or_knockout,True,0.0,59.1,32.4,56.3,rain,63.68,147.79,B_win,Rostov-on-Don,Russia,2018-06-23,0.1959,4.9,0.19,0.193,68.28,1548,6,343.4,-0.37,22.9,0.505,70.3,20.2,12.829999999999998,0.151,0.8606666666666666,2.8866666666666667,0.2443333333333333,McDonald's,restaurant,25.44,80.72,0.587,0.49,0.67,0.723,0.661,real_sponsor_names_with_proxy_commercial_metrics,0.5096695074891809,1612,10,421.9,-0.18,26.83,0.584,72.1,37.6,18.89,0.2446666666666666,0.7546666666666667,1.1233333333333333,0.211,Hyundai,automotive,28.5,420.0,1.0,0.636,0.712,0.897,0.88,real_sponsor_names_with_proxy_commercial_metrics,0.853187632551073,-64,-78.5,-4,-1.7999999999999972,-0.19,0.1059999999999998,-0.0936666666666666,0.3785695739184261,0.5005534170891087,3.174,0.48,0.4671672721687476,0.1463333333333333,0.6669599999999999,0.5929770213373295,0.2,0.4565034930161034,3.221,0.127
865,2018,Germany,Sweden,group_or_knockout,True,0.0,49.0,17.7,45.4,cloudy,63.68,175.91,A_win,Sochi,Russia,2018-06-23,0.3556,7.46,0.131,0.177,53.96,1798,20,646.1,0.4,35.62,0.797,81.3,65.9,22.15,0.2123333333333333,0.851,5.576666666666667,0.3273333333333333,Coca-Cola,beverage,29.19,180.0,1.0,0.286,0.859,0.907,0.902,real_sponsor_names_with_proxy_commercial_metrics,0.7594715235889338,1654,9,471.1,0.0,27.67,0.624,74.4,39.2,19.34,0.1766666666666666,0.6789999999999999,3.783333333333333,0.1453333333333333,Budweiser,beverage,26.29,200.0,1.0,0.625,0.705,0.91,0.618,real_sponsor_names_with_proxy_commercial_metrics,0.6867753190295852,144,175.0,11,6.899999999999992,0.4,0.172,0.0356666666666666,0.9510351228677828,0.7313434404139513,4.179,0.22,0.4930053300289111,0.1869999999999999,0.90283,0.283207735674017,0.2,0.6168265949830327,4.194,0.144
866,2018,England,Panama,group_or_knockout,True,0.0,68.8,21.6,49.7,cloudy,72.48,229.15,A_win,Nizhny Novgorod,Russia,2018-06-24,0.146,5.99,0.066,0.12,77.81,1695,13,522.2,0.16,30.51,0.678,76.6,52.6,19.34,0.28,0.7986666666666666,2.61,0.1863333333333333,McDonald's,restaurant,20.29,74.13,0.517,0.758,0.819,0.654,0.569,real_sponsor_names_with_proxy_commercial_metrics,0.4320601407850143,1388,1,142.7,-1.0,8.65,0.277,60.1,12.9,4.46,0.146,0.6433333333333334,2.8366666666666664,0.476,Qatar Airways,airline,19.76,61.75,0.387,0.348,0.609,0.68,0.597,real_sponsor_names_with_proxy_commercial_metrics,0.3665311600293806,307,379.50000000000006,12,16.499999999999993,1.16,0.1553333333333332,0.134,0.7074856858162286,0.6494692264046144,3.935,0.22,0.5660420123197751,0.2485333333333333,0.68589,0.2003428958823949,0.2,0.4958668196456505,3.809,0.188
867,2018,Japan,Senegal,group_or_knockout,True,0.0,40.6,27.5,75.6,clear,65.88,230.07,draw,Ekaterinburg,Russia,2018-06-24,0.1934,2.3,0.256,0.329,51.75,1586,4,387.4,-0.2,22.68,0.535,72.8,37.0,11.9,0.25,0.7706666666666667,4.593333333333333,0.3566666666666667,Adidas,apparel,29.47,430.0,1.0,0.558,0.648,0.855,0.917,real_sponsor_names_with_proxy_commercial_metrics,0.8586337787056367,1638,2,445.8,0.08,21.81,0.572,72.8,30.1,9.94,0.1993333333333333,0.7706666666666666,2.3433333333333333,0.2143333333333333,Budweiser,beverage,31.49,200.0,1.0,0.344,0.754,0.934,0.653,real_sponsor_names_with_proxy_commercial_metrics,0.7707489933510884,-52,-58.400000000000034,2,0.0,-0.28,1.1102230246251563e-16,0.0506666666666666,0.4507401502367096,0.556576479338764,3.701,0.12,0.5313345437457273,0.2417333333333333,0.8034600000000001,0.4049154356668807,0.2,0.5821608298533523,3.838,0.13
868,2018,Poland,Colombia,group_or_knockout,True,0.0,52.7,23.3,68.8,rain,63.68,177.25,B_win,Kazan,Russia,2018-06-24,0.2395,3.91,0.239,0.243,63.13,1685,6,506.6,0.05,27.64,0.65,72.7,42.5,15.85,0.2053333333333333,0.815,3.9733333333333327,0.268,Coca-Cola,beverage,28.97,180.0,1.0,0.581,0.749,0.899,0.847,real_sponsor_names_with_proxy_commercial_metrics,0.7339961373676395,1650,3,462.8,-0.05,24.41,0.599,74.7,50.9,8.73,0.2533333333333333,0.816,4.703333333333333,0.1769999999999999,Vivo,technology,18.25,73.14,0.507,0.422,0.764,0.653,0.613,real_sponsor_names_with_proxy_commercial_metrics,0.3961935311674871,35,43.80000000000001,3,-2.0,0.1,-0.001,-0.048,0.616436840876696,0.5768590276432257,3.623,0.48,0.500497771284486,0.1972,0.84638,0.4102841647042032,0.2,0.560440354965234,3.775,0.13
869,2018,Russia,Uruguay,group_or_knockout,False,0.18,50.4,16.3,67.0,cloudy,63.68,246.17,B_win,Samara,Russia,2018-06-25,0.1321,4.12,-0.003,0.033,58.77,1676,8,497.3,0.07,27.98,0.645,72.7,49.8,18.23,0.1086666666666666,0.8123333333333332,5.670000000000001,0.13,Hyundai,automotive,26.07,420.0,1.0,0.245,0.69,0.874,0.885,real_sponsor_names_with_proxy_commercial_metrics,0.81405268474314,1684,10,508.3,0.07,29.28,0.661,74.8,44.8,20.58,0.1356666666666666,0.8753333333333333,1.923333333333333,0.1913333333333333,Vivo,technology,19.75,76.46,0.542,0.306,0.797,0.741,0.63,real_sponsor_names_with_proxy_commercial_metrics,0.4425490151146019,-8,-11.0,-2,-2.0999999999999943,0.0,-0.063,-0.027,0.6134810916271758,0.6481535106833717,4.013,0.22,0.459914259950522,0.1402666666666666,0.82105,0.4129572539784485,0.2,0.5913694793198021,4.257,0.163
870,2018,Saudi Arabia,Egypt,group_or_knockout,True,0.0,57.4,25.5,53.9,clear,63.68,182.38,A_win,Volgograd,Russia,2018-06-25,0.0732,2.76,0.263,0.213,57.27,1543,3,334.4,-0.47,20.17,0.482,68.2,34.6,13.01,0.2876666666666667,0.8483333333333333,5.266666666666667,0.2613333333333333,Visa,finance,27.16,190.0,1.0,0.611,0.648,0.864,0.904,real_sponsor_names_with_proxy_commercial_metrics,0.6981078576349381,1408,1,169.0,-0.71,11.98,0.316,63.5,15.1,8.15,0.2326666666666666,0.6676666666666667,6.896666666666666,0.1536666666666666,Hyundai,automotive,30.54,420.0,1.0,0.558,0.597,0.912,0.85,real_sponsor_names_with_proxy_commercial_metrics,0.8623203047848934,135,165.39999999999998,2,4.700000000000003,0.24,0.1806666666666665,0.055,0.3337070048861339,0.5612347612741442,3.731,0.12,0.436470894790643,0.2332666666666667,0.80376,0.2591268821808321,0.2,0.5265161979472742,3.645,0.134
871,2018,Spain,Morocco,group_or_knockout,True,0.0,61.6,26.5,67.2,clear,65.88,235.06,draw,Kaliningrad,Russia,2018-06-25,0.2738,0.5,0.139,0.125,61.66,1708,12,537.2,0.18,30.58,0.689,77.4,45.2,19.26,0.2126666666666666,0.84,4.25,0.077,Budweiser,beverage,27.85,200.0,1.0,0.321,0.724,0.933,0.612,real_sponsor_names_with_proxy_commercial_metrics,0.7135544213260362,1552,4,345.5,-0.26,21.17,0.496,69.2,34.3,12.67,0.2156666666666666,0.86,4.223333333333334,-0.0613333333333333,Mengniu,consumer_goods,19.44,62.12,0.391,0.28,0.668,0.598,0.65,real_sponsor_names_with_proxy_commercial_metrics,0.365598332426661,156,191.70000000000005,8,8.200000000000003,0.44,-0.02,-0.003,0.7299678934836586,0.6410620406865613,4.004,0.12,0.5321396386871361,0.1915999999999999,0.80913,0.3426075786769428,0.2,0.5749605602479132,3.995,0.143
872,2018,Iran,Portugal,group_or_knockout,True,0.0,44.9,23.5,47.7,windy,61.48,153.17,draw,Saransk,Russia,2018-06-25,0.2399,1.12,0.171,0.191,52.9,1519,3,305.2,-0.44,19.13,0.455,68.7,30.6,12.34,0.1146666666666666,0.8703333333333333,3.7066666666666666,0.2463333333333333,Visa,finance,29.04,190.0,1.0,0.165,0.637,0.935,0.918,real_sponsor_names_with_proxy_commercial_metrics,0.7320693398896354,1702,6,527.3,0.14,27.94,0.666,76.8,47.1,14.4,0.2406666666666666,0.7363333333333334,3.2266666666666666,0.0836666666666666,Mengniu,consumer_goods,17.76,59.99,0.368,0.468,0.8,0.643,0.574,real_sponsor_names_with_proxy_commercial_metrics,0.3591620632748621,-183,-222.1,-3,-8.099999999999994,-0.5800000000000001,0.1339999999999999,-0.126,0.3004381649565623,0.5022664680486902,3.392,0.48,0.4332285740747905,0.1206666666666666,0.8189899999999999,0.3243136373367587,0.2,0.5263955674421038,3.439,0.118
873,2018,Australia,Peru,group_or_knockout,True,0.0,67.4,24.3,53.8,cloudy,61.48,105.76,B_win,Sochi,Russia,2018-06-26,0.2947,5.21,0.247,0.149,52.01,1539,3,329.7,-0.4,20.21,0.479,69.8,32.1,7.37,0.2113333333333333,0.8620000000000001,3.056666666666666,0.0496666666666666,Hyundai,automotive,29.32,420.0,1.0,0.218,0.705,0.903,0.913,real_sponsor_names_with_proxy_commercial_metrics,0.8662849811940794,1576,3,374.1,-0.28,21.13,0.516,66.6,39.7,14.92,0.2316666666666666,0.8953333333333333,3.016666666666667,0.1463333333333333,Hisense,technology,33.45,200.0,1.0,0.314,0.647,0.931,0.617,real_sponsor_names_with_proxy_commercial_metrics,0.7773160705953475,-37,-44.400000000000034,0,3.200000000000003,-0.12,-0.0333333333333332,-0.0203333333333333,0.3425474064388163,0.3528646312158523,3.504,0.22,0.4009272674914886,0.1819999999999999,0.8387999999999999,0.26748091058303,0.2,0.5094079457253154,3.566,0.122
874,2018,Denmark,France,group_or_knockout,True,0.0,58.8,21.4,73.5,cloudy,57.08,175.84,draw,Moscow,Russia,2018-06-26,0.3031,5.43,0.288,0.18,61.07,1642,4,453.4,0.04,24.3,0.592,71.5,43.1,19.09,0.1573333333333333,0.8273333333333334,2.966666666666667,0.3496666666666666,Coca-Cola,beverage,33.85,180.0,1.0,0.685,0.715,0.895,0.825,real_sponsor_names_with_proxy_commercial_metrics,0.7927174317308963,1748,13,584.8,0.26,32.28,0.733,77.8,46.5,18.67,0.2083333333333333,0.8296666666666667,3.483333333333333,0.3613333333333333,Qatar Airways,airline,24.02,81.37,0.593,0.647,0.801,0.711,0.647,real_sponsor_names_with_proxy_commercial_metrics,0.5102507613733611,-106,-131.39999999999998,-9,-6.299999999999997,-0.22,-0.0023333333333332,-0.0509999999999999,0.526123570801118,0.5993665840352098,3.622,0.22,0.4616115049651675,0.1634666666666666,0.8277999999999999,0.3083847141939627,0.2,0.5724811281383073,3.601,0.106
875,2018,Nigeria,Argentina,group_or_knockout,True,0.0,33.4,31.9,72.0,cloudy,63.68,222.95,B_win,Saint Petersburg,Russia,2018-06-26,0.2433,2.36,0.236,0.216,54.89,1585,3,384.6,-0.29,21.98,0.529,75.3,31.3,8.190000000000001,0.2983333333333333,0.916,1.92,-0.066,Coca-Cola,beverage,26.63,180.0,1.0,0.555,0.744,0.906,0.879,real_sponsor_names_with_proxy_commercial_metrics,0.704592483922963,1753,15,591.7,0.26,33.16,0.743,76.8,58.0,19.5,0.2623333333333333,0.8586666666666667,3.813333333333333,0.2106666666666666,Hyundai,automotive,30.74,420.0,1.0,0.338,0.813,0.936,0.851,real_sponsor_names_with_proxy_commercial_metrics,0.9027842922587972,-168,-207.1,-12,-1.5,-0.55,0.0573333333333332,0.0359999999999999,0.4667473504417841,0.3867690563174563,3.222,0.22,0.5084716448302393,0.2125999999999999,0.85083,0.5438107471633483,0.2,0.5014520608764468,3.48,0.131
876,2018,Iceland,Croatia,group_or_knockout,True,0.0,32.5,17.6,42.3,clear,63.68,213.78,B_win,Rostov-on-Don,Russia,2018-06-26,0.4928,3.35,0.175,0.243,66.57,1388,1,142.7,-0.67,8.65,0.277,64.1,13.5,5.97,0.1969999999999999,0.8216666666666667,5.133333333333334,0.4829999999999999,Adidas,apparel,32.31,430.0,1.0,0.229,0.583,0.936,0.914,real_sponsor_names_with_proxy_commercial_metrics,0.8970924008350732,1671,5,489.2,0.13,26.28,0.629,75.1,52.8,21.52,0.2903333333333333,0.7756666666666666,3.4933333333333336,0.102,Hisense,technology,28.53,200.0,1.0,0.267,0.792,0.927,0.587,real_sponsor_names_with_proxy_commercial_metrics,0.7311319787373097,-283,-346.5,-4,-11.0,-0.8,0.046,-0.0933333333333333,0.0377358490566037,0.4845615661619309,3.17,0.12,0.6061859105534755,0.1895333333333332,0.79596,0.232413830014986,0.2,0.5882789968364533,3.413,0.106
877,2018,South Korea,Germany,group_or_knockout,True,0.0,57.8,19.5,44.3,cloudy,61.48,197.73,A_win,Kazan,Russia,2018-06-27,0.1245,5.31,0.046,0.126,63.7,1548,6,343.4,-0.37,22.9,0.505,70.3,20.2,12.829999999999998,0.151,0.8606666666666666,2.8866666666666667,0.2443333333333333,McDonald's,restaurant,25.44,80.72,0.587,0.49,0.67,0.723,0.661,real_sponsor_names_with_proxy_commercial_metrics,0.5096695074891809,1798,20,646.1,0.4,35.62,0.797,81.3,65.9,22.15,0.2123333333333333,0.851,5.576666666666667,0.3273333333333333,Coca-Cola,beverage,29.19,180.0,1.0,0.286,0.859,0.907,0.902,real_sponsor_names_with_proxy_commercial_metrics,0.7594715235889338,-250,-302.70000000000005,-14,-11.0,-0.77,0.0096666666666666,-0.0613333333333333,0.3785695739184261,0.5080508221690659,3.407,0.22,0.4450570875188721,0.1463333333333333,0.6669599999999999,0.231633840005709,0.2,0.4541807295085164,3.169,0.125
878,2018,Mexico,Sweden,group_or_knockout,True,0.0,55.1,23.1,59.7,clear,63.68,165.05,B_win,Ekaterinburg,Russia,2018-06-27,0.3295,-0.78,-0.006,0.139,50.44,1612,10,421.9,-0.18,26.83,0.584,72.1,37.6,18.89,0.2446666666666666,0.7546666666666667,1.1233333333333333,0.211,Hyundai,automotive,28.5,420.0,1.0,0.636,0.712,0.897,0.88,real_sponsor_names_with_proxy_commercial_metrics,0.853187632551073,1654,9,471.1,0.0,27.67,0.624,74.4,39.2,19.34,0.1766666666666666,0.6789999999999999,3.783333333333333,0.1453333333333333,Budweiser,beverage,26.29,200.0,1.0,0.625,0.705,0.91,0.618,real_sponsor_names_with_proxy_commercial_metrics,0.6867753190295852,-42,-49.200000000000045,1,-2.300000000000012,-0.18,0.0756666666666667,0.068,0.5181915824104364,0.5467545312218952,3.754,0.12,0.4598173663683934,0.2449333333333332,0.83529,0.2217608649111539,0.2,0.5680643738280668,3.809,0.134
879,2018,Serbia,Brazil,group_or_knockout,True,0.0,56.7,28.3,85.6,cloudy,61.48,140.17,B_win,Moscow,Russia,2018-06-27,0.2734,1.86,0.226,0.216,67.45,1559,2,352.7,-0.38,20.1,0.495,68.8,36.3,15.31,0.141,0.848,1.7433333333333334,0.1526666666666666,Vivo,technology,23.55,77.75,0.555,0.452,0.729,0.727,0.578,real_sponsor_names_with_proxy_commercial_metrics,0.4808105137096679,1829,20,683.6,0.5,36.78,0.83,78.8,57.4,18.61,0.1376666666666667,0.7313333333333333,3.723333333333333,0.206,Adidas,apparel,33.15,430.0,1.0,0.369,0.809,0.916,0.861,real_sponsor_names_with_proxy_commercial_metrics,0.9383411482254695,-270,-330.90000000000003,-18,-10.0,-0.88,0.1166666666666667,0.0033333333333332,0.358888880308777,0.4891408969500234,3.143,0.22,0.4748588620230576,0.1454,0.67453,0.5089345607650039,0.2,0.4490359468409384,3.175,0.135
880,2018,Switzerland,Costa Rica,group_or_knockout,True,0.0,57.6,14.0,27.4,rain,65.88,219.71,draw,Nizhny Novgorod,Russia,2018-06-27,0.2234,7.04,0.264,0.219,70.11,1632,7,443.7,-0.12,26.09,0.595,72.7,48.1,17.05,0.1836666666666666,0.914,2.223333333333333,0.2486666666666666,Adidas,apparel,31.4,430.0,1.0,0.14,0.774,0.888,0.845,real_sponsor_names_with_proxy_commercial_metrics,0.90423375782881,1585,3,384.6,-0.19,21.98,0.529,73.1,26.3,15.16,0.1976666666666666,0.8413333333333334,2.26,0.2056666666666666,Visa,finance,31.23,190.0,1.0,0.397,0.677,0.885,0.896,real_sponsor_names_with_proxy_commercial_metrics,0.7601475027288838,47,59.099999999999966,4,-0.3999999999999915,0.07,0.0726666666666666,-0.0139999999999999,0.5385464489432931,0.6062146451554595,3.973,0.48,0.5505190412625546,0.1445999999999999,0.85383,0.4056727324627132,0.2,0.623720210774954,4.031,0.128
881,2018,Japan,Poland,group_or_knockout,True,0.0,60.9,15.1,62.5,clear,59.28,190.89,B_win,Volgograd,Russia,2018-06-28,0.2959,3.43,0.091,0.118,63.23,1586,4,387.4,-0.2,22.68,0.535,72.8,37.0,11.9,0.25,0.7706666666666667,4.593333333333333,0.3566666666666667,Adidas,apparel,29.47,430.0,1.0,0.558,0.648,0.855,0.917,real_sponsor_names_with_proxy_commercial_metrics,0.8586337787056367,1685,6,506.6,0.05,27.64,0.65,72.7,42.5,15.85,0.2053333333333333,0.815,3.9733333333333327,0.268,Coca-Cola,beverage,28.97,180.0,1.0,0.581,0.749,0.899,0.847,real_sponsor_names_with_proxy_commercial_metrics,0.7339961373676395,-99,-119.20000000000005,-2,0.0999999999999943,-0.25,-0.0443333333333332,0.0446666666666666,0.4507401502367096,0.5132666230319392,3.712,0.12,0.4726907903198131,0.2417333333333333,0.8034600000000001,0.3847266823663741,0.2,0.5583053194022585,3.758,0.128
882,2018,Senegal,Colombia,group_or_knockout,True,0.0,70.3,10.8,36.0,rain,59.28,144.78,B_win,Samara,Russia,2018-06-28,0.1897,0.43,0.135,0.187,63.51,1638,2,445.8,0.08,21.81,0.572,72.8,30.1,9.94,0.1993333333333333,0.7706666666666666,2.3433333333333333,0.2143333333333333,Budweiser,beverage,31.49,200.0,1.0,0.344,0.754,0.934,0.653,real_sponsor_names_with_proxy_commercial_metrics,0.7707489933510884,1650,3,462.8,-0.05,24.41,0.599,74.7,50.9,8.73,0.2533333333333333,0.816,4.703333333333333,0.1769999999999999,Vivo,technology,18.25,73.14,0.507,0.422,0.764,0.653,0.613,real_sponsor_names_with_proxy_commercial_metrics,0.3961935311674871,-12,-17.0,-1,-1.9000000000000057,0.13,-0.0453333333333333,-0.054,0.5202671092235914,0.396124981079425,3.442,0.48,0.4266227874273257,0.2113333333333333,0.82813,0.5260702205095268,0.2,0.5004775105919653,3.401,0.108
883,2018,Panama,Tunisia,group_or_knockout,True,0.0,43.6,23.2,47.9,clear,63.68,248.27,B_win,Saransk,Russia,2018-06-28,0.3648,3.05,0.112,0.203,63.03,1388,1,142.7,-1.0,8.65,0.277,60.1,12.9,4.46,0.146,0.6433333333333334,2.8366666666666664,0.476,Qatar Airways,airline,19.76,61.75,0.387,0.348,0.609,0.68,0.597,real_sponsor_names_with_proxy_commercial_metrics,0.3665311600293806,1519,3,305.2,-0.39,19.13,0.455,66.6,27.6,11.21,0.2033333333333333,0.8946666666666667,3.3266666666666667,0.1976666666666666,Hyundai,automotive,28.75,420.0,1.0,0.7,0.649,0.867,0.833,real_sponsor_names_with_proxy_commercial_metrics,0.8393101168934529,-131,-162.5,-2,-6.499999999999993,-0.61,-0.2513333333333333,-0.0573333333333333,0.0,0.3881793856877135,2.694,0.12,0.5777824608402203,0.2302666666666666,0.58499,0.1733743666595304,0.2,0.3962967985676552,2.91,0.147
884,2018,England,Belgium,group_or_knockout,True,0.0,42.8,16.3,52.2,rain,59.28,132.3,B_win,Kaliningrad,Russia,2018-06-28,0.5033,4.95,0.109,0.167,67.44,1695,13,522.2,0.16,30.51,0.678,76.6,52.6,19.34,0.28,0.7986666666666666,2.61,0.1863333333333333,McDonald's,restaurant,20.29,74.13,0.517,0.758,0.819,0.654,0.569,real_sponsor_names_with_proxy_commercial_metrics,0.4320601407850143,1674,9,495.4,0.02,28.38,0.646,71.5,40.4,23.19,0.142,0.7919999999999999,3.7566666666666655,0.0076666666666666,Visa,finance,26.85,190.0,1.0,0.538,0.72,0.914,0.914,real_sponsor_names_with_proxy_commercial_metrics,0.712621177050387,21,26.800000000000068,4,5.099999999999994,0.14,0.0066666666666667,0.138,0.7074856858162286,0.5564120518708667,3.286,0.48,0.5091030089194161,0.2485333333333333,0.68589,0.4530066366944979,0.2,0.4584230100961293,3.552,0.175
885,2018,France,Argentina,group_or_knockout,True,0.0,43.8,20.7,51.3,cloudy,72.48,175.9,A_win,Kazan,Russia,2018-06-30,0.2392,-2.55,0.242,0.198,61.21,1748,13,584.8,0.26,32.28,0.733,77.8,46.5,18.67,0.2083333333333333,0.8296666666666667,3.483333333333333,0.3613333333333333,Qatar Airways,airline,24.02,81.37,0.593,0.647,0.801,0.711,0.647,real_sponsor_names_with_proxy_commercial_metrics,0.5102507613733611,1753,15,591.7,0.26,33.16,0.743,76.8,58.0,19.5,0.2623333333333333,0.8586666666666667,3.813333333333333,0.2106666666666666,Hyundai,automotive,30.74,420.0,1.0,0.338,0.813,0.936,0.851,real_sponsor_names_with_proxy_commercial_metrics,0.9027842922587972,-5,-6.900000000000091,-2,1.0,0.0,-0.029,-0.054,0.8018213325687816,0.6739155416949537,3.749,0.22,0.5304890197554676,0.1931333333333333,0.7179599999999999,0.2306668807535859,0.2,0.5221807383552872,3.724,0.155
886,2018,Uruguay,Portugal,group_or_knockout,True,0.0,61.8,27.0,49.5,cloudy,63.68,287.74,A_win,Sochi,Russia,2018-06-30,0.2336,3.17,0.174,0.243,51.33,1684,10,508.3,0.07,29.28,0.661,74.8,44.8,20.58,0.1356666666666666,0.8753333333333333,1.923333333333333,0.1913333333333333,Vivo,technology,19.75,76.46,0.542,0.306,0.797,0.741,0.63,real_sponsor_names_with_proxy_commercial_metrics,0.4425490151146019,1702,6,527.3,0.14,27.94,0.666,76.8,47.1,14.4,0.2406666666666666,0.7363333333333334,3.2266666666666666,0.0836666666666666,Mengniu,consumer_goods,17.76,59.99,0.368,0.468,0.8,0.643,0.574,real_sponsor_names_with_proxy_commercial_metrics,0.3591620632748621,-18,-18.999999999999943,4,-2.0,-0.07,0.1389999999999999,-0.105,0.6570661125383135,0.6554252632327094,3.939,0.22,0.5515028795095291,0.1312666666666666,0.71205,0.3191318775422821,0.2,0.507842413234569,3.756,0.19
887,2018,Russia,Spain,group_or_knockout,False,0.18,74.2,19.2,58.1,cloudy,61.48,224.06,draw,Moscow,Russia,2018-07-01,0.1325,2.02,0.138,0.145,63.54,1676,8,497.3,0.07,27.98,0.645,72.7,49.8,18.23,0.1086666666666666,0.8123333333333332,5.670000000000001,0.13,Hyundai,automotive,26.07,420.0,1.0,0.245,0.69,0.874,0.885,real_sponsor_names_with_proxy_commercial_metrics,0.81405268474314,1708,12,537.2,0.18,30.58,0.689,77.4,45.2,19.26,0.2126666666666666,0.84,4.25,0.077,Budweiser,beverage,27.85,200.0,1.0,0.321,0.724,0.933,0.612,real_sponsor_names_with_proxy_commercial_metrics,0.7135544213260362,-32,-39.900000000000034,-4,-4.700000000000003,-0.1099999999999999,-0.0276666666666667,-0.104,0.6134810916271758,0.6305660519805801,4.287,0.22,0.4709788490976576,0.1402666666666666,0.82105,0.2990669378434311,0.2,0.5886579087124476,4.197,0.161
888,2018,Croatia,Denmark,group_or_knockout,True,0.0,52.4,24.4,49.4,windy,61.48,158.93,draw,Nizhny Novgorod,Russia,2018-07-01,0.2883,-0.65,0.369,0.269,54.46,1671,5,489.2,0.13,26.28,0.629,75.1,52.8,21.52,0.2903333333333333,0.7756666666666666,3.4933333333333336,0.102,Hisense,technology,28.53,200.0,1.0,0.267,0.792,0.927,0.587,real_sponsor_names_with_proxy_commercial_metrics,0.7311319787373097,1642,4,453.4,0.04,24.3,0.592,71.5,43.1,19.09,0.1573333333333333,0.8273333333333334,2.966666666666667,0.3496666666666666,Coca-Cola,beverage,33.85,180.0,1.0,0.685,0.715,0.895,0.825,real_sponsor_names_with_proxy_commercial_metrics,0.7927174317308963,29,35.80000000000001,1,3.5999999999999943,0.09,-0.0516666666666667,0.1329999999999999,0.6114873261612664,0.6092421014906154,3.727,0.48,0.4737136528568193,0.2639333333333333,0.8324399999999998,0.3550697209733817,0.2,0.5575077938856906,3.79,0.133
889,2018,Brazil,Mexico,group_or_knockout,True,0.0,25.5,21.2,34.6,cloudy,61.48,190.41,A_win,Samara,Russia,2018-07-02,0.1395,2.97,0.041,0.125,61.42,1829,20,683.6,0.5,36.78,0.83,78.8,57.4,18.61,0.1376666666666667,0.7313333333333333,3.723333333333333,0.206,Adidas,apparel,33.15,430.0,1.0,0.369,0.809,0.916,0.861,real_sponsor_names_with_proxy_commercial_metrics,0.9383411482254695,1612,10,421.9,-0.18,26.83,0.584,72.1,37.6,18.89,0.2446666666666666,0.7546666666666667,1.1233333333333333,0.211,Hyundai,automotive,28.5,420.0,1.0,0.636,0.712,0.897,0.88,real_sponsor_names_with_proxy_commercial_metrics,0.853187632551073,217,261.70000000000005,10,6.700000000000003,0.6799999999999999,-0.0233333333333334,-0.1069999999999999,0.9764150943396226,0.584498200773993,3.932,0.22,0.437930397040548,0.1900666666666667,0.87793,0.1455006065796046,0.2,0.6039536511989403,4.15,0.125
890,2018,Belgium,Japan,group_or_knockout,True,0.0,35.8,27.0,70.5,rain,68.08,203.17,A_win,Rostov-on-Don,Russia,2018-07-02,0.169,2.51,0.2,0.173,62.7,1674,9,495.4,0.02,28.38,0.646,71.5,40.4,23.19,0.142,0.7919999999999999,3.7566666666666655,0.0076666666666666,Visa,finance,26.85,190.0,1.0,0.538,0.72,0.914,0.914,real_sponsor_names_with_proxy_commercial_metrics,0.712621177050387,1586,4,387.4,-0.2,22.68,0.535,72.8,37.0,11.9,0.25,0.7706666666666667,4.593333333333333,0.3566666666666667,Adidas,apparel,29.47,430.0,1.0,0.558,0.648,0.855,0.917,real_sponsor_names_with_proxy_commercial_metrics,0.8586337787056367,88,108.0,5,-1.2999999999999972,0.22,0.0213333333333332,-0.108,0.6045045124588039,0.674216045234692,3.879,0.48,0.5054359625139291,0.1684,0.8480000000000001,0.5138726182830229,0.2,0.5855127676605925,3.966,0.148
891,2018,Sweden,Switzerland,group_or_knockout,True,0.0,47.2,25.9,70.0,rain,59.28,78.53,A_win,Saint Petersburg,Russia,2018-07-03,0.2555,2.75,0.072,0.091,53.36,1654,9,471.1,0.0,27.67,0.624,74.4,39.2,19.34,0.1766666666666666,0.6789999999999999,3.783333333333333,0.1453333333333333,Budweiser,beverage,26.29,200.0,1.0,0.625,0.705,0.91,0.618,real_sponsor_names_with_proxy_commercial_metrics,0.6867753190295852,1632,7,443.7,-0.12,26.09,0.595,72.7,48.1,17.05,0.1836666666666666,0.914,2.223333333333333,0.2486666666666666,Adidas,apparel,31.4,430.0,1.0,0.14,0.774,0.888,0.845,real_sponsor_names_with_proxy_commercial_metrics,0.90423375782881,22,27.40000000000004,2,1.7000000000000028,0.12,-0.2350000000000001,-0.007,0.6002235585615322,0.5271704695429646,3.661,0.48,0.3474597640621984,0.2344,0.7963,0.4830994076928566,0.2,0.4953437608515702,3.691,0.14
892,2018,Colombia,England,group_or_knockout,True,0.0,50.7,18.8,71.5,clear,61.48,136.31,draw,Moscow,Russia,2018-07-03,0.2496,2.07,0.144,0.177,67.72,1650,3,462.8,-0.05,24.41,0.599,74.7,50.9,8.73,0.2533333333333333,0.816,4.703333333333333,0.1769999999999999,Vivo,technology,18.25,73.14,0.507,0.422,0.764,0.653,0.613,real_sponsor_names_with_proxy_commercial_metrics,0.3961935311674871,1695,13,522.2,0.16,30.51,0.678,76.6,52.6,19.34,0.28,0.7986666666666666,2.61,0.1863333333333333,McDonald's,restaurant,20.29,74.13,0.517,0.758,0.819,0.654,0.569,real_sponsor_names_with_proxy_commercial_metrics,0.4320601407850143,-45,-59.400000000000034,-10,-1.899999999999992,-0.21,0.0173333333333333,-0.0266666666666666,0.5635569682915822,0.4305283002076571,3.279,0.12,0.4565919536752421,0.2256,0.6673399999999999,0.3273727966887889,0.2,0.4028443622733893,3.369,0.185
893,2018,Uruguay,France,group_or_knockout,True,0.0,52.7,22.0,33.3,clear,61.48,173.2,B_win,Nizhny Novgorod,Russia,2018-07-06,0.1681,0.66,0.168,0.161,51.1,1684,10,508.3,0.07,29.28,0.661,74.8,44.8,20.58,0.1356666666666666,0.8753333333333333,1.923333333333333,0.1913333333333333,Vivo,technology,19.75,76.46,0.542,0.306,0.797,0.741,0.63,real_sponsor_names_with_proxy_commercial_metrics,0.4425490151146019,1748,13,584.8,0.26,32.28,0.733,77.8,46.5,18.67,0.2083333333333333,0.8296666666666667,3.483333333333333,0.3613333333333333,Qatar Airways,airline,24.02,81.37,0.593,0.647,0.801,0.711,0.647,real_sponsor_names_with_proxy_commercial_metrics,0.5102507613733611,-64,-76.49999999999994,-3,-3.0,-0.19,0.0456666666666666,-0.0726666666666666,0.6570661125383135,0.6056574581116048,3.527,0.12,0.4164206942460862,0.1312666666666666,0.71205,0.079074074074074,0.2,0.466890990747971,3.606,0.183
894,2018,Brazil,Belgium,group_or_knockout,True,0.0,58.5,29.3,62.8,cloudy,63.68,164.68,B_win,Kazan,Russia,2018-07-06,0.4964,-0.26,0.224,0.303,54.0,1829,20,683.6,0.5,36.78,0.83,78.8,57.4,18.61,0.1376666666666667,0.7313333333333333,3.723333333333333,0.206,Adidas,apparel,33.15,430.0,1.0,0.369,0.809,0.916,0.861,real_sponsor_names_with_proxy_commercial_metrics,0.9383411482254695,1674,9,495.4,0.02,28.38,0.646,71.5,40.4,23.19,0.142,0.7919999999999999,3.7566666666666655,0.0076666666666666,Visa,finance,26.85,190.0,1.0,0.538,0.72,0.914,0.914,real_sponsor_names_with_proxy_commercial_metrics,0.712621177050387,155,188.20000000000005,11,7.299999999999997,0.48,-0.0606666666666666,-0.0043333333333333,0.9764150943396226,0.5854297277159697,4.018,0.22,0.5544426802795783,0.1900666666666667,0.87793,0.436427602940127,0.2,0.6275169353904999,4.146,0.125
895,2018,Sweden,England,group_or_knockout,True,0.0,53.9,25.4,68.8,clear,61.48,188.27,B_win,Samara,Russia,2018-07-07,0.2326,1.35,0.135,0.19,62.74,1654,9,471.1,0.0,27.67,0.624,74.4,39.2,19.34,0.1766666666666666,0.6789999999999999,3.783333333333333,0.1453333333333333,Budweiser,beverage,26.29,200.0,1.0,0.625,0.705,0.91,0.618,real_sponsor_names_with_proxy_commercial_metrics,0.6867753190295852,1695,13,522.2,0.16,30.51,0.678,76.6,52.6,19.34,0.28,0.7986666666666666,2.61,0.1863333333333333,McDonald's,restaurant,20.29,74.13,0.517,0.758,0.819,0.654,0.569,real_sponsor_names_with_proxy_commercial_metrics,0.4320601407850143,-41,-51.10000000000002,-4,-2.1999999999999886,-0.16,-0.1196666666666667,-0.1033333333333333,0.6002235585615322,0.5752671109422484,3.67,0.12,0.4812018716993828,0.2344,0.7963,0.3209084421608505,0.2,0.5355592419708066,3.77,0.143
896,2018,Russia,Croatia,group_or_knockout,False,0.18,71.6,14.6,41.5,clear,65.88,258.29,draw,Sochi,Russia,2018-07-07,0.2509,4.6,0.127,0.126,69.95,1676,8,497.3,0.07,27.98,0.645,72.7,49.8,18.23,0.1086666666666666,0.8123333333333332,5.670000000000001,0.13,Hyundai,automotive,26.07,420.0,1.0,0.245,0.69,0.874,0.885,real_sponsor_names_with_proxy_commercial_metrics,0.81405268474314,1671,5,489.2,0.13,26.28,0.629,75.1,52.8,21.52,0.2903333333333333,0.7756666666666666,3.4933333333333336,0.102,Hisense,technology,28.53,200.0,1.0,0.267,0.792,0.927,0.587,real_sponsor_names_with_proxy_commercial_metrics,0.7311319787373097,5,8.100000000000023,3,-2.3999999999999915,-0.06,0.0366666666666666,-0.1816666666666667,0.6134810916271758,0.6622628598901233,4.326,0.12,0.5636722705453449,0.1402666666666666,0.82105,0.3069917219724541,0.2,0.616071699216657,4.303,0.165
897,2018,France,Belgium,group_or_knockout,True,0.0,49.2,26.9,58.1,clear,59.28,154.82,A_win,Saint Petersburg,Russia,2018-07-10,0.1961,3.29,0.134,0.183,64.0,1748,13,584.8,0.26,32.28,0.733,77.8,46.5,18.67,0.2083333333333333,0.8296666666666667,3.483333333333333,0.3613333333333333,Qatar Airways,airline,24.02,81.37,0.593,0.647,0.801,0.711,0.647,real_sponsor_names_with_proxy_commercial_metrics,0.5102507613733611,1674,9,495.4,0.02,28.38,0.646,71.5,40.4,23.19,0.142,0.7919999999999999,3.7566666666666655,0.0076666666666666,Visa,finance,26.85,190.0,1.0,0.538,0.72,0.914,0.914,real_sponsor_names_with_proxy_commercial_metrics,0.712621177050387,74,89.39999999999998,4,6.299999999999997,0.24,0.0376666666666667,0.0663333333333333,0.8018213325687816,0.607238382828366,3.677,0.12,0.4360598412969382,0.1931333333333333,0.7179599999999999,0.3136912153000785,0.2,0.4846252981809368,3.626,0.151
898,2018,Croatia,England,group_or_knockout,True,0.0,46.8,16.5,56.1,cloudy,63.68,135.33,A_win,Moscow,Russia,2018-07-11,0.1678,2.65,0.07,0.132,54.97,1671,5,489.2,0.13,26.28,0.629,75.1,52.8,21.52,0.2903333333333333,0.7756666666666666,3.4933333333333336,0.102,Hisense,technology,28.53,200.0,1.0,0.267,0.792,0.927,0.587,real_sponsor_names_with_proxy_commercial_metrics,0.7311319787373097,1695,13,522.2,0.16,30.51,0.678,76.6,52.6,19.34,0.28,0.7986666666666666,2.61,0.1863333333333333,McDonald's,restaurant,20.29,74.13,0.517,0.758,0.819,0.654,0.569,real_sponsor_names_with_proxy_commercial_metrics,0.4320601407850143,-24,-33.00000000000006,-8,-1.5,-0.03,-0.023,0.0103333333333333,0.6114873261612664,0.6109152073341502,3.785,0.22,0.4025014736565465,0.2639333333333333,0.8324399999999998,0.3606561764076215,0.2,0.5437338276818258,3.75,0.131
899,2018,Belgium,England,group_or_knockout,True,0.0,64.2,31.5,87.5,clear,61.48,192.42,A_win,Saint Petersburg,Russia,2018-07-14,0.2425,0.62,0.207,0.247,67.48,1674,9,495.4,0.02,28.38,0.646,71.5,40.4,23.19,0.142,0.7919999999999999,3.7566666666666655,0.0076666666666666,Visa,finance,26.85,190.0,1.0,0.538,0.72,0.914,0.914,real_sponsor_names_with_proxy_commercial_metrics,0.712621177050387,1695,13,522.2,0.16,30.51,0.678,76.6,52.6,19.34,0.28,0.7986666666666666,2.61,0.1863333333333333,McDonald's,restaurant,20.29,74.13,0.517,0.758,0.819,0.654,0.569,real_sponsor_names_with_proxy_commercial_metrics,0.4320601407850143,-21,-26.800000000000068,-4,-5.099999999999994,-0.14,-0.0066666666666667,-0.138,0.6045045124588039,0.6408043523885685,4.081,0.12,0.5125665185053019,0.1684,0.8480000000000001,0.5603814315278669,0.2,0.5775836048619525,3.849,0.143
900,2018,France,Croatia,group_or_knockout,True,0.0,38.0,29.1,88.8,rain,70.28,183.28,A_win,Moscow,Russia,2018-07-15,0.2572,2.01,0.179,0.153,70.24,1748,13,584.8,0.26,32.28,0.733,77.8,46.5,18.67,0.2083333333333333,0.8296666666666667,3.483333333333333,0.3613333333333333,Qatar Airways,airline,24.02,81.37,0.593,0.647,0.801,0.711,0.647,real_sponsor_names_with_proxy_commercial_metrics,0.5102507613733611,1671,5,489.2,0.13,26.28,0.629,75.1,52.8,21.52,0.2903333333333333,0.7756666666666666,3.4933333333333336,0.102,Hisense,technology,28.53,200.0,1.0,0.267,0.792,0.927,0.587,real_sponsor_names_with_proxy_commercial_metrics,0.7311319787373097,77,95.59999999999997,8,2.700000000000003,0.13,0.054,-0.0819999999999999,0.8018213325687816,0.6665952951080991,3.687,0.48,0.5405786390928201,0.1931333333333333,0.7179599999999999,0.6475709698137444,0.2,0.5221489931784384,3.771,0.157
901,2022,Qatar,Ecuador,group_or_knockout,False,0.18,63.1,24.7,31.4,cloudy,62.94,172.17,B_win,Al Khor,Qatar,2022-11-20,0.2248,4.35,0.191,0.187,67.75,1388,1,142.7,-1.0,8.65,0.277,63.5,12.4,4.78,0.1089999999999999,0.831,4.1000000000000005,0.2029999999999999,McDonald's,restaurant,21.61,73.65,0.512,0.065,0.619,0.704,0.571,real_sponsor_names_with_proxy_commercial_metrics,0.4234535793812863,1623,2,428.7,-0.08,21.59,0.558,71.6,42.9,13.81,0.1486666666666666,0.8836666666666666,1.9966666666666668,0.0626666666666666,McDonald's,restaurant,16.55,66.18,0.433,0.554,0.689,0.657,0.645,real_sponsor_names_with_proxy_commercial_metrics,0.3468108960326372,-235,-286.0,-1,-8.099999999999994,-0.92,-0.0526666666666666,-0.0396666666666666,0.0320754716981132,0.3793012767293138,2.924,0.22,0.4865137278481888,0.1329999999999999,0.61379,0.1810954114036965,0.2,0.3990865621053543,2.984,0.138
902,2022,Senegal,Netherlands,group_or_knockout,True,0.0,59.3,23.9,96.0,rain,62.94,165.75,B_win,Doha,Qatar,2022-11-21,0.349,3.86,0.151,0.169,50.65,1638,2,445.8,0.08,21.81,0.572,72.8,30.1,9.94,0.1993333333333333,0.7706666666666666,2.3433333333333333,0.2143333333333333,Budweiser,beverage,31.49,200.0,1.0,0.344,0.754,0.934,0.653,real_sponsor_names_with_proxy_commercial_metrics,0.7707489933510884,1746,9,581.1,0.35,31.14,0.724,75.8,49.9,15.97,0.1103333333333333,0.742,2.733333333333333,0.1786666666666666,Hisense,technology,32.27,200.0,1.0,0.505,0.811,0.856,0.664,real_sponsor_names_with_proxy_commercial_metrics,0.781083544499314,-108,-135.3,-7,-3.0,-0.2699999999999999,0.0286666666666666,0.089,0.5202671092235914,0.419878676935268,3.392,0.48,0.4696192052260881,0.2113333333333333,0.82813,0.543421965317919,0.2,0.5157278289913538,3.467,0.11
903,2022,England,Iran,group_or_knockout,True,0.0,56.1,21.7,43.4,clear,76.14,407.6,A_win,Al Rayyan,Qatar,2022-11-21,0.1956,1.8,0.141,0.156,69.17,1695,13,522.2,0.16,30.51,0.678,76.6,52.6,19.34,0.28,0.7986666666666666,2.61,0.1863333333333333,McDonald's,restaurant,20.29,74.13,0.517,0.758,0.819,0.654,0.569,real_sponsor_names_with_proxy_commercial_metrics,0.4320601407850143,1519,3,305.2,-0.44,19.13,0.455,68.7,30.6,12.34,0.1146666666666666,0.8703333333333333,3.7066666666666666,0.2463333333333333,Visa,finance,29.04,190.0,1.0,0.165,0.637,0.935,0.918,real_sponsor_names_with_proxy_commercial_metrics,0.7320693398896354,176,217.00000000000009,10,7.899999999999991,0.6,-0.0716666666666666,0.1653333333333333,0.7074856858162286,0.7280510187005305,3.979,0.12,0.7186950838491087,0.2485333333333333,0.68589,0.1305195175908085,0.2,0.5484003357943736,3.96,0.195
904,2022,United States,Wales,group_or_knockout,True,0.0,78.6,27.1,73.7,cloudy,62.94,96.04,draw,Al Rayyan,Qatar,2022-11-21,0.2212,-2.68,0.25,0.165,60.99,1578,6,379.0,-0.3,23.84,0.536,71.9,31.0,12.75,0.132,0.7943333333333333,0.7200000000000001,0.0636666666666666,Vivo,technology,22.58,68.24,0.455,0.416,0.676,0.652,0.654,real_sponsor_names_with_proxy_commercial_metrics,0.4316086395935045,1476,1,251.0,-0.25,14.8,0.391,67.0,18.7,9.44,0.2196666666666666,0.746,2.5966666666666667,0.0486666666666666,Coca-Cola,beverage,33.92,180.0,1.0,0.324,0.631,0.878,0.858,real_sponsor_names_with_proxy_commercial_metrics,0.7803273273467628,102,128.0,5,4.900000000000006,-0.0499999999999999,0.0483333333333333,-0.0876666666666666,0.4407302164904229,0.3904581066732577,3.269,0.22,0.4071692114736177,0.1614666666666666,0.6269199999999999,0.4263009348462142,0.2,0.3884289856656768,3.111,0.138
905,2022,Argentina,Saudi Arabia,group_or_knockout,True,0.0,49.9,20.8,73.5,clear,65.14,166.97,B_win,Lusail,Qatar,2022-11-22,0.1564,1.38,0.238,0.219,64.34,1753,15,591.7,0.26,33.16,0.743,76.8,58.0,19.5,0.2623333333333333,0.8586666666666667,3.813333333333333,0.2106666666666666,Hyundai,automotive,30.74,420.0,1.0,0.338,0.813,0.936,0.851,real_sponsor_names_with_proxy_commercial_metrics,0.9027842922587972,1543,3,334.4,-0.47,20.17,0.482,68.2,34.6,13.01,0.2876666666666667,0.8483333333333333,5.266666666666667,0.2613333333333333,Visa,finance,27.16,190.0,1.0,0.611,0.648,0.864,0.904,real_sponsor_names_with_proxy_commercial_metrics,0.6981078576349381,210,257.30000000000007,12,8.599999999999994,0.73,0.0103333333333334,-0.0253333333333333,0.8112048561394937,0.637506429128545,3.957,0.12,0.4747743682083997,0.2139333333333333,0.8831100000000001,0.2839916506101477,0.2,0.6169243039397839,4.155,0.135
906,2022,Mexico,Poland,group_or_knockout,True,0.0,84.8,24.4,42.1,rain,58.54,167.11,draw,Doha,Qatar,2022-11-22,0.2083,1.79,0.269,0.231,47.75,1612,10,421.9,-0.18,26.83,0.584,72.1,37.6,18.89,0.2446666666666666,0.7546666666666667,1.1233333333333333,0.211,Hyundai,automotive,28.5,420.0,1.0,0.636,0.712,0.897,0.88,real_sponsor_names_with_proxy_commercial_metrics,0.853187632551073,1685,6,506.6,0.05,27.64,0.65,72.7,42.5,15.85,0.2053333333333333,0.815,3.9733333333333327,0.268,Coca-Cola,beverage,28.97,180.0,1.0,0.581,0.749,0.899,0.847,real_sponsor_names_with_proxy_commercial_metrics,0.7339961373676395,-73,-84.70000000000005,4,-0.6000000000000085,-0.2299999999999999,-0.0603333333333332,0.0393333333333333,0.5181915824104364,0.5243658950953651,4.08,0.48,0.4161918181995657,0.2449333333333332,0.83529,0.3235265110968386,0.2,0.5530704460788729,3.797,0.133
907,2022,Denmark,Tunisia,group_or_knockout,True,0.0,55.1,28.2,65.9,clear,58.54,134.42,draw,Al Rayyan,Qatar,2022-11-22,0.3978,0.9,0.186,0.252,57.01,1642,4,453.4,0.04,24.3,0.592,71.5,43.1,19.09,0.1573333333333333,0.8273333333333334,2.966666666666667,0.3496666666666666,Coca-Cola,beverage,33.85,180.0,1.0,0.685,0.715,0.895,0.825,real_sponsor_names_with_proxy_commercial_metrics,0.7927174317308963,1519,3,305.2,-0.39,19.13,0.455,66.6,27.6,11.21,0.2033333333333333,0.8946666666666667,3.3266666666666667,0.1976666666666666,Hyundai,automotive,28.75,420.0,1.0,0.7,0.649,0.867,0.833,real_sponsor_names_with_proxy_commercial_metrics,0.8393101168934529,123,148.2,1,4.900000000000006,0.43,-0.0673333333333333,-0.0459999999999999,0.526123570801118,0.5915089722893145,3.553,0.12,0.4724540760604863,0.1634666666666666,0.8277999999999999,0.3812099479055162,0.2,0.5724495110685204,3.592,0.106
908,2022,France,Australia,group_or_knockout,True,0.0,41.4,19.6,56.3,windy,69.54,255.66,A_win,Al Wakrah,Qatar,2022-11-22,0.1306,1.93,0.264,0.202,70.9,1748,13,584.8,0.26,32.28,0.733,77.8,46.5,18.67,0.2083333333333333,0.8296666666666667,3.483333333333333,0.3613333333333333,Qatar Airways,airline,24.02,81.37,0.593,0.647,0.801,0.711,0.647,real_sponsor_names_with_proxy_commercial_metrics,0.5102507613733611,1539,3,329.7,-0.4,20.21,0.479,69.8,32.1,7.37,0.2113333333333333,0.8620000000000001,3.056666666666666,0.0496666666666666,Hyundai,automotive,29.32,420.0,1.0,0.218,0.705,0.903,0.913,real_sponsor_names_with_proxy_commercial_metrics,0.8662849811940794,209,255.1,10,8.0,0.66,-0.0323333333333334,-0.003,0.8018213325687816,0.688468529124553,3.778,0.48,0.5686649274580508,0.1931333333333333,0.7179599999999999,0.3848845357881966,0.2,0.5338907563760916,3.858,0.161
909,2022,Germany,Japan,group_or_knockout,True,0.0,58.9,19.3,66.9,clear,65.14,233.75,B_win,Al Rayyan,Qatar,2022-11-23,0.0901,4.51,0.123,0.116,59.29,1798,20,646.1,0.4,35.62,0.797,81.3,65.9,22.15,0.2123333333333333,0.851,5.576666666666667,0.3273333333333333,Coca-Cola,beverage,29.19,180.0,1.0,0.286,0.859,0.907,0.902,real_sponsor_names_with_proxy_commercial_metrics,0.7594715235889338,1586,4,387.4,-0.2,22.68,0.535,72.8,37.0,11.9,0.25,0.7706666666666667,4.593333333333333,0.3566666666666667,Adidas,apparel,29.47,430.0,1.0,0.558,0.648,0.855,0.917,real_sponsor_names_with_proxy_commercial_metrics,0.8586337787056367,212,258.70000000000005,16,8.5,0.6000000000000001,0.0803333333333332,-0.0376666666666666,0.9510351228677828,0.7580441017988767,4.126,0.12,0.4683107315660963,0.1869999999999999,0.90283,0.2944904731320916,0.2,0.6193638604782489,4.254,0.146
910,2022,Spain,Costa Rica,group_or_knockout,True,0.0,44.0,15.8,61.7,cloudy,73.94,208.49,A_win,Doha,Qatar,2022-11-23,0.3541,2.72,0.14,0.204,71.0,1708,12,537.2,0.18,30.58,0.689,77.4,45.2,19.26,0.2126666666666666,0.84,4.25,0.077,Budweiser,beverage,27.85,200.0,1.0,0.321,0.724,0.933,0.612,real_sponsor_names_with_proxy_commercial_metrics,0.7135544213260362,1585,3,384.6,-0.19,21.98,0.529,73.1,26.3,15.16,0.1976666666666666,0.8413333333333334,2.26,0.2056666666666666,Visa,finance,31.23,190.0,1.0,0.397,0.677,0.885,0.896,real_sponsor_names_with_proxy_commercial_metrics,0.7601475027288838,123,152.60000000000002,9,4.300000000000011,0.37,-0.0013333333333334,0.015,0.7299678934836586,0.6680435741325115,3.997,0.22,0.6197961872336082,0.1915999999999999,0.80913,0.4030617997573682,0.2,0.6000466993220737,4.03,0.145
911,2022,Morocco,Croatia,group_or_knockout,True,0.0,48.2,16.6,77.1,clear,58.54,155.08,draw,Al Khor,Qatar,2022-11-23,0.0501,4.88,0.252,0.153,51.83,1552,4,345.5,-0.26,21.17,0.496,69.2,34.3,12.67,0.2156666666666666,0.86,4.223333333333334,-0.0613333333333333,Mengniu,consumer_goods,19.44,62.12,0.391,0.28,0.668,0.598,0.65,real_sponsor_names_with_proxy_commercial_metrics,0.365598332426661,1671,5,489.2,0.13,26.28,0.629,75.1,52.8,21.52,0.2903333333333333,0.7756666666666666,3.4933333333333336,0.102,Hisense,technology,28.53,200.0,1.0,0.267,0.792,0.927,0.587,real_sponsor_names_with_proxy_commercial_metrics,0.7311319787373097,-119,-143.7,-1,-5.899999999999992,-0.39,0.0843333333333333,-0.0746666666666666,0.3627181368394233,0.4482450915442119,3.067,0.12,0.3545589656311596,0.1853999999999999,0.59794,0.408795761078998,0.2,0.3727516185410098,3.136,0.161
912,2022,Belgium,Canada,group_or_knockout,True,0.0,63.2,12.0,59.2,cloudy,60.74,168.22,A_win,Al Rayyan,Qatar,2022-11-23,0.5461,-0.37,0.224,0.275,66.41,1674,9,495.4,0.02,28.38,0.646,71.5,40.4,23.19,0.142,0.7919999999999999,3.7566666666666655,0.0076666666666666,Visa,finance,26.85,190.0,1.0,0.538,0.72,0.914,0.914,real_sponsor_names_with_proxy_commercial_metrics,0.712621177050387,1404,1,163.9,-1.0,11.34,0.308,62.1,14.1,8.35,0.1956666666666666,0.8916666666666666,2.7900000000000005,0.2693333333333333,Hisense,technology,28.16,200.0,1.0,0.586,0.646,0.897,0.559,real_sponsor_names_with_proxy_commercial_metrics,0.6968911019105875,270,331.5,8,9.4,1.02,-0.0996666666666666,-0.0536666666666666,0.6045045124588039,0.6290523796855516,4.041,0.22,0.5790130873366198,0.1684,0.8480000000000001,0.4911032612574039,0.2,0.5875823662713713,3.921,0.146
913,2022,Switzerland,Cameroon,group_or_knockout,True,0.0,65.2,27.4,55.3,cloudy,60.74,168.56,A_win,Al Wakrah,Qatar,2022-11-24,0.2848,2.16,0.133,0.207,60.48,1632,7,443.7,-0.12,26.09,0.595,72.7,48.1,17.05,0.1836666666666666,0.914,2.223333333333333,0.2486666666666666,Adidas,apparel,31.4,430.0,1.0,0.14,0.774,0.888,0.845,real_sponsor_names_with_proxy_commercial_metrics,0.90423375782881,1542,4,334.5,-0.31,21.28,0.489,68.0,29.1,10.52,0.2513333333333333,0.8450000000000001,2.2433333333333336,0.186,Coca-Cola,beverage,31.97,180.0,1.0,0.241,0.693,0.92,0.885,real_sponsor_names_with_proxy_commercial_metrics,0.7711359494761991,90,109.2,3,4.700000000000003,0.19,0.0689999999999999,-0.0676666666666666,0.5385464489432931,0.5653004628543278,4.074,0.22,0.4757097680077368,0.1445999999999999,0.85383,0.3545982302148005,0.2,0.5973023850796736,3.908,0.124
914,2022,Brazil,Serbia,group_or_knockout,True,0.0,49.9,33.9,75.5,clear,62.94,175.96,A_win,Lusail,Qatar,2022-11-24,0.1295,-1.27,0.073,0.173,61.58,1829,20,683.6,0.5,36.78,0.83,78.8,57.4,18.61,0.1376666666666667,0.7313333333333333,3.723333333333333,0.206,Adidas,apparel,33.15,430.0,1.0,0.369,0.809,0.916,0.861,real_sponsor_names_with_proxy_commercial_metrics,0.9383411482254695,1559,2,352.7,-0.38,20.1,0.495,68.8,36.3,15.31,0.141,0.848,1.7433333333333334,0.1526666666666666,Vivo,technology,23.55,77.75,0.555,0.452,0.729,0.727,0.578,real_sponsor_names_with_proxy_commercial_metrics,0.4808105137096679,270,330.90000000000003,18,10.0,0.88,-0.1166666666666667,-0.0033333333333332,0.9764150943396226,0.5860304401900787,4.154,0.12,0.4442920400339018,0.1900666666666667,0.87793,0.5709573253407549,0.2,0.6056550068341151,4.149,0.125
915,2022,Uruguay,South Korea,group_or_knockout,True,0.0,70.8,31.6,67.3,clear,58.54,158.71,draw,Al Rayyan,Qatar,2022-11-24,0.2555,1.9,0.14,0.176,65.56,1684,10,508.3,0.07,29.28,0.661,74.8,44.8,20.58,0.1356666666666666,0.8753333333333333,1.923333333333333,0.1913333333333333,Vivo,technology,19.75,76.46,0.542,0.306,0.797,0.741,0.63,real_sponsor_names_with_proxy_commercial_metrics,0.4425490151146019,1548,6,343.4,-0.37,22.9,0.505,70.3,20.2,12.829999999999998,0.151,0.8606666666666666,2.8866666666666667,0.2443333333333333,McDonald's,restaurant,25.44,80.72,0.587,0.49,0.67,0.723,0.661,real_sponsor_names_with_proxy_commercial_metrics,0.5096695074891809,136,164.90000000000003,4,4.5,0.44,0.0146666666666667,-0.0153333333333333,0.6570661125383135,0.5873964495450339,3.746,0.12,0.4536089457206258,0.1312666666666666,0.71205,0.4756986369799472,0.2,0.4692155586442391,3.639,0.184
916,2022,Portugal,Ghana,group_or_knockout,True,0.0,73.0,13.2,69.7,clear,69.54,213.28,A_win,Doha,Qatar,2022-11-24,0.3661,0.6,0.101,0.131,70.89,1702,6,527.3,0.14,27.94,0.666,76.8,47.1,14.4,0.2406666666666666,0.7363333333333334,3.2266666666666666,0.0836666666666666,Mengniu,consumer_goods,17.76,59.99,0.368,0.468,0.8,0.643,0.574,real_sponsor_names_with_proxy_commercial_metrics,0.3591620632748621,1600,2,402.0,-0.13,21.31,0.537,68.9,36.1,8.969999999999999,0.3763333333333333,0.8766666666666666,0.7333333333333333,0.2983333333333333,Mengniu,consumer_goods,23.07,63.81,0.408,0.27,0.715,0.668,0.644,real_sponsor_names_with_proxy_commercial_metrics,0.4350286739451539,102,125.29999999999995,4,7.899999999999991,0.27,-0.1403333333333332,-0.1356666666666666,0.6820304126224132,0.5275778015032262,3.76,0.12,0.5852669835000834,0.2498666666666666,0.64909,0.4652597587954042,0.2,0.4428546763068869,3.534,0.199
917,2022,Qatar,Senegal,group_or_knockout,False,0.18,76.7,27.3,47.4,clear,67.34,237.62,B_win,Doha,Qatar,2022-11-25,0.1776,5.49,0.294,0.225,59.31,1388,1,142.7,-1.0,8.65,0.277,63.5,12.4,4.78,0.1089999999999999,0.831,4.1000000000000005,0.2029999999999999,McDonald's,restaurant,21.61,73.65,0.512,0.065,0.619,0.704,0.571,real_sponsor_names_with_proxy_commercial_metrics,0.4234535793812863,1638,2,445.8,0.08,21.81,0.572,72.8,30.1,9.94,0.1993333333333333,0.7706666666666666,2.3433333333333333,0.2143333333333333,Budweiser,beverage,31.49,200.0,1.0,0.344,0.754,0.934,0.653,real_sponsor_names_with_proxy_commercial_metrics,0.7707489933510884,-250,-303.1,-1,-9.299999999999995,-1.08,0.0603333333333333,-0.0903333333333333,0.0320754716981132,0.4218676120128669,3.145,0.12,0.5336575336042981,0.1329999999999999,0.61379,0.2778612716763006,0.2,0.4204338971359711,3.098,0.143
918,2022,Netherlands,Ecuador,group_or_knockout,True,0.0,64.9,31.5,41.3,windy,62.94,127.45,draw,Al Rayyan,Qatar,2022-11-25,0.4221,3.66,0.217,0.227,63.63,1746,9,581.1,0.35,31.14,0.724,75.8,49.9,15.97,0.1103333333333333,0.742,2.733333333333333,0.1786666666666666,Hisense,technology,32.27,200.0,1.0,0.505,0.811,0.856,0.664,real_sponsor_names_with_proxy_commercial_metrics,0.781083544499314,1623,2,428.7,-0.08,21.59,0.558,71.6,42.9,13.81,0.1486666666666666,0.8836666666666666,1.9966666666666668,0.0626666666666666,McDonald's,restaurant,16.55,66.18,0.433,0.554,0.689,0.657,0.645,real_sponsor_names_with_proxy_commercial_metrics,0.3468108960326372,123,152.40000000000003,7,4.200000000000003,0.43,-0.1416666666666666,-0.0383333333333333,0.7581498473599972,0.5032209918593171,3.728,0.48,0.507654677302532,0.1694,0.8342200000000001,0.5047518018982373,0.2,0.5525196638609507,3.768,0.117
919,2022,Wales,Iran,group_or_knockout,True,0.0,75.7,20.3,48.9,clear,62.94,134.02,B_win,Al Rayyan,Qatar,2022-11-25,0.2795,4.93,0.095,0.116,70.88,1476,1,251.0,-0.25,14.8,0.391,67.0,18.7,9.44,0.2196666666666666,0.746,2.5966666666666667,0.0486666666666666,Coca-Cola,beverage,33.92,180.0,1.0,0.324,0.631,0.878,0.858,real_sponsor_names_with_proxy_commercial_metrics,0.7803273273467628,1519,3,305.2,-0.44,19.13,0.455,68.7,30.6,12.34,0.1146666666666666,0.8703333333333333,3.7066666666666666,0.2463333333333333,Visa,finance,29.04,190.0,1.0,0.165,0.637,0.935,0.918,real_sponsor_names_with_proxy_commercial_metrics,0.7320693398896354,-43,-54.19999999999999,-2,-1.7000000000000028,0.19,-0.1243333333333333,0.105,0.2049457211070156,0.3705219653653419,3.192,0.12,0.4638993787032043,0.2333999999999999,0.79322,0.1907011346606721,0.2,0.4968513846061596,3.113,0.092
920,2022,England,United States,group_or_knockout,True,0.0,33.5,23.6,48.1,clear,58.54,102.53,draw,Al Khor,Qatar,2022-11-25,0.1978,1.9,0.073,0.183,46.16,1695,13,522.2,0.16,30.51,0.678,76.6,52.6,19.34,0.28,0.7986666666666666,2.61,0.1863333333333333,McDonald's,restaurant,20.29,74.13,0.517,0.758,0.819,0.654,0.569,real_sponsor_names_with_proxy_commercial_metrics,0.4320601407850143,1578,6,379.0,-0.3,23.84,0.536,71.9,31.0,12.75,0.132,0.7943333333333333,0.7200000000000001,0.0636666666666666,Vivo,technology,22.58,68.24,0.455,0.416,0.676,0.652,0.654,real_sponsor_names_with_proxy_commercial_metrics,0.4316086395935045,117,143.20000000000005,7,4.699999999999989,0.4599999999999999,0.0043333333333333,0.148,0.7074856858162286,0.54272083293232,3.246,0.12,0.3499105299526335,0.2485333333333333,0.68589,0.1846431884678513,0.2,0.4227509729999798,3.488,0.172
921,2022,Poland,Saudi Arabia,group_or_knockout,True,0.0,53.9,11.0,70.6,windy,62.94,229.24,A_win,Al Rayyan,Qatar,2022-11-26,0.2797,0.66,0.094,0.167,63.29,1685,6,506.6,0.05,27.64,0.65,72.7,42.5,15.85,0.2053333333333333,0.815,3.9733333333333327,0.268,Coca-Cola,beverage,28.97,180.0,1.0,0.581,0.749,0.899,0.847,real_sponsor_names_with_proxy_commercial_metrics,0.7339961373676395,1543,3,334.4,-0.47,20.17,0.482,68.2,34.6,13.01,0.2876666666666667,0.8483333333333333,5.266666666666667,0.2613333333333333,Visa,finance,27.16,190.0,1.0,0.611,0.648,0.864,0.904,real_sponsor_names_with_proxy_commercial_metrics,0.6981078576349381,142,172.20000000000005,3,4.5,0.52,-0.0333333333333333,-0.0823333333333333,0.616436840876696,0.591633297433028,3.887,0.48,0.5280824589201313,0.1972,0.84638,0.6703740812103046,0.2,0.5700940880335077,3.833,0.132
922,2022,Argentina,Mexico,group_or_knockout,True,0.0,46.7,24.6,73.6,clear,62.94,192.92,A_win,Lusail,Qatar,2022-11-26,0.2603,0.59,0.111,0.106,52.65,1753,15,591.7,0.26,33.16,0.743,76.8,58.0,19.5,0.2623333333333333,0.8586666666666667,3.813333333333333,0.2106666666666666,Hyundai,automotive,30.74,420.0,1.0,0.338,0.813,0.936,0.851,real_sponsor_names_with_proxy_commercial_metrics,0.9027842922587972,1612,10,421.9,-0.18,26.83,0.584,72.1,37.6,18.89,0.2446666666666666,0.7546666666666667,1.1233333333333333,0.211,Hyundai,automotive,28.5,420.0,1.0,0.636,0.712,0.897,0.88,real_sponsor_names_with_proxy_commercial_metrics,0.853187632551073,141,169.80000000000007,5,4.700000000000003,0.44,0.1039999999999999,0.0176666666666666,0.8112048561394937,0.6366514971904851,4.148,0.12,0.4547600901124117,0.2139333333333333,0.8831100000000001,0.3208399343466781,0.2,0.6126820673779296,4.15,0.135
923,2022,Tunisia,Australia,group_or_knockout,True,0.0,59.5,16.6,55.5,clear,60.74,199.95,B_win,Al Wakrah,Qatar,2022-11-26,0.111,3.36,0.143,0.23,65.23,1519,3,305.2,-0.39,19.13,0.455,66.6,27.6,11.21,0.2033333333333333,0.8946666666666667,3.3266666666666667,0.1976666666666666,Hyundai,automotive,28.75,420.0,1.0,0.7,0.649,0.867,0.833,real_sponsor_names_with_proxy_commercial_metrics,0.8393101168934529,1539,3,329.7,-0.4,20.21,0.479,69.8,32.1,7.37,0.2113333333333333,0.8620000000000001,3.056666666666666,0.0496666666666666,Hyundai,automotive,29.32,420.0,1.0,0.218,0.705,0.903,0.913,real_sponsor_names_with_proxy_commercial_metrics,0.8662849811940794,-20,-24.5,0,-3.200000000000003,0.01,0.0326666666666666,-0.008,0.2806268442018452,0.4854930981538515,3.621,0.12,0.4680905339863475,0.1641333333333333,0.79428,0.3154624277456647,0.2,0.5483418023347767,3.67,0.128
924,2022,France,Denmark,group_or_knockout,True,0.0,50.6,24.2,80.9,rain,65.14,124.75,A_win,Doha,Qatar,2022-11-26,0.1283,6.6,0.245,0.198,65.83,1748,13,584.8,0.26,32.28,0.733,77.8,46.5,18.67,0.2083333333333333,0.8296666666666667,3.483333333333333,0.3613333333333333,Qatar Airways,airline,24.02,81.37,0.593,0.647,0.801,0.711,0.647,real_sponsor_names_with_proxy_commercial_metrics,0.5102507613733611,1642,4,453.4,0.04,24.3,0.592,71.5,43.1,19.09,0.1573333333333333,0.8273333333333334,2.966666666666667,0.3496666666666666,Coca-Cola,beverage,33.85,180.0,1.0,0.685,0.715,0.895,0.825,real_sponsor_names_with_proxy_commercial_metrics,0.7927174317308963,106,131.39999999999998,9,6.299999999999997,0.22,0.0023333333333332,0.0509999999999999,0.8018213325687816,0.6231116985846678,3.699,0.48,0.4343220121208327,0.1931333333333333,0.7179599999999999,0.4859785199457647,0.2,0.4887222607574802,3.691,0.154
925,2022,Japan,Costa Rica,group_or_knockout,True,0.0,55.8,13.6,79.9,hot,60.74,286.11,B_win,Al Rayyan,Qatar,2022-11-27,0.1771,3.67,0.079,0.074,67.87,1586,4,387.4,-0.2,22.68,0.535,72.8,37.0,11.9,0.25,0.7706666666666667,4.593333333333333,0.3566666666666667,Adidas,apparel,29.47,430.0,1.0,0.558,0.648,0.855,0.917,real_sponsor_names_with_proxy_commercial_metrics,0.8586337787056367,1585,3,384.6,-0.19,21.98,0.529,73.1,26.3,15.16,0.1976666666666666,0.8413333333333334,2.26,0.2056666666666666,Visa,finance,31.23,190.0,1.0,0.397,0.677,0.885,0.896,real_sponsor_names_with_proxy_commercial_metrics,0.7601475027288838,1,2.7999999999999545,1,-0.2999999999999971,-0.01,-0.0706666666666666,0.0523333333333333,0.4507401502367096,0.5529814719005446,3.759,0.62,0.5187265499780884,0.2417333333333333,0.8034600000000001,0.6989292085920217,0.2,0.5786326290171231,3.898,0.132
926,2022,Spain,Germany,group_or_knockout,True,0.0,82.5,26.3,61.9,rain,62.94,151.67,draw,Al Khor,Qatar,2022-11-27,0.1053,2.01,0.339,0.196,64.26,1708,12,537.2,0.18,30.58,0.689,77.4,45.2,19.26,0.2126666666666666,0.84,4.25,0.077,Budweiser,beverage,27.85,200.0,1.0,0.321,0.724,0.933,0.612,real_sponsor_names_with_proxy_commercial_metrics,0.7135544213260362,1798,20,646.1,0.4,35.62,0.797,81.3,65.9,22.15,0.2123333333333333,0.851,5.576666666666667,0.3273333333333333,Coca-Cola,beverage,29.19,180.0,1.0,0.286,0.859,0.907,0.902,real_sponsor_names_with_proxy_commercial_metrics,0.7594715235889338,-90,-108.89999999999998,-8,-3.899999999999992,-0.22,-0.011,0.0003333333333333,0.7299678934836586,0.5988128695296866,4.093,0.48,0.4318197336343586,0.1915999999999999,0.80913,0.4585040319703133,0.2,0.5430668113134328,3.837,0.138
927,2022,Belgium,Morocco,group_or_knockout,True,0.0,55.8,29.1,44.8,cloudy,62.94,188.53,B_win,Doha,Qatar,2022-11-27,0.2266,2.4,0.081,0.196,49.48,1674,9,495.4,0.02,28.38,0.646,71.5,40.4,23.19,0.142,0.7919999999999999,3.7566666666666655,0.0076666666666666,Visa,finance,26.85,190.0,1.0,0.538,0.72,0.914,0.914,real_sponsor_names_with_proxy_commercial_metrics,0.712621177050387,1552,4,345.5,-0.26,21.17,0.496,69.2,34.3,12.67,0.2156666666666666,0.86,4.223333333333334,-0.0613333333333333,Mengniu,consumer_goods,19.44,62.12,0.391,0.28,0.668,0.598,0.65,real_sponsor_names_with_proxy_commercial_metrics,0.365598332426661,122,149.89999999999998,5,2.299999999999997,0.28,-0.068,-0.0736666666666666,0.6045045124588039,0.6460131519926602,3.8,0.22,0.456241195867327,0.1684,0.8480000000000001,0.353447513023621,0.2,0.5677770042235032,3.892,0.145
928,2022,Croatia,Canada,group_or_knockout,True,0.0,63.4,18.3,83.2,windy,69.54,252.43,A_win,Al Rayyan,Qatar,2022-11-27,0.2192,2.73,0.043,0.194,67.02,1671,5,489.2,0.13,26.28,0.629,75.1,52.8,21.52,0.2903333333333333,0.7756666666666666,3.4933333333333336,0.102,Hisense,technology,28.53,200.0,1.0,0.267,0.792,0.927,0.587,real_sponsor_names_with_proxy_commercial_metrics,0.7311319787373097,1404,1,163.9,-1.0,11.34,0.308,62.1,14.1,8.35,0.1956666666666666,0.8916666666666666,2.7900000000000005,0.2693333333333333,Hisense,technology,28.16,200.0,1.0,0.586,0.646,0.897,0.559,real_sponsor_names_with_proxy_commercial_metrics,0.6968911019105875,267,325.29999999999995,4,12.999999999999991,1.13,-0.1159999999999999,0.0946666666666666,0.6114873261612664,0.6780270991196974,4.097,0.48,0.5793065556870858,0.2639333333333333,0.8324399999999998,0.5349341325911653,0.2,0.5978861737878869,3.986,0.14
929,2022,Cameroon,Serbia,group_or_knockout,True,0.0,55.0,16.2,57.0,clear,71.74,155.51,draw,Al Wakrah,Qatar,2022-11-28,0.1805,7.06,0.291,0.265,79.3,1542,4,334.5,-0.31,21.28,0.489,68.0,29.1,10.52,0.2513333333333333,0.8450000000000001,2.2433333333333336,0.186,Coca-Cola,beverage,31.97,180.0,1.0,0.241,0.693,0.92,0.885,real_sponsor_names_with_proxy_commercial_metrics,0.7711359494761991,1559,2,352.7,-0.38,20.1,0.495,68.8,36.3,15.31,0.141,0.848,1.7433333333333334,0.1526666666666666,Vivo,technology,23.55,77.75,0.555,0.452,0.729,0.727,0.578,real_sponsor_names_with_proxy_commercial_metrics,0.4808105137096679,-17,-18.19999999999999,2,-0.7999999999999972,0.07,-0.0029999999999998,0.1103333333333333,0.3361091814289645,0.4745815181488226,3.39,0.12,0.5561207293356778,0.2127999999999999,0.83381,0.3323485335046029,0.2,0.5491449988230938,3.43,0.107
930,2022,Brazil,Switzerland,group_or_knockout,True,0.0,59.0,10.1,60.0,windy,60.74,148.95,A_win,Doha,Qatar,2022-11-28,0.2444,5.39,0.262,0.272,52.46,1829,20,683.6,0.5,36.78,0.83,78.8,57.4,18.61,0.1376666666666667,0.7313333333333333,3.723333333333333,0.206,Adidas,apparel,33.15,430.0,1.0,0.369,0.809,0.916,0.861,real_sponsor_names_with_proxy_commercial_metrics,0.9383411482254695,1632,7,443.7,-0.12,26.09,0.595,72.7,48.1,17.05,0.1836666666666666,0.914,2.223333333333333,0.2486666666666666,Adidas,apparel,31.4,430.0,1.0,0.14,0.774,0.888,0.845,real_sponsor_names_with_proxy_commercial_metrics,0.90423375782881,197,239.90000000000003,13,6.099999999999994,0.62,-0.1826666666666667,-0.0459999999999999,0.9764150943396226,0.5667370018545951,4.192,0.48,0.4460326193379836,0.1900666666666667,0.87793,0.6479820166987798,0.2,0.600600959960996,4.147,0.125
931,2022,South Korea,Ghana,group_or_knockout,True,0.0,58.1,21.4,52.6,hot,69.54,208.94,B_win,Al Rayyan,Qatar,2022-11-28,0.3566,3.35,0.142,0.225,56.32,1548,6,343.4,-0.37,22.9,0.505,70.3,20.2,12.829999999999998,0.151,0.8606666666666666,2.8866666666666667,0.2443333333333333,McDonald's,restaurant,25.44,80.72,0.587,0.49,0.67,0.723,0.661,real_sponsor_names_with_proxy_commercial_metrics,0.5096695074891809,1600,2,402.0,-0.13,21.31,0.537,68.9,36.1,8.969999999999999,0.3763333333333333,0.8766666666666666,0.7333333333333333,0.2983333333333333,Mengniu,consumer_goods,23.07,63.81,0.408,0.27,0.715,0.668,0.644,real_sponsor_names_with_proxy_commercial_metrics,0.4350286739451539,-52,-58.60000000000002,4,1.3999999999999917,-0.24,-0.016,-0.2253333333333333,0.3785695739184261,0.5481858067421814,3.271,0.62,0.5663439652100225,0.1463333333333333,0.6669599999999999,0.3780760722186541,0.2,0.4896759007272186,3.318,0.13
932,2022,Portugal,Uruguay,group_or_knockout,True,0.0,63.8,19.5,43.8,windy,62.94,400.32,A_win,Lusail,Qatar,2022-11-28,0.2914,3.03,0.187,0.209,65.4,1702,6,527.3,0.14,27.94,0.666,76.8,47.1,14.4,0.2406666666666666,0.7363333333333334,3.2266666666666666,0.0836666666666666,Mengniu,consumer_goods,17.76,59.99,0.368,0.468,0.8,0.643,0.574,real_sponsor_names_with_proxy_commercial_metrics,0.3591620632748621,1684,10,508.3,0.07,29.28,0.661,74.8,44.8,20.58,0.1356666666666666,0.8753333333333333,1.923333333333333,0.1913333333333333,Vivo,technology,19.75,76.46,0.542,0.306,0.797,0.741,0.63,real_sponsor_names_with_proxy_commercial_metrics,0.4425490151146019,18,18.999999999999943,-4,2.0,0.07,-0.1389999999999999,0.105,0.6820304126224132,0.5630284987693839,3.769,0.48,0.6733125934037781,0.2498666666666666,0.64909,0.3334733461785484,0.2,0.47038999352215,3.635,0.205
933,2022,Ecuador,Senegal,group_or_knockout,True,0.0,73.1,13.7,34.5,clear,65.14,202.52,B_win,Al Rayyan,Qatar,2022-11-29,0.2835,3.43,0.189,0.198,62.59,1623,2,428.7,-0.08,21.59,0.558,71.6,42.9,13.81,0.1486666666666666,0.8836666666666666,1.9966666666666668,0.0626666666666666,McDonald's,restaurant,16.55,66.18,0.433,0.554,0.689,0.657,0.645,real_sponsor_names_with_proxy_commercial_metrics,0.3468108960326372,1638,2,445.8,0.08,21.81,0.572,72.8,30.1,9.94,0.1993333333333333,0.7706666666666666,2.3433333333333333,0.2143333333333333,Budweiser,beverage,31.49,200.0,1.0,0.344,0.754,0.934,0.653,real_sponsor_names_with_proxy_commercial_metrics,0.7707489933510884,-15,-17.100000000000023,0,-1.2000000000000028,-0.16,0.1129999999999999,-0.0506666666666666,0.4857367378812579,0.4984340699384532,3.501,0.12,0.5268659851960779,0.1357333333333333,0.62832,0.3001552130164847,0.2,0.4239901516698154,3.458,0.209
934,2022,Qatar,Netherlands,group_or_knockout,False,0.18,79.4,25.7,68.1,clear,62.94,282.02,B_win,Al Khor,Qatar,2022-11-29,0.456,3.84,0.167,0.215,50.17,1388,1,142.7,-1.0,8.65,0.277,63.5,12.4,4.78,0.1089999999999999,0.831,4.1000000000000005,0.2029999999999999,McDonald's,restaurant,21.61,73.65,0.512,0.065,0.619,0.704,0.571,real_sponsor_names_with_proxy_commercial_metrics,0.4234535793812863,1746,9,581.1,0.35,31.14,0.724,75.8,49.9,15.97,0.1103333333333333,0.742,2.733333333333333,0.1786666666666666,Hisense,technology,32.27,200.0,1.0,0.505,0.811,0.856,0.664,real_sponsor_names_with_proxy_commercial_metrics,0.781083544499314,-358,-438.4,-8,-12.299999999999995,-1.35,0.0889999999999999,-0.0013333333333333,0.0320754716981132,0.4175465548214018,3.173,0.12,0.5952861110852201,0.1329999999999999,0.61379,0.3256872190109183,0.2,0.4315497166185452,3.068,0.142
935,2022,Wales,England,group_or_knockout,True,0.0,62.0,20.3,45.5,rain,65.14,260.9,B_win,Al Rayyan,Qatar,2022-11-29,0.3737,1.93,0.052,0.164,57.37,1476,1,251.0,-0.25,14.8,0.391,67.0,18.7,9.44,0.2196666666666666,0.746,2.5966666666666667,0.0486666666666666,Coca-Cola,beverage,33.92,180.0,1.0,0.324,0.631,0.878,0.858,real_sponsor_names_with_proxy_commercial_metrics,0.7803273273467628,1695,13,522.2,0.16,30.51,0.678,76.6,52.6,19.34,0.28,0.7986666666666666,2.61,0.1863333333333333,McDonald's,restaurant,20.29,74.13,0.517,0.758,0.819,0.654,0.569,real_sponsor_names_with_proxy_commercial_metrics,0.4320601407850143,-219,-271.20000000000005,-12,-9.599999999999994,-0.41,-0.0526666666666666,-0.0603333333333333,0.2049457211070156,0.424586053887961,3.206,0.48,0.573904987733425,0.2333999999999999,0.79322,0.3200097766359808,0.2,0.5339904511985372,3.181,0.094
936,2022,Iran,United States,group_or_knockout,True,0.0,65.7,16.5,96.0,cloudy,60.74,192.41,B_win,Doha,Qatar,2022-11-29,0.0553,1.03,-0.042,0.024,54.52,1519,3,305.2,-0.44,19.13,0.455,68.7,30.6,12.34,0.1146666666666666,0.8703333333333333,3.7066666666666666,0.2463333333333333,Visa,finance,29.04,190.0,1.0,0.165,0.637,0.935,0.918,real_sponsor_names_with_proxy_commercial_metrics,0.7320693398896354,1578,6,379.0,-0.3,23.84,0.536,71.9,31.0,12.75,0.132,0.7943333333333333,0.7200000000000001,0.0636666666666666,Vivo,technology,22.58,68.24,0.455,0.416,0.676,0.652,0.654,real_sponsor_names_with_proxy_commercial_metrics,0.4316086395935045,-59,-73.80000000000001,-3,-3.200000000000003,-0.14,0.0759999999999999,-0.0173333333333333,0.3004381649565623,0.5126017092024059,3.528,0.22,0.3705727410453023,0.1206666666666666,0.8189899999999999,0.5330635838150289,0.2,0.5167582683592465,3.492,0.12
937,2022,Poland,Argentina,group_or_knockout,True,0.0,43.0,19.7,40.6,cloudy,62.94,136.35,B_win,Doha,Qatar,2022-11-30,0.1961,4.97,0.089,0.163,64.23,1685,6,506.6,0.05,27.64,0.65,72.7,42.5,15.85,0.2053333333333333,0.815,3.9733333333333327,0.268,Coca-Cola,beverage,28.97,180.0,1.0,0.581,0.749,0.899,0.847,real_sponsor_names_with_proxy_commercial_metrics,0.7339961373676395,1753,15,591.7,0.26,33.16,0.743,76.8,58.0,19.5,0.2623333333333333,0.8586666666666667,3.813333333333333,0.2106666666666666,Hyundai,automotive,30.74,420.0,1.0,0.338,0.813,0.936,0.851,real_sponsor_names_with_proxy_commercial_metrics,0.9027842922587972,-68,-85.10000000000002,-9,-4.099999999999994,-0.21,-0.0436666666666667,-0.057,0.616436840876696,0.559292797824707,3.483,0.22,0.4375433279195633,0.1972,0.84638,0.210443873545993,0.2,0.5429309219430641,3.684,0.127
938,2022,Saudi Arabia,Mexico,group_or_knockout,True,0.0,56.9,29.4,37.9,windy,65.14,250.45,B_win,Lusail,Qatar,2022-11-30,0.1499,2.85,0.301,0.286,61.87,1543,3,334.4,-0.47,20.17,0.482,68.2,34.6,13.01,0.2876666666666667,0.8483333333333333,5.266666666666667,0.2613333333333333,Visa,finance,27.16,190.0,1.0,0.611,0.648,0.864,0.904,real_sponsor_names_with_proxy_commercial_metrics,0.6981078576349381,1612,10,421.9,-0.18,26.83,0.584,72.1,37.6,18.89,0.2446666666666666,0.7546666666666667,1.1233333333333333,0.211,Hyundai,automotive,28.5,420.0,1.0,0.636,0.712,0.897,0.88,real_sponsor_names_with_proxy_commercial_metrics,0.853187632551073,-69,-87.5,-7,-3.899999999999992,-0.29,0.0936666666666665,0.043,0.3337070048861339,0.5914970903412005,3.589,0.48,0.5449346969245369,0.2332666666666667,0.80376,0.4354361664168985,0.2,0.5566824105128286,3.665,0.135
939,2022,Australia,Denmark,group_or_knockout,True,0.0,70.2,26.6,66.2,cloudy,60.74,114.11,A_win,Al Wakrah,Qatar,2022-11-30,0.1047,4.79,0.305,0.209,58.03,1539,3,329.7,-0.4,20.21,0.479,69.8,32.1,7.37,0.2113333333333333,0.8620000000000001,3.056666666666666,0.0496666666666666,Hyundai,automotive,29.32,420.0,1.0,0.218,0.705,0.903,0.913,real_sponsor_names_with_proxy_commercial_metrics,0.8662849811940794,1642,4,453.4,0.04,24.3,0.592,71.5,43.1,19.09,0.1573333333333333,0.8273333333333334,2.966666666666667,0.3496666666666666,Coca-Cola,beverage,33.85,180.0,1.0,0.685,0.715,0.895,0.825,real_sponsor_names_with_proxy_commercial_metrics,0.7927174317308963,-103,-123.7,-1,-1.7000000000000028,-0.44,0.0346666666666667,0.0539999999999999,0.3425474064388163,0.3524452375014332,3.746,0.22,0.3799720418229765,0.1819999999999999,0.8387999999999999,0.380887747091986,0.2,0.5050994703515757,3.53,0.12
940,2022,Tunisia,France,group_or_knockout,True,0.0,69.3,22.2,82.5,clear,60.74,271.74,A_win,Al Rayyan,Qatar,2022-11-30,0.2561,6.26,0.135,0.143,65.01,1519,3,305.2,-0.39,19.13,0.455,66.6,27.6,11.21,0.2033333333333333,0.8946666666666667,3.3266666666666667,0.1976666666666666,Hyundai,automotive,28.75,420.0,1.0,0.7,0.649,0.867,0.833,real_sponsor_names_with_proxy_commercial_metrics,0.8393101168934529,1748,13,584.8,0.26,32.28,0.733,77.8,46.5,18.67,0.2083333333333333,0.8296666666666667,3.483333333333333,0.3613333333333333,Qatar Airways,airline,24.02,81.37,0.593,0.647,0.801,0.711,0.647,real_sponsor_names_with_proxy_commercial_metrics,0.5102507613733611,-229,-279.6,-10,-11.200000000000005,-0.65,0.065,-0.005,0.2806268442018452,0.5104874405683348,3.982,0.12,0.5397059531109571,0.1641333333333333,0.79428,0.296868978805395,0.2,0.569663302035754,3.724,0.13
941,2022,Japan,Spain,group_or_knockout,True,0.0,60.8,26.7,59.0,clear,65.14,196.87,A_win,Al Rayyan,Qatar,2022-12-01,0.2708,3.89,0.08,0.155,57.34,1586,4,387.4,-0.2,22.68,0.535,72.8,37.0,11.9,0.25,0.7706666666666667,4.593333333333333,0.3566666666666667,Adidas,apparel,29.47,430.0,1.0,0.558,0.648,0.855,0.917,real_sponsor_names_with_proxy_commercial_metrics,0.8586337787056367,1708,12,537.2,0.18,30.58,0.689,77.4,45.2,19.26,0.2126666666666666,0.84,4.25,0.077,Budweiser,beverage,27.85,200.0,1.0,0.321,0.724,0.933,0.612,real_sponsor_names_with_proxy_commercial_metrics,0.7135544213260362,-122,-149.80000000000007,-8,-4.6000000000000085,-0.38,-0.0693333333333332,0.0373333333333333,0.4507401502367096,0.5416910746573331,3.972,0.12,0.4957621657814389,0.2417333333333333,0.8034600000000001,0.312377792050239,0.2,0.570878440949694,3.796,0.129
942,2022,Costa Rica,Germany,group_or_knockout,True,0.0,69.5,16.0,67.2,clear,71.74,97.61,B_win,Al Khor,Qatar,2022-12-01,0.2007,3.55,0.178,0.141,73.33,1585,3,384.6,-0.19,21.98,0.529,73.1,26.3,15.16,0.1976666666666666,0.8413333333333334,2.26,0.2056666666666666,Visa,finance,31.23,190.0,1.0,0.397,0.677,0.885,0.896,real_sponsor_names_with_proxy_commercial_metrics,0.7601475027288838,1798,20,646.1,0.4,35.62,0.797,81.3,65.9,22.15,0.2123333333333333,0.851,5.576666666666667,0.3273333333333333,Coca-Cola,beverage,29.19,180.0,1.0,0.286,0.859,0.907,0.902,real_sponsor_names_with_proxy_commercial_metrics,0.7594715235889338,-213,-261.5,-17,-8.200000000000003,-0.5900000000000001,-0.0096666666666666,-0.0146666666666666,0.445992633460652,0.5357216515989603,3.548,0.12,0.4740033978723156,0.1820666666666666,0.8199899999999999,0.3816249197174053,0.2,0.5471127426771041,3.47,0.111
943,2022,Croatia,Belgium,group_or_knockout,True,0.0,64.4,23.2,28.5,clear,58.54,152.07,draw,Al Rayyan,Qatar,2022-12-01,0.2928,9.52,0.191,0.126,53.41,1671,5,489.2,0.13,26.28,0.629,75.1,52.8,21.52,0.2903333333333333,0.7756666666666666,3.4933333333333336,0.102,Hisense,technology,28.53,200.0,1.0,0.267,0.792,0.927,0.587,real_sponsor_names_with_proxy_commercial_metrics,0.7311319787373097,1674,9,495.4,0.02,28.38,0.646,71.5,40.4,23.19,0.142,0.7919999999999999,3.7566666666666655,0.0076666666666666,Visa,finance,26.85,190.0,1.0,0.538,0.72,0.914,0.914,real_sponsor_names_with_proxy_commercial_metrics,0.712621177050387,-3,-6.199999999999989,-4,3.5999999999999943,0.11,-0.0163333333333333,0.1483333333333333,0.6114873261612664,0.5936375469235223,3.807,0.12,0.416904078766851,0.2639333333333333,0.8324399999999998,0.0895472061657032,0.2,0.5417766037889109,3.793,0.133
944,2022,Canada,Morocco,group_or_knockout,True,0.0,73.6,23.9,47.2,clear,65.14,223.55,B_win,Doha,Qatar,2022-12-01,0.1696,3.23,0.204,0.231,60.62,1404,1,163.9,-1.0,11.34,0.308,62.1,14.1,8.35,0.1956666666666666,0.8916666666666666,2.7900000000000005,0.2693333333333333,Hisense,technology,28.16,200.0,1.0,0.586,0.646,0.897,0.559,real_sponsor_names_with_proxy_commercial_metrics,0.6968911019105875,1552,4,345.5,-0.26,21.17,0.496,69.2,34.3,12.67,0.2156666666666666,0.86,4.223333333333334,-0.0613333333333333,Mengniu,consumer_goods,19.44,62.12,0.391,0.28,0.668,0.598,0.65,real_sponsor_names_with_proxy_commercial_metrics,0.365598332426661,-148,-181.6,-3,-7.100000000000001,-0.74,0.0316666666666666,-0.02,0.0449929391486813,0.4671385530421446,3.428,0.12,0.5140339381852904,0.1607333333333333,0.75942,0.1885577677870548,0.2,0.5135342469473996,3.344,0.119
945,2022,Serbia,Switzerland,group_or_knockout,True,0.0,61.8,20.2,40.8,rain,69.54,185.96,B_win,Doha,Qatar,2022-12-02,0.1706,0.51,-0.046,0.046,68.16,1559,2,352.7,-0.38,20.1,0.495,68.8,36.3,15.31,0.141,0.848,1.7433333333333334,0.1526666666666666,Vivo,technology,23.55,77.75,0.555,0.452,0.729,0.727,0.578,real_sponsor_names_with_proxy_commercial_metrics,0.4808105137096679,1632,7,443.7,-0.12,26.09,0.595,72.7,48.1,17.05,0.1836666666666666,0.914,2.223333333333333,0.2486666666666666,Adidas,apparel,31.4,430.0,1.0,0.14,0.774,0.888,0.845,real_sponsor_names_with_proxy_commercial_metrics,0.90423375782881,-73,-91.0,-5,-3.9000000000000057,-0.26,-0.066,-0.0426666666666666,0.358888880308777,0.5413152235024233,3.3,0.48,0.4834888381541743,0.1454,0.67453,0.3023022907300363,0.2,0.4653707535018337,3.308,0.14
946,2022,Cameroon,Brazil,group_or_knockout,True,0.0,53.4,25.6,27.7,rain,60.74,212.05,A_win,Lusail,Qatar,2022-12-02,0.3523,2.21,0.409,0.29,62.59,1542,4,334.5,-0.31,21.28,0.489,68.0,29.1,10.52,0.2513333333333333,0.8450000000000001,2.2433333333333336,0.186,Coca-Cola,beverage,31.97,180.0,1.0,0.241,0.693,0.92,0.885,real_sponsor_names_with_proxy_commercial_metrics,0.7711359494761991,1829,20,683.6,0.5,36.78,0.83,78.8,57.4,18.61,0.1376666666666667,0.7313333333333333,3.723333333333333,0.206,Adidas,apparel,33.15,430.0,1.0,0.369,0.809,0.916,0.861,real_sponsor_names_with_proxy_commercial_metrics,0.9383411482254695,-287,-349.1,-16,-10.799999999999995,-0.81,0.1136666666666668,0.1136666666666666,0.3361091814289645,0.4448181301096673,3.469,0.48,0.5519730062279852,0.2127999999999999,0.83381,0.2925181617069864,0.2,0.5399817055505917,3.32,0.104
947,2022,Ghana,Uruguay,group_or_knockout,True,0.0,62.4,18.3,59.9,cloudy,62.94,141.77,B_win,Al Wakrah,Qatar,2022-12-02,0.2225,6.06,0.247,0.176,70.51,1600,2,402.0,-0.13,21.31,0.537,68.9,36.1,8.969999999999999,0.3763333333333333,0.8766666666666666,0.7333333333333333,0.2983333333333333,Mengniu,consumer_goods,23.07,63.81,0.408,0.27,0.715,0.668,0.644,real_sponsor_names_with_proxy_commercial_metrics,0.4350286739451539,1684,10,508.3,0.07,29.28,0.661,74.8,44.8,20.58,0.1356666666666666,0.8753333333333333,1.923333333333333,0.1913333333333333,Vivo,technology,19.75,76.46,0.542,0.306,0.797,0.741,0.63,real_sponsor_names_with_proxy_commercial_metrics,0.4425490151146019,-84,-106.3,-8,-5.899999999999992,-0.2,0.0013333333333332,0.2406666666666667,0.4244551084744016,0.4021147959982434,3.001,0.22,0.4675182712053742,0.2751333333333333,0.6373399999999999,0.3302551202454863,0.2,0.3992222788674199,3.041,0.132
948,2022,South Korea,Portugal,group_or_knockout,True,0.0,24.0,26.1,22.1,clear,65.14,129.14,A_win,Al Rayyan,Qatar,2022-12-02,0.1836,0.08,0.14,0.209,57.12,1548,6,343.4,-0.37,22.9,0.505,70.3,20.2,12.829999999999998,0.151,0.8606666666666666,2.8866666666666667,0.2443333333333333,McDonald's,restaurant,25.44,80.72,0.587,0.49,0.67,0.723,0.661,real_sponsor_names_with_proxy_commercial_metrics,0.5096695074891809,1702,6,527.3,0.14,27.94,0.666,76.8,47.1,14.4,0.2406666666666666,0.7363333333333334,3.2266666666666666,0.0836666666666666,Mengniu,consumer_goods,17.76,59.99,0.368,0.468,0.8,0.643,0.574,real_sponsor_names_with_proxy_commercial_metrics,0.3591620632748621,-154,-183.9,0,-6.5,-0.51,0.1243333333333331,-0.0896666666666666,0.3785695739184261,0.5006233882486013,3.011,0.12,0.4340821517475994,0.1463333333333333,0.6669599999999999,0.1373264111896097,0.2,0.4499060608565316,3.138,0.123
949,2022,Netherlands,United States,group_or_knockout,True,0.0,63.0,26.3,36.8,rain,67.34,188.62,A_win,Al Rayyan,Qatar,2022-12-03,0.1033,1.22,0.099,0.164,55.04,1746,9,581.1,0.35,31.14,0.724,75.8,49.9,15.97,0.1103333333333333,0.742,2.733333333333333,0.1786666666666666,Hisense,technology,32.27,200.0,1.0,0.505,0.811,0.856,0.664,real_sponsor_names_with_proxy_commercial_metrics,0.781083544499314,1578,6,379.0,-0.3,23.84,0.536,71.9,31.0,12.75,0.132,0.7943333333333333,0.7200000000000001,0.0636666666666666,Vivo,technology,22.58,68.24,0.455,0.416,0.676,0.652,0.654,real_sponsor_names_with_proxy_commercial_metrics,0.4316086395935045,168,202.1,3,3.899999999999992,0.6499999999999999,-0.0523333333333333,-0.0216666666666666,0.7581498473599972,0.54429720615758,3.931,0.48,0.4514556894957878,0.1694,0.8342200000000001,0.3500472418468565,0.2,0.5527812063031154,3.825,0.119
950,2022,Argentina,Australia,group_or_knockout,True,0.0,24.0,5.5,49.4,rain,65.14,187.8,A_win,Al Rayyan,Qatar,2022-12-03,0.1993,5.12,0.235,0.185,60.86,1753,15,591.7,0.26,33.16,0.743,76.8,58.0,19.5,0.2623333333333333,0.8586666666666667,3.813333333333333,0.2106666666666666,Hyundai,automotive,30.74,420.0,1.0,0.338,0.813,0.936,0.851,real_sponsor_names_with_proxy_commercial_metrics,0.9027842922587972,1539,3,329.7,-0.4,20.21,0.479,69.8,32.1,7.37,0.2113333333333333,0.8620000000000001,3.056666666666666,0.0496666666666666,Hyundai,automotive,29.32,420.0,1.0,0.218,0.705,0.903,0.913,real_sponsor_names_with_proxy_commercial_metrics,0.8662849811940794,214,262.00000000000006,12,7.0,0.66,-0.0033333333333334,0.051,0.8112048561394937,0.6447585833630303,3.826,0.48,0.4852196948480337,0.2139333333333333,0.8831100000000001,0.7218327267537287,0.2,0.6210439724533666,4.22,0.137
951,2022,France,Poland,group_or_knockout,True,0.0,35.6,30.1,44.7,hot,67.34,174.55,A_win,Doha,Qatar,2022-12-04,0.1682,2.23,0.196,0.122,65.78,1748,13,584.8,0.26,32.28,0.733,77.8,46.5,18.67,0.2083333333333333,0.8296666666666667,3.483333333333333,0.3613333333333333,Qatar Airways,airline,24.02,81.37,0.593,0.647,0.801,0.711,0.647,real_sponsor_names_with_proxy_commercial_metrics,0.5102507613733611,1685,6,506.6,0.05,27.64,0.65,72.7,42.5,15.85,0.2053333333333333,0.815,3.9733333333333327,0.268,Coca-Cola,beverage,28.97,180.0,1.0,0.581,0.749,0.899,0.847,real_sponsor_names_with_proxy_commercial_metrics,0.7339961373676395,63,78.19999999999993,7,5.099999999999994,0.21,0.0146666666666667,0.003,0.8018213325687816,0.6503396830077135,3.634,0.62,0.4753044940783844,0.1931333333333333,0.7179599999999999,0.5390269749518304,0.2,0.5045425927874433,3.734,0.155
952,2022,England,Senegal,group_or_knockout,True,0.0,63.9,4.7,64.3,cloudy,65.14,262.48,A_win,Al Khor,Qatar,2022-12-04,0.5839,2.57,0.164,0.187,56.16,1695,13,522.2,0.16,30.51,0.678,76.6,52.6,19.34,0.28,0.7986666666666666,2.61,0.1863333333333333,McDonald's,restaurant,20.29,74.13,0.517,0.758,0.819,0.654,0.569,real_sponsor_names_with_proxy_commercial_metrics,0.4320601407850143,1638,2,445.8,0.08,21.81,0.572,72.8,30.1,9.94,0.1993333333333333,0.7706666666666666,2.3433333333333333,0.2143333333333333,Budweiser,beverage,31.49,200.0,1.0,0.344,0.754,0.934,0.653,real_sponsor_names_with_proxy_commercial_metrics,0.7707489933510884,57,76.40000000000003,11,3.799999999999997,0.08,0.028,0.0806666666666666,0.7074856858162286,0.6280778647983758,3.863,0.22,0.6359182499574424,0.2485333333333333,0.68589,0.7030246913580247,0.2,0.5038524859234371,3.748,0.185
953,2022,Japan,Croatia,group_or_knockout,True,0.0,64.2,19.3,62.9,rain,62.94,141.76,draw,Al Wakrah,Qatar,2022-12-05,0.1996,5.05,0.193,0.203,69.27,1586,4,387.4,-0.2,22.68,0.535,72.8,37.0,11.9,0.25,0.7706666666666667,4.593333333333333,0.3566666666666667,Adidas,apparel,29.47,430.0,1.0,0.558,0.648,0.855,0.917,real_sponsor_names_with_proxy_commercial_metrics,0.8586337787056367,1671,5,489.2,0.13,26.28,0.629,75.1,52.8,21.52,0.2903333333333333,0.7756666666666666,3.4933333333333336,0.102,Hisense,technology,28.53,200.0,1.0,0.267,0.792,0.927,0.587,real_sponsor_names_with_proxy_commercial_metrics,0.7311319787373097,-85,-101.8,-1,-2.299999999999997,-0.33,-0.0049999999999998,-0.0403333333333333,0.4507401502367096,0.5126143653670232,3.809,0.48,0.464673263795758,0.2417333333333333,0.8034600000000001,0.4212065225148076,0.2,0.556519181951271,3.747,0.127
954,2022,Brazil,South Korea,group_or_knockout,True,0.0,42.9,29.2,72.3,cloudy,69.54,216.93,A_win,Doha,Qatar,2022-12-05,0.1258,1.29,0.147,0.157,74.24,1829,20,683.6,0.5,36.78,0.83,78.8,57.4,18.61,0.1376666666666667,0.7313333333333333,3.723333333333333,0.206,Adidas,apparel,33.15,430.0,1.0,0.369,0.809,0.916,0.861,real_sponsor_names_with_proxy_commercial_metrics,0.9383411482254695,1548,6,343.4,-0.37,22.9,0.505,70.3,20.2,12.829999999999998,0.151,0.8606666666666666,2.8866666666666667,0.2443333333333333,McDonald's,restaurant,25.44,80.72,0.587,0.49,0.67,0.723,0.661,real_sponsor_names_with_proxy_commercial_metrics,0.5096695074891809,281,340.20000000000005,14,8.5,0.87,-0.1293333333333333,-0.0133333333333333,0.9764150943396226,0.6299635013014996,4.179,0.22,0.5359770997409686,0.1900666666666667,0.87793,0.4748758295868122,0.2,0.6362932758867264,4.274,0.129
955,2022,Morocco,Spain,group_or_knockout,True,0.0,48.7,21.1,70.0,cloudy,58.54,170.5,draw,Al Rayyan,Qatar,2022-12-06,0.2516,-0.28,0.188,0.185,56.06,1552,4,345.5,-0.26,21.17,0.496,69.2,34.3,12.67,0.2156666666666666,0.86,4.223333333333334,-0.0613333333333333,Mengniu,consumer_goods,19.44,62.12,0.391,0.28,0.668,0.598,0.65,real_sponsor_names_with_proxy_commercial_metrics,0.365598332426661,1708,12,537.2,0.18,30.58,0.689,77.4,45.2,19.26,0.2126666666666666,0.84,4.25,0.077,Budweiser,beverage,27.85,200.0,1.0,0.321,0.724,0.933,0.612,real_sponsor_names_with_proxy_commercial_metrics,0.7135544213260362,-156,-191.70000000000005,-8,-8.200000000000003,-0.44,0.02,0.003,0.3627181368394233,0.4536137050005615,3.088,0.22,0.4400075937846296,0.1853999999999999,0.59794,0.3010647256119317,0.2,0.3913445559394818,3.106,0.16
956,2022,Portugal,Switzerland,group_or_knockout,True,0.0,75.8,14.2,76.3,hot,73.94,136.64,A_win,Lusail,Qatar,2022-12-06,0.5619,-0.12,0.214,0.232,69.65,1702,6,527.3,0.14,27.94,0.666,76.8,47.1,14.4,0.2406666666666666,0.7363333333333334,3.2266666666666666,0.0836666666666666,Mengniu,consumer_goods,17.76,59.99,0.368,0.468,0.8,0.643,0.574,real_sponsor_names_with_proxy_commercial_metrics,0.3591620632748621,1632,7,443.7,-0.12,26.09,0.595,72.7,48.1,17.05,0.1836666666666666,0.914,2.223333333333333,0.2486666666666666,Adidas,apparel,31.4,430.0,1.0,0.14,0.774,0.888,0.845,real_sponsor_names_with_proxy_commercial_metrics,0.90423375782881,70,83.59999999999997,-1,4.099999999999994,0.26,-0.1776666666666666,0.0569999999999999,0.6820304126224132,0.5206742090297943,3.738,0.62,0.6276887069311637,0.2498666666666666,0.64909,0.6677667166202812,0.2,0.4494060151005421,3.508,0.198
957,2022,Croatia,Brazil,group_or_knockout,True,0.0,51.7,16.4,58.0,clear,62.94,124.32,draw,Al Rayyan,Qatar,2022-12-09,0.334,4.02,0.184,0.221,50.02,1671,5,489.2,0.13,26.28,0.629,75.1,52.8,21.52,0.2903333333333333,0.7756666666666666,3.4933333333333336,0.102,Hisense,technology,28.53,200.0,1.0,0.267,0.792,0.927,0.587,real_sponsor_names_with_proxy_commercial_metrics,0.7311319787373097,1829,20,683.6,0.5,36.78,0.83,78.8,57.4,18.61,0.1376666666666667,0.7313333333333333,3.723333333333333,0.206,Adidas,apparel,33.15,430.0,1.0,0.369,0.809,0.916,0.861,real_sponsor_names_with_proxy_commercial_metrics,0.9383411482254695,-158,-194.40000000000003,-15,-3.700000000000003,-0.37,0.0443333333333333,0.1526666666666666,0.6114873261612664,0.6037554532750535,3.691,0.12,0.4459024139896705,0.2639333333333333,0.8324399999999998,0.3314672090201955,0.2,0.5504092846119035,3.718,0.13
958,2022,Netherlands,Argentina,group_or_knockout,True,0.0,87.2,29.2,62.9,clear,67.34,193.08,draw,Lusail,Qatar,2022-12-09,0.2002,3.34,0.179,0.169,65.54,1746,9,581.1,0.35,31.14,0.724,75.8,49.9,15.97,0.1103333333333333,0.742,2.733333333333333,0.1786666666666666,Hisense,technology,32.27,200.0,1.0,0.505,0.811,0.856,0.664,real_sponsor_names_with_proxy_commercial_metrics,0.781083544499314,1753,15,591.7,0.26,33.16,0.743,76.8,58.0,19.5,0.2623333333333333,0.8586666666666667,3.813333333333333,0.2106666666666666,Hyundai,automotive,30.74,420.0,1.0,0.338,0.813,0.936,0.851,real_sponsor_names_with_proxy_commercial_metrics,0.9027842922587972,-7,-10.600000000000025,-6,-1.0,0.0899999999999999,-0.1166666666666667,-0.152,0.7581498473599972,0.5458499957824385,4.038,0.12,0.5087159297289456,0.1694,0.8342200000000001,0.3942585456361949,0.2,0.5646680354447075,3.811,0.118
959,2022,Morocco,Portugal,group_or_knockout,True,0.0,58.0,11.5,66.2,clear,60.74,302.28,A_win,Doha,Qatar,2022-12-10,0.2485,1.35,0.268,0.236,60.4,1552,4,345.5,-0.26,21.17,0.496,69.2,34.3,12.67,0.2156666666666666,0.86,4.223333333333334,-0.0613333333333333,Mengniu,consumer_goods,19.44,62.12,0.391,0.28,0.668,0.598,0.65,real_sponsor_names_with_proxy_commercial_metrics,0.365598332426661,1702,6,527.3,0.14,27.94,0.666,76.8,47.1,14.4,0.2406666666666666,0.7363333333333334,3.2266666666666666,0.0836666666666666,Mengniu,consumer_goods,17.76,59.99,0.368,0.468,0.8,0.643,0.574,real_sponsor_names_with_proxy_commercial_metrics,0.3591620632748621,-150,-181.79999999999995,-2,-7.599999999999994,-0.4,0.1236666666666665,-0.0249999999999999,0.3627181368394233,0.5093837731558728,3.426,0.12,0.5714383198574808,0.1853999999999999,0.59794,0.4943559551844715,0.2,0.4332463202375392,3.27,0.168
960,2022,England,France,group_or_knockout,True,0.0,63.3,29.8,60.3,cloudy,65.14,218.93,B_win,Al Khor,Qatar,2022-12-10,0.3381,0.37,0.028,0.073,71.72,1695,13,522.2,0.16,30.51,0.678,76.6,52.6,19.34,0.28,0.7986666666666666,2.61,0.1863333333333333,McDonald's,restaurant,20.29,74.13,0.517,0.758,0.819,0.654,0.569,real_sponsor_names_with_proxy_commercial_metrics,0.4320601407850143,1748,13,584.8,0.26,32.28,0.733,77.8,46.5,18.67,0.2083333333333333,0.8296666666666667,3.483333333333333,0.3613333333333333,Qatar Airways,airline,24.02,81.37,0.593,0.647,0.801,0.711,0.647,real_sponsor_names_with_proxy_commercial_metrics,0.5102507613733611,-53,-62.59999999999991,0,-1.2000000000000028,-0.1,-0.031,0.0716666666666666,0.7074856858162286,0.6129155356139385,3.611,0.22,0.5462579532664747,0.2485333333333333,0.68589,0.4386309141511454,0.2,0.4816749744136012,3.629,0.179
961,2022,Argentina,Croatia,group_or_knockout,True,0.0,79.0,22.7,51.6,cloudy,65.14,114.82,A_win,Lusail,Qatar,2022-12-13,0.3341,2.23,0.092,0.26,62.56,1753,15,591.7,0.26,33.16,0.743,76.8,58.0,19.5,0.2623333333333333,0.8586666666666667,3.813333333333333,0.2106666666666666,Hyundai,automotive,30.74,420.0,1.0,0.338,0.813,0.936,0.851,real_sponsor_names_with_proxy_commercial_metrics,0.9027842922587972,1671,5,489.2,0.13,26.28,0.629,75.1,52.8,21.52,0.2903333333333333,0.7756666666666666,3.4933333333333336,0.102,Hisense,technology,28.53,200.0,1.0,0.267,0.792,0.927,0.587,real_sponsor_names_with_proxy_commercial_metrics,0.7311319787373097,82,102.50000000000006,10,1.7000000000000028,0.13,0.083,-0.0279999999999999,0.8112048561394937,0.6193499316091787,4.374,0.22,0.491002953266377,0.2139333333333333,0.8831100000000001,0.2163562406336972,0.2,0.6150862016459568,4.048,0.132
962,2022,France,Morocco,group_or_knockout,True,0.0,59.7,15.8,52.7,rain,62.94,75.28,A_win,Al Khor,Qatar,2022-12-14,0.2431,5.14,0.158,0.153,52.66,1748,13,584.8,0.26,32.28,0.733,77.8,46.5,18.67,0.2083333333333333,0.8296666666666667,3.483333333333333,0.3613333333333333,Qatar Airways,airline,24.02,81.37,0.593,0.647,0.801,0.711,0.647,real_sponsor_names_with_proxy_commercial_metrics,0.5102507613733611,1552,4,345.5,-0.26,21.17,0.496,69.2,34.3,12.67,0.2156666666666666,0.86,4.223333333333334,-0.0613333333333333,Mengniu,consumer_goods,19.44,62.12,0.391,0.28,0.668,0.598,0.65,real_sponsor_names_with_proxy_commercial_metrics,0.365598332426661,196,239.29999999999995,9,8.599999999999994,0.52,-0.0303333333333333,-0.0073333333333333,0.8018213325687816,0.5959986066674973,3.692,0.48,0.3744134957253062,0.1931333333333333,0.7179599999999999,0.4681729108684792,0.2,0.4691488917415672,3.649,0.152
963,2022,Croatia,Morocco,group_or_knockout,True,0.0,45.0,19.5,44.9,cloudy,65.14,228.56,A_win,Al Rayyan,Qatar,2022-12-17,0.1789,1.04,0.098,0.142,55.03,1671,5,489.2,0.13,26.28,0.629,75.1,52.8,21.52,0.2903333333333333,0.7756666666666666,3.4933333333333336,0.102,Hisense,technology,28.53,200.0,1.0,0.267,0.792,0.927,0.587,real_sponsor_names_with_proxy_commercial_metrics,0.7311319787373097,1552,4,345.5,-0.26,21.17,0.496,69.2,34.3,12.67,0.2156666666666666,0.86,4.223333333333334,-0.0613333333333333,Mengniu,consumer_goods,19.44,62.12,0.391,0.28,0.668,0.598,0.65,real_sponsor_names_with_proxy_commercial_metrics,0.365598332426661,119,143.7,1,5.899999999999992,0.39,-0.0843333333333333,0.0746666666666666,0.6114873261612664,0.6499372195764176,3.874,0.22,0.4848878847258195,0.2639333333333333,0.8324399999999998,0.2342264325983016,0.2,0.5711372733235153,3.885,0.136
964,2022,Argentina,France,group_or_knockout,True,0.0,56.6,16.9,64.7,clear,71.74,199.56,draw,Lusail,Qatar,2022-12-18,0.3257,1.41,0.125,0.185,60.09,1753,15,591.7,0.26,33.16,0.743,76.8,58.0,19.5,0.2623333333333333,0.8586666666666667,3.813333333333333,0.2106666666666666,Hyundai,automotive,30.74,420.0,1.0,0.338,0.813,0.936,0.851,real_sponsor_names_with_proxy_commercial_metrics,0.9027842922587972,1748,13,584.8,0.26,32.28,0.733,77.8,46.5,18.67,0.2083333333333333,0.8296666666666667,3.483333333333333,0.3613333333333333,Qatar Airways,airline,24.02,81.37,0.593,0.647,0.801,0.711,0.647,real_sponsor_names_with_proxy_commercial_metrics,0.5102507613733611,5,6.900000000000091,2,-1.0,0.0,0.029,0.054,0.8112048561394937,0.6785219169089535,4.191,0.12,0.5621035486864498,0.2139333333333333,0.8831100000000001,0.3474120459573253,0.2,0.6458744766139084,4.185,0.136
