match_id,team_a,team_b,stage,scenario,strategy_type,scenario_roi,roi_lift,risk_score,risk_level,roi_ci_low,roi_ci_high,recommendation_reason,strategy_recommendation,scenario_rank
1,Belgium,United States,tournament,conservative_efficiency,conservative,3.541,-0.002,0.19,low,3.356,3.726,"Protect downside, prioritize performance-based inventory, and keep spend flexible.",Hold baseline until stronger attention or conversion signals appear.,4
1,Belgium,United States,tournament,balanced_activation,balanced,3.585,0.042,0.29,low,3.363,3.807,Use a mixed media package and lean into proven fan attention signals.,Hold baseline until stronger attention or conversion signals appear.,3
1,Belgium,United States,tournament,aggressive_media_surge,aggressive,3.705,0.162,0.43,medium,3.416,3.994,"Buy premium moments when attention, stage value, and player availability support scale.","Conditional: Buy premium moments when attention, stage value, and player availability support scale. Monitor fan sentiment and player availability.",2
1,Belgium,United States,tournament,player_risk_defense,conservative,3.463,-0.08,0.37,low,3.217,3.709,Shift budget away from star-dependent creative if player availability weakens.,Hold baseline until stronger attention or conversion signals appear.,5
1,Belgium,United States,tournament,knockout_takeover,aggressive,3.769,0.226,0.47,medium,3.458,4.08,Capture knockout-stage attention when the upside justifies higher variance.,Recommended: Capture knockout-stage attention when the upside justifies higher variance.,1
2,France,Mexico,tournament,conservative_efficiency,conservative,3.485,-0.002,0.253,low,3.279,3.691,"Protect downside, prioritize performance-based inventory, and keep spend flexible.",Hold baseline until stronger attention or conversion signals appear.,4
2,France,Mexico,tournament,balanced_activation,balanced,3.529,0.042,0.353,low,3.285,3.773,Use a mixed media package and lean into proven fan attention signals.,Hold baseline until stronger attention or conversion signals appear.,3
2,France,Mexico,tournament,aggressive_media_surge,aggressive,3.649,0.162,0.493,medium,3.339,3.959,"Buy premium moments when attention, stage value, and player availability support scale.","Conditional: Buy premium moments when attention, stage value, and player availability support scale. Monitor fan sentiment and player availability.",2
2,France,Mexico,tournament,player_risk_defense,conservative,3.407,-0.08,0.433,medium,3.14,3.674,Shift budget away from star-dependent creative if player availability weakens.,Hold baseline until stronger attention or conversion signals appear.,5
2,France,Mexico,tournament,knockout_takeover,aggressive,3.713,0.226,0.533,medium,3.38,4.046,Capture knockout-stage attention when the upside justifies higher variance.,Conditional: Capture knockout-stage attention when the upside justifies higher variance. Monitor fan sentiment and player availability.,1
3,Brazil,Yugoslavia,tournament,conservative_efficiency,conservative,3.994,-0.002,0.211,low,3.802,4.186,"Protect downside, prioritize performance-based inventory, and keep spend flexible.",Hold baseline until stronger attention or conversion signals appear.,4
3,Brazil,Yugoslavia,tournament,balanced_activation,balanced,4.038,0.042,0.311,low,3.809,4.267,Use a mixed media package and lean into proven fan attention signals.,Hold baseline until stronger attention or conversion signals appear.,3
3,Brazil,Yugoslavia,tournament,aggressive_media_surge,aggressive,4.158,0.162,0.451,medium,3.862,4.454,"Buy premium moments when attention, stage value, and player availability support scale.","Conditional: Buy premium moments when attention, stage value, and player availability support scale. Monitor fan sentiment and player availability.",2
3,Brazil,Yugoslavia,tournament,player_risk_defense,conservative,3.916,-0.08,0.391,medium,3.663,4.169,Shift budget away from star-dependent creative if player availability weakens.,Hold baseline until stronger attention or conversion signals appear.,5
3,Brazil,Yugoslavia,tournament,knockout_takeover,aggressive,4.222,0.226,0.491,medium,3.904,4.54,Capture knockout-stage attention when the upside justifies higher variance.,Recommended: Capture knockout-stage attention when the upside justifies higher variance.,1
4,Peru,Romania,tournament,conservative_efficiency,conservative,3.409,-0.002,0.23,low,3.211,3.607,"Protect downside, prioritize performance-based inventory, and keep spend flexible.",Hold baseline until stronger attention or conversion signals appear.,4
4,Peru,Romania,tournament,balanced_activation,balanced,3.453,0.042,0.33,low,3.217,3.689,Use a mixed media package and lean into proven fan attention signals.,Hold baseline until stronger attention or conversion signals appear.,3
4,Peru,Romania,tournament,aggressive_media_surge,aggressive,3.573,0.162,0.47,medium,3.271,3.875,"Buy premium moments when attention, stage value, and player availability support scale.","Conditional: Buy premium moments when attention, stage value, and player availability support scale. Monitor fan sentiment and player availability.",2
4,Peru,Romania,tournament,player_risk_defense,conservative,3.331,-0.08,0.41,medium,3.072,3.59,Shift budget away from star-dependent creative if player availability weakens.,Hold baseline until stronger attention or conversion signals appear.,5
4,Peru,Romania,tournament,knockout_takeover,aggressive,3.637,0.226,0.51,medium,3.312,3.962,Capture knockout-stage attention when the upside justifies higher variance.,Conditional: Capture knockout-stage attention when the upside justifies higher variance. Monitor fan sentiment and player availability.,1
5,Argentina,France,tournament,conservative_efficiency,conservative,3.634,-0.002,0.246,low,3.43,3.838,"Protect downside, prioritize performance-based inventory, and keep spend flexible.",Hold baseline until stronger attention or conversion signals appear.,4
5,Argentina,France,tournament,balanced_activation,balanced,3.678,0.042,0.346,low,3.437,3.919,Use a mixed media package and lean into proven fan attention signals.,Hold baseline until stronger attention or conversion signals appear.,3
5,Argentina,France,tournament,aggressive_media_surge,aggressive,3.798,0.162,0.486,medium,3.49,4.106,"Buy premium moments when attention, stage value, and player availability support scale.","Conditional: Buy premium moments when attention, stage value, and player availability support scale. Monitor fan sentiment and player availability.",2
5,Argentina,France,tournament,player_risk_defense,conservative,3.556,-0.08,0.426,medium,3.291,3.821,Shift budget away from star-dependent creative if player availability weakens.,Hold baseline until stronger attention or conversion signals appear.,5
5,Argentina,France,tournament,knockout_takeover,aggressive,3.862,0.226,0.526,medium,3.532,4.192,Capture knockout-stage attention when the upside justifies higher variance.,Conditional: Capture knockout-stage attention when the upside justifies higher variance. Monitor fan sentiment and player availability.,1
6,Chile,Mexico,tournament,conservative_efficiency,conservative,3.604,-0.002,0.204,low,3.415,3.793,"Protect downside, prioritize performance-based inventory, and keep spend flexible.",Hold baseline until stronger attention or conversion signals appear.,4
6,Chile,Mexico,tournament,balanced_activation,balanced,3.648,0.042,0.304,low,3.421,3.875,Use a mixed media package and lean into proven fan attention signals.,Hold baseline until stronger attention or conversion signals appear.,3
6,Chile,Mexico,tournament,aggressive_media_surge,aggressive,3.768,0.162,0.444,medium,3.475,4.061,"Buy premium moments when attention, stage value, and player availability support scale.","Conditional: Buy premium moments when attention, stage value, and player availability support scale. Monitor fan sentiment and player availability.",2
6,Chile,Mexico,tournament,player_risk_defense,conservative,3.526,-0.08,0.384,medium,3.275,3.777,Shift budget away from star-dependent creative if player availability weakens.,Hold baseline until stronger attention or conversion signals appear.,5
6,Chile,Mexico,tournament,knockout_takeover,aggressive,3.832,0.226,0.484,medium,3.516,4.148,Capture knockout-stage attention when the upside justifies higher variance.,Recommended: Capture knockout-stage attention when the upside justifies higher variance.,1
7,Bolivia,Yugoslavia,tournament,conservative_efficiency,conservative,2.508,-0.002,0.177,low,2.328,2.688,"Protect downside, prioritize performance-based inventory, and keep spend flexible.",Hold baseline until stronger attention or conversion signals appear.,4
7,Bolivia,Yugoslavia,tournament,balanced_activation,balanced,2.552,0.042,0.277,low,2.334,2.77,Use a mixed media package and lean into proven fan attention signals.,Hold baseline until stronger attention or conversion signals appear.,3
7,Bolivia,Yugoslavia,tournament,aggressive_media_surge,aggressive,2.672,0.162,0.417,medium,2.388,2.956,"Buy premium moments when attention, stage value, and player availability support scale.","Conditional: Buy premium moments when attention, stage value, and player availability support scale. Monitor fan sentiment and player availability.",2
7,Bolivia,Yugoslavia,tournament,player_risk_defense,conservative,2.43,-0.08,0.357,low,2.189,2.671,Shift budget away from star-dependent creative if player availability weakens.,Hold baseline until stronger attention or conversion signals appear.,5
7,Bolivia,Yugoslavia,tournament,knockout_takeover,aggressive,2.736,0.226,0.457,medium,2.429,3.043,Capture knockout-stage attention when the upside justifies higher variance.,Recommended: Capture knockout-stage attention when the upside justifies higher variance.,1
8,Paraguay,United States,tournament,conservative_efficiency,conservative,3.43,-0.002,0.214,low,3.237,3.623,"Protect downside, prioritize performance-based inventory, and keep spend flexible.",Hold baseline until stronger attention or conversion signals appear.,4
8,Paraguay,United States,tournament,balanced_activation,balanced,3.474,0.042,0.314,low,3.244,3.704,Use a mixed media package and lean into proven fan attention signals.,Hold baseline until stronger attention or conversion signals appear.,3
8,Paraguay,United States,tournament,aggressive_media_surge,aggressive,3.594,0.162,0.454,medium,3.297,3.891,"Buy premium moments when attention, stage value, and player availability support scale.","Conditional: Buy premium moments when attention, stage value, and player availability support scale. Monitor fan sentiment and player availability.",2
8,Paraguay,United States,tournament,player_risk_defense,conservative,3.352,-0.08,0.394,medium,3.098,3.606,Shift budget away from star-dependent creative if player availability weakens.,Hold baseline until stronger attention or conversion signals appear.,5
8,Paraguay,United States,tournament,knockout_takeover,aggressive,3.658,0.226,0.494,medium,3.339,3.977,Capture knockout-stage attention when the upside justifies higher variance.,Recommended: Capture knockout-stage attention when the upside justifies higher variance.,1
9,Uruguay,Peru,tournament,conservative_efficiency,conservative,3.337,-0.002,0.184,low,3.154,3.52,"Protect downside, prioritize performance-based inventory, and keep spend flexible.",Hold baseline until stronger attention or conversion signals appear.,4
9,Uruguay,Peru,tournament,balanced_activation,balanced,3.381,0.042,0.284,low,3.161,3.601,Use a mixed media package and lean into proven fan attention signals.,Hold baseline until stronger attention or conversion signals appear.,3
9,Uruguay,Peru,tournament,aggressive_media_surge,aggressive,3.501,0.162,0.424,medium,3.214,3.788,"Buy premium moments when attention, stage value, and player availability support scale.","Conditional: Buy premium moments when attention, stage value, and player availability support scale. Monitor fan sentiment and player availability.",2
9,Uruguay,Peru,tournament,player_risk_defense,conservative,3.259,-0.08,0.364,low,3.015,3.503,Shift budget away from star-dependent creative if player availability weakens.,Hold baseline until stronger attention or conversion signals appear.,5
9,Uruguay,Peru,tournament,knockout_takeover,aggressive,3.565,0.226,0.464,medium,3.256,3.874,Capture knockout-stage attention when the upside justifies higher variance.,Recommended: Capture knockout-stage attention when the upside justifies higher variance.,1
10,Argentina,Mexico,tournament,conservative_efficiency,conservative,3.837,-0.002,0.198,low,3.65,4.024,"Protect downside, prioritize performance-based inventory, and keep spend flexible.",Hold baseline until stronger attention or conversion signals appear.,4
10,Argentina,Mexico,tournament,balanced_activation,balanced,3.881,0.042,0.298,low,3.656,4.106,Use a mixed media package and lean into proven fan attention signals.,Hold baseline until stronger attention or conversion signals appear.,3
10,Argentina,Mexico,tournament,aggressive_media_surge,aggressive,4.001,0.162,0.438,medium,3.71,4.292,"Buy premium moments when attention, stage value, and player availability support scale.","Conditional: Buy premium moments when attention, stage value, and player availability support scale. Monitor fan sentiment and player availability.",2
10,Argentina,Mexico,tournament,player_risk_defense,conservative,3.759,-0.08,0.378,low,3.51,4.008,Shift budget away from star-dependent creative if player availability weakens.,Hold baseline until stronger attention or conversion signals appear.,5
10,Argentina,Mexico,tournament,knockout_takeover,aggressive,4.065,0.226,0.478,medium,3.751,4.379,Capture knockout-stage attention when the upside justifies higher variance.,Recommended: Capture knockout-stage attention when the upside justifies higher variance.,1
11,Chile,France,tournament,conservative_efficiency,conservative,3.484,-0.002,0.184,low,3.301,3.667,"Protect downside, prioritize performance-based inventory, and keep spend flexible.",Hold baseline until stronger attention or conversion signals appear.,4
11,Chile,France,tournament,balanced_activation,balanced,3.528,0.042,0.284,low,3.308,3.748,Use a mixed media package and lean into proven fan attention signals.,Hold baseline until stronger attention or conversion signals appear.,3
11,Chile,France,tournament,aggressive_media_surge,aggressive,3.648,0.162,0.424,medium,3.361,3.935,"Buy premium moments when attention, stage value, and player availability support scale.","Conditional: Buy premium moments when attention, stage value, and player availability support scale. Monitor fan sentiment and player availability.",2
11,Chile,France,tournament,player_risk_defense,conservative,3.406,-0.08,0.364,low,3.162,3.65,Shift budget away from star-dependent creative if player availability weakens.,Hold baseline until stronger attention or conversion signals appear.,5
11,Chile,France,tournament,knockout_takeover,aggressive,3.712,0.226,0.464,medium,3.403,4.021,Capture knockout-stage attention when the upside justifies higher variance.,Recommended: Capture knockout-stage attention when the upside justifies higher variance.,1
12,Belgium,Paraguay,tournament,conservative_efficiency,conservative,3.526,-0.002,0.232,low,3.327,3.725,"Protect downside, prioritize performance-based inventory, and keep spend flexible.",Hold baseline until stronger attention or conversion signals appear.,4
12,Belgium,Paraguay,tournament,balanced_activation,balanced,3.57,0.042,0.332,low,3.334,3.806,Use a mixed media package and lean into proven fan attention signals.,Hold baseline until stronger attention or conversion signals appear.,3
12,Belgium,Paraguay,tournament,aggressive_media_surge,aggressive,3.69,0.162,0.472,medium,3.387,3.993,"Buy premium moments when attention, stage value, and player availability support scale.","Conditional: Buy premium moments when attention, stage value, and player availability support scale. Monitor fan sentiment and player availability.",2
12,Belgium,Paraguay,tournament,player_risk_defense,conservative,3.448,-0.08,0.412,medium,3.188,3.708,Shift budget away from star-dependent creative if player availability weakens.,Hold baseline until stronger attention or conversion signals appear.,5
12,Belgium,Paraguay,tournament,knockout_takeover,aggressive,3.754,0.226,0.512,medium,3.428,4.08,Capture knockout-stage attention when the upside justifies higher variance.,Conditional: Capture knockout-stage attention when the upside justifies higher variance. Monitor fan sentiment and player availability.,1
13,Bolivia,Brazil,tournament,conservative_efficiency,conservative,2.436,-0.002,0.227,low,2.239,2.633,"Protect downside, prioritize performance-based inventory, and keep spend flexible.",Hold baseline until stronger attention or conversion signals appear.,4
13,Bolivia,Brazil,tournament,balanced_activation,balanced,2.48,0.042,0.327,low,2.245,2.715,Use a mixed media package and lean into proven fan attention signals.,Hold baseline until stronger attention or conversion signals appear.,3
13,Bolivia,Brazil,tournament,aggressive_media_surge,aggressive,2.6,0.162,0.467,medium,2.299,2.901,"Buy premium moments when attention, stage value, and player availability support scale.","Conditional: Buy premium moments when attention, stage value, and player availability support scale. Monitor fan sentiment and player availability.",2
13,Bolivia,Brazil,tournament,player_risk_defense,conservative,2.358,-0.08,0.407,medium,2.1,2.616,Shift budget away from star-dependent creative if player availability weakens.,Hold baseline until stronger attention or conversion signals appear.,5
13,Bolivia,Brazil,tournament,knockout_takeover,aggressive,2.664,0.226,0.507,medium,2.34,2.988,Capture knockout-stage attention when the upside justifies higher variance.,Conditional: Capture knockout-stage attention when the upside justifies higher variance. Monitor fan sentiment and player availability.,1
14,Uruguay,Romania,tournament,conservative_efficiency,conservative,3.488,-0.002,0.189,low,3.304,3.672,"Protect downside, prioritize performance-based inventory, and keep spend flexible.",Hold baseline until stronger attention or conversion signals appear.,4
14,Uruguay,Romania,tournament,balanced_activation,balanced,3.532,0.042,0.289,low,3.31,3.754,Use a mixed media package and lean into proven fan attention signals.,Hold baseline until stronger attention or conversion signals appear.,3
14,Uruguay,Romania,tournament,aggressive_media_surge,aggressive,3.652,0.162,0.429,medium,3.364,3.94,"Buy premium moments when attention, stage value, and player availability support scale.","Conditional: Buy premium moments when attention, stage value, and player availability support scale. Monitor fan sentiment and player availability.",2
14,Uruguay,Romania,tournament,player_risk_defense,conservative,3.41,-0.08,0.369,low,3.165,3.655,Shift budget away from star-dependent creative if player availability weakens.,Hold baseline until stronger attention or conversion signals appear.,5
14,Uruguay,Romania,tournament,knockout_takeover,aggressive,3.716,0.226,0.469,medium,3.405,4.027,Capture knockout-stage attention when the upside justifies higher variance.,Recommended: Capture knockout-stage attention when the upside justifies higher variance.,1
15,Argentina,Chile,tournament,conservative_efficiency,conservative,3.705,-0.002,0.227,low,3.508,3.902,"Protect downside, prioritize performance-based inventory, and keep spend flexible.",Hold baseline until stronger attention or conversion signals appear.,4
15,Argentina,Chile,tournament,balanced_activation,balanced,3.749,0.042,0.327,low,3.514,3.984,Use a mixed media package and lean into proven fan attention signals.,Hold baseline until stronger attention or conversion signals appear.,3
15,Argentina,Chile,tournament,aggressive_media_surge,aggressive,3.869,0.162,0.467,medium,3.568,4.17,"Buy premium moments when attention, stage value, and player availability support scale.","Conditional: Buy premium moments when attention, stage value, and player availability support scale. Monitor fan sentiment and player availability.",2
15,Argentina,Chile,tournament,player_risk_defense,conservative,3.627,-0.08,0.407,medium,3.369,3.885,Shift budget away from star-dependent creative if player availability weakens.,Hold baseline until stronger attention or conversion signals appear.,5
15,Argentina,Chile,tournament,knockout_takeover,aggressive,3.933,0.226,0.507,medium,3.609,4.257,Capture knockout-stage attention when the upside justifies higher variance.,Conditional: Capture knockout-stage attention when the upside justifies higher variance. Monitor fan sentiment and player availability.,1
16,Argentina,United States,tournament,conservative_efficiency,conservative,3.736,-0.002,0.177,low,3.556,3.916,"Protect downside, prioritize performance-based inventory, and keep spend flexible.",Hold baseline until stronger attention or conversion signals appear.,4
16,Argentina,United States,tournament,balanced_activation,balanced,3.78,0.042,0.277,low,3.562,3.998,Use a mixed media package and lean into proven fan attention signals.,Hold baseline until stronger attention or conversion signals appear.,3
16,Argentina,United States,tournament,aggressive_media_surge,aggressive,3.9,0.162,0.417,medium,3.616,4.184,"Buy premium moments when attention, stage value, and player availability support scale.","Conditional: Buy premium moments when attention, stage value, and player availability support scale. Monitor fan sentiment and player availability.",2
16,Argentina,United States,tournament,player_risk_defense,conservative,3.658,-0.08,0.357,low,3.417,3.899,Shift budget away from star-dependent creative if player availability weakens.,Hold baseline until stronger attention or conversion signals appear.,5
16,Argentina,United States,tournament,knockout_takeover,aggressive,3.964,0.226,0.457,medium,3.657,4.271,Capture knockout-stage attention when the upside justifies higher variance.,Recommended: Capture knockout-stage attention when the upside justifies higher variance.,1
17,Uruguay,Yugoslavia,tournament,conservative_efficiency,conservative,3.477,-0.002,0.216,low,3.284,3.67,"Protect downside, prioritize performance-based inventory, and keep spend flexible.",Hold baseline until stronger attention or conversion signals appear.,4
17,Uruguay,Yugoslavia,tournament,balanced_activation,balanced,3.521,0.042,0.316,low,3.29,3.752,Use a mixed media package and lean into proven fan attention signals.,Hold baseline until stronger attention or conversion signals appear.,3
17,Uruguay,Yugoslavia,tournament,aggressive_media_surge,aggressive,3.641,0.162,0.456,medium,3.344,3.938,"Buy premium moments when attention, stage value, and player availability support scale.","Conditional: Buy premium moments when attention, stage value, and player availability support scale. Monitor fan sentiment and player availability.",2
17,Uruguay,Yugoslavia,tournament,player_risk_defense,conservative,3.399,-0.08,0.396,medium,3.144,3.654,Shift budget away from star-dependent creative if player availability weakens.,Hold baseline until stronger attention or conversion signals appear.,5
17,Uruguay,Yugoslavia,tournament,knockout_takeover,aggressive,3.705,0.226,0.496,medium,3.385,4.025,Capture knockout-stage attention when the upside justifies higher variance.,Recommended: Capture knockout-stage attention when the upside justifies higher variance.,1
18,Uruguay,Argentina,tournament,conservative_efficiency,conservative,3.534,-0.002,0.205,low,3.344,3.724,"Protect downside, prioritize performance-based inventory, and keep spend flexible.",Hold baseline until stronger attention or conversion signals appear.,4
18,Uruguay,Argentina,tournament,balanced_activation,balanced,3.578,0.042,0.305,low,3.351,3.805,Use a mixed media package and lean into proven fan attention signals.,Hold baseline until stronger attention or conversion signals appear.,3
18,Uruguay,Argentina,tournament,aggressive_media_surge,aggressive,3.698,0.162,0.445,medium,3.404,3.992,"Buy premium moments when attention, stage value, and player availability support scale.","Conditional: Buy premium moments when attention, stage value, and player availability support scale. Monitor fan sentiment and player availability.",2
18,Uruguay,Argentina,tournament,player_risk_defense,conservative,3.456,-0.08,0.385,medium,3.205,3.707,Shift budget away from star-dependent creative if player availability weakens.,Hold baseline until stronger attention or conversion signals appear.,5
18,Uruguay,Argentina,tournament,knockout_takeover,aggressive,3.762,0.226,0.485,medium,3.446,4.078,Capture knockout-stage attention when the upside justifies higher variance.,Recommended: Capture knockout-stage attention when the upside justifies higher variance.,1
19,Argentina,Sweden,tournament,conservative_efficiency,conservative,3.772,-0.002,0.224,low,3.576,3.968,"Protect downside, prioritize performance-based inventory, and keep spend flexible.",Hold baseline until stronger attention or conversion signals appear.,4
19,Argentina,Sweden,tournament,balanced_activation,balanced,3.816,0.042,0.324,low,3.582,4.05,Use a mixed media package and lean into proven fan attention signals.,Hold baseline until stronger attention or conversion signals appear.,3
19,Argentina,Sweden,tournament,aggressive_media_surge,aggressive,3.936,0.162,0.464,medium,3.636,4.236,"Buy premium moments when attention, stage value, and player availability support scale.","Conditional: Buy premium moments when attention, stage value, and player availability support scale. Monitor fan sentiment and player availability.",2
19,Argentina,Sweden,tournament,player_risk_defense,conservative,3.694,-0.08,0.404,medium,3.437,3.951,Shift budget away from star-dependent creative if player availability weakens.,Hold baseline until stronger attention or conversion signals appear.,5
19,Argentina,Sweden,tournament,knockout_takeover,aggressive,4.0,0.226,0.504,medium,3.677,4.323,Capture knockout-stage attention when the upside justifies higher variance.,Conditional: Capture knockout-stage attention when the upside justifies higher variance. Monitor fan sentiment and player availability.,1
20,Austria,France,tournament,conservative_efficiency,conservative,3.165,-0.002,0.19,low,2.98,3.35,"Protect downside, prioritize performance-based inventory, and keep spend flexible.",Hold baseline until stronger attention or conversion signals appear.,4
20,Austria,France,tournament,balanced_activation,balanced,3.209,0.042,0.29,low,2.987,3.431,Use a mixed media package and lean into proven fan attention signals.,Hold baseline until stronger attention or conversion signals appear.,3
20,Austria,France,tournament,aggressive_media_surge,aggressive,3.329,0.162,0.43,medium,3.04,3.618,"Buy premium moments when attention, stage value, and player availability support scale.","Conditional: Buy premium moments when attention, stage value, and player availability support scale. Monitor fan sentiment and player availability.",2
20,Austria,France,tournament,player_risk_defense,conservative,3.087,-0.08,0.37,low,2.841,3.333,Shift budget away from star-dependent creative if player availability weakens.,Hold baseline until stronger attention or conversion signals appear.,5
20,Austria,France,tournament,knockout_takeover,aggressive,3.393,0.226,0.47,medium,3.082,3.704,Capture knockout-stage attention when the upside justifies higher variance.,Recommended: Capture knockout-stage attention when the upside justifies higher variance.,1
21,Belgium,Germany,tournament,conservative_efficiency,conservative,3.603,-0.002,0.221,low,3.408,3.798,"Protect downside, prioritize performance-based inventory, and keep spend flexible.",Hold baseline until stronger attention or conversion signals appear.,4
21,Belgium,Germany,tournament,balanced_activation,balanced,3.647,0.042,0.321,low,3.414,3.88,Use a mixed media package and lean into proven fan attention signals.,Hold baseline until stronger attention or conversion signals appear.,3
21,Belgium,Germany,tournament,aggressive_media_surge,aggressive,3.767,0.162,0.461,medium,3.468,4.066,"Buy premium moments when attention, stage value, and player availability support scale.","Conditional: Buy premium moments when attention, stage value, and player availability support scale. Monitor fan sentiment and player availability.",2
21,Belgium,Germany,tournament,player_risk_defense,conservative,3.525,-0.08,0.401,medium,3.269,3.781,Shift budget away from star-dependent creative if player availability weakens.,Hold baseline until stronger attention or conversion signals appear.,5
21,Belgium,Germany,tournament,knockout_takeover,aggressive,3.831,0.226,0.501,medium,3.509,4.153,Capture knockout-stage attention when the upside justifies higher variance.,Conditional: Capture knockout-stage attention when the upside justifies higher variance. Monitor fan sentiment and player availability.,1
22,Brazil,Spain,tournament,conservative_efficiency,conservative,4.009,-0.002,0.283,low,3.793,4.225,"Protect downside, prioritize performance-based inventory, and keep spend flexible.",Hold baseline until stronger attention or conversion signals appear.,4
22,Brazil,Spain,tournament,balanced_activation,balanced,4.053,0.042,0.383,medium,3.799,4.307,Use a mixed media package and lean into proven fan attention signals.,Hold baseline until stronger attention or conversion signals appear.,3
22,Brazil,Spain,tournament,aggressive_media_surge,aggressive,4.173,0.162,0.523,medium,3.853,4.493,"Buy premium moments when attention, stage value, and player availability support scale.","Conditional: Buy premium moments when attention, stage value, and player availability support scale. Monitor fan sentiment and player availability.",2
22,Brazil,Spain,tournament,player_risk_defense,conservative,3.931,-0.08,0.463,medium,3.654,4.208,Shift budget away from star-dependent creative if player availability weakens.,Hold baseline until stronger attention or conversion signals appear.,5
22,Brazil,Spain,tournament,knockout_takeover,aggressive,4.237,0.226,0.563,medium,3.894,4.58,Capture knockout-stage attention when the upside justifies higher variance.,Conditional: Capture knockout-stage attention when the upside justifies higher variance. Monitor fan sentiment and player availability.,1
23,Czechoslovakia,Romania,tournament,conservative_efficiency,conservative,3.237,-0.002,0.262,low,3.028,3.446,"Protect downside, prioritize performance-based inventory, and keep spend flexible.",Hold baseline until stronger attention or conversion signals appear.,4
23,Czechoslovakia,Romania,tournament,balanced_activation,balanced,3.281,0.042,0.362,low,3.034,3.528,Use a mixed media package and lean into proven fan attention signals.,Hold baseline until stronger attention or conversion signals appear.,3
23,Czechoslovakia,Romania,tournament,aggressive_media_surge,aggressive,3.401,0.162,0.502,medium,3.088,3.714,"Buy premium moments when attention, stage value, and player availability support scale.","Conditional: Buy premium moments when attention, stage value, and player availability support scale. Monitor fan sentiment and player availability.",2
23,Czechoslovakia,Romania,tournament,player_risk_defense,conservative,3.159,-0.08,0.442,medium,2.889,3.429,Shift budget away from star-dependent creative if player availability weakens.,Hold baseline until stronger attention or conversion signals appear.,5
23,Czechoslovakia,Romania,tournament,knockout_takeover,aggressive,3.465,0.226,0.542,medium,3.129,3.801,Capture knockout-stage attention when the upside justifies higher variance.,Conditional: Capture knockout-stage attention when the upside justifies higher variance. Monitor fan sentiment and player availability.,1
24,Egypt,Hungary,tournament,conservative_efficiency,conservative,2.982,-0.002,0.265,low,2.772,3.192,"Protect downside, prioritize performance-based inventory, and keep spend flexible.",Hold baseline until stronger attention or conversion signals appear.,4
24,Egypt,Hungary,tournament,balanced_activation,balanced,3.026,0.042,0.365,low,2.778,3.274,Use a mixed media package and lean into proven fan attention signals.,Hold baseline until stronger attention or conversion signals appear.,3
24,Egypt,Hungary,tournament,aggressive_media_surge,aggressive,3.146,0.162,0.505,medium,2.832,3.46,"Buy premium moments when attention, stage value, and player availability support scale.","Conditional: Buy premium moments when attention, stage value, and player availability support scale. Monitor fan sentiment and player availability.",2
24,Egypt,Hungary,tournament,player_risk_defense,conservative,2.904,-0.08,0.445,medium,2.633,3.175,Shift budget away from star-dependent creative if player availability weakens.,Hold baseline until stronger attention or conversion signals appear.,5
24,Egypt,Hungary,tournament,knockout_takeover,aggressive,3.21,0.226,0.545,medium,2.873,3.547,Capture knockout-stage attention when the upside justifies higher variance.,Conditional: Capture knockout-stage attention when the upside justifies higher variance. Monitor fan sentiment and player availability.,1
25,Italy,United States,tournament,conservative_efficiency,conservative,3.487,-0.002,0.198,low,3.3,3.674,"Protect downside, prioritize performance-based inventory, and keep spend flexible.",Hold baseline until stronger attention or conversion signals appear.,4
25,Italy,United States,tournament,balanced_activation,balanced,3.531,0.042,0.298,low,3.306,3.756,Use a mixed media package and lean into proven fan attention signals.,Hold baseline until stronger attention or conversion signals appear.,3
25,Italy,United States,tournament,aggressive_media_surge,aggressive,3.651,0.162,0.438,medium,3.36,3.942,"Buy premium moments when attention, stage value, and player availability support scale.","Conditional: Buy premium moments when attention, stage value, and player availability support scale. Monitor fan sentiment and player availability.",2
25,Italy,United States,tournament,player_risk_defense,conservative,3.409,-0.08,0.378,low,3.16,3.658,Shift budget away from star-dependent creative if player availability weakens.,Hold baseline until stronger attention or conversion signals appear.,5
25,Italy,United States,tournament,knockout_takeover,aggressive,3.715,0.226,0.478,medium,3.401,4.029,Capture knockout-stage attention when the upside justifies higher variance.,Recommended: Capture knockout-stage attention when the upside justifies higher variance.,1
26,Netherlands,Switzerland,tournament,conservative_efficiency,conservative,3.694,-0.002,0.186,low,3.511,3.877,"Protect downside, prioritize performance-based inventory, and keep spend flexible.",Hold baseline until stronger attention or conversion signals appear.,4
26,Netherlands,Switzerland,tournament,balanced_activation,balanced,3.738,0.042,0.286,low,3.517,3.959,Use a mixed media package and lean into proven fan attention signals.,Hold baseline until stronger attention or conversion signals appear.,3
26,Netherlands,Switzerland,tournament,aggressive_media_surge,aggressive,3.858,0.162,0.426,medium,3.571,4.145,"Buy premium moments when attention, stage value, and player availability support scale.","Conditional: Buy premium moments when attention, stage value, and player availability support scale. Monitor fan sentiment and player availability.",2
26,Netherlands,Switzerland,tournament,player_risk_defense,conservative,3.616,-0.08,0.366,low,3.372,3.86,Shift budget away from star-dependent creative if player availability weakens.,Hold baseline until stronger attention or conversion signals appear.,5
26,Netherlands,Switzerland,tournament,knockout_takeover,aggressive,3.922,0.226,0.466,medium,3.612,4.232,Capture knockout-stage attention when the upside justifies higher variance.,Recommended: Capture knockout-stage attention when the upside justifies higher variance.,1
27,Austria,Hungary,tournament,conservative_efficiency,conservative,3.097,-0.002,0.221,low,2.902,3.292,"Protect downside, prioritize performance-based inventory, and keep spend flexible.",Hold baseline until stronger attention or conversion signals appear.,4
27,Austria,Hungary,tournament,balanced_activation,balanced,3.141,0.042,0.321,low,2.908,3.374,Use a mixed media package and lean into proven fan attention signals.,Hold baseline until stronger attention or conversion signals appear.,3
27,Austria,Hungary,tournament,aggressive_media_surge,aggressive,3.261,0.162,0.461,medium,2.962,3.56,"Buy premium moments when attention, stage value, and player availability support scale.","Conditional: Buy premium moments when attention, stage value, and player availability support scale. Monitor fan sentiment and player availability.",2
27,Austria,Hungary,tournament,player_risk_defense,conservative,3.019,-0.08,0.401,medium,2.763,3.275,Shift budget away from star-dependent creative if player availability weakens.,Hold baseline until stronger attention or conversion signals appear.,5
27,Austria,Hungary,tournament,knockout_takeover,aggressive,3.325,0.226,0.501,medium,3.003,3.647,Capture knockout-stage attention when the upside justifies higher variance.,Conditional: Capture knockout-stage attention when the upside justifies higher variance. Monitor fan sentiment and player availability.,1
28,Czechoslovakia,Switzerland,tournament,conservative_efficiency,conservative,3.31,-0.002,0.207,low,3.12,3.5,"Protect downside, prioritize performance-based inventory, and keep spend flexible.",Hold baseline until stronger attention or conversion signals appear.,4
28,Czechoslovakia,Switzerland,tournament,balanced_activation,balanced,3.354,0.042,0.307,low,3.126,3.582,Use a mixed media package and lean into proven fan attention signals.,Hold baseline until stronger attention or conversion signals appear.,3
28,Czechoslovakia,Switzerland,tournament,aggressive_media_surge,aggressive,3.474,0.162,0.447,medium,3.18,3.768,"Buy premium moments when attention, stage value, and player availability support scale.","Conditional: Buy premium moments when attention, stage value, and player availability support scale. Monitor fan sentiment and player availability.",2
28,Czechoslovakia,Switzerland,tournament,player_risk_defense,conservative,3.232,-0.08,0.387,medium,2.98,3.484,Shift budget away from star-dependent creative if player availability weakens.,Hold baseline until stronger attention or conversion signals appear.,5
28,Czechoslovakia,Switzerland,tournament,knockout_takeover,aggressive,3.538,0.226,0.487,medium,3.221,3.855,Capture knockout-stage attention when the upside justifies higher variance.,Recommended: Capture knockout-stage attention when the upside justifies higher variance.,1
29,Germany,Sweden,tournament,conservative_efficiency,conservative,3.867,-0.002,0.253,low,3.661,4.073,"Protect downside, prioritize performance-based inventory, and keep spend flexible.",Hold baseline until stronger attention or conversion signals appear.,4
29,Germany,Sweden,tournament,balanced_activation,balanced,3.911,0.042,0.353,low,3.667,4.155,Use a mixed media package and lean into proven fan attention signals.,Hold baseline until stronger attention or conversion signals appear.,3
29,Germany,Sweden,tournament,aggressive_media_surge,aggressive,4.031,0.162,0.493,medium,3.721,4.341,"Buy premium moments when attention, stage value, and player availability support scale.","Conditional: Buy premium moments when attention, stage value, and player availability support scale. Monitor fan sentiment and player availability.",2
29,Germany,Sweden,tournament,player_risk_defense,conservative,3.789,-0.08,0.433,medium,3.522,4.056,Shift budget away from star-dependent creative if player availability weakens.,Hold baseline until stronger attention or conversion signals appear.,5
29,Germany,Sweden,tournament,knockout_takeover,aggressive,4.095,0.226,0.533,medium,3.762,4.428,Capture knockout-stage attention when the upside justifies higher variance.,Conditional: Capture knockout-stage attention when the upside justifies higher variance. Monitor fan sentiment and player availability.,1
30,Italy,Spain,tournament,conservative_efficiency,conservative,3.356,-0.002,0.233,low,3.157,3.555,"Protect downside, prioritize performance-based inventory, and keep spend flexible.",Hold baseline until stronger attention or conversion signals appear.,4
30,Italy,Spain,tournament,balanced_activation,balanced,3.4,0.042,0.333,low,3.163,3.637,Use a mixed media package and lean into proven fan attention signals.,Hold baseline until stronger attention or conversion signals appear.,3
30,Italy,Spain,tournament,aggressive_media_surge,aggressive,3.52,0.162,0.473,medium,3.217,3.823,"Buy premium moments when attention, stage value, and player availability support scale.","Conditional: Buy premium moments when attention, stage value, and player availability support scale. Monitor fan sentiment and player availability.",2
30,Italy,Spain,tournament,player_risk_defense,conservative,3.278,-0.08,0.413,medium,3.018,3.538,Shift budget away from star-dependent creative if player availability weakens.,Hold baseline until stronger attention or conversion signals appear.,5
30,Italy,Spain,tournament,knockout_takeover,aggressive,3.584,0.226,0.513,medium,3.258,3.91,Capture knockout-stage attention when the upside justifies higher variance.,Conditional: Capture knockout-stage attention when the upside justifies higher variance. Monitor fan sentiment and player availability.,1
31,Italy,Spain,tournament,conservative_efficiency,conservative,3.232,-0.002,0.219,low,3.038,3.426,"Protect downside, prioritize performance-based inventory, and keep spend flexible.",Hold baseline until stronger attention or conversion signals appear.,4
31,Italy,Spain,tournament,balanced_activation,balanced,3.276,0.042,0.319,low,3.044,3.508,Use a mixed media package and lean into proven fan attention signals.,Hold baseline until stronger attention or conversion signals appear.,3
31,Italy,Spain,tournament,aggressive_media_surge,aggressive,3.396,0.162,0.459,medium,3.098,3.694,"Buy premium moments when attention, stage value, and player availability support scale.","Conditional: Buy premium moments when attention, stage value, and player availability support scale. Monitor fan sentiment and player availability.",2
31,Italy,Spain,tournament,player_risk_defense,conservative,3.154,-0.08,0.399,medium,2.898,3.41,Shift budget away from star-dependent creative if player availability weakens.,Hold baseline until stronger attention or conversion signals appear.,5
31,Italy,Spain,tournament,knockout_takeover,aggressive,3.46,0.226,0.499,medium,3.139,3.781,Capture knockout-stage attention when the upside justifies higher variance.,Recommended: Capture knockout-stage attention when the upside justifies higher variance.,1
32,Czechoslovakia,Germany,tournament,conservative_efficiency,conservative,3.247,-0.002,0.198,low,3.06,3.434,"Protect downside, prioritize performance-based inventory, and keep spend flexible.",Hold baseline until stronger attention or conversion signals appear.,4
32,Czechoslovakia,Germany,tournament,balanced_activation,balanced,3.291,0.042,0.298,low,3.066,3.516,Use a mixed media package and lean into proven fan attention signals.,Hold baseline until stronger attention or conversion signals appear.,3
32,Czechoslovakia,Germany,tournament,aggressive_media_surge,aggressive,3.411,0.162,0.438,medium,3.12,3.702,"Buy premium moments when attention, stage value, and player availability support scale.","Conditional: Buy premium moments when attention, stage value, and player availability support scale. Monitor fan sentiment and player availability.",2
32,Czechoslovakia,Germany,tournament,player_risk_defense,conservative,3.169,-0.08,0.378,low,2.92,3.418,Shift budget away from star-dependent creative if player availability weakens.,Hold baseline until stronger attention or conversion signals appear.,5
32,Czechoslovakia,Germany,tournament,knockout_takeover,aggressive,3.475,0.226,0.478,medium,3.161,3.789,Capture knockout-stage attention when the upside justifies higher variance.,Recommended: Capture knockout-stage attention when the upside justifies higher variance.,1
33,Italy,Austria,tournament,conservative_efficiency,conservative,3.268,-0.002,0.249,low,3.063,3.473,"Protect downside, prioritize performance-based inventory, and keep spend flexible.",Hold baseline until stronger attention or conversion signals appear.,4
33,Italy,Austria,tournament,balanced_activation,balanced,3.312,0.042,0.349,low,3.07,3.554,Use a mixed media package and lean into proven fan attention signals.,Hold baseline until stronger attention or conversion signals appear.,3
33,Italy,Austria,tournament,aggressive_media_surge,aggressive,3.432,0.162,0.489,medium,3.123,3.741,"Buy premium moments when attention, stage value, and player availability support scale.","Conditional: Buy premium moments when attention, stage value, and player availability support scale. Monitor fan sentiment and player availability.",2
33,Italy,Austria,tournament,player_risk_defense,conservative,3.19,-0.08,0.429,medium,2.924,3.456,Shift budget away from star-dependent creative if player availability weakens.,Hold baseline until stronger attention or conversion signals appear.,5
33,Italy,Austria,tournament,knockout_takeover,aggressive,3.496,0.226,0.529,medium,3.165,3.827,Capture knockout-stage attention when the upside justifies higher variance.,Conditional: Capture knockout-stage attention when the upside justifies higher variance. Monitor fan sentiment and player availability.,1
34,Austria,Germany,tournament,conservative_efficiency,conservative,3.208,-0.002,0.233,low,3.009,3.407,"Protect downside, prioritize performance-based inventory, and keep spend flexible.",Hold baseline until stronger attention or conversion signals appear.,4
34,Austria,Germany,tournament,balanced_activation,balanced,3.252,0.042,0.333,low,3.015,3.489,Use a mixed media package and lean into proven fan attention signals.,Hold baseline until stronger attention or conversion signals appear.,3
34,Austria,Germany,tournament,aggressive_media_surge,aggressive,3.372,0.162,0.473,medium,3.069,3.675,"Buy premium moments when attention, stage value, and player availability support scale.","Conditional: Buy premium moments when attention, stage value, and player availability support scale. Monitor fan sentiment and player availability.",2
34,Austria,Germany,tournament,player_risk_defense,conservative,3.13,-0.08,0.413,medium,2.87,3.39,Shift budget away from star-dependent creative if player availability weakens.,Hold baseline until stronger attention or conversion signals appear.,5
34,Austria,Germany,tournament,knockout_takeover,aggressive,3.436,0.226,0.513,medium,3.11,3.762,Capture knockout-stage attention when the upside justifies higher variance.,Conditional: Capture knockout-stage attention when the upside justifies higher variance. Monitor fan sentiment and player availability.,1
35,Italy,Czechoslovakia,tournament,conservative_efficiency,conservative,3.319,-0.002,0.253,low,3.113,3.525,"Protect downside, prioritize performance-based inventory, and keep spend flexible.",Hold baseline until stronger attention or conversion signals appear.,4
35,Italy,Czechoslovakia,tournament,balanced_activation,balanced,3.363,0.042,0.353,low,3.119,3.607,Use a mixed media package and lean into proven fan attention signals.,Hold baseline until stronger attention or conversion signals appear.,3
35,Italy,Czechoslovakia,tournament,aggressive_media_surge,aggressive,3.483,0.162,0.493,medium,3.173,3.793,"Buy premium moments when attention, stage value, and player availability support scale.","Conditional: Buy premium moments when attention, stage value, and player availability support scale. Monitor fan sentiment and player availability.",2
35,Italy,Czechoslovakia,tournament,player_risk_defense,conservative,3.241,-0.08,0.433,medium,2.974,3.508,Shift budget away from star-dependent creative if player availability weakens.,Hold baseline until stronger attention or conversion signals appear.,5
35,Italy,Czechoslovakia,tournament,knockout_takeover,aggressive,3.547,0.226,0.533,medium,3.214,3.88,Capture knockout-stage attention when the upside justifies higher variance.,Conditional: Capture knockout-stage attention when the upside justifies higher variance. Monitor fan sentiment and player availability.,1
36,Germany,Switzerland,tournament,conservative_efficiency,conservative,3.841,-0.002,0.213,low,3.649,4.033,"Protect downside, prioritize performance-based inventory, and keep spend flexible.",Hold baseline until stronger attention or conversion signals appear.,4
36,Germany,Switzerland,tournament,balanced_activation,balanced,3.885,0.042,0.313,low,3.655,4.115,Use a mixed media package and lean into proven fan attention signals.,Hold baseline until stronger attention or conversion signals appear.,3
36,Germany,Switzerland,tournament,aggressive_media_surge,aggressive,4.005,0.162,0.453,medium,3.709,4.301,"Buy premium moments when attention, stage value, and player availability support scale.","Conditional: Buy premium moments when attention, stage value, and player availability support scale. Monitor fan sentiment and player availability.",2
36,Germany,Switzerland,tournament,player_risk_defense,conservative,3.763,-0.08,0.393,medium,3.509,4.017,Shift budget away from star-dependent creative if player availability weakens.,Hold baseline until stronger attention or conversion signals appear.,5
36,Germany,Switzerland,tournament,knockout_takeover,aggressive,4.069,0.226,0.493,medium,3.75,4.388,Capture knockout-stage attention when the upside justifies higher variance.,Recommended: Capture knockout-stage attention when the upside justifies higher variance.,1
37,Brazil,Poland,tournament,conservative_efficiency,conservative,4.262,-0.002,0.198,low,4.075,4.449,"Protect downside, prioritize performance-based inventory, and keep spend flexible.",Hold baseline until stronger attention or conversion signals appear.,4
37,Brazil,Poland,tournament,balanced_activation,balanced,4.306,0.042,0.298,low,4.081,4.531,Use a mixed media package and lean into proven fan attention signals.,Hold baseline until stronger attention or conversion signals appear.,3
37,Brazil,Poland,tournament,aggressive_media_surge,aggressive,4.426,0.162,0.438,medium,4.135,4.717,"Buy premium moments when attention, stage value, and player availability support scale.","Conditional: Buy premium moments when attention, stage value, and player availability support scale. Monitor fan sentiment and player availability.",2
37,Brazil,Poland,tournament,player_risk_defense,conservative,4.184,-0.08,0.378,low,3.935,4.433,Shift budget away from star-dependent creative if player availability weakens.,Hold baseline until stronger attention or conversion signals appear.,5
37,Brazil,Poland,tournament,knockout_takeover,aggressive,4.49,0.226,0.478,medium,4.176,4.804,Capture knockout-stage attention when the upside justifies higher variance.,Recommended: Capture knockout-stage attention when the upside justifies higher variance.,1
38,Cuba,Romania,tournament,conservative_efficiency,conservative,3.12,-0.002,0.218,low,2.926,3.314,"Protect downside, prioritize performance-based inventory, and keep spend flexible.",Hold baseline until stronger attention or conversion signals appear.,4
38,Cuba,Romania,tournament,balanced_activation,balanced,3.164,0.042,0.318,low,2.932,3.396,Use a mixed media package and lean into proven fan attention signals.,Hold baseline until stronger attention or conversion signals appear.,3
38,Cuba,Romania,tournament,aggressive_media_surge,aggressive,3.284,0.162,0.458,medium,2.986,3.582,"Buy premium moments when attention, stage value, and player availability support scale.","Conditional: Buy premium moments when attention, stage value, and player availability support scale. Monitor fan sentiment and player availability.",2
38,Cuba,Romania,tournament,player_risk_defense,conservative,3.042,-0.08,0.398,medium,2.787,3.297,Shift budget away from star-dependent creative if player availability weakens.,Hold baseline until stronger attention or conversion signals appear.,5
38,Cuba,Romania,tournament,knockout_takeover,aggressive,3.348,0.226,0.498,medium,3.027,3.669,Capture knockout-stage attention when the upside justifies higher variance.,Recommended: Capture knockout-stage attention when the upside justifies higher variance.,1
39,Czechoslovakia,Netherlands,tournament,conservative_efficiency,conservative,3.263,-0.002,0.208,low,3.072,3.454,"Protect downside, prioritize performance-based inventory, and keep spend flexible.",Hold baseline until stronger attention or conversion signals appear.,4
39,Czechoslovakia,Netherlands,tournament,balanced_activation,balanced,3.307,0.042,0.308,low,3.079,3.535,Use a mixed media package and lean into proven fan attention signals.,Hold baseline until stronger attention or conversion signals appear.,3
39,Czechoslovakia,Netherlands,tournament,aggressive_media_surge,aggressive,3.427,0.162,0.448,medium,3.132,3.722,"Buy premium moments when attention, stage value, and player availability support scale.","Conditional: Buy premium moments when attention, stage value, and player availability support scale. Monitor fan sentiment and player availability.",2
39,Czechoslovakia,Netherlands,tournament,player_risk_defense,conservative,3.185,-0.08,0.388,medium,2.933,3.437,Shift budget away from star-dependent creative if player availability weakens.,Hold baseline until stronger attention or conversion signals appear.,5
39,Czechoslovakia,Netherlands,tournament,knockout_takeover,aggressive,3.491,0.226,0.488,medium,3.174,3.808,Capture knockout-stage attention when the upside justifies higher variance.,Recommended: Capture knockout-stage attention when the upside justifies higher variance.,1
40,France,Belgium,tournament,conservative_efficiency,conservative,3.455,-0.002,0.216,low,3.262,3.648,"Protect downside, prioritize performance-based inventory, and keep spend flexible.",Hold baseline until stronger attention or conversion signals appear.,4
40,France,Belgium,tournament,balanced_activation,balanced,3.499,0.042,0.316,low,3.268,3.73,Use a mixed media package and lean into proven fan attention signals.,Hold baseline until stronger attention or conversion signals appear.,3
40,France,Belgium,tournament,aggressive_media_surge,aggressive,3.619,0.162,0.456,medium,3.322,3.916,"Buy premium moments when attention, stage value, and player availability support scale.","Conditional: Buy premium moments when attention, stage value, and player availability support scale. Monitor fan sentiment and player availability.",2
40,France,Belgium,tournament,player_risk_defense,conservative,3.377,-0.08,0.396,medium,3.122,3.632,Shift budget away from star-dependent creative if player availability weakens.,Hold baseline until stronger attention or conversion signals appear.,5
40,France,Belgium,tournament,knockout_takeover,aggressive,3.683,0.226,0.496,medium,3.363,4.003,Capture knockout-stage attention when the upside justifies higher variance.,Recommended: Capture knockout-stage attention when the upside justifies higher variance.,1
41,Hungary,Indonesia,tournament,conservative_efficiency,conservative,3.916,-0.002,0.184,low,3.733,4.099,"Protect downside, prioritize performance-based inventory, and keep spend flexible.",Hold baseline until stronger attention or conversion signals appear.,4
41,Hungary,Indonesia,tournament,balanced_activation,balanced,3.96,0.042,0.284,low,3.74,4.18,Use a mixed media package and lean into proven fan attention signals.,Hold baseline until stronger attention or conversion signals appear.,3
41,Hungary,Indonesia,tournament,aggressive_media_surge,aggressive,4.08,0.162,0.424,medium,3.793,4.367,"Buy premium moments when attention, stage value, and player availability support scale.","Conditional: Buy premium moments when attention, stage value, and player availability support scale. Monitor fan sentiment and player availability.",2
41,Hungary,Indonesia,tournament,player_risk_defense,conservative,3.838,-0.08,0.364,low,3.594,4.082,Shift budget away from star-dependent creative if player availability weakens.,Hold baseline until stronger attention or conversion signals appear.,5
41,Hungary,Indonesia,tournament,knockout_takeover,aggressive,4.144,0.226,0.464,medium,3.835,4.453,Capture knockout-stage attention when the upside justifies higher variance.,Recommended: Capture knockout-stage attention when the upside justifies higher variance.,1
42,Italy,Norway,tournament,conservative_efficiency,conservative,3.347,-0.002,0.272,low,3.135,3.559,"Protect downside, prioritize performance-based inventory, and keep spend flexible.",Hold baseline until stronger attention or conversion signals appear.,4
42,Italy,Norway,tournament,balanced_activation,balanced,3.391,0.042,0.372,low,3.141,3.641,Use a mixed media package and lean into proven fan attention signals.,Hold baseline until stronger attention or conversion signals appear.,3
42,Italy,Norway,tournament,aggressive_media_surge,aggressive,3.511,0.162,0.512,medium,3.195,3.827,"Buy premium moments when attention, stage value, and player availability support scale.","Conditional: Buy premium moments when attention, stage value, and player availability support scale. Monitor fan sentiment and player availability.",2
42,Italy,Norway,tournament,player_risk_defense,conservative,3.269,-0.08,0.452,medium,2.995,3.543,Shift budget away from star-dependent creative if player availability weakens.,Hold baseline until stronger attention or conversion signals appear.,5
42,Italy,Norway,tournament,knockout_takeover,aggressive,3.575,0.226,0.552,medium,3.236,3.914,Capture knockout-stage attention when the upside justifies higher variance.,Conditional: Capture knockout-stage attention when the upside justifies higher variance. Monitor fan sentiment and player availability.,1
43,Cuba,Romania,tournament,conservative_efficiency,conservative,2.942,-0.002,0.189,low,2.758,3.126,"Protect downside, prioritize performance-based inventory, and keep spend flexible.",Hold baseline until stronger attention or conversion signals appear.,4
43,Cuba,Romania,tournament,balanced_activation,balanced,2.986,0.042,0.289,low,2.764,3.208,Use a mixed media package and lean into proven fan attention signals.,Hold baseline until stronger attention or conversion signals appear.,3
43,Cuba,Romania,tournament,aggressive_media_surge,aggressive,3.106,0.162,0.429,medium,2.818,3.394,"Buy premium moments when attention, stage value, and player availability support scale.","Conditional: Buy premium moments when attention, stage value, and player availability support scale. Monitor fan sentiment and player availability.",2
43,Cuba,Romania,tournament,player_risk_defense,conservative,2.864,-0.08,0.369,low,2.619,3.109,Shift budget away from star-dependent creative if player availability weakens.,Hold baseline until stronger attention or conversion signals appear.,5
43,Cuba,Romania,tournament,knockout_takeover,aggressive,3.17,0.226,0.469,medium,2.859,3.481,Capture knockout-stage attention when the upside justifies higher variance.,Recommended: Capture knockout-stage attention when the upside justifies higher variance.,1
44,Germany,Switzerland,tournament,conservative_efficiency,conservative,3.93,-0.002,0.219,low,3.736,4.124,"Protect downside, prioritize performance-based inventory, and keep spend flexible.",Hold baseline until stronger attention or conversion signals appear.,4
44,Germany,Switzerland,tournament,balanced_activation,balanced,3.974,0.042,0.319,low,3.742,4.206,Use a mixed media package and lean into proven fan attention signals.,Hold baseline until stronger attention or conversion signals appear.,3
44,Germany,Switzerland,tournament,aggressive_media_surge,aggressive,4.094,0.162,0.459,medium,3.796,4.392,"Buy premium moments when attention, stage value, and player availability support scale.","Conditional: Buy premium moments when attention, stage value, and player availability support scale. Monitor fan sentiment and player availability.",2
44,Germany,Switzerland,tournament,player_risk_defense,conservative,3.852,-0.08,0.399,medium,3.596,4.108,Shift budget away from star-dependent creative if player availability weakens.,Hold baseline until stronger attention or conversion signals appear.,5
44,Germany,Switzerland,tournament,knockout_takeover,aggressive,4.158,0.226,0.499,medium,3.837,4.479,Capture knockout-stage attention when the upside justifies higher variance.,Recommended: Capture knockout-stage attention when the upside justifies higher variance.,1
45,Brazil,Czechoslovakia,tournament,conservative_efficiency,conservative,3.961,-0.002,0.242,low,3.759,4.163,"Protect downside, prioritize performance-based inventory, and keep spend flexible.",Hold baseline until stronger attention or conversion signals appear.,4
45,Brazil,Czechoslovakia,tournament,balanced_activation,balanced,4.005,0.042,0.342,low,3.765,4.245,Use a mixed media package and lean into proven fan attention signals.,Hold baseline until stronger attention or conversion signals appear.,3
45,Brazil,Czechoslovakia,tournament,aggressive_media_surge,aggressive,4.125,0.162,0.482,medium,3.819,4.431,"Buy premium moments when attention, stage value, and player availability support scale.","Conditional: Buy premium moments when attention, stage value, and player availability support scale. Monitor fan sentiment and player availability.",2
45,Brazil,Czechoslovakia,tournament,player_risk_defense,conservative,3.883,-0.08,0.422,medium,3.62,4.146,Shift budget away from star-dependent creative if player availability weakens.,Hold baseline until stronger attention or conversion signals appear.,5
45,Brazil,Czechoslovakia,tournament,knockout_takeover,aggressive,4.189,0.226,0.522,medium,3.86,4.518,Capture knockout-stage attention when the upside justifies higher variance.,Conditional: Capture knockout-stage attention when the upside justifies higher variance. Monitor fan sentiment and player availability.,1
46,Cuba,Sweden,tournament,conservative_efficiency,conservative,3.094,-0.002,0.211,low,2.902,3.286,"Protect downside, prioritize performance-based inventory, and keep spend flexible.",Hold baseline until stronger attention or conversion signals appear.,4
46,Cuba,Sweden,tournament,balanced_activation,balanced,3.138,0.042,0.311,low,2.909,3.367,Use a mixed media package and lean into proven fan attention signals.,Hold baseline until stronger attention or conversion signals appear.,3
46,Cuba,Sweden,tournament,aggressive_media_surge,aggressive,3.258,0.162,0.451,medium,2.962,3.554,"Buy premium moments when attention, stage value, and player availability support scale.","Conditional: Buy premium moments when attention, stage value, and player availability support scale. Monitor fan sentiment and player availability.",2
46,Cuba,Sweden,tournament,player_risk_defense,conservative,3.016,-0.08,0.391,medium,2.763,3.269,Shift budget away from star-dependent creative if player availability weakens.,Hold baseline until stronger attention or conversion signals appear.,5
46,Cuba,Sweden,tournament,knockout_takeover,aggressive,3.322,0.226,0.491,medium,3.004,3.64,Capture knockout-stage attention when the upside justifies higher variance.,Recommended: Capture knockout-stage attention when the upside justifies higher variance.,1
47,France,Italy,tournament,conservative_efficiency,conservative,3.398,-0.002,0.233,low,3.199,3.597,"Protect downside, prioritize performance-based inventory, and keep spend flexible.",Hold baseline until stronger attention or conversion signals appear.,4
47,France,Italy,tournament,balanced_activation,balanced,3.442,0.042,0.333,low,3.205,3.679,Use a mixed media package and lean into proven fan attention signals.,Hold baseline until stronger attention or conversion signals appear.,3
47,France,Italy,tournament,aggressive_media_surge,aggressive,3.562,0.162,0.473,medium,3.259,3.865,"Buy premium moments when attention, stage value, and player availability support scale.","Conditional: Buy premium moments when attention, stage value, and player availability support scale. Monitor fan sentiment and player availability.",2
47,France,Italy,tournament,player_risk_defense,conservative,3.32,-0.08,0.413,medium,3.06,3.58,Shift budget away from star-dependent creative if player availability weakens.,Hold baseline until stronger attention or conversion signals appear.,5
47,France,Italy,tournament,knockout_takeover,aggressive,3.626,0.226,0.513,medium,3.3,3.952,Capture knockout-stage attention when the upside justifies higher variance.,Conditional: Capture knockout-stage attention when the upside justifies higher variance. Monitor fan sentiment and player availability.,1
48,Hungary,Switzerland,tournament,conservative_efficiency,conservative,3.761,-0.002,0.261,low,3.552,3.97,"Protect downside, prioritize performance-based inventory, and keep spend flexible.",Hold baseline until stronger attention or conversion signals appear.,4
48,Hungary,Switzerland,tournament,balanced_activation,balanced,3.805,0.042,0.361,low,3.559,4.051,Use a mixed media package and lean into proven fan attention signals.,Hold baseline until stronger attention or conversion signals appear.,3
48,Hungary,Switzerland,tournament,aggressive_media_surge,aggressive,3.925,0.162,0.501,medium,3.612,4.238,"Buy premium moments when attention, stage value, and player availability support scale.","Conditional: Buy premium moments when attention, stage value, and player availability support scale. Monitor fan sentiment and player availability.",2
48,Hungary,Switzerland,tournament,player_risk_defense,conservative,3.683,-0.08,0.441,medium,3.413,3.953,Shift budget away from star-dependent creative if player availability weakens.,Hold baseline until stronger attention or conversion signals appear.,5
48,Hungary,Switzerland,tournament,knockout_takeover,aggressive,3.989,0.226,0.541,medium,3.654,4.324,Capture knockout-stage attention when the upside justifies higher variance.,Conditional: Capture knockout-stage attention when the upside justifies higher variance. Monitor fan sentiment and player availability.,1
49,Brazil,Czechoslovakia,tournament,conservative_efficiency,conservative,4.025,-0.002,0.217,low,3.831,4.219,"Protect downside, prioritize performance-based inventory, and keep spend flexible.",Hold baseline until stronger attention or conversion signals appear.,4
49,Brazil,Czechoslovakia,tournament,balanced_activation,balanced,4.069,0.042,0.317,low,3.838,4.3,Use a mixed media package and lean into proven fan attention signals.,Hold baseline until stronger attention or conversion signals appear.,3
49,Brazil,Czechoslovakia,tournament,aggressive_media_surge,aggressive,4.189,0.162,0.457,medium,3.891,4.487,"Buy premium moments when attention, stage value, and player availability support scale.","Conditional: Buy premium moments when attention, stage value, and player availability support scale. Monitor fan sentiment and player availability.",2
49,Brazil,Czechoslovakia,tournament,player_risk_defense,conservative,3.947,-0.08,0.397,medium,3.692,4.202,Shift budget away from star-dependent creative if player availability weakens.,Hold baseline until stronger attention or conversion signals appear.,5
49,Brazil,Czechoslovakia,tournament,knockout_takeover,aggressive,4.253,0.226,0.497,medium,3.933,4.573,Capture knockout-stage attention when the upside justifies higher variance.,Recommended: Capture knockout-stage attention when the upside justifies higher variance.,1
50,Brazil,Italy,tournament,conservative_efficiency,conservative,3.99,-0.002,0.243,low,3.787,4.193,"Protect downside, prioritize performance-based inventory, and keep spend flexible.",Hold baseline until stronger attention or conversion signals appear.,4
50,Brazil,Italy,tournament,balanced_activation,balanced,4.034,0.042,0.343,low,3.794,4.274,Use a mixed media package and lean into proven fan attention signals.,Hold baseline until stronger attention or conversion signals appear.,3
50,Brazil,Italy,tournament,aggressive_media_surge,aggressive,4.154,0.162,0.483,medium,3.847,4.461,"Buy premium moments when attention, stage value, and player availability support scale.","Conditional: Buy premium moments when attention, stage value, and player availability support scale. Monitor fan sentiment and player availability.",2
50,Brazil,Italy,tournament,player_risk_defense,conservative,3.912,-0.08,0.423,medium,3.648,4.176,Shift budget away from star-dependent creative if player availability weakens.,Hold baseline until stronger attention or conversion signals appear.,5
50,Brazil,Italy,tournament,knockout_takeover,aggressive,4.218,0.226,0.523,medium,3.889,4.547,Capture knockout-stage attention when the upside justifies higher variance.,Conditional: Capture knockout-stage attention when the upside justifies higher variance. Monitor fan sentiment and player availability.,1
51,Hungary,Sweden,tournament,conservative_efficiency,conservative,3.865,-0.002,0.221,low,3.67,4.06,"Protect downside, prioritize performance-based inventory, and keep spend flexible.",Hold baseline until stronger attention or conversion signals appear.,4
51,Hungary,Sweden,tournament,balanced_activation,balanced,3.909,0.042,0.321,low,3.676,4.142,Use a mixed media package and lean into proven fan attention signals.,Hold baseline until stronger attention or conversion signals appear.,3
51,Hungary,Sweden,tournament,aggressive_media_surge,aggressive,4.029,0.162,0.461,medium,3.73,4.328,"Buy premium moments when attention, stage value, and player availability support scale.","Conditional: Buy premium moments when attention, stage value, and player availability support scale. Monitor fan sentiment and player availability.",2
51,Hungary,Sweden,tournament,player_risk_defense,conservative,3.787,-0.08,0.401,medium,3.531,4.043,Shift budget away from star-dependent creative if player availability weakens.,Hold baseline until stronger attention or conversion signals appear.,5
51,Hungary,Sweden,tournament,knockout_takeover,aggressive,4.093,0.226,0.501,medium,3.771,4.415,Capture knockout-stage attention when the upside justifies higher variance.,Conditional: Capture knockout-stage attention when the upside justifies higher variance. Monitor fan sentiment and player availability.,1
52,Brazil,Sweden,tournament,conservative_efficiency,conservative,4.138,-0.002,0.227,low,3.941,4.335,"Protect downside, prioritize performance-based inventory, and keep spend flexible.",Hold baseline until stronger attention or conversion signals appear.,4
52,Brazil,Sweden,tournament,balanced_activation,balanced,4.182,0.042,0.327,low,3.947,4.417,Use a mixed media package and lean into proven fan attention signals.,Hold baseline until stronger attention or conversion signals appear.,3
52,Brazil,Sweden,tournament,aggressive_media_surge,aggressive,4.302,0.162,0.467,medium,4.001,4.603,"Buy premium moments when attention, stage value, and player availability support scale.","Conditional: Buy premium moments when attention, stage value, and player availability support scale. Monitor fan sentiment and player availability.",2
52,Brazil,Sweden,tournament,player_risk_defense,conservative,4.06,-0.08,0.407,medium,3.802,4.318,Shift budget away from star-dependent creative if player availability weakens.,Hold baseline until stronger attention or conversion signals appear.,5
52,Brazil,Sweden,tournament,knockout_takeover,aggressive,4.366,0.226,0.507,medium,4.042,4.69,Capture knockout-stage attention when the upside justifies higher variance.,Conditional: Capture knockout-stage attention when the upside justifies higher variance. Monitor fan sentiment and player availability.,1
53,Hungary,Italy,tournament,conservative_efficiency,conservative,3.831,-0.002,0.202,low,3.642,4.02,"Protect downside, prioritize performance-based inventory, and keep spend flexible.",Hold baseline until stronger attention or conversion signals appear.,4
53,Hungary,Italy,tournament,balanced_activation,balanced,3.875,0.042,0.302,low,3.649,4.101,Use a mixed media package and lean into proven fan attention signals.,Hold baseline until stronger attention or conversion signals appear.,3
53,Hungary,Italy,tournament,aggressive_media_surge,aggressive,3.995,0.162,0.442,medium,3.702,4.288,"Buy premium moments when attention, stage value, and player availability support scale.","Conditional: Buy premium moments when attention, stage value, and player availability support scale. Monitor fan sentiment and player availability.",2
53,Hungary,Italy,tournament,player_risk_defense,conservative,3.753,-0.08,0.382,medium,3.503,4.003,Shift budget away from star-dependent creative if player availability weakens.,Hold baseline until stronger attention or conversion signals appear.,5
53,Hungary,Italy,tournament,knockout_takeover,aggressive,4.059,0.226,0.482,medium,3.744,4.374,Capture knockout-stage attention when the upside justifies higher variance.,Recommended: Capture knockout-stage attention when the upside justifies higher variance.,1
54,Brazil,Mexico,tournament,conservative_efficiency,conservative,4.199,-0.002,0.183,low,4.017,4.381,"Protect downside, prioritize performance-based inventory, and keep spend flexible.",Hold baseline until stronger attention or conversion signals appear.,4
54,Brazil,Mexico,tournament,balanced_activation,balanced,4.243,0.042,0.283,low,4.023,4.463,Use a mixed media package and lean into proven fan attention signals.,Hold baseline until stronger attention or conversion signals appear.,3
54,Brazil,Mexico,tournament,aggressive_media_surge,aggressive,4.363,0.162,0.423,medium,4.077,4.649,"Buy premium moments when attention, stage value, and player availability support scale.","Conditional: Buy premium moments when attention, stage value, and player availability support scale. Monitor fan sentiment and player availability.",2
54,Brazil,Mexico,tournament,player_risk_defense,conservative,4.121,-0.08,0.363,low,3.878,4.364,Shift budget away from star-dependent creative if player availability weakens.,Hold baseline until stronger attention or conversion signals appear.,5
54,Brazil,Mexico,tournament,knockout_takeover,aggressive,4.427,0.226,0.463,medium,4.118,4.736,Capture knockout-stage attention when the upside justifies higher variance.,Recommended: Capture knockout-stage attention when the upside justifies higher variance.,1
55,Chile,England,tournament,conservative_efficiency,conservative,3.637,-0.002,0.229,low,3.439,3.835,"Protect downside, prioritize performance-based inventory, and keep spend flexible.",Hold baseline until stronger attention or conversion signals appear.,4
55,Chile,England,tournament,balanced_activation,balanced,3.681,0.042,0.329,low,3.446,3.916,Use a mixed media package and lean into proven fan attention signals.,Hold baseline until stronger attention or conversion signals appear.,3
55,Chile,England,tournament,aggressive_media_surge,aggressive,3.801,0.162,0.469,medium,3.499,4.103,"Buy premium moments when attention, stage value, and player availability support scale.","Conditional: Buy premium moments when attention, stage value, and player availability support scale. Monitor fan sentiment and player availability.",2
55,Chile,England,tournament,player_risk_defense,conservative,3.559,-0.08,0.409,medium,3.3,3.818,Shift budget away from star-dependent creative if player availability weakens.,Hold baseline until stronger attention or conversion signals appear.,5
55,Chile,England,tournament,knockout_takeover,aggressive,3.865,0.226,0.509,medium,3.54,4.19,Capture knockout-stage attention when the upside justifies higher variance.,Conditional: Capture knockout-stage attention when the upside justifies higher variance. Monitor fan sentiment and player availability.,1
56,Italy,Sweden,tournament,conservative_efficiency,conservative,3.384,-0.002,0.246,low,3.18,3.588,"Protect downside, prioritize performance-based inventory, and keep spend flexible.",Hold baseline until stronger attention or conversion signals appear.,4
56,Italy,Sweden,tournament,balanced_activation,balanced,3.428,0.042,0.346,low,3.187,3.669,Use a mixed media package and lean into proven fan attention signals.,Hold baseline until stronger attention or conversion signals appear.,3
56,Italy,Sweden,tournament,aggressive_media_surge,aggressive,3.548,0.162,0.486,medium,3.24,3.856,"Buy premium moments when attention, stage value, and player availability support scale.","Conditional: Buy premium moments when attention, stage value, and player availability support scale. Monitor fan sentiment and player availability.",2
56,Italy,Sweden,tournament,player_risk_defense,conservative,3.306,-0.08,0.426,medium,3.041,3.571,Shift budget away from star-dependent creative if player availability weakens.,Hold baseline until stronger attention or conversion signals appear.,5
56,Italy,Sweden,tournament,knockout_takeover,aggressive,3.612,0.226,0.526,medium,3.282,3.942,Capture knockout-stage attention when the upside justifies higher variance.,Conditional: Capture knockout-stage attention when the upside justifies higher variance. Monitor fan sentiment and player availability.,1
57,Spain,United States,tournament,conservative_efficiency,conservative,3.692,-0.002,0.215,low,3.499,3.885,"Protect downside, prioritize performance-based inventory, and keep spend flexible.",Hold baseline until stronger attention or conversion signals appear.,4
57,Spain,United States,tournament,balanced_activation,balanced,3.736,0.042,0.315,low,3.505,3.967,Use a mixed media package and lean into proven fan attention signals.,Hold baseline until stronger attention or conversion signals appear.,3
57,Spain,United States,tournament,aggressive_media_surge,aggressive,3.856,0.162,0.455,medium,3.559,4.153,"Buy premium moments when attention, stage value, and player availability support scale.","Conditional: Buy premium moments when attention, stage value, and player availability support scale. Monitor fan sentiment and player availability.",2
57,Spain,United States,tournament,player_risk_defense,conservative,3.614,-0.08,0.395,medium,3.36,3.868,Shift budget away from star-dependent creative if player availability weakens.,Hold baseline until stronger attention or conversion signals appear.,5
57,Spain,United States,tournament,knockout_takeover,aggressive,3.92,0.226,0.495,medium,3.6,4.24,Capture knockout-stage attention when the upside justifies higher variance.,Recommended: Capture knockout-stage attention when the upside justifies higher variance.,1
58,Switzerland,Yugoslavia,tournament,conservative_efficiency,conservative,3.83,-0.002,0.177,low,3.65,4.01,"Protect downside, prioritize performance-based inventory, and keep spend flexible.",Hold baseline until stronger attention or conversion signals appear.,4
58,Switzerland,Yugoslavia,tournament,balanced_activation,balanced,3.874,0.042,0.277,low,3.656,4.092,Use a mixed media package and lean into proven fan attention signals.,Hold baseline until stronger attention or conversion signals appear.,3
58,Switzerland,Yugoslavia,tournament,aggressive_media_surge,aggressive,3.994,0.162,0.417,medium,3.71,4.278,"Buy premium moments when attention, stage value, and player availability support scale.","Conditional: Buy premium moments when attention, stage value, and player availability support scale. Monitor fan sentiment and player availability.",2
58,Switzerland,Yugoslavia,tournament,player_risk_defense,conservative,3.752,-0.08,0.357,low,3.511,3.993,Shift budget away from star-dependent creative if player availability weakens.,Hold baseline until stronger attention or conversion signals appear.,5
58,Switzerland,Yugoslavia,tournament,knockout_takeover,aggressive,4.058,0.226,0.457,medium,3.751,4.365,Capture knockout-stage attention when the upside justifies higher variance.,Recommended: Capture knockout-stage attention when the upside justifies higher variance.,1
59,Brazil,Switzerland,tournament,conservative_efficiency,conservative,4.149,-0.002,0.246,low,3.945,4.353,"Protect downside, prioritize performance-based inventory, and keep spend flexible.",Hold baseline until stronger attention or conversion signals appear.,4
59,Brazil,Switzerland,tournament,balanced_activation,balanced,4.193,0.042,0.346,low,3.952,4.434,Use a mixed media package and lean into proven fan attention signals.,Hold baseline until stronger attention or conversion signals appear.,3
59,Brazil,Switzerland,tournament,aggressive_media_surge,aggressive,4.313,0.162,0.486,medium,4.005,4.621,"Buy premium moments when attention, stage value, and player availability support scale.","Conditional: Buy premium moments when attention, stage value, and player availability support scale. Monitor fan sentiment and player availability.",2
59,Brazil,Switzerland,tournament,player_risk_defense,conservative,4.071,-0.08,0.426,medium,3.806,4.336,Shift budget away from star-dependent creative if player availability weakens.,Hold baseline until stronger attention or conversion signals appear.,5
59,Brazil,Switzerland,tournament,knockout_takeover,aggressive,4.377,0.226,0.526,medium,4.047,4.707,Capture knockout-stage attention when the upside justifies higher variance.,Conditional: Capture knockout-stage attention when the upside justifies higher variance. Monitor fan sentiment and player availability.,1
60,Mexico,Yugoslavia,tournament,conservative_efficiency,conservative,3.504,-0.002,0.258,low,3.296,3.712,"Protect downside, prioritize performance-based inventory, and keep spend flexible.",Hold baseline until stronger attention or conversion signals appear.,4
60,Mexico,Yugoslavia,tournament,balanced_activation,balanced,3.548,0.042,0.358,low,3.303,3.793,Use a mixed media package and lean into proven fan attention signals.,Hold baseline until stronger attention or conversion signals appear.,3
60,Mexico,Yugoslavia,tournament,aggressive_media_surge,aggressive,3.668,0.162,0.498,medium,3.356,3.98,"Buy premium moments when attention, stage value, and player availability support scale.","Conditional: Buy premium moments when attention, stage value, and player availability support scale. Monitor fan sentiment and player availability.",2
60,Mexico,Yugoslavia,tournament,player_risk_defense,conservative,3.426,-0.08,0.438,medium,3.157,3.695,Shift budget away from star-dependent creative if player availability weakens.,Hold baseline until stronger attention or conversion signals appear.,5
60,Mexico,Yugoslavia,tournament,knockout_takeover,aggressive,3.732,0.226,0.538,medium,3.398,4.066,Capture knockout-stage attention when the upside justifies higher variance.,Conditional: Capture knockout-stage attention when the upside justifies higher variance. Monitor fan sentiment and player availability.,1
61,Chile,Spain,tournament,conservative_efficiency,conservative,3.633,-0.002,0.23,low,3.435,3.831,"Protect downside, prioritize performance-based inventory, and keep spend flexible.",Hold baseline until stronger attention or conversion signals appear.,4
61,Chile,Spain,tournament,balanced_activation,balanced,3.677,0.042,0.33,low,3.441,3.913,Use a mixed media package and lean into proven fan attention signals.,Hold baseline until stronger attention or conversion signals appear.,3
61,Chile,Spain,tournament,aggressive_media_surge,aggressive,3.797,0.162,0.47,medium,3.495,4.099,"Buy premium moments when attention, stage value, and player availability support scale.","Conditional: Buy premium moments when attention, stage value, and player availability support scale. Monitor fan sentiment and player availability.",2
61,Chile,Spain,tournament,player_risk_defense,conservative,3.555,-0.08,0.41,medium,3.296,3.814,Shift budget away from star-dependent creative if player availability weakens.,Hold baseline until stronger attention or conversion signals appear.,5
61,Chile,Spain,tournament,knockout_takeover,aggressive,3.861,0.226,0.51,medium,3.536,4.186,Capture knockout-stage attention when the upside justifies higher variance.,Conditional: Capture knockout-stage attention when the upside justifies higher variance. Monitor fan sentiment and player availability.,1
62,England,United States,tournament,conservative_efficiency,conservative,3.268,-0.002,0.187,low,3.084,3.452,"Protect downside, prioritize performance-based inventory, and keep spend flexible.",Hold baseline until stronger attention or conversion signals appear.,4
62,England,United States,tournament,balanced_activation,balanced,3.312,0.042,0.287,low,3.091,3.533,Use a mixed media package and lean into proven fan attention signals.,Hold baseline until stronger attention or conversion signals appear.,3
62,England,United States,tournament,aggressive_media_surge,aggressive,3.432,0.162,0.427,medium,3.144,3.72,"Buy premium moments when attention, stage value, and player availability support scale.","Conditional: Buy premium moments when attention, stage value, and player availability support scale. Monitor fan sentiment and player availability.",2
62,England,United States,tournament,player_risk_defense,conservative,3.19,-0.08,0.367,low,2.945,3.435,Shift budget away from star-dependent creative if player availability weakens.,Hold baseline until stronger attention or conversion signals appear.,5
62,England,United States,tournament,knockout_takeover,aggressive,3.496,0.226,0.467,medium,3.186,3.806,Capture knockout-stage attention when the upside justifies higher variance.,Recommended: Capture knockout-stage attention when the upside justifies higher variance.,1
63,Paraguay,Sweden,tournament,conservative_efficiency,conservative,3.486,-0.002,0.23,low,3.288,3.684,"Protect downside, prioritize performance-based inventory, and keep spend flexible.",Hold baseline until stronger attention or conversion signals appear.,4
63,Paraguay,Sweden,tournament,balanced_activation,balanced,3.53,0.042,0.33,low,3.294,3.766,Use a mixed media package and lean into proven fan attention signals.,Hold baseline until stronger attention or conversion signals appear.,3
63,Paraguay,Sweden,tournament,aggressive_media_surge,aggressive,3.65,0.162,0.47,medium,3.348,3.952,"Buy premium moments when attention, stage value, and player availability support scale.","Conditional: Buy premium moments when attention, stage value, and player availability support scale. Monitor fan sentiment and player availability.",2
63,Paraguay,Sweden,tournament,player_risk_defense,conservative,3.408,-0.08,0.41,medium,3.149,3.667,Shift budget away from star-dependent creative if player availability weakens.,Hold baseline until stronger attention or conversion signals appear.,5
63,Paraguay,Sweden,tournament,knockout_takeover,aggressive,3.714,0.226,0.51,medium,3.389,4.039,Capture knockout-stage attention when the upside justifies higher variance.,Conditional: Capture knockout-stage attention when the upside justifies higher variance. Monitor fan sentiment and player availability.,1
64,Brazil,Yugoslavia,tournament,conservative_efficiency,conservative,4.101,-0.002,0.2,low,3.913,4.289,"Protect downside, prioritize performance-based inventory, and keep spend flexible.",Hold baseline until stronger attention or conversion signals appear.,4
64,Brazil,Yugoslavia,tournament,balanced_activation,balanced,4.145,0.042,0.3,low,3.919,4.37,Use a mixed media package and lean into proven fan attention signals.,Hold baseline until stronger attention or conversion signals appear.,3
64,Brazil,Yugoslavia,tournament,aggressive_media_surge,aggressive,4.265,0.162,0.44,medium,3.973,4.557,"Buy premium moments when attention, stage value, and player availability support scale.","Conditional: Buy premium moments when attention, stage value, and player availability support scale. Monitor fan sentiment and player availability.",2
64,Brazil,Yugoslavia,tournament,player_risk_defense,conservative,4.023,-0.08,0.38,low,3.774,4.272,Shift budget away from star-dependent creative if player availability weakens.,Hold baseline until stronger attention or conversion signals appear.,5
64,Brazil,Yugoslavia,tournament,knockout_takeover,aggressive,4.329,0.226,0.48,medium,4.014,4.644,Capture knockout-stage attention when the upside justifies higher variance.,Recommended: Capture knockout-stage attention when the upside justifies higher variance.,1
65,Bolivia,Uruguay,tournament,conservative_efficiency,conservative,2.696,-0.002,0.253,low,2.49,2.902,"Protect downside, prioritize performance-based inventory, and keep spend flexible.",Hold baseline until stronger attention or conversion signals appear.,4
65,Bolivia,Uruguay,tournament,balanced_activation,balanced,2.74,0.042,0.353,low,2.496,2.984,Use a mixed media package and lean into proven fan attention signals.,Hold baseline until stronger attention or conversion signals appear.,3
65,Bolivia,Uruguay,tournament,aggressive_media_surge,aggressive,2.86,0.162,0.493,medium,2.55,3.17,"Buy premium moments when attention, stage value, and player availability support scale.","Conditional: Buy premium moments when attention, stage value, and player availability support scale. Monitor fan sentiment and player availability.",2
65,Bolivia,Uruguay,tournament,player_risk_defense,conservative,2.618,-0.08,0.433,medium,2.351,2.885,Shift budget away from star-dependent creative if player availability weakens.,Hold baseline until stronger attention or conversion signals appear.,5
65,Bolivia,Uruguay,tournament,knockout_takeover,aggressive,2.924,0.226,0.533,medium,2.591,3.257,Capture knockout-stage attention when the upside justifies higher variance.,Conditional: Capture knockout-stage attention when the upside justifies higher variance. Monitor fan sentiment and player availability.,1
66,Chile,United States,tournament,conservative_efficiency,conservative,3.756,-0.002,0.234,low,3.556,3.956,"Protect downside, prioritize performance-based inventory, and keep spend flexible.",Hold baseline until stronger attention or conversion signals appear.,4
66,Chile,United States,tournament,balanced_activation,balanced,3.8,0.042,0.334,low,3.563,4.037,Use a mixed media package and lean into proven fan attention signals.,Hold baseline until stronger attention or conversion signals appear.,3
66,Chile,United States,tournament,aggressive_media_surge,aggressive,3.92,0.162,0.474,medium,3.616,4.224,"Buy premium moments when attention, stage value, and player availability support scale.","Conditional: Buy premium moments when attention, stage value, and player availability support scale. Monitor fan sentiment and player availability.",2
66,Chile,United States,tournament,player_risk_defense,conservative,3.678,-0.08,0.414,medium,3.417,3.939,Shift budget away from star-dependent creative if player availability weakens.,Hold baseline until stronger attention or conversion signals appear.,5
66,Chile,United States,tournament,knockout_takeover,aggressive,3.984,0.226,0.514,medium,3.658,4.31,Capture knockout-stage attention when the upside justifies higher variance.,Conditional: Capture knockout-stage attention when the upside justifies higher variance. Monitor fan sentiment and player availability.,1
67,England,Spain,tournament,conservative_efficiency,conservative,3.231,-0.002,0.262,low,3.022,3.44,"Protect downside, prioritize performance-based inventory, and keep spend flexible.",Hold baseline until stronger attention or conversion signals appear.,4
67,England,Spain,tournament,balanced_activation,balanced,3.275,0.042,0.362,low,3.028,3.522,Use a mixed media package and lean into proven fan attention signals.,Hold baseline until stronger attention or conversion signals appear.,3
67,England,Spain,tournament,aggressive_media_surge,aggressive,3.395,0.162,0.502,medium,3.082,3.708,"Buy premium moments when attention, stage value, and player availability support scale.","Conditional: Buy premium moments when attention, stage value, and player availability support scale. Monitor fan sentiment and player availability.",2
67,England,Spain,tournament,player_risk_defense,conservative,3.153,-0.08,0.442,medium,2.883,3.423,Shift budget away from star-dependent creative if player availability weakens.,Hold baseline until stronger attention or conversion signals appear.,5
67,England,Spain,tournament,knockout_takeover,aggressive,3.459,0.226,0.542,medium,3.123,3.795,Capture knockout-stage attention when the upside justifies higher variance.,Conditional: Capture knockout-stage attention when the upside justifies higher variance. Monitor fan sentiment and player availability.,1
68,Italy,Paraguay,tournament,conservative_efficiency,conservative,3.424,-0.002,0.224,low,3.228,3.62,"Protect downside, prioritize performance-based inventory, and keep spend flexible.",Hold baseline until stronger attention or conversion signals appear.,4
68,Italy,Paraguay,tournament,balanced_activation,balanced,3.468,0.042,0.324,low,3.234,3.702,Use a mixed media package and lean into proven fan attention signals.,Hold baseline until stronger attention or conversion signals appear.,3
68,Italy,Paraguay,tournament,aggressive_media_surge,aggressive,3.588,0.162,0.464,medium,3.288,3.888,"Buy premium moments when attention, stage value, and player availability support scale.","Conditional: Buy premium moments when attention, stage value, and player availability support scale. Monitor fan sentiment and player availability.",2
68,Italy,Paraguay,tournament,player_risk_defense,conservative,3.346,-0.08,0.404,medium,3.089,3.603,Shift budget away from star-dependent creative if player availability weakens.,Hold baseline until stronger attention or conversion signals appear.,5
68,Italy,Paraguay,tournament,knockout_takeover,aggressive,3.652,0.226,0.504,medium,3.329,3.975,Capture knockout-stage attention when the upside justifies higher variance.,Conditional: Capture knockout-stage attention when the upside justifies higher variance. Monitor fan sentiment and player availability.,1
69,Mexico,Switzerland,tournament,conservative_efficiency,conservative,3.418,-0.002,0.227,low,3.221,3.615,"Protect downside, prioritize performance-based inventory, and keep spend flexible.",Hold baseline until stronger attention or conversion signals appear.,4
69,Mexico,Switzerland,tournament,balanced_activation,balanced,3.462,0.042,0.327,low,3.227,3.697,Use a mixed media package and lean into proven fan attention signals.,Hold baseline until stronger attention or conversion signals appear.,3
69,Mexico,Switzerland,tournament,aggressive_media_surge,aggressive,3.582,0.162,0.467,medium,3.281,3.883,"Buy premium moments when attention, stage value, and player availability support scale.","Conditional: Buy premium moments when attention, stage value, and player availability support scale. Monitor fan sentiment and player availability.",2
69,Mexico,Switzerland,tournament,player_risk_defense,conservative,3.34,-0.08,0.407,medium,3.082,3.598,Shift budget away from star-dependent creative if player availability weakens.,Hold baseline until stronger attention or conversion signals appear.,5
69,Mexico,Switzerland,tournament,knockout_takeover,aggressive,3.646,0.226,0.507,medium,3.322,3.97,Capture knockout-stage attention when the upside justifies higher variance.,Conditional: Capture knockout-stage attention when the upside justifies higher variance. Monitor fan sentiment and player availability.,1
70,Brazil,Sweden,tournament,conservative_efficiency,conservative,4.255,-0.002,0.186,low,4.072,4.438,"Protect downside, prioritize performance-based inventory, and keep spend flexible.",Hold baseline until stronger attention or conversion signals appear.,4
70,Brazil,Sweden,tournament,balanced_activation,balanced,4.299,0.042,0.286,low,4.078,4.52,Use a mixed media package and lean into proven fan attention signals.,Hold baseline until stronger attention or conversion signals appear.,3
70,Brazil,Sweden,tournament,aggressive_media_surge,aggressive,4.419,0.162,0.426,medium,4.132,4.706,"Buy premium moments when attention, stage value, and player availability support scale.","Conditional: Buy premium moments when attention, stage value, and player availability support scale. Monitor fan sentiment and player availability.",2
70,Brazil,Sweden,tournament,player_risk_defense,conservative,4.177,-0.08,0.366,low,3.933,4.421,Shift budget away from star-dependent creative if player availability weakens.,Hold baseline until stronger attention or conversion signals appear.,5
70,Brazil,Sweden,tournament,knockout_takeover,aggressive,4.483,0.226,0.466,medium,4.173,4.793,Capture knockout-stage attention when the upside justifies higher variance.,Recommended: Capture knockout-stage attention when the upside justifies higher variance.,1
71,Spain,Uruguay,tournament,conservative_efficiency,conservative,3.709,-0.002,0.243,low,3.506,3.912,"Protect downside, prioritize performance-based inventory, and keep spend flexible.",Hold baseline until stronger attention or conversion signals appear.,4
71,Spain,Uruguay,tournament,balanced_activation,balanced,3.753,0.042,0.343,low,3.513,3.993,Use a mixed media package and lean into proven fan attention signals.,Hold baseline until stronger attention or conversion signals appear.,3
71,Spain,Uruguay,tournament,aggressive_media_surge,aggressive,3.873,0.162,0.483,medium,3.566,4.18,"Buy premium moments when attention, stage value, and player availability support scale.","Conditional: Buy premium moments when attention, stage value, and player availability support scale. Monitor fan sentiment and player availability.",2
71,Spain,Uruguay,tournament,player_risk_defense,conservative,3.631,-0.08,0.423,medium,3.367,3.895,Shift budget away from star-dependent creative if player availability weakens.,Hold baseline until stronger attention or conversion signals appear.,5
71,Spain,Uruguay,tournament,knockout_takeover,aggressive,3.937,0.226,0.523,medium,3.608,4.266,Capture knockout-stage attention when the upside justifies higher variance.,Conditional: Capture knockout-stage attention when the upside justifies higher variance. Monitor fan sentiment and player availability.,1
72,Brazil,Spain,tournament,conservative_efficiency,conservative,4.264,-0.002,0.229,low,4.066,4.462,"Protect downside, prioritize performance-based inventory, and keep spend flexible.",Hold baseline until stronger attention or conversion signals appear.,4
72,Brazil,Spain,tournament,balanced_activation,balanced,4.308,0.042,0.329,low,4.073,4.543,Use a mixed media package and lean into proven fan attention signals.,Hold baseline until stronger attention or conversion signals appear.,3
72,Brazil,Spain,tournament,aggressive_media_surge,aggressive,4.428,0.162,0.469,medium,4.126,4.73,"Buy premium moments when attention, stage value, and player availability support scale.","Conditional: Buy premium moments when attention, stage value, and player availability support scale. Monitor fan sentiment and player availability.",2
72,Brazil,Spain,tournament,player_risk_defense,conservative,4.186,-0.08,0.409,medium,3.927,4.445,Shift budget away from star-dependent creative if player availability weakens.,Hold baseline until stronger attention or conversion signals appear.,5
72,Brazil,Spain,tournament,knockout_takeover,aggressive,4.492,0.226,0.509,medium,4.167,4.817,Capture knockout-stage attention when the upside justifies higher variance.,Conditional: Capture knockout-stage attention when the upside justifies higher variance. Monitor fan sentiment and player availability.,1
73,Sweden,Uruguay,tournament,conservative_efficiency,conservative,3.577,-0.002,0.275,low,3.364,3.79,"Protect downside, prioritize performance-based inventory, and keep spend flexible.",Hold baseline until stronger attention or conversion signals appear.,4
73,Sweden,Uruguay,tournament,balanced_activation,balanced,3.621,0.042,0.375,low,3.37,3.872,Use a mixed media package and lean into proven fan attention signals.,Hold baseline until stronger attention or conversion signals appear.,3
73,Sweden,Uruguay,tournament,aggressive_media_surge,aggressive,3.741,0.162,0.515,medium,3.424,4.059,"Buy premium moments when attention, stage value, and player availability support scale.","Conditional: Buy premium moments when attention, stage value, and player availability support scale. Monitor fan sentiment and player availability.",2
73,Sweden,Uruguay,tournament,player_risk_defense,conservative,3.499,-0.08,0.455,medium,3.224,3.774,Shift budget away from star-dependent creative if player availability weakens.,Hold baseline until stronger attention or conversion signals appear.,5
73,Sweden,Uruguay,tournament,knockout_takeover,aggressive,3.805,0.226,0.555,medium,3.465,4.145,Capture knockout-stage attention when the upside justifies higher variance.,Conditional: Capture knockout-stage attention when the upside justifies higher variance. Monitor fan sentiment and player availability.,1
74,Brazil,Uruguay,tournament,conservative_efficiency,conservative,4.114,-0.002,0.239,low,3.913,4.315,"Protect downside, prioritize performance-based inventory, and keep spend flexible.",Hold baseline until stronger attention or conversion signals appear.,4
74,Brazil,Uruguay,tournament,balanced_activation,balanced,4.158,0.042,0.339,low,3.919,4.397,Use a mixed media package and lean into proven fan attention signals.,Hold baseline until stronger attention or conversion signals appear.,3
74,Brazil,Uruguay,tournament,aggressive_media_surge,aggressive,4.278,0.162,0.479,medium,3.973,4.583,"Buy premium moments when attention, stage value, and player availability support scale.","Conditional: Buy premium moments when attention, stage value, and player availability support scale. Monitor fan sentiment and player availability.",2
74,Brazil,Uruguay,tournament,player_risk_defense,conservative,4.036,-0.08,0.419,medium,3.774,4.298,Shift budget away from star-dependent creative if player availability weakens.,Hold baseline until stronger attention or conversion signals appear.,5
74,Brazil,Uruguay,tournament,knockout_takeover,aggressive,4.342,0.226,0.519,medium,4.014,4.67,Capture knockout-stage attention when the upside justifies higher variance.,Conditional: Capture knockout-stage attention when the upside justifies higher variance. Monitor fan sentiment and player availability.,1
75,Spain,Sweden,tournament,conservative_efficiency,conservative,3.642,-0.002,0.213,low,3.45,3.834,"Protect downside, prioritize performance-based inventory, and keep spend flexible.",Hold baseline until stronger attention or conversion signals appear.,4
75,Spain,Sweden,tournament,balanced_activation,balanced,3.686,0.042,0.313,low,3.456,3.916,Use a mixed media package and lean into proven fan attention signals.,Hold baseline until stronger attention or conversion signals appear.,3
75,Spain,Sweden,tournament,aggressive_media_surge,aggressive,3.806,0.162,0.453,medium,3.51,4.102,"Buy premium moments when attention, stage value, and player availability support scale.","Conditional: Buy premium moments when attention, stage value, and player availability support scale. Monitor fan sentiment and player availability.",2
75,Spain,Sweden,tournament,player_risk_defense,conservative,3.564,-0.08,0.393,medium,3.31,3.818,Shift budget away from star-dependent creative if player availability weakens.,Hold baseline until stronger attention or conversion signals appear.,5
75,Spain,Sweden,tournament,knockout_takeover,aggressive,3.87,0.226,0.493,medium,3.551,4.189,Capture knockout-stage attention when the upside justifies higher variance.,Recommended: Capture knockout-stage attention when the upside justifies higher variance.,1
76,Austria,Scotland,tournament,conservative_efficiency,conservative,3.321,-0.002,0.2,low,3.133,3.509,"Protect downside, prioritize performance-based inventory, and keep spend flexible.",Hold baseline until stronger attention or conversion signals appear.,4
76,Austria,Scotland,tournament,balanced_activation,balanced,3.365,0.042,0.3,low,3.14,3.591,Use a mixed media package and lean into proven fan attention signals.,Hold baseline until stronger attention or conversion signals appear.,3
76,Austria,Scotland,tournament,aggressive_media_surge,aggressive,3.485,0.162,0.44,medium,3.193,3.777,"Buy premium moments when attention, stage value, and player availability support scale.","Conditional: Buy premium moments when attention, stage value, and player availability support scale. Monitor fan sentiment and player availability.",2
76,Austria,Scotland,tournament,player_risk_defense,conservative,3.243,-0.08,0.38,low,2.994,3.492,Shift budget away from star-dependent creative if player availability weakens.,Hold baseline until stronger attention or conversion signals appear.,5
76,Austria,Scotland,tournament,knockout_takeover,aggressive,3.549,0.226,0.48,medium,3.234,3.864,Capture knockout-stage attention when the upside justifies higher variance.,Recommended: Capture knockout-stage attention when the upside justifies higher variance.,1
77,Brazil,Mexico,tournament,conservative_efficiency,conservative,4.136,-0.002,0.192,low,3.951,4.321,"Protect downside, prioritize performance-based inventory, and keep spend flexible.",Hold baseline until stronger attention or conversion signals appear.,4
77,Brazil,Mexico,tournament,balanced_activation,balanced,4.18,0.042,0.292,low,3.957,4.403,Use a mixed media package and lean into proven fan attention signals.,Hold baseline until stronger attention or conversion signals appear.,3
77,Brazil,Mexico,tournament,aggressive_media_surge,aggressive,4.3,0.162,0.432,medium,4.011,4.589,"Buy premium moments when attention, stage value, and player availability support scale.","Conditional: Buy premium moments when attention, stage value, and player availability support scale. Monitor fan sentiment and player availability.",2
77,Brazil,Mexico,tournament,player_risk_defense,conservative,4.058,-0.08,0.372,low,3.812,4.304,Shift budget away from star-dependent creative if player availability weakens.,Hold baseline until stronger attention or conversion signals appear.,5
77,Brazil,Mexico,tournament,knockout_takeover,aggressive,4.364,0.226,0.472,medium,4.052,4.676,Capture knockout-stage attention when the upside justifies higher variance.,Recommended: Capture knockout-stage attention when the upside justifies higher variance.,1
78,Czechoslovakia,Uruguay,tournament,conservative_efficiency,conservative,3.26,-0.002,0.289,low,3.042,3.478,"Protect downside, prioritize performance-based inventory, and keep spend flexible.",Hold baseline until stronger attention or conversion signals appear.,4
78,Czechoslovakia,Uruguay,tournament,balanced_activation,balanced,3.304,0.042,0.389,medium,3.048,3.56,Use a mixed media package and lean into proven fan attention signals.,Hold baseline until stronger attention or conversion signals appear.,3
78,Czechoslovakia,Uruguay,tournament,aggressive_media_surge,aggressive,3.424,0.162,0.529,medium,3.102,3.746,"Buy premium moments when attention, stage value, and player availability support scale.","Conditional: Buy premium moments when attention, stage value, and player availability support scale. Monitor fan sentiment and player availability.",2
78,Czechoslovakia,Uruguay,tournament,player_risk_defense,conservative,3.182,-0.08,0.469,medium,2.903,3.461,Shift budget away from star-dependent creative if player availability weakens.,Hold baseline until stronger attention or conversion signals appear.,5
78,Czechoslovakia,Uruguay,tournament,knockout_takeover,aggressive,3.488,0.226,0.569,medium,3.143,3.833,Capture knockout-stage attention when the upside justifies higher variance.,Conditional: Capture knockout-stage attention when the upside justifies higher variance. Monitor fan sentiment and player availability.,1
79,France,Yugoslavia,tournament,conservative_efficiency,conservative,3.371,-0.002,0.264,low,3.161,3.581,"Protect downside, prioritize performance-based inventory, and keep spend flexible.",Hold baseline until stronger attention or conversion signals appear.,4
79,France,Yugoslavia,tournament,balanced_activation,balanced,3.415,0.042,0.364,low,3.168,3.662,Use a mixed media package and lean into proven fan attention signals.,Hold baseline until stronger attention or conversion signals appear.,3
79,France,Yugoslavia,tournament,aggressive_media_surge,aggressive,3.535,0.162,0.504,medium,3.221,3.849,"Buy premium moments when attention, stage value, and player availability support scale.","Conditional: Buy premium moments when attention, stage value, and player availability support scale. Monitor fan sentiment and player availability.",2
79,France,Yugoslavia,tournament,player_risk_defense,conservative,3.293,-0.08,0.444,medium,3.022,3.564,Shift budget away from star-dependent creative if player availability weakens.,Hold baseline until stronger attention or conversion signals appear.,5
79,France,Yugoslavia,tournament,knockout_takeover,aggressive,3.599,0.226,0.544,medium,3.263,3.935,Capture knockout-stage attention when the upside justifies higher variance.,Conditional: Capture knockout-stage attention when the upside justifies higher variance. Monitor fan sentiment and player availability.,1
80,Belgium,England,tournament,conservative_efficiency,conservative,3.697,-0.002,0.183,low,3.515,3.879,"Protect downside, prioritize performance-based inventory, and keep spend flexible.",Hold baseline until stronger attention or conversion signals appear.,4
80,Belgium,England,tournament,balanced_activation,balanced,3.741,0.042,0.283,low,3.521,3.961,Use a mixed media package and lean into proven fan attention signals.,Hold baseline until stronger attention or conversion signals appear.,3
80,Belgium,England,tournament,aggressive_media_surge,aggressive,3.861,0.162,0.423,medium,3.575,4.147,"Buy premium moments when attention, stage value, and player availability support scale.","Conditional: Buy premium moments when attention, stage value, and player availability support scale. Monitor fan sentiment and player availability.",2
80,Belgium,England,tournament,player_risk_defense,conservative,3.619,-0.08,0.363,low,3.376,3.862,Shift budget away from star-dependent creative if player availability weakens.,Hold baseline until stronger attention or conversion signals appear.,5
80,Belgium,England,tournament,knockout_takeover,aggressive,3.925,0.226,0.463,medium,3.616,4.234,Capture knockout-stage attention when the upside justifies higher variance.,Recommended: Capture knockout-stage attention when the upside justifies higher variance.,1
81,Germany,Turkey,tournament,conservative_efficiency,conservative,4.041,-0.002,0.237,low,3.84,4.242,"Protect downside, prioritize performance-based inventory, and keep spend flexible.",Hold baseline until stronger attention or conversion signals appear.,4
81,Germany,Turkey,tournament,balanced_activation,balanced,4.085,0.042,0.337,low,3.847,4.323,Use a mixed media package and lean into proven fan attention signals.,Hold baseline until stronger attention or conversion signals appear.,3
81,Germany,Turkey,tournament,aggressive_media_surge,aggressive,4.205,0.162,0.477,medium,3.9,4.51,"Buy premium moments when attention, stage value, and player availability support scale.","Conditional: Buy premium moments when attention, stage value, and player availability support scale. Monitor fan sentiment and player availability.",2
81,Germany,Turkey,tournament,player_risk_defense,conservative,3.963,-0.08,0.417,medium,3.701,4.225,Shift budget away from star-dependent creative if player availability weakens.,Hold baseline until stronger attention or conversion signals appear.,5
81,Germany,Turkey,tournament,knockout_takeover,aggressive,4.269,0.226,0.517,medium,3.942,4.596,Capture knockout-stage attention when the upside justifies higher variance.,Conditional: Capture knockout-stage attention when the upside justifies higher variance. Monitor fan sentiment and player availability.,1
82,Hungary,South Korea,tournament,conservative_efficiency,conservative,4.156,-0.002,0.201,low,3.968,4.344,"Protect downside, prioritize performance-based inventory, and keep spend flexible.",Hold baseline until stronger attention or conversion signals appear.,4
82,Hungary,South Korea,tournament,balanced_activation,balanced,4.2,0.042,0.301,low,3.974,4.426,Use a mixed media package and lean into proven fan attention signals.,Hold baseline until stronger attention or conversion signals appear.,3
82,Hungary,South Korea,tournament,aggressive_media_surge,aggressive,4.32,0.162,0.441,medium,4.028,4.612,"Buy premium moments when attention, stage value, and player availability support scale.","Conditional: Buy premium moments when attention, stage value, and player availability support scale. Monitor fan sentiment and player availability.",2
82,Hungary,South Korea,tournament,player_risk_defense,conservative,4.078,-0.08,0.381,medium,3.828,4.328,Shift budget away from star-dependent creative if player availability weakens.,Hold baseline until stronger attention or conversion signals appear.,5
82,Hungary,South Korea,tournament,knockout_takeover,aggressive,4.384,0.226,0.481,medium,4.069,4.699,Capture knockout-stage attention when the upside justifies higher variance.,Recommended: Capture knockout-stage attention when the upside justifies higher variance.,1
83,Switzerland,Italy,tournament,conservative_efficiency,conservative,3.845,-0.002,0.168,low,3.668,4.022,"Protect downside, prioritize performance-based inventory, and keep spend flexible.",Hold baseline until stronger attention or conversion signals appear.,4
83,Switzerland,Italy,tournament,balanced_activation,balanced,3.889,0.042,0.268,low,3.674,4.104,Use a mixed media package and lean into proven fan attention signals.,Hold baseline until stronger attention or conversion signals appear.,3
83,Switzerland,Italy,tournament,aggressive_media_surge,aggressive,4.009,0.162,0.408,medium,3.728,4.29,"Buy premium moments when attention, stage value, and player availability support scale.","Conditional: Buy premium moments when attention, stage value, and player availability support scale. Monitor fan sentiment and player availability.",2
83,Switzerland,Italy,tournament,player_risk_defense,conservative,3.767,-0.08,0.348,low,3.529,4.005,Shift budget away from star-dependent creative if player availability weakens.,Hold baseline until stronger attention or conversion signals appear.,5
83,Switzerland,Italy,tournament,knockout_takeover,aggressive,4.073,0.226,0.448,medium,3.769,4.377,Capture knockout-stage attention when the upside justifies higher variance.,Recommended: Capture knockout-stage attention when the upside justifies higher variance.,1
84,Austria,Czechoslovakia,tournament,conservative_efficiency,conservative,3.242,-0.002,0.217,low,3.048,3.436,"Protect downside, prioritize performance-based inventory, and keep spend flexible.",Hold baseline until stronger attention or conversion signals appear.,4
84,Austria,Czechoslovakia,tournament,balanced_activation,balanced,3.286,0.042,0.317,low,3.055,3.517,Use a mixed media package and lean into proven fan attention signals.,Hold baseline until stronger attention or conversion signals appear.,3
84,Austria,Czechoslovakia,tournament,aggressive_media_surge,aggressive,3.406,0.162,0.457,medium,3.108,3.704,"Buy premium moments when attention, stage value, and player availability support scale.","Conditional: Buy premium moments when attention, stage value, and player availability support scale. Monitor fan sentiment and player availability.",2
84,Austria,Czechoslovakia,tournament,player_risk_defense,conservative,3.164,-0.08,0.397,medium,2.909,3.419,Shift budget away from star-dependent creative if player availability weakens.,Hold baseline until stronger attention or conversion signals appear.,5
84,Austria,Czechoslovakia,tournament,knockout_takeover,aggressive,3.47,0.226,0.497,medium,3.15,3.79,Capture knockout-stage attention when the upside justifies higher variance.,Recommended: Capture knockout-stage attention when the upside justifies higher variance.,1
85,Brazil,Yugoslavia,tournament,conservative_efficiency,conservative,4.002,-0.002,0.268,low,3.791,4.213,"Protect downside, prioritize performance-based inventory, and keep spend flexible.",Hold baseline until stronger attention or conversion signals appear.,4
85,Brazil,Yugoslavia,tournament,balanced_activation,balanced,4.046,0.042,0.368,low,3.797,4.295,Use a mixed media package and lean into proven fan attention signals.,Hold baseline until stronger attention or conversion signals appear.,3
85,Brazil,Yugoslavia,tournament,aggressive_media_surge,aggressive,4.166,0.162,0.508,medium,3.851,4.481,"Buy premium moments when attention, stage value, and player availability support scale.","Conditional: Buy premium moments when attention, stage value, and player availability support scale. Monitor fan sentiment and player availability.",2
85,Brazil,Yugoslavia,tournament,player_risk_defense,conservative,3.924,-0.08,0.448,medium,3.652,4.196,Shift budget away from star-dependent creative if player availability weakens.,Hold baseline until stronger attention or conversion signals appear.,5
85,Brazil,Yugoslavia,tournament,knockout_takeover,aggressive,4.23,0.226,0.548,medium,3.892,4.568,Capture knockout-stage attention when the upside justifies higher variance.,Conditional: Capture knockout-stage attention when the upside justifies higher variance. Monitor fan sentiment and player availability.,1
86,France,Mexico,tournament,conservative_efficiency,conservative,3.467,-0.002,0.252,low,3.261,3.673,"Protect downside, prioritize performance-based inventory, and keep spend flexible.",Hold baseline until stronger attention or conversion signals appear.,4
86,France,Mexico,tournament,balanced_activation,balanced,3.511,0.042,0.352,low,3.268,3.754,Use a mixed media package and lean into proven fan attention signals.,Hold baseline until stronger attention or conversion signals appear.,3
86,France,Mexico,tournament,aggressive_media_surge,aggressive,3.631,0.162,0.492,medium,3.321,3.941,"Buy premium moments when attention, stage value, and player availability support scale.","Conditional: Buy premium moments when attention, stage value, and player availability support scale. Monitor fan sentiment and player availability.",2
86,France,Mexico,tournament,player_risk_defense,conservative,3.389,-0.08,0.432,medium,3.122,3.656,Shift budget away from star-dependent creative if player availability weakens.,Hold baseline until stronger attention or conversion signals appear.,5
86,France,Mexico,tournament,knockout_takeover,aggressive,3.695,0.226,0.532,medium,3.363,4.027,Capture knockout-stage attention when the upside justifies higher variance.,Conditional: Capture knockout-stage attention when the upside justifies higher variance. Monitor fan sentiment and player availability.,1
87,Scotland,Uruguay,tournament,conservative_efficiency,conservative,3.506,-0.002,0.242,low,3.304,3.708,"Protect downside, prioritize performance-based inventory, and keep spend flexible.",Hold baseline until stronger attention or conversion signals appear.,4
87,Scotland,Uruguay,tournament,balanced_activation,balanced,3.55,0.042,0.342,low,3.31,3.79,Use a mixed media package and lean into proven fan attention signals.,Hold baseline until stronger attention or conversion signals appear.,3
87,Scotland,Uruguay,tournament,aggressive_media_surge,aggressive,3.67,0.162,0.482,medium,3.364,3.976,"Buy premium moments when attention, stage value, and player availability support scale.","Conditional: Buy premium moments when attention, stage value, and player availability support scale. Monitor fan sentiment and player availability.",2
87,Scotland,Uruguay,tournament,player_risk_defense,conservative,3.428,-0.08,0.422,medium,3.165,3.691,Shift budget away from star-dependent creative if player availability weakens.,Hold baseline until stronger attention or conversion signals appear.,5
87,Scotland,Uruguay,tournament,knockout_takeover,aggressive,3.734,0.226,0.522,medium,3.405,4.063,Capture knockout-stage attention when the upside justifies higher variance.,Conditional: Capture knockout-stage attention when the upside justifies higher variance. Monitor fan sentiment and player availability.,1
88,Belgium,Italy,tournament,conservative_efficiency,conservative,3.638,-0.002,0.232,low,3.439,3.837,"Protect downside, prioritize performance-based inventory, and keep spend flexible.",Hold baseline until stronger attention or conversion signals appear.,4
88,Belgium,Italy,tournament,balanced_activation,balanced,3.682,0.042,0.332,low,3.446,3.918,Use a mixed media package and lean into proven fan attention signals.,Hold baseline until stronger attention or conversion signals appear.,3
88,Belgium,Italy,tournament,aggressive_media_surge,aggressive,3.802,0.162,0.472,medium,3.499,4.105,"Buy premium moments when attention, stage value, and player availability support scale.","Conditional: Buy premium moments when attention, stage value, and player availability support scale. Monitor fan sentiment and player availability.",2
88,Belgium,Italy,tournament,player_risk_defense,conservative,3.56,-0.08,0.412,medium,3.3,3.82,Shift budget away from star-dependent creative if player availability weakens.,Hold baseline until stronger attention or conversion signals appear.,5
88,Belgium,Italy,tournament,knockout_takeover,aggressive,3.866,0.226,0.512,medium,3.54,4.192,Capture knockout-stage attention when the upside justifies higher variance.,Conditional: Capture knockout-stage attention when the upside justifies higher variance. Monitor fan sentiment and player availability.,1
89,Germany,Hungary,tournament,conservative_efficiency,conservative,4.136,-0.002,0.216,low,3.943,4.329,"Protect downside, prioritize performance-based inventory, and keep spend flexible.",Hold baseline until stronger attention or conversion signals appear.,4
89,Germany,Hungary,tournament,balanced_activation,balanced,4.18,0.042,0.316,low,3.949,4.411,Use a mixed media package and lean into proven fan attention signals.,Hold baseline until stronger attention or conversion signals appear.,3
89,Germany,Hungary,tournament,aggressive_media_surge,aggressive,4.3,0.162,0.456,medium,4.003,4.597,"Buy premium moments when attention, stage value, and player availability support scale.","Conditional: Buy premium moments when attention, stage value, and player availability support scale. Monitor fan sentiment and player availability.",2
89,Germany,Hungary,tournament,player_risk_defense,conservative,4.058,-0.08,0.396,medium,3.803,4.313,Shift budget away from star-dependent creative if player availability weakens.,Hold baseline until stronger attention or conversion signals appear.,5
89,Germany,Hungary,tournament,knockout_takeover,aggressive,4.364,0.226,0.496,medium,4.044,4.684,Capture knockout-stage attention when the upside justifies higher variance.,Recommended: Capture knockout-stage attention when the upside justifies higher variance.,1
90,South Korea,Turkey,tournament,conservative_efficiency,conservative,3.077,-0.002,0.282,low,2.861,3.293,"Protect downside, prioritize performance-based inventory, and keep spend flexible.",Hold baseline until stronger attention or conversion signals appear.,4
90,South Korea,Turkey,tournament,balanced_activation,balanced,3.121,0.042,0.382,medium,2.868,3.374,Use a mixed media package and lean into proven fan attention signals.,Hold baseline until stronger attention or conversion signals appear.,3
90,South Korea,Turkey,tournament,aggressive_media_surge,aggressive,3.241,0.162,0.522,medium,2.921,3.561,"Buy premium moments when attention, stage value, and player availability support scale.","Conditional: Buy premium moments when attention, stage value, and player availability support scale. Monitor fan sentiment and player availability.",2
90,South Korea,Turkey,tournament,player_risk_defense,conservative,2.999,-0.08,0.462,medium,2.722,3.276,Shift budget away from star-dependent creative if player availability weakens.,Hold baseline until stronger attention or conversion signals appear.,5
90,South Korea,Turkey,tournament,knockout_takeover,aggressive,3.305,0.226,0.562,medium,2.962,3.648,Capture knockout-stage attention when the upside justifies higher variance.,Conditional: Capture knockout-stage attention when the upside justifies higher variance. Monitor fan sentiment and player availability.,1
91,Switzerland,England,tournament,conservative_efficiency,conservative,3.901,-0.002,0.239,low,3.7,4.102,"Protect downside, prioritize performance-based inventory, and keep spend flexible.",Hold baseline until stronger attention or conversion signals appear.,4
91,Switzerland,England,tournament,balanced_activation,balanced,3.945,0.042,0.339,low,3.706,4.184,Use a mixed media package and lean into proven fan attention signals.,Hold baseline until stronger attention or conversion signals appear.,3
91,Switzerland,England,tournament,aggressive_media_surge,aggressive,4.065,0.162,0.479,medium,3.76,4.37,"Buy premium moments when attention, stage value, and player availability support scale.","Conditional: Buy premium moments when attention, stage value, and player availability support scale. Monitor fan sentiment and player availability.",2
91,Switzerland,England,tournament,player_risk_defense,conservative,3.823,-0.08,0.419,medium,3.561,4.085,Shift budget away from star-dependent creative if player availability weakens.,Hold baseline until stronger attention or conversion signals appear.,5
91,Switzerland,England,tournament,knockout_takeover,aggressive,4.129,0.226,0.519,medium,3.801,4.457,Capture knockout-stage attention when the upside justifies higher variance.,Conditional: Capture knockout-stage attention when the upside justifies higher variance. Monitor fan sentiment and player availability.,1
92,Germany,Turkey,tournament,conservative_efficiency,conservative,4.097,-0.002,0.3,low,3.875,4.319,"Protect downside, prioritize performance-based inventory, and keep spend flexible.",Hold baseline until stronger attention or conversion signals appear.,4
92,Germany,Turkey,tournament,balanced_activation,balanced,4.141,0.042,0.4,medium,3.881,4.401,Use a mixed media package and lean into proven fan attention signals.,Hold baseline until stronger attention or conversion signals appear.,3
92,Germany,Turkey,tournament,aggressive_media_surge,aggressive,4.261,0.162,0.54,medium,3.935,4.587,"Buy premium moments when attention, stage value, and player availability support scale.","Conditional: Buy premium moments when attention, stage value, and player availability support scale. Monitor fan sentiment and player availability.",2
92,Germany,Turkey,tournament,player_risk_defense,conservative,4.019,-0.08,0.48,medium,3.736,4.302,Shift budget away from star-dependent creative if player availability weakens.,Hold baseline until stronger attention or conversion signals appear.,5
92,Germany,Turkey,tournament,knockout_takeover,aggressive,4.325,0.226,0.58,medium,3.976,4.674,Capture knockout-stage attention when the upside justifies higher variance.,Conditional: Capture knockout-stage attention when the upside justifies higher variance. Monitor fan sentiment and player availability.,1
93,Switzerland,Italy,tournament,conservative_efficiency,conservative,3.919,-0.002,0.166,low,3.743,4.095,"Protect downside, prioritize performance-based inventory, and keep spend flexible.",Hold baseline until stronger attention or conversion signals appear.,4
93,Switzerland,Italy,tournament,balanced_activation,balanced,3.963,0.042,0.266,low,3.749,4.177,Use a mixed media package and lean into proven fan attention signals.,Hold baseline until stronger attention or conversion signals appear.,3
93,Switzerland,Italy,tournament,aggressive_media_surge,aggressive,4.083,0.162,0.406,medium,3.803,4.363,"Buy premium moments when attention, stage value, and player availability support scale.","Conditional: Buy premium moments when attention, stage value, and player availability support scale. Monitor fan sentiment and player availability.",2
93,Switzerland,Italy,tournament,player_risk_defense,conservative,3.841,-0.08,0.346,low,3.603,4.079,Shift budget away from star-dependent creative if player availability weakens.,Hold baseline until stronger attention or conversion signals appear.,5
93,Switzerland,Italy,tournament,knockout_takeover,aggressive,4.147,0.226,0.446,medium,3.844,4.45,Capture knockout-stage attention when the upside justifies higher variance.,Recommended: Capture knockout-stage attention when the upside justifies higher variance.,1
94,England,Uruguay,tournament,conservative_efficiency,conservative,3.482,-0.002,0.263,low,3.273,3.691,"Protect downside, prioritize performance-based inventory, and keep spend flexible.",Hold baseline until stronger attention or conversion signals appear.,4
94,England,Uruguay,tournament,balanced_activation,balanced,3.526,0.042,0.363,low,3.279,3.773,Use a mixed media package and lean into proven fan attention signals.,Hold baseline until stronger attention or conversion signals appear.,3
94,England,Uruguay,tournament,aggressive_media_surge,aggressive,3.646,0.162,0.503,medium,3.333,3.959,"Buy premium moments when attention, stage value, and player availability support scale.","Conditional: Buy premium moments when attention, stage value, and player availability support scale. Monitor fan sentiment and player availability.",2
94,England,Uruguay,tournament,player_risk_defense,conservative,3.404,-0.08,0.443,medium,3.133,3.675,Shift budget away from star-dependent creative if player availability weakens.,Hold baseline until stronger attention or conversion signals appear.,5
94,England,Uruguay,tournament,knockout_takeover,aggressive,3.71,0.226,0.543,medium,3.374,4.046,Capture knockout-stage attention when the upside justifies higher variance.,Conditional: Capture knockout-stage attention when the upside justifies higher variance. Monitor fan sentiment and player availability.,1
95,Switzerland,Austria,tournament,conservative_efficiency,conservative,4.159,-0.002,0.187,low,3.975,4.343,"Protect downside, prioritize performance-based inventory, and keep spend flexible.",Hold baseline until stronger attention or conversion signals appear.,4
95,Switzerland,Austria,tournament,balanced_activation,balanced,4.203,0.042,0.287,low,3.982,4.424,Use a mixed media package and lean into proven fan attention signals.,Hold baseline until stronger attention or conversion signals appear.,3
95,Switzerland,Austria,tournament,aggressive_media_surge,aggressive,4.323,0.162,0.427,medium,4.035,4.611,"Buy premium moments when attention, stage value, and player availability support scale.","Conditional: Buy premium moments when attention, stage value, and player availability support scale. Monitor fan sentiment and player availability.",2
95,Switzerland,Austria,tournament,player_risk_defense,conservative,4.081,-0.08,0.367,low,3.836,4.326,Shift budget away from star-dependent creative if player availability weakens.,Hold baseline until stronger attention or conversion signals appear.,5
95,Switzerland,Austria,tournament,knockout_takeover,aggressive,4.387,0.226,0.467,medium,4.077,4.697,Capture knockout-stage attention when the upside justifies higher variance.,Recommended: Capture knockout-stage attention when the upside justifies higher variance.,1
96,Brazil,Hungary,tournament,conservative_efficiency,conservative,4.198,-0.002,0.204,low,4.009,4.387,"Protect downside, prioritize performance-based inventory, and keep spend flexible.",Hold baseline until stronger attention or conversion signals appear.,4
96,Brazil,Hungary,tournament,balanced_activation,balanced,4.242,0.042,0.304,low,4.015,4.469,Use a mixed media package and lean into proven fan attention signals.,Hold baseline until stronger attention or conversion signals appear.,3
96,Brazil,Hungary,tournament,aggressive_media_surge,aggressive,4.362,0.162,0.444,medium,4.069,4.655,"Buy premium moments when attention, stage value, and player availability support scale.","Conditional: Buy premium moments when attention, stage value, and player availability support scale. Monitor fan sentiment and player availability.",2
96,Brazil,Hungary,tournament,player_risk_defense,conservative,4.12,-0.08,0.384,medium,3.869,4.371,Shift budget away from star-dependent creative if player availability weakens.,Hold baseline until stronger attention or conversion signals appear.,5
96,Brazil,Hungary,tournament,knockout_takeover,aggressive,4.426,0.226,0.484,medium,4.11,4.742,Capture knockout-stage attention when the upside justifies higher variance.,Recommended: Capture knockout-stage attention when the upside justifies higher variance.,1
97,Germany,Yugoslavia,tournament,conservative_efficiency,conservative,3.919,-0.002,0.198,low,3.732,4.106,"Protect downside, prioritize performance-based inventory, and keep spend flexible.",Hold baseline until stronger attention or conversion signals appear.,4
97,Germany,Yugoslavia,tournament,balanced_activation,balanced,3.963,0.042,0.298,low,3.738,4.188,Use a mixed media package and lean into proven fan attention signals.,Hold baseline until stronger attention or conversion signals appear.,3
97,Germany,Yugoslavia,tournament,aggressive_media_surge,aggressive,4.083,0.162,0.438,medium,3.792,4.374,"Buy premium moments when attention, stage value, and player availability support scale.","Conditional: Buy premium moments when attention, stage value, and player availability support scale. Monitor fan sentiment and player availability.",2
97,Germany,Yugoslavia,tournament,player_risk_defense,conservative,3.841,-0.08,0.378,low,3.592,4.09,Shift budget away from star-dependent creative if player availability weakens.,Hold baseline until stronger attention or conversion signals appear.,5
97,Germany,Yugoslavia,tournament,knockout_takeover,aggressive,4.147,0.226,0.478,medium,3.833,4.461,Capture knockout-stage attention when the upside justifies higher variance.,Recommended: Capture knockout-stage attention when the upside justifies higher variance.,1
98,Austria,Germany,tournament,conservative_efficiency,conservative,3.271,-0.002,0.213,low,3.079,3.463,"Protect downside, prioritize performance-based inventory, and keep spend flexible.",Hold baseline until stronger attention or conversion signals appear.,4
98,Austria,Germany,tournament,balanced_activation,balanced,3.315,0.042,0.313,low,3.085,3.545,Use a mixed media package and lean into proven fan attention signals.,Hold baseline until stronger attention or conversion signals appear.,3
98,Austria,Germany,tournament,aggressive_media_surge,aggressive,3.435,0.162,0.453,medium,3.139,3.731,"Buy premium moments when attention, stage value, and player availability support scale.","Conditional: Buy premium moments when attention, stage value, and player availability support scale. Monitor fan sentiment and player availability.",2
98,Austria,Germany,tournament,player_risk_defense,conservative,3.193,-0.08,0.393,medium,2.939,3.447,Shift budget away from star-dependent creative if player availability weakens.,Hold baseline until stronger attention or conversion signals appear.,5
98,Austria,Germany,tournament,knockout_takeover,aggressive,3.499,0.226,0.493,medium,3.18,3.818,Capture knockout-stage attention when the upside justifies higher variance.,Recommended: Capture knockout-stage attention when the upside justifies higher variance.,1
99,Hungary,Uruguay,tournament,conservative_efficiency,conservative,3.861,-0.002,0.205,low,3.671,4.051,"Protect downside, prioritize performance-based inventory, and keep spend flexible.",Hold baseline until stronger attention or conversion signals appear.,4
99,Hungary,Uruguay,tournament,balanced_activation,balanced,3.905,0.042,0.305,low,3.678,4.132,Use a mixed media package and lean into proven fan attention signals.,Hold baseline until stronger attention or conversion signals appear.,3
99,Hungary,Uruguay,tournament,aggressive_media_surge,aggressive,4.025,0.162,0.445,medium,3.731,4.319,"Buy premium moments when attention, stage value, and player availability support scale.","Conditional: Buy premium moments when attention, stage value, and player availability support scale. Monitor fan sentiment and player availability.",2
99,Hungary,Uruguay,tournament,player_risk_defense,conservative,3.783,-0.08,0.385,medium,3.532,4.034,Shift budget away from star-dependent creative if player availability weakens.,Hold baseline until stronger attention or conversion signals appear.,5
99,Hungary,Uruguay,tournament,knockout_takeover,aggressive,4.089,0.226,0.485,medium,3.773,4.405,Capture knockout-stage attention when the upside justifies higher variance.,Recommended: Capture knockout-stage attention when the upside justifies higher variance.,1
100,Austria,Uruguay,tournament,conservative_efficiency,conservative,3.215,-0.002,0.174,low,3.036,3.394,"Protect downside, prioritize performance-based inventory, and keep spend flexible.",Hold baseline until stronger attention or conversion signals appear.,4
100,Austria,Uruguay,tournament,balanced_activation,balanced,3.259,0.042,0.274,low,3.042,3.476,Use a mixed media package and lean into proven fan attention signals.,Hold baseline until stronger attention or conversion signals appear.,3
100,Austria,Uruguay,tournament,aggressive_media_surge,aggressive,3.379,0.162,0.414,medium,3.096,3.662,"Buy premium moments when attention, stage value, and player availability support scale.","Conditional: Buy premium moments when attention, stage value, and player availability support scale. Monitor fan sentiment and player availability.",2
100,Austria,Uruguay,tournament,player_risk_defense,conservative,3.137,-0.08,0.354,low,2.897,3.377,Shift budget away from star-dependent creative if player availability weakens.,Hold baseline until stronger attention or conversion signals appear.,5
100,Austria,Uruguay,tournament,knockout_takeover,aggressive,3.443,0.226,0.454,medium,3.137,3.749,Capture knockout-stage attention when the upside justifies higher variance.,Recommended: Capture knockout-stage attention when the upside justifies higher variance.,1
101,Germany,Hungary,tournament,conservative_efficiency,conservative,3.934,-0.002,0.229,low,3.736,4.132,"Protect downside, prioritize performance-based inventory, and keep spend flexible.",Hold baseline until stronger attention or conversion signals appear.,4
101,Germany,Hungary,tournament,balanced_activation,balanced,3.978,0.042,0.329,low,3.743,4.213,Use a mixed media package and lean into proven fan attention signals.,Hold baseline until stronger attention or conversion signals appear.,3
101,Germany,Hungary,tournament,aggressive_media_surge,aggressive,4.098,0.162,0.469,medium,3.796,4.4,"Buy premium moments when attention, stage value, and player availability support scale.","Conditional: Buy premium moments when attention, stage value, and player availability support scale. Monitor fan sentiment and player availability.",2
101,Germany,Hungary,tournament,player_risk_defense,conservative,3.856,-0.08,0.409,medium,3.597,4.115,Shift budget away from star-dependent creative if player availability weakens.,Hold baseline until stronger attention or conversion signals appear.,5
101,Germany,Hungary,tournament,knockout_takeover,aggressive,4.162,0.226,0.509,medium,3.837,4.487,Capture knockout-stage attention when the upside justifies higher variance.,Conditional: Capture knockout-stage attention when the upside justifies higher variance. Monitor fan sentiment and player availability.,1
102,Argentina,Germany,tournament,conservative_efficiency,conservative,3.78,-0.002,0.207,low,3.59,3.97,"Protect downside, prioritize performance-based inventory, and keep spend flexible.",Hold baseline until stronger attention or conversion signals appear.,4
102,Argentina,Germany,tournament,balanced_activation,balanced,3.824,0.042,0.307,low,3.596,4.052,Use a mixed media package and lean into proven fan attention signals.,Hold baseline until stronger attention or conversion signals appear.,3
102,Argentina,Germany,tournament,aggressive_media_surge,aggressive,3.944,0.162,0.447,medium,3.65,4.238,"Buy premium moments when attention, stage value, and player availability support scale.","Conditional: Buy premium moments when attention, stage value, and player availability support scale. Monitor fan sentiment and player availability.",2
102,Argentina,Germany,tournament,player_risk_defense,conservative,3.702,-0.08,0.387,medium,3.45,3.954,Shift budget away from star-dependent creative if player availability weakens.,Hold baseline until stronger attention or conversion signals appear.,5
102,Argentina,Germany,tournament,knockout_takeover,aggressive,4.008,0.226,0.487,medium,3.691,4.325,Capture knockout-stage attention when the upside justifies higher variance.,Recommended: Capture knockout-stage attention when the upside justifies higher variance.,1
103,Austria,Brazil,tournament,conservative_efficiency,conservative,3.197,-0.002,0.22,low,3.002,3.392,"Protect downside, prioritize performance-based inventory, and keep spend flexible.",Hold baseline until stronger attention or conversion signals appear.,4
103,Austria,Brazil,tournament,balanced_activation,balanced,3.241,0.042,0.32,low,3.009,3.473,Use a mixed media package and lean into proven fan attention signals.,Hold baseline until stronger attention or conversion signals appear.,3
103,Austria,Brazil,tournament,aggressive_media_surge,aggressive,3.361,0.162,0.46,medium,3.062,3.66,"Buy premium moments when attention, stage value, and player availability support scale.","Conditional: Buy premium moments when attention, stage value, and player availability support scale. Monitor fan sentiment and player availability.",2
103,Austria,Brazil,tournament,player_risk_defense,conservative,3.119,-0.08,0.4,medium,2.863,3.375,Shift budget away from star-dependent creative if player availability weakens.,Hold baseline until stronger attention or conversion signals appear.,5
103,Austria,Brazil,tournament,knockout_takeover,aggressive,3.425,0.226,0.5,medium,3.103,3.746,Capture knockout-stage attention when the upside justifies higher variance.,Conditional: Capture knockout-stage attention when the upside justifies higher variance. Monitor fan sentiment and player availability.,1
104,Czechoslovakia,Northern Ireland,tournament,conservative_efficiency,conservative,3.355,-0.002,0.208,low,3.164,3.546,"Protect downside, prioritize performance-based inventory, and keep spend flexible.",Hold baseline until stronger attention or conversion signals appear.,4
104,Czechoslovakia,Northern Ireland,tournament,balanced_activation,balanced,3.399,0.042,0.308,low,3.171,3.627,Use a mixed media package and lean into proven fan attention signals.,Hold baseline until stronger attention or conversion signals appear.,3
104,Czechoslovakia,Northern Ireland,tournament,aggressive_media_surge,aggressive,3.519,0.162,0.448,medium,3.224,3.814,"Buy premium moments when attention, stage value, and player availability support scale.","Conditional: Buy premium moments when attention, stage value, and player availability support scale. Monitor fan sentiment and player availability.",2
104,Czechoslovakia,Northern Ireland,tournament,player_risk_defense,conservative,3.277,-0.08,0.388,medium,3.025,3.529,Shift budget away from star-dependent creative if player availability weakens.,Hold baseline until stronger attention or conversion signals appear.,5
104,Czechoslovakia,Northern Ireland,tournament,knockout_takeover,aggressive,3.583,0.226,0.488,medium,3.266,3.9,Capture knockout-stage attention when the upside justifies higher variance.,Recommended: Capture knockout-stage attention when the upside justifies higher variance.,1
105,England,Russia,tournament,conservative_efficiency,conservative,3.407,-0.002,0.3,low,3.185,3.629,"Protect downside, prioritize performance-based inventory, and keep spend flexible.",Hold baseline until stronger attention or conversion signals appear.,4
105,England,Russia,tournament,balanced_activation,balanced,3.451,0.042,0.4,medium,3.192,3.711,Use a mixed media package and lean into proven fan attention signals.,Hold baseline until stronger attention or conversion signals appear.,3
105,England,Russia,tournament,aggressive_media_surge,aggressive,3.571,0.162,0.54,medium,3.245,3.897,"Buy premium moments when attention, stage value, and player availability support scale.","Conditional: Buy premium moments when attention, stage value, and player availability support scale. Monitor fan sentiment and player availability.",2
105,England,Russia,tournament,player_risk_defense,conservative,3.329,-0.08,0.48,medium,3.046,3.612,Shift budget away from star-dependent creative if player availability weakens.,Hold baseline until stronger attention or conversion signals appear.,5
105,England,Russia,tournament,knockout_takeover,aggressive,3.635,0.226,0.58,medium,3.286,3.984,Capture knockout-stage attention when the upside justifies higher variance.,Conditional: Capture knockout-stage attention when the upside justifies higher variance. Monitor fan sentiment and player availability.,1
106,France,Paraguay,tournament,conservative_efficiency,conservative,3.672,-0.002,0.166,low,3.496,3.848,"Protect downside, prioritize performance-based inventory, and keep spend flexible.",Hold baseline until stronger attention or conversion signals appear.,4
106,France,Paraguay,tournament,balanced_activation,balanced,3.716,0.042,0.266,low,3.502,3.93,Use a mixed media package and lean into proven fan attention signals.,Hold baseline until stronger attention or conversion signals appear.,3
106,France,Paraguay,tournament,aggressive_media_surge,aggressive,3.836,0.162,0.406,medium,3.556,4.116,"Buy premium moments when attention, stage value, and player availability support scale.","Conditional: Buy premium moments when attention, stage value, and player availability support scale. Monitor fan sentiment and player availability.",2
106,France,Paraguay,tournament,player_risk_defense,conservative,3.594,-0.08,0.346,low,3.356,3.832,Shift budget away from star-dependent creative if player availability weakens.,Hold baseline until stronger attention or conversion signals appear.,5
106,France,Paraguay,tournament,knockout_takeover,aggressive,3.9,0.226,0.446,medium,3.597,4.203,Capture knockout-stage attention when the upside justifies higher variance.,Recommended: Capture knockout-stage attention when the upside justifies higher variance.,1
107,Hungary,Wales,tournament,conservative_efficiency,conservative,3.915,-0.002,0.211,low,3.723,4.107,"Protect downside, prioritize performance-based inventory, and keep spend flexible.",Hold baseline until stronger attention or conversion signals appear.,4
107,Hungary,Wales,tournament,balanced_activation,balanced,3.959,0.042,0.311,low,3.73,4.188,Use a mixed media package and lean into proven fan attention signals.,Hold baseline until stronger attention or conversion signals appear.,3
107,Hungary,Wales,tournament,aggressive_media_surge,aggressive,4.079,0.162,0.451,medium,3.783,4.375,"Buy premium moments when attention, stage value, and player availability support scale.","Conditional: Buy premium moments when attention, stage value, and player availability support scale. Monitor fan sentiment and player availability.",2
107,Hungary,Wales,tournament,player_risk_defense,conservative,3.837,-0.08,0.391,medium,3.584,4.09,Shift budget away from star-dependent creative if player availability weakens.,Hold baseline until stronger attention or conversion signals appear.,5
107,Hungary,Wales,tournament,knockout_takeover,aggressive,4.143,0.226,0.491,medium,3.825,4.461,Capture knockout-stage attention when the upside justifies higher variance.,Recommended: Capture knockout-stage attention when the upside justifies higher variance.,1
108,Scotland,Yugoslavia,tournament,conservative_efficiency,conservative,3.426,-0.002,0.234,low,3.226,3.626,"Protect downside, prioritize performance-based inventory, and keep spend flexible.",Hold baseline until stronger attention or conversion signals appear.,4
108,Scotland,Yugoslavia,tournament,balanced_activation,balanced,3.47,0.042,0.334,low,3.233,3.707,Use a mixed media package and lean into proven fan attention signals.,Hold baseline until stronger attention or conversion signals appear.,3
108,Scotland,Yugoslavia,tournament,aggressive_media_surge,aggressive,3.59,0.162,0.474,medium,3.286,3.894,"Buy premium moments when attention, stage value, and player availability support scale.","Conditional: Buy premium moments when attention, stage value, and player availability support scale. Monitor fan sentiment and player availability.",2
108,Scotland,Yugoslavia,tournament,player_risk_defense,conservative,3.348,-0.08,0.414,medium,3.087,3.609,Shift budget away from star-dependent creative if player availability weakens.,Hold baseline until stronger attention or conversion signals appear.,5
108,Scotland,Yugoslavia,tournament,knockout_takeover,aggressive,3.654,0.226,0.514,medium,3.328,3.98,Capture knockout-stage attention when the upside justifies higher variance.,Conditional: Capture knockout-stage attention when the upside justifies higher variance. Monitor fan sentiment and player availability.,1
109,Sweden,Mexico,tournament,conservative_efficiency,conservative,3.662,-0.002,0.218,low,3.468,3.856,"Protect downside, prioritize performance-based inventory, and keep spend flexible.",Hold baseline until stronger attention or conversion signals appear.,4
109,Sweden,Mexico,tournament,balanced_activation,balanced,3.706,0.042,0.318,low,3.474,3.938,Use a mixed media package and lean into proven fan attention signals.,Hold baseline until stronger attention or conversion signals appear.,3
109,Sweden,Mexico,tournament,aggressive_media_surge,aggressive,3.826,0.162,0.458,medium,3.528,4.124,"Buy premium moments when attention, stage value, and player availability support scale.","Conditional: Buy premium moments when attention, stage value, and player availability support scale. Monitor fan sentiment and player availability.",2
109,Sweden,Mexico,tournament,player_risk_defense,conservative,3.584,-0.08,0.398,medium,3.329,3.839,Shift budget away from star-dependent creative if player availability weakens.,Hold baseline until stronger attention or conversion signals appear.,5
109,Sweden,Mexico,tournament,knockout_takeover,aggressive,3.89,0.226,0.498,medium,3.569,4.211,Capture knockout-stage attention when the upside justifies higher variance.,Recommended: Capture knockout-stage attention when the upside justifies higher variance.,1
110,Argentina,Northern Ireland,tournament,conservative_efficiency,conservative,3.904,-0.002,0.286,low,3.687,4.121,"Protect downside, prioritize performance-based inventory, and keep spend flexible.",Hold baseline until stronger attention or conversion signals appear.,4
110,Argentina,Northern Ireland,tournament,balanced_activation,balanced,3.948,0.042,0.386,medium,3.693,4.203,Use a mixed media package and lean into proven fan attention signals.,Hold baseline until stronger attention or conversion signals appear.,3
110,Argentina,Northern Ireland,tournament,aggressive_media_surge,aggressive,4.068,0.162,0.526,medium,3.747,4.389,"Buy premium moments when attention, stage value, and player availability support scale.","Conditional: Buy premium moments when attention, stage value, and player availability support scale. Monitor fan sentiment and player availability.",2
110,Argentina,Northern Ireland,tournament,player_risk_defense,conservative,3.826,-0.08,0.466,medium,3.548,4.104,Shift budget away from star-dependent creative if player availability weakens.,Hold baseline until stronger attention or conversion signals appear.,5
110,Argentina,Northern Ireland,tournament,knockout_takeover,aggressive,4.132,0.226,0.566,medium,3.788,4.476,Capture knockout-stage attention when the upside justifies higher variance.,Conditional: Capture knockout-stage attention when the upside justifies higher variance. Monitor fan sentiment and player availability.,1
111,Austria,Russia,tournament,conservative_efficiency,conservative,3.247,-0.002,0.18,low,3.066,3.428,"Protect downside, prioritize performance-based inventory, and keep spend flexible.",Hold baseline until stronger attention or conversion signals appear.,4
111,Austria,Russia,tournament,balanced_activation,balanced,3.291,0.042,0.28,low,3.072,3.51,Use a mixed media package and lean into proven fan attention signals.,Hold baseline until stronger attention or conversion signals appear.,3
111,Austria,Russia,tournament,aggressive_media_surge,aggressive,3.411,0.162,0.42,medium,3.126,3.696,"Buy premium moments when attention, stage value, and player availability support scale.","Conditional: Buy premium moments when attention, stage value, and player availability support scale. Monitor fan sentiment and player availability.",2
111,Austria,Russia,tournament,player_risk_defense,conservative,3.169,-0.08,0.36,low,2.927,3.411,Shift budget away from star-dependent creative if player availability weakens.,Hold baseline until stronger attention or conversion signals appear.,5
111,Austria,Russia,tournament,knockout_takeover,aggressive,3.475,0.226,0.46,medium,3.167,3.783,Capture knockout-stage attention when the upside justifies higher variance.,Recommended: Capture knockout-stage attention when the upside justifies higher variance.,1
112,Brazil,England,tournament,conservative_efficiency,conservative,4.026,-0.002,0.217,low,3.832,4.22,"Protect downside, prioritize performance-based inventory, and keep spend flexible.",Hold baseline until stronger attention or conversion signals appear.,4
112,Brazil,England,tournament,balanced_activation,balanced,4.07,0.042,0.317,low,3.839,4.301,Use a mixed media package and lean into proven fan attention signals.,Hold baseline until stronger attention or conversion signals appear.,3
112,Brazil,England,tournament,aggressive_media_surge,aggressive,4.19,0.162,0.457,medium,3.892,4.488,"Buy premium moments when attention, stage value, and player availability support scale.","Conditional: Buy premium moments when attention, stage value, and player availability support scale. Monitor fan sentiment and player availability.",2
112,Brazil,England,tournament,player_risk_defense,conservative,3.948,-0.08,0.397,medium,3.693,4.203,Shift budget away from star-dependent creative if player availability weakens.,Hold baseline until stronger attention or conversion signals appear.,5
112,Brazil,England,tournament,knockout_takeover,aggressive,4.254,0.226,0.497,medium,3.934,4.574,Capture knockout-stage attention when the upside justifies higher variance.,Recommended: Capture knockout-stage attention when the upside justifies higher variance.,1
113,Czechoslovakia,Germany,tournament,conservative_efficiency,conservative,3.331,-0.002,0.256,low,3.124,3.538,"Protect downside, prioritize performance-based inventory, and keep spend flexible.",Hold baseline until stronger attention or conversion signals appear.,4
113,Czechoslovakia,Germany,tournament,balanced_activation,balanced,3.375,0.042,0.356,low,3.13,3.62,Use a mixed media package and lean into proven fan attention signals.,Hold baseline until stronger attention or conversion signals appear.,3
113,Czechoslovakia,Germany,tournament,aggressive_media_surge,aggressive,3.495,0.162,0.496,medium,3.184,3.806,"Buy premium moments when attention, stage value, and player availability support scale.","Conditional: Buy premium moments when attention, stage value, and player availability support scale. Monitor fan sentiment and player availability.",2
113,Czechoslovakia,Germany,tournament,player_risk_defense,conservative,3.253,-0.08,0.436,medium,2.985,3.521,Shift budget away from star-dependent creative if player availability weakens.,Hold baseline until stronger attention or conversion signals appear.,5
113,Czechoslovakia,Germany,tournament,knockout_takeover,aggressive,3.559,0.226,0.536,medium,3.225,3.893,Capture knockout-stage attention when the upside justifies higher variance.,Conditional: Capture knockout-stage attention when the upside justifies higher variance. Monitor fan sentiment and player availability.,1
114,France,Yugoslavia,tournament,conservative_efficiency,conservative,3.551,-0.002,0.29,low,3.332,3.77,"Protect downside, prioritize performance-based inventory, and keep spend flexible.",Hold baseline until stronger attention or conversion signals appear.,4
114,France,Yugoslavia,tournament,balanced_activation,balanced,3.595,0.042,0.39,medium,3.339,3.851,Use a mixed media package and lean into proven fan attention signals.,Hold baseline until stronger attention or conversion signals appear.,3
114,France,Yugoslavia,tournament,aggressive_media_surge,aggressive,3.715,0.162,0.53,medium,3.392,4.038,"Buy premium moments when attention, stage value, and player availability support scale.","Conditional: Buy premium moments when attention, stage value, and player availability support scale. Monitor fan sentiment and player availability.",2
114,France,Yugoslavia,tournament,player_risk_defense,conservative,3.473,-0.08,0.47,medium,3.193,3.753,Shift budget away from star-dependent creative if player availability weakens.,Hold baseline until stronger attention or conversion signals appear.,5
114,France,Yugoslavia,tournament,knockout_takeover,aggressive,3.779,0.226,0.57,medium,3.434,4.124,Capture knockout-stage attention when the upside justifies higher variance.,Conditional: Capture knockout-stage attention when the upside justifies higher variance. Monitor fan sentiment and player availability.,1
115,Mexico,Wales,tournament,conservative_efficiency,conservative,3.619,-0.002,0.286,low,3.402,3.836,"Protect downside, prioritize performance-based inventory, and keep spend flexible.",Hold baseline until stronger attention or conversion signals appear.,4
115,Mexico,Wales,tournament,balanced_activation,balanced,3.663,0.042,0.386,medium,3.408,3.918,Use a mixed media package and lean into proven fan attention signals.,Hold baseline until stronger attention or conversion signals appear.,3
115,Mexico,Wales,tournament,aggressive_media_surge,aggressive,3.783,0.162,0.526,medium,3.462,4.104,"Buy premium moments when attention, stage value, and player availability support scale.","Conditional: Buy premium moments when attention, stage value, and player availability support scale. Monitor fan sentiment and player availability.",2
115,Mexico,Wales,tournament,player_risk_defense,conservative,3.541,-0.08,0.466,medium,3.263,3.819,Shift budget away from star-dependent creative if player availability weakens.,Hold baseline until stronger attention or conversion signals appear.,5
115,Mexico,Wales,tournament,knockout_takeover,aggressive,3.847,0.226,0.566,medium,3.503,4.191,Capture knockout-stage attention when the upside justifies higher variance.,Conditional: Capture knockout-stage attention when the upside justifies higher variance. Monitor fan sentiment and player availability.,1
116,Paraguay,Scotland,tournament,conservative_efficiency,conservative,3.641,-0.002,0.236,low,3.441,3.841,"Protect downside, prioritize performance-based inventory, and keep spend flexible.",Hold baseline until stronger attention or conversion signals appear.,4
116,Paraguay,Scotland,tournament,balanced_activation,balanced,3.685,0.042,0.336,low,3.447,3.923,Use a mixed media package and lean into proven fan attention signals.,Hold baseline until stronger attention or conversion signals appear.,3
116,Paraguay,Scotland,tournament,aggressive_media_surge,aggressive,3.805,0.162,0.476,medium,3.501,4.109,"Buy premium moments when attention, stage value, and player availability support scale.","Conditional: Buy premium moments when attention, stage value, and player availability support scale. Monitor fan sentiment and player availability.",2
116,Paraguay,Scotland,tournament,player_risk_defense,conservative,3.563,-0.08,0.416,medium,3.302,3.824,Shift budget away from star-dependent creative if player availability weakens.,Hold baseline until stronger attention or conversion signals appear.,5
116,Paraguay,Scotland,tournament,knockout_takeover,aggressive,3.869,0.226,0.516,medium,3.542,4.196,Capture knockout-stage attention when the upside justifies higher variance.,Conditional: Capture knockout-stage attention when the upside justifies higher variance. Monitor fan sentiment and player availability.,1
117,Sweden,Hungary,tournament,conservative_efficiency,conservative,3.71,-0.002,0.213,low,3.518,3.902,"Protect downside, prioritize performance-based inventory, and keep spend flexible.",Hold baseline until stronger attention or conversion signals appear.,4
117,Sweden,Hungary,tournament,balanced_activation,balanced,3.754,0.042,0.313,low,3.524,3.984,Use a mixed media package and lean into proven fan attention signals.,Hold baseline until stronger attention or conversion signals appear.,3
117,Sweden,Hungary,tournament,aggressive_media_surge,aggressive,3.874,0.162,0.453,medium,3.578,4.17,"Buy premium moments when attention, stage value, and player availability support scale.","Conditional: Buy premium moments when attention, stage value, and player availability support scale. Monitor fan sentiment and player availability.",2
117,Sweden,Hungary,tournament,player_risk_defense,conservative,3.632,-0.08,0.393,medium,3.378,3.886,Shift budget away from star-dependent creative if player availability weakens.,Hold baseline until stronger attention or conversion signals appear.,5
117,Sweden,Hungary,tournament,knockout_takeover,aggressive,3.938,0.226,0.493,medium,3.619,4.257,Capture knockout-stage attention when the upside justifies higher variance.,Recommended: Capture knockout-stage attention when the upside justifies higher variance.,1
118,Argentina,Czechoslovakia,tournament,conservative_efficiency,conservative,3.84,-0.002,0.235,low,3.64,4.04,"Protect downside, prioritize performance-based inventory, and keep spend flexible.",Hold baseline until stronger attention or conversion signals appear.,4
118,Argentina,Czechoslovakia,tournament,balanced_activation,balanced,3.884,0.042,0.335,low,3.647,4.121,Use a mixed media package and lean into proven fan attention signals.,Hold baseline until stronger attention or conversion signals appear.,3
118,Argentina,Czechoslovakia,tournament,aggressive_media_surge,aggressive,4.004,0.162,0.475,medium,3.7,4.308,"Buy premium moments when attention, stage value, and player availability support scale.","Conditional: Buy premium moments when attention, stage value, and player availability support scale. Monitor fan sentiment and player availability.",2
118,Argentina,Czechoslovakia,tournament,player_risk_defense,conservative,3.762,-0.08,0.415,medium,3.501,4.023,Shift budget away from star-dependent creative if player availability weakens.,Hold baseline until stronger attention or conversion signals appear.,5
118,Argentina,Czechoslovakia,tournament,knockout_takeover,aggressive,4.068,0.226,0.515,medium,3.741,4.395,Capture knockout-stage attention when the upside justifies higher variance.,Conditional: Capture knockout-stage attention when the upside justifies higher variance. Monitor fan sentiment and player availability.,1
119,Austria,England,tournament,conservative_efficiency,conservative,3.308,-0.002,0.256,low,3.101,3.515,"Protect downside, prioritize performance-based inventory, and keep spend flexible.",Hold baseline until stronger attention or conversion signals appear.,4
119,Austria,England,tournament,balanced_activation,balanced,3.352,0.042,0.356,low,3.107,3.597,Use a mixed media package and lean into proven fan attention signals.,Hold baseline until stronger attention or conversion signals appear.,3
119,Austria,England,tournament,aggressive_media_surge,aggressive,3.472,0.162,0.496,medium,3.161,3.783,"Buy premium moments when attention, stage value, and player availability support scale.","Conditional: Buy premium moments when attention, stage value, and player availability support scale. Monitor fan sentiment and player availability.",2
119,Austria,England,tournament,player_risk_defense,conservative,3.23,-0.08,0.436,medium,2.962,3.498,Shift budget away from star-dependent creative if player availability weakens.,Hold baseline until stronger attention or conversion signals appear.,5
119,Austria,England,tournament,knockout_takeover,aggressive,3.536,0.226,0.536,medium,3.202,3.87,Capture knockout-stage attention when the upside justifies higher variance.,Conditional: Capture knockout-stage attention when the upside justifies higher variance. Monitor fan sentiment and player availability.,1
120,Brazil,Russia,tournament,conservative_efficiency,conservative,4.077,-0.002,0.207,low,3.887,4.267,"Protect downside, prioritize performance-based inventory, and keep spend flexible.",Hold baseline until stronger attention or conversion signals appear.,4
120,Brazil,Russia,tournament,balanced_activation,balanced,4.121,0.042,0.307,low,3.893,4.349,Use a mixed media package and lean into proven fan attention signals.,Hold baseline until stronger attention or conversion signals appear.,3
120,Brazil,Russia,tournament,aggressive_media_surge,aggressive,4.241,0.162,0.447,medium,3.947,4.535,"Buy premium moments when attention, stage value, and player availability support scale.","Conditional: Buy premium moments when attention, stage value, and player availability support scale. Monitor fan sentiment and player availability.",2
120,Brazil,Russia,tournament,player_risk_defense,conservative,3.999,-0.08,0.387,medium,3.747,4.251,Shift budget away from star-dependent creative if player availability weakens.,Hold baseline until stronger attention or conversion signals appear.,5
120,Brazil,Russia,tournament,knockout_takeover,aggressive,4.305,0.226,0.487,medium,3.988,4.622,Capture knockout-stage attention when the upside justifies higher variance.,Recommended: Capture knockout-stage attention when the upside justifies higher variance.,1
