match_id,year,team_a,team_b,event_attention_m,media_reposts_k,stage,hashtag_mentions_k,video_views_m,sentiment_score,engagement_rate,fan_growth_7d_pct,news_sentiment_score,narrative_topic,text_signal_score,time_decay_attention
1,1930,Belgium,United States,31.6,55.85,tournament,104.07,28.62,0.332,0.3287,3.9,0.194,real_news_reference,0.27,29.57
2,1930,France,Mexico,36.0,75.76,tournament,107.34,78.94,0.259,0.148,3.26,0.256,real_news_reference,0.247,32.29
3,1930,Brazil,Yugoslavia,31.6,101.5,tournament,54.9,61.89,0.08,0.1676,3.6,0.215,real_news_reference,0.15,30.77
4,1930,Peru,Romania,33.8,153.92,tournament,64.36,51.8,0.101,0.2397,2.12,0.23,real_news_reference,0.173,26.4
5,1930,Argentina,France,27.2,84.9,tournament,81.67,48.54,0.02,0.2333,4.26,0.038,real_news_reference,0.049,24.94
6,1930,Chile,Mexico,31.6,105.72,tournament,155.37,48.02,0.219,0.1655,5.02,0.129,real_news_reference,0.173,30.1
7,1930,Bolivia,Yugoslavia,33.8,97.06,tournament,85.27,63.14,0.123,0.1239,4.89,0.186,real_news_reference,0.151,36.14
8,1930,Paraguay,United States,31.6,67.75,tournament,117.81,33.96,-0.049,0.3547,3.7,0.218,real_news_reference,0.112,32.62
9,1930,Uruguay,Peru,27.2,67.76,tournament,72.47,40.26,0.158,0.4187,4.77,0.288,real_news_reference,0.243,29.54
10,1930,Argentina,Mexico,44.8,91.18,tournament,136.46,59.86,0.192,0.2912,4.63,0.234,real_news_reference,0.221,41.01
11,1930,Chile,France,27.2,54.34,tournament,110.71,40.73,0.244,0.3365,8.42,0.22,real_news_reference,0.242,22.6
12,1930,Belgium,Paraguay,27.2,86.98,tournament,74.94,40.41,0.141,0.1051,5.36,0.359,real_news_reference,0.236,25.14
13,1930,Bolivia,Brazil,33.8,70.53,tournament,85.45,36.71,0.111,0.3269,2.61,0.156,real_news_reference,0.153,38.08
14,1930,Uruguay,Romania,33.8,105.63,tournament,144.75,73.33,0.347,0.394,0.89,0.125,real_news_reference,0.252,28.97
15,1930,Argentina,Chile,33.8,67.08,tournament,102.7,31.1,0.149,0.2882,2.25,0.162,real_news_reference,0.169,28.49
16,1930,Argentina,United States,40.4,125.44,tournament,159.43,36.89,0.22,0.2404,2.1,0.075,real_news_reference,0.157,45.25
17,1930,Uruguay,Yugoslavia,40.4,100.69,tournament,102.26,55.97,0.094,0.3395,3.87,0.154,real_news_reference,0.146,45.33
18,1930,Uruguay,Argentina,38.2,161.85,tournament,163.12,65.19,0.217,0.2961,1.33,0.01,real_news_reference,0.132,31.85
19,1934,Argentina,Sweden,37.46,117.2,tournament,120.5,42.46,0.003,0.4227,5.3,0.106,real_news_reference,0.091,39.6
20,1934,Austria,France,37.46,151.3,tournament,125.46,59.68,0.102,0.2861,-0.12,0.139,real_news_reference,0.137,35.01
21,1934,Belgium,Germany,41.86,96.81,tournament,129.96,77.01,0.027,0.1603,-0.63,0.224,real_news_reference,0.129,40.07
22,1934,Brazil,Spain,35.26,102.36,tournament,93.35,36.05,0.088,0.2586,2.52,0.237,real_news_reference,0.172,33.83
23,1934,Czechoslovakia,Romania,33.06,71.78,tournament,99.28,72.06,0.273,0.1463,1.03,0.071,real_news_reference,0.169,37.31
24,1934,Egypt,Hungary,39.66,100.94,tournament,106.67,53.05,0.087,0.1575,0.16,0.314,real_news_reference,0.196,33.57
25,1934,Italy,United States,44.06,117.0,tournament,168.25,76.45,0.22,0.3068,1.46,0.16,real_news_reference,0.202,46.63
26,1934,Netherlands,Switzerland,37.46,87.36,tournament,106.97,39.11,0.3,0.3709,1.2,0.167,real_news_reference,0.247,29.3
27,1934,Austria,Hungary,33.06,67.22,tournament,68.32,60.25,0.145,0.108,2.82,0.019,real_news_reference,0.085,33.27
28,1934,Czechoslovakia,Switzerland,37.46,72.06,tournament,73.95,74.64,0.247,0.2287,1.5,0.099,real_news_reference,0.179,38.02
29,1934,Germany,Sweden,33.06,49.07,tournament,64.5,34.28,0.201,0.2969,1.67,0.232,real_news_reference,0.225,34.76
30,1934,Italy,Spain,30.86,65.61,tournament,108.2,32.82,0.16,0.1805,2.79,0.162,real_news_reference,0.163,34.36
31,1934,Italy,Spain,28.66,97.63,tournament,64.56,36.27,0.223,0.2213,4.93,0.157,real_news_reference,0.193,30.13
32,1934,Czechoslovakia,Germany,35.26,64.4,tournament,114.18,32.28,0.332,0.2685,5.89,0.166,real_news_reference,0.251,36.8
33,1934,Italy,Austria,28.66,55.84,tournament,89.09,62.53,0.084,0.2503,3.11,0.033,real_news_reference,0.078,24.97
34,1934,Austria,Germany,37.46,176.75,tournament,110.73,62.85,0.052,0.1463,3.27,0.14,real_news_reference,0.101,42.61
35,1934,Italy,Czechoslovakia,33.06,79.05,tournament,110.82,55.87,0.046,0.1845,2.42,0.261,real_news_reference,0.157,31.36
36,1938,Germany,Switzerland,32.32,101.05,tournament,101.01,69.38,0.248,0.3275,3.81,0.235,real_news_reference,0.25,30.07
37,1938,Brazil,Poland,52.12,178.29,tournament,79.53,103.28,0.261,0.089,3.62,0.138,real_news_reference,0.188,50.07
38,1938,Cuba,Romania,41.12,141.46,tournament,113.93,80.53,0.094,0.2009,5.58,0.273,real_news_reference,0.185,37.91
39,1938,Czechoslovakia,Netherlands,34.52,64.41,tournament,115.33,46.3,-0.065,0.0952,-1.17,0.047,real_news_reference,0.001,34.3
40,1938,France,Belgium,36.72,98.36,tournament,166.23,49.03,0.081,0.212,2.31,0.07,real_news_reference,0.089,33.26
41,1938,Hungary,Indonesia,41.12,74.69,tournament,188.31,52.6,0.203,0.1712,3.51,0.297,real_news_reference,0.242,35.63
42,1938,Italy,Norway,34.52,195.69,tournament,73.76,46.63,0.141,0.2247,2.74,0.194,real_news_reference,0.173,38.46
43,1938,Cuba,Romania,34.52,63.12,tournament,95.02,47.65,0.166,0.4543,0.83,0.125,real_news_reference,0.176,38.46
44,1938,Germany,Switzerland,41.12,87.63,tournament,83.51,44.49,0.096,0.3156,0.07,0.144,real_news_reference,0.14,39.42
45,1938,Brazil,Czechoslovakia,32.32,69.01,tournament,141.98,44.04,0.25,0.1582,4.49,0.084,real_news_reference,0.166,36.4
46,1938,Cuba,Sweden,45.52,85.55,tournament,176.16,67.4,0.182,0.1303,1.21,0.17,real_news_reference,0.171,42.32
47,1938,France,Italy,36.72,153.25,tournament,120.42,47.82,0.207,0.3357,-0.89,0.164,real_news_reference,0.201,33.76
48,1938,Hungary,Switzerland,32.32,181.99,tournament,101.21,36.04,0.164,0.2458,4.6,0.15,real_news_reference,0.166,35.88
49,1938,Brazil,Czechoslovakia,34.52,86.34,tournament,146.45,47.83,0.201,0.3014,3.76,0.055,real_news_reference,0.145,34.79
50,1938,Brazil,Italy,34.52,68.16,tournament,140.38,52.65,0.194,0.1211,2.56,0.169,real_news_reference,0.175,36.4
51,1938,Hungary,Sweden,41.12,62.81,tournament,165.01,75.54,0.055,0.1349,0.88,0.106,real_news_reference,0.086,38.18
52,1938,Brazil,Sweden,41.12,109.74,tournament,138.47,75.03,0.185,0.1356,2.56,0.069,real_news_reference,0.128,38.1
53,1938,Hungary,Italy,41.12,107.55,tournament,113.2,47.84,0.227,0.4139,5.35,0.249,real_news_reference,0.256,33.31
54,1950,Brazil,Mexico,41.09,97.85,tournament,149.54,38.94,0.264,0.1428,-0.59,0.322,real_news_reference,0.278,46.35
55,1950,Chile,England,36.69,111.55,tournament,135.17,47.51,0.19,0.3583,-0.48,0.304,real_news_reference,0.258,31.63
56,1950,Italy,Sweden,43.29,138.18,tournament,124.0,47.8,0.052,0.2232,1.48,0.2,real_news_reference,0.136,41.47
57,1950,Spain,United States,41.09,128.54,tournament,113.06,58.12,0.067,0.3205,2.74,0.127,real_news_reference,0.119,33.75
58,1950,Switzerland,Yugoslavia,38.89,101.72,tournament,155.1,84.51,0.105,0.2029,1.76,0.142,real_news_reference,0.131,39.39
59,1950,Brazil,Switzerland,41.09,86.26,tournament,187.13,46.65,0.167,0.4294,4.15,0.181,real_news_reference,0.2,37.83
60,1950,Mexico,Yugoslavia,43.29,149.06,tournament,107.83,56.91,0.136,0.2191,5.09,0.114,real_news_reference,0.134,45.73
61,1950,Chile,Spain,36.69,105.22,tournament,103.2,67.61,0.036,0.2744,3.39,0.254,real_news_reference,0.158,35.6
62,1950,England,United States,34.49,126.39,tournament,113.11,53.87,0.035,0.2554,3.98,-0.015,real_news_reference,0.035,28.51
63,1950,Paraguay,Sweden,41.09,146.49,tournament,139.41,39.33,-0.062,0.1626,3.37,0.124,real_news_reference,0.044,32.21
64,1950,Brazil,Yugoslavia,36.69,70.42,tournament,96.73,40.73,-0.164,0.1861,2.82,0.212,real_news_reference,0.04,31.42
65,1950,Bolivia,Uruguay,49.89,95.42,tournament,240.01,105.56,0.135,0.2801,0.08,0.081,real_news_reference,0.125,51.92
66,1950,Chile,United States,47.69,110.3,tournament,159.21,49.32,0.38,0.4633,0.64,0.129,real_news_reference,0.275,51.42
67,1950,England,Spain,34.49,73.33,tournament,118.33,59.52,0.328,0.2198,-0.04,0.196,real_news_reference,0.258,31.14
68,1950,Italy,Paraguay,36.69,129.54,tournament,171.1,70.81,0.05,0.1907,2.49,0.27,real_news_reference,0.163,35.7
69,1950,Mexico,Switzerland,38.89,122.62,tournament,104.43,48.42,0.163,0.2843,3.29,0.045,real_news_reference,0.122,33.69
70,1950,Brazil,Sweden,49.89,193.95,tournament,146.6,91.93,0.002,0.1681,-0.24,0.039,real_news_reference,0.035,54.73
71,1950,Spain,Uruguay,41.09,131.21,tournament,90.24,46.06,0.017,0.2724,2.95,0.072,real_news_reference,0.067,46.33
72,1950,Brazil,Spain,47.69,144.48,tournament,137.23,60.57,0.028,0.2476,0.96,0.025,real_news_reference,0.049,50.12
73,1950,Sweden,Uruguay,43.29,173.1,tournament,89.63,56.51,0.126,0.3383,0.55,0.031,real_news_reference,0.104,35.15
74,1950,Brazil,Uruguay,38.89,126.76,tournament,140.85,85.38,0.13,0.1724,1.49,0.07,real_news_reference,0.107,36.45
75,1950,Spain,Sweden,41.09,119.68,tournament,137.11,48.44,0.173,0.2197,0.45,0.247,real_news_reference,0.211,46.7
76,1954,Austria,Scotland,35.95,155.5,tournament,100.77,38.39,0.214,0.4117,4.07,0.123,real_news_reference,0.193,31.01
77,1954,Brazil,Mexico,44.75,132.07,tournament,131.1,94.13,0.114,0.4296,2.45,0.151,real_news_reference,0.162,45.71
78,1954,Czechoslovakia,Uruguay,38.15,100.11,tournament,138.64,42.37,0.152,0.1524,4.51,0.072,real_news_reference,0.116,42.65
79,1954,France,Yugoslavia,35.95,81.25,tournament,81.3,73.45,0.039,0.2819,1.87,0.199,real_news_reference,0.135,38.05
80,1954,Belgium,England,51.35,178.66,tournament,162.34,89.64,0.014,0.5463,1.95,0.298,real_news_reference,0.195,51.31
81,1954,Germany,Turkey,44.75,180.81,tournament,160.13,73.83,-0.002,0.4165,6.73,0.077,real_news_reference,0.075,43.07
82,1954,Hungary,South Korea,53.55,150.87,tournament,103.03,100.5,0.213,0.298,-0.61,0.286,real_news_reference,0.254,59.67
83,1954,Switzerland,Italy,40.35,166.3,tournament,143.86,74.4,0.114,0.238,5.5,0.177,real_news_reference,0.155,37.21
84,1954,Austria,Czechoslovakia,44.75,73.66,tournament,88.46,46.7,-0.039,0.2512,6.27,0.149,real_news_reference,0.075,49.42
85,1954,Brazil,Yugoslavia,38.15,107.34,tournament,111.29,83.9,0.142,0.0777,4.41,0.18,real_news_reference,0.153,35.68
86,1954,France,Mexico,44.75,126.45,tournament,100.51,95.07,0.023,0.1467,2.11,0.179,real_news_reference,0.106,47.09
87,1954,Scotland,Uruguay,49.15,114.59,tournament,211.18,101.52,0.314,0.3356,5.8,0.297,real_news_reference,0.309,54.54
88,1954,Belgium,Italy,44.75,249.28,tournament,100.67,76.48,0.09,0.1902,2.12,0.19,real_news_reference,0.145,43.78
89,1954,Germany,Hungary,57.95,162.56,tournament,115.24,91.54,0.216,0.2068,1.32,0.191,real_news_reference,0.204,51.67
90,1954,South Korea,Turkey,49.15,125.3,tournament,152.66,78.5,0.257,0.1705,1.98,0.114,real_news_reference,0.184,39.24
91,1954,Switzerland,England,38.15,109.81,tournament,103.35,35.08,0.053,0.129,1.6,0.215,real_news_reference,0.134,40.87
92,1954,Germany,Turkey,53.55,87.34,tournament,110.44,82.97,0.156,0.1402,0.81,0.072,real_news_reference,0.117,53.76
93,1954,Switzerland,Italy,44.75,103.37,tournament,153.32,76.56,0.203,0.2522,5.13,0.157,real_news_reference,0.187,39.14
94,1954,England,Uruguay,46.95,176.69,tournament,85.73,82.46,0.16,0.2791,1.18,0.379,real_news_reference,0.27,51.45
95,1954,Switzerland,Austria,60.15,144.13,tournament,139.46,80.11,0.184,0.1306,2.74,-0.052,real_news_reference,0.072,66.85
96,1954,Brazil,Hungary,46.95,106.38,tournament,122.15,71.02,0.015,0.189,-0.23,0.167,real_news_reference,0.101,51.62
97,1954,Germany,Yugoslavia,38.15,157.31,tournament,140.06,65.89,0.204,0.1883,2.86,0.17,real_news_reference,0.187,38.02
98,1954,Austria,Germany,49.15,204.41,tournament,204.13,71.6,0.1,0.1621,0.37,0.13,real_news_reference,0.12,55.62
99,1954,Hungary,Uruguay,46.95,155.06,tournament,185.82,100.98,0.183,0.2216,0.32,0.132,real_news_reference,0.164,51.41
100,1954,Austria,Uruguay,42.55,107.04,tournament,123.02,77.32,0.24,0.3398,2.57,0.155,real_news_reference,0.212,34.79
101,1954,Germany,Hungary,44.75,119.59,tournament,73.28,40.35,0.215,0.2713,5.02,0.128,real_news_reference,0.181,50.71
102,1958,Argentina,Germany,44.01,100.41,tournament,145.78,40.94,0.183,0.2099,3.72,0.166,real_news_reference,0.178,43.02
103,1958,Austria,Brazil,41.81,90.43,tournament,181.41,75.15,0.212,0.2467,3.87,0.109,real_news_reference,0.169,46.46
104,1958,Czechoslovakia,Northern Ireland,37.41,79.8,tournament,152.99,53.74,0.217,0.3757,2.53,0.31,real_news_reference,0.275,39.42
105,1958,England,Russia,44.01,105.78,tournament,148.44,87.64,0.298,0.2539,2.1,0.128,real_news_reference,0.217,44.59
106,1958,France,Paraguay,57.21,122.36,tournament,127.66,64.36,0.145,0.2775,4.46,0.194,real_news_reference,0.18,51.35
107,1958,Hungary,Wales,39.61,73.06,tournament,104.35,36.36,0.165,0.184,1.62,0.095,real_news_reference,0.135,31.28
108,1958,Scotland,Yugoslavia,39.61,120.36,tournament,192.97,55.63,0.241,0.1189,4.55,0.223,real_news_reference,0.221,34.84
109,1958,Sweden,Mexico,41.81,127.59,tournament,88.14,77.64,0.099,0.0673,5.4,0.207,real_news_reference,0.144,42.93
110,1958,Argentina,Northern Ireland,44.01,202.48,tournament,99.23,95.2,0.015,0.1835,1.03,0.182,real_news_reference,0.107,48.0
111,1958,Austria,Russia,39.61,93.87,tournament,150.61,81.15,0.197,0.2429,1.34,0.066,real_news_reference,0.143,30.93
112,1958,Brazil,England,35.21,109.32,tournament,94.97,53.85,0.128,0.237,1.65,0.088,real_news_reference,0.121,30.1
113,1958,Czechoslovakia,Germany,44.01,137.27,tournament,98.39,86.11,0.027,0.1073,-0.28,0.283,real_news_reference,0.15,44.99
114,1958,France,Yugoslavia,46.21,122.99,tournament,203.4,45.81,0.198,0.1452,1.81,0.087,real_news_reference,0.143,40.76
115,1958,Mexico,Wales,39.61,139.42,tournament,133.53,65.12,0.291,0.291,5.53,0.199,real_news_reference,0.25,32.92
116,1958,Paraguay,Scotland,46.21,164.06,tournament,126.18,97.11,-0.015,0.2267,0.6,0.073,real_news_reference,0.049,37.41
117,1958,Sweden,Hungary,41.81,130.95,tournament,94.32,59.17,0.25,0.2896,5.58,0.229,real_news_reference,0.245,42.21
118,1958,Argentina,Czechoslovakia,50.61,134.64,tournament,253.66,108.72,-0.106,0.5211,1.89,0.093,real_news_reference,0.046,50.31
119,1958,Austria,England,44.01,113.78,tournament,131.41,52.24,0.108,0.2335,7.24,0.071,real_news_reference,0.104,47.93
120,1958,Brazil,Russia,39.61,77.18,tournament,168.75,41.09,0.332,0.1948,1.37,0.091,real_news_reference,0.21,35.39
121,1958,France,Scotland,41.81,95.34,tournament,157.05,66.15,0.115,0.2316,2.5,0.104,real_news_reference,0.122,34.67
122,1958,Germany,Northern Ireland,44.01,105.66,tournament,116.07,91.52,0.157,0.2388,0.89,0.18,real_news_reference,0.176,46.99
123,1958,Hungary,Mexico,44.01,91.81,tournament,116.3,57.42,0.224,0.2719,1.36,0.154,real_news_reference,0.197,49.98
124,1958,Paraguay,Yugoslavia,48.41,156.47,tournament,208.78,93.93,-0.024,0.2323,5.61,0.061,real_news_reference,0.04,44.04
125,1958,Sweden,Wales,35.21,140.67,tournament,152.47,39.43,0.155,0.4363,3.8,0.146,real_news_reference,0.179,38.43
126,1958,Czechoslovakia,Northern Ireland,41.81,92.65,tournament,78.56,78.15,0.155,0.2123,4.96,0.057,real_news_reference,0.117,44.09
127,1958,England,Russia,37.41,115.73,tournament,128.94,60.76,0.334,0.5098,0.04,0.2,real_news_reference,0.291,41.46
128,1958,Hungary,Wales,41.81,89.44,tournament,121.86,47.14,0.025,0.2391,4.18,0.214,real_news_reference,0.131,39.0
129,1958,Brazil,Wales,37.41,98.16,tournament,86.8,68.59,0.11,0.1477,0.76,0.146,real_news_reference,0.13,30.54
130,1958,France,Northern Ireland,44.01,103.66,tournament,141.15,80.45,0.055,0.1465,-0.01,0.17,real_news_reference,0.116,36.2
131,1958,Germany,Yugoslavia,37.41,126.53,tournament,80.2,58.74,0.045,0.2803,3.3,0.288,real_news_reference,0.178,39.46
132,1958,Sweden,Russia,39.61,93.6,tournament,105.9,47.26,0.261,0.1743,3.28,0.136,real_news_reference,0.196,43.21
133,1958,Brazil,France,50.61,191.98,tournament,124.53,54.25,0.151,0.332,2.91,0.073,real_news_reference,0.134,47.8
134,1958,Sweden,Germany,44.01,117.4,tournament,116.68,94.38,0.093,0.1476,4.31,0.194,real_news_reference,0.144,35.27
135,1958,France,Germany,55.01,131.06,tournament,162.33,96.41,0.096,0.1099,4.63,0.058,real_news_reference,0.08,44.23
136,1958,Sweden,Brazil,50.61,101.82,tournament,117.95,98.79,0.092,0.1267,5.89,0.131,real_news_reference,0.113,50.38
137,1962,Argentina,Bulgaria,38.87,119.24,tournament,173.04,70.2,0.101,0.3625,0.3,0.1,real_news_reference,0.127,43.17
138,1962,Brazil,Mexico,41.07,150.8,tournament,139.57,81.25,0.022,0.1194,5.95,0.092,real_news_reference,0.063,37.94
139,1962,Chile,Switzerland,45.47,140.27,tournament,213.94,50.53,0.122,0.3273,6.75,0.128,real_news_reference,0.145,46.12
140,1962,Colombia,Uruguay,43.27,231.44,tournament,124.89,66.9,0.112,0.283,2.03,0.22,real_news_reference,0.178,42.19
141,1962,Czechoslovakia,Spain,38.87,165.76,tournament,101.8,68.69,0.072,0.3573,-0.7,0.237,real_news_reference,0.175,42.77
142,1962,England,Hungary,43.27,113.45,tournament,201.76,44.76,0.164,0.3713,-0.11,0.222,real_news_reference,0.211,46.72
143,1962,Germany,Italy,36.67,95.86,tournament,95.34,40.15,0.172,0.1842,1.83,0.175,real_news_reference,0.175,31.23
144,1962,Russia,Yugoslavia,41.07,133.86,tournament,118.0,70.81,0.092,0.276,7.03,0.128,real_news_reference,0.127,42.05
145,1962,Argentina,England,45.47,102.76,tournament,163.54,92.27,0.134,0.295,2.84,-0.041,real_news_reference,0.071,49.34
146,1962,Brazil,Czechoslovakia,36.67,145.26,tournament,80.84,64.49,0.364,0.3795,1.5,0.178,real_news_reference,0.282,40.88
147,1962,Chile,Italy,41.07,129.87,tournament,147.39,38.9,0.36,0.0905,1.36,-0.034,real_news_reference,0.156,40.76
148,1962,Uruguay,Yugoslavia,45.47,139.61,tournament,158.05,98.29,0.043,0.1381,0.02,-0.006,real_news_reference,0.03,38.35
149,1962,Bulgaria,Hungary,52.07,180.36,tournament,214.85,56.31,0.057,0.1786,4.64,0.135,real_news_reference,0.104,51.08
150,1962,Colombia,Russia,54.27,251.23,tournament,203.67,65.25,0.042,0.2252,2.61,0.169,real_news_reference,0.117,55.34
151,1962,Germany,Switzerland,43.27,129.71,tournament,179.91,93.79,0.254,0.4271,7.21,0.112,real_news_reference,0.207,38.0
152,1962,Mexico,Spain,38.87,107.62,tournament,113.59,73.94,0.108,0.2985,4.12,0.271,real_news_reference,0.2,43.93
153,1962,Argentina,Hungary,36.67,159.88,tournament,88.79,77.65,0.172,0.2114,4.54,0.185,real_news_reference,0.182,31.63
154,1962,Brazil,Spain,43.27,162.13,tournament,220.29,84.32,0.348,0.275,2.29,0.128,real_news_reference,0.242,47.95
155,1962,Chile,Germany,41.07,107.28,tournament,84.23,71.76,0.147,0.2922,0.51,0.259,real_news_reference,0.212,38.32
156,1962,Russia,Uruguay,43.27,123.83,tournament,91.0,54.95,0.219,0.2494,0.97,0.273,real_news_reference,0.246,33.76
157,1962,Bulgaria,England,36.67,110.68,tournament,126.88,48.59,0.2,0.3248,-0.08,0.189,real_news_reference,0.208,35.77
158,1962,Colombia,Yugoslavia,47.67,150.75,tournament,214.98,101.61,0.089,0.1875,4.71,0.086,real_news_reference,0.098,47.96
159,1962,Czechoslovakia,Mexico,45.47,88.87,tournament,143.23,91.8,0.254,0.3451,1.99,0.104,real_news_reference,0.196,49.7
160,1962,Italy,Switzerland,43.27,80.28,tournament,166.88,59.16,0.063,0.1048,4.8,0.032,real_news_reference,0.053,42.17
161,1962,Brazil,England,45.47,101.35,tournament,82.94,62.99,0.282,0.1903,3.09,0.145,real_news_reference,0.211,37.01
162,1962,Chile,Russia,43.27,94.38,tournament,114.73,55.69,0.089,0.4429,2.19,0.064,real_news_reference,0.113,48.19
163,1962,Czechoslovakia,Hungary,38.87,92.75,tournament,73.09,51.46,0.1,0.3619,0.34,0.122,real_news_reference,0.136,38.23
164,1962,Germany,Yugoslavia,38.87,132.68,tournament,141.93,78.47,0.039,0.3449,3.43,0.169,real_news_reference,0.128,34.12
165,1962,Chile,Brazil,49.87,135.93,tournament,101.76,45.56,0.056,0.3018,2.34,-0.011,real_news_reference,0.05,55.04
166,1962,Czechoslovakia,Yugoslavia,45.47,137.28,tournament,99.25,66.7,0.105,0.3444,4.69,0.047,real_news_reference,0.103,37.45
167,1962,Chile,Yugoslavia,38.87,78.84,tournament,132.78,82.63,-0.095,0.3861,1.3,0.108,real_news_reference,0.044,31.68
168,1962,Brazil,Czechoslovakia,45.47,114.18,tournament,178.13,73.0,0.125,0.2321,4.09,0.144,real_news_reference,0.144,44.22
169,1966,England,Uruguay,38.12,128.4,tournament,110.06,56.63,0.097,0.1791,6.25,0.109,real_news_reference,0.111,38.31
170,1966,Brazil,Bulgaria,42.52,143.53,tournament,147.31,55.53,0.227,0.1715,3.37,0.126,real_news_reference,0.176,40.99
171,1966,Germany,Switzerland,49.12,114.59,tournament,168.8,48.93,0.19,0.3327,4.45,0.092,real_news_reference,0.16,54.74
172,1966,North Korea,Russia,44.72,133.71,tournament,127.3,53.3,0.077,0.1087,4.0,0.032,real_news_reference,0.06,39.11
173,1966,Argentina,Spain,44.72,236.54,tournament,102.18,45.51,0.102,0.3048,6.79,0.105,real_news_reference,0.124,50.82
174,1966,Chile,Italy,42.52,120.91,tournament,147.11,45.27,0.125,0.3795,3.58,0.131,real_news_reference,0.153,33.46
175,1966,France,Mexico,42.52,100.07,tournament,148.9,47.31,0.297,0.1682,4.27,0.123,real_news_reference,0.206,34.98
176,1966,Hungary,Portugal,46.92,127.71,tournament,176.26,60.65,0.066,0.1779,2.72,0.157,real_news_reference,0.118,39.73
177,1966,Brazil,Hungary,46.92,137.59,tournament,152.39,42.9,0.076,0.296,1.17,0.182,real_news_reference,0.146,37.94
178,1966,Chile,North Korea,42.52,116.47,tournament,95.38,90.79,0.035,0.133,0.26,0.203,real_news_reference,0.12,39.87
179,1966,France,Uruguay,44.72,126.68,tournament,159.65,47.45,-0.0,0.2569,5.46,0.097,real_news_reference,0.069,48.81
180,1966,Spain,Switzerland,44.72,85.31,tournament,134.3,62.52,0.179,0.2943,0.68,0.022,real_news_reference,0.12,48.1
181,1966,Argentina,Germany,38.12,83.2,tournament,101.5,77.89,0.168,0.2277,4.37,0.25,real_news_reference,0.211,39.95
182,1966,Bulgaria,Portugal,44.72,122.56,tournament,124.81,46.44,0.276,0.3099,3.67,0.179,real_news_reference,0.236,35.0
183,1966,England,Mexico,42.52,116.01,tournament,107.49,65.0,0.252,0.3692,4.73,0.072,real_news_reference,0.183,46.42
184,1966,Italy,Russia,40.33,98.35,tournament,151.31,80.59,0.388,0.1494,1.72,0.17,real_news_reference,0.266,37.21
185,1966,Argentina,Switzerland,42.52,115.63,tournament,89.61,69.05,0.141,0.3202,1.14,0.234,real_news_reference,0.201,44.36
186,1966,Brazil,Portugal,46.92,136.39,tournament,109.96,55.06,0.122,0.2053,3.59,0.286,real_news_reference,0.204,48.88
187,1966,Italy,North Korea,40.33,147.84,tournament,111.6,74.86,0.018,0.2721,2.19,0.168,real_news_reference,0.111,34.03
188,1966,Mexico,Uruguay,38.12,105.95,tournament,171.43,68.07,0.218,0.1503,0.21,0.233,real_news_reference,0.218,36.81
189,1966,Bulgaria,Hungary,46.92,149.93,tournament,183.46,64.32,0.16,0.2616,6.87,0.051,real_news_reference,0.121,52.24
190,1966,Chile,Russia,44.72,109.81,tournament,89.14,42.94,0.213,0.1958,1.14,0.145,real_news_reference,0.181,39.12
191,1966,England,France,42.52,142.62,tournament,179.08,38.7,0.034,0.2679,0.71,0.121,real_news_reference,0.097,44.11
192,1966,Germany,Spain,44.72,141.97,tournament,188.25,88.23,0.183,0.2197,2.29,0.176,real_news_reference,0.184,50.31
193,1966,England,Argentina,40.33,146.87,tournament,90.34,53.16,0.169,0.2593,5.43,0.277,real_news_reference,0.227,36.69
194,1966,Germany,Uruguay,46.92,163.73,tournament,75.04,50.63,0.162,0.3398,-1.75,0.168,real_news_reference,0.182,43.15
195,1966,Hungary,Russia,44.72,150.7,tournament,131.94,70.39,0.08,0.3637,5.26,0.073,real_news_reference,0.105,42.17
196,1966,North Korea,Portugal,55.72,154.9,tournament,221.62,116.85,0.267,0.3195,0.89,0.047,real_news_reference,0.173,59.69
197,1966,Germany,Russia,44.72,136.87,tournament,199.98,40.74,0.353,0.2371,3.36,0.28,real_news_reference,0.309,41.95
198,1966,England,Portugal,44.72,172.12,tournament,108.06,43.51,0.037,0.2266,1.38,0.189,real_news_reference,0.124,42.71
199,1966,Portugal,Russia,44.72,106.47,tournament,208.18,64.49,0.22,0.0895,6.98,0.184,real_news_reference,0.191,38.46
200,1966,England,Germany,51.32,122.99,tournament,88.33,91.29,-0.14,0.2043,3.06,0.121,real_news_reference,0.012,58.29
201,1970,Mexico,Russia,39.58,119.0,tournament,108.45,60.12,0.215,0.3513,1.31,0.17,real_news_reference,0.208,43.59
202,1970,Bulgaria,Peru,50.58,162.36,tournament,136.9,104.54,-0.039,0.389,2.17,0.069,real_news_reference,0.052,50.38
203,1970,England,Romania,41.78,94.79,tournament,167.42,40.0,0.096,0.3313,2.99,0.179,real_news_reference,0.157,47.04
204,1970,Israel,Uruguay,43.98,123.08,tournament,182.79,59.03,0.017,0.1081,3.17,0.054,real_news_reference,0.043,45.18
205,1970,Belgium,El Salvador,46.18,128.54,tournament,176.11,62.65,0.127,0.1335,3.72,0.119,real_news_reference,0.124,51.97
206,1970,Brazil,Czechoslovakia,50.58,77.73,tournament,108.41,67.89,0.232,0.195,2.8,0.097,real_news_reference,0.168,42.39
207,1970,Germany,Morocco,46.18,124.1,tournament,172.12,70.84,-0.038,0.4946,-0.09,-0.112,real_news_reference,-0.018,39.77
208,1970,Italy,Sweden,41.78,114.25,tournament,142.55,80.54,0.112,0.1081,2.09,0.12,real_news_reference,0.115,45.9
209,1970,Belgium,Russia,50.58,138.2,tournament,100.06,66.42,0.097,0.3065,4.07,0.076,real_news_reference,0.108,47.1
210,1970,Czechoslovakia,Romania,46.18,196.17,tournament,82.75,86.26,0.306,0.2297,1.39,0.131,real_news_reference,0.22,42.19
211,1970,Italy,Uruguay,39.58,80.47,tournament,154.13,43.16,0.191,0.2484,4.21,0.148,real_news_reference,0.177,41.62
212,1970,Morocco,Peru,46.18,104.76,tournament,132.62,75.22,0.03,0.28,2.87,0.29,real_news_reference,0.172,46.5
213,1970,Brazil,England,41.78,57.46,tournament,91.02,57.97,0.101,0.1357,2.34,0.172,real_news_reference,0.136,37.76
214,1970,Bulgaria,Germany,54.98,137.32,tournament,156.79,88.02,0.304,0.1692,5.31,0.175,real_news_reference,0.232,50.76
215,1970,Israel,Sweden,43.98,112.5,tournament,144.71,45.74,0.22,0.2731,-0.85,0.188,real_news_reference,0.211,40.77
216,1970,Mexico,El Salvador,48.38,119.86,tournament,142.36,103.51,0.056,0.2334,1.38,0.218,real_news_reference,0.147,39.94
217,1970,Brazil,Romania,50.58,197.1,tournament,103.09,105.11,0.121,0.3273,5.39,0.184,real_news_reference,0.17,43.63
218,1970,El Salvador,Russia,43.98,159.93,tournament,211.69,86.83,0.125,0.2076,6.64,0.171,real_news_reference,0.154,42.82
219,1970,Germany,Peru,48.38,141.3,tournament,186.82,99.69,0.094,0.4625,7.6,0.205,real_news_reference,0.181,51.35
220,1970,Sweden,Uruguay,41.78,107.62,tournament,115.42,45.57,-0.023,0.2308,2.91,-0.046,real_news_reference,-0.008,38.89
221,1970,Bulgaria,Morocco,43.98,167.51,tournament,122.73,68.38,0.08,0.3171,3.76,0.315,real_news_reference,0.209,40.37
222,1970,Czechoslovakia,England,41.78,118.73,tournament,137.32,54.87,0.287,0.1542,4.52,0.275,real_news_reference,0.268,42.37
223,1970,Israel,Italy,39.58,89.95,tournament,89.65,81.28,0.11,0.1806,5.48,0.165,real_news_reference,0.142,33.11
224,1970,Mexico,Belgium,41.78,73.84,tournament,136.06,47.89,0.138,0.3179,3.46,0.035,real_news_reference,0.11,38.32
225,1970,Brazil,Peru,52.78,133.29,tournament,113.69,62.59,0.162,0.2257,4.74,0.245,real_news_reference,0.206,45.12
226,1970,England,Germany,50.58,178.55,tournament,149.29,90.68,0.37,0.2569,3.77,0.093,real_news_reference,0.234,51.32
227,1970,Mexico,Italy,50.58,273.41,tournament,113.46,51.37,0.149,0.5529,3.9,0.191,real_news_reference,0.208,41.5
228,1970,Russia,Uruguay,41.78,121.47,tournament,94.91,77.38,0.258,0.2728,0.87,0.045,real_news_reference,0.164,39.32
229,1970,Brazil,Uruguay,48.38,111.59,tournament,219.32,60.41,0.088,0.221,2.11,0.326,real_news_reference,0.208,48.12
230,1970,Germany,Italy,54.98,112.75,tournament,167.63,96.72,0.122,0.3582,1.7,0.033,real_news_reference,0.106,59.39
231,1970,Germany,Uruguay,41.78,139.35,tournament,132.19,85.02,0.149,0.2854,0.3,0.154,real_news_reference,0.165,43.49
232,1970,Brazil,Italy,50.58,88.19,tournament,91.9,85.61,0.071,0.3146,-0.67,-0.022,real_news_reference,0.054,56.62
233,1974,Brazil,Yugoslavia,41.04,136.82,tournament,106.2,48.28,0.128,0.2084,1.91,0.145,real_news_reference,0.144,42.06
234,1974,DR Congo,Scotland,45.44,163.26,tournament,153.19,43.8,0.237,0.1954,2.25,0.114,real_news_reference,0.177,41.16
235,1974,German DR,Australia,45.44,146.72,tournament,143.3,43.53,0.068,0.1248,3.02,0.239,real_news_reference,0.151,39.23
236,1974,Germany,Chile,43.24,116.19,tournament,75.81,43.91,0.148,0.1768,3.97,0.114,real_news_reference,0.136,34.61
237,1974,Italy,Haiti,49.84,166.83,tournament,157.69,82.42,0.219,0.2693,3.2,0.239,real_news_reference,0.233,43.86
238,1974,Poland,Argentina,52.04,156.0,tournament,171.34,70.39,0.066,0.3303,2.26,0.066,real_news_reference,0.092,43.15
239,1974,Sweden,Bulgaria,41.04,94.32,tournament,169.95,49.91,0.258,0.3138,0.88,0.126,real_news_reference,0.204,37.47
240,1974,Uruguay,Netherlands,45.44,218.0,tournament,115.88,53.85,0.155,0.2512,4.64,0.127,real_news_reference,0.152,46.94
241,1974,Chile,German DR,45.44,117.67,tournament,77.94,96.93,0.132,0.386,2.59,0.188,real_news_reference,0.183,46.76
242,1974,Germany,Australia,47.64,169.17,tournament,111.55,50.23,-0.053,0.615,1.89,0.178,real_news_reference,0.118,42.62
243,1974,Scotland,Brazil,41.04,59.58,tournament,93.72,53.2,0.111,0.3027,2.41,0.206,real_news_reference,0.173,39.52
244,1974,Yugoslavia,DR Congo,60.84,248.55,tournament,219.74,92.05,0.185,0.1218,1.26,0.169,real_news_reference,0.171,52.2
245,1974,Argentina,Italy,45.44,195.91,tournament,69.21,40.92,0.323,0.1803,1.69,0.201,real_news_reference,0.254,43.67
246,1974,Bulgaria,Uruguay,45.44,130.94,tournament,122.03,95.3,0.205,0.2694,1.62,0.076,real_news_reference,0.153,43.79
247,1974,Haiti,Poland,56.44,188.6,tournament,242.17,58.07,0.261,0.2467,2.2,0.179,real_news_reference,0.223,50.15
248,1974,Netherlands,Sweden,41.04,137.13,tournament,123.51,73.35,0.027,0.1012,4.18,0.277,real_news_reference,0.147,35.84
249,1974,Australia,Chile,41.04,97.96,tournament,154.26,70.49,0.135,0.4149,3.65,0.014,real_news_reference,0.109,46.48
250,1974,DR Congo,Brazil,47.64,158.68,tournament,94.94,92.98,0.27,0.2915,6.05,0.187,real_news_reference,0.235,46.37
251,1974,Germany,German DR,43.24,98.53,tournament,87.03,75.53,0.059,0.2102,5.34,0.202,real_news_reference,0.138,42.48
252,1974,Scotland,Yugoslavia,45.44,109.5,tournament,195.53,86.35,0.245,0.2575,6.91,0.265,real_news_reference,0.255,35.57
253,1974,Argentina,Haiti,52.04,203.89,tournament,160.34,75.33,0.221,0.235,3.97,0.206,real_news_reference,0.216,44.0
254,1974,Bulgaria,Netherlands,52.04,195.37,tournament,160.43,79.9,0.176,0.2387,3.94,0.156,real_news_reference,0.173,47.27
255,1974,Poland,Italy,47.64,111.71,tournament,108.22,86.33,0.115,0.1241,1.78,0.183,real_news_reference,0.147,53.73
256,1974,Sweden,Uruguay,47.64,110.86,tournament,146.77,78.08,0.049,0.2709,4.53,0.089,real_news_reference,0.089,40.16
257,1974,Brazil,German DR,43.24,103.13,tournament,97.54,67.67,0.326,0.2083,1.42,0.117,real_news_reference,0.22,38.45
258,1974,Germany,Yugoslavia,45.44,159.42,tournament,183.66,53.04,0.211,0.304,-0.29,0.041,real_news_reference,0.144,51.64
259,1974,Netherlands,Argentina,49.84,107.64,tournament,296.12,61.58,0.182,0.2006,6.01,0.267,real_news_reference,0.222,47.51
260,1974,Sweden,Poland,43.24,136.54,tournament,146.61,59.07,0.107,0.1564,0.18,0.184,real_news_reference,0.147,38.68
261,1974,Argentina,Brazil,47.64,167.8,tournament,122.11,43.45,0.152,0.2065,3.72,0.075,real_news_reference,0.123,48.04
262,1974,German DR,Netherlands,45.44,126.68,tournament,72.46,65.55,0.165,0.4143,0.95,0.17,real_news_reference,0.192,43.56
263,1974,Germany,Sweden,54.24,205.66,tournament,106.94,49.01,0.188,0.3398,5.17,0.241,real_news_reference,0.227,61.0
264,1974,Poland,Yugoslavia,47.64,125.02,tournament,211.11,77.87,0.222,0.3161,5.45,0.228,real_news_reference,0.234,38.59
265,1974,Argentina,German DR,45.44,122.3,tournament,105.54,82.48,0.07,0.3239,3.91,0.074,real_news_reference,0.097,48.38
266,1974,Germany,Poland,43.24,93.99,tournament,118.4,70.52,0.001,0.1759,5.42,-0.103,real_news_reference,-0.028,38.07
267,1974,Netherlands,Brazil,45.44,172.64,tournament,160.81,81.86,0.157,0.272,2.82,0.18,real_news_reference,0.179,48.64
268,1974,Sweden,Yugoslavia,47.64,109.84,tournament,207.32,42.88,-0.027,0.3403,7.49,0.077,real_news_reference,0.057,51.7
269,1974,Brazil,Poland,43.24,136.28,tournament,123.58,42.26,0.116,0.1053,4.37,0.198,real_news_reference,0.152,46.95
270,1974,Germany,Netherlands,47.64,133.45,tournament,129.35,86.13,0.097,0.5728,0.91,0.224,real_news_reference,0.202,52.02
271,1978,Germany,Poland,42.5,90.44,tournament,129.98,82.61,0.197,0.2327,2.95,0.237,real_news_reference,0.219,44.14
272,1978,Argentina,Hungary,49.1,118.31,tournament,126.08,90.0,0.346,0.1281,2.48,0.288,real_news_reference,0.298,40.82
273,1978,France,Italy,49.1,206.66,tournament,127.79,86.51,-0.046,0.0607,2.27,0.247,real_news_reference,0.097,39.22
274,1978,Mexico,Tunisia,51.3,155.11,tournament,170.83,93.35,0.376,0.1633,-0.68,0.288,real_news_reference,0.315,46.31
275,1978,Austria,Spain,49.1,105.77,tournament,154.5,91.4,0.125,0.2518,3.61,0.258,real_news_reference,0.198,47.05
276,1978,Brazil,Sweden,46.9,145.99,tournament,240.07,86.38,0.183,0.2379,-0.11,0.265,real_news_reference,0.225,41.69
277,1978,Iran,Netherlands,49.1,134.69,tournament,164.61,91.3,0.007,0.5201,-2.5,0.145,real_news_reference,0.12,51.42
278,1978,Peru,Scotland,51.3,385.61,tournament,205.51,51.11,0.248,0.3932,2.08,0.045,real_news_reference,0.171,53.36
279,1978,Argentina,France,49.1,151.97,tournament,112.85,48.23,0.152,0.2457,1.21,0.347,real_news_reference,0.249,55.48
280,1978,Germany,Mexico,55.7,143.08,tournament,190.81,76.28,0.142,0.1965,0.99,0.153,real_news_reference,0.152,51.48
281,1978,Hungary,Italy,51.3,218.18,tournament,128.63,81.36,-0.046,0.115,-3.72,0.246,real_news_reference,0.102,54.52
282,1978,Poland,Tunisia,44.7,76.29,tournament,148.24,84.55,0.155,0.2917,1.01,0.104,real_news_reference,0.146,46.79
283,1978,Austria,Sweden,44.7,131.16,tournament,159.51,59.68,0.233,0.2327,2.44,0.225,real_news_reference,0.229,50.78
284,1978,Brazil,Spain,42.5,212.29,tournament,129.28,53.45,0.124,0.2656,1.47,-0.047,real_news_reference,0.061,44.99
285,1978,Iran,Scotland,46.9,129.73,tournament,257.2,89.85,0.266,0.3818,3.61,0.115,real_news_reference,0.21,41.37
286,1978,Netherlands,Peru,42.5,74.75,tournament,182.45,52.03,0.261,0.1599,5.72,0.14,real_news_reference,0.196,33.38
287,1978,Argentina,Italy,44.7,114.33,tournament,180.24,87.93,0.084,0.2027,3.88,0.185,real_news_reference,0.141,50.45
288,1978,France,Hungary,51.3,220.29,tournament,186.56,57.98,0.308,0.0766,4.96,0.234,real_news_reference,0.252,53.24
289,1978,Germany,Tunisia,42.5,134.94,tournament,198.41,58.11,0.153,0.2784,5.13,0.061,real_news_reference,0.124,45.58
290,1978,Mexico,Poland,51.3,115.91,tournament,107.6,72.92,0.153,0.2586,0.66,0.201,real_news_reference,0.185,54.66
291,1978,Austria,Brazil,44.7,105.44,tournament,189.15,57.63,0.158,0.2862,3.72,0.246,real_news_reference,0.21,46.71
292,1978,Iran,Peru,53.5,130.71,tournament,125.45,48.38,0.155,0.4251,4.89,0.336,real_news_reference,0.263,56.2
293,1978,Netherlands,Scotland,53.5,169.16,tournament,139.57,64.53,-0.115,0.1929,1.88,0.205,real_news_reference,0.06,59.63
294,1978,Spain,Sweden,44.7,185.8,tournament,154.52,59.85,0.13,0.3371,1.14,0.111,real_news_reference,0.142,49.58
295,1978,Argentina,Poland,46.9,179.95,tournament,191.77,61.33,0.012,0.1718,3.91,0.046,real_news_reference,0.043,42.98
296,1978,Austria,Netherlands,55.7,180.85,tournament,125.41,107.01,0.311,0.2938,-0.31,0.294,real_news_reference,0.302,44.07
297,1978,Brazil,Peru,49.1,96.64,tournament,129.76,47.21,0.307,0.0919,0.52,0.207,real_news_reference,0.24,38.98
298,1978,Germany,Italy,42.5,83.74,tournament,130.83,59.74,0.233,0.3868,1.4,0.146,real_news_reference,0.209,39.98
299,1978,Argentina,Brazil,42.5,141.01,tournament,121.86,40.32,0.124,0.5366,3.75,0.019,real_news_reference,0.118,45.93
300,1978,Austria,Italy,44.7,87.64,tournament,166.25,94.31,0.047,0.204,3.26,0.074,real_news_reference,0.075,48.51
301,1978,Germany,Netherlands,51.3,137.62,tournament,363.82,98.87,0.082,0.2175,4.97,0.199,real_news_reference,0.148,47.48
302,1978,Peru,Poland,44.7,139.09,tournament,149.13,97.3,0.342,0.1339,0.86,0.176,real_news_reference,0.246,39.72
303,1978,Argentina,Peru,55.7,115.75,tournament,139.24,116.03,0.079,0.3219,0.75,-0.008,real_news_reference,0.064,53.6
304,1978,Austria,Germany,53.5,114.77,tournament,116.23,70.11,-0.087,0.2856,3.9,0.199,real_news_reference,0.079,57.76
305,1978,Brazil,Poland,51.3,142.78,tournament,142.08,92.29,0.251,0.2295,1.12,0.023,real_news_reference,0.146,51.77
306,1978,Italy,Netherlands,49.1,161.56,tournament,116.61,63.76,0.298,0.3468,1.53,0.256,real_news_reference,0.284,40.77
307,1978,Brazil,Italy,49.1,188.87,tournament,165.79,100.88,0.314,0.2886,-1.1,0.165,real_news_reference,0.244,44.7
308,1978,Argentina,Netherlands,51.3,173.76,tournament,172.55,73.56,0.252,0.3116,3.41,0.111,real_news_reference,0.195,50.27
309,1982,Argentina,Belgium,46.16,134.66,tournament,123.51,64.1,0.268,0.2337,6.04,0.227,real_news_reference,0.246,44.95
310,1982,Brazil,Russia,50.56,117.24,tournament,249.49,105.58,0.153,0.4689,0.64,0.176,real_news_reference,0.195,54.56
311,1982,Italy,Poland,43.96,93.08,tournament,109.88,87.38,-0.06,0.1141,4.95,0.254,real_news_reference,0.099,49.04
312,1982,Hungary,El Salvador,68.16,168.82,tournament,198.74,146.98,0.151,0.2633,2.68,0.155,real_news_reference,0.164,55.63
313,1982,Peru,Cameroon,43.96,140.9,tournament,154.95,43.36,0.21,0.3202,-0.91,0.159,real_news_reference,0.198,37.84
314,1982,Scotland,New Zealand,59.36,186.4,tournament,222.88,72.2,0.135,0.3648,0.92,0.125,real_news_reference,0.153,54.68
315,1982,England,France,52.76,83.75,tournament,218.14,68.12,0.13,0.2109,0.79,0.169,real_news_reference,0.156,46.78
316,1982,Germany,Algeria,50.56,115.95,tournament,169.07,73.4,0.052,0.2877,2.14,0.284,real_news_reference,0.18,46.87
317,1982,Spain,Honduras,48.36,193.63,tournament,188.93,73.27,0.048,0.1777,3.68,0.108,real_news_reference,0.088,38.43
318,1982,Chile,Austria,46.16,134.87,tournament,117.43,59.03,0.332,0.3484,6.68,0.2,real_news_reference,0.274,37.1
319,1982,Czechoslovakia,Kuwait,48.36,92.94,tournament,182.76,93.22,0.336,0.2254,-0.21,0.078,real_news_reference,0.209,52.32
320,1982,Yugoslavia,Northern Ireland,43.96,242.96,tournament,165.58,52.32,0.148,0.2699,1.78,-0.017,real_news_reference,0.086,35.91
321,1982,Argentina,Hungary,54.96,155.79,tournament,241.01,99.23,0.176,0.212,0.92,0.165,real_news_reference,0.175,59.17
322,1982,Brazil,Scotland,54.96,174.9,tournament,108.8,110.32,0.05,0.2294,0.14,0.178,real_news_reference,0.126,48.93
323,1982,Italy,Peru,48.36,154.55,tournament,115.8,81.48,0.212,0.3253,3.0,0.139,real_news_reference,0.19,43.1
324,1982,Belgium,El Salvador,46.16,119.01,tournament,170.36,62.8,0.324,0.4434,2.8,0.028,real_news_reference,0.203,37.68
325,1982,Poland,Cameroon,43.96,102.47,tournament,68.06,50.3,-0.005,0.3654,-1.01,0.172,real_news_reference,0.112,34.5
326,1982,Russia,New Zealand,50.56,261.71,tournament,171.77,54.33,0.195,0.2455,2.84,0.169,real_news_reference,0.188,45.9
327,1982,England,Czechoslovakia,48.36,183.02,tournament,189.36,90.31,0.202,0.2483,0.27,0.077,real_news_reference,0.15,52.26
328,1982,Germany,Chile,54.96,197.7,tournament,142.95,82.98,0.201,0.1392,2.82,0.04,real_news_reference,0.122,61.07
329,1982,Spain,Yugoslavia,50.56,169.78,tournament,136.4,48.55,0.312,0.1313,5.47,0.128,real_news_reference,0.211,40.56
330,1982,Algeria,Austria,48.36,104.35,tournament,111.07,105.38,0.352,0.2074,3.77,0.2,real_news_reference,0.269,38.26
331,1982,France,Kuwait,54.96,224.6,tournament,144.93,97.43,0.125,0.3546,3.17,0.181,real_news_reference,0.173,46.01
332,1982,Honduras,Northern Ireland,48.36,109.14,tournament,128.45,96.6,0.215,0.1678,1.69,0.078,real_news_reference,0.149,51.06
333,1982,Belgium,Hungary,48.36,149.6,tournament,122.48,71.07,0.157,0.217,2.94,0.159,real_news_reference,0.164,41.29
334,1982,Poland,Peru,57.16,103.22,tournament,142.8,122.44,0.085,0.2828,3.98,0.219,real_news_reference,0.165,49.33
335,1982,Russia,Scotland,52.76,85.14,tournament,148.12,61.17,0.175,0.3291,3.77,0.054,real_news_reference,0.136,58.04
336,1982,Argentina,El Salvador,48.36,151.08,tournament,135.35,55.16,0.215,0.3286,2.59,0.153,real_news_reference,0.198,52.95
337,1982,Brazil,New Zealand,52.76,120.21,tournament,253.23,108.55,0.17,0.1872,3.26,0.255,real_news_reference,0.21,53.88
338,1982,Italy,Cameroon,48.36,79.18,tournament,131.65,99.58,0.06,0.2634,0.04,0.046,real_news_reference,0.074,40.58
339,1982,Algeria,Chile,54.96,182.72,tournament,179.94,85.12,0.102,0.1908,1.26,0.241,real_news_reference,0.173,50.41
340,1982,France,Czechoslovakia,48.36,250.21,tournament,125.77,51.43,0.103,0.2212,4.29,0.278,real_news_reference,0.194,41.83
341,1982,Honduras,Yugoslavia,46.16,194.65,tournament,119.67,59.86,0.064,0.1937,4.57,0.13,real_news_reference,0.107,47.17
342,1982,England,Kuwait,46.16,122.74,tournament,90.56,86.8,0.179,0.2642,3.0,0.121,real_news_reference,0.161,48.97
343,1982,Germany,Austria,46.16,132.24,tournament,93.62,92.31,0.19,0.2827,5.91,0.231,real_news_reference,0.218,38.37
344,1982,Spain,Northern Ireland,46.16,169.13,tournament,102.55,62.41,0.246,0.2936,3.87,0.133,real_news_reference,0.2,50.93
345,1982,Austria,France,46.16,180.6,tournament,145.19,45.22,0.062,0.1761,2.31,-0.04,real_news_reference,0.028,43.7
346,1982,Poland,Belgium,50.56,131.23,tournament,198.78,89.26,0.09,0.2379,0.24,0.14,real_news_reference,0.127,53.91
347,1982,Germany,England,43.96,126.83,tournament,84.49,81.82,0.304,0.2008,5.82,0.186,real_news_reference,0.241,35.11
348,1982,Italy,Argentina,50.56,157.17,tournament,132.41,73.37,0.132,0.1453,4.42,0.207,real_news_reference,0.167,46.0
349,1982,Austria,Northern Ireland,52.76,176.06,tournament,112.62,87.48,0.151,0.1702,6.58,0.078,real_news_reference,0.12,41.43
350,1982,Belgium,Russia,46.16,127.08,tournament,129.81,100.79,0.131,0.2812,7.35,0.127,real_news_reference,0.144,47.94
351,1982,Argentina,Brazil,52.76,145.78,tournament,207.41,64.29,0.261,0.3781,0.1,0.226,real_news_reference,0.257,42.66
352,1982,Spain,Germany,50.56,212.62,tournament,135.83,83.16,0.265,0.1469,0.1,0.143,real_news_reference,0.198,45.59
353,1982,France,Northern Ireland,54.96,220.36,tournament,163.16,93.12,0.259,0.2064,-3.21,0.026,real_news_reference,0.149,58.34
354,1982,Poland,Russia,43.96,143.59,tournament,190.01,70.94,0.151,0.3869,4.73,0.247,real_news_reference,0.218,46.14
355,1982,Italy,Brazil,54.96,254.16,tournament,185.13,111.56,0.061,0.1401,4.18,0.131,real_news_reference,0.1,55.54
356,1982,Spain,England,43.96,112.74,tournament,109.21,74.14,0.341,0.1775,3.01,0.235,real_news_reference,0.277,45.27
357,1982,Germany,France,57.16,257.31,tournament,178.68,89.18,0.234,0.2652,0.23,0.036,real_news_reference,0.148,57.99
358,1982,Poland,Italy,48.36,160.87,tournament,118.13,51.26,0.102,0.2622,2.61,0.138,real_news_reference,0.134,48.89
359,1982,Poland,France,54.96,392.48,tournament,183.41,99.71,0.29,0.4991,3.19,0.189,real_news_reference,0.265,49.79
360,1982,Italy,Germany,52.76,107.97,tournament,180.29,56.54,0.095,0.2257,4.44,0.141,real_news_reference,0.129,41.69
361,1986,Bulgaria,Italy,49.82,117.38,group_or_knockout,106.34,46.56,0.289,0.2381,3.37,0.053,real_news_reference,0.178,46.78
362,1986,Canada,France,47.62,153.01,group_or_knockout,149.46,73.1,0.296,0.2482,4.19,-0.043,real_news_reference,0.139,37.92
363,1986,Spain,Brazil,47.62,152.09,group_or_knockout,138.91,78.3,0.056,0.2567,2.54,0.27,real_news_reference,0.172,45.18
364,1986,Argentina,South Korea,54.22,267.49,group_or_knockout,186.65,119.22,0.206,0.0832,5.28,0.168,real_news_reference,0.177,51.35
365,1986,Morocco,Poland,45.42,107.64,group_or_knockout,167.97,82.94,0.226,0.2499,4.13,0.241,real_news_reference,0.235,38.35
366,1986,Russia,Hungary,58.62,215.82,group_or_knockout,198.43,117.43,0.41,0.2336,0.31,0.222,real_news_reference,0.308,62.27
367,1986,Algeria,Northern Ireland,49.82,197.14,group_or_knockout,138.74,67.27,0.074,0.3979,5.72,0.196,real_news_reference,0.161,51.49
368,1986,Mexico,Belgium,52.02,181.08,group_or_knockout,197.35,81.23,0.291,0.1809,5.37,0.122,real_news_reference,0.204,51.05
369,1986,Portugal,England,47.62,103.98,group_or_knockout,115.01,103.17,0.15,0.1941,3.78,0.187,real_news_reference,0.171,53.02
370,1986,Paraguay,Iraq,47.62,201.83,group_or_knockout,102.83,68.7,0.024,0.3754,3.39,0.263,real_news_reference,0.167,42.07
371,1986,Scotland,Denmark,47.62,191.99,group_or_knockout,64.36,92.83,0.136,0.119,6.28,0.155,real_news_reference,0.143,41.64
372,1986,Uruguay,Germany,49.82,168.39,group_or_knockout,147.07,78.9,0.148,0.2371,-0.63,0.3,real_news_reference,0.225,42.15
373,1986,France,Russia,49.82,150.75,group_or_knockout,121.88,59.34,0.042,0.1459,5.41,0.028,real_news_reference,0.046,48.62
374,1986,Italy,Argentina,49.82,151.67,group_or_knockout,165.32,82.43,0.179,0.0399,1.8,0.02,real_news_reference,0.094,42.54
375,1986,South Korea,Bulgaria,49.82,139.26,group_or_knockout,91.43,58.96,0.244,0.3154,5.1,0.227,real_news_reference,0.243,54.44
376,1986,Brazil,Algeria,47.62,162.82,group_or_knockout,121.69,43.05,0.172,0.2101,3.05,0.083,real_news_reference,0.136,42.36
377,1986,England,Morocco,45.42,130.93,group_or_knockout,153.47,54.81,0.094,0.4451,0.19,0.312,real_news_reference,0.227,43.45
378,1986,Hungary,Canada,49.82,112.26,group_or_knockout,115.7,57.35,0.133,0.3274,1.76,0.255,real_news_reference,0.207,48.36
379,1986,Mexico,Paraguay,49.82,106.15,group_or_knockout,165.79,68.86,0.148,0.2521,4.95,0.275,real_news_reference,0.216,44.38
380,1986,Northern Ireland,Spain,52.02,120.43,group_or_knockout,135.96,106.91,0.17,0.2067,2.36,0.219,real_news_reference,0.196,54.4
381,1986,Poland,Portugal,47.62,144.81,group_or_knockout,141.89,66.87,0.259,0.1925,1.49,0.074,real_news_reference,0.169,49.01
382,1986,Denmark,Uruguay,60.82,172.5,group_or_knockout,212.03,121.56,0.175,0.1452,1.48,0.015,real_news_reference,0.1,64.1
383,1986,Germany,Scotland,52.02,157.89,group_or_knockout,198.31,84.39,0.008,0.3368,4.15,0.268,real_news_reference,0.158,51.92
384,1986,Iraq,Belgium,52.02,171.03,group_or_knockout,159.93,47.33,0.092,0.1861,6.48,0.028,real_news_reference,0.073,49.19
385,1986,Hungary,France,52.02,124.71,group_or_knockout,127.5,59.58,0.165,0.2602,-1.7,0.275,real_news_reference,0.224,48.98
386,1986,Russia,Canada,49.82,214.61,group_or_knockout,133.47,105.15,0.261,0.1848,8.68,0.202,real_news_reference,0.227,51.71
387,1986,Argentina,Bulgaria,49.82,132.09,group_or_knockout,175.5,83.97,0.278,0.1111,3.23,0.142,real_news_reference,0.2,45.62
388,1986,South Korea,Italy,56.42,142.8,group_or_knockout,131.3,118.96,0.326,0.2659,4.02,0.183,real_news_reference,0.256,52.89
389,1986,England,Poland,52.02,170.15,group_or_knockout,149.47,67.79,0.161,0.2014,1.88,0.185,real_news_reference,0.176,43.64
390,1986,Mexico,Iraq,47.62,81.37,group_or_knockout,129.9,87.22,0.224,0.2323,2.79,0.132,real_news_reference,0.183,48.79
391,1986,Paraguay,Belgium,54.22,124.18,group_or_knockout,158.73,103.21,0.003,0.2771,3.2,0.262,real_news_reference,0.147,43.79
392,1986,Portugal,Morocco,54.22,203.92,group_or_knockout,126.56,117.57,0.191,0.276,0.6,0.259,real_news_reference,0.23,61.63
393,1986,Algeria,Spain,52.02,91.39,group_or_knockout,98.36,48.05,0.041,0.0909,1.11,0.161,real_news_reference,0.1,43.27
394,1986,Northern Ireland,Brazil,52.02,203.27,group_or_knockout,178.01,111.21,0.142,0.1245,5.29,0.1,real_news_reference,0.121,47.75
395,1986,Denmark,Germany,49.82,217.36,group_or_knockout,190.46,70.2,0.451,0.1739,-0.46,0.253,real_news_reference,0.334,43.12
396,1986,Scotland,Uruguay,45.42,117.04,group_or_knockout,87.17,90.36,0.178,0.0908,3.73,-0.014,real_news_reference,0.083,40.18
397,1986,Mexico,Bulgaria,49.82,154.49,group_or_knockout,164.13,80.12,0.062,0.2367,2.02,0.184,real_news_reference,0.134,44.64
398,1986,Russia,Belgium,60.82,237.76,group_or_knockout,239.54,99.38,0.189,0.3445,0.78,0.207,real_news_reference,0.213,63.17
399,1986,Argentina,Uruguay,47.62,119.41,group_or_knockout,166.04,65.11,0.096,0.0967,6.94,0.082,real_news_reference,0.09,40.17
400,1986,Brazil,Poland,54.22,197.56,group_or_knockout,146.77,107.19,0.052,0.4996,0.8,0.226,real_news_reference,0.175,47.44
401,1986,Italy,France,49.82,117.98,group_or_knockout,118.22,61.94,0.358,0.1256,0.43,0.146,real_news_reference,0.239,40.67
402,1986,Morocco,Germany,47.62,119.05,group_or_knockout,145.98,73.33,0.255,0.2863,2.41,0.104,real_news_reference,0.19,42.83
403,1986,Denmark,Spain,58.62,133.92,group_or_knockout,187.36,95.45,0.183,0.1936,1.19,0.225,real_news_reference,0.203,65.59
404,1986,England,Paraguay,52.02,163.62,group_or_knockout,160.07,97.03,0.109,0.2446,2.81,0.061,real_news_reference,0.101,47.69
405,1986,Brazil,France,49.82,196.89,group_or_knockout,143.08,75.38,0.117,0.1821,3.13,0.218,real_news_reference,0.169,52.8
406,1986,Mexico,Germany,45.42,123.27,group_or_knockout,104.09,81.05,0.302,0.1863,3.29,-0.01,real_news_reference,0.15,42.98
407,1986,Argentina,England,52.02,104.13,group_or_knockout,173.69,79.64,0.179,0.165,2.54,0.171,real_news_reference,0.174,49.0
408,1986,Spain,Belgium,49.82,105.14,group_or_knockout,168.36,87.54,-0.16,0.2401,1.33,0.152,real_news_reference,0.02,53.64
409,1986,Argentina,Belgium,49.82,159.0,group_or_knockout,157.37,88.5,0.39,0.1633,4.15,0.105,real_news_reference,0.239,39.34
410,1986,France,Germany,49.82,238.6,group_or_knockout,153.88,90.79,0.166,0.3004,2.57,0.179,real_news_reference,0.185,54.37
411,1986,France,Belgium,58.62,187.04,group_or_knockout,267.97,115.5,0.182,0.2505,1.76,0.142,real_news_reference,0.171,55.96
412,1986,Argentina,Germany,56.42,144.68,group_or_knockout,145.0,90.44,0.257,0.2698,5.91,0.232,real_news_reference,0.247,51.14
413,1990,Argentina,Cameroon,49.08,173.81,group_or_knockout,203.12,56.5,0.195,0.3842,2.55,0.193,real_news_reference,0.213,54.31
414,1990,Italy,Austria,49.08,131.16,group_or_knockout,122.72,87.54,0.223,0.3751,5.09,0.184,real_news_reference,0.221,44.29
415,1990,Russia,Romania,51.28,131.81,group_or_knockout,203.27,51.29,0.106,0.1442,5.38,0.171,real_news_reference,0.139,58.05
416,1990,United Arab Emirates,Colombia,51.28,112.05,group_or_knockout,209.69,60.75,0.025,0.2279,5.5,0.11,real_news_reference,0.084,57.28
417,1990,Brazil,Sweden,53.48,226.71,group_or_knockout,149.31,103.21,0.176,0.0872,4.25,0.124,real_news_reference,0.144,46.87
418,1990,Germany,Yugoslavia,57.88,81.24,group_or_knockout,263.38,84.83,0.291,0.4593,2.8,0.168,real_news_reference,0.252,52.24
419,1990,United States,Czechoslovakia,60.08,214.66,group_or_knockout,202.95,92.97,0.083,0.184,2.67,0.134,real_news_reference,0.116,64.43
420,1990,Costa Rica,Scotland,49.08,123.17,group_or_knockout,118.41,107.17,0.075,0.5121,2.29,0.237,real_news_reference,0.192,41.74
421,1990,England,Republic of Ireland,51.28,130.63,group_or_knockout,140.3,61.83,0.27,0.2644,-1.75,0.156,real_news_reference,0.218,53.51
422,1990,Belgium,South Korea,51.28,235.37,group_or_knockout,204.48,47.46,0.102,0.3715,4.31,0.178,real_news_reference,0.163,42.38
423,1990,Netherlands,Egypt,51.28,119.98,group_or_knockout,194.04,53.58,0.107,0.2458,3.31,0.036,real_news_reference,0.089,43.79
424,1990,Argentina,Russia,51.28,121.13,group_or_knockout,118.25,62.45,0.111,0.1411,4.53,0.224,real_news_reference,0.165,49.24
425,1990,Uruguay,Spain,46.88,129.16,group_or_knockout,136.02,86.43,0.142,0.2652,2.55,0.102,real_news_reference,0.136,49.15
426,1990,Cameroon,Romania,53.48,171.6,group_or_knockout,169.05,102.07,-0.009,0.3218,4.2,0.065,real_news_reference,0.057,55.95
427,1990,Italy,United States,49.08,123.93,group_or_knockout,129.87,80.25,0.094,0.2017,-0.09,0.28,real_news_reference,0.188,49.04
428,1990,Yugoslavia,Colombia,49.08,90.27,group_or_knockout,265.84,60.44,0.171,0.4892,0.34,0.204,real_news_reference,0.218,43.09
429,1990,Austria,Czechoslovakia,49.08,110.06,group_or_knockout,156.31,77.46,0.17,0.3277,-2.4,0.226,real_news_reference,0.211,45.62
430,1990,Germany,United Arab Emirates,60.08,245.78,group_or_knockout,177.72,55.24,0.264,0.3547,2.52,0.184,real_news_reference,0.237,52.19
431,1990,Brazil,Costa Rica,49.08,143.22,group_or_knockout,198.57,87.67,0.332,0.4058,1.18,0.141,real_news_reference,0.253,43.18
432,1990,England,Netherlands,46.88,152.0,group_or_knockout,128.55,79.63,0.299,0.4071,0.9,0.126,real_news_reference,0.232,42.02
433,1990,Sweden,Scotland,53.48,142.04,group_or_knockout,206.68,49.65,0.24,0.1279,3.5,0.21,real_news_reference,0.215,53.24
434,1990,Belgium,Uruguay,55.68,132.29,group_or_knockout,110.24,109.25,0.133,0.163,1.91,0.239,real_news_reference,0.184,47.59
435,1990,Republic of Ireland,Egypt,46.88,214.29,group_or_knockout,125.74,88.72,0.086,0.3151,-0.21,0.143,real_news_reference,0.135,37.28
436,1990,South Korea,Spain,55.68,150.95,group_or_knockout,217.43,72.42,0.15,0.2381,8.14,0.314,real_news_reference,0.233,57.31
437,1990,Argentina,Romania,51.28,129.43,group_or_knockout,228.12,88.51,0.207,0.1344,2.72,0.132,real_news_reference,0.166,40.4
438,1990,Cameroon,Russia,55.68,216.27,group_or_knockout,137.87,93.65,0.23,0.3071,0.53,0.037,real_news_reference,0.151,62.89
439,1990,Austria,United States,53.48,124.84,group_or_knockout,128.62,58.09,0.21,0.1728,1.39,0.01,real_news_reference,0.116,48.46
440,1990,Germany,Colombia,51.28,124.06,group_or_knockout,177.53,59.04,0.136,0.2165,2.44,0.013,real_news_reference,0.089,40.12
441,1990,Italy,Czechoslovakia,51.28,146.96,group_or_knockout,131.83,91.7,0.227,0.1505,2.43,0.115,real_news_reference,0.169,56.33
442,1990,Yugoslavia,United Arab Emirates,57.88,165.41,group_or_knockout,162.59,122.34,0.274,0.2434,5.53,0.13,real_news_reference,0.206,57.64
443,1990,Brazil,Scotland,49.08,150.83,group_or_knockout,183.56,80.94,0.236,0.392,2.63,0.203,real_news_reference,0.237,52.72
444,1990,Sweden,Costa Rica,53.48,274.51,group_or_knockout,140.23,87.61,0.145,0.1381,6.7,0.146,real_news_reference,0.145,50.09
445,1990,Belgium,Spain,53.48,167.91,group_or_knockout,98.29,93.09,0.065,0.293,1.89,0.216,real_news_reference,0.156,48.53
446,1990,England,Egypt,49.08,72.07,group_or_knockout,106.5,72.28,0.062,0.1831,3.7,0.152,real_news_reference,0.115,49.86
447,1990,Republic of Ireland,Netherlands,51.28,160.56,group_or_knockout,154.44,49.76,0.08,0.465,4.95,0.149,real_news_reference,0.15,47.49
448,1990,South Korea,Uruguay,49.08,141.75,group_or_knockout,92.54,69.47,0.174,0.2894,5.31,0.102,real_news_reference,0.153,48.11
449,1990,Cameroon,Colombia,53.48,154.7,group_or_knockout,149.16,110.72,0.2,0.4659,5.55,0.262,real_news_reference,0.254,47.06
450,1990,Czechoslovakia,Costa Rica,57.88,177.19,group_or_knockout,122.77,112.66,0.007,0.3074,2.23,0.026,real_news_reference,0.046,52.08
451,1990,Brazil,Argentina,49.08,139.13,group_or_knockout,222.17,103.35,0.098,0.1383,2.79,0.172,real_news_reference,0.135,39.73
452,1990,Germany,Netherlands,53.48,150.59,group_or_knockout,276.05,58.76,0.172,0.1707,-2.41,0.134,real_news_reference,0.155,56.76
453,1990,Republic of Ireland,Romania,46.88,159.05,group_or_knockout,108.1,73.03,0.058,0.2443,2.39,0.211,real_news_reference,0.145,42.45
454,1990,Italy,Uruguay,51.28,125.9,group_or_knockout,164.27,85.13,0.192,0.3782,5.09,0.146,real_news_reference,0.19,58.0
455,1990,England,Belgium,49.08,107.57,group_or_knockout,115.97,57.57,0.117,0.4348,4.68,0.149,real_news_reference,0.163,42.87
456,1990,Spain,Yugoslavia,53.48,356.37,group_or_knockout,148.71,62.1,0.076,0.1695,2.62,0.127,real_news_reference,0.108,50.86
457,1990,Italy,Republic of Ireland,49.08,114.78,group_or_knockout,231.44,94.07,0.153,0.4543,6.37,0.26,real_news_reference,0.231,43.68
458,1990,Yugoslavia,Argentina,46.88,137.78,group_or_knockout,125.33,83.14,0.187,0.1863,1.99,0.148,real_news_reference,0.169,48.28
459,1990,Cameroon,England,57.88,108.81,group_or_knockout,161.88,100.79,0.063,0.2857,1.3,0.306,real_news_reference,0.195,61.99
460,1990,Germany,Czechoslovakia,49.08,144.9,group_or_knockout,116.49,61.21,0.124,0.2665,1.82,0.17,real_news_reference,0.159,46.89
461,1990,Italy,Argentina,51.28,112.84,group_or_knockout,205.17,79.94,0.195,0.2165,0.44,0.15,real_news_reference,0.177,46.77
462,1990,Germany,England,51.28,129.46,group_or_knockout,68.13,47.69,0.072,0.1648,4.11,0.136,real_news_reference,0.11,53.75
463,1990,Italy,England,53.48,204.78,group_or_knockout,143.83,57.17,-0.018,0.2512,3.41,0.193,real_news_reference,0.104,45.4
464,1990,Germany,Argentina,49.08,160.07,group_or_knockout,145.76,77.24,-0.006,0.2059,4.08,0.101,real_news_reference,0.063,48.87
465,1994,Germany,Bolivia,50.53,169.31,group_or_knockout,128.68,65.82,0.106,0.4235,1.93,0.16,real_news_reference,0.162,52.76
466,1994,Spain,South Korea,57.13,99.42,group_or_knockout,212.98,123.14,0.016,0.2497,2.68,0.149,real_news_reference,0.099,50.1
467,1994,Colombia,Romania,57.13,273.05,group_or_knockout,231.79,86.43,0.113,0.3094,-1.77,0.174,real_news_reference,0.16,58.05
468,1994,Italy,Republic of Ireland,50.53,103.42,group_or_knockout,106.65,50.97,0.315,0.2463,3.59,0.176,real_news_reference,0.246,52.79
469,1994,United States,Switzerland,52.73,231.18,group_or_knockout,267.35,48.68,0.01,0.1981,3.01,0.18,real_news_reference,0.105,43.36
470,1994,Belgium,Morocco,50.53,192.21,group_or_knockout,106.35,93.12,0.12,0.2643,0.49,0.156,real_news_reference,0.151,45.31
471,1994,Cameroon,Sweden,57.13,191.9,group_or_knockout,236.86,64.15,0.361,0.1559,2.58,0.274,real_news_reference,0.301,52.92
472,1994,Norway,Mexico,50.53,113.66,group_or_knockout,157.59,57.81,0.189,0.2576,2.26,0.182,real_news_reference,0.193,53.53
473,1994,Brazil,Russia,52.73,157.22,group_or_knockout,139.67,76.51,0.111,0.2368,6.51,0.357,real_news_reference,0.234,51.9
474,1994,Netherlands,Saudi Arabia,54.93,137.58,group_or_knockout,148.97,68.29,0.132,0.2248,0.57,0.152,real_news_reference,0.15,51.74
475,1994,Argentina,Greece,57.13,164.59,group_or_knockout,170.2,97.21,0.191,0.2015,3.5,0.225,real_news_reference,0.207,51.12
476,1994,Germany,Spain,52.73,140.5,group_or_knockout,166.88,80.75,0.318,0.27,0.51,0.09,real_news_reference,0.211,41.21
477,1994,Nigeria,Bulgaria,54.93,88.7,group_or_knockout,131.11,57.4,0.095,0.2582,1.63,0.26,real_news_reference,0.186,43.25
478,1994,Romania,Switzerland,59.33,232.11,group_or_knockout,168.11,113.92,0.072,0.3364,3.38,0.092,real_news_reference,0.107,51.41
479,1994,United States,Colombia,54.93,153.45,group_or_knockout,136.1,79.85,0.01,0.1342,2.36,0.185,real_news_reference,0.101,45.15
480,1994,Italy,Norway,50.53,126.07,group_or_knockout,112.03,85.6,0.158,0.0997,2.79,0.127,real_news_reference,0.138,41.59
481,1994,South Korea,Bolivia,48.33,118.06,group_or_knockout,118.36,43.74,0.008,0.307,3.5,0.184,real_news_reference,0.117,48.18
482,1994,Brazil,Cameroon,54.93,173.54,group_or_knockout,123.79,94.17,0.102,0.1612,1.76,0.129,real_news_reference,0.12,54.82
483,1994,Mexico,Republic of Ireland,54.93,122.22,group_or_knockout,148.56,69.64,0.057,0.4281,4.66,0.085,real_news_reference,0.107,43.73
484,1994,Sweden,Russia,57.13,86.82,group_or_knockout,191.22,88.13,0.256,0.1001,2.16,0.126,real_news_reference,0.182,56.78
485,1994,Argentina,Nigeria,54.93,175.92,group_or_knockout,170.07,70.7,0.097,0.2797,2.6,0.271,real_news_reference,0.194,45.73
486,1994,Belgium,Netherlands,50.53,166.99,group_or_knockout,248.68,110.92,0.188,0.2583,3.56,0.185,real_news_reference,0.194,46.28
487,1994,Saudi Arabia,Morocco,54.93,148.44,group_or_knockout,94.96,65.92,-0.012,0.3812,3.28,0.045,real_news_reference,0.053,62.42
488,1994,Bulgaria,Greece,57.13,118.38,group_or_knockout,193.0,119.21,0.161,0.2236,4.15,0.236,real_news_reference,0.201,55.3
489,1994,Switzerland,Colombia,52.73,154.48,group_or_knockout,158.66,110.38,0.028,0.1641,3.47,0.077,real_news_reference,0.064,41.78
490,1994,United States,Romania,50.53,95.82,group_or_knockout,186.14,73.13,0.106,0.2339,3.78,0.208,real_news_reference,0.165,45.74
491,1994,Bolivia,Spain,57.13,122.45,group_or_knockout,205.29,74.0,0.369,0.2236,2.12,0.192,real_news_reference,0.275,58.36
492,1994,Germany,South Korea,59.33,137.4,group_or_knockout,171.03,82.79,0.241,0.2862,0.56,0.197,real_news_reference,0.226,51.07
493,1994,Brazil,Sweden,52.73,190.85,group_or_knockout,165.4,115.28,0.135,0.2346,-0.2,0.296,real_news_reference,0.217,59.44
494,1994,Republic of Ireland,Norway,48.33,124.78,group_or_knockout,120.55,82.38,0.468,0.4073,-0.71,0.082,real_news_reference,0.288,45.1
495,1994,Italy,Mexico,52.73,132.92,group_or_knockout,184.68,84.8,0.057,0.295,6.5,0.197,real_news_reference,0.144,41.53
496,1994,Russia,Cameroon,63.73,314.81,group_or_knockout,119.69,60.33,0.265,0.2432,-1.85,0.249,real_news_reference,0.256,62.11
497,1994,Belgium,Saudi Arabia,50.53,159.37,group_or_knockout,184.34,101.17,-0.005,0.3264,5.31,0.097,real_news_reference,0.074,51.71
498,1994,Morocco,Netherlands,54.93,172.6,group_or_knockout,164.07,55.42,0.124,0.2011,1.08,0.088,real_news_reference,0.116,51.86
499,1994,Argentina,Bulgaria,52.73,135.87,group_or_knockout,140.25,50.68,0.013,0.2268,5.29,0.125,real_news_reference,0.085,58.75
500,1994,Greece,Nigeria,52.73,127.51,group_or_knockout,149.46,66.3,0.174,0.2151,-1.83,0.174,real_news_reference,0.178,58.25
501,1994,Germany,Belgium,59.33,91.92,group_or_knockout,171.28,90.09,0.154,0.1037,2.31,0.035,real_news_reference,0.095,49.25
502,1994,Spain,Switzerland,54.93,205.88,group_or_knockout,228.24,113.37,0.117,0.1736,5.85,0.192,real_news_reference,0.156,44.43
503,1994,Romania,Argentina,59.33,192.22,group_or_knockout,400.01,114.33,0.257,0.1706,4.3,0.035,real_news_reference,0.148,52.95
504,1994,Saudi Arabia,Sweden,57.13,155.27,group_or_knockout,232.83,66.09,0.091,0.1768,2.09,0.252,real_news_reference,0.172,57.07
505,1994,Netherlands,Republic of Ireland,52.73,145.0,group_or_knockout,137.53,72.96,0.181,0.2413,-1.28,0.189,real_news_reference,0.191,52.55
506,1994,United States,Brazil,50.53,177.45,group_or_knockout,177.69,96.73,0.23,0.3113,0.02,0.301,real_news_reference,0.27,44.35
507,1994,Mexico,Bulgaria,52.73,97.5,group_or_knockout,187.45,83.59,-0.0,0.4049,5.72,0.202,real_news_reference,0.131,59.18
508,1994,Nigeria,Italy,54.93,133.07,group_or_knockout,130.94,61.9,0.073,0.1988,2.07,0.124,real_news_reference,0.109,48.92
509,1994,Italy,Spain,54.93,114.19,group_or_knockout,120.4,77.72,0.154,0.2253,2.65,0.084,real_news_reference,0.13,58.75
510,1994,Netherlands,Brazil,59.33,278.42,group_or_knockout,175.44,101.67,0.211,0.3489,3.4,0.167,real_news_reference,0.205,64.05
511,1994,Bulgaria,Germany,54.93,200.59,group_or_knockout,201.94,118.93,0.29,0.1437,0.06,0.146,real_news_reference,0.211,44.79
512,1994,Romania,Sweden,57.13,88.11,group_or_knockout,114.71,100.57,0.127,0.4381,3.66,0.243,real_news_reference,0.21,49.34
513,1994,Bulgaria,Italy,54.93,102.74,group_or_knockout,137.8,50.59,0.116,0.4756,1.92,0.074,real_news_reference,0.133,47.1
514,1994,Sweden,Brazil,50.53,139.14,group_or_knockout,175.17,91.79,0.061,0.193,3.42,0.31,real_news_reference,0.186,56.14
515,1994,Sweden,Bulgaria,57.13,143.03,group_or_knockout,173.43,70.05,0.181,0.1082,1.59,0.25,real_news_reference,0.205,51.78
516,1994,Brazil,Italy,48.33,95.32,group_or_knockout,206.88,97.67,0.118,0.2139,-0.5,0.132,real_news_reference,0.134,52.25
517,1998,Brazil,Scotland,56.39,277.78,group_or_knockout,119.04,78.89,0.121,0.3371,1.9,0.292,real_news_reference,0.22,53.69
518,1998,Morocco,Norway,58.59,182.74,group_or_knockout,316.91,67.94,0.139,0.4141,4.15,0.085,real_news_reference,0.142,55.34
519,1998,Cameroon,Austria,54.19,176.88,group_or_knockout,110.83,81.74,0.203,0.3566,3.63,0.165,real_news_reference,0.201,59.89
520,1998,Italy,Chile,58.59,137.94,group_or_knockout,105.98,72.17,0.092,0.398,2.86,0.046,real_news_reference,0.102,55.0
521,1998,France,South Africa,56.39,197.26,group_or_knockout,166.93,68.04,0.071,0.1371,4.69,0.296,real_news_reference,0.179,59.1
522,1998,Paraguay,Bulgaria,49.79,127.91,group_or_knockout,112.64,81.92,0.191,0.1191,2.37,0.016,real_news_reference,0.105,46.44
523,1998,Saudi Arabia,Denmark,51.99,137.24,group_or_knockout,154.68,98.65,-0.154,0.1563,2.92,0.033,real_news_reference,-0.039,42.46
524,1998,South Korea,Mexico,58.59,198.67,group_or_knockout,172.8,116.33,0.088,0.3353,1.79,0.097,real_news_reference,0.117,46.82
525,1998,Netherlands,Belgium,49.79,90.17,group_or_knockout,142.43,70.55,0.033,0.359,4.81,0.254,real_news_reference,0.165,42.57
526,1998,Spain,Nigeria,60.79,271.67,group_or_knockout,147.94,59.99,0.268,0.3463,3.41,0.225,real_news_reference,0.256,63.22
527,1998,Argentina,Japan,51.99,156.35,group_or_knockout,174.03,79.5,0.104,0.3909,1.63,0.158,real_news_reference,0.157,47.55
528,1998,Jamaica,Croatia,58.59,239.66,group_or_knockout,162.59,85.77,0.092,0.3211,-0.33,0.23,real_news_reference,0.177,55.28
529,1998,Serbia,Iran,51.99,109.94,group_or_knockout,205.81,60.1,0.143,0.3798,5.12,0.139,real_news_reference,0.165,42.46
530,1998,England,Tunisia,54.19,119.58,group_or_knockout,155.62,111.9,0.089,0.1755,1.24,0.182,real_news_reference,0.14,54.42
531,1998,Germany,United States,54.19,111.85,group_or_knockout,127.91,117.4,0.108,0.4196,2.95,0.28,real_news_reference,0.217,57.94
532,1998,Romania,Colombia,51.99,159.36,group_or_knockout,102.42,50.29,0.158,0.2227,7.74,0.128,real_news_reference,0.151,52.24
533,1998,Brazil,Morocco,56.39,164.15,group_or_knockout,162.27,109.08,0.106,0.2978,4.48,0.087,real_news_reference,0.117,63.97
534,1998,Scotland,Norway,54.19,135.97,group_or_knockout,118.53,94.26,0.105,0.2645,6.18,0.186,real_news_reference,0.157,42.59
535,1998,Chile,Austria,54.19,116.58,group_or_knockout,116.16,67.19,0.047,0.2225,1.67,0.207,real_news_reference,0.137,42.57
536,1998,Italy,Cameroon,56.39,113.03,group_or_knockout,193.28,97.31,0.033,0.1809,5.05,0.157,real_news_reference,0.104,54.13
537,1998,France,Saudi Arabia,58.59,165.17,group_or_knockout,112.86,62.53,0.154,0.232,2.86,0.228,real_news_reference,0.195,51.32
538,1998,South Africa,Denmark,54.19,135.93,group_or_knockout,231.72,53.66,0.179,0.2321,3.57,0.132,real_news_reference,0.163,55.66
539,1998,Nigeria,Bulgaria,51.99,122.62,group_or_knockout,162.55,113.94,0.005,0.3026,7.04,0.158,real_news_reference,0.104,55.4
540,1998,Spain,Paraguay,49.79,219.42,group_or_knockout,147.95,86.0,0.224,0.1676,2.21,0.178,real_news_reference,0.198,40.67
541,1998,Belgium,Mexico,58.59,163.61,group_or_knockout,135.89,72.02,0.225,0.2296,2.84,0.171,real_news_reference,0.201,65.05
542,1998,Japan,Croatia,51.99,212.02,group_or_knockout,189.08,77.21,0.246,0.1581,0.9,0.277,real_news_reference,0.251,41.11
543,1998,Netherlands,South Korea,60.79,149.62,group_or_knockout,182.49,129.79,0.178,0.0926,4.67,0.178,real_news_reference,0.169,62.48
544,1998,Argentina,Jamaica,60.79,186.04,group_or_knockout,153.84,89.38,0.212,0.2379,1.62,0.124,real_news_reference,0.175,55.83
545,1998,Germany,Serbia,58.59,164.85,group_or_knockout,185.03,121.32,0.367,0.6866,4.95,0.19,real_news_reference,0.319,59.78
546,1998,United States,Iran,56.39,100.18,group_or_knockout,111.23,114.44,0.118,0.248,-0.66,0.229,real_news_reference,0.181,45.97
547,1998,Colombia,Tunisia,51.99,221.62,group_or_knockout,103.77,70.05,0.044,0.1862,3.95,0.21,real_news_reference,0.133,58.09
548,1998,Romania,England,56.39,155.16,group_or_knockout,128.03,101.77,-0.005,0.1719,1.45,0.206,real_news_reference,0.108,63.01
549,1998,Brazil,Norway,56.39,198.6,group_or_knockout,184.87,99.17,0.324,0.4233,4.33,0.028,real_news_reference,0.201,54.53
550,1998,Chile,Cameroon,54.19,125.45,group_or_knockout,162.66,103.1,0.325,0.2108,2.77,-0.051,real_news_reference,0.144,52.21
551,1998,Italy,Austria,56.39,153.87,group_or_knockout,220.2,77.58,0.056,0.3237,1.68,0.25,real_news_reference,0.17,56.87
552,1998,Scotland,Morocco,56.39,126.42,group_or_knockout,134.6,54.58,0.075,0.207,1.99,0.183,real_news_reference,0.137,55.76
553,1998,France,Denmark,56.39,227.78,group_or_knockout,195.58,63.29,0.116,0.1118,1.01,0.146,real_news_reference,0.129,55.02
554,1998,Nigeria,Paraguay,58.59,182.68,group_or_knockout,171.07,99.69,0.271,0.3439,4.56,0.204,real_news_reference,0.248,58.13
555,1998,South Africa,Saudi Arabia,58.59,185.55,group_or_knockout,139.05,111.77,0.019,0.1529,0.6,0.302,real_news_reference,0.16,63.81
556,1998,Spain,Bulgaria,65.19,272.49,group_or_knockout,215.64,122.74,-0.049,0.1041,2.24,0.261,real_news_reference,0.106,65.19
557,1998,Belgium,South Korea,54.19,214.06,group_or_knockout,160.13,89.89,0.365,0.349,3.53,0.225,real_news_reference,0.3,46.09
558,1998,Germany,Iran,54.19,191.87,group_or_knockout,139.1,54.74,0.179,0.131,6.19,0.077,real_news_reference,0.128,60.1
559,1998,Netherlands,Mexico,58.59,112.45,group_or_knockout,177.87,54.05,0.194,0.2489,2.78,0.088,real_news_reference,0.152,50.26
560,1998,United States,Serbia,51.99,122.27,group_or_knockout,151.21,99.65,0.128,0.2776,2.29,-0.043,real_news_reference,0.066,43.64
561,1998,Argentina,Croatia,51.99,112.16,group_or_knockout,150.3,83.92,0.195,0.2253,3.37,0.199,real_news_reference,0.2,59.21
562,1998,Colombia,England,54.19,189.84,group_or_knockout,146.84,103.91,-0.003,0.2987,-1.55,0.237,real_news_reference,0.135,46.43
563,1998,Japan,Jamaica,56.39,169.03,group_or_knockout,122.25,62.68,0.064,0.2335,0.28,0.243,real_news_reference,0.162,46.02
564,1998,Romania,Tunisia,54.19,104.92,group_or_knockout,165.87,77.47,0.159,0.1844,2.01,0.202,real_news_reference,0.181,53.23
565,1998,Brazil,Chile,60.79,164.77,group_or_knockout,149.42,127.35,-0.079,0.2262,1.3,0.136,real_news_reference,0.048,65.52
566,1998,Italy,Norway,51.99,97.78,group_or_knockout,121.02,58.39,0.118,0.2019,-0.56,0.103,real_news_reference,0.12,41.69
567,1998,France,Paraguay,51.99,146.37,group_or_knockout,147.07,50.95,0.112,0.2274,4.6,0.082,real_news_reference,0.11,49.73
568,1998,Nigeria,Denmark,60.79,109.28,group_or_knockout,219.41,106.35,0.118,0.1843,3.35,0.135,real_news_reference,0.132,48.92
569,1998,Germany,Mexico,56.39,186.86,group_or_knockout,177.45,94.33,0.093,0.3621,3.09,0.07,real_news_reference,0.11,52.69
570,1998,Netherlands,Serbia,56.39,179.13,group_or_knockout,148.34,120.54,0.049,0.1241,1.34,0.289,real_news_reference,0.165,50.97
571,1998,Argentina,England,58.59,285.66,group_or_knockout,152.59,121.77,-0.034,0.3972,2.97,0.044,real_news_reference,0.044,48.59
572,1998,Romania,Croatia,51.99,188.38,group_or_knockout,183.09,97.44,0.163,0.1583,3.88,0.132,real_news_reference,0.149,57.98
573,1998,Brazil,Denmark,60.79,154.32,group_or_knockout,100.31,56.22,0.118,0.2858,2.24,-0.007,real_news_reference,0.079,61.31
574,1998,France,Italy,49.79,178.91,group_or_knockout,182.57,75.91,0.011,0.1982,3.73,0.172,real_news_reference,0.102,53.95
575,1998,Germany,Croatia,56.39,108.96,group_or_knockout,106.04,116.44,0.154,0.3705,1.13,0.148,real_news_reference,0.173,62.38
576,1998,Netherlands,Argentina,56.39,123.08,group_or_knockout,118.92,82.54,0.119,0.2753,3.0,0.12,real_news_reference,0.135,62.87
577,1998,Brazil,Netherlands,54.19,170.0,group_or_knockout,143.16,116.55,0.102,0.2742,5.2,0.073,real_news_reference,0.106,56.86
578,1998,France,Croatia,56.39,88.06,group_or_knockout,291.44,98.58,-0.068,0.2335,5.39,0.148,real_news_reference,0.059,50.22
579,1998,Netherlands,Croatia,56.39,159.47,group_or_knockout,257.66,58.77,0.216,0.1874,5.59,0.105,real_news_reference,0.163,60.81
580,1998,France,Brazil,56.39,121.1,group_or_knockout,202.13,88.08,0.025,0.3529,3.4,0.137,real_news_reference,0.108,54.54
581,2002,France,Senegal,53.45,157.14,group_or_knockout,175.54,96.44,0.154,0.3868,2.87,0.305,real_news_reference,0.245,46.92
582,2002,Germany,Saudi Arabia,68.85,145.5,group_or_knockout,129.85,67.82,0.067,0.3138,1.86,0.162,real_news_reference,0.134,63.26
583,2002,Republic of Ireland,Cameroon,55.65,179.09,group_or_knockout,173.86,75.02,0.109,0.2011,-1.0,0.191,real_news_reference,0.155,49.44
584,2002,Uruguay,Denmark,57.85,166.21,group_or_knockout,151.49,105.99,0.263,0.4781,-0.02,0.111,real_news_reference,0.216,54.83
585,2002,Argentina,Nigeria,53.45,226.07,group_or_knockout,130.92,59.02,0.201,0.2882,2.45,0.085,real_news_reference,0.158,56.73
586,2002,England,Sweden,55.65,159.33,group_or_knockout,173.78,75.29,0.261,0.1991,2.57,0.146,real_news_reference,0.203,53.12
587,2002,Paraguay,South Africa,60.05,138.37,group_or_knockout,160.36,107.9,0.181,0.3202,5.77,0.348,real_news_reference,0.27,52.63
588,2002,Spain,Slovenia,60.05,160.14,group_or_knockout,224.19,114.59,0.188,0.3455,5.56,0.125,real_news_reference,0.175,48.73
589,2002,Brazil,Turkey,57.85,113.46,group_or_knockout,107.11,91.06,-0.03,0.4157,1.36,0.177,real_news_reference,0.108,62.94
590,2002,Croatia,Mexico,53.45,171.14,group_or_knockout,163.61,114.59,0.116,0.0637,4.52,0.082,real_news_reference,0.095,49.72
591,2002,Italy,Ecuador,55.65,187.59,group_or_knockout,134.2,117.03,0.126,0.072,1.8,-0.072,real_news_reference,0.032,52.26
592,2002,China,Costa Rica,55.65,317.49,group_or_knockout,150.91,84.34,0.27,0.1681,4.23,0.085,real_news_reference,0.177,58.71
593,2002,Japan,Belgium,60.05,144.18,group_or_knockout,194.68,66.56,0.097,0.1675,4.49,0.339,real_news_reference,0.213,65.21
594,2002,South Korea,Poland,55.65,147.54,group_or_knockout,126.44,106.0,0.175,0.4314,5.41,0.196,real_news_reference,0.21,53.65
595,2002,Germany,Republic of Ireland,55.65,135.35,group_or_knockout,174.19,67.67,0.171,0.2704,1.77,0.279,real_news_reference,0.23,56.08
596,2002,Russia,Tunisia,55.65,168.76,group_or_knockout,158.54,111.06,0.264,0.198,4.93,0.12,real_news_reference,0.193,48.2
597,2002,United States,Portugal,62.25,197.95,group_or_knockout,158.54,103.54,0.135,0.2417,-1.13,-0.04,real_news_reference,0.067,69.51
598,2002,Cameroon,Saudi Arabia,53.45,150.48,group_or_knockout,142.75,75.49,0.231,0.3365,5.52,0.059,real_news_reference,0.164,52.62
599,2002,Denmark,Senegal,55.65,215.56,group_or_knockout,160.85,90.34,-0.022,0.2229,2.75,0.18,real_news_reference,0.093,57.82
600,2002,France,Uruguay,51.25,123.22,group_or_knockout,127.07,81.62,-0.013,0.3356,2.79,0.167,real_news_reference,0.103,42.08
601,2002,Argentina,England,53.45,201.32,group_or_knockout,160.86,112.36,-0.08,0.2153,-1.48,0.147,real_news_reference,0.052,53.95
602,2002,Spain,Paraguay,60.05,199.53,group_or_knockout,168.28,70.78,0.227,0.2667,1.98,0.106,real_news_reference,0.177,54.81
603,2002,Sweden,Nigeria,57.85,164.76,group_or_knockout,149.16,121.87,0.215,0.299,5.65,0.223,real_news_reference,0.227,54.5
604,2002,Brazil,China,60.05,157.12,group_or_knockout,268.44,56.49,0.238,0.2622,1.9,0.108,real_news_reference,0.182,61.59
605,2002,Italy,Croatia,57.85,326.14,group_or_knockout,192.8,109.91,0.08,0.087,4.3,0.173,real_news_reference,0.123,61.71
606,2002,South Africa,Slovenia,53.45,121.51,group_or_knockout,145.92,112.01,0.092,0.252,2.87,0.164,real_news_reference,0.14,48.41
607,2002,Costa Rica,Turkey,55.65,172.86,group_or_knockout,173.39,78.59,0.136,0.1555,5.03,0.119,real_news_reference,0.13,60.9
608,2002,Japan,Russia,53.45,123.8,group_or_knockout,124.22,53.18,0.292,0.1626,3.2,0.078,real_news_reference,0.183,45.9
609,2002,Mexico,Ecuador,57.85,272.55,group_or_knockout,155.81,112.58,0.318,0.1921,0.84,0.114,real_news_reference,0.214,56.85
610,2002,South Korea,United States,55.65,203.85,group_or_knockout,154.33,111.06,0.227,0.2135,2.92,0.298,real_news_reference,0.258,46.44
611,2002,Portugal,Poland,60.05,141.92,group_or_knockout,132.09,80.29,0.181,0.3049,6.16,0.237,real_news_reference,0.219,53.09
612,2002,Tunisia,Belgium,55.65,183.57,group_or_knockout,184.18,87.6,0.282,0.1228,3.85,0.23,real_news_reference,0.243,61.35
613,2002,Cameroon,Germany,55.65,170.93,group_or_knockout,147.33,108.65,0.123,0.3464,2.56,0.085,real_news_reference,0.128,43.64
614,2002,Denmark,France,55.65,137.61,group_or_knockout,152.97,63.98,0.109,0.2485,7.54,0.033,real_news_reference,0.089,61.75
615,2002,Saudi Arabia,Republic of Ireland,57.85,204.41,group_or_knockout,150.76,99.37,0.135,0.2878,5.23,0.236,real_news_reference,0.196,51.96
616,2002,Senegal,Uruguay,64.45,205.39,group_or_knockout,405.72,94.09,0.05,0.1171,4.52,0.22,real_news_reference,0.133,66.41
617,2002,Nigeria,England,51.25,155.57,group_or_knockout,130.46,57.75,0.131,0.1235,3.47,0.159,real_news_reference,0.143,41.67
618,2002,Slovenia,Paraguay,60.05,169.6,group_or_knockout,107.56,118.95,0.036,0.2323,4.33,0.118,real_news_reference,0.093,60.7
619,2002,South Africa,Spain,62.25,200.71,group_or_knockout,125.36,82.3,0.251,0.5826,4.4,0.031,real_news_reference,0.185,68.94
620,2002,Sweden,Argentina,55.65,169.58,group_or_knockout,202.13,117.69,0.202,0.3476,-1.78,0.218,real_news_reference,0.224,54.53
621,2002,Costa Rica,Brazil,66.65,193.64,group_or_knockout,279.66,109.28,0.291,0.4706,3.63,0.243,real_news_reference,0.287,60.68
622,2002,Ecuador,Croatia,53.45,127.65,group_or_knockout,135.41,83.86,-0.015,0.2615,2.46,0.094,real_news_reference,0.062,56.96
623,2002,Mexico,Italy,55.65,255.53,group_or_knockout,230.17,80.71,0.338,0.0906,1.75,0.087,real_news_reference,0.2,57.69
624,2002,Turkey,China,57.85,123.19,group_or_knockout,209.19,82.2,-0.009,0.1684,2.39,0.247,real_news_reference,0.124,47.57
625,2002,Belgium,Russia,62.25,200.52,group_or_knockout,178.36,122.22,0.028,0.1707,-0.47,0.097,real_news_reference,0.073,63.47
626,2002,Japan,Tunisia,55.65,145.39,group_or_knockout,156.64,99.1,0.086,0.2109,-0.99,0.29,real_news_reference,0.19,56.72
627,2002,South Korea,Portugal,53.45,249.99,group_or_knockout,168.0,101.86,0.279,0.3038,5.42,0.139,real_news_reference,0.218,56.16
628,2002,Poland,United States,60.05,133.25,group_or_knockout,224.65,86.92,0.171,0.1826,3.77,0.117,real_news_reference,0.148,53.68
629,2002,Denmark,England,57.85,134.56,group_or_knockout,191.94,71.73,0.124,0.2018,-2.27,0.152,real_news_reference,0.144,53.48
630,2002,Germany,Paraguay,53.45,116.42,group_or_knockout,135.58,54.14,0.069,0.3815,1.59,0.117,real_news_reference,0.122,60.16
631,2002,Spain,Republic of Ireland,55.65,174.1,group_or_knockout,160.06,106.27,0.011,0.3493,4.65,0.238,real_news_reference,0.147,54.9
632,2002,Sweden,Senegal,57.85,112.55,group_or_knockout,285.19,83.3,0.261,0.2833,2.21,0.219,real_news_reference,0.244,55.71
633,2002,Brazil,Belgium,55.65,139.09,group_or_knockout,178.02,86.92,0.228,0.3144,5.41,0.235,real_news_reference,0.24,63.18
634,2002,Mexico,United States,55.65,87.04,group_or_knockout,207.77,84.04,0.283,0.2497,5.0,0.163,real_news_reference,0.226,48.01
635,2002,Japan,Turkey,53.45,163.38,group_or_knockout,183.78,78.06,0.188,0.4304,-0.05,0.112,real_news_reference,0.178,49.35
636,2002,South Korea,Italy,57.85,143.71,group_or_knockout,186.08,103.5,-0.116,0.1978,2.5,0.147,real_news_reference,0.034,60.95
637,2002,England,Brazil,57.85,108.98,group_or_knockout,178.58,97.84,0.024,0.2848,1.86,0.114,real_news_reference,0.091,59.97
638,2002,Germany,United States,53.45,207.0,group_or_knockout,200.96,115.65,0.195,0.264,-0.12,0.265,real_news_reference,0.233,60.29
639,2002,South Korea,Spain,51.25,101.55,group_or_knockout,184.27,55.38,0.111,0.2549,-0.25,0.228,real_news_reference,0.178,52.05
640,2002,Senegal,Turkey,53.45,190.93,group_or_knockout,171.52,87.96,0.092,0.2485,1.11,0.141,real_news_reference,0.13,47.72
641,2002,South Korea,Germany,53.45,125.52,group_or_knockout,135.0,52.5,0.038,0.3554,1.45,0.074,real_news_reference,0.086,49.34
642,2002,Brazil,Turkey,53.45,239.17,group_or_knockout,176.82,104.24,0.243,0.1962,3.39,0.271,real_news_reference,0.251,43.42
643,2002,South Korea,Turkey,62.25,219.43,group_or_knockout,183.9,105.9,0.194,0.1934,4.99,0.159,real_news_reference,0.178,69.26
644,2002,Germany,Brazil,55.65,119.92,group_or_knockout,154.78,81.08,0.198,0.3547,3.88,0.138,real_news_reference,0.187,45.98
645,2006,Germany,Costa Rica,65.91,145.69,group_or_knockout,386.83,128.06,0.085,0.2921,4.38,0.272,real_news_reference,0.19,64.36
646,2006,Poland,Ecuador,57.11,193.35,group_or_knockout,116.77,85.18,0.166,0.3254,2.24,0.107,real_news_reference,0.155,52.8
647,2006,Argentina,Ivory Coast,59.31,157.48,group_or_knockout,226.42,70.94,0.014,0.1515,4.07,0.123,real_news_reference,0.077,49.13
648,2006,England,Paraguay,54.91,149.65,group_or_knockout,132.96,83.15,0.135,0.1335,2.49,0.13,real_news_reference,0.133,48.62
649,2006,Trinidad and Tobago,Sweden,52.71,215.08,group_or_knockout,163.63,52.29,-0.105,0.3005,1.87,0.043,real_news_reference,0.002,53.14
650,2006,Angola,Portugal,54.91,127.24,group_or_knockout,313.51,113.51,-0.009,0.1622,6.78,0.173,real_news_reference,0.09,43.45
651,2006,Mexico,Iran,61.51,180.33,group_or_knockout,145.27,113.81,0.116,0.2463,-2.09,0.087,real_news_reference,0.116,69.37
652,2006,Serbia,Netherlands,54.91,205.0,group_or_knockout,137.65,103.69,0.386,0.3829,-1.13,0.102,real_news_reference,0.258,60.8
653,2006,Australia,Japan,61.51,220.47,group_or_knockout,183.98,125.29,-0.032,0.2416,3.6,0.092,real_news_reference,0.051,49.85
654,2006,Italy,Ghana,57.11,156.07,group_or_knockout,138.82,110.17,0.024,0.1782,2.24,0.101,real_news_reference,0.074,62.4
655,2006,United States,Czech Republic,59.31,156.32,group_or_knockout,222.25,86.68,0.17,0.2414,-0.22,0.081,real_news_reference,0.137,53.28
656,2006,Brazil,Croatia,54.91,96.43,group_or_knockout,144.32,57.89,0.325,0.408,0.59,0.168,real_news_reference,0.263,44.16
657,2006,France,Switzerland,52.71,112.06,group_or_knockout,186.48,73.02,0.168,0.2575,0.86,0.136,real_news_reference,0.163,46.92
658,2006,South Korea,Togo,59.31,185.29,group_or_knockout,127.8,125.4,0.218,0.0683,4.67,0.152,real_news_reference,0.173,63.53
659,2006,Germany,Poland,54.91,150.97,group_or_knockout,105.0,117.17,0.114,0.205,5.35,0.336,real_news_reference,0.223,55.99
660,2006,Spain,Ukraine,61.51,179.5,group_or_knockout,174.51,116.76,0.097,0.2378,6.24,0.136,real_news_reference,0.129,53.26
661,2006,Tunisia,Saudi Arabia,61.51,235.14,group_or_knockout,124.84,71.71,0.156,0.3409,-0.54,0.197,real_news_reference,0.193,63.9
662,2006,Ecuador,Costa Rica,59.31,121.55,group_or_knockout,260.43,68.37,0.082,0.2663,-0.07,0.206,real_news_reference,0.156,61.37
663,2006,England,Trinidad and Tobago,57.11,152.76,group_or_knockout,117.04,116.72,0.221,0.2903,-0.21,0.143,real_news_reference,0.193,59.82
664,2006,Sweden,Paraguay,54.91,165.43,group_or_knockout,127.27,59.55,-0.013,0.2719,5.51,0.17,real_news_reference,0.098,53.52
665,2006,Argentina,Serbia,65.91,154.64,group_or_knockout,219.58,109.37,0.237,0.1457,3.68,0.15,real_news_reference,0.189,70.84
666,2006,Mexico,Angola,52.71,224.89,group_or_knockout,136.76,73.36,0.152,0.1467,2.97,0.164,real_news_reference,0.157,53.28
667,2006,Netherlands,Ivory Coast,59.31,218.59,group_or_knockout,121.9,76.66,0.127,0.2243,3.28,0.101,real_news_reference,0.125,48.94
668,2006,Czech Republic,Ghana,57.11,177.01,group_or_knockout,285.71,101.69,-0.016,0.0992,2.68,0.109,real_news_reference,0.052,61.2
669,2006,Italy,United States,57.11,269.71,group_or_knockout,133.56,122.64,0.05,0.2527,0.45,0.149,real_news_reference,0.115,51.2
670,2006,Portugal,Iran,57.11,107.26,group_or_knockout,163.35,109.13,0.268,0.181,3.88,-0.01,real_news_reference,0.134,59.04
671,2006,Brazil,Australia,57.11,162.85,group_or_knockout,162.83,87.49,0.127,0.1255,2.41,0.268,real_news_reference,0.19,58.43
672,2006,France,South Korea,57.11,180.83,group_or_knockout,204.91,84.12,0.176,0.3215,0.28,0.321,real_news_reference,0.256,51.45
673,2006,Japan,Croatia,52.71,116.6,group_or_knockout,177.75,109.63,0.06,0.1409,4.01,0.162,real_news_reference,0.114,44.18
674,2006,Saudi Arabia,Ukraine,61.51,191.22,group_or_knockout,150.28,101.59,0.145,0.3112,1.91,0.201,real_news_reference,0.187,63.37
675,2006,Spain,Tunisia,61.51,128.94,group_or_knockout,170.33,95.07,0.011,0.4405,3.28,0.235,real_news_reference,0.155,66.78
676,2006,Togo,Switzerland,57.11,198.01,group_or_knockout,162.11,102.09,0.158,0.1602,2.54,0.042,real_news_reference,0.106,61.78
677,2006,Costa Rica,Poland,59.31,227.91,group_or_knockout,214.87,71.66,0.185,0.182,4.67,0.222,real_news_reference,0.201,59.64
678,2006,Germany,Ecuador,59.31,182.92,group_or_knockout,133.05,58.29,0.18,0.1515,3.26,0.114,real_news_reference,0.147,51.12
679,2006,Paraguay,Trinidad and Tobago,57.11,97.14,group_or_knockout,284.15,114.89,0.058,0.3333,0.94,0.331,real_news_reference,0.208,51.05
680,2006,Sweden,England,61.51,134.09,group_or_knockout,152.84,103.92,0.114,0.2628,3.48,0.133,real_news_reference,0.137,64.69
681,2006,Iran,Angola,57.11,191.16,group_or_knockout,171.19,63.64,0.202,0.1781,3.54,0.221,real_news_reference,0.208,52.99
682,2006,Ivory Coast,Serbia,63.71,183.14,group_or_knockout,143.21,82.02,0.127,0.3626,3.87,0.134,real_news_reference,0.154,66.49
683,2006,Netherlands,Argentina,52.71,70.84,group_or_knockout,114.46,115.27,0.119,0.214,4.98,0.324,real_news_reference,0.221,46.99
684,2006,Portugal,Mexico,59.31,240.03,group_or_knockout,143.19,102.29,0.338,0.1506,1.51,0.107,real_news_reference,0.215,46.4
685,2006,Croatia,Australia,61.51,182.63,group_or_knockout,144.98,106.22,0.053,0.2226,4.2,0.241,real_news_reference,0.155,61.34
686,2006,Czech Republic,Italy,57.11,129.75,group_or_knockout,154.69,56.76,0.256,0.1998,-0.82,0.198,real_news_reference,0.224,56.9
687,2006,Ghana,United States,59.31,223.94,group_or_knockout,139.5,128.09,0.033,0.1072,2.55,0.18,real_news_reference,0.107,59.66
688,2006,Japan,Brazil,63.71,150.6,group_or_knockout,227.75,131.28,0.214,0.0901,2.22,0.166,real_news_reference,0.18,55.84
689,2006,Saudi Arabia,Spain,54.91,129.4,group_or_knockout,135.63,88.52,0.219,0.1029,5.84,0.095,real_news_reference,0.152,58.86
690,2006,Switzerland,South Korea,57.11,180.43,group_or_knockout,137.21,74.37,0.097,0.0776,2.47,-0.059,real_news_reference,0.025,54.57
691,2006,Togo,France,57.11,268.72,group_or_knockout,155.51,103.22,0.026,0.1334,4.08,0.234,real_news_reference,0.13,60.22
692,2006,Ukraine,Tunisia,54.91,247.23,group_or_knockout,211.43,108.91,-0.049,0.2769,-0.9,0.109,real_news_reference,0.055,54.91
693,2006,Argentina,Mexico,59.31,187.45,group_or_knockout,188.01,113.99,0.087,0.2574,2.06,0.242,real_news_reference,0.174,55.15
694,2006,Germany,Sweden,57.11,185.76,group_or_knockout,167.34,123.94,0.201,0.3553,1.02,0.176,real_news_reference,0.205,58.52
695,2006,England,Ecuador,54.91,195.84,group_or_knockout,115.29,94.88,0.04,0.2418,8.0,0.244,real_news_reference,0.152,54.2
696,2006,Portugal,Netherlands,54.91,110.36,group_or_knockout,123.97,72.35,0.158,0.2143,1.4,0.212,real_news_reference,0.188,52.93
697,2006,Italy,Australia,54.91,187.93,group_or_knockout,119.83,84.96,0.0,0.1938,2.95,-0.049,real_news_reference,-0.003,55.65
698,2006,Switzerland,Ukraine,52.71,122.64,group_or_knockout,219.54,103.38,0.125,0.1807,3.07,0.197,real_news_reference,0.163,42.74
699,2006,Brazil,Ghana,59.31,185.3,group_or_knockout,203.45,73.84,0.033,0.1983,-0.54,0.121,real_news_reference,0.089,65.7
700,2006,Spain,France,61.51,164.93,group_or_knockout,148.98,73.86,0.14,0.2348,1.7,0.241,real_news_reference,0.195,55.4
701,2006,Germany,Argentina,57.11,187.79,group_or_knockout,148.99,105.21,0.098,0.3049,3.65,0.195,real_news_reference,0.162,49.17
702,2006,Italy,Ukraine,59.31,175.19,group_or_knockout,144.96,87.65,0.029,0.0939,2.98,0.196,real_news_reference,0.111,62.74
703,2006,Brazil,France,54.91,66.37,group_or_knockout,132.19,107.71,0.082,0.2723,-2.03,0.126,real_news_reference,0.121,47.4
704,2006,England,Portugal,52.71,158.36,group_or_knockout,177.66,57.28,0.055,0.1725,1.61,0.075,real_news_reference,0.076,60.01
705,2006,Germany,Italy,57.11,195.35,group_or_knockout,159.67,76.32,0.017,0.3536,4.94,0.113,real_news_reference,0.094,53.19
706,2006,Portugal,France,54.91,177.78,group_or_knockout,277.55,68.56,0.256,0.2667,4.04,0.004,real_news_reference,0.144,48.69
707,2006,Germany,Portugal,61.51,170.8,group_or_knockout,252.6,111.16,0.112,0.1138,5.36,0.101,real_news_reference,0.107,49.35
708,2006,Italy,France,57.11,258.47,group_or_knockout,238.02,107.77,-0.072,0.2622,0.73,0.031,real_news_reference,0.008,45.41
709,2010,South Africa,Mexico,58.57,182.62,group_or_knockout,208.11,87.43,0.086,0.1203,5.49,0.033,real_news_reference,0.066,47.69
710,2010,Uruguay,France,54.17,174.98,group_or_knockout,146.42,82.42,0.24,0.1449,2.71,0.157,real_news_reference,0.193,42.35
711,2010,Argentina,Nigeria,56.37,215.81,group_or_knockout,196.64,60.41,0.072,0.2266,6.14,0.191,real_news_reference,0.141,50.61
712,2010,England,United States,58.57,185.26,group_or_knockout,161.26,106.15,0.298,0.17,2.81,0.146,real_news_reference,0.217,52.23
713,2010,South Korea,Greece,58.57,130.16,group_or_knockout,264.49,128.27,0.062,0.3337,-1.5,0.108,real_news_reference,0.11,54.75
714,2010,Algeria,Slovenia,56.37,81.39,group_or_knockout,187.36,107.74,0.198,0.2251,4.58,0.072,real_news_reference,0.144,48.7
715,2010,Germany,Australia,62.97,157.44,group_or_knockout,202.0,74.94,0.252,0.1633,1.87,0.123,real_news_reference,0.185,50.54
716,2010,Serbia,Ghana,56.37,199.34,group_or_knockout,174.81,96.4,0.193,0.2299,2.01,0.082,real_news_reference,0.147,45.41
717,2010,Italy,Paraguay,58.57,151.62,group_or_knockout,271.86,75.17,0.011,0.1397,-0.25,0.143,real_news_reference,0.083,49.53
718,2010,Japan,Cameroon,56.37,201.6,group_or_knockout,118.33,52.94,0.054,0.2897,6.21,0.026,real_news_reference,0.065,50.39
719,2010,Netherlands,Denmark,58.57,174.49,group_or_knockout,278.6,66.4,0.265,0.0629,1.71,0.204,real_news_reference,0.217,48.81
720,2010,Brazil,North Korea,60.77,249.08,group_or_knockout,174.26,62.8,0.068,0.091,6.11,0.103,real_news_reference,0.086,55.39
721,2010,Ivory Coast,Portugal,54.17,142.52,group_or_knockout,114.5,62.55,0.246,0.2019,1.89,0.178,real_news_reference,0.211,60.24
722,2010,New Zealand,Slovakia,58.57,190.79,group_or_knockout,145.79,113.29,0.105,0.357,0.85,0.219,real_news_reference,0.182,51.2
723,2010,Honduras,Chile,56.37,185.6,group_or_knockout,112.08,72.19,0.162,0.2369,5.57,0.174,real_news_reference,0.175,47.39
724,2010,South Africa,Uruguay,60.77,264.42,group_or_knockout,214.97,114.5,0.01,0.1462,2.65,0.212,real_news_reference,0.115,61.94
725,2010,Spain,Switzerland,56.37,99.89,group_or_knockout,130.63,120.27,0.087,0.1644,2.67,-0.017,real_news_reference,0.048,53.93
726,2010,Argentina,South Korea,65.17,163.8,group_or_knockout,204.21,107.31,0.061,0.1478,0.11,0.109,real_news_reference,0.091,51.94
727,2010,France,Mexico,58.57,212.26,group_or_knockout,233.64,89.67,0.171,0.1787,1.84,0.236,real_news_reference,0.201,62.3
728,2010,Greece,Nigeria,60.77,267.72,group_or_knockout,154.33,113.95,0.157,0.2152,3.7,0.189,real_news_reference,0.177,63.05
729,2010,England,Algeria,54.17,165.56,group_or_knockout,152.19,55.59,0.194,0.5048,0.07,0.296,real_news_reference,0.271,61.31
730,2010,Germany,Serbia,56.37,148.41,group_or_knockout,122.25,82.11,0.099,0.3346,1.67,0.284,real_news_reference,0.206,63.01
731,2010,Slovenia,United States,62.97,222.44,group_or_knockout,171.67,97.51,0.055,0.2623,1.92,0.172,real_news_reference,0.128,62.36
732,2010,Cameroon,Denmark,60.77,221.48,group_or_knockout,347.44,120.35,0.166,0.2415,2.94,0.128,real_news_reference,0.156,62.41
733,2010,Ghana,Australia,58.57,151.34,group_or_knockout,213.73,114.71,0.045,0.2737,5.91,0.071,real_news_reference,0.08,54.32
734,2010,Netherlands,Japan,56.37,176.69,group_or_knockout,158.5,112.89,0.256,0.1573,2.17,0.11,real_news_reference,0.18,62.0
735,2010,Brazil,Ivory Coast,62.97,250.44,group_or_knockout,162.35,113.8,0.137,0.2022,1.35,0.115,real_news_reference,0.134,61.65
736,2010,Italy,New Zealand,58.57,284.16,group_or_knockout,174.09,93.11,0.116,0.2681,8.57,0.101,real_news_reference,0.124,52.55
737,2010,Slovakia,Paraguay,58.57,206.06,group_or_knockout,181.77,115.75,0.194,0.2029,1.89,0.075,real_news_reference,0.141,45.88
738,2010,Chile,Switzerland,56.37,163.09,group_or_knockout,152.5,114.73,0.14,0.1177,2.4,0.18,real_news_reference,0.156,55.87
739,2010,Portugal,North Korea,69.57,195.82,group_or_knockout,238.61,106.07,-0.018,0.2247,2.05,0.284,real_news_reference,0.142,67.42
740,2010,Spain,Honduras,58.57,195.64,group_or_knockout,138.64,127.76,0.042,0.2774,2.22,0.223,real_news_reference,0.147,62.8
741,2010,Greece,Argentina,58.57,162.04,group_or_knockout,138.47,119.32,0.254,0.1938,2.96,0.122,real_news_reference,0.189,49.63
742,2010,Mexico,Uruguay,56.37,169.87,group_or_knockout,185.77,88.14,0.157,0.3023,4.73,0.229,real_news_reference,0.204,60.52
743,2010,Nigeria,South Korea,62.97,133.81,group_or_knockout,141.25,62.34,-0.02,0.1467,3.65,0.176,real_news_reference,0.085,49.46
744,2010,South Africa,France,60.77,249.7,group_or_knockout,219.06,72.43,0.183,0.2381,5.06,0.145,real_news_reference,0.171,60.25
745,2010,Australia,Serbia,60.77,126.2,group_or_knockout,181.91,116.03,0.092,0.3674,4.99,0.14,real_news_reference,0.141,56.08
746,2010,Ghana,Germany,56.37,142.73,group_or_knockout,107.23,58.88,0.061,0.1915,3.24,0.132,real_news_reference,0.106,50.7
747,2010,Slovenia,England,56.37,165.55,group_or_knockout,174.04,85.16,0.034,0.2954,3.59,0.2,real_news_reference,0.135,52.76
748,2010,United States,Algeria,56.37,281.3,group_or_knockout,111.12,95.06,0.248,0.2851,5.13,0.159,real_news_reference,0.212,48.51
749,2010,Cameroon,Netherlands,60.77,154.28,group_or_knockout,217.12,124.08,-0.048,0.1267,0.47,0.09,real_news_reference,0.032,51.41
750,2010,Denmark,Japan,62.97,149.33,group_or_knockout,177.77,126.02,0.064,0.1564,8.05,0.086,real_news_reference,0.083,67.37
751,2010,Paraguay,New Zealand,54.17,132.67,group_or_knockout,258.5,102.57,0.16,0.2354,1.72,0.173,real_news_reference,0.173,46.69
752,2010,Slovakia,Italy,65.17,296.33,group_or_knockout,255.91,93.19,0.306,0.2522,2.06,0.182,real_news_reference,0.245,68.12
753,2010,Chile,Spain,60.77,79.02,group_or_knockout,140.04,65.93,0.204,0.5589,0.26,0.123,real_news_reference,0.203,62.96
754,2010,North Korea,Ivory Coast,60.77,131.15,group_or_knockout,110.16,107.6,0.064,0.2591,0.32,0.058,real_news_reference,0.081,48.13
755,2010,Portugal,Brazil,54.17,332.58,group_or_knockout,134.74,61.52,0.301,0.2353,4.85,0.248,real_news_reference,0.271,59.43
756,2010,Switzerland,Honduras,54.17,182.65,group_or_knockout,119.92,88.28,0.013,0.24,7.57,0.231,real_news_reference,0.134,57.65
757,2010,Uruguay,South Korea,60.77,127.41,group_or_knockout,288.16,132.17,0.175,0.1884,1.61,-0.011,real_news_reference,0.093,64.82
758,2010,United States,Ghana,60.77,171.63,group_or_knockout,182.09,98.17,0.197,0.2947,3.53,0.255,real_news_reference,0.233,65.1
759,2010,Argentina,Mexico,62.97,183.38,group_or_knockout,238.89,109.52,0.06,0.3095,3.26,0.131,real_news_reference,0.117,62.32
760,2010,Germany,England,65.17,236.02,group_or_knockout,182.32,116.06,0.218,0.1764,4.9,0.163,real_news_reference,0.189,74.14
761,2010,Brazil,Chile,60.77,290.66,group_or_knockout,174.54,120.29,0.097,0.1594,7.46,0.239,real_news_reference,0.167,51.32
762,2010,Netherlands,Slovakia,60.77,193.62,group_or_knockout,181.08,89.06,0.218,0.2791,5.99,0.28,real_news_reference,0.252,48.98
763,2010,Paraguay,Japan,54.17,133.08,group_or_knockout,214.6,83.79,-0.036,0.2269,2.3,0.228,real_news_reference,0.109,55.98
764,2010,Spain,Portugal,56.37,200.8,group_or_knockout,183.07,63.63,0.182,0.3119,3.91,0.167,real_news_reference,0.188,49.93
765,2010,Netherlands,Brazil,60.77,142.82,group_or_knockout,140.16,103.25,0.107,0.5082,4.12,0.038,real_news_reference,0.116,60.71
766,2010,Uruguay,Ghana,58.57,125.32,group_or_knockout,263.97,75.23,0.263,0.3122,2.76,-0.014,real_news_reference,0.143,53.94
767,2010,Argentina,Germany,62.97,109.93,group_or_knockout,175.82,98.23,0.144,0.3119,0.5,0.218,real_news_reference,0.194,56.68
768,2010,Paraguay,Spain,56.37,103.93,group_or_knockout,151.12,106.91,0.273,0.2804,1.12,0.255,real_news_reference,0.266,62.1
769,2010,Uruguay,Netherlands,65.17,144.89,group_or_knockout,96.51,60.14,0.199,0.3859,5.21,0.083,real_news_reference,0.165,54.17
770,2010,Germany,Spain,56.37,115.83,group_or_knockout,198.45,92.06,0.135,0.4732,5.43,0.127,real_news_reference,0.165,47.8
771,2010,Uruguay,Germany,65.17,203.3,group_or_knockout,200.79,73.35,0.227,0.2066,2.36,0.104,real_news_reference,0.17,66.5
772,2010,Netherlands,Spain,56.37,115.13,group_or_knockout,173.63,71.21,0.228,0.2909,3.35,0.101,real_news_reference,0.177,59.85
773,2014,Brazil,Croatia,64.42,76.34,group_or_knockout,174.99,60.89,0.195,0.1058,5.31,0.234,real_news_reference,0.204,69.55
774,2014,Chile,Australia,64.42,137.43,group_or_knockout,167.61,72.17,-0.081,0.2372,-0.78,0.166,real_news_reference,0.062,55.61
775,2014,Mexico,Cameroon,57.82,144.78,group_or_knockout,158.37,126.2,0.05,0.4442,1.86,0.13,real_news_reference,0.125,63.46
776,2014,Spain,Netherlands,68.82,166.0,group_or_knockout,232.13,151.27,0.287,0.4091,7.04,0.361,real_news_reference,0.333,68.78
777,2014,Colombia,Greece,62.22,272.09,group_or_knockout,219.3,114.22,0.023,0.2448,3.43,0.033,real_news_reference,0.05,66.97
778,2014,England,Italy,62.22,149.74,group_or_knockout,176.43,105.49,0.236,0.2798,0.43,0.192,real_news_reference,0.221,50.07
779,2014,Ivory Coast,Japan,62.22,227.54,group_or_knockout,236.96,118.85,0.219,0.2851,3.05,0.064,real_news_reference,0.156,56.53
780,2014,Uruguay,Costa Rica,64.42,183.11,group_or_knockout,189.74,133.06,0.076,0.1966,4.95,0.136,real_news_reference,0.115,62.42
781,2014,Argentina,Bosnia and Herzegovina,62.22,175.71,group_or_knockout,164.78,98.0,-0.051,0.1725,-2.55,0.16,real_news_reference,0.066,61.45
782,2014,France,Honduras,62.22,140.72,group_or_knockout,196.42,58.85,0.091,0.1011,3.17,0.216,real_news_reference,0.148,50.75
783,2014,Switzerland,Ecuador,62.22,174.9,group_or_knockout,133.06,113.38,0.356,0.1234,2.02,0.127,real_news_reference,0.23,60.6
784,2014,Germany,Portugal,64.42,148.59,group_or_knockout,205.12,140.43,0.062,0.2369,-0.65,0.119,real_news_reference,0.105,65.68
785,2014,Ghana,United States,62.22,186.47,group_or_knockout,127.12,76.87,0.069,0.2063,2.97,0.126,real_news_reference,0.108,56.63
786,2014,Iran,Nigeria,55.62,148.77,group_or_knockout,129.23,83.57,0.048,0.1297,2.51,0.062,real_news_reference,0.062,53.41
787,2014,Belgium,Algeria,62.22,136.48,group_or_knockout,112.84,85.22,0.27,0.3614,2.75,0.199,real_news_reference,0.247,55.08
788,2014,Brazil,Mexico,55.62,209.82,group_or_knockout,159.93,78.29,0.124,0.3609,2.07,0.171,real_news_reference,0.169,60.81
789,2014,Russia,South Korea,60.02,193.29,group_or_knockout,269.64,110.31,0.086,0.1716,0.66,0.183,real_news_reference,0.138,59.76
790,2014,Australia,Netherlands,66.62,167.93,group_or_knockout,194.36,92.73,0.289,0.2462,-0.26,0.143,real_news_reference,0.219,65.18
791,2014,Cameroon,Croatia,64.42,191.74,group_or_knockout,227.31,136.79,0.206,0.1936,1.35,0.133,real_news_reference,0.172,72.15
792,2014,Spain,Chile,60.02,167.54,group_or_knockout,324.65,115.63,0.056,0.3688,4.6,0.242,real_news_reference,0.171,61.18
793,2014,Colombia,Ivory Coast,62.22,139.46,group_or_knockout,206.79,58.23,0.026,0.1902,3.29,0.23,real_news_reference,0.134,54.8
794,2014,Japan,Greece,55.62,162.11,group_or_knockout,138.0,109.24,0.264,0.3806,2.65,0.261,real_news_reference,0.274,56.23
795,2014,Uruguay,England,62.22,149.42,group_or_knockout,159.78,118.51,0.15,0.3583,0.62,0.178,real_news_reference,0.183,70.07
796,2014,Honduras,Ecuador,62.22,136.47,group_or_knockout,186.95,97.78,-0.007,0.2672,2.01,0.256,real_news_reference,0.139,49.06
797,2014,Italy,Costa Rica,57.82,104.9,group_or_knockout,148.28,89.38,-0.03,0.3084,4.35,0.115,real_news_reference,0.069,58.14
798,2014,Switzerland,France,71.03,183.59,group_or_knockout,185.6,141.08,0.037,0.1063,3.86,0.132,real_news_reference,0.087,59.41
799,2014,Argentina,Iran,57.82,193.66,group_or_knockout,222.22,83.97,0.024,0.1983,1.8,0.244,real_news_reference,0.14,62.09
800,2014,Germany,Ghana,64.42,151.55,group_or_knockout,250.13,71.33,-0.056,0.3002,-2.68,0.216,real_news_reference,0.102,65.11
801,2014,Nigeria,Bosnia and Herzegovina,57.82,334.67,group_or_knockout,115.08,75.56,0.038,0.3633,1.38,0.125,real_news_reference,0.11,64.6
802,2014,Belgium,Russia,57.82,211.73,group_or_knockout,141.57,71.97,0.056,0.3954,1.79,0.064,real_news_reference,0.094,59.04
803,2014,South Korea,Algeria,68.82,283.36,group_or_knockout,184.1,122.87,0.102,0.0917,0.9,0.132,real_news_reference,0.114,54.11
804,2014,United States,Portugal,64.42,230.0,group_or_knockout,224.8,72.96,0.317,0.2103,1.93,0.093,real_news_reference,0.206,62.08
805,2014,Australia,Spain,62.22,298.71,group_or_knockout,248.75,108.15,0.121,0.1367,4.51,0.286,real_news_reference,0.197,68.77
806,2014,Brazil,Cameroon,66.62,152.73,group_or_knockout,393.27,100.31,0.131,0.1011,2.72,0.209,real_news_reference,0.163,57.53
807,2014,Croatia,Mexico,64.42,89.87,group_or_knockout,172.26,128.3,0.199,0.2499,4.88,0.087,real_news_reference,0.154,52.17
808,2014,Netherlands,Chile,60.02,151.38,group_or_knockout,162.51,91.86,0.124,0.15,-0.37,0.065,real_news_reference,0.1,62.37
809,2014,Costa Rica,England,55.62,185.83,group_or_knockout,193.58,117.29,0.188,0.2588,2.16,0.086,real_news_reference,0.149,53.45
810,2014,Greece,Ivory Coast,62.22,185.51,group_or_knockout,157.61,128.83,0.176,0.2009,-1.27,0.103,real_news_reference,0.146,49.6
811,2014,Italy,Uruguay,57.82,178.48,group_or_knockout,167.69,65.97,0.16,0.2909,1.9,0.135,real_news_reference,0.162,50.93
812,2014,Japan,Colombia,66.62,275.57,group_or_knockout,180.41,119.38,0.425,0.3296,0.6,0.237,real_news_reference,0.331,59.8
813,2014,Bosnia and Herzegovina,Iran,64.42,204.88,group_or_knockout,100.49,75.95,0.239,0.22,5.49,0.071,real_news_reference,0.161,65.74
814,2014,Ecuador,France,55.62,198.79,group_or_knockout,172.32,109.59,0.04,0.1571,3.66,0.331,real_news_reference,0.183,52.83
815,2014,Honduras,Switzerland,62.22,136.67,group_or_knockout,178.59,107.42,0.185,0.2912,4.93,0.073,real_news_reference,0.145,59.44
816,2014,Nigeria,Argentina,66.62,140.09,group_or_knockout,275.01,85.43,0.069,0.11,1.9,0.035,real_news_reference,0.058,71.31
817,2014,Algeria,Russia,60.02,269.52,group_or_knockout,180.56,73.46,0.193,0.146,0.66,0.283,real_news_reference,0.229,52.83
818,2014,South Korea,Belgium,57.82,169.96,group_or_knockout,126.93,84.33,0.011,0.1962,0.59,0.254,real_news_reference,0.139,59.1
819,2014,Portugal,Ghana,62.22,149.33,group_or_knockout,175.24,120.77,0.037,0.1105,3.36,0.134,real_news_reference,0.088,56.76
820,2014,United States,Germany,57.82,138.84,group_or_knockout,102.98,111.88,0.183,0.0897,6.6,0.179,real_news_reference,0.172,53.81
821,2014,Brazil,Chile,60.02,143.01,group_or_knockout,133.21,56.62,0.248,0.2774,3.67,0.181,real_news_reference,0.221,58.83
822,2014,Colombia,Uruguay,60.02,140.64,group_or_knockout,211.36,77.6,0.198,0.3301,2.01,0.159,real_news_reference,0.194,61.85
823,2014,Costa Rica,Greece,60.02,119.75,group_or_knockout,169.5,87.01,0.234,0.2643,2.4,0.044,real_news_reference,0.152,67.24
824,2014,Netherlands,Mexico,62.22,116.81,group_or_knockout,235.4,103.36,0.185,0.1068,2.73,-0.05,real_news_reference,0.071,54.56
825,2014,France,Nigeria,60.02,162.4,group_or_knockout,110.27,65.68,0.165,0.1661,7.06,0.081,real_news_reference,0.127,49.06
826,2014,Germany,Algeria,62.22,150.6,group_or_knockout,175.93,83.12,0.098,0.3092,5.39,0.293,real_news_reference,0.207,58.14
827,2014,Argentina,Switzerland,57.82,225.28,group_or_knockout,154.23,118.6,0.229,0.2675,3.35,0.297,real_news_reference,0.263,56.48
828,2014,Belgium,United States,62.22,193.01,group_or_knockout,237.37,94.54,0.251,0.3756,3.03,0.127,real_news_reference,0.208,53.64
829,2014,Brazil,Colombia,62.22,191.51,group_or_knockout,221.16,116.19,0.142,0.5549,3.43,0.071,real_news_reference,0.151,68.48
830,2014,France,Germany,57.82,134.19,group_or_knockout,203.95,88.48,0.136,0.2005,3.84,0.17,real_news_reference,0.158,61.73
831,2014,Argentina,Belgium,57.82,159.72,group_or_knockout,255.36,86.99,0.307,0.2005,1.93,0.183,real_news_reference,0.241,55.38
832,2014,Netherlands,Costa Rica,55.62,175.85,group_or_knockout,152.4,95.03,0.146,0.2658,1.03,0.196,real_news_reference,0.18,52.4
833,2014,Brazil,Germany,73.22,255.7,group_or_knockout,307.12,90.59,0.156,0.1291,4.97,-0.054,real_news_reference,0.059,58.19
834,2014,Netherlands,Argentina,55.62,154.82,group_or_knockout,128.7,68.12,0.197,0.3623,2.85,0.401,real_news_reference,0.305,54.13
835,2014,Brazil,Netherlands,62.22,240.53,group_or_knockout,142.66,136.02,0.138,0.1668,4.79,0.239,real_news_reference,0.186,61.88
836,2014,Germany,Argentina,57.82,165.6,group_or_knockout,209.67,117.36,0.066,0.1755,6.26,0.132,real_news_reference,0.107,63.66
837,2018,Russia,Saudi Arabia,68.08,242.91,group_or_knockout,140.4,126.57,0.186,0.2897,3.89,0.091,real_news_reference,0.154,65.38
838,2018,Egypt,Uruguay,59.28,147.69,group_or_knockout,205.5,63.92,0.144,0.1906,3.55,0.227,real_news_reference,0.186,49.6
839,2018,Morocco,Iran,59.28,101.98,group_or_knockout,182.66,55.68,0.332,0.2262,9.52,0.188,real_news_reference,0.257,50.08
840,2018,Portugal,Spain,70.28,216.51,group_or_knockout,276.01,79.28,0.227,0.1871,3.23,0.155,real_news_reference,0.191,58.86
841,2018,France,Australia,63.68,222.95,group_or_knockout,188.48,134.94,0.089,0.0939,0.51,0.185,real_news_reference,0.133,71.19
842,2018,Argentina,Iceland,61.48,206.4,group_or_knockout,187.3,120.57,0.221,0.2466,2.21,0.139,real_news_reference,0.187,65.51
843,2018,Peru,Denmark,59.28,190.66,group_or_knockout,202.27,93.66,0.179,0.1049,6.06,0.18,real_news_reference,0.172,63.84
844,2018,Croatia,Nigeria,61.48,159.35,group_or_knockout,156.5,132.76,0.279,0.3859,0.08,0.206,real_news_reference,0.257,66.56
845,2018,Costa Rica,Serbia,59.28,135.15,group_or_knockout,149.26,64.65,0.096,0.4199,1.22,0.176,real_news_reference,0.164,48.28
846,2018,Germany,Mexico,59.28,197.7,group_or_knockout,200.51,96.44,0.167,0.1959,5.12,0.171,real_news_reference,0.172,61.22
847,2018,Brazil,Switzerland,61.48,197.97,group_or_knockout,183.35,69.98,0.138,0.3556,2.23,0.26,real_news_reference,0.215,63.54
848,2018,Sweden,South Korea,59.28,144.78,group_or_knockout,160.85,76.97,0.154,0.146,2.57,0.02,real_news_reference,0.093,51.04
849,2018,Belgium,Panama,63.68,248.27,group_or_knockout,187.39,135.14,0.06,0.1934,5.05,0.084,real_news_reference,0.084,60.92
850,2018,Tunisia,England,63.68,142.12,group_or_knockout,285.01,129.19,0.206,0.2395,1.29,0.15,real_news_reference,0.184,64.86
851,2018,Colombia,Japan,63.68,154.54,group_or_knockout,171.25,65.74,0.19,0.1321,-0.28,0.09,real_news_reference,0.139,70.24
852,2018,Poland,Senegal,63.68,287.74,group_or_knockout,170.01,77.97,0.277,0.0732,-0.12,0.116,real_news_reference,0.184,52.2
853,2018,Russia,Egypt,65.88,240.1,group_or_knockout,129.15,110.21,0.147,0.2738,4.02,0.251,real_news_reference,0.206,72.55
854,2018,Portugal,Morocco,59.28,153.24,group_or_knockout,176.21,58.08,0.107,0.2399,3.34,0.136,real_news_reference,0.133,65.92
855,2018,Uruguay,Saudi Arabia,59.28,183.6,group_or_knockout,209.87,95.74,0.227,0.2947,1.35,0.002,real_news_reference,0.133,65.95
856,2018,Iran,Spain,59.28,176.91,group_or_knockout,219.49,98.4,0.069,0.3031,0.37,0.114,real_news_reference,0.113,46.34
857,2018,Denmark,Australia,61.48,81.45,group_or_knockout,189.76,78.59,0.257,0.2433,2.23,0.153,real_news_reference,0.209,52.85
858,2018,France,Peru,59.28,131.43,group_or_knockout,226.16,75.94,0.256,0.4928,5.14,0.151,real_news_reference,0.232,60.99
859,2018,Argentina,Croatia,63.68,179.4,group_or_knockout,229.68,76.28,0.274,0.1245,1.04,0.193,real_news_reference,0.223,57.05
860,2018,Brazil,Costa Rica,61.48,158.99,group_or_knockout,243.95,130.11,0.186,0.3295,1.41,0.186,real_news_reference,0.2,49.31
861,2018,Nigeria,Iceland,61.48,188.27,group_or_knockout,236.23,86.41,0.099,0.2734,0.3,0.137,real_news_reference,0.134,64.84
862,2018,Serbia,Switzerland,63.68,249.67,group_or_knockout,283.26,105.76,0.159,0.2234,2.03,0.053,real_news_reference,0.118,50.33
863,2018,Belgium,Tunisia,72.48,189.29,group_or_knockout,208.7,93.65,0.186,0.2959,3.51,0.113,real_news_reference,0.164,68.17
864,2018,South Korea,Mexico,63.68,135.33,group_or_knockout,137.29,115.48,0.092,0.1897,7.24,0.098,real_news_reference,0.104,71.39
865,2018,Germany,Sweden,63.68,199.3,group_or_knockout,225.83,65.71,0.281,0.3648,3.26,0.125,real_news_reference,0.219,59.76
866,2018,England,Panama,72.48,189.02,group_or_knockout,264.66,71.98,0.206,0.5033,2.69,0.203,real_news_reference,0.234,80.33
867,2018,Japan,Senegal,65.88,180.21,group_or_knockout,293.05,123.04,0.059,0.2392,4.61,0.18,real_news_reference,0.131,61.09
868,2018,Poland,Colombia,63.68,167.7,group_or_knockout,263.54,117.47,0.336,0.2336,4.26,0.214,real_news_reference,0.271,57.62
869,2018,Russia,Uruguay,63.68,340.9,group_or_knockout,311.14,79.25,0.158,0.1325,1.59,0.117,real_news_reference,0.137,52.13
870,2018,Saudi Arabia,Egypt,63.68,97.17,group_or_knockout,223.37,86.7,0.039,0.2883,7.63,0.269,real_news_reference,0.167,57.88
871,2018,Spain,Morocco,65.88,168.87,group_or_knockout,209.57,141.28,0.065,0.1395,2.75,0.202,real_news_reference,0.134,59.38
872,2018,Iran,Portugal,61.48,175.51,group_or_knockout,130.64,63.67,0.297,0.169,3.3,0.157,real_news_reference,0.221,66.69
873,2018,Australia,Peru,61.48,141.17,group_or_knockout,199.48,69.97,0.331,0.2555,3.96,0.196,real_news_reference,0.263,68.31
874,2018,Denmark,France,57.08,209.85,group_or_knockout,149.36,83.28,0.249,0.2496,3.53,0.094,real_news_reference,0.179,44.97
875,2018,Nigeria,Argentina,63.68,228.51,group_or_knockout,201.69,80.67,0.28,0.1681,6.0,-0.021,real_news_reference,0.133,51.92
876,2018,Iceland,Croatia,63.68,179.56,group_or_knockout,193.93,111.04,0.27,0.4964,1.56,0.1,real_news_reference,0.216,64.42
877,2018,South Korea,Germany,61.48,162.87,group_or_knockout,207.81,110.53,0.204,0.2326,4.45,0.208,real_news_reference,0.209,58.68
878,2018,Mexico,Sweden,63.68,176.36,group_or_knockout,186.71,100.89,0.181,0.2509,3.15,0.155,real_news_reference,0.176,56.48
879,2018,Serbia,Brazil,61.48,170.61,group_or_knockout,233.33,104.18,0.202,0.1961,4.86,0.137,real_news_reference,0.172,53.71
880,2018,Switzerland,Costa Rica,65.88,184.18,group_or_knockout,100.19,96.41,0.222,0.1678,2.35,0.08,real_news_reference,0.153,56.71
881,2018,Japan,Poland,59.28,160.71,group_or_knockout,186.75,111.95,0.074,0.2425,2.06,-0.008,real_news_reference,0.054,57.45
882,2018,Senegal,Colombia,59.28,181.81,group_or_knockout,240.54,56.6,0.221,0.2572,4.34,0.262,real_news_reference,0.243,46.61
883,2018,Panama,Tunisia,63.68,224.7,group_or_knockout,305.33,83.21,0.294,0.2248,3.55,0.131,real_news_reference,0.214,66.61
884,2018,England,Belgium,59.28,120.04,group_or_knockout,213.85,106.1,0.127,0.349,1.08,0.114,real_news_reference,0.143,52.65
885,2018,France,Argentina,72.48,154.33,group_or_knockout,331.8,96.29,0.117,0.1956,5.63,0.094,real_news_reference,0.115,67.67
886,2018,Uruguay,Portugal,63.68,111.53,group_or_knockout,199.56,63.81,0.196,0.2212,4.34,0.248,real_news_reference,0.222,61.75
887,2018,Russia,Spain,61.48,223.92,group_or_knockout,184.83,82.91,0.083,0.1564,2.64,0.219,real_news_reference,0.152,52.63
888,2018,Croatia,Denmark,61.48,188.44,group_or_knockout,210.83,112.2,0.016,0.2083,1.82,0.071,real_news_reference,0.06,67.51
889,2018,Brazil,Mexico,61.48,202.39,group_or_knockout,184.55,65.08,0.263,0.3978,3.56,0.241,real_news_reference,0.267,63.05
890,2018,Belgium,Japan,68.08,130.38,group_or_knockout,168.19,125.4,0.103,0.1306,4.19,0.137,real_news_reference,0.121,74.43
891,2018,Sweden,Switzerland,59.28,279.24,group_or_knockout,156.56,113.11,0.15,0.0901,-0.55,0.099,real_news_reference,0.121,56.38
892,2018,Colombia,England,61.48,148.15,group_or_knockout,139.86,106.11,0.087,0.3541,3.59,0.125,real_news_reference,0.131,57.53
893,2018,Uruguay,France,61.48,184.16,group_or_knockout,210.78,74.85,0.276,0.0501,4.17,0.085,real_news_reference,0.167,53.2
894,2018,Brazil,Belgium,63.68,231.16,group_or_knockout,191.85,123.98,0.233,0.5461,-2.14,0.042,real_news_reference,0.178,62.16
895,2018,Sweden,England,61.48,133.27,group_or_knockout,168.79,72.47,0.124,0.2848,3.21,0.21,real_news_reference,0.179,61.08
896,2018,Russia,Croatia,65.88,161.56,group_or_knockout,171.77,136.87,0.03,0.1295,4.26,0.13,real_news_reference,0.085,61.35
897,2018,France,Belgium,59.28,178.12,group_or_knockout,202.05,107.81,0.113,0.2555,4.02,0.197,real_news_reference,0.165,49.34
898,2018,Croatia,England,63.68,405.03,group_or_knockout,232.52,61.84,0.205,0.3661,4.49,0.171,real_news_reference,0.206,55.93
899,2018,Belgium,England,61.48,191.14,group_or_knockout,139.22,119.21,0.167,0.1776,2.11,0.192,real_news_reference,0.179,48.27
900,2018,France,Croatia,70.28,314.9,group_or_knockout,153.02,109.52,0.159,0.4221,0.62,-0.016,real_news_reference,0.107,62.89
901,2022,Qatar,Ecuador,62.94,252.09,group_or_knockout,240.04,93.68,0.169,0.2795,-0.98,0.079,real_news_reference,0.14,62.25
902,2022,Senegal,Netherlands,62.94,199.38,group_or_knockout,134.07,91.05,0.224,0.1978,5.09,0.194,real_news_reference,0.208,70.75
903,2022,England,Iran,76.14,164.94,group_or_knockout,262.29,128.57,0.144,0.2797,4.28,0.046,real_news_reference,0.113,64.27
904,2022,United States,Wales,62.94,241.99,group_or_knockout,283.27,115.93,0.193,0.2603,5.25,0.178,real_news_reference,0.193,50.35
905,2022,Argentina,Saudi Arabia,65.14,122.37,group_or_knockout,293.34,134.5,0.049,0.111,1.28,0.037,real_news_reference,0.05,57.76
906,2022,Mexico,Poland,58.54,261.9,group_or_knockout,211.49,73.46,0.404,0.1283,4.49,0.149,real_news_reference,0.262,48.97
907,2022,Denmark,Tunisia,58.54,176.92,group_or_knockout,209.96,100.69,0.12,0.1771,-0.36,0.277,real_news_reference,0.196,60.32
908,2022,France,Australia,69.54,94.62,group_or_knockout,366.82,124.63,0.168,0.1053,0.97,0.21,real_news_reference,0.181,54.39
909,2022,Germany,Japan,65.14,169.22,group_or_knockout,109.17,115.77,0.205,0.2266,3.06,0.0,real_news_reference,0.115,73.81
910,2022,Spain,Costa Rica,73.94,253.75,group_or_knockout,197.78,113.93,0.107,0.2192,4.19,0.216,real_news_reference,0.167,80.45
911,2022,Morocco,Croatia,58.54,156.55,group_or_knockout,217.42,82.44,0.149,0.1805,6.33,0.294,real_news_reference,0.217,56.0
912,2022,Belgium,Canada,60.74,212.05,group_or_knockout,167.72,114.86,0.148,0.2444,2.3,0.372,real_news_reference,0.258,67.51
913,2022,Switzerland,Cameroon,60.74,136.81,group_or_knockout,248.77,78.36,0.057,0.3566,0.98,0.186,real_news_reference,0.145,61.11
914,2022,Brazil,Serbia,62.94,124.77,group_or_knockout,187.23,73.67,0.192,0.2914,0.87,0.039,real_news_reference,0.133,71.61
915,2022,Uruguay,South Korea,58.54,163.97,group_or_knockout,181.75,94.22,-0.017,0.2835,1.36,0.183,real_news_reference,0.103,51.53
916,2022,Portugal,Ghana,69.54,200.49,group_or_knockout,195.05,86.78,0.323,0.456,7.46,0.276,real_news_reference,0.315,79.2
917,2022,Qatar,Senegal,67.34,174.55,group_or_knockout,177.53,63.52,0.227,0.3737,4.39,0.133,real_news_reference,0.199,56.89
918,2022,Netherlands,Ecuador,62.94,253.62,group_or_knockout,164.91,60.87,0.212,0.0553,5.14,0.232,real_news_reference,0.205,57.1
919,2022,Wales,Iran,62.94,141.76,group_or_knockout,202.34,113.51,-0.026,0.1961,2.3,0.081,real_news_reference,0.044,70.29
920,2022,England,United States,58.54,182.62,group_or_knockout,144.9,126.74,0.069,0.1499,2.8,0.178,real_news_reference,0.126,53.47
921,2022,Poland,Saudi Arabia,62.94,183.32,group_or_knockout,239.96,93.85,0.287,0.1047,4.27,-0.051,real_news_reference,0.117,53.85
922,2022,Argentina,Mexico,62.94,116.31,group_or_knockout,222.62,68.68,0.563,0.2561,1.74,0.072,real_news_reference,0.311,50.44
923,2022,Tunisia,Australia,60.74,119.97,group_or_knockout,240.2,119.26,0.268,0.2708,2.19,0.148,real_news_reference,0.214,50.63
924,2022,France,Denmark,65.14,186.77,group_or_knockout,147.57,80.76,0.252,0.2007,1.38,0.119,real_news_reference,0.187,59.14
925,2022,Japan,Costa Rica,60.74,302.28,group_or_knockout,119.31,133.28,0.201,0.2928,1.86,0.044,real_news_reference,0.14,56.59
926,2022,Spain,Germany,62.94,211.53,group_or_knockout,188.88,102.73,0.063,0.1696,2.9,0.108,real_news_reference,0.094,61.38
927,2022,Belgium,Morocco,62.94,110.94,group_or_knockout,390.29,75.68,0.248,0.1706,1.07,0.174,real_news_reference,0.207,67.53
928,2022,Croatia,Canada,69.54,83.18,group_or_knockout,286.71,107.43,0.038,0.3523,3.4,0.141,real_news_reference,0.116,54.58
929,2022,Cameroon,Serbia,71.74,251.72,group_or_knockout,187.62,95.84,0.027,0.2225,3.4,0.153,real_news_reference,0.103,77.68
930,2022,Brazil,Switzerland,60.74,168.96,group_or_knockout,202.9,116.21,0.021,0.1836,2.42,0.207,real_news_reference,0.121,60.0
931,2022,South Korea,Ghana,69.54,273.54,group_or_knockout,250.59,72.15,0.246,0.1033,1.06,0.121,real_news_reference,0.175,73.18
932,2022,Portugal,Uruguay,62.94,140.55,group_or_knockout,134.3,126.77,0.142,0.1993,3.02,0.257,real_news_reference,0.199,66.25
933,2022,Ecuador,Senegal,65.14,205.33,group_or_knockout,275.6,123.61,0.158,0.1682,1.74,0.069,real_news_reference,0.119,71.99
934,2022,Qatar,Netherlands,62.94,227.95,group_or_knockout,181.33,127.12,0.147,0.5839,2.9,0.302,real_news_reference,0.26,51.21
935,2022,Wales,England,65.14,164.23,group_or_knockout,191.3,134.42,0.036,0.1996,5.11,0.237,real_news_reference,0.143,64.21
936,2022,Iran,United States,60.74,154.05,group_or_knockout,183.56,72.81,0.081,0.1258,0.17,0.12,real_news_reference,0.103,67.25
937,2022,Poland,Argentina,62.94,181.14,group_or_knockout,251.72,99.28,0.086,0.2516,7.36,0.125,real_news_reference,0.12,65.39
938,2022,Saudi Arabia,Mexico,65.14,216.69,group_or_knockout,162.02,130.6,0.008,0.5619,2.65,0.165,real_news_reference,0.134,53.07
939,2022,Australia,Denmark,60.74,172.88,group_or_knockout,119.09,84.47,0.098,0.334,3.66,0.196,real_news_reference,0.166,60.8
940,2022,Tunisia,France,60.74,227.99,group_or_knockout,197.82,59.44,0.04,0.2002,1.22,0.236,real_news_reference,0.144,64.87
941,2022,Japan,Spain,65.14,163.56,group_or_knockout,117.4,83.32,0.206,0.2485,5.2,0.041,real_news_reference,0.136,57.25
942,2022,Costa Rica,Germany,71.74,141.33,group_or_knockout,199.89,87.13,0.214,0.3381,2.54,0.183,real_news_reference,0.212,72.29
943,2022,Croatia,Belgium,58.54,290.98,group_or_knockout,236.61,118.9,0.019,0.3341,1.97,-0.021,real_news_reference,0.033,63.37
944,2022,Canada,Morocco,65.14,157.16,group_or_knockout,226.18,97.91,0.118,0.2431,1.59,0.134,real_news_reference,0.138,63.09
945,2022,Serbia,Switzerland,69.54,169.48,group_or_knockout,271.1,124.38,0.334,0.1789,2.24,0.264,real_news_reference,0.287,59.1
946,2022,Cameroon,Brazil,60.74,170.4,group_or_knockout,213.08,130.64,0.05,0.3257,3.68,0.035,real_news_reference,0.071,59.4
947,2022,Ghana,Uruguay,62.94,183.28,group_or_knockout,345.42,81.13,0.191,0.2971,3.16,0.02,real_news_reference,0.125,62.42
948,2022,South Korea,Portugal,65.14,167.05,group_or_knockout,168.93,123.09,0.159,0.2003,2.72,0.166,real_news_reference,0.166,60.26
949,2022,Netherlands,United States,67.34,191.5,group_or_knockout,223.47,62.6,0.257,0.1118,1.31,0.259,real_news_reference,0.243,69.0
950,2022,Argentina,Australia,65.14,184.09,group_or_knockout,175.39,67.44,0.178,0.1484,1.18,0.174,real_news_reference,0.173,60.97
951,2022,France,Poland,67.34,202.09,group_or_knockout,256.97,74.78,0.105,0.2892,1.83,-0.004,real_news_reference,0.074,73.8
952,2022,England,Senegal,65.14,96.2,group_or_knockout,192.7,85.08,0.155,0.3795,3.77,0.013,real_news_reference,0.114,69.37
953,2022,Japan,Croatia,62.94,304.55,group_or_knockout,290.58,89.62,0.156,0.3579,4.19,0.156,real_news_reference,0.176,67.33
954,2022,Brazil,South Korea,69.54,190.69,group_or_knockout,182.95,105.71,0.139,0.4184,4.47,0.054,real_news_reference,0.129,67.41
955,2022,Morocco,Spain,58.54,196.82,group_or_knockout,250.01,71.36,0.016,0.3199,2.8,0.159,real_news_reference,0.111,49.8
956,2022,Portugal,Switzerland,73.94,143.65,group_or_knockout,257.63,72.91,0.272,0.2967,3.61,0.164,real_news_reference,0.226,76.96
957,2022,Croatia,Brazil,62.94,157.64,group_or_knockout,187.55,112.08,0.255,0.2531,2.45,0.109,real_news_reference,0.189,50.65
958,2022,Netherlands,Argentina,67.34,159.41,group_or_knockout,231.68,62.68,0.044,0.2762,-0.86,0.293,real_news_reference,0.179,65.07
959,2022,Morocco,Portugal,60.74,261.94,group_or_knockout,194.79,118.58,0.118,0.3875,2.35,0.195,real_news_reference,0.18,48.54
960,2022,England,France,65.14,157.99,group_or_knockout,213.9,137.31,0.126,0.2712,2.01,0.245,real_news_reference,0.194,63.2
961,2022,Argentina,Croatia,65.14,230.17,group_or_knockout,185.83,118.78,0.032,0.472,0.62,0.222,real_news_reference,0.162,66.89
962,2022,France,Morocco,62.94,149.91,group_or_knockout,158.66,105.41,-0.039,0.4003,1.61,0.136,real_news_reference,0.084,58.59
963,2022,Croatia,Morocco,65.14,163.99,group_or_knockout,179.97,114.26,0.081,0.3586,3.08,0.133,real_news_reference,0.132,60.59
964,2022,Argentina,France,71.74,191.39,group_or_knockout,141.49,125.39,0.112,0.09,0.42,0.124,real_news_reference,0.115,59.13
965,2026,Mexico,South Africa,64.4,263.64,group_or_knockout,238.79,135.96,0.004,0.3569,1.31,0.203,real_news_reference,0.129,57.23
966,2026,South Korea,Czech Republic,66.6,112.12,group_or_knockout,146.92,143.43,0.166,0.2353,6.05,0.096,real_news_reference,0.141,62.6
967,2026,Canada,Bosnia and Herzegovina,64.4,127.32,group_or_knockout,183.22,93.68,0.264,0.3394,-0.57,0.286,real_news_reference,0.281,70.25
968,2026,United States,Paraguay,71.0,117.62,group_or_knockout,250.81,120.86,0.232,0.1333,2.42,0.088,real_news_reference,0.157,78.33
969,2026,Qatar,Switzerland,64.4,135.72,group_or_knockout,238.64,125.17,0.135,0.1114,0.35,0.165,real_news_reference,0.146,72.34
970,2026,Brazil,Morocco,64.4,146.62,group_or_knockout,124.15,58.05,-0.036,0.2694,1.22,0.13,real_news_reference,0.069,52.56
971,2026,Haiti,Scotland,62.2,113.1,group_or_knockout,182.62,98.59,0.22,0.0969,2.38,0.112,real_news_reference,0.159,55.15
972,2026,Australia,Turkey,64.4,149.84,group_or_knockout,217.03,112.62,0.163,0.266,0.73,0.322,real_news_reference,0.245,60.96
