panel_id,year,match_id,team,opponent,team_side,stage,sponsor,result_for_team,match_points,team_elo,core_player_rating,core_market_value_m,player_followers_m,event_attention_m,media_reposts_k,exposure_score,fan_score_panel,sponsor_spend_m,sponsor_power_index,brand_fit,activation_quality,commercial_momentum,predicted_roi,roi_per_million_spend,attention_segment,commercial_segment,weather,temperature_c,humidity,hashtag_mentions_k,video_views_m,sentiment_score,engagement_rate,fan_growth_7d_pct,text_signal_score,time_decay_attention,media_exposure_score,user_attention_score,social_interaction_score,sponsor_conversion_proxy,funnel_efficiency
1930_1_Belgium,1930,1,Belgium,United States,A,tournament,Visa,loss,0,1674,71.5,40.4,23.19,31.6,68.87,0.14,0.534,26.85,0.713,0.72,0.914,0.47,3.532,0.132,Mid attention,Scalable,clear,22.8,71.9,89.94,36.74,0.124,0.2021,4.94,0.103,28.79,0.0623,0.2125,0.2413,0.5545,6.0
1930_2_France,1930,2,France,Mexico,A,tournament,Qatar Airways,win,3,1748,77.8,46.5,18.67,36.0,187.48,0.23,0.493,24.02,0.51,0.801,0.711,0.502,3.493,0.145,Mid attention,Scalable,clear,14.8,69.7,124.8,65.75,0.207,0.1971,4.72,0.17,39.57,0.238,0.3321,0.3523,0.5395,2.2669
1930_3_Brazil,1930,3,Brazil,Yugoslavia,A,tournament,Adidas,loss,0,1829,78.8,57.4,18.61,31.6,85.92,0.164,0.421,33.15,0.938,0.809,0.916,0.508,3.82,0.115,Mid attention,Scalable,hot,21.5,30.5,84.25,49.04,0.224,0.3487,4.13,0.218,27.41,0.0943,0.1835,0.3916,0.6473,6.0
1930_4_Peru,1930,4,Peru,Romania,A,tournament,Hisense,loss,0,1576,66.6,39.7,14.92,33.8,77.75,0.188,0.333,33.45,0.777,0.647,0.931,0.425,3.191,0.095,Mid attention,Scalable,rain,18.5,51.5,88.86,56.75,0.032,0.5358,6.91,0.214,26.75,0.1203,0.2241,0.4221,0.3954,3.2875
1930_5_Argentina,1930,5,Argentina,France,A,tournament,Hyundai,win,3,1753,76.8,58.0,19.5,27.2,116.04,0.059,0.43,30.74,0.903,0.813,0.936,0.581,3.748,0.122,Mid attention,Scalable,windy,28.5,44.2,58.37,49.53,0.064,0.2153,1.67,0.129,27.37,0.0775,0.1224,0.2541,0.6528,6.0
1930_6_Chile,1930,6,Chile,Mexico,A,tournament,Hisense,win,3,1622,72.9,38.6,16.65,31.6,97.72,0.115,0.374,27.36,0.7,0.681,0.911,0.501,3.386,0.124,Mid attention,Scalable,clear,23.2,78.7,82.29,50.93,0.311,0.1342,2.47,0.222,30.43,0.1062,0.1821,0.2991,0.4881,4.5949
1930_7_Bolivia,1930,7,Bolivia,Yugoslavia,A,tournament,Qatar Airways,loss,0,1404,64.1,13.8,5.97,33.8,113.56,0.189,0.113,24.48,0.462,0.575,0.669,0.234,2.52,0.103,Low attention,Watchlist,cloudy,21.3,36.4,136.3,65.03,0.185,0.2741,2.35,0.212,37.72,0.1604,0.2911,0.3441,0.1258,0.7846
1930_8_Paraguay,1930,8,Paraguay,United States,A,tournament,Hyundai,loss,0,1578,69.9,30.5,12.88,31.6,86.88,0.135,0.27,26.2,0.812,0.667,0.921,0.403,3.544,0.135,Low attention,Scalable,clear,22.4,83.7,97.11,41.54,0.098,0.1618,2.03,0.156,29.46,0.0834,0.1808,0.2155,0.5292,6.0
1930_9_Uruguay,1930,9,Uruguay,Peru,A,tournament,Vivo,win,3,1684,74.8,44.8,20.58,27.2,71.09,0.083,0.439,19.75,0.443,0.797,0.741,0.432,3.33,0.169,Mid attention,Scalable,cloudy,24.3,57.5,67.91,54.85,0.144,0.3183,-1.38,0.146,22.54,0.0516,0.0442,0.3268,0.5487,6.0
1930_10_Argentina,1930,10,Argentina,Mexico,A,tournament,Hyundai,win,3,1753,76.8,58.0,19.5,44.8,122.09,0.291,0.541,30.74,0.903,0.813,0.936,0.665,3.948,0.128,Mid attention,Premium,clear,26.7,39.4,183.32,46.59,0.265,0.1508,5.69,0.287,40.26,0.2394,0.4058,0.3054,0.7007,2.9265
1930_11_Chile,1930,11,Chile,France,A,tournament,Hisense,win,3,1622,72.9,38.6,16.65,27.2,52.78,0.096,0.328,27.36,0.7,0.681,0.911,0.48,3.269,0.119,Low attention,Scalable,clear,17.0,47.2,70.59,46.9,0.25,0.2444,0.65,0.206,25.07,0.0253,0.0987,0.314,0.458,6.0
1930_12_Belgium,1930,12,Belgium,Paraguay,A,tournament,Visa,loss,0,1674,71.5,40.4,23.19,27.2,75.84,0.108,0.51,26.85,0.713,0.72,0.914,0.456,3.518,0.131,Mid attention,Scalable,cloudy,16.8,45.2,116.54,55.96,0.01,0.2494,3.16,0.108,26.93,0.0569,0.1941,0.226,0.5504,6.0
1930_13_Bolivia,1930,13,Bolivia,Brazil,A,tournament,Qatar Airways,loss,0,1404,64.1,13.8,5.97,33.8,104.94,0.182,0.109,24.48,0.462,0.575,0.669,0.231,2.451,0.1,Low attention,Watchlist,clear,29.6,37.6,144.22,41.52,0.32,0.4292,-0.19,0.277,29.7,0.1174,0.1921,0.4985,0.108,0.9204
1930_14_Uruguay,1930,14,Uruguay,Romania,A,tournament,Vivo,win,3,1684,74.8,44.8,20.58,33.8,162.16,0.248,0.519,19.75,0.443,0.797,0.741,0.493,3.48,0.176,Mid attention,Scalable,cloudy,20.5,59.5,102.97,44.78,0.253,0.3319,4.1,0.23,33.06,0.166,0.2478,0.4433,0.588,3.5424
1930_15_Argentina,1930,15,Argentina,Chile,A,tournament,Hyundai,win,3,1753,76.8,58.0,19.5,33.8,98.94,0.189,0.463,30.74,0.903,0.813,0.936,0.617,3.818,0.124,Mid attention,Scalable,cloudy,14.5,38.4,69.81,43.84,0.141,0.1986,1.15,0.208,37.41,0.1164,0.2099,0.2662,0.6694,5.7514
1930_16_Argentina,1930,16,Argentina,United States,A,tournament,Hyundai,win,3,1753,76.8,58.0,19.5,40.4,60.05,0.201,0.487,30.74,0.903,0.813,0.936,0.628,3.851,0.125,Mid attention,Premium,clear,25.7,23.1,215.12,66.0,0.037,0.4507,0.41,0.111,37.67,0.1818,0.3331,0.3578,0.6773,3.7256
1930_17_Uruguay,1930,17,Uruguay,Yugoslavia,A,tournament,Vivo,win,3,1684,74.8,44.8,20.58,40.4,112.45,0.269,0.538,19.75,0.443,0.797,0.741,0.503,3.469,0.176,Mid attention,Scalable,windy,25.8,51.9,133.71,58.04,0.262,0.1696,3.21,0.233,40.99,0.2094,0.3294,0.3099,0.5858,2.798
1930_18_Uruguay,1930,18,Uruguay,Argentina,A,tournament,Vivo,win,3,1684,74.8,44.8,20.58,38.2,235.07,0.288,0.578,19.75,0.443,0.797,0.741,0.522,3.524,0.178,Mid attention,Scalable,cloudy,13.8,29.2,105.83,39.74,0.204,0.0369,1.33,0.172,32.94,0.2542,0.2076,0.2785,0.5995,2.3586
1934_19_Argentina,1934,19,Argentina,Sweden,A,tournament,Hyundai,loss,0,1753,76.8,58.0,19.5,37.46,136.44,0.266,0.502,30.74,0.903,0.813,0.936,0.546,3.884,0.126,Mid attention,Scalable,rain,24.4,46.0,142.92,77.12,0.01,0.149,1.59,0.125,40.03,0.2302,0.3052,0.2006,0.6853,2.977
1934_20_Austria,1934,20,Austria,France,A,tournament,McDonald's,win,3,1660,70.5,44.6,14.99,37.46,85.3,0.207,0.361,21.71,0.454,0.702,0.72,0.429,3.168,0.146,Mid attention,Scalable,cloudy,27.4,43.5,134.14,43.68,0.133,0.3255,3.16,0.155,32.86,0.1394,0.2603,0.3358,0.4153,2.9791
1934_21_Belgium,1934,21,Belgium,Germany,A,tournament,Visa,loss,0,1674,71.5,40.4,23.19,41.86,141.15,0.289,0.628,26.85,0.713,0.72,0.914,0.533,3.596,0.134,Mid attention,Scalable,rain,25.2,44.1,174.52,66.74,0.469,0.252,4.48,0.294,41.39,0.2581,0.3891,0.4736,0.57,2.2079
1934_22_Brazil,1934,22,Brazil,Spain,A,tournament,Adidas,loss,0,1829,78.8,57.4,18.61,35.26,81.86,0.163,0.441,33.15,0.938,0.809,0.916,0.516,3.835,0.116,Mid attention,Scalable,rain,26.8,90.0,89.76,59.0,0.158,0.3091,1.08,0.199,31.31,0.1403,0.1754,0.3341,0.6517,4.6445
1934_23_Czechoslovakia,1934,23,Czechoslovakia,Romania,A,tournament,Visa,win,3,1636,72.1,45.6,14.05,33.06,64.67,0.179,0.3,31.09,0.763,0.715,0.89,0.506,3.227,0.104,Low attention,Scalable,hot,14.6,58.9,107.55,31.51,0.082,0.1108,0.72,0.131,26.59,0.0644,0.1462,0.161,0.4434,6.0
1934_24_Egypt,1934,24,Egypt,Hungary,A,tournament,Hyundai,loss,0,1408,63.5,15.1,8.15,39.66,102.8,0.24,0.202,30.54,0.862,0.597,0.912,0.413,3.097,0.101,Low attention,Scalable,cloudy,25.0,61.9,88.58,40.63,0.055,0.2154,2.85,0.087,35.5,0.1682,0.2365,0.2415,0.345,2.0509
1934_25_Italy,1934,25,Italy,United States,A,tournament,Visa,win,3,1755,77.8,61.6,11.04,44.06,129.18,0.299,0.316,33.4,0.799,0.761,0.842,0.546,3.488,0.104,Low attention,Scalable,clear,21.2,29.6,156.36,95.31,0.333,0.1764,3.93,0.286,37.73,0.3135,0.3333,0.3567,0.5068,1.6164
1934_26_Netherlands,1934,26,Netherlands,Switzerland,A,tournament,Hisense,loss,0,1746,75.8,49.9,15.97,37.46,63.38,0.184,0.377,32.27,0.781,0.811,0.856,0.442,3.486,0.108,Mid attention,Scalable,clear,20.1,47.5,111.89,66.07,0.241,0.3884,5.87,0.244,41.26,0.1574,0.352,0.41,0.5498,3.4923
1934_27_Austria,1934,27,Austria,Hungary,A,tournament,McDonald's,win,3,1660,70.5,44.6,14.99,33.06,68.48,0.163,0.327,21.71,0.454,0.702,0.72,0.408,3.099,0.143,Low attention,Scalable,cloudy,28.2,61.4,106.55,31.2,0.297,0.2267,0.55,0.224,28.95,0.0668,0.1627,0.3336,0.3975,5.9508
1934_28_Czechoslovakia,1934,28,Czechoslovakia,Switzerland,A,tournament,Visa,win,3,1636,72.1,45.6,14.05,37.46,107.36,0.233,0.346,31.09,0.763,0.715,0.89,0.533,3.302,0.106,Mid attention,Scalable,clear,31.9,41.6,108.49,72.39,0.181,0.3293,2.13,0.168,42.36,0.2007,0.3017,0.374,0.461,2.2968
1934_29_Germany,1934,29,Germany,Sweden,A,tournament,Coca-Cola,win,3,1798,81.3,65.9,22.15,33.06,84.27,0.17,0.522,29.19,0.759,0.859,0.907,0.587,3.835,0.131,Mid attention,Scalable,clear,33.8,72.5,93.28,51.61,0.282,0.2765,5.27,0.238,31.65,0.1105,0.2448,0.3695,0.7012,6.0
1934_30_Italy,1934,30,Italy,Spain,A,tournament,Visa,draw,1,1755,77.8,61.6,11.04,30.86,98.5,0.155,0.222,33.4,0.799,0.761,0.842,0.417,3.358,0.101,Low attention,Scalable,clear,30.9,38.8,74.62,30.79,0.071,0.2356,6.94,0.15,26.53,0.0688,0.2097,0.2589,0.4769,6.0
1934_31_Italy,1934,31,Italy,Spain,A,tournament,Visa,win,3,1755,77.8,61.6,11.04,28.66,58.29,0.151,0.191,33.4,0.799,0.761,0.842,0.471,3.236,0.097,Low attention,Scalable,cloudy,22.3,53.4,104.91,51.16,0.172,0.2084,0.71,0.111,26.39,0.0495,0.142,0.2598,0.4472,6.0
1934_32_Czechoslovakia,1934,32,Czechoslovakia,Germany,A,tournament,Visa,win,3,1636,72.1,45.6,14.05,35.26,123.06,0.197,0.339,31.09,0.763,0.715,0.89,0.524,3.238,0.104,Mid attention,Scalable,clear,25.1,48.6,153.73,54.62,0.185,0.1694,1.25,0.184,29.83,0.1649,0.2236,0.2826,0.4455,2.702
1934_33_Italy,1934,33,Italy,Austria,A,tournament,Visa,win,3,1755,77.8,61.6,11.04,28.66,58.79,0.078,0.191,33.4,0.799,0.761,0.842,0.458,3.27,0.098,Low attention,Scalable,cloudy,27.6,60.6,74.91,33.43,0.294,0.1528,3.6,0.241,30.96,0.0224,0.197,0.2782,0.4553,6.0
1934_34_Austria,1934,34,Austria,Germany,A,tournament,McDonald's,loss,0,1660,70.5,44.6,14.99,37.46,169.57,0.241,0.398,21.71,0.454,0.702,0.72,0.349,3.211,0.148,Mid attention,Watchlist,rain,23.7,47.8,129.24,76.46,0.188,0.4122,1.59,0.111,30.84,0.2544,0.215,0.4713,0.4266,1.6768
1934_35_Italy,1934,35,Italy,Czechoslovakia,A,tournament,Visa,win,3,1755,77.8,61.6,11.04,33.06,58.43,0.158,0.218,33.4,0.799,0.761,0.842,0.483,3.322,0.099,Low attention,Scalable,hot,23.8,53.7,110.65,42.28,0.094,0.1964,1.21,0.139,36.18,0.0763,0.2375,0.2176,0.467,6.0
1938_36_Germany,1938,36,Germany,Switzerland,A,tournament,Coca-Cola,draw,1,1798,81.3,65.9,22.15,32.32,68.02,0.17,0.511,29.19,0.759,0.859,0.907,0.516,3.808,0.13,Mid attention,Scalable,clear,27.9,54.2,97.29,41.04,0.163,0.1171,3.31,0.18,25.74,0.0749,0.1688,0.2031,0.6945,6.0
1938_37_Brazil,1938,37,Brazil,Poland,A,tournament,Adidas,win,3,1829,78.8,57.4,18.61,52.12,167.4,0.424,0.582,33.15,0.938,0.809,0.916,0.716,4.084,0.123,Mid attention,Premium,cloudy,22.6,46.2,106.9,65.39,-0.011,0.1257,6.05,0.099,46.28,0.3704,0.3927,0.1965,0.7107,1.9187
1938_38_Cuba,1938,38,Cuba,Romania,A,tournament,Vivo,draw,1,1562,72.5,37.1,8.19,41.12,187.26,0.293,0.248,18.81,0.393,0.682,0.673,0.314,3.12,0.166,Low attention,Watchlist,cloudy,18.6,65.8,89.22,78.03,-0.076,0.2873,0.05,0.094,34.14,0.304,0.1833,0.2851,0.402,1.3226
1938_39_Czechoslovakia,1938,39,Czechoslovakia,Netherlands,A,tournament,Visa,win,3,1636,72.1,45.6,14.05,34.52,107.74,0.167,0.328,31.09,0.763,0.715,0.89,0.514,3.255,0.105,Low attention,Scalable,cloudy,20.5,61.8,85.31,62.76,0.239,0.2939,5.95,0.195,35.44,0.159,0.2798,0.377,0.4503,2.8313
1938_40_France,1938,40,France,Belgium,A,tournament,Qatar Airways,win,3,1748,77.8,46.5,18.67,36.72,122.84,0.243,0.47,24.02,0.51,0.801,0.711,0.496,3.462,0.144,Mid attention,Scalable,cloudy,26.8,56.6,64.62,76.16,0.119,0.1674,1.59,0.103,35.41,0.2115,0.1949,0.2519,0.532,2.515
1938_41_Hungary,1938,41,Hungary,Indonesia,A,tournament,Adidas,win,3,1691,78.9,42.6,16.61,41.12,118.09,0.291,0.44,33.47,0.932,0.712,0.937,0.637,3.748,0.112,Mid attention,Premium,clear,23.0,51.1,175.65,49.27,0.13,0.221,3.53,0.086,45.98,0.2067,0.4146,0.2884,0.5738,2.7761
1938_42_Italy,1938,42,Italy,Norway,A,tournament,Visa,win,3,1755,77.8,61.6,11.04,34.52,74.01,0.183,0.234,33.4,0.799,0.761,0.842,0.493,3.351,0.1,Low attention,Scalable,windy,25.0,70.7,113.69,66.36,0.239,0.3982,6.14,0.257,31.48,0.1389,0.275,0.4224,0.4741,3.4127
1938_43_Cuba,1938,43,Cuba,Romania,A,tournament,Vivo,win,3,1562,72.5,37.1,8.19,34.52,86.0,0.157,0.164,18.81,0.393,0.682,0.673,0.324,2.942,0.156,Low attention,Watchlist,clear,27.0,54.2,102.93,56.78,0.296,0.2221,3.48,0.251,27.43,0.1332,0.1908,0.3417,0.353,2.65
1938_44_Germany,1938,44,Germany,Switzerland,A,tournament,Coca-Cola,loss,0,1798,81.3,65.9,22.15,41.12,83.69,0.255,0.571,29.19,0.759,0.859,0.907,0.521,3.898,0.134,Mid attention,Scalable,hot,20.8,53.1,71.45,53.51,0.21,0.2552,2.18,0.233,43.35,0.1871,0.2772,0.3235,0.7178,3.8369
1938_45_Brazil,1938,45,Brazil,Czechoslovakia,A,tournament,Adidas,draw,1,1829,78.8,57.4,18.61,32.32,64.56,0.14,0.416,33.15,0.938,0.809,0.916,0.536,3.784,0.114,Mid attention,Scalable,cloudy,27.5,59.7,61.54,30.58,0.349,0.1439,4.31,0.216,31.95,0.056,0.2039,0.3006,0.6388,6.0
1938_46_Cuba,1938,46,Cuba,Sweden,A,tournament,Vivo,loss,0,1562,72.5,37.1,8.19,45.52,145.57,0.344,0.257,18.81,0.393,0.682,0.673,0.293,3.095,0.165,Low attention,Watchlist,clear,25.3,85.1,136.67,89.43,0.206,0.3043,2.44,0.223,49.06,0.3303,0.3887,0.3938,0.3957,1.1978
1938_47_France,1938,47,France,Italy,A,tournament,Qatar Airways,loss,0,1748,77.8,46.5,18.67,36.72,76.62,0.218,0.45,24.02,0.51,0.801,0.711,0.384,3.407,0.142,Mid attention,Scalable,rain,15.6,36.6,180.54,44.56,0.186,0.2995,3.89,0.13,34.27,0.1274,0.3255,0.3368,0.5184,4.0701
1938_48_Hungary,1938,48,Hungary,Switzerland,A,tournament,Adidas,win,3,1691,78.9,42.6,16.61,32.32,101.0,0.167,0.379,33.47,0.932,0.712,0.937,0.591,3.598,0.107,Mid attention,Scalable,clear,31.7,70.3,81.53,55.63,0.18,0.3959,2.37,0.16,33.8,0.1226,0.2084,0.4124,0.5372,4.3808
1938_49_Brazil,1938,49,Brazil,Czechoslovakia,A,tournament,Adidas,win,3,1829,78.8,57.4,18.61,34.52,68.51,0.183,0.431,33.15,0.938,0.809,0.916,0.616,3.849,0.116,Mid attention,Scalable,rain,20.0,27.7,128.7,55.7,0.028,0.2171,4.61,0.109,29.05,0.1182,0.245,0.2083,0.6544,5.5358
1938_50_Brazil,1938,50,Brazil,Italy,A,tournament,Adidas,loss,0,1829,78.8,57.4,18.61,34.52,107.18,0.192,0.448,33.15,0.938,0.809,0.916,0.524,3.817,0.115,Mid attention,Scalable,cloudy,13.1,61.5,91.98,31.27,0.252,0.3029,-0.13,0.238,39.35,0.1098,0.2271,0.3882,0.6467,5.8896
1938_51_Hungary,1938,51,Hungary,Sweden,A,tournament,Adidas,win,3,1691,78.9,42.6,16.61,41.12,102.48,0.269,0.434,33.47,0.932,0.712,0.937,0.63,3.703,0.111,Mid attention,Premium,clear,16.7,83.2,125.25,90.16,-0.088,0.3759,0.67,0.129,34.64,0.2582,0.2296,0.2817,0.5635,2.1826
1938_52_Brazil,1938,52,Brazil,Sweden,A,tournament,Adidas,win,3,1829,78.8,57.4,18.61,41.12,174.22,0.325,0.517,33.15,0.938,0.809,0.916,0.674,3.962,0.12,Mid attention,Premium,clear,16.9,65.8,167.36,80.54,0.098,0.1472,-0.16,0.12,44.36,0.2979,0.3376,0.2631,0.6823,2.2904
1938_53_Hungary,1938,53,Hungary,Italy,A,tournament,Adidas,loss,0,1691,78.9,42.6,16.61,41.12,128.66,0.238,0.445,33.47,0.932,0.712,0.937,0.529,3.67,0.11,Mid attention,Scalable,rain,23.3,60.7,113.3,63.01,0.158,0.4804,2.68,0.158,35.22,0.236,0.254,0.4753,0.5556,2.3537
1950_54_Brazil,1950,54,Brazil,Mexico,A,tournament,Adidas,win,3,1829,78.8,57.4,18.61,41.09,165.97,0.293,0.514,33.15,0.938,0.809,0.916,0.667,4.022,0.121,Mid attention,Premium,clear,21.4,49.0,103.88,73.32,0.077,0.2422,-0.41,0.096,43.63,0.2802,0.2699,0.3098,0.6956,2.4829
1950_55_Chile,1950,55,Chile,England,A,tournament,Hisense,loss,0,1622,72.9,38.6,16.65,36.69,84.85,0.187,0.4,27.36,0.7,0.681,0.911,0.424,3.423,0.125,Mid attention,Scalable,hot,21.0,58.5,157.12,55.75,0.111,0.4377,1.35,0.139,39.99,0.1507,0.3142,0.3983,0.4968,3.2967
1950_56_Italy,1950,56,Italy,Sweden,A,tournament,Visa,loss,0,1755,77.8,61.6,11.04,43.29,125.67,0.283,0.31,33.4,0.799,0.761,0.842,0.44,3.388,0.101,Low attention,Scalable,rain,26.7,54.0,131.54,80.86,0.34,0.1162,0.47,0.315,47.43,0.2814,0.3405,0.3186,0.4829,1.716
1950_57_Spain,1950,57,Spain,United States,A,tournament,Budweiser,win,3,1708,77.4,45.2,19.26,41.09,89.22,0.244,0.497,27.85,0.714,0.724,0.933,0.576,3.66,0.131,Mid attention,Scalable,rain,25.0,45.4,162.16,44.16,0.267,0.3129,5.91,0.249,39.09,0.1765,0.38,0.3896,0.5885,3.3338
1950_58_Switzerland,1950,58,Switzerland,Yugoslavia,A,tournament,Adidas,loss,0,1632,72.7,48.1,17.05,38.89,98.98,0.274,0.43,31.4,0.904,0.774,0.888,0.52,3.644,0.116,Mid attention,Scalable,clear,24.9,53.4,98.44,57.57,0.088,0.3476,0.72,0.185,36.34,0.1845,0.2204,0.3391,0.5802,3.1446
1950_59_Brazil,1950,59,Brazil,Switzerland,A,tournament,Adidas,draw,1,1829,78.8,57.4,18.61,41.09,109.11,0.241,0.489,33.15,0.938,0.809,0.916,0.582,3.972,0.12,Mid attention,Scalable,rain,25.5,61.2,175.46,54.9,0.109,0.2114,0.1,0.132,44.38,0.2083,0.3491,0.267,0.6843,3.2851
1950_60_Mexico,1950,60,Mexico,Yugoslavia,A,tournament,Hyundai,loss,0,1612,72.1,37.6,18.89,43.29,100.96,0.311,0.506,28.5,0.853,0.712,0.897,0.538,3.62,0.127,Mid attention,Scalable,windy,26.7,45.7,139.26,64.83,0.029,0.1145,3.32,0.095,42.8,0.2377,0.3514,0.1636,0.5535,2.3283
1950_61_Chile,1950,61,Chile,Spain,A,tournament,Hisense,loss,0,1622,72.9,38.6,16.65,36.69,74.6,0.146,0.395,27.36,0.7,0.681,0.911,0.415,3.415,0.125,Mid attention,Scalable,clear,10.4,45.1,122.88,54.51,0.227,0.1123,6.34,0.209,36.82,0.141,0.3316,0.2327,0.4952,3.5129
1950_62_England,1950,62,England,United States,A,tournament,McDonald's,loss,0,1695,76.6,52.6,19.34,34.49,66.35,0.153,0.449,20.29,0.432,0.819,0.654,0.345,3.271,0.161,Mid attention,Watchlist,clear,20.8,36.2,107.08,37.46,0.131,0.1685,2.56,0.128,29.83,0.088,0.201,0.2211,0.5071,5.7607
1950_63_Paraguay,1950,63,Paraguay,Sweden,A,tournament,Hyundai,draw,1,1578,69.9,30.5,12.88,41.09,60.99,0.238,0.317,26.2,0.812,0.667,0.921,0.473,3.602,0.137,Low attention,Scalable,clear,9.9,64.3,108.79,89.14,-0.04,0.289,2.72,0.071,38.65,0.2247,0.2795,0.2197,0.5434,2.4181
1950_64_Brazil,1950,64,Brazil,Yugoslavia,A,tournament,Adidas,win,3,1829,78.8,57.4,18.61,36.69,78.0,0.211,0.448,33.15,0.938,0.809,0.916,0.627,3.926,0.118,Mid attention,Premium,clear,23.2,66.7,110.18,33.76,0.166,0.4526,5.51,0.166,33.5,0.1114,0.2794,0.4279,0.6725,6.0
1950_65_Bolivia,1950,65,Bolivia,Uruguay,A,tournament,Qatar Airways,loss,0,1404,64.1,13.8,5.97,49.89,169.95,0.423,0.236,24.48,0.462,0.575,0.669,0.323,2.704,0.11,Low attention,Watchlist,rain,23.0,61.7,134.18,45.55,0.2,0.1607,4.64,0.16,50.86,0.3211,0.4349,0.3142,0.1719,0.5355
1950_66_Chile,1950,66,Chile,United States,A,tournament,Hisense,win,3,1622,72.9,38.6,16.65,47.69,87.11,0.346,0.468,27.36,0.7,0.681,0.911,0.578,3.536,0.129,Mid attention,Scalable,cloudy,29.3,73.4,182.11,66.07,0.253,0.0753,3.69,0.193,40.57,0.2696,0.3772,0.2284,0.5247,1.9465
1950_67_England,1950,67,England,Spain,A,tournament,McDonald's,loss,0,1695,76.6,52.6,19.34,34.49,67.19,0.154,0.449,20.29,0.432,0.819,0.654,0.345,3.237,0.16,Mid attention,Watchlist,cloudy,30.1,59.4,98.49,58.86,0.149,0.2193,1.58,0.129,31.94,0.1218,0.1962,0.2624,0.499,4.0956
1950_68_Italy,1950,68,Italy,Paraguay,A,tournament,Visa,win,3,1755,77.8,61.6,11.04,36.69,173.11,0.244,0.29,33.4,0.799,0.761,0.842,0.526,3.426,0.103,Low attention,Scalable,clear,24.2,64.3,75.82,41.59,0.119,0.1789,3.76,0.152,39.83,0.196,0.2752,0.2922,0.4931,2.5164
1950_69_Mexico,1950,69,Mexico,Switzerland,A,tournament,Hyundai,loss,0,1612,72.1,37.6,18.89,38.89,92.99,0.253,0.476,28.5,0.853,0.712,0.897,0.516,3.534,0.124,Mid attention,Scalable,clear,20.0,62.9,76.78,61.96,0.355,0.1349,-0.06,0.254,37.98,0.1867,0.2028,0.316,0.5323,2.8505
1950_70_Brazil,1950,70,Brazil,Sweden,A,tournament,Adidas,win,3,1829,78.8,57.4,18.61,49.89,155.98,0.389,0.563,33.15,0.938,0.809,0.916,0.703,4.077,0.123,Mid attention,Premium,clear,25.9,56.5,97.33,91.78,0.157,0.1356,1.49,0.148,55.01,0.3821,0.3889,0.2698,0.7093,1.8564
1950_71_Spain,1950,71,Spain,Uruguay,A,tournament,Budweiser,draw,1,1708,77.4,45.2,19.26,41.09,140.56,0.25,0.52,27.85,0.714,0.724,0.933,0.518,3.678,0.132,Mid attention,Scalable,hot,19.8,49.5,144.06,42.01,0.228,0.4139,5.81,0.184,35.49,0.2123,0.3316,0.4711,0.5934,2.7953
1950_72_Brazil,1950,72,Brazil,Spain,A,tournament,Adidas,win,3,1829,78.8,57.4,18.61,47.69,164.06,0.344,0.553,33.15,0.938,0.809,0.916,0.691,4.085,0.123,Mid attention,Premium,cloudy,23.0,93.4,107.43,103.95,0.102,0.1428,5.53,0.134,44.75,0.3869,0.3723,0.2554,0.7109,1.8375
1950_73_Sweden,1950,73,Sweden,Uruguay,A,tournament,Budweiser,loss,0,1654,74.4,39.2,19.34,43.29,80.78,0.246,0.509,26.29,0.687,0.705,0.91,0.471,3.54,0.135,Mid attention,Scalable,clear,28.9,50.8,140.18,57.91,0.225,0.3583,3.72,0.189,41.56,0.2116,0.3478,0.3948,0.5489,2.5937
1950_74_Brazil,1950,74,Brazil,Uruguay,A,tournament,Adidas,loss,0,1829,78.8,57.4,18.61,38.89,104.17,0.25,0.473,33.15,0.938,0.809,0.916,0.544,3.938,0.119,Mid attention,Scalable,rain,19.7,47.3,120.89,67.48,0.011,0.2232,-1.25,0.099,35.94,0.2038,0.2077,0.228,0.6762,3.3177
1950_75_Spain,1950,75,Spain,Sweden,A,tournament,Budweiser,loss,0,1708,77.4,45.2,19.26,41.09,74.64,0.246,0.491,27.85,0.714,0.724,0.933,0.474,3.612,0.13,Mid attention,Scalable,clear,27.8,64.9,121.46,42.9,0.11,0.3205,0.26,0.191,42.18,0.1635,0.2838,0.3155,0.5776,3.5334
1954_76_Austria,1954,76,Austria,Scotland,A,tournament,McDonald's,win,3,1660,70.5,44.6,14.99,35.95,203.79,0.288,0.403,21.71,0.454,0.702,0.72,0.46,3.319,0.153,Mid attention,Scalable,clear,27.1,62.0,120.51,65.51,0.035,0.2029,1.37,0.061,29.97,0.2496,0.1964,0.2905,0.4549,1.8223
1954_77_Brazil,1954,77,Brazil,Mexico,A,tournament,Adidas,win,3,1829,78.8,57.4,18.61,44.75,81.82,0.276,0.5,33.15,0.938,0.809,0.916,0.659,3.963,0.12,Mid attention,Premium,clear,17.3,35.5,139.86,89.17,0.096,0.4294,2.44,0.235,43.27,0.2743,0.3427,0.3843,0.6825,2.4883
1954_78_Czechoslovakia,1954,78,Czechoslovakia,Uruguay,A,tournament,Visa,loss,0,1636,72.1,45.6,14.05,38.15,81.3,0.218,0.339,31.09,0.763,0.715,0.89,0.427,3.251,0.105,Mid attention,Scalable,windy,28.8,76.0,58.21,39.56,0.281,0.2191,0.17,0.216,31.66,0.1363,0.1359,0.33,0.4495,3.2972
1954_79_France,1954,79,France,Yugoslavia,A,tournament,Qatar Airways,loss,0,1748,77.8,46.5,18.67,35.95,76.77,0.203,0.445,24.02,0.51,0.801,0.711,0.379,3.381,0.141,Mid attention,Watchlist,rain,27.2,56.5,99.61,38.24,0.095,0.2744,2.28,0.155,36.18,0.1106,0.2437,0.2804,0.5118,4.6279
1954_80_Belgium,1954,80,Belgium,England,A,tournament,Visa,draw,1,1674,71.5,40.4,23.19,51.35,96.51,0.363,0.667,26.85,0.713,0.72,0.914,0.595,3.69,0.137,High attention,Scalable,cloudy,23.6,40.2,171.56,64.98,0.228,0.2554,6.51,0.171,55.4,0.3087,0.5356,0.3399,0.5927,1.9202
1954_81_Germany,1954,81,Germany,Turkey,A,tournament,Coca-Cola,win,3,1798,81.3,65.9,22.15,44.75,186.76,0.369,0.638,29.19,0.759,0.859,0.907,0.667,4.007,0.137,Mid attention,Premium,clear,18.4,77.0,202.59,40.97,0.308,0.1626,3.64,0.266,35.23,0.2795,0.3499,0.3743,0.7435,2.6601
1954_82_Hungary,1954,82,Hungary,South Korea,A,tournament,Adidas,win,3,1691,78.9,42.6,16.61,53.55,301.54,0.512,0.596,33.47,0.932,0.712,0.937,0.736,3.988,0.119,Mid attention,Premium,clear,17.8,68.0,245.24,116.84,0.153,0.1861,3.26,0.153,50.58,0.5654,0.5128,0.3957,0.631,1.116
1954_83_Switzerland,1954,83,Switzerland,Italy,A,tournament,Adidas,win,3,1632,72.7,48.1,17.05,40.35,100.93,0.241,0.44,31.4,0.904,0.774,0.888,0.618,3.657,0.116,Mid attention,Scalable,cloudy,19.8,37.8,86.21,67.7,0.256,0.2801,0.66,0.199,38.63,0.2151,0.2277,0.3712,0.5828,2.7092
1954_84_Austria,1954,84,Austria,Czechoslovakia,A,tournament,McDonald's,win,3,1660,70.5,44.6,14.99,44.75,88.36,0.282,0.407,21.71,0.454,0.702,0.72,0.46,3.245,0.149,Mid attention,Scalable,clear,26.3,86.4,123.18,75.62,0.209,0.4633,-0.64,0.19,46.51,0.2583,0.3084,0.4606,0.4347,1.6831
1954_85_Brazil,1954,85,Brazil,Yugoslavia,A,tournament,Adidas,draw,1,1829,78.8,57.4,18.61,38.15,58.28,0.166,0.449,33.15,0.938,0.809,0.916,0.553,3.827,0.115,Mid attention,Scalable,windy,17.3,68.5,77.48,81.89,0.168,0.2198,0.22,0.158,30.78,0.1844,0.1467,0.2654,0.6487,3.518
1954_86_France,1954,86,France,Mexico,A,tournament,Qatar Airways,win,3,1748,77.8,46.5,18.67,44.75,119.43,0.326,0.517,24.02,0.51,0.801,0.711,0.529,3.476,0.145,Mid attention,Scalable,rain,25.6,57.8,196.58,88.68,0.231,0.1907,-0.73,0.209,41.45,0.3022,0.331,0.3144,0.5362,1.7743
1954_87_Scotland,1954,87,Scotland,Uruguay,A,tournament,Budweiser,loss,0,1529,67.9,31.6,17.66,49.15,128.55,0.355,0.522,26.35,0.683,0.686,0.905,0.494,3.46,0.131,Mid attention,Scalable,cloudy,15.5,83.4,190.2,96.26,0.34,0.2843,2.96,0.258,52.24,0.3613,0.4722,0.4291,0.5133,1.4205
1954_88_Belgium,1954,88,Belgium,Italy,A,tournament,Visa,loss,0,1674,71.5,40.4,23.19,44.75,106.56,0.305,0.631,26.85,0.713,0.72,0.914,0.537,3.63,0.135,Mid attention,Scalable,rain,21.8,60.5,146.75,60.03,0.092,0.1681,3.61,0.127,43.48,0.248,0.3684,0.2298,0.5781,2.3312
1954_89_Germany,1954,89,Germany,Hungary,A,tournament,Coca-Cola,loss,0,1798,81.3,65.9,22.15,57.95,176.19,0.511,0.715,29.19,0.759,0.859,0.907,0.622,4.104,0.141,High attention,Premium,windy,23.7,57.6,181.47,77.38,0.06,0.2724,0.77,0.099,60.84,0.4493,0.5039,0.3285,0.7683,1.71
1954_90_South_Korea,1954,90,South Korea,Turkey,A,tournament,McDonald's,loss,0,1548,70.3,20.2,12.83,49.15,156.89,0.399,0.407,25.44,0.51,0.67,0.723,0.4,3.09,0.121,Mid attention,Scalable,cloudy,37.7,47.4,208.52,62.88,0.054,0.2476,3.11,0.092,44.78,0.3312,0.428,0.2972,0.3461,1.0451
1954_91_Switzerland,1954,91,Switzerland,England,A,tournament,Adidas,loss,0,1632,72.7,48.1,17.05,38.15,119.34,0.257,0.434,31.4,0.904,0.774,0.888,0.519,3.711,0.118,Mid attention,Scalable,cloudy,14.7,67.3,155.14,51.53,0.256,0.3383,5.88,0.203,42.39,0.1838,0.4011,0.4208,0.5962,3.2432
1954_92_Germany,1954,92,Germany,Turkey,A,tournament,Coca-Cola,win,3,1798,81.3,65.9,22.15,53.55,140.06,0.422,0.672,29.19,0.759,0.859,0.907,0.69,4.062,0.139,High attention,Premium,hot,31.8,65.6,214.89,73.92,0.269,0.1724,6.91,0.225,43.26,0.3759,0.4784,0.3329,0.7572,2.0142
1954_93_Switzerland,1954,93,Switzerland,Italy,A,tournament,Adidas,win,3,1632,72.7,48.1,17.05,44.75,93.94,0.284,0.464,31.4,0.904,0.774,0.888,0.635,3.729,0.119,Mid attention,Premium,clear,23.9,58.2,150.7,48.42,0.103,0.2197,4.42,0.162,36.37,0.2204,0.3241,0.2598,0.6012,2.7281
1954_94_England,1954,94,England,Uruguay,A,tournament,McDonald's,loss,0,1695,76.6,52.6,19.34,46.95,161.66,0.363,0.567,20.29,0.432,0.819,0.654,0.428,3.488,0.172,Mid attention,Scalable,hot,25.5,45.4,129.25,63.98,-0.057,0.4117,2.43,0.115,45.55,0.3163,0.3521,0.3572,0.5652,1.787
1954_95_Switzerland,1954,95,Switzerland,Austria,A,tournament,Adidas,loss,0,1632,72.7,48.1,17.05,60.15,172.49,0.474,0.592,31.4,0.904,0.774,0.888,0.618,3.97,0.126,Mid attention,Scalable,clear,23.7,60.1,218.9,89.07,0.089,0.4296,4.35,0.153,57.11,0.4848,0.5605,0.4406,0.6586,1.3585
1954_96_Brazil,1954,96,Brazil,Hungary,A,tournament,Adidas,loss,0,1829,78.8,57.4,18.61,46.95,172.06,0.332,0.552,33.15,0.938,0.809,0.916,0.589,4.021,0.121,Mid attention,Scalable,cloudy,25.7,56.9,172.97,61.14,0.211,0.1524,5.64,0.194,47.41,0.3198,0.4561,0.3151,0.6954,2.1745
1954_97_Germany,1954,97,Germany,Yugoslavia,A,tournament,Coca-Cola,win,3,1798,81.3,65.9,22.15,38.15,136.01,0.213,0.576,29.19,0.759,0.859,0.907,0.615,3.888,0.133,Mid attention,Scalable,rain,22.1,36.7,109.27,42.54,0.15,0.2819,-1.42,0.16,32.9,0.1826,0.1688,0.3483,0.7144,3.9124
1954_98_Austria,1954,98,Austria,Germany,A,tournament,McDonald's,loss,0,1660,70.5,44.6,14.99,49.15,94.33,0.318,0.437,21.71,0.454,0.702,0.72,0.378,3.276,0.151,Mid attention,Watchlist,cloudy,31.7,34.5,135.24,68.09,0.174,0.5463,5.91,0.141,42.34,0.2916,0.383,0.5026,0.4436,1.5212
1954_99_Hungary,1954,99,Hungary,Uruguay,A,tournament,Adidas,win,3,1691,78.9,42.6,16.61,46.95,89.79,0.329,0.464,33.47,0.932,0.712,0.937,0.652,3.699,0.111,Mid attention,Premium,cloudy,20.3,67.0,187.24,71.61,0.104,0.4165,1.66,0.151,49.28,0.2734,0.4248,0.3847,0.5627,2.0584
1954_100_Austria,1954,100,Austria,Uruguay,A,tournament,McDonald's,win,3,1660,70.5,44.6,14.99,42.55,98.41,0.249,0.398,21.71,0.454,0.702,0.72,0.451,3.217,0.148,Mid attention,Scalable,cloudy,29.8,16.4,193.78,78.16,0.258,0.298,1.68,0.203,37.66,0.2496,0.3328,0.382,0.4278,1.7136
1954_101_Germany,1954,101,Germany,Hungary,A,tournament,Coca-Cola,win,3,1798,81.3,65.9,22.15,44.75,95.14,0.286,0.599,29.19,0.759,0.859,0.907,0.637,3.902,0.134,Mid attention,Premium,clear,19.1,61.3,111.47,81.65,0.191,0.238,2.05,0.143,46.62,0.2728,0.3393,0.3114,0.7186,2.6342
1958_102_Argentina,1958,102,Argentina,Germany,A,tournament,Hyundai,loss,0,1753,76.8,58.0,19.5,44.01,155.38,0.363,0.55,30.74,0.903,0.813,0.936,0.582,3.894,0.127,Mid attention,Scalable,clear,22.6,50.4,123.79,51.21,0.215,0.2512,3.47,0.172,44.48,0.2647,0.3538,0.3699,0.6886,2.6017
1958_103_Austria,1958,103,Austria,Brazil,A,tournament,McDonald's,loss,0,1660,70.5,44.6,14.99,41.81,131.83,0.278,0.408,21.71,0.454,0.702,0.72,0.36,3.198,0.147,Mid attention,Watchlist,clear,16.6,78.9,137.12,39.62,0.172,0.0777,0.47,0.16,33.87,0.2086,0.2309,0.2233,0.4226,2.0265
1958_104_Czechoslovakia,1958,104,Czechoslovakia,Northern Ireland,A,tournament,Visa,loss,0,1636,72.1,45.6,14.05,37.41,145.43,0.267,0.362,31.09,0.763,0.715,0.89,0.445,3.343,0.108,Mid attention,Scalable,cloudy,25.7,50.1,126.92,48.44,0.209,0.1467,2.2,0.138,38.76,0.1921,0.2891,0.2932,0.4719,2.456
1958_105_England,1958,105,England,Russia,A,tournament,McDonald's,draw,1,1695,76.6,52.6,19.34,44.01,140.53,0.292,0.54,20.29,0.432,0.819,0.654,0.438,3.412,0.168,Mid attention,Scalable,cloudy,31.7,68.6,116.03,48.6,0.202,0.3356,3.9,0.169,48.26,0.2493,0.3852,0.409,0.5447,2.1845
1958_106_France,1958,106,France,Paraguay,A,tournament,Qatar Airways,win,3,1748,77.8,46.5,18.67,57.21,173.32,0.482,0.617,24.02,0.51,0.801,0.711,0.595,3.68,0.153,Mid attention,Scalable,clear,22.5,51.6,275.23,80.92,0.063,0.1902,3.26,0.173,61.44,0.4458,0.6319,0.2748,0.5876,1.3182
1958_107_Hungary,1958,107,Hungary,Wales,A,tournament,Adidas,draw,1,1691,78.9,42.6,16.61,39.61,158.38,0.254,0.449,33.47,0.932,0.712,0.937,0.566,3.746,0.112,Mid attention,Scalable,hot,21.8,59.8,132.24,86.08,0.194,0.2068,3.6,0.121,31.02,0.2806,0.2497,0.3338,0.5734,2.0439
1958_108_Scotland,1958,108,Scotland,Yugoslavia,A,tournament,Budweiser,draw,1,1529,67.9,31.6,17.66,39.61,129.1,0.252,0.464,26.35,0.683,0.686,0.905,0.487,3.379,0.128,Mid attention,Scalable,clear,16.3,69.8,135.9,44.97,0.235,0.1705,2.12,0.187,38.59,0.1945,0.2946,0.3094,0.4931,2.5347
1958_109_Sweden,1958,109,Sweden,Mexico,A,tournament,Budweiser,win,3,1654,74.4,39.2,19.34,41.81,121.78,0.304,0.518,26.29,0.687,0.705,0.91,0.585,3.62,0.138,Mid attention,Scalable,cloudy,21.6,50.6,194.97,54.96,0.272,0.129,4.26,0.164,46.36,0.2247,0.4464,0.2942,0.5689,2.5321
1958_110_Argentina,1958,110,Argentina,Northern Ireland,A,tournament,Hyundai,win,3,1753,76.8,58.0,19.5,44.01,190.37,0.303,0.566,30.74,0.903,0.813,0.936,0.676,4.013,0.131,Mid attention,Premium,clear,13.4,73.9,118.17,81.09,0.198,0.1402,5.02,0.146,43.81,0.3376,0.3665,0.3134,0.7177,2.1257
1958_111_Austria,1958,111,Austria,Russia,A,tournament,McDonald's,loss,0,1660,70.5,44.6,14.99,39.61,116.9,0.265,0.388,21.71,0.454,0.702,0.72,0.35,3.248,0.15,Mid attention,Watchlist,clear,17.5,42.1,116.39,61.87,0.06,0.2522,4.89,0.115,35.04,0.2114,0.2887,0.2767,0.4367,2.0652
1958_112_Brazil,1958,112,Brazil,England,A,tournament,Adidas,draw,1,1829,78.8,57.4,18.61,35.21,92.4,0.194,0.446,33.15,0.938,0.809,0.916,0.557,3.851,0.116,Mid attention,Scalable,rain,24.4,62.7,77.32,33.7,0.075,0.2791,3.7,0.096,29.93,0.1087,0.192,0.2848,0.6548,6.0
1958_113_Czechoslovakia,1958,113,Czechoslovakia,Germany,A,tournament,Visa,draw,1,1636,72.1,45.6,14.05,44.01,99.47,0.275,0.382,31.09,0.763,0.715,0.89,0.488,3.321,0.107,Mid attention,Scalable,cloudy,30.9,72.8,126.64,48.86,0.113,0.1306,4.77,0.155,45.18,0.2185,0.382,0.2102,0.4661,2.1337
1958_114_France,1958,114,France,Yugoslavia,A,tournament,Qatar Airways,loss,0,1748,77.8,46.5,18.67,46.21,160.78,0.316,0.544,24.02,0.51,0.801,0.711,0.437,3.559,0.148,Mid attention,Scalable,clear,39.0,68.6,95.68,97.77,0.175,0.189,4.63,0.216,48.87,0.3612,0.3829,0.3155,0.5567,1.5414
1958_115_Mexico,1958,115,Mexico,Wales,A,tournament,Hyundai,draw,1,1612,72.1,37.6,18.89,39.61,160.05,0.283,0.509,28.5,0.853,0.712,0.897,0.568,3.732,0.131,Mid attention,Scalable,windy,19.5,88.7,143.46,40.96,0.144,0.1883,8.42,0.184,43.91,0.2119,0.4417,0.3008,0.5812,2.7429
1958_116_Paraguay,1958,116,Paraguay,Scotland,A,tournament,Hyundai,win,3,1578,69.9,30.5,12.88,46.21,130.19,0.321,0.378,26.2,0.812,0.667,0.921,0.578,3.753,0.143,Mid attention,Scalable,rain,31.6,45.8,154.19,79.74,0.044,0.1621,5.36,0.143,51.11,0.3099,0.4661,0.2201,0.5816,1.8765
1958_117_Sweden,1958,117,Sweden,Hungary,A,tournament,Budweiser,win,3,1654,74.4,39.2,19.34,41.81,172.32,0.32,0.54,26.29,0.687,0.705,0.91,0.596,3.669,0.14,Mid attention,Scalable,rain,24.5,35.9,117.2,80.69,0.043,0.2216,2.61,0.062,37.72,0.303,0.2777,0.2856,0.5813,1.9184
1958_118_Argentina,1958,118,Argentina,Czechoslovakia,A,tournament,Hyundai,loss,0,1753,76.8,58.0,19.5,50.61,83.31,0.355,0.56,30.74,0.903,0.813,0.936,0.584,3.954,0.129,Mid attention,Scalable,hot,22.1,42.1,148.27,63.01,-0.054,0.3398,0.89,0.071,50.48,0.2888,0.3879,0.2609,0.7033,2.4354
1958_119_Austria,1958,119,Austria,England,A,tournament,McDonald's,draw,1,1660,70.5,44.6,14.99,44.01,123.83,0.351,0.418,21.71,0.454,0.702,0.72,0.41,3.309,0.152,Mid attention,Scalable,hot,25.6,68.6,159.94,81.09,-0.156,0.2713,2.25,0.044,35.94,0.287,0.2961,0.1979,0.4515,1.5734
1958_120_Brazil,1958,120,Brazil,Russia,A,tournament,Adidas,win,3,1829,78.8,57.4,18.61,39.61,111.93,0.243,0.481,33.15,0.938,0.809,0.916,0.646,3.902,0.118,Mid attention,Premium,clear,23.4,66.0,89.58,44.4,0.143,0.2099,2.1,0.187,32.24,0.1806,0.1985,0.2829,0.6677,3.6976
1958_121_France,1958,121,France,Scotland,A,tournament,Qatar Airways,win,3,1748,77.8,46.5,18.67,41.81,97.47,0.237,0.49,24.02,0.51,0.801,0.711,0.502,3.474,0.145,Mid attention,Scalable,cloudy,23.7,59.6,132.18,53.11,0.388,0.2467,3.87,0.332,33.69,0.2033,0.2763,0.4058,0.5358,2.6354
1958_122_Germany,1958,122,Germany,Northern Ireland,A,tournament,Coca-Cola,draw,1,1798,81.3,65.9,22.15,44.01,245.16,0.391,0.659,29.19,0.759,0.859,0.907,0.613,4.086,0.14,Mid attention,Scalable,cloudy,20.6,40.0,157.48,57.45,0.336,0.3757,1.33,0.298,49.02,0.3427,0.3906,0.5626,0.7633,2.2272
1958_123_Hungary,1958,123,Hungary,Mexico,A,tournament,Adidas,win,3,1691,78.9,42.6,16.61,44.01,123.46,0.313,0.46,33.47,0.932,0.712,0.937,0.648,3.755,0.112,Mid attention,Premium,clear,14.6,70.3,84.68,96.62,0.058,0.2539,5.3,0.154,36.74,0.3108,0.2804,0.2812,0.5752,1.851
1958_124_Paraguay,1958,124,Paraguay,Yugoslavia,A,tournament,Hyundai,draw,1,1578,69.9,30.5,12.88,48.41,123.41,0.394,0.389,26.2,0.812,0.667,0.921,0.528,3.697,0.141,Mid attention,Scalable,clear,13.7,38.4,172.59,57.07,0.171,0.2775,-0.12,0.27,46.17,0.2899,0.3583,0.3465,0.5677,1.9586
1958_125_Sweden,1958,125,Sweden,Wales,A,tournament,Budweiser,draw,1,1654,74.4,39.2,19.34,35.21,101.35,0.217,0.469,26.29,0.687,0.705,0.91,0.484,3.606,0.137,Mid attention,Scalable,clear,26.9,76.5,69.6,37.6,0.01,0.184,-0.63,0.097,32.95,0.1215,0.1451,0.2003,0.5647,4.6472
1958_126_Czechoslovakia,1958,126,Czechoslovakia,Northern Ireland,A,tournament,Visa,loss,0,1636,72.1,45.6,14.05,41.81,68.19,0.256,0.355,31.09,0.763,0.715,0.89,0.441,3.335,0.107,Mid attention,Scalable,cloudy,21.3,96.0,121.97,87.94,0.025,0.1189,2.52,0.083,37.5,0.235,0.2788,0.1433,0.4689,1.9955
1958_127_England,1958,127,England,Russia,A,tournament,McDonald's,loss,0,1695,76.6,52.6,19.34,37.41,86.42,0.249,0.476,20.29,0.432,0.819,0.654,0.372,3.294,0.162,Mid attention,Watchlist,rain,19.4,63.9,84.02,41.54,0.036,0.0673,1.03,0.099,36.42,0.1365,0.2126,0.1267,0.513,3.7589
1958_128_Hungary,1958,128,Hungary,Wales,A,tournament,Adidas,loss,0,1691,78.9,42.6,16.61,41.81,157.35,0.272,0.462,33.47,0.932,0.712,0.937,0.541,3.755,0.112,Mid attention,Scalable,rain,23.1,67.3,179.64,85.42,0.134,0.1835,0.16,0.116,32.65,0.299,0.2546,0.2915,0.5752,1.9239
1958_129_Brazil,1958,129,Brazil,Wales,A,tournament,Adidas,win,3,1829,78.8,57.4,18.61,37.41,89.64,0.193,0.458,33.15,0.938,0.809,0.916,0.628,3.915,0.118,Mid attention,Premium,clear,27.8,50.1,84.15,65.3,0.138,0.2429,1.46,0.159,34.3,0.1758,0.2013,0.2875,0.6703,3.8135
1958_130_France,1958,130,France,Northern Ireland,A,tournament,Qatar Airways,win,3,1748,77.8,46.5,18.67,44.01,99.72,0.266,0.504,24.02,0.51,0.801,0.711,0.513,3.465,0.144,Mid attention,Scalable,clear,24.1,29.0,87.52,72.61,0.181,0.237,1.2,0.113,41.92,0.2555,0.2649,0.3093,0.5326,2.0849
1958_131_Germany,1958,131,Germany,Yugoslavia,A,tournament,Coca-Cola,win,3,1798,81.3,65.9,22.15,37.41,154.25,0.242,0.579,29.19,0.759,0.859,0.907,0.622,3.899,0.134,Mid attention,Premium,cloudy,19.1,48.4,116.2,70.21,0.223,0.1073,2.82,0.162,40.0,0.2326,0.2992,0.2797,0.718,3.087
1958_132_Sweden,1958,132,Sweden,Russia,A,tournament,Budweiser,win,3,1654,74.4,39.2,19.34,39.61,164.74,0.247,0.523,26.29,0.687,0.705,0.91,0.577,3.639,0.138,Mid attention,Scalable,cloudy,30.4,40.5,107.3,73.03,0.123,0.1452,1.5,0.136,40.89,0.2652,0.2787,0.2667,0.5727,2.1596
1958_133_Brazil,1958,133,Brazil,France,A,tournament,Adidas,win,3,1829,78.8,57.4,18.61,50.61,167.15,0.427,0.573,33.15,0.938,0.809,0.916,0.713,4.034,0.122,Mid attention,Premium,hot,32.5,34.8,104.38,52.82,0.16,0.291,1.67,0.206,54.96,0.3368,0.3976,0.3789,0.6994,2.0764
1958_134_Sweden,1958,134,Sweden,Germany,A,tournament,Budweiser,win,3,1654,74.4,39.2,19.34,44.01,110.72,0.292,0.527,26.29,0.687,0.705,0.91,0.586,3.625,0.138,Mid attention,Scalable,hot,26.0,85.6,150.79,96.79,0.047,0.2267,2.79,0.154,40.29,0.3013,0.3327,0.2505,0.5699,1.8913
1958_135_France,1958,135,France,Germany,A,tournament,Qatar Airways,win,3,1748,77.8,46.5,18.67,55.01,147.0,0.406,0.592,24.02,0.51,0.801,0.711,0.572,3.588,0.149,Mid attention,Scalable,hot,28.8,62.4,100.45,116.87,0.022,0.2896,4.93,0.074,45.7,0.4612,0.365,0.3037,0.5639,1.2226
1958_136_Sweden,1958,136,Sweden,Brazil,A,tournament,Budweiser,loss,0,1654,74.4,39.2,19.34,50.61,115.47,0.348,0.569,26.29,0.687,0.705,0.91,0.512,3.724,0.142,Mid attention,Scalable,hot,30.5,64.1,117.34,104.54,0.006,0.5211,5.89,0.2,46.78,0.3776,0.404,0.4257,0.595,1.5756
1962_137_Argentina,1962,137,Argentina,Bulgaria,A,tournament,Hyundai,win,3,1753,76.8,58.0,19.5,38.87,84.07,0.232,0.488,30.74,0.903,0.813,0.936,0.634,3.88,0.126,Mid attention,Premium,windy,29.8,53.1,101.13,66.43,0.221,0.2335,3.11,0.198,43.79,0.1867,0.3219,0.3145,0.6845,3.6662
1962_138_Brazil,1962,138,Brazil,Mexico,A,tournament,Adidas,win,3,1829,78.8,57.4,18.61,41.07,87.61,0.273,0.479,33.15,0.938,0.809,0.916,0.65,3.915,0.118,Mid attention,Premium,cloudy,26.7,55.2,150.78,64.88,0.122,0.1948,3.27,0.153,35.2,0.2072,0.2969,0.248,0.6703,3.2346
1962_139_Chile,1962,139,Chile,Switzerland,A,tournament,Hisense,win,3,1622,72.9,38.6,16.65,45.47,109.29,0.369,0.464,27.36,0.7,0.681,0.911,0.581,3.599,0.132,Mid attention,Scalable,clear,26.6,73.4,188.84,72.62,-0.031,0.2316,2.42,0.021,38.33,0.2762,0.3452,0.2181,0.5413,1.9599
1962_140_Colombia,1962,140,Colombia,Uruguay,A,tournament,Vivo,loss,0,1650,74.7,50.9,8.73,43.27,92.55,0.357,0.235,18.25,0.396,0.764,0.653,0.288,3.187,0.175,Low attention,Watchlist,clear,26.1,57.5,171.26,39.78,0.15,0.2388,3.81,0.14,48.46,0.1923,0.4358,0.2921,0.4733,2.4611
1962_141_Czechoslovakia,1962,141,Czechoslovakia,Spain,A,tournament,Visa,win,3,1636,72.1,45.6,14.05,38.87,71.69,0.227,0.339,31.09,0.763,0.715,0.89,0.529,3.288,0.106,Mid attention,Scalable,clear,16.4,66.5,112.38,60.22,0.031,0.2719,3.62,0.149,43.61,0.1676,0.3384,0.2471,0.4582,2.7332
1962_142_England,1962,142,England,Hungary,A,tournament,McDonald's,loss,0,1695,76.6,52.6,19.34,43.27,131.48,0.277,0.531,20.29,0.432,0.819,0.654,0.399,3.385,0.167,Mid attention,Scalable,clear,27.2,54.9,70.85,74.03,0.322,0.2323,5.58,0.245,36.08,0.275,0.2665,0.3895,0.5379,1.9558
1962_143_Germany,1962,143,Germany,Italy,A,tournament,Coca-Cola,draw,1,1798,81.3,65.9,22.15,36.67,111.9,0.158,0.556,29.19,0.759,0.859,0.907,0.531,3.848,0.132,Mid attention,Scalable,clear,14.9,52.5,121.47,64.4,0.098,0.4363,-1.17,0.162,38.76,0.1845,0.2333,0.4093,0.7051,3.8214
1962_144_Russia,1962,144,Russia,Yugoslavia,A,tournament,Hyundai,win,3,1676,72.7,49.8,18.23,41.07,188.95,0.324,0.514,26.07,0.814,0.69,0.874,0.63,3.95,0.152,Mid attention,Premium,windy,18.2,35.5,178.2,54.7,0.224,0.2123,2.31,0.2,38.39,0.2686,0.3343,0.3706,0.63,2.3453
1962_145_Argentina,1962,145,Argentina,England,A,tournament,Hyundai,loss,0,1753,76.8,58.0,19.5,45.47,107.76,0.291,0.539,30.74,0.903,0.813,0.936,0.564,3.9,0.127,Mid attention,Scalable,clear,30.8,26.4,185.95,68.78,0.265,0.5098,3.51,0.189,43.52,0.2691,0.4029,0.5281,0.6898,2.5637
1962_146_Brazil,1962,146,Brazil,Czechoslovakia,A,tournament,Adidas,draw,1,1829,78.8,57.4,18.61,36.67,113.85,0.207,0.464,33.15,0.938,0.809,0.916,0.566,3.902,0.118,Mid attention,Scalable,windy,28.0,53.8,123.68,63.34,0.061,0.2391,2.74,0.118,35.19,0.1844,0.2641,0.2667,0.6677,3.6217
1962_147_Chile,1962,147,Chile,Italy,A,tournament,Hisense,win,3,1622,72.9,38.6,16.65,41.07,128.1,0.26,0.445,27.36,0.7,0.681,0.911,0.554,3.536,0.129,Mid attention,Scalable,rain,31.9,58.9,91.64,59.83,0.164,0.1477,0.83,0.21,46.35,0.2302,0.3005,0.2626,0.5247,2.279
1962_148_Uruguay,1962,148,Uruguay,Yugoslavia,A,tournament,Vivo,loss,0,1684,74.8,44.8,20.58,45.47,121.02,0.318,0.573,19.75,0.443,0.797,0.741,0.425,3.443,0.174,Mid attention,Scalable,cloudy,21.4,37.4,119.79,97.8,0.212,0.1465,0.07,0.219,38.49,0.3241,0.2482,0.2784,0.578,1.783
1962_149_Bulgaria,1962,149,Bulgaria,Hungary,A,tournament,Hisense,loss,0,1502,65.2,28.9,10.5,52.07,183.28,0.466,0.375,33.88,0.787,0.675,0.918,0.494,3.038,0.09,Mid attention,Scalable,rain,16.1,57.4,253.67,94.62,0.168,0.2803,4.49,0.169,55.11,0.4273,0.5773,0.3861,0.3714,0.8692
1962_150_Colombia,1962,150,Colombia,Russia,A,tournament,Vivo,draw,1,1650,74.7,50.9,8.73,54.27,192.68,0.472,0.346,18.25,0.396,0.764,0.653,0.384,3.372,0.185,Mid attention,Scalable,clear,21.6,58.9,114.41,48.93,0.192,0.1743,1.21,0.23,42.44,0.3839,0.2939,0.3343,0.5237,1.3641
1962_151_Germany,1962,151,Germany,Switzerland,A,tournament,Coca-Cola,win,3,1798,81.3,65.9,22.15,43.27,135.52,0.302,0.607,29.19,0.759,0.859,0.907,0.643,3.948,0.135,Mid attention,Premium,cloudy,23.6,23.5,97.56,40.25,0.023,0.332,-0.89,0.068,43.54,0.2258,0.2561,0.3241,0.7291,3.2294
1962_152_Mexico,1962,152,Mexico,Spain,A,tournament,Hyundai,loss,0,1612,72.1,37.6,18.89,38.87,103.4,0.208,0.48,28.5,0.853,0.712,0.897,0.51,3.55,0.125,Mid attention,Scalable,clear,23.5,43.4,147.8,69.86,0.212,0.1476,4.6,0.145,39.45,0.2067,0.3502,0.2676,0.5369,2.5968
1962_153_Argentina,1962,153,Argentina,Hungary,A,tournament,Hyundai,draw,1,1753,76.8,58.0,19.5,36.67,94.81,0.16,0.479,30.74,0.903,0.813,0.936,0.551,3.839,0.125,Mid attention,Scalable,windy,29.8,64.5,98.91,52.67,0.108,0.1099,3.76,0.197,38.55,0.1533,0.2854,0.1916,0.675,4.4022
1962_154_Brazil,1962,154,Brazil,Spain,A,tournament,Adidas,win,3,1829,78.8,57.4,18.61,43.27,84.31,0.26,0.492,33.15,0.938,0.809,0.916,0.653,3.884,0.117,Mid attention,Premium,clear,20.8,64.2,96.74,86.16,0.191,0.1267,2.56,0.19,48.17,0.2579,0.3467,0.2324,0.6628,2.5696
1962_155_Chile,1962,155,Chile,Germany,A,tournament,Hisense,loss,0,1622,72.9,38.6,16.65,41.07,93.66,0.253,0.43,27.36,0.7,0.681,0.911,0.447,3.472,0.127,Mid attention,Scalable,clear,25.1,39.5,180.78,46.2,0.248,0.3625,0.88,0.208,43.18,0.1829,0.3556,0.4162,0.5093,2.7847
1962_156_Russia,1962,156,Russia,Uruguay,A,tournament,Hyundai,win,3,1676,72.7,49.8,18.23,43.27,103.89,0.334,0.49,26.07,0.814,0.69,0.874,0.623,3.879,0.149,Mid attention,Premium,rain,17.1,60.5,145.87,39.72,0.223,0.1194,2.56,0.181,45.16,0.2009,0.3659,0.2546,0.6118,3.046
1962_157_Bulgaria,1962,157,Bulgaria,England,A,tournament,Hisense,draw,1,1502,65.2,28.9,10.5,36.67,76.5,0.197,0.234,33.88,0.787,0.675,0.918,0.425,2.805,0.083,Low attention,Scalable,cloudy,25.7,74.4,100.13,51.5,0.191,0.3273,5.35,0.16,31.95,0.1376,0.2547,0.3569,0.3156,2.294
1962_158_Colombia,1962,158,Colombia,Yugoslavia,A,tournament,Vivo,loss,0,1650,74.7,50.9,8.73,47.67,154.08,0.395,0.288,18.25,0.396,0.764,0.653,0.315,3.266,0.179,Low attention,Watchlist,cloudy,23.0,70.4,107.54,88.52,0.22,0.283,-0.59,0.207,54.22,0.3552,0.3601,0.3918,0.4944,1.3921
1962_159_Czechoslovakia,1962,159,Czechoslovakia,Mexico,A,tournament,Visa,loss,0,1636,72.1,45.6,14.05,45.47,181.65,0.348,0.427,31.09,0.763,0.715,0.89,0.484,3.434,0.11,Mid attention,Scalable,cloudy,18.5,56.5,227.9,98.36,0.225,0.3573,-0.48,0.214,43.13,0.3712,0.3775,0.46,0.4927,1.3273
1962_160_Italy,1962,160,Italy,Switzerland,A,tournament,Visa,win,3,1755,77.8,61.6,11.04,43.27,95.89,0.248,0.297,33.4,0.799,0.761,0.842,0.529,3.368,0.101,Low attention,Scalable,clear,21.6,50.5,129.2,88.65,0.306,0.3713,1.48,0.246,40.25,0.2706,0.2929,0.449,0.4789,1.7697
1962_161_Brazil,1962,161,Brazil,England,A,tournament,Adidas,win,3,1829,78.8,57.4,18.61,45.47,140.67,0.308,0.53,33.15,0.938,0.809,0.916,0.676,3.958,0.119,Mid attention,Premium,rain,21.9,47.9,193.71,69.54,0.153,0.1842,2.74,0.116,43.68,0.2953,0.3997,0.2895,0.6802,2.3033
1962_162_Chile,1962,162,Chile,Russia,A,tournament,Hisense,win,3,1622,72.9,38.6,16.65,43.27,92.56,0.259,0.443,27.36,0.7,0.681,0.911,0.553,3.539,0.129,Mid attention,Scalable,clear,21.4,65.5,162.53,84.66,0.173,0.276,1.76,0.185,39.89,0.2619,0.3244,0.3263,0.5253,2.0059
1962_163_Czechoslovakia,1962,163,Czechoslovakia,Hungary,A,tournament,Visa,win,3,1636,72.1,45.6,14.05,38.87,101.99,0.294,0.352,31.09,0.763,0.715,0.89,0.546,3.297,0.106,Mid attention,Scalable,clear,33.6,61.1,102.51,38.54,0.249,0.295,4.15,0.193,38.63,0.1571,0.2953,0.3784,0.46,2.9276
1962_164_Germany,1962,164,Germany,Yugoslavia,A,tournament,Coca-Cola,loss,0,1798,81.3,65.9,22.15,38.87,91.55,0.206,0.561,29.19,0.759,0.859,0.907,0.508,3.89,0.133,Mid attention,Scalable,clear,22.4,68.1,102.72,63.9,0.107,0.3795,5.09,0.121,35.21,0.1885,0.2807,0.3633,0.7148,3.7927
1962_165_Chile,1962,165,Chile,Brazil,A,tournament,Hisense,loss,0,1622,72.9,38.6,16.65,49.87,168.67,0.425,0.517,27.36,0.7,0.681,0.911,0.511,3.642,0.133,Mid attention,Scalable,clear,21.5,60.1,215.08,104.81,0.023,0.0905,3.39,0.136,43.21,0.4118,0.425,0.1896,0.5512,1.3387
1962_166_Czechoslovakia,1962,166,Czechoslovakia,Yugoslavia,A,tournament,Visa,win,3,1636,72.1,45.6,14.05,45.47,107.45,0.288,0.395,31.09,0.763,0.715,0.89,0.561,3.378,0.109,Mid attention,Scalable,clear,10.4,71.1,196.9,64.35,0.206,0.1381,3.98,0.255,50.66,0.262,0.4803,0.2615,0.4802,1.8329
1962_167_Chile,1962,167,Chile,Yugoslavia,A,tournament,Hisense,win,3,1622,72.9,38.6,16.65,38.87,147.45,0.29,0.44,27.36,0.7,0.681,0.911,0.558,3.577,0.131,Mid attention,Scalable,cloudy,17.6,59.5,73.04,83.5,0.136,0.1786,3.37,0.219,43.3,0.2614,0.2962,0.2828,0.5356,2.0487
1962_168_Brazil,1962,168,Brazil,Czechoslovakia,A,tournament,Adidas,win,3,1829,78.8,57.4,18.61,45.47,121.3,0.332,0.521,33.15,0.938,0.809,0.916,0.677,3.985,0.12,Mid attention,Premium,clear,21.4,70.6,156.73,53.97,0.035,0.2252,2.82,0.132,43.59,0.2564,0.3665,0.2511,0.6869,2.6788
1966_169_England,1966,169,England,Uruguay,A,tournament,McDonald's,draw,1,1695,76.6,52.6,19.34,38.12,90.82,0.215,0.482,20.29,0.432,0.819,0.654,0.402,3.355,0.165,Mid attention,Scalable,clear,18.9,71.9,111.1,39.54,0.206,0.4271,0.08,0.196,42.94,0.1433,0.278,0.4375,0.5293,3.6942
1966_170_Brazil,1966,170,Brazil,Bulgaria,A,tournament,Adidas,win,3,1829,78.8,57.4,18.61,42.52,85.55,0.264,0.487,33.15,0.938,0.809,0.916,0.652,3.931,0.119,Mid attention,Premium,cloudy,31.3,45.1,98.66,67.27,0.299,0.2985,0.64,0.232,39.53,0.2227,0.2464,0.3921,0.6748,3.0303
1966_171_Germany,1966,171,Germany,Switzerland,A,tournament,Coca-Cola,win,3,1798,81.3,65.9,22.15,49.12,150.68,0.364,0.65,29.19,0.759,0.859,0.907,0.671,4.022,0.138,Mid attention,Premium,clear,22.0,29.1,157.54,102.14,-0.007,0.2114,-0.04,0.103,45.16,0.387,0.3373,0.2427,0.7479,1.9324
1966_172_North_Korea,1966,172,North Korea,Russia,A,tournament,Adidas,loss,0,1482,66.9,26.9,8.79,44.72,164.2,0.354,0.276,26.45,0.823,0.656,0.915,0.448,3.453,0.131,Low attention,Scalable,rain,30.7,82.7,95.87,58.34,0.258,0.275,2.49,0.199,49.64,0.289,0.3573,0.4101,0.4962,1.717
1966_173_Argentina,1966,173,Argentina,Spain,A,tournament,Hyundai,win,3,1753,76.8,58.0,19.5,44.72,137.96,0.312,0.547,30.74,0.903,0.813,0.936,0.671,3.964,0.129,Mid attention,Premium,windy,23.4,62.1,119.56,86.77,-0.098,0.2922,3.29,0.103,45.07,0.3131,0.3522,0.2463,0.7052,2.2528
1966_174_Chile,1966,174,Chile,Italy,A,tournament,Hisense,loss,0,1622,72.9,38.6,16.65,42.52,227.43,0.324,0.498,27.36,0.7,0.681,0.911,0.486,3.551,0.13,Mid attention,Scalable,cloudy,23.2,30.6,104.62,47.62,0.116,0.2494,-0.24,0.074,44.84,0.3003,0.2834,0.3719,0.529,1.7618
1966_175_France,1966,175,France,Mexico,A,tournament,Qatar Airways,draw,1,1748,77.8,46.5,18.67,42.52,181.33,0.293,0.531,24.02,0.51,0.801,0.711,0.461,3.527,0.147,Mid attention,Scalable,hot,22.5,46.6,112.73,79.48,0.34,0.3248,2.95,0.245,39.48,0.3146,0.2936,0.4898,0.549,1.7454
1966_176_Hungary,1966,176,Hungary,Portugal,A,tournament,Adidas,loss,0,1691,78.9,42.6,16.61,46.92,123.02,0.344,0.478,33.47,0.932,0.712,0.937,0.56,3.712,0.111,Mid attention,Scalable,clear,23.0,70.3,138.46,76.2,0.123,0.1875,0.96,0.173,43.47,0.3055,0.3207,0.2668,0.5653,1.8503
1966_177_Brazil,1966,177,Brazil,Hungary,A,tournament,Adidas,loss,0,1829,78.8,57.4,18.61,46.92,122.66,0.382,0.531,33.15,0.938,0.809,0.916,0.589,3.961,0.119,Mid attention,Scalable,clear,33.3,53.5,109.35,52.9,0.165,0.3451,0.55,0.149,38.0,0.2691,0.2418,0.3871,0.6808,2.5295
1966_178_Chile,1966,178,Chile,North Korea,A,tournament,Hisense,draw,1,1622,72.9,38.6,16.65,42.52,138.59,0.304,0.459,27.36,0.7,0.681,0.911,0.501,3.562,0.13,Mid attention,Scalable,rain,9.1,49.8,189.29,77.96,0.232,0.1048,1.49,0.177,47.96,0.2797,0.413,0.2718,0.5312,1.8996
1966_179_France,1966,179,France,Uruguay,A,tournament,Qatar Airways,loss,0,1748,77.8,46.5,18.67,44.72,101.07,0.297,0.509,24.02,0.51,0.801,0.711,0.42,3.479,0.145,Mid attention,Scalable,rain,11.0,80.4,151.98,81.74,-0.015,0.1903,0.45,0.104,38.55,0.2772,0.2837,0.1932,0.5368,1.9366
1966_180_Spain,1966,180,Spain,Switzerland,A,tournament,Budweiser,win,3,1708,77.4,45.2,19.26,44.72,177.15,0.358,0.558,27.85,0.714,0.724,0.933,0.619,3.774,0.136,Mid attention,Scalable,hot,19.7,41.2,210.41,70.21,0.163,0.4429,4.07,0.243,42.84,0.3172,0.4278,0.485,0.6179,1.9479
1966_181_Argentina,1966,181,Argentina,Germany,A,tournament,Hyundai,draw,1,1753,76.8,58.0,19.5,38.12,120.54,0.275,0.499,30.74,0.903,0.813,0.936,0.579,3.814,0.124,Mid attention,Scalable,clear,23.1,45.2,110.03,45.48,0.163,0.3619,2.45,0.133,31.31,0.1751,0.2145,0.3957,0.6686,3.8184
1966_182_Bulgaria,1966,182,Bulgaria,Portugal,A,tournament,Hisense,loss,0,1502,65.2,28.9,10.5,44.72,137.31,0.33,0.31,33.88,0.787,0.675,0.918,0.445,2.907,0.086,Low attention,Scalable,rain,27.1,61.4,117.12,47.94,0.342,0.3449,4.51,0.21,45.3,0.2524,0.3704,0.4749,0.3399,1.3469
1966_183_England,1966,183,England,Mexico,A,tournament,McDonald's,win,3,1695,76.6,52.6,19.34,42.52,147.28,0.294,0.534,20.29,0.432,0.819,0.654,0.503,3.482,0.172,Mid attention,Scalable,clear,25.8,64.2,198.26,91.18,0.033,0.3018,1.87,0.081,39.15,0.3068,0.3524,0.3167,0.564,1.8386
1966_184_Italy,1966,184,Italy,Russia,A,tournament,Visa,loss,0,1755,77.8,61.6,11.04,40.33,186.7,0.337,0.319,33.4,0.799,0.761,0.842,0.453,3.428,0.103,Low attention,Scalable,clear,20.7,65.9,104.86,70.68,0.118,0.3444,1.95,0.102,42.6,0.2849,0.2977,0.4076,0.4935,1.7324
1966_185_Argentina,1966,185,Argentina,Switzerland,A,tournament,Hyundai,win,3,1753,76.8,58.0,19.5,42.52,127.47,0.305,0.529,30.74,0.903,0.813,0.936,0.663,3.946,0.128,Mid attention,Premium,clear,29.1,72.6,122.17,83.0,0.063,0.3861,6.73,0.085,41.25,0.279,0.3743,0.3715,0.7003,2.5101
1966_186_Brazil,1966,186,Brazil,Portugal,A,tournament,Adidas,loss,0,1829,78.8,57.4,18.61,46.92,129.9,0.386,0.534,33.15,0.938,0.809,0.916,0.591,3.963,0.12,Mid attention,Scalable,windy,29.2,61.2,168.76,84.74,0.053,0.2321,-0.61,0.082,38.78,0.324,0.2849,0.2691,0.6825,2.1066
1966_187_Italy,1966,187,Italy,North Korea,A,tournament,Visa,loss,0,1755,77.8,61.6,11.04,40.33,175.83,0.305,0.314,33.4,0.799,0.761,0.842,0.446,3.49,0.104,Low attention,Scalable,clear,24.1,65.8,88.91,79.79,0.269,0.1791,5.5,0.254,31.61,0.2907,0.2439,0.3605,0.5072,1.7447
1966_188_Mexico,1966,188,Mexico,Uruguay,A,tournament,Hyundai,draw,1,1612,72.1,37.6,18.89,38.12,142.83,0.22,0.493,28.5,0.853,0.712,0.897,0.55,3.621,0.127,Mid attention,Scalable,hot,28.8,53.9,136.81,42.36,0.159,0.1715,6.27,0.148,32.65,0.1872,0.3079,0.2854,0.5537,2.957
1966_189_Bulgaria,1966,189,Bulgaria,Hungary,A,tournament,Hisense,loss,0,1502,65.2,28.9,10.5,46.92,122.56,0.301,0.317,33.88,0.787,0.675,0.918,0.442,2.943,0.087,Low attention,Scalable,cloudy,24.6,59.0,163.09,72.54,0.101,0.3327,4.41,0.15,48.83,0.2995,0.4406,0.3506,0.3484,1.1634
1966_190_Chile,1966,190,Chile,Russia,A,tournament,Hisense,loss,0,1622,72.9,38.6,16.65,44.72,127.98,0.363,0.468,27.36,0.7,0.681,0.911,0.481,3.518,0.129,Mid attention,Scalable,rain,19.6,59.7,184.52,79.03,0.104,0.1087,2.11,0.094,48.22,0.2935,0.4202,0.2107,0.5211,1.7758
1966_191_England,1966,191,England,France,A,tournament,McDonald's,win,3,1695,76.6,52.6,19.34,42.52,128.34,0.341,0.525,20.29,0.432,0.819,0.654,0.508,3.455,0.17,Mid attention,Scalable,rain,27.2,61.4,159.57,43.98,0.1,0.3048,5.8,0.169,38.39,0.2192,0.3701,0.3359,0.5559,2.5364
1966_192_Germany,1966,192,Germany,Spain,A,tournament,Coca-Cola,win,3,1798,81.3,65.9,22.15,44.72,141.42,0.322,0.619,29.19,0.759,0.859,0.907,0.651,3.988,0.137,Mid attention,Premium,hot,23.7,70.4,185.94,48.97,0.109,0.3795,2.12,0.225,43.51,0.2571,0.3818,0.3967,0.7398,2.8772
1966_193_England,1966,193,England,Argentina,A,tournament,McDonald's,win,3,1695,76.6,52.6,19.34,40.33,78.83,0.226,0.49,20.29,0.432,0.819,0.654,0.474,3.345,0.165,Mid attention,Scalable,clear,23.0,66.9,117.86,69.54,0.03,0.1682,1.32,0.069,34.94,0.201,0.2353,0.1843,0.5273,2.6238
1966_194_Germany,1966,194,Germany,Uruguay,A,tournament,Coca-Cola,win,3,1798,81.3,65.9,22.15,46.92,87.06,0.356,0.608,29.19,0.759,0.859,0.907,0.653,3.942,0.135,Mid attention,Premium,clear,31.8,58.7,113.61,95.22,0.13,0.1779,1.98,0.209,51.47,0.3076,0.3812,0.2402,0.7279,2.3662
1966_195_Hungary,1966,195,Hungary,Russia,A,tournament,Adidas,loss,0,1691,78.9,42.6,16.61,44.72,99.68,0.269,0.454,33.47,0.932,0.712,0.937,0.538,3.692,0.11,Mid attention,Scalable,cloudy,8.3,45.1,227.67,78.64,0.12,0.296,1.6,0.167,50.42,0.2713,0.4703,0.3204,0.56,2.064
1966_196_North_Korea,1966,196,North Korea,Portugal,A,tournament,Adidas,loss,0,1482,66.9,26.9,8.79,55.72,121.54,0.413,0.325,26.45,0.823,0.656,0.915,0.478,3.492,0.132,Low attention,Scalable,clear,14.5,59.1,114.28,52.77,0.08,0.133,0.81,0.12,58.56,0.349,0.4241,0.2116,0.5053,1.4479
1966_197_Germany,1966,197,Germany,Russia,A,tournament,Coca-Cola,win,3,1798,81.3,65.9,22.15,44.72,106.71,0.322,0.603,29.19,0.759,0.859,0.907,0.645,3.952,0.135,Mid attention,Premium,clear,15.9,57.6,94.05,96.67,0.172,0.2569,5.13,0.188,36.31,0.3046,0.2827,0.3227,0.7299,2.3962
1966_198_England,1966,198,England,Portugal,A,tournament,McDonald's,win,3,1695,76.6,52.6,19.34,44.72,152.65,0.323,0.549,20.29,0.432,0.819,0.654,0.514,3.467,0.171,Mid attention,Scalable,clear,20.8,61.1,154.73,48.36,0.18,0.2943,1.18,0.195,41.92,0.2647,0.3257,0.3805,0.5597,2.1143
1966_199_Portugal,1966,199,Portugal,Russia,A,tournament,Mengniu,win,3,1702,76.8,47.1,14.4,44.72,121.89,0.314,0.406,17.76,0.359,0.8,0.643,0.433,3.235,0.182,Mid attention,Scalable,clear,21.5,93.3,201.68,53.77,0.101,0.2277,2.74,0.205,50.83,0.2497,0.4674,0.2823,0.512,2.0506
1966_200_England,1966,200,England,Germany,A,tournament,McDonald's,win,3,1695,76.6,52.6,19.34,51.32,154.95,0.405,0.591,20.29,0.432,0.819,0.654,0.544,3.5,0.172,Mid attention,Scalable,clear,14.0,49.6,161.66,111.23,0.142,0.3099,-0.23,0.184,44.27,0.4246,0.3306,0.3752,0.5676,1.3368
1970_201_Mexico,1970,201,Mexico,Russia,A,tournament,Hyundai,draw,1,1612,72.1,37.6,18.89,39.58,80.28,0.238,0.475,28.5,0.853,0.712,0.897,0.547,3.608,0.127,Mid attention,Scalable,clear,17.1,64.8,152.65,75.29,0.372,0.3692,2.86,0.294,40.43,0.2041,0.3366,0.4667,0.5511,2.7006
1970_202_Bulgaria,1970,202,Bulgaria,Peru,A,tournament,Hisense,loss,0,1502,65.2,28.9,10.5,50.58,127.01,0.422,0.341,33.88,0.787,0.675,0.918,0.473,2.954,0.087,Mid attention,Scalable,hot,17.8,75.1,92.26,107.11,0.368,0.1494,0.37,0.235,56.54,0.3901,0.3803,0.3533,0.3506,0.8988
1970_203_England,1970,203,England,Romania,A,tournament,McDonald's,win,3,1695,76.6,52.6,19.34,41.78,140.73,0.296,0.526,20.29,0.432,0.819,0.654,0.5,3.416,0.168,Mid attention,Scalable,clear,37.7,59.6,110.78,81.41,0.051,0.3202,0.32,0.155,44.22,0.2798,0.2922,0.3323,0.5455,1.9493
1970_204_Israel,1970,204,Israel,Uruguay,A,tournament,Budweiser,loss,0,1388,61.1,14.8,4.76,43.98,148.46,0.341,0.159,29.1,0.691,0.524,0.881,0.356,2.898,0.1,Low attention,Watchlist,windy,33.8,95.4,82.7,76.84,0.065,0.2053,2.57,0.086,43.94,0.2989,0.2983,0.2692,0.2448,0.819
1970_205_Belgium,1970,205,Belgium,El Salvador,A,tournament,Visa,win,3,1674,71.5,40.4,23.19,46.18,107.73,0.265,0.64,26.85,0.713,0.72,0.914,0.633,3.766,0.14,Mid attention,Premium,windy,20.5,52.0,168.62,58.64,0.05,0.2721,5.02,0.124,44.44,0.2599,0.4177,0.2792,0.6119,2.3548
1970_206_Brazil,1970,206,Brazil,Czechoslovakia,A,tournament,Adidas,win,3,1829,78.8,57.4,18.61,50.58,151.23,0.398,0.565,33.15,0.938,0.809,0.916,0.705,4.048,0.122,Mid attention,Premium,clear,20.8,63.2,103.21,67.02,0.262,0.1503,3.72,0.307,56.36,0.3464,0.4393,0.3228,0.7022,2.0268
1970_207_Germany,1970,207,Germany,Morocco,A,tournament,Coca-Cola,win,3,1798,81.3,65.9,22.15,46.18,244.26,0.387,0.672,29.19,0.759,0.859,0.907,0.683,4.111,0.141,High attention,Premium,rain,16.1,45.2,100.8,98.43,0.116,0.2616,3.87,0.059,42.58,0.4255,0.3229,0.3908,0.7696,1.8088
1970_208_Italy,1970,208,Italy,Sweden,A,tournament,Visa,win,3,1755,77.8,61.6,11.04,41.78,118.81,0.245,0.298,33.4,0.799,0.761,0.842,0.529,3.388,0.101,Low attention,Scalable,cloudy,11.6,52.4,142.73,84.35,0.18,0.1958,2.53,0.179,46.14,0.2677,0.3709,0.2947,0.4829,1.8038
1970_209_Belgium,1970,209,Belgium,Russia,A,tournament,Visa,loss,0,1674,71.5,40.4,23.19,50.58,119.04,0.354,0.672,26.85,0.713,0.72,0.914,0.561,3.689,0.137,High attention,Scalable,rain,22.3,62.0,198.15,69.16,0.356,0.2679,2.1,0.267,47.3,0.3252,0.4247,0.4194,0.5925,1.8219
1970_210_Czechoslovakia,1970,210,Czechoslovakia,Romania,A,tournament,Visa,loss,0,1636,72.1,45.6,14.05,46.18,125.7,0.324,0.407,31.09,0.763,0.715,0.89,0.472,3.402,0.109,Mid attention,Scalable,clear,17.0,71.5,133.33,63.97,0.155,0.2197,4.46,0.154,48.6,0.2818,0.4123,0.3036,0.4849,1.7208
1970_211_Italy,1970,211,Italy,Uruguay,A,tournament,Visa,draw,1,1755,77.8,61.6,11.04,39.58,116.06,0.277,0.283,33.4,0.799,0.761,0.842,0.463,3.342,0.1,Low attention,Scalable,clear,22.5,63.1,137.12,50.94,0.227,0.2593,1.62,0.191,43.92,0.1936,0.3333,0.3548,0.4723,2.44
1970_212_Morocco,1970,212,Morocco,Peru,A,tournament,Mengniu,loss,0,1552,69.2,34.3,12.67,46.18,126.5,0.297,0.371,19.44,0.366,0.668,0.598,0.319,3.03,0.156,Mid attention,Watchlist,clear,13.4,78.1,158.7,61.14,0.208,0.3398,4.55,0.201,45.17,0.278,0.4077,0.4052,0.3327,1.1967
1970_213_Brazil,1970,213,Brazil,England,A,tournament,Adidas,win,3,1829,78.8,57.4,18.61,41.78,118.35,0.279,0.497,33.15,0.938,0.809,0.916,0.658,3.946,0.119,Mid attention,Premium,cloudy,18.4,56.5,118.93,84.35,0.097,0.3637,5.4,0.141,37.25,0.2673,0.3174,0.3662,0.6778,2.5354
1970_214_Bulgaria,1970,214,Bulgaria,Germany,A,tournament,Hisense,loss,0,1502,65.2,28.9,10.5,54.98,104.88,0.405,0.358,33.88,0.787,0.675,0.918,0.477,2.932,0.087,Mid attention,Scalable,windy,23.9,52.7,125.62,50.23,0.262,0.3195,1.03,0.228,43.89,0.3256,0.3136,0.4019,0.3463,1.0636
1970_215_Israel,1970,215,Israel,Sweden,A,tournament,Budweiser,draw,1,1388,61.1,14.8,4.76,43.98,95.99,0.28,0.136,29.1,0.691,0.524,0.881,0.37,2.848,0.098,Low attention,Watchlist,rain,25.2,96.0,152.16,64.51,0.071,0.2371,1.34,0.108,47.12,0.2398,0.3698,0.2582,0.2321,0.968
1970_216_Mexico,1970,216,Mexico,El Salvador,A,tournament,Hyundai,win,3,1612,72.1,37.6,18.89,48.38,132.59,0.389,0.551,28.5,0.853,0.712,0.897,0.67,3.818,0.134,Mid attention,Premium,rain,25.5,64.3,169.42,102.84,0.29,0.2266,1.65,0.296,48.57,0.3675,0.4024,0.3723,0.6024,1.639
1970_217_Brazil,1970,217,Brazil,Romania,A,tournament,Adidas,win,3,1829,78.8,57.4,18.61,50.58,138.0,0.405,0.56,33.15,0.938,0.809,0.916,0.705,4.012,0.121,Mid attention,Premium,windy,15.1,46.5,190.01,81.2,0.097,0.0895,-0.28,0.114,44.24,0.3583,0.3554,0.2017,0.6936,1.9357
1970_218_El_Salvador,1970,218,El Salvador,Russia,A,tournament,Budweiser,loss,0,1404,61.9,14.8,7.67,43.98,107.25,0.333,0.217,33.75,0.772,0.582,0.92,0.405,2.833,0.084,Low attention,Scalable,rain,28.1,46.9,142.84,65.34,0.108,0.2043,1.81,0.16,48.2,0.2496,0.3775,0.2607,0.2627,1.0524
1970_219_Germany,1970,219,Germany,Peru,A,tournament,Coca-Cola,win,3,1798,81.3,65.9,22.15,48.38,131.57,0.357,0.637,29.19,0.759,0.859,0.907,0.664,4.042,0.138,Mid attention,Premium,clear,18.2,42.9,108.52,63.19,0.047,0.3513,5.53,0.103,53.77,0.3053,0.4496,0.3446,0.7518,2.4627
1970_220_Sweden,1970,220,Sweden,Uruguay,A,tournament,Budweiser,win,3,1654,74.4,39.2,19.34,41.78,121.45,0.261,0.518,26.29,0.687,0.705,0.91,0.577,3.584,0.136,Mid attention,Scalable,hot,26.8,73.0,149.16,41.62,0.064,0.389,0.6,0.172,45.93,0.2035,0.3458,0.3699,0.559,2.7474
1970_221_Bulgaria,1970,221,Bulgaria,Morocco,A,tournament,Hisense,draw,1,1502,65.2,28.9,10.5,43.98,161.22,0.325,0.316,33.88,0.787,0.675,0.918,0.479,3.003,0.089,Low attention,Scalable,clear,22.9,52.2,132.08,52.42,0.114,0.3313,5.58,0.181,43.83,0.2707,0.3877,0.3807,0.3631,1.3412
1970_222_Czechoslovakia,1970,222,Czechoslovakia,England,A,tournament,Visa,loss,0,1636,72.1,45.6,14.05,41.78,116.12,0.284,0.376,31.09,0.763,0.715,0.89,0.453,3.346,0.108,Mid attention,Scalable,clear,14.7,60.0,111.24,42.52,-0.087,0.1081,1.89,0.057,47.28,0.2008,0.3422,0.1179,0.4725,2.3528
1970_223_Israel,1970,223,Israel,Italy,A,tournament,Budweiser,draw,1,1388,61.1,14.8,4.76,39.58,126.48,0.264,0.122,29.1,0.691,0.524,0.881,0.362,2.815,0.097,Low attention,Watchlist,cloudy,21.1,57.0,110.46,42.14,0.133,0.1335,7.24,0.107,43.34,0.1879,0.389,0.2386,0.2242,1.1932
1970_224_Mexico,1970,224,Mexico,Belgium,A,tournament,Hyundai,win,3,1612,72.1,37.6,18.89,41.78,102.59,0.238,0.498,28.5,0.853,0.712,0.897,0.622,3.651,0.128,Mid attention,Premium,windy,25.2,69.7,105.62,46.48,0.105,0.195,1.37,0.11,34.16,0.1966,0.2183,0.2504,0.561,2.853
1970_225_Brazil,1970,225,Brazil,Peru,A,tournament,Adidas,win,3,1829,78.8,57.4,18.61,52.78,177.03,0.443,0.59,33.15,0.938,0.809,0.916,0.723,4.118,0.124,Mid attention,Premium,clear,26.7,44.5,198.02,68.23,0.235,0.4946,2.5,0.286,59.81,0.3882,0.5364,0.5502,0.7188,1.8517
1970_226_England,1970,226,England,Germany,A,tournament,McDonald's,loss,0,1695,76.6,52.6,19.34,50.58,160.57,0.411,0.589,20.29,0.432,0.819,0.654,0.445,3.41,0.168,Mid attention,Scalable,cloudy,22.2,40.8,106.59,46.25,0.199,0.1081,0.89,0.143,49.45,0.3214,0.3412,0.2737,0.5443,1.6937
1970_227_Mexico,1970,227,Mexico,Italy,A,tournament,Hyundai,loss,0,1612,72.1,37.6,18.89,50.58,184.19,0.489,0.587,28.5,0.853,0.712,0.897,0.601,3.796,0.133,Mid attention,Scalable,clear,32.2,61.6,118.53,108.0,0.085,0.3065,1.36,0.162,56.21,0.4351,0.4164,0.3668,0.5966,1.3714
1970_228_Russia,1970,228,Russia,Uruguay,A,tournament,Hyundai,loss,0,1676,72.7,49.8,18.23,41.78,145.79,0.348,0.499,26.07,0.814,0.69,0.874,0.529,3.933,0.151,Mid attention,Scalable,clear,29.0,67.6,115.61,44.33,0.11,0.2297,5.61,0.109,44.02,0.2262,0.3748,0.3032,0.6253,2.7641
1970_229_Brazil,1970,229,Brazil,Uruguay,A,tournament,Adidas,win,3,1829,78.8,57.4,18.61,48.38,163.03,0.358,0.557,33.15,0.938,0.809,0.916,0.695,4.033,0.122,Mid attention,Premium,clear,21.5,63.3,217.57,67.64,0.133,0.2484,3.8,0.191,49.01,0.3362,0.4825,0.3367,0.6992,2.0799
1970_230_Germany,1970,230,Germany,Italy,A,tournament,Coca-Cola,loss,0,1798,81.3,65.9,22.15,54.98,152.84,0.442,0.686,29.19,0.759,0.859,0.907,0.599,4.039,0.138,High attention,Scalable,rain,27.5,45.0,214.98,112.35,0.305,0.28,4.96,0.211,49.35,0.4584,0.5005,0.4267,0.7513,1.6389
1970_231_Germany,1970,231,Germany,Uruguay,A,tournament,Coca-Cola,win,3,1798,81.3,65.9,22.15,41.78,127.87,0.245,0.595,29.19,0.759,0.859,0.907,0.628,3.922,0.134,Mid attention,Premium,hot,34.6,68.8,83.28,43.39,0.074,0.1357,0.04,0.082,32.99,0.2111,0.168,0.2148,0.7226,3.4227
1970_232_Brazil,1970,232,Brazil,Italy,A,tournament,Adidas,win,3,1829,78.8,57.4,18.61,50.58,194.68,0.411,0.584,33.15,0.938,0.809,0.916,0.715,4.058,0.122,Mid attention,Premium,clear,34.8,46.1,213.02,77.32,0.084,0.1692,4.18,0.099,44.49,0.3955,0.4458,0.2845,0.7041,1.7804
1974_233_Brazil,1974,233,Brazil,Yugoslavia,A,tournament,Adidas,draw,1,1829,78.8,57.4,18.61,41.04,97.71,0.265,0.484,33.15,0.938,0.809,0.916,0.584,3.899,0.118,Mid attention,Scalable,clear,15.6,49.7,172.76,82.01,0.043,0.2731,0.76,0.097,42.14,0.2412,0.3377,0.2702,0.6671,2.7659
1974_234_DR_Congo,1974,234,DR Congo,Scotland,A,tournament,Visa,loss,0,1388,63.8,14.7,5.99,45.44,108.9,0.347,0.183,33.01,0.755,0.521,0.896,0.389,2.781,0.084,Low attention,Scalable,clear,17.4,42.9,101.79,73.8,0.008,0.2334,-0.01,0.112,49.56,0.2774,0.3242,0.2363,0.2035,0.7335
1974_235_German_DR,1974,235,German DR,Australia,A,tournament,Adidas,win,3,1577,72.0,38.2,12.35,45.44,136.62,0.311,0.363,33.59,0.921,0.653,0.937,0.607,3.471,0.103,Mid attention,Scalable,clear,31.9,78.8,72.68,53.32,0.187,0.3273,3.3,0.19,35.48,0.2668,0.2286,0.3944,0.4681,1.7545
1974_236_Germany,1974,236,Germany,Chile,A,tournament,Coca-Cola,win,3,1798,81.3,65.9,22.15,43.24,138.8,0.29,0.608,29.19,0.759,0.859,0.907,0.642,4.022,0.138,Mid attention,Premium,cloudy,16.7,68.1,127.58,80.26,0.176,0.2076,3.28,0.131,36.96,0.29,0.2908,0.3136,0.7479,2.5789
1974_237_Italy,1974,237,Italy,Haiti,A,tournament,Visa,win,3,1755,77.8,61.6,11.04,49.84,113.08,0.307,0.345,33.4,0.799,0.761,0.842,0.558,3.537,0.106,Mid attention,Scalable,rain,15.1,67.7,198.23,89.0,0.284,0.4625,2.91,0.243,50.95,0.3446,0.4678,0.5094,0.5193,1.5067
1974_238_Poland,1974,238,Poland,Argentina,A,tournament,Coca-Cola,win,3,1685,72.7,42.5,15.85,52.04,145.63,0.407,0.499,28.97,0.734,0.749,0.899,0.613,3.601,0.124,Mid attention,Scalable,cloudy,20.1,78.0,232.72,71.34,0.26,0.2308,4.31,0.169,45.9,0.3623,0.4777,0.3703,0.5705,1.5747
1974_239_Sweden,1974,239,Sweden,Bulgaria,A,tournament,Budweiser,draw,1,1654,74.4,39.2,19.34,41.04,114.23,0.238,0.51,26.29,0.687,0.705,0.91,0.504,3.603,0.137,Mid attention,Scalable,clear,25.5,96.0,99.17,39.41,0.396,0.3171,4.63,0.304,34.1,0.1877,0.2612,0.4658,0.5641,3.0049
1974_240_Uruguay,1974,240,Uruguay,Netherlands,A,tournament,Vivo,loss,0,1684,74.8,44.8,20.58,45.44,69.83,0.273,0.55,19.75,0.443,0.797,0.741,0.409,3.407,0.173,Mid attention,Scalable,cloudy,22.4,30.7,211.53,41.36,0.149,0.1542,5.89,0.182,36.78,0.1974,0.4051,0.2221,0.5694,2.8846
1974_241_Chile,1974,241,Chile,German DR,A,tournament,Hisense,draw,1,1622,72.9,38.6,16.65,45.44,122.11,0.298,0.47,27.36,0.7,0.681,0.911,0.504,3.542,0.129,Mid attention,Scalable,clear,19.1,46.2,78.21,89.65,0.13,0.1806,0.3,0.146,45.88,0.3121,0.2763,0.2649,0.5259,1.6852
1974_242_Germany,1974,242,Germany,Australia,A,tournament,Coca-Cola,win,3,1798,81.3,65.9,22.15,47.64,130.27,0.35,0.632,29.19,0.759,0.859,0.907,0.661,4.115,0.141,Mid attention,Premium,clear,19.0,48.1,130.54,62.79,0.026,0.3179,5.95,0.124,47.36,0.2969,0.4218,0.3129,0.7704,2.5951
1974_243_Scotland,1974,243,Scotland,Brazil,A,tournament,Budweiser,draw,1,1529,67.9,31.6,17.66,41.04,112.13,0.218,0.465,26.35,0.683,0.686,0.905,0.481,3.37,0.128,Mid attention,Scalable,windy,18.7,44.4,111.08,44.29,0.226,0.2257,6.75,0.257,44.7,0.1937,0.3937,0.33,0.4913,2.5363
1974_244_Yugoslavia,1974,244,Yugoslavia,DR Congo,A,tournament,Qatar Airways,win,3,1669,74.2,37.3,11.34,60.84,258.45,0.544,0.483,17.82,0.379,0.762,0.645,0.51,3.59,0.201,Mid attention,Scalable,rain,17.7,40.8,243.8,95.77,0.168,0.2569,2.03,0.166,54.35,0.567,0.5248,0.42,0.5844,1.0307
1974_245_Argentina,1974,245,Argentina,Italy,A,tournament,Hyundai,draw,1,1753,76.8,58.0,19.5,45.44,92.39,0.361,0.532,30.74,0.903,0.813,0.936,0.607,3.869,0.126,Mid attention,Scalable,windy,36.7,53.2,188.85,95.29,0.221,0.5529,-0.7,0.191,37.68,0.2982,0.2925,0.5265,0.6823,2.2882
1974_246_Bulgaria,1974,246,Bulgaria,Uruguay,A,tournament,Hisense,draw,1,1502,65.2,28.9,10.5,45.44,103.08,0.274,0.299,33.88,0.787,0.675,0.918,0.464,2.898,0.086,Low attention,Scalable,hot,24.8,38.5,173.29,41.4,0.042,0.2728,-0.11,0.138,48.52,0.2228,0.379,0.2731,0.3381,1.5177
1974_247_Haiti,1974,247,Haiti,Poland,A,tournament,Coca-Cola,loss,0,1388,62.3,12.0,6.44,56.44,77.62,0.386,0.249,32.91,0.761,0.561,0.904,0.423,2.785,0.085,Low attention,Scalable,cloudy,28.3,63.4,120.97,54.92,0.191,0.221,1.83,0.138,64.1,0.3255,0.4924,0.289,0.2348,0.7212
1974_248_Netherlands,1974,248,Netherlands,Sweden,A,tournament,Hisense,draw,1,1746,75.8,49.9,15.97,41.04,102.5,0.31,0.416,32.27,0.781,0.811,0.856,0.513,3.557,0.11,Mid attention,Scalable,windy,20.1,58.8,152.96,59.19,0.177,0.3582,7.03,0.178,37.34,0.2095,0.3738,0.3877,0.5666,2.7049
1974_249_Australia,1974,249,Australia,Chile,A,tournament,Hyundai,draw,1,1539,69.8,32.1,7.37,41.04,104.98,0.34,0.191,29.32,0.866,0.705,0.903,0.461,3.335,0.114,Low attention,Scalable,clear,21.9,65.7,140.02,73.0,0.17,0.2854,2.84,0.154,44.8,0.2328,0.3618,0.3391,0.4769,2.0489
1974_250_DR_Congo,1974,250,DR Congo,Brazil,A,tournament,Visa,loss,0,1388,63.8,14.7,5.99,47.64,118.02,0.312,0.2,33.01,0.755,0.521,0.896,0.389,2.719,0.082,Low attention,Scalable,clear,18.7,66.1,94.24,72.36,0.088,0.3146,1.5,0.116,50.24,0.3024,0.3459,0.3302,0.1885,0.6233
1974_251_Germany,1974,251,Germany,German DR,A,tournament,Coca-Cola,loss,0,1798,81.3,65.9,22.15,43.24,168.5,0.317,0.621,29.19,0.759,0.859,0.907,0.551,4.053,0.139,Mid attention,Scalable,clear,7.1,67.6,77.48,89.37,0.275,0.2084,1.36,0.206,47.92,0.3267,0.3089,0.3774,0.7554,2.3119
1974_252_Scotland,1974,252,Scotland,Yugoslavia,A,tournament,Budweiser,draw,1,1529,67.9,31.6,17.66,45.44,165.23,0.36,0.515,26.35,0.683,0.686,0.905,0.526,3.447,0.131,Mid attention,Scalable,clear,14.7,52.0,176.95,43.5,0.361,0.1954,0.02,0.285,42.39,0.2734,0.3324,0.4049,0.5107,1.8681
1974_253_Argentina,1974,253,Argentina,Haiti,A,tournament,Hyundai,win,3,1753,76.8,58.0,19.5,52.04,151.99,0.463,0.598,30.74,0.903,0.813,0.936,0.718,4.12,0.134,Mid attention,Premium,clear,12.1,91.9,149.45,69.85,0.045,0.1248,4.64,0.143,42.49,0.3648,0.378,0.2106,0.7431,2.0367
1974_254_Bulgaria,1974,254,Bulgaria,Netherlands,A,tournament,Hisense,loss,0,1502,65.2,28.9,10.5,52.04,134.05,0.377,0.353,33.88,0.787,0.675,0.918,0.47,2.963,0.087,Mid attention,Scalable,clear,9.5,61.8,113.38,70.61,0.228,0.1768,2.61,0.224,42.81,0.3523,0.3172,0.3136,0.3524,1.0002
1974_255_Poland,1974,255,Poland,Italy,A,tournament,Coca-Cola,win,3,1685,72.7,42.5,15.85,47.64,181.45,0.379,0.488,28.97,0.734,0.749,0.899,0.603,3.666,0.127,Mid attention,Scalable,rain,15.8,28.2,135.86,63.94,-0.132,0.2693,7.21,0.05,50.25,0.3376,0.4701,0.2449,0.5875,1.74
1974_256_Sweden,1974,256,Sweden,Uruguay,A,tournament,Budweiser,win,3,1654,74.4,39.2,19.34,47.64,135.39,0.377,0.56,26.29,0.687,0.705,0.91,0.614,3.634,0.138,Mid attention,Scalable,rain,30.9,42.0,156.75,73.08,0.223,0.3303,4.12,0.195,51.97,0.3167,0.457,0.4115,0.5717,1.8049
1974_257_Brazil,1974,257,Brazil,German DR,A,tournament,Adidas,win,3,1829,78.8,57.4,18.61,43.24,98.26,0.294,0.497,33.15,0.938,0.809,0.916,0.661,3.957,0.119,Mid attention,Premium,cloudy,22.7,30.2,127.24,83.36,-0.031,0.3138,4.54,0.003,40.84,0.2639,0.3423,0.2641,0.68,2.5764
1974_258_Germany,1974,258,Germany,Yugoslavia,A,tournament,Coca-Cola,win,3,1798,81.3,65.9,22.15,45.44,80.31,0.284,0.596,29.19,0.759,0.859,0.907,0.636,3.987,0.137,Mid attention,Premium,clear,30.7,58.3,92.61,59.67,0.104,0.2512,2.29,0.156,36.42,0.2338,0.2395,0.2717,0.7396,3.1636
1974_259_Netherlands,1974,259,Netherlands,Argentina,A,tournament,Hisense,win,3,1746,75.8,49.9,15.97,49.84,125.87,0.37,0.48,32.27,0.781,0.811,0.856,0.615,3.594,0.111,Mid attention,Scalable,rain,25.5,56.1,239.9,93.09,0.025,0.386,0.51,0.038,40.07,0.3607,0.3775,0.3536,0.5753,1.5949
1974_260_Sweden,1974,260,Sweden,Poland,A,tournament,Budweiser,loss,0,1654,74.4,39.2,19.34,43.24,152.64,0.279,0.54,26.29,0.687,0.705,0.91,0.489,3.607,0.137,Mid attention,Scalable,clear,27.7,50.5,166.97,47.15,0.135,0.615,0.97,0.123,43.05,0.2492,0.3433,0.5678,0.5649,2.2668
1974_261_Argentina,1974,261,Argentina,Brazil,A,tournament,Hyundai,loss,0,1753,76.8,58.0,19.5,47.64,257.52,0.429,0.617,30.74,0.903,0.813,0.936,0.619,4.004,0.13,Mid attention,Scalable,clear,17.6,90.2,131.61,77.6,0.24,0.3027,-0.08,0.203,52.91,0.4168,0.3786,0.4809,0.7146,1.7146
1974_262_German_DR,1974,262,German DR,Netherlands,A,tournament,Adidas,loss,0,1577,72.0,38.2,12.35,45.44,132.11,0.321,0.361,33.59,0.921,0.653,0.937,0.508,3.416,0.102,Mid attention,Scalable,clear,26.1,66.8,126.8,63.05,-0.03,0.1218,4.71,0.078,41.98,0.2785,0.3542,0.1625,0.4558,1.6369
1974_263_Germany,1974,263,Germany,Sweden,A,tournament,Coca-Cola,win,3,1798,81.3,65.9,22.15,54.24,125.1,0.429,0.67,29.19,0.759,0.859,0.907,0.69,4.091,0.14,High attention,Premium,clear,27.4,69.6,178.27,86.84,0.12,0.1803,1.99,0.126,55.01,0.3909,0.4701,0.2622,0.7643,1.9552
1974_264_Poland,1974,264,Poland,Yugoslavia,A,tournament,Coca-Cola,win,3,1685,72.7,42.5,15.85,47.64,97.7,0.316,0.451,28.97,0.734,0.749,0.899,0.578,3.578,0.124,Mid attention,Scalable,clear,19.5,43.1,107.91,49.55,0.105,0.2694,4.8,0.2,46.45,0.2516,0.3761,0.2953,0.5659,2.2496
1974_265_Argentina,1974,265,Argentina,German DR,A,tournament,Hyundai,draw,1,1753,76.8,58.0,19.5,45.44,151.55,0.354,0.558,30.74,0.903,0.813,0.936,0.616,3.967,0.129,Mid attention,Scalable,rain,26.4,42.0,147.98,97.22,0.314,0.2467,3.09,0.253,50.0,0.3462,0.4168,0.4083,0.7058,2.0387
1974_266_Germany,1974,266,Germany,Poland,A,tournament,Coca-Cola,win,3,1798,81.3,65.9,22.15,43.24,75.39,0.295,0.581,29.19,0.759,0.859,0.907,0.632,3.933,0.135,Mid attention,Premium,rain,26.4,58.6,93.14,89.86,0.199,0.1012,2.19,0.161,46.68,0.2566,0.3252,0.2136,0.7261,2.8299
1974_267_Netherlands,1974,267,Netherlands,Brazil,A,tournament,Hisense,win,3,1746,75.8,49.9,15.97,45.44,151.49,0.345,0.464,32.27,0.781,0.811,0.856,0.604,3.585,0.111,Mid attention,Scalable,rain,19.7,60.8,134.12,89.71,0.038,0.4149,0.34,0.179,38.7,0.3345,0.2671,0.3947,0.5735,1.7144
1974_268_Sweden,1974,268,Sweden,Yugoslavia,A,tournament,Budweiser,win,3,1654,74.4,39.2,19.34,47.64,171.17,0.389,0.575,26.29,0.687,0.705,0.91,0.622,3.684,0.14,Mid attention,Premium,clear,16.3,28.3,106.86,98.17,0.109,0.2915,3.43,0.205,48.78,0.3829,0.3742,0.3593,0.5843,1.5262
1974_269_Brazil,1974,269,Brazil,Poland,A,tournament,Adidas,loss,0,1829,78.8,57.4,18.61,43.24,139.62,0.31,0.515,33.15,0.938,0.809,0.916,0.571,3.942,0.119,Mid attention,Scalable,rain,15.9,55.1,98.22,47.16,0.312,0.2102,2.34,0.25,46.92,0.2393,0.3341,0.3761,0.677,2.8289
1974_270_Germany,1974,270,Germany,Netherlands,A,tournament,Coca-Cola,win,3,1798,81.3,65.9,22.15,47.64,128.02,0.351,0.631,29.19,0.759,0.859,0.907,0.661,4.016,0.138,Mid attention,Premium,rain,23.5,58.2,215.96,74.07,0.228,0.2575,4.69,0.171,53.11,0.3127,0.5291,0.3619,0.7467,2.3882
1978_271_Germany,1978,271,Germany,Poland,A,tournament,Coca-Cola,draw,1,1798,81.3,65.9,22.15,42.5,142.26,0.282,0.605,29.19,0.759,0.859,0.907,0.572,3.942,0.135,Mid attention,Scalable,clear,25.0,54.6,129.58,55.81,0.064,0.235,1.3,0.103,42.18,0.2479,0.3069,0.2839,0.7279,2.9358
1978_272_Argentina,1978,272,Argentina,Hungary,A,tournament,Hyundai,win,3,1753,76.8,58.0,19.5,49.1,147.19,0.388,0.578,30.74,0.903,0.813,0.936,0.696,4.028,0.131,Mid attention,Premium,cloudy,18.2,45.0,155.35,100.83,0.129,0.2387,4.09,0.1,41.41,0.3822,0.366,0.3184,0.7207,1.8859
1978_273_France,1978,273,France,Italy,A,tournament,Qatar Airways,loss,0,1748,77.8,46.5,18.67,49.1,112.84,0.354,0.541,24.02,0.51,0.801,0.711,0.443,3.498,0.146,Mid attention,Scalable,cloudy,23.2,49.4,89.21,56.28,0.133,0.1241,6.25,0.141,48.17,0.2869,0.3956,0.2236,0.5419,1.8885
1978_274_Mexico,1978,274,Mexico,Tunisia,A,tournament,Hyundai,loss,0,1612,72.1,37.6,18.89,51.3,246.12,0.526,0.619,28.5,0.853,0.712,0.897,0.62,3.862,0.136,Mid attention,Scalable,cloudy,26.4,55.2,132.75,60.84,0.102,0.2709,3.37,0.105,52.31,0.4157,0.4267,0.3918,0.6138,1.4765
1978_275_Austria,1978,275,Austria,Spain,A,tournament,McDonald's,win,3,1660,70.5,44.6,14.99,49.1,127.15,0.41,0.45,21.71,0.454,0.702,0.72,0.499,3.331,0.153,Mid attention,Scalable,clear,26.7,59.5,165.53,88.02,-0.015,0.2083,4.45,0.073,43.11,0.347,0.395,0.2218,0.4572,1.3176
1978_276_Brazil,1978,276,Brazil,Sweden,A,tournament,Adidas,draw,1,1829,78.8,57.4,18.61,46.9,166.54,0.378,0.55,33.15,0.938,0.809,0.916,0.629,4.044,0.122,Mid attention,Premium,cloudy,32.3,67.7,147.9,47.63,0.088,0.304,4.0,0.15,53.01,0.2942,0.4559,0.355,0.7014,2.3839
1978_277_Iran,1978,277,Iran,Netherlands,A,tournament,Visa,loss,0,1519,68.7,30.6,12.34,49.1,71.28,0.309,0.356,29.04,0.732,0.637,0.935,0.44,3.251,0.112,Mid attention,Scalable,clear,30.7,75.3,86.09,90.94,0.295,0.2006,6.79,0.152,42.35,0.309,0.3517,0.3177,0.4255,1.3768
1978_278_Peru,1978,278,Peru,Scotland,A,tournament,Hisense,win,3,1576,66.6,39.7,14.92,51.3,209.58,0.414,0.498,33.45,0.777,0.647,0.931,0.628,3.412,0.102,Mid attention,Premium,clear,17.0,53.3,162.3,64.05,0.118,0.1564,3.58,0.093,56.84,0.3929,0.4951,0.301,0.4488,1.1424
1978_279_Argentina,1978,279,Argentina,France,A,tournament,Hyundai,win,3,1753,76.8,58.0,19.5,49.1,211.69,0.454,0.606,30.74,0.903,0.813,0.936,0.719,4.082,0.133,Mid attention,Premium,clear,33.1,50.7,161.66,86.38,0.146,0.2065,4.27,0.139,45.81,0.4089,0.4116,0.3472,0.7341,1.7955
1978_280_Germany,1978,280,Germany,Mexico,A,tournament,Coca-Cola,win,3,1798,81.3,65.9,22.15,55.7,160.51,0.47,0.694,29.19,0.759,0.859,0.907,0.707,4.111,0.141,High attention,Premium,windy,19.8,65.0,230.65,113.35,0.17,0.4143,2.72,0.186,43.46,0.4724,0.4311,0.4587,0.7696,1.6293
1978_281_Hungary,1978,281,Hungary,Italy,A,tournament,Adidas,loss,0,1691,78.9,42.6,16.61,51.3,171.43,0.433,0.526,33.47,0.932,0.712,0.937,0.595,3.759,0.112,Mid attention,Scalable,clear,29.3,67.8,130.83,86.82,0.378,0.3398,1.17,0.257,50.05,0.3991,0.3726,0.5098,0.576,1.4432
1978_282_Poland,1978,282,Poland,Tunisia,A,tournament,Coca-Cola,win,3,1685,72.7,42.5,15.85,44.7,149.36,0.284,0.456,28.97,0.734,0.749,0.899,0.574,3.607,0.125,Mid attention,Scalable,clear,23.4,51.1,76.67,52.59,0.157,0.3161,0.26,0.163,44.98,0.2686,0.2667,0.3822,0.573,2.1336
1978_283_Austria,1978,283,Austria,Sweden,A,tournament,McDonald's,win,3,1660,70.5,44.6,14.99,44.7,106.7,0.329,0.415,21.71,0.454,0.702,0.72,0.471,3.269,0.151,Mid attention,Scalable,clear,20.5,70.6,104.67,43.09,0.266,0.3239,5.46,0.197,48.86,0.2214,0.4035,0.4077,0.4422,1.9976
1978_284_Brazil,1978,284,Brazil,Spain,A,tournament,Adidas,draw,1,1829,78.8,57.4,18.61,42.5,141.56,0.314,0.512,33.15,0.938,0.809,0.916,0.603,3.935,0.119,Mid attention,Scalable,hot,12.2,73.7,97.05,40.71,0.096,0.1759,0.68,0.079,41.42,0.224,0.2615,0.2595,0.6756,3.0162
1978_285_Iran,1978,285,Iran,Scotland,A,tournament,Visa,draw,1,1519,68.7,30.6,12.34,46.9,106.87,0.298,0.358,29.04,0.732,0.637,0.935,0.472,3.345,0.115,Mid attention,Scalable,cloudy,22.0,78.7,169.39,47.62,0.13,0.272,4.37,0.137,38.17,0.2487,0.3556,0.314,0.4482,1.802
1978_286_Netherlands,1978,286,Netherlands,Peru,A,tournament,Hisense,draw,1,1746,75.8,49.9,15.97,42.5,102.42,0.263,0.425,32.27,0.781,0.811,0.856,0.508,3.584,0.111,Mid attention,Scalable,hot,13.6,86.5,64.74,70.28,0.157,0.3403,3.67,0.167,47.33,0.24,0.3272,0.3672,0.5733,2.3886
1978_287_Argentina,1978,287,Argentina,Italy,A,tournament,Hyundai,loss,0,1753,76.8,58.0,19.5,44.7,175.13,0.356,0.563,30.74,0.903,0.813,0.936,0.585,4.007,0.13,Mid attention,Scalable,clear,28.8,44.1,120.05,60.46,0.079,0.1053,4.73,0.105,43.96,0.3004,0.3651,0.2282,0.7152,2.3806
1978_288_France,1978,288,France,Hungary,A,tournament,Qatar Airways,win,3,1748,77.8,46.5,18.67,51.3,192.6,0.435,0.589,24.02,0.51,0.801,0.711,0.576,3.625,0.151,Mid attention,Scalable,clear,32.1,58.2,220.11,62.38,0.136,0.5728,1.72,0.193,45.03,0.3774,0.4197,0.5671,0.5739,1.5209
1978_289_Germany,1978,289,Germany,Tunisia,A,tournament,Coca-Cola,draw,1,1798,81.3,65.9,22.15,42.5,99.66,0.266,0.587,29.19,0.759,0.859,0.907,0.562,3.939,0.135,Mid attention,Scalable,cloudy,18.2,58.2,127.91,50.37,0.245,0.2327,1.14,0.219,46.9,0.2071,0.3428,0.3348,0.7273,3.5125
1978_290_Mexico,1978,290,Mexico,Poland,A,tournament,Hyundai,loss,0,1612,72.1,37.6,18.89,51.3,119.38,0.383,0.563,28.5,0.853,0.712,0.897,0.573,3.7,0.13,Mid attention,Scalable,clear,24.8,56.4,192.82,109.43,0.076,0.1281,3.59,0.142,42.25,0.3945,0.3996,0.2052,0.5735,1.4536
1978_291_Austria,1978,291,Austria,Brazil,A,tournament,McDonald's,loss,0,1660,70.5,44.6,14.99,44.7,106.61,0.297,0.415,21.71,0.454,0.702,0.72,0.365,3.2,0.147,Mid attention,Watchlist,rain,18.6,47.6,89.08,47.13,0.156,0.0607,2.19,0.124,36.43,0.2276,0.2348,0.1888,0.423,1.859
1978_292_Iran,1978,292,Iran,Peru,A,tournament,Visa,loss,0,1519,68.7,30.6,12.34,53.5,187.7,0.46,0.434,29.04,0.732,0.637,0.935,0.497,3.416,0.118,Mid attention,Scalable,hot,19.2,34.2,107.68,69.35,0.227,0.1633,0.21,0.132,52.03,0.4047,0.3538,0.3395,0.4664,1.1526
1978_293_Netherlands,1978,293,Netherlands,Scotland,A,tournament,Hisense,loss,0,1746,75.8,49.9,15.97,53.5,115.55,0.449,0.498,32.27,0.781,0.811,0.856,0.536,3.724,0.115,Mid attention,Scalable,cloudy,27.6,59.5,230.21,80.94,0.074,0.2518,6.87,0.175,53.77,0.3677,0.5806,0.2818,0.6066,1.6497
1978_294_Spain,1978,294,Spain,Sweden,A,tournament,Budweiser,win,3,1708,77.4,45.2,19.26,44.7,141.15,0.256,0.542,27.85,0.714,0.724,0.933,0.595,3.682,0.132,Mid attention,Scalable,windy,22.8,45.7,137.73,40.26,0.266,0.2379,1.14,0.228,43.09,0.2432,0.3196,0.3746,0.5942,2.4431
1978_295_Argentina,1978,295,Argentina,Poland,A,tournament,Hyundai,win,3,1753,76.8,58.0,19.5,46.9,165.2,0.36,0.572,30.74,0.903,0.813,0.936,0.689,4.034,0.131,Mid attention,Premium,cloudy,33.4,59.4,144.58,98.36,0.163,0.5201,0.71,0.161,52.27,0.3718,0.3969,0.5271,0.7219,1.9415
1978_296_Austria,1978,296,Austria,Netherlands,A,tournament,McDonald's,loss,0,1660,70.5,44.6,14.99,55.7,155.29,0.464,0.503,21.71,0.454,0.702,0.72,0.429,3.388,0.156,Mid attention,Scalable,clear,20.1,45.3,126.53,57.31,0.14,0.3932,2.29,0.182,48.72,0.3816,0.3744,0.4284,0.4727,1.2387
1978_297_Brazil,1978,297,Brazil,Peru,A,tournament,Adidas,win,3,1829,78.8,57.4,18.61,49.1,186.17,0.413,0.572,33.15,0.938,0.809,0.916,0.711,4.122,0.124,Mid attention,Premium,cloudy,29.0,40.4,151.27,87.75,-0.045,0.2457,5.43,0.113,55.8,0.3916,0.5042,0.2712,0.7196,1.8377
1978_298_Germany,1978,298,Germany,Italy,A,tournament,Coca-Cola,draw,1,1798,81.3,65.9,22.15,42.5,111.53,0.272,0.592,29.19,0.759,0.859,0.907,0.565,3.887,0.133,Mid attention,Scalable,clear,23.6,61.7,95.87,72.99,0.119,0.1965,-1.75,0.206,33.45,0.2512,0.1563,0.2634,0.7142,2.8438
1978_299_Argentina,1978,299,Argentina,Brazil,A,tournament,Hyundai,draw,1,1753,76.8,58.0,19.5,42.5,114.39,0.236,0.523,30.74,0.903,0.813,0.936,0.582,3.912,0.127,Mid attention,Scalable,rain,27.8,60.4,171.78,82.95,0.193,0.115,5.26,0.178,34.96,0.2688,0.344,0.2453,0.6922,2.5754
1978_300_Austria,1978,300,Austria,Italy,A,tournament,McDonald's,loss,0,1660,70.5,44.6,14.99,44.7,97.16,0.307,0.41,21.71,0.454,0.702,0.72,0.366,3.213,0.148,Mid attention,Watchlist,clear,20.3,67.3,265.58,78.08,0.331,0.2917,0.89,0.287,37.85,0.2683,0.3878,0.4094,0.427,1.5912
1978_301_Germany,1978,301,Germany,Netherlands,A,tournament,Coca-Cola,draw,1,1798,81.3,65.9,22.15,51.3,194.9,0.483,0.682,29.19,0.759,0.859,0.907,0.638,4.044,0.139,High attention,Premium,clear,22.7,93.0,173.93,97.48,0.213,0.2327,3.36,0.146,41.48,0.4335,0.3724,0.3828,0.7536,1.7383
1978_302_Peru,1978,302,Peru,Poland,A,tournament,Hisense,loss,0,1576,66.6,39.7,14.92,44.7,103.06,0.259,0.411,33.45,0.777,0.647,0.931,0.467,3.199,0.096,Mid attention,Scalable,cloudy,22.3,62.4,114.58,64.71,0.269,0.2656,1.38,0.216,41.92,0.2521,0.2922,0.369,0.3983,1.58
1978_303_Argentina,1978,303,Argentina,Peru,A,tournament,Hyundai,win,3,1753,76.8,58.0,19.5,55.7,175.55,0.496,0.631,30.74,0.903,0.813,0.936,0.736,4.186,0.136,Mid attention,Premium,clear,18.0,65.8,88.82,85.52,0.035,0.3818,6.98,0.112,60.8,0.4407,0.513,0.3877,0.7589,1.722
1978_304_Austria,1978,304,Austria,Germany,A,tournament,McDonald's,win,3,1660,70.5,44.6,14.99,53.5,149.86,0.422,0.487,21.71,0.454,0.702,0.72,0.516,3.338,0.154,Mid attention,Scalable,clear,27.0,40.8,105.48,96.95,0.144,0.1599,3.06,0.164,57.54,0.4186,0.4414,0.2758,0.46,1.0988
1978_305_Brazil,1978,305,Brazil,Poland,A,tournament,Adidas,win,3,1829,78.8,57.4,18.61,51.3,109.17,0.378,0.552,33.15,0.938,0.809,0.916,0.697,3.983,0.12,Mid attention,Premium,rain,26.9,37.4,227.33,84.08,0.278,0.2027,1.31,0.274,53.77,0.3475,0.494,0.3363,0.6865,1.9758
1978_306_Italy,1978,306,Italy,Netherlands,A,tournament,Visa,loss,0,1755,77.8,61.6,11.04,49.1,118.31,0.332,0.343,33.4,0.799,0.761,0.842,0.462,3.425,0.103,Mid attention,Scalable,clear,26.6,83.3,114.04,76.84,0.067,0.0766,2.17,0.117,38.43,0.323,0.2742,0.1672,0.4929,1.5262
1978_307_Brazil,1978,307,Brazil,Italy,A,tournament,Adidas,win,3,1829,78.8,57.4,18.61,49.1,206.66,0.409,0.58,33.15,0.938,0.809,0.916,0.713,4.036,0.122,Mid attention,Premium,cloudy,32.2,43.2,134.44,57.31,0.253,0.2784,2.99,0.178,53.6,0.36,0.4334,0.4378,0.6998,1.9439
1978_308_Argentina,1978,308,Argentina,Netherlands,A,tournament,Hyundai,win,3,1753,76.8,58.0,19.5,51.3,155.11,0.445,0.595,30.74,0.903,0.813,0.936,0.713,4.028,0.131,Mid attention,Premium,clear,31.7,41.3,181.55,63.38,0.23,0.2586,3.17,0.154,47.34,0.3504,0.426,0.3811,0.7207,2.0569
1982_309_Argentina,1982,309,Argentina,Belgium,A,tournament,Hyundai,loss,0,1753,76.8,58.0,19.5,46.16,99.44,0.331,0.539,30.74,0.903,0.813,0.936,0.572,3.919,0.127,Mid attention,Scalable,clear,20.8,57.4,200.88,63.06,0.184,0.2862,3.72,0.241,48.16,0.2602,0.4589,0.3423,0.6936,2.6654
1982_310_Brazil,1982,310,Brazil,Russia,A,tournament,Adidas,win,3,1829,78.8,57.4,18.61,50.56,157.38,0.45,0.568,33.15,0.938,0.809,0.916,0.716,4.052,0.122,Mid attention,Premium,clear,25.2,56.6,144.5,46.11,0.123,0.4251,2.8,0.187,52.67,0.3185,0.4318,0.4428,0.703,2.2069
1982_311_Italy,1982,311,Italy,Poland,A,tournament,Visa,draw,1,1755,77.8,61.6,11.04,43.96,120.59,0.337,0.312,33.4,0.799,0.761,0.842,0.484,3.397,0.102,Low attention,Scalable,rain,19.3,43.6,119.36,63.42,0.058,0.1929,-0.09,0.132,37.1,0.2566,0.2336,0.2399,0.486,1.8936
1982_312_Hungary,1982,312,Hungary,El Salvador,A,tournament,Adidas,win,3,1691,78.9,42.6,16.61,68.16,512.34,0.844,0.778,33.47,0.932,0.712,0.937,0.864,4.337,0.13,High attention,Premium,windy,23.1,53.1,208.46,61.59,0.334,0.3371,2.09,0.242,65.81,0.7747,0.5904,0.7112,0.7154,0.9234
1982_313_Peru,1982,313,Peru,Cameroon,A,tournament,Hisense,draw,1,1576,66.6,39.7,14.92,43.96,136.06,0.363,0.421,33.45,0.777,0.647,0.931,0.523,3.283,0.098,Mid attention,Scalable,clear,19.4,77.7,112.89,71.85,0.219,0.1718,4.07,0.196,48.95,0.2815,0.3908,0.3077,0.4177,1.484
1982_314_Scotland,1982,314,Scotland,New Zealand,A,tournament,Budweiser,win,3,1529,67.9,31.6,17.66,59.36,152.48,0.51,0.595,26.35,0.683,0.686,0.905,0.65,3.653,0.139,Mid attention,Premium,windy,32.7,45.1,154.5,107.75,0.19,0.2938,1.39,0.15,51.92,0.4912,0.4133,0.3844,0.5625,1.1451
1982_315_England,1982,315,England,France,A,tournament,McDonald's,win,3,1695,76.6,52.6,19.34,52.76,224.38,0.494,0.63,20.29,0.432,0.819,0.654,0.575,3.539,0.174,Mid attention,Scalable,cloudy,25.2,35.7,175.69,86.04,0.115,0.0919,4.21,0.145,54.73,0.4517,0.4989,0.2676,0.5781,1.2799
1982_316_Germany,1982,316,Germany,Algeria,A,tournament,Coca-Cola,loss,0,1798,81.3,65.9,22.15,50.56,86.29,0.348,0.63,29.19,0.759,0.859,0.907,0.56,4.002,0.137,Mid attention,Scalable,cloudy,21.7,73.1,159.09,91.09,0.16,0.3868,2.87,0.139,56.87,0.3341,0.4817,0.3881,0.7425,2.2225
1982_317_Spain,1982,317,Spain,Honduras,A,tournament,Budweiser,draw,1,1708,77.4,45.2,19.26,48.36,141.89,0.37,0.565,27.85,0.714,0.724,0.933,0.557,3.882,0.139,Mid attention,Scalable,rain,30.2,65.9,247.54,43.52,0.173,0.5366,2.34,0.189,44.0,0.2825,0.4453,0.527,0.6435,2.2779
1982_318_Chile,1982,318,Chile,Austria,A,tournament,Hisense,loss,0,1622,72.9,38.6,16.65,46.16,230.57,0.382,0.521,27.36,0.7,0.681,0.911,0.505,3.656,0.134,Mid attention,Scalable,rain,10.0,48.1,154.75,45.11,0.196,0.204,5.31,0.156,42.45,0.3323,0.3926,0.38,0.5554,1.6715
1982_319_Czechoslovakia,1982,319,Czechoslovakia,Kuwait,A,tournament,Visa,draw,1,1636,72.1,45.6,14.05,48.36,133.77,0.39,0.424,31.09,0.763,0.715,0.89,0.524,3.446,0.111,Mid attention,Scalable,rain,10.9,32.7,193.73,87.43,0.23,0.2175,-0.85,0.078,45.6,0.3444,0.3617,0.3406,0.4964,1.4416
1982_320_Yugoslavia,1982,320,Yugoslavia,Northern Ireland,A,tournament,Qatar Airways,draw,1,1669,74.2,37.3,11.34,43.96,77.32,0.244,0.301,17.82,0.379,0.762,0.645,0.321,3.224,0.181,Low attention,Watchlist,cloudy,27.8,46.1,101.03,85.45,0.078,0.1339,1.38,0.106,47.09,0.2578,0.3236,0.1824,0.4845,1.8789
1982_321_Argentina,1982,321,Argentina,Hungary,A,tournament,Hyundai,win,3,1753,76.8,58.0,19.5,54.96,140.58,0.463,0.611,30.74,0.903,0.813,0.936,0.722,4.039,0.131,Mid attention,Premium,cloudy,23.4,57.1,188.27,100.74,0.01,0.3219,5.39,0.074,51.56,0.4309,0.5014,0.3151,0.7229,1.6777
1982_322_Brazil,1982,322,Brazil,Scotland,A,tournament,Adidas,win,3,1829,78.8,57.4,18.61,54.96,236.01,0.498,0.629,33.15,0.938,0.809,0.916,0.748,4.212,0.127,Mid attention,Premium,clear,24.5,76.7,137.81,96.83,0.165,0.2856,6.64,0.165,52.49,0.4975,0.4822,0.4226,0.7416,1.4906
1982_323_Italy,1982,323,Italy,Peru,A,tournament,Visa,draw,1,1755,77.8,61.6,11.04,48.36,153.54,0.408,0.353,33.4,0.799,0.761,0.842,0.513,3.544,0.106,Mid attention,Scalable,clear,15.0,41.4,160.38,88.0,-0.019,0.2295,7.6,0.085,41.59,0.3603,0.4251,0.251,0.5207,1.4451
1982_324_Belgium,1982,324,Belgium,El Salvador,A,tournament,Visa,win,3,1674,71.5,40.4,23.19,46.16,104.3,0.339,0.639,26.85,0.713,0.72,0.914,0.646,3.76,0.14,Mid attention,Premium,rain,22.9,56.6,164.72,85.93,0.124,0.3468,2.91,0.225,52.43,0.2994,0.4498,0.358,0.6107,2.0401
1982_325_Poland,1982,325,Poland,Cameroon,A,tournament,Coca-Cola,draw,1,1685,72.7,42.5,15.85,43.96,103.69,0.343,0.431,28.97,0.734,0.749,0.899,0.509,3.587,0.124,Mid attention,Scalable,clear,35.0,68.8,133.72,80.96,0.105,0.2886,3.76,0.158,48.41,0.271,0.4005,0.3116,0.5677,2.0951
1982_326_Russia,1982,326,Russia,New Zealand,A,tournament,Hyundai,win,3,1676,72.7,49.8,18.23,50.56,123.53,0.401,0.543,26.07,0.814,0.69,0.874,0.655,4.06,0.156,Mid attention,Premium,clear,27.9,19.9,277.27,94.01,0.205,0.3116,4.52,0.206,50.36,0.367,0.5591,0.3837,0.6573,1.7911
1982_327_England,1982,327,England,Czechoslovakia,A,tournament,McDonald's,win,3,1695,76.6,52.6,19.34,48.36,152.9,0.332,0.572,20.29,0.432,0.819,0.654,0.524,3.461,0.171,Mid attention,Scalable,clear,24.0,74.5,207.61,48.18,0.354,0.2337,5.48,0.271,54.44,0.2981,0.5447,0.4185,0.5585,1.8735
1982_328_Germany,1982,328,Germany,Chile,A,tournament,Coca-Cola,win,3,1798,81.3,65.9,22.15,54.96,228.45,0.497,0.719,29.19,0.759,0.859,0.907,0.721,4.192,0.144,High attention,Premium,clear,20.4,39.1,221.61,53.98,-0.038,0.4689,3.46,0.131,56.46,0.4253,0.544,0.4462,0.7898,1.8571
1982_329_Spain,1982,329,Spain,Yugoslavia,A,tournament,Budweiser,win,3,1708,77.4,45.2,19.26,50.56,194.0,0.394,0.601,27.85,0.714,0.724,0.933,0.642,3.835,0.138,Mid attention,Premium,cloudy,20.6,63.3,183.87,69.24,0.384,0.1141,4.74,0.271,56.89,0.3823,0.5326,0.3813,0.6328,1.6553
1982_330_Algeria,1982,330,Algeria,Austria,A,tournament,Hisense,loss,0,1543,72.2,36.3,11.9,48.36,157.02,0.364,0.377,30.28,0.732,0.66,0.889,0.458,3.252,0.107,Mid attention,Scalable,cloudy,10.2,61.9,225.77,76.69,0.133,0.2633,3.77,0.167,40.53,0.3454,0.4178,0.3424,0.4162,1.205
1982_331_France,1982,331,France,Kuwait,A,tournament,Qatar Airways,win,3,1748,77.8,46.5,18.67,54.96,108.17,0.461,0.575,24.02,0.51,0.801,0.711,0.575,3.655,0.152,Mid attention,Scalable,cloudy,24.5,75.4,115.28,103.95,0.191,0.3202,3.9,0.214,47.33,0.4112,0.3767,0.373,0.5813,1.4137
1982_332_Honduras,1982,332,Honduras,Northern Ireland,A,tournament,Visa,draw,1,1414,62.9,9.5,7.33,48.36,95.28,0.355,0.23,28.19,0.694,0.538,0.906,0.421,2.851,0.101,Low attention,Scalable,clear,28.1,66.8,204.64,64.57,0.015,0.3648,0.87,0.026,53.13,0.2796,0.4613,0.3155,0.2555,0.9136
1982_333_Belgium,1982,333,Belgium,Hungary,A,tournament,Visa,draw,1,1674,71.5,40.4,23.19,48.36,160.45,0.361,0.677,26.85,0.713,0.72,0.914,0.598,3.723,0.139,High attention,Scalable,cloudy,13.5,20.0,113.39,60.82,0.256,0.2109,2.11,0.282,45.03,0.3234,0.3285,0.3653,0.602,1.8613
1982_334_Poland,1982,334,Poland,Peru,A,tournament,Coca-Cola,win,3,1685,72.7,42.5,15.85,57.16,112.07,0.419,0.516,28.97,0.734,0.749,0.899,0.621,3.68,0.127,Mid attention,Premium,clear,19.0,45.4,149.12,109.51,0.16,0.2877,1.7,0.228,52.22,0.443,0.4156,0.3408,0.5903,1.3325
1982_335_Russia,1982,335,Russia,Scotland,A,tournament,Hyundai,draw,1,1676,72.7,49.8,18.23,52.76,141.54,0.418,0.565,26.07,0.814,0.69,0.874,0.6,4.041,0.155,Mid attention,Scalable,rain,16.1,60.2,182.38,64.59,0.15,0.1777,0.3,0.164,55.48,0.3553,0.4523,0.2845,0.6522,1.8354
1982_336_Argentina,1982,336,Argentina,El Salvador,A,tournament,Hyundai,win,3,1753,76.8,58.0,19.5,48.36,150.48,0.34,0.575,30.74,0.903,0.813,0.936,0.687,4.05,0.132,Mid attention,Premium,cloudy,17.2,54.9,197.74,95.13,-0.038,0.3484,-0.67,0.037,48.69,0.369,0.3942,0.3174,0.7264,1.9685
1982_337_Brazil,1982,337,Brazil,New Zealand,A,tournament,Adidas,win,3,1829,78.8,57.4,18.61,52.76,109.64,0.378,0.561,33.15,0.938,0.809,0.916,0.7,4.091,0.123,Mid attention,Premium,cloudy,23.3,65.6,118.79,59.63,0.164,0.2254,1.91,0.21,47.69,0.3234,0.3529,0.3007,0.7121,2.2021
1982_338_Italy,1982,338,Italy,Cameroon,A,tournament,Visa,draw,1,1755,77.8,61.6,11.04,48.36,103.74,0.352,0.332,33.4,0.799,0.761,0.842,0.494,3.456,0.103,Mid attention,Scalable,cloudy,10.5,70.6,127.81,66.12,0.241,0.2699,2.25,0.181,44.65,0.2885,0.3405,0.3598,0.4991,1.7302
1982_339_Algeria,1982,339,Algeria,Chile,A,tournament,Hisense,win,3,1543,72.2,36.3,11.9,54.96,152.97,0.481,0.416,30.28,0.732,0.66,0.889,0.593,3.307,0.109,Mid attention,Scalable,windy,26.7,67.7,169.18,78.12,0.133,0.212,3.02,0.171,50.95,0.4052,0.4431,0.3066,0.4299,1.0608
1982_340_France,1982,340,France,Czechoslovakia,A,tournament,Qatar Airways,draw,1,1748,77.8,46.5,18.67,48.36,159.13,0.396,0.557,24.02,0.51,0.801,0.711,0.49,3.55,0.148,Mid attention,Scalable,rain,27.5,54.6,138.67,62.35,0.274,0.2294,3.97,0.171,39.92,0.3248,0.3364,0.3844,0.555,1.7086
1982_341_Honduras,1982,341,Honduras,Yugoslavia,A,tournament,Visa,loss,0,1414,62.9,9.5,7.33,46.16,177.57,0.303,0.253,28.19,0.694,0.538,0.906,0.387,2.887,0.102,Low attention,Scalable,cloudy,21.5,28.5,171.68,41.75,0.269,0.3253,3.2,0.304,39.82,0.2867,0.3539,0.4562,0.264,0.9208
1982_342_England,1982,342,England,Kuwait,A,tournament,McDonald's,win,3,1695,76.6,52.6,19.34,46.16,156.35,0.361,0.56,20.29,0.432,0.819,0.654,0.525,3.536,0.174,Mid attention,Scalable,cloudy,8.1,50.7,327.37,55.68,0.092,0.4434,2.26,0.104,44.94,0.2921,0.5247,0.4403,0.5775,1.9769
1982_343_Germany,1982,343,Germany,Austria,A,tournament,Coca-Cola,win,3,1798,81.3,65.9,22.15,46.16,134.66,0.34,0.624,29.19,0.759,0.859,0.907,0.657,3.96,0.136,Mid attention,Premium,clear,17.0,64.7,154.0,61.81,0.316,0.3654,0.88,0.252,49.0,0.2851,0.3804,0.4749,0.7328,2.5704
1982_344_Spain,1982,344,Spain,Northern Ireland,A,tournament,Budweiser,loss,0,1708,77.4,45.2,19.26,46.16,107.04,0.332,0.536,27.85,0.714,0.724,0.933,0.506,3.77,0.135,Mid attention,Scalable,windy,30.4,40.6,115.39,60.36,0.161,0.2455,4.64,0.091,42.97,0.2618,0.3511,0.3107,0.6158,2.352
1982_345_Austria,1982,345,Austria,France,A,tournament,McDonald's,loss,0,1660,70.5,44.6,14.99,46.16,97.73,0.359,0.42,21.71,0.454,0.702,0.72,0.379,3.253,0.15,Mid attention,Watchlist,clear,6.3,68.1,100.28,88.68,0.161,0.2483,2.59,0.166,42.38,0.2986,0.3014,0.3064,0.4377,1.4656
1982_346_Poland,1982,346,Poland,Belgium,A,tournament,Coca-Cola,win,3,1685,72.7,42.5,15.85,50.56,125.23,0.325,0.481,28.97,0.734,0.749,0.899,0.591,3.585,0.124,Mid attention,Scalable,clear,20.9,72.5,140.03,48.62,0.166,0.1392,1.89,0.144,51.28,0.2979,0.4022,0.2561,0.5673,1.9041
1982_347_Germany,1982,347,Germany,England,A,tournament,Coca-Cola,draw,1,1798,81.3,65.9,22.15,43.96,140.9,0.301,0.614,29.19,0.759,0.859,0.907,0.579,3.961,0.136,Mid attention,Scalable,windy,15.9,60.0,104.4,61.79,0.163,0.1313,2.41,0.198,36.78,0.2696,0.2551,0.2599,0.733,2.719
1982_348_Italy,1982,348,Italy,Argentina,A,tournament,Visa,win,3,1755,77.8,61.6,11.04,50.56,158.76,0.42,0.369,33.4,0.799,0.761,0.842,0.587,3.485,0.104,Mid attention,Scalable,rain,27.8,15.0,170.72,47.97,-0.107,0.2074,1.26,0.027,46.37,0.3225,0.3791,0.2011,0.5062,1.5698
1982_349_Austria,1982,349,Austria,Northern Ireland,A,tournament,McDonald's,draw,1,1660,70.5,44.6,14.99,52.76,83.75,0.336,0.454,21.71,0.454,0.702,0.72,0.421,3.356,0.155,Mid attention,Scalable,clear,18.9,37.6,177.46,111.32,0.138,0.3546,1.69,0.209,45.11,0.3837,0.3811,0.3558,0.4649,1.2116
1982_350_Belgium,1982,350,Belgium,Russia,A,tournament,Visa,loss,0,1674,71.5,40.4,23.19,46.16,105.86,0.36,0.639,26.85,0.713,0.72,0.914,0.55,3.655,0.136,Mid attention,Scalable,clear,25.4,88.2,123.51,88.96,0.02,0.1678,1.62,0.059,46.83,0.3052,0.3455,0.1972,0.5844,1.9146
1982_351_Argentina,1982,351,Argentina,Brazil,A,tournament,Hyundai,loss,0,1753,76.8,58.0,19.5,52.76,211.24,0.473,0.628,30.74,0.903,0.813,0.936,0.631,3.998,0.13,Mid attention,Premium,clear,26.4,49.3,260.34,114.85,0.319,0.217,2.2,0.226,43.29,0.4863,0.4488,0.4303,0.7134,1.4669
1982_352_Spain,1982,352,Spain,Germany,A,tournament,Budweiser,loss,0,1708,77.4,45.2,19.26,50.56,147.72,0.42,0.581,27.85,0.714,0.724,0.933,0.539,3.767,0.135,Mid attention,Scalable,cloudy,34.0,26.3,126.38,105.33,0.315,0.2828,4.18,0.231,47.59,0.403,0.3932,0.4296,0.6152,1.5267
1982_353_France,1982,353,France,Northern Ireland,A,tournament,Qatar Airways,win,3,1748,77.8,46.5,18.67,54.96,105.62,0.403,0.574,24.02,0.51,0.801,0.711,0.564,3.596,0.15,Mid attention,Scalable,clear,21.8,77.8,160.25,72.03,0.241,0.3291,3.65,0.23,54.66,0.3597,0.4758,0.3993,0.5668,1.5756
1982_354_Poland,1982,354,Poland,Russia,A,tournament,Coca-Cola,draw,1,1685,72.7,42.5,15.85,43.96,242.96,0.407,0.492,28.97,0.734,0.749,0.899,0.543,3.689,0.127,Mid attention,Scalable,windy,25.3,58.2,154.95,79.09,0.132,0.3286,6.05,0.176,47.48,0.3741,0.4465,0.4403,0.5921,1.5825
1982_355_Italy,1982,355,Italy,Brazil,A,tournament,Visa,win,3,1755,77.8,61.6,11.04,54.96,155.79,0.48,0.395,33.4,0.799,0.761,0.842,0.608,3.517,0.105,Mid attention,Scalable,windy,14.1,75.7,206.36,71.37,0.055,0.1872,5.34,0.14,57.2,0.3969,0.5648,0.2579,0.5139,1.2948
1982_356_Spain,1982,356,Spain,England,A,tournament,Budweiser,draw,1,1708,77.4,45.2,19.26,43.96,139.9,0.323,0.537,27.85,0.714,0.724,0.933,0.538,3.775,0.136,Mid attention,Scalable,cloudy,30.1,62.4,181.76,90.32,0.09,0.2634,6.91,0.147,49.21,0.313,0.4985,0.3123,0.6181,1.9746
1982_357_Germany,1982,357,Germany,France,A,tournament,Coca-Cola,draw,1,1798,81.3,65.9,22.15,57.16,182.68,0.5,0.713,29.19,0.759,0.859,0.907,0.652,4.079,0.14,High attention,Premium,cloudy,18.4,65.3,191.13,81.97,0.35,0.1908,3.97,0.271,58.58,0.4541,0.5419,0.4085,0.7619,1.678
1982_358_Poland,1982,358,Poland,Italy,A,tournament,Coca-Cola,loss,0,1685,72.7,42.5,15.85,48.36,124.68,0.364,0.468,28.97,0.734,0.749,0.899,0.493,3.564,0.123,Mid attention,Scalable,clear,19.6,63.8,188.93,67.16,0.087,0.2212,3.94,0.099,43.8,0.306,0.4145,0.2737,0.5618,1.8357
1982_359_Poland,1982,359,Poland,France,A,tournament,Coca-Cola,win,3,1685,72.7,42.5,15.85,54.96,128.11,0.409,0.509,28.97,0.734,0.749,0.899,0.617,3.638,0.126,Mid attention,Scalable,clear,22.9,69.2,139.82,114.77,-0.079,0.1937,1.78,0.068,47.45,0.4431,0.368,0.1847,0.5806,1.3102
1982_360_Italy,1982,360,Italy,Germany,A,tournament,Visa,win,3,1755,77.8,61.6,11.04,52.76,273.1,0.499,0.432,33.4,0.799,0.761,0.842,0.626,3.612,0.108,Mid attention,Premium,rain,13.6,94.4,199.39,104.87,0.259,0.2642,4.53,0.271,42.23,0.518,0.4196,0.4746,0.5369,1.0366
1986_361_Bulgaria,1986,361,Bulgaria,Italy,A,group_or_knockout,Hisense,draw,1,1502,65.2,28.9,10.5,49.82,188.54,0.41,0.363,33.88,0.787,0.675,0.918,0.513,2.96,0.087,Mid attention,Scalable,clear,24.4,73.5,187.65,107.43,0.306,0.2827,1.42,0.176,43.84,0.4305,0.3756,0.4522,0.3518,0.8173
1986_362_Canada,1986,362,Canada,France,A,group_or_knockout,Hisense,loss,0,1404,62.1,14.1,8.35,47.62,171.3,0.389,0.286,28.16,0.697,0.646,0.897,0.416,3.076,0.109,Low attention,Scalable,clear,28.8,32.7,208.82,46.97,0.322,0.2936,-0.29,0.262,39.49,0.3034,0.3322,0.4551,0.3779,1.2455
1986_363_Spain,1986,363,Spain,Brazil,A,group_or_knockout,Budweiser,loss,0,1708,77.4,45.2,19.26,47.62,159.91,0.399,0.568,27.85,0.714,0.724,0.933,0.53,3.699,0.133,Mid attention,Scalable,clear,24.8,65.1,94.27,57.92,0.26,0.1761,6.01,0.229,43.47,0.3117,0.3568,0.3442,0.5989,1.9214
1986_364_Argentina,1986,364,Argentina,South Korea,A,group_or_knockout,Hyundai,win,3,1753,76.8,58.0,19.5,54.22,116.99,0.388,0.596,30.74,0.903,0.813,0.936,0.703,4.015,0.131,Mid attention,Premium,clear,13.5,76.3,129.83,70.0,0.276,0.2379,0.18,0.271,56.01,0.3584,0.4071,0.3632,0.7181,2.0034
1986_365_Morocco,1986,365,Morocco,Poland,A,group_or_knockout,Mengniu,draw,1,1552,69.2,34.3,12.67,45.42,185.61,0.36,0.392,19.44,0.366,0.668,0.598,0.371,3.038,0.156,Mid attention,Watchlist,cloudy,22.3,77.2,167.63,65.93,0.161,0.2008,3.72,0.189,46.74,0.3235,0.4166,0.3331,0.3343,1.0334
1986_366_Russia,1986,366,Russia,Hungary,A,group_or_knockout,Hyundai,win,3,1676,72.7,49.8,18.23,58.62,132.29,0.518,0.596,26.07,0.814,0.69,0.874,0.697,4.055,0.156,Mid attention,Premium,rain,27.5,51.2,90.76,88.81,-0.051,0.1453,0.95,0.065,52.44,0.4397,0.353,0.1685,0.6563,1.4926
1986_367_Algeria,1986,367,Algeria,Northern Ireland,A,group_or_knockout,Hisense,draw,1,1543,72.2,36.3,11.9,49.82,154.12,0.372,0.385,30.28,0.732,0.66,0.889,0.495,3.298,0.109,Mid attention,Scalable,rain,11.7,76.6,169.26,63.72,0.159,0.1702,5.17,0.175,47.98,0.3365,0.4505,0.2919,0.4281,1.2721
1986_368_Mexico,1986,368,Mexico,Belgium,A,group_or_knockout,Hyundai,win,3,1612,72.1,37.6,18.89,52.02,93.93,0.355,0.557,28.5,0.853,0.712,0.897,0.666,3.744,0.131,Mid attention,Premium,cloudy,16.6,72.8,203.69,100.27,0.218,0.2812,5.45,0.17,44.64,0.3676,0.4578,0.3505,0.5836,1.5877
1986_369_Portugal,1986,369,Portugal,England,A,group_or_knockout,Mengniu,win,3,1702,76.8,47.1,14.4,47.62,76.85,0.323,0.404,17.76,0.359,0.8,0.643,0.434,3.218,0.181,Mid attention,Scalable,hot,28.3,96.0,123.86,56.68,0.143,0.3781,3.91,0.158,45.77,0.2465,0.3714,0.3688,0.5072,2.0574
1986_370_Paraguay,1986,370,Paraguay,Iraq,A,group_or_knockout,Hyundai,win,3,1578,69.9,30.5,12.88,47.62,148.77,0.387,0.395,26.2,0.812,0.667,0.921,0.596,3.788,0.145,Mid attention,Scalable,clear,24.6,46.0,128.47,85.98,0.138,0.1469,5.42,0.099,45.89,0.3467,0.3995,0.264,0.5913,1.7053
1986_371_Scotland,1986,371,Scotland,Denmark,A,group_or_knockout,Budweiser,loss,0,1529,67.9,31.6,17.66,47.62,108.5,0.338,0.504,26.35,0.683,0.686,0.905,0.484,3.473,0.132,Mid attention,Scalable,hot,25.5,49.9,109.37,95.59,0.06,0.2064,2.82,0.171,42.31,0.331,0.3125,0.2416,0.5172,1.5628
1986_372_Uruguay,1986,372,Uruguay,Germany,A,group_or_knockout,Vivo,draw,1,1684,74.8,44.8,20.58,49.82,81.57,0.381,0.582,19.75,0.443,0.797,0.741,0.474,3.481,0.176,Mid attention,Scalable,cloudy,34.2,53.1,131.37,83.94,0.056,0.3869,7.49,0.15,43.51,0.3126,0.4132,0.339,0.5882,1.8816
1986_373_France,1986,373,France,Russia,A,group_or_knockout,Qatar Airways,draw,1,1748,77.8,46.5,18.67,49.82,165.64,0.423,0.569,24.02,0.51,0.801,0.711,0.499,3.54,0.147,Mid attention,Scalable,clear,25.8,50.2,132.33,67.78,0.34,0.1401,4.37,0.204,56.43,0.3516,0.4763,0.3601,0.5516,1.5688
1986_374_Italy,1986,374,Italy,Argentina,A,group_or_knockout,Visa,draw,1,1755,77.8,61.6,11.04,49.82,257.76,0.483,0.408,33.4,0.799,0.761,0.842,0.547,3.531,0.106,Mid attention,Scalable,windy,26.9,43.8,126.18,57.01,0.344,0.1775,0.91,0.253,48.49,0.4051,0.3512,0.4462,0.5181,1.279
1986_375_South_Korea,1986,375,South Korea,Bulgaria,A,group_or_knockout,McDonald's,draw,1,1548,70.3,20.2,12.83,49.82,210.08,0.444,0.434,25.44,0.51,0.67,0.723,0.451,3.197,0.126,Mid attention,Scalable,clear,39.0,15.0,124.46,53.54,0.156,0.2652,2.95,0.209,48.94,0.3634,0.3843,0.3885,0.3742,1.0297
1986_376_Brazil,1986,376,Brazil,Algeria,A,group_or_knockout,Adidas,win,3,1829,78.8,57.4,18.61,47.62,126.62,0.414,0.537,33.15,0.938,0.809,0.916,0.697,4.022,0.121,Mid attention,Premium,clear,21.7,51.0,133.69,88.93,0.184,0.2622,2.48,0.215,37.28,0.3344,0.287,0.3445,0.6956,2.08
1986_377_England,1986,377,England,Morocco,A,group_or_knockout,McDonald's,draw,1,1695,76.6,52.6,19.34,45.42,130.12,0.321,0.544,20.29,0.432,0.819,0.654,0.445,3.461,0.171,Mid attention,Scalable,clear,18.2,63.9,127.13,68.58,0.058,0.4991,2.27,0.113,38.4,0.2853,0.2873,0.4441,0.5585,1.9573
1986_378_Hungary,1986,378,Hungary,Canada,A,group_or_knockout,Adidas,win,3,1691,78.9,42.6,16.61,49.82,182.54,0.356,0.522,33.47,0.932,0.712,0.937,0.679,3.835,0.115,Mid attention,Premium,clear,25.6,50.1,239.12,47.84,0.22,0.2257,-0.68,0.079,45.26,0.3336,0.4027,0.3733,0.5952,1.7843
1986_379_Mexico,1986,379,Mexico,Paraguay,A,group_or_knockout,Hyundai,draw,1,1612,72.1,37.6,18.89,49.82,194.92,0.463,0.587,28.5,0.853,0.712,0.897,0.63,3.831,0.134,Mid attention,Premium,clear,25.6,89.0,135.62,108.56,0.332,0.2381,3.61,0.258,56.18,0.4371,0.4657,0.4391,0.605,1.384
1986_380_Northern_Ireland,1986,380,Northern Ireland,Spain,A,group_or_knockout,Qatar Airways,loss,0,1543,66.3,29.3,14.28,52.02,135.02,0.392,0.453,21.11,0.434,0.682,0.667,0.39,3.071,0.145,Mid attention,Scalable,cloudy,19.8,58.2,170.32,92.22,0.003,0.2482,-0.11,0.064,43.86,0.3864,0.3369,0.2607,0.3614,0.9353
1986_381_Poland,1986,381,Poland,Portugal,A,group_or_knockout,Coca-Cola,win,3,1685,72.7,42.5,15.85,47.62,137.39,0.36,0.469,28.97,0.734,0.749,0.899,0.592,3.563,0.123,Mid attention,Scalable,hot,16.8,78.7,123.85,95.12,0.203,0.2567,-2.5,0.21,42.34,0.3522,0.2456,0.3564,0.5616,1.5943
1986_382_Denmark,1986,382,Denmark,Uruguay,A,group_or_knockout,Coca-Cola,win,3,1642,71.5,43.1,19.09,60.82,189.06,0.575,0.657,33.85,0.793,0.715,0.895,0.723,3.617,0.107,Mid attention,Premium,clear,36.9,62.2,157.67,89.38,0.21,0.0832,2.08,0.207,69.12,0.5041,0.572,0.281,0.5269,1.0452
1986_383_Germany,1986,383,Germany,Scotland,A,group_or_knockout,Coca-Cola,win,3,1798,81.3,65.9,22.15,52.02,173.59,0.386,0.677,29.19,0.759,0.859,0.907,0.685,4.1,0.14,High attention,Premium,cloudy,25.0,71.2,102.06,111.43,0.209,0.2499,1.21,0.229,49.59,0.4455,0.3431,0.3783,0.7661,1.7195
1986_384_Iraq,1986,384,Iraq,Belgium,A,group_or_knockout,Hyundai,loss,0,1388,63.6,11.4,6.1,52.02,143.22,0.375,0.241,29.12,0.833,0.596,0.858,0.443,3.173,0.109,Low attention,Scalable,clear,18.6,62.5,105.51,60.31,0.32,0.2336,0.99,0.301,46.54,0.3432,0.3172,0.3971,0.3497,1.0191
1986_385_Hungary,1986,385,Hungary,France,A,group_or_knockout,Adidas,loss,0,1691,78.9,42.6,16.61,52.02,143.74,0.366,0.518,33.47,0.932,0.712,0.937,0.58,3.739,0.112,Mid attention,Scalable,hot,28.5,79.9,115.57,59.34,0.36,0.3979,-3.72,0.317,52.46,0.3421,0.3052,0.5214,0.572,1.6723
1986_386_Russia,1986,386,Russia,Canada,A,group_or_knockout,Hyundai,win,3,1676,72.7,49.8,18.23,49.82,209.51,0.407,0.576,26.07,0.814,0.69,0.874,0.669,4.128,0.158,Mid attention,Premium,clear,22.3,58.9,156.7,102.5,0.133,0.1809,1.01,0.211,47.76,0.4388,0.3744,0.3234,0.6735,1.5349
1986_387_Argentina,1986,387,Argentina,Bulgaria,A,group_or_knockout,Hyundai,win,3,1753,76.8,58.0,19.5,49.82,199.75,0.434,0.605,30.74,0.903,0.813,0.936,0.715,4.077,0.133,Mid attention,Premium,clear,21.5,65.9,195.87,102.59,0.224,0.1941,2.44,0.24,56.03,0.4315,0.5015,0.3659,0.7331,1.699
1986_388_South_Korea,1986,388,South Korea,Italy,A,group_or_knockout,McDonald's,loss,0,1548,70.3,20.2,12.83,56.42,184.29,0.5,0.463,25.44,0.51,0.67,0.723,0.439,3.154,0.124,Mid attention,Scalable,cloudy,26.4,63.9,108.44,87.38,0.165,0.3754,1.47,0.235,45.7,0.4569,0.32,0.4469,0.3629,0.7943
1986_389_England,1986,389,England,Poland,A,group_or_knockout,McDonald's,win,3,1695,76.6,52.6,19.34,52.02,240.56,0.481,0.632,20.29,0.432,0.819,0.654,0.574,3.572,0.176,Mid attention,Scalable,rain,15.2,53.4,136.23,55.32,0.093,0.119,3.61,0.123,55.38,0.4096,0.4594,0.286,0.5874,1.4341
1986_390_Mexico,1986,390,Mexico,Iraq,A,group_or_knockout,Hyundai,win,3,1612,72.1,37.6,18.89,47.62,122.13,0.308,0.542,28.5,0.853,0.712,0.897,0.651,3.816,0.134,Mid attention,Premium,rain,25.1,64.5,101.65,61.75,0.183,0.2371,5.72,0.13,41.93,0.2889,0.3461,0.3249,0.602,2.0838
1986_391_Paraguay,1986,391,Paraguay,Belgium,A,group_or_knockout,Hyundai,draw,1,1578,69.9,30.5,12.88,54.22,244.08,0.437,0.477,26.2,0.812,0.667,0.921,0.57,3.876,0.148,Mid attention,Scalable,cloudy,34.5,93.8,152.47,101.96,0.223,0.1459,3.88,0.275,58.04,0.5048,0.5008,0.3633,0.6129,1.2141
1986_392_Portugal,1986,392,Portugal,Morocco,A,group_or_knockout,Mengniu,loss,0,1702,76.8,47.1,14.4,54.22,180.36,0.46,0.489,17.76,0.359,0.8,0.643,0.391,3.387,0.191,Mid attention,Scalable,rain,25.8,53.7,213.15,108.43,0.178,0.0399,4.96,0.157,58.84,0.4663,0.5791,0.2332,0.5544,1.1891
1986_393_Algeria,1986,393,Algeria,Spain,A,group_or_knockout,Hisense,loss,0,1543,72.2,36.3,11.9,52.02,371.49,0.546,0.493,30.28,0.732,0.66,0.889,0.534,3.487,0.115,Mid attention,Scalable,clear,20.7,64.7,139.76,70.33,0.068,0.3154,5.13,0.177,56.48,0.5326,0.4949,0.4873,0.4738,0.8897
1986_394_Northern_Ireland,1986,394,Northern Ireland,Brazil,A,group_or_knockout,Qatar Airways,loss,0,1543,66.3,29.3,14.28,52.02,106.46,0.398,0.441,21.11,0.434,0.682,0.667,0.387,2.999,0.142,Mid attention,Scalable,clear,20.0,78.1,154.43,50.96,0.11,0.2101,0.66,0.121,56.81,0.3007,0.4435,0.2649,0.343,1.1407
1986_395_Denmark,1986,395,Denmark,Germany,A,group_or_knockout,Coca-Cola,win,3,1642,71.5,43.1,19.09,49.82,117.38,0.387,0.559,33.85,0.793,0.715,0.895,0.652,3.459,0.102,Mid attention,Premium,clear,20.5,76.2,215.34,87.95,0.111,0.4451,3.72,0.199,51.74,0.3461,0.5023,0.4243,0.4887,1.4119
1986_396_Scotland,1986,396,Scotland,Uruguay,A,group_or_knockout,Budweiser,draw,1,1529,67.9,31.6,17.66,45.42,145.94,0.341,0.506,26.35,0.683,0.686,0.905,0.519,3.46,0.131,Mid attention,Scalable,clear,21.5,58.2,153.0,84.54,0.072,0.3274,4.89,0.048,37.76,0.3221,0.345,0.3496,0.5133,1.5935
1986_397_Mexico,1986,397,Mexico,Bulgaria,A,group_or_knockout,Hyundai,win,3,1612,72.1,37.6,18.89,49.82,159.12,0.416,0.572,28.5,0.853,0.712,0.897,0.682,3.812,0.134,Mid attention,Premium,clear,20.7,19.9,123.77,72.3,0.188,0.2521,1.88,0.165,39.79,0.3536,0.2901,0.3609,0.6012,1.7
1986_398_Russia,1986,398,Russia,Belgium,A,group_or_knockout,Hyundai,loss,0,1676,72.7,49.8,18.23,60.82,300.05,0.617,0.683,26.07,0.814,0.69,0.874,0.647,4.217,0.162,High attention,Premium,cloudy,28.5,66.3,190.12,100.84,0.198,0.2067,1.14,0.176,54.9,0.6064,0.4671,0.428,0.6967,1.149
1986_399_Argentina,1986,399,Argentina,Uruguay,A,group_or_knockout,Hyundai,win,3,1753,76.8,58.0,19.5,47.62,112.86,0.355,0.554,30.74,0.903,0.813,0.936,0.681,3.923,0.128,Mid attention,Premium,clear,12.6,22.5,116.32,103.98,0.254,0.1925,3.91,0.22,45.63,0.3473,0.3634,0.3215,0.6957,2.0034
1986_400_Brazil,1986,400,Brazil,Poland,A,group_or_knockout,Adidas,win,3,1829,78.8,57.4,18.61,54.22,199.62,0.452,0.609,33.15,0.938,0.809,0.916,0.732,4.104,0.124,Mid attention,Premium,cloudy,28.2,81.5,180.94,66.07,0.07,0.1452,-0.31,0.155,48.2,0.4153,0.3802,0.266,0.716,1.7241
1986_401_Italy,1986,401,Italy,France,A,group_or_knockout,Visa,loss,0,1755,77.8,61.6,11.04,49.82,197.14,0.415,0.381,33.4,0.799,0.761,0.842,0.491,3.493,0.105,Mid attention,Scalable,cloudy,20.7,60.7,170.25,81.95,0.098,0.3368,0.52,0.109,52.17,0.3976,0.4166,0.4006,0.5092,1.2807
1986_402_Morocco,1986,402,Morocco,Germany,A,group_or_knockout,Mengniu,loss,0,1552,69.2,34.3,12.67,47.62,165.76,0.381,0.397,19.44,0.366,0.668,0.598,0.344,2.98,0.153,Mid attention,Watchlist,rain,25.3,74.0,101.64,80.68,0.312,0.1861,1.4,0.253,49.53,0.3515,0.3451,0.3775,0.3187,0.9068
1986_403_Denmark,1986,403,Denmark,Spain,A,group_or_knockout,Coca-Cola,loss,0,1642,71.5,43.1,19.09,58.62,128.0,0.497,0.617,33.85,0.793,0.715,0.895,0.593,3.558,0.105,Mid attention,Scalable,rain,16.2,43.6,183.99,94.6,0.14,0.2602,3.75,0.203,66.23,0.4454,0.5968,0.3246,0.5124,1.1504
1986_404_England,1986,404,England,Paraguay,A,group_or_knockout,McDonald's,win,3,1695,76.6,52.6,19.34,52.02,220.48,0.449,0.624,20.29,0.432,0.819,0.654,0.565,3.594,0.177,Mid attention,Scalable,clear,31.0,33.2,151.75,105.59,0.159,0.1848,3.26,0.245,48.08,0.4722,0.4065,0.3446,0.5931,1.256
1986_405_Brazil,1986,405,Brazil,France,A,group_or_knockout,Adidas,draw,1,1829,78.8,57.4,18.61,49.82,200.86,0.437,0.582,33.15,0.938,0.809,0.916,0.652,4.062,0.123,Mid attention,Premium,clear,30.5,62.2,171.5,84.02,0.139,0.1111,4.97,0.17,52.95,0.4036,0.4915,0.2753,0.7063,1.75
1986_406_Mexico,1986,406,Mexico,Germany,A,group_or_knockout,Hyundai,draw,1,1612,72.1,37.6,18.89,45.42,153.52,0.335,0.542,28.5,0.853,0.712,0.897,0.59,3.677,0.129,Mid attention,Scalable,cloudy,28.8,57.5,167.97,70.87,0.27,0.2659,0.86,0.202,47.55,0.3067,0.3806,0.4025,0.5675,1.8505
1986_407_Argentina,1986,407,Argentina,England,A,group_or_knockout,Hyundai,win,3,1753,76.8,58.0,19.5,52.02,157.41,0.416,0.6,30.74,0.903,0.813,0.936,0.71,3.969,0.129,Mid attention,Premium,cloudy,13.9,50.1,176.09,55.14,0.273,0.2014,0.75,0.167,59.09,0.346,0.4839,0.3647,0.7062,2.0413
1986_408_Spain,1986,408,Spain,Belgium,A,group_or_knockout,Budweiser,draw,1,1708,77.4,45.2,19.26,49.82,151.67,0.413,0.578,27.85,0.714,0.724,0.933,0.57,3.755,0.135,Mid attention,Scalable,clear,28.0,59.4,138.74,90.38,0.268,0.2323,3.9,0.28,52.73,0.376,0.4437,0.3787,0.6128,1.6298
1986_409_Argentina,1986,409,Argentina,Belgium,A,group_or_knockout,Hyundai,win,3,1753,76.8,58.0,19.5,49.82,139.26,0.328,0.579,30.74,0.903,0.813,0.936,0.686,3.977,0.129,Mid attention,Premium,clear,25.4,96.0,189.0,53.39,0.159,0.2771,1.12,0.196,43.95,0.3092,0.3732,0.3513,0.7078,2.2892
1986_410_France,1986,410,France,Germany,A,group_or_knockout,Qatar Airways,loss,0,1748,77.8,46.5,18.67,49.82,170.35,0.367,0.571,24.02,0.51,0.801,0.711,0.456,3.551,0.148,Mid attention,Scalable,rain,13.4,71.4,120.32,46.56,0.069,0.276,1.53,0.128,39.13,0.3223,0.2761,0.331,0.5552,1.7225
1986_411_France,1986,411,France,Belgium,A,group_or_knockout,Qatar Airways,win,3,1748,77.8,46.5,18.67,58.62,168.98,0.46,0.624,24.02,0.51,0.801,0.711,0.593,3.581,0.149,Mid attention,Scalable,cloudy,22.9,74.8,126.59,89.99,0.349,0.0909,-1.1,0.178,66.16,0.4695,0.4707,0.3345,0.5625,1.1981
1986_412_Argentina,1986,412,Argentina,Germany,A,group_or_knockout,Hyundai,win,3,1753,76.8,58.0,19.5,56.42,127.13,0.385,0.614,30.74,0.903,0.813,0.936,0.71,3.961,0.129,Mid attention,Premium,clear,25.2,71.5,76.25,92.76,0.242,0.1245,3.41,0.158,58.55,0.4217,0.4286,0.2815,0.7047,1.6711
1990_413_Argentina,1990,413,Argentina,Cameroon,A,group_or_knockout,Hyundai,loss,0,1753,76.8,58.0,19.5,49.08,104.57,0.333,0.559,30.74,0.903,0.813,0.936,0.579,3.998,0.13,Mid attention,Scalable,cloudy,26.3,81.7,144.88,107.92,0.111,0.1739,6.04,0.16,52.64,0.3605,0.4808,0.2407,0.7134,1.9788
1990_414_Italy,1990,414,Italy,Austria,A,group_or_knockout,Visa,win,3,1755,77.8,61.6,11.04,49.08,113.62,0.378,0.34,33.4,0.799,0.761,0.842,0.569,3.472,0.104,Mid attention,Scalable,hot,24.1,55.0,120.07,89.62,0.299,0.0908,0.64,0.227,52.3,0.339,0.3738,0.2761,0.5036,1.4855
1990_415_Russia,1990,415,Russia,Romania,A,group_or_knockout,Hyundai,loss,0,1676,72.7,49.8,18.23,51.28,155.94,0.402,0.562,26.07,0.814,0.69,0.874,0.563,4.018,0.154,Mid attention,Scalable,clear,24.7,25.1,170.16,102.72,0.103,0.2367,4.95,0.07,53.58,0.4118,0.4953,0.3113,0.6462,1.5693
1990_416_United_Arab_Emirates,1990,416,United Arab Emirates,Colombia,A,group_or_knockout,Adidas,loss,0,1388,64.1,14.2,5.74,51.28,145.44,0.408,0.228,28.56,0.835,0.554,0.935,0.444,3.274,0.115,Low attention,Scalable,hot,31.8,55.0,94.11,69.24,0.297,0.3445,2.68,0.261,53.87,0.3519,0.3943,0.46,0.3801,1.0801
1990_417_Brazil,1990,417,Brazil,Sweden,A,group_or_knockout,Adidas,win,3,1829,78.8,57.4,18.61,53.48,162.33,0.469,0.588,33.15,0.938,0.809,0.916,0.727,4.018,0.121,Mid attention,Premium,clear,30.4,71.0,136.66,83.51,0.304,0.0967,-0.91,0.16,59.61,0.4071,0.4273,0.314,0.6948,1.7067
1990_418_Germany,1990,418,Germany,Yugoslavia,A,group_or_knockout,Coca-Cola,win,3,1798,81.3,65.9,22.15,57.88,190.3,0.543,0.721,29.19,0.759,0.859,0.907,0.73,4.159,0.142,High attention,Premium,cloudy,5.8,42.5,195.57,125.4,0.064,0.4996,0.92,0.198,64.19,0.5338,0.5473,0.4864,0.7805,1.4623
1990_419_United_States,1990,419,United States,Czechoslovakia,A,group_or_knockout,Vivo,loss,0,1578,71.9,31.0,12.75,60.08,144.03,0.499,0.466,22.58,0.432,0.676,0.652,0.414,3.072,0.136,Mid attention,Scalable,cloudy,21.1,55.2,139.52,86.67,0.214,0.1256,0.79,0.187,55.06,0.4588,0.4171,0.2808,0.3397,0.7405
1990_420_Costa_Rica,1990,420,Costa Rica,Scotland,A,group_or_knockout,Visa,win,3,1585,73.1,26.3,15.16,49.08,211.42,0.458,0.492,31.23,0.76,0.677,0.885,0.628,3.441,0.11,Mid attention,Premium,clear,22.0,46.9,163.33,95.68,0.234,0.2863,2.14,0.187,38.83,0.4229,0.3219,0.4376,0.4674,1.1052
1990_421_England,1990,421,England,Republic of Ireland,A,group_or_knockout,McDonald's,draw,1,1695,76.6,52.6,19.34,51.28,135.96,0.399,0.582,20.29,0.432,0.819,0.654,0.473,3.509,0.173,Mid attention,Scalable,hot,12.5,82.0,134.03,81.22,0.418,0.1936,3.68,0.313,40.71,0.3633,0.3344,0.4099,0.5707,1.5712
1990_422_Belgium,1990,422,Belgium,South Korea,A,group_or_knockout,Visa,win,3,1674,71.5,40.4,23.19,51.28,129.79,0.37,0.681,26.85,0.713,0.72,0.914,0.668,3.793,0.141,High attention,Premium,cloudy,23.6,70.0,152.8,61.08,0.082,0.2446,6.68,0.144,48.24,0.3273,0.4605,0.29,0.6186,1.8899
1990_423_Netherlands,1990,423,Netherlands,Egypt,A,group_or_knockout,Hisense,draw,1,1746,75.8,49.9,15.97,51.28,167.73,0.401,0.507,32.27,0.781,0.811,0.856,0.564,3.731,0.116,Mid attention,Scalable,windy,30.5,68.4,178.77,84.85,0.299,0.1821,-0.21,0.271,55.41,0.3931,0.4407,0.3705,0.6093,1.5502
1990_424_Argentina,1990,424,Argentina,Russia,A,group_or_knockout,Hyundai,win,3,1753,76.8,58.0,19.5,51.28,87.63,0.325,0.566,30.74,0.903,0.813,0.936,0.68,3.928,0.128,Mid attention,Premium,clear,16.5,67.9,195.49,60.69,0.158,0.1863,1.78,0.163,55.65,0.2946,0.488,0.2584,0.6967,2.3648
1990_425_Uruguay,1990,425,Uruguay,Spain,A,group_or_knockout,Vivo,draw,1,1684,74.8,44.8,20.58,46.88,107.37,0.304,0.576,19.75,0.443,0.797,0.741,0.457,3.456,0.175,Mid attention,Scalable,hot,25.0,57.4,144.13,42.38,0.032,0.165,0.92,0.106,43.39,0.2408,0.3246,0.2017,0.5819,2.4163
1990_426_Cameroon,1990,426,Cameroon,Romania,A,group_or_knockout,Coca-Cola,win,3,1542,68.0,29.1,10.52,53.48,201.14,0.454,0.392,31.97,0.771,0.693,0.92,0.593,3.269,0.102,Mid attention,Scalable,windy,17.5,61.2,131.08,64.53,0.144,0.2401,0.14,0.149,47.52,0.4073,0.3359,0.3611,0.4461,1.0955
1990_427_Italy,1990,427,Italy,United States,A,group_or_knockout,Visa,win,3,1755,77.8,61.6,11.04,49.08,86.23,0.362,0.328,33.4,0.799,0.761,0.842,0.562,3.496,0.105,Low attention,Scalable,cloudy,19.0,39.0,131.49,56.5,0.156,0.1633,3.0,0.166,47.23,0.2668,0.377,0.2418,0.5098,1.9104
1990_428_Yugoslavia,1990,428,Yugoslavia,Colombia,A,group_or_knockout,Qatar Airways,win,3,1669,74.2,37.3,11.34,49.08,191.78,0.456,0.382,17.82,0.379,0.762,0.645,0.456,3.38,0.19,Mid attention,Scalable,clear,31.9,23.0,172.9,67.84,0.05,0.3004,2.8,0.184,52.99,0.3648,0.4604,0.3523,0.5277,1.4466
1990_429_Austria,1990,429,Austria,Czechoslovakia,A,group_or_knockout,McDonald's,loss,0,1660,70.5,44.6,14.99,49.08,214.13,0.385,0.488,21.71,0.454,0.702,0.72,0.409,3.389,0.156,Mid attention,Scalable,rain,19.7,60.4,114.22,100.87,0.187,0.2505,-1.01,0.161,49.53,0.433,0.3202,0.3954,0.4729,1.092
1990_430_Germany,1990,430,Germany,United Arab Emirates,A,group_or_knockout,Coca-Cola,win,3,1798,81.3,65.9,22.15,60.08,154.81,0.519,0.719,29.19,0.759,0.859,0.907,0.725,4.194,0.144,High attention,Premium,cloudy,25.8,63.2,172.63,84.36,0.252,0.2698,2.84,0.234,49.89,0.4634,0.4345,0.3979,0.7902,1.7053
1990_431_Brazil,1990,431,Brazil,Costa Rica,A,group_or_knockout,Adidas,win,3,1829,78.8,57.4,18.61,49.08,152.19,0.354,0.557,33.15,0.938,0.809,0.916,0.694,4.043,0.122,Mid attention,Premium,windy,11.8,77.3,133.88,98.1,0.18,0.3842,0.27,0.158,44.68,0.3815,0.3164,0.4383,0.7012,1.8377
1990_432_England,1990,432,England,Netherlands,A,group_or_knockout,McDonald's,draw,1,1695,76.6,52.6,19.34,46.88,183.27,0.391,0.576,20.29,0.432,0.819,0.654,0.47,3.458,0.17,Mid attention,Scalable,cloudy,34.2,83.1,137.24,76.05,0.102,0.3751,2.82,0.079,45.94,0.3508,0.3686,0.4181,0.5565,1.5864
1990_433_Sweden,1990,433,Sweden,Scotland,A,group_or_knockout,Budweiser,loss,0,1654,74.4,39.2,19.34,53.48,134.1,0.417,0.595,26.29,0.687,0.705,0.91,0.535,3.733,0.142,Mid attention,Scalable,clear,26.6,83.1,124.83,48.66,0.141,0.1442,5.47,0.156,52.08,0.3316,0.4493,0.254,0.5968,1.7997
1990_434_Belgium,1990,434,Belgium,Uruguay,A,group_or_knockout,Visa,win,3,1674,71.5,40.4,23.19,55.68,202.88,0.44,0.74,26.85,0.713,0.72,0.914,0.703,3.828,0.143,High attention,Premium,clear,21.9,42.0,105.28,63.77,0.156,0.2279,3.77,0.177,60.08,0.4276,0.4734,0.3597,0.6283,1.4693
1990_435_Republic_of_Ireland,1990,435,Republic of Ireland,Egypt,A,group_or_knockout,McDonald's,draw,1,1503,66.8,21.0,11.42,46.88,111.02,0.357,0.336,22.06,0.441,0.646,0.669,0.375,3.11,0.141,Mid attention,Watchlist,rain,26.5,52.4,160.42,98.95,0.178,0.0872,3.17,0.155,52.3,0.3313,0.4488,0.2185,0.341,1.0294
1990_436_South_Korea,1990,436,South Korea,Spain,A,group_or_knockout,McDonald's,loss,0,1548,70.3,20.2,12.83,55.68,139.2,0.432,0.439,25.44,0.51,0.67,0.723,0.418,3.098,0.122,Mid attention,Scalable,windy,14.5,65.7,212.86,93.84,0.267,0.4593,1.69,0.183,45.44,0.4257,0.4161,0.5169,0.3491,0.8199
1990_437_Argentina,1990,437,Argentina,Romania,A,group_or_knockout,Hyundai,draw,1,1753,76.8,58.0,19.5,51.28,117.15,0.37,0.578,30.74,0.903,0.813,0.936,0.627,3.982,0.13,Mid attention,Premium,clear,30.1,96.0,98.42,108.12,0.183,0.184,2.94,0.182,44.14,0.3906,0.3199,0.2873,0.7102,1.8181
1990_438_Cameroon,1990,438,Cameroon,Russia,A,group_or_knockout,Coca-Cola,loss,0,1542,68.0,29.1,10.52,55.68,175.14,0.442,0.394,31.97,0.771,0.693,0.92,0.491,3.305,0.103,Mid attention,Scalable,rain,21.1,81.7,183.43,72.56,0.016,0.5121,3.98,0.139,51.29,0.4201,0.4734,0.4633,0.4547,1.0822
1990_439_Austria,1990,439,Austria,United States,A,group_or_knockout,McDonald's,win,3,1660,70.5,44.6,14.99,53.48,211.35,0.453,0.514,21.71,0.454,0.702,0.72,0.531,3.473,0.16,Mid attention,Scalable,windy,21.8,75.9,210.63,97.95,0.1,0.2644,3.77,0.11,47.42,0.4668,0.4622,0.364,0.495,1.0603
1990_440_Germany,1990,440,Germany,Colombia,A,group_or_knockout,Coca-Cola,draw,1,1798,81.3,65.9,22.15,51.28,139.18,0.411,0.658,29.19,0.759,0.859,0.907,0.615,4.021,0.138,Mid attention,Scalable,clear,20.1,51.8,178.8,97.62,0.173,0.3715,2.59,0.137,47.54,0.3911,0.4165,0.4185,0.7477,1.9116
1990_441_Italy,1990,441,Italy,Czechoslovakia,A,group_or_knockout,Visa,win,3,1755,77.8,61.6,11.04,51.28,102.65,0.37,0.349,33.4,0.799,0.761,0.842,0.571,3.505,0.105,Mid attention,Scalable,clear,19.5,43.9,138.81,111.2,0.269,0.2458,3.26,0.207,40.75,0.3843,0.3328,0.3559,0.5116,1.331
1990_442_Yugoslavia,1990,442,Yugoslavia,United Arab Emirates,A,group_or_knockout,Qatar Airways,win,3,1669,74.2,37.3,11.34,57.88,122.15,0.471,0.406,17.82,0.379,0.762,0.645,0.468,3.417,0.192,Mid attention,Scalable,rain,27.2,70.6,137.35,53.46,0.286,0.1411,0.04,0.236,46.52,0.3704,0.3316,0.3085,0.5378,1.4519
1990_443_Brazil,1990,443,Brazil,Scotland,A,group_or_knockout,Adidas,win,3,1829,78.8,57.4,18.61,49.08,156.64,0.395,0.559,33.15,0.938,0.809,0.916,0.702,4.04,0.122,Mid attention,Premium,cloudy,24.5,40.4,150.46,104.93,0.334,0.2652,1.26,0.262,53.1,0.3955,0.4176,0.4325,0.7006,1.7713
1990_444_Sweden,1990,444,Sweden,Costa Rica,A,group_or_knockout,Budweiser,loss,0,1654,74.4,39.2,19.34,53.48,256.12,0.536,0.648,26.29,0.687,0.705,0.91,0.576,3.825,0.145,Mid attention,Scalable,clear,26.9,54.2,170.93,75.36,0.169,0.3218,4.29,0.147,43.69,0.4659,0.4024,0.4609,0.6192,1.3289
1990_445_Belgium,1990,445,Belgium,Spain,A,group_or_knockout,Visa,loss,0,1674,71.5,40.4,23.19,53.48,170.64,0.435,0.712,26.85,0.713,0.72,0.914,0.591,3.773,0.141,High attention,Scalable,hot,22.9,56.2,164.56,106.39,0.233,0.2017,4.57,0.2,57.58,0.4489,0.5183,0.3558,0.6147,1.3693
1990_446_England,1990,446,England,Egypt,A,group_or_knockout,McDonald's,win,3,1695,76.6,52.6,19.34,49.08,125.85,0.325,0.564,20.29,0.432,0.819,0.654,0.52,3.555,0.175,Mid attention,Scalable,cloudy,26.1,83.5,140.95,78.93,0.011,0.4892,3.0,0.156,43.7,0.3318,0.3557,0.4141,0.5826,1.7561
1990_447_Republic_of_Ireland,1990,447,Republic of Ireland,Netherlands,A,group_or_knockout,McDonald's,draw,1,1503,66.8,21.0,11.42,51.28,181.6,0.456,0.393,22.06,0.441,0.646,0.669,0.415,3.137,0.142,Mid attention,Scalable,hot,20.5,52.3,117.52,83.79,0.199,0.3277,5.91,0.15,45.71,0.402,0.3954,0.4294,0.3478,0.8651
1990_448_South_Korea,1990,448,South Korea,Uruguay,A,group_or_knockout,McDonald's,loss,0,1548,70.3,20.2,12.83,49.08,131.16,0.36,0.395,25.44,0.51,0.67,0.723,0.388,3.082,0.121,Mid attention,Scalable,hot,36.4,19.0,163.88,67.1,0.049,0.3547,3.87,0.13,40.06,0.3175,0.359,0.3474,0.3445,1.0851
1990_449_Cameroon,1990,449,Cameroon,Colombia,A,group_or_knockout,Coca-Cola,win,3,1542,68.0,29.1,10.52,53.48,137.47,0.453,0.364,31.97,0.771,0.693,0.92,0.582,3.243,0.101,Mid attention,Scalable,rain,13.6,66.1,180.73,105.73,0.15,0.4058,2.31,0.226,41.97,0.4226,0.3669,0.4293,0.4396,1.0402
1990_450_Czechoslovakia,1990,450,Czechoslovakia,Costa Rica,A,group_or_knockout,Visa,win,3,1636,72.1,45.6,14.05,57.88,126.47,0.475,0.479,31.09,0.763,0.715,0.89,0.627,3.468,0.112,Mid attention,Premium,cloudy,30.6,46.8,182.83,71.96,0.459,0.4071,0.24,0.272,52.55,0.4024,0.427,0.5599,0.5021,1.248
1990_451_Brazil,1990,451,Brazil,Argentina,A,group_or_knockout,Adidas,loss,0,1829,78.8,57.4,18.61,49.08,208.06,0.415,0.581,33.15,0.938,0.809,0.916,0.615,4.065,0.123,Mid attention,Scalable,clear,31.2,58.7,151.59,75.58,0.187,0.1279,5.82,0.209,53.04,0.3892,0.487,0.3122,0.7069,1.8163
1990_452_Germany,1990,452,Germany,Netherlands,A,group_or_knockout,Coca-Cola,win,3,1798,81.3,65.9,22.15,53.48,75.06,0.391,0.643,29.19,0.759,0.859,0.907,0.673,3.981,0.136,Mid attention,Premium,cloudy,17.9,56.6,244.48,87.08,0.07,0.163,4.42,0.176,59.43,0.3462,0.6044,0.1962,0.737,2.129
1990_453_Republic_of_Ireland,1990,453,Republic of Ireland,Romania,A,group_or_knockout,McDonald's,draw,1,1503,66.8,21.0,11.42,46.88,167.5,0.422,0.36,22.06,0.441,0.646,0.669,0.396,3.135,0.142,Mid attention,Scalable,clear,36.4,53.6,120.48,87.44,0.197,0.3151,6.58,0.182,37.61,0.3565,0.3397,0.4111,0.3474,0.9745
1990_454_Italy,1990,454,Italy,Uruguay,A,group_or_knockout,Visa,win,3,1755,77.8,61.6,11.04,51.28,128.7,0.449,0.36,33.4,0.799,0.761,0.842,0.589,3.562,0.107,Mid attention,Scalable,cloudy,29.0,70.6,212.23,77.59,0.104,0.2381,7.35,0.129,40.57,0.3521,0.4599,0.2948,0.5256,1.4928
1990_455_England,1990,455,England,Belgium,A,group_or_knockout,McDonald's,win,3,1695,76.6,52.6,19.34,49.08,125.03,0.367,0.564,20.29,0.432,0.819,0.654,0.527,3.429,0.169,Mid attention,Scalable,clear,28.8,33.5,122.72,87.58,0.06,0.1344,0.1,0.148,41.09,0.3446,0.2733,0.2059,0.5494,1.5945
1990_456_Spain,1990,456,Spain,Yugoslavia,A,group_or_knockout,Budweiser,loss,0,1708,77.4,45.2,19.26,53.48,245.47,0.497,0.641,27.85,0.714,0.724,0.933,0.576,3.832,0.138,Mid attention,Scalable,cloudy,23.2,49.7,211.99,81.87,0.367,0.3071,0.1,0.259,56.47,0.4679,0.4846,0.5322,0.6322,1.3511
1990_457_Italy,1990,457,Italy,Republic of Ireland,A,group_or_knockout,Visa,win,3,1755,77.8,61.6,11.04,49.08,114.83,0.388,0.341,33.4,0.799,0.761,0.842,0.571,3.484,0.104,Mid attention,Scalable,clear,21.7,68.9,200.7,86.24,0.263,0.1728,-3.21,0.121,41.9,0.3347,0.3011,0.314,0.506,1.5118
1990_458_Yugoslavia,1990,458,Yugoslavia,Argentina,A,group_or_knockout,Qatar Airways,draw,1,1669,74.2,37.3,11.34,46.88,110.74,0.308,0.334,17.82,0.379,0.762,0.645,0.344,3.229,0.181,Mid attention,Watchlist,clear,21.7,48.2,130.89,83.28,0.191,0.2165,4.73,0.174,40.46,0.3068,0.3453,0.3077,0.4854,1.5824
1990_459_Cameroon,1990,459,Cameroon,England,A,group_or_knockout,Coca-Cola,loss,0,1542,68.0,29.1,10.52,57.88,159.47,0.495,0.401,31.97,0.771,0.693,0.92,0.504,3.261,0.102,Mid attention,Scalable,clear,25.3,32.3,263.38,105.47,0.117,0.1505,4.18,0.155,63.67,0.4794,0.6539,0.264,0.4445,0.9272
1990_460_Germany,1990,460,Germany,Czechoslovakia,A,group_or_knockout,Coca-Cola,win,3,1798,81.3,65.9,22.15,49.08,157.48,0.385,0.652,29.19,0.759,0.859,0.907,0.675,4.046,0.139,Mid attention,Premium,cloudy,31.4,68.7,165.79,96.7,0.125,0.2434,3.01,0.177,53.74,0.3834,0.4634,0.3263,0.754,1.9666
1990_461_Italy,1990,461,Italy,Argentina,A,group_or_knockout,Visa,draw,1,1755,77.8,61.6,11.04,51.28,129.49,0.401,0.361,33.4,0.799,0.761,0.842,0.514,3.487,0.104,Mid attention,Scalable,rain,24.1,76.0,123.72,82.2,0.31,0.392,0.23,0.217,52.37,0.3598,0.3715,0.4861,0.5066,1.4079
1990_462_Germany,1990,462,Germany,England,A,group_or_knockout,Coca-Cola,draw,1,1798,81.3,65.9,22.15,51.28,94.31,0.347,0.638,29.19,0.759,0.859,0.907,0.597,3.96,0.136,Mid attention,Scalable,clear,17.5,57.3,140.3,59.04,0.187,0.1381,2.61,0.159,43.03,0.2972,0.3436,0.2445,0.7328,2.4662
1990_463_Italy,1990,463,Italy,England,A,group_or_knockout,Visa,win,3,1755,77.8,61.6,11.04,53.48,119.93,0.367,0.37,33.4,0.799,0.761,0.842,0.578,3.583,0.107,Mid attention,Scalable,hot,27.9,26.6,213.26,95.38,-0.152,0.293,3.19,0.066,49.05,0.3932,0.4697,0.2112,0.5298,1.3473
1990_464_Germany,1990,464,Germany,Argentina,A,group_or_knockout,Coca-Cola,win,3,1798,81.3,65.9,22.15,49.08,200.78,0.358,0.671,29.19,0.759,0.859,0.907,0.678,4.028,0.138,High attention,Premium,hot,28.5,69.3,185.72,49.09,0.398,0.1831,4.44,0.265,42.46,0.3426,0.4078,0.4366,0.7491,2.1865
1994_465_Germany,1994,465,Germany,Bolivia,A,group_or_knockout,Coca-Cola,win,3,1798,81.3,65.9,22.15,50.53,147.45,0.365,0.657,29.19,0.759,0.859,0.907,0.674,4.102,0.141,Mid attention,Premium,clear,26.9,31.4,116.52,59.86,0.175,0.465,3.37,0.141,51.63,0.332,0.4062,0.4852,0.7679,2.3128
1994_466_Spain,1994,466,Spain,South Korea,A,group_or_knockout,Budweiser,draw,1,1708,77.4,45.2,19.26,57.13,185.24,0.482,0.638,27.85,0.714,0.724,0.933,0.605,3.895,0.14,Mid attention,Scalable,cloudy,27.5,62.9,165.76,110.25,0.191,0.2894,4.19,0.23,60.6,0.4996,0.5392,0.4034,0.6474,1.296
1994_467_Colombia,1994,467,Colombia,Romania,A,group_or_knockout,Vivo,loss,0,1650,74.7,50.9,8.73,57.13,151.73,0.465,0.345,18.25,0.396,0.764,0.653,0.35,3.372,0.185,Mid attention,Watchlist,clear,21.4,43.8,180.59,83.73,0.265,0.4659,2.54,0.228,47.48,0.4329,0.4168,0.5284,0.5237,1.2096
1994_468_Italy,1994,468,Italy,Republic of Ireland,A,group_or_knockout,Visa,loss,0,1755,77.8,61.6,11.04,50.53,120.05,0.431,0.352,33.4,0.799,0.761,0.842,0.483,3.525,0.106,Mid attention,Scalable,clear,17.4,39.4,133.71,78.19,0.203,0.3074,5.28,0.232,55.75,0.3395,0.4855,0.3778,0.5169,1.5223
1994_469_United_States,1994,469,United States,Switzerland,A,group_or_knockout,Vivo,draw,1,1578,71.9,31.0,12.75,52.73,241.03,0.512,0.463,22.58,0.432,0.676,0.652,0.448,3.17,0.14,Mid attention,Scalable,cloudy,17.8,50.9,285.61,115.14,0.231,0.1383,4.13,0.138,49.92,0.5092,0.5571,0.3599,0.3646,0.7161
1994_470_Belgium,1994,470,Belgium,Morocco,A,group_or_knockout,Visa,win,3,1674,71.5,40.4,23.19,50.53,136.99,0.363,0.68,26.85,0.713,0.72,0.914,0.666,3.748,0.14,High attention,Premium,clear,13.2,55.1,160.93,60.93,0.114,0.1707,0.31,0.135,53.88,0.3257,0.4194,0.2611,0.6083,1.8679
1994_471_Cameroon,1994,471,Cameroon,Sweden,A,group_or_knockout,Coca-Cola,draw,1,1542,68.0,29.1,10.52,57.13,144.2,0.477,0.389,31.97,0.771,0.693,0.92,0.529,3.286,0.103,Mid attention,Scalable,hot,24.4,47.7,169.0,52.87,0.033,0.2443,5.72,0.128,45.62,0.3794,0.4386,0.2775,0.4509,1.1885
1994_472_Norway,1994,472,Norway,Mexico,A,group_or_knockout,McDonald's,win,3,1541,69.8,29.1,10.21,50.53,196.27,0.416,0.363,20.44,0.394,0.651,0.632,0.447,3.08,0.151,Mid attention,Scalable,windy,22.5,67.4,204.44,52.79,0.184,0.3782,5.37,0.188,45.97,0.3582,0.4685,0.4649,0.3378,0.9429
1994_473_Brazil,1994,473,Brazil,Russia,A,group_or_knockout,Adidas,win,3,1829,78.8,57.4,18.61,52.73,123.09,0.397,0.566,33.15,0.938,0.809,0.916,0.706,4.02,0.121,Mid attention,Premium,hot,20.4,50.9,144.59,64.22,0.299,0.4348,3.78,0.206,41.41,0.3404,0.3515,0.5047,0.6952,2.0422
1994_474_Netherlands,1994,474,Netherlands,Saudi Arabia,A,group_or_knockout,Hisense,win,3,1746,75.8,49.9,15.97,54.93,132.89,0.441,0.515,32.27,0.781,0.811,0.856,0.64,3.705,0.115,Mid attention,Premium,cloudy,5.3,73.7,212.28,101.27,0.091,0.1695,3.39,0.042,57.05,0.4256,0.5394,0.2474,0.6028,1.4165
1994_475_Argentina,1994,475,Argentina,Greece,A,group_or_knockout,Hyundai,win,3,1753,76.8,58.0,19.5,57.13,163.73,0.498,0.634,30.74,0.903,0.813,0.936,0.738,4.16,0.135,Mid attention,Premium,cloudy,15.5,62.5,113.11,109.04,0.083,0.4543,6.28,0.208,46.2,0.4813,0.4011,0.4481,0.7524,1.5632
1994_476_Germany,1994,476,Germany,Spain,A,group_or_knockout,Coca-Cola,draw,1,1798,81.3,65.9,22.15,52.73,150.7,0.413,0.672,29.19,0.759,0.859,0.907,0.621,4.008,0.137,High attention,Premium,windy,29.7,46.8,141.43,86.22,0.278,0.1863,-0.63,0.223,47.55,0.3956,0.3339,0.3528,0.7437,1.8802
1994_477_Nigeria,1994,477,Nigeria,Bulgaria,A,group_or_knockout,Coca-Cola,win,3,1585,75.3,31.3,8.19,54.93,168.81,0.488,0.325,26.63,0.705,0.744,0.906,0.551,3.445,0.129,Low attention,Scalable,clear,19.0,44.1,214.5,67.65,0.11,0.2857,5.41,0.191,58.3,0.4008,0.5826,0.3544,0.5457,1.3616
1994_478_Romania,1994,478,Romania,Switzerland,A,group_or_knockout,Qatar Airways,loss,0,1634,73.6,37.4,11.0,59.33,304.53,0.566,0.485,19.84,0.414,0.75,0.711,0.427,3.395,0.171,Mid attention,Scalable,clear,25.2,31.6,263.92,93.64,0.115,0.2665,1.8,0.182,62.27,0.5849,0.6066,0.4328,0.5223,0.8929
1994_479_United_States,1994,479,United States,Colombia,A,group_or_knockout,Vivo,win,3,1578,71.9,31.0,12.75,54.93,172.47,0.462,0.447,22.58,0.432,0.676,0.652,0.5,3.157,0.14,Mid attention,Scalable,cloudy,14.7,62.7,136.01,50.51,0.119,0.2165,5.1,0.167,55.51,0.377,0.4828,0.3161,0.362,0.9602
1994_480_Italy,1994,480,Italy,Norway,A,group_or_knockout,Visa,win,3,1755,77.8,61.6,11.04,50.53,74.2,0.419,0.332,33.4,0.799,0.761,0.842,0.573,3.45,0.103,Mid attention,Scalable,clear,31.6,52.3,121.52,90.26,0.15,0.1648,3.05,0.142,52.04,0.3233,0.4094,0.2322,0.4979,1.5399
1994_481_South_Korea,1994,481,South Korea,Bolivia,A,group_or_knockout,McDonald's,draw,1,1548,70.3,20.2,12.83,48.33,151.32,0.38,0.399,25.44,0.51,0.67,0.723,0.427,3.14,0.123,Mid attention,Scalable,clear,22.1,20.0,167.32,82.09,-0.001,0.2512,0.19,0.112,49.03,0.3492,0.3824,0.2715,0.3588,1.0275
1994_482_Brazil,1994,482,Brazil,Cameroon,A,group_or_knockout,Adidas,win,3,1829,78.8,57.4,18.61,54.93,158.64,0.492,0.595,33.15,0.938,0.809,0.916,0.734,4.118,0.124,Mid attention,Premium,clear,24.7,49.4,141.22,50.99,0.102,0.2059,1.76,0.188,55.53,0.3672,0.4373,0.2927,0.7188,1.9573
1994_483_Mexico,1994,483,Mexico,Republic of Ireland,A,group_or_knockout,Hyundai,win,3,1612,72.1,37.6,18.89,54.93,158.89,0.455,0.603,28.5,0.853,0.712,0.897,0.701,3.841,0.135,Mid attention,Premium,cloudy,37.0,43.6,154.3,107.78,0.179,0.4235,4.95,0.196,49.76,0.4554,0.4486,0.4676,0.6083,1.3357
1994_484_Sweden,1994,484,Sweden,Russia,A,group_or_knockout,Budweiser,win,3,1654,74.4,39.2,19.34,57.13,174.9,0.504,0.635,26.29,0.687,0.705,0.91,0.666,3.765,0.143,Mid attention,Premium,clear,32.1,83.2,213.67,108.12,0.179,0.2497,2.36,0.244,45.14,0.4884,0.4244,0.3657,0.6045,1.2378
1994_485_Argentina,1994,485,Argentina,Nigeria,A,group_or_knockout,Hyundai,win,3,1753,76.8,58.0,19.5,54.93,155.72,0.449,0.618,30.74,0.903,0.813,0.936,0.722,4.026,0.131,Mid attention,Premium,clear,21.2,30.8,144.03,71.45,0.272,0.3094,1.49,0.17,51.58,0.3967,0.4024,0.433,0.7203,1.8156
1994_486_Belgium,1994,486,Belgium,Netherlands,A,group_or_knockout,Visa,win,3,1674,71.5,40.4,23.19,50.53,142.29,0.388,0.682,26.85,0.713,0.72,0.914,0.671,3.668,0.137,High attention,Premium,clear,19.4,34.9,92.87,87.21,0.34,0.2463,1.48,0.19,40.24,0.3705,0.2598,0.4135,0.5884,1.5882
1994_487_Saudi_Arabia,1994,487,Saudi Arabia,Morocco,A,group_or_knockout,Visa,win,3,1543,68.2,34.6,13.01,54.93,186.37,0.449,0.46,27.16,0.698,0.648,0.864,0.593,3.535,0.13,Mid attention,Scalable,clear,21.0,75.8,119.2,92.39,0.307,0.1981,4.15,0.264,52.12,0.4525,0.4245,0.3965,0.4864,1.0749
1994_488_Bulgaria,1994,488,Bulgaria,Greece,A,group_or_knockout,Hisense,win,3,1502,65.2,28.9,10.5,57.13,140.27,0.477,0.387,33.88,0.787,0.675,0.918,0.601,3.089,0.091,Mid attention,Scalable,hot,26.1,79.7,172.06,62.05,0.248,0.2643,6.48,0.179,54.11,0.3906,0.5247,0.3831,0.3829,0.9803
1994_489_Switzerland,1994,489,Switzerland,Colombia,A,group_or_knockout,Adidas,loss,0,1632,72.7,48.1,17.05,52.73,115.56,0.376,0.522,31.4,0.904,0.774,0.888,0.574,3.755,0.12,Mid attention,Scalable,clear,22.4,46.1,99.42,60.7,0.141,0.1559,-1.7,0.223,44.52,0.3292,0.2539,0.2495,0.6077,1.8458
1994_490_United_States,1994,490,United States,Romania,A,group_or_knockout,Vivo,loss,0,1578,71.9,31.0,12.75,50.53,336.71,0.538,0.491,22.58,0.432,0.676,0.652,0.43,3.308,0.147,Mid attention,Scalable,rain,20.6,47.9,140.93,90.36,0.094,0.2576,8.68,0.186,53.68,0.5234,0.5259,0.4388,0.4016,0.7672
1994_491_Bolivia,1994,491,Bolivia,Spain,A,group_or_knockout,Qatar Airways,loss,0,1404,64.1,13.8,5.97,57.13,133.61,0.491,0.265,24.48,0.462,0.575,0.669,0.346,2.748,0.112,Low attention,Watchlist,rain,31.8,67.9,121.18,120.75,0.158,0.2368,3.23,0.222,59.04,0.4765,0.471,0.3211,0.1834,0.3849
1994_492_Germany,1994,492,Germany,South Korea,A,group_or_knockout,Coca-Cola,win,3,1798,81.3,65.9,22.15,59.33,174.37,0.522,0.722,29.19,0.759,0.859,0.907,0.727,4.157,0.142,High attention,Premium,clear,22.3,20.8,268.57,97.85,0.215,0.2248,4.02,0.221,58.23,0.4923,0.6102,0.3652,0.7801,1.5847
1994_493_Brazil,1994,493,Brazil,Sweden,A,group_or_knockout,Adidas,draw,1,1829,78.8,57.4,18.61,52.73,99.13,0.381,0.556,33.15,0.938,0.809,0.916,0.632,3.99,0.12,Mid attention,Premium,hot,36.8,28.2,272.18,86.38,0.238,0.2015,1.88,0.164,58.71,0.3565,0.5852,0.3112,0.6879,1.9294
1994_494_Republic_of_Ireland,1994,494,Republic of Ireland,Norway,A,group_or_knockout,McDonald's,draw,1,1503,66.8,21.0,11.42,48.33,142.69,0.38,0.358,22.06,0.441,0.646,0.669,0.388,3.108,0.141,Mid attention,Scalable,rain,23.5,53.5,111.44,84.13,0.219,0.27,2.79,0.136,42.69,0.3458,0.3172,0.3755,0.3406,0.9851
1994_495_Italy,1994,495,Italy,Mexico,A,group_or_knockout,Visa,draw,1,1755,77.8,61.6,11.04,52.73,116.03,0.392,0.364,33.4,0.799,0.761,0.842,0.514,3.517,0.105,Mid attention,Scalable,cloudy,33.7,82.8,168.91,77.66,0.144,0.2582,3.2,0.215,46.1,0.3559,0.4045,0.3173,0.5139,1.4441
1994_496_Russia,1994,496,Russia,Cameroon,A,group_or_knockout,Hyundai,win,3,1676,72.7,49.8,18.23,63.73,160.9,0.579,0.64,26.07,0.814,0.69,0.874,0.724,4.133,0.159,Mid attention,Premium,clear,25.1,51.0,150.59,61.85,0.235,0.3364,0.6,0.156,53.92,0.4667,0.4147,0.4374,0.6759,1.4482
1994_497_Belgium,1994,497,Belgium,Saudi Arabia,A,group_or_knockout,Visa,loss,0,1674,71.5,40.4,23.19,50.53,193.48,0.376,0.704,26.85,0.713,0.72,0.914,0.578,3.802,0.142,High attention,Scalable,clear,28.8,59.6,140.5,71.52,0.282,0.1342,1.11,0.268,49.32,0.3851,0.3743,0.3488,0.6218,1.6145
1994_498_Morocco,1994,498,Morocco,Netherlands,A,group_or_knockout,Mengniu,loss,0,1552,69.2,34.3,12.67,54.93,179.15,0.457,0.448,19.44,0.366,0.668,0.598,0.377,3.094,0.159,Mid attention,Watchlist,windy,18.7,76.1,259.03,113.72,0.244,0.0997,5.29,0.214,46.91,0.4801,0.5249,0.3003,0.3495,0.728
1994_499_Argentina,1994,499,Argentina,Bulgaria,A,group_or_knockout,Hyundai,loss,0,1753,76.8,58.0,19.5,52.73,176.68,0.385,0.613,30.74,0.903,0.813,0.936,0.609,4.078,0.133,Mid attention,Scalable,rain,17.9,91.7,140.97,102.64,0.153,0.307,-0.46,0.167,57.62,0.4408,0.4212,0.3924,0.7333,1.6637
1994_500_Greece,1994,500,Greece,Nigeria,A,group_or_knockout,Budweiser,loss,0,1521,66.0,32.8,9.21,52.73,91.77,0.343,0.305,30.87,0.736,0.686,0.866,0.428,3.246,0.105,Low attention,Scalable,windy,25.8,48.8,147.48,111.03,0.073,0.1612,3.73,0.135,46.91,0.3891,0.3999,0.2073,0.4204,1.0805
1994_501_Germany,1994,501,Germany,Belgium,A,group_or_knockout,Coca-Cola,win,3,1798,81.3,65.9,22.15,59.33,283.57,0.621,0.77,29.19,0.759,0.859,0.907,0.763,4.254,0.146,High attention,Premium,hot,28.9,57.7,140.82,65.18,0.07,0.4281,2.02,0.161,56.76,0.5248,0.4513,0.5037,0.8049,1.5336
1994_502_Spain,1994,502,Spain,Switzerland,A,group_or_knockout,Budweiser,win,3,1708,77.4,45.2,19.26,54.93,112.43,0.447,0.592,27.85,0.714,0.724,0.933,0.648,3.751,0.135,Mid attention,Premium,clear,23.2,87.2,219.78,85.57,0.088,0.1001,0.78,0.113,53.32,0.3856,0.4753,0.1879,0.612,1.587
1994_503_Romania,1994,503,Romania,Argentina,A,group_or_knockout,Qatar Airways,win,3,1634,73.6,37.4,11.0,59.33,260.11,0.548,0.466,19.84,0.414,0.75,0.711,0.517,3.351,0.169,Mid attention,Scalable,rain,15.3,33.6,78.83,98.5,0.182,0.2797,6.94,0.231,52.85,0.5586,0.4361,0.4421,0.5108,0.9144
1994_504_Saudi_Arabia,1994,504,Saudi Arabia,Sweden,A,group_or_knockout,Visa,loss,0,1543,68.2,34.6,13.01,57.13,217.32,0.474,0.487,27.16,0.698,0.648,0.864,0.508,3.557,0.131,Mid attention,Scalable,cloudy,14.8,74.4,153.64,67.01,0.208,0.2583,0.8,0.24,59.75,0.457,0.4698,0.4118,0.4921,1.0769
1994_505_Netherlands,1994,505,Netherlands,Republic of Ireland,A,group_or_knockout,Hisense,win,3,1746,75.8,49.9,15.97,52.73,177.12,0.368,0.52,32.27,0.781,0.811,0.856,0.63,3.758,0.116,Mid attention,Premium,rain,14.4,41.7,156.6,61.23,0.015,0.3812,0.43,0.121,54.27,0.3769,0.4206,0.3795,0.6147,1.6307
1994_506_United_States,1994,506,United States,Brazil,A,group_or_knockout,Vivo,loss,0,1578,71.9,31.0,12.75,50.53,113.66,0.359,0.394,22.58,0.432,0.676,0.652,0.361,2.99,0.132,Mid attention,Watchlist,clear,12.4,59.6,128.68,96.85,0.106,0.2236,2.41,0.119,53.25,0.3636,0.4164,0.2765,0.3179,0.8745
1994_507_Mexico,1994,507,Mexico,Bulgaria,A,group_or_knockout,Hyundai,draw,1,1612,72.1,37.6,18.89,52.73,157.22,0.493,0.589,28.5,0.853,0.712,0.897,0.636,3.782,0.133,Mid attention,Premium,clear,23.7,54.1,196.58,93.51,0.181,0.1641,1.19,0.215,52.63,0.4118,0.4545,0.2997,0.5939,1.442
1994_508_Nigeria,1994,508,Nigeria,Italy,A,group_or_knockout,Coca-Cola,loss,0,1585,75.3,31.3,8.19,54.93,137.58,0.451,0.312,26.63,0.705,0.744,0.906,0.439,3.313,0.124,Low attention,Scalable,rain,29.8,42.7,222.87,95.65,0.066,0.2339,2.81,0.05,51.95,0.4204,0.4972,0.2811,0.5127,1.2195
1994_509_Italy,1994,509,Italy,Spain,A,group_or_knockout,Visa,win,3,1755,77.8,61.6,11.04,54.93,158.25,0.437,0.396,33.4,0.799,0.761,0.842,0.601,3.52,0.105,Mid attention,Scalable,rain,22.9,42.3,115.94,68.5,0.2,0.2236,3.13,0.199,51.72,0.3941,0.4028,0.3473,0.5145,1.3057
1994_510_Netherlands,1994,510,Netherlands,Brazil,A,group_or_knockout,Hisense,loss,0,1746,75.8,49.9,15.97,59.33,158.09,0.514,0.552,32.27,0.781,0.811,0.856,0.568,3.704,0.115,Mid attention,Scalable,cloudy,9.4,62.4,300.81,92.48,0.125,0.2862,3.29,0.182,61.58,0.4716,0.6568,0.3544,0.6026,1.2779
1994_511_Bulgaria,1994,511,Bulgaria,Germany,A,group_or_knockout,Hisense,win,3,1502,65.2,28.9,10.5,54.93,88.7,0.364,0.351,33.88,0.787,0.675,0.918,0.567,2.925,0.086,Mid attention,Scalable,clear,21.9,73.9,115.61,51.08,0.084,0.2346,2.54,0.102,50.3,0.3141,0.3816,0.2576,0.3435,1.0936
1994_512_Romania,1994,512,Romania,Sweden,A,group_or_knockout,Qatar Airways,draw,1,1634,73.6,37.4,11.0,57.13,223.5,0.511,0.436,19.84,0.414,0.75,0.711,0.432,3.297,0.166,Mid attention,Scalable,clear,22.0,55.9,236.86,61.07,0.162,0.4073,1.33,0.219,53.55,0.4525,0.5011,0.4918,0.496,1.0961
1994_513_Bulgaria,1994,513,Bulgaria,Italy,A,group_or_knockout,Hisense,loss,0,1502,65.2,28.9,10.5,54.93,153.45,0.452,0.379,33.88,0.787,0.675,0.918,0.493,3.02,0.089,Mid attention,Scalable,windy,35.6,59.1,171.32,86.44,0.195,0.295,4.15,0.187,46.08,0.4182,0.4209,0.3881,0.3665,0.8763
1994_514_Sweden,1994,514,Sweden,Brazil,A,group_or_knockout,Budweiser,loss,0,1654,74.4,39.2,19.34,50.53,126.07,0.38,0.573,26.29,0.687,0.705,0.91,0.52,3.606,0.137,Mid attention,Scalable,cloudy,14.3,67.1,133.84,65.82,0.071,0.2432,2.57,0.107,51.78,0.325,0.4111,0.2818,0.5647,1.7379
1994_515_Sweden,1994,515,Sweden,Bulgaria,A,group_or_knockout,Budweiser,win,3,1654,74.4,39.2,19.34,57.13,139.55,0.487,0.62,26.29,0.687,0.705,0.91,0.657,3.771,0.143,Mid attention,Premium,cloudy,20.7,42.5,154.93,123.14,0.132,0.3264,1.76,0.197,46.14,0.4847,0.3704,0.3714,0.6057,1.2495
1994_516_Brazil,1994,516,Brazil,Italy,A,group_or_knockout,Adidas,draw,1,1829,78.8,57.4,18.61,48.33,152.69,0.384,0.552,33.15,0.938,0.809,0.916,0.631,3.996,0.121,Mid attention,Premium,cloudy,33.2,69.8,143.98,73.12,0.203,0.2011,5.91,0.143,54.93,0.3363,0.4974,0.3304,0.6905,2.053
1998_517_Brazil,1998,517,Brazil,Scotland,A,group_or_knockout,Adidas,win,3,1829,78.8,57.4,18.61,56.39,125.47,0.466,0.59,33.15,0.938,0.809,0.916,0.727,4.111,0.124,Mid attention,Premium,clear,25.7,71.1,178.47,56.88,0.08,0.2268,2.55,0.16,46.9,0.3645,0.4102,0.2748,0.7174,1.9681
1998_518_Morocco,1998,518,Morocco,Norway,A,group_or_knockout,Mengniu,draw,1,1552,69.2,34.3,12.67,58.59,89.04,0.429,0.431,19.44,0.366,0.668,0.598,0.399,3.11,0.16,Mid attention,Scalable,cloudy,26.4,96.0,139.84,54.09,-0.01,0.2151,5.09,0.016,53.78,0.3527,0.4716,0.2036,0.354,1.0039
1998_519_Cameroon,1998,519,Cameroon,Austria,A,group_or_knockout,Coca-Cola,draw,1,1542,68.0,29.1,10.52,54.19,173.55,0.479,0.384,31.97,0.771,0.693,0.92,0.528,3.273,0.102,Mid attention,Scalable,cloudy,23.7,52.0,153.55,99.86,0.003,0.1037,5.38,0.092,46.91,0.4475,0.4303,0.1925,0.4469,0.9987
1998_520_Italy,1998,520,Italy,Chile,A,group_or_knockout,Visa,draw,1,1755,77.8,61.6,11.04,58.59,193.62,0.561,0.433,33.4,0.799,0.761,0.842,0.571,3.63,0.109,Mid attention,Scalable,hot,25.0,50.7,145.17,65.79,0.114,0.1736,5.5,0.141,51.83,0.4505,0.4661,0.2999,0.5418,1.2028
1998_521_France,1998,521,France,South Africa,A,group_or_knockout,Qatar Airways,win,3,1748,77.8,46.5,18.67,56.39,152.38,0.438,0.603,24.02,0.51,0.801,0.711,0.582,3.733,0.155,Mid attention,Scalable,hot,27.7,70.3,125.03,64.52,0.024,0.1706,4.25,0.079,50.53,0.3969,0.4179,0.2312,0.6009,1.514
1998_522_Paraguay,1998,522,Paraguay,Bulgaria,A,group_or_knockout,Hyundai,draw,1,1578,69.9,30.5,12.88,49.79,103.17,0.334,0.389,26.2,0.812,0.667,0.921,0.517,3.739,0.143,Mid attention,Scalable,windy,18.1,71.1,121.93,72.24,0.121,0.1768,2.8,0.156,51.71,0.3107,0.4032,0.2461,0.5788,1.8632
1998_523_Saudi_Arabia,1998,523,Saudi Arabia,Denmark,A,group_or_knockout,Visa,loss,0,1543,68.2,34.6,13.01,51.99,152.32,0.452,0.427,27.16,0.698,0.648,0.864,0.481,3.44,0.127,Mid attention,Scalable,cloudy,28.3,49.4,117.16,64.64,0.323,0.2413,2.67,0.237,43.86,0.3565,0.3305,0.4093,0.4634,1.2998
1998_524_South_Korea,1998,524,South Korea,Mexico,A,group_or_knockout,McDonald's,loss,0,1548,70.3,20.2,12.83,58.59,111.11,0.457,0.445,25.44,0.51,0.67,0.723,0.425,3.156,0.124,Mid attention,Scalable,cloudy,14.8,51.5,158.46,99.69,0.018,0.3113,2.29,0.148,51.27,0.4402,0.425,0.2926,0.3633,0.8254
1998_525_Netherlands,1998,525,Netherlands,Belgium,A,group_or_knockout,Hisense,draw,1,1746,75.8,49.9,15.97,49.79,106.72,0.399,0.472,32.27,0.781,0.811,0.856,0.55,3.599,0.112,Mid attention,Scalable,rain,25.0,66.7,166.66,76.25,0.128,0.4049,-1.75,0.189,40.65,0.3196,0.2816,0.3989,0.5777,1.8076
1998_526_Spain,1998,526,Spain,Nigeria,A,group_or_knockout,Budweiser,loss,0,1708,77.4,45.2,19.26,60.79,140.78,0.495,0.641,27.85,0.714,0.724,0.933,0.575,3.845,0.138,Mid attention,Scalable,hot,24.1,44.8,188.22,63.52,0.369,0.1988,4.31,0.272,54.67,0.4269,0.5113,0.3947,0.6348,1.4868
1998_527_Argentina,1998,527,Argentina,Japan,A,group_or_knockout,Hyundai,win,3,1753,76.8,58.0,19.5,51.99,188.17,0.479,0.614,30.74,0.903,0.813,0.936,0.726,4.062,0.132,Mid attention,Premium,cloudy,19.3,51.4,255.86,99.83,0.197,0.2253,3.31,0.192,58.17,0.4384,0.5874,0.3666,0.7288,1.6625
1998_528_Jamaica,1998,528,Jamaica,Croatia,A,group_or_knockout,Adidas,loss,0,1562,70.7,37.4,8.73,58.59,151.26,0.492,0.354,33.24,0.901,0.601,0.904,0.53,3.54,0.106,Mid attention,Scalable,rain,22.9,59.4,101.29,85.17,0.119,0.3489,4.53,0.142,53.72,0.4482,0.4275,0.3878,0.4394,0.9804
1998_529_Serbia,1998,529,Serbia,Iran,A,group_or_knockout,Vivo,win,3,1559,68.8,36.3,15.31,51.99,131.06,0.409,0.478,23.55,0.481,0.729,0.727,0.519,3.169,0.135,Mid attention,Scalable,rain,19.3,73.9,175.63,88.08,0.141,0.1437,2.55,0.137,55.1,0.3767,0.4769,0.2517,0.4208,1.1171
1998_530_England,1998,530,England,Tunisia,A,group_or_knockout,McDonald's,win,3,1695,76.6,52.6,19.34,54.19,267.68,0.558,0.657,20.29,0.432,0.819,0.654,0.597,3.679,0.181,Mid attention,Scalable,rain,16.6,48.3,163.06,49.05,0.199,0.4381,4.2,0.213,51.28,0.4405,0.4581,0.5569,0.6154,1.3972
1998_531_Germany,1998,531,Germany,United States,A,group_or_knockout,Coca-Cola,win,3,1798,81.3,65.9,22.15,54.19,170.92,0.442,0.689,29.19,0.759,0.859,0.907,0.7,4.083,0.14,High attention,Premium,rain,20.9,28.5,199.62,92.9,0.326,0.4756,-0.09,0.258,51.04,0.4347,0.4245,0.5743,0.7627,1.7544
1998_532_Romania,1998,532,Romania,Colombia,A,group_or_knockout,Qatar Airways,win,3,1634,73.6,37.4,11.0,51.99,163.36,0.397,0.379,19.84,0.414,0.75,0.711,0.456,3.185,0.161,Mid attention,Scalable,clear,16.4,27.3,186.82,65.91,0.103,0.193,0.34,0.176,55.97,0.3669,0.4611,0.2878,0.4669,1.2725
1998_533_Brazil,1998,533,Brazil,Morocco,A,group_or_knockout,Adidas,win,3,1829,78.8,57.4,18.61,56.39,145.3,0.448,0.598,33.15,0.938,0.809,0.916,0.727,4.08,0.123,Mid attention,Premium,cloudy,24.9,37.8,162.56,86.99,0.08,0.1082,-2.4,0.121,44.53,0.4263,0.3009,0.211,0.7099,1.6652
1998_534_Scotland,1998,534,Scotland,Norway,A,group_or_knockout,Budweiser,draw,1,1529,67.9,31.6,17.66,54.19,131.04,0.439,0.554,26.35,0.683,0.686,0.905,0.555,3.568,0.135,Mid attention,Scalable,cloudy,16.1,37.0,169.98,69.74,0.018,0.2139,2.52,0.113,59.14,0.3685,0.5055,0.2426,0.5402,1.466
1998_535_Chile,1998,535,Chile,Austria,A,group_or_knockout,Hisense,draw,1,1622,72.9,38.6,16.65,54.19,83.96,0.352,0.507,27.36,0.7,0.681,0.911,0.527,3.558,0.13,Mid attention,Scalable,clear,27.3,55.5,135.16,118.95,0.167,0.3371,1.18,0.129,51.73,0.4089,0.3909,0.3575,0.5304,1.2973
1998_536_Italy,1998,536,Italy,Cameroon,A,group_or_knockout,Visa,win,3,1755,77.8,61.6,11.04,56.39,211.36,0.521,0.428,33.4,0.799,0.761,0.842,0.628,3.66,0.11,Mid attention,Premium,hot,15.9,39.0,197.49,67.67,0.016,0.4141,0.9,0.153,51.11,0.4467,0.4381,0.4236,0.5492,1.2295
1998_537_France,1998,537,France,Saudi Arabia,A,group_or_knockout,Qatar Airways,win,3,1748,77.8,46.5,18.67,58.59,189.82,0.499,0.633,24.02,0.51,0.801,0.711,0.604,3.77,0.157,Mid attention,Scalable,cloudy,19.6,46.8,110.04,122.26,0.11,0.3566,3.5,0.135,64.83,0.5351,0.5139,0.414,0.6109,1.1417
1998_538_South_Africa,1998,538,South Africa,Denmark,A,group_or_knockout,Qatar Airways,draw,1,1530,68.0,32.2,12.38,54.19,147.28,0.468,0.422,26.15,0.519,0.668,0.76,0.454,3.013,0.115,Mid attention,Scalable,clear,19.3,45.6,197.69,113.44,0.065,0.398,1.91,0.102,48.9,0.4486,0.4349,0.393,0.3355,0.7479
1998_539_Nigeria,1998,539,Nigeria,Bulgaria,A,group_or_knockout,Coca-Cola,win,3,1585,75.3,31.3,8.19,51.99,142.97,0.344,0.296,26.63,0.705,0.744,0.906,0.514,3.353,0.126,Low attention,Scalable,rain,31.0,51.0,155.28,75.25,0.264,0.1371,-0.21,0.262,58.85,0.3659,0.4484,0.3097,0.5233,1.4304
1998_540_Spain,1998,540,Spain,Paraguay,A,group_or_knockout,Budweiser,draw,1,1708,77.4,45.2,19.26,49.79,174.85,0.384,0.588,27.85,0.714,0.724,0.933,0.568,3.832,0.138,Mid attention,Scalable,rain,25.0,79.2,132.43,64.49,0.105,0.1191,8.14,0.155,55.62,0.3532,0.5264,0.2485,0.6322,1.7897
1998_541_Belgium,1998,541,Belgium,Mexico,A,group_or_knockout,Visa,draw,1,1674,71.5,40.4,23.19,58.59,108.34,0.415,0.717,26.85,0.713,0.72,0.914,0.623,3.784,0.141,High attention,Premium,rain,21.7,68.6,166.07,81.75,0.196,0.1563,2.72,0.209,51.35,0.4103,0.4391,0.2694,0.6169,1.5036
1998_542_Japan,1998,542,Japan,Croatia,A,group_or_knockout,Adidas,loss,0,1586,72.8,37.0,11.9,51.99,125.95,0.376,0.386,29.47,0.859,0.648,0.855,0.506,3.646,0.124,Mid attention,Scalable,clear,26.0,58.3,150.09,113.66,-0.004,0.3353,0.53,0.119,46.93,0.4124,0.3541,0.308,0.4969,1.2047
1998_543_Netherlands,1998,543,Netherlands,South Korea,A,group_or_knockout,Hisense,win,3,1746,75.8,49.9,15.97,60.79,126.38,0.504,0.548,32.27,0.781,0.811,0.856,0.664,3.755,0.116,Mid attention,Premium,hot,10.4,50.6,252.59,103.61,0.169,0.359,1.39,0.179,65.19,0.4781,0.6148,0.4003,0.6141,1.2845
1998_544_Argentina,1998,544,Argentina,Jamaica,A,group_or_knockout,Hyundai,win,3,1753,76.8,58.0,19.5,60.79,285.27,0.596,0.71,30.74,0.903,0.813,0.936,0.784,4.251,0.138,High attention,Premium,clear,22.7,51.1,409.85,97.76,0.036,0.3463,2.44,0.111,51.7,0.59,0.6596,0.4368,0.7745,1.3127
1998_545_Germany,1998,545,Germany,Serbia,A,group_or_knockout,Coca-Cola,draw,1,1798,81.3,65.9,22.15,58.59,213.95,0.523,0.735,29.19,0.759,0.859,0.907,0.665,4.213,0.144,High attention,Premium,cloudy,35.0,63.2,238.78,55.47,0.114,0.3909,2.43,0.189,61.14,0.45,0.5836,0.4537,0.794,1.7646
1998_546_United_States,1998,546,United States,Iran,A,group_or_knockout,Vivo,loss,0,1578,71.9,31.0,12.75,56.39,86.97,0.418,0.419,22.58,0.432,0.676,0.652,0.381,3.051,0.135,Mid attention,Scalable,clear,23.8,67.3,147.08,112.9,0.377,0.3211,5.53,0.313,46.61,0.422,0.4242,0.4422,0.3342,0.7918
1998_547_Colombia,1998,547,Colombia,Tunisia,A,group_or_knockout,Vivo,win,3,1650,74.7,50.9,8.73,51.99,97.24,0.385,0.29,18.25,0.396,0.764,0.653,0.414,3.31,0.181,Low attention,Scalable,cloudy,23.4,43.5,182.82,52.46,0.249,0.3798,2.63,0.218,44.4,0.2957,0.3942,0.4301,0.5059,1.7108
1998_548_Romania,1998,548,Romania,England,A,group_or_knockout,Qatar Airways,win,3,1634,73.6,37.4,11.0,56.39,155.28,0.439,0.402,19.84,0.414,0.75,0.711,0.473,3.245,0.164,Mid attention,Scalable,rain,26.3,58.6,200.46,54.19,0.143,0.1755,6.7,0.227,54.14,0.3831,0.5541,0.289,0.4829,1.2607
1998_549_Brazil,1998,549,Brazil,Norway,A,group_or_knockout,Adidas,loss,0,1829,78.8,57.4,18.61,56.39,141.18,0.477,0.597,33.15,0.938,0.809,0.916,0.632,4.078,0.123,Mid attention,Premium,cloudy,28.4,25.5,134.42,70.9,0.476,0.4196,1.89,0.319,59.13,0.3982,0.4635,0.5851,0.7095,1.7816
1998_550_Chile,1998,550,Chile,Cameroon,A,group_or_knockout,Hisense,draw,1,1622,72.9,38.6,16.65,54.19,106.88,0.429,0.517,27.36,0.7,0.681,0.911,0.545,3.637,0.133,Mid attention,Scalable,cloudy,11.0,61.4,118.78,82.29,0.065,0.2227,3.7,0.072,56.69,0.3695,0.456,0.2533,0.5502,1.489
1998_551_Italy,1998,551,Italy,Austria,A,group_or_knockout,Visa,win,3,1755,77.8,61.6,11.04,56.39,277.78,0.557,0.457,33.4,0.799,0.761,0.842,0.645,3.66,0.11,Mid attention,Premium,rain,12.9,70.2,166.75,116.38,0.273,0.2978,4.95,0.161,56.35,0.5727,0.5157,0.5056,0.5492,0.9588
1998_552_Scotland,1998,552,Scotland,Morocco,A,group_or_knockout,Budweiser,loss,0,1529,67.9,31.6,17.66,56.39,175.88,0.495,0.587,26.35,0.683,0.686,0.905,0.544,3.635,0.138,Mid attention,Scalable,rain,24.3,53.5,207.31,108.67,0.003,0.2645,5.31,0.037,49.51,0.4832,0.5002,0.2979,0.5576,1.154
1998_553_France,1998,553,France,Denmark,A,group_or_knockout,Qatar Airways,win,3,1748,77.8,46.5,18.67,56.39,184.06,0.494,0.617,24.02,0.51,0.801,0.711,0.597,3.725,0.155,Mid attention,Scalable,clear,18.7,87.1,113.22,65.24,0.132,0.2225,5.55,0.137,52.42,0.4221,0.4428,0.3333,0.5993,1.4197
1998_554_Nigeria,1998,554,Nigeria,Paraguay,A,group_or_knockout,Coca-Cola,loss,0,1585,75.3,31.3,8.19,58.59,137.94,0.536,0.334,26.63,0.705,0.744,0.906,0.463,3.41,0.128,Mid attention,Scalable,windy,30.9,43.9,146.99,81.07,0.021,0.1809,2.23,0.09,50.89,0.4317,0.4104,0.2271,0.5374,1.2447
1998_555_South_Africa,1998,555,South Africa,Saudi Arabia,A,group_or_knockout,Qatar Airways,draw,1,1530,68.0,32.2,12.38,58.59,204.96,0.522,0.474,26.15,0.519,0.668,0.76,0.484,3.134,0.12,Mid attention,Scalable,rain,21.1,61.5,203.11,112.16,0.182,0.232,2.79,0.2,51.54,0.531,0.4754,0.3752,0.3663,0.6899
1998_556_Spain,1998,556,Spain,Bulgaria,A,group_or_knockout,Budweiser,win,3,1708,77.4,45.2,19.26,65.19,167.47,0.565,0.679,27.85,0.714,0.724,0.933,0.702,3.922,0.141,High attention,Premium,windy,11.4,57.4,197.9,103.34,0.162,0.2321,-2.41,0.165,58.43,0.5494,0.4504,0.3419,0.6542,1.1906
1998_557_Belgium,1998,557,Belgium,South Korea,A,group_or_knockout,Visa,draw,1,1674,71.5,40.4,23.19,54.19,143.05,0.413,0.705,26.85,0.713,0.72,0.914,0.618,3.815,0.142,High attention,Scalable,windy,15.4,56.4,231.96,61.06,0.125,0.3026,2.39,0.187,53.95,0.3642,0.516,0.3552,0.6244,1.7146
1998_558_Germany,1998,558,Germany,Iran,A,group_or_knockout,Coca-Cola,win,3,1798,81.3,65.9,22.15,54.19,183.75,0.432,0.695,29.19,0.759,0.859,0.907,0.7,4.145,0.142,High attention,Premium,hot,6.5,56.2,114.39,76.67,0.265,0.1676,5.09,0.208,46.32,0.4194,0.3853,0.3565,0.7778,1.8547
1998_559_Netherlands,1998,559,Netherlands,Mexico,A,group_or_knockout,Hisense,draw,1,1746,75.8,49.9,15.97,58.59,106.11,0.425,0.525,32.27,0.781,0.811,0.856,0.575,3.71,0.115,Mid attention,Scalable,rain,21.6,59.7,316.91,100.41,0.099,0.2296,4.68,0.138,46.6,0.4375,0.5658,0.2724,0.6038,1.3802
1998_560_United_States,1998,560,United States,Serbia,A,group_or_knockout,Vivo,loss,0,1578,71.9,31.0,12.75,51.99,232.34,0.443,0.455,22.58,0.432,0.676,0.652,0.399,3.12,0.138,Mid attention,Scalable,cloudy,21.9,71.6,106.33,112.57,0.189,0.1581,2.62,0.15,53.51,0.4918,0.4015,0.3484,0.352,0.7157
1998_561_Argentina,1998,561,Argentina,Croatia,A,group_or_knockout,Hyundai,win,3,1753,76.8,58.0,19.5,51.99,156.35,0.416,0.6,30.74,0.903,0.813,0.936,0.71,4.023,0.131,Mid attention,Premium,clear,20.5,80.0,94.04,91.52,0.238,0.0926,6.37,0.238,40.96,0.4013,0.3408,0.2782,0.7197,1.7935
1998_562_Colombia,1998,562,Colombia,England,A,group_or_knockout,Vivo,loss,0,1650,74.7,50.9,8.73,54.19,221.66,0.494,0.358,18.25,0.396,0.764,0.653,0.36,3.4,0.186,Mid attention,Watchlist,cloudy,29.5,58.0,160.42,49.91,0.008,0.2379,1.99,0.043,61.21,0.4067,0.5063,0.3128,0.5306,1.3045
1998_563_Japan,1998,563,Japan,Jamaica,A,group_or_knockout,Adidas,loss,0,1586,72.8,37.0,11.9,56.39,119.24,0.445,0.41,29.47,0.859,0.648,0.855,0.528,3.735,0.127,Mid attention,Scalable,rain,30.2,71.0,127.57,102.43,0.081,0.6866,1.3,0.186,51.1,0.4304,0.3805,0.5684,0.5186,1.2051
1998_564_Romania,1998,564,Romania,Tunisia,A,group_or_knockout,Qatar Airways,draw,1,1634,73.6,37.4,11.0,54.19,119.58,0.398,0.373,19.84,0.414,0.75,0.711,0.388,3.198,0.161,Mid attention,Scalable,cloudy,22.0,46.8,161.23,66.44,0.162,0.248,1.82,0.162,42.4,0.3546,0.3454,0.321,0.4695,1.3239
1998_565_Brazil,1998,565,Brazil,Chile,A,group_or_knockout,Adidas,win,3,1829,78.8,57.4,18.61,60.79,125.47,0.521,0.617,33.15,0.938,0.809,0.916,0.747,4.101,0.124,Mid attention,Premium,hot,10.2,70.3,179.29,122.84,0.219,0.1862,0.44,0.216,66.77,0.5072,0.5471,0.3101,0.7154,1.4105
1998_566_Italy,1998,566,Italy,Norway,A,group_or_knockout,Visa,win,3,1755,77.8,61.6,11.04,51.99,159.36,0.44,0.378,33.4,0.799,0.761,0.842,0.595,3.532,0.106,Mid attention,Scalable,clear,26.7,45.8,148.73,72.74,0.298,0.1719,4.11,0.221,51.78,0.3745,0.4479,0.358,0.5183,1.3841
1998_567_France,1998,567,France,Paraguay,A,group_or_knockout,Qatar Airways,win,3,1748,77.8,46.5,18.67,51.99,151.34,0.41,0.576,24.02,0.51,0.801,0.711,0.566,3.678,0.153,Mid attention,Scalable,clear,26.3,75.5,126.53,60.28,0.135,0.4233,3.41,0.174,55.85,0.349,0.4516,0.4431,0.5872,1.6823
1998_568_Nigeria,1998,568,Nigeria,Denmark,A,group_or_knockout,Coca-Cola,loss,0,1585,75.3,31.3,8.19,60.79,152.53,0.496,0.354,26.63,0.705,0.744,0.906,0.463,3.422,0.129,Mid attention,Scalable,cloudy,24.9,93.4,203.48,91.69,0.125,0.2108,4.08,0.138,56.94,0.4795,0.5409,0.302,0.5411,1.1285
1998_569_Germany,1998,569,Germany,Mexico,A,group_or_knockout,Coca-Cola,win,3,1798,81.3,65.9,22.15,56.39,121.31,0.46,0.681,29.19,0.759,0.859,0.907,0.7,4.089,0.14,High attention,Premium,cloudy,28.9,56.0,156.48,69.46,0.069,0.3237,1.93,0.184,51.17,0.3809,0.4169,0.3298,0.7639,2.0058
1998_570_Netherlands,1998,570,Netherlands,Serbia,A,group_or_knockout,Hisense,win,3,1746,75.8,49.9,15.97,56.39,113.03,0.444,0.515,32.27,0.781,0.811,0.856,0.641,3.685,0.114,Mid attention,Premium,clear,16.0,22.9,223.23,68.04,0.189,0.207,2.68,0.176,57.28,0.3723,0.5406,0.3021,0.5975,1.6046
1998_571_Argentina,1998,571,Argentina,England,A,group_or_knockout,Hyundai,draw,1,1753,76.8,58.0,19.5,58.59,165.17,0.458,0.644,30.74,0.903,0.813,0.936,0.668,4.057,0.132,Mid attention,Premium,clear,35.1,49.2,168.25,96.39,0.126,0.1118,-1.77,0.209,54.26,0.4762,0.3978,0.2467,0.7278,1.5283
1998_572_Romania,1998,572,Romania,Croatia,A,group_or_knockout,Qatar Airways,loss,0,1634,73.6,37.4,11.0,51.99,130.41,0.399,0.364,19.84,0.414,0.75,0.711,0.351,3.178,0.16,Mid attention,Watchlist,hot,17.2,77.7,122.72,98.65,0.129,0.3439,3.59,0.173,50.96,0.3926,0.4095,0.3754,0.4642,1.1824
1998_573_Brazil,1998,573,Brazil,Denmark,A,group_or_knockout,Adidas,win,3,1829,78.8,57.4,18.61,60.79,143.37,0.516,0.625,33.15,0.938,0.809,0.916,0.749,4.118,0.124,Mid attention,Premium,cloudy,27.5,66.8,119.76,120.69,0.147,0.1529,3.01,0.153,53.5,0.5175,0.4195,0.2684,0.7188,1.3889
1998_574_France,1998,574,France,Italy,A,group_or_knockout,Qatar Airways,draw,1,1748,77.8,46.5,18.67,49.79,219.42,0.41,0.592,24.02,0.51,0.801,0.711,0.505,3.631,0.151,Mid attention,Scalable,clear,12.9,62.0,143.28,70.55,0.211,0.1041,0.49,0.171,44.8,0.3966,0.3293,0.3148,0.5751,1.4503
1998_575_Germany,1998,575,Germany,Croatia,A,group_or_knockout,Coca-Cola,loss,0,1798,81.3,65.9,22.15,56.39,157.47,0.473,0.697,29.19,0.759,0.859,0.907,0.608,4.102,0.141,High attention,Scalable,clear,17.4,74.1,123.35,55.65,0.1,0.349,2.58,0.17,45.65,0.387,0.3499,0.3835,0.7679,1.9842
1998_576_Netherlands,1998,576,Netherlands,Argentina,A,group_or_knockout,Hisense,win,3,1746,75.8,49.9,15.97,56.39,229.96,0.476,0.566,32.27,0.781,0.811,0.856,0.666,3.748,0.116,Mid attention,Premium,cloudy,32.1,65.8,120.88,86.23,0.079,0.131,2.26,0.098,59.85,0.4896,0.4629,0.2806,0.6127,1.2515
1998_577_Brazil,1998,577,Brazil,Netherlands,A,group_or_knockout,Adidas,draw,1,1829,78.8,57.4,18.61,54.19,133.38,0.465,0.58,33.15,0.938,0.809,0.916,0.656,4.039,0.122,Mid attention,Premium,clear,21.4,77.5,185.74,79.33,0.199,0.2489,6.51,0.19,49.07,0.3851,0.4949,0.3469,0.7004,1.8186
1998_578_France,1998,578,France,Croatia,A,group_or_knockout,Qatar Airways,win,3,1748,77.8,46.5,18.67,56.39,172.57,0.512,0.612,24.02,0.51,0.801,0.711,0.598,3.716,0.155,Mid attention,Scalable,rain,28.0,72.7,108.62,65.19,-0.146,0.2776,0.57,0.033,63.78,0.4133,0.4594,0.2382,0.5975,1.4457
1998_579_Netherlands,1998,579,Netherlands,Croatia,A,group_or_knockout,Hisense,loss,0,1746,75.8,49.9,15.97,56.39,158.66,0.462,0.535,32.27,0.781,0.811,0.856,0.552,3.723,0.115,Mid attention,Scalable,rain,24.4,82.3,241.13,116.44,0.096,0.2253,3.5,0.148,49.26,0.4821,0.5015,0.3026,0.6064,1.2578
1998_580_France,1998,580,France,Brazil,A,group_or_knockout,Qatar Airways,win,3,1748,77.8,46.5,18.67,56.39,100.18,0.441,0.58,24.02,0.51,0.801,0.711,0.573,3.578,0.149,Mid attention,Scalable,clear,22.4,63.7,176.31,122.16,0.041,0.2987,0.51,0.131,53.63,0.4464,0.4343,0.2875,0.5619,1.2586
2002_581_France,2002,581,France,Senegal,A,group_or_knockout,Qatar Airways,loss,0,1748,77.8,46.5,18.67,53.45,227.85,0.415,0.618,24.02,0.51,0.801,0.711,0.483,3.659,0.152,Mid attention,Scalable,cloudy,31.2,72.5,158.82,51.7,0.277,0.2335,1.63,0.233,47.57,0.4074,0.384,0.4332,0.5821,1.4286
2002_582_Germany,2002,582,Germany,Saudi Arabia,A,group_or_knockout,Coca-Cola,win,3,1798,81.3,65.9,22.15,68.85,189.44,0.597,0.787,29.19,0.759,0.859,0.907,0.765,4.254,0.146,High attention,Premium,clear,21.6,53.1,159.69,133.19,0.112,0.1844,3.38,0.143,70.9,0.6461,0.6086,0.3033,0.8049,1.2458
2002_583_Republic_of_Ireland,2002,583,Republic of Ireland,Cameroon,A,group_or_knockout,McDonald's,draw,1,1503,66.8,21.0,11.42,55.65,195.99,0.477,0.426,22.06,0.441,0.646,0.669,0.431,3.25,0.147,Mid attention,Scalable,clear,12.3,48.4,202.39,96.8,0.1,0.2262,2.36,0.195,59.6,0.4733,0.5365,0.3293,0.377,0.7966
2002_584_Uruguay,2002,584,Uruguay,Denmark,A,group_or_knockout,Vivo,loss,0,1684,74.8,44.8,20.58,57.85,133.93,0.44,0.654,19.75,0.443,0.797,0.741,0.478,3.598,0.182,Mid attention,Scalable,hot,18.2,85.3,173.66,71.73,0.151,0.2019,2.79,0.174,55.27,0.4074,0.4802,0.2957,0.6196,1.521
2002_585_Argentina,2002,585,Argentina,Nigeria,A,group_or_knockout,Hyundai,win,3,1753,76.8,58.0,19.5,53.45,145.85,0.447,0.604,30.74,0.903,0.813,0.936,0.717,4.067,0.132,Mid attention,Premium,cloudy,26.3,61.5,135.26,92.24,0.097,0.2274,3.5,0.231,48.75,0.4078,0.4008,0.296,0.7298,1.7895
2002_586_England,2002,586,England,Sweden,A,group_or_knockout,McDonald's,draw,1,1695,76.6,52.6,19.34,55.65,124.76,0.493,0.604,20.29,0.432,0.819,0.654,0.499,3.494,0.172,Mid attention,Scalable,hot,25.4,70.9,175.75,59.39,0.116,0.1843,1.76,0.143,58.33,0.3611,0.4924,0.2628,0.5664,1.5687
2002_587_Paraguay,2002,587,Paraguay,South Africa,A,group_or_knockout,Hyundai,draw,1,1578,69.9,30.5,12.88,60.05,242.56,0.533,0.512,26.2,0.812,0.667,0.921,0.6,3.972,0.152,Mid attention,Scalable,clear,13.6,60.0,118.45,59.46,0.166,0.3621,4.66,0.216,50.98,0.4914,0.4219,0.4768,0.6374,1.2972
2002_588_Spain,2002,588,Spain,Slovenia,A,group_or_knockout,Budweiser,win,3,1708,77.4,45.2,19.26,60.05,187.24,0.506,0.656,27.85,0.714,0.724,0.933,0.683,3.906,0.14,Mid attention,Premium,clear,18.7,48.6,119.86,131.6,0.114,0.1241,2.16,0.108,59.8,0.561,0.46,0.2638,0.6496,1.1579
2002_589_Brazil,2002,589,Brazil,Turkey,A,group_or_knockout,Adidas,win,3,1829,78.8,57.4,18.61,57.85,183.21,0.508,0.624,33.15,0.938,0.809,0.916,0.748,4.143,0.125,Mid attention,Premium,cloudy,19.5,58.2,131.34,99.92,0.113,0.3972,2.6,0.211,60.4,0.4886,0.4822,0.4372,0.7251,1.484
2002_590_Croatia,2002,590,Croatia,Mexico,A,group_or_knockout,Hisense,loss,0,1671,75.1,52.8,21.52,53.45,223.42,0.522,0.691,28.53,0.731,0.792,0.927,0.605,3.793,0.133,High attention,Scalable,cloudy,20.8,81.0,175.24,65.7,0.055,0.1583,3.56,0.086,46.87,0.4258,0.4222,0.2834,0.6596,1.5492
2002_591_Italy,2002,591,Italy,Ecuador,A,group_or_knockout,Visa,win,3,1755,77.8,61.6,11.04,55.65,219.83,0.467,0.427,33.4,0.799,0.761,0.842,0.618,3.638,0.109,Mid attention,Scalable,windy,14.7,66.9,167.05,82.64,0.041,0.2858,3.28,0.134,56.54,0.4695,0.4923,0.3572,0.5434,1.1574
2002_592_China,2002,592,China,Costa Rica,A,group_or_knockout,Mengniu,loss,0,1388,65.6,13.7,7.63,55.65,197.03,0.492,0.327,22.33,0.405,0.58,0.661,0.351,2.813,0.126,Low attention,Watchlist,clear,19.2,30.6,217.31,118.82,0.162,0.1982,4.15,0.153,58.14,0.5082,0.5647,0.3393,0.2156,0.4241
2002_593_Japan,2002,593,Japan,Belgium,A,group_or_knockout,Adidas,draw,1,1586,72.8,37.0,11.9,60.05,115.25,0.532,0.431,29.47,0.859,0.648,0.855,0.585,3.766,0.128,Mid attention,Scalable,hot,18.6,54.6,143.33,88.29,0.187,0.3705,3.47,0.208,49.38,0.4391,0.413,0.4084,0.5262,1.1983
2002_594_South_Korea,2002,594,South Korea,Poland,A,group_or_knockout,McDonald's,win,3,1548,70.3,20.2,12.83,55.65,130.88,0.397,0.435,25.44,0.51,0.67,0.723,0.51,3.192,0.125,Mid attention,Scalable,hot,27.6,86.5,193.01,115.23,0.013,0.2753,3.78,0.095,49.9,0.4523,0.4673,0.28,0.3718,0.8221
2002_595_Germany,2002,595,Germany,Republic of Ireland,A,group_or_knockout,Coca-Cola,draw,1,1798,81.3,65.9,22.15,55.65,120.06,0.4,0.676,29.19,0.759,0.859,0.907,0.621,4.076,0.14,High attention,Premium,cloudy,27.9,54.6,162.49,112.94,0.232,0.2742,2.12,0.174,51.55,0.4405,0.4284,0.3692,0.7613,1.7284
2002_596_Russia,2002,596,Russia,Tunisia,A,group_or_knockout,Hyundai,win,3,1676,72.7,49.8,18.23,55.65,194.96,0.473,0.606,26.07,0.814,0.69,0.874,0.692,4.099,0.157,Mid attention,Premium,clear,22.1,29.2,132.07,74.98,0.233,0.2335,0.56,0.189,58.95,0.4387,0.4398,0.3922,0.6664,1.5191
2002_597_United_States,2002,597,United States,Portugal,A,group_or_knockout,Vivo,win,3,1578,71.9,31.0,12.75,62.25,186.6,0.539,0.498,22.58,0.432,0.676,0.652,0.533,3.12,0.138,Mid attention,Scalable,cloudy,20.6,88.3,205.92,112.35,0.254,0.1874,-0.2,0.259,61.27,0.5509,0.5151,0.3663,0.352,0.6388
2002_598_Cameroon,2002,598,Cameroon,Saudi Arabia,A,group_or_knockout,Coca-Cola,win,3,1542,68.0,29.1,10.52,53.45,103.48,0.422,0.349,31.97,0.771,0.693,0.92,0.571,3.201,0.1,Mid attention,Scalable,clear,23.8,68.9,157.94,94.0,0.186,0.3529,-0.71,0.206,50.34,0.3783,0.3713,0.3889,0.4299,1.1365
2002_599_Denmark,2002,599,Denmark,Senegal,A,group_or_knockout,Coca-Cola,draw,1,1642,71.5,43.1,19.09,55.65,150.84,0.462,0.609,33.85,0.793,0.715,0.895,0.617,3.574,0.106,Mid attention,Scalable,rain,18.1,56.9,142.85,105.88,0.22,0.3868,6.5,0.162,49.79,0.453,0.4618,0.4568,0.517,1.1412
2002_600_France,2002,600,France,Uruguay,A,group_or_knockout,Qatar Airways,draw,1,1748,77.8,46.5,18.67,51.25,96.39,0.322,0.547,24.02,0.51,0.801,0.711,0.473,3.48,0.145,Mid attention,Scalable,cloudy,16.1,52.1,155.59,70.51,0.375,0.3138,-1.85,0.31,40.05,0.3162,0.2649,0.4427,0.537,1.6979
2002_601_Argentina,2002,601,Argentina,England,A,group_or_knockout,Hyundai,loss,0,1753,76.8,58.0,19.5,53.45,150.48,0.445,0.606,30.74,0.903,0.813,0.936,0.617,4.024,0.131,Mid attention,Scalable,windy,17.4,75.3,155.46,51.73,0.126,0.2011,5.31,0.115,42.08,0.3486,0.3901,0.2949,0.7199,2.0654
2002_602_Spain,2002,602,Spain,Paraguay,A,group_or_knockout,Budweiser,win,3,1708,77.4,45.2,19.26,60.05,107.95,0.461,0.622,27.85,0.714,0.724,0.933,0.662,3.842,0.138,Mid attention,Premium,cloudy,19.2,49.3,173.6,67.4,0.052,0.4781,1.08,0.168,52.04,0.4011,0.427,0.4134,0.6342,1.5809
2002_603_Sweden,2002,603,Sweden,Nigeria,A,group_or_knockout,Budweiser,win,3,1654,74.4,39.2,19.34,57.85,191.7,0.542,0.647,26.29,0.687,0.705,0.91,0.677,3.836,0.146,Mid attention,Premium,cloudy,16.0,76.4,156.76,98.43,0.003,0.2882,5.29,0.12,47.55,0.4928,0.4373,0.3236,0.6227,1.2636
2002_604_Brazil,2002,604,Brazil,China,A,group_or_knockout,Adidas,win,3,1829,78.8,57.4,18.61,60.05,190.76,0.514,0.641,33.15,0.938,0.809,0.916,0.755,4.195,0.127,Mid attention,Premium,rain,24.0,66.7,130.18,114.55,0.332,0.1991,-1.83,0.262,49.42,0.5373,0.3214,0.4111,0.7382,1.3739
2002_605_Italy,2002,605,Italy,Croatia,A,group_or_knockout,Visa,loss,0,1755,77.8,61.6,11.04,57.85,282.05,0.548,0.467,33.4,0.799,0.761,0.842,0.548,3.675,0.11,Mid attention,Scalable,cloudy,27.4,61.9,177.07,108.92,0.333,0.3202,2.31,0.319,57.68,0.5779,0.4964,0.5495,0.5521,0.9555
2002_606_South_Africa,2002,606,South Africa,Slovenia,A,group_or_knockout,Qatar Airways,win,3,1530,68.0,32.2,12.38,53.45,193.67,0.474,0.437,26.15,0.519,0.668,0.76,0.528,3.125,0.12,Mid attention,Scalable,hot,13.5,60.3,131.38,88.66,0.064,0.3455,5.85,0.104,53.34,0.4387,0.4716,0.3889,0.3645,0.831
2002_607_Costa_Rica,2002,607,Costa Rica,Turkey,A,group_or_knockout,Visa,draw,1,1585,73.1,26.3,15.16,55.65,141.27,0.47,0.501,31.23,0.76,0.677,0.885,0.567,3.431,0.11,Mid attention,Scalable,clear,23.2,55.2,129.54,56.22,0.083,0.4157,4.3,0.171,44.3,0.3687,0.3701,0.4085,0.4654,1.2622
2002_608_Japan,2002,608,Japan,Russia,A,group_or_knockout,Adidas,win,3,1586,72.8,37.0,11.9,53.45,192.06,0.47,0.424,29.47,0.859,0.648,0.855,0.638,3.766,0.128,Mid attention,Premium,windy,21.7,74.7,151.2,49.31,0.124,0.0637,2.09,0.178,53.12,0.3765,0.431,0.2323,0.5262,1.3976
2002_609_Mexico,2002,609,Mexico,Ecuador,A,group_or_knockout,Hyundai,win,3,1612,72.1,37.6,18.89,57.85,111.78,0.409,0.6,28.5,0.853,0.712,0.897,0.692,3.708,0.13,Mid attention,Premium,rain,25.0,44.2,208.8,110.89,0.279,0.072,-1.28,0.18,48.16,0.4512,0.3906,0.2539,0.5751,1.2744
2002_610_South_Korea,2002,610,South Korea,United States,A,group_or_knockout,McDonald's,draw,1,1548,70.3,20.2,12.83,55.65,121.46,0.451,0.431,25.44,0.51,0.67,0.723,0.452,3.172,0.125,Mid attention,Scalable,hot,22.9,32.0,175.12,89.83,0.027,0.1681,0.02,0.073,50.96,0.4057,0.4032,0.2107,0.3678,0.9066
2002_611_Portugal,2002,611,Portugal,Poland,A,group_or_knockout,Mengniu,win,3,1702,76.8,47.1,14.4,60.05,188.38,0.501,0.529,17.76,0.359,0.8,0.643,0.513,3.437,0.194,Mid attention,Scalable,cloudy,14.3,67.8,157.97,115.15,-0.04,0.1675,5.72,0.059,68.23,0.5364,0.6198,0.2243,0.5685,1.0597
2002_612_Tunisia,2002,612,Tunisia,Belgium,A,group_or_knockout,Hyundai,draw,1,1519,66.6,27.6,11.21,55.65,86.9,0.42,0.373,28.75,0.839,0.649,0.867,0.536,3.504,0.122,Mid attention,Scalable,hot,15.4,68.1,144.93,61.86,0.373,0.4314,2.07,0.293,53.86,0.3361,0.4312,0.5117,0.4712,1.402
2002_613_Cameroon,2002,613,Cameroon,Germany,A,group_or_knockout,Coca-Cola,loss,0,1542,68.0,29.1,10.52,55.65,157.38,0.421,0.386,31.97,0.771,0.693,0.92,0.485,3.195,0.1,Mid attention,Scalable,clear,23.2,65.7,195.98,79.56,0.187,0.2704,2.65,0.131,44.09,0.4172,0.4038,0.3712,0.4287,1.0277
2002_614_Denmark,2002,614,Denmark,France,A,group_or_knockout,Coca-Cola,win,3,1642,71.5,43.1,19.09,55.65,119.51,0.447,0.595,33.85,0.793,0.715,0.895,0.676,3.502,0.103,Mid attention,Premium,rain,29.2,64.5,91.83,116.58,0.202,0.198,3.4,0.201,50.37,0.4457,0.3735,0.3063,0.4986,1.1186
2002_615_Saudi_Arabia,2002,615,Saudi Arabia,Republic of Ireland,A,group_or_knockout,Visa,loss,0,1543,68.2,34.6,13.01,57.85,170.07,0.471,0.471,27.16,0.698,0.648,0.864,0.501,3.544,0.13,Mid attention,Scalable,clear,9.7,52.9,212.13,64.97,0.136,0.2417,0.06,0.105,59.1,0.4245,0.5063,0.3383,0.4882,1.1502
2002_616_Senegal,2002,616,Senegal,Uruguay,A,group_or_knockout,Budweiser,draw,1,1638,72.8,30.1,9.94,64.45,136.2,0.51,0.415,31.49,0.771,0.754,0.934,0.545,3.465,0.11,Mid attention,Scalable,clear,25.1,70.6,121.19,63.16,0.203,0.3365,3.66,0.242,55.48,0.4565,0.4474,0.4072,0.541,1.1851
2002_617_Nigeria,2002,617,Nigeria,England,A,group_or_knockout,Coca-Cola,draw,1,1585,75.3,31.3,8.19,51.25,164.93,0.435,0.301,26.63,0.705,0.744,0.906,0.466,3.343,0.126,Low attention,Scalable,cloudy,30.1,57.3,108.08,89.66,0.005,0.2229,1.92,0.113,57.77,0.3981,0.4285,0.2648,0.5214,1.3095
2002_618_Slovenia,2002,618,Slovenia,Paraguay,A,group_or_knockout,Vivo,loss,0,1491,66.6,28.9,8.67,60.05,172.53,0.526,0.371,14.76,0.283,0.658,0.571,0.332,3.168,0.215,Mid attention,Watchlist,clear,22.1,50.2,158.64,100.46,0.072,0.3356,3.42,0.205,56.03,0.5016,0.4825,0.3723,0.4236,0.8446
2002_619_South_Africa,2002,619,South Africa,Spain,A,group_or_knockout,Qatar Airways,loss,0,1530,68.0,32.2,12.38,62.25,263.29,0.586,0.522,26.15,0.519,0.668,0.76,0.48,3.164,0.121,Mid attention,Scalable,clear,26.3,53.0,321.72,133.07,0.167,0.2153,1.59,0.191,49.03,0.6415,0.544,0.3958,0.3737,0.5825
2002_620_Sweden,2002,620,Sweden,Argentina,A,group_or_knockout,Budweiser,draw,1,1654,74.4,39.2,19.34,55.65,159.33,0.501,0.619,26.29,0.687,0.705,0.91,0.592,3.709,0.141,Mid attention,Scalable,hot,18.8,90.3,254.28,115.66,-0.071,0.2667,-0.5,0.054,54.24,0.4746,0.4951,0.2558,0.5907,1.2445
2002_621_Costa_Rica,2002,621,Costa Rica,Brazil,A,group_or_knockout,Visa,loss,0,1585,73.1,26.3,15.16,66.65,153.58,0.569,0.574,31.23,0.76,0.677,0.885,0.579,3.449,0.11,Mid attention,Scalable,clear,22.3,30.2,238.91,124.92,0.126,0.299,1.9,0.128,68.21,0.5857,0.6356,0.3602,0.469,0.8007
2002_622_Ecuador,2002,622,Ecuador,Croatia,A,group_or_knockout,McDonald's,win,3,1623,71.6,42.9,13.81,53.45,142.54,0.426,0.453,16.55,0.347,0.689,0.657,0.467,3.31,0.2,Mid attention,Scalable,rain,13.3,66.0,175.54,49.44,0.12,0.2622,4.15,0.159,50.47,0.339,0.4618,0.3265,0.4845,1.4293
2002_623_Mexico,2002,623,Mexico,Italy,A,group_or_knockout,Hyundai,draw,1,1612,72.1,37.6,18.89,55.65,109.15,0.436,0.586,28.5,0.853,0.712,0.897,0.624,3.694,0.13,Mid attention,Premium,clear,8.9,31.1,104.95,84.84,0.126,0.087,3.63,0.135,62.0,0.3886,0.4873,0.1941,0.5723,1.4726
2002_624_Turkey,2002,624,Turkey,China,A,group_or_knockout,Mengniu,win,3,1677,74.3,49.4,16.02,57.85,185.23,0.486,0.557,18.0,0.356,0.714,0.662,0.52,3.515,0.195,Mid attention,Scalable,rain,28.7,56.3,180.74,119.46,0.101,0.252,2.86,0.184,63.91,0.5205,0.5608,0.3394,0.5366,1.031
2002_625_Belgium,2002,625,Belgium,Russia,A,group_or_knockout,Visa,win,3,1674,71.5,40.4,23.19,62.25,209.83,0.581,0.783,26.85,0.713,0.72,0.914,0.745,3.905,0.145,High attention,Premium,rain,17.1,51.1,163.02,91.12,0.057,0.1555,4.69,0.078,51.67,0.5357,0.4688,0.2736,0.6464,1.2065
2002_626_Japan,2002,626,Japan,Tunisia,A,group_or_knockout,Adidas,win,3,1586,72.8,37.0,11.9,55.65,317.49,0.55,0.492,29.47,0.859,0.648,0.855,0.678,3.972,0.135,Mid attention,Premium,clear,20.3,24.6,136.31,119.69,-0.026,0.1626,2.37,0.148,45.01,0.6013,0.3531,0.3117,0.5766,0.9589
2002_627_South_Korea,2002,627,South Korea,Portugal,A,group_or_knockout,McDonald's,win,3,1548,70.3,20.2,12.83,53.45,128.33,0.405,0.421,25.44,0.51,0.67,0.723,0.506,3.149,0.124,Mid attention,Scalable,rain,14.7,64.2,166.91,93.44,0.171,0.1921,2.92,0.212,47.7,0.3963,0.412,0.2945,0.3619,0.9131
2002_628_Poland,2002,628,Poland,United States,A,group_or_knockout,Coca-Cola,win,3,1685,72.7,42.5,15.85,60.05,159.21,0.548,0.554,28.97,0.734,0.749,0.899,0.659,3.743,0.129,Mid attention,Premium,hot,14.5,51.9,160.36,62.59,0.126,0.2135,1.79,0.141,59.99,0.4327,0.4929,0.3086,0.6055,1.3993
2002_629_Denmark,2002,629,Denmark,England,A,group_or_knockout,Coca-Cola,loss,0,1642,71.5,43.1,19.09,57.85,140.7,0.445,0.618,33.85,0.793,0.715,0.895,0.585,3.588,0.106,Mid attention,Scalable,rain,22.0,24.4,215.98,90.36,0.019,0.3049,4.81,0.174,57.65,0.4414,0.5693,0.3082,0.5197,1.1774
2002_630_Germany,2002,630,Germany,Paraguay,A,group_or_knockout,Coca-Cola,win,3,1798,81.3,65.9,22.15,53.45,162.09,0.372,0.681,29.19,0.759,0.859,0.907,0.684,4.08,0.14,High attention,Premium,clear,18.6,71.4,98.96,96.44,0.162,0.1228,3.41,0.127,46.92,0.4267,0.351,0.2678,0.7621,1.7861
2002_631_Spain,2002,631,Spain,Republic of Ireland,A,group_or_knockout,Budweiser,draw,1,1708,77.4,45.2,19.26,55.65,176.97,0.517,0.625,27.85,0.714,0.724,0.933,0.606,3.877,0.139,Mid attention,Scalable,cloudy,25.3,81.0,170.35,54.81,0.127,0.3464,1.63,0.17,62.46,0.3937,0.5205,0.4065,0.6425,1.6318
2002_632_Sweden,2002,632,Sweden,Senegal,A,group_or_knockout,Budweiser,loss,0,1654,74.4,39.2,19.34,57.85,162.86,0.558,0.634,26.29,0.687,0.705,0.91,0.575,3.737,0.142,Mid attention,Scalable,rain,25.7,81.8,139.5,77.98,0.11,0.2485,-0.33,0.099,51.52,0.4391,0.3703,0.3265,0.5976,1.3609
2002_633_Brazil,2002,633,Brazil,Belgium,A,group_or_knockout,Adidas,win,3,1829,78.8,57.4,18.61,55.65,215.56,0.487,0.625,33.15,0.938,0.809,0.916,0.744,4.184,0.126,Mid attention,Premium,clear,24.9,63.7,150.91,101.96,-0.059,0.2878,5.12,0.139,59.52,0.4962,0.5306,0.3114,0.7346,1.4805
2002_634_Mexico,2002,634,Mexico,United States,A,group_or_knockout,Hyundai,loss,0,1612,72.1,37.6,18.89,55.65,133.8,0.391,0.596,28.5,0.853,0.712,0.897,0.587,3.737,0.131,Mid attention,Scalable,rain,24.4,58.7,180.41,61.45,0.224,0.1171,1.24,0.123,60.07,0.3711,0.5035,0.2731,0.5822,1.5686
2002_635_Japan,2002,635,Japan,Turkey,A,group_or_knockout,Adidas,loss,0,1586,72.8,37.0,11.9,53.45,201.32,0.455,0.428,29.47,0.859,0.648,0.855,0.537,3.778,0.128,Mid attention,Scalable,clear,32.5,79.3,121.44,72.31,0.033,0.1235,2.95,0.046,43.59,0.4192,0.3363,0.2367,0.5285,1.2609
2002_636_South_Korea,2002,636,South Korea,Italy,A,group_or_knockout,McDonald's,win,3,1548,70.3,20.2,12.83,57.85,192.22,0.499,0.476,25.44,0.51,0.67,0.723,0.544,3.247,0.128,Mid attention,Scalable,rain,16.6,84.9,181.08,103.95,0.163,0.2323,7.74,0.144,49.97,0.5017,0.5169,0.3587,0.3868,0.771
2002_637_England,2002,637,England,Brazil,A,group_or_knockout,McDonald's,loss,0,1695,76.6,52.6,19.34,57.85,164.76,0.484,0.635,20.29,0.432,0.819,0.654,0.475,3.549,0.175,Mid attention,Scalable,clear,22.7,76.1,164.81,110.39,0.075,0.5826,4.48,0.21,49.6,0.4908,0.4497,0.5282,0.5814,1.1846
2002_638_Germany,2002,638,Germany,United States,A,group_or_knockout,Coca-Cola,win,3,1798,81.3,65.9,22.15,53.45,139.85,0.393,0.671,29.19,0.759,0.859,0.907,0.684,4.103,0.141,High attention,Premium,clear,29.8,42.9,136.13,84.13,0.117,0.3476,6.18,0.192,59.39,0.3907,0.5321,0.3786,0.7681,1.966
2002_639_South_Korea,2002,639,South Korea,Spain,A,group_or_knockout,McDonald's,draw,1,1548,70.3,20.2,12.83,51.25,288.93,0.512,0.477,25.44,0.51,0.67,0.723,0.48,3.275,0.129,Mid attention,Scalable,windy,30.6,61.2,136.88,109.88,0.271,0.4706,1.67,0.244,46.45,0.5239,0.3552,0.6237,0.3938,0.7516
2002_640_Senegal,2002,640,Senegal,Turkey,A,group_or_knockout,Budweiser,loss,0,1638,72.8,30.1,9.94,53.45,121.51,0.426,0.342,31.49,0.771,0.754,0.934,0.469,3.367,0.107,Mid attention,Scalable,hot,14.5,65.0,154.49,112.4,0.209,0.2615,5.05,0.227,57.79,0.4205,0.5182,0.3518,0.5175,1.2306
2002_641_South_Korea,2002,641,South Korea,Germany,A,group_or_knockout,McDonald's,loss,0,1548,70.3,20.2,12.83,53.45,166.03,0.4,0.437,25.44,0.51,0.67,0.723,0.411,3.121,0.123,Mid attention,Scalable,hot,21.1,29.0,132.53,81.0,0.269,0.0906,2.86,0.196,50.89,0.4058,0.4068,0.2969,0.355,0.8749
2002_642_Brazil,2002,642,Brazil,Turkey,A,group_or_knockout,Adidas,win,3,1829,78.8,57.4,18.61,53.45,123.8,0.432,0.571,33.15,0.938,0.809,0.916,0.714,4.035,0.122,Mid attention,Premium,windy,31.1,65.5,160.86,59.24,0.189,0.1684,3.57,0.187,50.49,0.3399,0.4399,0.2842,0.6996,2.0583
2002_643_South_Korea,2002,643,South Korea,Turkey,A,group_or_knockout,McDonald's,loss,0,1548,70.3,20.2,12.83,62.25,293.28,0.679,0.546,25.44,0.51,0.67,0.723,0.503,3.404,0.134,Mid attention,Scalable,cloudy,26.0,94.4,174.45,118.57,0.196,0.1707,7.04,0.235,68.8,0.6418,0.6595,0.3994,0.4262,0.6641
2002_644_Germany,2002,644,Germany,Brazil,A,group_or_knockout,Coca-Cola,loss,0,1798,81.3,65.9,22.15,55.65,203.85,0.495,0.713,29.19,0.759,0.859,0.907,0.618,4.085,0.14,High attention,Scalable,clear,24.2,68.2,143.49,67.67,-0.022,0.2109,2.21,0.072,52.24,0.4341,0.4183,0.2705,0.7631,1.7578
2006_645_Germany,2006,645,Germany,Costa Rica,A,group_or_knockout,Coca-Cola,win,3,1798,81.3,65.9,22.15,65.91,155.77,0.565,0.755,29.19,0.759,0.859,0.907,0.747,4.245,0.145,High attention,Premium,clear,21.7,81.6,294.64,131.53,0.124,0.3038,2.84,0.129,69.08,0.5908,0.7078,0.3638,0.8017,1.3569
2006_646_Poland,2006,646,Poland,Ecuador,A,group_or_knockout,Coca-Cola,loss,0,1685,72.7,42.5,15.85,57.11,188.39,0.493,0.549,28.97,0.734,0.749,0.899,0.547,3.723,0.129,Mid attention,Scalable,cloudy,20.7,60.9,190.34,94.99,0.134,0.1826,0.9,0.166,53.27,0.4781,0.4499,0.3112,0.6015,1.2581
2006_647_Argentina,2006,647,Argentina,Ivory Coast,A,group_or_knockout,Hyundai,win,3,1753,76.8,58.0,19.5,59.31,182.17,0.534,0.656,30.74,0.903,0.813,0.936,0.752,4.12,0.134,Mid attention,Premium,clear,24.7,56.8,161.92,83.76,0.279,0.2018,4.67,0.242,48.44,0.4762,0.4401,0.3838,0.7431,1.5603
2006_648_England,2006,648,England,Paraguay,A,group_or_knockout,McDonald's,win,3,1695,76.6,52.6,19.34,54.91,135.78,0.39,0.605,20.29,0.432,0.819,0.654,0.547,3.533,0.174,Mid attention,Scalable,windy,21.5,64.1,171.09,89.14,0.106,0.3815,1.62,0.16,43.88,0.4088,0.3639,0.393,0.5769,1.4113
2006_649_Trinidad_and_Tobago,2006,649,Trinidad and Tobago,Sweden,A,group_or_knockout,Mengniu,draw,1,1388,61.5,12.4,5.13,52.71,186.25,0.45,0.238,22.28,0.402,0.531,0.623,0.342,2.699,0.121,Low attention,Watchlist,clear,22.7,44.9,122.5,83.95,0.183,0.3493,4.95,0.223,45.07,0.4189,0.38,0.4393,0.1397,0.3334
2006_650_Angola,2006,650,Angola,Portugal,A,group_or_knockout,Vivo,loss,0,1388,62.0,14.2,4.22,54.91,174.99,0.452,0.223,18.09,0.364,0.538,0.708,0.29,2.844,0.157,Low attention,Watchlist,clear,23.5,42.6,147.9,115.43,0.179,0.2833,-0.66,0.172,57.11,0.4794,0.4202,0.3875,0.2546,0.531
2006_651_Mexico,2006,651,Mexico,Iran,A,group_or_knockout,Hyundai,win,3,1612,72.1,37.6,18.89,61.51,186.72,0.596,0.655,28.5,0.853,0.712,0.897,0.746,3.89,0.136,Mid attention,Premium,clear,18.9,78.3,170.58,72.5,0.272,0.3144,3.95,0.229,56.25,0.4825,0.5032,0.4564,0.6194,1.2839
2006_652_Serbia,2006,652,Serbia,Netherlands,A,group_or_knockout,Vivo,loss,0,1559,68.8,36.3,15.31,54.91,155.08,0.445,0.507,23.55,0.481,0.729,0.727,0.436,3.155,0.134,Mid attention,Scalable,clear,26.2,80.0,120.78,115.67,0.143,0.2497,1.45,0.173,51.81,0.4646,0.3826,0.3368,0.4166,0.8968
2006_653_Australia,2006,653,Australia,Japan,A,group_or_knockout,Hyundai,win,3,1539,69.8,32.1,7.37,61.51,198.32,0.598,0.357,29.32,0.866,0.705,0.903,0.638,3.636,0.124,Mid attention,Premium,clear,39.0,42.1,203.58,57.87,0.239,0.4304,4.33,0.231,50.23,0.4686,0.4881,0.5244,0.5503,1.1744
2006_654_Italy,2006,654,Italy,Ghana,A,group_or_knockout,Visa,win,3,1755,77.8,61.6,11.04,57.11,174.03,0.457,0.416,33.4,0.799,0.761,0.842,0.612,3.619,0.108,Mid attention,Scalable,cloudy,12.3,73.5,151.2,108.51,-0.014,0.1978,2.77,0.142,57.36,0.4881,0.4771,0.2461,0.5383,1.1027
2006_655_United_States,2006,655,United States,Czech Republic,A,group_or_knockout,Vivo,loss,0,1578,71.9,31.0,12.75,59.31,172.31,0.527,0.474,22.58,0.432,0.676,0.652,0.422,3.151,0.14,Mid attention,Scalable,clear,24.9,56.6,163.03,124.29,-0.005,0.2848,1.68,0.11,63.42,0.5315,0.5227,0.3052,0.3608,0.6789
2006_656_Brazil,2006,656,Brazil,Croatia,A,group_or_knockout,Adidas,win,3,1829,78.8,57.4,18.61,54.91,131.13,0.443,0.583,33.15,0.938,0.809,0.916,0.72,4.067,0.123,Mid attention,Premium,cloudy,18.4,63.4,143.1,77.55,-0.072,0.264,1.99,0.053,55.18,0.3873,0.4395,0.2352,0.7073,1.8264
2006_657_France,2006,657,France,Switzerland,A,group_or_knockout,Qatar Airways,draw,1,1748,77.8,46.5,18.67,52.71,242.03,0.458,0.62,24.02,0.51,0.801,0.711,0.525,3.669,0.153,Mid attention,Scalable,hot,26.5,65.4,331.82,52.45,0.235,0.2549,1.01,0.22,59.8,0.4126,0.6355,0.4377,0.5854,1.4189
2006_658_South_Korea,2006,658,South Korea,Togo,A,group_or_knockout,McDonald's,win,3,1548,70.3,20.2,12.83,59.31,126.3,0.486,0.456,25.44,0.51,0.67,0.723,0.534,3.229,0.127,Mid attention,Scalable,cloudy,23.3,73.9,150.98,115.42,0.224,0.2485,4.56,0.232,46.61,0.4827,0.4131,0.3531,0.3819,0.7911
2006_659_Germany,2006,659,Germany,Poland,A,group_or_knockout,Coca-Cola,win,3,1798,81.3,65.9,22.15,54.91,176.87,0.498,0.696,29.19,0.759,0.859,0.907,0.712,4.143,0.142,High attention,Premium,rain,27.6,59.3,98.35,109.59,0.246,0.3554,0.6,0.244,43.14,0.4718,0.276,0.465,0.7774,1.6478
2006_660_Spain,2006,660,Spain,Ukraine,A,group_or_knockout,Budweiser,win,3,1708,77.4,45.2,19.26,61.51,160.7,0.519,0.654,27.85,0.714,0.724,0.933,0.684,3.885,0.139,Mid attention,Premium,clear,30.1,80.6,123.87,82.25,0.088,0.1962,2.24,0.156,59.05,0.4778,0.4585,0.2815,0.6441,1.3481
2006_661_Tunisia,2006,661,Tunisia,Saudi Arabia,A,group_or_knockout,Hyundai,draw,1,1519,66.6,27.6,11.21,61.51,287.69,0.564,0.497,28.75,0.839,0.649,0.867,0.609,3.781,0.132,Mid attention,Scalable,clear,24.2,63.0,223.41,96.83,0.1,0.1934,3.53,0.081,53.88,0.5971,0.5249,0.3679,0.5398,0.9041
2006_662_Ecuador,2006,662,Ecuador,Costa Rica,A,group_or_knockout,McDonald's,win,3,1623,71.6,42.9,13.81,59.31,131.6,0.484,0.484,16.55,0.347,0.689,0.657,0.489,3.362,0.203,Mid attention,Scalable,clear,29.8,68.0,248.86,115.79,0.144,0.3547,6.19,0.081,60.92,0.4873,0.6478,0.3898,0.4989,1.0237
2006_663_England,2006,663,England,Trinidad and Tobago,A,group_or_knockout,McDonald's,win,3,1695,76.6,52.6,19.34,57.11,132.83,0.436,0.617,20.29,0.432,0.819,0.654,0.56,3.597,0.177,Mid attention,Scalable,windy,8.9,44.7,144.68,65.66,0.301,0.2921,2.78,0.281,60.85,0.3904,0.5009,0.4197,0.5937,1.5209
2006_664_Sweden,2006,664,Sweden,Paraguay,A,group_or_knockout,Budweiser,win,3,1654,74.4,39.2,19.34,54.91,119.6,0.417,0.597,26.29,0.687,0.705,0.91,0.636,3.703,0.141,Mid attention,Premium,cloudy,32.5,92.5,227.11,94.32,0.326,0.3254,2.29,0.265,44.85,0.4045,0.4332,0.4437,0.5895,1.4574
2006_665_Argentina,2006,665,Argentina,Serbia,A,group_or_knockout,Hyundai,win,3,1753,76.8,58.0,19.5,65.91,206.2,0.605,0.707,30.74,0.903,0.813,0.936,0.784,4.193,0.136,High attention,Premium,clear,25.3,65.5,238.34,96.22,0.236,0.1515,3.37,0.191,73.18,0.5745,0.6993,0.3479,0.7603,1.3234
2006_666_Mexico,2006,666,Mexico,Angola,A,group_or_knockout,Hyundai,draw,1,1612,72.1,37.6,18.89,52.71,102.55,0.344,0.565,28.5,0.853,0.712,0.897,0.6,3.751,0.132,Mid attention,Scalable,cloudy,29.5,69.4,151.02,59.39,0.189,0.1335,-1.55,0.194,41.68,0.3171,0.2791,0.2478,0.5863,1.849
2006_667_Netherlands,2006,667,Netherlands,Ivory Coast,A,group_or_knockout,Hisense,win,3,1746,75.8,49.9,15.97,59.31,148.23,0.451,0.548,32.27,0.781,0.811,0.856,0.655,3.739,0.116,Mid attention,Premium,hot,15.7,32.3,166.95,117.49,0.29,0.3005,0.28,0.3,60.96,0.5026,0.4843,0.4303,0.6109,1.2154
2006_668_Czech_Republic,2006,668,Czech Republic,Ghana,A,group_or_knockout,Coca-Cola,loss,0,1562,68.1,35.4,7.39,57.11,89.33,0.445,0.283,28.08,0.71,0.72,0.846,0.429,3.298,0.117,Low attention,Scalable,rain,18.0,44.8,179.5,75.5,0.131,0.1622,2.01,0.196,52.45,0.3725,0.4499,0.232,0.4616,1.2392
2006_669_Italy,2006,669,Italy,United States,A,group_or_knockout,Visa,draw,1,1755,77.8,61.6,11.04,57.11,174.57,0.473,0.416,33.4,0.799,0.761,0.842,0.548,3.597,0.108,Mid attention,Scalable,cloudy,23.9,77.8,213.65,120.77,0.117,0.2463,1.3,0.182,58.27,0.5076,0.5194,0.3358,0.5339,1.0519
2006_670_Portugal,2006,670,Portugal,Iran,A,group_or_knockout,Mengniu,win,3,1702,76.8,47.1,14.4,57.11,141.87,0.396,0.49,17.76,0.359,0.8,0.643,0.48,3.377,0.19,Mid attention,Scalable,hot,22.9,62.6,189.48,93.64,0.143,0.3829,-0.56,0.141,46.55,0.4406,0.3702,0.4143,0.5511,1.2507
2006_671_Brazil,2006,671,Brazil,Australia,A,group_or_knockout,Adidas,win,3,1829,78.8,57.4,18.61,57.11,107.59,0.465,0.586,33.15,0.938,0.809,0.916,0.726,4.094,0.123,Mid attention,Premium,rain,24.7,27.4,144.86,89.6,0.058,0.2416,4.6,0.093,63.81,0.4082,0.5535,0.2629,0.7127,1.7457
2006_672_France,2006,672,France,South Korea,A,group_or_knockout,Qatar Airways,draw,1,1748,77.8,46.5,18.67,57.11,221.17,0.525,0.637,24.02,0.51,0.801,0.711,0.544,3.705,0.154,Mid attention,Scalable,cloudy,29.5,74.6,164.26,82.83,0.139,0.1782,3.35,0.065,63.82,0.4842,0.5524,0.332,0.5939,1.2265
2006_673_Japan,2006,673,Japan,Croatia,A,group_or_knockout,Adidas,draw,1,1586,72.8,37.0,11.9,52.71,104.44,0.373,0.381,29.47,0.859,0.648,0.855,0.537,3.638,0.123,Mid attention,Scalable,clear,12.4,49.3,259.85,74.89,0.044,0.2414,3.09,0.137,50.97,0.3426,0.5268,0.2545,0.4939,1.4417
2006_674_Saudi_Arabia,2006,674,Saudi Arabia,Ukraine,A,group_or_knockout,Visa,loss,0,1543,68.2,34.6,13.01,61.51,219.72,0.53,0.515,27.16,0.698,0.648,0.864,0.528,3.615,0.133,Mid attention,Scalable,clear,28.8,80.6,196.76,120.77,0.259,0.408,1.34,0.268,59.26,0.5824,0.513,0.5327,0.5064,0.8695
2006_675_Spain,2006,675,Spain,Tunisia,A,group_or_knockout,Budweiser,win,3,1708,77.4,45.2,19.26,61.51,144.45,0.54,0.647,27.85,0.714,0.724,0.933,0.686,3.89,0.14,Mid attention,Premium,windy,23.0,56.6,229.64,109.53,0.211,0.2575,2.97,0.234,62.03,0.5077,0.591,0.365,0.6464,1.2734
2006_676_Togo,2006,676,Togo,Switzerland,A,group_or_knockout,Vivo,loss,0,1388,62.3,11.8,6.61,57.11,255.55,0.55,0.335,18.08,0.368,0.56,0.661,0.351,3.085,0.171,Mid attention,Watchlist,cloudy,21.8,61.3,196.36,108.84,0.299,0.0683,3.88,0.236,56.47,0.5507,0.5275,0.3542,0.3179,0.5771
2006_677_Costa_Rica,2006,677,Costa Rica,Poland,A,group_or_knockout,Visa,loss,0,1585,73.1,26.3,15.16,59.31,209.07,0.6,0.553,31.23,0.76,0.677,0.885,0.577,3.509,0.112,Mid attention,Scalable,clear,14.2,76.9,190.78,85.85,-0.007,0.205,2.24,0.082,57.87,0.4999,0.5094,0.2767,0.4836,0.9674
2006_678_Germany,2006,678,Germany,Ecuador,A,group_or_knockout,Coca-Cola,win,3,1798,81.3,65.9,22.15,59.31,127.81,0.493,0.702,29.19,0.759,0.859,0.907,0.714,4.131,0.142,High attention,Premium,cloudy,26.0,43.6,183.09,73.54,0.346,0.2378,3.73,0.229,58.84,0.419,0.5332,0.4013,0.775,1.8497
2006_679_Paraguay,2006,679,Paraguay,Trinidad and Tobago,A,group_or_knockout,Hyundai,win,3,1578,69.9,30.5,12.88,57.11,126.24,0.466,0.444,26.2,0.812,0.667,0.921,0.629,3.86,0.147,Mid attention,Premium,clear,8.5,42.1,214.72,57.85,-0.001,0.3409,1.13,0.074,62.2,0.3732,0.5511,0.3131,0.6083,1.6298
2006_680_Sweden,2006,680,Sweden,England,A,group_or_knockout,Budweiser,draw,1,1654,74.4,39.2,19.34,61.51,208.25,0.554,0.677,26.29,0.687,0.705,0.91,0.624,3.827,0.146,High attention,Premium,hot,26.9,54.9,221.15,117.46,0.036,0.2663,3.0,0.107,61.51,0.5685,0.5793,0.3348,0.6209,1.0921
2006_681_Iran,2006,681,Iran,Angola,A,group_or_knockout,Visa,draw,1,1519,68.7,30.6,12.34,57.11,151.64,0.495,0.44,29.04,0.732,0.637,0.935,0.539,3.524,0.121,Mid attention,Scalable,clear,14.0,71.2,183.27,82.23,0.094,0.2903,5.2,0.106,48.57,0.4304,0.4687,0.3391,0.492,1.1431
2006_682_Ivory_Coast,2006,682,Ivory Coast,Serbia,A,group_or_knockout,Budweiser,win,3,1587,73.8,39.2,8.73,63.71,173.63,0.578,0.395,26.15,0.673,0.659,0.897,0.583,3.667,0.14,Mid attention,Scalable,rain,23.3,36.7,160.92,99.51,0.287,0.2719,5.39,0.29,70.65,0.5346,0.6379,0.4271,0.546,1.0214
2006_683_Netherlands,2006,683,Netherlands,Argentina,A,group_or_knockout,Hisense,draw,1,1746,75.8,49.9,15.97,52.71,215.08,0.499,0.537,32.27,0.781,0.811,0.856,0.593,3.697,0.115,Mid attention,Scalable,cloudy,22.3,31.3,174.37,79.6,0.179,0.1457,5.59,0.119,45.21,0.4341,0.4381,0.3247,0.6012,1.3848
2006_684_Portugal,2006,684,Portugal,Mexico,A,group_or_knockout,Mengniu,win,3,1702,76.8,47.1,14.4,59.31,137.43,0.474,0.502,17.76,0.359,0.8,0.643,0.498,3.377,0.19,Mid attention,Scalable,clear,30.0,71.2,175.22,86.62,0.132,0.1467,3.4,0.137,49.79,0.4466,0.4445,0.2538,0.5511,1.234
2006_685_Croatia,2006,685,Croatia,Australia,A,group_or_knockout,Hisense,draw,1,1671,75.1,52.8,21.52,61.51,180.33,0.529,0.722,28.53,0.731,0.792,0.927,0.651,3.82,0.134,High attention,Premium,clear,21.9,48.4,171.08,110.05,0.077,0.2243,2.87,0.058,70.06,0.5358,0.6041,0.3076,0.6663,1.2436
2006_686_Czech_Republic,2006,686,Czech Republic,Italy,A,group_or_knockout,Coca-Cola,loss,0,1562,68.1,35.4,7.39,57.11,213.21,0.5,0.337,28.08,0.71,0.72,0.846,0.459,3.37,0.12,Mid attention,Scalable,rain,18.8,51.7,335.18,96.59,0.019,0.0992,1.86,0.099,48.93,0.4995,0.5595,0.2225,0.48,0.9609
2006_687_Ghana,2006,687,Ghana,United States,A,group_or_knockout,Mengniu,win,3,1600,68.9,36.1,8.97,59.31,212.58,0.559,0.392,23.07,0.435,0.715,0.668,0.497,3.045,0.132,Mid attention,Scalable,clear,20.0,28.3,121.27,128.33,0.269,0.2527,-1.0,0.217,48.4,0.5685,0.3172,0.4321,0.3604,0.634
2006_688_Japan,2006,688,Japan,Brazil,A,group_or_knockout,Adidas,loss,0,1586,72.8,37.0,11.9,63.71,174.1,0.603,0.479,29.47,0.859,0.648,0.855,0.582,3.702,0.126,Mid attention,Scalable,clear,30.6,47.1,243.22,68.84,0.236,0.181,-0.02,0.182,62.58,0.4874,0.5629,0.346,0.5107,1.0478
2006_689_Saudi_Arabia,2006,689,Saudi Arabia,Spain,A,group_or_knockout,Visa,loss,0,1543,68.2,34.6,13.01,54.91,144.72,0.431,0.442,27.16,0.698,0.648,0.864,0.483,3.426,0.126,Mid attention,Scalable,rain,26.2,57.9,132.96,90.36,0.291,0.1255,2.45,0.18,59.18,0.4175,0.4711,0.3153,0.4593,1.1002
2006_690_Switzerland,2006,690,Switzerland,South Korea,A,group_or_knockout,Adidas,win,3,1632,72.7,48.1,17.05,57.11,100.29,0.427,0.542,31.4,0.904,0.774,0.888,0.69,3.824,0.122,Mid attention,Premium,clear,20.7,72.9,177.29,56.09,0.196,0.3215,2.57,0.191,45.79,0.3507,0.4,0.3709,0.6241,1.7795
2006_691_Togo,2006,691,Togo,France,A,group_or_knockout,Vivo,loss,0,1388,62.3,11.8,6.61,57.11,121.42,0.461,0.276,18.08,0.368,0.56,0.661,0.313,2.967,0.164,Low attention,Watchlist,clear,21.6,45.7,326.07,111.38,-0.108,0.1409,5.77,0.016,54.62,0.4525,0.6584,0.1333,0.2849,0.6295
2006_692_Ukraine,2006,692,Ukraine,Tunisia,A,group_or_knockout,Qatar Airways,win,3,1608,69.7,40.1,8.26,54.91,171.54,0.454,0.328,21.7,0.4,0.637,0.665,0.442,3.135,0.144,Low attention,Scalable,clear,13.6,84.5,129.68,93.41,0.032,0.3112,5.56,0.111,44.18,0.4426,0.3882,0.3381,0.3427,0.7742
2006_693_Argentina,2006,693,Argentina,Mexico,A,group_or_knockout,Hyundai,win,3,1753,76.8,58.0,19.5,59.31,163.07,0.531,0.648,30.74,0.903,0.813,0.936,0.749,4.113,0.134,Mid attention,Premium,hot,25.3,47.0,148.68,86.41,0.203,0.4405,1.36,0.276,55.42,0.4658,0.4371,0.492,0.7417,1.5923
2006_694_Germany,2006,694,Germany,Sweden,A,group_or_knockout,Coca-Cola,win,3,1798,81.3,65.9,22.15,57.11,166.66,0.42,0.705,29.19,0.759,0.859,0.907,0.702,4.174,0.143,High attention,Premium,clear,12.4,47.1,170.82,110.96,0.119,0.1602,4.52,0.146,51.62,0.4863,0.4729,0.2759,0.7849,1.6139
2006_695_England,2006,695,England,Ecuador,A,group_or_knockout,McDonald's,win,3,1695,76.6,52.6,19.34,54.91,209.91,0.463,0.637,20.29,0.432,0.819,0.654,0.572,3.584,0.177,Mid attention,Scalable,clear,27.5,82.6,133.47,81.9,0.1,0.182,1.8,0.153,45.54,0.454,0.3464,0.3098,0.5911,1.302
2006_696_Portugal,2006,696,Portugal,Netherlands,A,group_or_knockout,Mengniu,win,3,1702,76.8,47.1,14.4,54.91,112.53,0.401,0.464,17.76,0.359,0.8,0.643,0.471,3.279,0.185,Mid attention,Scalable,clear,23.8,61.4,205.76,65.68,0.046,0.1515,4.23,0.089,61.23,0.3547,0.5816,0.2026,0.5248,1.4796
2006_697_Italy,2006,697,Italy,Australia,A,group_or_knockout,Visa,win,3,1755,77.8,61.6,11.04,54.91,146.87,0.381,0.391,33.4,0.799,0.761,0.842,0.589,3.565,0.107,Mid attention,Scalable,clear,37.3,49.2,144.32,83.15,0.251,0.3333,4.49,0.188,55.38,0.4079,0.4801,0.4333,0.5262,1.2899
2006_698_Switzerland,2006,698,Switzerland,Ukraine,A,group_or_knockout,Adidas,draw,1,1632,72.7,48.1,17.05,52.71,158.8,0.401,0.541,31.4,0.904,0.774,0.888,0.618,3.834,0.122,Mid attention,Scalable,clear,16.4,55.5,186.48,52.29,0.202,0.2628,5.41,0.186,57.11,0.349,0.547,0.3739,0.6261,1.7943
2006_699_Brazil,2006,699,Brazil,Ghana,A,group_or_knockout,Adidas,win,3,1829,78.8,57.4,18.61,59.31,139.16,0.464,0.614,33.15,0.938,0.809,0.916,0.736,4.116,0.124,Mid attention,Premium,clear,22.4,79.6,127.8,122.61,0.206,0.1781,1.77,0.271,65.61,0.5037,0.5105,0.308,0.7184,1.4263
2006_700_Spain,2006,700,Spain,France,A,group_or_knockout,Budweiser,loss,0,1708,77.4,45.2,19.26,61.51,262.44,0.589,0.698,27.85,0.714,0.724,0.933,0.614,3.959,0.142,High attention,Scalable,clear,33.8,81.5,117.62,113.81,0.093,0.3626,4.93,0.138,68.58,0.6042,0.5741,0.4577,0.6629,1.0972
2006_701_Germany,2006,701,Germany,Argentina,A,group_or_knockout,Coca-Cola,draw,1,1798,81.3,65.9,22.15,57.11,210.48,0.542,0.725,29.19,0.759,0.859,0.907,0.664,4.152,0.142,High attention,Premium,clear,30.1,44.9,162.02,107.85,0.174,0.214,-1.13,0.183,59.93,0.5149,0.4498,0.3636,0.7792,1.5133
2006_702_Italy,2006,702,Italy,Ukraine,A,group_or_knockout,Visa,win,3,1755,77.8,61.6,11.04,59.31,183.83,0.511,0.434,33.4,0.799,0.761,0.842,0.628,3.633,0.109,Mid attention,Premium,hot,18.8,57.3,120.38,120.81,0.022,0.1506,5.52,0.065,52.82,0.5349,0.4522,0.2379,0.5424,1.0141
2006_703_Brazil,2006,703,Brazil,France,A,group_or_knockout,Adidas,loss,0,1829,78.8,57.4,18.61,54.91,259.32,0.49,0.639,33.15,0.938,0.809,0.916,0.65,4.124,0.124,Mid attention,Premium,clear,24.3,59.4,241.11,105.92,0.143,0.2226,2.75,0.058,59.22,0.5289,0.5744,0.3873,0.72,1.3614
2006_704_England,2006,704,England,Portugal,A,group_or_knockout,McDonald's,draw,1,1695,76.6,52.6,19.34,52.71,99.0,0.387,0.575,20.29,0.432,0.819,0.654,0.468,3.443,0.17,Mid attention,Scalable,clear,23.0,42.2,108.02,77.03,-0.097,0.1998,2.79,0.018,50.98,0.3418,0.3842,0.1616,0.5535,1.6197
2006_705_Germany,2006,705,Germany,Italy,A,group_or_knockout,Coca-Cola,loss,0,1798,81.3,65.9,22.15,57.11,162.85,0.509,0.704,29.19,0.759,0.859,0.907,0.617,4.136,0.142,High attention,Scalable,hot,24.7,57.1,132.36,60.21,-0.001,0.1072,-1.48,0.166,50.13,0.4048,0.3346,0.186,0.776,1.9171
2006_706_Portugal,2006,706,Portugal,France,A,group_or_knockout,Mengniu,loss,0,1702,76.8,47.1,14.4,54.91,173.86,0.435,0.491,17.76,0.359,0.8,0.643,0.387,3.33,0.188,Mid attention,Scalable,hot,18.8,58.1,182.93,76.07,0.124,0.0901,1.98,0.157,50.46,0.4175,0.4357,0.2375,0.539,1.291
2006_707_Germany,2006,707,Germany,Portugal,A,group_or_knockout,Coca-Cola,win,3,1798,81.3,65.9,22.15,61.51,136.06,0.487,0.719,29.19,0.759,0.859,0.907,0.719,4.153,0.142,High attention,Premium,rain,22.5,76.2,159.59,130.05,0.394,0.1029,5.65,0.317,54.65,0.5331,0.5053,0.3407,0.7794,1.462
2006_708_Italy,2006,708,Italy,France,A,group_or_knockout,Visa,draw,1,1755,77.8,61.6,11.04,57.11,177.54,0.505,0.417,33.4,0.799,0.761,0.842,0.554,3.552,0.106,Mid attention,Scalable,clear,13.4,77.3,117.38,121.86,-0.024,0.0776,1.9,0.055,54.13,0.5115,0.4059,0.1662,0.5223,1.021
2010_709_South_Africa,2010,709,South Africa,Mexico,A,group_or_knockout,Qatar Airways,draw,1,1530,68.0,32.2,12.38,58.57,122.78,0.464,0.438,26.15,0.519,0.668,0.76,0.46,3.081,0.118,Mid attention,Scalable,clear,23.8,52.7,293.01,111.18,0.032,0.1334,4.3,0.013,62.16,0.4667,0.6699,0.1914,0.3531,0.7566
2010_710_Uruguay,2010,710,Uruguay,France,A,group_or_knockout,Vivo,draw,1,1684,74.8,44.8,20.58,54.17,187.82,0.481,0.655,19.75,0.443,0.797,0.741,0.519,3.569,0.181,Mid attention,Scalable,clear,25.7,54.6,126.69,63.15,0.178,0.2769,2.87,0.138,51.71,0.4013,0.4085,0.3913,0.6125,1.5263
2010_711_Argentina,2010,711,Argentina,Nigeria,A,group_or_knockout,Hyundai,win,3,1753,76.8,58.0,19.5,56.37,216.62,0.506,0.653,30.74,0.903,0.813,0.936,0.746,4.126,0.134,Mid attention,Premium,clear,21.6,68.6,161.24,64.98,0.333,0.2574,5.03,0.26,49.4,0.4463,0.4531,0.4661,0.7442,1.6675
2010_712_England,2010,712,England,United States,A,group_or_knockout,McDonald's,draw,1,1695,76.6,52.6,19.34,58.57,180.63,0.527,0.646,20.29,0.432,0.819,0.654,0.521,3.607,0.178,Mid attention,Scalable,clear,13.3,48.6,166.99,119.7,0.176,0.3553,3.2,0.193,47.53,0.5239,0.4149,0.4364,0.597,1.1395
2010_713_South_Korea,2010,713,South Korea,Greece,A,group_or_knockout,McDonald's,win,3,1548,70.3,20.2,12.83,58.57,99.63,0.426,0.44,25.44,0.51,0.67,0.723,0.517,3.129,0.123,Mid attention,Scalable,cloudy,28.9,67.4,210.15,63.52,0.226,0.2418,0.84,0.196,63.73,0.3752,0.5555,0.3323,0.3566,0.9504
2010_714_Algeria,2010,714,Algeria,Slovenia,A,group_or_knockout,Hisense,loss,0,1543,72.2,36.3,11.9,56.37,122.88,0.445,0.412,30.28,0.732,0.66,0.889,0.485,3.314,0.109,Mid attention,Scalable,clear,25.2,56.6,190.1,93.54,0.122,0.2143,2.92,0.128,52.44,0.4192,0.4732,0.2836,0.4313,1.0288
2010_715_Germany,2010,715,Germany,Australia,A,group_or_knockout,Coca-Cola,win,3,1798,81.3,65.9,22.15,62.97,210.77,0.571,0.761,29.19,0.759,0.859,0.907,0.75,4.253,0.146,High attention,Premium,cloudy,18.6,42.5,153.85,87.64,0.105,0.1938,6.16,0.171,59.13,0.5377,0.5457,0.3202,0.8047,1.4966
2010_716_Serbia,2010,716,Serbia,Ghana,A,group_or_knockout,Vivo,loss,0,1559,68.8,36.3,15.31,56.37,162.04,0.438,0.519,23.55,0.481,0.729,0.727,0.439,3.207,0.136,Mid attention,Scalable,clear,21.3,42.7,156.1,72.86,0.164,0.1807,3.85,0.144,59.47,0.417,0.5157,0.3061,0.4297,1.0306
2010_717_Italy,2010,717,Italy,Paraguay,A,group_or_knockout,Visa,draw,1,1755,77.8,61.6,11.04,58.57,78.72,0.398,0.383,33.4,0.799,0.761,0.842,0.522,3.523,0.105,Mid attention,Scalable,clear,14.0,81.2,166.25,104.29,0.09,0.1983,2.56,0.142,63.6,0.4224,0.5404,0.2303,0.5151,1.2194
2010_718_Japan,2010,718,Japan,Cameroon,A,group_or_knockout,Adidas,win,3,1586,72.8,37.0,11.9,56.37,228.13,0.533,0.458,29.47,0.859,0.648,0.855,0.662,3.827,0.13,Mid attention,Premium,rain,16.8,55.5,204.22,121.05,0.229,0.2348,7.54,0.204,54.34,0.542,0.5719,0.413,0.541,0.9982
2010_719_Netherlands,2010,719,Netherlands,Denmark,A,group_or_knockout,Hisense,win,3,1746,75.8,49.9,15.97,58.57,173.9,0.494,0.555,32.27,0.781,0.811,0.856,0.665,3.784,0.117,Mid attention,Premium,hot,19.8,84.2,131.39,111.92,-0.004,0.3049,5.23,0.086,59.02,0.5068,0.5103,0.3197,0.6212,1.2259
2010_720_Brazil,2010,720,Brazil,North Korea,A,group_or_knockout,Adidas,win,3,1829,78.8,57.4,18.61,60.77,138.07,0.477,0.622,33.15,0.938,0.809,0.916,0.741,4.146,0.125,Mid attention,Premium,clear,30.4,49.8,302.36,93.1,0.245,0.0939,4.52,0.158,52.63,0.4705,0.6011,0.2702,0.7257,1.5423
2010_721_Ivory_Coast,2010,721,Ivory Coast,Portugal,A,group_or_knockout,Budweiser,draw,1,1587,73.8,39.2,8.73,54.17,204.53,0.471,0.35,26.15,0.673,0.659,0.897,0.48,3.562,0.136,Mid attention,Scalable,cloudy,19.2,62.7,134.6,79.79,0.16,0.2723,3.47,0.154,60.49,0.4398,0.4991,0.3912,0.5197,1.1816
2010_722_New_Zealand,2010,722,New Zealand,Slovakia,A,group_or_knockout,McDonald's,draw,1,1404,64.7,15.2,8.37,58.57,138.45,0.511,0.339,20.14,0.367,0.556,0.654,0.379,2.866,0.142,Mid attention,Watchlist,clear,26.8,96.0,175.57,121.82,0.135,0.1725,4.33,0.216,57.66,0.4951,0.5254,0.2725,0.2296,0.4637
2010_723_Honduras,2010,723,Honduras,Chile,A,group_or_knockout,Visa,loss,0,1414,62.9,9.5,7.33,56.37,132.84,0.389,0.296,28.19,0.694,0.538,0.906,0.418,2.972,0.105,Low attention,Scalable,clear,19.8,41.1,126.71,93.1,-0.008,0.3536,4.4,0.142,58.57,0.4261,0.4897,0.3226,0.285,0.6688
2010_724_South_Africa,2010,724,South Africa,Uruguay,A,group_or_knockout,Qatar Airways,loss,0,1530,68.0,32.2,12.38,60.77,191.99,0.499,0.481,26.15,0.519,0.668,0.76,0.449,3.148,0.12,Mid attention,Scalable,rain,24.5,27.6,131.97,93.93,0.058,0.2667,-1.78,0.16,49.9,0.5129,0.3278,0.3342,0.3691,0.7197
2010_725_Spain,2010,725,Spain,Switzerland,A,group_or_knockout,Budweiser,loss,0,1708,77.4,45.2,19.26,56.37,265.24,0.513,0.668,27.85,0.714,0.724,0.933,0.589,3.9,0.14,High attention,Scalable,clear,22.2,78.6,136.09,100.77,0.276,0.1138,3.63,0.177,56.89,0.5388,0.4724,0.3798,0.6484,1.2034
2010_726_Argentina,2010,726,Argentina,South Korea,A,group_or_knockout,Hyundai,win,3,1753,76.8,58.0,19.5,65.17,293.42,0.696,0.74,30.74,0.903,0.813,0.936,0.813,4.279,0.139,High attention,Premium,cloudy,28.2,44.8,153.6,78.74,0.135,0.2622,2.46,0.105,59.49,0.607,0.4926,0.4317,0.7815,1.2873
2010_727_France,2010,727,France,Mexico,A,group_or_knockout,Qatar Airways,loss,0,1748,77.8,46.5,18.67,58.57,185.11,0.519,0.631,24.02,0.51,0.801,0.711,0.507,3.669,0.153,Mid attention,Scalable,cloudy,19.8,57.7,158.64,57.57,0.184,0.1203,1.75,0.205,55.17,0.4311,0.45,0.2909,0.5854,1.3581
2010_728_Greece,2010,728,Greece,Nigeria,A,group_or_knockout,Budweiser,win,3,1521,66.0,32.8,9.21,60.77,197.66,0.565,0.4,30.87,0.736,0.686,0.866,0.604,3.408,0.11,Mid attention,Scalable,clear,13.6,48.6,142.93,122.25,0.068,0.1449,2.39,0.148,62.32,0.5611,0.5058,0.2636,0.4594,0.8188
2010_729_England,2010,729,England,Algeria,A,group_or_knockout,McDonald's,draw,1,1695,76.6,52.6,19.34,54.17,193.2,0.435,0.625,20.29,0.432,0.819,0.654,0.496,3.564,0.176,Mid attention,Scalable,clear,14.7,62.3,193.64,91.52,0.153,0.2266,-0.47,0.167,57.78,0.4494,0.4704,0.3512,0.5858,1.3035
2010_730_Germany,2010,730,Germany,Serbia,A,group_or_knockout,Coca-Cola,loss,0,1798,81.3,65.9,22.15,56.37,113.29,0.408,0.678,29.19,0.759,0.859,0.907,0.589,4.056,0.139,High attention,Scalable,clear,19.8,42.8,139.24,62.82,0.019,0.17,-0.99,0.083,51.06,0.3643,0.3562,0.2031,0.756,2.0754
2010_731_Slovenia,2010,731,Slovenia,United States,A,group_or_knockout,Vivo,draw,1,1491,66.6,28.9,8.67,62.97,215.51,0.592,0.407,14.76,0.283,0.658,0.571,0.391,3.216,0.218,Mid attention,Scalable,windy,15.5,55.1,151.29,81.07,0.166,0.3337,5.42,0.126,68.91,0.5311,0.6149,0.4408,0.4372,0.8233
2010_732_Cameroon,2010,732,Cameroon,Denmark,A,group_or_knockout,Coca-Cola,loss,0,1542,68.0,29.1,10.52,60.77,141.39,0.509,0.41,31.97,0.771,0.693,0.92,0.51,3.29,0.103,Mid attention,Scalable,cloudy,25.5,65.2,165.48,132.9,0.193,0.2251,3.77,0.211,52.19,0.5347,0.4615,0.3341,0.4517,0.8447
2010_733_Ghana,2010,733,Ghana,Australia,A,group_or_knockout,Mengniu,draw,1,1600,68.9,36.1,8.97,58.57,182.98,0.524,0.374,23.07,0.435,0.715,0.668,0.418,3.026,0.131,Mid attention,Scalable,clear,20.2,41.9,225.53,101.02,0.188,0.1633,-2.27,0.214,57.55,0.4968,0.4702,0.3191,0.3552,0.7151
2010_734_Netherlands,2010,734,Netherlands,Japan,A,group_or_knockout,Hisense,win,3,1746,75.8,49.9,15.97,56.37,151.15,0.459,0.531,32.27,0.781,0.811,0.856,0.65,3.728,0.116,Mid attention,Premium,clear,37.2,46.8,178.69,97.35,0.066,0.2299,1.59,0.099,47.04,0.4466,0.397,0.2873,0.6087,1.363
2010_735_Brazil,2010,735,Brazil,Ivory Coast,A,group_or_knockout,Adidas,win,3,1829,78.8,57.4,18.61,62.97,207.06,0.582,0.666,33.15,0.938,0.809,0.916,0.777,4.219,0.127,High attention,Premium,cloudy,12.6,52.4,184.52,62.58,0.122,0.1397,4.65,0.112,55.67,0.496,0.5215,0.2903,0.743,1.4979
2010_736_Italy,2010,736,Italy,New Zealand,A,group_or_knockout,Visa,draw,1,1755,77.8,61.6,11.04,58.57,173.0,0.507,0.424,33.4,0.799,0.761,0.842,0.558,3.652,0.109,Mid attention,Scalable,clear,24.2,35.1,122.97,126.49,0.21,0.2897,2.21,0.238,64.56,0.5287,0.5039,0.4041,0.5462,1.0332
2010_737_Slovakia,2010,737,Slovakia,Paraguay,A,group_or_knockout,Mengniu,loss,0,1525,72.8,26.2,7.47,58.57,70.79,0.457,0.286,15.95,0.312,0.642,0.626,0.297,3.107,0.195,Low attention,Watchlist,cloudy,16.2,51.2,132.23,120.69,0.135,0.0629,5.41,0.114,45.93,0.4418,0.4031,0.1575,0.3949,0.8938
2010_738_Chile,2010,738,Chile,Switzerland,A,group_or_knockout,Hisense,win,3,1622,72.9,38.6,16.65,56.37,169.36,0.498,0.557,27.36,0.7,0.681,0.911,0.639,3.7,0.135,Mid attention,Premium,rain,20.0,59.9,123.02,90.88,0.127,0.091,5.0,0.201,62.55,0.4505,0.5291,0.2365,0.5655,1.2553
2010_739_Portugal,2010,739,Portugal,North Korea,A,group_or_knockout,Mengniu,win,3,1702,76.8,47.1,14.4,69.57,237.97,0.624,0.609,17.76,0.359,0.8,0.643,0.566,3.554,0.2,Mid attention,Scalable,cloudy,23.8,51.6,289.76,90.59,0.347,0.2019,-0.05,0.242,62.49,0.6236,0.604,0.4504,0.5999,0.9619
2010_740_Spain,2010,740,Spain,Honduras,A,group_or_knockout,Budweiser,win,3,1708,77.4,45.2,19.26,58.57,189.63,0.452,0.648,27.85,0.714,0.724,0.933,0.67,3.951,0.142,Mid attention,Premium,clear,9.0,53.7,200.91,105.86,0.061,0.357,2.5,0.119,60.36,0.5093,0.5436,0.3924,0.6613,1.2983
2010_741_Greece,2010,741,Greece,Argentina,A,group_or_knockout,Budweiser,loss,0,1521,66.0,32.8,9.21,58.57,162.63,0.524,0.372,30.87,0.736,0.686,0.866,0.486,3.282,0.106,Mid attention,Scalable,clear,24.4,57.7,141.86,116.17,0.264,0.2369,1.86,0.214,47.62,0.5048,0.3725,0.3871,0.429,0.8498
2010_742_Mexico,2010,742,Mexico,Uruguay,A,group_or_knockout,Hyundai,loss,0,1612,72.1,37.6,18.89,56.37,255.12,0.564,0.654,28.5,0.853,0.712,0.897,0.64,3.853,0.135,Mid attention,Premium,clear,34.4,47.5,147.06,108.34,0.041,0.1462,-0.12,0.089,56.98,0.5428,0.4265,0.29,0.6107,1.125
2010_743_Nigeria,2010,743,Nigeria,South Korea,A,group_or_knockout,Coca-Cola,draw,1,1585,75.3,31.3,8.19,62.97,196.34,0.539,0.386,26.63,0.705,0.744,0.906,0.517,3.478,0.131,Mid attention,Scalable,cloudy,20.3,69.1,153.91,136.66,0.222,0.1644,-0.25,0.227,69.73,0.6027,0.5386,0.3436,0.555,0.9209
2010_744_South_Africa,2010,744,South Africa,France,A,group_or_knockout,Qatar Airways,win,3,1530,68.0,32.2,12.38,60.77,196.3,0.492,0.483,26.15,0.519,0.668,0.76,0.549,3.13,0.12,Mid attention,Scalable,hot,24.6,81.0,146.3,105.01,0.227,0.1478,1.11,0.219,59.55,0.5333,0.4661,0.3351,0.3655,0.6854
2010_745_Australia,2010,745,Australia,Serbia,A,group_or_knockout,Hyundai,win,3,1539,69.8,32.1,7.37,60.77,232.65,0.569,0.367,29.32,0.866,0.705,0.903,0.636,3.651,0.125,Mid attention,Premium,clear,29.1,50.6,204.83,80.07,0.105,0.1787,1.45,0.174,55.32,0.5224,0.4887,0.3247,0.5547,1.0618
2010_746_Ghana,2010,746,Ghana,Germany,A,group_or_knockout,Mengniu,loss,0,1600,68.9,36.1,8.97,56.37,178.3,0.507,0.359,23.07,0.435,0.715,0.668,0.375,2.971,0.129,Mid attention,Watchlist,cloudy,22.0,65.8,157.6,87.22,0.034,0.2152,3.39,0.114,60.07,0.4516,0.5152,0.2814,0.3416,0.7564
2010_747_Slovenia,2010,747,Slovenia,England,A,group_or_knockout,Vivo,loss,0,1491,66.6,28.9,8.67,56.37,125.27,0.496,0.328,14.76,0.283,0.658,0.571,0.31,3.076,0.208,Low attention,Watchlist,rain,19.5,54.2,284.93,110.55,-0.041,0.5048,4.99,0.086,58.43,0.4474,0.6414,0.4007,0.3958,0.8847
2010_748_United_States,2010,748,United States,Algeria,A,group_or_knockout,Vivo,win,3,1578,71.9,31.0,12.75,56.37,81.39,0.432,0.416,22.58,0.432,0.676,0.652,0.483,3.058,0.135,Mid attention,Scalable,clear,9.3,63.8,231.49,70.18,0.095,0.3346,3.88,0.146,46.36,0.3514,0.4739,0.3223,0.3355,0.9549
2010_749_Cameroon,2010,749,Cameroon,Netherlands,A,group_or_knockout,Coca-Cola,loss,0,1542,68.0,29.1,10.52,60.77,151.94,0.504,0.415,31.97,0.771,0.693,0.92,0.511,3.264,0.102,Mid attention,Scalable,clear,26.8,83.1,253.27,72.97,0.209,0.2623,4.38,0.175,61.96,0.4499,0.6332,0.3722,0.4451,0.9894
2010_750_Denmark,2010,750,Denmark,Japan,A,group_or_knockout,Coca-Cola,loss,0,1642,71.5,43.1,19.09,62.97,222.68,0.56,0.685,33.85,0.793,0.715,0.895,0.631,3.719,0.11,High attention,Premium,clear,22.3,66.1,223.74,116.01,0.048,0.2415,2.24,0.169,64.18,0.5907,0.5928,0.3336,0.5512,0.9332
2010_751_Paraguay,2010,751,Paraguay,New Zealand,A,group_or_knockout,Hyundai,draw,1,1578,69.9,30.5,12.88,54.17,140.23,0.432,0.432,26.2,0.812,0.667,0.921,0.551,3.849,0.147,Mid attention,Scalable,rain,16.9,29.6,146.42,80.05,0.166,0.2737,4.07,0.208,56.92,0.3913,0.4887,0.3528,0.6061,1.5492
2010_752_Slovakia,2010,752,Slovakia,Italy,A,group_or_knockout,Mengniu,win,3,1525,72.8,26.2,7.47,65.17,233.07,0.608,0.397,15.95,0.312,0.642,0.626,0.466,3.27,0.205,Mid attention,Scalable,cloudy,23.8,65.3,227.34,127.83,0.009,0.1573,2.49,0.087,58.25,0.6372,0.5497,0.2686,0.4409,0.692
2010_753_Chile,2010,753,Chile,Spain,A,group_or_knockout,Hisense,loss,0,1622,72.9,38.6,16.65,60.77,181.04,0.505,0.589,27.36,0.7,0.681,0.911,0.553,3.7,0.135,Mid attention,Scalable,rain,19.5,77.7,167.32,66.04,0.133,0.2022,1.87,0.117,56.18,0.4613,0.4682,0.3186,0.5655,1.2258
2010_754_North_Korea,2010,754,North Korea,Ivory Coast,A,group_or_knockout,Adidas,loss,0,1482,66.9,26.9,8.79,60.77,249.08,0.633,0.412,26.45,0.823,0.656,0.915,0.55,3.746,0.142,Mid attention,Scalable,hot,19.8,54.5,274.42,81.21,0.042,0.2681,6.78,0.171,68.4,0.5366,0.7432,0.3653,0.5694,1.061
2010_755_Portugal,2010,755,Portugal,Brazil,A,group_or_knockout,Mengniu,draw,1,1702,76.8,47.1,14.4,54.17,142.52,0.483,0.473,17.76,0.359,0.8,0.643,0.422,3.25,0.183,Mid attention,Scalable,rain,26.6,73.9,180.04,67.63,0.148,0.2029,-2.09,0.162,53.44,0.3738,0.3968,0.3006,0.5163,1.3814
2010_756_Switzerland,2010,756,Switzerland,Honduras,A,group_or_knockout,Adidas,draw,1,1632,72.7,48.1,17.05,54.17,176.45,0.487,0.557,31.4,0.904,0.774,0.888,0.64,3.891,0.124,Mid attention,Premium,windy,15.0,47.0,173.77,97.9,0.106,0.1177,-1.13,0.125,52.17,0.4465,0.3949,0.249,0.6402,1.4337
2010_757_Uruguay,2010,757,Uruguay,South Korea,A,group_or_knockout,Vivo,win,3,1684,74.8,44.8,20.58,60.77,200.09,0.52,0.701,19.75,0.443,0.797,0.741,0.61,3.732,0.189,High attention,Scalable,rain,29.3,34.2,188.46,114.68,0.037,0.2247,3.6,0.165,68.99,0.5512,0.6219,0.3031,0.6558,1.1898
2010_758_United_States,2010,758,United States,Ghana,A,group_or_knockout,Vivo,loss,0,1578,71.9,31.0,12.75,60.77,264.42,0.611,0.523,22.58,0.432,0.676,0.652,0.455,3.239,0.143,Mid attention,Scalable,hot,14.6,60.3,282.07,90.72,0.09,0.2774,2.24,0.12,52.42,0.5631,0.5464,0.4026,0.3824,0.6791
2010_759_Argentina,2010,759,Argentina,Mexico,A,group_or_knockout,Hyundai,win,3,1753,76.8,58.0,19.5,62.97,111.59,0.53,0.648,30.74,0.903,0.813,0.936,0.748,4.065,0.132,Mid attention,Premium,hot,19.0,29.9,132.19,95.8,0.063,0.1938,-0.22,0.107,58.14,0.4748,0.4213,0.2368,0.7294,1.5363
2010_760_Germany,2010,760,Germany,England,A,group_or_knockout,Coca-Cola,win,3,1798,81.3,65.9,22.15,65.17,163.8,0.583,0.754,29.19,0.759,0.859,0.907,0.75,4.167,0.143,High attention,Premium,rain,34.5,54.2,310.0,69.84,0.025,0.3023,0.59,0.104,68.66,0.4945,0.6843,0.3242,0.7835,1.5843
2010_761_Brazil,2010,761,Brazil,Chile,A,group_or_knockout,Adidas,win,3,1829,78.8,57.4,18.61,60.77,220.23,0.593,0.658,33.15,0.938,0.809,0.916,0.776,4.168,0.126,Mid attention,Premium,rain,29.8,78.6,174.26,110.14,0.264,0.1467,0.86,0.156,63.0,0.5595,0.5169,0.3664,0.7315,1.3073
2010_762_Netherlands,2010,762,Netherlands,Slovakia,A,group_or_knockout,Hisense,win,3,1746,75.8,49.9,15.97,60.77,267.72,0.607,0.609,32.27,0.781,0.811,0.856,0.706,3.901,0.121,Mid attention,Premium,windy,23.6,27.4,128.45,133.09,0.12,0.2381,4.67,0.159,68.55,0.6313,0.5797,0.3927,0.6499,1.0296
2010_763_Paraguay,2010,763,Paraguay,Japan,A,group_or_knockout,Hyundai,draw,1,1578,69.9,30.5,12.88,54.17,165.56,0.469,0.443,26.2,0.812,0.667,0.921,0.562,3.84,0.147,Mid attention,Scalable,cloudy,17.4,37.5,134.84,103.54,-0.064,0.3674,5.35,0.051,55.01,0.447,0.4813,0.328,0.6043,1.3521
2010_764_Spain,2010,764,Spain,Portugal,A,group_or_knockout,Budweiser,win,3,1708,77.4,45.2,19.26,56.37,148.41,0.48,0.617,27.85,0.714,0.724,0.933,0.663,3.806,0.137,Mid attention,Premium,cloudy,19.8,41.5,112.08,67.08,0.094,0.1915,6.24,0.111,50.32,0.3976,0.4344,0.2731,0.6257,1.5735
2010_765_Netherlands,2010,765,Netherlands,Brazil,A,group_or_knockout,Hisense,win,3,1746,75.8,49.9,15.97,60.77,214.67,0.564,0.586,32.27,0.781,0.811,0.856,0.69,3.72,0.115,Mid attention,Premium,cloudy,23.4,57.0,214.97,103.92,0.248,0.2954,-0.54,0.186,56.1,0.5456,0.4745,0.4518,0.6058,1.1102
2010_766_Uruguay,2010,766,Uruguay,Ghana,A,group_or_knockout,Vivo,draw,1,1684,74.8,44.8,20.58,58.57,213.46,0.48,0.693,19.75,0.443,0.797,0.741,0.534,3.678,0.186,High attention,Scalable,hot,23.2,52.1,135.73,75.17,0.08,0.2851,-0.07,0.114,47.58,0.4799,0.3374,0.3699,0.641,1.3356
2010_767_Argentina,2010,767,Argentina,Germany,A,group_or_knockout,Hyundai,loss,0,1753,76.8,58.0,19.5,62.97,162.71,0.548,0.67,30.74,0.903,0.813,0.936,0.66,4.024,0.131,High attention,Premium,cloudy,22.5,80.4,197.32,59.14,0.306,0.1267,-0.21,0.19,70.06,0.4569,0.5815,0.3345,0.7199,1.5756
2010_768_Paraguay,2010,768,Paraguay,Spain,A,group_or_knockout,Hyundai,loss,0,1578,69.9,30.5,12.88,56.37,176.69,0.465,0.461,26.2,0.812,0.667,0.921,0.535,3.822,0.146,Mid attention,Scalable,rain,22.8,73.3,224.86,63.91,0.071,0.1564,5.51,0.127,46.58,0.4142,0.4944,0.2587,0.5994,1.447
2010_769_Uruguay,2010,769,Uruguay,Netherlands,A,group_or_knockout,Vivo,loss,0,1684,74.8,44.8,20.58,65.17,259.19,0.598,0.754,19.75,0.443,0.797,0.741,0.545,3.739,0.189,High attention,Scalable,rain,21.7,65.9,165.5,67.34,0.207,0.2354,3.68,0.181,63.64,0.5633,0.557,0.4239,0.6572,1.1667
2010_770_Germany,2010,770,Germany,Spain,A,group_or_knockout,Coca-Cola,loss,0,1798,81.3,65.9,22.15,56.37,273.49,0.59,0.747,29.19,0.759,0.859,0.907,0.648,4.181,0.143,High attention,Premium,windy,14.3,60.3,158.37,65.09,0.26,0.2522,2.97,0.214,52.11,0.4898,0.4423,0.4676,0.7863,1.6053
2010_771_Uruguay,2010,771,Uruguay,Germany,A,group_or_knockout,Vivo,loss,0,1684,74.8,44.8,20.58,65.17,229.28,0.661,0.741,19.75,0.443,0.797,0.741,0.551,3.732,0.189,High attention,Scalable,clear,19.9,64.3,141.34,126.06,0.201,0.5589,3.28,0.302,53.98,0.6315,0.4473,0.6108,0.6558,1.0384
2010_772_Netherlands,2010,772,Netherlands,Spain,A,group_or_knockout,Hisense,loss,0,1746,75.8,49.9,15.97,56.37,163.09,0.509,0.537,32.27,0.781,0.811,0.856,0.561,3.717,0.115,Mid attention,Scalable,rain,28.5,44.2,153.68,72.19,0.019,0.2591,2.68,0.099,49.91,0.4167,0.415,0.2932,0.6052,1.4523
2014_773_Brazil,2014,773,Brazil,Croatia,A,group_or_knockout,Adidas,win,3,1829,78.8,57.4,18.61,64.42,181.32,0.581,0.663,33.15,0.938,0.809,0.916,0.776,4.244,0.128,High attention,Premium,rain,14.8,71.7,368.31,121.38,0.062,0.2353,0.45,0.144,64.94,0.5809,0.7038,0.3087,0.7493,1.2899
2014_774_Chile,2014,774,Chile,Australia,A,group_or_knockout,Hisense,win,3,1622,72.9,38.6,16.65,64.42,215.18,0.633,0.626,27.36,0.7,0.681,0.911,0.69,3.819,0.14,Mid attention,Premium,windy,21.9,40.2,235.08,137.44,0.273,0.24,3.88,0.243,50.97,0.6315,0.5162,0.4274,0.5959,0.9436
2014_775_Mexico,2014,775,Mexico,Cameroon,A,group_or_knockout,Hyundai,win,3,1612,72.1,37.6,18.89,57.82,159.96,0.486,0.621,28.5,0.853,0.712,0.897,0.714,3.832,0.134,Mid attention,Premium,hot,18.1,71.4,162.58,95.2,0.076,0.1884,2.41,0.121,65.21,0.4633,0.5484,0.2707,0.6052,1.3061
2014_776_Spain,2014,776,Spain,Netherlands,A,group_or_knockout,Budweiser,loss,0,1708,77.4,45.2,19.26,68.82,207.39,0.646,0.719,27.85,0.714,0.724,0.933,0.632,3.92,0.141,High attention,Premium,cloudy,23.7,77.0,177.43,105.37,0.254,0.2947,0.28,0.224,76.2,0.6164,0.6227,0.4492,0.6538,1.0607
2014_777_Colombia,2014,777,Colombia,Greece,A,group_or_knockout,Vivo,win,3,1650,74.7,50.9,8.73,62.22,132.22,0.487,0.368,18.25,0.396,0.764,0.653,0.462,3.448,0.189,Mid attention,Scalable,cloudy,20.7,61.4,184.94,116.67,0.113,0.3095,4.01,0.153,50.43,0.5159,0.468,0.3473,0.5442,1.0548
2014_778_England,2014,778,England,Italy,A,group_or_knockout,McDonald's,loss,0,1695,76.6,52.6,19.34,62.22,255.66,0.609,0.701,20.29,0.432,0.819,0.654,0.523,3.637,0.179,High attention,Scalable,clear,31.9,55.2,193.1,63.85,0.17,0.1764,1.91,0.172,67.98,0.5281,0.5921,0.3671,0.6044,1.1444
2014_779_Ivory_Coast,2014,779,Ivory Coast,Japan,A,group_or_knockout,Budweiser,win,3,1587,73.8,39.2,8.73,62.22,129.21,0.517,0.367,26.15,0.673,0.659,0.897,0.561,3.604,0.138,Mid attention,Scalable,windy,26.0,64.4,168.33,90.63,0.018,0.1594,3.28,0.073,55.89,0.4733,0.488,0.2062,0.5308,1.1215
2014_780_Uruguay,2014,780,Uruguay,Costa Rica,A,group_or_knockout,Vivo,loss,0,1684,74.8,44.8,20.58,64.42,163.11,0.526,0.707,19.75,0.443,0.797,0.741,0.514,3.69,0.187,High attention,Scalable,clear,15.1,15.0,220.95,99.75,0.095,0.2791,2.54,0.123,51.81,0.5335,0.4902,0.3398,0.6447,1.2086
2014_781_Argentina,2014,781,Argentina,Bosnia and Herzegovina,A,group_or_knockout,Hyundai,win,3,1753,76.8,58.0,19.5,62.22,182.73,0.549,0.674,30.74,0.903,0.813,0.936,0.762,4.176,0.136,High attention,Premium,rain,27.0,62.8,147.28,123.22,0.069,0.2269,4.67,0.125,55.39,0.5646,0.4856,0.3073,0.7569,1.3407
2014_782_France,2014,782,France,Honduras,A,group_or_knockout,Qatar Airways,win,3,1748,77.8,46.5,18.67,62.22,310.49,0.632,0.708,24.02,0.51,0.801,0.711,0.656,3.878,0.161,High attention,Premium,rain,18.4,56.2,147.1,121.86,0.179,0.3119,3.26,0.111,66.65,0.6598,0.5594,0.4944,0.6378,0.9668
2014_783_Switzerland,2014,783,Switzerland,Ecuador,A,group_or_knockout,Adidas,win,3,1632,72.7,48.1,17.05,62.22,157.96,0.583,0.599,31.4,0.904,0.774,0.888,0.74,3.916,0.125,Mid attention,Premium,cloudy,19.5,57.2,205.04,124.61,0.166,0.5082,0.94,0.25,63.45,0.5478,0.55,0.516,0.6465,1.1801
2014_784_Germany,2014,784,Germany,Portugal,A,group_or_knockout,Coca-Cola,win,3,1798,81.3,65.9,22.15,64.42,152.77,0.58,0.744,29.19,0.759,0.859,0.907,0.745,4.157,0.142,High attention,Premium,clear,24.9,69.3,144.5,116.42,0.202,0.3122,3.48,0.27,55.78,0.5514,0.4684,0.4018,0.7801,1.4148
2014_785_Ghana,2014,785,Ghana,United States,A,group_or_knockout,Mengniu,loss,0,1600,68.9,36.1,8.97,62.22,152.39,0.531,0.383,23.07,0.435,0.715,0.668,0.389,3.058,0.133,Mid attention,Scalable,clear,20.0,56.8,224.29,98.91,0.107,0.3119,3.54,0.156,64.64,0.5038,0.6168,0.3593,0.3643,0.7232
2014_786_Iran,2014,786,Iran,Nigeria,A,group_or_knockout,Visa,draw,1,1519,68.7,30.6,12.34,55.62,252.91,0.529,0.475,29.04,0.732,0.637,0.935,0.558,3.557,0.122,Mid attention,Scalable,hot,28.4,39.8,166.5,109.92,0.063,0.2804,3.87,0.15,57.56,0.5367,0.5094,0.3851,0.4999,0.9314
2014_787_Belgium,2014,787,Belgium,Algeria,A,group_or_knockout,Visa,win,3,1674,71.5,40.4,23.19,62.22,80.9,0.485,0.727,26.85,0.713,0.72,0.914,0.706,3.834,0.143,High attention,Premium,cloudy,18.4,55.7,118.36,126.63,0.174,0.3859,4.98,0.226,65.17,0.4923,0.5467,0.3902,0.6295,1.2788
2014_788_Brazil,2014,788,Brazil,Mexico,A,group_or_knockout,Adidas,draw,1,1829,78.8,57.4,18.61,55.62,120.03,0.43,0.583,33.15,0.938,0.809,0.916,0.651,4.127,0.124,Mid attention,Premium,clear,19.3,59.1,171.73,84.8,0.053,0.4732,1.51,0.094,54.21,0.3966,0.4501,0.4185,0.7206,1.817
2014_789_Russia,2014,789,Russia,South Korea,A,group_or_knockout,Hyundai,draw,1,1676,72.7,49.8,18.23,60.02,368.5,0.617,0.708,26.07,0.814,0.69,0.874,0.69,4.327,0.166,High attention,Premium,rain,19.1,59.8,118.32,130.93,0.264,0.2066,4.2,0.243,64.51,0.6978,0.5293,0.5019,0.724,1.0376
2014_790_Australia,2014,790,Australia,Netherlands,A,group_or_knockout,Hyundai,loss,0,1539,69.8,32.1,7.37,66.62,224.63,0.623,0.399,29.32,0.866,0.705,0.903,0.558,3.614,0.123,Mid attention,Scalable,clear,19.6,60.6,238.02,135.72,0.145,0.2909,-0.82,0.149,67.35,0.6563,0.5864,0.4097,0.5446,0.8298
2014_791_Cameroon,2014,791,Cameroon,Croatia,A,group_or_knockout,Coca-Cola,loss,0,1542,68.0,29.1,10.52,64.42,135.06,0.523,0.43,31.97,0.771,0.693,0.92,0.52,3.319,0.104,Mid attention,Scalable,hot,29.6,74.6,181.86,100.73,0.124,0.1058,2.55,0.219,53.16,0.5136,0.4662,0.2223,0.4588,0.8933
2014_792_Spain,2014,792,Spain,Chile,A,group_or_knockout,Budweiser,loss,0,1708,77.4,45.2,19.26,60.02,169.51,0.482,0.648,27.85,0.714,0.724,0.933,0.576,3.852,0.138,Mid attention,Scalable,clear,26.8,40.6,286.42,59.42,0.202,0.2372,2.22,0.178,64.32,0.4354,0.6507,0.3643,0.6362,1.4612
2014_793_Colombia,2014,793,Colombia,Ivory Coast,A,group_or_knockout,Vivo,win,3,1650,74.7,50.9,8.73,62.22,181.19,0.563,0.389,18.25,0.396,0.764,0.653,0.484,3.503,0.192,Mid attention,Scalable,clear,33.3,60.8,244.33,74.16,0.149,0.4442,5.84,0.215,55.78,0.4873,0.5949,0.4823,0.5592,1.1475
2014_794_Japan,2014,794,Japan,Greece,A,group_or_knockout,Adidas,draw,1,1586,72.8,37.0,11.9,55.62,201.43,0.499,0.441,29.47,0.859,0.648,0.855,0.583,3.813,0.129,Mid attention,Scalable,clear,36.6,78.6,128.17,106.2,-0.01,0.4091,2.47,0.1,57.5,0.4917,0.4528,0.4023,0.5369,1.0918
2014_795_Uruguay,2014,795,Uruguay,England,A,group_or_knockout,Vivo,win,3,1684,74.8,44.8,20.58,62.22,297.6,0.576,0.752,19.75,0.443,0.797,0.741,0.64,3.798,0.192,High attention,Premium,cloudy,16.8,30.2,112.79,64.99,0.05,0.2448,4.08,0.196,63.65,0.5618,0.5151,0.3855,0.673,1.198
2014_796_Honduras,2014,796,Honduras,Ecuador,A,group_or_knockout,Visa,loss,0,1414,62.9,9.5,7.33,62.22,198.24,0.557,0.36,28.19,0.694,0.538,0.906,0.473,3.015,0.107,Mid attention,Scalable,cloudy,23.4,60.9,154.76,94.0,0.262,0.2798,-0.9,0.198,56.06,0.5311,0.4139,0.4372,0.2962,0.5578
2014_797_Italy,2014,797,Italy,Costa Rica,A,group_or_knockout,Visa,loss,0,1755,77.8,61.6,11.04,57.82,142.05,0.501,0.406,33.4,0.799,0.761,0.842,0.516,3.578,0.107,Mid attention,Scalable,rain,15.9,48.6,128.0,97.5,0.165,0.2851,2.06,0.215,48.47,0.4533,0.3701,0.3609,0.5288,1.1666
2014_798_Switzerland,2014,798,Switzerland,France,A,group_or_knockout,Adidas,loss,0,1632,72.7,48.1,17.05,71.03,253.02,0.724,0.694,31.4,0.904,0.774,0.888,0.702,4.035,0.129,High attention,Premium,cloudy,18.3,52.1,336.82,145.03,-0.012,0.1966,1.02,0.107,73.17,0.7329,0.7533,0.2978,0.6756,0.9218
2014_799_Argentina,2014,799,Argentina,Iran,A,group_or_knockout,Hyundai,win,3,1753,76.8,58.0,19.5,57.82,135.89,0.498,0.627,30.74,0.903,0.813,0.936,0.735,4.101,0.133,Mid attention,Premium,clear,19.2,43.5,173.25,115.71,0.191,0.1725,8.0,0.188,62.77,0.4768,0.6219,0.2956,0.7379,1.5477
2014_800_Germany,2014,800,Germany,Ghana,A,group_or_knockout,Coca-Cola,draw,1,1798,81.3,65.9,22.15,64.42,137.84,0.547,0.738,29.19,0.759,0.859,0.907,0.67,4.141,0.142,High attention,Premium,clear,16.7,55.3,244.39,121.98,0.1,0.1011,1.4,0.134,69.69,0.5487,0.6455,0.2104,0.777,1.4161
2014_801_Nigeria,2014,801,Nigeria,Bosnia and Herzegovina,A,group_or_knockout,Coca-Cola,win,3,1585,75.3,31.3,8.19,57.82,100.94,0.424,0.313,26.63,0.705,0.744,0.906,0.535,3.361,0.126,Low attention,Scalable,clear,16.7,87.5,161.75,82.68,0.069,0.1234,2.95,0.09,58.14,0.399,0.496,0.187,0.5249,1.3157
2014_802_Belgium,2014,802,Belgium,Russia,A,group_or_knockout,Visa,win,3,1674,71.5,40.4,23.19,57.82,106.6,0.421,0.711,26.85,0.713,0.72,0.914,0.688,3.749,0.14,High attention,Premium,windy,22.1,37.8,166.07,62.73,0.042,0.2369,3.07,0.02,49.83,0.3724,0.4315,0.2521,0.6085,1.6343
2014_803_South_Korea,2014,803,South Korea,Algeria,A,group_or_knockout,McDonald's,loss,0,1548,70.3,20.2,12.83,68.82,153.01,0.615,0.526,25.44,0.51,0.67,0.723,0.484,3.253,0.128,Mid attention,Scalable,clear,15.7,39.3,205.07,121.85,0.256,0.2063,-0.54,0.245,61.51,0.6005,0.5112,0.3575,0.388,0.6462
2014_804_United_States,2014,804,United States,Portugal,A,group_or_knockout,Vivo,draw,1,1578,71.9,31.0,12.75,64.42,132.38,0.552,0.488,22.58,0.432,0.676,0.652,0.465,3.106,0.138,Mid attention,Scalable,windy,28.1,37.2,255.2,73.16,-0.04,0.1297,1.7,0.048,67.75,0.4689,0.6435,0.1633,0.3492,0.7447
2014_805_Australia,2014,805,Australia,Spain,A,group_or_knockout,Hyundai,loss,0,1539,69.8,32.1,7.37,62.22,194.1,0.593,0.359,29.32,0.866,0.705,0.903,0.538,3.613,0.123,Mid attention,Scalable,clear,17.5,85.6,202.06,101.4,0.072,0.3614,3.65,0.181,57.73,0.5394,0.5398,0.403,0.5444,1.0093
2014_806_Brazil,2014,806,Brazil,Cameroon,A,group_or_knockout,Adidas,win,3,1829,78.8,57.4,18.61,66.62,136.07,0.599,0.657,33.15,0.938,0.809,0.916,0.777,4.266,0.129,Mid attention,Premium,clear,39.0,50.6,153.65,144.89,0.168,0.3609,2.98,0.194,69.53,0.6031,0.5854,0.4074,0.755,1.252
2014_807_Croatia,2014,807,Croatia,Mexico,A,group_or_knockout,Hisense,loss,0,1671,75.1,52.8,21.52,64.42,76.34,0.502,0.694,28.53,0.731,0.792,0.927,0.603,3.699,0.13,High attention,Scalable,clear,20.3,57.6,290.34,104.06,0.314,0.1716,-2.03,0.272,57.42,0.4741,0.5317,0.3107,0.6368,1.3433
2014_808_Netherlands,2014,808,Netherlands,Chile,A,group_or_knockout,Hisense,win,3,1746,75.8,49.9,15.97,60.02,128.05,0.456,0.544,32.27,0.781,0.811,0.856,0.654,3.714,0.115,Mid attention,Premium,clear,23.4,51.6,167.58,104.39,0.212,0.2462,1.61,0.219,46.95,0.4735,0.3865,0.3475,0.6046,1.2769
2014_809_Costa_Rica,2014,809,Costa Rica,England,A,group_or_knockout,Visa,draw,1,1585,73.1,26.3,15.16,55.62,139.27,0.439,0.5,31.23,0.76,0.677,0.885,0.561,3.395,0.109,Mid attention,Scalable,rain,15.2,42.9,149.11,99.05,0.072,0.1936,4.94,0.033,55.47,0.4333,0.492,0.2588,0.4569,1.0545
2014_810_Greece,2014,810,Greece,Ivory Coast,A,group_or_knockout,Budweiser,win,3,1521,66.0,32.8,9.21,62.22,150.08,0.535,0.389,30.87,0.736,0.686,0.866,0.594,3.375,0.109,Mid attention,Scalable,cloudy,33.2,54.2,92.14,123.16,0.309,0.3688,4.04,0.268,61.99,0.5396,0.4817,0.4841,0.4515,0.8368
2014_811_Italy,2014,811,Italy,Uruguay,A,group_or_knockout,Visa,loss,0,1755,77.8,61.6,11.04,57.82,252.85,0.541,0.455,33.4,0.799,0.761,0.842,0.542,3.671,0.11,Mid attention,Scalable,clear,29.7,96.0,203.55,84.73,0.021,0.1902,5.36,0.087,58.16,0.5178,0.5706,0.3081,0.5513,1.0647
2014_812_Japan,2014,812,Japan,Colombia,A,group_or_knockout,Adidas,loss,0,1586,72.8,37.0,11.9,66.62,160.33,0.569,0.491,29.47,0.859,0.648,0.855,0.581,3.805,0.129,Mid attention,Scalable,rain,24.8,80.3,205.26,103.05,0.183,0.3806,0.73,0.232,58.4,0.5567,0.5043,0.4426,0.5353,0.9615
2014_813_Bosnia_and_Herzegovina,2014,813,Bosnia and Herzegovina,Iran,A,group_or_knockout,Mengniu,win,3,1562,71.1,29.9,10.24,64.42,235.59,0.616,0.466,16.77,0.332,0.615,0.658,0.501,3.331,0.199,Mid attention,Scalable,cloudy,14.9,44.4,198.42,72.71,0.205,0.3583,5.49,0.22,69.06,0.5468,0.6601,0.487,0.4395,0.8039
2014_814_Ecuador,2014,814,Ecuador,France,A,group_or_knockout,McDonald's,draw,1,1623,71.6,42.9,13.81,55.62,158.1,0.446,0.473,16.55,0.347,0.689,0.657,0.411,3.316,0.2,Mid attention,Scalable,windy,24.3,68.4,151.08,94.5,0.068,0.2672,2.71,0.149,53.14,0.4406,0.4404,0.3169,0.4857,1.1023
2014_815_Honduras,2014,815,Honduras,Switzerland,A,group_or_knockout,Visa,loss,0,1414,62.9,9.5,7.33,62.22,175.71,0.528,0.35,28.19,0.694,0.538,0.906,0.464,3.038,0.108,Mid attention,Scalable,windy,16.3,44.7,161.88,79.92,0.226,0.3084,6.14,0.193,65.61,0.4921,0.6075,0.425,0.3022,0.614
2014_816_Nigeria,2014,816,Nigeria,Argentina,A,group_or_knockout,Coca-Cola,loss,0,1585,75.3,31.3,8.19,66.62,150.67,0.587,0.389,26.63,0.705,0.744,0.906,0.493,3.419,0.128,Mid attention,Scalable,rain,31.8,29.6,182.47,103.92,0.105,0.1063,2.81,0.095,66.62,0.5507,0.5845,0.2244,0.5392,0.9791
2014_817_Algeria,2014,817,Algeria,Russia,A,group_or_knockout,Hisense,draw,1,1543,72.2,36.3,11.9,60.02,168.72,0.505,0.454,30.28,0.732,0.66,0.889,0.546,3.309,0.109,Mid attention,Scalable,rain,27.9,74.3,202.44,113.83,0.226,0.1983,-1.5,0.176,55.81,0.5191,0.4461,0.3493,0.4303,0.8289
2014_818_South_Korea,2014,818,South Korea,Belgium,A,group_or_knockout,McDonald's,loss,0,1548,70.3,20.2,12.83,57.82,133.37,0.475,0.45,25.44,0.51,0.67,0.723,0.43,3.148,0.124,Mid attention,Scalable,rain,23.6,76.6,203.79,53.36,-0.028,0.3002,4.58,0.023,59.25,0.3782,0.5683,0.2795,0.3617,0.9563
2014_819_Portugal,2014,819,Portugal,Ghana,A,group_or_knockout,Mengniu,win,3,1702,76.8,47.1,14.4,62.22,186.47,0.56,0.541,17.76,0.359,0.8,0.643,0.529,3.452,0.194,Mid attention,Scalable,cloudy,8.4,74.7,176.43,101.61,0.19,0.3633,1.87,0.171,61.41,0.5339,0.5207,0.4516,0.5714,1.0703
2014_820_United_States,2014,820,United States,Germany,A,group_or_knockout,Vivo,loss,0,1578,71.9,31.0,12.75,57.82,154.65,0.451,0.457,22.58,0.432,0.676,0.652,0.402,3.042,0.135,Mid attention,Scalable,rain,17.1,50.5,220.21,65.08,0.115,0.3954,2.01,0.109,55.73,0.4126,0.5147,0.4183,0.3324,0.8055
2014_821_Brazil,2014,821,Brazil,Chile,A,group_or_knockout,Adidas,draw,1,1829,78.8,57.4,18.61,60.02,131.65,0.479,0.615,33.15,0.938,0.809,0.916,0.672,4.116,0.124,Mid attention,Premium,clear,27.1,55.3,176.78,75.82,0.271,0.0917,-0.25,0.15,60.83,0.432,0.4841,0.2761,0.7184,1.6631
2014_822_Colombia,2014,822,Colombia,Uruguay,A,group_or_knockout,Vivo,win,3,1650,74.7,50.9,8.73,60.02,226.42,0.594,0.396,18.25,0.396,0.764,0.653,0.492,3.484,0.191,Mid attention,Scalable,rain,30.3,70.0,158.96,56.73,0.152,0.2103,6.21,0.164,48.67,0.4746,0.4627,0.3619,0.5541,1.1676
2014_823_Costa_Rica,2014,823,Costa Rica,Greece,A,group_or_knockout,Visa,draw,1,1585,73.1,26.3,15.16,60.02,193.29,0.5,0.551,31.23,0.76,0.677,0.885,0.591,3.517,0.113,Mid attention,Scalable,windy,29.7,64.3,189.48,67.24,0.281,0.1367,1.71,0.23,66.48,0.4656,0.5731,0.3498,0.4866,1.0451
2014_824_Netherlands,2014,824,Netherlands,Mexico,A,group_or_knockout,Hisense,win,3,1746,75.8,49.9,15.97,62.22,156.84,0.475,0.57,32.27,0.781,0.811,0.856,0.668,3.776,0.117,Mid attention,Premium,clear,13.4,51.7,133.06,135.8,0.207,0.1011,6.11,0.173,56.04,0.5643,0.4999,0.2703,0.6196,1.098
2014_825_France,2014,825,France,Nigeria,A,group_or_knockout,Qatar Airways,win,3,1748,77.8,46.5,18.67,60.02,178.65,0.472,0.637,24.02,0.51,0.801,0.711,0.6,3.687,0.153,Mid attention,Scalable,hot,24.8,32.1,191.11,131.93,0.143,0.2499,1.89,0.142,51.67,0.5547,0.452,0.3523,0.589,1.0618
2014_826_Germany,2014,826,Germany,Algeria,A,group_or_knockout,Coca-Cola,win,3,1798,81.3,65.9,22.15,62.22,173.68,0.545,0.74,29.19,0.759,0.859,0.907,0.738,4.158,0.142,High attention,Premium,windy,29.1,59.8,127.12,114.22,0.235,0.15,0.85,0.157,65.82,0.5437,0.4977,0.3253,0.7803,1.4352
2014_827_Argentina,2014,827,Argentina,Switzerland,A,group_or_knockout,Hyundai,win,3,1753,76.8,58.0,19.5,57.82,129.59,0.467,0.624,30.74,0.903,0.813,0.936,0.728,4.056,0.132,Mid attention,Premium,clear,13.0,75.3,134.34,98.03,0.236,0.2588,5.57,0.191,49.91,0.4446,0.4411,0.3673,0.7276,1.6366
2014_828_Belgium,2014,828,Belgium,United States,A,group_or_knockout,Visa,win,3,1674,71.5,40.4,23.19,62.22,181.35,0.546,0.771,26.85,0.713,0.72,0.914,0.733,3.872,0.144,High attention,Premium,cloudy,23.0,38.8,112.84,118.85,0.203,0.2009,2.65,0.152,70.84,0.5567,0.5544,0.349,0.6384,1.1467
2014_829_Brazil,2014,829,Brazil,Colombia,A,group_or_knockout,Adidas,win,3,1829,78.8,57.4,18.61,62.22,149.42,0.562,0.636,33.15,0.938,0.809,0.916,0.762,4.222,0.127,Mid attention,Premium,windy,24.6,68.2,178.91,128.52,-0.073,0.2909,2.67,0.064,57.95,0.5474,0.5058,0.2641,0.7435,1.3583
2014_830_France,2014,830,France,Germany,A,group_or_knockout,Qatar Airways,loss,0,1748,77.8,46.5,18.67,57.82,126.82,0.392,0.601,24.02,0.51,0.801,0.711,0.472,3.554,0.148,Mid attention,Scalable,windy,21.2,63.3,259.76,91.07,0.058,0.3296,0.11,0.074,51.27,0.4317,0.4842,0.3324,0.5557,1.2874
2014_831_Argentina,2014,831,Argentina,Belgium,A,group_or_knockout,Hyundai,win,3,1753,76.8,58.0,19.5,57.82,104.9,0.461,0.613,30.74,0.903,0.813,0.936,0.723,4.0,0.13,Mid attention,Premium,clear,11.9,70.0,168.69,54.69,0.295,0.22,1.84,0.25,46.39,0.3586,0.3862,0.3522,0.7138,1.9904
2014_832_Netherlands,2014,832,Netherlands,Costa Rica,A,group_or_knockout,Hisense,draw,1,1746,75.8,49.9,15.97,55.62,143.76,0.494,0.524,32.27,0.781,0.811,0.856,0.587,3.719,0.115,Mid attention,Scalable,clear,21.0,72.0,196.26,101.35,0.031,0.1571,3.7,0.08,44.22,0.4403,0.4211,0.2199,0.6056,1.3754
2014_833_Brazil,2014,833,Brazil,Germany,A,group_or_knockout,Adidas,loss,0,1829,78.8,57.4,18.61,73.22,245.24,0.684,0.745,33.15,0.938,0.809,0.916,0.725,4.317,0.13,High attention,Premium,rain,21.0,46.9,396.05,159.62,0.244,0.2912,0.07,0.223,59.62,0.7697,0.6783,0.4672,0.7665,0.9958
2014_834_Netherlands,2014,834,Netherlands,Argentina,A,group_or_knockout,Hisense,draw,1,1746,75.8,49.9,15.97,55.62,130.85,0.432,0.518,32.27,0.781,0.811,0.856,0.573,3.629,0.112,Mid attention,Scalable,clear,22.1,32.1,184.85,68.72,0.227,0.11,1.67,0.215,43.48,0.3799,0.3737,0.2679,0.5836,1.5363
2014_835_Brazil,2014,835,Brazil,Netherlands,A,group_or_knockout,Adidas,loss,0,1829,78.8,57.4,18.61,62.22,360.13,0.645,0.728,33.15,0.938,0.809,0.916,0.712,4.363,0.132,High attention,Premium,clear,19.6,49.5,154.37,93.49,0.084,0.146,1.92,0.134,55.86,0.6536,0.4545,0.3775,0.7784,1.1909
2014_836_Germany,2014,836,Germany,Argentina,A,group_or_knockout,Coca-Cola,win,3,1798,81.3,65.9,22.15,57.82,211.73,0.495,0.729,29.19,0.759,0.859,0.907,0.725,4.147,0.142,High attention,Premium,clear,20.3,72.2,148.48,79.19,-0.043,0.1962,2.94,0.099,51.56,0.4779,0.4282,0.2568,0.7782,1.6281
2018_837_Russia,2018,837,Russia,Saudi Arabia,A,group_or_knockout,Hyundai,win,3,1676,72.7,49.8,18.23,68.08,280.31,0.671,0.719,26.07,0.814,0.69,0.874,0.771,4.362,0.167,High attention,Premium,clear,22.8,49.3,204.56,95.83,0.099,0.1105,5.91,0.052,63.64,0.6503,0.6262,0.3091,0.7323,1.1261
2018_838_Egypt,2018,838,Egypt,Uruguay,A,group_or_knockout,Hyundai,loss,0,1408,63.5,15.1,8.15,59.28,211.65,0.575,0.369,30.54,0.862,0.597,0.912,0.537,3.325,0.109,Mid attention,Scalable,cloudy,25.7,46.9,152.03,108.95,0.364,0.0897,2.17,0.225,51.21,0.5374,0.4168,0.3682,0.4013,0.7466
2018_839_Morocco,2018,839,Morocco,Iran,A,group_or_knockout,Mengniu,loss,0,1552,69.2,34.3,12.67,59.28,284.6,0.634,0.52,19.44,0.366,0.668,0.598,0.436,3.299,0.17,Mid attention,Scalable,cloudy,21.2,28.9,154.9,82.51,0.07,0.2774,1.35,0.169,47.58,0.552,0.3763,0.4069,0.4052,0.7341
2018_840_Portugal,2018,840,Portugal,Spain,A,group_or_knockout,Mengniu,draw,1,1702,76.8,47.1,14.4,70.28,161.12,0.617,0.58,17.76,0.359,0.8,0.643,0.487,3.512,0.198,Mid attention,Scalable,cloudy,20.5,86.0,270.1,149.23,0.077,0.3301,8.57,0.156,56.62,0.6625,0.6667,0.3635,0.5888,0.8887
2018_841_France,2018,841,France,Australia,A,group_or_knockout,Qatar Airways,win,3,1748,77.8,46.5,18.67,63.68,88.84,0.558,0.62,24.02,0.51,0.801,0.711,0.61,3.676,0.153,Mid attention,Scalable,rain,23.6,71.2,247.25,122.68,0.056,0.2643,1.89,0.188,53.85,0.5056,0.5216,0.2645,0.5868,1.1605
2018_842_Argentina,2018,842,Argentina,Iceland,A,group_or_knockout,Hyundai,draw,1,1753,76.8,58.0,19.5,61.48,155.06,0.525,0.657,30.74,0.903,0.813,0.936,0.685,4.167,0.136,Mid attention,Premium,clear,11.5,70.3,122.36,57.54,0.278,0.1068,2.4,0.268,54.96,0.4349,0.425,0.3042,0.7551,1.7364
2018_843_Peru,2018,843,Peru,Denmark,A,group_or_knockout,Hisense,loss,0,1576,66.6,39.7,14.92,59.28,198.06,0.575,0.542,33.45,0.777,0.647,0.931,0.574,3.443,0.103,Mid attention,Scalable,clear,25.9,73.5,145.14,116.43,0.132,0.1661,2.05,0.157,49.4,0.5387,0.3934,0.306,0.4563,0.8472
2018_844_Croatia,2018,844,Croatia,Nigeria,A,group_or_knockout,Hisense,win,3,1671,75.1,52.8,21.52,61.48,183.3,0.54,0.723,28.53,0.731,0.792,0.927,0.72,3.828,0.134,High attention,Premium,clear,23.0,67.2,164.47,117.1,0.094,0.3092,2.22,0.134,56.04,0.5487,0.4697,0.372,0.6679,1.2173
2018_845_Costa_Rica,2018,845,Costa Rica,Serbia,A,group_or_knockout,Visa,loss,0,1585,73.1,26.3,15.16,59.28,182.99,0.521,0.542,31.23,0.76,0.677,0.885,0.558,3.482,0.111,Mid attention,Scalable,clear,23.2,54.1,206.86,93.16,0.298,0.2675,2.96,0.197,65.92,0.4911,0.603,0.4352,0.4769,0.9711
2018_846_Germany,2018,846,Germany,Mexico,A,group_or_knockout,Coca-Cola,loss,0,1798,81.3,65.9,22.15,59.28,245.21,0.568,0.753,29.19,0.759,0.859,0.907,0.647,4.22,0.145,High attention,Premium,clear,28.8,55.4,237.0,91.64,0.214,0.3756,4.73,0.187,51.82,0.5362,0.538,0.5085,0.7968,1.486
2018_847_Brazil,2018,847,Brazil,Switzerland,A,group_or_knockout,Adidas,draw,1,1829,78.8,57.4,18.61,61.48,195.52,0.628,0.652,33.15,0.938,0.809,0.916,0.713,4.213,0.127,Mid attention,Premium,clear,11.3,51.2,362.93,122.11,0.064,0.5549,3.65,0.14,51.68,0.5658,0.6351,0.5255,0.7418,1.311
2018_848_Sweden,2018,848,Sweden,South Korea,A,group_or_knockout,Budweiser,win,3,1654,74.4,39.2,19.34,59.28,211.87,0.56,0.664,26.29,0.687,0.705,0.91,0.687,3.862,0.147,High attention,Premium,clear,11.2,96.0,158.52,86.09,0.034,0.2005,5.06,0.084,60.43,0.5022,0.5443,0.2938,0.6292,1.253
2018_849_Belgium,2018,849,Belgium,Panama,A,group_or_knockout,Visa,win,3,1674,71.5,40.4,23.19,63.68,139.88,0.519,0.762,26.85,0.713,0.72,0.914,0.725,3.911,0.146,High attention,Premium,clear,24.6,66.9,172.42,70.51,0.272,0.2005,4.99,0.18,60.92,0.4637,0.5601,0.3522,0.6489,1.3995
2018_850_Tunisia,2018,850,Tunisia,England,A,group_or_knockout,Hyundai,loss,0,1519,66.6,27.6,11.21,63.68,133.91,0.561,0.443,28.75,0.839,0.649,0.867,0.555,3.623,0.126,Mid attention,Scalable,rain,23.0,50.6,221.63,83.22,0.158,0.2658,3.24,0.182,50.75,0.4788,0.4924,0.34,0.5003,1.0448
2018_851_Colombia,2018,851,Colombia,Japan,A,group_or_knockout,Vivo,loss,0,1650,74.7,50.9,8.73,63.68,285.95,0.624,0.444,18.25,0.396,0.764,0.653,0.416,3.596,0.197,Mid attention,Scalable,cloudy,24.0,65.4,161.31,79.27,0.001,0.1291,3.59,0.145,67.73,0.5885,0.5864,0.2814,0.5845,0.9933
2018_852_Poland,2018,852,Poland,Senegal,A,group_or_knockout,Coca-Cola,loss,0,1685,72.7,42.5,15.85,63.68,187.19,0.556,0.589,28.97,0.734,0.749,0.899,0.573,3.826,0.132,Mid attention,Scalable,windy,20.2,41.8,184.68,113.69,-0.022,0.3623,5.13,0.13,66.07,0.5666,0.6169,0.3575,0.6261,1.105
2018_853_Russia,2018,853,Russia,Egypt,A,group_or_knockout,Hyundai,win,3,1676,72.7,49.8,18.23,65.88,158.12,0.6,0.652,26.07,0.814,0.69,0.874,0.733,4.269,0.164,Mid attention,Premium,rain,27.0,82.1,178.41,74.61,0.045,0.1668,0.47,0.095,74.56,0.5041,0.6126,0.2418,0.7097,1.4078
2018_854_Portugal,2018,854,Portugal,Morocco,A,group_or_knockout,Mengniu,win,3,1702,76.8,47.1,14.4,59.28,142.35,0.492,0.504,17.76,0.359,0.8,0.643,0.502,3.438,0.194,Mid attention,Scalable,cloudy,28.6,47.4,92.47,103.04,0.032,0.1755,8.05,0.139,66.26,0.4755,0.5787,0.2314,0.5687,1.1959
2018_855_Uruguay,2018,855,Uruguay,Saudi Arabia,A,group_or_knockout,Vivo,win,3,1684,74.8,44.8,20.58,59.28,141.25,0.498,0.666,19.75,0.443,0.797,0.741,0.593,3.658,0.185,High attention,Scalable,clear,25.9,66.0,183.66,89.26,-0.048,0.2897,1.72,0.09,58.71,0.4533,0.5022,0.269,0.6357,1.4023
2018_856_Iran,2018,856,Iran,Spain,A,group_or_knockout,Visa,loss,0,1519,68.7,30.6,12.34,59.28,138.9,0.489,0.448,29.04,0.732,0.637,0.935,0.507,3.419,0.118,Mid attention,Scalable,cloudy,21.4,75.1,170.15,118.06,0.046,0.1906,2.06,0.109,60.88,0.4961,0.5134,0.2451,0.467,0.9413
2018_857_Denmark,2018,857,Denmark,Australia,A,group_or_knockout,Coca-Cola,draw,1,1642,71.5,43.1,19.09,61.48,122.66,0.512,0.632,33.85,0.793,0.715,0.895,0.635,3.609,0.107,Mid attention,Premium,clear,10.4,64.2,253.79,94.1,0.064,0.2262,0.26,0.118,57.02,0.4669,0.5297,0.2655,0.5253,1.1251
2018_858_France,2018,858,France,Peru,A,group_or_knockout,Qatar Airways,win,3,1748,77.8,46.5,18.67,59.28,111.29,0.482,0.603,24.02,0.51,0.801,0.711,0.589,3.611,0.15,Mid attention,Scalable,cloudy,27.6,59.5,178.33,125.01,0.11,0.1871,0.32,0.131,65.2,0.4859,0.5311,0.2531,0.5698,1.1727
2018_859_Argentina,2018,859,Argentina,Croatia,A,group_or_knockout,Hyundai,loss,0,1753,76.8,58.0,19.5,63.68,172.31,0.507,0.678,30.74,0.903,0.813,0.936,0.656,4.114,0.134,High attention,Premium,clear,30.3,58.2,139.8,131.86,0.325,0.0939,4.85,0.249,62.34,0.5834,0.5403,0.328,0.7419,1.2715
2018_860_Brazil,2018,860,Brazil,Costa Rica,A,group_or_knockout,Adidas,win,3,1829,78.8,57.4,18.61,61.48,148.81,0.538,0.631,33.15,0.938,0.809,0.916,0.756,4.177,0.126,Mid attention,Premium,cloudy,26.9,57.1,173.16,70.14,0.13,0.2466,7.57,0.158,55.16,0.4497,0.551,0.325,0.7332,1.6307
2018_861_Nigeria,2018,861,Nigeria,Iceland,A,group_or_knockout,Coca-Cola,win,3,1585,75.3,31.3,8.19,61.48,239.54,0.552,0.396,26.63,0.705,0.744,0.906,0.589,3.557,0.134,Mid attention,Scalable,clear,17.7,48.8,109.5,110.17,0.139,0.1049,1.61,0.117,48.16,0.5808,0.3438,0.2966,0.5748,0.9896
2018_862_Serbia,2018,862,Serbia,Switzerland,A,group_or_knockout,Vivo,loss,0,1559,68.8,36.3,15.31,63.68,197.54,0.537,0.579,23.55,0.481,0.729,0.727,0.48,3.307,0.14,Mid attention,Scalable,rain,27.0,50.8,141.34,75.08,0.207,0.3859,3.53,0.174,63.11,0.5147,0.5283,0.4809,0.455,0.8841
2018_863_Belgium,2018,863,Belgium,Tunisia,A,group_or_knockout,Visa,win,3,1674,71.5,40.4,23.19,72.48,223.1,0.69,0.852,26.85,0.713,0.72,0.914,0.79,4.065,0.151,High attention,Premium,hot,28.2,81.7,255.24,142.81,0.132,0.4199,3.26,0.183,70.24,0.72,0.6881,0.4864,0.6863,0.9532
2018_864_South_Korea,2018,864,South Korea,Mexico,A,group_or_knockout,McDonald's,loss,0,1548,70.3,20.2,12.83,63.68,147.79,0.546,0.492,25.44,0.51,0.67,0.723,0.459,3.221,0.127,Mid attention,Scalable,rain,32.4,56.3,179.83,109.94,0.196,0.1959,4.9,0.193,68.28,0.5308,0.6277,0.3208,0.3803,0.7165
2018_865_Germany,2018,865,Germany,Sweden,A,group_or_knockout,Coca-Cola,win,3,1798,81.3,65.9,22.15,63.68,175.91,0.543,0.75,29.19,0.759,0.859,0.907,0.741,4.194,0.144,High attention,Premium,cloudy,17.7,45.4,240.93,81.66,0.184,0.3556,7.46,0.177,53.96,0.5084,0.6009,0.437,0.7902,1.5544
2018_866_England,2018,866,England,Panama,A,group_or_knockout,McDonald's,win,3,1695,76.6,52.6,19.34,72.48,229.15,0.719,0.753,20.29,0.432,0.819,0.654,0.662,3.809,0.188,High attention,Premium,cloudy,21.6,49.7,133.16,88.71,0.168,0.146,5.99,0.12,77.81,0.6408,0.6823,0.3292,0.6508,1.0156
2018_867_Japan,2018,867,Japan,Senegal,A,group_or_knockout,Adidas,draw,1,1586,72.8,37.0,11.9,65.88,230.07,0.586,0.517,29.47,0.859,0.648,0.855,0.627,3.838,0.13,Mid attention,Premium,clear,27.5,75.6,186.27,96.08,0.433,0.1934,2.3,0.329,51.75,0.5922,0.4545,0.4779,0.5432,0.9172
2018_868_Poland,2018,868,Poland,Colombia,A,group_or_knockout,Coca-Cola,loss,0,1685,72.7,42.5,15.85,63.68,177.25,0.552,0.584,28.97,0.734,0.749,0.899,0.571,3.775,0.13,Mid attention,Scalable,rain,23.3,68.8,169.86,123.6,0.247,0.2395,3.91,0.243,63.13,0.5744,0.5601,0.3908,0.6132,1.0676
2018_869_Russia,2018,869,Russia,Uruguay,A,group_or_knockout,Hyundai,loss,0,1676,72.7,49.8,18.23,63.68,246.17,0.592,0.677,26.07,0.814,0.69,0.874,0.641,4.257,0.163,High attention,Premium,cloudy,16.3,67.0,242.94,123.22,0.048,0.1321,4.12,0.033,58.77,0.6263,0.5929,0.2782,0.706,1.1272
2018_870_Saudi_Arabia,2018,870,Saudi Arabia,Egypt,A,group_or_knockout,Visa,win,3,1543,68.2,34.6,13.01,63.68,182.38,0.565,0.512,27.16,0.698,0.648,0.864,0.634,3.645,0.134,Mid attention,Premium,clear,25.5,53.9,226.35,60.08,0.193,0.0732,2.76,0.213,57.27,0.4799,0.5446,0.2627,0.5137,1.0706
2018_871_Spain,2018,871,Spain,Morocco,A,group_or_knockout,Budweiser,draw,1,1708,77.4,45.2,19.26,65.88,235.06,0.633,0.713,27.85,0.714,0.724,0.933,0.661,3.995,0.143,High attention,Premium,clear,26.5,67.2,232.39,85.18,0.077,0.2738,0.5,0.125,61.66,0.5791,0.5531,0.3754,0.6714,1.1593
2018_872_Iran,2018,872,Iran,Portugal,A,group_or_knockout,Visa,draw,1,1519,68.7,30.6,12.34,61.48,153.17,0.495,0.468,29.04,0.732,0.637,0.935,0.549,3.439,0.118,Mid attention,Scalable,windy,23.5,47.7,271.53,89.13,0.201,0.2399,1.12,0.191,52.9,0.4824,0.524,0.3549,0.471,0.9763
2018_873_Australia,2018,873,Australia,Peru,A,group_or_knockout,Hyundai,loss,0,1539,69.8,32.1,7.37,61.48,105.76,0.512,0.316,29.32,0.866,0.705,0.903,0.507,3.566,0.122,Low attention,Scalable,cloudy,24.3,53.8,168.46,102.13,0.019,0.2947,5.21,0.149,52.01,0.4664,0.4844,0.2788,0.5337,1.1442
2018_874_Denmark,2018,874,Denmark,France,A,group_or_knockout,Coca-Cola,draw,1,1642,71.5,43.1,19.09,57.08,175.84,0.49,0.629,33.85,0.793,0.715,0.895,0.63,3.601,0.106,Mid attention,Premium,cloudy,21.4,73.5,239.42,62.47,0.045,0.3031,5.43,0.18,61.07,0.4179,0.629,0.3415,0.5223,1.2499
2018_875_Nigeria,2018,875,Nigeria,Argentina,A,group_or_knockout,Coca-Cola,loss,0,1585,75.3,31.3,8.19,63.68,222.95,0.541,0.402,26.63,0.705,0.744,0.906,0.49,3.48,0.131,Mid attention,Scalable,cloudy,31.9,72.0,147.35,85.07,0.191,0.2433,2.36,0.216,54.89,0.5495,0.4465,0.3982,0.5554,1.0107
2018_876_Iceland,2018,876,Iceland,Croatia,A,group_or_knockout,Adidas,loss,0,1388,64.1,13.5,5.97,63.68,213.78,0.533,0.34,32.31,0.897,0.583,0.936,0.53,3.413,0.106,Mid attention,Scalable,clear,17.6,42.3,146.01,130.63,0.256,0.4928,3.35,0.243,66.57,0.6131,0.559,0.5823,0.4147,0.6764
2018_877_South_Korea,2018,877,South Korea,Germany,A,group_or_knockout,McDonald's,win,3,1548,70.3,20.2,12.83,61.48,197.73,0.551,0.5,25.44,0.51,0.67,0.723,0.563,3.169,0.125,Mid attention,Scalable,cloudy,19.5,44.3,222.94,93.42,0.206,0.1245,5.31,0.126,63.7,0.523,0.6344,0.3116,0.3672,0.7022
2018_878_Mexico,2018,878,Mexico,Sweden,A,group_or_knockout,Hyundai,loss,0,1612,72.1,37.6,18.89,63.68,165.05,0.549,0.659,28.5,0.853,0.712,0.897,0.639,3.809,0.134,Mid attention,Premium,clear,23.1,59.7,131.33,118.92,0.242,0.3295,-0.78,0.139,50.44,0.5579,0.3469,0.4388,0.6006,1.0766
2018_879_Serbia,2018,879,Serbia,Brazil,A,group_or_knockout,Vivo,loss,0,1559,68.8,36.3,15.31,61.48,140.17,0.511,0.54,23.55,0.481,0.729,0.727,0.461,3.175,0.135,Mid attention,Scalable,cloudy,28.3,85.6,213.13,94.08,0.194,0.2734,1.86,0.216,67.45,0.4802,0.6051,0.365,0.422,0.8788
2018_880_Switzerland,2018,880,Switzerland,Costa Rica,A,group_or_knockout,Adidas,draw,1,1632,72.7,48.1,17.05,65.88,219.71,0.615,0.648,31.4,0.904,0.774,0.888,0.698,4.031,0.128,Mid attention,Premium,rain,14.0,27.4,202.99,99.11,0.173,0.2234,7.04,0.219,70.11,0.589,0.6966,0.3753,0.6735,1.1434
2018_881_Japan,2018,881,Japan,Poland,A,group_or_knockout,Adidas,loss,0,1586,72.8,37.0,11.9,59.28,190.89,0.529,0.459,29.47,0.859,0.648,0.855,0.562,3.758,0.128,Mid attention,Scalable,clear,15.1,62.5,232.81,101.28,0.106,0.2959,3.43,0.118,63.23,0.5097,0.611,0.3737,0.5246,1.0291
2018_882_Senegal,2018,882,Senegal,Colombia,A,group_or_knockout,Budweiser,loss,0,1638,72.8,30.1,9.94,59.28,144.78,0.518,0.387,31.49,0.771,0.754,0.934,0.503,3.401,0.108,Mid attention,Scalable,rain,10.8,36.0,175.46,73.34,0.238,0.1897,0.43,0.187,63.51,0.4313,0.5159,0.3334,0.5256,1.2186
2018_883_Panama,2018,883,Panama,Tunisia,A,group_or_knockout,Qatar Airways,loss,0,1388,60.1,12.9,4.46,63.68,248.27,0.579,0.315,19.76,0.367,0.609,0.68,0.349,2.91,0.147,Low attention,Watchlist,clear,23.2,47.9,194.0,77.99,0.259,0.3648,3.05,0.203,63.03,0.5578,0.5682,0.5234,0.2896,0.5191
2018_884_England,2018,884,England,Belgium,A,group_or_knockout,McDonald's,loss,0,1695,76.6,52.6,19.34,59.28,132.3,0.452,0.63,20.29,0.432,0.819,0.654,0.468,3.552,0.175,Mid attention,Scalable,rain,16.3,52.2,202.27,129.6,0.15,0.5033,4.95,0.167,67.44,0.509,0.6418,0.489,0.582,1.1434
2018_885_France,2018,885,France,Argentina,A,group_or_knockout,Qatar Airways,win,3,1748,77.8,46.5,18.67,72.48,175.9,0.631,0.712,24.02,0.51,0.801,0.711,0.658,3.724,0.155,High attention,Premium,cloudy,20.7,51.3,184.5,147.11,0.145,0.2392,-2.55,0.198,61.21,0.6907,0.4596,0.3445,0.5991,0.8673
2018_886_Uruguay,2018,886,Uruguay,Portugal,A,group_or_knockout,Vivo,win,3,1684,74.8,44.8,20.58,63.68,287.74,0.643,0.757,19.75,0.443,0.797,0.741,0.654,3.756,0.19,High attention,Premium,cloudy,27.0,49.5,160.34,118.39,0.315,0.2336,3.17,0.243,51.33,0.6505,0.4405,0.4892,0.6619,1.0176
2018_887_Russia,2018,887,Russia,Spain,A,group_or_knockout,Hyundai,draw,1,1676,72.7,49.8,18.23,61.48,224.06,0.603,0.654,26.07,0.814,0.69,0.874,0.667,4.197,0.161,Mid attention,Premium,cloudy,19.2,58.1,207.95,66.29,0.154,0.1325,2.02,0.145,63.54,0.501,0.5697,0.311,0.6913,1.3799
2018_888_Croatia,2018,888,Croatia,Denmark,A,group_or_knockout,Hisense,draw,1,1671,75.1,52.8,21.52,61.48,158.93,0.515,0.712,28.53,0.731,0.792,0.927,0.645,3.79,0.133,High attention,Premium,windy,24.4,49.4,183.35,57.75,0.164,0.2883,-0.65,0.269,54.46,0.4382,0.4302,0.3736,0.659,1.504
2018_889_Brazil,2018,889,Brazil,Mexico,A,group_or_knockout,Adidas,win,3,1829,78.8,57.4,18.61,61.48,190.41,0.478,0.649,33.15,0.938,0.809,0.916,0.752,4.15,0.125,Mid attention,Premium,cloudy,21.2,34.6,166.81,69.35,0.205,0.1395,2.97,0.125,61.42,0.4801,0.5287,0.3161,0.7265,1.5132
2018_890_Belgium,2018,890,Belgium,Japan,A,group_or_knockout,Visa,win,3,1674,71.5,40.4,23.19,68.08,203.17,0.583,0.816,26.85,0.713,0.72,0.914,0.757,3.966,0.148,High attention,Premium,rain,27.0,70.5,200.33,144.26,0.146,0.169,2.51,0.173,62.7,0.6666,0.5631,0.3174,0.6626,0.9939
2018_891_Sweden,2018,891,Sweden,Switzerland,A,group_or_knockout,Budweiser,win,3,1654,74.4,39.2,19.34,59.28,78.53,0.426,0.606,26.29,0.687,0.705,0.91,0.641,3.691,0.14,Mid attention,Premium,rain,25.9,70.0,265.31,116.26,0.074,0.2555,2.75,0.091,53.36,0.4474,0.5468,0.26,0.5857,1.3092
2018_892_Colombia,2018,892,Colombia,England,A,group_or_knockout,Vivo,draw,1,1650,74.7,50.9,8.73,61.48,136.31,0.496,0.365,18.25,0.396,0.764,0.653,0.396,3.369,0.185,Mid attention,Scalable,clear,18.8,71.5,165.33,97.14,0.194,0.2496,2.07,0.177,67.72,0.482,0.567,0.3471,0.5231,1.0853
2018_893_Uruguay,2018,893,Uruguay,France,A,group_or_knockout,Vivo,loss,0,1684,74.8,44.8,20.58,61.48,173.2,0.524,0.694,19.75,0.443,0.797,0.741,0.508,3.606,0.183,High attention,Scalable,clear,22.0,33.3,164.14,132.76,0.152,0.1681,0.66,0.161,51.1,0.5653,0.4041,0.2999,0.6226,1.1014
2018_894_Brazil,2018,894,Brazil,Belgium,A,group_or_knockout,Adidas,loss,0,1829,78.8,57.4,18.61,63.68,164.68,0.556,0.652,33.15,0.938,0.809,0.916,0.667,4.146,0.125,Mid attention,Premium,cloudy,29.3,62.8,124.84,69.45,0.34,0.4964,-0.26,0.303,54.0,0.4809,0.3789,0.5898,0.7257,1.5091
2018_895_Sweden,2018,895,Sweden,England,A,group_or_knockout,Budweiser,loss,0,1654,74.4,39.2,19.34,61.48,188.27,0.537,0.668,26.29,0.687,0.705,0.91,0.584,3.77,0.143,High attention,Scalable,clear,25.4,68.8,182.75,100.02,0.235,0.2326,1.35,0.19,62.74,0.526,0.5299,0.3882,0.6055,1.1511
2018_896_Russia,2018,896,Russia,Croatia,A,group_or_knockout,Hyundai,draw,1,1676,72.7,49.8,18.23,65.88,258.29,0.669,0.696,26.07,0.814,0.69,0.874,0.695,4.303,0.165,High attention,Premium,clear,14.6,41.5,233.24,74.98,0.097,0.2509,4.6,0.126,69.95,0.581,0.6859,0.3846,0.7179,1.2356
2018_897_France,2018,897,France,Belgium,A,group_or_knockout,Qatar Airways,win,3,1748,77.8,46.5,18.67,59.28,154.82,0.48,0.622,24.02,0.51,0.801,0.711,0.596,3.626,0.151,Mid attention,Scalable,clear,26.9,58.1,219.49,76.97,0.229,0.1961,3.29,0.183,64.0,0.4446,0.6033,0.3401,0.5741,1.2914
2018_898_Croatia,2018,898,Croatia,England,A,group_or_knockout,Hisense,win,3,1671,75.1,52.8,21.52,63.68,135.33,0.512,0.716,28.53,0.731,0.792,0.927,0.713,3.75,0.131,High attention,Premium,cloudy,16.5,56.1,196.55,135.14,0.187,0.1678,2.65,0.132,54.97,0.5604,0.4964,0.2905,0.6483,1.157
2018_899_Belgium,2018,899,Belgium,England,A,group_or_knockout,Visa,win,3,1674,71.5,40.4,23.19,61.48,192.42,0.561,0.771,26.85,0.713,0.72,0.914,0.736,3.849,0.143,High attention,Premium,clear,31.5,87.5,234.55,124.73,0.287,0.2425,0.62,0.247,67.48,0.5675,0.6061,0.4203,0.6325,1.1146
2018_900_France,2018,900,France,Croatia,A,group_or_knockout,Qatar Airways,win,3,1748,77.8,46.5,18.67,70.28,183.28,0.599,0.702,24.02,0.51,0.801,0.711,0.648,3.771,0.157,High attention,Premium,rain,29.1,88.8,253.48,72.55,0.104,0.2572,2.01,0.153,70.24,0.5606,0.6676,0.3428,0.6111,1.0902
2022_901_Qatar,2022,901,Qatar,Ecuador,A,group_or_knockout,McDonald's,loss,0,1388,63.5,12.4,4.78,62.94,172.17,0.562,0.286,21.61,0.423,0.619,0.704,0.354,2.984,0.138,Low attention,Watchlist,cloudy,24.7,31.4,249.74,77.06,0.175,0.2248,4.35,0.187,67.75,0.4916,0.6785,0.3461,0.3077,0.6259
2022_902_Senegal,2022,902,Senegal,Netherlands,A,group_or_knockout,Budweiser,loss,0,1638,72.8,30.1,9.94,62.94,165.75,0.55,0.419,31.49,0.771,0.754,0.934,0.52,3.467,0.11,Mid attention,Scalable,rain,23.9,96.0,241.84,105.29,0.146,0.349,3.86,0.169,50.65,0.5305,0.5193,0.4093,0.5414,1.0207
2022_903_England,2022,903,England,Iran,A,group_or_knockout,McDonald's,win,3,1695,76.6,52.6,19.34,76.14,407.6,0.849,0.853,20.29,0.432,0.819,0.654,0.724,3.96,0.195,High attention,Premium,clear,21.7,43.4,338.68,74.6,0.162,0.1956,1.8,0.156,69.17,0.7885,0.733,0.4751,0.6903,0.8755
2022_904_United_States,2022,904,United States,Wales,A,group_or_knockout,Vivo,draw,1,1578,71.9,31.0,12.75,62.94,96.04,0.545,0.463,22.58,0.432,0.676,0.652,0.454,3.111,0.138,Mid attention,Scalable,cloudy,27.1,73.7,181.23,101.66,0.068,0.2212,-2.68,0.165,60.99,0.4717,0.4528,0.2466,0.3502,0.7423
2022_905_Argentina,2022,905,Argentina,Saudi Arabia,A,group_or_knockout,Hyundai,loss,0,1753,76.8,58.0,19.5,65.14,166.97,0.556,0.685,30.74,0.903,0.813,0.936,0.667,4.155,0.135,High attention,Premium,clear,20.8,73.5,140.44,108.12,0.214,0.1564,1.38,0.219,64.34,0.556,0.5054,0.3157,0.7514,1.3514
2022_906_Mexico,2022,906,Mexico,Poland,A,group_or_knockout,Hyundai,draw,1,1612,72.1,37.6,18.89,58.54,167.11,0.555,0.629,28.5,0.853,0.712,0.897,0.662,3.797,0.133,Mid attention,Premium,rain,24.4,42.1,207.61,74.83,0.198,0.2083,1.79,0.231,47.75,0.4438,0.4324,0.3423,0.5968,1.3448
2022_907_Denmark,2022,907,Denmark,Tunisia,A,group_or_knockout,Coca-Cola,draw,1,1642,71.5,43.1,19.09,58.54,134.42,0.471,0.62,33.85,0.793,0.715,0.895,0.623,3.592,0.106,Mid attention,Premium,clear,28.2,65.9,213.76,74.99,0.285,0.3978,0.9,0.252,57.01,0.4192,0.5028,0.482,0.5205,1.2418
2022_908_France,2022,908,France,Australia,A,group_or_knockout,Qatar Airways,win,3,1748,77.8,46.5,18.67,69.54,255.66,0.645,0.729,24.02,0.51,0.801,0.711,0.666,3.858,0.161,High attention,Premium,windy,19.6,56.3,309.33,83.3,0.155,0.1306,1.93,0.202,70.9,0.6255,0.7228,0.3308,0.6339,1.0133
2022_909_Germany,2022,909,Germany,Japan,A,group_or_knockout,Coca-Cola,loss,0,1798,81.3,65.9,22.15,65.14,233.75,0.618,0.784,29.19,0.759,0.859,0.907,0.667,4.254,0.146,High attention,Premium,clear,19.3,66.9,269.58,137.86,0.115,0.0901,4.51,0.116,59.29,0.653,0.6275,0.2726,0.8049,1.2327
2022_910_Spain,2022,910,Spain,Costa Rica,A,group_or_knockout,Budweiser,win,3,1708,77.4,45.2,19.26,73.94,208.49,0.669,0.751,27.85,0.714,0.724,0.933,0.748,4.03,0.145,High attention,Premium,cloudy,15.8,61.7,361.27,103.93,0.235,0.3541,2.72,0.204,71.0,0.662,0.7829,0.4799,0.6811,1.0287
2022_911_Morocco,2022,911,Morocco,Croatia,A,group_or_knockout,Mengniu,draw,1,1552,69.2,34.3,12.67,58.54,155.08,0.47,0.459,19.44,0.366,0.668,0.598,0.417,3.136,0.161,Mid attention,Scalable,clear,16.6,77.1,205.34,97.23,0.077,0.0501,4.88,0.153,51.83,0.4694,0.5115,0.1785,0.3606,0.7682
2022_912_Belgium,2022,912,Belgium,Canada,A,group_or_knockout,Visa,win,3,1674,71.5,40.4,23.19,60.74,168.22,0.535,0.756,26.85,0.713,0.72,0.914,0.726,3.921,0.146,High attention,Premium,cloudy,12.0,59.2,193.22,78.48,0.265,0.5461,-0.37,0.275,66.41,0.4706,0.5445,0.5911,0.6509,1.3832
2022_913_Switzerland,2022,913,Switzerland,Cameroon,A,group_or_knockout,Adidas,win,3,1632,72.7,48.1,17.05,60.74,168.56,0.54,0.594,31.4,0.904,0.774,0.888,0.73,3.908,0.124,Mid attention,Premium,cloudy,27.4,55.3,129.07,110.15,0.264,0.2848,2.16,0.207,60.48,0.5199,0.4742,0.4219,0.6436,1.2379
2022_914_Brazil,2022,914,Brazil,Serbia,A,group_or_knockout,Adidas,win,3,1829,78.8,57.4,18.61,62.94,175.96,0.537,0.652,33.15,0.938,0.809,0.916,0.763,4.149,0.125,Mid attention,Premium,clear,33.9,75.5,204.22,64.95,0.282,0.1295,-1.27,0.173,61.58,0.4757,0.5,0.3343,0.7263,1.5268
2022_915_Uruguay,2022,915,Uruguay,South Korea,A,group_or_knockout,Vivo,draw,1,1684,74.8,44.8,20.58,58.54,158.71,0.52,0.669,19.75,0.443,0.797,0.741,0.532,3.639,0.184,High attention,Scalable,clear,31.6,67.3,153.18,58.14,0.194,0.2555,1.9,0.176,65.56,0.4116,0.5351,0.3655,0.6305,1.532
2022_916_Portugal,2022,916,Portugal,Ghana,A,group_or_knockout,Mengniu,win,3,1702,76.8,47.1,14.4,69.54,213.28,0.684,0.598,17.76,0.359,0.8,0.643,0.572,3.534,0.199,Mid attention,Scalable,clear,13.2,69.7,220.25,129.87,0.108,0.3661,0.6,0.131,70.89,0.6654,0.6216,0.4345,0.5945,0.8934
2022_917_Qatar,2022,917,Qatar,Senegal,A,group_or_knockout,McDonald's,loss,0,1388,63.5,12.4,4.78,67.34,237.62,0.683,0.341,21.61,0.423,0.619,0.704,0.397,3.098,0.143,Mid attention,Scalable,clear,27.3,47.4,205.08,124.22,0.167,0.1776,5.49,0.225,59.31,0.655,0.5837,0.3547,0.3372,0.5148
2022_918_Netherlands,2022,918,Netherlands,Ecuador,A,group_or_knockout,Hisense,draw,1,1746,75.8,49.9,15.97,62.94,127.45,0.537,0.561,32.27,0.781,0.811,0.856,0.609,3.768,0.117,Mid attention,Scalable,windy,31.5,41.3,212.75,78.33,0.194,0.4221,3.66,0.227,63.63,0.4595,0.5996,0.4528,0.6181,1.345
2022_919_Wales,2022,919,Wales,Iran,A,group_or_knockout,Coca-Cola,loss,0,1476,67.0,18.7,9.44,62.94,134.02,0.564,0.392,33.92,0.78,0.631,0.878,0.516,3.113,0.092,Mid attention,Scalable,clear,20.3,48.9,184.54,85.7,0.1,0.2795,4.93,0.116,70.88,0.4759,0.6544,0.3233,0.3451,0.7251
2022_920_England,2022,920,England,United States,A,group_or_knockout,McDonald's,draw,1,1695,76.6,52.6,19.34,58.54,102.53,0.405,0.612,20.29,0.432,0.819,0.654,0.486,3.488,0.172,Mid attention,Scalable,clear,23.6,48.1,222.17,125.54,0.29,0.1978,1.9,0.183,46.16,0.4732,0.4338,0.3341,0.5652,1.1944
2022_921_Poland,2022,921,Poland,Saudi Arabia,A,group_or_knockout,Coca-Cola,win,3,1685,72.7,42.5,15.85,62.94,229.24,0.58,0.602,28.97,0.734,0.749,0.899,0.683,3.833,0.132,Mid attention,Premium,windy,11.0,70.6,95.72,65.18,0.214,0.2797,0.66,0.167,63.29,0.5166,0.4449,0.4361,0.6275,1.2145
2022_922_Argentina,2022,922,Argentina,Mexico,A,group_or_knockout,Hyundai,win,3,1753,76.8,58.0,19.5,62.94,192.92,0.541,0.683,30.74,0.903,0.813,0.936,0.764,4.15,0.135,High attention,Premium,clear,24.6,73.6,198.28,71.63,0.067,0.2603,0.59,0.106,52.65,0.499,0.4472,0.3347,0.7504,1.5038
2022_923_Tunisia,2022,923,Tunisia,Australia,A,group_or_knockout,Hyundai,loss,0,1519,66.6,27.6,11.21,60.74,199.95,0.548,0.454,28.75,0.839,0.649,0.867,0.556,3.67,0.128,Mid attention,Scalable,clear,16.6,55.5,246.47,88.62,0.344,0.111,3.36,0.23,65.23,0.5104,0.6393,0.3655,0.5123,1.0037
2022_924_France,2022,924,France,Denmark,A,group_or_knockout,Qatar Airways,win,3,1748,77.8,46.5,18.67,65.14,124.75,0.53,0.645,24.02,0.51,0.801,0.711,0.614,3.691,0.154,Mid attention,Scalable,rain,24.2,80.9,312.33,82.51,0.166,0.1283,6.6,0.198,65.83,0.4842,0.7532,0.2487,0.5911,1.221
2022_925_Japan,2022,925,Japan,Costa Rica,A,group_or_knockout,Adidas,loss,0,1586,72.8,37.0,11.9,60.74,286.11,0.596,0.51,29.47,0.859,0.648,0.855,0.593,3.898,0.132,Mid attention,Scalable,hot,13.6,79.9,219.11,105.91,0.047,0.1771,3.67,0.074,67.87,0.6029,0.6414,0.3329,0.5578,0.9253
2022_926_Spain,2022,926,Spain,Germany,A,group_or_knockout,Budweiser,draw,1,1708,77.4,45.2,19.26,62.94,151.67,0.59,0.659,27.85,0.714,0.724,0.933,0.632,3.837,0.138,Mid attention,Premium,rain,26.3,61.9,288.13,113.15,0.073,0.1053,2.01,0.196,64.26,0.5319,0.6486,0.2102,0.6332,1.1904
2022_927_Belgium,2022,927,Belgium,Morocco,A,group_or_knockout,Visa,loss,0,1674,71.5,40.4,23.19,62.94,188.53,0.557,0.778,26.85,0.713,0.72,0.914,0.638,3.892,0.145,High attention,Premium,cloudy,29.1,44.8,197.24,99.72,0.305,0.2266,2.4,0.196,49.48,0.5392,0.4468,0.4155,0.6438,1.194
2022_928_Croatia,2022,928,Croatia,Canada,A,group_or_knockout,Hisense,win,3,1671,75.1,52.8,21.52,69.54,252.43,0.689,0.802,28.53,0.731,0.792,0.927,0.778,3.986,0.14,High attention,Premium,windy,18.3,83.2,209.06,117.84,0.339,0.2192,2.73,0.194,67.02,0.6766,0.6109,0.4675,0.7075,1.0456
2022_929_Cameroon,2022,929,Cameroon,Serbia,A,group_or_knockout,Coca-Cola,draw,1,1542,68.0,29.1,10.52,71.74,155.51,0.633,0.484,31.97,0.771,0.693,0.92,0.593,3.43,0.107,Mid attention,Scalable,clear,16.2,57.0,246.02,104.99,0.257,0.1805,7.06,0.265,79.3,0.6031,0.8138,0.3429,0.4849,0.8041
2022_930_Brazil,2022,930,Brazil,Switzerland,A,group_or_knockout,Adidas,win,3,1829,78.8,57.4,18.61,60.74,148.95,0.514,0.627,33.15,0.938,0.809,0.916,0.75,4.147,0.125,Mid attention,Premium,windy,10.1,60.0,182.33,114.71,0.288,0.2444,5.39,0.272,52.46,0.512,0.5036,0.3936,0.7259,1.4177
2022_931_South_Korea,2022,931,South Korea,Ghana,A,group_or_knockout,McDonald's,loss,0,1548,70.3,20.2,12.83,69.54,208.94,0.65,0.554,25.44,0.51,0.67,0.723,0.501,3.318,0.13,Mid attention,Scalable,hot,21.4,52.6,171.8,66.39,0.278,0.3566,3.35,0.225,56.32,0.5637,0.4958,0.5009,0.4037,0.716
2022_932_Portugal,2022,932,Portugal,Uruguay,A,group_or_knockout,Mengniu,win,3,1702,76.8,47.1,14.4,62.94,400.32,0.713,0.639,17.76,0.359,0.8,0.643,0.593,3.635,0.205,Mid attention,Scalable,windy,19.5,43.8,166.23,82.25,0.212,0.2914,3.03,0.209,65.4,0.6734,0.5627,0.5544,0.6228,0.9248
2022_933_Ecuador,2022,933,Ecuador,Senegal,A,group_or_knockout,McDonald's,loss,0,1623,71.6,42.9,13.81,65.14,202.52,0.628,0.551,16.55,0.347,0.689,0.657,0.44,3.458,0.209,Mid attention,Scalable,clear,13.7,34.5,148.19,116.58,0.189,0.2835,3.43,0.198,62.59,0.5962,0.5286,0.41,0.5262,0.8825
2022_934_Qatar,2022,934,Qatar,Netherlands,A,group_or_knockout,McDonald's,loss,0,1388,63.5,12.4,4.78,62.94,282.02,0.668,0.334,21.61,0.423,0.619,0.704,0.391,3.068,0.142,Mid attention,Scalable,clear,25.7,68.1,215.78,83.62,0.21,0.456,3.84,0.215,50.17,0.5854,0.4912,0.5827,0.3299,0.5634
2022_935_Wales,2022,935,Wales,England,A,group_or_knockout,Coca-Cola,loss,0,1476,67.0,18.7,9.44,65.14,260.9,0.643,0.461,33.92,0.78,0.631,0.878,0.556,3.181,0.094,Mid attention,Scalable,rain,20.3,45.5,196.25,65.28,0.23,0.3737,1.93,0.164,57.37,0.5611,0.5055,0.5246,0.3613,0.6439
2022_936_Iran,2022,936,Iran,United States,A,group_or_knockout,Visa,loss,0,1519,68.7,30.6,12.34,60.74,192.41,0.556,0.48,29.04,0.732,0.637,0.935,0.532,3.492,0.12,Mid attention,Scalable,cloudy,16.5,96.0,166.76,81.91,0.082,0.0553,1.03,0.024,54.52,0.4943,0.441,0.2085,0.4842,0.9797
2022_937_Poland,2022,937,Poland,Argentina,A,group_or_knockout,Coca-Cola,loss,0,1685,72.7,42.5,15.85,62.94,136.35,0.496,0.562,28.97,0.734,0.749,0.899,0.552,3.684,0.127,Mid attention,Scalable,cloudy,19.7,40.6,164.11,114.86,0.229,0.1961,4.97,0.163,64.23,0.5229,0.5802,0.328,0.5911,1.1304
2022_938_Saudi_Arabia,2022,938,Saudi Arabia,Mexico,A,group_or_knockout,Visa,loss,0,1543,68.2,34.6,13.01,65.14,250.45,0.625,0.55,27.16,0.698,0.648,0.864,0.559,3.665,0.135,Mid attention,Scalable,windy,29.4,37.9,222.03,68.96,0.302,0.1499,2.85,0.286,61.87,0.5589,0.5809,0.405,0.5191,0.9287
2022_939_Australia,2022,939,Australia,Denmark,A,group_or_knockout,Hyundai,win,3,1539,69.8,32.1,7.37,60.74,114.11,0.515,0.315,29.32,0.866,0.705,0.903,0.607,3.53,0.12,Low attention,Scalable,cloudy,26.6,66.2,221.79,111.88,0.136,0.1047,4.79,0.209,58.03,0.4811,0.5775,0.2132,0.5238,1.0888
2022_940_Tunisia,2022,940,Tunisia,France,A,group_or_knockout,Hyundai,win,3,1519,66.6,27.6,11.21,60.74,271.74,0.616,0.485,28.75,0.839,0.649,0.867,0.681,3.724,0.13,Mid attention,Premium,clear,22.2,82.5,137.55,115.9,0.125,0.2561,6.26,0.143,65.01,0.6074,0.5821,0.4091,0.5258,0.8656
2022_941_Japan,2022,941,Japan,Spain,A,group_or_knockout,Adidas,win,3,1586,72.8,37.0,11.9,65.14,196.87,0.598,0.498,29.47,0.859,0.648,0.855,0.689,3.796,0.129,Mid attention,Premium,clear,26.7,59.0,141.83,112.42,0.204,0.2708,3.89,0.155,57.34,0.5854,0.4853,0.4048,0.5335,0.9112
2022_942_Costa_Rica,2022,942,Costa Rica,Germany,A,group_or_knockout,Visa,loss,0,1585,73.1,26.3,15.16,71.74,97.61,0.626,0.581,31.23,0.76,0.677,0.885,0.592,3.47,0.111,Mid attention,Scalable,clear,16.0,67.2,273.6,87.34,0.091,0.2007,3.55,0.141,73.33,0.5317,0.7353,0.2446,0.4745,0.8926
2022_943_Croatia,2022,943,Croatia,Belgium,A,group_or_knockout,Hisense,draw,1,1671,75.1,52.8,21.52,58.54,152.07,0.502,0.691,28.53,0.731,0.792,0.927,0.635,3.793,0.133,High attention,Premium,clear,23.2,28.5,124.7,113.97,0.025,0.2928,9.52,0.126,53.41,0.493,0.5216,0.3104,0.6596,1.3378
2022_944_Canada,2022,944,Canada,Morocco,A,group_or_knockout,Hisense,loss,0,1404,62.1,14.1,8.35,65.14,223.55,0.643,0.416,28.16,0.697,0.646,0.897,0.511,3.344,0.119,Mid attention,Scalable,clear,23.9,47.2,224.4,76.79,0.271,0.1696,3.23,0.231,60.62,0.5505,0.5783,0.3864,0.4448,0.8079
2022_945_Serbia,2022,945,Serbia,Switzerland,A,group_or_knockout,Vivo,loss,0,1559,68.8,36.3,15.31,69.54,185.96,0.643,0.61,23.55,0.481,0.729,0.727,0.511,3.308,0.14,Mid attention,Scalable,rain,20.2,40.8,312.98,144.47,0.111,0.1706,0.51,0.046,68.16,0.6673,0.6815,0.2917,0.4552,0.6822
2022_946_Cameroon,2022,946,Cameroon,Brazil,A,group_or_knockout,Coca-Cola,win,3,1542,68.0,29.1,10.52,60.74,212.05,0.543,0.441,31.97,0.771,0.693,0.92,0.627,3.32,0.104,Mid attention,Premium,rain,25.6,27.7,273.53,110.46,0.158,0.3523,2.21,0.29,62.59,0.5535,0.6242,0.447,0.459,0.8293
2022_947_Ghana,2022,947,Ghana,Uruguay,A,group_or_knockout,Mengniu,loss,0,1600,68.9,36.1,8.97,62.94,141.77,0.541,0.383,23.07,0.435,0.715,0.668,0.391,3.041,0.132,Mid attention,Scalable,cloudy,18.3,59.9,227.39,61.12,0.095,0.2225,6.06,0.176,70.51,0.4437,0.7074,0.2893,0.3596,0.8104
2022_948_South_Korea,2022,948,South Korea,Portugal,A,group_or_knockout,McDonald's,win,3,1548,70.3,20.2,12.83,65.14,129.14,0.476,0.493,25.44,0.51,0.67,0.723,0.546,3.138,0.123,Mid attention,Scalable,clear,26.1,22.1,233.63,126.31,0.284,0.1836,0.08,0.209,57.12,0.5554,0.5095,0.3396,0.3584,0.6453
2022_949_Netherlands,2022,949,Netherlands,United States,A,group_or_knockout,Hisense,win,3,1746,75.8,49.9,15.97,67.34,188.62,0.622,0.615,32.27,0.781,0.811,0.856,0.711,3.825,0.119,Mid attention,Premium,rain,26.3,36.8,355.22,104.94,0.242,0.1033,1.22,0.164,55.04,0.5878,0.6197,0.3079,0.6321,1.0754
2022_950_Argentina,2022,950,Argentina,Australia,A,group_or_knockout,Hyundai,win,3,1753,76.8,58.0,19.5,65.14,187.8,0.515,0.694,30.74,0.903,0.813,0.936,0.763,4.22,0.137,High attention,Premium,rain,5.5,49.4,109.17,96.96,0.132,0.1993,5.12,0.185,60.86,0.5546,0.504,0.3207,0.767,1.3831
2022_951_France,2022,951,France,Poland,A,group_or_knockout,Qatar Airways,win,3,1748,77.8,46.5,18.67,67.34,174.55,0.555,0.68,24.02,0.51,0.801,0.711,0.632,3.734,0.155,High attention,Premium,hot,30.1,44.7,180.13,97.42,0.038,0.1682,2.23,0.122,65.78,0.5654,0.5665,0.2503,0.6011,1.063
2022_952_England,2022,952,England,Senegal,A,group_or_knockout,McDonald's,win,3,1695,76.6,52.6,19.34,65.14,262.48,0.648,0.722,20.29,0.432,0.819,0.654,0.638,3.748,0.185,High attention,Premium,cloudy,4.7,64.3,241.93,110.0,0.122,0.5839,2.57,0.187,56.16,0.6317,0.5465,0.6137,0.6346,1.0046
2022_953_Japan,2022,953,Japan,Croatia,A,group_or_knockout,Adidas,draw,1,1586,72.8,37.0,11.9,62.94,141.76,0.545,0.46,29.47,0.859,0.648,0.855,0.598,3.747,0.127,Mid attention,Scalable,rain,19.3,62.9,173.79,115.93,0.213,0.1996,5.05,0.203,69.27,0.5287,0.6328,0.3267,0.521,0.9855
2022_954_Brazil,2022,954,Brazil,South Korea,A,group_or_knockout,Adidas,win,3,1829,78.8,57.4,18.61,69.54,216.93,0.623,0.71,33.15,0.938,0.809,0.916,0.801,4.274,0.129,High attention,Premium,cloudy,29.2,72.3,284.82,143.58,0.175,0.1258,1.29,0.157,74.24,0.6895,0.7191,0.3113,0.7566,1.0974
2022_955_Morocco,2022,955,Morocco,Spain,A,group_or_knockout,Mengniu,draw,1,1552,69.2,34.3,12.67,58.54,170.5,0.481,0.466,19.44,0.366,0.668,0.598,0.421,3.106,0.16,Mid attention,Scalable,cloudy,21.1,70.0,174.14,73.46,0.167,0.2516,-0.28,0.185,56.06,0.4443,0.4409,0.3587,0.3533,0.7951
2022_956_Portugal,2022,956,Portugal,Switzerland,A,group_or_knockout,Mengniu,win,3,1702,76.8,47.1,14.4,73.94,136.64,0.689,0.591,17.76,0.359,0.8,0.643,0.571,3.508,0.198,Mid attention,Scalable,hot,14.2,76.3,229.57,127.18,0.177,0.5619,-0.12,0.232,69.65,0.6434,0.6087,0.5417,0.588,0.914
2022_957_Croatia,2022,957,Croatia,Brazil,A,group_or_knockout,Hisense,draw,1,1671,75.1,52.8,21.52,62.94,124.32,0.507,0.706,28.53,0.731,0.792,0.927,0.642,3.718,0.13,High attention,Premium,clear,16.4,58.0,176.53,112.8,0.232,0.334,4.02,0.221,50.02,0.5105,0.457,0.4107,0.6406,1.2547
2022_958_Netherlands,2022,958,Netherlands,Argentina,A,group_or_knockout,Hisense,draw,1,1746,75.8,49.9,15.97,67.34,193.08,0.676,0.617,32.27,0.781,0.811,0.856,0.655,3.811,0.118,Mid attention,Premium,clear,29.2,62.9,177.53,119.68,0.152,0.2002,3.34,0.169,65.54,0.614,0.5789,0.3336,0.628,1.0227
2022_959_Morocco,2022,959,Morocco,Portugal,A,group_or_knockout,Mengniu,win,3,1552,69.2,34.3,12.67,60.74,302.28,0.612,0.537,19.44,0.366,0.668,0.598,0.538,3.27,0.168,Mid attention,Scalable,clear,11.5,66.2,159.15,93.59,0.201,0.2485,1.35,0.236,60.4,0.5961,0.4886,0.4578,0.3967,0.6656
2022_960_England,2022,960,England,France,A,group_or_knockout,McDonald's,loss,0,1695,76.6,52.6,19.34,65.14,218.93,0.618,0.703,20.29,0.432,0.819,0.654,0.525,3.629,0.179,High attention,Scalable,cloudy,29.8,60.3,209.42,91.74,0.058,0.3381,0.37,0.073,71.72,0.5702,0.6153,0.398,0.6028,1.0571
2022_961_Argentina,2022,961,Argentina,Croatia,A,group_or_knockout,Hyundai,win,3,1753,76.8,58.0,19.5,65.14,114.82,0.583,0.662,30.74,0.903,0.813,0.936,0.764,4.048,0.132,High attention,Premium,cloudy,22.7,51.6,161.24,123.19,0.412,0.3341,2.23,0.26,62.56,0.5396,0.5221,0.4843,0.726,1.3454
2022_962_France,2022,962,France,Morocco,A,group_or_knockout,Qatar Airways,win,3,1748,77.8,46.5,18.67,62.94,75.28,0.492,0.61,24.02,0.51,0.801,0.711,0.594,3.649,0.152,Mid attention,Scalable,rain,15.8,52.7,239.96,81.19,0.128,0.2431,5.14,0.153,52.66,0.4242,0.5539,0.2738,0.5801,1.3674
2022_963_Croatia,2022,963,Croatia,Morocco,A,group_or_knockout,Hisense,win,3,1671,75.1,52.8,21.52,65.14,228.56,0.585,0.765,28.53,0.731,0.792,0.927,0.745,3.885,0.136,High attention,Premium,cloudy,19.5,44.9,230.41,76.24,0.177,0.1789,1.04,0.142,55.03,0.5535,0.5034,0.3541,0.682,1.2321
2022_964_Argentina,2022,964,Argentina,France,A,group_or_knockout,Hyundai,draw,1,1753,76.8,58.0,19.5,71.74,199.56,0.665,0.74,30.74,0.903,0.813,0.936,0.741,4.185,0.136,High attention,Premium,clear,16.9,64.7,283.7,115.47,0.213,0.3257,1.41,0.185,60.09,0.6529,0.6002,0.446,0.7587,1.162
1930_1_United_States,1930,1,United States,Belgium,B,tournament,Vivo,win,3,1578,71.9,31.0,12.75,31.6,68.87,0.14,0.259,22.58,0.432,0.676,0.652,0.37,3.532,0.156,Low attention,Watchlist,clear,22.8,71.9,89.94,36.74,0.124,0.2021,4.94,0.103,28.79,0.0623,0.2125,0.2413,0.4583,6.0
1930_2_Mexico,1930,2,Mexico,France,B,tournament,Hyundai,loss,0,1612,72.1,37.6,18.89,36.0,187.48,0.23,0.499,28.5,0.853,0.712,0.897,0.521,3.493,0.123,Mid attention,Scalable,clear,14.8,69.7,124.8,65.75,0.207,0.1971,4.72,0.17,39.57,0.238,0.3321,0.3523,0.5228,2.1966
1930_3_Yugoslavia,1930,3,Yugoslavia,Brazil,B,tournament,Qatar Airways,win,3,1669,74.2,37.3,11.34,31.6,85.92,0.164,0.229,17.82,0.379,0.762,0.645,0.345,3.82,0.214,Low attention,Watchlist,hot,21.5,30.5,84.25,49.04,0.224,0.3487,4.13,0.218,27.41,0.0943,0.1835,0.3916,0.6478,6.0
1930_4_Romania,1930,4,Romania,Peru,B,tournament,Qatar Airways,win,3,1634,73.6,37.4,11.0,33.8,77.75,0.188,0.23,19.84,0.414,0.75,0.711,0.362,3.191,0.161,Low attention,Watchlist,rain,18.5,51.5,88.86,56.75,0.032,0.5358,6.91,0.214,26.75,0.1203,0.2241,0.4221,0.4681,3.8923
1930_5_France,1930,5,France,Argentina,B,tournament,Qatar Airways,loss,0,1748,77.8,46.5,18.67,27.2,116.04,0.059,0.408,24.02,0.51,0.801,0.711,0.339,3.748,0.156,Mid attention,Watchlist,windy,28.5,44.2,58.37,49.53,0.064,0.2153,1.67,0.129,27.37,0.0775,0.1224,0.2541,0.6052,6.0
1930_6_Mexico,1930,6,Mexico,Chile,B,tournament,Hyundai,loss,0,1612,72.1,37.6,18.89,31.6,97.72,0.115,0.433,28.5,0.853,0.712,0.897,0.475,3.386,0.119,Mid attention,Scalable,clear,23.2,78.7,82.29,50.93,0.311,0.1342,2.47,0.222,30.43,0.1062,0.1821,0.2991,0.4961,4.6703
1930_7_Yugoslavia,1930,7,Yugoslavia,Bolivia,B,tournament,Qatar Airways,win,3,1669,74.2,37.3,11.34,33.8,113.56,0.189,0.255,17.82,0.379,0.762,0.645,0.36,2.52,0.141,Low attention,Watchlist,cloudy,21.3,36.4,136.3,65.03,0.185,0.2741,2.35,0.212,37.72,0.1604,0.2911,0.3441,0.2901,1.8089
1930_8_United_States,1930,8,United States,Paraguay,B,tournament,Vivo,win,3,1578,71.9,31.0,12.75,31.6,86.88,0.135,0.267,22.58,0.432,0.676,0.652,0.372,3.544,0.157,Low attention,Watchlist,clear,22.4,83.7,97.11,41.54,0.098,0.1618,2.03,0.156,29.46,0.0834,0.1808,0.2155,0.4621,5.5396
1930_9_Peru,1930,9,Peru,Uruguay,B,tournament,Hisense,loss,0,1576,66.6,39.7,14.92,27.2,71.09,0.083,0.29,33.45,0.777,0.647,0.931,0.389,3.33,0.1,Low attention,Scalable,cloudy,24.3,57.5,67.91,54.85,0.144,0.3183,-1.38,0.146,22.54,0.0516,0.0442,0.3268,0.4298,6.0
1930_10_Mexico,1930,10,Mexico,Argentina,B,tournament,Hyundai,loss,0,1612,72.1,37.6,18.89,44.8,122.09,0.291,0.525,28.5,0.853,0.712,0.897,0.542,3.948,0.139,Mid attention,Scalable,clear,26.7,39.4,183.32,46.59,0.265,0.1508,5.69,0.287,40.26,0.2394,0.4058,0.3054,0.635,2.6522
1930_11_France,1930,11,France,Chile,B,tournament,Qatar Airways,loss,0,1748,77.8,46.5,18.67,27.2,52.78,0.096,0.381,24.02,0.51,0.801,0.711,0.335,3.269,0.136,Mid attention,Watchlist,clear,17.0,47.2,70.59,46.9,0.25,0.2444,0.65,0.206,25.07,0.0253,0.0987,0.314,0.4828,6.0
1930_12_Paraguay,1930,12,Paraguay,Belgium,B,tournament,Hyundai,win,3,1578,69.9,30.5,12.88,27.2,75.84,0.108,0.238,26.2,0.812,0.667,0.921,0.486,3.518,0.134,Low attention,Scalable,cloudy,16.8,45.2,116.54,55.96,0.01,0.2494,3.16,0.108,26.93,0.0569,0.1941,0.226,0.5226,6.0
1930_13_Brazil,1930,13,Brazil,Bolivia,B,tournament,Adidas,win,3,1829,78.8,57.4,18.61,33.8,104.94,0.182,0.442,33.15,0.938,0.809,0.916,0.62,2.451,0.074,Mid attention,Scalable,clear,29.6,37.6,144.22,41.52,0.32,0.4292,-0.19,0.277,29.7,0.1174,0.1921,0.4985,0.3194,2.7216
1930_14_Romania,1930,14,Romania,Uruguay,B,tournament,Qatar Airways,loss,0,1634,73.6,37.4,11.0,33.8,162.16,0.248,0.267,19.84,0.414,0.75,0.711,0.287,3.48,0.175,Low attention,Watchlist,cloudy,20.5,59.5,102.97,44.78,0.253,0.3319,4.1,0.23,33.06,0.166,0.2478,0.4433,0.5446,3.2807
1930_15_Chile,1930,15,Chile,Argentina,B,tournament,Hisense,loss,0,1622,72.9,38.6,16.65,33.8,98.94,0.189,0.388,27.36,0.7,0.681,0.911,0.42,3.818,0.14,Mid attention,Scalable,cloudy,14.5,38.4,69.81,43.84,0.141,0.1986,1.15,0.208,37.41,0.1164,0.2099,0.2662,0.5957,5.1182
1930_16_United_States,1930,16,United States,Argentina,B,tournament,Vivo,loss,0,1578,71.9,31.0,12.75,40.4,60.05,0.201,0.309,22.58,0.432,0.676,0.652,0.3,3.851,0.171,Low attention,Watchlist,clear,25.7,23.1,215.12,66.0,0.037,0.4507,0.41,0.111,37.67,0.1818,0.3331,0.3578,0.5422,2.982
1930_17_Yugoslavia,1930,17,Yugoslavia,Uruguay,B,tournament,Qatar Airways,loss,0,1669,74.2,37.3,11.34,40.4,112.45,0.269,0.295,17.82,0.379,0.762,0.645,0.289,3.469,0.195,Low attention,Watchlist,windy,25.8,51.9,133.71,58.04,0.262,0.1696,3.21,0.233,40.99,0.2094,0.3294,0.3099,0.5522,2.6374
1930_18_Argentina,1930,18,Argentina,Uruguay,B,tournament,Hyundai,loss,0,1753,76.8,58.0,19.5,38.2,235.07,0.288,0.55,30.74,0.903,0.813,0.936,0.568,3.524,0.115,Mid attention,Scalable,cloudy,13.8,29.2,105.83,39.74,0.204,0.0369,1.33,0.172,32.94,0.2542,0.2076,0.2785,0.5987,2.3556
1934_19_Sweden,1934,19,Sweden,Argentina,B,tournament,Budweiser,win,3,1654,74.4,39.2,19.34,37.46,136.44,0.266,0.498,26.29,0.687,0.705,0.91,0.571,3.884,0.148,Mid attention,Scalable,rain,24.4,46.0,142.92,77.12,0.01,0.149,1.59,0.125,40.03,0.2302,0.3052,0.2006,0.635,2.7585
1934_20_France,1934,20,France,Austria,B,tournament,Qatar Airways,loss,0,1748,77.8,46.5,18.67,37.46,85.3,0.207,0.458,24.02,0.51,0.801,0.711,0.385,3.168,0.132,Mid attention,Scalable,cloudy,27.4,43.5,134.14,43.68,0.133,0.3255,3.16,0.155,32.86,0.1394,0.2603,0.3358,0.4573,3.2799
1934_21_Germany,1934,21,Germany,Belgium,B,tournament,Coca-Cola,win,3,1798,81.3,65.9,22.15,41.86,141.15,0.289,0.601,29.19,0.759,0.859,0.907,0.639,3.596,0.123,Mid attention,Premium,rain,25.2,44.1,174.52,66.74,0.469,0.252,4.48,0.294,41.39,0.2581,0.3891,0.4736,0.6428,2.49
1934_22_Spain,1934,22,Spain,Brazil,B,tournament,Budweiser,win,3,1708,77.4,45.2,19.26,35.26,81.86,0.163,0.458,27.85,0.714,0.724,0.933,0.546,3.835,0.138,Mid attention,Scalable,rain,26.8,90.0,89.76,59.0,0.158,0.3091,1.08,0.199,31.31,0.1403,0.1754,0.3341,0.6328,4.51
1934_23_Romania,1934,23,Romania,Czechoslovakia,B,tournament,Qatar Airways,loss,0,1634,73.6,37.4,11.0,33.06,64.67,0.179,0.22,19.84,0.414,0.75,0.711,0.257,3.227,0.163,Low attention,Watchlist,hot,14.6,58.9,107.55,31.51,0.082,0.1108,0.72,0.131,26.59,0.0644,0.1462,0.161,0.478,6.0
1934_24_Hungary,1934,24,Hungary,Egypt,B,tournament,Adidas,win,3,1691,78.9,42.6,16.61,39.66,102.8,0.24,0.425,33.47,0.932,0.712,0.937,0.621,3.097,0.093,Mid attention,Premium,cloudy,25.0,61.9,88.58,40.63,0.055,0.2154,2.85,0.087,35.5,0.1682,0.2365,0.2415,0.4186,2.4879
1934_25_United_States,1934,25,United States,Italy,B,tournament,Vivo,loss,0,1578,71.9,31.0,12.75,44.06,129.18,0.299,0.361,22.58,0.432,0.676,0.652,0.338,3.488,0.154,Mid attention,Watchlist,clear,21.2,29.6,156.36,95.31,0.333,0.1764,3.93,0.286,37.73,0.3135,0.3333,0.3567,0.4469,1.4252
1934_26_Switzerland,1934,26,Switzerland,Netherlands,B,tournament,Adidas,win,3,1632,72.7,48.1,17.05,37.46,63.38,0.184,0.406,31.4,0.904,0.774,0.888,0.595,3.486,0.111,Mid attention,Scalable,clear,20.1,47.5,111.89,66.07,0.241,0.3884,5.87,0.244,41.26,0.1574,0.352,0.41,0.542,3.443
1934_27_Hungary,1934,27,Hungary,Austria,B,tournament,Adidas,loss,0,1691,78.9,42.6,16.61,33.06,68.48,0.163,0.369,33.47,0.932,0.712,0.937,0.486,3.099,0.093,Mid attention,Scalable,cloudy,28.2,61.4,106.55,31.2,0.297,0.2267,0.55,0.224,28.95,0.0668,0.1627,0.3336,0.419,6.0
1934_28_Switzerland,1934,28,Switzerland,Czechoslovakia,B,tournament,Adidas,loss,0,1632,72.7,48.1,17.05,37.46,107.36,0.233,0.425,31.4,0.904,0.774,0.888,0.511,3.302,0.105,Mid attention,Scalable,clear,31.9,41.6,108.49,72.39,0.181,0.3293,2.13,0.168,42.36,0.2007,0.3017,0.374,0.4973,2.4775
1934_29_Sweden,1934,29,Sweden,Germany,B,tournament,Budweiser,loss,0,1654,74.4,39.2,19.34,33.06,84.27,0.17,0.448,26.29,0.687,0.705,0.91,0.434,3.835,0.146,Mid attention,Scalable,clear,33.8,72.5,93.28,51.61,0.282,0.2765,5.27,0.238,31.65,0.1105,0.2448,0.3695,0.6225,5.6356
1934_30_Spain,1934,30,Spain,Italy,B,tournament,Budweiser,draw,1,1708,77.4,45.2,19.26,30.86,98.5,0.155,0.439,27.85,0.714,0.724,0.933,0.471,3.358,0.121,Mid attention,Scalable,clear,30.9,38.8,74.62,30.79,0.071,0.2356,6.94,0.15,26.53,0.0688,0.2097,0.2589,0.5148,6.0
1934_31_Spain,1934,31,Spain,Italy,B,tournament,Budweiser,loss,0,1708,77.4,45.2,19.26,28.66,58.29,0.151,0.408,27.85,0.714,0.724,0.933,0.425,3.236,0.116,Mid attention,Scalable,cloudy,22.3,53.4,104.91,51.16,0.172,0.2084,0.71,0.111,26.39,0.0495,0.142,0.2598,0.4838,6.0
1934_32_Germany,1934,32,Germany,Czechoslovakia,B,tournament,Coca-Cola,loss,0,1798,81.3,65.9,22.15,35.26,123.06,0.197,0.553,29.19,0.759,0.859,0.907,0.504,3.238,0.111,Mid attention,Scalable,clear,25.1,48.6,153.73,54.62,0.185,0.1694,1.25,0.184,29.83,0.1649,0.2236,0.2826,0.5553,3.3676
1934_33_Austria,1934,33,Austria,Italy,B,tournament,McDonald's,loss,0,1660,70.5,44.6,14.99,28.66,58.79,0.078,0.295,21.71,0.454,0.702,0.72,0.281,3.27,0.151,Low attention,Watchlist,cloudy,27.6,60.6,74.91,33.43,0.294,0.1528,3.6,0.241,30.96,0.0224,0.197,0.2782,0.4424,6.0
1934_34_Germany,1934,34,Germany,Austria,B,tournament,Coca-Cola,win,3,1798,81.3,65.9,22.15,37.46,169.57,0.241,0.586,29.19,0.759,0.859,0.907,0.624,3.211,0.11,Mid attention,Premium,rain,23.7,47.8,129.24,76.46,0.188,0.4122,1.59,0.111,30.84,0.2544,0.215,0.4713,0.5486,2.1564
1934_35_Czechoslovakia,1934,35,Czechoslovakia,Italy,B,tournament,Visa,loss,0,1636,72.1,45.6,14.05,33.06,58.43,0.158,0.297,31.09,0.763,0.715,0.89,0.401,3.322,0.107,Low attention,Scalable,hot,23.8,53.7,110.65,42.28,0.094,0.1964,1.21,0.139,36.18,0.0763,0.2375,0.2176,0.4663,6.0
1938_36_Switzerland,1938,36,Switzerland,Germany,B,tournament,Adidas,draw,1,1632,72.7,48.1,17.05,32.32,68.02,0.17,0.376,31.4,0.904,0.774,0.888,0.514,3.808,0.121,Mid attention,Scalable,clear,27.9,54.2,97.29,41.04,0.163,0.1171,3.31,0.18,25.74,0.0749,0.1688,0.2031,0.6196,6.0
1938_37_Poland,1938,37,Poland,Brazil,B,tournament,Coca-Cola,loss,0,1685,72.7,42.5,15.85,52.12,167.4,0.424,0.509,28.97,0.734,0.749,0.899,0.519,4.084,0.141,Mid attention,Scalable,cloudy,22.6,46.2,106.9,65.39,-0.011,0.1257,6.05,0.099,46.28,0.3704,0.3927,0.1965,0.6896,1.8619
1938_38_Romania,1938,38,Romania,Cuba,B,tournament,Qatar Airways,draw,1,1634,73.6,37.4,11.0,41.12,187.26,0.293,0.323,19.84,0.414,0.75,0.711,0.349,3.12,0.157,Low attention,Watchlist,cloudy,18.6,65.8,89.22,78.03,-0.076,0.2873,0.05,0.094,34.14,0.304,0.1833,0.2851,0.4485,1.4757
1938_39_Netherlands,1938,39,Netherlands,Czechoslovakia,B,tournament,Hisense,loss,0,1746,75.8,49.9,15.97,34.52,107.74,0.167,0.378,32.27,0.781,0.811,0.856,0.44,3.255,0.101,Mid attention,Scalable,cloudy,20.5,61.8,85.31,62.76,0.239,0.2939,5.95,0.195,35.44,0.159,0.2798,0.377,0.4943,3.1081
1938_40_Belgium,1938,40,Belgium,France,B,tournament,Visa,loss,0,1674,71.5,40.4,23.19,36.72,122.84,0.243,0.589,26.85,0.713,0.72,0.914,0.51,3.462,0.129,Mid attention,Scalable,cloudy,26.8,56.6,64.62,76.16,0.119,0.1674,1.59,0.103,35.41,0.2115,0.1949,0.2519,0.5365,2.5363
1938_41_Indonesia,1938,41,Indonesia,Hungary,B,tournament,Coca-Cola,loss,0,1369,64.9,11.7,4.28,41.12,118.09,0.291,0.115,32.51,0.751,0.569,0.881,0.352,3.748,0.115,Low attention,Watchlist,clear,23.0,51.1,175.65,49.27,0.13,0.221,3.53,0.086,45.98,0.2067,0.4146,0.2884,0.4634,2.2419
1938_42_Norway,1938,42,Norway,Italy,B,tournament,McDonald's,loss,0,1541,69.8,29.1,10.21,34.52,74.01,0.183,0.212,20.44,0.394,0.651,0.632,0.248,3.351,0.164,Low attention,Watchlist,windy,25.0,70.7,113.69,66.36,0.239,0.3982,6.14,0.257,31.48,0.1389,0.275,0.4224,0.4093,2.9463
1938_43_Romania,1938,43,Romania,Cuba,B,tournament,Qatar Airways,loss,0,1634,73.6,37.4,11.0,34.52,86.0,0.157,0.238,19.84,0.414,0.75,0.711,0.26,2.942,0.148,Low attention,Watchlist,clear,27.0,54.2,102.93,56.78,0.296,0.2221,3.48,0.251,27.43,0.1332,0.1908,0.3417,0.4009,3.0096
1938_44_Switzerland,1938,44,Switzerland,Germany,B,tournament,Adidas,win,3,1632,72.7,48.1,17.05,41.12,83.69,0.255,0.437,31.4,0.904,0.774,0.888,0.619,3.898,0.124,Mid attention,Scalable,hot,20.8,53.1,71.45,53.51,0.21,0.2552,2.18,0.233,43.35,0.1871,0.2772,0.3235,0.6416,3.4295
1938_45_Czechoslovakia,1938,45,Czechoslovakia,Brazil,B,tournament,Visa,draw,1,1636,72.1,45.6,14.05,32.32,64.56,0.14,0.296,31.09,0.763,0.715,0.89,0.43,3.784,0.122,Low attention,Scalable,cloudy,27.5,59.7,61.54,30.58,0.349,0.1439,4.31,0.216,31.95,0.056,0.2039,0.3006,0.5786,6.0
1938_46_Sweden,1938,46,Sweden,Cuba,B,tournament,Budweiser,win,3,1654,74.4,39.2,19.34,45.52,145.57,0.344,0.551,26.29,0.687,0.705,0.91,0.605,3.095,0.118,Mid attention,Scalable,clear,25.3,85.1,136.67,89.43,0.206,0.3043,2.44,0.223,49.06,0.3303,0.3887,0.3938,0.4373,1.3239
1938_47_Italy,1938,47,Italy,France,B,tournament,Visa,win,3,1755,77.8,61.6,11.04,36.72,76.62,0.218,0.248,33.4,0.799,0.761,0.842,0.505,3.407,0.102,Low attention,Scalable,rain,15.6,36.6,180.54,44.56,0.186,0.2995,3.89,0.13,34.27,0.1274,0.3255,0.3368,0.488,3.8316
1938_48_Switzerland,1938,48,Switzerland,Hungary,B,tournament,Adidas,loss,0,1632,72.7,48.1,17.05,32.32,101.0,0.167,0.391,31.4,0.904,0.774,0.888,0.486,3.598,0.115,Mid attention,Scalable,clear,31.7,70.3,81.53,55.63,0.18,0.3959,2.37,0.16,33.8,0.1226,0.2084,0.4124,0.5697,4.6458
1938_49_Czechoslovakia,1938,49,Czechoslovakia,Brazil,B,tournament,Visa,loss,0,1636,72.1,45.6,14.05,34.52,68.51,0.183,0.311,31.09,0.763,0.715,0.89,0.41,3.849,0.124,Low attention,Scalable,rain,20.0,27.7,128.7,55.7,0.028,0.2171,4.61,0.109,29.05,0.1182,0.245,0.2083,0.5942,5.0262
1938_50_Italy,1938,50,Italy,Brazil,B,tournament,Visa,win,3,1755,77.8,61.6,11.04,34.52,107.18,0.192,0.248,33.4,0.799,0.761,0.842,0.5,3.817,0.114,Low attention,Scalable,cloudy,13.1,61.5,91.98,31.27,0.252,0.3029,-0.13,0.238,39.35,0.1098,0.2271,0.3882,0.5858,5.3349
1938_51_Sweden,1938,51,Sweden,Hungary,B,tournament,Budweiser,loss,0,1654,74.4,39.2,19.34,41.12,102.48,0.269,0.505,26.29,0.687,0.705,0.91,0.474,3.703,0.141,Mid attention,Scalable,clear,16.7,83.2,125.25,90.16,-0.088,0.3759,0.67,0.129,34.64,0.2582,0.2296,0.2817,0.5895,2.2831
1938_52_Sweden,1938,52,Sweden,Brazil,B,tournament,Budweiser,loss,0,1654,74.4,39.2,19.34,41.12,174.22,0.325,0.537,26.29,0.687,0.705,0.91,0.496,3.962,0.151,Mid attention,Scalable,clear,16.9,65.8,167.36,80.54,0.098,0.1472,-0.16,0.12,44.36,0.2979,0.3376,0.2631,0.6546,2.1971
1938_53_Italy,1938,53,Italy,Hungary,B,tournament,Visa,win,3,1755,77.8,61.6,11.04,41.12,128.66,0.238,0.298,33.4,0.799,0.761,0.842,0.528,3.67,0.11,Low attention,Scalable,rain,23.3,60.7,113.3,63.01,0.158,0.4804,2.68,0.158,35.22,0.236,0.254,0.4753,0.5511,2.3349
1950_54_Mexico,1950,54,Mexico,Brazil,B,tournament,Hyundai,loss,0,1612,72.1,37.6,18.89,41.09,165.97,0.293,0.521,28.5,0.853,0.712,0.897,0.541,4.022,0.141,Mid attention,Scalable,clear,21.4,49.0,103.88,73.32,0.077,0.2422,-0.41,0.096,43.63,0.2802,0.2699,0.3098,0.6525,2.3288
1950_55_England,1950,55,England,Chile,B,tournament,McDonald's,win,3,1695,76.6,52.6,19.34,36.69,84.85,0.187,0.471,20.29,0.432,0.819,0.654,0.459,3.423,0.169,Mid attention,Scalable,hot,21.0,58.5,157.12,55.75,0.111,0.4377,1.35,0.139,39.99,0.1507,0.3142,0.3983,0.5482,3.6379
1950_56_Sweden,1950,56,Sweden,Italy,B,tournament,Budweiser,win,3,1654,74.4,39.2,19.34,43.29,125.67,0.283,0.529,26.29,0.687,0.705,0.91,0.585,3.388,0.129,Mid attention,Scalable,rain,26.7,54.0,131.54,80.86,0.34,0.1162,0.47,0.315,47.43,0.2814,0.3405,0.3186,0.5105,1.8143
1950_57_United_States,1950,57,United States,Spain,B,tournament,Vivo,loss,0,1578,71.9,31.0,12.75,41.09,89.22,0.244,0.326,22.58,0.432,0.676,0.652,0.315,3.66,0.162,Low attention,Watchlist,rain,25.0,45.4,162.16,44.16,0.267,0.3129,5.91,0.249,39.09,0.1765,0.38,0.3896,0.4919,2.7869
1950_58_Yugoslavia,1950,58,Yugoslavia,Switzerland,B,tournament,Qatar Airways,win,3,1669,74.2,37.3,11.34,38.89,98.98,0.274,0.279,17.82,0.379,0.762,0.645,0.384,3.644,0.204,Low attention,Scalable,clear,24.9,53.4,98.44,57.57,0.088,0.3476,0.72,0.185,36.34,0.1845,0.2204,0.3391,0.5992,3.2478
1950_59_Switzerland,1950,59,Switzerland,Brazil,B,tournament,Adidas,draw,1,1632,72.7,48.1,17.05,41.09,109.11,0.241,0.448,31.4,0.904,0.774,0.888,0.554,3.972,0.126,Mid attention,Scalable,rain,25.5,61.2,175.46,54.9,0.109,0.2114,0.1,0.132,44.38,0.2083,0.3491,0.267,0.659,3.1636
1950_60_Yugoslavia,1950,60,Yugoslavia,Mexico,B,tournament,Qatar Airways,win,3,1669,74.2,37.3,11.34,43.29,100.96,0.311,0.307,17.82,0.379,0.762,0.645,0.402,3.62,0.203,Low attention,Scalable,windy,26.7,45.7,139.26,64.83,0.029,0.1145,3.32,0.095,42.8,0.2377,0.3514,0.1636,0.5931,2.4949
1950_61_Spain,1950,61,Spain,Chile,B,tournament,Budweiser,win,3,1708,77.4,45.2,19.26,36.69,74.6,0.146,0.464,27.85,0.714,0.724,0.933,0.545,3.415,0.123,Mid attention,Scalable,clear,10.4,45.1,122.88,54.51,0.227,0.1123,6.34,0.209,36.82,0.141,0.3316,0.2327,0.5289,3.7519
1950_62_United_States,1950,62,United States,England,B,tournament,Vivo,win,3,1578,71.9,31.0,12.75,34.49,66.35,0.153,0.275,22.58,0.432,0.676,0.652,0.379,3.271,0.145,Low attention,Watchlist,clear,20.8,36.2,107.08,37.46,0.131,0.1685,2.56,0.128,29.83,0.088,0.201,0.2211,0.3915,4.4473
1950_63_Sweden,1950,63,Sweden,Paraguay,B,tournament,Budweiser,draw,1,1654,74.4,39.2,19.34,41.09,60.99,0.238,0.487,26.29,0.687,0.705,0.91,0.495,3.602,0.137,Mid attention,Scalable,clear,9.9,64.3,108.79,89.14,-0.04,0.289,2.72,0.071,38.65,0.2247,0.2795,0.2197,0.5639,2.5094
1950_64_Yugoslavia,1950,64,Yugoslavia,Brazil,B,tournament,Qatar Airways,loss,0,1669,74.2,37.3,11.34,36.69,78.0,0.211,0.257,17.82,0.379,0.762,0.645,0.264,3.926,0.22,Low attention,Watchlist,clear,23.2,66.7,110.18,33.76,0.166,0.4526,5.51,0.166,33.5,0.1114,0.2794,0.4279,0.6771,6.0
1950_65_Uruguay,1950,65,Uruguay,Bolivia,B,tournament,Vivo,win,3,1684,74.8,44.8,20.58,49.89,169.95,0.423,0.621,19.75,0.443,0.797,0.741,0.563,2.704,0.137,Mid attention,Scalable,rain,23.0,61.7,134.18,45.55,0.2,0.1607,4.64,0.16,50.86,0.3211,0.4349,0.3142,0.3807,1.1858
1950_66_United_States,1950,66,United States,Chile,B,tournament,Vivo,loss,0,1578,71.9,31.0,12.75,47.69,87.11,0.346,0.365,22.58,0.432,0.676,0.652,0.348,3.536,0.157,Mid attention,Watchlist,cloudy,29.3,73.4,182.11,66.07,0.253,0.0753,3.69,0.193,40.57,0.2696,0.3772,0.2284,0.4605,1.7083
1950_67_Spain,1950,67,Spain,England,B,tournament,Budweiser,win,3,1708,77.4,45.2,19.26,34.49,67.19,0.154,0.447,27.85,0.714,0.724,0.933,0.54,3.237,0.116,Mid attention,Scalable,cloudy,30.1,59.4,98.49,58.86,0.149,0.2193,1.58,0.129,31.94,0.1218,0.1962,0.2624,0.484,3.9724
1950_68_Paraguay,1950,68,Paraguay,Italy,B,tournament,Hyundai,loss,0,1578,69.9,30.5,12.88,36.69,173.11,0.244,0.339,26.2,0.812,0.667,0.921,0.449,3.426,0.131,Mid attention,Scalable,clear,24.2,64.3,75.82,41.59,0.119,0.1789,3.76,0.152,39.83,0.196,0.2752,0.2922,0.5003,2.5529
1950_69_Switzerland,1950,69,Switzerland,Mexico,B,tournament,Adidas,win,3,1632,72.7,48.1,17.05,38.89,92.99,0.253,0.427,31.4,0.904,0.774,0.888,0.615,3.534,0.113,Mid attention,Scalable,clear,20.0,62.9,76.78,61.96,0.355,0.1349,-0.06,0.254,37.98,0.1867,0.2028,0.316,0.5543,2.968
1950_70_Sweden,1950,70,Sweden,Brazil,B,tournament,Budweiser,loss,0,1654,74.4,39.2,19.34,49.89,155.98,0.389,0.583,26.29,0.687,0.705,0.91,0.525,4.077,0.155,Mid attention,Scalable,clear,25.9,56.5,97.33,91.78,0.157,0.1356,1.49,0.148,55.01,0.3821,0.3889,0.2698,0.6829,1.7872
1950_71_Uruguay,1950,71,Uruguay,Spain,B,tournament,Vivo,draw,1,1684,74.8,44.8,20.58,41.09,140.56,0.25,0.555,19.75,0.443,0.797,0.741,0.44,3.678,0.186,Mid attention,Scalable,hot,19.8,49.5,144.06,42.01,0.228,0.4139,5.81,0.184,35.49,0.2123,0.3316,0.4711,0.641,3.0195
1950_72_Spain,1950,72,Spain,Brazil,B,tournament,Budweiser,loss,0,1708,77.4,45.2,19.26,47.69,164.06,0.344,0.57,27.85,0.714,0.724,0.933,0.521,4.085,0.147,Mid attention,Scalable,cloudy,23.0,93.4,107.43,103.95,0.102,0.1428,5.53,0.134,44.75,0.3869,0.3723,0.2554,0.6947,1.7957
1950_73_Uruguay,1950,73,Uruguay,Sweden,B,tournament,Vivo,win,3,1684,74.8,44.8,20.58,43.29,80.78,0.246,0.542,19.75,0.443,0.797,0.741,0.501,3.54,0.179,Mid attention,Scalable,clear,28.9,50.8,140.18,57.91,0.225,0.3583,3.72,0.189,41.56,0.2116,0.3478,0.3948,0.604,2.8542
1950_74_Uruguay,1950,74,Uruguay,Brazil,B,tournament,Vivo,win,3,1684,74.8,44.8,20.58,38.89,104.17,0.25,0.525,19.75,0.443,0.797,0.741,0.495,3.938,0.199,Mid attention,Scalable,rain,19.7,47.3,120.89,67.48,0.011,0.2232,-1.25,0.099,35.94,0.2038,0.2077,0.228,0.7104,3.4853
1950_75_Sweden,1950,75,Sweden,Spain,B,tournament,Budweiser,win,3,1654,74.4,39.2,19.34,41.09,74.64,0.246,0.493,26.29,0.687,0.705,0.91,0.565,3.612,0.137,Mid attention,Scalable,clear,27.8,64.9,121.46,42.9,0.11,0.3205,0.26,0.191,42.18,0.1635,0.2838,0.3155,0.5659,3.4622
1954_76_Scotland,1954,76,Scotland,Austria,B,tournament,Budweiser,loss,0,1529,67.9,31.6,17.66,35.95,203.79,0.288,0.474,26.35,0.683,0.686,0.905,0.464,3.319,0.126,Mid attention,Scalable,clear,27.1,62.0,120.51,65.51,0.035,0.2029,1.37,0.061,29.97,0.2496,0.1964,0.2905,0.4785,1.9169
1954_77_Mexico,1954,77,Mexico,Brazil,B,tournament,Hyundai,loss,0,1612,72.1,37.6,18.89,44.75,81.82,0.276,0.507,28.5,0.853,0.712,0.897,0.532,3.963,0.139,Mid attention,Scalable,clear,17.3,35.5,139.86,89.17,0.096,0.4294,2.44,0.235,43.27,0.2743,0.3427,0.3843,0.638,2.326
1954_78_Uruguay,1954,78,Uruguay,Czechoslovakia,B,tournament,Vivo,win,3,1684,74.8,44.8,20.58,38.15,81.3,0.218,0.511,19.75,0.443,0.797,0.741,0.484,3.251,0.165,Mid attention,Scalable,windy,28.8,76.0,58.21,39.56,0.281,0.2191,0.17,0.216,31.66,0.1363,0.1359,0.33,0.5275,3.8698
1954_79_Yugoslavia,1954,79,Yugoslavia,France,B,tournament,Qatar Airways,win,3,1669,74.2,37.3,11.34,35.95,76.77,0.203,0.252,17.82,0.379,0.762,0.645,0.361,3.381,0.19,Low attention,Watchlist,rain,27.2,56.5,99.61,38.24,0.095,0.2744,2.28,0.155,36.18,0.1106,0.2437,0.2804,0.5279,4.7732
1954_80_England,1954,80,England,Belgium,B,tournament,McDonald's,draw,1,1695,76.6,52.6,19.34,51.35,96.51,0.363,0.566,20.29,0.432,0.819,0.654,0.461,3.69,0.182,Mid attention,Scalable,cloudy,23.6,40.2,171.56,64.98,0.228,0.2554,6.51,0.171,55.4,0.3087,0.5356,0.3399,0.619,2.0052
1954_81_Turkey,1954,81,Turkey,Germany,B,tournament,Mengniu,loss,0,1677,74.3,49.4,16.02,44.75,186.76,0.369,0.477,18.0,0.356,0.714,0.662,0.369,4.007,0.223,Mid attention,Watchlist,clear,18.4,77.0,202.59,40.97,0.308,0.1626,3.64,0.266,35.23,0.2795,0.3499,0.3743,0.6725,2.406
1954_82_South_Korea,1954,82,South Korea,Hungary,B,tournament,McDonald's,loss,0,1548,70.3,20.2,12.83,53.55,301.54,0.512,0.497,25.44,0.51,0.67,0.723,0.454,3.988,0.157,Mid attention,Scalable,clear,17.8,68.0,245.24,116.84,0.153,0.1861,3.26,0.153,50.58,0.5654,0.5128,0.3957,0.5736,1.0144
1954_83_Italy,1954,83,Italy,Switzerland,B,tournament,Visa,loss,0,1755,77.8,61.6,11.04,40.35,100.93,0.241,0.281,33.4,0.799,0.761,0.842,0.422,3.657,0.109,Low attention,Scalable,cloudy,19.8,37.8,86.21,67.7,0.256,0.2801,0.66,0.199,38.63,0.2151,0.2277,0.3712,0.5472,2.5438
1954_84_Czechoslovakia,1954,84,Czechoslovakia,Austria,B,tournament,Visa,loss,0,1636,72.1,45.6,14.05,44.75,88.36,0.282,0.382,31.09,0.763,0.715,0.89,0.455,3.245,0.104,Mid attention,Scalable,clear,26.3,86.4,123.18,75.62,0.209,0.4633,-0.64,0.19,46.51,0.2583,0.3084,0.4606,0.4469,1.7305
1954_85_Yugoslavia,1954,85,Yugoslavia,Brazil,B,tournament,Qatar Airways,draw,1,1669,74.2,37.3,11.34,38.15,58.28,0.166,0.257,17.82,0.379,0.762,0.645,0.29,3.827,0.215,Low attention,Watchlist,windy,17.3,68.5,77.48,81.89,0.168,0.2198,0.22,0.158,30.78,0.1844,0.1467,0.2654,0.6506,3.5281
1954_86_Mexico,1954,86,Mexico,France,B,tournament,Hyundai,loss,0,1612,72.1,37.6,18.89,44.75,119.43,0.326,0.523,28.5,0.853,0.712,0.897,0.548,3.476,0.122,Mid attention,Scalable,rain,25.6,57.8,196.58,88.68,0.231,0.1907,-0.73,0.209,41.45,0.3022,0.331,0.3144,0.5181,1.7144
1954_87_Uruguay,1954,87,Uruguay,Scotland,B,tournament,Vivo,win,3,1684,74.8,44.8,20.58,49.15,128.55,0.355,0.599,19.75,0.443,0.797,0.741,0.542,3.46,0.175,Mid attention,Scalable,cloudy,15.5,83.4,190.2,96.26,0.34,0.2843,2.96,0.258,52.24,0.3613,0.4722,0.4291,0.5827,1.6126
1954_88_Italy,1954,88,Italy,Belgium,B,tournament,Visa,win,3,1755,77.8,61.6,11.04,44.75,106.56,0.305,0.311,33.4,0.799,0.761,0.842,0.545,3.63,0.109,Low attention,Scalable,rain,21.8,60.5,146.75,60.03,0.092,0.1681,3.61,0.127,43.48,0.248,0.3684,0.2298,0.5418,2.1851
1954_89_Hungary,1954,89,Hungary,Germany,B,tournament,Adidas,win,3,1691,78.9,42.6,16.61,57.95,176.19,0.511,0.569,33.47,0.932,0.712,0.937,0.725,4.104,0.123,Mid attention,Premium,windy,23.7,57.6,181.47,77.38,0.06,0.2724,0.77,0.099,60.84,0.4493,0.5039,0.3285,0.6595,1.468
1954_90_Turkey,1954,90,Turkey,South Korea,B,tournament,Mengniu,win,3,1677,74.3,49.4,16.02,49.15,156.89,0.399,0.491,18.0,0.356,0.714,0.662,0.479,3.09,0.172,Mid attention,Scalable,cloudy,37.7,47.4,208.52,62.88,0.054,0.2476,3.11,0.092,44.78,0.3312,0.428,0.2972,0.4208,1.2707
1954_91_England,1954,91,England,Switzerland,B,tournament,McDonald's,win,3,1695,76.6,52.6,19.34,38.15,119.34,0.257,0.495,20.29,0.432,0.819,0.654,0.481,3.711,0.183,Mid attention,Scalable,cloudy,14.7,67.3,155.14,51.53,0.256,0.3383,5.88,0.203,42.39,0.1838,0.4011,0.4208,0.6245,3.3969
1954_92_Turkey,1954,92,Turkey,Germany,B,tournament,Mengniu,loss,0,1677,74.3,49.4,16.02,53.55,140.06,0.422,0.511,18.0,0.356,0.714,0.662,0.391,4.062,0.226,Mid attention,Scalable,hot,31.8,65.6,214.89,73.92,0.269,0.1724,6.91,0.225,43.26,0.3759,0.4784,0.3329,0.6875,1.8288
1954_93_Italy,1954,93,Italy,Switzerland,B,tournament,Visa,loss,0,1755,77.8,61.6,11.04,44.75,93.94,0.284,0.305,33.4,0.799,0.761,0.842,0.439,3.729,0.112,Low attention,Scalable,clear,23.9,58.2,150.7,48.42,0.103,0.2197,4.42,0.162,36.37,0.2204,0.3241,0.2598,0.5656,2.5666
1954_94_Uruguay,1954,94,Uruguay,England,B,tournament,Vivo,win,3,1684,74.8,44.8,20.58,46.95,161.66,0.363,0.6,19.75,0.443,0.797,0.741,0.544,3.488,0.177,Mid attention,Scalable,hot,25.5,45.4,129.25,63.98,-0.057,0.4117,2.43,0.115,45.55,0.3163,0.3521,0.3572,0.591,1.8685
1954_95_Austria,1954,95,Austria,Switzerland,B,tournament,McDonald's,win,3,1660,70.5,44.6,14.99,60.15,172.49,0.474,0.538,21.71,0.454,0.702,0.72,0.544,3.97,0.183,Mid attention,Scalable,clear,23.7,60.1,218.9,89.07,0.089,0.4296,4.35,0.153,57.11,0.4848,0.5605,0.4406,0.6251,1.2894
1954_96_Hungary,1954,96,Hungary,Brazil,B,tournament,Adidas,win,3,1691,78.9,42.6,16.61,46.95,172.06,0.332,0.5,33.47,0.932,0.712,0.937,0.666,4.021,0.12,Mid attention,Premium,cloudy,25.7,56.9,172.97,61.14,0.211,0.1524,5.64,0.194,47.41,0.3198,0.4561,0.3151,0.639,1.998
1954_97_Yugoslavia,1954,97,Yugoslavia,Germany,B,tournament,Qatar Airways,loss,0,1669,74.2,37.3,11.34,38.15,136.01,0.213,0.291,17.82,0.379,0.762,0.645,0.278,3.888,0.218,Low attention,Watchlist,rain,22.1,36.7,109.27,42.54,0.15,0.2819,-1.42,0.16,32.9,0.1826,0.1688,0.3483,0.6668,3.6514
1954_98_Germany,1954,98,Germany,Austria,B,tournament,Coca-Cola,win,3,1798,81.3,65.9,22.15,49.15,94.33,0.318,0.625,29.19,0.759,0.859,0.907,0.653,3.276,0.112,Mid attention,Premium,cloudy,31.7,34.5,135.24,68.09,0.174,0.5463,5.91,0.141,42.34,0.2916,0.383,0.5026,0.5642,1.9348
1954_99_Uruguay,1954,99,Uruguay,Hungary,B,tournament,Vivo,loss,0,1684,74.8,44.8,20.58,46.95,89.79,0.329,0.568,19.75,0.443,0.797,0.741,0.426,3.699,0.187,Mid attention,Scalable,cloudy,20.3,67.0,187.24,71.61,0.104,0.4165,1.66,0.151,49.28,0.2734,0.4248,0.3847,0.6465,2.3649
1954_100_Uruguay,1954,100,Uruguay,Austria,B,tournament,Vivo,loss,0,1684,74.8,44.8,20.58,42.55,98.41,0.249,0.545,19.75,0.443,0.797,0.741,0.402,3.217,0.163,Mid attention,Scalable,cloudy,29.8,16.4,193.78,78.16,0.258,0.298,1.68,0.203,37.66,0.2496,0.3328,0.382,0.5181,2.0753
1954_101_Hungary,1954,101,Hungary,Germany,B,tournament,Adidas,loss,0,1691,78.9,42.6,16.61,44.75,95.14,0.286,0.453,33.47,0.932,0.712,0.937,0.54,3.902,0.117,Mid attention,Scalable,clear,19.1,61.3,111.47,81.65,0.191,0.238,2.05,0.143,46.62,0.2728,0.3393,0.3114,0.6112,2.2407
1958_102_Germany,1958,102,Germany,Argentina,B,tournament,Coca-Cola,win,3,1798,81.3,65.9,22.15,44.01,155.38,0.363,0.62,29.19,0.759,0.859,0.907,0.659,3.894,0.133,Mid attention,Premium,clear,22.6,50.4,123.79,51.21,0.215,0.2512,3.47,0.172,44.48,0.2647,0.3538,0.3699,0.7156,2.7037
1958_103_Brazil,1958,103,Brazil,Austria,B,tournament,Adidas,win,3,1829,78.8,57.4,18.61,41.81,131.83,0.278,0.503,33.15,0.938,0.809,0.916,0.66,3.198,0.096,Mid attention,Premium,clear,16.6,78.9,137.12,39.62,0.172,0.0777,0.47,0.16,33.87,0.2086,0.2309,0.2233,0.4978,2.3871
1958_104_Northern_Ireland,1958,104,Northern Ireland,Czechoslovakia,B,tournament,Qatar Airways,win,3,1543,66.3,29.3,14.28,37.41,145.43,0.267,0.368,21.11,0.434,0.682,0.667,0.436,3.343,0.158,Mid attention,Scalable,cloudy,25.7,50.1,126.92,48.44,0.209,0.1467,2.2,0.138,38.76,0.1921,0.2891,0.2932,0.4331,2.2545
1958_105_Russia,1958,105,Russia,England,B,tournament,Hyundai,draw,1,1676,72.7,49.8,18.23,44.01,140.53,0.292,0.511,26.07,0.814,0.69,0.874,0.557,3.412,0.131,Mid attention,Scalable,cloudy,31.7,68.6,116.03,48.6,0.202,0.3356,3.9,0.169,48.26,0.2493,0.3852,0.409,0.4945,1.9833
1958_106_Paraguay,1958,106,Paraguay,France,B,tournament,Hyundai,loss,0,1578,69.9,30.5,12.88,57.21,173.32,0.482,0.465,26.2,0.812,0.667,0.921,0.54,3.68,0.14,Mid attention,Scalable,clear,22.5,51.6,275.23,80.92,0.063,0.1902,3.26,0.173,61.44,0.4458,0.6319,0.2748,0.563,1.263
1958_107_Wales,1958,107,Wales,Hungary,B,tournament,Coca-Cola,draw,1,1476,67.0,18.7,9.44,39.61,158.38,0.254,0.26,33.92,0.78,0.631,0.878,0.443,3.746,0.11,Low attention,Scalable,hot,21.8,59.8,132.24,86.08,0.194,0.2068,3.6,0.121,31.02,0.2806,0.2497,0.3338,0.4954,1.7658
1958_108_Yugoslavia,1958,108,Yugoslavia,Scotland,B,tournament,Qatar Airways,draw,1,1669,74.2,37.3,11.34,39.61,129.1,0.252,0.297,17.82,0.379,0.762,0.645,0.32,3.379,0.19,Low attention,Watchlist,clear,16.3,69.8,135.9,44.97,0.235,0.1705,2.12,0.187,38.59,0.1945,0.2946,0.3094,0.5275,2.7116
1958_109_Mexico,1958,109,Mexico,Sweden,B,tournament,Hyundai,loss,0,1612,72.1,37.6,18.89,41.81,121.78,0.304,0.506,28.5,0.853,0.712,0.897,0.537,3.62,0.127,Mid attention,Scalable,cloudy,21.6,50.6,194.97,54.96,0.272,0.129,4.26,0.164,46.36,0.2247,0.4464,0.2942,0.5535,2.4636
1958_110_Northern_Ireland,1958,110,Northern Ireland,Argentina,B,tournament,Qatar Airways,loss,0,1543,66.3,29.3,14.28,44.01,190.37,0.303,0.428,21.11,0.434,0.682,0.667,0.365,4.013,0.19,Mid attention,Watchlist,clear,13.4,73.9,118.17,81.09,0.198,0.1402,5.02,0.146,43.81,0.3376,0.3665,0.3134,0.6099,1.8062
1958_111_Russia,1958,111,Russia,Austria,B,tournament,Hyundai,win,3,1676,72.7,49.8,18.23,39.61,116.9,0.265,0.473,26.07,0.814,0.69,0.874,0.604,3.248,0.125,Mid attention,Scalable,clear,17.5,42.1,116.39,61.87,0.06,0.2522,4.89,0.115,35.04,0.2114,0.2887,0.2767,0.4537,2.1459
1958_112_England,1958,112,England,Brazil,B,tournament,McDonald's,draw,1,1695,76.6,52.6,19.34,35.21,92.4,0.194,0.465,20.29,0.432,0.819,0.654,0.392,3.851,0.19,Mid attention,Scalable,rain,24.4,62.7,77.32,33.7,0.075,0.2791,3.7,0.096,29.93,0.1087,0.192,0.2848,0.6619,6.0
1958_113_Germany,1958,113,Germany,Czechoslovakia,B,tournament,Coca-Cola,draw,1,1798,81.3,65.9,22.15,44.01,99.47,0.275,0.596,29.19,0.759,0.859,0.907,0.568,3.321,0.114,Mid attention,Scalable,cloudy,30.9,72.8,126.64,48.86,0.113,0.1306,4.77,0.155,45.18,0.2185,0.382,0.2102,0.5759,2.6361
1958_114_Yugoslavia,1958,114,Yugoslavia,France,B,tournament,Qatar Airways,win,3,1669,74.2,37.3,11.34,46.21,160.78,0.316,0.351,17.82,0.379,0.762,0.645,0.419,3.559,0.2,Mid attention,Scalable,clear,39.0,68.6,95.68,97.77,0.175,0.189,4.63,0.216,48.87,0.3612,0.3829,0.3155,0.5769,1.5972
1958_115_Wales,1958,115,Wales,Mexico,B,tournament,Coca-Cola,draw,1,1476,67.0,18.7,9.44,39.61,160.05,0.283,0.26,33.92,0.78,0.631,0.878,0.449,3.732,0.11,Low attention,Scalable,windy,19.5,88.7,143.46,40.96,0.144,0.1883,8.42,0.184,43.91,0.2119,0.4417,0.3008,0.4926,2.3249
1958_116_Scotland,1958,116,Scotland,Paraguay,B,tournament,Budweiser,loss,0,1529,67.9,31.6,17.66,46.21,130.19,0.321,0.504,26.35,0.683,0.686,0.905,0.482,3.753,0.142,Mid attention,Scalable,rain,31.6,45.8,154.19,79.74,0.044,0.1621,5.36,0.143,51.11,0.3099,0.4661,0.2201,0.5865,1.8922
1958_117_Hungary,1958,117,Hungary,Sweden,B,tournament,Adidas,loss,0,1691,78.9,42.6,16.61,41.81,172.32,0.32,0.468,33.47,0.932,0.712,0.937,0.552,3.669,0.11,Mid attention,Scalable,rain,24.5,35.9,117.2,80.69,0.043,0.2216,2.61,0.062,37.72,0.303,0.2777,0.2856,0.5554,1.8327
1958_118_Czechoslovakia,1958,118,Czechoslovakia,Argentina,B,tournament,Visa,win,3,1636,72.1,45.6,14.05,50.61,83.31,0.355,0.416,31.09,0.763,0.715,0.89,0.581,3.954,0.127,Mid attention,Scalable,hot,22.1,42.1,148.27,63.01,-0.054,0.3398,0.89,0.071,50.48,0.2888,0.3879,0.2609,0.6192,2.1441
1958_119_England,1958,119,England,Austria,B,tournament,McDonald's,draw,1,1695,76.6,52.6,19.34,44.01,123.83,0.351,0.532,20.29,0.432,0.819,0.654,0.446,3.309,0.163,Mid attention,Scalable,hot,25.6,68.6,159.94,81.09,-0.156,0.2713,2.25,0.044,35.94,0.287,0.2961,0.1979,0.5174,1.803
1958_120_Russia,1958,120,Russia,Brazil,B,tournament,Hyundai,loss,0,1676,72.7,49.8,18.23,39.61,111.93,0.243,0.471,26.07,0.814,0.69,0.874,0.5,3.902,0.15,Mid attention,Scalable,clear,23.4,66.0,89.58,44.4,0.143,0.2099,2.1,0.187,32.24,0.1806,0.1985,0.2829,0.6177,3.4209
1958_121_Scotland,1958,121,Scotland,France,B,tournament,Budweiser,loss,0,1529,67.9,31.6,17.66,41.81,97.47,0.237,0.463,26.35,0.683,0.686,0.905,0.451,3.474,0.132,Mid attention,Scalable,cloudy,23.7,59.6,132.18,53.11,0.388,0.2467,3.87,0.332,33.69,0.2033,0.2763,0.4058,0.5174,2.5452
1958_122_Northern_Ireland,1958,122,Northern Ireland,Germany,B,tournament,Qatar Airways,draw,1,1543,66.3,29.3,14.28,44.01,245.16,0.391,0.452,21.11,0.434,0.682,0.667,0.423,4.086,0.194,Mid attention,Scalable,cloudy,20.6,40.0,157.48,57.45,0.336,0.3757,1.33,0.298,49.02,0.3427,0.3906,0.5626,0.6298,1.8376
1958_123_Mexico,1958,123,Mexico,Hungary,B,tournament,Hyundai,loss,0,1612,72.1,37.6,18.89,44.01,123.46,0.313,0.52,28.5,0.853,0.712,0.897,0.544,3.755,0.132,Mid attention,Scalable,clear,14.6,70.3,84.68,96.62,0.058,0.2539,5.3,0.154,36.74,0.3108,0.2804,0.2812,0.5871,1.8894
1958_124_Yugoslavia,1958,124,Yugoslavia,Paraguay,B,tournament,Qatar Airways,draw,1,1669,74.2,37.3,11.34,48.41,123.41,0.394,0.348,17.82,0.379,0.762,0.645,0.365,3.697,0.207,Mid attention,Watchlist,clear,13.7,38.4,172.59,57.07,0.171,0.2775,-0.12,0.27,46.17,0.2899,0.3583,0.3465,0.6139,2.1177
1958_125_Wales,1958,125,Wales,Sweden,B,tournament,Coca-Cola,draw,1,1476,67.0,18.7,9.44,35.21,101.35,0.217,0.208,33.92,0.78,0.631,0.878,0.417,3.606,0.106,Low attention,Scalable,clear,26.9,76.5,69.6,37.6,0.01,0.184,-0.63,0.097,32.95,0.1215,0.1451,0.2003,0.4621,3.8029
1958_126_Northern_Ireland,1958,126,Northern Ireland,Czechoslovakia,B,tournament,Qatar Airways,win,3,1543,66.3,29.3,14.28,41.81,68.19,0.256,0.361,21.11,0.434,0.682,0.667,0.431,3.335,0.158,Mid attention,Scalable,cloudy,21.3,96.0,121.97,87.94,0.025,0.1189,2.52,0.083,37.5,0.235,0.2788,0.1433,0.4316,1.8366
1958_127_Russia,1958,127,Russia,England,B,tournament,Hyundai,win,3,1676,72.7,49.8,18.23,37.41,86.42,0.249,0.446,26.07,0.814,0.69,0.874,0.591,3.294,0.126,Mid attention,Scalable,rain,19.4,63.9,84.02,41.54,0.036,0.0673,1.03,0.099,36.42,0.1365,0.2126,0.1267,0.4642,3.4013
1958_128_Wales,1958,128,Wales,Hungary,B,tournament,Coca-Cola,win,3,1476,67.0,18.7,9.44,41.81,157.35,0.272,0.273,33.92,0.78,0.631,0.878,0.518,3.755,0.111,Low attention,Scalable,rain,23.1,67.3,179.64,85.42,0.134,0.1835,0.16,0.116,32.65,0.299,0.2546,0.2915,0.4986,1.6676
1958_129_Wales,1958,129,Wales,Brazil,B,tournament,Coca-Cola,loss,0,1476,67.0,18.7,9.44,37.41,89.64,0.193,0.216,33.92,0.78,0.631,0.878,0.382,3.915,0.115,Low attention,Scalable,clear,27.8,50.1,84.15,65.3,0.138,0.2429,1.46,0.159,34.3,0.1758,0.2013,0.2875,0.5358,3.0484
1958_130_Northern_Ireland,1958,130,Northern Ireland,France,B,tournament,Qatar Airways,loss,0,1543,66.3,29.3,14.28,44.01,99.72,0.266,0.389,21.11,0.434,0.682,0.667,0.343,3.465,0.164,Mid attention,Watchlist,clear,24.1,29.0,87.52,72.61,0.181,0.237,1.2,0.113,41.92,0.2555,0.2649,0.3093,0.4656,1.8224
1958_131_Yugoslavia,1958,131,Yugoslavia,Germany,B,tournament,Qatar Airways,loss,0,1669,74.2,37.3,11.34,37.41,154.25,0.242,0.294,17.82,0.379,0.762,0.645,0.284,3.899,0.219,Low attention,Watchlist,cloudy,19.1,48.4,116.2,70.21,0.223,0.1073,2.82,0.162,40.0,0.2326,0.2992,0.2797,0.6703,2.8821
1958_132_Russia,1958,132,Russia,Sweden,B,tournament,Hyundai,loss,0,1676,72.7,49.8,18.23,39.61,164.74,0.247,0.494,26.07,0.814,0.69,0.874,0.509,3.639,0.14,Mid attention,Scalable,cloudy,30.4,40.5,107.3,73.03,0.123,0.1452,1.5,0.136,40.89,0.2652,0.2787,0.2667,0.5519,2.0811
1958_133_France,1958,133,France,Brazil,B,tournament,Qatar Airways,loss,0,1748,77.8,46.5,18.67,50.61,167.15,0.427,0.574,24.02,0.51,0.801,0.711,0.469,4.034,0.168,Mid attention,Scalable,hot,32.5,34.8,104.38,52.82,0.16,0.291,1.67,0.206,54.96,0.3368,0.3976,0.3789,0.6784,2.014
1958_134_Germany,1958,134,Germany,Sweden,B,tournament,Coca-Cola,loss,0,1798,81.3,65.9,22.15,44.01,110.72,0.292,0.601,29.19,0.759,0.859,0.907,0.539,3.625,0.124,Mid attention,Scalable,hot,26.0,85.6,150.79,96.79,0.047,0.2267,2.79,0.154,40.29,0.3013,0.3327,0.2505,0.6499,2.1569
1958_135_Germany,1958,135,Germany,France,B,tournament,Coca-Cola,loss,0,1798,81.3,65.9,22.15,55.01,147.0,0.406,0.684,29.19,0.759,0.859,0.907,0.591,3.588,0.123,High attention,Scalable,hot,28.8,62.4,100.45,116.87,0.022,0.2896,4.93,0.074,45.7,0.4612,0.365,0.3037,0.6412,1.3903
1958_136_Brazil,1958,136,Brazil,Sweden,B,tournament,Adidas,win,3,1829,78.8,57.4,18.61,50.61,115.47,0.348,0.55,33.15,0.938,0.809,0.916,0.691,3.724,0.112,Mid attention,Premium,hot,30.5,64.1,117.34,104.54,0.006,0.5211,5.89,0.2,46.78,0.3776,0.404,0.4257,0.6242,1.6528
1962_137_Bulgaria,1962,137,Bulgaria,Argentina,B,tournament,Hisense,loss,0,1502,65.2,28.9,10.5,38.87,84.07,0.232,0.251,33.88,0.787,0.675,0.918,0.405,3.88,0.115,Low attention,Scalable,windy,29.8,53.1,101.13,66.43,0.221,0.2335,3.11,0.198,43.79,0.1867,0.3219,0.3145,0.5728,3.068
1962_138_Mexico,1962,138,Mexico,Brazil,B,tournament,Hyundai,loss,0,1612,72.1,37.6,18.89,41.07,87.61,0.273,0.487,28.5,0.853,0.712,0.897,0.524,3.915,0.137,Mid attention,Scalable,cloudy,26.7,55.2,150.78,64.88,0.122,0.1948,3.27,0.153,35.2,0.2072,0.2969,0.248,0.6257,3.0197
1962_139_Switzerland,1962,139,Switzerland,Chile,B,tournament,Adidas,loss,0,1632,72.7,48.1,17.05,45.47,109.29,0.369,0.475,31.4,0.904,0.774,0.888,0.554,3.599,0.115,Mid attention,Scalable,clear,26.6,73.4,188.84,72.62,-0.031,0.2316,2.42,0.021,38.33,0.2762,0.3452,0.2181,0.5699,2.0635
1962_140_Uruguay,1962,140,Uruguay,Colombia,B,tournament,Vivo,win,3,1684,74.8,44.8,20.58,43.27,92.55,0.357,0.547,19.75,0.443,0.797,0.741,0.523,3.187,0.161,Mid attention,Scalable,clear,26.1,57.5,171.26,39.78,0.15,0.2388,3.81,0.14,48.46,0.1923,0.4358,0.2921,0.5094,2.6487
1962_141_Spain,1962,141,Spain,Czechoslovakia,B,tournament,Budweiser,loss,0,1708,77.4,45.2,19.26,38.87,71.69,0.227,0.476,27.85,0.714,0.724,0.933,0.464,3.288,0.118,Mid attention,Scalable,clear,16.4,66.5,112.38,60.22,0.031,0.2719,3.62,0.149,43.61,0.1676,0.3384,0.2471,0.4968,2.9637
1962_142_Hungary,1962,142,Hungary,England,B,tournament,Adidas,win,3,1691,78.9,42.6,16.61,43.27,131.48,0.277,0.459,33.47,0.932,0.712,0.937,0.641,3.385,0.101,Mid attention,Premium,clear,27.2,54.9,70.85,74.03,0.322,0.2323,5.58,0.245,36.08,0.275,0.2665,0.3895,0.4867,1.7695
1962_143_Italy,1962,143,Italy,Germany,B,tournament,Visa,draw,1,1755,77.8,61.6,11.04,36.67,111.9,0.158,0.264,33.4,0.799,0.761,0.842,0.434,3.848,0.115,Low attention,Scalable,clear,14.9,52.5,121.47,64.4,0.098,0.4363,-1.17,0.162,38.76,0.1845,0.2333,0.4093,0.5933,3.2156
1962_144_Yugoslavia,1962,144,Yugoslavia,Russia,B,tournament,Qatar Airways,loss,0,1669,74.2,37.3,11.34,41.07,188.95,0.324,0.332,17.82,0.379,0.762,0.645,0.313,3.95,0.222,Mid attention,Watchlist,windy,18.2,35.5,178.2,54.7,0.224,0.2123,2.31,0.2,38.39,0.2686,0.3343,0.3706,0.6846,2.5484
1962_145_England,1962,145,England,Argentina,B,tournament,McDonald's,win,3,1695,76.6,52.6,19.34,45.47,107.76,0.291,0.534,20.29,0.432,0.819,0.654,0.502,3.9,0.192,Mid attention,Scalable,clear,30.8,26.4,185.95,68.78,0.265,0.5098,3.51,0.189,43.52,0.2691,0.4029,0.5281,0.6743,2.5061
1962_146_Czechoslovakia,1962,146,Czechoslovakia,Brazil,B,tournament,Visa,draw,1,1636,72.1,45.6,14.05,36.67,113.85,0.207,0.344,31.09,0.763,0.715,0.89,0.461,3.902,0.126,Mid attention,Scalable,windy,28.0,53.8,123.68,63.34,0.061,0.2391,2.74,0.118,35.19,0.1844,0.2641,0.2667,0.6075,3.2949
1962_147_Italy,1962,147,Italy,Chile,B,tournament,Visa,loss,0,1755,77.8,61.6,11.04,41.07,128.1,0.26,0.298,33.4,0.799,0.761,0.842,0.432,3.536,0.106,Low attention,Scalable,rain,31.9,58.9,91.64,59.83,0.164,0.1477,0.83,0.21,46.35,0.2302,0.3005,0.2626,0.5191,2.2546
1962_148_Yugoslavia,1962,148,Yugoslavia,Uruguay,B,tournament,Qatar Airways,win,3,1669,74.2,37.3,11.34,45.47,121.02,0.318,0.329,17.82,0.379,0.762,0.645,0.411,3.443,0.193,Low attention,Scalable,cloudy,21.4,37.4,119.79,97.8,0.212,0.1465,0.07,0.219,38.49,0.3241,0.2482,0.2784,0.5443,1.6792
1962_149_Hungary,1962,149,Hungary,Bulgaria,B,tournament,Adidas,win,3,1691,78.9,42.6,16.61,52.07,183.28,0.466,0.536,33.47,0.932,0.712,0.937,0.704,3.038,0.091,Mid attention,Premium,rain,16.1,57.4,253.67,94.62,0.168,0.2803,4.49,0.169,55.11,0.4273,0.5773,0.3861,0.4041,0.9457
1962_150_Russia,1962,150,Russia,Colombia,B,tournament,Hyundai,draw,1,1676,72.7,49.8,18.23,54.27,192.68,0.472,0.596,26.07,0.814,0.69,0.874,0.622,3.372,0.129,Mid attention,Premium,clear,21.6,58.9,114.41,48.93,0.192,0.1743,1.21,0.23,42.44,0.3839,0.2939,0.3343,0.4838,1.2603
1962_151_Switzerland,1962,151,Switzerland,Germany,B,tournament,Adidas,loss,0,1632,72.7,48.1,17.05,43.27,135.52,0.302,0.473,31.4,0.904,0.774,0.888,0.541,3.948,0.126,Mid attention,Scalable,cloudy,23.6,23.5,97.56,40.25,0.023,0.332,-0.89,0.068,43.54,0.2258,0.2561,0.3241,0.6542,2.8979
1962_152_Spain,1962,152,Spain,Mexico,B,tournament,Budweiser,win,3,1708,77.4,45.2,19.26,38.87,103.4,0.208,0.49,27.85,0.714,0.724,0.933,0.566,3.55,0.127,Mid attention,Scalable,clear,23.5,43.4,147.8,69.86,0.212,0.1476,4.6,0.145,39.45,0.2067,0.3502,0.2676,0.5612,2.7144
1962_153_Hungary,1962,153,Hungary,Argentina,B,tournament,Adidas,draw,1,1691,78.9,42.6,16.61,36.67,94.81,0.16,0.403,33.47,0.932,0.712,0.937,0.532,3.839,0.115,Mid attention,Scalable,windy,29.8,64.5,98.91,52.67,0.108,0.1099,3.76,0.197,38.55,0.1533,0.2854,0.1916,0.596,3.8871
1962_154_Spain,1962,154,Spain,Brazil,B,tournament,Budweiser,loss,0,1708,77.4,45.2,19.26,43.27,84.31,0.26,0.509,27.85,0.714,0.724,0.933,0.483,3.884,0.139,Mid attention,Scalable,clear,20.8,64.2,96.74,86.16,0.191,0.1267,2.56,0.19,48.17,0.2579,0.3467,0.2324,0.6439,2.4964
1962_155_Germany,1962,155,Germany,Chile,B,tournament,Coca-Cola,win,3,1798,81.3,65.9,22.15,41.07,93.66,0.253,0.575,29.19,0.759,0.859,0.907,0.622,3.472,0.119,Mid attention,Premium,clear,25.1,39.5,180.78,46.2,0.248,0.3625,0.88,0.208,43.18,0.1829,0.3556,0.4162,0.6127,3.3503
1962_156_Uruguay,1962,156,Uruguay,Russia,B,tournament,Vivo,loss,0,1684,74.8,44.8,20.58,43.27,103.89,0.334,0.552,19.75,0.443,0.797,0.741,0.42,3.879,0.196,Mid attention,Scalable,rain,17.1,60.5,145.87,39.72,0.223,0.1194,2.56,0.181,45.16,0.2009,0.3659,0.2546,0.6946,3.458
1962_157_England,1962,157,England,Bulgaria,B,tournament,McDonald's,draw,1,1695,76.6,52.6,19.34,36.67,76.5,0.197,0.467,20.29,0.432,0.819,0.654,0.393,2.805,0.138,Mid attention,Scalable,cloudy,25.7,74.4,100.13,51.5,0.191,0.3273,5.35,0.16,31.95,0.1376,0.2547,0.3569,0.3832,2.7855
1962_158_Yugoslavia,1962,158,Yugoslavia,Colombia,B,tournament,Qatar Airways,win,3,1669,74.2,37.3,11.34,47.67,154.08,0.395,0.357,17.82,0.379,0.762,0.645,0.436,3.266,0.183,Mid attention,Scalable,cloudy,23.0,70.4,107.54,88.52,0.22,0.283,-0.59,0.207,54.22,0.3552,0.3601,0.3918,0.4955,1.3952
1962_159_Mexico,1962,159,Mexico,Czechoslovakia,B,tournament,Hyundai,win,3,1612,72.1,37.6,18.89,45.47,181.65,0.348,0.555,28.5,0.853,0.712,0.897,0.663,3.434,0.12,Mid attention,Premium,cloudy,18.5,56.5,227.9,98.36,0.225,0.3573,-0.48,0.214,43.13,0.3712,0.3775,0.46,0.507,1.3659
1962_160_Switzerland,1962,160,Switzerland,Italy,B,tournament,Adidas,loss,0,1632,72.7,48.1,17.05,43.27,95.89,0.248,0.455,31.4,0.904,0.774,0.888,0.525,3.368,0.107,Mid attention,Scalable,clear,21.6,50.5,129.2,88.65,0.306,0.3713,1.48,0.246,40.25,0.2706,0.2929,0.449,0.5131,1.8962
1962_161_England,1962,161,England,Brazil,B,tournament,McDonald's,loss,0,1695,76.6,52.6,19.34,45.47,140.67,0.308,0.549,20.29,0.432,0.819,0.654,0.411,3.958,0.195,Mid attention,Scalable,rain,21.9,47.9,193.71,69.54,0.153,0.1842,2.74,0.116,43.68,0.2953,0.3997,0.2895,0.6899,2.3363
1962_162_Russia,1962,162,Russia,Chile,B,tournament,Hyundai,loss,0,1676,72.7,49.8,18.23,43.27,92.56,0.259,0.485,26.07,0.814,0.69,0.874,0.508,3.539,0.136,Mid attention,Scalable,clear,21.4,65.5,162.53,84.66,0.173,0.276,1.76,0.185,39.89,0.2619,0.3244,0.3263,0.5265,2.0106
1962_163_Hungary,1962,163,Hungary,Czechoslovakia,B,tournament,Adidas,loss,0,1691,78.9,42.6,16.61,38.87,101.99,0.294,0.42,33.47,0.932,0.712,0.937,0.529,3.297,0.099,Mid attention,Scalable,clear,33.6,61.1,102.51,38.54,0.249,0.295,4.15,0.193,38.63,0.1571,0.2953,0.3784,0.4665,2.969
1962_164_Yugoslavia,1962,164,Yugoslavia,Germany,B,tournament,Qatar Airways,win,3,1669,74.2,37.3,11.34,38.87,91.55,0.206,0.276,17.82,0.379,0.762,0.645,0.371,3.89,0.218,Low attention,Watchlist,clear,22.4,68.1,102.72,63.9,0.107,0.3795,5.09,0.121,35.21,0.1885,0.2807,0.3633,0.6672,3.5399
1962_165_Brazil,1962,165,Brazil,Chile,B,tournament,Adidas,win,3,1829,78.8,57.4,18.61,49.87,168.67,0.425,0.569,33.15,0.938,0.809,0.916,0.712,3.642,0.11,Mid attention,Premium,clear,21.5,60.1,215.08,104.81,0.023,0.0905,3.39,0.136,43.21,0.4118,0.425,0.1896,0.6051,1.4696
1962_166_Yugoslavia,1962,166,Yugoslavia,Czechoslovakia,B,tournament,Qatar Airways,loss,0,1669,74.2,37.3,11.34,45.47,107.45,0.288,0.323,17.82,0.379,0.762,0.645,0.304,3.378,0.19,Low attention,Watchlist,clear,10.4,71.1,196.9,64.35,0.206,0.1381,3.98,0.255,50.66,0.262,0.4803,0.2615,0.5273,2.0129
1962_167_Yugoslavia,1962,167,Yugoslavia,Chile,B,tournament,Qatar Airways,loss,0,1669,74.2,37.3,11.34,38.87,147.45,0.29,0.3,17.82,0.379,0.762,0.645,0.295,3.577,0.201,Low attention,Watchlist,cloudy,17.6,59.5,73.04,83.5,0.136,0.1786,3.37,0.219,43.3,0.2614,0.2962,0.2828,0.5818,2.2256
1962_168_Czechoslovakia,1962,168,Czechoslovakia,Brazil,B,tournament,Visa,loss,0,1636,72.1,45.6,14.05,45.47,121.3,0.332,0.401,31.09,0.763,0.715,0.89,0.472,3.985,0.128,Mid attention,Scalable,clear,21.4,70.6,156.73,53.97,0.035,0.2252,2.82,0.132,43.59,0.2564,0.3665,0.2511,0.6267,2.4439
1966_169_Uruguay,1966,169,Uruguay,England,B,tournament,Vivo,draw,1,1684,74.8,44.8,20.58,38.12,90.82,0.215,0.515,19.75,0.443,0.797,0.741,0.418,3.355,0.17,Mid attention,Scalable,clear,18.9,71.9,111.1,39.54,0.206,0.4271,0.08,0.196,42.94,0.1433,0.278,0.4375,0.555,3.874
1966_170_Bulgaria,1966,170,Bulgaria,Brazil,B,tournament,Hisense,loss,0,1502,65.2,28.9,10.5,42.52,85.55,0.264,0.274,33.88,0.787,0.675,0.918,0.419,3.931,0.116,Low attention,Scalable,cloudy,31.3,45.1,98.66,67.27,0.299,0.2985,0.64,0.232,39.53,0.2227,0.2464,0.3921,0.5843,2.6238
1966_171_Switzerland,1966,171,Switzerland,Germany,B,tournament,Adidas,loss,0,1632,72.7,48.1,17.05,49.12,150.68,0.364,0.515,31.4,0.904,0.774,0.888,0.569,4.022,0.128,Mid attention,Scalable,clear,22.0,29.1,157.54,102.14,-0.007,0.2114,-0.04,0.103,45.16,0.387,0.3373,0.2427,0.6717,1.7355
1966_172_Russia,1966,172,Russia,North Korea,B,tournament,Hyundai,win,3,1676,72.7,49.8,18.23,44.72,164.2,0.354,0.525,26.07,0.814,0.69,0.874,0.64,3.453,0.132,Mid attention,Premium,rain,30.7,82.7,95.87,58.34,0.258,0.275,2.49,0.199,49.64,0.289,0.3573,0.4101,0.504,1.7441
1966_173_Spain,1966,173,Spain,Argentina,B,tournament,Budweiser,loss,0,1708,77.4,45.2,19.26,44.72,137.96,0.312,0.541,27.85,0.714,0.724,0.933,0.504,3.964,0.142,Mid attention,Scalable,windy,23.4,62.1,119.56,86.77,-0.098,0.2922,3.29,0.103,45.07,0.3131,0.3522,0.2463,0.6639,2.1206
1966_174_Italy,1966,174,Italy,Chile,B,tournament,Visa,win,3,1755,77.8,61.6,11.04,42.52,227.43,0.324,0.35,33.4,0.799,0.761,0.842,0.563,3.551,0.106,Mid attention,Scalable,cloudy,23.2,30.6,104.62,47.62,0.116,0.2494,-0.24,0.074,44.84,0.3003,0.2834,0.3719,0.5221,1.7385
1966_175_Mexico,1966,175,Mexico,France,B,tournament,Hyundai,draw,1,1612,72.1,37.6,18.89,42.52,181.33,0.293,0.537,28.5,0.853,0.712,0.897,0.58,3.527,0.124,Mid attention,Scalable,hot,22.5,46.6,112.73,79.48,0.34,0.3248,2.95,0.245,39.48,0.3146,0.2936,0.4898,0.5309,1.6879
1966_176_Portugal,1966,176,Portugal,Hungary,B,tournament,Mengniu,win,3,1702,76.8,47.1,14.4,46.92,123.02,0.344,0.42,17.76,0.359,0.8,0.643,0.444,3.712,0.209,Mid attention,Scalable,clear,23.0,70.3,138.46,76.2,0.123,0.1875,0.96,0.173,43.47,0.3055,0.3207,0.2668,0.6435,2.1063
1966_177_Hungary,1966,177,Hungary,Brazil,B,tournament,Adidas,win,3,1691,78.9,42.6,16.61,46.92,122.66,0.382,0.478,33.47,0.932,0.712,0.937,0.667,3.961,0.118,Mid attention,Premium,clear,33.3,53.5,109.35,52.9,0.165,0.3451,0.55,0.149,38.0,0.2691,0.2418,0.3871,0.6243,2.3197
1966_178_North_Korea,1966,178,North Korea,Chile,B,tournament,Adidas,draw,1,1482,66.9,26.9,8.79,42.52,138.59,0.304,0.252,26.45,0.823,0.656,0.915,0.464,3.562,0.135,Low attention,Scalable,rain,9.1,49.8,189.29,77.96,0.232,0.1048,1.49,0.177,47.96,0.2797,0.413,0.2718,0.5233,1.8712
1966_179_Uruguay,1966,179,Uruguay,France,B,tournament,Vivo,win,3,1684,74.8,44.8,20.58,44.72,101.07,0.297,0.56,19.75,0.443,0.797,0.741,0.517,3.479,0.176,Mid attention,Scalable,rain,11.0,80.4,151.98,81.74,-0.015,0.1903,0.45,0.104,38.55,0.2772,0.2837,0.1932,0.5878,2.1209
1966_180_Switzerland,1966,180,Switzerland,Spain,B,tournament,Adidas,loss,0,1632,72.7,48.1,17.05,44.72,177.15,0.358,0.5,31.4,0.904,0.774,0.888,0.562,3.774,0.12,Mid attention,Scalable,hot,19.7,41.2,210.41,70.21,0.163,0.4429,4.07,0.243,42.84,0.3172,0.4278,0.485,0.6115,1.9275
1966_181_Germany,1966,181,Germany,Argentina,B,tournament,Coca-Cola,draw,1,1798,81.3,65.9,22.15,38.12,120.54,0.275,0.569,29.19,0.759,0.859,0.907,0.557,3.814,0.131,Mid attention,Scalable,clear,23.1,45.2,110.03,45.48,0.163,0.3619,2.45,0.133,31.31,0.1751,0.2145,0.3957,0.697,3.9804
1966_182_Portugal,1966,182,Portugal,Bulgaria,B,tournament,Mengniu,win,3,1702,76.8,47.1,14.4,44.72,137.31,0.33,0.413,17.76,0.359,0.8,0.643,0.438,2.907,0.164,Mid attention,Scalable,rain,27.1,61.4,117.12,47.94,0.342,0.3449,4.51,0.21,45.3,0.2524,0.3704,0.4749,0.4223,1.6732
1966_183_Mexico,1966,183,Mexico,England,B,tournament,Hyundai,loss,0,1612,72.1,37.6,18.89,42.52,147.28,0.294,0.522,28.5,0.853,0.712,0.897,0.541,3.482,0.122,Mid attention,Scalable,clear,25.8,64.2,198.26,91.18,0.033,0.3018,1.87,0.081,39.15,0.3068,0.3524,0.3167,0.5193,1.6927
1966_184_Russia,1966,184,Russia,Italy,B,tournament,Hyundai,win,3,1676,72.7,49.8,18.23,40.33,186.7,0.337,0.508,26.07,0.814,0.69,0.874,0.631,3.428,0.131,Mid attention,Premium,clear,20.7,65.9,104.86,70.68,0.118,0.3444,1.95,0.102,42.6,0.2849,0.2977,0.4076,0.4977,1.747
1966_185_Switzerland,1966,185,Switzerland,Argentina,B,tournament,Adidas,loss,0,1632,72.7,48.1,17.05,42.52,127.47,0.305,0.465,31.4,0.904,0.774,0.888,0.539,3.946,0.126,Mid attention,Scalable,clear,29.1,72.6,122.17,83.0,0.063,0.3861,6.73,0.085,41.25,0.279,0.3743,0.3715,0.6538,2.3435
1966_186_Portugal,1966,186,Portugal,Brazil,B,tournament,Mengniu,win,3,1702,76.8,47.1,14.4,46.92,129.9,0.386,0.423,17.76,0.359,0.8,0.643,0.452,3.963,0.223,Mid attention,Scalable,windy,29.2,61.2,168.76,84.74,0.053,0.2321,-0.61,0.082,38.78,0.324,0.2849,0.2691,0.7125,2.199
1966_187_North_Korea,1966,187,North Korea,Italy,B,tournament,Adidas,win,3,1482,66.9,26.9,8.79,40.33,175.83,0.305,0.254,26.45,0.823,0.656,0.915,0.531,3.49,0.132,Low attention,Scalable,clear,24.1,65.8,88.91,79.79,0.269,0.1791,5.5,0.254,31.61,0.2907,0.2439,0.3605,0.5049,1.7368
1966_188_Uruguay,1966,188,Uruguay,Mexico,B,tournament,Vivo,draw,1,1684,74.8,44.8,20.58,38.12,142.83,0.22,0.537,19.75,0.443,0.797,0.741,0.428,3.621,0.183,Mid attention,Scalable,hot,28.8,53.9,136.81,42.36,0.159,0.1715,6.27,0.148,32.65,0.1872,0.3079,0.2854,0.6256,3.3409
1966_189_Hungary,1966,189,Hungary,Bulgaria,B,tournament,Adidas,win,3,1691,78.9,42.6,16.61,46.92,122.56,0.301,0.478,33.47,0.932,0.712,0.937,0.653,2.943,0.088,Mid attention,Premium,cloudy,24.6,59.0,163.09,72.54,0.101,0.3327,4.41,0.15,48.83,0.2995,0.4406,0.3506,0.3812,1.2726
1966_190_Russia,1966,190,Russia,Chile,B,tournament,Hyundai,win,3,1676,72.7,49.8,18.23,44.72,127.98,0.363,0.509,26.07,0.814,0.69,0.874,0.636,3.518,0.135,Mid attention,Premium,rain,19.6,59.7,184.52,79.03,0.104,0.1087,2.11,0.094,48.22,0.2935,0.4202,0.2107,0.521,1.7754
1966_191_France,1966,191,France,England,B,tournament,Qatar Airways,loss,0,1748,77.8,46.5,18.67,42.52,128.34,0.341,0.508,24.02,0.51,0.801,0.711,0.428,3.455,0.144,Mid attention,Scalable,rain,27.2,61.4,159.57,43.98,0.1,0.3048,5.8,0.169,38.39,0.2192,0.3701,0.3359,0.5306,2.421
1966_192_Spain,1966,192,Spain,Germany,B,tournament,Budweiser,loss,0,1708,77.4,45.2,19.26,44.72,141.42,0.322,0.542,27.85,0.714,0.724,0.933,0.507,3.988,0.143,Mid attention,Scalable,hot,23.7,70.4,185.94,48.97,0.109,0.3795,2.12,0.225,43.51,0.2571,0.3818,0.3967,0.67,2.6059
1966_193_Argentina,1966,193,Argentina,England,B,tournament,Hyundai,loss,0,1753,76.8,58.0,19.5,40.33,78.83,0.226,0.495,30.74,0.903,0.813,0.936,0.536,3.345,0.109,Mid attention,Scalable,clear,23.0,66.9,117.86,69.54,0.03,0.1682,1.32,0.069,34.94,0.201,0.2353,0.1843,0.555,2.7618
1966_194_Uruguay,1966,194,Uruguay,Germany,B,tournament,Vivo,loss,0,1684,74.8,44.8,20.58,46.92,87.06,0.356,0.567,19.75,0.443,0.797,0.741,0.43,3.942,0.2,Mid attention,Scalable,clear,31.8,58.7,113.61,95.22,0.13,0.1779,1.98,0.209,51.47,0.3076,0.3812,0.2402,0.7125,2.3162
1966_195_Russia,1966,195,Russia,Hungary,B,tournament,Hyundai,win,3,1676,72.7,49.8,18.23,44.72,99.68,0.269,0.497,26.07,0.814,0.69,0.874,0.614,3.692,0.142,Mid attention,Scalable,cloudy,8.3,45.1,227.67,78.64,0.12,0.296,1.6,0.167,50.42,0.2713,0.4703,0.3204,0.5651,2.0829
1966_196_Portugal,1966,196,Portugal,North Korea,B,tournament,Mengniu,win,3,1702,76.8,47.1,14.4,55.72,121.54,0.413,0.473,17.76,0.359,0.8,0.643,0.476,3.492,0.197,Mid attention,Scalable,clear,14.5,59.1,114.28,52.77,0.08,0.133,0.81,0.12,58.56,0.349,0.4241,0.2116,0.5835,1.6718
1966_197_Russia,1966,197,Russia,Germany,B,tournament,Hyundai,loss,0,1676,72.7,49.8,18.23,44.72,106.71,0.322,0.5,26.07,0.814,0.69,0.874,0.525,3.952,0.152,Mid attention,Scalable,clear,15.9,57.6,94.05,96.67,0.172,0.2569,5.13,0.188,36.31,0.3046,0.2827,0.3227,0.6304,2.0696
1966_198_Portugal,1966,198,Portugal,England,B,tournament,Mengniu,loss,0,1702,76.8,47.1,14.4,44.72,152.65,0.323,0.419,17.76,0.359,0.8,0.643,0.34,3.467,0.195,Mid attention,Watchlist,clear,20.8,61.1,154.73,48.36,0.18,0.2943,1.18,0.195,41.92,0.2647,0.3257,0.3805,0.5758,2.1751
1966_199_Russia,1966,199,Russia,Portugal,B,tournament,Hyundai,loss,0,1676,72.7,49.8,18.23,44.72,121.89,0.314,0.507,26.07,0.814,0.69,0.874,0.526,3.235,0.124,Mid attention,Scalable,clear,21.5,93.3,201.68,53.77,0.101,0.2277,2.74,0.205,50.83,0.2497,0.4674,0.2823,0.4498,1.8015
1966_200_Germany,1966,200,Germany,England,B,tournament,Coca-Cola,loss,0,1798,81.3,65.9,22.15,51.32,154.95,0.405,0.665,29.19,0.759,0.859,0.907,0.584,3.5,0.12,High attention,Scalable,clear,14.0,49.6,161.66,111.23,0.142,0.3099,-0.23,0.184,44.27,0.4246,0.3306,0.3752,0.6196,1.4593
1970_201_Russia,1970,201,Russia,Mexico,B,tournament,Hyundai,draw,1,1676,72.7,49.8,18.23,39.58,80.28,0.238,0.457,26.07,0.814,0.69,0.874,0.527,3.608,0.138,Mid attention,Scalable,clear,17.1,64.8,152.65,75.29,0.372,0.3692,2.86,0.294,40.43,0.2041,0.3366,0.4667,0.543,2.6607
1970_202_Peru,1970,202,Peru,Bulgaria,B,tournament,Hisense,win,3,1576,66.6,39.7,14.92,50.58,127.01,0.422,0.458,33.45,0.777,0.647,0.931,0.614,2.954,0.088,Mid attention,Scalable,hot,17.8,75.1,92.26,107.11,0.368,0.1494,0.37,0.235,56.54,0.3901,0.3803,0.3533,0.3387,0.8683
1970_203_Romania,1970,203,Romania,England,B,tournament,Qatar Airways,loss,0,1634,73.6,37.4,11.0,41.78,140.73,0.296,0.306,19.84,0.414,0.75,0.711,0.31,3.416,0.172,Low attention,Watchlist,clear,37.7,59.6,110.78,81.41,0.051,0.3202,0.32,0.155,44.22,0.2798,0.2922,0.3323,0.5278,1.8862
1970_204_Uruguay,1970,204,Uruguay,Israel,B,tournament,Vivo,win,3,1684,74.8,44.8,20.58,43.98,148.46,0.341,0.576,19.75,0.443,0.797,0.741,0.531,2.898,0.147,Mid attention,Scalable,windy,33.8,95.4,82.7,76.84,0.065,0.2053,2.57,0.086,43.94,0.2989,0.2983,0.2692,0.4329,1.4485
1970_205_El_Salvador,1970,205,El Salvador,Belgium,B,tournament,Budweiser,loss,0,1404,61.9,14.8,7.67,46.18,107.73,0.265,0.231,33.75,0.772,0.582,0.92,0.398,3.766,0.112,Low attention,Scalable,windy,20.5,52.0,168.62,58.64,0.05,0.2721,5.02,0.124,44.44,0.2599,0.4177,0.2792,0.4863,1.8713
1970_206_Czechoslovakia,1970,206,Czechoslovakia,Brazil,B,tournament,Visa,loss,0,1636,72.1,45.6,14.05,50.58,151.23,0.398,0.445,31.09,0.763,0.715,0.89,0.5,4.048,0.13,Mid attention,Scalable,clear,20.8,63.2,103.21,67.02,0.262,0.1503,3.72,0.307,56.36,0.3464,0.4393,0.3228,0.6419,1.8529
1970_207_Morocco,1970,207,Morocco,Germany,B,tournament,Mengniu,loss,0,1552,69.2,34.3,12.67,46.18,244.26,0.387,0.422,19.44,0.366,0.668,0.598,0.354,4.111,0.211,Mid attention,Watchlist,rain,16.1,45.2,100.8,98.43,0.116,0.2616,3.87,0.059,42.58,0.4255,0.3229,0.3908,0.6224,1.4627
1970_208_Sweden,1970,208,Sweden,Italy,B,tournament,Budweiser,loss,0,1654,74.4,39.2,19.34,41.78,118.81,0.245,0.517,26.29,0.687,0.705,0.91,0.474,3.388,0.129,Mid attention,Scalable,cloudy,11.6,52.4,142.73,84.35,0.18,0.1958,2.53,0.179,46.14,0.2677,0.3709,0.2947,0.5105,1.9072
1970_209_Russia,1970,209,Russia,Belgium,B,tournament,Hyundai,win,3,1676,72.7,49.8,18.23,50.58,119.04,0.354,0.541,26.07,0.814,0.69,0.874,0.646,3.689,0.142,Mid attention,Premium,rain,22.3,62.0,198.15,69.16,0.356,0.2679,2.1,0.267,47.3,0.3252,0.4247,0.4194,0.5645,1.7357
1970_210_Romania,1970,210,Romania,Czechoslovakia,B,tournament,Qatar Airways,win,3,1634,73.6,37.4,11.0,46.18,125.7,0.324,0.327,19.84,0.414,0.75,0.711,0.423,3.402,0.171,Low attention,Scalable,clear,17.0,71.5,133.33,63.97,0.155,0.2197,4.46,0.154,48.6,0.2818,0.4123,0.3036,0.5237,1.8582
1970_211_Uruguay,1970,211,Uruguay,Italy,B,tournament,Vivo,draw,1,1684,74.8,44.8,20.58,39.58,116.06,0.277,0.535,19.75,0.443,0.797,0.741,0.437,3.342,0.169,Mid attention,Scalable,clear,22.5,63.1,137.12,50.94,0.227,0.2593,1.62,0.191,43.92,0.1936,0.3333,0.3548,0.5511,2.8467
1970_212_Peru,1970,212,Peru,Morocco,B,tournament,Hisense,win,3,1576,66.6,39.7,14.92,46.18,126.5,0.297,0.43,33.45,0.777,0.647,0.931,0.581,3.03,0.091,Mid attention,Scalable,clear,13.4,78.1,158.7,61.14,0.208,0.3398,4.55,0.201,45.17,0.278,0.4077,0.4052,0.3579,1.2874
1970_213_England,1970,213,England,Brazil,B,tournament,McDonald's,loss,0,1695,76.6,52.6,19.34,41.78,118.35,0.279,0.516,20.29,0.432,0.819,0.654,0.393,3.946,0.194,Mid attention,Scalable,cloudy,18.4,56.5,118.93,84.35,0.097,0.3637,5.4,0.141,37.25,0.2673,0.3174,0.3662,0.6862,2.5667
1970_214_Germany,1970,214,Germany,Bulgaria,B,tournament,Coca-Cola,win,3,1798,81.3,65.9,22.15,54.98,104.88,0.405,0.666,29.19,0.759,0.859,0.907,0.684,2.932,0.1,High attention,Premium,windy,23.9,52.7,125.62,50.23,0.262,0.3195,1.03,0.228,43.89,0.3256,0.3136,0.4019,0.4795,1.4728
1970_215_Sweden,1970,215,Sweden,Israel,B,tournament,Budweiser,draw,1,1654,74.4,39.2,19.34,43.98,95.99,0.28,0.52,26.29,0.687,0.705,0.91,0.515,2.848,0.108,Mid attention,Scalable,rain,25.2,96.0,152.16,64.51,0.071,0.2371,1.34,0.108,47.12,0.2398,0.3698,0.2582,0.3746,1.5623
1970_216_El_Salvador,1970,216,El Salvador,Mexico,B,tournament,Budweiser,loss,0,1404,61.9,14.8,7.67,48.38,132.59,0.389,0.255,33.75,0.772,0.582,0.92,0.43,3.818,0.113,Low attention,Scalable,rain,25.5,64.3,169.42,102.84,0.29,0.2266,1.65,0.296,48.57,0.3675,0.4024,0.3723,0.498,1.3549
1970_217_Romania,1970,217,Romania,Brazil,B,tournament,Qatar Airways,loss,0,1634,73.6,37.4,11.0,50.58,138.0,0.405,0.359,19.84,0.414,0.75,0.711,0.35,4.012,0.202,Mid attention,Watchlist,windy,15.1,46.5,190.01,81.2,0.097,0.0895,-0.28,0.114,44.24,0.3583,0.3554,0.2017,0.6871,1.9174
1970_218_Russia,1970,218,Russia,El Salvador,B,tournament,Hyundai,win,3,1676,72.7,49.8,18.23,43.98,107.25,0.333,0.496,26.07,0.814,0.69,0.874,0.625,2.833,0.109,Mid attention,Premium,rain,28.1,46.9,142.84,65.34,0.108,0.2043,1.81,0.16,48.2,0.2496,0.3775,0.2607,0.3495,1.3998
1970_219_Peru,1970,219,Peru,Germany,B,tournament,Hisense,loss,0,1576,66.6,39.7,14.92,48.38,131.57,0.357,0.446,33.45,0.777,0.647,0.931,0.498,4.042,0.121,Mid attention,Scalable,clear,18.2,42.9,108.52,63.19,0.047,0.3513,5.53,0.103,53.77,0.3053,0.4496,0.3446,0.5999,1.965
1970_220_Uruguay,1970,220,Uruguay,Sweden,B,tournament,Vivo,loss,0,1684,74.8,44.8,20.58,41.78,121.45,0.261,0.55,19.75,0.443,0.797,0.741,0.407,3.584,0.181,Mid attention,Scalable,hot,26.8,73.0,149.16,41.62,0.064,0.389,0.6,0.172,45.93,0.2035,0.3458,0.3699,0.6155,3.025
1970_221_Morocco,1970,221,Morocco,Bulgaria,B,tournament,Mengniu,draw,1,1552,69.2,34.3,12.67,43.98,161.22,0.325,0.373,19.44,0.366,0.668,0.598,0.358,3.003,0.154,Mid attention,Watchlist,clear,22.9,52.2,132.08,52.42,0.114,0.3313,5.58,0.181,43.83,0.2707,0.3877,0.3807,0.3246,1.199
1970_222_England,1970,222,England,Czechoslovakia,B,tournament,McDonald's,win,3,1695,76.6,52.6,19.34,41.78,116.12,0.284,0.515,20.29,0.432,0.819,0.654,0.494,3.346,0.165,Mid attention,Scalable,clear,14.7,60.0,111.24,42.52,-0.087,0.1081,1.89,0.057,47.28,0.2008,0.3422,0.1179,0.5275,2.6267
1970_223_Italy,1970,223,Italy,Israel,B,tournament,Visa,draw,1,1755,77.8,61.6,11.04,39.58,126.48,0.264,0.288,33.4,0.799,0.761,0.842,0.462,2.815,0.084,Low attention,Scalable,cloudy,21.1,57.0,110.46,42.14,0.133,0.1335,7.24,0.107,43.34,0.1879,0.389,0.2386,0.3458,1.8407
1970_224_Belgium,1970,224,Belgium,Mexico,B,tournament,Visa,loss,0,1674,71.5,40.4,23.19,41.78,102.59,0.238,0.611,26.85,0.713,0.72,0.914,0.517,3.651,0.136,Mid attention,Scalable,windy,25.2,69.7,105.62,46.48,0.105,0.195,1.37,0.11,34.16,0.1966,0.2183,0.2504,0.5836,2.968
1970_225_Peru,1970,225,Peru,Brazil,B,tournament,Hisense,loss,0,1576,66.6,39.7,14.92,52.78,177.03,0.443,0.493,33.45,0.777,0.647,0.931,0.531,4.118,0.123,Mid attention,Scalable,clear,26.7,44.5,198.02,68.23,0.235,0.4946,2.5,0.286,59.81,0.3882,0.5364,0.5502,0.6177,1.5913
1970_226_Germany,1970,226,Germany,England,B,tournament,Coca-Cola,win,3,1798,81.3,65.9,22.15,50.58,160.57,0.411,0.663,29.19,0.759,0.859,0.907,0.684,3.41,0.117,High attention,Premium,cloudy,22.2,40.8,106.59,46.25,0.199,0.1081,0.89,0.143,49.45,0.3214,0.3412,0.2737,0.5977,1.8598
1970_227_Italy,1970,227,Italy,Mexico,B,tournament,Visa,win,3,1755,77.8,61.6,11.04,50.58,184.19,0.489,0.38,33.4,0.799,0.761,0.842,0.604,3.796,0.114,Mid attention,Scalable,clear,32.2,61.6,118.53,108.0,0.085,0.3065,1.36,0.162,56.21,0.4351,0.4164,0.3668,0.5816,1.3369
1970_228_Uruguay,1970,228,Uruguay,Russia,B,tournament,Vivo,win,3,1684,74.8,44.8,20.58,41.78,145.79,0.348,0.561,19.75,0.443,0.797,0.741,0.526,3.933,0.199,Mid attention,Scalable,clear,29.0,67.6,115.61,44.33,0.11,0.2297,5.61,0.109,44.02,0.2262,0.3748,0.3032,0.7094,3.1359
1970_229_Uruguay,1970,229,Uruguay,Brazil,B,tournament,Vivo,loss,0,1684,74.8,44.8,20.58,48.38,163.03,0.358,0.609,19.75,0.443,0.797,0.741,0.446,4.033,0.204,Mid attention,Scalable,clear,21.5,63.3,217.57,67.64,0.133,0.2484,3.8,0.191,49.01,0.3362,0.4825,0.3367,0.736,2.1896
1970_230_Italy,1970,230,Italy,Germany,B,tournament,Visa,win,3,1755,77.8,61.6,11.04,54.98,152.84,0.442,0.394,33.4,0.799,0.761,0.842,0.601,4.039,0.121,Mid attention,Scalable,rain,27.5,45.0,214.98,112.35,0.305,0.28,4.96,0.211,49.35,0.4584,0.5005,0.4267,0.6395,1.3951
1970_231_Uruguay,1970,231,Uruguay,Germany,B,tournament,Vivo,loss,0,1684,74.8,44.8,20.58,41.78,127.87,0.245,0.553,19.75,0.443,0.797,0.741,0.405,3.922,0.199,Mid attention,Scalable,hot,34.6,68.8,83.28,43.39,0.074,0.1357,0.04,0.082,32.99,0.2111,0.168,0.2148,0.7072,3.3499
1970_232_Italy,1970,232,Italy,Brazil,B,tournament,Visa,loss,0,1755,77.8,61.6,11.04,50.58,194.68,0.411,0.385,33.4,0.799,0.761,0.842,0.492,4.058,0.121,Mid attention,Scalable,clear,34.8,46.1,213.02,77.32,0.084,0.1692,4.18,0.099,44.49,0.3955,0.4458,0.2845,0.6432,1.6264
1974_233_Yugoslavia,1974,233,Yugoslavia,Brazil,B,tournament,Qatar Airways,draw,1,1669,74.2,37.3,11.34,41.04,97.71,0.265,0.292,17.82,0.379,0.762,0.645,0.321,3.899,0.219,Low attention,Watchlist,clear,15.6,49.7,172.76,82.01,0.043,0.2731,0.76,0.097,42.14,0.2412,0.3377,0.2702,0.6703,2.7793
1974_234_Scotland,1974,234,Scotland,DR Congo,B,tournament,Budweiser,win,3,1529,67.9,31.6,17.66,45.44,108.9,0.347,0.49,26.35,0.683,0.686,0.905,0.581,2.781,0.106,Mid attention,Scalable,clear,17.4,42.9,101.79,73.8,0.008,0.2334,-0.01,0.112,49.56,0.2774,0.3242,0.2363,0.3443,1.241
1974_235_Australia,1974,235,Australia,German DR,B,tournament,Hyundai,loss,0,1539,69.8,32.1,7.37,45.44,136.62,0.311,0.231,29.32,0.866,0.705,0.903,0.439,3.471,0.118,Low attention,Scalable,clear,31.9,78.8,72.68,53.32,0.187,0.3273,3.3,0.19,35.48,0.2668,0.2286,0.3944,0.5094,1.9091
1974_236_Chile,1974,236,Chile,Germany,B,tournament,Hisense,loss,0,1622,72.9,38.6,16.65,43.24,138.8,0.29,0.463,27.36,0.7,0.681,0.911,0.466,4.022,0.147,Mid attention,Scalable,cloudy,16.7,68.1,127.58,80.26,0.176,0.2076,3.28,0.131,36.96,0.29,0.2908,0.3136,0.6458,2.2269
1974_237_Haiti,1974,237,Haiti,Italy,B,tournament,Coca-Cola,loss,0,1388,62.3,12.0,6.44,49.84,113.08,0.307,0.224,32.91,0.761,0.561,0.904,0.399,3.537,0.107,Low attention,Scalable,rain,15.1,67.7,198.23,89.0,0.284,0.4625,2.91,0.243,50.95,0.3446,0.4678,0.5094,0.4142,1.2017
1974_238_Argentina,1974,238,Argentina,Poland,B,tournament,Hyundai,loss,0,1753,76.8,58.0,19.5,52.04,145.63,0.407,0.595,30.74,0.903,0.813,0.936,0.606,3.601,0.117,Mid attention,Scalable,cloudy,20.1,78.0,232.72,71.34,0.26,0.2308,4.31,0.169,45.9,0.3623,0.4777,0.3703,0.6168,1.7024
1974_239_Bulgaria,1974,239,Bulgaria,Sweden,B,tournament,Hisense,draw,1,1502,65.2,28.9,10.5,41.04,114.23,0.238,0.277,33.88,0.787,0.675,0.918,0.449,3.603,0.106,Low attention,Scalable,clear,25.5,96.0,99.17,39.41,0.396,0.3171,4.63,0.304,34.1,0.1877,0.2612,0.4658,0.5055,2.6924
1974_240_Netherlands,1974,240,Netherlands,Uruguay,B,tournament,Hisense,win,3,1746,75.8,49.9,15.97,45.44,69.83,0.273,0.429,32.27,0.781,0.811,0.856,0.578,3.407,0.106,Mid attention,Scalable,cloudy,22.4,30.7,211.53,41.36,0.149,0.1542,5.89,0.182,36.78,0.1974,0.4051,0.2221,0.5313,2.6915
1974_241_German_DR,1974,241,German DR,Chile,B,tournament,Adidas,draw,1,1577,72.0,38.2,12.35,45.44,122.11,0.298,0.356,33.59,0.921,0.653,0.937,0.535,3.542,0.105,Mid attention,Scalable,clear,19.1,46.2,78.21,89.65,0.13,0.1806,0.3,0.146,45.88,0.3121,0.2763,0.2649,0.4849,1.554
1974_242_Australia,1974,242,Australia,Germany,B,tournament,Hyundai,loss,0,1539,69.8,32.1,7.37,47.64,130.27,0.35,0.242,29.32,0.866,0.705,0.903,0.449,4.115,0.14,Low attention,Scalable,clear,19.0,48.1,130.54,62.79,0.026,0.3179,5.95,0.124,47.36,0.2969,0.4218,0.3129,0.6673,2.2477
1974_243_Brazil,1974,243,Brazil,Scotland,B,tournament,Adidas,draw,1,1829,78.8,57.4,18.61,41.04,112.13,0.218,0.49,33.15,0.938,0.809,0.916,0.578,3.37,0.102,Mid attention,Scalable,windy,18.7,44.4,111.08,44.29,0.226,0.2257,6.75,0.257,44.7,0.1937,0.3937,0.33,0.5402,2.7887
1974_244_DR_Congo,1974,244,DR Congo,Yugoslavia,B,tournament,Visa,loss,0,1388,63.8,14.7,5.99,60.84,258.45,0.544,0.342,33.01,0.755,0.521,0.896,0.485,3.59,0.109,Mid attention,Scalable,rain,17.7,40.8,243.8,95.77,0.168,0.2569,2.03,0.166,54.35,0.567,0.5248,0.42,0.3983,0.7025
1974_245_Italy,1974,245,Italy,Argentina,B,tournament,Visa,draw,1,1755,77.8,61.6,11.04,45.44,92.39,0.361,0.309,33.4,0.799,0.761,0.842,0.487,3.869,0.116,Low attention,Scalable,windy,36.7,53.2,188.85,95.29,0.221,0.5529,-0.7,0.191,37.68,0.2982,0.2925,0.5265,0.5989,2.0084
1974_246_Uruguay,1974,246,Uruguay,Bulgaria,B,tournament,Vivo,draw,1,1684,74.8,44.8,20.58,45.44,103.08,0.274,0.565,19.75,0.443,0.797,0.741,0.448,2.898,0.147,Mid attention,Scalable,hot,24.8,38.5,173.29,41.4,0.042,0.2728,-0.11,0.138,48.52,0.2228,0.379,0.2731,0.4329,1.943
1974_247_Poland,1974,247,Poland,Haiti,B,tournament,Coca-Cola,win,3,1685,72.7,42.5,15.85,56.44,77.62,0.386,0.497,28.97,0.734,0.749,0.899,0.608,2.785,0.096,Mid attention,Scalable,cloudy,28.3,63.4,120.97,54.92,0.191,0.221,1.83,0.138,64.1,0.3255,0.4924,0.289,0.3702,1.1373
1974_248_Sweden,1974,248,Sweden,Netherlands,B,tournament,Budweiser,draw,1,1654,74.4,39.2,19.34,41.04,102.5,0.31,0.505,26.29,0.687,0.705,0.91,0.515,3.557,0.135,Mid attention,Scalable,windy,20.1,58.8,152.96,59.19,0.177,0.3582,7.03,0.178,37.34,0.2095,0.3738,0.3877,0.5523,2.6366
1974_249_Chile,1974,249,Chile,Australia,B,tournament,Hisense,draw,1,1622,72.9,38.6,16.65,41.04,104.98,0.34,0.435,27.36,0.7,0.681,0.911,0.498,3.335,0.122,Mid attention,Scalable,clear,21.9,65.7,140.02,73.0,0.17,0.2854,2.84,0.154,44.8,0.2328,0.3618,0.3391,0.4752,2.0417
1974_250_Brazil,1974,250,Brazil,DR Congo,B,tournament,Adidas,win,3,1829,78.8,57.4,18.61,47.64,118.02,0.312,0.533,33.15,0.938,0.809,0.916,0.678,2.719,0.082,Mid attention,Premium,clear,18.7,66.1,94.24,72.36,0.088,0.3146,1.5,0.116,50.24,0.3024,0.3459,0.3302,0.3836,1.2685
1974_251_German_DR,1974,251,German DR,Germany,B,tournament,Adidas,win,3,1577,72.0,38.2,12.35,43.24,168.5,0.317,0.363,33.59,0.921,0.653,0.937,0.608,4.053,0.121,Mid attention,Scalable,clear,7.1,67.6,77.48,89.37,0.275,0.2084,1.36,0.206,47.92,0.3267,0.3089,0.3774,0.6083,1.8617
1974_252_Yugoslavia,1974,252,Yugoslavia,Scotland,B,tournament,Qatar Airways,draw,1,1669,74.2,37.3,11.34,45.44,165.23,0.36,0.348,17.82,0.379,0.762,0.645,0.359,3.447,0.193,Mid attention,Watchlist,clear,14.7,52.0,176.95,43.5,0.361,0.1954,0.02,0.285,42.39,0.2734,0.3324,0.4049,0.5451,1.9939
1974_253_Haiti,1974,253,Haiti,Argentina,B,tournament,Coca-Cola,loss,0,1388,62.3,12.0,6.44,52.04,151.99,0.463,0.254,32.91,0.761,0.561,0.904,0.439,4.12,0.125,Low attention,Scalable,clear,12.1,91.9,149.45,69.85,0.045,0.1248,4.64,0.143,42.49,0.3648,0.378,0.2106,0.5545,1.52
1974_254_Netherlands,1974,254,Netherlands,Bulgaria,B,tournament,Hisense,win,3,1746,75.8,49.9,15.97,52.04,134.05,0.377,0.497,32.27,0.781,0.811,0.856,0.622,2.963,0.092,Mid attention,Premium,clear,9.5,61.8,113.38,70.61,0.228,0.1768,2.61,0.224,42.81,0.3523,0.3172,0.3136,0.424,1.2035
1974_255_Italy,1974,255,Italy,Poland,B,tournament,Visa,loss,0,1755,77.8,61.6,11.04,47.64,181.45,0.379,0.361,33.4,0.799,0.761,0.842,0.477,3.666,0.11,Mid attention,Scalable,rain,15.8,28.2,135.86,63.94,-0.132,0.2693,7.21,0.05,50.25,0.3376,0.4701,0.2449,0.5504,1.63
1974_256_Uruguay,1974,256,Uruguay,Sweden,B,tournament,Vivo,loss,0,1684,74.8,44.8,20.58,47.64,135.39,0.377,0.592,19.75,0.443,0.797,0.741,0.443,3.634,0.184,Mid attention,Scalable,rain,30.9,42.0,156.75,73.08,0.223,0.3303,4.12,0.195,51.97,0.3167,0.457,0.4115,0.6295,1.9876
1974_257_German_DR,1974,257,German DR,Brazil,B,tournament,Adidas,loss,0,1577,72.0,38.2,12.35,43.24,98.26,0.294,0.332,33.59,0.921,0.653,0.937,0.492,3.957,0.118,Mid attention,Scalable,cloudy,22.7,30.2,127.24,83.36,-0.031,0.3138,4.54,0.003,40.84,0.2639,0.3423,0.2641,0.5851,2.217
1974_258_Yugoslavia,1974,258,Yugoslavia,Germany,B,tournament,Qatar Airways,loss,0,1669,74.2,37.3,11.34,45.44,80.31,0.284,0.311,17.82,0.379,0.762,0.645,0.298,3.987,0.224,Low attention,Watchlist,clear,30.7,58.3,92.61,59.67,0.104,0.2512,2.29,0.156,36.42,0.2338,0.2395,0.2717,0.6946,2.9714
1974_259_Argentina,1974,259,Argentina,Netherlands,B,tournament,Hyundai,loss,0,1753,76.8,58.0,19.5,49.84,125.87,0.37,0.573,30.74,0.903,0.813,0.936,0.591,3.594,0.117,Mid attention,Scalable,rain,25.5,56.1,239.9,93.09,0.025,0.386,0.51,0.038,40.07,0.3607,0.3775,0.3536,0.6154,1.706
1974_260_Poland,1974,260,Poland,Sweden,B,tournament,Coca-Cola,win,3,1685,72.7,42.5,15.85,43.24,152.64,0.279,0.448,28.97,0.734,0.749,0.899,0.57,3.607,0.125,Mid attention,Scalable,clear,27.7,50.5,166.97,47.15,0.135,0.615,0.97,0.123,43.05,0.2492,0.3433,0.5678,0.573,2.2993
1974_261_Brazil,1974,261,Brazil,Argentina,B,tournament,Adidas,win,3,1829,78.8,57.4,18.61,47.64,257.52,0.429,0.594,33.15,0.938,0.809,0.916,0.722,4.004,0.121,Mid attention,Premium,clear,17.6,90.2,131.61,77.6,0.24,0.3027,-0.08,0.203,52.91,0.4168,0.3786,0.4809,0.6921,1.6606
1974_262_Netherlands,1974,262,Netherlands,German DR,B,tournament,Hisense,win,3,1746,75.8,49.9,15.97,45.44,132.11,0.321,0.456,32.27,0.781,0.811,0.856,0.597,3.416,0.106,Mid attention,Scalable,clear,26.1,66.8,126.8,63.05,-0.03,0.1218,4.71,0.078,41.98,0.2785,0.3542,0.1625,0.5331,1.9145
1974_263_Sweden,1974,263,Sweden,Germany,B,tournament,Budweiser,loss,0,1654,74.4,39.2,19.34,54.24,125.1,0.429,0.596,26.29,0.687,0.705,0.91,0.537,4.091,0.156,Mid attention,Scalable,clear,27.4,69.6,178.27,86.84,0.12,0.1803,1.99,0.126,55.01,0.3909,0.4701,0.2622,0.687,1.7574
1974_264_Yugoslavia,1974,264,Yugoslavia,Poland,B,tournament,Qatar Airways,loss,0,1669,74.2,37.3,11.34,47.64,97.7,0.316,0.333,17.82,0.379,0.762,0.645,0.312,3.578,0.201,Mid attention,Watchlist,clear,19.5,43.1,107.91,49.55,0.105,0.2694,4.8,0.2,46.45,0.2516,0.3761,0.2953,0.582,2.3137
1974_265_German_DR,1974,265,German DR,Argentina,B,tournament,Adidas,draw,1,1577,72.0,38.2,12.35,45.44,151.55,0.354,0.369,33.59,0.921,0.653,0.937,0.55,3.967,0.118,Mid attention,Scalable,rain,26.4,42.0,147.98,97.22,0.314,0.2467,3.09,0.253,50.0,0.3462,0.4168,0.4083,0.5871,1.6957
1974_266_Poland,1974,266,Poland,Germany,B,tournament,Coca-Cola,loss,0,1685,72.7,42.5,15.85,43.24,75.39,0.295,0.415,28.97,0.734,0.749,0.899,0.46,3.933,0.136,Mid attention,Scalable,rain,26.4,58.6,93.14,89.86,0.199,0.1012,2.19,0.161,46.68,0.2566,0.3252,0.2136,0.6528,2.5442
1974_267_Brazil,1974,267,Brazil,Netherlands,B,tournament,Adidas,loss,0,1829,78.8,57.4,18.61,45.44,151.49,0.345,0.534,33.15,0.938,0.809,0.916,0.584,3.585,0.108,Mid attention,Scalable,rain,19.7,60.8,134.12,89.71,0.038,0.4149,0.34,0.179,38.7,0.3345,0.2671,0.3947,0.5911,1.7669
1974_268_Yugoslavia,1974,268,Yugoslavia,Sweden,B,tournament,Qatar Airways,loss,0,1669,74.2,37.3,11.34,47.64,171.17,0.389,0.364,17.82,0.379,0.762,0.645,0.337,3.684,0.207,Mid attention,Watchlist,clear,16.3,28.3,106.86,98.17,0.109,0.2915,3.43,0.205,48.78,0.3829,0.3742,0.3593,0.6113,1.5966
1974_269_Poland,1974,269,Poland,Brazil,B,tournament,Coca-Cola,win,3,1685,72.7,42.5,15.85,43.24,139.62,0.31,0.443,28.97,0.734,0.749,0.899,0.574,3.942,0.136,Mid attention,Scalable,rain,15.9,55.1,98.22,47.16,0.312,0.2102,2.34,0.25,46.92,0.2393,0.3341,0.3761,0.6546,2.7352
1974_270_Netherlands,1974,270,Netherlands,Germany,B,tournament,Hisense,loss,0,1746,75.8,49.9,15.97,47.64,128.02,0.351,0.468,32.27,0.781,0.811,0.856,0.506,4.016,0.124,Mid attention,Scalable,rain,23.5,58.2,215.96,74.07,0.228,0.2575,4.69,0.171,53.11,0.3127,0.5291,0.3619,0.6769,2.1649
1978_271_Poland,1978,271,Poland,Germany,B,tournament,Coca-Cola,draw,1,1685,72.7,42.5,15.85,42.5,142.26,0.282,0.439,28.97,0.734,0.749,0.899,0.501,3.942,0.136,Mid attention,Scalable,clear,25.0,54.6,129.58,55.81,0.064,0.235,1.3,0.103,42.18,0.2479,0.3069,0.2839,0.6546,2.6402
1978_272_Hungary,1978,272,Hungary,Argentina,B,tournament,Adidas,loss,0,1691,78.9,42.6,16.61,49.1,147.19,0.388,0.502,33.47,0.932,0.712,0.937,0.577,4.028,0.12,Mid attention,Scalable,cloudy,18.2,45.0,155.35,100.83,0.129,0.2387,4.09,0.1,41.41,0.3822,0.366,0.3184,0.6404,1.6757
1978_273_Italy,1978,273,Italy,France,B,tournament,Visa,win,3,1755,77.8,61.6,11.04,49.1,112.84,0.354,0.34,33.4,0.799,0.761,0.842,0.565,3.498,0.105,Mid attention,Scalable,cloudy,23.2,49.4,89.21,56.28,0.133,0.1241,6.25,0.141,48.17,0.2869,0.3956,0.2236,0.5102,1.7779
1978_274_Tunisia,1978,274,Tunisia,Mexico,B,tournament,Hyundai,win,3,1519,66.6,27.6,11.21,51.3,246.12,0.526,0.416,28.75,0.839,0.649,0.867,0.638,3.862,0.134,Mid attention,Premium,cloudy,26.4,55.2,132.75,60.84,0.102,0.2709,3.37,0.105,52.31,0.4157,0.4267,0.3918,0.5586,1.3437
1978_275_Spain,1978,275,Spain,Austria,B,tournament,Budweiser,loss,0,1708,77.4,45.2,19.26,49.1,127.15,0.41,0.563,27.85,0.714,0.724,0.933,0.53,3.331,0.12,Mid attention,Scalable,clear,26.7,59.5,165.53,88.02,-0.015,0.2083,4.45,0.073,43.11,0.347,0.395,0.2218,0.5081,1.4642
1978_276_Sweden,1978,276,Sweden,Brazil,B,tournament,Budweiser,draw,1,1654,74.4,39.2,19.34,46.9,166.54,0.378,0.569,26.29,0.687,0.705,0.91,0.551,4.044,0.154,Mid attention,Scalable,cloudy,32.3,67.7,147.9,47.63,0.088,0.304,4.0,0.15,53.01,0.2942,0.4559,0.355,0.6749,2.2941
1978_277_Netherlands,1978,277,Netherlands,Iran,B,tournament,Hisense,win,3,1746,75.8,49.9,15.97,49.1,71.28,0.309,0.452,32.27,0.781,0.811,0.856,0.593,3.251,0.101,Mid attention,Scalable,clear,30.7,75.3,86.09,90.94,0.295,0.2006,6.79,0.152,42.35,0.309,0.3517,0.3177,0.4935,1.5971
1978_278_Scotland,1978,278,Scotland,Peru,B,tournament,Budweiser,loss,0,1529,67.9,31.6,17.66,51.3,209.58,0.414,0.57,26.35,0.683,0.686,0.905,0.523,3.412,0.129,Mid attention,Scalable,clear,17.0,53.3,162.3,64.05,0.118,0.1564,3.58,0.093,56.84,0.3929,0.4951,0.301,0.501,1.2752
1978_279_France,1978,279,France,Argentina,B,tournament,Qatar Airways,loss,0,1748,77.8,46.5,18.67,49.1,211.69,0.454,0.584,24.02,0.51,0.801,0.711,0.477,4.082,0.17,Mid attention,Scalable,clear,33.1,50.7,161.66,86.38,0.146,0.2065,4.27,0.139,45.81,0.4089,0.4116,0.3472,0.6906,1.6891
1978_280_Mexico,1978,280,Mexico,Germany,B,tournament,Hyundai,loss,0,1612,72.1,37.6,18.89,55.7,160.51,0.47,0.608,28.5,0.853,0.712,0.897,0.606,4.111,0.144,Mid attention,Scalable,windy,19.8,65.0,230.65,113.35,0.17,0.4143,2.72,0.186,43.46,0.4724,0.4311,0.4587,0.6742,1.4273
1978_281_Italy,1978,281,Italy,Hungary,B,tournament,Visa,win,3,1755,77.8,61.6,11.04,51.3,171.43,0.433,0.379,33.4,0.799,0.761,0.842,0.594,3.759,0.113,Mid attention,Scalable,clear,29.3,67.8,130.83,86.82,0.378,0.3398,1.17,0.257,50.05,0.3991,0.3726,0.5098,0.5729,1.4354
1978_282_Tunisia,1978,282,Tunisia,Poland,B,tournament,Hyundai,loss,0,1519,66.6,27.6,11.21,44.7,149.36,0.284,0.334,28.75,0.839,0.649,0.867,0.463,3.607,0.125,Mid attention,Scalable,clear,23.4,51.1,76.67,52.59,0.157,0.3161,0.26,0.163,44.98,0.2686,0.2667,0.3822,0.4957,1.8457
1978_283_Sweden,1978,283,Sweden,Austria,B,tournament,Budweiser,loss,0,1654,74.4,39.2,19.34,44.7,106.7,0.329,0.529,26.29,0.687,0.705,0.91,0.494,3.269,0.124,Mid attention,Scalable,clear,20.5,70.6,104.67,43.09,0.266,0.3239,5.46,0.197,48.86,0.2214,0.4035,0.4077,0.4801,2.1687
1978_284_Spain,1978,284,Spain,Brazil,B,tournament,Budweiser,draw,1,1708,77.4,45.2,19.26,42.5,141.56,0.314,0.529,27.85,0.714,0.724,0.933,0.533,3.935,0.141,Mid attention,Scalable,hot,12.2,73.7,97.05,40.71,0.096,0.1759,0.68,0.079,41.42,0.224,0.2615,0.2595,0.6567,2.9319
1978_285_Scotland,1978,285,Scotland,Iran,B,tournament,Budweiser,draw,1,1529,67.9,31.6,17.66,46.9,106.87,0.298,0.499,26.35,0.683,0.686,0.905,0.509,3.345,0.127,Mid attention,Scalable,cloudy,22.0,78.7,169.39,47.62,0.13,0.272,4.37,0.137,38.17,0.2487,0.3556,0.314,0.485,1.9497
1978_286_Peru,1978,286,Peru,Netherlands,B,tournament,Hisense,draw,1,1576,66.6,39.7,14.92,42.5,102.42,0.263,0.397,33.45,0.777,0.647,0.931,0.496,3.584,0.107,Mid attention,Scalable,hot,13.6,86.5,64.74,70.28,0.157,0.3403,3.67,0.167,47.33,0.24,0.3272,0.3672,0.4898,2.0407
1978_287_Italy,1978,287,Italy,Argentina,B,tournament,Visa,win,3,1755,77.8,61.6,11.04,44.7,175.13,0.356,0.34,33.4,0.799,0.761,0.842,0.565,4.007,0.12,Mid attention,Scalable,clear,28.8,44.1,120.05,60.46,0.079,0.1053,4.73,0.105,43.96,0.3004,0.3651,0.2282,0.6317,2.103
1978_288_Hungary,1978,288,Hungary,France,B,tournament,Adidas,loss,0,1691,78.9,42.6,16.61,51.3,192.6,0.435,0.535,33.47,0.932,0.712,0.937,0.599,3.625,0.108,Mid attention,Scalable,clear,32.1,58.2,220.11,62.38,0.136,0.5728,1.72,0.193,45.03,0.3774,0.4197,0.5671,0.5439,1.4414
1978_289_Tunisia,1978,289,Tunisia,Germany,B,tournament,Hyundai,draw,1,1519,66.6,27.6,11.21,42.5,99.66,0.266,0.298,28.75,0.839,0.649,0.867,0.48,3.939,0.137,Low attention,Scalable,cloudy,18.2,58.2,127.91,50.37,0.245,0.2327,1.14,0.219,46.9,0.2071,0.3428,0.3348,0.578,2.7916
1978_290_Poland,1978,290,Poland,Mexico,B,tournament,Coca-Cola,win,3,1685,72.7,42.5,15.85,51.3,119.38,0.383,0.483,28.97,0.734,0.749,0.899,0.602,3.7,0.128,Mid attention,Scalable,clear,24.8,56.4,192.82,109.43,0.076,0.1281,3.59,0.142,42.25,0.3945,0.3996,0.2052,0.5956,1.5097
1978_291_Brazil,1978,291,Brazil,Austria,B,tournament,Adidas,win,3,1829,78.8,57.4,18.61,44.7,106.61,0.297,0.51,33.15,0.938,0.809,0.916,0.666,3.2,0.097,Mid attention,Premium,rain,18.6,47.6,89.08,47.13,0.156,0.0607,2.19,0.124,36.43,0.2276,0.2348,0.1888,0.4996,2.1954
1978_292_Peru,1978,292,Peru,Iran,B,tournament,Hisense,win,3,1576,66.6,39.7,14.92,53.5,187.7,0.46,0.502,33.45,0.777,0.647,0.931,0.638,3.416,0.102,Mid attention,Premium,hot,19.2,34.2,107.68,69.35,0.227,0.1633,0.21,0.132,52.03,0.4047,0.3538,0.3395,0.4496,1.1111
1978_293_Scotland,1978,293,Scotland,Netherlands,B,tournament,Budweiser,win,3,1529,67.9,31.6,17.66,53.5,115.55,0.449,0.543,26.35,0.683,0.686,0.905,0.619,3.724,0.141,Mid attention,Scalable,cloudy,27.6,59.5,230.21,80.94,0.074,0.2518,6.87,0.175,53.77,0.3677,0.5806,0.2818,0.5794,1.5757
1978_294_Sweden,1978,294,Sweden,Spain,B,tournament,Budweiser,loss,0,1654,74.4,39.2,19.34,44.7,141.15,0.256,0.544,26.29,0.687,0.705,0.91,0.486,3.682,0.14,Mid attention,Scalable,windy,22.8,45.7,137.73,40.26,0.266,0.2379,1.14,0.228,43.09,0.2432,0.3196,0.3746,0.5839,2.4009
1978_295_Poland,1978,295,Poland,Argentina,B,tournament,Coca-Cola,loss,0,1685,72.7,42.5,15.85,46.9,165.2,0.36,0.476,28.97,0.734,0.749,0.899,0.495,4.034,0.139,Mid attention,Scalable,cloudy,33.4,59.4,144.58,98.36,0.163,0.5201,0.71,0.161,52.27,0.3718,0.3969,0.5271,0.677,1.8207
1978_296_Netherlands,1978,296,Netherlands,Austria,B,tournament,Hisense,win,3,1746,75.8,49.9,15.97,55.7,155.29,0.464,0.529,32.27,0.781,0.811,0.856,0.65,3.388,0.105,Mid attention,Premium,clear,20.1,45.3,126.53,57.31,0.14,0.3932,2.29,0.182,48.72,0.3816,0.3744,0.4284,0.5262,1.3791
1978_297_Peru,1978,297,Peru,Brazil,B,tournament,Hisense,loss,0,1576,66.6,39.7,14.92,49.1,186.17,0.413,0.474,33.45,0.777,0.647,0.931,0.519,4.122,0.123,Mid attention,Scalable,cloudy,29.0,40.4,151.27,87.75,-0.045,0.2457,5.43,0.113,55.8,0.3916,0.5042,0.2712,0.6185,1.5796
1978_298_Italy,1978,298,Italy,Germany,B,tournament,Visa,draw,1,1755,77.8,61.6,11.04,42.5,111.53,0.272,0.299,33.4,0.799,0.761,0.842,0.468,3.887,0.116,Low attention,Scalable,clear,23.6,61.7,95.87,72.99,0.119,0.1965,-1.75,0.206,33.45,0.2512,0.1563,0.2634,0.6024,2.3987
1978_299_Brazil,1978,299,Brazil,Argentina,B,tournament,Adidas,draw,1,1829,78.8,57.4,18.61,42.5,114.39,0.236,0.5,33.15,0.938,0.809,0.916,0.585,3.912,0.118,Mid attention,Scalable,rain,27.8,60.4,171.78,82.95,0.193,0.115,5.26,0.178,34.96,0.2688,0.344,0.2453,0.6697,2.4916
1978_300_Italy,1978,300,Italy,Austria,B,tournament,Visa,win,3,1755,77.8,61.6,11.04,44.7,97.16,0.307,0.306,33.4,0.799,0.761,0.842,0.543,3.213,0.096,Low attention,Scalable,clear,20.3,67.3,265.58,78.08,0.331,0.2917,0.89,0.287,37.85,0.2683,0.3878,0.4094,0.4413,1.6445
1978_301_Netherlands,1978,301,Netherlands,Germany,B,tournament,Hisense,draw,1,1746,75.8,49.9,15.97,51.3,194.9,0.483,0.519,32.27,0.781,0.811,0.856,0.583,4.044,0.125,Mid attention,Scalable,clear,22.7,93.0,173.93,97.48,0.213,0.2327,3.36,0.146,41.48,0.4335,0.3724,0.3828,0.6838,1.5773
1978_302_Poland,1978,302,Poland,Peru,B,tournament,Coca-Cola,win,3,1685,72.7,42.5,15.85,44.7,103.06,0.259,0.436,28.97,0.734,0.749,0.899,0.562,3.199,0.11,Mid attention,Scalable,cloudy,22.3,62.4,114.58,64.71,0.269,0.2656,1.38,0.216,41.92,0.2521,0.2922,0.369,0.4715,1.8704
1978_303_Peru,1978,303,Peru,Argentina,B,tournament,Hisense,loss,0,1576,66.6,39.7,14.92,55.7,175.55,0.496,0.51,33.45,0.777,0.647,0.931,0.547,4.186,0.125,Mid attention,Scalable,clear,18.0,65.8,88.82,85.52,0.035,0.3818,6.98,0.112,60.8,0.4407,0.513,0.3877,0.634,1.4385
1978_304_Germany,1978,304,Germany,Austria,B,tournament,Coca-Cola,loss,0,1798,81.3,65.9,22.15,53.5,149.86,0.422,0.676,29.19,0.759,0.859,0.907,0.591,3.338,0.114,High attention,Scalable,clear,27.0,40.8,105.48,96.95,0.144,0.1599,3.06,0.164,57.54,0.4186,0.4414,0.2758,0.5793,1.3837
1978_305_Poland,1978,305,Poland,Brazil,B,tournament,Coca-Cola,loss,0,1685,72.7,42.5,15.85,51.3,109.17,0.378,0.479,28.97,0.734,0.749,0.899,0.5,3.983,0.137,Mid attention,Scalable,rain,26.9,37.4,227.33,84.08,0.278,0.2027,1.31,0.274,53.77,0.3475,0.494,0.3363,0.6641,1.9113
1978_306_Netherlands,1978,306,Netherlands,Italy,B,tournament,Hisense,win,3,1746,75.8,49.9,15.97,49.1,118.31,0.332,0.472,32.27,0.781,0.811,0.856,0.605,3.425,0.106,Mid attention,Scalable,clear,26.6,83.3,114.04,76.84,0.067,0.0766,2.17,0.117,38.43,0.323,0.2742,0.1672,0.5349,1.6562
1978_307_Italy,1978,307,Italy,Brazil,B,tournament,Visa,loss,0,1755,77.8,61.6,11.04,49.1,206.66,0.409,0.381,33.4,0.799,0.761,0.842,0.49,4.036,0.121,Mid attention,Scalable,cloudy,32.2,43.2,134.44,57.31,0.253,0.2784,2.99,0.178,53.6,0.36,0.4334,0.4378,0.6389,1.7747
1978_308_Netherlands,1978,308,Netherlands,Argentina,B,tournament,Hisense,loss,0,1746,75.8,49.9,15.97,51.3,155.11,0.445,0.502,32.27,0.781,0.811,0.856,0.536,4.028,0.125,Mid attention,Scalable,clear,31.7,41.3,181.55,63.38,0.23,0.2586,3.17,0.154,47.34,0.3504,0.426,0.3811,0.6806,1.9426
1982_309_Belgium,1982,309,Belgium,Argentina,B,tournament,Visa,win,3,1674,71.5,40.4,23.19,46.16,99.44,0.331,0.637,26.85,0.713,0.72,0.914,0.644,3.919,0.146,Mid attention,Premium,clear,20.8,57.4,200.88,63.06,0.184,0.2862,3.72,0.241,48.16,0.2602,0.4589,0.3423,0.6505,2.4999
1982_310_Russia,1982,310,Russia,Brazil,B,tournament,Hyundai,loss,0,1676,72.7,49.8,18.23,50.56,157.38,0.45,0.558,26.07,0.814,0.69,0.874,0.57,4.052,0.155,Mid attention,Scalable,clear,25.2,56.6,144.5,46.11,0.123,0.4251,2.8,0.187,52.67,0.3185,0.4318,0.4428,0.6544,2.0543
1982_311_Poland,1982,311,Poland,Italy,B,tournament,Coca-Cola,draw,1,1685,72.7,42.5,15.85,43.96,120.59,0.337,0.439,28.97,0.734,0.749,0.899,0.51,3.397,0.117,Mid attention,Scalable,rain,19.3,43.6,119.36,63.42,0.058,0.1929,-0.09,0.132,37.1,0.2566,0.2336,0.2399,0.5204,2.0277
1982_312_El_Salvador,1982,312,El Salvador,Hungary,B,tournament,Budweiser,loss,0,1404,61.9,14.8,7.67,68.16,512.34,0.844,0.542,33.75,0.772,0.582,0.92,0.62,4.337,0.129,Mid attention,Premium,windy,23.1,53.1,208.46,61.59,0.334,0.3371,2.09,0.242,65.81,0.7747,0.5904,0.7112,0.6229,0.8041
1982_313_Cameroon,1982,313,Cameroon,Peru,B,tournament,Coca-Cola,draw,1,1542,68.0,29.1,10.52,43.96,136.06,0.363,0.305,31.97,0.771,0.693,0.92,0.477,3.283,0.103,Low attention,Scalable,clear,19.4,77.7,112.89,71.85,0.219,0.1718,4.07,0.196,48.95,0.2815,0.3908,0.3077,0.4503,1.5996
1982_314_New_Zealand,1982,314,New Zealand,Scotland,B,tournament,McDonald's,loss,0,1404,64.7,15.2,8.37,59.36,152.48,0.51,0.35,20.14,0.367,0.556,0.654,0.35,3.653,0.181,Mid attention,Watchlist,windy,32.7,45.1,154.5,107.75,0.19,0.2938,1.39,0.15,51.92,0.4912,0.4133,0.3844,0.4391,0.8938
1982_315_France,1982,315,France,England,B,tournament,Qatar Airways,loss,0,1748,77.8,46.5,18.67,52.76,224.38,0.494,0.612,24.02,0.51,0.801,0.711,0.495,3.539,0.147,Mid attention,Scalable,cloudy,25.2,35.7,175.69,86.04,0.115,0.0919,4.21,0.145,54.73,0.4517,0.4989,0.2676,0.5514,1.2208
1982_316_Algeria,1982,316,Algeria,Germany,B,tournament,Hisense,win,3,1543,72.2,36.3,11.9,50.56,86.29,0.348,0.36,30.28,0.732,0.66,0.889,0.548,4.002,0.132,Mid attention,Scalable,cloudy,21.7,73.1,159.09,91.09,0.16,0.3868,2.87,0.139,56.87,0.3341,0.4817,0.3881,0.5993,1.7938
1982_317_Honduras,1982,317,Honduras,Spain,B,tournament,Visa,draw,1,1414,62.9,9.5,7.33,48.36,141.89,0.37,0.25,28.19,0.694,0.538,0.906,0.431,3.882,0.138,Low attention,Scalable,rain,30.2,65.9,247.54,43.52,0.173,0.5366,2.34,0.189,44.0,0.2825,0.4453,0.527,0.5107,1.808
1982_318_Austria,1982,318,Austria,Chile,B,tournament,McDonald's,win,3,1660,70.5,44.6,14.99,46.16,230.57,0.382,0.477,21.71,0.454,0.702,0.72,0.505,3.656,0.168,Mid attention,Scalable,rain,10.0,48.1,154.75,45.11,0.196,0.204,5.31,0.156,42.45,0.3323,0.3926,0.38,0.5423,1.632
1982_319_Kuwait,1982,319,Kuwait,Czechoslovakia,B,tournament,Hisense,draw,1,1388,63.0,11.2,4.47,48.36,133.77,0.39,0.172,27.08,0.676,0.628,0.865,0.399,3.446,0.127,Low attention,Scalable,rain,10.9,32.7,193.73,87.43,0.23,0.2175,-0.85,0.078,45.6,0.3444,0.3617,0.3406,0.452,1.3126
1982_320_Northern_Ireland,1982,320,Northern Ireland,Yugoslavia,B,tournament,Qatar Airways,draw,1,1543,66.3,29.3,14.28,43.96,77.32,0.244,0.379,21.11,0.434,0.682,0.667,0.369,3.224,0.153,Mid attention,Watchlist,cloudy,27.8,46.1,101.03,85.45,0.078,0.1339,1.38,0.106,47.09,0.2578,0.3236,0.1824,0.4027,1.5618
1982_321_Hungary,1982,321,Hungary,Argentina,B,tournament,Adidas,loss,0,1691,78.9,42.6,16.61,54.96,140.58,0.463,0.535,33.47,0.932,0.712,0.937,0.603,4.039,0.121,Mid attention,Scalable,cloudy,23.4,57.1,188.27,100.74,0.01,0.3219,5.39,0.074,51.56,0.4309,0.5014,0.3151,0.6439,1.4945
1982_322_Scotland,1982,322,Scotland,Brazil,B,tournament,Budweiser,loss,0,1529,67.9,31.6,17.66,54.96,236.01,0.498,0.604,26.35,0.683,0.686,0.905,0.551,4.212,0.16,Mid attention,Scalable,clear,24.5,76.7,137.81,96.83,0.165,0.2856,6.64,0.165,52.49,0.4975,0.4822,0.4226,0.7022,1.4115
1982_323_Peru,1982,323,Peru,Italy,B,tournament,Hisense,draw,1,1576,66.6,39.7,14.92,48.36,153.54,0.408,0.456,33.45,0.777,0.647,0.931,0.544,3.544,0.106,Mid attention,Scalable,clear,15.0,41.4,160.38,88.0,-0.019,0.2295,7.6,0.085,41.59,0.3603,0.4251,0.251,0.4805,1.3336
1982_324_El_Salvador,1982,324,El Salvador,Belgium,B,tournament,Budweiser,loss,0,1404,61.9,14.8,7.67,46.16,104.3,0.339,0.23,33.75,0.772,0.582,0.92,0.411,3.76,0.111,Low attention,Scalable,rain,22.9,56.6,164.72,85.93,0.124,0.3468,2.91,0.225,52.43,0.2994,0.4498,0.358,0.4837,1.6159
1982_325_Cameroon,1982,325,Cameroon,Poland,B,tournament,Coca-Cola,draw,1,1542,68.0,29.1,10.52,43.96,103.69,0.343,0.291,31.97,0.771,0.693,0.92,0.468,3.587,0.112,Low attention,Scalable,clear,35.0,68.8,133.72,80.96,0.105,0.2886,3.76,0.158,48.41,0.271,0.4005,0.3116,0.523,1.93
1982_326_New_Zealand,1982,326,New Zealand,Russia,B,tournament,McDonald's,loss,0,1404,64.7,15.2,8.37,50.56,123.53,0.401,0.283,20.14,0.367,0.556,0.654,0.305,4.06,0.202,Low attention,Watchlist,clear,27.9,19.9,277.27,94.01,0.205,0.3116,4.52,0.206,50.36,0.367,0.5591,0.3837,0.5486,1.4947
1982_327_Czechoslovakia,1982,327,Czechoslovakia,England,B,tournament,Visa,loss,0,1636,72.1,45.6,14.05,48.36,152.9,0.332,0.432,31.09,0.763,0.715,0.89,0.483,3.461,0.111,Mid attention,Scalable,clear,24.0,74.5,207.61,48.18,0.354,0.2337,5.48,0.271,54.44,0.2981,0.5447,0.4185,0.4994,1.6753
1982_328_Chile,1982,328,Chile,Germany,B,tournament,Hisense,loss,0,1622,72.9,38.6,16.65,54.96,228.45,0.497,0.574,27.36,0.7,0.681,0.911,0.546,4.192,0.153,Mid attention,Scalable,clear,20.4,39.1,221.61,53.98,-0.038,0.4689,3.46,0.131,56.46,0.4253,0.544,0.4462,0.6878,1.6171
1982_329_Yugoslavia,1982,329,Yugoslavia,Spain,B,tournament,Qatar Airways,loss,0,1669,74.2,37.3,11.34,50.56,194.0,0.394,0.392,17.82,0.379,0.762,0.645,0.349,3.835,0.215,Mid attention,Watchlist,cloudy,20.6,63.3,183.87,69.24,0.384,0.1141,4.74,0.271,56.89,0.3823,0.5326,0.3813,0.6522,1.7061
1982_330_Austria,1982,330,Austria,Algeria,B,tournament,McDonald's,win,3,1660,70.5,44.6,14.99,48.36,157.02,0.364,0.459,21.71,0.454,0.702,0.72,0.494,3.252,0.15,Mid attention,Scalable,cloudy,10.2,61.9,225.77,76.69,0.133,0.2633,3.77,0.167,40.53,0.3454,0.4178,0.3424,0.4375,1.2664
1982_331_Kuwait,1982,331,Kuwait,France,B,tournament,Hisense,loss,0,1388,63.0,11.2,4.47,54.96,108.17,0.461,0.201,27.08,0.676,0.628,0.865,0.389,3.655,0.135,Low attention,Scalable,cloudy,24.5,75.4,115.28,103.95,0.191,0.3202,3.9,0.214,47.33,0.4112,0.3767,0.373,0.5044,1.2269
1982_332_Northern_Ireland,1982,332,Northern Ireland,Honduras,B,tournament,Qatar Airways,draw,1,1543,66.3,29.3,14.28,48.36,95.28,0.355,0.413,21.11,0.434,0.682,0.667,0.402,2.851,0.135,Mid attention,Scalable,clear,28.1,66.8,204.64,64.57,0.015,0.3648,0.87,0.026,53.13,0.2796,0.4613,0.3155,0.304,1.0874
1982_333_Hungary,1982,333,Hungary,Belgium,B,tournament,Adidas,draw,1,1691,78.9,42.6,16.61,48.36,160.45,0.361,0.503,33.47,0.932,0.712,0.937,0.606,3.723,0.111,Mid attention,Scalable,cloudy,13.5,20.0,113.39,60.82,0.256,0.2109,2.11,0.282,45.03,0.3234,0.3285,0.3653,0.5675,1.7546
1982_334_Peru,1982,334,Peru,Poland,B,tournament,Hisense,loss,0,1576,66.6,39.7,14.92,57.16,112.07,0.419,0.491,33.45,0.777,0.647,0.931,0.527,3.68,0.11,Mid attention,Scalable,clear,19.0,45.4,149.12,109.51,0.16,0.2877,1.7,0.228,52.22,0.443,0.4156,0.3408,0.513,1.158
1982_335_Scotland,1982,335,Scotland,Russia,B,tournament,Budweiser,draw,1,1529,67.9,31.6,17.66,52.76,141.54,0.418,0.55,26.35,0.683,0.686,0.905,0.55,4.041,0.153,Mid attention,Scalable,rain,16.1,60.2,182.38,64.59,0.15,0.1777,0.3,0.164,55.48,0.3553,0.4523,0.2845,0.6587,1.8537
1982_336_El_Salvador,1982,336,El Salvador,Argentina,B,tournament,Budweiser,loss,0,1404,61.9,14.8,7.67,48.36,150.48,0.34,0.263,33.75,0.772,0.582,0.92,0.424,4.05,0.12,Low attention,Scalable,cloudy,17.2,54.9,197.74,95.13,-0.038,0.3484,-0.67,0.037,48.69,0.369,0.3942,0.3174,0.5536,1.5002
1982_337_New_Zealand,1982,337,New Zealand,Brazil,B,tournament,McDonald's,loss,0,1404,64.7,15.2,8.37,52.76,109.64,0.378,0.291,20.14,0.367,0.556,0.654,0.303,4.091,0.203,Low attention,Watchlist,cloudy,23.3,65.6,118.79,59.63,0.164,0.2254,1.91,0.21,47.69,0.3234,0.3529,0.3007,0.5561,1.7197
1982_338_Cameroon,1982,338,Cameroon,Italy,B,tournament,Coca-Cola,draw,1,1542,68.0,29.1,10.52,48.36,103.74,0.352,0.318,31.97,0.771,0.693,0.92,0.48,3.456,0.108,Low attention,Scalable,cloudy,10.5,70.6,127.81,66.12,0.241,0.2699,2.25,0.181,44.65,0.2885,0.3405,0.3598,0.4915,1.7038
1982_339_Chile,1982,339,Chile,Algeria,B,tournament,Hisense,loss,0,1622,72.9,38.6,16.65,54.96,152.97,0.481,0.541,27.36,0.7,0.681,0.911,0.53,3.307,0.121,Mid attention,Scalable,windy,26.7,67.7,169.18,78.12,0.133,0.212,3.02,0.171,50.95,0.4052,0.4431,0.3066,0.4683,1.1556
1982_340_Czechoslovakia,1982,340,Czechoslovakia,France,B,tournament,Visa,draw,1,1636,72.1,45.6,14.05,48.36,159.13,0.396,0.435,31.09,0.763,0.715,0.89,0.529,3.55,0.114,Mid attention,Scalable,rain,27.5,54.6,138.67,62.35,0.274,0.2294,3.97,0.171,39.92,0.3248,0.3364,0.3844,0.5212,1.6046
1982_341_Yugoslavia,1982,341,Yugoslavia,Honduras,B,tournament,Qatar Airways,win,3,1669,74.2,37.3,11.34,46.16,177.57,0.303,0.358,17.82,0.379,0.762,0.645,0.42,2.887,0.162,Mid attention,Scalable,cloudy,21.5,28.5,171.68,41.75,0.269,0.3253,3.2,0.304,39.82,0.2867,0.3539,0.4562,0.3916,1.366
1982_342_Kuwait,1982,342,Kuwait,England,B,tournament,Hisense,loss,0,1388,63.0,11.2,4.47,46.16,156.35,0.361,0.168,27.08,0.676,0.628,0.865,0.359,3.536,0.131,Low attention,Watchlist,cloudy,8.1,50.7,327.37,55.68,0.092,0.4434,2.26,0.104,44.94,0.2921,0.5247,0.4403,0.4753,1.6272
1982_343_Austria,1982,343,Austria,Germany,B,tournament,McDonald's,loss,0,1660,70.5,44.6,14.99,46.16,134.66,0.34,0.436,21.71,0.454,0.702,0.72,0.381,3.96,0.182,Mid attention,Scalable,clear,17.0,64.7,154.0,61.81,0.316,0.3654,0.88,0.252,49.0,0.2851,0.3804,0.4749,0.6217,2.1807
1982_344_Northern_Ireland,1982,344,Northern Ireland,Spain,B,tournament,Qatar Airways,win,3,1543,66.3,29.3,14.28,46.16,107.04,0.332,0.405,21.11,0.434,0.682,0.667,0.461,3.77,0.179,Mid attention,Scalable,windy,30.4,40.6,115.39,60.36,0.161,0.2455,4.64,0.091,42.97,0.2618,0.3511,0.3107,0.5466,2.0877
1982_345_France,1982,345,France,Austria,B,tournament,Qatar Airways,win,3,1748,77.8,46.5,18.67,46.16,97.73,0.359,0.517,24.02,0.51,0.801,0.711,0.534,3.253,0.135,Mid attention,Scalable,clear,6.3,68.1,100.28,88.68,0.161,0.2483,2.59,0.166,42.38,0.2986,0.3014,0.3064,0.4782,1.6015
1982_346_Belgium,1982,346,Belgium,Poland,B,tournament,Visa,loss,0,1674,71.5,40.4,23.19,50.56,125.23,0.325,0.675,26.85,0.713,0.72,0.914,0.557,3.585,0.134,High attention,Scalable,clear,20.9,72.5,140.03,48.62,0.166,0.1392,1.89,0.144,51.28,0.2979,0.4022,0.2561,0.5678,1.9057
1982_347_England,1982,347,England,Germany,B,tournament,McDonald's,draw,1,1695,76.6,52.6,19.34,43.96,140.9,0.301,0.54,20.29,0.432,0.819,0.654,0.44,3.961,0.195,Mid attention,Scalable,windy,15.9,60.0,104.4,61.79,0.163,0.1313,2.41,0.198,36.78,0.2696,0.2551,0.2599,0.6905,2.5614
1982_348_Argentina,1982,348,Argentina,Italy,B,tournament,Hyundai,loss,0,1753,76.8,58.0,19.5,50.56,158.76,0.42,0.592,30.74,0.903,0.813,0.936,0.607,3.485,0.113,Mid attention,Scalable,rain,27.8,15.0,170.72,47.97,-0.107,0.2074,1.26,0.027,46.37,0.3225,0.3791,0.2011,0.5883,1.8243
1982_349_Northern_Ireland,1982,349,Northern Ireland,Austria,B,tournament,Qatar Airways,draw,1,1543,66.3,29.3,14.28,52.76,83.75,0.336,0.435,21.11,0.434,0.682,0.667,0.407,3.356,0.159,Mid attention,Scalable,clear,18.9,37.6,177.46,111.32,0.138,0.3546,1.69,0.209,45.11,0.3837,0.3811,0.3558,0.4371,1.139
1982_350_Russia,1982,350,Russia,Belgium,B,tournament,Hyundai,win,3,1676,72.7,49.8,18.23,46.16,105.86,0.36,0.509,26.07,0.814,0.69,0.874,0.635,3.655,0.14,Mid attention,Premium,clear,25.4,88.2,123.51,88.96,0.02,0.1678,1.62,0.059,46.83,0.3052,0.3455,0.1972,0.555,1.8183
1982_351_Brazil,1982,351,Brazil,Argentina,B,tournament,Adidas,win,3,1829,78.8,57.4,18.61,52.76,211.24,0.473,0.605,33.15,0.938,0.809,0.916,0.734,3.998,0.121,Mid attention,Premium,clear,26.4,49.3,260.34,114.85,0.319,0.217,2.2,0.226,43.29,0.4863,0.4488,0.4303,0.6909,1.4206
1982_352_Germany,1982,352,Germany,Spain,B,tournament,Coca-Cola,win,3,1798,81.3,65.9,22.15,50.56,147.72,0.42,0.657,29.19,0.759,0.859,0.907,0.683,3.767,0.129,Mid attention,Premium,cloudy,34.0,26.3,126.38,105.33,0.315,0.2828,4.18,0.231,47.59,0.403,0.3932,0.4296,0.6849,1.6998
1982_353_Northern_Ireland,1982,353,Northern Ireland,France,B,tournament,Qatar Airways,loss,0,1543,66.3,29.3,14.28,54.96,105.62,0.403,0.458,21.11,0.434,0.682,0.667,0.394,3.596,0.17,Mid attention,Scalable,clear,21.8,77.8,160.25,72.03,0.241,0.3291,3.65,0.23,54.66,0.3597,0.4758,0.3993,0.4998,1.3892
1982_354_Russia,1982,354,Russia,Poland,B,tournament,Hyundai,draw,1,1676,72.7,49.8,18.23,43.96,242.96,0.407,0.555,26.07,0.814,0.69,0.874,0.594,3.689,0.142,Mid attention,Scalable,windy,25.3,58.2,154.95,79.09,0.132,0.3286,6.05,0.176,47.48,0.3741,0.4465,0.4403,0.5645,1.5089
1982_355_Brazil,1982,355,Brazil,Italy,B,tournament,Adidas,loss,0,1829,78.8,57.4,18.61,54.96,155.79,0.48,0.594,33.15,0.938,0.809,0.916,0.631,3.517,0.106,Mid attention,Premium,windy,14.1,75.7,206.36,71.37,0.055,0.1872,5.34,0.14,57.2,0.3969,0.5648,0.2579,0.5748,1.4482
1982_356_England,1982,356,England,Spain,B,tournament,McDonald's,draw,1,1695,76.6,52.6,19.34,43.96,139.9,0.323,0.539,20.29,0.432,0.819,0.654,0.443,3.775,0.186,Mid attention,Scalable,cloudy,30.1,62.4,181.76,90.32,0.09,0.2634,6.91,0.147,49.21,0.313,0.4985,0.3123,0.6413,2.0486
1982_357_France,1982,357,France,Germany,B,tournament,Qatar Airways,draw,1,1748,77.8,46.5,18.67,57.16,182.68,0.5,0.621,24.02,0.51,0.801,0.711,0.533,4.079,0.17,Mid attention,Scalable,cloudy,18.4,65.3,191.13,81.97,0.35,0.1908,3.97,0.271,58.58,0.4541,0.5419,0.4085,0.69,1.5197
1982_358_Italy,1982,358,Italy,Poland,B,tournament,Visa,win,3,1755,77.8,61.6,11.04,48.36,124.68,0.364,0.341,33.4,0.799,0.761,0.842,0.567,3.564,0.107,Mid attention,Scalable,clear,19.6,63.8,188.93,67.16,0.087,0.2212,3.94,0.099,43.8,0.306,0.4145,0.2737,0.526,1.7188
1982_359_France,1982,359,France,Poland,B,tournament,Qatar Airways,loss,0,1748,77.8,46.5,18.67,54.96,128.11,0.409,0.584,24.02,0.51,0.801,0.711,0.469,3.638,0.151,Mid attention,Scalable,clear,22.9,69.2,139.82,114.77,-0.079,0.1937,1.78,0.068,47.45,0.4431,0.368,0.1847,0.5765,1.3011
1982_360_Germany,1982,360,Germany,Italy,B,tournament,Coca-Cola,loss,0,1798,81.3,65.9,22.15,52.76,273.1,0.499,0.725,29.19,0.759,0.859,0.907,0.624,3.612,0.124,High attention,Premium,rain,13.6,94.4,199.39,104.87,0.259,0.2642,4.53,0.271,42.23,0.518,0.4196,0.4746,0.6473,1.2498
1986_361_Italy,1986,361,Italy,Bulgaria,B,group_or_knockout,Visa,draw,1,1755,77.8,61.6,11.04,49.82,188.54,0.41,0.377,33.4,0.799,0.761,0.842,0.522,2.96,0.089,Mid attention,Scalable,clear,24.4,73.5,187.65,107.43,0.306,0.2827,1.42,0.176,43.84,0.4305,0.3756,0.4522,0.3815,0.8861
1986_362_France,1986,362,France,Canada,B,group_or_knockout,Qatar Airways,win,3,1748,77.8,46.5,18.67,47.62,171.3,0.389,0.558,24.02,0.51,0.801,0.711,0.555,3.076,0.128,Mid attention,Scalable,clear,28.8,32.7,208.82,46.97,0.322,0.2936,-0.29,0.262,39.49,0.3034,0.3322,0.4551,0.4335,1.4288
1986_363_Brazil,1986,363,Brazil,Spain,B,group_or_knockout,Adidas,win,3,1829,78.8,57.4,18.61,47.62,159.91,0.399,0.551,33.15,0.938,0.809,0.916,0.7,3.699,0.112,Mid attention,Premium,clear,24.8,65.1,94.27,57.92,0.26,0.1761,6.01,0.229,43.47,0.3117,0.3568,0.3442,0.6192,1.9863
1986_364_South_Korea,1986,364,South Korea,Argentina,B,group_or_knockout,McDonald's,loss,0,1548,70.3,20.2,12.83,54.22,116.99,0.388,0.421,25.44,0.51,0.67,0.723,0.403,4.015,0.158,Mid attention,Scalable,clear,13.5,76.3,129.83,70.0,0.276,0.2379,0.18,0.271,56.01,0.3584,0.4071,0.3632,0.5803,1.6189
1986_365_Poland,1986,365,Poland,Morocco,B,group_or_knockout,Coca-Cola,draw,1,1685,72.7,42.5,15.85,45.42,185.61,0.36,0.476,28.97,0.734,0.749,0.899,0.529,3.038,0.105,Mid attention,Scalable,cloudy,22.3,77.2,167.63,65.93,0.161,0.2008,3.72,0.189,46.74,0.3235,0.4166,0.3331,0.4327,1.3377
1986_366_Hungary,1986,366,Hungary,Russia,B,group_or_knockout,Adidas,loss,0,1691,78.9,42.6,16.61,58.62,132.29,0.518,0.554,33.47,0.932,0.712,0.937,0.62,4.055,0.121,Mid attention,Premium,rain,27.5,51.2,90.76,88.81,-0.051,0.1453,0.95,0.065,52.44,0.4397,0.353,0.1685,0.6471,1.4716
1986_367_Northern_Ireland,1986,367,Northern Ireland,Algeria,B,group_or_knockout,Qatar Airways,draw,1,1543,66.3,29.3,14.28,49.82,154.12,0.372,0.448,21.11,0.434,0.682,0.667,0.418,3.298,0.156,Mid attention,Scalable,rain,11.7,76.6,169.26,63.72,0.159,0.1702,5.17,0.175,47.98,0.3365,0.4505,0.2919,0.4215,1.2524
1986_368_Belgium,1986,368,Belgium,Mexico,B,group_or_knockout,Visa,loss,0,1674,71.5,40.4,23.19,52.02,93.93,0.355,0.67,26.85,0.713,0.72,0.914,0.561,3.744,0.139,High attention,Scalable,cloudy,16.6,72.8,203.69,100.27,0.218,0.2812,5.45,0.17,44.64,0.3676,0.4578,0.3505,0.6062,1.6492
1986_369_England,1986,369,England,Portugal,B,group_or_knockout,McDonald's,loss,0,1695,76.6,52.6,19.34,47.62,76.85,0.323,0.534,20.29,0.432,0.819,0.654,0.408,3.218,0.159,Mid attention,Scalable,hot,28.3,96.0,123.86,56.68,0.143,0.3781,3.91,0.158,45.77,0.2465,0.3714,0.3688,0.4939,2.0031
1986_370_Iraq,1986,370,Iraq,Paraguay,B,group_or_knockout,Hyundai,loss,0,1388,63.6,11.4,6.1,47.62,148.77,0.387,0.217,29.12,0.833,0.596,0.858,0.435,3.788,0.13,Low attention,Scalable,clear,24.6,46.0,128.47,85.98,0.138,0.1469,5.42,0.099,45.89,0.3467,0.3995,0.264,0.5006,1.4436
1986_371_Denmark,1986,371,Denmark,Scotland,B,group_or_knockout,Coca-Cola,win,3,1642,71.5,43.1,19.09,47.62,108.5,0.338,0.541,33.85,0.793,0.715,0.895,0.636,3.473,0.103,Mid attention,Premium,hot,25.5,49.9,109.37,95.59,0.06,0.2064,2.82,0.171,42.31,0.331,0.3125,0.2416,0.4928,1.489
1986_372_Germany,1986,372,Germany,Uruguay,B,group_or_knockout,Coca-Cola,draw,1,1798,81.3,65.9,22.15,49.82,81.57,0.381,0.624,29.19,0.759,0.859,0.907,0.597,3.481,0.119,Mid attention,Scalable,cloudy,34.2,53.1,131.37,83.94,0.056,0.3869,7.49,0.15,43.51,0.3126,0.4132,0.339,0.6145,1.9656
1986_373_Russia,1986,373,Russia,France,B,group_or_knockout,Hyundai,draw,1,1676,72.7,49.8,18.23,49.82,165.64,0.423,0.557,26.07,0.814,0.69,0.874,0.598,3.54,0.136,Mid attention,Scalable,clear,25.8,50.2,132.33,67.78,0.34,0.1401,4.37,0.204,56.43,0.3516,0.4763,0.3601,0.5267,1.4981
1986_374_Argentina,1986,374,Argentina,Italy,B,group_or_knockout,Hyundai,draw,1,1753,76.8,58.0,19.5,49.82,257.76,0.483,0.631,30.74,0.903,0.813,0.936,0.667,3.531,0.115,Mid attention,Premium,windy,26.9,43.8,126.18,57.01,0.344,0.1775,0.91,0.253,48.49,0.4051,0.3512,0.4462,0.6001,1.4816
1986_375_Bulgaria,1986,375,Bulgaria,South Korea,B,group_or_knockout,Hisense,draw,1,1502,65.2,28.9,10.5,49.82,210.08,0.444,0.373,33.88,0.787,0.675,0.918,0.522,3.197,0.094,Mid attention,Scalable,clear,39.0,15.0,124.46,53.54,0.156,0.2652,2.95,0.209,48.94,0.3634,0.3843,0.3885,0.4085,1.1241
1986_376_Algeria,1986,376,Algeria,Brazil,B,group_or_knockout,Hisense,loss,0,1543,72.2,36.3,11.9,47.62,126.62,0.414,0.36,30.28,0.732,0.66,0.889,0.46,4.022,0.133,Mid attention,Scalable,clear,21.7,51.0,133.69,88.93,0.184,0.2622,2.48,0.215,37.28,0.3344,0.287,0.3445,0.6047,1.808
1986_377_Morocco,1986,377,Morocco,England,B,group_or_knockout,Mengniu,draw,1,1552,69.2,34.3,12.67,45.42,130.12,0.321,0.368,19.44,0.366,0.668,0.598,0.355,3.461,0.178,Mid attention,Watchlist,clear,18.2,63.9,127.13,68.58,0.058,0.4991,2.27,0.113,38.4,0.2853,0.2873,0.4441,0.4483,1.5712
1986_378_Canada,1986,378,Canada,Hungary,B,group_or_knockout,Hisense,loss,0,1404,62.1,14.1,8.35,49.82,182.54,0.356,0.304,28.16,0.697,0.646,0.897,0.417,3.835,0.136,Low attention,Scalable,clear,25.6,50.1,239.12,47.84,0.22,0.2257,-0.68,0.079,45.26,0.3336,0.4027,0.3733,0.5655,1.6954
1986_379_Paraguay,1986,379,Paraguay,Mexico,B,group_or_knockout,Hyundai,draw,1,1578,69.9,30.5,12.88,49.82,194.92,0.463,0.429,26.2,0.812,0.667,0.921,0.556,3.831,0.146,Mid attention,Scalable,clear,25.6,89.0,135.62,108.56,0.332,0.2381,3.61,0.258,56.18,0.4371,0.4657,0.4391,0.6012,1.3754
1986_380_Spain,1986,380,Spain,Northern Ireland,B,group_or_knockout,Budweiser,win,3,1708,77.4,45.2,19.26,52.02,135.02,0.392,0.584,27.85,0.714,0.724,0.933,0.635,3.071,0.11,Mid attention,Premium,cloudy,19.8,58.2,170.32,92.22,0.003,0.2482,-0.11,0.064,43.86,0.3864,0.3369,0.2607,0.4428,1.1461
1986_381_Portugal,1986,381,Portugal,Poland,B,group_or_knockout,Mengniu,loss,0,1702,76.8,47.1,14.4,47.62,137.39,0.36,0.43,17.76,0.359,0.8,0.643,0.35,3.563,0.201,Mid attention,Watchlist,hot,16.8,78.7,123.85,95.12,0.203,0.2567,-2.5,0.21,42.34,0.3522,0.2456,0.3564,0.603,1.712
1986_382_Uruguay,1986,382,Uruguay,Denmark,B,group_or_knockout,Vivo,loss,0,1684,74.8,44.8,20.58,60.82,189.06,0.575,0.697,19.75,0.443,0.797,0.741,0.519,3.617,0.183,High attention,Scalable,clear,36.9,62.2,157.67,89.38,0.21,0.0832,2.08,0.207,69.12,0.5041,0.572,0.281,0.6248,1.2395
1986_383_Scotland,1986,383,Scotland,Germany,B,group_or_knockout,Budweiser,loss,0,1529,67.9,31.6,17.66,52.02,173.59,0.386,0.559,26.35,0.683,0.686,0.905,0.514,4.1,0.156,Mid attention,Scalable,cloudy,25.0,71.2,102.06,111.43,0.209,0.2499,1.21,0.229,49.59,0.4455,0.3431,0.3783,0.6745,1.5139
1986_384_Belgium,1986,384,Belgium,Iraq,B,group_or_knockout,Visa,win,3,1674,71.5,40.4,23.19,52.02,143.22,0.375,0.692,26.85,0.713,0.72,0.914,0.673,3.173,0.118,High attention,Premium,clear,18.6,62.5,105.51,60.31,0.32,0.2336,0.99,0.301,46.54,0.3432,0.3172,0.3971,0.4641,1.3524
1986_385_France,1986,385,France,Hungary,B,group_or_knockout,Qatar Airways,win,3,1748,77.8,46.5,18.67,52.02,143.74,0.366,0.573,24.02,0.51,0.801,0.711,0.557,3.739,0.156,Mid attention,Scalable,hot,28.5,79.9,115.57,59.34,0.36,0.3979,-3.72,0.317,52.46,0.3421,0.3052,0.5214,0.6034,1.764
1986_386_Canada,1986,386,Canada,Russia,B,group_or_knockout,Hisense,loss,0,1404,62.1,14.1,8.35,49.82,209.51,0.407,0.316,28.16,0.697,0.646,0.897,0.43,4.128,0.147,Low attention,Scalable,clear,22.3,58.9,156.7,102.5,0.133,0.1809,1.01,0.211,47.76,0.4388,0.3744,0.3234,0.6387,1.4555
1986_387_Bulgaria,1986,387,Bulgaria,Argentina,B,group_or_knockout,Hisense,loss,0,1502,65.2,28.9,10.5,49.82,199.75,0.434,0.368,33.88,0.787,0.675,0.918,0.486,4.077,0.12,Mid attention,Scalable,clear,21.5,65.9,195.87,102.59,0.224,0.1941,2.44,0.24,56.03,0.4315,0.5015,0.3659,0.6187,1.4338
1986_388_Italy,1986,388,Italy,South Korea,B,group_or_knockout,Visa,win,3,1755,77.8,61.6,11.04,56.42,184.29,0.5,0.416,33.4,0.799,0.761,0.842,0.62,3.154,0.094,Mid attention,Scalable,cloudy,26.4,63.9,108.44,87.38,0.165,0.3754,1.47,0.235,45.7,0.4569,0.32,0.4469,0.4268,0.9342
1986_389_Poland,1986,389,Poland,England,B,group_or_knockout,Coca-Cola,loss,0,1685,72.7,42.5,15.85,52.02,240.56,0.481,0.54,28.97,0.734,0.749,0.899,0.541,3.572,0.123,Mid attention,Scalable,rain,15.2,53.4,136.23,55.32,0.093,0.119,3.61,0.123,55.38,0.4096,0.4594,0.286,0.5634,1.3755
1986_390_Iraq,1986,390,Iraq,Mexico,B,group_or_knockout,Hyundai,loss,0,1388,63.6,11.4,6.1,47.62,122.13,0.308,0.205,29.12,0.833,0.596,0.858,0.417,3.816,0.131,Low attention,Scalable,rain,25.1,64.5,101.65,61.75,0.183,0.2371,5.72,0.13,41.93,0.2889,0.3461,0.3249,0.5075,1.7567
1986_391_Belgium,1986,391,Belgium,Paraguay,B,group_or_knockout,Visa,draw,1,1674,71.5,40.4,23.19,54.22,244.08,0.437,0.749,26.85,0.713,0.72,0.914,0.639,3.876,0.144,High attention,Premium,cloudy,34.5,93.8,152.47,101.96,0.223,0.1459,3.88,0.275,58.04,0.5048,0.5008,0.3633,0.6392,1.2664
1986_392_Morocco,1986,392,Morocco,Portugal,B,group_or_knockout,Mengniu,win,3,1552,69.2,34.3,12.67,54.22,180.36,0.46,0.444,19.44,0.366,0.668,0.598,0.476,3.387,0.174,Mid attention,Scalable,rain,25.8,53.7,213.15,108.43,0.178,0.0399,4.96,0.157,58.84,0.4663,0.5791,0.2332,0.4282,0.9183
1986_393_Spain,1986,393,Spain,Algeria,B,group_or_knockout,Budweiser,win,3,1708,77.4,45.2,19.26,52.02,371.49,0.546,0.687,27.85,0.714,0.724,0.933,0.702,3.487,0.125,High attention,Premium,clear,20.7,64.7,139.76,70.33,0.068,0.3154,5.13,0.177,56.48,0.5326,0.4949,0.4873,0.5459,1.0251
1986_394_Brazil,1986,394,Brazil,Northern Ireland,B,group_or_knockout,Adidas,win,3,1829,78.8,57.4,18.61,52.02,106.46,0.398,0.555,33.15,0.938,0.809,0.916,0.702,2.999,0.09,Mid attention,Premium,clear,20.0,78.1,154.43,50.96,0.11,0.2101,0.66,0.121,56.81,0.3007,0.4435,0.2649,0.4501,1.497
1986_395_Germany,1986,395,Germany,Denmark,B,group_or_knockout,Coca-Cola,loss,0,1798,81.3,65.9,22.15,49.82,117.38,0.387,0.639,29.19,0.759,0.859,0.907,0.571,3.459,0.118,Mid attention,Scalable,clear,20.5,76.2,215.34,87.95,0.111,0.4451,3.72,0.199,51.74,0.3461,0.5023,0.4243,0.6088,1.7589
1986_396_Uruguay,1986,396,Uruguay,Scotland,B,group_or_knockout,Vivo,draw,1,1684,74.8,44.8,20.58,45.42,145.94,0.341,0.583,19.75,0.443,0.797,0.741,0.467,3.46,0.175,Mid attention,Scalable,clear,21.5,58.2,153.0,84.54,0.072,0.3274,4.89,0.048,37.76,0.3221,0.345,0.3496,0.5827,1.809
1986_397_Bulgaria,1986,397,Bulgaria,Mexico,B,group_or_knockout,Hisense,loss,0,1502,65.2,28.9,10.5,49.82,159.12,0.416,0.35,33.88,0.787,0.675,0.918,0.476,3.812,0.113,Mid attention,Scalable,clear,20.7,19.9,123.77,72.3,0.188,0.2521,1.88,0.165,39.79,0.3536,0.2901,0.3609,0.5565,1.5738
1986_398_Belgium,1986,398,Belgium,Russia,B,group_or_knockout,Visa,win,3,1674,71.5,40.4,23.19,60.82,300.05,0.617,0.814,26.85,0.713,0.72,0.914,0.763,4.217,0.157,High attention,Premium,cloudy,28.5,66.3,190.12,100.84,0.198,0.2067,1.14,0.176,54.9,0.6064,0.4671,0.428,0.7247,1.1952
1986_399_Uruguay,1986,399,Uruguay,Argentina,B,group_or_knockout,Vivo,loss,0,1684,74.8,44.8,20.58,47.62,112.86,0.355,0.583,19.75,0.443,0.797,0.741,0.436,3.923,0.199,Mid attention,Scalable,clear,12.6,22.5,116.32,103.98,0.254,0.1925,3.91,0.22,45.63,0.3473,0.3634,0.3215,0.7074,2.0369
1986_400_Poland,1986,400,Poland,Brazil,B,group_or_knockout,Coca-Cola,loss,0,1685,72.7,42.5,15.85,54.22,199.62,0.452,0.536,28.97,0.734,0.749,0.899,0.535,4.104,0.142,Mid attention,Scalable,cloudy,28.2,81.5,180.94,66.07,0.07,0.1452,-0.31,0.155,48.2,0.4153,0.3802,0.266,0.695,1.6734
1986_401_France,1986,401,France,Italy,B,group_or_knockout,Qatar Airways,win,3,1748,77.8,46.5,18.67,49.82,197.14,0.415,0.582,24.02,0.51,0.801,0.711,0.57,3.493,0.145,Mid attention,Scalable,cloudy,20.7,60.7,170.25,81.95,0.098,0.3368,0.52,0.109,52.17,0.3976,0.4166,0.4006,0.5395,1.3572
1986_402_Germany,1986,402,Germany,Morocco,B,group_or_knockout,Coca-Cola,win,3,1798,81.3,65.9,22.15,47.62,165.76,0.381,0.647,29.19,0.759,0.859,0.907,0.673,2.98,0.102,Mid attention,Premium,rain,25.3,74.0,101.64,80.68,0.312,0.1861,1.4,0.253,49.53,0.3515,0.3451,0.3775,0.4918,1.3993
1986_403_Spain,1986,403,Spain,Denmark,B,group_or_knockout,Budweiser,win,3,1708,77.4,45.2,19.26,58.62,128.0,0.497,0.622,27.85,0.714,0.724,0.933,0.668,3.558,0.128,Mid attention,Premium,rain,16.2,43.6,183.99,94.6,0.14,0.2602,3.75,0.203,66.23,0.4454,0.5968,0.3246,0.5641,1.2665
1986_404_Paraguay,1986,404,Paraguay,England,B,group_or_knockout,Hyundai,loss,0,1578,69.9,30.5,12.88,52.02,220.48,0.449,0.453,26.2,0.812,0.667,0.921,0.529,3.594,0.137,Mid attention,Scalable,clear,31.0,33.2,151.75,105.59,0.159,0.1848,3.26,0.245,48.08,0.4722,0.4065,0.3446,0.5418,1.1475
1986_405_France,1986,405,France,Brazil,B,group_or_knockout,Qatar Airways,draw,1,1748,77.8,46.5,18.67,49.82,200.86,0.437,0.584,24.02,0.51,0.801,0.711,0.507,4.062,0.169,Mid attention,Scalable,clear,30.5,62.2,171.5,84.02,0.139,0.1111,4.97,0.17,52.95,0.4036,0.4915,0.2753,0.6853,1.698
1986_406_Germany,1986,406,Germany,Mexico,B,group_or_knockout,Coca-Cola,draw,1,1798,81.3,65.9,22.15,45.42,153.52,0.335,0.628,29.19,0.759,0.859,0.907,0.591,3.677,0.126,Mid attention,Scalable,cloudy,28.8,57.5,167.97,70.87,0.27,0.2659,0.86,0.202,47.55,0.3067,0.3806,0.4025,0.663,2.1616
1986_407_England,1986,407,England,Argentina,B,group_or_knockout,McDonald's,loss,0,1695,76.6,52.6,19.34,52.02,157.41,0.416,0.596,20.29,0.432,0.819,0.654,0.448,3.969,0.196,Mid attention,Scalable,cloudy,13.9,50.1,176.09,55.14,0.273,0.2014,0.75,0.167,59.09,0.346,0.4839,0.3647,0.6935,2.0045
1986_408_Belgium,1986,408,Belgium,Spain,B,group_or_knockout,Visa,draw,1,1674,71.5,40.4,23.19,49.82,151.67,0.413,0.682,26.85,0.713,0.72,0.914,0.609,3.755,0.14,High attention,Scalable,clear,28.0,59.4,138.74,90.38,0.268,0.2323,3.9,0.28,52.73,0.376,0.4437,0.3787,0.6097,1.6217
1986_409_Belgium,1986,409,Belgium,Argentina,B,group_or_knockout,Visa,loss,0,1674,71.5,40.4,23.19,49.82,139.26,0.328,0.676,26.85,0.713,0.72,0.914,0.558,3.977,0.148,High attention,Scalable,clear,25.4,96.0,189.0,53.39,0.159,0.2771,1.12,0.196,43.95,0.3092,0.3732,0.3513,0.6647,2.1499
1986_410_Germany,1986,410,Germany,France,B,group_or_knockout,Coca-Cola,win,3,1798,81.3,65.9,22.15,49.82,170.35,0.367,0.662,29.19,0.759,0.859,0.907,0.676,3.551,0.122,High attention,Premium,rain,13.4,71.4,120.32,46.56,0.069,0.276,1.53,0.128,39.13,0.3223,0.2761,0.331,0.6325,1.9624
1986_411_Belgium,1986,411,Belgium,France,B,group_or_knockout,Visa,loss,0,1674,71.5,40.4,23.19,58.62,168.98,0.46,0.743,26.85,0.713,0.72,0.914,0.608,3.581,0.133,High attention,Scalable,cloudy,22.9,74.8,126.59,89.99,0.349,0.0909,-1.1,0.178,66.16,0.4695,0.4707,0.3345,0.5656,1.2048
1986_412_Germany,1986,412,Germany,Argentina,B,group_or_knockout,Coca-Cola,loss,0,1798,81.3,65.9,22.15,56.42,127.13,0.385,0.684,29.19,0.759,0.859,0.907,0.587,3.961,0.136,High attention,Scalable,clear,25.2,71.5,76.25,92.76,0.242,0.1245,3.41,0.158,58.55,0.4217,0.4286,0.2815,0.733,1.7384
1990_413_Cameroon,1990,413,Cameroon,Argentina,B,group_or_knockout,Coca-Cola,win,3,1542,68.0,29.1,10.52,49.08,104.57,0.333,0.323,31.97,0.771,0.693,0.92,0.545,3.998,0.125,Low attention,Scalable,cloudy,26.3,81.7,144.88,107.92,0.111,0.1739,6.04,0.16,52.64,0.3605,0.4808,0.2407,0.6223,1.7263
1990_414_Austria,1990,414,Austria,Italy,B,group_or_knockout,McDonald's,loss,0,1660,70.5,44.6,14.99,49.08,113.62,0.378,0.444,21.71,0.454,0.702,0.72,0.391,3.472,0.16,Mid attention,Scalable,hot,24.1,55.0,120.07,89.62,0.299,0.0908,0.64,0.227,52.3,0.339,0.3738,0.2761,0.4948,1.4594
1990_415_Romania,1990,415,Romania,Russia,B,group_or_knockout,Qatar Airways,win,3,1634,73.6,37.4,11.0,51.28,155.94,0.402,0.371,19.84,0.414,0.75,0.711,0.454,4.018,0.203,Mid attention,Scalable,clear,24.7,25.1,170.16,102.72,0.103,0.2367,4.95,0.07,53.58,0.4118,0.4953,0.3113,0.6896,1.6747
1990_416_Colombia,1990,416,Colombia,United Arab Emirates,B,group_or_knockout,Vivo,win,3,1650,74.7,50.9,8.73,51.28,145.44,0.408,0.307,18.25,0.396,0.764,0.653,0.425,3.274,0.179,Low attention,Scalable,hot,31.8,55.0,94.11,69.24,0.297,0.3445,2.68,0.261,53.87,0.3519,0.3943,0.46,0.496,1.4096
1990_417_Sweden,1990,417,Sweden,Brazil,B,group_or_knockout,Budweiser,loss,0,1654,74.4,39.2,19.34,53.48,162.33,0.469,0.607,26.29,0.687,0.705,0.91,0.549,4.018,0.153,Mid attention,Scalable,clear,30.4,71.0,136.66,83.51,0.304,0.0967,-0.91,0.16,59.61,0.4071,0.4273,0.314,0.6684,1.6418
1990_418_Yugoslavia,1990,418,Yugoslavia,Germany,B,group_or_knockout,Qatar Airways,loss,0,1669,74.2,37.3,11.34,57.88,190.3,0.543,0.436,17.82,0.379,0.762,0.645,0.392,4.159,0.233,Mid attention,Scalable,cloudy,5.8,42.5,195.57,125.4,0.064,0.4996,0.92,0.198,64.19,0.5338,0.5473,0.4864,0.7411,1.3883
1990_419_Czechoslovakia,1990,419,Czechoslovakia,United States,B,group_or_knockout,Visa,win,3,1636,72.1,45.6,14.05,60.08,144.03,0.499,0.5,31.09,0.763,0.715,0.89,0.639,3.072,0.099,Mid attention,Premium,cloudy,21.1,55.2,139.52,86.67,0.214,0.1256,0.79,0.187,55.06,0.4588,0.4171,0.2808,0.4057,0.8844
1990_420_Scotland,1990,420,Scotland,Costa Rica,B,group_or_knockout,Budweiser,loss,0,1529,67.9,31.6,17.66,49.08,211.42,0.458,0.557,26.35,0.683,0.686,0.905,0.526,3.441,0.131,Mid attention,Scalable,clear,22.0,46.9,163.33,95.68,0.234,0.2863,2.14,0.187,38.83,0.4229,0.3219,0.4376,0.5095,1.2048
1990_421_Republic_of_Ireland,1990,421,Republic of Ireland,England,B,group_or_knockout,McDonald's,draw,1,1503,66.8,21.0,11.42,51.28,135.96,0.399,0.374,22.06,0.441,0.646,0.669,0.397,3.509,0.159,Mid attention,Scalable,hot,12.5,82.0,134.03,81.22,0.418,0.1936,3.68,0.313,40.71,0.3633,0.3344,0.4099,0.4448,1.2246
1990_422_South_Korea,1990,422,South Korea,Belgium,B,group_or_knockout,McDonald's,loss,0,1548,70.3,20.2,12.83,51.28,129.79,0.37,0.408,25.44,0.51,0.67,0.723,0.395,3.793,0.149,Mid attention,Scalable,cloudy,23.6,70.0,152.8,61.08,0.082,0.2446,6.68,0.144,48.24,0.3273,0.4605,0.29,0.5239,1.6006
1990_423_Egypt,1990,423,Egypt,Netherlands,B,group_or_knockout,Hyundai,draw,1,1408,63.5,15.1,8.15,51.28,167.73,0.401,0.301,30.54,0.862,0.597,0.912,0.513,3.731,0.122,Low attention,Scalable,windy,30.5,68.4,178.77,84.85,0.299,0.1821,-0.21,0.271,55.41,0.3931,0.4407,0.3705,0.4996,1.2711
1990_424_Russia,1990,424,Russia,Argentina,B,group_or_knockout,Hyundai,loss,0,1676,72.7,49.8,18.23,51.28,87.63,0.325,0.532,26.07,0.814,0.69,0.874,0.537,3.928,0.151,Mid attention,Scalable,clear,16.5,67.9,195.49,60.69,0.158,0.1863,1.78,0.163,55.65,0.2946,0.488,0.2584,0.6243,2.1189
1990_425_Spain,1990,425,Spain,Uruguay,B,group_or_knockout,Budweiser,draw,1,1708,77.4,45.2,19.26,46.88,107.37,0.304,0.541,27.85,0.714,0.724,0.933,0.536,3.456,0.124,Mid attention,Scalable,hot,25.0,57.4,144.13,42.38,0.032,0.165,0.92,0.106,43.39,0.2408,0.3246,0.2017,0.5384,2.2357
1990_426_Romania,1990,426,Romania,Cameroon,B,group_or_knockout,Qatar Airways,loss,0,1634,73.6,37.4,11.0,53.48,201.14,0.454,0.404,19.84,0.414,0.75,0.711,0.376,3.269,0.165,Mid attention,Watchlist,windy,17.5,61.2,131.08,64.53,0.144,0.2401,0.14,0.149,47.52,0.4073,0.3359,0.3611,0.4891,1.2009
1990_427_United_States,1990,427,United States,Italy,B,group_or_knockout,Vivo,loss,0,1578,71.9,31.0,12.75,49.08,86.23,0.362,0.374,22.58,0.432,0.676,0.652,0.354,3.496,0.155,Mid attention,Watchlist,cloudy,19.0,39.0,131.49,56.5,0.156,0.1633,3.0,0.166,47.23,0.2668,0.377,0.2418,0.4498,1.6858
1990_428_Colombia,1990,428,Colombia,Yugoslavia,B,group_or_knockout,Vivo,loss,0,1650,74.7,50.9,8.73,49.08,191.78,0.456,0.313,18.25,0.396,0.764,0.653,0.336,3.38,0.185,Low attention,Watchlist,clear,31.9,23.0,172.9,67.84,0.05,0.3004,2.8,0.184,52.99,0.3648,0.4604,0.3523,0.5253,1.4399
1990_429_Czechoslovakia,1990,429,Czechoslovakia,Austria,B,group_or_knockout,Visa,win,3,1636,72.1,45.6,14.05,49.08,214.13,0.385,0.463,31.09,0.763,0.715,0.89,0.605,3.389,0.109,Mid attention,Scalable,rain,19.7,60.4,114.22,100.87,0.187,0.2505,-1.01,0.161,49.53,0.433,0.3202,0.3954,0.4824,1.114
1990_430_United_Arab_Emirates,1990,430,United Arab Emirates,Germany,B,group_or_knockout,Adidas,loss,0,1388,64.1,14.2,5.74,60.08,154.81,0.519,0.286,28.56,0.835,0.554,0.935,0.486,4.194,0.147,Low attention,Scalable,cloudy,25.8,63.2,172.63,84.36,0.252,0.2698,2.84,0.234,49.89,0.4634,0.4345,0.3979,0.6065,1.3088
1990_431_Costa_Rica,1990,431,Costa Rica,Brazil,B,group_or_knockout,Visa,loss,0,1585,73.1,26.3,15.16,49.08,152.19,0.354,0.466,31.23,0.76,0.677,0.885,0.499,4.043,0.129,Mid attention,Scalable,windy,11.8,77.3,133.88,98.1,0.18,0.3842,0.27,0.158,44.68,0.3815,0.3164,0.4383,0.6129,1.6064
1990_432_Netherlands,1990,432,Netherlands,England,B,group_or_knockout,Hisense,draw,1,1746,75.8,49.9,15.97,46.88,183.27,0.391,0.487,32.27,0.781,0.811,0.856,0.554,3.458,0.107,Mid attention,Scalable,cloudy,34.2,83.1,137.24,76.05,0.102,0.3751,2.82,0.079,45.94,0.3508,0.3686,0.4181,0.5428,1.5474
1990_433_Scotland,1990,433,Scotland,Sweden,B,group_or_knockout,Budweiser,win,3,1529,67.9,31.6,17.66,53.48,134.1,0.417,0.551,26.35,0.683,0.686,0.905,0.616,3.733,0.142,Mid attention,Scalable,clear,26.6,83.1,124.83,48.66,0.141,0.1442,5.47,0.156,52.08,0.3316,0.4493,0.254,0.5825,1.7567
1990_434_Uruguay,1990,434,Uruguay,Belgium,B,group_or_knockout,Vivo,loss,0,1684,74.8,44.8,20.58,55.68,202.88,0.44,0.671,19.75,0.443,0.797,0.741,0.485,3.828,0.194,High attention,Scalable,clear,21.9,42.0,105.28,63.77,0.156,0.2279,3.77,0.177,60.08,0.4276,0.4734,0.3597,0.6817,1.5941
1990_435_Egypt,1990,435,Egypt,Republic of Ireland,B,group_or_knockout,Hyundai,draw,1,1408,63.5,15.1,8.15,46.88,111.02,0.357,0.25,30.54,0.862,0.597,0.912,0.486,3.11,0.102,Low attention,Scalable,rain,26.5,52.4,160.42,98.95,0.178,0.0872,3.17,0.155,52.3,0.3313,0.4488,0.2185,0.349,1.0535
1990_436_Spain,1990,436,Spain,South Korea,B,group_or_knockout,Budweiser,win,3,1708,77.4,45.2,19.26,55.68,139.2,0.432,0.609,27.85,0.714,0.724,0.933,0.652,3.098,0.111,Mid attention,Premium,windy,14.5,65.7,212.86,93.84,0.267,0.4593,1.69,0.183,45.44,0.4257,0.4161,0.5169,0.4496,1.0559
1990_437_Romania,1990,437,Romania,Argentina,B,group_or_knockout,Qatar Airways,draw,1,1634,73.6,37.4,11.0,51.28,117.15,0.37,0.354,19.84,0.414,0.75,0.711,0.375,3.982,0.201,Mid attention,Watchlist,clear,30.1,96.0,98.42,108.12,0.183,0.184,2.94,0.182,44.14,0.3906,0.3199,0.2873,0.6798,1.7402
1990_438_Russia,1990,438,Russia,Cameroon,B,group_or_knockout,Hyundai,win,3,1676,72.7,49.8,18.23,55.68,175.14,0.442,0.597,26.07,0.814,0.69,0.874,0.683,3.305,0.127,Mid attention,Premium,rain,21.1,81.7,183.43,72.56,0.016,0.5121,3.98,0.139,51.29,0.4201,0.4734,0.4633,0.4678,1.1134
1990_439_United_States,1990,439,United States,Austria,B,group_or_knockout,Vivo,loss,0,1578,71.9,31.0,12.75,53.48,211.35,0.453,0.455,22.58,0.432,0.676,0.652,0.401,3.473,0.154,Mid attention,Scalable,windy,21.8,75.9,210.63,97.95,0.1,0.2644,3.77,0.11,47.42,0.4668,0.4622,0.364,0.4439,0.9509
1990_440_Colombia,1990,440,Colombia,Germany,B,group_or_knockout,Vivo,draw,1,1650,74.7,50.9,8.73,51.28,139.18,0.411,0.304,18.25,0.396,0.764,0.653,0.358,4.021,0.22,Low attention,Watchlist,clear,20.1,51.8,178.8,97.62,0.173,0.3715,2.59,0.137,47.54,0.3911,0.4165,0.4185,0.7003,1.7905
1990_441_Czechoslovakia,1990,441,Czechoslovakia,Italy,B,group_or_knockout,Visa,loss,0,1636,72.1,45.6,14.05,51.28,102.65,0.37,0.428,31.09,0.763,0.715,0.89,0.489,3.505,0.113,Mid attention,Scalable,clear,19.5,43.9,138.81,111.2,0.269,0.2458,3.26,0.207,40.75,0.3843,0.3328,0.3559,0.5109,1.3292
1990_442_United_Arab_Emirates,1990,442,United Arab Emirates,Yugoslavia,B,group_or_knockout,Adidas,loss,0,1388,64.1,14.2,5.74,57.88,122.15,0.471,0.258,28.56,0.835,0.554,0.935,0.467,3.417,0.12,Low attention,Scalable,rain,27.2,70.6,137.35,53.46,0.286,0.1411,0.04,0.236,46.52,0.3704,0.3316,0.3085,0.4153,1.1213
1990_443_Scotland,1990,443,Scotland,Brazil,B,group_or_knockout,Budweiser,loss,0,1529,67.9,31.6,17.66,49.08,156.64,0.395,0.534,26.35,0.683,0.686,0.905,0.506,4.04,0.153,Mid attention,Scalable,cloudy,24.5,40.4,150.46,104.93,0.334,0.2652,1.26,0.262,53.1,0.3955,0.4176,0.4325,0.6585,1.6649
1990_444_Costa_Rica,1990,444,Costa Rica,Sweden,B,group_or_knockout,Visa,win,3,1585,73.1,26.3,15.16,53.48,256.12,0.536,0.538,31.23,0.76,0.677,0.885,0.659,3.825,0.122,Mid attention,Premium,clear,26.9,54.2,170.93,75.36,0.169,0.3218,4.29,0.147,43.69,0.4659,0.4024,0.4609,0.5601,1.2021
1990_445_Spain,1990,445,Spain,Belgium,B,group_or_knockout,Budweiser,win,3,1708,77.4,45.2,19.26,53.48,170.64,0.435,0.609,27.85,0.714,0.724,0.933,0.652,3.773,0.135,Mid attention,Premium,hot,22.9,56.2,164.56,106.39,0.233,0.2017,4.57,0.2,57.58,0.4489,0.5183,0.3558,0.6164,1.3731
1990_446_Egypt,1990,446,Egypt,England,B,group_or_knockout,Hyundai,loss,0,1408,63.5,15.1,8.15,49.08,125.85,0.325,0.27,30.54,0.862,0.597,0.912,0.454,3.555,0.116,Low attention,Scalable,cloudy,26.1,83.5,140.95,78.93,0.011,0.4892,3.0,0.156,43.7,0.3318,0.3557,0.4141,0.4565,1.3759
1990_447_Netherlands,1990,447,Netherlands,Republic of Ireland,B,group_or_knockout,Hisense,draw,1,1746,75.8,49.9,15.97,51.28,181.6,0.456,0.513,32.27,0.781,0.811,0.856,0.576,3.137,0.097,Mid attention,Scalable,hot,20.5,52.3,117.52,83.79,0.199,0.3277,5.91,0.15,45.71,0.402,0.3954,0.4294,0.4654,1.1578
1990_448_Uruguay,1990,448,Uruguay,South Korea,B,group_or_knockout,Vivo,win,3,1684,74.8,44.8,20.58,49.08,131.16,0.36,0.599,19.75,0.443,0.797,0.741,0.543,3.082,0.156,Mid attention,Scalable,hot,36.4,19.0,163.88,67.1,0.049,0.3547,3.87,0.13,40.06,0.3175,0.359,0.3474,0.4817,1.5173
1990_449_Colombia,1990,449,Colombia,Cameroon,B,group_or_knockout,Vivo,loss,0,1650,74.7,50.9,8.73,53.48,137.47,0.453,0.317,18.25,0.396,0.764,0.653,0.337,3.243,0.178,Low attention,Watchlist,rain,13.6,66.1,180.73,105.73,0.15,0.4058,2.31,0.226,41.97,0.4226,0.3669,0.4293,0.4885,1.1559
1990_450_Costa_Rica,1990,450,Costa Rica,Czechoslovakia,B,group_or_knockout,Visa,loss,0,1585,73.1,26.3,15.16,57.88,126.47,0.475,0.508,31.23,0.76,0.677,0.885,0.537,3.468,0.111,Mid attention,Scalable,cloudy,30.6,46.8,182.83,71.96,0.459,0.4071,0.24,0.272,52.55,0.4024,0.427,0.5599,0.4741,1.1784
1990_451_Argentina,1990,451,Argentina,Brazil,B,group_or_knockout,Hyundai,win,3,1753,76.8,58.0,19.5,49.08,208.06,0.415,0.604,30.74,0.903,0.813,0.936,0.711,4.065,0.132,Mid attention,Premium,clear,31.2,58.7,151.59,75.58,0.187,0.1279,5.82,0.209,53.04,0.3892,0.487,0.3122,0.7294,1.8741
1990_452_Netherlands,1990,452,Netherlands,Germany,B,group_or_knockout,Hisense,loss,0,1746,75.8,49.9,15.97,53.48,75.06,0.391,0.48,32.27,0.781,0.811,0.856,0.519,3.981,0.123,Mid attention,Scalable,cloudy,17.9,56.6,244.48,87.08,0.07,0.163,4.42,0.176,59.43,0.3462,0.6044,0.1962,0.6686,1.9312
1990_453_Romania,1990,453,Romania,Republic of Ireland,B,group_or_knockout,Qatar Airways,draw,1,1634,73.6,37.4,11.0,46.88,167.5,0.422,0.349,19.84,0.414,0.75,0.711,0.383,3.135,0.158,Mid attention,Scalable,clear,36.4,53.6,120.48,87.44,0.197,0.3151,6.58,0.182,37.61,0.3565,0.3397,0.4111,0.4529,1.2705
1990_454_Uruguay,1990,454,Uruguay,Italy,B,group_or_knockout,Vivo,loss,0,1684,74.8,44.8,20.58,51.28,128.7,0.449,0.612,19.75,0.443,0.797,0.741,0.464,3.562,0.18,Mid attention,Scalable,cloudy,29.0,70.6,212.23,77.59,0.104,0.2381,7.35,0.129,40.57,0.3521,0.4599,0.2948,0.6098,1.7318
1990_455_Belgium,1990,455,Belgium,England,B,group_or_knockout,Visa,loss,0,1674,71.5,40.4,23.19,49.08,125.03,0.367,0.666,26.85,0.713,0.72,0.914,0.561,3.429,0.128,High attention,Scalable,clear,28.8,33.5,122.72,87.58,0.06,0.1344,0.1,0.148,41.09,0.3446,0.2733,0.2059,0.5286,1.5342
1990_456_Yugoslavia,1990,456,Yugoslavia,Spain,B,group_or_knockout,Qatar Airways,win,3,1669,74.2,37.3,11.34,53.48,245.47,0.497,0.433,17.82,0.379,0.762,0.645,0.483,3.832,0.215,Mid attention,Scalable,cloudy,23.2,49.7,211.99,81.87,0.367,0.3071,0.1,0.259,56.47,0.4679,0.4846,0.5322,0.6516,1.3926
1990_457_Republic_of_Ireland,1990,457,Republic of Ireland,Italy,B,group_or_knockout,McDonald's,loss,0,1503,66.8,21.0,11.42,49.08,114.83,0.388,0.351,22.06,0.441,0.646,0.669,0.353,3.484,0.158,Mid attention,Watchlist,clear,21.7,68.9,200.7,86.24,0.263,0.1728,-3.21,0.121,41.9,0.3347,0.3011,0.314,0.4385,1.3101
1990_458_Argentina,1990,458,Argentina,Yugoslavia,B,group_or_knockout,Hyundai,draw,1,1753,76.8,58.0,19.5,46.88,110.74,0.308,0.549,30.74,0.903,0.813,0.936,0.604,3.229,0.105,Mid attention,Scalable,clear,21.7,48.2,130.89,83.28,0.191,0.2165,4.73,0.174,40.46,0.3068,0.3453,0.3077,0.5265,1.7162
1990_459_England,1990,459,England,Cameroon,B,group_or_knockout,McDonald's,win,3,1695,76.6,52.6,19.34,57.88,159.47,0.495,0.633,20.29,0.432,0.819,0.654,0.577,3.261,0.161,Mid attention,Scalable,clear,25.3,32.3,263.38,105.47,0.117,0.1505,4.18,0.155,63.67,0.4794,0.6539,0.264,0.5051,1.0536
1990_460_Czechoslovakia,1990,460,Czechoslovakia,Germany,B,group_or_knockout,Visa,loss,0,1636,72.1,45.6,14.05,49.08,157.48,0.385,0.439,31.09,0.763,0.715,0.89,0.496,4.046,0.13,Mid attention,Scalable,cloudy,31.4,68.7,165.79,96.7,0.125,0.2434,3.01,0.177,53.74,0.3834,0.4634,0.3263,0.6415,1.6732
1990_461_Argentina,1990,461,Argentina,Italy,B,group_or_knockout,Hyundai,draw,1,1753,76.8,58.0,19.5,51.28,129.49,0.401,0.584,30.74,0.903,0.813,0.936,0.634,3.487,0.113,Mid attention,Premium,rain,24.1,76.0,123.72,82.2,0.31,0.392,0.23,0.217,52.37,0.3598,0.3715,0.4861,0.5887,1.6359
1990_462_England,1990,462,England,Germany,B,group_or_knockout,McDonald's,draw,1,1695,76.6,52.6,19.34,51.28,94.31,0.347,0.564,20.29,0.432,0.819,0.654,0.457,3.96,0.195,Mid attention,Scalable,clear,17.5,57.3,140.3,59.04,0.187,0.1381,2.61,0.159,43.03,0.2972,0.3436,0.2445,0.6903,2.3231
1990_463_England,1990,463,England,Italy,B,group_or_knockout,McDonald's,loss,0,1695,76.6,52.6,19.34,53.48,119.93,0.367,0.589,20.29,0.432,0.819,0.654,0.437,3.583,0.177,Mid attention,Scalable,hot,27.9,26.6,213.26,95.38,-0.152,0.293,3.19,0.066,49.05,0.3932,0.4697,0.2112,0.5909,1.5027
1990_464_Argentina,1990,464,Argentina,Germany,B,group_or_knockout,Hyundai,loss,0,1753,76.8,58.0,19.5,49.08,200.78,0.358,0.601,30.74,0.903,0.813,0.936,0.6,4.028,0.131,Mid attention,Scalable,hot,28.5,69.3,185.72,49.09,0.398,0.1831,4.44,0.265,42.46,0.3426,0.4078,0.4366,0.7207,2.1036
1994_465_Bolivia,1994,465,Bolivia,Germany,B,group_or_knockout,Qatar Airways,loss,0,1404,64.1,13.8,5.97,50.53,147.45,0.365,0.23,24.48,0.462,0.575,0.669,0.31,4.102,0.168,Low attention,Watchlist,clear,26.9,31.4,116.52,59.86,0.175,0.465,3.37,0.141,51.63,0.332,0.4062,0.4852,0.5287,1.5925
1994_466_South_Korea,1994,466,South Korea,Spain,B,group_or_knockout,McDonald's,draw,1,1548,70.3,20.2,12.83,57.13,185.24,0.482,0.468,25.44,0.51,0.67,0.723,0.471,3.895,0.153,Mid attention,Scalable,cloudy,27.5,62.9,165.76,110.25,0.191,0.2894,4.19,0.23,60.6,0.4996,0.5392,0.4034,0.5497,1.1003
1994_467_Romania,1994,467,Romania,Colombia,B,group_or_knockout,Qatar Airways,win,3,1634,73.6,37.4,11.0,57.13,151.73,0.465,0.405,19.84,0.414,0.75,0.711,0.478,3.372,0.17,Mid attention,Scalable,clear,21.4,43.8,180.59,83.73,0.265,0.4659,2.54,0.228,47.48,0.4329,0.4168,0.5284,0.5163,1.1926
1994_468_Republic_of_Ireland,1994,468,Republic of Ireland,Italy,B,group_or_knockout,McDonald's,win,3,1503,66.8,21.0,11.42,50.53,120.05,0.431,0.362,22.06,0.441,0.646,0.669,0.465,3.525,0.16,Mid attention,Scalable,clear,17.4,39.4,133.71,78.19,0.203,0.3074,5.28,0.232,55.75,0.3395,0.4855,0.3778,0.4494,1.3235
1994_469_Switzerland,1994,469,Switzerland,United States,B,group_or_knockout,Adidas,draw,1,1632,72.7,48.1,17.05,52.73,241.03,0.512,0.577,31.4,0.904,0.774,0.888,0.652,3.17,0.101,Mid attention,Premium,cloudy,17.8,50.9,285.61,115.14,0.231,0.1383,4.13,0.138,49.92,0.5092,0.5571,0.3599,0.4656,0.9144
1994_470_Morocco,1994,470,Morocco,Belgium,B,group_or_knockout,Mengniu,loss,0,1552,69.2,34.3,12.67,50.53,136.99,0.363,0.402,19.44,0.366,0.668,0.598,0.342,3.748,0.193,Mid attention,Watchlist,clear,13.2,55.1,160.93,60.93,0.114,0.1707,0.31,0.135,53.88,0.3257,0.4194,0.2611,0.5258,1.6143
1994_471_Sweden,1994,471,Sweden,Cameroon,B,group_or_knockout,Budweiser,draw,1,1654,74.4,39.2,19.34,57.13,144.2,0.477,0.622,26.29,0.687,0.705,0.91,0.589,3.286,0.125,Mid attention,Scalable,hot,24.4,47.7,169.0,52.87,0.033,0.2443,5.72,0.128,45.62,0.3794,0.4386,0.2775,0.4848,1.2779
1994_472_Mexico,1994,472,Mexico,Norway,B,group_or_knockout,Hyundai,loss,0,1612,72.1,37.6,18.89,50.53,196.27,0.416,0.592,28.5,0.853,0.712,0.897,0.59,3.08,0.108,Mid attention,Scalable,windy,22.5,67.4,204.44,52.79,0.184,0.3782,5.37,0.188,45.97,0.3582,0.4685,0.4649,0.4203,1.1733
1994_473_Russia,1994,473,Russia,Brazil,B,group_or_knockout,Hyundai,loss,0,1676,72.7,49.8,18.23,52.73,123.09,0.397,0.556,26.07,0.814,0.69,0.874,0.56,4.02,0.154,Mid attention,Scalable,hot,20.4,50.9,144.59,64.22,0.299,0.4348,3.78,0.206,41.41,0.3404,0.3515,0.5047,0.6466,1.8994
1994_474_Saudi_Arabia,1994,474,Saudi Arabia,Netherlands,B,group_or_knockout,Visa,loss,0,1543,68.2,34.6,13.01,54.93,132.89,0.441,0.437,27.16,0.698,0.648,0.864,0.483,3.705,0.136,Mid attention,Scalable,cloudy,5.3,73.7,212.28,101.27,0.091,0.1695,3.39,0.042,57.05,0.4256,0.5394,0.2474,0.5284,1.2416
1994_475_Greece,1994,475,Greece,Argentina,B,group_or_knockout,Budweiser,loss,0,1521,66.0,32.8,9.21,57.13,163.73,0.498,0.363,30.87,0.736,0.686,0.866,0.478,4.16,0.135,Mid attention,Scalable,cloudy,15.5,62.5,113.11,109.04,0.083,0.4543,6.28,0.208,46.2,0.4813,0.4011,0.4481,0.6429,1.3358
1994_476_Spain,1994,476,Spain,Germany,B,group_or_knockout,Budweiser,draw,1,1708,77.4,45.2,19.26,52.73,150.7,0.413,0.596,27.85,0.714,0.724,0.933,0.577,4.008,0.144,Mid attention,Scalable,windy,29.7,46.8,141.43,86.22,0.278,0.1863,-0.63,0.223,47.55,0.3956,0.3339,0.3528,0.6753,1.7073
1994_477_Bulgaria,1994,477,Bulgaria,Nigeria,B,group_or_knockout,Hisense,loss,0,1502,65.2,28.9,10.5,54.93,168.81,0.488,0.386,33.88,0.787,0.675,0.918,0.502,3.445,0.102,Mid attention,Scalable,clear,19.0,44.1,214.5,67.65,0.11,0.2857,5.41,0.191,58.3,0.4008,0.5826,0.3544,0.4686,1.1693
1994_478_Switzerland,1994,478,Switzerland,Romania,B,group_or_knockout,Adidas,win,3,1632,72.7,48.1,17.05,59.33,304.53,0.566,0.645,31.4,0.904,0.774,0.888,0.754,3.395,0.108,Mid attention,Premium,clear,25.2,31.6,263.92,93.64,0.115,0.2665,1.8,0.182,62.27,0.5849,0.6066,0.4328,0.5198,0.8887
1994_479_Colombia,1994,479,Colombia,United States,B,group_or_knockout,Vivo,loss,0,1650,74.7,50.9,8.73,54.93,172.47,0.462,0.341,18.25,0.396,0.764,0.653,0.347,3.157,0.173,Mid attention,Watchlist,cloudy,14.7,62.7,136.01,50.51,0.119,0.2165,5.1,0.167,55.51,0.377,0.4828,0.3161,0.4646,1.2323
1994_480_Norway,1994,480,Norway,Italy,B,group_or_knockout,McDonald's,loss,0,1541,69.8,29.1,10.21,50.53,74.2,0.419,0.31,20.44,0.394,0.651,0.632,0.327,3.45,0.169,Low attention,Watchlist,clear,31.6,52.3,121.52,90.26,0.15,0.1648,3.05,0.142,52.04,0.3233,0.4094,0.2322,0.4358,1.3479
1994_481_Bolivia,1994,481,Bolivia,South Korea,B,group_or_knockout,Qatar Airways,draw,1,1404,64.1,13.8,5.97,48.33,151.32,0.38,0.219,24.48,0.462,0.575,0.669,0.342,3.14,0.128,Low attention,Watchlist,clear,22.1,20.0,167.32,82.09,-0.001,0.2512,0.19,0.112,49.03,0.3492,0.3824,0.2715,0.2831,0.8107
1994_482_Cameroon,1994,482,Cameroon,Brazil,B,group_or_knockout,Coca-Cola,loss,0,1542,68.0,29.1,10.52,54.93,158.64,0.492,0.382,31.97,0.771,0.693,0.92,0.496,4.118,0.129,Mid attention,Scalable,clear,24.7,49.4,141.22,50.99,0.102,0.2059,1.76,0.188,55.53,0.3672,0.4373,0.2927,0.6516,1.7744
1994_483_Republic_of_Ireland,1994,483,Republic of Ireland,Mexico,B,group_or_knockout,McDonald's,loss,0,1503,66.8,21.0,11.42,54.93,158.89,0.455,0.406,22.06,0.441,0.646,0.669,0.386,3.841,0.174,Mid attention,Scalable,cloudy,37.0,43.6,154.3,107.78,0.179,0.4235,4.95,0.196,49.76,0.4554,0.4486,0.4676,0.5312,1.1664
1994_484_Russia,1994,484,Russia,Sweden,B,group_or_knockout,Hyundai,loss,0,1676,72.7,49.8,18.23,57.13,174.9,0.504,0.606,26.07,0.814,0.69,0.874,0.598,3.765,0.144,Mid attention,Scalable,clear,32.1,83.2,213.67,108.12,0.179,0.2497,2.36,0.244,45.14,0.4884,0.4244,0.3657,0.5823,1.1924
1994_485_Nigeria,1994,485,Nigeria,Argentina,B,group_or_knockout,Coca-Cola,loss,0,1585,75.3,31.3,8.19,54.93,155.72,0.449,0.319,26.63,0.705,0.744,0.906,0.442,4.026,0.151,Low attention,Scalable,clear,21.2,30.8,144.03,71.45,0.272,0.3094,1.49,0.17,51.58,0.3967,0.4024,0.433,0.6911,1.7421
1994_486_Netherlands,1994,486,Netherlands,Belgium,B,group_or_knockout,Hisense,loss,0,1746,75.8,49.9,15.97,50.53,142.29,0.388,0.492,32.27,0.781,0.811,0.856,0.522,3.668,0.114,Mid attention,Scalable,clear,19.4,34.9,92.87,87.21,0.34,0.2463,1.48,0.19,40.24,0.3705,0.2598,0.4135,0.5941,1.6037
1994_487_Morocco,1994,487,Morocco,Saudi Arabia,B,group_or_knockout,Mengniu,loss,0,1552,69.2,34.3,12.67,54.93,186.37,0.449,0.451,19.44,0.366,0.668,0.598,0.377,3.535,0.182,Mid attention,Watchlist,clear,21.0,75.8,119.2,92.39,0.307,0.1981,4.15,0.264,52.12,0.4525,0.4245,0.3965,0.4685,1.0352
1994_488_Greece,1994,488,Greece,Bulgaria,B,group_or_knockout,Budweiser,loss,0,1521,66.0,32.8,9.21,57.13,140.27,0.477,0.353,30.87,0.736,0.686,0.866,0.47,3.089,0.1,Mid attention,Scalable,hot,26.1,79.7,172.06,62.05,0.248,0.2643,6.48,0.179,54.11,0.3906,0.5247,0.3831,0.3824,0.9791
1994_489_Colombia,1994,489,Colombia,Switzerland,B,group_or_knockout,Vivo,win,3,1650,74.7,50.9,8.73,52.73,115.56,0.376,0.303,18.25,0.396,0.764,0.653,0.417,3.755,0.206,Low attention,Scalable,clear,22.4,46.1,99.42,60.7,0.141,0.1559,-1.7,0.223,44.52,0.3292,0.2539,0.2495,0.6284,1.9086
1994_490_Romania,1994,490,Romania,United States,B,group_or_knockout,Qatar Airways,win,3,1634,73.6,37.4,11.0,50.53,336.71,0.538,0.445,19.84,0.414,0.75,0.711,0.507,3.308,0.167,Mid attention,Scalable,rain,20.6,47.9,140.93,90.36,0.094,0.2576,8.68,0.186,53.68,0.5234,0.5259,0.4388,0.4995,0.9544
1994_491_Spain,1994,491,Spain,Bolivia,B,group_or_knockout,Budweiser,win,3,1708,77.4,45.2,19.26,57.13,133.61,0.491,0.615,27.85,0.714,0.724,0.933,0.665,2.748,0.099,Mid attention,Premium,rain,31.8,67.9,121.18,120.75,0.158,0.2368,3.23,0.222,59.04,0.4765,0.471,0.3211,0.3637,0.7632
1994_492_South_Korea,1994,492,South Korea,Germany,B,group_or_knockout,McDonald's,loss,0,1548,70.3,20.2,12.83,59.33,174.37,0.522,0.477,25.44,0.51,0.67,0.723,0.449,4.157,0.163,Mid attention,Scalable,clear,22.3,20.8,268.57,97.85,0.215,0.2248,4.02,0.221,58.23,0.4923,0.6102,0.3652,0.6153,1.2499
1994_493_Sweden,1994,493,Sweden,Brazil,B,group_or_knockout,Budweiser,draw,1,1654,74.4,39.2,19.34,52.73,99.13,0.381,0.575,26.29,0.687,0.705,0.91,0.554,3.99,0.152,Mid attention,Scalable,hot,36.8,28.2,272.18,86.38,0.238,0.2015,1.88,0.164,58.71,0.3565,0.5852,0.3112,0.6615,1.8553
1994_494_Norway,1994,494,Norway,Republic of Ireland,B,group_or_knockout,McDonald's,draw,1,1541,69.8,29.1,10.21,48.33,142.69,0.38,0.327,20.44,0.394,0.651,0.632,0.36,3.108,0.152,Low attention,Watchlist,rain,23.5,53.5,111.44,84.13,0.219,0.27,2.79,0.136,42.69,0.3458,0.3172,0.3755,0.3447,0.9969
1994_495_Mexico,1994,495,Mexico,Italy,B,group_or_knockout,Hyundai,draw,1,1612,72.1,37.6,18.89,52.73,116.03,0.392,0.571,28.5,0.853,0.712,0.897,0.611,3.517,0.123,Mid attention,Scalable,cloudy,33.7,82.8,168.91,77.66,0.144,0.2582,3.2,0.215,46.1,0.3559,0.4045,0.3173,0.5276,1.4824
1994_496_Cameroon,1994,496,Cameroon,Russia,B,group_or_knockout,Coca-Cola,loss,0,1542,68.0,29.1,10.52,63.73,160.9,0.579,0.437,31.97,0.771,0.693,0.92,0.532,4.133,0.129,Mid attention,Scalable,clear,25.1,51.0,150.59,61.85,0.235,0.3364,0.6,0.156,53.92,0.4667,0.4147,0.4374,0.6546,1.4026
1994_497_Saudi_Arabia,1994,497,Saudi Arabia,Belgium,B,group_or_knockout,Visa,win,3,1543,68.2,34.6,13.01,50.53,193.48,0.376,0.436,27.16,0.698,0.648,0.864,0.571,3.802,0.14,Mid attention,Scalable,clear,28.8,59.6,140.5,71.52,0.282,0.1342,1.11,0.268,49.32,0.3851,0.3743,0.3488,0.5531,1.4361
1994_498_Netherlands,1994,498,Netherlands,Morocco,B,group_or_knockout,Hisense,win,3,1746,75.8,49.9,15.97,54.93,179.15,0.457,0.535,32.27,0.781,0.811,0.856,0.651,3.094,0.096,Mid attention,Premium,windy,18.7,76.1,259.03,113.72,0.244,0.0997,5.29,0.214,46.91,0.4801,0.5249,0.3003,0.4555,0.9488
1994_499_Bulgaria,1994,499,Bulgaria,Argentina,B,group_or_knockout,Hisense,win,3,1502,65.2,28.9,10.5,52.73,176.68,0.385,0.376,33.88,0.787,0.675,0.918,0.58,4.078,0.12,Mid attention,Scalable,rain,17.9,91.7,140.97,102.64,0.153,0.307,-0.46,0.167,57.62,0.4408,0.4212,0.3924,0.6189,1.4042
1994_500_Nigeria,1994,500,Nigeria,Greece,B,group_or_knockout,Coca-Cola,win,3,1585,75.3,31.3,8.19,52.73,91.77,0.343,0.278,26.63,0.705,0.744,0.906,0.507,3.246,0.122,Low attention,Scalable,windy,25.8,48.8,147.48,111.03,0.073,0.1612,3.73,0.135,46.91,0.3891,0.3999,0.2073,0.4966,1.2763
1994_501_Belgium,1994,501,Belgium,Germany,B,group_or_knockout,Visa,loss,0,1674,71.5,40.4,23.19,59.33,283.57,0.621,0.797,26.85,0.713,0.72,0.914,0.657,4.254,0.158,High attention,Premium,hot,28.9,57.7,140.82,65.18,0.07,0.4281,2.02,0.161,56.76,0.5248,0.4513,0.5037,0.7334,1.3974
1994_502_Switzerland,1994,502,Switzerland,Spain,B,group_or_knockout,Adidas,loss,0,1632,72.7,48.1,17.05,54.93,112.43,0.447,0.534,31.4,0.904,0.774,0.888,0.591,3.751,0.119,Mid attention,Scalable,clear,23.2,87.2,219.78,85.57,0.088,0.1001,0.78,0.113,53.32,0.3856,0.4753,0.1879,0.6056,1.5703
1994_503_Argentina,1994,503,Argentina,Romania,B,group_or_knockout,Hyundai,loss,0,1753,76.8,58.0,19.5,59.33,260.11,0.548,0.69,30.74,0.903,0.813,0.936,0.668,3.351,0.109,High attention,Premium,rain,15.3,33.6,78.83,98.5,0.182,0.2797,6.94,0.231,52.85,0.5586,0.4361,0.4421,0.5562,0.9957
1994_504_Sweden,1994,504,Sweden,Saudi Arabia,B,group_or_knockout,Budweiser,win,3,1654,74.4,39.2,19.34,57.13,217.32,0.474,0.654,26.29,0.687,0.705,0.91,0.667,3.557,0.135,Mid attention,Premium,cloudy,14.8,74.4,153.64,67.01,0.208,0.2583,0.8,0.24,59.75,0.457,0.4698,0.4118,0.5523,1.2085
1994_505_Republic_of_Ireland,1994,505,Republic of Ireland,Netherlands,B,group_or_knockout,McDonald's,loss,0,1503,66.8,21.0,11.42,52.73,177.12,0.368,0.4,22.06,0.441,0.646,0.669,0.368,3.758,0.17,Mid attention,Watchlist,rain,14.4,41.7,156.6,61.23,0.015,0.3812,0.43,0.121,54.27,0.3769,0.4206,0.3795,0.5093,1.3511
1994_506_Brazil,1994,506,Brazil,United States,B,group_or_knockout,Adidas,win,3,1829,78.8,57.4,18.61,50.53,113.66,0.359,0.549,33.15,0.938,0.809,0.916,0.692,2.99,0.09,Mid attention,Premium,clear,12.4,59.6,128.68,96.85,0.106,0.2236,2.41,0.119,53.25,0.3636,0.4164,0.2765,0.4483,1.233
1994_507_Bulgaria,1994,507,Bulgaria,Mexico,B,group_or_knockout,Hisense,draw,1,1502,65.2,28.9,10.5,52.73,157.22,0.493,0.367,33.88,0.787,0.675,0.918,0.529,3.782,0.112,Mid attention,Scalable,clear,23.7,54.1,196.58,93.51,0.181,0.1641,1.19,0.215,52.63,0.4118,0.4545,0.2997,0.5492,1.3336
1994_508_Italy,1994,508,Italy,Nigeria,B,group_or_knockout,Visa,win,3,1755,77.8,61.6,11.04,54.93,137.58,0.451,0.387,33.4,0.799,0.761,0.842,0.6,3.313,0.099,Mid attention,Scalable,rain,29.8,42.7,222.87,95.65,0.066,0.2339,2.81,0.05,51.95,0.4204,0.4972,0.2811,0.4652,1.1066
1994_509_Spain,1994,509,Spain,Italy,B,group_or_knockout,Budweiser,loss,0,1708,77.4,45.2,19.26,54.93,158.25,0.437,0.612,27.85,0.714,0.724,0.933,0.554,3.52,0.126,Mid attention,Scalable,rain,22.9,42.3,115.94,68.5,0.2,0.2236,3.13,0.199,51.72,0.3941,0.4028,0.3473,0.5538,1.4054
1994_510_Brazil,1994,510,Brazil,Netherlands,B,group_or_knockout,Adidas,win,3,1829,78.8,57.4,18.61,59.33,158.09,0.514,0.622,33.15,0.938,0.809,0.916,0.748,3.704,0.112,Mid attention,Premium,cloudy,9.4,62.4,300.81,92.48,0.125,0.2862,3.29,0.182,61.58,0.4716,0.6568,0.3544,0.6202,1.3151
1994_511_Germany,1994,511,Germany,Bulgaria,B,group_or_knockout,Coca-Cola,loss,0,1798,81.3,65.9,22.15,54.93,88.7,0.364,0.658,29.19,0.759,0.859,0.907,0.574,2.925,0.1,Mid attention,Scalable,clear,21.9,73.9,115.61,51.08,0.084,0.2346,2.54,0.102,50.3,0.3141,0.3816,0.2576,0.4781,1.5222
1994_512_Sweden,1994,512,Sweden,Romania,B,group_or_knockout,Budweiser,draw,1,1654,74.4,39.2,19.34,57.13,223.5,0.511,0.656,26.29,0.687,0.705,0.91,0.608,3.297,0.125,Mid attention,Scalable,clear,22.0,55.9,236.86,61.07,0.162,0.4073,1.33,0.219,53.55,0.4525,0.5011,0.4918,0.487,1.0763
1994_513_Italy,1994,513,Italy,Bulgaria,B,group_or_knockout,Visa,win,3,1755,77.8,61.6,11.04,54.93,153.45,0.452,0.394,33.4,0.799,0.761,0.842,0.603,3.02,0.09,Mid attention,Scalable,windy,35.6,59.1,171.32,86.44,0.195,0.295,4.15,0.187,46.08,0.4182,0.4209,0.3881,0.3947,0.9438
1994_514_Brazil,1994,514,Brazil,Sweden,B,group_or_knockout,Adidas,win,3,1829,78.8,57.4,18.61,50.53,126.07,0.38,0.554,33.15,0.938,0.809,0.916,0.698,3.606,0.109,Mid attention,Premium,cloudy,14.3,67.1,133.84,65.82,0.071,0.2432,2.57,0.107,51.78,0.325,0.4111,0.2818,0.5966,1.836
1994_515_Bulgaria,1994,515,Bulgaria,Sweden,B,group_or_knockout,Hisense,loss,0,1502,65.2,28.9,10.5,57.13,139.55,0.487,0.387,33.88,0.787,0.675,0.918,0.502,3.771,0.111,Mid attention,Scalable,cloudy,20.7,42.5,154.93,123.14,0.132,0.3264,1.76,0.197,46.14,0.4847,0.3704,0.3714,0.5457,1.1257
1994_516_Italy,1994,516,Italy,Brazil,B,group_or_knockout,Visa,draw,1,1755,77.8,61.6,11.04,48.33,152.69,0.384,0.353,33.4,0.799,0.761,0.842,0.508,3.996,0.12,Mid attention,Scalable,cloudy,33.2,69.8,143.98,73.12,0.203,0.2011,5.91,0.143,54.93,0.3363,0.4974,0.3304,0.6296,1.8719
1998_517_Scotland,1998,517,Scotland,Brazil,B,group_or_knockout,Budweiser,loss,0,1529,67.9,31.6,17.66,56.39,125.47,0.466,0.565,26.35,0.683,0.686,0.905,0.531,4.111,0.156,Mid attention,Scalable,clear,25.7,71.1,178.47,56.88,0.08,0.2268,2.55,0.16,46.9,0.3645,0.4102,0.2748,0.6767,1.8564
1998_518_Norway,1998,518,Norway,Morocco,B,group_or_knockout,McDonald's,draw,1,1541,69.8,29.1,10.21,58.59,89.04,0.429,0.366,20.44,0.394,0.651,0.632,0.384,3.11,0.152,Mid attention,Scalable,cloudy,26.4,96.0,139.84,54.09,-0.01,0.2151,5.09,0.016,53.78,0.3527,0.4716,0.2036,0.3451,0.9785
1998_519_Austria,1998,519,Austria,Cameroon,B,group_or_knockout,McDonald's,draw,1,1660,70.5,44.6,14.99,54.19,173.55,0.479,0.502,21.71,0.454,0.702,0.72,0.465,3.273,0.151,Mid attention,Scalable,cloudy,23.7,52.0,153.55,99.86,0.003,0.1037,5.38,0.092,46.91,0.4475,0.4303,0.1925,0.443,0.9899
1998_520_Chile,1998,520,Chile,Italy,B,group_or_knockout,Hisense,draw,1,1622,72.9,38.6,16.65,58.59,193.62,0.561,0.581,27.36,0.7,0.681,0.911,0.593,3.63,0.133,Mid attention,Scalable,hot,25.0,50.7,145.17,65.79,0.114,0.1736,5.5,0.141,51.83,0.4505,0.4661,0.2999,0.5488,1.2184
1998_521_South_Africa,1998,521,South Africa,France,B,group_or_knockout,Qatar Airways,loss,0,1530,68.0,32.2,12.38,56.39,152.38,0.438,0.437,26.15,0.519,0.668,0.76,0.422,3.733,0.143,Mid attention,Scalable,hot,27.7,70.3,125.03,64.52,0.024,0.1706,4.25,0.079,50.53,0.3969,0.4179,0.2312,0.5167,1.302
1998_522_Bulgaria,1998,522,Bulgaria,Paraguay,B,group_or_knockout,Hisense,draw,1,1502,65.2,28.9,10.5,49.79,103.17,0.334,0.326,33.88,0.787,0.675,0.918,0.485,3.739,0.11,Low attention,Scalable,windy,18.1,71.1,121.93,72.24,0.121,0.1768,2.8,0.156,51.71,0.3107,0.4032,0.2461,0.538,1.7317
1998_523_Denmark,1998,523,Denmark,Saudi Arabia,B,group_or_knockout,Coca-Cola,win,3,1642,71.5,43.1,19.09,51.99,152.32,0.452,0.587,33.85,0.793,0.715,0.895,0.674,3.44,0.102,Mid attention,Premium,cloudy,28.3,49.4,117.16,64.64,0.323,0.2413,2.67,0.237,43.86,0.3565,0.3305,0.4093,0.4849,1.36
1998_524_Mexico,1998,524,Mexico,South Korea,B,group_or_knockout,Hyundai,win,3,1612,72.1,37.6,18.89,58.59,111.11,0.457,0.604,28.5,0.853,0.712,0.897,0.702,3.156,0.111,Mid attention,Premium,cloudy,14.8,51.5,158.46,99.69,0.018,0.3113,2.29,0.148,51.27,0.4402,0.425,0.2926,0.4395,0.9985
1998_525_Belgium,1998,525,Belgium,Netherlands,B,group_or_knockout,Visa,draw,1,1674,71.5,40.4,23.19,49.79,106.72,0.399,0.662,26.85,0.713,0.72,0.914,0.599,3.599,0.134,High attention,Scalable,rain,25.0,66.7,166.66,76.25,0.128,0.4049,-1.75,0.189,40.65,0.3196,0.2816,0.3989,0.5706,1.7854
1998_526_Nigeria,1998,526,Nigeria,Spain,B,group_or_knockout,Coca-Cola,win,3,1585,75.3,31.3,8.19,60.79,140.78,0.495,0.349,26.63,0.705,0.744,0.906,0.561,3.845,0.144,Mid attention,Scalable,hot,24.1,44.8,188.22,63.52,0.369,0.1988,4.31,0.272,54.67,0.4269,0.5113,0.3947,0.6456,1.5122
1998_527_Japan,1998,527,Japan,Argentina,B,group_or_knockout,Adidas,loss,0,1586,72.8,37.0,11.9,51.99,188.17,0.479,0.413,29.47,0.859,0.648,0.855,0.535,4.062,0.138,Mid attention,Scalable,cloudy,19.3,51.4,255.86,99.83,0.197,0.2253,3.31,0.192,58.17,0.4384,0.5874,0.3666,0.5986,1.3655
1998_528_Croatia,1998,528,Croatia,Jamaica,B,group_or_knockout,Hisense,win,3,1671,75.1,52.8,21.52,58.59,151.26,0.492,0.691,28.53,0.731,0.792,0.927,0.7,3.54,0.124,High attention,Premium,rain,22.9,59.4,101.29,85.17,0.119,0.3489,4.53,0.142,53.72,0.4482,0.4275,0.3878,0.5971,1.332
1998_529_Iran,1998,529,Iran,Serbia,B,group_or_knockout,Visa,loss,0,1519,68.7,30.6,12.34,51.99,131.06,0.409,0.4,29.04,0.732,0.637,0.935,0.474,3.169,0.109,Mid attention,Scalable,rain,19.3,73.9,175.63,88.08,0.141,0.1437,2.55,0.137,55.1,0.3767,0.4769,0.2517,0.4051,1.0754
1998_530_Tunisia,1998,530,Tunisia,England,B,group_or_knockout,Hyundai,loss,0,1519,66.6,27.6,11.21,54.19,267.68,0.558,0.443,28.75,0.839,0.649,0.867,0.554,3.679,0.128,Mid attention,Scalable,rain,16.6,48.3,163.06,49.05,0.199,0.4381,4.2,0.213,51.28,0.4405,0.4581,0.5569,0.5141,1.1672
1998_531_United_States,1998,531,United States,Germany,B,group_or_knockout,Vivo,loss,0,1578,71.9,31.0,12.75,54.19,170.92,0.442,0.442,22.58,0.432,0.676,0.652,0.394,4.083,0.181,Mid attention,Scalable,rain,20.9,28.5,199.62,92.9,0.326,0.4756,-0.09,0.258,51.04,0.4347,0.4245,0.5743,0.6019,1.3845
1998_532_Colombia,1998,532,Colombia,Romania,B,group_or_knockout,Vivo,loss,0,1650,74.7,50.9,8.73,51.99,163.36,0.397,0.319,18.25,0.396,0.764,0.653,0.327,3.185,0.175,Low attention,Watchlist,clear,16.4,27.3,186.82,65.91,0.103,0.193,0.34,0.176,55.97,0.3669,0.4611,0.2878,0.4729,1.2888
1998_533_Morocco,1998,533,Morocco,Brazil,B,group_or_knockout,Mengniu,loss,0,1552,69.2,34.3,12.67,56.39,145.3,0.448,0.442,19.44,0.366,0.668,0.598,0.373,4.08,0.21,Mid attention,Watchlist,cloudy,24.9,37.8,162.56,86.99,0.08,0.1082,-2.4,0.121,44.53,0.4263,0.3009,0.211,0.6149,1.4424
1998_534_Norway,1998,534,Norway,Scotland,B,group_or_knockout,McDonald's,draw,1,1541,69.8,29.1,10.21,54.19,131.04,0.439,0.357,20.44,0.394,0.651,0.632,0.382,3.568,0.175,Mid attention,Scalable,cloudy,16.1,37.0,169.98,69.74,0.018,0.2139,2.52,0.113,59.14,0.3685,0.5055,0.2426,0.4674,1.2686
1998_535_Austria,1998,535,Austria,Chile,B,group_or_knockout,McDonald's,draw,1,1660,70.5,44.6,14.99,54.19,83.96,0.352,0.463,21.71,0.454,0.702,0.72,0.427,3.558,0.164,Mid attention,Scalable,clear,27.3,55.5,135.16,118.95,0.167,0.3371,1.18,0.129,51.73,0.4089,0.3909,0.3575,0.5173,1.2652
1998_536_Cameroon,1998,536,Cameroon,Italy,B,group_or_knockout,Coca-Cola,loss,0,1542,68.0,29.1,10.52,56.39,211.36,0.521,0.414,31.97,0.771,0.693,0.92,0.513,3.66,0.114,Mid attention,Scalable,hot,15.9,39.0,197.49,67.67,0.016,0.4141,0.9,0.153,51.11,0.4467,0.4381,0.4236,0.5402,1.2094
1998_537_Saudi_Arabia,1998,537,Saudi Arabia,France,B,group_or_knockout,Visa,loss,0,1543,68.2,34.6,13.01,58.59,189.82,0.499,0.484,27.16,0.698,0.648,0.864,0.511,3.77,0.139,Mid attention,Scalable,cloudy,19.6,46.8,110.04,122.26,0.11,0.3566,3.5,0.135,64.83,0.5351,0.5139,0.414,0.5454,1.0192
1998_538_Denmark,1998,538,Denmark,South Africa,B,group_or_knockout,Coca-Cola,draw,1,1642,71.5,43.1,19.09,54.19,147.28,0.468,0.599,33.85,0.793,0.715,0.895,0.615,3.013,0.089,Mid attention,Scalable,clear,19.3,45.6,197.69,113.44,0.065,0.398,1.91,0.102,48.9,0.4486,0.4349,0.393,0.3823,0.8523
1998_539_Bulgaria,1998,539,Bulgaria,Nigeria,B,group_or_knockout,Hisense,loss,0,1502,65.2,28.9,10.5,51.99,142.97,0.344,0.357,33.88,0.787,0.675,0.918,0.465,3.353,0.099,Mid attention,Scalable,rain,31.0,51.0,155.28,75.25,0.264,0.1371,-0.21,0.262,58.85,0.3659,0.4484,0.3097,0.4463,1.2198
1998_540_Paraguay,1998,540,Paraguay,Spain,B,group_or_knockout,Hyundai,draw,1,1578,69.9,30.5,12.88,49.79,174.85,0.384,0.42,26.2,0.812,0.667,0.921,0.538,3.832,0.146,Mid attention,Scalable,rain,25.0,79.2,132.43,64.49,0.105,0.1191,8.14,0.155,55.62,0.3532,0.5264,0.2485,0.6014,1.7025
1998_541_Mexico,1998,541,Mexico,Belgium,B,group_or_knockout,Hyundai,draw,1,1612,72.1,37.6,18.89,58.59,108.34,0.415,0.603,28.5,0.853,0.712,0.897,0.627,3.784,0.133,Mid attention,Premium,rain,21.7,68.6,166.07,81.75,0.196,0.1563,2.72,0.209,51.35,0.4103,0.4391,0.2694,0.5943,1.4485
1998_542_Croatia,1998,542,Croatia,Japan,B,group_or_knockout,Hisense,win,3,1671,75.1,52.8,21.52,51.99,125.95,0.376,0.64,28.53,0.731,0.792,0.927,0.659,3.646,0.128,Mid attention,Premium,clear,26.0,58.3,150.09,113.66,-0.004,0.3353,0.53,0.119,46.93,0.4124,0.3541,0.308,0.6236,1.5119
1998_543_South_Korea,1998,543,South Korea,Netherlands,B,group_or_knockout,McDonald's,loss,0,1548,70.3,20.2,12.83,60.79,126.38,0.504,0.465,25.44,0.51,0.67,0.723,0.441,3.755,0.148,Mid attention,Scalable,hot,10.4,50.6,252.59,103.61,0.169,0.359,1.39,0.179,65.19,0.4781,0.6148,0.4003,0.515,1.0772
1998_544_Jamaica,1998,544,Jamaica,Argentina,B,group_or_knockout,Adidas,loss,0,1562,70.7,37.4,8.73,60.79,285.27,0.596,0.426,33.24,0.901,0.601,0.904,0.576,4.251,0.128,Mid attention,Scalable,clear,22.7,51.1,409.85,97.76,0.036,0.3463,2.44,0.111,51.7,0.59,0.6596,0.4368,0.6107,1.035
1998_545_Serbia,1998,545,Serbia,Germany,B,group_or_knockout,Vivo,draw,1,1559,68.8,36.3,15.31,58.59,213.95,0.523,0.555,23.55,0.481,0.729,0.727,0.502,4.213,0.179,Mid attention,Scalable,cloudy,35.0,63.2,238.78,55.47,0.114,0.3909,2.43,0.189,61.14,0.45,0.5836,0.4537,0.6882,1.5294
1998_546_Iran,1998,546,Iran,United States,B,group_or_knockout,Visa,win,3,1519,68.7,30.6,12.34,56.39,86.97,0.418,0.408,29.04,0.732,0.637,0.935,0.579,3.051,0.105,Mid attention,Scalable,clear,23.8,67.3,147.08,112.9,0.377,0.3211,5.53,0.313,46.61,0.422,0.4242,0.4422,0.3762,0.8914
1998_547_Tunisia,1998,547,Tunisia,Colombia,B,group_or_knockout,Hyundai,loss,0,1519,66.6,27.6,11.21,51.99,97.24,0.385,0.356,28.75,0.839,0.649,0.867,0.49,3.31,0.115,Mid attention,Scalable,cloudy,23.4,43.5,182.82,52.46,0.249,0.3798,2.63,0.218,44.4,0.2957,0.3942,0.4301,0.4231,1.4307
1998_548_England,1998,548,England,Romania,B,group_or_knockout,McDonald's,loss,0,1695,76.6,52.6,19.34,56.39,155.28,0.439,0.622,20.29,0.432,0.819,0.654,0.462,3.245,0.16,Mid attention,Scalable,rain,26.3,58.6,200.46,54.19,0.143,0.1755,6.7,0.227,54.14,0.3831,0.5541,0.289,0.5006,1.3068
1998_549_Norway,1998,549,Norway,Brazil,B,group_or_knockout,McDonald's,win,3,1541,69.8,29.1,10.21,56.39,141.18,0.477,0.375,20.44,0.394,0.651,0.632,0.463,4.078,0.2,Mid attention,Scalable,cloudy,28.4,25.5,134.42,70.9,0.476,0.4196,1.89,0.319,59.13,0.3982,0.4635,0.5851,0.6028,1.5138
1998_550_Cameroon,1998,550,Cameroon,Chile,B,group_or_knockout,Coca-Cola,draw,1,1542,68.0,29.1,10.52,54.19,106.88,0.429,0.355,31.97,0.771,0.693,0.92,0.508,3.637,0.114,Mid attention,Scalable,cloudy,11.0,61.4,118.78,82.29,0.065,0.2227,3.7,0.072,56.69,0.3695,0.456,0.2533,0.5356,1.4495
1998_551_Austria,1998,551,Austria,Italy,B,group_or_knockout,McDonald's,loss,0,1660,70.5,44.6,14.99,56.39,277.78,0.557,0.561,21.71,0.454,0.702,0.72,0.468,3.66,0.169,Mid attention,Scalable,rain,12.9,70.2,166.75,116.38,0.273,0.2978,4.95,0.161,56.35,0.5727,0.5157,0.5056,0.5444,0.9505
1998_552_Morocco,1998,552,Morocco,Scotland,B,group_or_knockout,Mengniu,win,3,1552,69.2,34.3,12.67,56.39,175.88,0.495,0.455,19.44,0.366,0.668,0.598,0.486,3.635,0.187,Mid attention,Scalable,rain,24.3,53.5,207.31,108.67,0.003,0.2645,5.31,0.037,49.51,0.4832,0.5002,0.2979,0.4951,1.0248
1998_553_Denmark,1998,553,Denmark,France,B,group_or_knockout,Coca-Cola,loss,0,1642,71.5,43.1,19.09,56.39,184.06,0.494,0.628,33.85,0.793,0.715,0.895,0.597,3.725,0.11,Mid attention,Scalable,clear,18.7,87.1,113.22,65.24,0.132,0.2225,5.55,0.137,52.42,0.4221,0.4428,0.3333,0.5524,1.3087
1998_554_Paraguay,1998,554,Paraguay,Nigeria,B,group_or_knockout,Hyundai,win,3,1578,69.9,30.5,12.88,58.59,137.94,0.536,0.458,26.2,0.812,0.667,0.921,0.647,3.41,0.13,Mid attention,Premium,windy,30.9,43.9,146.99,81.07,0.021,0.1809,2.23,0.09,50.89,0.4317,0.4104,0.2271,0.4957,1.1482
1998_555_Saudi_Arabia,1998,555,Saudi Arabia,South Africa,B,group_or_knockout,Visa,draw,1,1543,68.2,34.6,13.01,58.59,204.96,0.522,0.49,27.16,0.698,0.648,0.864,0.551,3.134,0.115,Mid attention,Scalable,rain,21.1,61.5,203.11,112.16,0.182,0.232,2.79,0.2,51.54,0.531,0.4754,0.3752,0.3863,0.7275
1998_556_Bulgaria,1998,556,Bulgaria,Spain,B,group_or_knockout,Hisense,loss,0,1502,65.2,28.9,10.5,65.19,167.47,0.565,0.448,33.88,0.787,0.675,0.918,0.54,3.922,0.116,Mid attention,Scalable,windy,11.4,57.4,197.9,103.34,0.162,0.2321,-2.41,0.165,58.43,0.5494,0.4504,0.3419,0.5825,1.0602
1998_557_South_Korea,1998,557,South Korea,Belgium,B,group_or_knockout,McDonald's,draw,1,1548,70.3,20.2,12.83,54.19,143.05,0.413,0.432,25.44,0.51,0.67,0.723,0.445,3.815,0.15,Mid attention,Scalable,windy,15.4,56.4,231.96,61.06,0.125,0.3026,2.39,0.187,53.95,0.3642,0.516,0.3552,0.5297,1.4545
1998_558_Iran,1998,558,Iran,Germany,B,group_or_knockout,Visa,loss,0,1519,68.7,30.6,12.34,54.19,183.75,0.432,0.436,29.04,0.732,0.637,0.935,0.493,4.145,0.143,Mid attention,Scalable,hot,6.5,56.2,114.39,76.67,0.265,0.1676,5.09,0.208,46.32,0.4194,0.3853,0.3565,0.6453,1.5389
1998_559_Mexico,1998,559,Mexico,Netherlands,B,group_or_knockout,Hyundai,draw,1,1612,72.1,37.6,18.89,58.59,106.11,0.425,0.602,28.5,0.853,0.712,0.897,0.629,3.71,0.13,Mid attention,Premium,rain,21.6,59.7,316.91,100.41,0.099,0.2296,4.68,0.138,46.6,0.4375,0.5658,0.2724,0.5755,1.3154
1998_560_Serbia,1998,560,Serbia,United States,B,group_or_knockout,Vivo,win,3,1559,68.8,36.3,15.31,51.99,232.34,0.443,0.522,23.55,0.481,0.729,0.727,0.542,3.12,0.132,Mid attention,Scalable,cloudy,21.9,71.6,106.33,112.57,0.189,0.1581,2.62,0.15,53.51,0.4918,0.4015,0.3484,0.407,0.8276
1998_561_Croatia,1998,561,Croatia,Argentina,B,group_or_knockout,Hisense,loss,0,1671,75.1,52.8,21.52,51.99,156.35,0.416,0.653,28.53,0.731,0.792,0.927,0.572,4.023,0.141,Mid attention,Scalable,clear,20.5,80.0,94.04,91.52,0.238,0.0926,6.37,0.238,40.96,0.4013,0.3408,0.2782,0.7162,1.7848
1998_562_England,1998,562,England,Colombia,B,group_or_knockout,McDonald's,win,3,1695,76.6,52.6,19.34,54.19,221.66,0.494,0.637,20.29,0.432,0.819,0.654,0.578,3.4,0.168,Mid attention,Scalable,cloudy,29.5,58.0,160.42,49.91,0.008,0.2379,1.99,0.043,61.21,0.4067,0.5063,0.3128,0.5423,1.3332
1998_563_Jamaica,1998,563,Jamaica,Japan,B,group_or_knockout,Adidas,win,3,1562,70.7,37.4,8.73,56.39,119.24,0.445,0.327,33.24,0.901,0.601,0.904,0.611,3.735,0.112,Low attention,Scalable,rain,30.2,71.0,127.57,102.43,0.081,0.6866,1.3,0.186,51.1,0.4304,0.3805,0.5684,0.4864,1.1301
1998_564_Tunisia,1998,564,Tunisia,Romania,B,group_or_knockout,Hyundai,draw,1,1519,66.6,27.6,11.21,54.19,119.58,0.398,0.379,28.75,0.839,0.649,0.867,0.534,3.198,0.111,Mid attention,Scalable,cloudy,22.0,46.8,161.23,66.44,0.162,0.248,1.82,0.162,42.4,0.3546,0.3454,0.321,0.3954,1.1149
1998_565_Chile,1998,565,Chile,Brazil,B,group_or_knockout,Hisense,loss,0,1622,72.9,38.6,16.65,60.79,125.47,0.521,0.565,27.36,0.7,0.681,0.911,0.547,4.101,0.15,Mid attention,Scalable,hot,10.2,70.3,179.29,122.84,0.219,0.1862,0.44,0.216,66.77,0.5072,0.5471,0.3101,0.6656,1.3122
1998_566_Norway,1998,566,Norway,Italy,B,group_or_knockout,McDonald's,loss,0,1541,69.8,29.1,10.21,51.99,159.36,0.44,0.356,20.44,0.394,0.651,0.632,0.349,3.532,0.173,Mid attention,Watchlist,clear,26.7,45.8,148.73,72.74,0.298,0.1719,4.11,0.221,51.78,0.3745,0.4479,0.358,0.4576,1.2219
1998_567_Paraguay,1998,567,Paraguay,France,B,group_or_knockout,Hyundai,loss,0,1578,69.9,30.5,12.88,51.99,151.34,0.41,0.423,26.2,0.812,0.667,0.921,0.511,3.678,0.14,Mid attention,Scalable,clear,26.3,75.5,126.53,60.28,0.135,0.4233,3.41,0.174,55.85,0.349,0.4516,0.4431,0.5626,1.6119
1998_568_Denmark,1998,568,Denmark,Nigeria,B,group_or_knockout,Coca-Cola,win,3,1642,71.5,43.1,19.09,60.79,152.53,0.496,0.641,33.85,0.793,0.715,0.895,0.703,3.422,0.101,Mid attention,Premium,cloudy,24.9,93.4,203.48,91.69,0.125,0.2108,4.08,0.138,56.94,0.4795,0.5409,0.302,0.4799,1.0008
1998_569_Mexico,1998,569,Mexico,Germany,B,group_or_knockout,Hyundai,loss,0,1612,72.1,37.6,18.89,56.39,121.31,0.46,0.595,28.5,0.853,0.712,0.897,0.599,4.089,0.143,Mid attention,Scalable,cloudy,28.9,56.0,156.48,69.46,0.069,0.3237,1.93,0.184,51.17,0.3809,0.4169,0.3298,0.6685,1.7552
1998_570_Serbia,1998,570,Serbia,Netherlands,B,group_or_knockout,Vivo,loss,0,1559,68.8,36.3,15.31,56.39,113.03,0.444,0.497,23.55,0.481,0.729,0.727,0.432,3.685,0.156,Mid attention,Scalable,clear,16.0,22.9,223.23,68.04,0.189,0.207,2.68,0.176,57.28,0.3723,0.5406,0.3021,0.5519,1.4823
1998_571_England,1998,571,England,Argentina,B,group_or_knockout,McDonald's,draw,1,1695,76.6,52.6,19.34,58.59,165.17,0.458,0.64,20.29,0.432,0.819,0.654,0.506,4.057,0.2,Mid attention,Scalable,clear,35.1,49.2,168.25,96.39,0.126,0.1118,-1.77,0.209,54.26,0.4762,0.3978,0.2467,0.7164,1.5044
1998_572_Croatia,1998,572,Croatia,Romania,B,group_or_knockout,Hisense,win,3,1671,75.1,52.8,21.52,51.99,130.41,0.399,0.642,28.53,0.731,0.792,0.927,0.664,3.178,0.111,Mid attention,Premium,hot,17.2,77.7,122.72,98.65,0.129,0.3439,3.59,0.173,50.96,0.3926,0.4095,0.3754,0.5074,1.2926
1998_573_Denmark,1998,573,Denmark,Brazil,B,group_or_knockout,Coca-Cola,loss,0,1642,71.5,43.1,19.09,60.79,143.37,0.516,0.637,33.85,0.793,0.715,0.895,0.605,4.118,0.122,Mid attention,Scalable,cloudy,27.5,66.8,119.76,120.69,0.147,0.1529,3.01,0.153,53.5,0.5175,0.4195,0.2684,0.6469,1.2499
1998_574_Italy,1998,574,Italy,France,B,group_or_knockout,Visa,draw,1,1755,77.8,61.6,11.04,49.79,219.42,0.41,0.391,33.4,0.799,0.761,0.842,0.527,3.631,0.109,Mid attention,Scalable,clear,12.9,62.0,143.28,70.55,0.211,0.1041,0.49,0.171,44.8,0.3966,0.3293,0.3148,0.542,1.3668
1998_575_Croatia,1998,575,Croatia,Germany,B,group_or_knockout,Hisense,win,3,1671,75.1,52.8,21.52,56.39,157.47,0.473,0.68,28.53,0.731,0.792,0.927,0.692,4.102,0.144,High attention,Premium,clear,17.4,74.1,123.35,55.65,0.1,0.349,2.58,0.17,45.65,0.387,0.3499,0.3835,0.736,1.9018
1998_576_Argentina,1998,576,Argentina,Netherlands,B,group_or_knockout,Hyundai,loss,0,1753,76.8,58.0,19.5,56.39,229.96,0.476,0.659,30.74,0.903,0.813,0.936,0.643,3.748,0.122,Mid attention,Premium,cloudy,32.1,65.8,120.88,86.23,0.079,0.131,2.26,0.098,59.85,0.4896,0.4629,0.2806,0.6528,1.3333
1998_577_Netherlands,1998,577,Netherlands,Brazil,B,group_or_knockout,Hisense,draw,1,1746,75.8,49.9,15.97,54.19,133.38,0.465,0.51,32.27,0.781,0.811,0.856,0.576,4.039,0.125,Mid attention,Scalable,clear,21.4,77.5,185.74,79.33,0.199,0.2489,6.51,0.19,49.07,0.3851,0.4949,0.3469,0.6828,1.773
1998_578_Croatia,1998,578,Croatia,France,B,group_or_knockout,Hisense,loss,0,1671,75.1,52.8,21.52,56.39,172.57,0.512,0.687,28.53,0.731,0.792,0.927,0.602,3.716,0.13,High attention,Scalable,rain,28.0,72.7,108.62,65.19,-0.146,0.2776,0.57,0.033,63.78,0.4133,0.4594,0.2382,0.6402,1.5491
1998_579_Croatia,1998,579,Croatia,Netherlands,B,group_or_knockout,Hisense,win,3,1671,75.1,52.8,21.52,56.39,158.66,0.462,0.681,28.53,0.731,0.792,0.927,0.691,3.723,0.13,High attention,Premium,rain,24.4,82.3,241.13,116.44,0.096,0.2253,3.5,0.148,49.26,0.4821,0.5015,0.3026,0.6416,1.3308
1998_580_Brazil,1998,580,Brazil,France,B,group_or_knockout,Adidas,loss,0,1829,78.8,57.4,18.61,56.39,100.18,0.441,0.579,33.15,0.938,0.809,0.916,0.618,3.578,0.108,Mid attention,Scalable,clear,22.4,63.7,176.31,122.16,0.041,0.2987,0.51,0.131,53.63,0.4464,0.4343,0.2875,0.5897,1.3209
2002_581_Senegal,2002,581,Senegal,France,B,group_or_knockout,Budweiser,win,3,1638,72.8,30.1,9.94,53.45,227.85,0.415,0.388,31.49,0.771,0.754,0.934,0.584,3.659,0.116,Mid attention,Scalable,cloudy,31.2,72.5,158.82,51.7,0.277,0.2335,1.63,0.233,47.57,0.4074,0.384,0.4332,0.5878,1.4426
2002_582_Saudi_Arabia,2002,582,Saudi Arabia,Germany,B,group_or_knockout,Visa,loss,0,1543,68.2,34.6,13.01,68.85,189.44,0.597,0.546,27.16,0.698,0.648,0.864,0.553,4.254,0.157,Mid attention,Scalable,clear,21.6,53.1,159.69,133.19,0.112,0.1844,3.38,0.143,70.9,0.6461,0.6086,0.3033,0.6661,1.0309
2002_583_Cameroon,2002,583,Cameroon,Republic of Ireland,B,group_or_knockout,Coca-Cola,draw,1,1542,68.0,29.1,10.52,55.65,195.99,0.477,0.403,31.97,0.771,0.693,0.92,0.534,3.25,0.102,Mid attention,Scalable,clear,12.3,48.4,202.39,96.8,0.1,0.2262,2.36,0.195,59.6,0.4733,0.5365,0.3293,0.4424,0.9346
2002_584_Denmark,2002,584,Denmark,Uruguay,B,group_or_knockout,Coca-Cola,win,3,1642,71.5,43.1,19.09,57.85,133.93,0.44,0.615,33.85,0.793,0.715,0.895,0.682,3.598,0.106,Mid attention,Premium,hot,18.2,85.3,173.66,71.73,0.151,0.2019,2.79,0.174,55.27,0.4074,0.4802,0.2957,0.5217,1.2806
2002_585_Nigeria,2002,585,Nigeria,Argentina,B,group_or_knockout,Coca-Cola,loss,0,1585,75.3,31.3,8.19,53.45,145.85,0.447,0.306,26.63,0.705,0.744,0.906,0.436,4.067,0.153,Low attention,Scalable,cloudy,26.3,61.5,135.26,92.24,0.097,0.2274,3.5,0.231,48.75,0.4078,0.4008,0.296,0.702,1.7214
2002_586_Sweden,2002,586,Sweden,England,B,group_or_knockout,Budweiser,draw,1,1654,74.4,39.2,19.34,55.65,124.76,0.493,0.604,26.29,0.687,0.705,0.91,0.585,3.494,0.133,Mid attention,Scalable,hot,25.4,70.9,175.75,59.39,0.116,0.1843,1.76,0.143,58.33,0.3611,0.4924,0.2628,0.537,1.4874
2002_587_South_Africa,2002,587,South Africa,Paraguay,B,group_or_knockout,Qatar Airways,draw,1,1530,68.0,32.2,12.38,60.05,242.56,0.533,0.499,26.15,0.519,0.668,0.76,0.495,3.972,0.152,Mid attention,Scalable,clear,13.6,60.0,118.45,59.46,0.166,0.3621,4.66,0.216,50.98,0.4914,0.4219,0.4768,0.5764,1.1732
2002_588_Slovenia,2002,588,Slovenia,Spain,B,group_or_knockout,Vivo,loss,0,1491,66.6,28.9,8.67,60.05,187.24,0.506,0.377,14.76,0.283,0.658,0.571,0.331,3.906,0.265,Mid attention,Watchlist,clear,18.7,48.6,119.86,131.6,0.114,0.1241,2.16,0.108,59.8,0.561,0.46,0.2638,0.6383,1.1378
2002_589_Turkey,2002,589,Turkey,Brazil,B,group_or_knockout,Mengniu,loss,0,1677,74.3,49.4,16.02,57.85,183.21,0.508,0.556,18.0,0.356,0.714,0.662,0.424,4.143,0.23,Mid attention,Scalable,cloudy,19.5,58.2,131.34,99.92,0.113,0.3972,2.6,0.211,60.4,0.4886,0.4822,0.4372,0.7091,1.4511
2002_590_Mexico,2002,590,Mexico,Croatia,B,group_or_knockout,Hyundai,win,3,1612,72.1,37.6,18.89,53.45,223.42,0.522,0.622,28.5,0.853,0.712,0.897,0.72,3.793,0.133,Mid attention,Premium,cloudy,20.8,81.0,175.24,65.7,0.055,0.1583,3.56,0.086,46.87,0.4258,0.4222,0.2834,0.596,1.4
2002_591_Ecuador,2002,591,Ecuador,Italy,B,group_or_knockout,McDonald's,loss,0,1623,71.6,42.9,13.81,55.65,219.83,0.467,0.5,16.55,0.347,0.689,0.657,0.392,3.638,0.22,Mid attention,Scalable,windy,14.7,66.9,167.05,82.64,0.041,0.2858,3.28,0.134,56.54,0.4695,0.4923,0.3572,0.5769,1.2287
2002_592_Costa_Rica,2002,592,Costa Rica,China,B,group_or_knockout,Visa,win,3,1585,73.1,26.3,15.16,55.65,197.03,0.492,0.526,31.23,0.76,0.677,0.885,0.647,2.813,0.09,Mid attention,Premium,clear,19.2,30.6,217.31,118.82,0.162,0.1982,4.15,0.153,58.14,0.5082,0.5647,0.3393,0.3154,0.6205
2002_593_Belgium,2002,593,Belgium,Japan,B,group_or_knockout,Visa,draw,1,1674,71.5,40.4,23.19,60.05,115.25,0.532,0.729,26.85,0.713,0.72,0.914,0.648,3.766,0.14,High attention,Premium,hot,18.6,54.6,143.33,88.29,0.187,0.3705,3.47,0.208,49.38,0.4391,0.413,0.4084,0.6119,1.3937
2002_594_Poland,2002,594,Poland,South Korea,B,group_or_knockout,Coca-Cola,loss,0,1685,72.7,42.5,15.85,55.65,130.88,0.397,0.515,28.97,0.734,0.749,0.899,0.517,3.192,0.11,Mid attention,Scalable,hot,27.6,86.5,193.01,115.23,0.013,0.2753,3.78,0.095,49.9,0.4523,0.4673,0.28,0.4701,1.0395
2002_595_Republic_of_Ireland,2002,595,Republic of Ireland,Germany,B,group_or_knockout,McDonald's,draw,1,1503,66.8,21.0,11.42,55.65,120.06,0.4,0.393,22.06,0.441,0.646,0.669,0.405,4.076,0.185,Mid attention,Scalable,cloudy,27.9,54.6,162.49,112.94,0.232,0.2742,2.12,0.174,51.55,0.4405,0.4284,0.3692,0.5929,1.346
2002_596_Tunisia,2002,596,Tunisia,Russia,B,group_or_knockout,Hyundai,loss,0,1519,66.6,27.6,11.21,55.65,194.96,0.473,0.421,28.75,0.839,0.649,0.867,0.53,4.099,0.143,Mid attention,Scalable,clear,22.1,29.2,132.07,74.98,0.233,0.2335,0.56,0.189,58.95,0.4387,0.4398,0.3922,0.618,1.4087
2002_597_Portugal,2002,597,Portugal,United States,B,group_or_knockout,Mengniu,loss,0,1702,76.8,47.1,14.4,62.25,186.6,0.539,0.541,17.76,0.359,0.8,0.643,0.425,3.12,0.176,Mid attention,Scalable,cloudy,20.6,88.3,205.92,112.35,0.254,0.1874,-0.2,0.259,61.27,0.5509,0.5151,0.3663,0.4809,0.873
2002_598_Saudi_Arabia,2002,598,Saudi Arabia,Cameroon,B,group_or_knockout,Visa,loss,0,1543,68.2,34.6,13.01,53.45,103.48,0.422,0.415,27.16,0.698,0.648,0.864,0.471,3.201,0.118,Mid attention,Scalable,clear,23.8,68.9,157.94,94.0,0.186,0.3529,-0.71,0.206,50.34,0.3783,0.3713,0.3889,0.4037,1.0672
2002_599_Senegal,2002,599,Senegal,Denmark,B,group_or_knockout,Budweiser,draw,1,1638,72.8,30.1,9.94,55.65,150.84,0.462,0.368,31.49,0.771,0.754,0.934,0.518,3.574,0.113,Mid attention,Scalable,rain,18.1,56.9,142.85,105.88,0.22,0.3868,6.5,0.162,49.79,0.453,0.4618,0.4568,0.5668,1.2512
2002_600_Uruguay,2002,600,Uruguay,France,B,group_or_knockout,Vivo,draw,1,1684,74.8,44.8,20.58,51.25,96.39,0.322,0.598,19.75,0.443,0.797,0.741,0.469,3.48,0.176,Mid attention,Scalable,cloudy,16.1,52.1,155.59,70.51,0.375,0.3138,-1.85,0.31,40.05,0.3162,0.2649,0.4427,0.588,1.8594
2002_601_England,2002,601,England,Argentina,B,group_or_knockout,McDonald's,win,3,1695,76.6,52.6,19.34,53.45,150.48,0.445,0.602,20.29,0.432,0.819,0.654,0.556,4.024,0.198,Mid attention,Scalable,windy,17.4,75.3,155.46,51.73,0.126,0.2011,5.31,0.115,42.08,0.3486,0.3901,0.2949,0.7071,2.0288
2002_602_Paraguay,2002,602,Paraguay,Spain,B,group_or_knockout,Hyundai,loss,0,1578,69.9,30.5,12.88,60.05,107.95,0.461,0.454,26.2,0.812,0.667,0.921,0.532,3.842,0.147,Mid attention,Scalable,cloudy,19.2,49.3,173.6,67.4,0.052,0.4781,1.08,0.168,52.04,0.4011,0.427,0.4134,0.6047,1.5075
2002_603_Nigeria,2002,603,Nigeria,Sweden,B,group_or_knockout,Coca-Cola,loss,0,1585,75.3,31.3,8.19,57.85,191.7,0.542,0.353,26.63,0.705,0.744,0.906,0.471,3.836,0.144,Mid attention,Scalable,cloudy,16.0,76.4,156.76,98.43,0.003,0.2882,5.29,0.12,47.55,0.4928,0.4373,0.3236,0.6438,1.3065
2002_604_China,2002,604,China,Brazil,B,group_or_knockout,Mengniu,loss,0,1388,65.6,13.7,7.63,60.05,190.76,0.514,0.351,22.33,0.405,0.58,0.661,0.364,4.195,0.188,Mid attention,Watchlist,rain,24.0,66.7,130.18,114.55,0.332,0.1991,-1.83,0.262,49.42,0.5373,0.3214,0.4111,0.5746,1.0695
2002_605_Croatia,2002,605,Croatia,Italy,B,group_or_knockout,Hisense,win,3,1671,75.1,52.8,21.52,57.85,282.05,0.548,0.744,28.53,0.731,0.792,0.927,0.73,3.675,0.129,High attention,Premium,cloudy,27.4,61.9,177.07,108.92,0.333,0.3202,2.31,0.319,57.68,0.5779,0.4964,0.5495,0.6307,1.0914
2002_606_Slovenia,2002,606,Slovenia,South Africa,B,group_or_knockout,Vivo,loss,0,1491,66.6,28.9,8.67,53.45,193.67,0.474,0.34,14.76,0.283,0.658,0.571,0.31,3.125,0.212,Mid attention,Watchlist,hot,13.5,60.3,131.38,88.66,0.064,0.3455,5.85,0.104,53.34,0.4387,0.4716,0.3889,0.411,0.9368
2002_607_Turkey,2002,607,Turkey,Costa Rica,B,group_or_knockout,Mengniu,draw,1,1677,74.3,49.4,16.02,55.65,141.27,0.47,0.524,18.0,0.356,0.714,0.662,0.438,3.431,0.191,Mid attention,Scalable,clear,23.2,55.2,129.54,56.22,0.083,0.4157,4.3,0.171,44.3,0.3687,0.3701,0.4085,0.5145,1.3952
2002_608_Russia,2002,608,Russia,Japan,B,group_or_knockout,Hyundai,loss,0,1676,72.7,49.8,18.23,53.45,192.06,0.47,0.591,26.07,0.814,0.69,0.874,0.586,3.766,0.144,Mid attention,Scalable,windy,21.7,74.7,151.2,49.31,0.124,0.0637,2.09,0.178,53.12,0.3765,0.431,0.2323,0.5825,1.5474
2002_609_Ecuador,2002,609,Ecuador,Mexico,B,group_or_knockout,McDonald's,loss,0,1623,71.6,42.9,13.81,57.85,111.78,0.409,0.466,16.55,0.347,0.689,0.657,0.369,3.708,0.224,Mid attention,Watchlist,rain,25.0,44.2,208.8,110.89,0.279,0.072,-1.28,0.18,48.16,0.4512,0.3906,0.2539,0.5963,1.3214
2002_610_United_States,2002,610,United States,South Korea,B,group_or_knockout,Vivo,draw,1,1578,71.9,31.0,12.75,55.65,121.46,0.451,0.429,22.58,0.432,0.676,0.652,0.424,3.172,0.14,Mid attention,Scalable,hot,22.9,32.0,175.12,89.83,0.027,0.1681,0.02,0.073,50.96,0.4057,0.4032,0.2107,0.365,0.8996
2002_611_Poland,2002,611,Poland,Portugal,B,group_or_knockout,Coca-Cola,loss,0,1685,72.7,42.5,15.85,60.05,188.38,0.501,0.567,28.97,0.734,0.749,0.899,0.555,3.437,0.119,Mid attention,Scalable,cloudy,14.3,67.8,157.97,115.15,-0.04,0.1675,5.72,0.059,68.23,0.5364,0.6198,0.2243,0.5311,0.9901
2002_612_Belgium,2002,612,Belgium,Tunisia,B,group_or_knockout,Visa,draw,1,1674,71.5,40.4,23.19,55.65,86.9,0.42,0.689,26.85,0.713,0.72,0.914,0.613,3.504,0.131,High attention,Scalable,hot,15.4,68.1,144.93,61.86,0.373,0.4314,2.07,0.293,53.86,0.3361,0.4312,0.5117,0.5476,1.6295
2002_613_Germany,2002,613,Germany,Cameroon,B,group_or_knockout,Coca-Cola,win,3,1798,81.3,65.9,22.15,55.65,157.38,0.421,0.693,29.19,0.759,0.859,0.907,0.697,3.195,0.109,High attention,Premium,clear,23.2,65.7,195.98,79.56,0.187,0.2704,2.65,0.131,44.09,0.4172,0.4038,0.3712,0.544,1.3041
2002_614_France,2002,614,France,Denmark,B,group_or_knockout,Qatar Airways,loss,0,1748,77.8,46.5,18.67,55.65,119.51,0.447,0.584,24.02,0.51,0.801,0.711,0.476,3.502,0.146,Mid attention,Scalable,rain,29.2,64.5,91.83,116.58,0.202,0.198,3.4,0.201,50.37,0.4457,0.3735,0.3063,0.5427,1.2176
2002_615_Republic_of_Ireland,2002,615,Republic of Ireland,Saudi Arabia,B,group_or_knockout,McDonald's,win,3,1503,66.8,21.0,11.42,57.85,170.07,0.471,0.429,22.06,0.441,0.646,0.669,0.498,3.544,0.161,Mid attention,Scalable,clear,9.7,52.9,212.13,64.97,0.136,0.2417,0.06,0.105,59.1,0.4245,0.5063,0.3383,0.4545,1.0708
2002_616_Uruguay,2002,616,Uruguay,Senegal,B,group_or_knockout,Vivo,draw,1,1684,74.8,44.8,20.58,64.45,136.2,0.51,0.696,19.75,0.443,0.797,0.741,0.54,3.465,0.175,High attention,Scalable,clear,25.1,70.6,121.19,63.16,0.203,0.3365,3.66,0.242,55.48,0.4565,0.4474,0.4072,0.5837,1.2785
2002_617_England,2002,617,England,Nigeria,B,group_or_knockout,McDonald's,draw,1,1695,76.6,52.6,19.34,51.25,164.93,0.435,0.595,20.29,0.432,0.819,0.654,0.485,3.343,0.165,Mid attention,Scalable,cloudy,30.1,57.3,108.08,89.66,0.005,0.2229,1.92,0.113,57.77,0.3981,0.4285,0.2648,0.5269,1.3234
2002_618_Paraguay,2002,618,Paraguay,Slovenia,B,group_or_knockout,Hyundai,win,3,1578,69.9,30.5,12.88,60.05,172.53,0.526,0.482,26.2,0.812,0.667,0.921,0.654,3.168,0.121,Mid attention,Premium,clear,22.1,50.2,158.64,100.46,0.072,0.3356,3.42,0.205,56.03,0.5016,0.4825,0.3723,0.4354,0.8681
2002_619_Spain,2002,619,Spain,South Africa,B,group_or_knockout,Budweiser,win,3,1708,77.4,45.2,19.26,62.25,263.29,0.586,0.703,27.85,0.714,0.724,0.933,0.715,3.164,0.114,High attention,Premium,clear,26.3,53.0,321.72,133.07,0.167,0.2153,1.59,0.191,49.03,0.6415,0.544,0.3958,0.4668,0.7276
2002_620_Argentina,2002,620,Argentina,Sweden,B,group_or_knockout,Hyundai,draw,1,1753,76.8,58.0,19.5,55.65,159.33,0.501,0.624,30.74,0.903,0.813,0.936,0.667,3.709,0.121,Mid attention,Premium,hot,18.8,90.3,254.28,115.66,-0.071,0.2667,-0.5,0.054,54.24,0.4746,0.4951,0.2558,0.6437,1.3562
2002_621_Brazil,2002,621,Brazil,Costa Rica,B,group_or_knockout,Adidas,win,3,1829,78.8,57.4,18.61,66.65,153.58,0.569,0.665,33.15,0.938,0.809,0.916,0.774,3.449,0.104,High attention,Premium,clear,22.3,30.2,238.91,124.92,0.126,0.299,1.9,0.128,68.21,0.5857,0.6356,0.3602,0.5586,0.9537
2002_622_Croatia,2002,622,Croatia,Ecuador,B,group_or_knockout,Hisense,loss,0,1671,75.1,52.8,21.52,53.45,142.54,0.426,0.656,28.53,0.731,0.792,0.927,0.575,3.31,0.116,Mid attention,Scalable,rain,13.3,66.0,175.54,49.44,0.12,0.2622,4.15,0.159,50.47,0.339,0.4618,0.3265,0.5405,1.5945
2002_623_Italy,2002,623,Italy,Mexico,B,group_or_knockout,Visa,draw,1,1755,77.8,61.6,11.04,55.65,109.15,0.436,0.379,33.4,0.799,0.761,0.842,0.527,3.694,0.111,Mid attention,Scalable,clear,8.9,31.1,104.95,84.84,0.126,0.087,3.63,0.135,62.0,0.3886,0.4873,0.1941,0.5573,1.434
2002_624_China,2002,624,China,Turkey,B,group_or_knockout,Mengniu,loss,0,1388,65.6,13.7,7.63,57.85,185.23,0.486,0.335,22.33,0.405,0.58,0.661,0.353,3.515,0.157,Mid attention,Watchlist,rain,28.7,56.3,180.74,119.46,0.101,0.252,2.86,0.184,63.91,0.5205,0.5608,0.3394,0.3973,0.7633
2002_625_Russia,2002,625,Russia,Belgium,B,group_or_knockout,Hyundai,loss,0,1676,72.7,49.8,18.23,62.25,209.83,0.581,0.652,26.07,0.814,0.69,0.874,0.629,3.905,0.15,Mid attention,Premium,rain,17.1,51.1,163.02,91.12,0.057,0.1555,4.69,0.078,51.67,0.5357,0.4688,0.2736,0.6183,1.1542
2002_626_Tunisia,2002,626,Tunisia,Japan,B,group_or_knockout,Hyundai,loss,0,1519,66.6,27.6,11.21,55.65,317.49,0.55,0.474,28.75,0.839,0.649,0.867,0.564,3.972,0.138,Mid attention,Scalable,clear,20.3,24.6,136.31,119.69,-0.026,0.1626,2.37,0.148,45.01,0.6013,0.3531,0.3117,0.5859,0.9745
2002_627_Portugal,2002,627,Portugal,South Korea,B,group_or_knockout,Mengniu,loss,0,1702,76.8,47.1,14.4,53.45,128.33,0.405,0.462,17.76,0.359,0.8,0.643,0.371,3.149,0.177,Mid attention,Watchlist,rain,14.7,64.2,166.91,93.44,0.171,0.1921,2.92,0.212,47.7,0.3963,0.412,0.2945,0.4881,1.2315
2002_628_United_States,2002,628,United States,Poland,B,group_or_knockout,Vivo,loss,0,1578,71.9,31.0,12.75,60.05,159.21,0.548,0.473,22.58,0.432,0.676,0.652,0.425,3.743,0.166,Mid attention,Scalable,hot,14.5,51.9,160.36,62.59,0.126,0.2135,1.79,0.141,59.99,0.4327,0.4929,0.3086,0.5139,1.1876
2002_629_England,2002,629,England,Denmark,B,group_or_knockout,McDonald's,win,3,1695,76.6,52.6,19.34,57.85,140.7,0.445,0.625,20.29,0.432,0.819,0.654,0.564,3.588,0.177,Mid attention,Scalable,rain,22.0,24.4,215.98,90.36,0.019,0.3049,4.81,0.174,57.65,0.4414,0.5693,0.3082,0.5919,1.3408
2002_630_Paraguay,2002,630,Paraguay,Germany,B,group_or_knockout,Hyundai,loss,0,1578,69.9,30.5,12.88,53.45,162.09,0.372,0.437,26.2,0.812,0.667,0.921,0.509,4.08,0.156,Mid attention,Scalable,clear,18.6,71.4,98.96,96.44,0.162,0.1228,3.41,0.127,46.92,0.4267,0.351,0.2678,0.6643,1.5568
2002_631_Republic_of_Ireland,2002,631,Republic of Ireland,Spain,B,group_or_knockout,McDonald's,draw,1,1503,66.8,21.0,11.42,55.65,176.97,0.517,0.418,22.06,0.441,0.646,0.669,0.435,3.877,0.176,Mid attention,Scalable,cloudy,25.3,81.0,170.35,54.81,0.127,0.3464,1.63,0.17,62.46,0.3937,0.5205,0.4065,0.5411,1.3743
2002_632_Senegal,2002,632,Senegal,Sweden,B,group_or_knockout,Budweiser,win,3,1638,72.8,30.1,9.94,57.85,162.86,0.558,0.387,31.49,0.771,0.754,0.934,0.609,3.737,0.119,Mid attention,Scalable,rain,25.7,81.8,139.5,77.98,0.11,0.2485,-0.33,0.099,51.52,0.4391,0.3703,0.3265,0.6074,1.3831
2002_633_Belgium,2002,633,Belgium,Brazil,B,group_or_knockout,Visa,loss,0,1674,71.5,40.4,23.19,55.65,215.56,0.487,0.745,26.85,0.713,0.72,0.914,0.613,4.184,0.156,High attention,Scalable,clear,24.9,63.7,150.91,101.96,-0.059,0.2878,5.12,0.139,59.52,0.4962,0.5306,0.3114,0.7168,1.4445
2002_634_United_States,2002,634,United States,Mexico,B,group_or_knockout,Vivo,win,3,1578,71.9,31.0,12.75,55.65,133.8,0.391,0.434,22.58,0.432,0.676,0.652,0.482,3.737,0.166,Mid attention,Scalable,rain,24.4,58.7,180.41,61.45,0.224,0.1171,1.24,0.123,60.07,0.3711,0.5035,0.2731,0.5127,1.3814
2002_635_Turkey,2002,635,Turkey,Japan,B,group_or_knockout,Mengniu,win,3,1677,74.3,49.4,16.02,53.45,201.32,0.455,0.537,18.0,0.356,0.714,0.662,0.507,3.778,0.21,Mid attention,Scalable,clear,32.5,79.3,121.44,72.31,0.033,0.1235,2.95,0.046,43.59,0.4192,0.3363,0.2367,0.6093,1.4536
2002_636_Italy,2002,636,Italy,South Korea,B,group_or_knockout,Visa,loss,0,1755,77.8,61.6,11.04,57.85,192.22,0.499,0.428,33.4,0.799,0.761,0.842,0.524,3.247,0.097,Mid attention,Scalable,rain,16.6,84.9,181.08,103.95,0.163,0.2323,7.74,0.144,49.97,0.5017,0.5169,0.3587,0.4494,0.8957
2002_637_Brazil,2002,637,Brazil,England,B,group_or_knockout,Adidas,win,3,1829,78.8,57.4,18.61,57.85,164.76,0.484,0.616,33.15,0.938,0.809,0.916,0.74,3.549,0.107,Mid attention,Premium,clear,22.7,76.1,164.81,110.39,0.075,0.5826,4.48,0.21,49.6,0.4908,0.4497,0.5282,0.5826,1.187
2002_638_United_States,2002,638,United States,Germany,B,group_or_knockout,Vivo,loss,0,1578,71.9,31.0,12.75,53.45,139.85,0.393,0.424,22.58,0.432,0.676,0.652,0.378,4.103,0.182,Mid attention,Watchlist,clear,29.8,42.9,136.13,84.13,0.117,0.3476,6.18,0.192,59.39,0.3907,0.5321,0.3786,0.6072,1.5543
2002_639_Spain,2002,639,Spain,South Korea,B,group_or_knockout,Budweiser,draw,1,1708,77.4,45.2,19.26,51.25,288.93,0.512,0.647,27.85,0.714,0.724,0.933,0.614,3.275,0.118,Mid attention,Scalable,windy,30.6,61.2,136.88,109.88,0.271,0.4706,1.67,0.244,46.45,0.5239,0.3552,0.6237,0.4943,0.9434
2002_640_Turkey,2002,640,Turkey,Senegal,B,group_or_knockout,Mengniu,win,3,1677,74.3,49.4,16.02,53.45,121.51,0.426,0.502,18.0,0.356,0.714,0.662,0.488,3.367,0.187,Mid attention,Scalable,hot,14.5,65.0,154.49,112.4,0.209,0.2615,5.05,0.227,57.79,0.4205,0.5182,0.3518,0.4963,1.1802
2002_641_Germany,2002,641,Germany,South Korea,B,group_or_knockout,Coca-Cola,win,3,1798,81.3,65.9,22.15,53.45,166.03,0.4,0.683,29.19,0.759,0.859,0.907,0.69,3.121,0.107,High attention,Premium,hot,21.1,29.0,132.53,81.0,0.269,0.0906,2.86,0.196,50.89,0.4058,0.4068,0.2969,0.5266,1.2978
2002_642_Turkey,2002,642,Turkey,Brazil,B,group_or_knockout,Mengniu,loss,0,1677,74.3,49.4,16.02,53.45,123.8,0.432,0.503,18.0,0.356,0.714,0.662,0.39,4.035,0.224,Mid attention,Scalable,windy,31.1,65.5,160.86,59.24,0.189,0.1684,3.57,0.187,50.49,0.3399,0.4399,0.2842,0.6794,1.9991
2002_643_Turkey,2002,643,Turkey,South Korea,B,group_or_knockout,Mengniu,win,3,1677,74.3,49.4,16.02,62.25,293.28,0.679,0.631,18.0,0.356,0.714,0.662,0.583,3.404,0.189,Mid attention,Scalable,cloudy,26.0,94.4,174.45,118.57,0.196,0.1707,7.04,0.235,68.8,0.6418,0.6595,0.3994,0.5064,0.789
2002_644_Brazil,2002,644,Brazil,Germany,B,group_or_knockout,Adidas,win,3,1829,78.8,57.4,18.61,55.65,203.85,0.495,0.619,33.15,0.938,0.809,0.916,0.743,4.085,0.123,Mid attention,Premium,clear,24.2,68.2,143.49,67.67,-0.022,0.2109,2.21,0.072,52.24,0.4341,0.4183,0.2705,0.7109,1.6374
2006_645_Costa_Rica,2006,645,Costa Rica,Germany,B,group_or_knockout,Visa,loss,0,1585,73.1,26.3,15.16,65.91,155.77,0.565,0.57,31.23,0.76,0.677,0.885,0.577,4.245,0.136,Mid attention,Scalable,clear,21.7,81.6,294.64,131.53,0.124,0.3038,2.84,0.129,69.08,0.5908,0.7078,0.3638,0.6626,1.1215
2006_646_Ecuador,2006,646,Ecuador,Poland,B,group_or_knockout,McDonald's,win,3,1623,71.6,42.9,13.81,57.11,188.39,0.493,0.495,16.55,0.347,0.689,0.657,0.495,3.723,0.225,Mid attention,Scalable,cloudy,20.7,60.9,190.34,94.99,0.134,0.1826,0.9,0.166,53.27,0.4781,0.4499,0.3112,0.6006,1.2561
2006_647_Ivory_Coast,2006,647,Ivory Coast,Argentina,B,group_or_knockout,Budweiser,loss,0,1587,73.8,39.2,8.73,59.31,182.17,0.534,0.372,26.15,0.673,0.659,0.897,0.466,4.12,0.158,Mid attention,Scalable,clear,24.7,56.8,161.92,83.76,0.279,0.2018,4.67,0.242,48.44,0.4762,0.4401,0.3838,0.6606,1.3871
2006_648_Paraguay,2006,648,Paraguay,England,B,group_or_knockout,Hyundai,loss,0,1578,69.9,30.5,12.88,54.91,135.78,0.39,0.434,26.2,0.812,0.667,0.921,0.511,3.533,0.135,Mid attention,Scalable,windy,21.5,64.1,171.09,89.14,0.106,0.3815,1.62,0.16,43.88,0.4088,0.3639,0.393,0.527,1.2892
2006_649_Sweden,2006,649,Sweden,Trinidad and Tobago,B,group_or_knockout,Budweiser,draw,1,1654,74.4,39.2,19.34,52.71,186.25,0.45,0.613,26.29,0.687,0.705,0.91,0.581,2.699,0.103,Mid attention,Scalable,clear,22.7,44.9,122.5,83.95,0.183,0.3493,4.95,0.223,45.07,0.4189,0.38,0.4393,0.3382,0.8073
2006_650_Portugal,2006,650,Portugal,Angola,B,group_or_knockout,Mengniu,win,3,1702,76.8,47.1,14.4,54.91,174.99,0.452,0.491,17.76,0.359,0.8,0.643,0.49,2.844,0.16,Mid attention,Scalable,clear,23.5,42.6,147.9,115.43,0.179,0.2833,-0.66,0.172,57.11,0.4794,0.4202,0.3875,0.4043,0.8434
2006_651_Iran,2006,651,Iran,Mexico,B,group_or_knockout,Visa,loss,0,1519,68.7,30.6,12.34,61.51,186.72,0.596,0.483,29.04,0.732,0.637,0.935,0.54,3.89,0.134,Mid attention,Scalable,clear,18.9,78.3,170.58,72.5,0.272,0.3144,3.95,0.229,56.25,0.4825,0.5032,0.4564,0.5824,1.2072
2006_652_Netherlands,2006,652,Netherlands,Serbia,B,group_or_knockout,Hisense,win,3,1746,75.8,49.9,15.97,54.91,155.08,0.445,0.524,32.27,0.781,0.811,0.856,0.645,3.155,0.098,Mid attention,Premium,clear,26.2,80.0,120.78,115.67,0.143,0.2497,1.45,0.173,51.81,0.4646,0.3826,0.3368,0.4704,1.0124
2006_653_Japan,2006,653,Japan,Australia,B,group_or_knockout,Adidas,loss,0,1586,72.8,37.0,11.9,61.51,198.32,0.598,0.476,29.47,0.859,0.648,0.855,0.581,3.636,0.123,Mid attention,Scalable,clear,39.0,42.1,203.58,57.87,0.239,0.4304,4.33,0.231,50.23,0.4686,0.4881,0.5244,0.4935,1.0531
2006_654_Ghana,2006,654,Ghana,Italy,B,group_or_knockout,Mengniu,loss,0,1600,68.9,36.1,8.97,57.11,174.03,0.457,0.361,23.07,0.435,0.715,0.668,0.367,3.619,0.157,Mid attention,Watchlist,cloudy,12.3,73.5,151.2,108.51,-0.014,0.1978,2.77,0.142,57.36,0.4881,0.4771,0.2461,0.5085,1.0417
2006_655_Czech_Republic,2006,655,Czech Republic,United States,B,group_or_knockout,Coca-Cola,win,3,1562,68.1,35.4,7.39,59.31,172.31,0.527,0.332,28.08,0.71,0.72,0.846,0.562,3.151,0.112,Mid attention,Scalable,clear,24.9,56.6,163.03,124.29,-0.005,0.2848,1.68,0.11,63.42,0.5315,0.5227,0.3052,0.4256,0.8007
2006_656_Croatia,2006,656,Croatia,Brazil,B,group_or_knockout,Hisense,loss,0,1671,75.1,52.8,21.52,54.91,131.13,0.443,0.66,28.53,0.731,0.792,0.927,0.579,4.067,0.143,Mid attention,Scalable,cloudy,18.4,63.4,143.1,77.55,-0.072,0.264,1.99,0.053,55.18,0.3873,0.4395,0.2352,0.7277,1.879
2006_657_Switzerland,2006,657,Switzerland,France,B,group_or_knockout,Adidas,draw,1,1632,72.7,48.1,17.05,52.71,242.03,0.458,0.577,31.4,0.904,0.774,0.888,0.642,3.669,0.117,Mid attention,Premium,hot,26.5,65.4,331.82,52.45,0.235,0.2549,1.01,0.22,59.8,0.4126,0.6355,0.4377,0.5865,1.4216
2006_658_Togo,2006,658,Togo,South Korea,B,group_or_knockout,Vivo,loss,0,1388,62.3,11.8,6.61,59.31,126.3,0.486,0.292,18.08,0.368,0.56,0.661,0.324,3.229,0.179,Low attention,Watchlist,cloudy,23.3,73.9,150.98,115.42,0.224,0.2485,4.56,0.232,46.61,0.4827,0.4131,0.3531,0.3574,0.7403
2006_659_Poland,2006,659,Poland,Germany,B,group_or_knockout,Coca-Cola,loss,0,1685,72.7,42.5,15.85,54.91,176.87,0.498,0.53,28.97,0.734,0.749,0.899,0.541,4.143,0.143,Mid attention,Scalable,rain,27.6,59.3,98.35,109.59,0.246,0.3554,0.6,0.244,43.14,0.4718,0.276,0.465,0.7041,1.4924
2006_660_Ukraine,2006,660,Ukraine,Spain,B,group_or_knockout,Qatar Airways,loss,0,1608,69.7,40.1,8.26,61.51,160.7,0.519,0.364,21.7,0.4,0.637,0.665,0.368,3.885,0.179,Mid attention,Watchlist,clear,30.1,80.6,123.87,82.25,0.088,0.1962,2.24,0.156,59.05,0.4778,0.4585,0.2815,0.5394,1.129
2006_661_Saudi_Arabia,2006,661,Saudi Arabia,Tunisia,B,group_or_knockout,Visa,draw,1,1543,68.2,34.6,13.01,61.51,287.69,0.564,0.544,27.16,0.698,0.648,0.864,0.579,3.781,0.139,Mid attention,Scalable,clear,24.2,63.0,223.41,96.83,0.1,0.1934,3.53,0.081,53.88,0.5971,0.5249,0.3679,0.5476,0.9171
2006_662_Costa_Rica,2006,662,Costa Rica,Ecuador,B,group_or_knockout,Visa,loss,0,1585,73.1,26.3,15.16,59.31,131.6,0.484,0.519,31.23,0.76,0.677,0.885,0.543,3.362,0.108,Mid attention,Scalable,clear,29.8,68.0,248.86,115.79,0.144,0.3547,6.19,0.081,60.92,0.4873,0.6478,0.3898,0.449,0.9213
2006_663_Trinidad_and_Tobago,2006,663,Trinidad and Tobago,England,B,group_or_knockout,Mengniu,loss,0,1388,61.5,12.4,5.13,57.11,132.83,0.436,0.242,22.28,0.402,0.531,0.623,0.307,3.597,0.161,Low attention,Watchlist,windy,8.9,44.7,144.68,65.66,0.301,0.2921,2.78,0.281,60.85,0.3904,0.5009,0.4197,0.3726,0.9545
2006_664_Paraguay,2006,664,Paraguay,Sweden,B,group_or_knockout,Hyundai,loss,0,1578,69.9,30.5,12.88,54.91,119.6,0.417,0.427,26.2,0.812,0.667,0.921,0.514,3.703,0.141,Mid attention,Scalable,cloudy,32.5,92.5,227.11,94.32,0.326,0.3254,2.29,0.265,44.85,0.4045,0.4332,0.4437,0.5689,1.4066
2006_665_Serbia,2006,665,Serbia,Argentina,B,group_or_knockout,Vivo,loss,0,1559,68.8,36.3,15.31,65.91,206.2,0.605,0.596,23.55,0.481,0.729,0.727,0.499,4.193,0.178,Mid attention,Scalable,clear,25.3,65.5,238.34,96.22,0.236,0.1515,3.37,0.191,73.18,0.5745,0.6993,0.3479,0.6828,1.1885
2006_666_Angola,2006,666,Angola,Mexico,B,group_or_knockout,Vivo,draw,1,1388,62.0,14.2,4.22,52.71,102.55,0.344,0.178,18.09,0.364,0.538,0.708,0.287,3.751,0.207,Low attention,Watchlist,cloudy,29.5,69.4,151.02,59.39,0.189,0.1335,-1.55,0.194,41.68,0.3171,0.2791,0.2478,0.5029,1.5858
2006_667_Ivory_Coast,2006,667,Ivory Coast,Netherlands,B,group_or_knockout,Budweiser,loss,0,1587,73.8,39.2,8.73,59.31,148.23,0.451,0.357,26.15,0.673,0.659,0.897,0.446,3.739,0.143,Mid attention,Scalable,hot,15.7,32.3,166.95,117.49,0.29,0.3005,0.28,0.3,60.96,0.5026,0.4843,0.4303,0.5644,1.1229
2006_668_Ghana,2006,668,Ghana,Czech Republic,B,group_or_knockout,Mengniu,win,3,1600,68.9,36.1,8.97,57.11,89.33,0.445,0.324,23.07,0.435,0.715,0.668,0.451,3.298,0.143,Low attention,Scalable,rain,18.0,44.8,179.5,75.5,0.131,0.1622,2.01,0.196,52.45,0.3725,0.4499,0.232,0.4256,1.1427
2006_669_United_States,2006,669,United States,Italy,B,group_or_knockout,Vivo,draw,1,1578,71.9,31.0,12.75,57.11,174.57,0.473,0.461,22.58,0.432,0.676,0.652,0.44,3.597,0.159,Mid attention,Scalable,cloudy,23.9,77.8,213.65,120.77,0.117,0.2463,1.3,0.182,58.27,0.5076,0.5194,0.3358,0.4753,0.9365
2006_670_Iran,2006,670,Iran,Portugal,B,group_or_knockout,Visa,loss,0,1519,68.7,30.6,12.34,57.11,141.87,0.396,0.436,29.04,0.732,0.637,0.935,0.486,3.377,0.116,Mid attention,Scalable,hot,22.9,62.6,189.48,93.64,0.143,0.3829,-0.56,0.141,46.55,0.4406,0.3702,0.4143,0.4559,1.0348
2006_671_Australia,2006,671,Australia,Brazil,B,group_or_knockout,Hyundai,loss,0,1539,69.8,32.1,7.37,57.11,107.59,0.465,0.29,29.32,0.866,0.705,0.903,0.489,4.094,0.14,Low attention,Scalable,rain,24.7,27.4,144.86,89.6,0.058,0.2416,4.6,0.093,63.81,0.4082,0.5535,0.2629,0.6631,1.6244
2006_672_South_Korea,2006,672,South Korea,France,B,group_or_knockout,McDonald's,draw,1,1548,70.3,20.2,12.83,57.11,221.17,0.525,0.484,25.44,0.51,0.67,0.723,0.485,3.705,0.146,Mid attention,Scalable,cloudy,29.5,74.6,164.26,82.83,0.139,0.1782,3.35,0.065,63.82,0.4842,0.5524,0.332,0.5024,1.0374
2006_673_Croatia,2006,673,Croatia,Japan,B,group_or_knockout,Hisense,draw,1,1671,75.1,52.8,21.52,52.71,104.44,0.373,0.635,28.53,0.731,0.792,0.927,0.59,3.638,0.128,Mid attention,Scalable,clear,12.4,49.3,259.85,74.89,0.044,0.2414,3.09,0.137,50.97,0.3426,0.5268,0.2545,0.622,1.8156
2006_674_Ukraine,2006,674,Ukraine,Saudi Arabia,B,group_or_knockout,Qatar Airways,win,3,1608,69.7,40.1,8.26,61.51,219.72,0.53,0.389,21.7,0.4,0.637,0.665,0.479,3.615,0.167,Mid attention,Scalable,clear,28.8,80.6,196.76,120.77,0.259,0.408,1.34,0.268,59.26,0.5824,0.513,0.5327,0.4694,0.806
2006_675_Tunisia,2006,675,Tunisia,Spain,B,group_or_knockout,Hyundai,loss,0,1519,66.6,27.6,11.21,61.51,144.45,0.54,0.434,28.75,0.839,0.649,0.867,0.548,3.89,0.135,Mid attention,Scalable,windy,23.0,56.6,229.64,109.53,0.211,0.2575,2.97,0.234,62.03,0.5077,0.591,0.365,0.5656,1.1141
2006_676_Switzerland,2006,676,Switzerland,Togo,B,group_or_knockout,Adidas,win,3,1632,72.7,48.1,17.05,57.11,255.55,0.55,0.61,31.4,0.904,0.774,0.888,0.738,3.085,0.098,Mid attention,Premium,cloudy,21.8,61.3,196.36,108.84,0.299,0.0683,3.88,0.236,56.47,0.5507,0.5275,0.3542,0.4446,0.8073
2006_677_Poland,2006,677,Poland,Costa Rica,B,group_or_knockout,Coca-Cola,win,3,1685,72.7,42.5,15.85,59.31,209.07,0.6,0.571,28.97,0.734,0.749,0.899,0.675,3.509,0.121,Mid attention,Premium,clear,14.2,76.9,190.78,85.85,-0.007,0.205,2.24,0.082,57.87,0.4999,0.5094,0.2767,0.5481,1.0964
2006_678_Ecuador,2006,678,Ecuador,Germany,B,group_or_knockout,McDonald's,loss,0,1623,71.6,42.9,13.81,59.31,127.81,0.493,0.482,16.55,0.347,0.689,0.657,0.39,4.131,0.25,Mid attention,Scalable,cloudy,26.0,43.6,183.09,73.54,0.346,0.2378,3.73,0.229,58.84,0.419,0.5332,0.4013,0.7157,1.7083
2006_679_Trinidad_and_Tobago,2006,679,Trinidad and Tobago,Paraguay,B,group_or_knockout,Mengniu,loss,0,1388,61.5,12.4,5.13,57.11,126.24,0.466,0.239,22.28,0.402,0.531,0.623,0.312,3.86,0.173,Low attention,Watchlist,clear,8.5,42.1,214.72,57.85,-0.001,0.3409,1.13,0.074,62.2,0.3732,0.5511,0.3131,0.4412,1.1821
2006_680_England,2006,680,England,Sweden,B,group_or_knockout,McDonald's,draw,1,1695,76.6,52.6,19.34,61.51,208.25,0.554,0.677,20.29,0.432,0.819,0.654,0.537,3.827,0.189,High attention,Scalable,hot,26.9,54.9,221.15,117.46,0.036,0.2663,3.0,0.107,61.51,0.5685,0.5793,0.3348,0.6557,1.1534
2006_681_Angola,2006,681,Angola,Iran,B,group_or_knockout,Vivo,draw,1,1388,62.0,14.2,4.22,57.11,151.64,0.495,0.226,18.09,0.364,0.538,0.708,0.332,3.524,0.195,Low attention,Watchlist,clear,14.0,71.2,183.27,82.23,0.094,0.2903,5.2,0.106,48.57,0.4304,0.4687,0.3391,0.4414,1.0257
2006_682_Serbia,2006,682,Serbia,Ivory Coast,B,group_or_knockout,Vivo,loss,0,1559,68.8,36.3,15.31,63.71,173.63,0.578,0.569,23.55,0.481,0.729,0.727,0.484,3.667,0.156,Mid attention,Scalable,rain,23.3,36.7,160.92,99.51,0.287,0.2719,5.39,0.29,70.65,0.5346,0.6379,0.4271,0.5484,1.0258
2006_683_Argentina,2006,683,Argentina,Netherlands,B,group_or_knockout,Hyundai,draw,1,1753,76.8,58.0,19.5,52.71,215.08,0.499,0.63,30.74,0.903,0.813,0.936,0.669,3.697,0.12,Mid attention,Premium,cloudy,22.3,31.3,174.37,79.6,0.179,0.1457,5.59,0.119,45.21,0.4341,0.4381,0.3247,0.6399,1.474
2006_684_Mexico,2006,684,Mexico,Portugal,B,group_or_knockout,Hyundai,loss,0,1612,72.1,37.6,18.89,59.31,137.43,0.474,0.62,28.5,0.853,0.712,0.897,0.611,3.377,0.118,Mid attention,Scalable,clear,30.0,71.2,175.22,86.62,0.132,0.1467,3.4,0.137,49.79,0.4466,0.4445,0.2538,0.493,1.1038
2006_685_Australia,2006,685,Australia,Croatia,B,group_or_knockout,Hyundai,draw,1,1539,69.8,32.1,7.37,61.51,180.33,0.529,0.349,29.32,0.866,0.705,0.903,0.556,3.82,0.13,Mid attention,Scalable,clear,21.9,48.4,171.08,110.05,0.077,0.2243,2.87,0.058,70.06,0.5358,0.6041,0.3076,0.5951,1.1106
2006_686_Italy,2006,686,Italy,Czech Republic,B,group_or_knockout,Visa,win,3,1755,77.8,61.6,11.04,57.11,213.21,0.5,0.433,33.4,0.799,0.761,0.842,0.626,3.37,0.101,Mid attention,Premium,rain,18.8,51.7,335.18,96.59,0.019,0.0992,1.86,0.099,48.93,0.4995,0.5595,0.2225,0.4793,0.9595
2006_687_United_States,2006,687,United States,Ghana,B,group_or_knockout,Vivo,loss,0,1578,71.9,31.0,12.75,59.31,212.58,0.559,0.491,22.58,0.432,0.676,0.652,0.434,3.045,0.135,Mid attention,Scalable,clear,20.0,28.3,121.27,128.33,0.269,0.2527,-1.0,0.217,48.4,0.5685,0.3172,0.4321,0.333,0.5857
2006_688_Brazil,2006,688,Brazil,Japan,B,group_or_knockout,Adidas,win,3,1829,78.8,57.4,18.61,63.71,174.1,0.603,0.656,33.15,0.938,0.809,0.916,0.777,3.702,0.112,Mid attention,Premium,clear,30.6,47.1,243.22,68.84,0.236,0.181,-0.02,0.182,62.58,0.4874,0.5629,0.346,0.6198,1.2716
2006_689_Spain,2006,689,Spain,Saudi Arabia,B,group_or_knockout,Budweiser,win,3,1708,77.4,45.2,19.26,54.91,144.72,0.431,0.606,27.85,0.714,0.724,0.933,0.651,3.426,0.123,Mid attention,Premium,rain,26.2,57.9,132.96,90.36,0.291,0.1255,2.45,0.18,59.18,0.4175,0.4711,0.3153,0.5311,1.2721
2006_690_South_Korea,2006,690,South Korea,Switzerland,B,group_or_knockout,McDonald's,loss,0,1548,70.3,20.2,12.83,57.11,100.29,0.427,0.431,25.44,0.51,0.67,0.723,0.414,3.824,0.15,Mid attention,Scalable,clear,20.7,72.9,177.29,56.09,0.196,0.3215,2.57,0.191,45.79,0.3507,0.4,0.3709,0.5315,1.5152
2006_691_France,2006,691,France,Togo,B,group_or_knockout,Qatar Airways,win,3,1748,77.8,46.5,18.67,57.11,121.42,0.461,0.594,24.02,0.51,0.801,0.711,0.582,2.967,0.124,Mid attention,Scalable,clear,21.6,45.7,326.07,111.38,-0.108,0.1409,5.77,0.016,54.62,0.4525,0.6584,0.1333,0.4064,0.8981
2006_692_Tunisia,2006,692,Tunisia,Ukraine,B,group_or_knockout,Hyundai,loss,0,1519,66.6,27.6,11.21,54.91,171.54,0.454,0.406,28.75,0.839,0.649,0.867,0.521,3.135,0.109,Mid attention,Scalable,clear,13.6,84.5,129.68,93.41,0.032,0.3112,5.56,0.111,44.18,0.4426,0.3882,0.3381,0.3801,0.8588
2006_693_Mexico,2006,693,Mexico,Argentina,B,group_or_knockout,Hyundai,loss,0,1612,72.1,37.6,18.89,59.31,163.07,0.531,0.631,28.5,0.853,0.712,0.897,0.626,4.113,0.144,Mid attention,Premium,hot,25.3,47.0,148.68,86.41,0.203,0.4405,1.36,0.276,55.42,0.4658,0.4371,0.492,0.6746,1.4484
2006_694_Sweden,2006,694,Sweden,Germany,B,group_or_knockout,Budweiser,loss,0,1654,74.4,39.2,19.34,57.11,166.66,0.42,0.631,26.29,0.687,0.705,0.91,0.549,4.174,0.159,Mid attention,Scalable,clear,12.4,47.1,170.82,110.96,0.119,0.1602,4.52,0.146,51.62,0.4863,0.4729,0.2759,0.7076,1.4549
2006_695_Ecuador,2006,695,Ecuador,England,B,group_or_knockout,McDonald's,loss,0,1623,71.6,42.9,13.81,54.91,209.91,0.463,0.491,16.55,0.347,0.689,0.657,0.388,3.584,0.217,Mid attention,Scalable,clear,27.5,82.6,133.47,81.9,0.1,0.182,1.8,0.153,45.54,0.454,0.3464,0.3098,0.5621,1.2381
2006_696_Netherlands,2006,696,Netherlands,Portugal,B,group_or_knockout,Hisense,loss,0,1746,75.8,49.9,15.97,54.91,112.53,0.401,0.506,32.27,0.781,0.811,0.856,0.53,3.279,0.102,Mid attention,Scalable,clear,23.8,61.4,205.76,65.68,0.046,0.1515,4.23,0.089,61.23,0.3547,0.5816,0.2026,0.5004,1.4109
2006_697_Australia,2006,697,Australia,Italy,B,group_or_knockout,Hyundai,loss,0,1539,69.8,32.1,7.37,54.91,146.87,0.381,0.294,29.32,0.866,0.705,0.903,0.475,3.565,0.122,Low attention,Scalable,clear,37.3,49.2,144.32,83.15,0.251,0.3333,4.49,0.188,55.38,0.4079,0.4801,0.4333,0.5335,1.3078
2006_698_Ukraine,2006,698,Ukraine,Switzerland,B,group_or_knockout,Qatar Airways,draw,1,1608,69.7,40.1,8.26,52.71,158.8,0.401,0.309,21.7,0.4,0.637,0.665,0.359,3.834,0.177,Low attention,Watchlist,clear,16.4,55.5,186.48,52.29,0.202,0.2628,5.41,0.186,57.11,0.349,0.547,0.3739,0.5265,1.5089
2006_699_Ghana,2006,699,Ghana,Brazil,B,group_or_knockout,Mengniu,loss,0,1600,68.9,36.1,8.97,59.31,139.16,0.464,0.36,23.07,0.435,0.715,0.668,0.368,4.116,0.178,Mid attention,Watchlist,clear,22.4,79.6,127.8,122.61,0.206,0.1781,1.77,0.271,65.61,0.5037,0.5105,0.308,0.6359,1.2624
2006_700_France,2006,700,France,Spain,B,group_or_knockout,Qatar Airways,win,3,1748,77.8,46.5,18.67,61.51,262.44,0.589,0.682,24.02,0.51,0.801,0.711,0.639,3.959,0.165,High attention,Premium,clear,33.8,81.5,117.62,113.81,0.093,0.3626,4.93,0.138,68.58,0.6042,0.5741,0.4577,0.6594,1.0914
2006_701_Argentina,2006,701,Argentina,Germany,B,group_or_knockout,Hyundai,draw,1,1753,76.8,58.0,19.5,57.11,210.48,0.542,0.655,30.74,0.903,0.813,0.936,0.687,4.152,0.135,Mid attention,Premium,clear,30.1,44.9,162.02,107.85,0.174,0.214,-1.13,0.183,59.93,0.5149,0.4498,0.3636,0.7508,1.4581
2006_702_Ukraine,2006,702,Ukraine,Italy,B,group_or_knockout,Qatar Airways,loss,0,1608,69.7,40.1,8.26,59.31,183.83,0.511,0.36,21.7,0.4,0.637,0.665,0.365,3.633,0.167,Mid attention,Watchlist,hot,18.8,57.3,120.38,120.81,0.022,0.1506,5.52,0.065,52.82,0.5349,0.4522,0.2379,0.473,0.8842
2006_703_France,2006,703,France,Brazil,B,group_or_knockout,Qatar Airways,win,3,1748,77.8,46.5,18.67,54.91,259.32,0.49,0.641,24.02,0.51,0.801,0.711,0.605,4.124,0.172,Mid attention,Scalable,clear,24.3,59.4,241.11,105.92,0.143,0.2226,2.75,0.058,59.22,0.5289,0.5744,0.3873,0.7017,1.3268
2006_704_Portugal,2006,704,Portugal,England,B,group_or_knockout,Mengniu,draw,1,1702,76.8,47.1,14.4,52.71,99.0,0.387,0.445,17.76,0.359,0.8,0.643,0.394,3.443,0.194,Mid attention,Scalable,clear,23.0,42.2,108.02,77.03,-0.097,0.1998,2.79,0.018,50.98,0.3418,0.3842,0.1616,0.5696,1.6668
2006_705_Italy,2006,705,Italy,Germany,B,group_or_knockout,Visa,win,3,1755,77.8,61.6,11.04,57.11,162.85,0.509,0.411,33.4,0.799,0.761,0.842,0.619,4.136,0.124,Mid attention,Scalable,hot,24.7,57.1,132.36,60.21,-0.001,0.1072,-1.48,0.166,50.13,0.4048,0.3346,0.186,0.6628,1.6375
2006_706_France,2006,706,France,Portugal,B,group_or_knockout,Qatar Airways,win,3,1748,77.8,46.5,18.67,54.91,173.86,0.435,0.603,24.02,0.51,0.801,0.711,0.581,3.33,0.139,Mid attention,Scalable,hot,18.8,58.1,182.93,76.07,0.124,0.0901,1.98,0.157,50.46,0.4175,0.4357,0.2375,0.499,1.1951
2006_707_Portugal,2006,707,Portugal,Germany,B,group_or_knockout,Mengniu,loss,0,1702,76.8,47.1,14.4,61.51,136.06,0.487,0.515,17.76,0.359,0.8,0.643,0.405,4.153,0.234,Mid attention,Scalable,rain,22.5,76.2,159.59,130.05,0.394,0.1029,5.65,0.317,54.65,0.5331,0.5053,0.3407,0.7652,1.4355
2006_708_France,2006,708,France,Italy,B,group_or_knockout,Qatar Airways,draw,1,1748,77.8,46.5,18.67,57.11,177.54,0.505,0.619,24.02,0.51,0.801,0.711,0.533,3.552,0.148,Mid attention,Scalable,clear,13.4,77.3,117.38,121.86,-0.024,0.0776,1.9,0.055,54.13,0.5115,0.4059,0.1662,0.5554,1.0857
2010_709_Mexico,2010,709,Mexico,South Africa,B,group_or_knockout,Hyundai,draw,1,1612,72.1,37.6,18.89,58.57,122.78,0.464,0.609,28.5,0.853,0.712,0.897,0.639,3.081,0.108,Mid attention,Premium,clear,23.8,52.7,293.01,111.18,0.032,0.1334,4.3,0.013,62.16,0.4667,0.6699,0.1914,0.4205,0.9011
2010_710_France,2010,710,France,Uruguay,B,group_or_knockout,Qatar Airways,draw,1,1748,77.8,46.5,18.67,54.17,187.82,0.481,0.605,24.02,0.51,0.801,0.711,0.523,3.569,0.149,Mid attention,Scalable,clear,25.7,54.6,126.69,63.15,0.178,0.2769,2.87,0.138,51.71,0.4013,0.4085,0.3913,0.5601,1.3956
2010_711_Nigeria,2010,711,Nigeria,Argentina,B,group_or_knockout,Coca-Cola,loss,0,1585,75.3,31.3,8.19,56.37,216.62,0.506,0.355,26.63,0.705,0.744,0.906,0.465,4.126,0.155,Mid attention,Scalable,clear,21.6,68.6,161.24,64.98,0.333,0.2574,5.03,0.26,49.4,0.4463,0.4531,0.4661,0.7164,1.6053
2010_712_United_States,2010,712,United States,England,B,group_or_knockout,Vivo,draw,1,1578,71.9,31.0,12.75,58.57,180.63,0.527,0.473,22.58,0.432,0.676,0.652,0.455,3.607,0.16,Mid attention,Scalable,clear,13.3,48.6,166.99,119.7,0.176,0.3553,3.2,0.193,47.53,0.5239,0.4149,0.4364,0.4787,0.9136
2010_713_Greece,2010,713,Greece,South Korea,B,group_or_knockout,Budweiser,loss,0,1521,66.0,32.8,9.21,58.57,99.63,0.426,0.344,30.87,0.736,0.686,0.866,0.458,3.129,0.101,Mid attention,Scalable,cloudy,28.9,67.4,210.15,63.52,0.226,0.2418,0.84,0.196,63.73,0.3752,0.5555,0.3323,0.3917,1.0441
2010_714_Slovenia,2010,714,Slovenia,Algeria,B,group_or_knockout,Vivo,win,3,1491,66.6,28.9,8.67,56.37,122.88,0.445,0.327,14.76,0.283,0.658,0.571,0.4,3.314,0.225,Low attention,Scalable,clear,25.2,56.6,190.1,93.54,0.122,0.2143,2.92,0.128,52.44,0.4192,0.4732,0.2836,0.4662,1.1122
2010_715_Australia,2010,715,Australia,Germany,B,group_or_knockout,Hyundai,loss,0,1539,69.8,32.1,7.37,62.97,210.77,0.571,0.371,29.32,0.866,0.705,0.903,0.538,4.253,0.145,Mid attention,Scalable,cloudy,18.6,42.5,153.85,87.64,0.105,0.1938,6.16,0.171,59.13,0.5377,0.5457,0.3202,0.7015,1.3048
2010_716_Ghana,2010,716,Ghana,Serbia,B,group_or_knockout,Mengniu,win,3,1600,68.9,36.1,8.97,56.37,162.04,0.438,0.352,23.07,0.435,0.715,0.668,0.46,3.207,0.139,Mid attention,Scalable,clear,21.3,42.7,156.1,72.86,0.164,0.1807,3.85,0.144,59.47,0.417,0.5157,0.3061,0.4021,0.9644
2010_717_Paraguay,2010,717,Paraguay,Italy,B,group_or_knockout,Hyundai,draw,1,1578,69.9,30.5,12.88,58.57,78.72,0.398,0.432,26.2,0.812,0.667,0.921,0.545,3.523,0.134,Mid attention,Scalable,clear,14.0,81.2,166.25,104.29,0.09,0.1983,2.56,0.142,63.6,0.4224,0.5404,0.2303,0.5236,1.2395
2010_718_Cameroon,2010,718,Cameroon,Japan,B,group_or_knockout,Coca-Cola,loss,0,1542,68.0,29.1,10.52,56.37,228.13,0.533,0.421,31.97,0.771,0.693,0.92,0.518,3.827,0.12,Mid attention,Scalable,rain,16.8,55.5,204.22,121.05,0.229,0.2348,7.54,0.204,54.34,0.542,0.5719,0.413,0.5815,1.073
2010_719_Denmark,2010,719,Denmark,Netherlands,B,group_or_knockout,Coca-Cola,loss,0,1642,71.5,43.1,19.09,58.57,173.9,0.494,0.637,33.85,0.793,0.715,0.895,0.6,3.784,0.112,Mid attention,Scalable,hot,19.8,84.2,131.39,111.92,-0.004,0.3049,5.23,0.086,59.02,0.5068,0.5103,0.3197,0.5669,1.1186
2010_720_North_Korea,2010,720,North Korea,Brazil,B,group_or_knockout,Adidas,loss,0,1482,66.9,26.9,8.79,60.77,138.07,0.477,0.363,26.45,0.823,0.656,0.915,0.504,4.146,0.157,Mid attention,Scalable,clear,30.4,49.8,302.36,93.1,0.245,0.0939,4.52,0.158,52.63,0.4705,0.6011,0.2702,0.6693,1.4225
2010_721_Portugal,2010,721,Portugal,Ivory Coast,B,group_or_knockout,Mengniu,draw,1,1702,76.8,47.1,14.4,54.17,204.53,0.471,0.5,17.76,0.359,0.8,0.643,0.43,3.562,0.201,Mid attention,Scalable,cloudy,19.2,62.7,134.6,79.79,0.16,0.2723,3.47,0.154,60.49,0.4398,0.4991,0.3912,0.6028,1.3706
2010_722_Slovakia,2010,722,Slovakia,New Zealand,B,group_or_knockout,Mengniu,draw,1,1525,72.8,26.2,7.47,58.57,138.45,0.511,0.315,15.95,0.312,0.642,0.626,0.351,2.866,0.18,Low attention,Watchlist,clear,26.8,96.0,175.57,121.82,0.135,0.1725,4.33,0.216,57.66,0.4951,0.5254,0.2725,0.3266,0.6596
2010_723_Chile,2010,723,Chile,Honduras,B,group_or_knockout,Hisense,win,3,1622,72.9,38.6,16.65,56.37,132.84,0.389,0.541,27.36,0.7,0.681,0.911,0.614,2.972,0.109,Mid attention,Scalable,clear,19.8,41.1,126.71,93.1,-0.008,0.3536,4.4,0.142,58.57,0.4261,0.4897,0.3226,0.3854,0.9045
2010_724_Uruguay,2010,724,Uruguay,South Africa,B,group_or_knockout,Vivo,win,3,1684,74.8,44.8,20.58,60.77,191.99,0.499,0.698,19.75,0.443,0.797,0.741,0.605,3.148,0.159,High attention,Scalable,rain,24.5,27.6,131.97,93.93,0.058,0.2667,-1.78,0.16,49.9,0.5129,0.3278,0.3342,0.4989,0.9727
2010_725_Switzerland,2010,725,Switzerland,Spain,B,group_or_knockout,Adidas,win,3,1632,72.7,48.1,17.05,56.37,265.24,0.513,0.609,31.4,0.904,0.774,0.888,0.731,3.9,0.124,Mid attention,Premium,clear,22.2,78.6,136.09,100.77,0.276,0.1138,3.63,0.177,56.89,0.5388,0.4724,0.3798,0.642,1.1915
2010_726_South_Korea,2010,726,South Korea,Argentina,B,group_or_knockout,McDonald's,loss,0,1548,70.3,20.2,12.83,65.17,293.42,0.696,0.564,25.44,0.51,0.67,0.723,0.513,4.279,0.168,Mid attention,Scalable,cloudy,28.2,44.8,153.6,78.74,0.135,0.2622,2.46,0.105,59.49,0.607,0.4926,0.4317,0.6464,1.0648
2010_727_Mexico,2010,727,Mexico,France,B,group_or_knockout,Hyundai,win,3,1612,72.1,37.6,18.89,58.57,185.11,0.519,0.637,28.5,0.853,0.712,0.897,0.725,3.669,0.129,Mid attention,Premium,cloudy,19.8,57.7,158.64,57.57,0.184,0.1203,1.75,0.205,55.17,0.4311,0.45,0.2909,0.566,1.3129
2010_728_Nigeria,2010,728,Nigeria,Greece,B,group_or_knockout,Coca-Cola,loss,0,1585,75.3,31.3,8.19,60.77,197.66,0.565,0.373,26.63,0.705,0.744,0.906,0.483,3.408,0.128,Mid attention,Scalable,clear,13.6,48.6,142.93,122.25,0.068,0.1449,2.39,0.148,62.32,0.5611,0.5058,0.2636,0.537,0.9571
2010_729_Algeria,2010,729,Algeria,England,B,group_or_knockout,Hisense,draw,1,1543,72.2,36.3,11.9,54.17,193.2,0.435,0.429,30.28,0.732,0.66,0.889,0.523,3.564,0.118,Mid attention,Scalable,clear,14.7,62.3,193.64,91.52,0.153,0.2266,-0.47,0.167,57.78,0.4494,0.4704,0.3512,0.4932,1.0975
2010_730_Serbia,2010,730,Serbia,Germany,B,group_or_knockout,Vivo,win,3,1559,68.8,36.3,15.31,56.37,113.29,0.408,0.497,23.55,0.481,0.729,0.727,0.526,4.056,0.172,Mid attention,Scalable,clear,19.8,42.8,139.24,62.82,0.019,0.17,-0.99,0.083,51.06,0.3643,0.3562,0.2031,0.6474,1.7774
2010_731_United_States,2010,731,United States,Slovenia,B,group_or_knockout,Vivo,draw,1,1578,71.9,31.0,12.75,62.97,215.51,0.592,0.515,22.58,0.432,0.676,0.652,0.482,3.216,0.142,Mid attention,Scalable,windy,15.5,55.1,151.29,81.07,0.166,0.3337,5.42,0.126,68.91,0.5311,0.6149,0.4408,0.3765,0.7089
2010_732_Denmark,2010,732,Denmark,Cameroon,B,group_or_knockout,Coca-Cola,win,3,1642,71.5,43.1,19.09,60.77,141.39,0.509,0.636,33.85,0.793,0.715,0.895,0.703,3.29,0.097,Mid attention,Premium,cloudy,25.5,65.2,165.48,132.9,0.193,0.2251,3.77,0.211,52.19,0.5347,0.4615,0.3341,0.4483,0.8383
2010_733_Australia,2010,733,Australia,Ghana,B,group_or_knockout,Hyundai,draw,1,1539,69.8,32.1,7.37,58.57,182.98,0.524,0.332,29.32,0.866,0.705,0.903,0.548,3.026,0.103,Mid attention,Scalable,clear,20.2,41.9,225.53,101.02,0.188,0.1633,-2.27,0.214,57.55,0.4968,0.4702,0.3191,0.4005,0.8062
2010_734_Japan,2010,734,Japan,Netherlands,B,group_or_knockout,Adidas,loss,0,1586,72.8,37.0,11.9,56.37,151.15,0.459,0.424,29.47,0.859,0.648,0.855,0.536,3.728,0.127,Mid attention,Scalable,clear,37.2,46.8,178.69,97.35,0.066,0.2299,1.59,0.099,47.04,0.4466,0.397,0.2873,0.5172,1.1581
2010_735_Ivory_Coast,2010,735,Ivory Coast,Brazil,B,group_or_knockout,Budweiser,loss,0,1587,73.8,39.2,8.73,62.97,207.06,0.582,0.405,26.15,0.673,0.659,0.897,0.488,4.219,0.161,Mid attention,Scalable,cloudy,12.6,52.4,184.52,62.58,0.122,0.1397,4.65,0.112,55.67,0.496,0.5215,0.2903,0.6843,1.3797
2010_736_New_Zealand,2010,736,New Zealand,Italy,B,group_or_knockout,McDonald's,draw,1,1404,64.7,15.2,8.37,58.57,173.0,0.507,0.354,20.14,0.367,0.556,0.654,0.384,3.652,0.181,Mid attention,Scalable,clear,24.2,35.1,122.97,126.49,0.21,0.2897,2.21,0.238,64.56,0.5287,0.5039,0.4041,0.4389,0.8302
2010_737_Paraguay,2010,737,Paraguay,Slovakia,B,group_or_knockout,Hyundai,win,3,1578,69.9,30.5,12.88,58.57,70.79,0.457,0.428,26.2,0.812,0.667,0.921,0.621,3.107,0.119,Mid attention,Premium,cloudy,16.2,51.2,132.23,120.69,0.135,0.0629,5.41,0.114,45.93,0.4418,0.4031,0.1575,0.4205,0.9518
2010_738_Switzerland,2010,738,Switzerland,Chile,B,group_or_knockout,Adidas,loss,0,1632,72.7,48.1,17.05,56.37,169.36,0.498,0.568,31.4,0.904,0.774,0.888,0.613,3.7,0.118,Mid attention,Scalable,rain,20.0,59.9,123.02,90.88,0.127,0.091,5.0,0.201,62.55,0.4505,0.5291,0.2365,0.5941,1.3188
2010_739_North_Korea,2010,739,North Korea,Portugal,B,group_or_knockout,Adidas,loss,0,1482,66.9,26.9,8.79,69.57,237.97,0.624,0.461,26.45,0.823,0.656,0.915,0.567,3.554,0.134,Mid attention,Scalable,cloudy,23.8,51.6,289.76,90.59,0.347,0.2019,-0.05,0.242,62.49,0.6236,0.604,0.4504,0.5203,0.8344
2010_740_Honduras,2010,740,Honduras,Spain,B,group_or_knockout,Visa,loss,0,1414,62.9,9.5,7.33,58.57,189.63,0.452,0.334,28.19,0.694,0.538,0.906,0.444,3.951,0.14,Mid attention,Scalable,clear,9.0,53.7,200.91,105.86,0.061,0.357,2.5,0.119,60.36,0.5093,0.5436,0.3924,0.5272,1.035
2010_741_Argentina,2010,741,Argentina,Greece,B,group_or_knockout,Hyundai,win,3,1753,76.8,58.0,19.5,58.57,162.63,0.524,0.643,30.74,0.903,0.813,0.936,0.745,3.282,0.107,Mid attention,Premium,clear,24.4,57.7,141.86,116.17,0.264,0.2369,1.86,0.214,47.62,0.5048,0.3725,0.3871,0.5398,1.0693
2010_742_Uruguay,2010,742,Uruguay,Mexico,B,group_or_knockout,Vivo,win,3,1684,74.8,44.8,20.58,56.37,255.12,0.564,0.698,19.75,0.443,0.797,0.741,0.617,3.853,0.195,High attention,Scalable,clear,34.4,47.5,147.06,108.34,0.041,0.1462,-0.12,0.089,56.98,0.5428,0.4265,0.29,0.688,1.2675
2010_743_South_Korea,2010,743,South Korea,Nigeria,B,group_or_knockout,McDonald's,draw,1,1548,70.3,20.2,12.83,62.97,196.34,0.539,0.509,25.44,0.51,0.67,0.723,0.497,3.478,0.137,Mid attention,Scalable,cloudy,20.3,69.1,153.91,136.66,0.222,0.1644,-0.25,0.227,69.73,0.6027,0.5386,0.3436,0.445,0.7384
2010_744_France,2010,744,France,South Africa,B,group_or_knockout,Qatar Airways,loss,0,1748,77.8,46.5,18.67,60.77,196.3,0.492,0.649,24.02,0.51,0.801,0.711,0.509,3.13,0.13,Mid attention,Scalable,hot,24.6,81.0,146.3,105.01,0.227,0.1478,1.11,0.219,59.55,0.5333,0.4661,0.3351,0.447,0.8381
2010_745_Serbia,2010,745,Serbia,Australia,B,group_or_knockout,Vivo,loss,0,1559,68.8,36.3,15.31,60.77,232.65,0.569,0.576,23.55,0.481,0.729,0.727,0.485,3.651,0.155,Mid attention,Scalable,clear,29.1,50.6,204.83,80.07,0.105,0.1787,1.45,0.174,55.32,0.5224,0.4887,0.3247,0.5438,1.0411
2010_746_Germany,2010,746,Germany,Ghana,B,group_or_knockout,Coca-Cola,win,3,1798,81.3,65.9,22.15,56.37,178.3,0.507,0.706,29.19,0.759,0.859,0.907,0.718,2.971,0.102,High attention,Premium,cloudy,22.0,65.8,157.6,87.22,0.034,0.2152,3.39,0.114,60.07,0.4516,0.5152,0.2814,0.49,1.085
2010_747_England,2010,747,England,Slovenia,B,group_or_knockout,McDonald's,win,3,1695,76.6,52.6,19.34,56.37,125.27,0.496,0.609,20.29,0.432,0.819,0.654,0.568,3.076,0.152,Mid attention,Scalable,rain,19.5,54.2,284.93,110.55,-0.041,0.5048,4.99,0.086,58.43,0.4474,0.6414,0.4007,0.4561,1.0195
2010_748_Algeria,2010,748,Algeria,United States,B,group_or_knockout,Hisense,loss,0,1543,72.2,36.3,11.9,56.37,81.39,0.432,0.394,30.28,0.732,0.66,0.889,0.476,3.058,0.101,Mid attention,Scalable,clear,9.3,63.8,231.49,70.18,0.095,0.3346,3.88,0.146,46.36,0.3514,0.4739,0.3223,0.3695,1.0516
2010_749_Netherlands,2010,749,Netherlands,Cameroon,B,group_or_knockout,Hisense,win,3,1746,75.8,49.9,15.97,60.77,151.94,0.504,0.559,32.27,0.781,0.811,0.856,0.669,3.264,0.101,Mid attention,Premium,clear,26.8,83.1,253.27,72.97,0.209,0.2623,4.38,0.175,61.96,0.4499,0.6332,0.3722,0.4961,1.1027
2010_750_Japan,2010,750,Japan,Denmark,B,group_or_knockout,Adidas,win,3,1586,72.8,37.0,11.9,62.97,222.68,0.56,0.496,29.47,0.859,0.648,0.855,0.681,3.719,0.126,Mid attention,Premium,clear,22.3,66.1,223.74,116.01,0.048,0.2415,2.24,0.169,64.18,0.5907,0.5928,0.3336,0.5141,0.8703
2010_751_New_Zealand,2010,751,New Zealand,Paraguay,B,group_or_knockout,McDonald's,draw,1,1404,64.7,15.2,8.37,54.17,140.23,0.432,0.313,20.14,0.367,0.556,0.654,0.355,3.849,0.191,Low attention,Watchlist,rain,16.9,29.6,146.42,80.05,0.166,0.2737,4.07,0.208,56.92,0.3913,0.4887,0.3528,0.4916,1.2566
2010_752_Italy,2010,752,Italy,Slovakia,B,group_or_knockout,Visa,loss,0,1755,77.8,61.6,11.04,65.17,233.07,0.608,0.491,33.4,0.799,0.761,0.842,0.568,3.27,0.098,Mid attention,Scalable,cloudy,23.8,65.3,227.34,127.83,0.009,0.1573,2.49,0.087,58.25,0.6372,0.5497,0.2686,0.4553,0.7146
2010_753_Spain,2010,753,Spain,Chile,B,group_or_knockout,Budweiser,win,3,1708,77.4,45.2,19.26,60.77,181.04,0.505,0.658,27.85,0.714,0.724,0.933,0.684,3.7,0.133,Mid attention,Premium,rain,19.5,77.7,167.32,66.04,0.133,0.2022,1.87,0.117,56.18,0.4613,0.4682,0.3186,0.5991,1.2988
2010_754_Ivory_Coast,2010,754,Ivory Coast,North Korea,B,group_or_knockout,Budweiser,win,3,1587,73.8,39.2,8.73,60.77,249.08,0.633,0.41,26.15,0.673,0.659,0.897,0.599,3.746,0.143,Mid attention,Scalable,hot,19.8,54.5,274.42,81.21,0.042,0.2681,6.78,0.171,68.4,0.5366,0.7432,0.3653,0.5658,1.0544
2010_755_Brazil,2010,755,Brazil,Portugal,B,group_or_knockout,Adidas,draw,1,1829,78.8,57.4,18.61,54.17,142.52,0.483,0.584,33.15,0.938,0.809,0.916,0.661,3.25,0.098,Mid attention,Premium,rain,26.6,73.9,180.04,67.63,0.148,0.2029,-2.09,0.162,53.44,0.3738,0.3968,0.3006,0.5109,1.3669
2010_756_Honduras,2010,756,Honduras,Switzerland,B,group_or_knockout,Visa,draw,1,1414,62.9,9.5,7.33,54.17,176.45,0.487,0.301,28.19,0.694,0.538,0.906,0.471,3.891,0.138,Low attention,Scalable,windy,15.0,47.0,173.77,97.9,0.106,0.1177,-1.13,0.125,52.17,0.4465,0.3949,0.249,0.5125,1.1478
2010_757_South_Korea,2010,757,South Korea,Uruguay,B,group_or_knockout,McDonald's,loss,0,1548,70.3,20.2,12.83,60.77,200.09,0.52,0.497,25.44,0.51,0.67,0.723,0.456,3.732,0.147,Mid attention,Scalable,rain,29.3,34.2,188.46,114.68,0.037,0.2247,3.6,0.165,68.99,0.5512,0.6219,0.3031,0.5091,0.9236
2010_758_Ghana,2010,758,Ghana,United States,B,group_or_knockout,Mengniu,win,3,1600,68.9,36.1,8.97,60.77,264.42,0.611,0.423,23.07,0.435,0.715,0.668,0.519,3.239,0.14,Mid attention,Scalable,hot,14.6,60.3,282.07,90.72,0.09,0.2774,2.24,0.12,52.42,0.5631,0.5464,0.4026,0.4098,0.7278
2010_759_Mexico,2010,759,Mexico,Argentina,B,group_or_knockout,Hyundai,loss,0,1612,72.1,37.6,18.89,62.97,111.59,0.53,0.632,28.5,0.853,0.712,0.897,0.625,4.065,0.143,Mid attention,Premium,hot,19.0,29.9,132.19,95.8,0.063,0.1938,-0.22,0.107,58.14,0.4748,0.4213,0.2368,0.6637,1.398
2010_760_England,2010,760,England,Germany,B,group_or_knockout,McDonald's,loss,0,1695,76.6,52.6,19.34,65.17,163.8,0.583,0.68,20.29,0.432,0.819,0.654,0.51,4.167,0.205,High attention,Scalable,rain,34.5,54.2,310.0,69.84,0.025,0.3023,0.59,0.104,68.66,0.4945,0.6843,0.3242,0.7451,1.5066
2010_761_Chile,2010,761,Chile,Brazil,B,group_or_knockout,Hisense,loss,0,1622,72.9,38.6,16.65,60.77,220.23,0.593,0.606,27.36,0.7,0.681,0.911,0.575,4.168,0.152,Mid attention,Scalable,rain,29.8,78.6,174.26,110.14,0.264,0.1467,0.86,0.156,63.0,0.5595,0.5169,0.3664,0.6816,1.2182
2010_762_Slovakia,2010,762,Slovakia,Netherlands,B,group_or_knockout,Mengniu,loss,0,1525,72.8,26.2,7.47,60.77,267.72,0.607,0.385,15.95,0.312,0.642,0.626,0.362,3.901,0.245,Mid attention,Watchlist,windy,23.6,27.4,128.45,133.09,0.12,0.2381,4.67,0.159,68.55,0.6313,0.5797,0.3927,0.6208,0.9834
2010_763_Japan,2010,763,Japan,Paraguay,B,group_or_knockout,Adidas,draw,1,1586,72.8,37.0,11.9,54.17,165.56,0.469,0.417,29.47,0.859,0.648,0.855,0.568,3.84,0.13,Mid attention,Scalable,cloudy,17.4,37.5,134.84,103.54,-0.064,0.3674,5.35,0.051,55.01,0.447,0.4813,0.328,0.5436,1.2162
2010_764_Portugal,2010,764,Portugal,Spain,B,group_or_knockout,Mengniu,loss,0,1702,76.8,47.1,14.4,56.37,148.41,0.48,0.489,17.76,0.359,0.8,0.643,0.394,3.806,0.214,Mid attention,Scalable,cloudy,19.8,41.5,112.08,67.08,0.094,0.1915,6.24,0.111,50.32,0.3976,0.4344,0.2731,0.669,1.6825
2010_765_Brazil,2010,765,Brazil,Netherlands,B,group_or_knockout,Adidas,loss,0,1829,78.8,57.4,18.61,60.77,214.67,0.564,0.656,33.15,0.938,0.809,0.916,0.67,3.72,0.112,Mid attention,Premium,cloudy,23.4,57.0,214.97,103.92,0.248,0.2954,-0.54,0.186,56.1,0.5456,0.4745,0.4518,0.6234,1.1424
2010_766_Ghana,2010,766,Ghana,Uruguay,B,group_or_knockout,Mengniu,draw,1,1600,68.9,36.1,8.97,58.57,213.46,0.48,0.387,23.07,0.435,0.715,0.668,0.415,3.678,0.159,Mid attention,Scalable,hot,23.2,52.1,135.73,75.17,0.08,0.2851,-0.07,0.114,47.58,0.4799,0.3374,0.3699,0.5229,1.0896
2010_767_Germany,2010,767,Germany,Argentina,B,group_or_knockout,Coca-Cola,win,3,1798,81.3,65.9,22.15,62.97,162.71,0.548,0.74,29.19,0.759,0.859,0.907,0.738,4.024,0.138,High attention,Premium,cloudy,22.5,80.4,197.32,59.14,0.306,0.1267,-0.21,0.19,70.06,0.4569,0.5815,0.3345,0.7483,1.6377
2010_768_Spain,2010,768,Spain,Paraguay,B,group_or_knockout,Budweiser,win,3,1708,77.4,45.2,19.26,56.37,176.69,0.465,0.629,27.85,0.714,0.724,0.933,0.665,3.822,0.137,Mid attention,Premium,rain,22.8,73.3,224.86,63.91,0.071,0.1564,5.51,0.127,46.58,0.4142,0.4944,0.2587,0.6288,1.518
2010_769_Netherlands,2010,769,Netherlands,Uruguay,B,group_or_knockout,Hisense,win,3,1746,75.8,49.9,15.97,65.17,259.19,0.598,0.632,32.27,0.781,0.811,0.856,0.714,3.739,0.116,Mid attention,Premium,rain,21.7,65.9,165.5,67.34,0.207,0.2354,3.68,0.181,63.64,0.5633,0.557,0.4239,0.6109,1.0845
2010_770_Spain,2010,770,Spain,Germany,B,group_or_knockout,Budweiser,win,3,1708,77.4,45.2,19.26,56.37,273.49,0.59,0.671,27.85,0.714,0.724,0.933,0.704,4.181,0.15,High attention,Premium,windy,14.3,60.3,158.37,65.09,0.26,0.2522,2.97,0.214,52.11,0.4898,0.4423,0.4676,0.7179,1.4657
2010_771_Germany,2010,771,Germany,Uruguay,B,group_or_knockout,Coca-Cola,win,3,1798,81.3,65.9,22.15,65.17,229.28,0.661,0.782,29.19,0.759,0.859,0.907,0.774,3.732,0.128,High attention,Premium,clear,19.9,64.3,141.34,126.06,0.201,0.5589,3.28,0.302,53.98,0.6315,0.4473,0.6108,0.6766,1.0714
2010_772_Spain,2010,772,Spain,Netherlands,B,group_or_knockout,Budweiser,win,3,1708,77.4,45.2,19.26,56.37,163.09,0.509,0.623,27.85,0.714,0.724,0.933,0.671,3.717,0.133,Mid attention,Premium,rain,28.5,44.2,153.68,72.19,0.019,0.2591,2.68,0.099,49.91,0.4167,0.415,0.2932,0.6025,1.4459
2014_773_Croatia,2014,773,Croatia,Brazil,B,group_or_knockout,Hisense,loss,0,1671,75.1,52.8,21.52,64.42,181.32,0.581,0.74,28.53,0.731,0.792,0.927,0.634,4.244,0.149,High attention,Premium,rain,14.8,71.7,368.31,121.38,0.062,0.2353,0.45,0.144,64.94,0.5809,0.7038,0.3087,0.771,1.3274
2014_774_Australia,2014,774,Australia,Chile,B,group_or_knockout,Hyundai,loss,0,1539,69.8,32.1,7.37,64.42,215.18,0.633,0.382,29.32,0.866,0.705,0.903,0.554,3.819,0.13,Mid attention,Scalable,windy,21.9,40.2,235.08,137.44,0.273,0.24,3.88,0.243,50.97,0.6315,0.5162,0.4274,0.5949,0.9419
2014_775_Cameroon,2014,775,Cameroon,Mexico,B,group_or_knockout,Coca-Cola,loss,0,1542,68.0,29.1,10.52,57.82,159.96,0.486,0.4,31.97,0.771,0.693,0.92,0.502,3.832,0.12,Mid attention,Scalable,hot,18.1,71.4,162.58,95.2,0.076,0.1884,2.41,0.121,65.21,0.4633,0.5484,0.2707,0.5825,1.2573
2014_776_Netherlands,2014,776,Netherlands,Spain,B,group_or_knockout,Hisense,win,3,1746,75.8,49.9,15.97,68.82,207.39,0.646,0.632,32.27,0.781,0.811,0.856,0.722,3.92,0.121,Mid attention,Premium,cloudy,23.7,77.0,177.43,105.37,0.254,0.2947,0.28,0.224,76.2,0.6164,0.6227,0.4492,0.6537,1.0606
2014_777_Greece,2014,777,Greece,Colombia,B,group_or_knockout,Budweiser,loss,0,1521,66.0,32.8,9.21,62.22,132.22,0.487,0.381,30.87,0.736,0.686,0.866,0.483,3.448,0.112,Mid attention,Scalable,cloudy,20.7,61.4,184.94,116.67,0.113,0.3095,4.01,0.153,50.43,0.5159,0.468,0.3473,0.4701,0.9112
2014_778_Italy,2014,778,Italy,England,B,group_or_knockout,Visa,win,3,1755,77.8,61.6,11.04,62.22,255.66,0.609,0.483,33.4,0.799,0.761,0.842,0.665,3.637,0.109,Mid attention,Premium,clear,31.9,55.2,193.1,63.85,0.17,0.1764,1.91,0.172,67.98,0.5281,0.5921,0.3671,0.5432,1.0287
2014_779_Japan,2014,779,Japan,Ivory Coast,B,group_or_knockout,Adidas,loss,0,1586,72.8,37.0,11.9,62.22,129.21,0.517,0.45,29.47,0.859,0.648,0.855,0.556,3.604,0.122,Mid attention,Scalable,windy,26.0,64.4,168.33,90.63,0.018,0.1594,3.28,0.073,55.89,0.4733,0.488,0.2062,0.4858,1.0264
2014_780_Costa_Rica,2014,780,Costa Rica,Uruguay,B,group_or_knockout,Visa,win,3,1585,73.1,26.3,15.16,64.42,163.11,0.526,0.565,31.23,0.76,0.677,0.885,0.668,3.69,0.118,Mid attention,Premium,clear,15.1,15.0,220.95,99.75,0.095,0.2791,2.54,0.123,51.81,0.5335,0.4902,0.3398,0.5278,0.9893
2014_781_Bosnia_and_Herzegovina,2014,781,Bosnia and Herzegovina,Argentina,B,group_or_knockout,Mengniu,loss,0,1562,71.1,29.9,10.24,62.22,182.73,0.549,0.43,16.77,0.332,0.615,0.658,0.375,4.176,0.249,Mid attention,Watchlist,rain,27.0,62.8,147.28,123.22,0.069,0.2269,4.67,0.125,55.39,0.5646,0.4856,0.3073,0.6755,1.1965
2014_782_Honduras,2014,782,Honduras,France,B,group_or_knockout,Visa,loss,0,1414,62.9,9.5,7.33,62.22,310.49,0.632,0.409,28.19,0.694,0.538,0.906,0.505,3.878,0.138,Mid attention,Scalable,rain,18.4,56.2,147.1,121.86,0.179,0.3119,3.26,0.111,66.65,0.6598,0.5594,0.4944,0.5099,0.7729
2014_783_Ecuador,2014,783,Ecuador,Switzerland,B,group_or_knockout,McDonald's,loss,0,1623,71.6,42.9,13.81,62.22,157.96,0.583,0.513,16.55,0.347,0.689,0.657,0.418,3.916,0.237,Mid attention,Scalable,cloudy,19.5,57.2,205.04,124.61,0.166,0.5082,0.94,0.25,63.45,0.5478,0.55,0.516,0.6553,1.1961
2014_784_Portugal,2014,784,Portugal,Germany,B,group_or_knockout,Mengniu,loss,0,1702,76.8,47.1,14.4,64.42,152.77,0.58,0.54,17.76,0.359,0.8,0.643,0.432,4.157,0.234,Mid attention,Scalable,clear,24.9,69.3,144.5,116.42,0.202,0.3122,3.48,0.27,55.78,0.5514,0.4684,0.4018,0.766,1.3891
2014_785_United_States,2014,785,United States,Ghana,B,group_or_knockout,Vivo,win,3,1578,71.9,31.0,12.75,62.22,152.39,0.531,0.483,22.58,0.432,0.676,0.652,0.526,3.058,0.135,Mid attention,Scalable,clear,20.0,56.8,224.29,98.91,0.107,0.3119,3.54,0.156,64.64,0.5038,0.6168,0.3593,0.3355,0.6661
2014_786_Nigeria,2014,786,Nigeria,Iran,B,group_or_knockout,Coca-Cola,draw,1,1585,75.3,31.3,8.19,55.62,252.91,0.529,0.366,26.63,0.705,0.744,0.906,0.507,3.557,0.134,Mid attention,Scalable,hot,28.4,39.8,166.5,109.92,0.063,0.2804,3.87,0.15,57.56,0.5367,0.5094,0.3851,0.5748,1.0709
2014_787_Algeria,2014,787,Algeria,Belgium,B,group_or_knockout,Hisense,loss,0,1543,72.2,36.3,11.9,62.22,80.9,0.485,0.429,30.28,0.732,0.66,0.889,0.499,3.834,0.127,Mid attention,Scalable,cloudy,18.4,55.7,118.36,126.63,0.174,0.3859,4.98,0.226,65.17,0.4923,0.5467,0.3902,0.5591,1.1358
2014_788_Mexico,2014,788,Mexico,Brazil,B,group_or_knockout,Hyundai,draw,1,1612,72.1,37.6,18.89,55.62,120.03,0.43,0.59,28.5,0.853,0.712,0.897,0.625,4.127,0.145,Mid attention,Premium,clear,19.3,59.1,171.73,84.8,0.053,0.4732,1.51,0.094,54.21,0.3966,0.4501,0.4185,0.6788,1.7116
2014_789_South_Korea,2014,789,South Korea,Russia,B,group_or_knockout,McDonald's,draw,1,1548,70.3,20.2,12.83,60.02,368.5,0.617,0.566,25.44,0.51,0.67,0.723,0.533,4.327,0.17,Mid attention,Scalable,rain,19.1,59.8,118.32,130.93,0.264,0.2066,4.2,0.243,64.51,0.6978,0.5293,0.5019,0.6587,0.9439
2014_790_Netherlands,2014,790,Netherlands,Australia,B,group_or_knockout,Hisense,win,3,1746,75.8,49.9,15.97,66.62,224.63,0.623,0.626,32.27,0.781,0.811,0.856,0.716,3.614,0.112,Mid attention,Premium,clear,19.6,60.6,238.02,135.72,0.145,0.2909,-0.82,0.149,67.35,0.6563,0.5864,0.4097,0.5806,0.8847
2014_791_Croatia,2014,791,Croatia,Cameroon,B,group_or_knockout,Hisense,win,3,1671,75.1,52.8,21.52,64.42,135.06,0.523,0.72,28.53,0.731,0.792,0.927,0.716,3.319,0.116,High attention,Premium,hot,29.6,74.6,181.86,100.73,0.124,0.1058,2.55,0.219,53.16,0.5136,0.4662,0.2223,0.5422,1.0557
2014_792_Chile,2014,792,Chile,Spain,B,group_or_knockout,Hisense,win,3,1622,72.9,38.6,16.65,60.02,169.51,0.482,0.58,27.36,0.7,0.681,0.911,0.645,3.852,0.141,Mid attention,Premium,clear,26.8,40.6,286.42,59.42,0.202,0.2372,2.22,0.178,64.32,0.4354,0.6507,0.3643,0.6038,1.3869
2014_793_Ivory_Coast,2014,793,Ivory Coast,Colombia,B,group_or_knockout,Budweiser,loss,0,1587,73.8,39.2,8.73,62.22,181.19,0.563,0.389,26.15,0.673,0.659,0.897,0.478,3.503,0.134,Mid attention,Scalable,clear,33.3,60.8,244.33,74.16,0.149,0.4442,5.84,0.215,55.78,0.4873,0.5949,0.4823,0.5053,1.0368
2014_794_Greece,2014,794,Greece,Japan,B,group_or_knockout,Budweiser,draw,1,1521,66.0,32.8,9.21,55.62,201.43,0.499,0.37,30.87,0.736,0.686,0.866,0.514,3.813,0.124,Mid attention,Scalable,clear,36.6,78.6,128.17,106.2,-0.01,0.4091,2.47,0.1,57.5,0.4917,0.4528,0.4023,0.559,1.1368
2014_795_England,2014,795,England,Uruguay,B,group_or_knockout,McDonald's,loss,0,1695,76.6,52.6,19.34,62.22,297.6,0.576,0.72,20.29,0.432,0.819,0.654,0.524,3.798,0.187,High attention,Scalable,cloudy,16.8,30.2,112.79,64.99,0.05,0.2448,4.08,0.196,63.65,0.5618,0.5151,0.3855,0.6472,1.1521
2014_796_Ecuador,2014,796,Ecuador,Honduras,B,group_or_knockout,McDonald's,win,3,1623,71.6,42.9,13.81,62.22,198.24,0.557,0.531,16.55,0.347,0.689,0.657,0.52,3.015,0.182,Mid attention,Scalable,cloudy,23.4,60.9,154.76,94.0,0.262,0.2798,-0.9,0.198,56.06,0.5311,0.4139,0.4372,0.4014,0.7557
2014_797_Costa_Rica,2014,797,Costa Rica,Italy,B,group_or_knockout,Visa,win,3,1585,73.1,26.3,15.16,57.82,142.05,0.501,0.515,31.23,0.76,0.677,0.885,0.644,3.578,0.115,Mid attention,Premium,rain,15.9,48.6,128.0,97.5,0.165,0.2851,2.06,0.215,48.47,0.4533,0.3701,0.3609,0.5014,1.1063
2014_798_France,2014,798,France,Switzerland,B,group_or_knockout,Qatar Airways,win,3,1748,77.8,46.5,18.67,71.03,253.02,0.724,0.737,24.02,0.51,0.801,0.711,0.684,4.035,0.168,High attention,Premium,cloudy,18.3,52.1,336.82,145.03,-0.012,0.1966,1.02,0.107,73.17,0.7329,0.7533,0.2978,0.6786,0.9259
2014_799_Iran,2014,799,Iran,Argentina,B,group_or_knockout,Visa,loss,0,1519,68.7,30.6,12.34,57.82,135.89,0.498,0.438,29.04,0.732,0.637,0.935,0.505,4.101,0.141,Mid attention,Scalable,clear,19.2,43.5,173.25,115.71,0.191,0.1725,8.0,0.188,62.77,0.4768,0.6219,0.2956,0.6339,1.3295
2014_800_Ghana,2014,800,Ghana,Germany,B,group_or_knockout,Mengniu,draw,1,1600,68.9,36.1,8.97,64.42,137.84,0.547,0.39,23.07,0.435,0.715,0.668,0.428,4.141,0.179,Mid attention,Scalable,clear,16.7,55.3,244.39,121.98,0.1,0.1011,1.4,0.134,69.69,0.5487,0.6455,0.2104,0.6422,1.1704
2014_801_Bosnia_and_Herzegovina,2014,801,Bosnia and Herzegovina,Nigeria,B,group_or_knockout,Mengniu,loss,0,1562,71.1,29.9,10.24,57.82,100.94,0.424,0.367,16.77,0.332,0.615,0.658,0.329,3.361,0.2,Mid attention,Watchlist,clear,16.7,87.5,161.75,82.68,0.069,0.1234,2.95,0.09,58.14,0.399,0.496,0.187,0.4468,1.12
2014_802_Russia,2014,802,Russia,Belgium,B,group_or_knockout,Hyundai,loss,0,1676,72.7,49.8,18.23,57.82,106.6,0.421,0.58,26.07,0.814,0.69,0.874,0.573,3.749,0.144,Mid attention,Scalable,windy,22.1,37.8,166.07,62.73,0.042,0.2369,3.07,0.02,49.83,0.3724,0.4315,0.2521,0.5792,1.5553
2014_803_Algeria,2014,803,Algeria,South Korea,B,group_or_knockout,Hisense,win,3,1543,72.2,36.3,11.9,68.82,153.01,0.615,0.501,30.28,0.732,0.66,0.889,0.65,3.253,0.107,Mid attention,Premium,clear,15.7,39.3,205.07,121.85,0.256,0.2063,-0.54,0.245,61.51,0.6005,0.5112,0.3575,0.4164,0.6935
2014_804_Portugal,2014,804,Portugal,United States,B,group_or_knockout,Mengniu,draw,1,1702,76.8,47.1,14.4,64.42,132.38,0.552,0.531,17.76,0.359,0.8,0.643,0.457,3.106,0.175,Mid attention,Scalable,windy,28.1,37.2,255.2,73.16,-0.04,0.1297,1.7,0.048,67.75,0.4689,0.6435,0.1633,0.4768,1.017
2014_805_Spain,2014,805,Spain,Australia,B,group_or_knockout,Budweiser,win,3,1708,77.4,45.2,19.26,62.22,194.1,0.593,0.673,27.85,0.714,0.724,0.933,0.705,3.613,0.13,High attention,Premium,clear,17.5,85.6,202.06,101.4,0.072,0.3614,3.65,0.181,57.73,0.5394,0.5398,0.403,0.5778,1.0711
2014_806_Cameroon,2014,806,Cameroon,Brazil,B,group_or_knockout,Coca-Cola,loss,0,1542,68.0,29.1,10.52,66.62,136.07,0.599,0.444,31.97,0.771,0.693,0.92,0.539,4.266,0.133,Mid attention,Scalable,clear,39.0,50.6,153.65,144.89,0.168,0.3609,2.98,0.194,69.53,0.6031,0.5854,0.4074,0.6865,1.1383
2014_807_Mexico,2014,807,Mexico,Croatia,B,group_or_knockout,Hyundai,win,3,1612,72.1,37.6,18.89,64.42,76.34,0.502,0.625,28.5,0.853,0.712,0.897,0.718,3.699,0.13,Mid attention,Premium,clear,20.3,57.6,290.34,104.06,0.314,0.1716,-2.03,0.272,57.42,0.4741,0.5317,0.3107,0.5733,1.2093
2014_808_Chile,2014,808,Chile,Netherlands,B,group_or_knockout,Hisense,loss,0,1622,72.9,38.6,16.65,60.02,128.05,0.456,0.562,27.36,0.7,0.681,0.911,0.533,3.714,0.136,Mid attention,Scalable,clear,23.4,51.6,167.58,104.39,0.212,0.2462,1.61,0.219,46.95,0.4735,0.3865,0.3475,0.5696,1.203
2014_809_England,2014,809,England,Costa Rica,B,group_or_knockout,McDonald's,draw,1,1695,76.6,52.6,19.34,55.62,139.27,0.439,0.61,20.29,0.432,0.819,0.654,0.491,3.395,0.167,Mid attention,Scalable,rain,15.2,42.9,149.11,99.05,0.072,0.1936,4.94,0.033,55.47,0.4333,0.492,0.2588,0.5399,1.246
2014_810_Ivory_Coast,2014,810,Ivory Coast,Greece,B,group_or_knockout,Budweiser,loss,0,1587,73.8,39.2,8.73,62.22,150.08,0.535,0.376,26.15,0.673,0.659,0.897,0.468,3.375,0.129,Mid attention,Scalable,cloudy,33.2,54.2,92.14,123.16,0.309,0.3688,4.04,0.268,61.99,0.5396,0.4817,0.4841,0.473,0.8766
2014_811_Uruguay,2014,811,Uruguay,Italy,B,group_or_knockout,Vivo,win,3,1684,74.8,44.8,20.58,57.82,252.85,0.541,0.706,19.75,0.443,0.797,0.741,0.616,3.671,0.186,High attention,Scalable,clear,29.7,96.0,203.55,84.73,0.021,0.1902,5.36,0.087,58.16,0.5178,0.5706,0.3081,0.6396,1.2351
2014_812_Colombia,2014,812,Colombia,Japan,B,group_or_knockout,Vivo,win,3,1650,74.7,50.9,8.73,66.62,160.33,0.569,0.407,18.25,0.396,0.764,0.653,0.492,3.805,0.208,Mid attention,Scalable,rain,24.8,80.3,205.26,103.05,0.183,0.3806,0.73,0.232,58.4,0.5567,0.5043,0.4426,0.641,1.1515
2014_813_Iran,2014,813,Iran,Bosnia and Herzegovina,B,group_or_knockout,Visa,loss,0,1519,68.7,30.6,12.34,64.42,235.59,0.616,0.522,29.04,0.732,0.637,0.935,0.558,3.331,0.115,Mid attention,Scalable,cloudy,14.9,44.4,198.42,72.71,0.205,0.3583,5.49,0.22,69.06,0.5468,0.6601,0.487,0.4454,0.8147
2014_814_France,2014,814,France,Ecuador,B,group_or_knockout,Qatar Airways,draw,1,1748,77.8,46.5,18.67,55.62,158.1,0.446,0.601,24.02,0.51,0.801,0.711,0.515,3.316,0.138,Mid attention,Scalable,windy,24.3,68.4,151.08,94.5,0.068,0.2672,2.71,0.149,53.14,0.4406,0.4404,0.3169,0.4948,1.1231
2014_815_Switzerland,2014,815,Switzerland,Honduras,B,group_or_knockout,Adidas,win,3,1632,72.7,48.1,17.05,62.22,175.71,0.528,0.606,31.4,0.904,0.774,0.888,0.733,3.038,0.097,Mid attention,Premium,windy,16.3,44.7,161.88,79.92,0.226,0.3084,6.14,0.193,65.61,0.4921,0.6075,0.425,0.4339,0.8817
2014_816_Argentina,2014,816,Argentina,Nigeria,B,group_or_knockout,Hyundai,win,3,1753,76.8,58.0,19.5,66.62,150.67,0.587,0.687,30.74,0.903,0.813,0.936,0.774,3.419,0.111,High attention,Premium,rain,31.8,29.6,182.47,103.92,0.105,0.1063,2.81,0.095,66.62,0.5507,0.5845,0.2244,0.5724,1.0395
2014_817_Russia,2014,817,Russia,Algeria,B,group_or_knockout,Hyundai,draw,1,1676,72.7,49.8,18.23,60.02,168.72,0.505,0.621,26.07,0.814,0.69,0.874,0.637,3.309,0.127,Mid attention,Premium,rain,27.9,74.3,202.44,113.83,0.226,0.1983,-1.5,0.176,55.81,0.5191,0.4461,0.3493,0.4686,0.9026
2014_818_Belgium,2014,818,Belgium,South Korea,B,group_or_knockout,Visa,win,3,1674,71.5,40.4,23.19,57.82,133.37,0.475,0.723,26.85,0.713,0.72,0.914,0.703,3.148,0.117,High attention,Premium,rain,23.6,76.6,203.79,53.36,-0.028,0.3002,4.58,0.023,59.25,0.3782,0.5683,0.2795,0.4578,1.2103
2014_819_Ghana,2014,819,Ghana,Portugal,B,group_or_knockout,Mengniu,loss,0,1600,68.9,36.1,8.97,62.22,186.47,0.56,0.398,23.07,0.435,0.715,0.668,0.4,3.452,0.15,Mid attention,Scalable,cloudy,8.4,74.7,176.43,101.61,0.19,0.3633,1.87,0.171,61.41,0.5339,0.5207,0.4516,0.4658,0.8724
2014_820_Germany,2014,820,Germany,United States,B,group_or_knockout,Coca-Cola,win,3,1798,81.3,65.9,22.15,57.82,154.65,0.451,0.705,29.19,0.759,0.859,0.907,0.707,3.042,0.104,High attention,Premium,rain,17.1,50.5,220.21,65.08,0.115,0.3954,2.01,0.109,55.73,0.4126,0.5147,0.4183,0.5068,1.2283
2014_821_Chile,2014,821,Chile,Brazil,B,group_or_knockout,Hisense,draw,1,1622,72.9,38.6,16.65,60.02,131.65,0.479,0.563,27.36,0.7,0.681,0.911,0.572,4.116,0.15,Mid attention,Scalable,clear,27.1,55.3,176.78,75.82,0.271,0.0917,-0.25,0.15,60.83,0.432,0.4841,0.2761,0.6686,1.5477
2014_822_Uruguay,2014,822,Uruguay,Colombia,B,group_or_knockout,Vivo,loss,0,1684,74.8,44.8,20.58,60.02,226.42,0.594,0.708,19.75,0.443,0.797,0.741,0.526,3.484,0.176,High attention,Scalable,rain,30.3,70.0,158.96,56.73,0.152,0.2103,6.21,0.164,48.67,0.4746,0.4627,0.3619,0.5888,1.2408
2014_823_Greece,2014,823,Greece,Costa Rica,B,group_or_knockout,Budweiser,draw,1,1521,66.0,32.8,9.21,60.02,193.29,0.5,0.394,30.87,0.736,0.686,0.866,0.523,3.517,0.114,Mid attention,Scalable,windy,29.7,64.3,189.48,67.24,0.281,0.1367,1.71,0.23,66.48,0.4656,0.5731,0.3498,0.4866,1.045
2014_824_Mexico,2014,824,Mexico,Netherlands,B,group_or_knockout,Hyundai,loss,0,1612,72.1,37.6,18.89,62.22,156.84,0.475,0.647,28.5,0.853,0.712,0.897,0.621,3.776,0.132,Mid attention,Premium,clear,13.4,51.7,133.06,135.8,0.207,0.1011,6.11,0.173,56.04,0.5643,0.4999,0.2703,0.5913,1.0478
2014_825_Nigeria,2014,825,Nigeria,France,B,group_or_knockout,Coca-Cola,loss,0,1585,75.3,31.3,8.19,60.02,178.65,0.472,0.361,26.63,0.705,0.744,0.906,0.461,3.687,0.138,Mid attention,Scalable,hot,24.8,32.1,191.11,131.93,0.143,0.2499,1.89,0.142,51.67,0.5547,0.452,0.3523,0.6061,1.0925
2014_826_Algeria,2014,826,Algeria,Germany,B,group_or_knockout,Hisense,loss,0,1543,72.2,36.3,11.9,62.22,173.68,0.545,0.47,30.28,0.732,0.66,0.889,0.525,4.158,0.137,Mid attention,Scalable,windy,29.1,59.8,127.12,114.22,0.235,0.15,0.85,0.157,65.82,0.5437,0.4977,0.3253,0.6371,1.1718
2014_827_Switzerland,2014,827,Switzerland,Argentina,B,group_or_knockout,Adidas,loss,0,1632,72.7,48.1,17.05,57.82,129.59,0.467,0.559,31.4,0.904,0.774,0.888,0.604,4.056,0.129,Mid attention,Scalable,clear,13.0,75.3,134.34,98.03,0.236,0.2588,5.57,0.191,49.91,0.4446,0.4411,0.3673,0.6798,1.529
2014_828_United_States,2014,828,United States,Belgium,B,group_or_knockout,Vivo,loss,0,1578,71.9,31.0,12.75,62.22,181.35,0.546,0.495,22.58,0.432,0.676,0.652,0.433,3.872,0.171,Mid attention,Scalable,cloudy,23.0,38.8,112.84,118.85,0.203,0.2009,2.65,0.152,70.84,0.5567,0.5544,0.349,0.5463,0.9813
2014_829_Colombia,2014,829,Colombia,Brazil,B,group_or_knockout,Vivo,loss,0,1650,74.7,50.9,8.73,62.22,149.42,0.562,0.376,18.25,0.396,0.764,0.653,0.379,4.222,0.231,Mid attention,Watchlist,windy,24.6,68.2,178.91,128.52,-0.073,0.2909,2.67,0.064,57.95,0.5474,0.5058,0.2641,0.7552,1.3796
2014_830_Germany,2014,830,Germany,France,B,group_or_knockout,Coca-Cola,win,3,1798,81.3,65.9,22.15,57.82,126.82,0.392,0.693,29.19,0.759,0.859,0.907,0.692,3.554,0.122,High attention,Premium,windy,21.2,63.3,259.76,91.07,0.058,0.3296,0.11,0.074,51.27,0.4317,0.4842,0.3324,0.6331,1.4665
2014_831_Belgium,2014,831,Belgium,Argentina,B,group_or_knockout,Visa,loss,0,1674,71.5,40.4,23.19,57.82,104.9,0.461,0.71,26.85,0.713,0.72,0.914,0.595,4.0,0.149,High attention,Scalable,clear,11.9,70.0,168.69,54.69,0.295,0.22,1.84,0.25,46.39,0.3586,0.3862,0.3522,0.6707,1.8702
2014_832_Costa_Rica,2014,832,Costa Rica,Netherlands,B,group_or_knockout,Visa,draw,1,1585,73.1,26.3,15.16,55.62,143.76,0.494,0.502,31.23,0.76,0.677,0.885,0.571,3.719,0.119,Mid attention,Scalable,clear,21.0,72.0,196.26,101.35,0.031,0.1571,3.7,0.08,44.22,0.4403,0.4211,0.2199,0.5349,1.2149
2014_833_Germany,2014,833,Germany,Brazil,B,group_or_knockout,Coca-Cola,win,3,1798,81.3,65.9,22.15,73.22,245.24,0.684,0.838,29.19,0.759,0.859,0.907,0.8,4.317,0.148,High attention,Premium,rain,21.0,46.9,396.05,159.62,0.244,0.2912,0.07,0.223,59.62,0.7697,0.6783,0.4672,0.8201,1.0655
2014_834_Argentina,2014,834,Argentina,Netherlands,B,group_or_knockout,Hyundai,draw,1,1753,76.8,58.0,19.5,55.62,130.85,0.432,0.611,30.74,0.903,0.813,0.936,0.65,3.629,0.118,Mid attention,Premium,clear,22.1,32.1,184.85,68.72,0.227,0.11,1.67,0.215,43.48,0.3799,0.3737,0.2679,0.6237,1.6418
2014_835_Netherlands,2014,835,Netherlands,Brazil,B,group_or_knockout,Hisense,win,3,1746,75.8,49.9,15.97,62.22,360.13,0.645,0.658,32.27,0.781,0.811,0.856,0.732,4.363,0.135,Mid attention,Premium,clear,19.6,49.5,154.37,93.49,0.084,0.146,1.92,0.134,55.86,0.6536,0.4545,0.3775,0.7608,1.1641
2014_836_Argentina,2014,836,Argentina,Germany,B,group_or_knockout,Hyundai,loss,0,1753,76.8,58.0,19.5,57.82,211.73,0.495,0.66,30.74,0.903,0.813,0.936,0.647,4.147,0.135,Mid attention,Premium,clear,20.3,72.2,148.48,79.19,-0.043,0.1962,2.94,0.099,51.56,0.4779,0.4282,0.2568,0.7498,1.5688
2018_837_Saudi_Arabia,2018,837,Saudi Arabia,Russia,B,group_or_knockout,Visa,loss,0,1543,68.2,34.6,13.01,68.08,280.31,0.671,0.581,27.16,0.698,0.648,0.864,0.579,4.362,0.161,Mid attention,Scalable,clear,22.8,49.3,204.56,95.83,0.099,0.1105,5.91,0.052,63.64,0.6503,0.6262,0.3091,0.693,1.0656
2018_838_Uruguay,2018,838,Uruguay,Egypt,B,group_or_knockout,Vivo,win,3,1684,74.8,44.8,20.58,59.28,211.65,0.575,0.697,19.75,0.443,0.797,0.741,0.619,3.325,0.168,High attention,Scalable,cloudy,25.7,46.9,152.03,108.95,0.364,0.0897,2.17,0.225,51.21,0.5374,0.4168,0.3682,0.5463,1.0166
2018_839_Iran,2018,839,Iran,Morocco,B,group_or_knockout,Visa,win,3,1519,68.7,30.6,12.34,59.28,284.6,0.634,0.512,29.04,0.732,0.637,0.935,0.657,3.299,0.114,Mid attention,Premium,cloudy,21.2,28.9,154.9,82.51,0.07,0.2774,1.35,0.169,47.58,0.552,0.3763,0.4069,0.4377,0.793
2018_840_Spain,2018,840,Spain,Portugal,B,group_or_knockout,Budweiser,draw,1,1708,77.4,45.2,19.26,70.28,161.12,0.617,0.708,27.85,0.714,0.724,0.933,0.656,3.512,0.126,High attention,Premium,cloudy,20.5,86.0,270.1,149.23,0.077,0.3301,8.57,0.156,56.62,0.6625,0.6667,0.3635,0.5523,0.8336
2018_841_Australia,2018,841,Australia,France,B,group_or_knockout,Hyundai,loss,0,1539,69.8,32.1,7.37,63.68,88.84,0.558,0.322,29.32,0.866,0.705,0.903,0.517,3.676,0.125,Low attention,Scalable,rain,23.6,71.2,247.25,122.68,0.056,0.2643,1.89,0.188,53.85,0.5056,0.5216,0.2645,0.5596,1.1068
2018_842_Iceland,2018,842,Iceland,Argentina,B,group_or_knockout,Adidas,draw,1,1388,64.1,13.5,5.97,61.48,155.06,0.525,0.301,32.31,0.897,0.583,0.936,0.547,4.167,0.129,Low attention,Scalable,clear,11.5,70.3,122.36,57.54,0.278,0.1068,2.4,0.268,54.96,0.4349,0.425,0.3042,0.5959,1.3702
2018_843_Denmark,2018,843,Denmark,Peru,B,group_or_knockout,Coca-Cola,win,3,1642,71.5,43.1,19.09,59.28,198.06,0.575,0.652,33.85,0.793,0.715,0.895,0.721,3.443,0.102,Mid attention,Premium,clear,25.9,73.5,145.14,116.43,0.132,0.1661,2.05,0.157,49.4,0.5387,0.3934,0.306,0.4855,0.9012
2018_844_Nigeria,2018,844,Nigeria,Croatia,B,group_or_knockout,Coca-Cola,loss,0,1585,75.3,31.3,8.19,61.48,183.3,0.54,0.372,26.63,0.705,0.744,0.906,0.478,3.828,0.144,Mid attention,Scalable,clear,23.0,67.2,164.47,117.1,0.094,0.3092,2.22,0.134,56.04,0.5487,0.4697,0.372,0.6422,1.1705
2018_845_Serbia,2018,845,Serbia,Costa Rica,B,group_or_knockout,Vivo,win,3,1559,68.8,36.3,15.31,59.28,182.99,0.521,0.546,23.55,0.481,0.729,0.727,0.565,3.482,0.148,Mid attention,Scalable,clear,23.2,54.1,206.86,93.16,0.298,0.2675,2.96,0.197,65.92,0.4911,0.603,0.4352,0.5007,1.0195
2018_846_Mexico,2018,846,Mexico,Germany,B,group_or_knockout,Hyundai,win,3,1612,72.1,37.6,18.89,59.28,245.21,0.568,0.667,28.5,0.853,0.712,0.897,0.746,4.22,0.148,High attention,Premium,clear,28.8,55.4,237.0,91.64,0.214,0.3756,4.73,0.187,51.82,0.5362,0.538,0.5085,0.7013,1.3081
2018_847_Switzerland,2018,847,Switzerland,Brazil,B,group_or_knockout,Adidas,draw,1,1632,72.7,48.1,17.05,61.48,195.52,0.628,0.61,31.4,0.904,0.774,0.888,0.686,4.213,0.134,Mid attention,Premium,clear,11.3,51.2,362.93,122.11,0.064,0.5549,3.65,0.14,51.68,0.5658,0.6351,0.5255,0.7178,1.2687
2018_848_South_Korea,2018,848,South Korea,Sweden,B,group_or_knockout,McDonald's,loss,0,1548,70.3,20.2,12.83,59.28,211.87,0.56,0.493,25.44,0.51,0.67,0.723,0.461,3.862,0.152,Mid attention,Scalable,clear,11.2,96.0,158.52,86.09,0.034,0.2005,5.06,0.084,60.43,0.5022,0.5443,0.2938,0.5417,1.0788
2018_849_Panama,2018,849,Panama,Belgium,B,group_or_knockout,Qatar Airways,loss,0,1388,60.1,12.9,4.46,63.68,139.88,0.519,0.268,19.76,0.367,0.609,0.68,0.32,3.911,0.198,Low attention,Watchlist,clear,24.6,66.9,172.42,70.51,0.272,0.2005,4.99,0.18,60.92,0.4637,0.5601,0.3522,0.5579,1.2033
2018_850_England,2018,850,England,Tunisia,B,group_or_knockout,McDonald's,win,3,1695,76.6,52.6,19.34,63.68,133.91,0.561,0.657,20.29,0.432,0.819,0.654,0.598,3.623,0.179,Mid attention,Scalable,rain,23.0,50.6,221.63,83.22,0.158,0.2658,3.24,0.182,50.75,0.4788,0.4924,0.34,0.6016,1.2564
2018_851_Japan,2018,851,Japan,Colombia,B,group_or_knockout,Adidas,win,3,1586,72.8,37.0,11.9,63.68,285.95,0.624,0.528,29.47,0.859,0.648,0.855,0.705,3.596,0.122,Mid attention,Premium,cloudy,24.0,65.4,161.31,79.27,0.001,0.1291,3.59,0.145,67.73,0.5885,0.5864,0.2814,0.4842,0.8228
2018_852_Senegal,2018,852,Senegal,Poland,B,group_or_knockout,Budweiser,win,3,1638,72.8,30.1,9.94,63.68,187.19,0.556,0.433,31.49,0.771,0.754,0.934,0.627,3.826,0.121,Mid attention,Premium,windy,20.2,41.8,184.68,113.69,-0.022,0.3623,5.13,0.13,66.07,0.5666,0.6169,0.3575,0.6278,1.1079
2018_853_Egypt,2018,853,Egypt,Russia,B,group_or_knockout,Hyundai,loss,0,1408,63.5,15.1,8.15,65.88,158.12,0.6,0.387,30.54,0.862,0.597,0.912,0.548,4.269,0.14,Mid attention,Scalable,rain,27.0,82.1,178.41,74.61,0.045,0.1668,0.47,0.095,74.56,0.5041,0.6126,0.2418,0.6311,1.2518
2018_854_Morocco,2018,854,Morocco,Portugal,B,group_or_knockout,Mengniu,loss,0,1552,69.2,34.3,12.67,59.28,142.35,0.492,0.458,19.44,0.366,0.668,0.598,0.387,3.438,0.177,Mid attention,Scalable,cloudy,28.6,47.4,92.47,103.04,0.032,0.1755,8.05,0.139,66.26,0.4755,0.5787,0.2314,0.4424,0.9304
2018_855_Saudi_Arabia,2018,855,Saudi Arabia,Uruguay,B,group_or_knockout,Visa,loss,0,1543,68.2,34.6,13.01,59.28,141.25,0.498,0.467,27.16,0.698,0.648,0.864,0.504,3.658,0.135,Mid attention,Scalable,clear,25.9,66.0,183.66,89.26,-0.048,0.2897,1.72,0.09,58.71,0.4533,0.5022,0.269,0.5177,1.142
2018_856_Spain,2018,856,Spain,Iran,B,group_or_knockout,Budweiser,win,3,1708,77.4,45.2,19.26,59.28,138.9,0.489,0.631,27.85,0.714,0.724,0.933,0.67,3.419,0.123,Mid attention,Premium,cloudy,21.4,75.1,170.15,118.06,0.046,0.1906,2.06,0.109,60.88,0.4961,0.5134,0.2451,0.5297,1.0676
2018_857_Australia,2018,857,Australia,Denmark,B,group_or_knockout,Hyundai,draw,1,1539,69.8,32.1,7.37,61.48,122.66,0.512,0.324,29.32,0.866,0.705,0.903,0.543,3.609,0.123,Low attention,Scalable,clear,10.4,64.2,253.79,94.1,0.064,0.2262,0.26,0.118,57.02,0.4669,0.5297,0.2655,0.5436,1.1644
2018_858_Peru,2018,858,Peru,France,B,group_or_knockout,Hisense,loss,0,1576,66.6,39.7,14.92,59.28,111.29,0.482,0.504,33.45,0.777,0.647,0.931,0.543,3.611,0.108,Mid attention,Scalable,cloudy,27.6,59.5,178.33,125.01,0.11,0.1871,0.32,0.131,65.2,0.4859,0.5311,0.2531,0.4965,1.0219
2018_859_Croatia,2018,859,Croatia,Argentina,B,group_or_knockout,Hisense,win,3,1671,75.1,52.8,21.52,63.68,172.31,0.507,0.732,28.53,0.731,0.792,0.927,0.718,4.114,0.144,High attention,Premium,clear,30.3,58.2,139.8,131.86,0.325,0.0939,4.85,0.249,62.34,0.5834,0.5403,0.328,0.7384,1.2655
2018_860_Costa_Rica,2018,860,Costa Rica,Brazil,B,group_or_knockout,Visa,loss,0,1585,73.1,26.3,15.16,61.48,148.81,0.538,0.54,31.23,0.76,0.677,0.885,0.561,4.177,0.134,Mid attention,Scalable,cloudy,26.9,57.1,173.16,70.14,0.13,0.2466,7.57,0.158,55.16,0.4497,0.551,0.325,0.6464,1.4375
2018_861_Iceland,2018,861,Iceland,Nigeria,B,group_or_knockout,Adidas,loss,0,1388,64.1,13.5,5.97,61.48,239.54,0.552,0.338,32.31,0.897,0.583,0.936,0.533,3.557,0.11,Mid attention,Scalable,clear,17.7,48.8,109.5,110.17,0.139,0.1049,1.61,0.117,48.16,0.5808,0.3438,0.2966,0.4488,0.7727
2018_862_Switzerland,2018,862,Switzerland,Serbia,B,group_or_knockout,Adidas,win,3,1632,72.7,48.1,17.05,63.68,197.54,0.537,0.625,31.4,0.904,0.774,0.888,0.741,3.307,0.105,Mid attention,Premium,rain,27.0,50.8,141.34,75.08,0.207,0.3859,3.53,0.174,63.11,0.5147,0.5283,0.4809,0.4983,0.9681
2018_863_Tunisia,2018,863,Tunisia,Belgium,B,group_or_knockout,Hyundai,loss,0,1519,66.6,27.6,11.21,72.48,223.1,0.69,0.536,28.75,0.839,0.649,0.867,0.613,4.065,0.141,Mid attention,Scalable,hot,28.2,81.7,255.24,142.81,0.132,0.4199,3.26,0.183,70.24,0.72,0.6881,0.4864,0.6085,0.8452
2018_864_Mexico,2018,864,Mexico,South Korea,B,group_or_knockout,Hyundai,win,3,1612,72.1,37.6,18.89,63.68,147.79,0.546,0.652,28.5,0.853,0.712,0.897,0.736,3.221,0.113,Mid attention,Premium,rain,32.4,56.3,179.83,109.94,0.196,0.1959,4.9,0.193,68.28,0.5308,0.6277,0.3208,0.4551,0.8575
2018_865_Sweden,2018,865,Sweden,Germany,B,group_or_knockout,Budweiser,loss,0,1654,74.4,39.2,19.34,63.68,175.91,0.543,0.676,26.29,0.687,0.705,0.91,0.588,4.194,0.16,High attention,Scalable,cloudy,17.7,45.4,240.93,81.66,0.184,0.3556,7.46,0.177,53.96,0.5084,0.6009,0.437,0.7129,1.4023
2018_866_Panama,2018,866,Panama,England,B,group_or_knockout,Qatar Airways,loss,0,1388,60.1,12.9,4.46,72.48,229.15,0.719,0.361,19.76,0.367,0.609,0.68,0.391,3.809,0.193,Mid attention,Scalable,cloudy,21.6,49.7,133.16,88.71,0.168,0.146,5.99,0.12,77.81,0.6408,0.6823,0.3292,0.5309,0.8285
2018_867_Senegal,2018,867,Senegal,Japan,B,group_or_knockout,Budweiser,draw,1,1638,72.8,30.1,9.94,65.88,230.07,0.586,0.465,31.49,0.771,0.754,0.934,0.577,3.838,0.122,Mid attention,Scalable,clear,27.5,75.6,186.27,96.08,0.433,0.1934,2.3,0.329,51.75,0.5922,0.4545,0.4779,0.6315,1.0664
2018_868_Colombia,2018,868,Colombia,Poland,B,group_or_knockout,Vivo,win,3,1650,74.7,50.9,8.73,63.68,177.25,0.552,0.397,18.25,0.396,0.764,0.653,0.485,3.775,0.207,Mid attention,Scalable,rain,23.3,68.8,169.86,123.6,0.247,0.2395,3.91,0.243,63.13,0.5744,0.5601,0.3908,0.6337,1.1033
2018_869_Uruguay,2018,869,Uruguay,Russia,B,group_or_knockout,Vivo,win,3,1684,74.8,44.8,20.58,63.68,246.17,0.592,0.739,19.75,0.443,0.797,0.741,0.638,4.257,0.216,High attention,Premium,cloudy,16.3,67.0,242.94,123.22,0.048,0.1321,4.12,0.033,58.77,0.6263,0.5929,0.2782,0.7969,1.2724
2018_870_Egypt,2018,870,Egypt,Saudi Arabia,B,group_or_knockout,Hyundai,loss,0,1408,63.5,15.1,8.15,63.68,182.38,0.565,0.384,30.54,0.862,0.597,0.912,0.541,3.645,0.119,Mid attention,Scalable,clear,25.5,53.9,226.35,60.08,0.193,0.0732,2.76,0.213,57.27,0.4799,0.5446,0.2627,0.4785,0.9971
2018_871_Morocco,2018,871,Morocco,Spain,B,group_or_knockout,Mengniu,draw,1,1552,69.2,34.3,12.67,65.88,235.06,0.633,0.539,19.44,0.366,0.668,0.598,0.476,3.995,0.206,Mid attention,Scalable,clear,26.5,67.2,232.39,85.18,0.077,0.2738,0.5,0.125,61.66,0.5791,0.5531,0.3754,0.5926,1.0232
2018_872_Portugal,2018,872,Portugal,Iran,B,group_or_knockout,Mengniu,draw,1,1702,76.8,47.1,14.4,61.48,153.17,0.495,0.522,17.76,0.359,0.8,0.643,0.443,3.439,0.194,Mid attention,Scalable,windy,23.5,47.7,271.53,89.13,0.201,0.2399,1.12,0.191,52.9,0.4824,0.524,0.3549,0.5688,1.1792
2018_873_Peru,2018,873,Peru,Australia,B,group_or_knockout,Hisense,win,3,1576,66.6,39.7,14.92,61.48,105.76,0.512,0.515,33.45,0.777,0.647,0.931,0.652,3.566,0.107,Mid attention,Premium,cloudy,24.3,53.8,168.46,102.13,0.019,0.2947,5.21,0.149,52.01,0.4664,0.4844,0.2788,0.4862,1.0424
2018_874_France,2018,874,France,Denmark,B,group_or_knockout,Qatar Airways,draw,1,1748,77.8,46.5,18.67,57.08,175.84,0.49,0.618,24.02,0.51,0.801,0.711,0.53,3.601,0.15,Mid attention,Scalable,cloudy,21.4,73.5,239.42,62.47,0.045,0.3031,5.43,0.18,61.07,0.4179,0.629,0.3415,0.5678,1.3587
2018_875_Argentina,2018,875,Argentina,Nigeria,B,group_or_knockout,Hyundai,win,3,1753,76.8,58.0,19.5,63.68,222.95,0.541,0.7,30.74,0.903,0.813,0.936,0.77,3.48,0.113,High attention,Premium,cloudy,31.9,72.0,147.35,85.07,0.191,0.2433,2.36,0.216,54.89,0.5495,0.4465,0.3982,0.5873,1.0688
2018_876_Croatia,2018,876,Croatia,Iceland,B,group_or_knockout,Hisense,win,3,1671,75.1,52.8,21.52,63.68,213.78,0.533,0.75,28.53,0.731,0.792,0.927,0.729,3.413,0.12,High attention,Premium,clear,17.6,42.3,146.01,130.63,0.256,0.4928,3.35,0.243,66.57,0.6131,0.559,0.5823,0.5664,0.9238
2018_877_Germany,2018,877,Germany,South Korea,B,group_or_knockout,Coca-Cola,loss,0,1798,81.3,65.9,22.15,61.48,197.73,0.551,0.746,29.19,0.759,0.859,0.907,0.641,3.169,0.109,High attention,Premium,cloudy,19.5,44.3,222.94,93.42,0.206,0.1245,5.31,0.126,63.7,0.523,0.6344,0.3116,0.5389,1.0304
2018_878_Sweden,2018,878,Sweden,Mexico,B,group_or_knockout,Budweiser,win,3,1654,74.4,39.2,19.34,63.68,165.05,0.549,0.671,26.29,0.687,0.705,0.91,0.687,3.809,0.145,High attention,Premium,clear,23.1,59.7,131.33,118.92,0.242,0.3295,-0.78,0.139,50.44,0.5579,0.3469,0.4388,0.616,1.1042
2018_879_Brazil,2018,879,Brazil,Serbia,B,group_or_knockout,Adidas,win,3,1829,78.8,57.4,18.61,61.48,140.17,0.511,0.627,33.15,0.938,0.809,0.916,0.75,3.175,0.096,Mid attention,Premium,cloudy,28.3,85.6,213.13,94.08,0.194,0.2734,1.86,0.216,67.45,0.4802,0.6051,0.365,0.4933,1.0272
2018_880_Costa_Rica,2018,880,Costa Rica,Switzerland,B,group_or_knockout,Visa,draw,1,1585,73.1,26.3,15.16,65.88,219.71,0.615,0.598,31.23,0.76,0.677,0.885,0.63,4.031,0.129,Mid attention,Premium,rain,14.0,27.4,202.99,99.11,0.173,0.2234,7.04,0.219,70.11,0.589,0.6966,0.3753,0.6105,1.0365
2018_881_Poland,2018,881,Poland,Japan,B,group_or_knockout,Coca-Cola,win,3,1685,72.7,42.5,15.85,59.28,190.89,0.529,0.563,28.97,0.734,0.749,0.899,0.659,3.758,0.13,Mid attention,Premium,clear,15.1,62.5,232.81,101.28,0.106,0.2959,3.43,0.118,63.23,0.5097,0.611,0.3737,0.6099,1.1964
2018_882_Colombia,2018,882,Colombia,Senegal,B,group_or_knockout,Vivo,win,3,1650,74.7,50.9,8.73,59.28,144.78,0.518,0.356,18.25,0.396,0.764,0.653,0.463,3.401,0.186,Mid attention,Scalable,rain,10.8,36.0,175.46,73.34,0.238,0.1897,0.43,0.187,63.51,0.4313,0.5159,0.3334,0.5308,1.2307
2018_883_Tunisia,2018,883,Tunisia,Panama,B,group_or_knockout,Hyundai,win,3,1519,66.6,27.6,11.21,63.68,248.27,0.579,0.493,28.75,0.839,0.649,0.867,0.677,2.91,0.101,Mid attention,Premium,clear,23.2,47.9,194.0,77.99,0.259,0.3648,3.05,0.203,63.03,0.5578,0.5682,0.5234,0.3245,0.5818
2018_884_Belgium,2018,884,Belgium,England,B,group_or_knockout,Visa,win,3,1674,71.5,40.4,23.19,59.28,132.3,0.452,0.731,26.85,0.713,0.72,0.914,0.702,3.552,0.132,High attention,Premium,rain,16.3,52.2,202.27,129.6,0.15,0.5033,4.95,0.167,67.44,0.509,0.6418,0.489,0.5585,1.0972
2018_885_Argentina,2018,885,Argentina,France,B,group_or_knockout,Hyundai,loss,0,1753,76.8,58.0,19.5,72.48,175.9,0.631,0.734,30.74,0.903,0.813,0.936,0.699,3.724,0.121,High attention,Premium,cloudy,20.7,51.3,184.5,147.11,0.145,0.2392,-2.55,0.198,61.21,0.6907,0.4596,0.3445,0.6467,0.9362
2018_886_Portugal,2018,886,Portugal,Uruguay,B,group_or_knockout,Mengniu,loss,0,1702,76.8,47.1,14.4,63.68,287.74,0.643,0.594,17.76,0.359,0.8,0.643,0.464,3.756,0.211,Mid attention,Scalable,cloudy,27.0,49.5,160.34,118.39,0.315,0.2336,3.17,0.243,51.33,0.6505,0.4405,0.4892,0.655,1.0069
2018_887_Spain,2018,887,Spain,Russia,B,group_or_knockout,Budweiser,draw,1,1708,77.4,45.2,19.26,61.48,224.06,0.603,0.681,27.85,0.714,0.724,0.933,0.643,4.197,0.151,High attention,Premium,cloudy,19.2,58.1,207.95,66.29,0.154,0.1325,2.02,0.145,63.54,0.501,0.5697,0.311,0.7224,1.442
2018_888_Denmark,2018,888,Denmark,Croatia,B,group_or_knockout,Coca-Cola,draw,1,1642,71.5,43.1,19.09,61.48,158.93,0.515,0.648,33.85,0.793,0.715,0.895,0.642,3.79,0.112,Mid attention,Premium,windy,24.4,49.4,183.35,57.75,0.164,0.2883,-0.65,0.269,54.46,0.4382,0.4302,0.3736,0.5681,1.2965
2018_889_Mexico,2018,889,Mexico,Brazil,B,group_or_knockout,Hyundai,loss,0,1612,72.1,37.6,18.89,61.48,190.41,0.478,0.657,28.5,0.853,0.712,0.897,0.626,4.15,0.146,Mid attention,Premium,cloudy,21.2,34.6,166.81,69.35,0.205,0.1395,2.97,0.125,61.42,0.4801,0.5287,0.3161,0.6847,1.4261
2018_890_Japan,2018,890,Japan,Belgium,B,group_or_knockout,Adidas,loss,0,1586,72.8,37.0,11.9,68.08,203.17,0.583,0.518,29.47,0.859,0.648,0.855,0.594,3.966,0.135,Mid attention,Scalable,rain,27.0,70.5,200.33,144.26,0.146,0.169,2.51,0.173,62.7,0.6666,0.5631,0.3174,0.5754,0.8632
2018_891_Switzerland,2018,891,Switzerland,Sweden,B,group_or_knockout,Adidas,loss,0,1632,72.7,48.1,17.05,59.28,78.53,0.426,0.546,31.4,0.904,0.774,0.888,0.592,3.691,0.118,Mid attention,Scalable,rain,25.9,70.0,265.31,116.26,0.074,0.2555,2.75,0.091,53.36,0.4474,0.5468,0.26,0.5923,1.3239
2018_892_England,2018,892,England,Colombia,B,group_or_knockout,McDonald's,draw,1,1695,76.6,52.6,19.34,61.48,136.31,0.496,0.645,20.29,0.432,0.819,0.654,0.515,3.369,0.166,Mid attention,Scalable,clear,18.8,71.5,165.33,97.14,0.194,0.2496,2.07,0.177,67.72,0.482,0.567,0.3471,0.5334,1.1067
2018_893_France,2018,893,France,Uruguay,B,group_or_knockout,Qatar Airways,win,3,1748,77.8,46.5,18.67,61.48,173.2,0.524,0.643,24.02,0.51,0.801,0.711,0.612,3.606,0.15,Mid attention,Scalable,clear,22.0,33.3,164.14,132.76,0.152,0.1681,0.66,0.161,51.1,0.5653,0.4041,0.2999,0.5688,1.0062
2018_894_Belgium,2018,894,Belgium,Brazil,B,group_or_knockout,Visa,win,3,1674,71.5,40.4,23.19,63.68,164.68,0.556,0.772,26.85,0.713,0.72,0.914,0.736,4.146,0.154,High attention,Premium,cloudy,29.3,62.8,124.84,69.45,0.34,0.4964,-0.26,0.303,54.0,0.4809,0.3789,0.5898,0.7065,1.4691
2018_895_England,2018,895,England,Sweden,B,group_or_knockout,McDonald's,win,3,1695,76.6,52.6,19.34,61.48,188.27,0.537,0.668,20.29,0.432,0.819,0.654,0.597,3.77,0.186,High attention,Scalable,clear,25.4,68.8,182.75,100.02,0.235,0.2326,1.35,0.19,62.74,0.526,0.5299,0.3882,0.6403,1.2173
2018_896_Croatia,2018,896,Croatia,Russia,B,group_or_knockout,Hisense,draw,1,1671,75.1,52.8,21.52,65.88,258.29,0.669,0.783,28.53,0.731,0.792,0.927,0.7,4.303,0.151,High attention,Premium,clear,14.6,41.5,233.24,74.98,0.097,0.2509,4.6,0.126,69.95,0.581,0.6859,0.3846,0.7855,1.3519
2018_897_Belgium,2018,897,Belgium,France,B,group_or_knockout,Visa,loss,0,1674,71.5,40.4,23.19,59.28,154.82,0.48,0.741,26.85,0.713,0.72,0.914,0.61,3.626,0.135,High attention,Scalable,clear,26.9,58.1,219.49,76.97,0.229,0.1961,3.29,0.183,64.0,0.4446,0.6033,0.3401,0.5773,1.2985
2018_898_England,2018,898,England,Croatia,B,group_or_knockout,McDonald's,loss,0,1695,76.6,52.6,19.34,63.68,135.33,0.512,0.658,20.29,0.432,0.819,0.654,0.489,3.75,0.185,Mid attention,Scalable,cloudy,16.5,56.1,196.55,135.14,0.187,0.1678,2.65,0.132,54.97,0.5604,0.4964,0.2905,0.635,1.1332
2018_899_England,2018,899,England,Belgium,B,group_or_knockout,McDonald's,loss,0,1695,76.6,52.6,19.34,61.48,192.42,0.561,0.669,20.29,0.432,0.819,0.654,0.502,3.849,0.19,High attention,Scalable,clear,31.5,87.5,234.55,124.73,0.287,0.2425,0.62,0.247,67.48,0.5675,0.6061,0.4203,0.6615,1.1656
2018_900_Croatia,2018,900,Croatia,France,B,group_or_knockout,Hisense,loss,0,1671,75.1,52.8,21.52,70.28,183.28,0.599,0.777,28.53,0.731,0.792,0.927,0.652,3.771,0.132,High attention,Premium,rain,29.1,88.8,253.48,72.55,0.104,0.2572,2.01,0.153,70.24,0.5606,0.6676,0.3428,0.6539,1.1665
2022_901_Ecuador,2022,901,Ecuador,Qatar,B,group_or_knockout,McDonald's,win,3,1623,71.6,42.9,13.81,62.94,172.17,0.562,0.524,16.55,0.347,0.689,0.657,0.518,2.984,0.18,Mid attention,Scalable,cloudy,24.7,31.4,249.74,77.06,0.175,0.2248,4.35,0.187,67.75,0.4916,0.6785,0.3461,0.3925,0.7984
2022_902_Netherlands,2022,902,Netherlands,Senegal,B,group_or_knockout,Hisense,win,3,1746,75.8,49.9,15.97,62.94,165.75,0.55,0.578,32.27,0.781,0.811,0.856,0.684,3.467,0.107,Mid attention,Premium,rain,23.9,96.0,241.84,105.29,0.146,0.349,3.86,0.169,50.65,0.5305,0.5193,0.4093,0.5446,1.0267
2022_903_Iran,2022,903,Iran,England,B,group_or_knockout,Visa,loss,0,1519,68.7,30.6,12.34,76.14,407.6,0.849,0.668,29.04,0.732,0.637,0.935,0.656,3.96,0.136,High attention,Premium,clear,21.7,43.4,338.68,74.6,0.162,0.1956,1.8,0.156,69.17,0.7885,0.733,0.4751,0.599,0.7598
2022_904_Wales,2022,904,Wales,United States,B,group_or_knockout,Coca-Cola,draw,1,1476,67.0,18.7,9.44,62.94,96.04,0.545,0.375,33.92,0.78,0.631,0.878,0.539,3.111,0.092,Mid attention,Scalable,cloudy,27.1,73.7,181.23,101.66,0.068,0.2212,-2.68,0.165,60.99,0.4717,0.4528,0.2466,0.3447,0.7307
2022_905_Saudi_Arabia,2022,905,Saudi Arabia,Argentina,B,group_or_knockout,Visa,win,3,1543,68.2,34.6,13.01,65.14,166.97,0.556,0.514,27.16,0.698,0.648,0.864,0.633,4.155,0.153,Mid attention,Premium,clear,20.8,73.5,140.44,108.12,0.214,0.1564,1.38,0.219,64.34,0.556,0.5054,0.3157,0.6409,1.1528
2022_906_Poland,2022,906,Poland,Mexico,B,group_or_knockout,Coca-Cola,draw,1,1685,72.7,42.5,15.85,58.54,167.11,0.555,0.548,28.97,0.734,0.749,0.899,0.591,3.797,0.131,Mid attention,Scalable,rain,24.4,42.1,207.61,74.83,0.198,0.2083,1.79,0.231,47.75,0.4438,0.4324,0.3423,0.619,1.3946
2022_907_Tunisia,2022,907,Tunisia,Denmark,B,group_or_knockout,Hyundai,draw,1,1519,66.6,27.6,11.21,58.54,134.42,0.471,0.412,28.75,0.839,0.649,0.867,0.56,3.592,0.125,Mid attention,Scalable,clear,28.2,65.9,213.76,74.99,0.285,0.3978,0.9,0.252,57.01,0.4192,0.5028,0.482,0.4927,1.1755
2022_908_Australia,2022,908,Australia,France,B,group_or_knockout,Hyundai,loss,0,1539,69.8,32.1,7.37,69.54,255.66,0.645,0.431,29.32,0.866,0.705,0.903,0.574,3.858,0.132,Mid attention,Scalable,windy,19.6,56.3,309.33,83.3,0.155,0.1306,1.93,0.202,70.9,0.6255,0.7228,0.3308,0.6053,0.9677
2022_909_Japan,2022,909,Japan,Germany,B,group_or_knockout,Adidas,win,3,1586,72.8,37.0,11.9,65.14,233.75,0.618,0.514,29.47,0.859,0.648,0.855,0.698,4.254,0.144,Mid attention,Premium,clear,19.3,66.9,269.58,137.86,0.115,0.0901,4.51,0.116,59.29,0.653,0.6275,0.2726,0.6449,0.9877
2022_910_Costa_Rica,2022,910,Costa Rica,Spain,B,group_or_knockout,Visa,loss,0,1585,73.1,26.3,15.16,73.94,208.49,0.669,0.643,31.23,0.76,0.677,0.885,0.623,4.03,0.129,Mid attention,Premium,cloudy,15.8,61.7,361.27,103.93,0.235,0.3541,2.72,0.204,71.0,0.662,0.7829,0.4799,0.6103,0.9219
2022_911_Croatia,2022,911,Croatia,Morocco,B,group_or_knockout,Hisense,draw,1,1671,75.1,52.8,21.52,58.54,155.08,0.47,0.693,28.53,0.731,0.792,0.927,0.63,3.136,0.11,High attention,Premium,clear,16.6,77.1,205.34,97.23,0.077,0.0501,4.88,0.153,51.83,0.4694,0.5115,0.1785,0.4977,1.0604
2022_912_Canada,2022,912,Canada,Belgium,B,group_or_knockout,Hisense,loss,0,1404,62.1,14.1,8.35,60.74,168.22,0.535,0.365,28.16,0.697,0.646,0.897,0.472,3.921,0.139,Mid attention,Scalable,cloudy,12.0,59.2,193.22,78.48,0.265,0.5461,-0.37,0.275,66.41,0.4706,0.5445,0.5911,0.5867,1.2468
2022_913_Cameroon,2022,913,Cameroon,Switzerland,B,group_or_knockout,Coca-Cola,loss,0,1542,68.0,29.1,10.52,60.74,168.56,0.54,0.422,31.97,0.771,0.693,0.92,0.52,3.908,0.122,Mid attention,Scalable,cloudy,27.4,55.3,129.07,110.15,0.264,0.2848,2.16,0.207,60.48,0.5199,0.4742,0.4219,0.6004,1.1548
2022_914_Serbia,2022,914,Serbia,Brazil,B,group_or_knockout,Vivo,loss,0,1559,68.8,36.3,15.31,62.94,175.96,0.537,0.565,23.55,0.481,0.729,0.727,0.475,4.149,0.176,Mid attention,Scalable,clear,33.9,75.5,204.22,64.95,0.282,0.1295,-1.27,0.173,61.58,0.4757,0.5,0.3343,0.6714,1.4113
2022_915_South_Korea,2022,915,South Korea,Uruguay,B,group_or_knockout,McDonald's,draw,1,1548,70.3,20.2,12.83,58.54,158.71,0.52,0.465,25.44,0.51,0.67,0.723,0.477,3.639,0.143,Mid attention,Scalable,clear,31.6,67.3,153.18,58.14,0.194,0.2555,1.9,0.176,65.56,0.4116,0.5351,0.3655,0.4852,1.1788
2022_916_Ghana,2022,916,Ghana,Portugal,B,group_or_knockout,Mengniu,loss,0,1600,68.9,36.1,8.97,69.54,213.28,0.684,0.455,23.07,0.435,0.715,0.668,0.444,3.534,0.153,Mid attention,Scalable,clear,13.2,69.7,220.25,129.87,0.108,0.3661,0.6,0.131,70.89,0.6654,0.6216,0.4345,0.4862,0.7306
2022_917_Senegal,2022,917,Senegal,Qatar,B,group_or_knockout,Budweiser,win,3,1638,72.8,30.1,9.94,67.34,237.62,0.683,0.477,31.49,0.771,0.754,0.934,0.666,3.098,0.098,Mid attention,Premium,clear,27.3,47.4,205.08,124.22,0.167,0.1776,5.49,0.225,59.31,0.655,0.5837,0.3547,0.4518,0.6897
2022_918_Ecuador,2022,918,Ecuador,Netherlands,B,group_or_knockout,McDonald's,draw,1,1623,71.6,42.9,13.81,62.94,127.45,0.537,0.504,16.55,0.347,0.689,0.657,0.44,3.768,0.228,Mid attention,Scalable,windy,31.5,41.3,212.75,78.33,0.194,0.4221,3.66,0.227,63.63,0.4595,0.5996,0.4528,0.6136,1.3354
2022_919_Iran,2022,919,Iran,Wales,B,group_or_knockout,Visa,win,3,1519,68.7,30.6,12.34,62.94,134.02,0.564,0.468,29.04,0.732,0.637,0.935,0.628,3.113,0.107,Mid attention,Premium,clear,20.3,48.9,184.54,85.7,0.1,0.2795,4.93,0.116,70.88,0.4759,0.6544,0.3233,0.3912,0.822
2022_920_United_States,2022,920,United States,England,B,group_or_knockout,Vivo,draw,1,1578,71.9,31.0,12.75,58.54,102.53,0.405,0.439,22.58,0.432,0.676,0.652,0.42,3.488,0.154,Mid attention,Scalable,clear,23.6,48.1,222.17,125.54,0.29,0.1978,1.9,0.183,46.16,0.4732,0.4338,0.3341,0.4469,0.9443
2022_921_Saudi_Arabia,2022,921,Saudi Arabia,Poland,B,group_or_knockout,Visa,loss,0,1543,68.2,34.6,13.01,62.94,229.24,0.58,0.528,27.16,0.698,0.648,0.864,0.542,3.833,0.141,Mid attention,Scalable,windy,11.0,70.6,95.72,65.18,0.214,0.2797,0.66,0.167,63.29,0.5166,0.4449,0.4361,0.5606,1.0851
2022_922_Mexico,2022,922,Mexico,Argentina,B,group_or_knockout,Hyundai,loss,0,1612,72.1,37.6,18.89,62.94,192.92,0.541,0.667,28.5,0.853,0.712,0.897,0.641,4.15,0.146,High attention,Premium,clear,24.6,73.6,198.28,71.63,0.067,0.2603,0.59,0.106,52.65,0.499,0.4472,0.3347,0.6847,1.3722
2022_923_Australia,2022,923,Australia,Tunisia,B,group_or_knockout,Hyundai,win,3,1539,69.8,32.1,7.37,60.74,199.95,0.548,0.353,29.32,0.866,0.705,0.903,0.627,3.67,0.125,Mid attention,Premium,clear,16.6,55.5,246.47,88.62,0.344,0.111,3.36,0.23,65.23,0.5104,0.6393,0.3655,0.5585,1.0941
2022_924_Denmark,2022,924,Denmark,France,B,group_or_knockout,Coca-Cola,loss,0,1642,71.5,43.1,19.09,65.14,124.75,0.53,0.656,33.85,0.793,0.715,0.895,0.614,3.691,0.109,Mid attention,Scalable,rain,24.2,80.9,312.33,82.51,0.166,0.1283,6.6,0.198,65.83,0.4842,0.7532,0.2487,0.5443,1.1242
2022_925_Costa_Rica,2022,925,Costa Rica,Japan,B,group_or_knockout,Visa,win,3,1585,73.1,26.3,15.16,60.74,286.11,0.596,0.595,31.23,0.76,0.677,0.885,0.692,3.898,0.125,Mid attention,Premium,hot,13.6,79.9,219.11,105.91,0.047,0.1771,3.67,0.074,67.87,0.6029,0.6414,0.3329,0.5787,0.9599
2022_926_Germany,2022,926,Germany,Spain,B,group_or_knockout,Coca-Cola,draw,1,1798,81.3,65.9,22.15,62.94,151.67,0.59,0.735,29.19,0.759,0.859,0.907,0.677,3.837,0.131,High attention,Premium,rain,26.3,61.9,288.13,113.15,0.073,0.1053,2.01,0.196,64.26,0.5319,0.6486,0.2102,0.7016,1.319
2022_927_Morocco,2022,927,Morocco,Belgium,B,group_or_knockout,Mengniu,win,3,1552,69.2,34.3,12.67,62.94,188.53,0.557,0.501,19.44,0.366,0.668,0.598,0.515,3.892,0.2,Mid attention,Scalable,cloudy,29.1,44.8,197.24,99.72,0.305,0.2266,2.4,0.196,49.48,0.5392,0.4468,0.4155,0.5639,1.0459
2022_928_Canada,2022,928,Canada,Croatia,B,group_or_knockout,Hisense,loss,0,1404,62.1,14.1,8.35,69.54,252.43,0.689,0.455,28.16,0.697,0.646,0.897,0.534,3.986,0.142,Mid attention,Scalable,windy,18.3,83.2,209.06,117.84,0.339,0.2192,2.73,0.194,67.02,0.6766,0.6109,0.4675,0.6037,0.8922
2022_929_Serbia,2022,929,Serbia,Cameroon,B,group_or_knockout,Vivo,draw,1,1559,68.8,36.3,15.31,71.74,155.51,0.633,0.61,23.55,0.481,0.729,0.727,0.543,3.43,0.146,Mid attention,Scalable,clear,16.2,57.0,246.02,104.99,0.257,0.1805,7.06,0.265,79.3,0.6031,0.8138,0.3429,0.4876,0.8085
2022_930_Switzerland,2022,930,Switzerland,Brazil,B,group_or_knockout,Adidas,loss,0,1632,72.7,48.1,17.05,60.74,148.95,0.514,0.586,31.4,0.904,0.774,0.888,0.622,4.147,0.132,Mid attention,Premium,windy,10.1,60.0,182.33,114.71,0.288,0.2444,5.39,0.272,52.46,0.512,0.5036,0.3936,0.702,1.3709
2022_931_Ghana,2022,931,Ghana,South Korea,B,group_or_knockout,Mengniu,win,3,1600,68.9,36.1,8.97,69.54,208.94,0.65,0.453,23.07,0.435,0.715,0.668,0.537,3.318,0.144,Mid attention,Scalable,hot,21.4,52.6,171.8,66.39,0.278,0.3566,3.35,0.225,56.32,0.5637,0.4958,0.5009,0.431,0.7645
2022_932_Uruguay,2022,932,Uruguay,Portugal,B,group_or_knockout,Vivo,loss,0,1684,74.8,44.8,20.58,62.94,400.32,0.713,0.802,19.75,0.443,0.797,0.741,0.583,3.635,0.184,High attention,Scalable,windy,19.5,43.8,166.23,82.25,0.212,0.2914,3.03,0.209,65.4,0.6734,0.5627,0.5544,0.6297,0.9351
2022_933_Senegal,2022,933,Senegal,Ecuador,B,group_or_knockout,Budweiser,win,3,1638,72.8,30.1,9.94,65.14,202.52,0.628,0.449,31.49,0.771,0.754,0.934,0.646,3.458,0.11,Mid attention,Premium,clear,13.7,34.5,148.19,116.58,0.189,0.2835,3.43,0.198,62.59,0.5962,0.5286,0.41,0.5397,0.9052
2022_934_Netherlands,2022,934,Netherlands,Qatar,B,group_or_knockout,Hisense,win,3,1746,75.8,49.9,15.97,62.94,282.02,0.668,0.629,32.27,0.781,0.811,0.856,0.725,3.068,0.095,Mid attention,Premium,clear,25.7,68.1,215.78,83.62,0.21,0.456,3.84,0.215,50.17,0.5854,0.4912,0.5827,0.449,0.7669
2022_935_England,2022,935,England,Wales,B,group_or_knockout,McDonald's,win,3,1695,76.6,52.6,19.34,65.14,260.9,0.643,0.722,20.29,0.432,0.819,0.654,0.637,3.181,0.157,High attention,Premium,rain,20.3,45.5,196.25,65.28,0.23,0.3737,1.93,0.164,57.37,0.5611,0.5055,0.5246,0.4838,0.8621
2022_936_United_States,2022,936,United States,Iran,B,group_or_knockout,Vivo,win,3,1578,71.9,31.0,12.75,60.74,192.41,0.556,0.491,22.58,0.432,0.676,0.652,0.534,3.492,0.155,Mid attention,Scalable,cloudy,16.5,96.0,166.76,81.91,0.082,0.0553,1.03,0.024,54.52,0.4943,0.441,0.2085,0.449,0.9084
2022_937_Argentina,2022,937,Argentina,Poland,B,group_or_knockout,Hyundai,win,3,1753,76.8,58.0,19.5,62.94,136.35,0.496,0.658,30.74,0.903,0.813,0.936,0.746,3.684,0.12,Mid attention,Premium,cloudy,19.7,40.6,164.11,114.86,0.229,0.1961,4.97,0.163,64.23,0.5229,0.5802,0.328,0.6373,1.2189
2022_938_Mexico,2022,938,Mexico,Saudi Arabia,B,group_or_knockout,Hyundai,win,3,1612,72.1,37.6,18.89,65.14,250.45,0.625,0.705,28.5,0.853,0.712,0.897,0.771,3.665,0.129,High attention,Premium,windy,29.4,37.9,222.03,68.96,0.302,0.1499,2.85,0.286,61.87,0.5589,0.5809,0.405,0.5652,1.0112
2022_939_Denmark,2022,939,Denmark,Australia,B,group_or_knockout,Coca-Cola,loss,0,1642,71.5,43.1,19.09,60.74,114.11,0.515,0.624,33.85,0.793,0.715,0.895,0.599,3.53,0.104,Mid attention,Scalable,cloudy,26.6,66.2,221.79,111.88,0.136,0.1047,4.79,0.209,58.03,0.4811,0.5775,0.2132,0.5055,1.0507
2022_940_France,2022,940,France,Tunisia,B,group_or_knockout,Qatar Airways,loss,0,1748,77.8,46.5,18.67,60.74,271.74,0.616,0.682,24.02,0.51,0.801,0.711,0.543,3.724,0.155,High attention,Scalable,clear,22.2,82.5,137.55,115.9,0.125,0.2561,6.26,0.143,65.01,0.6074,0.5821,0.4091,0.5991,0.9863
2022_941_Spain,2022,941,Spain,Japan,B,group_or_knockout,Budweiser,loss,0,1708,77.4,45.2,19.26,65.14,196.87,0.598,0.692,27.85,0.714,0.724,0.933,0.613,3.796,0.136,High attention,Scalable,clear,26.7,59.0,141.83,112.42,0.204,0.2708,3.89,0.155,57.34,0.5854,0.4853,0.4048,0.6223,1.063
2022_942_Germany,2022,942,Germany,Costa Rica,B,group_or_knockout,Coca-Cola,win,3,1798,81.3,65.9,22.15,71.74,97.61,0.626,0.765,29.19,0.759,0.859,0.907,0.762,3.47,0.119,High attention,Premium,clear,16.0,67.2,273.6,87.34,0.091,0.2007,3.55,0.141,73.33,0.5317,0.7353,0.2446,0.6123,1.1517
2022_943_Belgium,2022,943,Belgium,Croatia,B,group_or_knockout,Visa,draw,1,1674,71.5,40.4,23.19,58.54,152.07,0.502,0.735,26.85,0.713,0.72,0.914,0.645,3.793,0.141,High attention,Premium,clear,23.2,28.5,124.7,113.97,0.025,0.2928,9.52,0.126,53.41,0.493,0.5216,0.3104,0.6186,1.2548
2022_944_Morocco,2022,944,Morocco,Canada,B,group_or_knockout,Mengniu,win,3,1552,69.2,34.3,12.67,65.14,223.55,0.643,0.53,19.44,0.366,0.668,0.598,0.541,3.344,0.172,Mid attention,Scalable,clear,23.9,47.2,224.4,76.79,0.271,0.1696,3.23,0.231,60.62,0.5505,0.5783,0.3864,0.4169,0.7572
2022_945_Switzerland,2022,945,Switzerland,Serbia,B,group_or_knockout,Adidas,win,3,1632,72.7,48.1,17.05,69.54,185.96,0.643,0.656,31.4,0.904,0.774,0.888,0.772,3.308,0.105,Mid attention,Premium,rain,20.2,40.8,312.98,144.47,0.111,0.1706,0.51,0.046,68.16,0.6673,0.6815,0.2917,0.4985,0.747
2022_946_Brazil,2022,946,Brazil,Cameroon,B,group_or_knockout,Adidas,loss,0,1829,78.8,57.4,18.61,60.74,212.05,0.543,0.654,33.15,0.938,0.809,0.916,0.665,3.32,0.1,Mid attention,Premium,rain,25.6,27.7,273.53,110.46,0.158,0.3523,2.21,0.29,62.59,0.5535,0.6242,0.447,0.5275,0.9531
2022_947_Uruguay,2022,947,Uruguay,Ghana,B,group_or_knockout,Vivo,win,3,1684,74.8,44.8,20.58,62.94,141.77,0.541,0.689,19.75,0.443,0.797,0.741,0.61,3.041,0.154,High attention,Scalable,cloudy,18.3,59.9,227.39,61.12,0.095,0.2225,6.06,0.176,70.51,0.4437,0.7074,0.2893,0.4708,1.0611
2022_948_Portugal,2022,948,Portugal,South Korea,B,group_or_knockout,Mengniu,loss,0,1702,76.8,47.1,14.4,65.14,129.14,0.476,0.534,17.76,0.359,0.8,0.643,0.411,3.138,0.177,Mid attention,Scalable,clear,26.1,22.1,233.63,126.31,0.284,0.1836,0.08,0.209,57.12,0.5554,0.5095,0.3396,0.4859,0.8749
2022_949_United_States,2022,949,United States,Netherlands,B,group_or_knockout,Vivo,loss,0,1578,71.9,31.0,12.75,67.34,188.62,0.622,0.53,22.58,0.432,0.676,0.652,0.46,3.825,0.169,Mid attention,Scalable,rain,26.3,36.8,355.22,104.94,0.242,0.1033,1.22,0.164,55.04,0.5878,0.6197,0.3079,0.5343,0.9089
2022_950_Australia,2022,950,Australia,Argentina,B,group_or_knockout,Hyundai,loss,0,1539,69.8,32.1,7.37,65.14,187.8,0.515,0.374,29.32,0.866,0.705,0.903,0.529,4.22,0.144,Mid attention,Scalable,rain,5.5,49.4,109.17,96.96,0.132,0.1993,5.12,0.185,60.86,0.5546,0.504,0.3207,0.6936,1.2507
2022_951_Poland,2022,951,Poland,France,B,group_or_knockout,Coca-Cola,loss,0,1685,72.7,42.5,15.85,67.34,174.55,0.555,0.606,28.97,0.734,0.749,0.899,0.58,3.734,0.129,Mid attention,Scalable,hot,30.1,44.7,180.13,97.42,0.038,0.1682,2.23,0.122,65.78,0.5654,0.5665,0.2503,0.6037,1.0677
2022_952_Senegal,2022,952,Senegal,England,B,group_or_knockout,Budweiser,loss,0,1638,72.8,30.1,9.94,65.14,262.48,0.648,0.475,31.49,0.771,0.754,0.934,0.559,3.748,0.119,Mid attention,Scalable,cloudy,4.7,64.3,241.93,110.0,0.122,0.5839,2.57,0.187,56.16,0.6317,0.5465,0.6137,0.6095,0.965
2022_953_Croatia,2022,953,Croatia,Japan,B,group_or_knockout,Hisense,draw,1,1671,75.1,52.8,21.52,62.94,141.76,0.545,0.714,28.53,0.731,0.792,0.927,0.651,3.747,0.131,High attention,Premium,rain,19.3,62.9,173.79,115.93,0.213,0.1996,5.05,0.203,69.27,0.5287,0.6328,0.3267,0.6477,1.2252
2022_954_South_Korea,2022,954,South Korea,Brazil,B,group_or_knockout,McDonald's,loss,0,1548,70.3,20.2,12.83,69.54,216.93,0.623,0.558,25.44,0.51,0.67,0.723,0.497,4.274,0.168,Mid attention,Scalable,cloudy,29.2,72.3,284.82,143.58,0.175,0.1258,1.29,0.157,74.24,0.6895,0.7191,0.3113,0.6454,0.9361
2022_955_Spain,2022,955,Spain,Morocco,B,group_or_knockout,Budweiser,draw,1,1708,77.4,45.2,19.26,58.54,170.5,0.481,0.64,27.85,0.714,0.724,0.933,0.606,3.106,0.112,Mid attention,Scalable,cloudy,21.1,70.0,174.14,73.46,0.167,0.2516,-0.28,0.185,56.06,0.4443,0.4409,0.3587,0.4525,1.0185
2022_956_Switzerland,2022,956,Switzerland,Portugal,B,group_or_knockout,Adidas,loss,0,1632,72.7,48.1,17.05,73.94,136.64,0.689,0.661,31.4,0.904,0.774,0.888,0.683,3.508,0.112,High attention,Premium,hot,14.2,76.3,229.57,127.18,0.177,0.5619,-0.12,0.232,69.65,0.6434,0.6087,0.5417,0.5477,0.8514
2022_957_Brazil,2022,957,Brazil,Croatia,B,group_or_knockout,Adidas,draw,1,1829,78.8,57.4,18.61,62.94,124.32,0.507,0.63,33.15,0.938,0.809,0.916,0.683,3.718,0.112,Mid attention,Premium,clear,16.4,58.0,176.53,112.8,0.232,0.334,4.02,0.221,50.02,0.5105,0.457,0.4107,0.623,1.2202
2022_958_Argentina,2022,958,Argentina,Netherlands,B,group_or_knockout,Hyundai,draw,1,1753,76.8,58.0,19.5,67.34,193.08,0.676,0.71,30.74,0.903,0.813,0.936,0.732,3.811,0.124,High attention,Premium,clear,29.2,62.9,177.53,119.68,0.152,0.2002,3.34,0.169,65.54,0.614,0.5789,0.3336,0.668,1.0879
2022_959_Portugal,2022,959,Portugal,Morocco,B,group_or_knockout,Mengniu,loss,0,1702,76.8,47.1,14.4,60.74,302.28,0.612,0.582,17.76,0.359,0.8,0.643,0.454,3.27,0.184,Mid attention,Scalable,clear,11.5,66.2,159.15,93.59,0.201,0.2485,1.35,0.236,60.4,0.5961,0.4886,0.4578,0.5216,0.8751
2022_960_France,2022,960,France,England,B,group_or_knockout,Qatar Airways,win,3,1748,77.8,46.5,18.67,65.14,218.93,0.618,0.686,24.02,0.51,0.801,0.711,0.645,3.629,0.151,High attention,Premium,cloudy,29.8,60.3,209.42,91.74,0.058,0.3381,0.37,0.073,71.72,0.5702,0.6153,0.398,0.5747,1.008
2022_961_Croatia,2022,961,Croatia,Argentina,B,group_or_knockout,Hisense,loss,0,1671,75.1,52.8,21.52,65.14,114.82,0.583,0.716,28.53,0.731,0.792,0.927,0.625,4.048,0.142,High attention,Premium,cloudy,22.7,51.6,161.24,123.19,0.412,0.3341,2.23,0.26,62.56,0.5396,0.5221,0.4843,0.7225,1.3389
2022_962_Morocco,2022,962,Morocco,France,B,group_or_knockout,Mengniu,loss,0,1552,69.2,34.3,12.67,62.94,75.28,0.492,0.452,19.44,0.366,0.668,0.598,0.384,3.649,0.188,Mid attention,Scalable,rain,15.8,52.7,239.96,81.19,0.128,0.2431,5.14,0.153,52.66,0.4242,0.5539,0.2738,0.4993,1.177
2022_963_Morocco,2022,963,Morocco,Croatia,B,group_or_knockout,Mengniu,loss,0,1552,69.2,34.3,12.67,65.14,228.56,0.585,0.532,19.44,0.366,0.668,0.598,0.432,3.885,0.2,Mid attention,Scalable,cloudy,19.5,44.9,230.41,76.24,0.177,0.1789,1.04,0.142,55.03,0.5535,0.5034,0.3541,0.5625,1.0163
2022_964_France,2022,964,France,Argentina,B,group_or_knockout,Qatar Airways,draw,1,1748,77.8,46.5,18.67,71.74,199.56,0.665,0.718,24.02,0.51,0.801,0.711,0.599,4.185,0.174,High attention,Scalable,clear,16.9,64.7,283.7,115.47,0.213,0.3257,1.41,0.185,60.09,0.6529,0.6002,0.446,0.7165,1.0975
